CSD_code,y,pred
QIWWAY,3.4923093,2.5376434
IWAGOE,2.2389529,2.1316261
YIYGUM,2.294464,1.9391861
WALKED,4.7347813,3.24935
FATZEJ,2.941823,2.5765738
ARUXET,2.8253582,2.7309997
LORHEI,4.3687882,2.3477097
MICLOD,0.59511304,2.5015032
EWUHUC,3.4544854,2.9934962
TEXDOT,3.4256413,2.8803804
QEWPOB,3.960073,2.6864343
VUDZEC,3.3440073,2.3036308
REKTOS,4.798184,3.0385978
AZUKEO,3.044682,2.5967484
HODYUY,3.2441416,2.7534456
DOTLED,4.7070255,3.159115
LACMUB,3.5015612,3.2908978
SINHIK,0.3453125,3.8478675
ISOZUO,3.8680985,3.2909133
EPAHEL,3.2035966,2.979541
QEWPUH,3.9513655,2.6872418
RIDWAG,4.5973635,2.5573006
VACGUF,3.6656458,3.1936755
KEXROY,3.6893198,1.4163319
LAKZUW,2.8264468,1.9080924
YUCLAM,4.394911,2.496177
TIMNIM,4.896689,3.075117
RIDVEJ,5.8441896,2.6699944
TIFQAE,3.835717,2.4648752
ZEZFIX,1.8890145,1.290937
YIMXEB,3.4041445,2.300604
VAQHOO,3.0264504,2.8003917
ITUDIN,2.860461,2.22671
OFACAD,3.8136759,3.261567
AZUKIS,3.0648184,2.4259467
WALLEE,4.4468846,2.9869413
OJEPOL,2.9755652,2.2067728
DIWCIZ,2.6920223,2.493727
JUQSIA,3.7763963,2.2457223
DEKQER,4.210962,2.9989734
FAMVOI,3.8852417,3.4282012
DIVBAM,3.9832027,2.99469
OFABIK,3.9037454,2.7829294
COGKES,3.6648295,2.6453419
HIGCUZ,6.8458405,4.2064543
XUVDIE,3.4958467,2.66819
KAVRUY,2.8324332,2.5856757
VITXOP,3.2087667,2.133233
VEZTAZ,3.4599278,2.414014
BASPOE,1.875953,1.4029936
LARWIO,4.5957313,3.1848812
XIKNEO,3.6569383,2.3101287
NOYPAV,3.0903971,2.2910786
GEMSIE,3.0868597,2.7719035
XIQVAY,2.4408615,1.7001523
SAKROP,2.3165052,0.7568226
MOWJIU,4.505117,2.7122185
KIFZOO,3.2038686,2.0087438
NODBAJ,3.6770747,2.826738
QEWPIV,4.278174,2.8174047
CUDXUX,5.0248547,3.2691286
AKIPOC,2.635967,2.3032856
HIRWUE,2.635967,2.5572002
GAZWUD,3.535031,2.8298953
XURYAN,2.7023628,2.0175838
WALMEF,4.4414425,2.6417902
NIGGAP,3.938576,2.4767592
LOHCAO,4.969343,2.8995194
EVIGUO,3.8514996,2.1539042
KEYXIZ,1.5341779,1.6907392
KINQEH,3.2014196,2.1414175
VIPKAK,3.9489164,2.462978
OROVEZ,4.4419866,2.374322
MICRUP,6.9938703,4.026398
KEDQUJ,2.8027728,2.5302787
ABUPET,4.5521927,3.0938797
ZULBIU,0.34476826,0.9886435
MICROJ,5.0651274,3.6405563
CUNWIU,3.6906803,2.4477613
YIYHEX,1.5322732,1.947829
EWAJAQ,3.4003348,2.2926352
QEWNUF,4.507022,2.9109612
XILPUH,5.2158785,2.1429958
BORBOC,4.155995,2.8662937
ROGFEC,3.9486442,2.2119346
FAYPEE,3.9516375,3.0193465
BOCCAA,3.9453788,2.4928153
AJUSOQ,2.4484806,2.708199
ALAWUI,3.5314937,2.49369
NAPKAS,2.879781,2.237329
YIMWOK,2.769847,2.4244986
QEWPER,2.089018,2.328542
BUZTEY,4.2890587,2.6366014
WEHWAK,3.4784315,2.6273046
EPAGIO,3.22591,2.877022
VOSLUN,2.368207,1.5559242
KOQYEX,5.510306,4.136614
FAYPUU,4.091232,3.2293143
AJURAB,3.4147568,2.5975842
XUVDOK,4.112457,2.982794
HAKZAY,4.7236247,3.2219996
VITMEU,3.9295962,2.983739
XIQTIE,3.291217,2.3819597
XUVDEA,3.917079,2.928854
VAQHII,3.9110925,2.7554297
XAPXEV,4.8014493,2.7050827
OMOGIJ,2.795698,2.7229388
LUVSIH,2.8525696,2.5885959
MUXDIV,3.757076,2.8129344
POCJIE,2.1042564,2.3103867
MICSAW,5.077645,3.3316338
CUNVIT,3.675986,2.6927102
KAVKOL,1.1393408,2.0851345
AJANEF,3.6904082,3.8266065
OWOFEO,2.9195096,2.6044357
MIXLOY,4.796823,2.9332218
VAQHEE,3.9116368,2.7412095
UWUMUX,3.094751,2.609951
CEZLAW,3.6104066,2.8705432
POCGOH,2.0253434,2.422695
OMOGEF,3.1178806,2.7218902
DACTEK,5.08091,3.5399165
YUNCES,4.4542317,3.5926738
XURYIV,2.8482158,1.9952734
JAHXOJ,4.196812,3.5509694
XUVCUP,3.9592566,2.8787396
POCHOI,1.9121441,2.3255048
TETLEN,3.629999,2.6605918
HIRXEP,2.9954295,2.6237667
QIRSET,3.5233302,2.7678635
SAKREF,2.4563718,1.5086344
LEJHEQ,3.3987021,2.0513718
HODYAE,3.2520328,2.7854373
MOWJAM,3.9992573,2.8417494
CIJTAU,3.041961,2.4459562
ROJLUY,4.8670287,2.940469
IRUBOP,4.9211793,3.7027345
XILPOB,3.2972038,2.3673189
NAKMIZ,3.063458,2.2505298
BUZTAU,4.3717813,2.679752
PIYNOB,4.464028,3.4628775
LOFPII,2.2348711,1.0415182
EVIGAU,3.9442904,3.1878583
MOZGEQ,2.9908035,1.5511222
FAMVUO,3.8131316,3.5896933
EKANIQ,3.2792442,2.8936718
KINRAE,2.8903935,1.672132
QIXJOA,3.415029,2.4356759
XUVDAW,3.7987096,2.8635936
XILQAO,7.2374125,4.0672336
KIFXUS,3.2041407,1.9122375
AJUSAC,4.7666187,2.932541
TUDFIK,3.6863265,2.7762427
CAZRAA,3.1840043,2.8072934
CUNVUF,3.5064592,2.3306365
SAKSEG,2.63379,1.4182137
POCGUN,1.7407124,2.321722
MINQAB,4.5423965,3.312282
QEWPAN,3.9402087,2.6920817
ZIGKUY,3.6740813,2.8330047
FAYSEH,4.6566844,3.1178474
UCEYOU,3.2359781,2.7128124
PITRAM,2.898557,2.4770877
XAKVEO,3.7921789,2.8998168
GOTWIX,3.5314937,2.7856753
IHEJOV,3.3516264,2.654823
XAVLUF,4.9222674,3.127814
KUXZUB,3.01611,1.7017335
FUJNEG,2.8661754,2.4071314
DOKCEL,3.6319036,3.1078494
GINTUW,2.1657543,2.62297
MISNIL,3.785648,2.9874344
TOSPEZ,3.0365186,2.7878413
MASROO,3.31217,2.909843
QANXIO,2.7064445,2.1918087
TUXYUJ,2.3222196,3.4380562
CAFLOO,2.4310653,2.3782043
ANOKAS,2.863454,2.8395004
RIGREI,4.4003534,3.1756258
YEVKAP,3.721429,2.8402882
WIXBOY,3.0950232,2.7543154
JIFPOG,3.5445552,3.0376387
JAKHUZ,2.8669918,2.567977
SORMUH,1.7336375,0.8058069
HILJOB,3.1679497,2.629962
XOYQEK,2.9494421,2.680246
AGIVIW,3.130942,2.7546449
BUHVAD,4.124702,2.9072053
TEQSAL,4.5916495,3.114638
EPUWAQ,3.4884996,2.98759
OFEBEI,2.8544743,2.9319549
ZUTJIH,2.9644084,2.8592708
KAZCIB,3.6419718,3.1273143
LINWUE,3.4305394,2.656755
FAZXOT,3.2131205,2.53068
IRUYOM,3.761974,3.0938249
QIQWOG,3.7562597,2.8877783
KORBUR,3.1105335,2.7408488
QUNPIB,3.7889135,3.1114285
BEKHUY,2.485488,2.5752525
YOZDEW,3.7034698,3.1245394
BEKJOU,2.514604,2.5773144
KUYTOQ,3.9853797,2.8341172
JESDUK,3.185637,2.749835
ICEYAQ,3.2416925,2.726215
ANOKEW,2.7268531,2.5964315
KALLES,2.782092,2.695417
SOWPIE,3.2789721,2.8736277
GUZVAB,3.304823,2.942373
KURCUY,4.7802243,3.2799113
QIRFIK,2.8212764,2.3651142
HEXLAB,3.5388408,3.0293458
HIVFOL,2.2686133,2.3826203
KALKUH,2.9494421,2.7679298
IYOHIN,2.1518764,2.1133773
SERSOX,3.3105373,2.2808268
SIZCIR,3.6553056,2.8630345
JOFJIZ,3.7410214,2.9257896
ZAMWUJ,4.824851,2.929057
TEBWIH,2.8038611,2.7619922
BUNVAI,3.9230657,3.0090334
NAWLAB,3.5415618,3.0347788
MAZMAC,2.7693028,2.6948104
RUDREQ,3.431628,2.9418716
IRUYUS,1.6405745,2.7716556
WEKYOB,4.9217234,3.2430613
JUSPIZ,3.8030634,2.8964694
HILJUH,5.7339835,3.7598734
QIGREH,3.67517,2.5083392
KAJTEY,2.8882165,2.7630286
GINTOQ,2.363581,2.677154
SIZBIQ,4.526342,3.3849494
FULJUR,3.6985717,3.015462
HUVNEU,3.4003348,2.520153
DEXTEJ,2.6248102,2.4894814
IDUTEK,3.2474067,2.953754
LIRDAR,3.2547538,2.4130187
QEVWIY,2.9842727,2.261557
JAGBOM,3.6071413,3.1595979
XEMNUA,2.674607,2.5751908
KANJUE,2.3175938,2.2938025
JIDCIM,3.3437352,3.1108222
CIGBOK,3.7894576,2.922969
RUDGEF,2.69556,2.5084586
NITQAM,3.1995149,2.7346783
QIHBIW,2.4408615,2.7263107
TUVMIH,1.7393517,3.23174
TIKREL,3.1407382,2.460288
JIDCEI,3.69966,3.1057167
MACXOH,3.0694444,2.7671208
XATYUN,5.717112,4.300703
WIFVEP,3.2588356,2.5168056
CEPDEG,1.218798,2.0662744
CAFLUU,2.0952768,1.9451432
RERFUT,3.231352,2.7955194
TUZPIP,2.755697,2.3061576
SEQLIN,3.0269947,2.5608642
XIQDOS,4.139668,2.591598
XIWHER,3.2169302,2.4962676
WUBKEL,3.2460463,2.4715433
JEMYUW,2.7777383,2.6288342
USAPAI,3.3804705,2.3639328
HUNFAX,2.917605,2.3083904
FOYHOS,3.455574,2.861709
TOKGEI,2.8446784,2.3967948
BIJMIR,2.0566366,2.641459
AROQUW,3.5597935,2.8083353
FOFZOP,2.7018185,2.907609
WUWKEG,3.9973526,2.6107864
OFUWES,3.5831954,2.8186128
JOFJOF,3.943746,2.995657
BERGEL,3.3176122,2.8313437
GOGLOD,3.843064,2.7078743
MECHUZ,2.8803253,3.0334566
COJTEE,2.8346102,2.0473547
EKIKAL,3.6471422,2.509375
GIYHEB,1.3094119,2.2484689
NORSEV,3.941025,3.031471
OWEWIY,3.6852381,3.1702929
PUTTEG,3.240604,2.648166
GINVIM,2.8601887,2.63444
HONQOR,3.7554433,2.9982967
PARGOF,3.5170717,2.8689861
BUTZRA,3.9391203,3.1206331
QERSOV,5.3513913,3.5701249
TAMCIV,2.7978747,2.4897983
GINTAC,1.7088751,2.7816224
ORUKOE,2.8185554,2.7187405
XEFWUE,3.2582915,2.2787423
VOYHOJ,2.6610014,2.7175524
ZIXZAH,3.6621084,3.3786721
DIQYAH,2.8514812,2.33849
JUSQAS,3.6144884,2.589349
ATANIU,3.6076856,3.1808136
PEFWOM,3.2299914,2.827329
COJTII,2.6199124,2.4530966
XELPUD,2.9105299,2.9263694
QIXBOO,2.678961,2.7718236
SAYLUD,3.6335363,3.0003946
TIZLOE,2.3975952,2.2634585
YUTHOK,2.7682142,2.3736343
XILZOH,4.2509627,3.2363803
NULSES,4.5823975,2.953009
MAGFOT,3.8680985,2.408529
MOMHEC,4.813422,3.4465098
IDIZEA,2.4574604,2.084288
QEQHUP,2.9325712,2.6786199
QIQVIZ,1.9320084,2.7366643
BAHPEJ,3.1752965,2.9414864
LIRVIR,2.903455,2.6318717
YAGWAH,2.798147,2.6060913
GINBIR,3.4974794,2.7196696
HIXTAL,3.472445,2.8265114
KIFTAY,2.4961004,2.8337157
UVIXUU,2.8482158,2.2113292
AMEDUS,3.035158,2.6029243
JIDBUX,3.792723,2.8896894
IFEXUN,3.9225214,2.8823516
ADUFIS,3.988645,2.7519443
POTNOE,3.2947547,2.4918184
FAGBIC,3.6985717,2.8988383
SIRYAT,2.877604,2.6906648
SOBTIM,3.4694517,2.8857946
CAFLAA,2.5195022,2.420138
QUWMON,3.8708198,2.7650368
ARORAD,3.6982994,2.8707995
XECTUU,2.6672602,2.8433788
PUSCIP,2.9031827,2.0651443
DOCVOK,4.502396,2.9360573
FAGBOI,0.90396225,2.587379
DEDFIC,2.8841348,2.513754
QOFLOQ,3.551358,2.5457597
TADLET,3.9919105,2.980405
SOFDAS,4.2125945,2.9663553
WOJYAV,2.511339,2.7313032
KALLIW,2.9374692,2.7800894
UROSUQ,2.9946132,2.7087674
RABNOY,3.4166617,2.7687836
IFIMOB,3.5840118,2.5641143
WOMQOF,2.695832,2.826464
HOGDIU,2.9864497,2.8253157
XEXQEX,4.008509,2.8766353
HEWKON,3.0536618,2.91662
HEYRIQ,2.841413,2.58738
WAVSEV,2.932299,2.727258
ANOJOF,2.9293058,2.82124
SINZOF,2.8669918,2.5464215
BEKJIO,2.5377338,2.5894308
TAVNOU,3.8278258,3.2167222
LUTJES,3.1872697,2.7770374
AGEFIF,3.0123005,2.7105315
XAVMAM,5.0890737,3.3111703
HIYMEL,3.510269,3.5869842
KEXVAO,3.1271324,2.729484
LUCDAQ,1.6732281,2.453405
PATNII,3.5219698,2.8715887
GOTWAP,3.5023775,2.7868934
YUWDUP,3.6504076,2.8631704
YUHRUR,2.3965068,2.479639
QEPJAA,2.8591003,2.7497706
MEKRIH,3.6267335,2.8331695
ZIDGAU,3.7905462,3.113258
QIFYEN,3.4876833,2.9452589
AWAMET,3.1216903,2.5808725
EHATEP,5.9497695,3.8675177
GANCEG,4.3881083,3.173099
LIRXUF,2.370928,2.352588
PUXBAL,3.006858,2.8196304
AWAMAP,2.8936589,2.33226
ANOJIZ,2.798419,2.5989306
LIRDOF,2.7671258,2.3982995
PIPNEJ,5.6001034,3.4902039
XUKZAE,3.2446856,2.7443056
NILGEW,2.961143,2.1459227
EJIHUD,2.9320269,2.5640626
XEVVON,1.6871059,2.2995381
JOZJUD,3.876262,2.8652751
AGEDEZ,3.2174742,2.809517
GUZNOG,3.3162518,2.4811654
FIFQIV,3.2874076,2.514534
TUXZEU,2.559503,2.801455
LELQUS,3.039512,2.1798987
UDUZEB,3.329313,2.468472
JIZNAL,3.1295815,2.5827181
FIMKOF,4.0487823,2.855936
PAXMUW,3.7826548,2.8838682
JEFLAH,3.6762583,2.9967046
QUHDON,2.9140673,2.1807308
USANUA,3.3918993,2.265903
NEFQOH,2.7891672,2.3231776
KIDDOU,3.8017027,3.193245
SEQXOB,3.6308153,2.7131617
XELQIS,3.4789758,3.0494332
OBOVIL,5.321459,3.511187
VOYHID,2.9135232,2.7921772
VIDZAN,2.6373277,2.406266
CACRAD,2.7018185,2.9446785
UKIKOR,2.9747488,2.668037
JIDBOR,3.5010169,2.961739
CAHLAY,1.3336301,2.0079637
VORQIF,2.7143357,2.6353805
SIZCAJ,3.697211,2.6766722
ALIXUO,3.0025043,2.9693625
SOWDAK,3.916535,2.4715724
GEBMUZ,3.4972074,2.9107525
BAKGUP,3.1965215,2.463382
WIZGIV,4.4267483,2.861813
ANOHOD,3.5720387,2.5696573
XIJFUR,0.38803437,2.389051
HERPAZ,4.4749126,2.7408242
MAGFEJ,3.2659106,2.2547338
XUZVAR,3.3603342,2.810324
GAFPEM,4.5584517,3.748849
WOFLEI,3.2340732,2.8664336
EJEPER,4.944037,3.2876453
HIVFUR,1.8158158,2.4981012
VETHAD,3.3929877,3.271968
TAMCOB,2.303716,2.3352075
HUSVUO,3.2729855,2.7659118
ZAZZOR,4.057762,3.0866666
CAFLII,2.7488942,2.4983225
JESZUG,3.0103958,2.750746
KIFTUS,3.8085055,2.5431886
OWEFII,4.2955894,3.4871979
ACUPOH,3.8947656,2.6892538
RASLIH,2.232422,2.916893
SUYZIV,4.3530054,2.9593775
RIZSAW,1.5902334,2.203641
PUTTII,4.0215707,2.9393725
JIQYUH,4.7135563,3.3696496
XILYAS,2.4476643,2.8280568
WUCROD,3.9135416,2.4619353
TISJAJ,4.065925,2.9700518
TUZPOV,2.7061725,2.3215525
BAJHOK,3.658843,2.738163
LUDXUG,3.0199196,2.9775069
SAVLAC,4.419129,3.0316372
HEDGOQ,3.1567929,2.7433121
VIDYOA,2.905904,2.4106717
DEJLAH,4.11028,2.6082485
CADDER,3.4414241,3.0245843
SORMOB,1.5276473,0.9509294
BIKYUR,2.6027691,2.3794787
HOGDEQ,2.9981506,2.852958
KOBTAA,4.7092023,3.3488467
GALHEK,3.2729855,2.79403
ANOHET,3.245502,2.7451594
IQIWIO,3.1752965,2.5709128
TUHCEE,3.1886303,3.0884206
MAZJIH,5.372344,3.550034
UHOPIT,2.9818237,2.7884972
YEBVIK,3.0076745,2.885197
POTNUK,2.6860359,2.5928252
LIYKAF,3.3064556,2.932359
ASEKIV,3.6735373,3.1694162
BACXUY,3.2629173,3.004519
MOWFUZ,3.1739361,2.641605
QANWIN,2.9502585,2.4353034
BEKJAG,2.4577324,2.5927196
WIWKOF,2.0185406,2.5150044
AGEFUR,3.0482194,2.823568
KIBHIQ,3.044682,2.809612
FUJNAC,2.4933794,2.528972
WALMAX,2.440045,2.6296015
SICRUV,2.8618214,2.3844943
JEZMAC,3.6640131,2.5839603
NEMSAD,3.4182944,2.889411
YEHFAT,3.8414314,3.2345576
LOSRAP,2.9788303,2.6161218
DIPPOK,1.1007006,2.0342603
QOBLID,3.5788414,3.2159638
DUNYOD,3.6629248,2.50106
GINSUV,1.6411186,2.7190945
SEBHIS,4.162254,3.2011318
NIYTAR,3.3159795,2.368371
ANIYUU,3.3187006,2.669649
WAYNES,3.486595,2.6773822
WAVSIZ,2.858284,2.7085948
EPUWEU,3.2090387,2.651396
AGEFAX,3.0482194,2.7655573
ROCLOM,3.6607478,3.2088406
XUVGAW,2.568755,2.7515507
FOJMEX,3.6338086,2.8893185
COGTAX,3.7124493,2.8393555
QEPHUS,2.8503928,2.7121465
ANOHUJ,3.4036002,3.0472267
CAFKUT,2.4343307,2.5993192
CUXBEF,3.620747,2.8641458
RAYDUQ,3.5788414,3.0366137
HIXTEP,3.4974794,2.9446971
BOWYOD,3.7742193,2.759898
TADKIW,3.9339502,2.885083
XELQOY,3.2041407,2.76132
CAXYAC,3.5407455,2.8457742
DOCVIE,4.5007634,2.68252
KEXVOC,3.139922,2.787183
BEKJUA,2.554877,2.5038395
YUHROL,2.576646,2.339949
PUTTIK,2.43297,2.5656576
KORBIF,3.5644195,2.8431687
POZNEX,3.0691721,2.9128458
DOCVEA,4.377496,3.0421154
EKIKEP,4.782945,2.4745548
YERVIE,3.2566588,2.8085356
DOGGIR,2.3736491,2.6843262
PIJKUP,3.1110778,2.3328137
PUTTOQ,2.0699701,2.4670787
VIFZIX,3.8490505,2.7932997
LELQOM,2.5937893,2.1855938
YEZNUQ,2.7420914,2.4564624
NONREN,3.1023703,2.6987343
YEWHIS,3.028083,2.6125698
PARGUL,3.4193828,2.926945
KAJLOX,2.1181343,2.2065563
HOVTEU,2.8898492,2.6856835
HEPHAP,3.2351618,2.7436118
GOBVEC,2.4043982,2.7394662
IKUKAA,4.244432,2.8800507
XALRIL,4.603078,3.3838553
DEDFEY,2.7165127,2.3438537
LOQYEV,3.5842838,2.9969962
ACUQAU,3.4275463,2.5599124
RERHEF,2.942367,2.8043172
PATHAX,4.8164153,2.898676
ORUMEW,2.8958356,2.7409468
SIVFIN,3.2607405,2.3998039
JUSPOF,3.8098662,2.7712998
EPUVIX,3.4033282,2.5144038
SIGTEI,3.3056393,2.961573
OSOYUT,3.1113498,2.877867
GINVOS,2.8422294,2.610357
UHOPEP,3.1777456,2.6995094
LOLLEE,3.064002,2.8565335
KIFTEC,2.8737946,2.8806663
KAJSUN,2.6139257,2.8237042
JIQZOC,5.219416,3.6192212
YUVPEK,3.6261892,2.768264
TEBQIA,3.3491774,2.2698689
YEZNOK,2.4365075,2.345256
WUFBIL,3.4898603,2.9651964
UROWOQ,2.5420878,2.4203434
RUYZOD,3.6863265,2.6134923
ANAXOE,3.3412862,2.1919112
NULNEN,2.8065825,3.4288893
PUXBES,3.0155659,2.496184
TUJZIH,0.44191292,3.5548725
BEWLAU,2.9807353,2.6115503
BUYWAW,3.0737982,2.353364
NARHOD,2.4961004,2.9671977
PIRWIA,3.6577544,3.0072522
DIJBUX,2.6615458,2.8982856
PUXDAQ,2.8857675,2.5595698
XOBZUN,3.1029143,2.6352978
QUXPIJ,4.13858,3.4624777
XOTNID,2.207932,3.165285
COFKUF,3.4833295,3.4481235
IDALUY,3.0672674,3.1906788
PUXDIY,3.188086,2.6487052
BACGAR,3.8019748,2.7039974
MIMXIT,3.6414278,2.650975
PUXCOD,3.596529,2.913448
VOHMUE,2.9388297,2.931487
NEGGOZ,3.2011476,2.0901036
OVONIZ,3.1010096,3.1576781
BACGOF,3.1181529,3.2096782
EHILEM,2.067249,2.6559224
PUXCIX,3.4789758,2.8478055
WEHMOP,4.290419,2.8538978
NEGGIT,3.4825132,2.1244874
ZEHYOA,1.7929583,2.4817076
PUWZOZ,2.597599,2.562885
YOSNIG,1.9562266,2.896025
HIVSAG,3.147813,3.602954
NEGGUF,3.3812869,3.2016952
FAVSIG,2.2931035,2.6260276
DIJCOS,2.6400487,2.5887036
PIRXAT,3.2991085,2.9374182
BACGUL,3.2386992,3.2458746
BEWKUN,2.6898456,2.611448
XORQUT,2.5913403,2.537459
WASHON,1.4419314,2.3711507
FUQNUB,2.9597826,4.278671
DEQKOZ,2.2052107,3.1793363
XOBZEX,3.300469,2.6958401
IDALEI,2.7706633,2.6574023
IDALIM,2.3271177,2.8276267
PUXCAP,2.1589513,2.3933814
ZOGYID,2.4035819,3.256094
BACGEV,3.3518987,2.8736637
XEBLEV,3.2027802,3.5128117
BACFIY,3.8479621,2.6913261
IDALOS,2.6370554,2.9075766
BACFOE,3.8441525,2.6904614
PUXDEU,3.5622425,2.3152695
NOWRIA,2.2457557,3.075689
WIGCUO,2.2359595,2.46699
PUXCUJ,3.5573444,2.519345
XUDYUT,3.2631896,2.9724708
XOCBAW,3.059104,2.4721382
NEDKAK,2.0808547,3.173531
LOPJOP,2.2335105,3.4250898
UPUFAP,3.1225066,3.4392557
UYAXOK,1.9896966,3.4158654
PIXWOM,2.0462964,2.3015234
CILXOO,2.7448125,2.865877
ZORKUO,3.2490394,3.723619
OKINUU,2.5565097,3.5472097
UMALEC,2.210653,3.0886915
YEWJUF,3.1750245,2.9425886
DAMRIW,4.508927,3.660814
TEQTAO,1.9698323,2.4147663
VOXXOY,3.470268,3.1630893
WAHHIA,4.335862,4.2995577
ZEMBUS,3.1004653,3.019867
DIGVAQ,2.7347443,3.8843415
VOXYAL,3.4852343,3.2472098
ZOSBEO,3.5067313,2.9508915
PIHROR,2.796242,4.1498365
HAXHAT,2.841685,2.885574
TEGKOJ,3.8417034,4.2430844
SEVDED,3.2735298,2.9421396
YEDYAH,2.5842655,2.751536
LUGDOJ,2.9978783,2.7923539
IMUJOP,1.9842542,2.603948
OXPCXM,3.2378829,2.420416
JUSGIP,3.539385,2.7821033
IFUWUF,3.9657874,2.8865387
JASPOM,2.0903788,2.5054932
BIWRAD,1.7937746,1.8772595
CUVDUV,2.999239,3.1683536
UMAKOL,1.887926,2.98346
PIDVIL,1.6707791,1.8128384
VOYCAQ,3.3538034,3.2678618
PACPIW,1.9635736,2.2699494
VILPAL,2.4669843,2.2247345
QUHTOF,2.609844,2.1566343
XASTIY,3.0642743,2.9570189
YILXEA,2.3581388,3.2782407
UHUPIZ,2.6784167,2.690989
GODLIW,2.8133852,3.2269328
ILUMOS,3.4615605,4.128633
XASTUK,3.008763,2.9620464
LIMZEN,2.8384197,3.7606544
DUXBON,3.0008717,4.2522016
QUHBON,3.6746256,3.1917477
RASJEE,2.9214144,2.8244984
VOYDAR,3.5312216,3.6507869
TOSSOM,2.1521485,2.9850998
DAGHAV,4.0183053,4.555517
JUQWAW,2.8860397,2.4556866
PIXWAY,2.124665,2.4973671
ITOYOI,1.98371,2.6393523
YAXREY,2.442494,2.7249818
MEVWET,2.9094415,3.2937596
REXJEL,3.317068,2.6802227
RECTUS,2.17936,3.5233603
WIZMIF,2.77665,3.1939998
YOTBER,2.5875306,3.0841873
DOSWAJ,3.575304,3.0313487
IDINUI,3.453125,2.82005
VUDWOH,3.250672,3.7681978
YUDREU,3.7714982,3.4031382
FAMVEY,2.6022248,3.3052912
RIWPAR,4.363618,4.6747794
BAQJOW,2.893931,2.7281113
UHUNUJ,2.649845,2.7367194
FEHYAW,3.202508,3.1367626
IXASEH,2.7826364,2.8674862
MULSUK,2.6079392,3.3177252
DUFHUK,2.958694,2.8911896
VILPOZ,3.1867254,2.6946669
EPOXIR,1.6223428,2.3799388
ULIPEN,4.3725977,3.1418667
XELCUM,4.0463333,3.0189052
BUKHOF,3.044954,3.605372
GAHNEM,2.1545975,2.6382635
KUVMEW,2.1965032,2.425493
KURDUY,2.4857602,2.8858483
ZAHTOV,1.7736381,2.1677766
BACHEW,1.835408,2.5587296
CERMOF,2.8427734,3.6289475
KEYKEI,4.4849806,3.1878211
YOTBUH,2.064528,2.6728253
ZIKPAO,2.793521,3.8013287
YORMIB,3.0629137,2.9587188
WIZMUR,3.415301,3.264192
TICXAH,3.535031,2.841484
RUDNIQ,3.6191144,3.5058527
CAQZUT,2.7695749,2.797968
PIXVAX,2.1140525,2.4640446
PIXVUR,2.0849364,2.4361026
SUTTIN,2.87706,3.2046342
FAWJEW,1.9434372,2.760413
QUJYAY,2.8914819,3.2378504
GORCIZ,3.408226,4.3327646
ABILED,3.7072792,2.902207
QIMLAD,1.3918624,2.2268472
WUYCUR,3.3489053,2.9679947
JEDLEN,2.769847,3.5072303
IYABES,3.123867,3.1937878
MULTIZ,2.3243966,3.5719223
ALEKUA,3.7695932,2.928415
XASSIX,2.5105226,2.701844
TIYSUS,3.0433214,3.6393545
DAJYEU,2.5845375,2.7958016
KOVWUQ,1.8343196,1.5395783
ALEKOU,3.1176085,2.9451773
YASZOL,4.381305,3.0323381
VILPUF,2.4223576,2.8438778
FEFGUW,4.3010316,3.7299228
KOXVAW,1.0024675,2.1890185
RASHIG,1.9782678,2.6950376
XEJGIG,2.2623546,2.362075
DUFWAC,4.4972258,3.032732
OBUNAE,3.4621046,2.9251046
KOVXAX,1.8340474,1.5400087
TEPGON,2.4082077,3.068324
OKEXIN,3.0748866,2.8933425
JIBYIG,2.5682106,2.7467074
FOZSAR,3.2893124,2.7376728
LUGDUP,2.9189653,2.720618
PIXVEB,2.146434,2.3489158
VOXYOZ,3.7361233,3.7423494
WAJWIN,2.88223,3.8685656
RASGEB,3.2797885,3.3086767
GUNNAH,3.881432,4.073094
XUCQAP,3.1244113,2.886461
BEFYOE,4.16307,3.2672749
COPTAD,2.1548698,2.7502007
IFUJEC,3.3080883,2.7429476
COLPOK,2.8291678,2.6839695
CARBAC,3.0114841,2.7982774
ERUVUL,3.6572104,3.0596097
DOBLOZ,3.4411519,3.5293193
FOZRUK,2.827263,2.6838527
XEDJIZ,4.013952,4.1110864
MUPLER,2.7012744,2.6287062
DIZBIB,5.8011956,3.4641993
PIXWIG,1.8144553,2.4133918
QOXXOT,2.7320232,3.3512616
AHONUH,3.9301405,3.8138862
MUJJAF,3.1290374,3.685666
CUVDIJ,2.9497142,3.105694
IXECOF,2.7546086,2.8238518
VILZOJ,3.0283551,2.857298
GORHAZ,2.7069888,2.6531863
CAHTAG,0.37252387,4.356962
BAPVEX,3.4425125,3.045559
XUDTAT,3.080057,2.874184
NACPOZ,2.5494347,2.798834
CUVDOP,3.037335,3.1589956
KUYKAT,2.5948777,3.2076435
UMALAY,2.8060381,3.2044814
GOZPOC,3.1010096,2.868497
ILESUQ,1.7809852,2.7029321
TOSWIK,2.122216,3.102274
DIKCEF,2.8049498,2.1495466
GAHMUB,3.1146152,2.872139
NAJZEH,2.9173326,2.8735812
SEHBUG,3.2060456,2.7114725
XOQPOL,4.55954,3.0737364
RICDIU,1.7061539,2.035177
ERANUJ,1.8767693,2.2232327
NEJKUI,4.28797,3.934066
JASPIG,2.2348711,2.725083
CUVFAD,2.6242661,2.96607
JAFTOZ,3.1418266,4.131566
HAYLIC,3.6259172,3.1789765
NIJRUW,3.0316205,4.043674
NIXDOR,3.2027802,3.560432
ANIYAY,2.9437277,2.8319223
VUWJIJ,3.26972,2.8757489
EMOFOD,2.9630477,2.9216285
AXELOH,4.1119127,3.2524023
EKABEA,3.4278183,2.9225936
ZUZCAB,2.5018148,3.585011
OZUSAG,2.2936478,2.6597245
ENOQAC,1.7749988,2.1500425
WUYHIK,3.14482,2.6113596
BAPTUL,1.9902408,2.5423098
CIXGAV,3.2816932,2.9259398
TEHSAE,1.7483315,2.4337182
IROQIS,2.8484879,2.8391004
PIHRUX,2.7965143,4.0480833
RICFES,1.9047971,1.9811544
QOFTOY,2.8063102,2.6615574
JUVDEM,2.7010021,3.3677661
JUGWIU,2.9219587,2.9169953
UTAFON,3.689592,4.098345
BUWZOL,1.6111861,2.0638685
ZISHUI,1.8027543,2.8412294
ENOPUV,2.108338,2.24327
CURROY,4.3023925,3.407062
RUDPAK,3.517888,4.036522
WUYHAC,3.14999,2.6827927
LIZCAC,3.7704096,3.0776293
YUPWIS,3.2248213,3.039103
UVAQOY,3.1635957,2.8720143
FAWJIA,1.6452004,2.5502386
RECVEE,2.5559654,2.9177008
NORHIO,3.2789721,2.7024386
AFOLAM,1.8226186,2.905417
OZAKUY,3.4218318,3.8641129
EJUJAX,3.2346175,2.8140094
DIBYUL,2.9450884,2.8402293
WAPXUH,3.142371,2.6458588
MAKBAD,4.566887,3.0534592
XUYZUM,3.2781558,4.29024
ATEDIN,2.765221,2.9743927
EGAZAQ,3.0770636,2.7415454
LUGDID,2.4381402,2.7144823
AVUTET,1.6100978,2.061644
VOXZUG,3.6055086,3.8058338
WAFXEK,3.505643,4.2593374
PEWSUF,2.287117,2.5266418
IBOZIL,3.201964,2.8391354
AGICEZ,3.1551602,3.3879387
ABZTMO,1.8022101,1.5790815
LUHHII,1.9681996,2.93221
AJUNEB,3.047403,2.7043962
AWAPEW,2.5962384,3.2465582
IVESAE,2.0707865,3.2796428
LUGWUI,0.5115741,3.3031642
SUTPAB,4.4637556,4.6816397
BIWXOY,3.0914855,2.8950088
KIQSOS,3.838166,4.1887817
WOXLOK,3.9769442,2.7951238
IXUZUZ,2.5439925,2.8757374
CISDAM,3.3189728,2.9153569
LUGHUT,3.8653774,4.0025153
LIJLID,3.6819727,2.9548292
DIGKOT,2.905904,2.795621
RUQHOD,2.9831843,2.774678
CEZPAC,1.7717334,2.398156
KOVWEA,3.0435936,2.8436778
EZELAZ,2.6395044,4.004153
VILZUP,3.3831916,3.0409331
QOXXIN,2.7031791,3.3232703
LINLON,3.1986985,3.8511763
MUJGIK,3.0552945,3.7382236
QIMKUW,2.7252204,2.989304
PIDVEH,2.934748,3.112315
RUDNUC,3.3165238,3.8250372
IPUXAV,2.2585452,2.8519218
GORGUS,2.739098,2.8152733
NAPCIU,4.0449724,4.37648
IMUJUY,1.2628804,1.1690495
EFOSOI,2.1355495,2.825065
JUJYIW,2.2484767,3.6392968
ZEYHES,3.3167958,3.35761
BAZNOJ,2.673791,3.863009
OVIXEZ,2.9265845,2.0597172
HEBVEP,4.40117,4.590247
WIDRUA,2.4490247,3.031432
OVOXUV,3.0152936,2.84976
DIWDET,2.8876724,2.4984303
WUJREY,2.8316169,2.9828773
EKABIE,3.291217,2.8799396
JIBYAY,2.1333728,2.3917964
BAXFIT,1.9301037,2.4722083
JUTPAP,0.13714539,3.5514185
PIXTUP,2.1848023,2.4209301
ERANOD,1.6481937,2.1316087
BEFYUK,1.1986616,2.7711017
LARSEF,3.0509405,2.8281193
KEBCUT,4.20035,3.1023479
VOXXUE,3.8136759,3.5064325
NORPIW,3.4833295,2.8747258
QOZQII,3.5004728,3.904436
SILVAM,3.0267224,3.5105414
YAZSIB,4.0019784,3.9781103
QIWYAY,3.4610162,2.9847343
ANULED,3.1562488,2.6796308
USAYIX,2.9148836,2.8277023
QUCPOW,1.7502364,2.9529445
QIWYEC,3.69966,2.836135
KEXTEQ,3.006858,2.6786132
UHIFUP,2.385078,3.0620823
NACNIO,2.4672563,2.6531935
QOCDUL,3.4585671,3.8111167
FADVEP,3.7671442,4.0361648
XESWID,3.0305321,4.1534433
ANULON,3.120874,2.6809905
ASEWED,1.696902,2.2826385
OZUSEK,2.3758261,2.4822214
HEYZIY,3.781022,3.9980671
GANRAS,4.055585,3.7157562
ASIMEX,3.9080992,4.266886
FEFHAD,3.307272,2.7193193
RICFAO,1.6408466,2.2917225
RUQHIX,3.0079467,2.9078376
KUPTEV,3.7799337,3.3985243
GOZPIW,3.1132548,2.8550076
AWAPAS,2.8830464,2.9538078
XIHNUB,3.3325784,2.3501143
AWANEU,3.1780179,2.9053018
UZEZEG,2.487665,2.8388274
NARPOP,1.6288736,2.585648
LEHZIH,2.6903899,1.9122144
WEPCUT,4.0923204,3.7850323
ZUZBOO,3.8280978,4.6716895
NARPUV,1.6179891,2.794388
JUWHUH,2.354329,2.955994
MIZJOY,2.3404512,3.4229321
QOZQEE,2.9962456,3.7975667
XUZBAV,3.3608782,3.910039
RASKIJ,2.5102503,2.8615508
GAHNIQ,2.5478022,2.9921918
XOHVIB,2.9785583,2.8351853
AFOKUF,1.7573113,3.0596094
KUVMAS,1.9940504,2.450681
PIHRIL,3.19761,4.1004105
PECPAO,2.6302526,2.7789576
VOXZAM,3.8068728,3.7393014
SILVEQ,1.7211202,3.3684292
XUCCOQ,1.8881981,2.802704
KOVVUP,3.0531175,2.8247712
ZUZQEQ,3.3660486,2.7868552
TUCYIC,3.2542098,2.858321
HUJMUU,3.1129825,2.9272883
WITMOF,2.8874002,3.5058744
GOTVAO,2.342084,2.9209368
ZANTAN,2.8335216,2.973866
KUJSIU,2.5151484,2.784342
LEKCEL,3.7227898,2.2117503
KUVLUL,2.504536,2.769025
LIZBUV,3.7383003,2.940845
QOSSID,2.559775,2.2339811
KOVXEB,1.8351359,1.5396703
LETQOQ,3.7693212,3.1442814
ZISCAJ,2.9600546,3.6652899
MULSOE,2.7347443,3.2570949
YEXXUY,3.424553,3.2293935
LINMAA,3.212304,3.8248174
WOTQAX,3.4993842,3.1112893
QOXNID,2.838964,3.185151
TEHYEM,3.0174706,2.3371758
CIYBAN,2.7034512,2.9043305
MUJGUW,5.802556,3.4654708
MULTAR,2.9518912,3.3848224
TEQSUH,1.9170421,2.171367
MAKMUH,2.673791,2.7332838
MUJHIL,3.1491737,3.6994743
XASSAP,2.5252166,2.923951
COZQUG,4.301576,4.252478
ATESUQ,3.5045545,3.9099112
BALYUM,2.6531103,2.858522
EJIMAM,4.0142236,4.411211
QUNHOZ,3.7217014,3.9769557
QIMVUH,2.9668574,3.3205042
OGAZEB,3.9347665,3.7970824
DIKCIJ,2.635695,2.3219934
SUWTAI,1.6566292,2.8344533
QUVBIV,2.9192376,2.9692965
EMEGOS,4.155451,4.7013307
XIGZAS,3.592175,2.673402
ENOQIK,2.0729635,2.1767101
INASEW,3.0109398,2.6623812
KAHBUR,2.3725607,2.7462926
LAZDUO,2.6242661,2.0959387
PIXXIH,2.1638494,2.4020503
VUXLUY,3.350538,2.8232574
CIFHOS,3.496391,3.9917257
ANULIH,3.1151595,2.676666
GOSGED,2.9317548,2.8771234
RASJII,2.5614078,2.8241115
ZEMCON,2.2805862,2.95237
SIHRUW,0.56381994,0.8937267
IFUWOZ,2.8190997,2.7873192
HIJFIT,4.137491,4.482662
XINTAT,3.0797846,3.4833624
VOGJIL,3.23108,2.5750709
KUYKEX,4.074905,4.2321877
MASCBM,2.2661643,4.2654066
CNETPC,4.3513727,4.2792835
VOYBIX,3.5499976,3.782077
FAWHOE,1.7989447,2.7086012
BAMYAT,2.8025007,2.8970528
JUTTEA,1.8696944,2.4526691
PUYBOA,1.3521338,2.4967687
DEQFUE,3.24523,3.4067328
IKAKEN,2.0389493,2.8725932
ELUNUU,3.735035,3.111616
VIVFEP,2.803589,2.8569477
AFOKOZ,1.8563608,3.124307
ZIDLOR,1.572546,2.2398782
CEYJAV,0.76844954,2.9767199
FATQAW,2.7918882,2.896115
ACUZUU,3.9908218,2.8289452
EJUJEB,3.1973379,2.8340726
VOXZEQ,3.4308116,2.9706879
FUTWID,6.3797097,2.9353452
ILERUP,2.1393592,2.7438827
ZOCBOI,3.1657727,3.5447166
YEDPOP,3.2593799,2.8920877
HISZOA,3.044682,2.8481023
WAJSOT,1.7464268,3.7082508
LUHKUX,3.3116257,3.0528553
XURDOG,2.5249445,2.7294226
AGEPEI,3.659387,2.775633
FIRFUI,1.9986763,3.497748
LAYRAI,2.2231703,3.0961053
UKUCOV,3.7652395,3.0854316
SIKRIP,3.011212,3.2261612
AHETEO,1.9818052,1.5707889
PUVZUE,2.5633125,2.2433963
YEGMUU,2.9050877,2.840916
XOTMEA,3.0620973,2.8529644
FUXYAB,2.9137952,3.1766548
ASINIC,3.49367,4.027134
LOFKOK,2.97747,3.2916198
LUHHEE,2.069698,2.8990235
ROPWAW,2.9720275,2.8604774
ERUWAS,3.4705403,2.919806
YEQGOT,1.0525364,2.4942055
CIFHIM,1.8443878,4.540572
SUWXAK,3.9872844,2.4638555
EKORII,2.898557,2.8924346
JEDKUC,3.5442832,3.3964796
VOXREH,4.0993953,4.4786196
JIQYOB,0.94151396,2.350963
YORMOH,3.06373,2.9640436
FEHZIF,3.4468663,2.8801038
YIHKEF,3.926603,3.0125802
IPTCMO,0.60300434,3.3031807
VOYBAP,3.7244225,3.645287
DOBLAL,3.106996,3.733323
WUYJAE,2.384534,2.5409977
FEHYIE,3.1649563,2.9231482
QIMLEH,1.3475078,2.1802979
HEWYUD,4.4436193,4.338157
RATHOJ,3.6237402,2.985827
MULTUL,3.28387,3.3942327
YASZUR,4.2642965,3.1137834
SUBDOL,2.51406,3.2926602
ITOYUO,1.9888803,2.687791
AXEMOI,3.1445477,2.9136448
GOTTUG,2.394602,3.0605803
VILNOX,3.0082188,2.185744
MUJJOT,2.9094415,3.20746
JIBDAZ,2.8286235,3.564339
CIHVEX,1.8038428,2.1965854
OSAJIE,2.554877,3.6659358
SUKJUG,2.0522828,2.85958
IYABAO,3.0503964,3.0067406
WALYUF,3.69449,4.2298546
GASPUP,3.7410214,3.0791528
QOSSOJ,2.329839,2.255313
ALEKIO,3.037335,2.9291272
JITHUS,3.0607367,2.8512025
ZAHTEL,3.0150216,3.3368878
CEMRAR,2.9309385,2.9290628
QESSAM,2.8623657,3.8249743
ASINUO,3.2199233,4.0244584
AJUPAZ,2.7853575,2.7944796
RAWDUQ,1.5815258,2.3287888
MEYHIH,3.2631896,3.4319773
TEHQEG,2.844134,2.4348135
RIPBEZ,2.7263088,2.7799027
ZEBJID,1.7458825,2.0111618
MUYRAC,2.984817,2.730538
UBOXAN,2.8980126,2.8129117
JINZIT,2.2234423,2.6075692
ELEVID,3.0871317,2.9824862
CANVET,2.9518912,2.831206
OCOHOH,2.506713,2.1448004
SUTNUT,4.416952,4.8517313
BAMTIW,2.8005958,2.8279862
PALMUO,3.0808733,3.933632
NELVUY,3.009035,2.1132796
JUVCOV,2.669437,3.7004833
FARYEG,1.8277888,3.0520484
QESSIU,3.5124457,4.304816
XOQPUR,3.201964,2.765435
NAYCUL,2.5780067,2.8150296
ZEMBOM,3.46537,2.8757036
TUCGAC,3.3777494,2.960004
RICDUG,1.9224844,2.375866
LOBYUA,3.4841459,2.9448836
IKAFIM,3.718436,2.889219
VONXON,2.8082151,2.519739
MUBPOR,2.9709392,3.4687748
FADFAV,3.0789683,2.9303277
BUWZIF,1.2242403,2.185576
DIDFED,3.0476754,3.0145702
DUXZIF,2.8136573,3.7787817
CUVCOO,3.2874076,2.9417922
FEFHEH,3.187814,2.7556121
GEBXOE,4.1279674,3.2333772
JUBZIR,2.6667159,3.060696
KOVXIF,1.8345916,1.5409507
UDOJED,3.6773467,3.2108374
CPMAPM,2.8299842,3.6430185
GEXHID,3.4177501,3.3692832
CEYJOJ,1.0242366,2.3410695
RASKAB,3.5402014,3.4754837
CERMEV,1.7241135,3.2855806
MIHWUZ,2.3935134,2.611738
QUJWOK,3.2158415,3.2862408
QATCOD,3.7606137,3.8667517
NEVMUY,2.9548845,2.837296
BUKJAT,2.791072,3.2316976
IPIPIH,1.4884628,2.5654469
ZISDEO,2.9937968,3.581174
PIHSEI,2.7475336,3.9594712
EHALAB,1.687378,2.4903255
ILESOK,2.8688965,2.9360077
FAWJAS,1.6569014,2.7871149
SUWSUB,2.573925,2.7449346
QIRRUI,1.7891487,2.5602596
YEKPIQ,2.35188,2.6856363
VIMBEC,3.3845522,3.0408819
EXADOZ,2.9625037,3.6862223
TEVJOW,2.798691,3.2182703
NAJXAY,2.6648111,2.909413
KUJSOA,2.987266,2.6838844
WUYHOQ,2.7573297,2.6214356
CEPHIQ,2.8220928,2.882289
QAJKOF,3.5442832,3.3996863
VOXWUD,3.577481,3.8095512
CELLEM,3.0816896,2.590055
XASJEK,3.6147606,2.5795412
MOSGOQ,3.2147532,3.1649911
TEHSEI,1.9790841,2.4322314
TEDCAI,3.0898528,4.245252
ISUHUC,3.1989706,2.8353662
RIFXOX,4.3459306,2.9987934
OHIROM,3.0193753,3.6301832
ZEYGIV,2.8955636,3.2725751
QOXXUZ,2.8400524,3.3777568
VOHNOZ,2.5244002,2.601618
QUJWUQ,3.2210119,3.2856693
NELVEH,2.7355607,2.753363
JEBVAN,2.5614078,2.943543
BAPVAT,3.7176197,2.781034
DAJXUJ,2.858284,2.788819
RICDOA,1.8541839,2.4770598
ROBGUN,3.962522,4.161526
CIXFOI,2.942367,2.5387235
MUJHUX,3.1317585,3.6535778
CEYLEB,0.8092666,2.7170506
RIPZAU,3.0814173,2.8793201
LUGFAX,2.9124346,2.701211
LUSJIV,3.0218244,2.8902483
SAFVEB,4.8596816,3.3551762
GINHAQ,5.193837,3.4572244
XUDZAA,3.3271363,3.1138096
VAWBUT,2.5801837,2.7970645
XUDZOO,3.025634,2.85009
KURROH,2.836515,3.4886672
LINMII,3.0022323,4.1546397
LINLUT,3.3282247,4.2454348
SONKAJ,3.9138136,3.5838614
FUXTOH,0.58776593,2.6392725
ZEYGOB,3.0923018,3.3132741
RASHUS,1.1654637,2.5652146
LAKPAQ,2.4294326,2.5711644
INATAT,3.2147532,2.459373
ATUDEB,1.2226076,2.144442
KUJSUG,3.018015,2.710003
BAJNEJ,2.872434,2.8589377
VOWBAN,3.9883728,3.2425222
KEFNOC,2.7758336,2.7551434
CIYXUD,4.0585785,3.5744548
OCEQIA,2.793521,2.7638113
GACTIR,2.0914671,4.0762444
URONAT,3.058832,2.8109694
UZEZIK,2.4819505,2.8137693
DOSWEN,3.6196587,3.018479
CAQZON,3.0106678,2.8482013
IFUJIG,4.148376,3.0156279
SESWAP,3.2555702,4.297616
RASHAY,3.6359854,3.48497
RESJIM,3.9962642,3.0457532
VACCEL,2.2618105,3.4446778
MEVWIX,2.2805862,3.265946
QUNHIT,2.2506537,3.1191988
HEYREK,3.689592,4.01176
BAYVIK,4.192458,3.0597558
LOFKIE,2.5233119,3.3182662
JITHOM,3.1954331,2.8795547
GEYMIK,4.5228047,3.0859423
AZUSIA,2.8435898,2.8382506
VOYBUJ,2.8857675,3.3239496
XEJGEC,2.8528416,2.5435007
TEHSOS,2.1848023,3.5858264
XASTAQ,3.1369286,3.0709825
JACSIT,2.8520255,2.8699627
ROXTUW,2.7208664,2.7650902
VUVNAC,4.323073,4.559627
KANYEF,3.0457704,2.8373554
FEFHIL,2.5107946,2.6522868
UYIZIM,3.4427845,2.9425824
CAQBUS,2.791072,2.8844936
XASVOG,2.531203,2.9700847
KUVLIZ,2.2974575,2.5694425
XESWUP,3.4370701,3.7394984
OZALAF,3.413124,3.851132
EGUKOK,2.736377,2.6150496
ELETOH,3.3271363,2.7925625
LIJLOJ,3.8338122,3.0396278
VOXZIU,3.637618,3.7800043
DUXGOV,3.8300025,4.2503996
RUGLAJ,3.1001933,2.808982
YEXZOU,3.4283626,2.8117592
MEJXUU,3.4177501,3.1083138
ALELAH,3.6849658,2.9059663
VOXYUF,3.7143543,4.130642
RIPBOJ,2.4321537,2.7565308
VOGRAO,1.3300925,2.6675136
HEBYOG,2.4014049,2.9159474
DARMEQ,2.327662,2.3485987
KIDFIQ,4.498586,3.0874836
PALNID,2.0732355,2.8999434
FOYSUK,2.9703948,2.9346464
PIHSAE,2.7088935,4.085099
XUFBAE,3.047131,2.7892983
FAMYOL,2.3080697,3.0915496
ATUDAX,2.2737834,2.4690151
NOWWOO,2.403854,2.87157
YEDHEX,3.1249557,2.8340986
HEDMIP,2.4395008,2.8098836
HIHRAV,4.0308228,4.576645
LUGJAB,3.9116368,4.140862
YUHGAM,2.5023592,2.7500176
FEKGEL,1.1216533,2.6495426
XUTWAM,1.0375701,2.4130867
ZOMFIT,2.7736566,2.7270615
VAJDIX,3.0909414,2.903914
TUSFEU,3.0835943,2.7017403
YEXZUA,3.4201992,2.8360698
HINJAS,3.147269,2.7970908
AWANOE,2.8493042,2.8840742
MUPLIV,2.635967,2.6642282
YALNOR,2.3646696,2.541709
ECELAD,2.9377413,2.1945415
KIJHEQ,3.9989853,3.0605159
GEDVEU,4.214227,4.3944244
JEBCEY,3.9848354,4.22413
ACESEG,3.4449615,3.470549
KUJTAN,2.915156,2.7135031
FOWJAC,3.0272667,2.4152262
WEDHEW,3.6980274,2.902543
LUHLEI,3.314891,3.0530548
DEMXOL,4.7742376,3.1348011
LUHLAE,3.7701375,3.0516539
RIFYAK,4.158172,3.0185473
SESTUF,3.8229277,1.8311213
GELYAZ,3.0261784,2.851982
BEHFUP,3.1075404,2.963508
HEFZOI,3.4691796,3.2536461
QIRROC,2.026976,3.16752
CUKRIM,2.7456288,2.8199427
CERMIZ,2.922503,3.209441
LUVVEG,3.78075,3.853775
PIXXED,2.1739175,2.3842082
BEGMOP,2.853114,3.2821302
RELZIV,3.0874038,2.806545
YOTBIV,2.8082151,2.6704085
KUVMIA,2.227796,2.6440902
GIPQOP,3.1407382,3.1522503
IHEBAY,1.2109067,1.4886072
FAJGON,2.8446784,3.0489101
FIDFOR,4.0204825,3.064959
NORPOC,3.4596558,2.789972
LARGUJ,3.0550222,2.841781
ATEDOT,3.3761168,3.3599575
LIMPIJ,1.7545902,2.4141567
CUVCUU,2.89638,2.8616912
TOVLIC,2.5208628,3.0483804
HOCVOO,3.3282247,2.8983994
TEHSIM,1.7434335,2.4414904
MIJDUH,1.8136389,2.2088723
FAXQOO,2.4386845,3.5727859
IDINIW,3.470268,2.8207347
ITOZAV,1.7211202,2.0237756
PILWOA,3.7056465,2.9931066
UMAKUR,2.4672563,3.2743893
ZIKNOA,3.7393887,4.5935936
NOXDEM,3.0218244,2.8391514
JUQVID,2.440045,3.040087
PIXVOL,2.1129642,2.440219
FOZPES,3.2180185,2.674264
KASBUE,3.2389712,2.8310587
USAZEU,2.8952916,2.7788122
XASVUM,2.5322917,2.9693272
XUDZEE,3.309721,3.3006928
HEBGOO,3.1034586,2.7270477
ZUZBII,3.802519,4.67447
ASIMUN,3.876534,4.083454
RUSCIR,3.102098,2.8166118
RECVAA,2.6060345,3.5239625
KEWKUS,3.8210227,3.2207954
FAMTUM,2.1883397,3.3632011
XBECMO,2.6805937,2.9003046
NARPIJ,1.651187,2.876297
MODMIF,0.76191884,2.9558485
OQEGAV,2.9946132,3.0765972
HENQEA,2.5200465,3.584096
CIXGEZ,3.2683597,2.9189394
OPAMAW,2.5703876,3.2628777
JOCBIN,2.8993733,2.6365976
JISLIK,3.9804816,2.7607076
URONEX,3.1891744,2.8294282
SEHBOA,3.1483574,2.6998487
ETOQAH,3.59408,3.1988087
XIWBEO,3.5524464,3.1968055
QIMWAO,2.9717555,3.027503
COPROP,2.0996306,2.7729595
FUXYOP,2.8754272,3.400954
BAJNAF,2.8955636,2.8610623
WOSLAU,3.7265995,4.0975986
RAJYUZ,3.2133925,2.9207304
FIKQUP,2.985361,3.1392426
HAQLUK,3.8855138,3.686101
DORNAZ,1.4906397,2.9838893
JUMFUV,0.8933498,2.8338337
JODBIR,2.461542,2.5664697
EWORAM,4.1589885,3.5529873
RALWEK,3.988917,3.6630821
LEGFEM,3.9464674,3.5070157
FEVFIZ,3.7154427,2.9734359
RALMOK,3.5717666,3.4616847
XIWFAO,4.142117,4.509022
AMOKIW,2.5834491,2.7345462
EWORIU,3.5581608,3.524602
RALMEA,4.148376,3.605112
REYVAW,2.5301147,3.581235
PIBMUI,3.0288994,3.289032
AMUCAM,4.736686,4.521394
EWOSOB,3.090125,3.2273989
EWOTOC,1.0155289,3.3380272
AWUSIX,3.7442868,2.478207
RALXUB,4.007693,3.6196592
FIKQID,2.9712112,2.9425507
LEFWUS,2.6419535,3.1839976
EWOROA,4.2316427,3.556487
PEKNEA,2.7733846,3.0817196
FIKQOJ,2.3556898,2.9334528
EWOSAN,4.0226593,3.5520482
UBUXEY,3.7777567,3.4145446
ZAYLAQ,3.6716323,3.5909271
EWOTIW,3.006586,3.6231952
OQITOA,2.9505305,3.403102
MOWBAE,3.372579,3.236239
LEGFIQ,3.8060565,3.5799844
RALMIE,3.9949036,3.5917747
PASKAZ,3.5380244,3.360749
RALYUC,4.276541,3.7744894
EWOFUU,4.1807575,3.581552
HAQLOE,3.68034,3.595518
LEFSIC,4.2716436,3.7635975
OQIFAY,2.1431687,3.0781374
EWOSIV,3.737756,3.553211
LEGGIR,3.663741,3.0176513
RALLUP,3.9856517,3.629286
DIHCON,0.946412,2.7470381
MOWBEI,3.5143507,3.178312
RALWIO,4.4751844,3.7361736
ZURBET,2.523584,2.8883646
RALVUZ,3.7791173,3.6853437
HAQKOD,3.0414166,3.1637611
LEFWOM,2.7069888,3.2132215
XIWFOC,4.079531,4.361036
OQIFEC,3.3918993,3.229722
RALROP,4.271099,3.7645986
RALWUA,3.7845595,3.6854386
SEWPIT,1.054169,3.2691326
JUMGOQ,0.87430185,2.8558054
MOWBIM,2.2120135,2.5886035
RALXAH,4.030278,3.275437
LEGHEO,4.5755944,3.677769
RUSQEB,1.854456,2.8494768
FIKQEZ,2.7211387,2.767569
ZAYLEU,3.0667233,2.601078
RALYIQ,3.998441,3.6287503
QOSJIR,3.047131,3.3076925
BEXXAH,2.270246,2.564425
TOMHEL,2.647668,2.6819918
FUVPIY,2.437868,2.942587
TUQQOM,2.850937,3.3051047
TEYRUK,2.9929805,2.8482232
ADAMAX,3.3369322,3.3657033
NODMEC,2.550251,2.7572954
FOVFAA,2.6139257,2.775925
ETUDAB,2.743724,2.549888
SALQAX,3.9347665,3.75217
XUPYIT,1.5828863,2.19677
QALSUR,2.5897076,2.6271138
QISQES,2.2386808,2.661531
AZINON,3.7559876,3.5142229
SUBQUB,2.0857527,2.141651
ZERLIV,2.3241246,2.4476209
FOVDUS,2.7731123,2.831917
BACLEY,3.1295815,3.245007
MIDMES,3.510269,3.2929301
ZAWGUD,3.1842763,2.7297277
QURHUJ,2.444943,2.6016603
MIZTUL,4.529063,3.8244524
HIKLIX,2.3355532,2.4600933
MUGJUU,2.6210008,2.6966646
DUDFEQ,2.633518,2.5063279
UPAWOA,3.302918,3.1518848
CIVVOW,1.9929619,2.3415375
GASSEC,3.6800678,2.6859462
XIQGIR,3.5524464,2.7774298
RAGHAM,3.725783,3.4299297
WIKNAJ,2.7186897,2.309587
DUDVEG,3.5791137,3.1800184
UDUDUU,3.1320305,3.2711968
OCIHUH,1.7393517,1.8753225
LUTHUG,2.158135,1.8997657
JISGIF,2.311335,2.7456584
BAHDIB,2.8680801,2.820094
IZEXUJ,2.5263052,2.7432427
MITMEL,2.7322953,2.055768
REXVUP,2.8087592,2.4916599
MITMIP,2.7516153,2.066453
ULIJEH,3.068628,3.2353601
CENXAY,2.5801837,2.0903144
GAKHAF,3.0332532,2.835683
AFAFIA,2.9222307,2.7466738
UFOSAJ,3.410403,2.2150927
TELQAG,1.9445257,2.4962196
UPAXAN,3.0046813,2.8965917
MUBGAU,2.8120246,2.856886
JEXFEY,3.4765267,3.2402556
JIPPEH,3.3810148,3.7922544
VEGYIT,2.2482047,2.3222752
BUKGAS,1.9902408,2.6903827
PEXSUK,2.329839,2.0959349
NAMCIQ,2.6971927,2.8162303
ULEQOU,3.5821068,3.1224322
FUPGEF,2.7943373,2.5586216
TAWNAI,3.185637,3.02345
RUQPAX,2.1477947,2.4008098
BICHAA,2.877604,2.3644695
EMAQUF,3.168766,3.2628436
ITINOR,2.3097024,1.8375819
IDIDUY,3.8868744,3.2311447
FUYKOC,2.7540643,2.5724216
ZIGWUH,4.144022,3.6917164
SAZJOW,2.7486222,3.0410352
HOTTOC,2.2882054,2.9102092
UKEYAN,2.404126,2.0418198
SIYPIB,2.7807317,2.8119888
OZOMAT,2.311335,2.4038577
IZEXET,2.5624962,2.7929227
XOCDEC,2.2343268,2.575066
OBOJIC,1.1880491,2.3298526
UYINOI,2.9535239,2.9359674
KIWWAS,2.188884,3.0477023
QAPTAD,2.138543,2.3271465
DIHDUW,2.8737946,3.0835285
XEHZAP,3.4991121,3.1398797
KAVFIA,3.1657727,3.0247214
RUWBAP,3.1053634,2.8734772
KEVDEW,2.8620937,2.8042052
JEGKUF,4.26348,4.1072536
BUVWOH,2.2003126,2.817271
TUMKAO,2.9616873,2.7459738
CIXJEC,3.3894503,3.1735325
FIQXAH,2.8522975,2.9572594
PAZBAV,3.118425,3.173651
BAHGUQ,4.9606357,3.9382555
NODKUQ,2.5110667,2.6576633
PEKMEB,3.7625184,3.5177298
OSEVAM,3.3676813,2.997686
YODYIC,2.944272,2.880197
ISUYED,2.0101051,2.6126266
DIPHOD,1.8454763,2.4697948
WOCGAA,2.3450773,2.7206824
KUDXEP,2.7565134,2.7676156
XAVJUD,3.5031939,2.8497915
AWUHIM,2.9976063,2.6190164
ZICFAW,2.442494,2.2009406
JUFDIA,2.3799078,2.6546674
CUKJIE,3.9853797,3.2051146
FAPDIN,2.2354155,3.159455
TOVTEF,3.0819616,3.1857562
ENIQOK,4.4106936,3.7429934
WEDTEI,1.7167664,1.9909295
MOBLEY,2.4816785,2.2746708
BAHDUN,2.963864,2.9440536
RAJYOU,1.9894245,2.0293627
XOZVIU,1.8917356,2.5222497
AJOBEI,3.1872697,3.2311854
VIQNES,3.2063177,3.0150108
PEBCUY,2.6427698,1.9305414
DAXTIJ,3.1083567,2.3792567
KUFQOU,2.9056318,3.053762
AMIGOV,3.1170642,2.9038413
UYINUO,2.9886265,2.9549997
QABFEI,2.043303,2.8777652
ZOWZOD,2.0185406,2.7168384
PURJUI,1.7913256,2.602696
OQOLUE,3.0708048,3.2127302
GUQGAD,2.401677,2.6885872
GUJDOH,2.0631673,2.6739826
YIMLEL,2.4724267,2.7393985
TOTVIK,2.5807278,2.6141746
GARVII,3.2433252,3.281306
CUKJOK,3.7206128,3.199263
XUWTAN,3.1962495,3.31374
XUPFOG,2.527938,2.7306225
XEVHUB,3.415029,3.3383174
QURJEV,2.5706596,2.6348639
QOSZIK,2.934476,2.9716043
ZIJHUX,2.7407308,2.88393
XEBHOE,3.2193792,2.5910568
XITRAV,2.8971963,3.1645205
ICETOD,3.0672674,3.0775566
MEYZIC,4.242527,4.0408497
BOYRAL,4.191642,3.0165925
WUZKIO,3.242781,2.7469115
FOSHUQ,2.4795015,2.224626
LABFUT,3.943202,3.2535496
QOVHAN,3.0865874,2.5721667
RINZEW,3.2305357,3.256192
IGEMOY,3.2103994,3.0226438
SEJKEZ,2.855563,3.347009
JAYFOH,2.8550186,3.0060542
KEXKAC,3.8008864,3.1384373
OHUQIU,4.0607553,3.9844775
SALQIF,3.364688,3.0258918
MUDRIP,3.1489017,2.8760316
YOYMOR,1.51513,1.543592
MIXTAQ,2.9312105,2.9914463
QASZAP,3.536936,3.655591
DUCZOT,2.8131132,2.5507693
FUMCAS,2.1875234,2.5260346
ETOZAR,2.7807317,2.5768416
WOMMET,3.0011437,2.557141
RIVPAR,2.2732391,2.599092
XEBGOD,3.3548918,3.2221456
KIMGEU,2.917877,2.9331558
DILYIJ,4.2272887,3.7913322
GIPQUV,2.9170606,2.7794898
EJEKEL,2.9314826,2.967465
HOBBEJ,3.223461,3.3782117
QABGAF,2.081127,2.8667696
UCAWAW,2.8030448,3.154244
PAJZIN,2.0522828,1.7317584
LIFCAI,1.8566328,2.4356685
COCLOZ,3.3499937,2.9775355
PAGLUI,3.0171986,2.7513287
ROVVUV,2.9946132,2.9500854
UZITAB,3.085771,3.1109035
IFOQEC,3.1480854,2.6937177
NODKIE,2.5622241,2.6752973
UKOYOL,4.760632,3.998679
SOBTOS,3.6991158,2.8076022
BIPBAH,3.637618,3.7735963
WEKCOI,2.576102,2.6769128
XAQJOO,0.21360938,-2.4739823
QOZBUF,3.0923018,2.7091453
MAXDEU,5.7845964,4.712277
OHUQUG,2.6367834,2.7738078
AFAFOG,2.9916198,2.9345732
NEMCAN,3.5399292,3.3196468
OBOBAM,2.5399108,2.7511454
SOCSEM,2.989715,2.3440645
ENULIL,2.2909267,2.5191703
FELGAI,2.430249,2.4241886
EPUFAZ,2.8297122,2.823941
MUBLED,3.4563904,2.9712398
DICTUG,3.4923093,3.328342
YOSROQ,3.711089,3.4618793
MUTSAY,2.487937,2.6779163
MUFCEY,3.080601,2.7776856
ZETMAQ,3.0909414,2.926195
PUPRAW,3.168766,2.9477773
QARREK,1.7921419,1.8859211
QOFQUB,1.8490137,2.118928
QIPHUS,0.2160584,-0.40690732
NUDNIM,2.8133852,3.1867032
MAJREU,2.428072,2.0460236
MAYZEV,2.8242698,2.9510984
DUHTUY,2.7059002,2.679691
BOHRUP,2.4288883,2.6277921
IDEPEQ,3.7690492,3.1188014
DAQGEL,3.0536618,2.618221
WOZYIW,3.1752965,3.2420216
EKUGID,3.472445,3.6091113
NOVHOY,2.3673906,2.6199982
UZISII,2.7693028,2.5785408
NEBQOB,3.4642816,3.058037
ZUVSEO,2.9565172,2.9089036
REKYAK,1.5260146,1.6493086
NEZQAO,3.2030523,2.7553098
SIZVIJ,2.440045,1.9762068
EJACEX,3.290673,2.9845946
ZEGREM,3.3159795,2.890966
TIVNIY,2.3151448,2.6708784
TASCUP,3.5263236,2.9894886
EGAYUH,2.5513396,2.3609555
FEGQOB,3.1924398,2.974153
RAVNEL,2.27977,2.3017602
CEFXIY,1.9075181,2.1685543
WAYKOA,2.4971888,2.0678282
PACVAU,2.286845,2.3122847
TAGTII,2.208476,2.5207684
MELQED,3.572583,2.799938
IVOXAV,3.310265,3.1931968
YIWMOK,2.9450884,3.0361001
GEKQIA,2.3257573,1.8804873
XUXREQ,3.1004653,3.288779
JISXOC,3.3309457,2.9770706
NERZUF,1.498531,2.4039953
SEYHAH,2.9274008,2.907737
TASMAD,1.8400339,2.6458788
YEDWEJ,2.9404624,2.8988156
IBECOL,3.2269983,2.5030355
XAJRAF,2.8789647,2.46604
OKAXAC,1.6098256,1.5208011
MESHIF,2.0582693,1.8821945
TEMNOS,3.2090387,3.1262884
JUJQUD,3.0215523,2.7857804
LAYWAN,3.1010096,3.0260997
UDUDII,3.1559765,3.2042708
BOCMOZ,3.415301,3.4177656
IVOXEZ,3.3225102,3.208633
ACAKIC,3.35081,3.1017222
KUYXEK,1.8049313,2.4859872
KISRUC,4.214227,3.4730783
OCIJAP,1.804387,1.869621
LUXYEL,2.7420914,3.1756768
MURZOR,3.1176085,2.7195723
JAZBAR,2.143985,2.458401
DEFKEI,3.5665965,3.3605351
USATEQ,3.9891891,3.113305
JISHOM,3.0199196,2.867351
JUVHOA,2.8702571,2.822574
GOTCEA,3.1173365,2.762398
XUDTAU,3.6139443,3.602707
JUBLAW,3.305367,3.250208
VAPLIL,2.1804483,2.448029
JAYZES,2.3450773,2.5406215
NUNQUL,2.9290335,2.791911
GOXBED,2.8000517,2.757108
BEHYUM,3.166589,2.8601303
SUKDOU,1.195124,2.2656255
IZEWAO,3.3382928,2.3849156
ANUCEU,2.9910755,2.8927646
OHOHIF,2.8569233,2.7983449
CEYXIR,2.2024896,2.352272
DUVTAS,3.2544818,3.2739036
QIFBEQ,2.4740593,2.9629195
PEXTAR,1.9273825,2.0013442
FIZFEC,3.207406,3.0596678
IVOXID,3.274346,3.0920758
AWALOC,3.5532627,2.9392672
SEVZEZ,2.5314753,2.5213358
FARKAO,3.4591115,3.024045
VOGQOY,3.0155659,2.9976835
SOTDOW,2.4645352,2.4230108
JELYAE,2.8574677,2.6089168
UZAYIG,3.4694517,2.9556596
RIVWEY,3.190535,2.3969977
CERDAF,1.431591,2.5245187
MEFKAN,3.859663,2.960594
SODVAM,1.8310542,1.7233963
RAJZUB,0.5129346,1.4458852
RIVPIZ,1.9050691,2.1825082
WUBCAA,3.578025,3.128028
UKIRAK,2.0607183,2.6316402
TUBNEM,1.8539118,2.714505
LEWPOV,3.1611466,3.0880744
TOTVEG,2.511339,2.6214614
UDOCID,3.7225177,3.107147
ITAGES,1.899899,2.413763
OZIVUQ,3.4999285,3.652398
NUBSAH,2.2356875,2.864028
NUDNAE,2.9782863,3.2917714
DIPLIB,2.3184102,2.6194153
SOJMEK,3.9252424,3.8206968
QARRAG,1.7037048,1.8164558
NUDMUX,3.1026423,3.3459303
KIWWEW,3.0237293,3.1227493
XUWTER,3.2223723,3.307103
EDOFUA,1.9698323,2.9146543
NOPFOQ,3.1548882,3.310733
NUNQOF,2.920598,2.8145466
KOQPAK,4.2115064,3.8171747
BERBAF,2.3102467,2.6330628
QESSAL,0.3477615,2.825325
QARSAH,2.7459009,2.3969262
ETUDOP,2.2228982,2.164033
QETCAX,2.9342039,2.627198
CECXER,3.2542098,3.2827213
ODAQET,3.615849,3.0763812
NIRFUT,1.3796173,1.8531333
FAVWIK,2.984817,2.82757
NINFOG,3.0898528,2.7015224
NODKOK,2.5703876,2.6766653
FIMMOH,4.8395452,3.7094443
IHEMUG,2.4199085,2.5234256
MIXSOD,3.0577435,3.0057838
HAFJIL,2.7486222,1.9227026
SUHLOX,2.681682,2.3469398
IRIDOF,3.2495837,2.7754188
LUWFIS,2.884951,2.80438
YISWEC,3.1440036,3.2471714
IJOWOW,2.7012744,2.9493508
FITLED,2.3407235,1.7627804
SAKWEK,2.9652247,2.844258
NUCZOD,3.2795162,3.2162387
CUSTAL,0.30313483,2.7526245
HUBFUI,1.9140489,2.307415
JAFTUJ,3.1850927,2.8143153
OSUDUE,2.4133778,2.3229609
TOXWAH,2.8291678,2.8125577
REBMAQ,3.608774,3.4059298
QOVGUG,3.0767915,2.6591043
DETDIT,2.430793,2.5200336
WUMRII,2.9782863,3.3483195
DOCRAS,2.3129678,1.8583816
BUVXAU,1.9720092,2.9133768
SUKKAN,2.9739325,2.6676598
RAVNIP,2.4656236,2.3742065
UNOFEL,2.9616873,3.04755
HOBRAV,3.2283587,3.3751945
NELXOV,2.8294399,2.868602
USATOA,1.9986763,2.0349784
COCLIT,3.4313557,3.0892382
YANCAV,2.0043907,2.0619442
LATXEN,3.8795273,3.3718598
DAFYEP,2.960871,2.9927256
SESBAX,2.9845448,2.8943555
XAVZED,2.1763666,2.819607
ISUQUL,2.0413983,3.0425022
ICADUP,2.0008533,2.7331967
POMGIL,3.5304053,2.800576
UMEFEA,2.4291604,2.649457
LAMDEM,2.645491,2.5808196
CUHPON,2.3167775,2.2128272
GEBCUP,2.2171838,2.8417282
OMIJEC,2.2473884,2.5189853
KEGTID,2.447392,2.899362
IFANIQ,3.3021016,3.0242445
QELBAO,2.1575909,2.28245
XETRIX,3.1393776,2.8927562
ATIFUH,2.5458972,2.9344962
XUNLIE,2.5252166,2.9907124
RAGHEQ,3.5459158,3.338745
OMORIU,2.690662,2.3710105
MUXSAA,3.0942068,2.531184
SEPCUP,2.9527075,3.1847875
IPEJIZ,2.8591003,2.9578812
IZEXAP,2.5298426,2.7035508
KUGKEF,2.2686133,2.4190762
VAYVIE,2.6090276,2.7358997
JIPPOR,1.9888803,1.9852799
AHEJUV,2.9625037,2.416032
HUNSAL,2.3965068,2.666805
LOWTUP,2.2794979,1.8765836
EZIRAI,4.3530054,3.3314948
QEVPEQ,3.180739,3.215965
MAJRIC,3.1249557,2.6811264
OMOROA,2.6683486,2.4454393
JEGLUG,4.3657947,4.153817
RUWJEB,3.7012928,3.7049284
XUMTAD,2.9957016,3.095219
UPAWUG,2.999239,2.8710546
UQOQUP,3.1918957,3.1082215
RUWJUR,3.713538,3.748653
XINCON,2.8079429,2.9276018
GIRPOQ,2.9157,2.969633
EMITOM,3.7802057,3.128483
JISGOL,3.0569272,2.9084365
DOZXEX,3.4982958,2.6805105
RINZIA,3.0550222,3.0069156
NUCKEE,3.2057734,3.091274
FEWGUN,2.4049423,2.7346742
JEFVOI,3.5023775,3.3429334
CITSAD,2.8675358,2.9158244
OMOBOI,3.9878287,3.5568604
QATGIF,1.7099636,2.4410856
MUNFUZ,1.8340474,2.388579
SETMUZ,3.2950268,3.2370975
WIRHIO,3.2030523,2.696809
ECEZIZ,2.958422,2.4549122
IPEHUJ,2.9167886,2.834536
PUYJUQ,2.5042639,2.604922
AKORIC,3.102098,3.2306836
TIHBIX,2.6520216,2.8967144
IQOYOF,2.4288883,2.550588
IRICUK,2.5241282,2.7819662
KOWYON,3.331218,3.2213628
TURKIB,2.4849439,1.8702146
JUVGIT,3.096928,2.5075877
UGOHAC,2.8098478,2.9185624
TASDAW,3.534759,3.0069218
IBAZAQ,3.4931257,2.6118228
ROYJIB,4.203887,3.51243
ROWDAL,2.4076633,2.1638112
FUPGUV,2.752976,2.5313709
QUCDIE,2.882502,2.7960436
OGUBUQ,2.4814062,3.0706606
AHELOR,2.9671295,2.9756641
VUZROA,2.0299695,2.4846842
GIRPUW,2.7203224,2.6409857
UJARUV,1.9586756,1.6556739
FODBIJ,3.9094598,3.5681865
NUQXOP,1.9779956,2.5576527
GOBJOW,2.0879297,1.8865079
KETVAI,3.2574751,2.7375622
FUZSIF,2.696104,3.0693455
JELYOS,2.4438546,2.5922682
CAJDIE,3.204957,3.0503085
VIXYEK,1.5728182,1.5903026
PEBCOS,2.3714724,2.160462
UPAMEF,1.7649305,1.6454024
VEWWON,2.339635,2.4942598
IDICEH,3.2865913,3.0670724
RUPGOA,1.9472468,2.21103
OGEPOJ,2.679233,2.737473
QUGWUN,3.9519095,3.854905
YEWWIK,2.3956904,2.6613977
MUBLON,3.4240088,2.9767306
ZAXWII,3.2936661,3.0776358
LABHEF,4.010142,2.9430072
AVICIT,1.2416556,2.8368838
XITQUQ,2.7902555,2.8553612
AWUHUY,2.5420878,2.9733362
AGIQOZ,3.5453715,3.2611723
JUWKIY,3.1083567,2.9956875
COHHIS,2.0833037,2.5881581
UCOJIJ,3.101826,2.6283946
PERYIX,2.3652136,2.6355417
IMANAO,2.3581388,2.5774655
QIMPOV,2.2501094,2.7724743
NAJXEC,3.3657763,3.435251
BOCNOA,3.161419,3.2483375
OGIVOS,1.6906434,2.0214276
HUDDIW,2.1537812,2.6250792
TEYKIV,3.417478,3.1878664
IRICOE,2.5246725,2.7611985
XEKHAW,2.6903899,3.5328064
WURFOH,3.6319036,3.793613
SAJKIB,2.6898456,2.5684516
DOHPEZ,2.6912062,2.7785318
LABHAB,4.0071487,2.9410079
MEFDEK,2.9437277,2.6781938
ULIROZ,2.5159647,3.0904558
MECHIP,2.9578776,2.8425498
WUVKEG,2.793521,2.766879
MURPAT,2.1260257,2.8988714
KATSOR,3.1083567,3.1480122
GASSAY,4.1600766,3.6007245
EDEXIY,2.365486,2.9087992
VIKNEJ,2.9241357,2.550253
DENQIX,4.05749,3.264178
LAMDIQ,2.7246761,2.5961487
NIPTUF,2.1744618,2.5601027
CIQBEN,2.3548734,2.3547168
ZURLUW,2.8520255,2.3680122
WEBHOE,2.9238634,2.9086304
IVEFAS,3.0555665,3.2344441
QEYCOQ,2.7303905,2.9332423
FUYYIK,2.753248,2.6305628
MUJKAG,2.592973,2.5249462
SOPJUD,3.0520291,2.5562196
TORMUI,2.2171838,2.4289458
EDEWAP,2.3788195,2.8288794
ALEKEK,3.2280867,3.2282102
KOYZUW,1.7583997,1.7432517
SAFJOB,3.4468663,3.2988648
XEFPUU,2.4705217,2.5844755
QIDZOW,2.205755,2.5828464
DEDKEG,1.5872402,0.3576424
IJULEH,2.6054902,2.862001
NAMRUR,3.2177465,2.9336069
MIRMEJ,2.597871,2.6758304
IDIRIA,2.9233193,2.8327546
OGIVAE,1.7924141,2.0834734
DAXVIL,2.78182,2.5815563
CIXHUQ,3.1723034,3.1915748
AXUQAO,2.7088935,2.6561475
LOBKOD,2.7570577,3.0730052
KIMKOI,3.2106714,3.1192358
PUPROK,2.4223576,2.322098
MAFDUT,3.5450995,3.556952
XUMTEH,2.2389529,1.8222111
TAJLEZ,1.7020723,2.513497
RIWZEG,3.140194,2.9579084
RAZJOV,2.1905167,2.775401
TIBLEZ,2.229701,2.290379
IHEKEO,2.4196365,2.4918108
WUBFIL,2.0280647,2.1551764
KULPAL,3.2327127,3.0076013
XIYKIA,2.9957016,2.8341305
LALPEX,0.85743076,1.5762902
HEPWUV,3.252849,2.7687213
VAYVEA,2.4103847,2.5687606
OHICAL,3.2416925,3.08543
CAFNEG,1.7929583,2.4341981
DUDDEO,2.913251,2.3530898
ZETLOD,3.366865,3.1395855
BENZAX,1.6245197,2.127289
VOWTOT,2.8142016,2.914682
COGXUS,1.2002943,1.9694242
REXWAW,2.5039918,2.526291
XAQDUS,2.076501,2.4346466
WONVON,2.3638532,2.7840269
AFEKUV,2.315689,2.773444
SUKDUA,2.428072,2.3358994
CUTNAJ,3.192984,3.2173169
RUVZUG,2.927673,2.7192636
LUCXOZ,3.3249593,2.9510107
QAZWOH,1.9355459,2.158883
JUZXOT,2.2114694,2.2283478
EDEXOE,1.8062918,2.740065
VENQEO,3.3143468,2.7611353
QILYET,2.2141905,2.5943768
WEKDEZ,2.36603,2.9183517
JUBLEA,3.9230657,3.234616
JEGLOA,4.562805,4.257274
GAYBAJ,3.7451031,3.5931592
OTEWUI,1.0168895,2.7090147
QOBQUX,3.1529834,3.1349232
KOQNUC,3.2713528,3.2390335
FOVKAF,3.5192485,3.2260768
VUCNAL,4.344298,3.3628278
QAMHAO,3.3255036,3.2856011
ZOXBAS,3.9230657,3.080246
OWIZIE,2.4512017,2.1507103
ROKXAT,2.7469895,2.391076
NOVHEO,3.0340695,1.8149879
ACARUU,3.1543438,3.0932033
EXERUX,3.4852343,3.7219524
VIGRIQ,1.3377117,1.8385789
AXIREH,3.1480854,3.2564156
XUPFIA,2.7965143,2.8941271
SUCSAN,2.693655,2.6331906
UMEVIU,3.2523048,3.121602
RURJOD,2.944816,2.8775454
JELZAF,2.7137916,2.5203319
WESYIF,3.5053709,3.1205678
FARPAS,2.609572,2.935514
FUJTAI,2.0392213,2.96481
ALILOZ,2.9404624,2.6194015
KUNJUB,2.222082,2.2423038
OYUDOE,2.0628953,2.2442706
REWLOX,3.0773356,3.1490602
JEGLAM,4.019394,3.691574
AHELIL,3.1099894,2.9652448
BOXTEQ,3.42673,3.178703
JUJBIC,1.6813916,1.7626367
MAYZIZ,3.0509405,3.05049
PERYOD,2.4430382,2.58921
QEFDIR,2.7137916,2.7140565
XELWUG,3.453125,2.928011
MOMXER,2.2860286,2.297693
NIGFOC,2.2724228,2.721901
REDRAV,3.4898603,3.287422
PYTPRU,2.4536507,1.8971825
CUPPAH,2.8947473,2.8158543
YOBGED,1.9850706,2.6243532
MUNQOE,2.1257534,2.3884747
VARBAV,2.8669918,2.976316
APOSED,3.4931257,3.3241136
LUNBUU,3.9274194,3.4652402
QUGGUX,3.9293242,3.1420045
MEYNUD,2.2737834,1.8668915
ERAPIZ,4.246337,4.0589848
QURJUL,3.0476754,2.3393939
KELRUS,3.3543475,3.1995137
QALSAX,2.3415399,2.3348327
EMABUS,3.1984262,3.2084818
JIWMEL,2.9426394,2.8200202
ISUYON,2.3790915,2.8303094
ARIVOP,2.5916123,2.7104256
WAHPON,2.7072608,2.7537575
HURYUR,2.8626378,2.291341
KAVFAS,1.8628916,2.741706
RUPZIO,2.4422219,1.9039869
ZUPYAN,1.8748645,2.848918
BIJJAJ,2.9350202,2.9034905
BUVXEY,2.007656,2.9147217
PAHTAX,3.919256,3.8140807
UBADEK,3.821567,3.887375
JABHED,2.148883,2.3250217
LETGOJ,2.3641253,2.8951514
UMICAW,3.0950232,3.110562
HACHEC,3.735035,2.7720075
CIVVEM,2.3796358,2.510185
HACXOC,2.9902592,3.0532403
TOXVUA,2.8054938,2.8544009
AZAXUX,2.788895,2.883813
ADASUX,2.2476604,2.5608761
YUFDUB,3.701837,3.4254036
QOSZEG,2.9976063,3.1815844
OMEGUL,2.6645389,2.199319
WIYVOT,2.320587,2.7116077
SANYUF,3.183188,2.9413276
KACJAC,1.6073766,2.8382049
DENQUM,1.8438436,1.859777
VERXOJ,2.5673943,2.463213
LABFED,2.8574677,2.8614469
ADADEO,2.6664438,2.4875445
UNONET,4.775598,3.7238283
GUVXUT,3.9834747,3.2670672
QICXAF,1.8446599,2.1161234
SOTPRU,2.5657616,3.4039924
HAPZOR,2.1788156,1.8441005
EDEVUI,1.2759418,2.7854366
MUDREL,3.1086287,2.9013205
LATXAJ,3.7989817,3.4984066
JIQWOZ,2.9597826,3.0774527
VEWTIE,2.246844,2.369215
MUPVAX,2.1643937,2.8269382
ZUWSAN,3.4754384,3.127504
BIWBOC,2.604946,2.635108
RAVNAH,2.3720164,2.280996
XAMXES,2.200857,1.6973925
NAGTOI,1.9758188,3.1874852
ADOVOI,3.1921678,2.941847
WIYVUZ,2.313512,2.7118485
VUPYAJ,4.5274305,3.699396
WOHJEL,3.2318964,2.7985463
TOBVEL,3.2142088,3.2644277
RIBKUL,3.0656347,2.873307
ODOZAM,2.6471236,1.9906926
MALCAG,2.10344,1.6859144
OGAZAZ,2.4174595,1.9081311
GEXQOT,3.037607,2.6438794
SOZSEI,2.6555593,2.623221
IVACIU,3.0305321,3.0754063
CEMJEN,2.7448125,2.5839047
DURBAW,3.1995149,3.0883641
XOLDUA,3.2038686,2.8474514
FOVFEE,2.224531,2.668196
GAVDIU,2.7211387,2.454753
DUHDUG,3.9657874,3.2951012
MAKTUO,1.9047971,2.3563428
QEFREA,2.4019492,2.4812558
IBAYUJ,3.3932598,2.655871
ILOMUU,3.5023775,2.477239
JEBVOF,2.5396388,2.1552322
PURJOC,2.5448089,2.3943713
ENESEV,3.1480854,2.6936355
JIWMIP,2.881958,2.7361991
EXANOJ,3.7660558,3.2690485
FUPGAB,2.660185,2.5738592
MAMKAQ,2.1883397,2.8863578
FULFOK,2.5937893,2.5471244
ZUWROA,3.120874,3.102929
MUCWIT,2.4751477,2.6942642
CITSEH,2.0261598,2.829541
KOWZAA,3.4395192,3.1636255
XENWEW,3.5140784,3.3858154
ZUWRIV,2.143985,2.488467
IVOWUO,3.2509444,3.2142782
TULNAS,3.3246872,2.816442
XIHBOJ,4.241983,3.2915766
LEVXAP,2.9494421,3.2325058
PACSUL,2.2816746,2.6093578
IWUVUU,4.027829,3.60819
RUCYUM,2.545081,2.274816
SAKJEX,3.6313596,3.2763424
GOXBAZ,2.2427626,2.2826996
KADQAI,3.7314973,2.8208623
DOFBAF,1.6490101,2.1994715
IFUJUS,2.495556,2.6140575
BUVWUN,2.8245418,2.980044
DISHUM,2.1252093,1.7175889
LAWLAA,3.8615677,3.2067204
ACAROO,2.9431834,3.0658627
TESNEN,2.7839968,2.9454825
MURZUX,3.0060418,2.9832046
MOSLAH,2.8161063,2.9802215
LINDEV,2.9899871,2.9342823
REDQAU,3.3578851,3.3182108
ZEGXAO,2.7954257,2.8035107
AHEPIP,2.879781,2.9127312
IXECUK,3.680612,3.0727744
EFAYET,2.4773245,2.6001089
QIDZUC,2.210653,2.7941825
YASNUF,3.3894503,2.059608
ZOCGUX,2.6174634,2.5431707
DOHJOD,2.6928387,3.04084
USIQUL,1.7526854,1.6920785
ENOFIZ,2.710254,2.8752384
RUJMER,2.5132437,2.4003403
CAHGAT,1.5420693,1.5387359
ENULOR,2.1570466,2.5107527
USIQAR,1.7624815,1.6982173
JUCPUV,2.2732391,2.0939295
ZUKPON,2.8452225,2.9810233
NODMAY,2.5491626,2.6417513
ICENEM,3.7168033,3.0142882
ATESOK,1.3994817,2.1917357
COXLOT,2.0125542,2.4225454
TUKYUW,2.3194985,2.452199
WEQLEN,5.173973,4.0604587
NUDBAS,3.1181529,3.2952056
NOVPUM,2.5233119,2.2358303
DIZGEC,2.3929694,2.4745088
SILKUX,3.4765267,3.2037344
JAZQOU,3.7418377,3.1429448
ZACPIG,2.119767,2.284278
RAJRIF,2.7059002,2.0704522
XIKSUJ,2.671614,2.577814
IZEXIX,2.511883,2.745637
OSUHOC,2.4209971,2.38852
PAPQUV,2.7967863,2.9089172
OMEGAR,2.8593724,2.1562407
XAQDOM,2.1159575,2.4369187
YADGOD,0.99158293,2.1574638
NOVHIS,2.6253545,2.3639445
FEWHAU,2.1929655,2.6277277
ANOZEL,1.93092,1.9692302
UVIGUE,2.446848,2.6076055
PEBCAE,2.1448014,2.40078
OSEVEQ,3.408226,2.9798024
SANZIU,3.152167,3.0104544
QOBQOR,3.9989853,3.052894
XOZCOH,3.0427773,2.8734746
TEMKOP,2.5151484,2.5499353
ALUVUB,2.3760982,1.8851168
ZIVPUT,1.8204417,1.9835236
FUGBIV,2.6912062,2.5874467
QOSMAN,1.6601666,2.8554726
SAMMAY,2.0506501,2.5825715
MAKMAP,3.2155695,3.364494
CUMPUY,2.4267113,2.5887136
KALGOX,3.4705403,3.3128839
APIYUW,3.229175,3.131606
ISUXIG,2.2359595,2.7190845
CIQBAJ,2.2209933,2.4835777
QUHNOX,2.8805974,2.8927732
NUBSOV,2.0427587,2.404636
JUFHUN,2.5695713,3.3767514
DIHTAS,2.5771904,2.6337094
USINOC,0.48327422,1.5349517
HAGTAO,3.9271472,2.9977152
FIZWUK,3.0120285,3.4530501
EMIKAP,2.6278036,2.3898296
OMEHAS,2.7499826,2.2251945
LOQWUL,1.9779956,2.8850427
DUDBAI,2.6272593,2.1899264
VALHID,2.8256304,2.820218
JAHGEI,2.7829084,3.0903087
ADANAY,3.3905387,3.0309665
XUYRUH,2.1377265,2.0089393
YEZCIT,2.6242661,2.2368145
FUJTEM,1.4305025,2.5571976
XUWSOA,2.9170606,3.3198924
AFALIF,4.091232,2.9754987
IVOXOJ,3.26972,3.1016026
OPOJEL,2.4773245,2.0478156
MURNOF,2.0969095,2.9012194
XAHTEJ,3.1148875,3.2063942
YANBAU,2.2882054,2.0106587
YEBVOR,2.7565134,2.7387621
DOHJUJ,2.5801837,2.6149027
AMUBES,2.69556,2.7079592
DUCDEK,0.79049075,2.2325025
VOWTUZ,2.798691,2.9670956
XOCKOT,3.4778874,3.0944161
HADJIJ,3.4305394,3.1824212
NENLUP,3.2250936,3.2219267
IWUVOO,4.887165,3.7223778
FUZSOL,2.8082151,3.0428467
FULGUR,3.3897223,2.9639544
KOHNIH,1.8106457,2.3420484
HUJRUC,2.6890292,2.128437
BAFWEO,3.0079467,2.768282
FAMCOP,4.5228047,4.477877
REKCUH,2.9597826,2.7335947
KUFQUA,2.9211423,2.8565166
HAKJIQ,3.2816932,2.7423186
MEDROG,3.1872697,3.2222483
MUXDOA,2.5722923,2.6664124
SEQGAA,3.1135268,2.8665326
HUJSAJ,2.6493006,2.1790628
QUQYIL,2.997062,2.8336985
OMAVIK,3.5361197,3.3414426
ZUYGOS,3.9706855,3.49115
FULFIE,2.5230398,2.5812078
ELOMUQ,2.6389601,3.0104628
HOHHER,3.4857786,3.1700976
MIFSON,1.9698323,2.498724
CENXIG,2.033779,1.4578711
XUZNIS,2.779643,3.070315
COXZOE,0.24245346,0.56028366
DISHOG,1.2386622,1.8600993
FOVLAG,3.190807,3.1505272
NOTWEB,3.469996,3.2369657
ZITJAR,2.1233044,1.1029062
FABKAY,2.4381402,2.6563146
REWSIZ,3.6607478,3.3837643
KERROS,2.5984154,2.7502947
TESNOX,2.693111,2.8430226
POMGEH,3.4084983,2.5695164
ESAVAY,3.8612957,3.5227652
PIDXUZ,2.0378606,2.5469184
HIZQIQ,4.290419,3.1606033
NUHTEQ,2.4370518,2.59112
QIQDON,3.0835943,2.5749626
HIBNAI,3.267271,3.1248138
PAFDAF,3.5663242,3.2610424
DIYKEF,2.2672527,3.0038998
OSUHIW,2.700458,2.7982626
UZISUU,3.1192412,3.151919
WODJEI,3.1135268,2.9605474
CEYXAJ,3.0950232,3.0787156
NEZCEE,2.0307858,2.4479463
USIPEU,2.3257573,2.059619
JUDBOC,2.7309346,3.0764687
POZSAB,2.7510712,3.0421388
ETICUI,2.5644011,2.805076
GASRUR,3.754355,2.8484335
ZAMBAQ,3.5508137,3.2202585
AXIRAD,3.0770636,3.1097386
SUDPOZ,2.6014085,2.0615203
JASREE,2.6465795,2.677874
IMAMUH,2.3937857,2.502263
WABQIZ,1.2914524,2.4561076
REWSEV,3.5285006,3.2410698
GOLFAR,2.3456216,2.623067
FULLAC,3.8302748,3.9666312
EMISUR,2.9497142,2.9783087
JELYUY,2.7328396,2.4996438
HEDYAR,3.3548918,2.5406127
TADSUM,3.6670065,3.4759812
RAVNOV,2.7252204,2.389543
BAHMOQ,3.591903,2.9412515
QOBQAD,3.5554397,3.0892181
XOCDIG,2.2318778,2.5729365
MUBLIH,3.3187006,2.9699314
CITSIL,2.040582,2.7933018
GUDVUW,3.9140859,3.3549106
PIBHER,1.2808399,2.9165864
TAQLAY,2.0397656,3.63819
TOXWOV,2.7869902,2.8149214
APUMUW,2.2169116,1.9140223
PUKZIE,2.7780104,3.0056837
LITHOP,2.5078013,2.7300642
JUNRUI,2.4291604,2.046366
TOXVOU,2.681682,2.8954892
QEPCUN,2.7869902,2.5761595
JOJSIK,2.0930998,2.908213
OMORUG,2.7268531,2.654036
DUYYOO,3.2196512,3.2591863
YEBHUJ,2.812841,3.2633722
FAKPOZ,4.662399,4.023348
NIGFUI,2.2601779,2.7541454
HECMAH,3.0697165,3.0665662
RADNIU,3.8291862,3.0712473
FESDUG,2.3524244,2.1237502
NEDZIG,2.6468515,2.4725676
ADANEC,3.4049609,3.057795
ZIDFIF,2.7758336,2.880589
NEPNUT,2.4765084,2.7115412
ITAGAO,1.9227566,2.501369
URAKEG,2.5352848,2.475747
EBUJEU,3.2283587,2.9891698
ULANON,2.2256193,2.7161694
LAKCOT,2.3698397,2.3054466
FOVKIN,3.2367945,3.049537
NIDNIB,5.1007743,4.912513
QAZWEX,1.6612551,2.1759999
RIBVUV,3.2588356,2.8728235
MUZSIJ,3.3274083,2.5581377
GITKAZ,2.3369138,1.9708107
QARSEL,2.4931073,2.1117625
YICXEQ,1.3752635,1.2883836
NIGFAO,2.2571845,2.778001
XEKDEA,1.8571771,1.5759878
IWUWAB,4.772877,3.6602669
AHUJOF,1.7102356,2.1139631
NEZQES,3.1459084,2.6686559
RUPSAZ,2.4386845,1.9051297
KUVQUQ,1.1246465,1.960149
OCIJET,2.0413983,1.7807086
ZOXFIE,2.7418194,3.0608456
SUBLUZ,2.9439998,2.5560951
KUVQOK,3.6743536,2.4602408
SOWYAF,3.4514923,3.1576412
WAYKAM,3.2340732,3.10777
SERBEA,3.259652,3.2013144
AJEKUX,2.430521,2.759612
DUVTEW,3.3118978,3.182321
QURHET,3.1298537,2.4351997
UVIGOY,2.5644011,2.7057414
ZIJFEH,2.332832,2.6920187
KALWON,3.9116368,3.5839179
VERJOV,2.717057,2.5796108
XUWTIV,2.5875306,3.1098197
JIRYOC,3.1339355,3.216931
CITSUX,2.5940614,2.8143976
GACSIQ,2.8737946,2.8963602
KAVFUM,2.9385576,3.0399785
WIKPEP,2.2169116,2.6027462
PECBIJ,3.9200723,3.1195056
ZEQKUF,2.7156963,2.8302348
YENTIY,3.4950304,2.9425826
JOFRED,2.2163675,3.015612
IPAJIV,3.2193792,2.6850147
YOSJOH,3.1660447,3.0122247
MUNFOT,2.1565022,2.6969564
CAJDEA,2.6514776,2.9060266
QEVPOA,3.1921678,3.3696313
JISGEB,3.0283551,2.983785
ADUZOQ,2.2103808,2.6592698
DOFDOV,4.02538,2.870714
VAPWUE,0.5967457,2.5250154
HOBBAF,3.264278,3.4422088
GOQGOL,3.2789721,3.3145432
USATIU,4.071912,3.0926962
GUDBEP,4.951384,3.7874637
TAJKUO,1.6103698,2.5230596
OROYOM,3.405505,2.9984207
KOWQIY,1.7232971,2.9705188
RAXVUI,3.0680838,3.4926922
KOWYUT,3.3902667,3.0880997
ODOZEQ,3.5238745,2.9971495
PABPIV,3.0767915,3.0784948
JEQKAV,2.244123,2.1133108
XEBHEU,3.1080844,2.6873574
XUHVEE,3.295571,3.174199
VUPYUD,4.496137,3.786942
QAJKIZ,3.1178806,3.1174135
QANHAS,2.205483,2.1254294
JUMSER,2.8384197,2.9659805
IJOMAY,1.7665632,2.8479457
YEXQOL,2.6158307,2.6993914
EDEWET,2.3630369,2.8283658
CIXJAY,2.8971963,2.8242753
BIXRIN,2.6354227,2.7036827
VOSQUS,1.1529465,2.181666
VUVFIE,2.0530992,1.7668855
SOMGOQ,1.9616688,2.9714859
WOCGEE,2.838964,2.654368
MUDROV,3.0917578,2.783081
JAPBUB,4.2441597,3.634531
JELZEJ,2.6754234,2.5256894
KOWYIH,3.4601998,3.1503716
KUCLAY,3.0884924,3.0940967
REHQEA,2.853114,3.1560524
WUVKIK,2.2147348,2.1566143
XINDEH,2.7750173,2.079521
EQUQUF,3.291217,3.2131076
BOCMIS,3.1897187,2.851351
ADUJOZ,3.0337975,3.2654011
KOWSUN,2.8650868,2.8747373
KUVJIX,2.5208628,2.8265553
JACBUO,2.9358366,2.5752552
LEPZUE,2.6800494,2.6670725
IZEXOD,2.454739,2.768076
RIBKOF,2.9978783,2.8327522
EPEDAH,2.9888988,2.8679588
XITQUO,2.8299842,3.2021716
XAMGIF,3.531766,3.3116286
OPIYES,3.3396535,3.2342608
RUVZOA,2.774201,2.7191255
IBUZUE,2.5314753,2.6717591
ROVWAC,2.9029107,2.9468336
HACXIW,3.0732539,3.119245
GARJOC,3.2939384,3.252267
ZOQYIQ,4.016945,3.657898
PACTUM,2.3829012,2.4213254
MUTHAN,2.4218135,2.573273
COVLIL,3.0672674,2.9903595
PIDXEJ,2.2370481,2.5218394
IPEKAS,2.7350163,2.8486595
FINWAB,3.1584256,3.246079
WEBNOK,4.354094,3.7282257
RUWKAY,2.382357,2.796571
QEKYUE,3.1742082,3.0240793
PUFGUV,2.8239977,2.890345
GOXBIH,2.8321612,2.8389926
XAVZIH,2.102896,2.8520172
REKMIH,2.3586829,2.5819533
GEXQIN,2.5605915,2.6281605
YEJRAJ,2.8903935,2.9393785
SEPCID,3.2580192,3.1052763
UPAWEQ,3.233529,3.1114318
UPAXER,3.0925741,2.8885539
MURYEG,2.451746,2.570923
DOBPER,2.7497106,2.1243489
CUTMUC,3.176113,3.243463
OSUFAM,2.3780031,2.4501674
HAHKIO,3.0316205,3.2255747
XAMJOO,4.0427957,2.9289396
FODXED,3.1268604,3.16622
FUVQAR,2.6822264,2.8383582
MOYGEP,2.5589588,2.7496386
NOVPIA,2.7080772,2.4796515
OFOYAL,3.1850927,2.8865328
YASNIT,3.5167994,2.2572298
AQIDOT,2.934748,2.7630723
ICIPET,2.6637225,2.7983425
FUGREH,1.6683301,2.3654387
MUDCUM,2.4985495,2.6442728
ROBNUV,1.7915977,1.4646602
BAHDOH,2.942095,2.9429574
OROZED,2.8359706,2.7509875
QOZCIU,2.8384197,2.2922616
CUQZUM,2.0563645,2.2889466
WURFIB,3.6068692,3.7606566
AXUQIW,3.7192523,2.7758543
MAZQUD,3.099649,3.148218
QOCZAM,2.6112046,2.6661375
MAPYIP,2.9951572,2.8037133
WEKTAI,2.915428,2.8861172
VUWNIN,3.395981,2.8818135
RAZMEO,2.3214033,2.7838342
WICGAU,2.915156,3.0917614
TEYROE,2.5780067,2.637073
ZUJKOH,3.4308116,3.5289497
ATUNEL,2.9644084,2.7021518
ZOJSEW,3.0669954,2.9914806
UYOBAO,3.9565356,3.4395466
CETXEH,1.7045212,2.632678
MUYFOE,2.140992,2.1853776
FUFYUD,3.5382965,3.3782003
NAKHOW,3.5910866,3.2335746
XUPFUM,2.5796394,2.5894136
OHOZAM,5.2855396,4.9566946
LUXMAV,3.16931,3.2272928
AFOGAH,2.64794,2.3537216
LEKTAX,2.021806,2.7619498
RUJMIV,2.7461731,2.425399
LAWTOW,2.5412714,2.7108989
QAYNAJ,2.3456216,1.8950348
RUWJOL,2.8253582,2.800421
PEKKID,2.7129753,2.6739302
EZAFAN,4.3404884,3.3381884
PUPRIE,2.4939237,2.4949527
ELOROP,3.0596483,3.1592188
POZROO,1.1132178,2.5207272
ISUYAZ,2.3260293,2.7619967
FAJSIW,3.0299878,2.8863153
CAHTUE,3.7900019,3.298645
FEGQIV,2.925496,2.4014587
VIQMIU,3.4142127,3.1572404
FUVWUQ,3.5263236,2.9502962
FELSEY,2.3317437,2.8515313
QEDDIQ,2.1477947,2.3653195
ICOSUO,3.3633273,3.2918308
EFAYIX,2.6841311,2.7415116
DODZEF,1.6351322,2.1299696
OFIYOV,2.241402,2.4073226
XISGOZ,2.9973342,3.0994384
POWCUZ,3.2139368,3.4197927
ETOZIZ,2.7107983,2.5467231
UQECOL,4.3198075,3.109344
JAWLAV,2.0732355,2.9081917
QOVDUD,2.0343232,1.737135
LOHZIT,3.142371,3.4135554
QOQMOY,2.1064334,3.0501368
UGUYUT,2.4482083,2.3540726
GOMSEJ,3.33149,2.9708323
QEBHIS,2.0656164,1.8875258
KAZPOS,3.680612,3.509273
ATIZAF,3.1157038,2.9404106
VUKYOS,1.9842542,1.9607716
LUDTUC,2.303988,2.096292
FUVPOE,2.8068545,2.804413
RAZGIK,3.0727098,2.0878377
LUNBOO,4.0310946,3.3850434
YENTOE,2.88223,2.9531994
YABZIM,2.5853539,3.327575
LEQBES,2.8335216,2.5559754
MANDAK,3.1004653,3.3058996
USAVES,2.014731,2.2144947
YAGREH,4.3459306,3.740676
REQDIE,2.9796467,2.9354603
SOZKAW,1.6827521,1.9801991
GAXMIF,3.2112157,3.1278744
XEWRUQ,2.8601887,2.4683876
HIZDED,1.737447,2.1244574
BAFGIC,2.776922,2.733177
DUDFAM,2.5660338,2.4652972
WAYCEI,2.593245,2.1728184
QAFBAE,2.7456288,2.2891502
DIDDAZ,3.4373424,2.6621797
EVEYUC,2.2329664,2.5806985
SOTDIQ,2.465896,2.5298429
FOYSAQ,3.027811,3.314649
MADDOO,3.890684,3.209542
QEXXEA,2.1423523,2.0066395
WAYKIU,2.5720203,2.1034672
KEKZEJ,3.3094487,2.9273121
MUCTUC,1.4511832,3.1731966
AMIHAI,2.9880824,2.8196044
OPOHUZ,2.6509333,2.0698123
OGIVUY,1.488735,2.0190697
TOPHEM,3.171487,2.6334999
LIRVEQ,3.0735261,3.189228
AHANEF,3.164412,2.975029
EJOVUX,3.5018332,3.4056196
WURFUN,4.198717,3.7836058
HEDROA,2.836515,3.081375
MUTNOH,4.1579,3.9646997
SUDQEQ,1.5124089,2.3760743
HOMKUQ,2.7456288,2.6630545
DOVZIA,3.120602,3.2365644
TIVNEU,1.5978526,2.63893
CAJDOK,2.9157,3.1515205
QIRYUL,1.9823495,2.465123
WIBQUX,4.3785844,3.7097049
XOZVEQ,1.7739103,2.5966637
MAKTOI,2.5192301,3.215132
CUKJUQ,3.5410178,3.0318756
WARBAW,4.249058,3.2488847
ZITLEW,3.8776226,3.2255037
PUNKUF,3.720885,3.3972127
UZAYUS,3.204413,2.8962975
OVUBIS,2.0071118,1.9526722
IBAYIX,3.4308116,2.6007998
WUDJEN,3.1717591,2.725855
JAPBOV,4.236813,3.6106653
HUNFUU,2.6561034,2.8088272
NATVUD,2.0705144,2.2543654
XAHYUC,2.9905314,2.9355347
IPEJOF,3.0174706,3.028303
KIDWOL,3.434621,3.2826777
OWITIA,1.9605803,2.1670275
SITDIM,2.9004617,2.9129107
QURJOF,3.0767915,2.4989934
NEMBUG,3.405505,3.3689392
TESSAO,2.5154204,3.01964
TAYSIZ,2.6912062,2.5422702
YIGKUY,2.0732355,2.0779164
CARWEB,2.7018185,3.03813
AHAPOR,3.469724,2.9537518
DANCII,1.6198938,2.6346502
TIJFIF,2.0558202,2.5850348
YUMTUY,2.5995038,2.2506337
ULUJET,1.460163,1.8252912
GIMZIP,2.3192265,2.649937
YEWWUW,3.1083567,3.0426185
EYEXAK,3.039784,3.077852
XIZZOY,3.271625,3.1936345
SOCQEG,2.918149,2.8505397
LATXIR,4.100484,3.6890202
SUKFAI,2.430793,2.399781
ROLDII,3.1660447,2.5877354
HUPKIP,2.1257534,2.2212043
RACSUM,1.9050691,2.7456884
GICVUM,3.5905423,3.4339578
YEWWOQ,2.7625,2.9134512
KOQNOW,3.2463183,3.1033459
QEXFIL,3.3069997,3.099702
RUQZOV,1.5986689,2.2526493
EDEXAQ,2.3075256,2.8634908
EVOQEO,1.6261524,1.779919
UCOHIH,2.9769256,2.6459775
KUVREB,3.8912282,2.644214
MUBGEY,3.305367,3.012283
PUNLAM,2.9791026,2.896725
PIXBIL,2.384534,2.5014434
SAWNOU,3.0346138,3.1581287
OSETUE,3.0498521,2.7705052
ISUXOM,2.1956868,2.6074297
DUMKAA,2.1929655,2.5919738
OYOMIB,2.1739175,2.6952205
SIZTUT,2.043031,2.9497542
WEFDAN,3.1061797,2.7671201
RIPJOT,1.5230213,2.6700566
KEQTUZ,3.1622353,3.2836428
ZIJFAD,2.4152827,2.6940405
QUCDOK,2.8645427,2.7885008
JAVXUD,2.2419462,2.6487386
WECXOU,2.8093035,2.4955986
DALWUK,2.2174559,2.1272855
KUVRAX,2.2180002,2.2872295
DISHEW,1.2424719,1.8596425
DIRVIN,1.2702276,1.8831046
TOXWEL,2.818011,2.8531566
ZUHBEJ,4.1595325,4.1971035
YUQRIO,2.5287542,2.8384948
RUCYOG,2.2914708,2.279748
ZEHKIK,3.424281,2.8474948
PAWPOW,2.2052107,1.9262886
IHOXAF,2.4076633,2.184164
UVAFOP,2.9099855,2.7303138
HAYWAJ,2.827263,2.8062475
CITTEI,2.002486,2.8148704
DOVZEW,3.0748866,3.2818367
GIFQUK,2.0446637,2.4524376
ENIHER,3.4792478,3.4628975
UKOYUR,3.3763888,3.0226765
LUFGAW,2.5774624,2.584705
XENVOF,3.524963,3.2468948
ODOYUF,3.5758483,2.436045
CAGFID,3.2433252,3.2183924
NEZPUH,3.2128484,2.7728057
CAHJAA,3.2841423,3.1213427
MEPLEB,3.2547538,3.4695024
OHUDUR,2.961143,2.9541624
QIFBAM,2.0141869,2.4244678
ILOPOR,3.13067,3.1938396
RIPJUZ,2.9097135,3.0908294
NAFDIJ,2.7192338,3.0696006
QAMJAQ,3.004137,2.8577943
JAZJIH,2.635695,2.5835764
OGEFIR,2.6754234,2.884884
HUGXUF,2.0520105,2.2123127
KIWWOG,3.3031902,3.1881728
FUJSUB,1.9107835,2.502262
PEBCIM,2.5369174,1.8839058
PAMVUY,2.552156,2.5913076
TUWMEG,4.395727,3.407513
CERCEL,2.9747488,2.7636817
ZOQYOW,4.0852456,3.558376
JEGLEQ,3.5165274,3.6444106
HAQWEB,4.700495,3.6711297
UWESIB,2.4337864,2.601919
VOWTIN,2.7646768,2.951591
AQUHUR,3.2825096,3.3755848
QOBQIL,3.916535,2.7846825
OSUDAK,2.3028996,2.408251
MIMRUV,3.2561145,3.3928413
WUBFEH,2.1858907,2.1068923
DISHIA,1.5366269,1.8830192
EDEXEU,1.4751292,2.7953367
FELYAA,2.9380133,2.8551872
TALGOG,2.2721508,2.6175325
VETJUZ,3.4191108,3.6610384
DOKBIS,2.6248102,2.735942
DUGSUW,2.1910608,2.6270518
LAKYOL,3.128493,3.2089798
FULKUV,3.9524539,4.0513864
TUJPAS,1.8639799,2.5165186
LAMREW,4.213139,4.0485363
NUCZUJ,2.9978783,3.0784478
BOHDOV,2.9279451,2.6597664
TEPCAW,1.9050691,1.862319
QEJSAD,2.5037196,1.9770811
FELSAU,2.4650795,2.8777025
MEDVOG,2.6824985,2.6577058
UXOVIN,3.0580156,2.9113069
VIHREN,2.4724267,2.7409031
ZEHKEG,3.2033243,3.026545
DALBEZ,2.081671,3.149985
JELYEI,2.843862,2.6849008
NILQAE,3.0084908,2.7699702
FAPDUZ,2.9026387,3.0681326
TUVQUZ,3.23108,3.0984895
ADAMIF,3.4634652,3.011157
BOJKOC,2.0925555,2.5004225
EPUCOK,2.8686244,2.7568624
ATONUU,2.7167847,3.0479016
DUKDAR,2.423174,2.5764327
WOLNET,2.3728328,2.8097162
BOCNIU,3.1557045,3.3161368
YUZROB,2.8982847,2.5642445
REBXAB,1.809013,2.5666735
UQEJUY,2.4288883,2.2844963
TALDOD,2.2473884,2.651378
SOZKEA,1.7426171,2.0743895
TIVNOE,1.0909045,2.400848
ZUNPAB,3.2316241,3.1133103
XEKXIY,2.1801763,3.1231031
CEZFOD,1.8895587,2.793549
ROWMOI,1.8397619,2.2575226
WEBHUK,3.1548882,3.0627928
NOQVAS,3.2354338,3.8948255
FACTUC,3.259652,2.861613
QUZXOZ,3.3012853,2.5933547
MELQIH,3.4253693,2.853236
BAHKEE,3.336388,2.444067
CAFNAC,1.6680579,2.3839605
NELXAH,2.234599,2.454086
ORINEL,2.3505197,2.3014886
QINCAV,1.0062771,2.1586897
VEHSEK,2.7091656,3.0346656
HUNFOO,2.7562413,2.813227
IPEJEV,2.798691,2.808133
VUZRIU,2.2095644,2.5270317
GAWSOP,3.2634616,3.263053
XUPFAS,2.6035855,3.0513432
GUQHEI,3.1480854,2.9869463
GEGQIW,3.5301332,3.47117
ICIPAP,2.6131094,2.761221
MUPVUR,2.1086104,2.9235642
HESBOX,2.041126,2.4228337
KATTAE,2.0971816,2.4350405
QISQIW,1.9230287,2.3174398
APUJED,3.2561145,2.7406988
KAVFOG,3.0033207,3.034672
SOPJIR,2.5505233,2.7022226
FUYJAL,2.0985422,2.7998693
OROVID,2.408752,2.940658
PEKLOK,3.6038759,3.458628
BUDMUL,3.4980237,3.1103141
HICQUJ,1.7178549,2.2938423
YEZLOI,3.0623693,3.3787684
PEZTOG,3.4977515,3.234564
AHEJIJ,3.2169302,2.6682322
FELSIC,2.4397728,2.9038177
ULUJAP,1.5573076,1.8854918
AHIBUR,3.3450956,3.3626018
HESREC,2.2193606,3.2143075
OTIKUZ,2.7159684,2.7600732
XIZNON,2.3200428,2.6048386
WURWIS,2.8400524,2.5630383
KUSQIB,3.1086287,2.7966883
BUDMOF,3.5829232,3.1181822
QARRIO,1.5875123,2.3146472
QAYKIO,3.1706707,3.214813
GUNROZ,3.5576167,2.7578769
NENHAT,3.9451067,3.5114038
UCICAO,2.884951,2.7871768
CIHYOK,3.44605,3.2741828
AMIHEM,2.6846755,2.5859742
AMIGUB,3.0191033,3.2774477
CUKVAI,1.656357,1.5389726
MELQAZ,3.3486333,2.7795258
JAZHAX,3.0669954,2.859913
CIHYUQ,3.3562524,3.2547383
EGIBOP,2.1015353,2.2745612
JIPPIL,1.9537776,2.0001736
DALHEH,1.9924177,1.821979
VAZHIR,3.2174742,2.7538176
EQURAM,2.545081,2.886315
AQUGAX,2.2090204,2.7297368
OFUTUI,3.0357022,2.8814487
WAKGAU,3.4972074,2.9997723
COBHEK,2.3382745,3.0455787
UQETAO,3.1320305,3.1882863
WIYVIN,2.3284783,2.7825267
FIZDOK,3.4857786,3.0669034
VAPTAL,2.2090204,2.931006
DITMOM,3.7886412,2.7778592
YOZXER,2.875155,2.606126
ULAPAB,2.177183,2.4581966
UNEDEY,2.638688,2.7451653
INAMIW,4.356271,3.691874
KOWSOH,2.6699812,2.8628082
DUQHOP,2.8046775,2.5451796
OWASEN,2.9399183,2.6126497
ESAMUH,1.7456105,1.978811
HOTTUI,2.8041334,2.636528
PAKFOA,3.3045506,3.0982149
DUDVOQ,3.9540865,3.6204712
QEZMAN,3.0000553,3.1088076
PUBQEL,3.1818273,2.8883092
ULIJOR,2.4463036,2.9075947
TUDSIX,2.5946057,2.3666656
EXULUH,3.7227898,2.9596589
PIMTEM,2.7973306,2.9065616
ROWCUE,1.785067,2.1647987
QIQCIG,3.065907,2.777938
IPEJAR,2.8430457,2.852324
WIQFOV,3.305095,2.786865
REWSAR,3.6629248,3.3813937
COBHIO,2.1779993,3.03236
PALCIQ,3.53231,3.3751323
IQEVOS,2.2743278,2.581866
EDEYEV,1.780441,2.569772
OHIMEA,1.6043833,2.763554
XAJHEZ,1.3205686,2.112943
AHEJOP,3.2332568,2.6630206
COZJEH,4.158444,3.3899636
VIXJOB,1.0087261,2.2889655
IWUWIJ,4.970976,4.0441365
WURVUD,1.6985347,2.378678
XILTIZ,2.6588244,2.7191827
BOXTIU,3.532038,3.243202
JAZHUR,3.3766608,2.823373
BEXWOU,2.2800422,2.6117296
JUFDEW,2.3162332,3.0355537
GEBCOJ,1.959764,3.0509727
TAJLAV,1.6272409,2.5189452
AFIQUF,3.3976138,3.0922418
URIVID,2.1850743,3.0327103
POYMAU,2.4405892,2.212807
EYACUF,3.209855,3.2407346
OMEGOF,2.6990974,2.1809642
NIGDIU,2.330111,2.745708
JELZIN,2.6748793,2.501596
OHIHIZ,1.4539044,2.6739376
UMICEA,3.1921678,3.062065
XUBTOG,2.8697128,2.9481854
NUYWIQ,3.6071413,3.6552708
ZAWZIK,3.6169374,2.7813468
TAVNIP,2.9902592,2.898825
PIDXOT,2.3018112,2.6925828
YUMJIC,1.9042528,2.496178
JELYIM,2.8073988,2.7011666
SASSEK,2.987538,2.9677284
TOXVEK,2.7725682,2.8310444
TUVRAG,3.044954,3.0063925
ZEBHIB,3.1358402,2.8690262
FOVKEJ,2.4463036,3.1774528
LUNBEE,4.9339685,3.8326125
IJULIL,2.6185517,2.7984176
ROWMIC,2.6759677,2.4555252
UZIWAE,2.8754272,2.5012257
XAVKAK,3.3333948,2.451317
HIMFUI,3.1320305,2.6547358
PEKMIF,3.5437388,3.5144403
OMIMAB,3.147269,3.208856
POLZAU,2.7497106,2.7634575
PEXWEY,2.0103772,2.282202
JARNEZ,3.19761,3.3609686
QIMPIP,2.1978636,2.639863
UTUDUL,2.3186822,2.512159
QADBAC,4.5399475,3.7726662
TOMGUA,2.7165127,2.721237
MURZEH,3.1480854,3.0899267
BIYKUT,2.8950193,2.6163445
ZIHDIH,1.8762251,2.0936623
MURNUL,2.0585413,2.9582121
AHALED,2.8922982,2.8866963
GAPKER,2.3159611,2.6852577
FEHZUR,1.1254629,1.8210531
ULUHUH,1.5015243,1.9221221
JUSFIP,2.2691574,2.7752666
DUCZUZ,2.5706596,2.1855564
XEMFUU,2.466168,2.7246478
BELPUE,0.37470078,2.5534475
FOFXOQ,3.1562488,2.872304
ODUKUV,2.2566402,2.882606
KIWWIA,3.0354302,3.2222707
GERMOG,3.059104,3.196895
JAHFUX,3.1867254,3.171243
UQEBOK,2.3118794,2.7347393
SUHBIJ,2.1203113,2.05478
LUMZUR,2.6803215,3.2964864
NOBRIJ,2.0150032,2.918506
CEMXOK,2.2318778,2.095361
FAXBIP,4.4063396,4.2379847
KUYXAG,1.8120062,2.4771414
YICYUF,2.5584145,3.0922844
FIRZEP,2.1023517,2.7080314
ERINAX,2.4789572,1.631693
YOSXUB,3.9227934,3.298867
GIPJIC,4.038714,2.9829376
ZURLOQ,2.6637225,2.4708312
AWUQAN,2.4043982,2.6988277
DIQNUQ,3.575032,3.6182463
WEKXUH,2.3159611,2.8003817
VUFLIU,1.8247956,1.2954106
KAVPIK,2.95815,3.0728834
XAMGAX,1.1455994,3.3448255
DIQNIE,3.6457815,3.6262822
RUQNUP,2.1374543,2.4639418
NELYAI,3.3973415,2.848484
HUGXIT,2.43297,2.1019647
ABUYEE,1.6389418,1.8210878
XOTCUH,2.4109287,1.943975
EDICED,2.3829012,2.2019567
QABFUY,2.0555482,2.7928593
MUDZET,2.8901212,2.7756202
XITDOX,2.9820957,2.8389325
HETJUP,2.1994963,2.560224
AHEJEF,2.867808,2.7943053
NUDFEA,1.4988031,2.0620208
VOWJID,3.2354338,2.7242687
SEPDAW,3.2675433,3.2336364
MOYNOG,2.927673,2.8630574
FULGAX,1.5983968,2.7406197
QUNBEJ,2.6593688,2.789203
COCLUF,3.4324443,3.0763912
AQIQUO,2.600048,2.8814878
DICSIV,2.4675286,2.2594495
SUBTAN,2.2430346,2.1342108
HEYHEC,1.6266967,1.923368
KOYHOY,2.8427734,2.7962995
QATFIE,2.3121514,2.5453494
URIVOJ,2.1453457,3.0440052
EPEZIK,4.0071487,3.346609
ZAWHAK,3.2242773,2.6434312
FUZSUR,3.5233302,3.3636103
MECHOV,2.8683522,2.823028
QABFIM,2.0854807,2.9196851
KOYBUY,3.4136684,3.3504906
VEVHUD,2.1088824,2.375909
YIPRIB,3.7097282,3.1456401
MOFVUA,3.5007448,3.8030887
IPEJUL,3.0593762,3.014075
TOMHIP,2.3154168,3.1294966
MEGLUJ,3.2014196,3.251187
ROBTUY,1.7594882,1.7226138
IHUTIR,3.1581535,3.340465
EDEWUJ,2.4392288,2.8434765
KENGIX,2.9241357,2.7216136
XAZQOI,3.6319036,2.988947
NEZPOB,3.2063177,2.6873012
KAVPOQ,2.5252166,3.004547
QUCCAV,3.2109435,2.9355013
UZAYEC,3.5505416,2.964878
DOVZAS,3.101826,3.2549345
WETXIG,2.07895,2.1026697
KUDXAL,2.758146,3.1738853
UMADEU,2.5322917,3.3136568
LUTLIY,3.302918,2.867839
HACHUS,3.6607478,2.565804
WURXIT,2.865631,2.4797559
BUZPES,2.208204,2.9922729
QUXROT,3.8778946,3.3423269
UZITEF,3.0931182,3.139529
UPAWIU,3.2332568,3.1373916
HOTVIY,2.571748,2.7858398
WIKNOX,2.7823641,2.471427
WUFQUM,1.9556823,2.630804
GEDNIO,1.5905055,2.1418738
ROFMOS,2.5053523,1.6154321
NUQDUB,2.6343343,2.2861607
DOVZOG,3.0762472,3.2829537
JUVHUG,2.877332,2.7602646
MALMEV,2.673791,2.6912165
WUDSUM,2.899101,3.0529108
MUFCAU,3.1695824,2.8880625
BAYCEN,2.035956,2.0856283
NILPUX,3.006586,2.7809355
IMAYAY,2.468617,2.6770854
BAHPAF,2.0824873,2.3329945
UQUZOX,2.9274008,3.0098512
HOWMOY,3.6343527,2.9771497
NOQLAJ,3.1747525,2.2416162
LUNCAB,2.9957016,3.2797103
CIJFIL,2.979919,3.2531018
RATPAF,3.1328468,3.2443902
TAQMIL,2.0941882,2.4164364
BUVXIC,2.8294399,3.1076224
GISPIJ,3.2079504,2.3014398
QOLLEL,3.3358438,2.785089
HOJMIF,3.8259208,3.2467093
NESLAC,2.2865727,2.649095
WEYJOC,2.5233119,2.5542877
PEKLUQ,3.4144847,3.5624695
LUTLOE,3.2825096,2.8407454
VAJVIM,3.2925777,2.8127837
FOVLEK,2.1706524,3.0106463
MOTSOG,2.3393629,2.6961622
VAFSUU,1.5273751,1.6490021
UXICAI,2.9303942,2.8303542
ZOQXUB,4.027013,3.5447323
NANYAC,4.039258,3.150226
ZEQLAM,2.7459009,2.7165763
ZUJKUN,2.9540682,3.3796241
ESAVIG,2.700458,2.2597852
RIWYUV,3.1061797,3.0344803
ADASOR,2.2479327,2.5601566
SOZKIE,1.732549,2.1202204
CUTLEL,2.4626305,2.6581652
SIMPUB,2.9056318,3.0856702
JISMOR,2.0392213,2.3132906
SUGVAU,1.9935062,2.706176
MAJDUA,2.5064409,2.842016
FULNOS,3.8490505,3.850997
UNONAP,4.3821216,3.1708715
KATSIL,3.066179,2.9866989
ZUJKIB,3.1679497,3.3835237
TIVNUK,2.1641216,2.6720343
CITLAU,2.4931073,2.3117633
LOZTOM,2.2786815,2.813229
KEKYOS,3.0536618,2.8254132
XAJPUX,2.9883544,2.678319
ZEGXES,1.859354,2.3101106
FACMUV,1.7545902,2.2868364
YIWMIE,3.33149,3.0930183
ECIQOX,3.1867254,3.260333
INACAE,3.207134,3.1702256
TOVTIJ,3.1037307,3.203714
OHOJED,1.6223428,2.74859
BIVNON,2.6808658,2.6398158
REPTUF,2.367935,2.7379894
SUQGIX,1.837857,1.9695842
OSABUI,1.9178585,2.53694
NUGMOU,2.2786815,2.3679366
UQEBUQ,2.9665854,2.7204952
JIDNAP,3.7717702,3.572621
PUPREA,2.4705217,2.46655
KERRUY,1.663432,2.4434266
ISUYIH,2.1545975,2.7249396
DOKFES,2.52821,2.7567637
UBEMEX,2.595694,2.2310436
KAVQAD,2.2713344,2.644434
DISWAH,1.2288662,1.8291326
DEQNAS,2.50889,2.6398826
PIGNAY,2.8234534,2.8957016
PIBHIV,1.3388002,2.952432
DERRIF,2.466168,2.8563132
KAVPUW,2.7369213,3.0575795
COWROV,3.03026,2.5110087
IPAJUH,3.415029,3.0017338
LUXYOV,2.9271288,3.076891
VOHMIQ,3.0386956,3.2095087
OYOMAT,2.6868522,3.2267382
JAHFOR,3.0871317,3.303099
WEDWAH,1.9864312,1.6479961
REPVER,2.1872513,2.4990842
KARFOC,2.6865802,3.023182
OKUJAF,1.8933682,2.8284676
GARJUI,3.4381588,3.2077553
JAPCOW,2.8435898,3.1134768
EJIXIG,2.87706,2.560446
WOPNOH,3.5429225,3.112744
BUNWUF,2.915428,2.7926447
HIMXEK,3.5456436,2.4654725
JIRYUI,3.1050913,3.2111678
PEKMAX,2.942095,3.5937889
URONOH,1.3205686,2.0940154
DOZXIB,3.3255036,2.7844281
XAQFAA,2.1298351,2.4289632
IDIFOQ,3.0754309,3.1974726
GOHCIS,3.5225139,3.1679864
YUWCAU,2.9867218,3.293045
JOLKUT,2.8112082,2.6221259
IKEKIS,2.8082151,3.1253734
YURMUW,2.0057514,3.0010614
AHAPUX,2.8218207,2.4889047
EDEWIX,2.463719,2.7993088
BUKFOF,2.2609942,2.678653
FUGRAD,1.6476494,2.383067
IDIDIM,2.958694,2.9537635
YEZYEJ,1.7668353,2.7958896
SIRPIU,3.1720314,3.2733102
BUPDIC,3.1899908,3.231426
PURFUD,3.1129825,3.3043694
MUFBOH,3.1437314,2.8671703
GAGMAG,1.7205759,2.3805783
IWUVII,4.889614,3.7620828
RUHKUD,3.0114841,2.9672384
FEWGOH,2.5796394,2.8123555
ROBPIL,1.8833001,1.8603569
CUTNEN,3.1774735,3.230532
QEXXIE,2.1045287,1.9743936
VOFNIQ,3.099377,2.9168854
ENIHIV,3.477343,3.2527065
QILQEL,2.2811306,2.6733623
XUXRAM,3.0648184,2.9741142
WEKCUO,2.3592272,2.7543428
NAGQEV,3.3391092,3.2757235
PIBKET,2.961143,2.9290774
NIGFES,2.0990863,2.6809547
ANOZUB,1.6789426,2.151774
XENVEV,3.3641436,3.1191983
QUGXAU,2.8710732,3.7049165
WIKPAL,1.9578593,2.4253387
WUBFAD,2.1548698,2.1987946
VIYHIY,3.8305469,3.6039495
EMIHUF,2.1042564,2.0145698
LABFON,1.0977073,2.5461364
OBIBEK,2.1875234,1.7765326
BOYSOY,3.7007484,3.7502112
NERMAC,2.2637153,2.5746696
DIDHUX,2.540455,2.8041399
ERUQIU,2.5872586,2.4015675
BAHKAA,3.5143507,2.8382914
FAPSIZ,2.3524244,2.989799
REPTIT,2.2585452,2.691727
YUJFAL,3.455846,3.1159365
USIQEV,2.306165,2.0423498
EKADEC,3.025906,3.2122042
SAKJAT,3.6846938,3.3521824
GOQCUN,3.3306737,3.091167
TOXVIO,2.7282135,2.936212
TIVMUJ,1.9344574,2.708033
VEMTOY,2.2650757,2.5428958
XUJSAZ,2.2049387,2.3935847
HAHLAH,3.1981542,3.2040262
BEKWAT,3.7129936,3.263203
EXULOB,3.3633273,2.8095317
ROWNUP,2.7132473,1.7767757
DUDVIK,4.206336,4.181363
FUVQOF,2.392425,2.5369525
NULGEJ,2.999511,2.361129
KEMZUB,2.8803253,2.7160044
QOLDAZ,2.0784056,2.7309165
YUMJEY,1.971737,2.6404018
NONREP,2.5464416,2.7420902
NAJZIL,3.1981542,3.2767408
PAPRAC,3.0054977,3.0329742
PACTEW,2.1910608,2.5501118
MUPVEB,2.0114658,2.8646767
RUQZUB,2.6223612,2.86145
LULTUK,3.3753004,3.2674308
ESAVOM,2.9758372,2.6957407
AWALUI,3.2944825,2.7753193
WOFMOV,2.6762397,2.3086705
KETVUE,3.2321684,2.985504
GAQHOV,3.2340732,3.1102889
OWATEO,2.9521632,2.6591127
MAKWOO,3.025634,2.9073849
MUZSEF,3.802519,2.720542
MAMVIG,2.5415435,2.9119582
NICBIL,2.2580009,2.2372937
DIYNOS,2.4645352,3.1447875
XOTDAO,2.0936441,2.0818713
REJTUV,2.418548,2.3369565
OSUDIS,2.9434557,2.61647
LEPCUH,2.8457668,2.9265764
FEKJEK,0.66395783,3.0217197
TOTVOQ,3.032709,2.8155785
KOWTAU,2.95815,2.8806214
KUGKAB,2.2182722,2.3870733
MEPCOD,3.3067276,3.2221587
QAYMUC,2.3105187,1.8410248
QURJAR,2.2193606,2.6244159
VOHLIR,1.818809,2.4825597
UJASEG,3.9094598,4.087799
TOXPOO,2.6011364,2.6341944
UPEGEE,2.8027728,3.0612056
IRIDAR,2.688485,2.7585306
HOWSER,2.2642593,2.6601443
MECHEL,2.958422,2.842158
DUVTUM,2.9050877,3.0543187
FIRZAL,2.207932,2.8247416
CAGDOH,1.7428893,2.5097861
XUWSUG,3.0174706,3.3241508
QAWYUL,1.7752708,2.4941459
WODJAE,3.228631,3.0687783
IRIDEV,2.7118866,2.729672
ETEWAE,1.6291457,1.9058099
YIKHOT,2.6019528,2.7495909
VENQAK,3.272169,2.8140428
VARBAU,2.70971,2.8275452
MAYYOE,2.8210044,2.9428678
JUJCAV,2.0579972,1.9710302
ARIHUH,3.3897223,2.9325671
JAHGIM,3.0457704,3.0989642
YUVSAJ,4.1565394,3.0726447
QANTAC,3.5845559,3.011192
VUPYIR,4.588384,3.6343806
JECQUH,2.8087592,2.9143264
IDICAD,3.715987,3.063153
ZEDGEX,3.5404735,2.9802413
ZUWRIU,3.826193,3.329032
FIFFIL,1.6509148,2.8543363
UCESUU,2.569027,2.8574631
FIZXAR,3.1586976,3.1646497
NIDKEU,2.7954257,2.8428807
UGAYIO,2.2931035,1.2705365
PUVRAC,2.8781483,2.9732442
ENULEH,2.2242587,2.6136606
DOHKAQ,2.5001822,2.620623
EBUJAQ,3.2283587,2.9668434
CEBVIS,2.0607183,2.6591418
USIQIZ,0.46014455,1.5059676
JACCEZ,2.9932525,2.5675335
JIZXAV,2.1711965,2.644563
UGEXOW,3.9070108,3.5676665
NUYWAI,2.6210008,2.958077
HEFLOW,2.7880785,3.2445967
HEWTEM,3.5758483,3.0541334
CEPYUV,3.5913587,3.0458853
XUJWOP,3.00196,2.9844475
ZUHXOP,4.552465,2.8991964
JARRIH,3.776124,3.116461
FIZYUK,2.70073,2.716288
PIJJOJ,2.7347443,2.8221521
SOWDUE,3.4729893,3.2694159
NAJGIS,2.7703912,2.8117945
PUTDOY,3.3850965,2.9682796
ESOHEC,2.927673,2.9574916
SUQDAM,2.9075365,2.8455975
GEQVIL,2.3537848,2.5198188
TIYSON,3.0999212,3.2862828
QEWTUL,2.936925,2.828207
OMIVUE,3.0286274,3.0820827
YUBJEL,2.6667159,3.3130393
OCOZIT,3.653945,2.851217
KULGEG,3.5140784,2.8464258
KOYBOS,2.6027691,3.0042262
YINKUB,3.4403355,2.8281715
SENPXR,1.9115999,2.504119
VALHEZ,3.2204676,2.7396212
YIJMAJ,2.3888876,2.736078
ZOLKOE,3.5913587,3.2071133
LEKMOE,2.7597787,2.143995
SUPNAV,3.0071304,2.8560743
EVEKOF,2.2775931,2.8785229
ESOHOM,2.8212764,2.9367325
FAXBUF,2.5426319,2.7606027
YUGLAQ,3.6743536,3.0378208
PEWMEN,3.1576092,2.8905382
UVOJOH,3.3138027,2.8125808
QASGOK,2.5518837,2.5092077
YAJBAQ,3.1938004,3.048119
TUDXAR,3.094751,3.468202
ERAYAA,2.7355607,2.7650523
RHCBOR,0.49769625,0.81348205
YIGYAS,3.6629248,3.4028225
YUGLEU,3.6523123,3.1723552
LUMXAV,3.0539339,2.7903082
IGEWOJ,2.5080736,2.6952343
KUTXUV,0.78042257,2.8640678
UTUXAL,3.1812832,2.89132
CIXROU,2.8805974,2.3900754
MOXFAJ,3.2708087,2.901293
LIGQIF,2.262899,2.97556
IFATIW,2.5897076,3.0183282
ZECMAZ,3.7940836,3.236047
MALDEM,2.5921566,2.373525
JIWYOH,2.2833073,2.5215878
JELLUK,3.0267224,2.4870925
RUHLOY,2.5265772,2.6032648
CILYOL,2.8430457,2.652319
WAXLOA,3.3546197,2.8652644
CCXZPR,3.5660522,3.3013778
DIVFIB,3.1135268,2.899915
PAQYOZ,3.6022434,3.0270252
DAWTAW,2.5771904,2.5271926
NADBIH,2.9693065,2.693803
EGEBUR,3.4787035,2.7678244
QIQBUQ,2.9048154,2.790474
FUMRUD,2.8547466,2.871363
QARYAN,3.2517607,2.6654346
GUTDAD,3.352715,3.0047796
YOVJIC,3.0523012,2.9351408
KIQZAP,3.2504,3.1225364
KOJKOM,2.7859018,2.9637392
CUSDOM,3.2574751,2.7374322
ITEQUT,2.8971963,2.9209073
BAJHON,2.470794,2.4576893
PUTDUE,3.2901287,3.0033717
JIJJIZ,2.1584072,2.2684827
XUBSIZ,2.7031791,2.3333302
OHEDEN,2.2427626,2.357283
YICWUC,2.755697,2.8818374
PAHZIL,3.2944825,3.0732846
JEKSOL,2.2947361,2.4723184
AHICAY,3.3091767,2.936328
MOVLUH,3.7486405,3.2150419
NUPHIR,0.5708949,2.5096662
RAMTOQ,2.0345953,2.7263353
CEXNID,4.0324554,2.9533849
UKULOC,3.1774735,2.9179955
CUSDEC,3.085499,2.898521
XIQRIA,2.7586904,2.8035858
MADKIM,3.2572029,2.8459568
ZUYLIR,2.186707,2.2374904
EDOCEG,2.9927082,3.2983942
AJANEH,2.7616837,2.9381735
QUNCIL,3.3682253,3.2412055
QUMPOG,2.9567893,2.6665435
JEKTEC,2.079222,2.1638823
AHASEK,3.2201955,2.9892054
WOZBEV,2.860733,2.8542325
JAVYEO,2.1948705,2.451561
NATCIU,4.0071487,3.2113175
XAHKUQ,3.6446931,3.3800786
KATSAD,3.9418414,3.0854933
AMAYOC,2.1382706,2.4429922
OJEWIK,3.7067351,3.161778
CAHDAU,3.6961226,3.092807
YUQQUZ,3.1244113,3.0879297
ETIWIQ,2.8220928,2.417535
NIDJAP,3.6463258,3.4004354
TAYFOS,2.9698508,2.615407
GAWNOK,2.4648073,2.3285515
EWOPUE,3.4022396,2.6632285
QEQROX,3.302646,3.021324
REFCOY,2.5448089,2.2815444
WAVPIV,2.6590967,2.243126
IROWIY,2.5469859,2.0541708
XUPHIA,3.3731234,2.9398687
JATLAV,1.7526854,1.9868426
TIJCAR,3.570406,3.4616995
CECCIA,4.5600843,4.0359917
UTUWOY,3.14999,2.833478
AMEDAA,2.7853575,2.7776027
VUHHIS,3.0427773,2.5373704
DUMKUU,2.6438582,2.9201121
IZEKAC,3.2373385,3.1266987
NABGIK,3.527412,3.557384
OVOVUT,3.4112194,2.982973
UTUVIP,3.675986,3.136791
JUZDEQ,2.349431,2.3459842
UJUZAD,2.5241282,2.49281
NAHNET,3.0093071,2.7407756
PEBNAP,2.9494421,2.8624072
LUHROY,2.1834416,2.2716334
UTUWUE,3.169038,2.8916075
LUHWIX,2.3162332,2.0639856
NIFXAF,2.9567893,2.6804938
UQUQUV,3.9470115,3.1676838
LETWUF,3.0811453,2.6153972
XUPDEU,3.1932561,2.9364524
JERPIJ,3.3905387,3.0812194
SOZKUQ,1.945342,1.7426152
PAQYEP,2.6482122,2.894246
FUZBAG,3.5187044,2.6539207
FUYQOI,3.3178842,2.9636486
WEXNAP,3.8558533,3.5753694
LOZSIF,2.6152864,2.8813674
LUDTAI,3.4414241,2.8325758
SULCIO,3.2218282,3.0803742
OHECUC,2.0901065,2.5758383
GABXAM,3.1758409,3.1662967
XAQHAC,3.305095,2.8403842
ZULLUQ,3.450676,2.9594803
WEQXAS,3.0950232,3.3907185
XEFXAH,2.936925,2.7538996
QARYOB,3.4925814,2.966883
VAZLOX,3.4738057,2.8569267
UCOPUB,3.0759752,2.8142095
XOWTIP,3.2531211,2.927509
FOKXOT,3.290945,2.8434746
VICFUL,3.4033282,2.9602122
NIDJUJ,4.11028,3.3627515
NANVIJ,3.4114914,2.9952064
JATKOI,2.731207,2.3478677
LIVDED,2.3608599,2.6223912
KIHJOA,2.7902555,2.7073996
CEYXIP,3.4729893,2.9590356
CEKSAP,3.0966558,2.7563524
WEGZUH,3.1080844,2.742258
XAQHUW,3.5630589,2.9213011
HADDEZ,3.630271,2.3116739
MORSAQ,3.2441416,2.6743147
ZUPCOF,2.8762436,3.0093336
VUFMIV,2.5937893,2.9285011
IKULEG,3.2792442,3.1158414
QEWTEV,2.7728403,2.7870958
AMEMOX,3.5421062,3.6254256
HOXLAK,3.6953063,2.8836234
UVOJUN,3.1505344,2.9087744
LUHWOD,2.167659,2.3482969
HUXSUQ,3.9693248,3.1254878
HIJLUJ,2.0582693,2.3664813
XUXDAY,4.275453,3.3982055
ZEJHIJ,2.1026237,2.7796571
SUWVUE,4.246337,3.6511939
OZISOI,2.3167775,2.2800956
XOPRIG,2.9927082,2.9432857
CECPAF,2.0854807,3.1414766
FEVQUW,4.0419793,3.4676654
AKAZEU,2.3246686,2.5867639
IWIKAD,2.291743,2.9050608
MUJJUZ,2.7848132,2.2613885
PAGJOY,3.7861922,3.206696
FUYROJ,3.4553018,2.7994845
NEHWUW,2.49991,2.4217649
XAFKUO,3.8264651,2.9195585
EBAZIU,3.290673,2.7721639
CAHRUC,3.5116293,3.0077891
TAYQOD,2.313512,2.590778
OHEDAJ,1.9292873,2.6374855
DEDZIX,3.9592566,3.636008
MIMXIP,3.797077,2.9687285
MEMPED,2.7287579,2.8004637
KUGWIV,3.453125,3.2267067
VEXNEV,2.024255,1.9779315
YEQJIR,3.0569272,2.7203505
INALER,3.192984,1.9313884
EVEKUL,2.7859018,3.1166081
MEFKER,2.2620826,2.370666
WORKIX,1.2288662,1.5237397
KOKPAE,3.539385,2.8031526
ZEJJEH,2.0473847,2.839577
DOVPEM,3.2357059,2.994944
QASGEA,2.8947473,2.5355122
TURTEI,3.654217,3.172481
NENVIP,3.3118978,2.7510457
XOBFUR,3.3853686,3.2420774
ONUVAX,3.2359781,2.4503074
ZOLPID,3.5385687,3.2888522
JIHTAZ,3.3807425,3.0256252
ECITIX,2.5826328,2.7259789
KUGGAW,2.9137952,2.878401
FUTZEC,3.064002,2.9098125
TAFHUE,3.2076783,2.6730213
IZAQAE,1.7837064,2.3386745
DEXHUJ,3.7026534,3.1937702
IWIJOQ,3.199787,2.977677
WAWSAS,2.4463036,2.1745195
ZEGSEN,3.0577435,3.065098
XUGYEG,3.453125,2.8925126
YOPBEM,2.999511,2.7237437
XEMLUA,2.6373277,2.8606875
ROBCAM,3.152439,2.9529448
MOBDUG,3.4667306,3.0477004
OCORIL,3.394076,2.9136531
FUYSEA,3.587277,2.9856262
QUMPUM,3.1548882,2.944841
HOPNOS,2.901278,2.9005334
KAQTIG,3.878439,3.826046
CAMKIO,2.324941,2.194178
IBEYEX,3.2754345,2.9827108
AMABOG,2.4697053,2.6998012
DUCROL,2.7916162,3.0413435
YAPZUO,1.8694222,1.9839255
MAPHOE,2.669437,2.39595
QEGZIN,1.9937782,2.441482
JAHPAN,2.6239939,2.3047044
FUDKEV,3.0305321,2.9516597
GIVWAL,1.875953,3.0299554
MAZLAB,2.9812794,2.868807
TINVAR,3.0577435,2.9416916
EFILOW,3.5475485,3.0712957
DIQCAL,3.1747525,2.8006003
JELHEO,3.1529834,2.8362513
KAQSAZ,2.6561034,2.8933957
FUYREZ,3.1385612,2.9341805
FOVSEQ,3.6558497,3.016535
JEXHIH,2.6604571,2.2552385
XAJQOS,2.7045398,2.5485284
TUJCUZ,3.3929877,2.9772885
ALINAN,1.7431614,1.8483578
DEDZUJ,3.8585746,3.4688125
VESPAO,3.3701303,2.8334594
NACNOU,3.1083567,3.224257
MUJKIO,2.7717519,2.4092855
TAHGOC,3.3037343,2.8536937
PAWJEG,3.7339463,3.1265154
SAKNAV,3.6509516,3.2233608
HOWRAM,3.2201955,3.2100096
AZEYOW,3.1801946,2.8857975
HALRAR,3.1788342,3.517241
FADXIU,3.6438768,3.16946
LIVDIH,2.3690233,2.7323046
XICGID,4.2857933,3.254522
UFIQAF,3.5804741,3.1131825
SUPROK,3.5453715,3.1871517
TURSUX,3.5170717,3.2112017
JATKIC,2.6784167,2.1395302
XIQLIW,3.075703,2.8587127
FEHJOS,3.7701375,2.9804118
XUVRAK,3.3080883,3.0081053
YUZKEM,3.7241504,3.215213
DICQOZ,3.2493117,2.9281342
WODDUS,2.0582693,2.781571
ENAMEO,3.3056393,2.7643402
FUTZIG,3.1089008,2.8264737
TEYKER,3.1660447,2.787415
PESGON,3.1317585,2.7357318
MOVMAO,3.1154315,3.0485084
UBINAY,2.8718896,2.9458623
ACOJOV,2.2947361,2.3093407
DILWUU,3.445778,3.088656
PIJSEG,3.0049534,3.1860511
JEKSUR,2.0917392,2.2538195
QUNBOQ,3.5442832,3.0788445
AHAGOI,2.3505197,2.5890415
COYMAH,3.4319,2.7806175
ALINUH,1.9654784,1.9287611
IBIWID,2.7461731,2.729394
TENZOF,2.884407,3.0719936
TERHOQ,2.3856223,2.4151073
KOBPEA,3.486595,3.1097767
YEYWEF,2.6588244,2.9738336
VAGGIX,2.5314753,2.7597384
BUWKUC,3.9445624,2.4294484
YAKVUF,2.1529648,2.6330397
ZUKPED,3.7644231,3.0645654
WEZXIK,3.1589699,3.173358
ZULVOU,3.5763924,2.898612
ITERUU,3.6144884,3.0620904
ACGXRH,1.1292726,2.276884
QEKHUN,2.733928,2.6596866
KUXJAR,2.4996378,2.971929
OJEVIL,3.2324405,2.488287
KAFTUK,2.863454,2.8841448
NEFTEB,2.9981506,2.7764587
MEBTOC,3.3372045,2.9085238
LUDSUB,3.1959772,2.7764978
BOHSAU,2.4811342,3.2754202
QIBGEP,2.8528416,2.8967984
ZECNAA,3.5050986,3.251267
AHIFUV,3.300197,3.017695
WAYBAD,2.762772,2.0039072
ANUDUL,3.1772015,2.6943424
VUHHEO,3.041961,2.5373478
CUDVEF,2.88223,3.0810504
XUBSOF,2.1562302,2.3421204
ETOYUK,2.9554286,2.4436183
VUHGOX,2.8762436,2.3975978
FAMTEW,2.555149,2.5525644
MACKOU,2.9317548,2.7138634
QASGIE,2.9086251,2.5403357
CIGRAP,2.7731123,2.8597567
JEXHON,2.660185,2.2548797
AWUPUG,2.5635848,2.4569356
LETWIT,3.1113498,2.5384643
RECZEI,3.0000553,2.7425938
WAKYOA,3.6076856,3.3640802
UKANIF,3.8457851,3.3874035
ODIGAJ,3.1671333,3.1516547
ICEFAB,3.3546197,3.0569394
ZEPWUQ,2.7254925,2.9491403
TUKLOD,2.9148836,2.845935
DUGMAU,3.4158454,3.2932627
CUSDIG,3.2101274,2.6945853
ZEJGUU,2.3448052,2.693879
XOTCER,3.2359781,2.7409575
YOJSEV,2.9570613,3.3297415
XAJQEI,2.9703948,2.5531573
DACFOG,3.3976138,2.998511
FELVIF,2.1121478,2.3857594
HOMFEX,2.4122894,2.2017572
MACKIO,2.7976027,2.7715874
FEVRAD,3.9832027,3.3923733
IKOCOC,2.0422146,3.076651
JATHAR,2.19868,2.5053303
ANUDOF,3.1894467,2.7106996
QARYER,3.5279562,3.0008185
IYIHUW,2.6283479,2.9278858
XAFKIC,2.7165127,2.7310193
ZISWIL,2.7916162,2.9508212
VOMDAD,3.2030523,3.0149884
QUKWAX,2.4577324,2.3704088
KAVMAW,2.9940689,2.9886475
VUFMOB,3.5470042,3.2395983
FUYSUQ,3.5546234,2.7028272
FAPWEA,3.2748904,3.3577113
FUSQUI,2.6133816,2.7546349
AWOJEE,2.2185442,2.096459
IYIJAE,3.209855,2.8806202
HUYNUN,3.567957,2.8842132
QUMQEX,2.676784,2.8141685
PIHVIM,2.9459047,2.942042
OHECOW,1.7537738,2.6467702
KACLUZ,3.1769292,2.9959204
ETOZOF,2.9173326,2.5264094
KECBUP,3.2762508,3.188883
YAPMEL,3.0773356,2.436984
KEVLIK,2.97747,2.8832188
NENVEL,3.3524427,2.764745
HIFBAD,2.4463036,2.912612
FEZPEJ,3.4759824,2.9900339
MUDZIX,3.068628,2.5434244
IMOGOJ,3.5121737,3.0194645
EYONAK,2.8914819,2.5765722
QAPMAZ,3.716259,3.459865
ZOKKUJ,3.0884924,2.522348
ZANPEM,3.2327127,2.8274472
TENZAR,2.1518764,2.827896
PACCAB,3.2653663,2.4656646
ZANPIQ,3.0680838,2.921543
KUXJEV,2.4778688,2.7387276
ZEPXEB,2.7420914,2.9390445
FUZCEL,3.4569345,2.5948677
JAQCEN,2.5823605,2.7341025
XEHBOF,3.8683708,3.0861857
USOZUA,1.7989447,2.714635
UPILAJ,3.1146152,2.855843
FUYSIE,3.458295,3.0672371
CIKXOL,3.126044,3.1098902
LUMFOR,2.635695,2.4455233
WEFQAA,3.6830611,3.5629737
YIBKAW,3.2659106,3.144435
XOTCAN,3.6852381,3.093493
FUYPOH,3.3279526,2.5974302
GIRWOW,3.2463183,2.791225
FAMTAS,2.5586867,2.5517242
EHUXAJ,2.581,2.6560163
BOZRIS,2.8308005,2.2777605
YEDNEE,3.0966558,2.7764888
ANISEY,3.5478206,2.9629517
DALXAP,0.21442573,0.9593111
CAHDEY,3.5603378,2.9815855
QULCUY,3.348361,2.8163934
QIQDUT,2.901006,2.8108556
UJUKAN,3.1755688,2.928939
FEVQIK,3.9832027,3.3933425
KAPYOS,3.6060529,2.9722354
JIJKAS,1.9268383,1.9979193
LOWPIZ,2.8852234,2.7648559
TURTAE,2.8073988,3.1902044
RUHLIS,2.715152,2.651505
LUNTIA,2.69556,2.404409
IDUJIE,2.2212656,1.9596415
JAVVUY,3.8359892,3.4839404
UMENAD,1.8833001,2.8262863
DEKMOZ,3.9848354,3.1114233
TEYKAN,3.2250936,2.895088
TUKYOQ,3.023185,2.7263446
SUBVEQ,3.4455056,3.0168042
FAXNUR,2.8898492,2.7489989
TURHIA,3.078152,2.7938504
ZEPWAW,2.5224955,2.9207127
QAKQIC,3.7029254,3.433184
VASMIL,4.182662,3.8161569
XAFCUG,1.9992205,2.056843
GAMYEC,3.0974722,2.7610786
WAZBUU,3.4313557,3.0260918
FUHXIS,2.5834491,2.675604
NARGOG,2.088746,2.0363564
NELWIM,3.3255036,3.1543472
URUXUB,3.4607441,3.0325136
WENWOB,3.453397,3.381779
XAQFII,3.0509405,2.851762
NAHMUI,3.0332532,2.7749007
XENCAW,2.9282172,2.846866
XEHCOG,4.4898787,3.5811205
EBAZUG,3.26455,2.9443336
JAKPEU,2.6226335,2.4430935
VOGFEG,2.8922982,2.9557362
TEPBAV,2.6541986,2.9685924
ICEFIJ,3.5744877,2.9729097
NAHMOC,2.7673979,2.6922083
MOCZEM,2.432698,2.1291044
CECBAR,4.880362,3.953304
XAQZUO,3.3007412,3.0444949
WIYZIR,2.9244077,2.7248218
QIQMUC,3.57993,2.6210697
CIKSAU,3.3829195,2.8472946
HUGQOS,2.9959736,3.0994966
JATMEA,3.3105373,2.8567495
ALIMOA,2.1529648,1.9844418
NADNEP,2.8332496,2.8269155
VUHGUD,2.9543402,2.056673
FUJJOM,2.8493042,2.5182123
YAPLUA,3.0702608,2.4509223
PIVNAM,2.7682142,2.5869124
EQISAA,2.449297,2.4453964
TENYUK,2.750799,2.751194
HADCOI,3.182916,2.776545
XAFKEY,2.3129678,2.7059202
KAPZAF,3.4302673,2.9721172
JATLID,2.750799,2.3729694
SUCRUG,3.3440073,2.777717
WAWSUM,2.3701117,2.2067585
VAFYAG,3.274074,2.933548
ONOLIP,3.001416,3.090803
SULCAG,3.0713491,3.0637355
JOCHAM,3.1222343,2.8610222
RAJDUF,3.7965326,2.8088052
FIMXAE,2.8256304,2.7735589
KUGWER,3.4229202,3.1792092
AHIGIK,3.3442793,2.9560087
HISMUV,3.281149,3.0767639
VIBVOS,2.4419498,2.659188
UGOPEO,3.2367945,2.78732
WAHGOF,3.9968085,2.9465642
DOVPIQ,3.0642743,2.9495928
BIVLEA,1.990785,3.1540654
AJOBIN,2.530659,2.4128366
FEVQAC,3.9783046,3.3583038
PAWHUU,3.8014307,3.2123294
DOVPAI,3.1848207,3.2542396
XECVEK,2.497461,2.1827893
UVOKIC,3.352715,2.8587573
HADKOQ,3.3663206,2.7139726
PUXSOT,3.2272704,2.729323
OVISOE,0.12353969,2.0652993
ZEPWIE,2.7246761,2.950158
SICVOT,3.0011437,2.7610002
LUNTAS,2.4601815,2.3274927
IVALAV,3.4955747,2.9111068
SOFCUM,3.1159759,3.1294246
YAPZIC,1.8694222,1.9839847
TENZUL,2.901006,3.1682696
SUQROO,2.0068398,2.442632
JARQOM,3.5426505,3.0709286
GUCPUP,4.0561295,3.0116074
FAKBIG,3.3831916,2.9342825
XAFSAY,2.8642704,2.5448983
HUHGOI,2.368479,2.0686119
IDIMAL,3.2419646,2.8143525
JAZQUA,3.5859165,3.0916123
JAQBIQ,2.1646657,2.9291263
ALINER,1.8895587,1.8698502
OJANUL,2.9929805,3.074234
SOGMAD,3.1143432,3.1305134
AJOBAF,2.559775,2.6290786
IWOLIS,3.3184285,2.8372161
WIHPEI,2.5992317,3.1652424
HALQUK,3.321966,3.6050048
ZAVYIE,3.9725902,3.785254
NEHBOS,3.4517643,3.0050936
UQURAC,3.8183017,3.1649568
IMEXOQ,2.635695,2.7780337
XEMNOW,2.822365,2.7921968
MOFVEM,4.3312364,3.412362
DIYJOO,3.252849,3.203678
TEWDII,3.9559913,3.1114674
VEQRES,3.675986,3.0544364
MEFKUH,2.3412676,2.3423343
DIVFAT,3.1320305,2.9136724
BAHWIU,2.612021,2.548036
YUZJUB,3.8493228,3.2577271
MUYHIA,3.2827816,2.8677835
FEHKAF,3.4574788,3.4524374
QARYIV,3.5459158,3.0000916
LIBPEV,3.348089,3.2784991
DEHHOR,2.925496,2.7555733
ADOXUQ,3.8229277,3.284223
NIFMOI,2.7257645,2.7407985
OJEWOP,3.8101382,3.0066018
CECBUL,4.5538254,4.0442305
DACGEX,3.4003348,2.8670616
FUNXUK,3.1328468,2.6883872
DIYQUB,3.123595,3.063706
JARQUS,3.5709503,3.022871
PUBHUS,2.0201733,2.2470891
ABICEU,2.8207324,3.0982697
OCOZOZ,2.9233193,2.644246
PUJVAT,3.7268715,3.0892847
FIKGAL,3.6098626,3.0292366
NUWKOF,2.8659031,2.913682
DAQKEP,2.9197817,2.6922033
MIWSIY,2.9309385,3.1233964
QEQRIR,2.8893049,3.0544798
SATMOR,2.853114,2.7838926
UJAWUA,2.9072645,2.8363118
IYIKAF,3.314619,2.842375
KUFROV,3.2256377,2.7584846
IXEWOA,3.4577508,3.3682992
FUZBUA,3.4781594,2.5735388
BIQZIO,2.6707976,2.5459757
BOWSAI,1.6805753,2.640601
ZEJHAB,2.3586829,2.6740086
JATKAU,2.6414092,2.3604958
DUBWIJ,2.1518764,2.3286777
GILKIV,3.3499937,2.9882061
ITEQIH,2.9385576,2.921523
LUMGOS,2.9535239,2.7131162
UFIPUY,3.4757104,3.1101975
TAHGIW,3.393532,3.1498544
DERRAX,3.0952952,2.7363014
SAPWUC,2.3412676,2.9284976
DIGNEQ,2.5861702,2.7832007
PONFOR,2.9404624,2.9002028
GUBFER,2.8506649,2.3716378
OYOLEW,3.6060529,3.3020494
AHAQEI,3.302646,2.869999
ISUCEH,2.927673,2.958566
WATMEL,3.044954,2.8665779
UJININ,1.7415287,2.9085805
UJEKEC,3.678163,2.966027
OWEHOQ,1.4658774,2.6456294
YAKWOA,2.5886192,3.0699306
HADKIK,3.5440109,2.619562
DOWTIV,1.9328247,2.403779
IQEZEM,3.341014,3.0483787
SULBUW,3.3867292,2.970201
LECFAE,3.350266,3.0747077
JEZNUX,2.5804558,2.8279505
SUBFUT,3.128221,2.7296968
CUQNAG,3.0223687,2.9130008
XAQFOO,3.1603303,2.9125981
KUKGAB,2.2454836,2.27723
VANZIX,3.0699885,2.897848
JARRED,3.6664622,3.128226
FEVPUV,3.3736677,3.334749
ZOYKUT,4.101028,2.8300717
FOTKIL,2.6354227,2.9135368
FUMRAJ,2.649845,2.7548141
KALVIG,3.183188,2.7937968
SUQCEP,2.6367834,2.850043
HADKUW,3.4517643,2.6764753
DEJKAI,4.3486514,3.0802999
UGEKUO,2.6199124,2.9115112
UXOKEA,2.2577288,1.936851
YOSNIF,2.7638605,2.4526868
TAYFUY,3.0027764,2.6649804
PAWJIK,3.6743536,2.9700665
MORRUJ,3.243053,2.6756759
XIQLES,2.944544,2.5861752
EDOBOP,3.6359854,3.499126
UTUXEP,3.1527112,2.9021256
XAQGEF,3.0514848,2.924661
MOZROL,3.969597,3.2239878
OYOLAS,3.474622,3.2536364
DUMBUL,3.0294437,2.6734173
MUHGEC,1.9994926,2.9316869
OHIGOE,2.3238523,2.7174976
FUHWUD,3.3064556,3.143678
RERRAH,1.2024711,2.9186604
KAPYUY,3.5733993,2.9741576
PUXMIF,3.558705,3.1606035
OBOJOI,1.3317252,2.0393624
WUCQAP,3.702109,2.9004292
VOWHUN,2.8528416,2.660387
GATVAB,3.1864533,2.827143
AHIGOQ,3.6025155,3.0455077
RIQJUA,2.7358327,3.0993104
RIZZUW,3.7774847,3.0726066
HADDAV,3.6221075,2.2830315
IROWUK,2.0735075,2.1128123
ETOQIQ,2.4724267,2.6561034
HANQAR,3.2963874,3.295732
SUHTEX,2.3886154,2.7318463
UVIHAL,2.6346064,2.4437737
GIRRIL,3.2055013,2.8147674
DIVFOH,3.1249557,2.91208
TOCWUH,2.818011,2.5665565
ORUHAL,3.0084908,2.4716458
MUPBEE,2.286845,2.3603103
IWIJUW,3.1815553,2.9934878
MIBZUW,2.1426246,2.155772
ABUHUB,3.006858,2.6037471
UTUXOZ,3.0574713,2.9542756
IHOREF,3.7706819,3.0234025
SETSOC,3.1372008,2.852482
ONOKUA,3.7170753,3.151775
WAHHAS,3.312714,2.9794848
BIGCUT,2.850937,2.8742018
WAGYOS,2.7521596,2.5765421
UTIREX,2.3077977,2.5676095
FUZBOU,3.4925814,2.7746778
UVATET,3.3426466,2.8950238
JEKTAY,2.3573225,2.2940948
KUKFEE,2.4996378,2.3846087
JUWLOF,3.312714,2.8424048
IDIQAO,3.8253767,3.1423998
NERNAD,3.2631896,3.0006716
NARGUM,2.10344,2.302709
MIZTUO,3.4876833,3.0151186
ABONOV,2.7031791,3.1143882
ZEGTIS,3.5434668,3.103791
GULXIW,3.2702644,3.4077272
LEPNUT,3.1382892,2.942737
IHORUV,3.6553056,2.913676
TACQAT,3.2446856,2.989492
EHUXEN,2.8914819,2.472949
IYIJIM,3.353259,2.95174
BAJHUT,2.7254925,2.5298083
RAQKED,4.0977626,3.443606
PAWJUW,3.8689148,2.8529654
MIJMUO,3.0653627,3.010398
VIVQEA,3.0759752,2.959399
XILLAJ,3.0705328,2.8756416
FUYTAX,3.2754345,2.9995708
XUCNUH,3.6193864,2.8981173
QUMPEW,3.0577435,3.057943
POJNUB,2.0906508,2.8211884
YIKHUZ,2.7804594,2.490004
FEVQEG,3.9774883,3.3502328
WEYFEP,1.9464304,2.7230687
ACIWOC,3.0754309,2.8912642
SUVGEV,3.761974,3.605096
HISMOP,3.0895808,2.9632518
JERPEF,3.126316,2.8606963
AMEDEE,2.690662,2.7890794
FUTZOM,2.898557,2.816653
FACHEY,1.8958173,2.5600019
OJEVEH,4.2528677,2.449464
FUZCIP,3.2103994,2.5970678
LESSUB,3.109173,3.0060177
ZITQOM,4.676549,3.0080147
WIVVEC,3.558705,3.3469572
ZIHKAC,4.428381,3.819789
MELJIZ,2.6675322,2.9540884
LEHFIP,3.0022323,2.8094141
FAMSUL,2.5646732,2.554374
ZUYMAK,2.0511942,2.7227175
FUYSAW,3.6574824,2.9347413
DAHJEF,3.1148875,2.90881
ALIMIU,2.088746,1.9389796
NIFDIT,3.5410178,3.1047456
UVASES,2.8133852,2.7014832
XAWPOE,3.1064517,3.0202212
YULSUV,3.1812832,3.159282
XUVKIL,2.9937968,2.870159
DIPLEX,1.7262903,2.6616611
FUZBIO,3.51816,2.774732
CIGTOF,2.6963763,2.7127907
JEYVER,2.619368,2.7682977
DOJZUB,2.5997758,2.7533064
GEFHOR,3.8340843,3.0771782
JAZREL,3.5646915,3.1302536
DACGAT,3.4185665,2.9645243
HILHAN,2.50889,2.7800279
ERAYEE,3.3192449,3.0655496
WIYZUD,2.4971888,3.033337
YOTGEW,2.339635,2.593249
SUQRII,2.0713308,2.4900842
JAGWEX,3.4577508,2.4731624
HEDPEL,3.120602,2.9188993
FOVSIU,3.2585635,2.872683
AMABIA,2.389976,2.4855359
DEJGUY,4.116811,3.0883105
VUFMAN,3.2471347,2.837241
NIDJIX,3.8305469,3.067112
UTIRAT,1.7801689,2.3477561
MEYXEW,2.9186933,2.8799782
HIFSEY,2.5967827,2.4362082
INAKUG,2.8596447,2.1996498
BAYJAM,3.395981,3.211543
IYIJEI,3.262101,3.3848357
WUCQET,3.5508137,3.0527704
VEXNAR,2.1298351,2.2512105
OMIWEP,2.9793746,2.9150958
JIJJUL,1.8525512,2.1198306
ZIPREZ,2.5135157,2.5918996
MUHGOM,2.7537923,2.8641002
TURHAS,2.9377413,2.9949474
FELVOL,1.9665669,2.3949718
KALVUS,3.3284967,3.2073507
FEVREH,3.98157,3.3921297
SAWPOV,0.18530954,2.3307009
XILLEN,2.595422,2.94174
ESOHIG,3.0939345,3.050254
BUZPOC,2.2185442,2.9176605
ZEJHUV,2.3412676,2.6617887
AZIBOC,2.475692,2.6842682
EBAZOA,3.0713491,2.8837714
CIJLIU,3.3772051,2.8805058
RAFCIM,3.1358402,3.2362852
FUYTEB,3.1622353,2.9197605
QAQCAO,3.5412898,3.2649682
XEMPAK,2.4509296,2.4674606
AWANET,3.1358402,3.015515
ACUDAH,2.6895735,2.3676987
YEZQEA,3.0729818,2.9905477
NIFDUF,2.4313374,3.0294442
JATKUO,2.5959663,2.5185962
ZIKXAU,3.5385687,3.0646882
HEDGIK,3.2389712,2.5688818
TENZEV,1.9823495,2.8941188
EJAPUC,3.0237293,2.8964992
DODVIE,3.4553018,2.8930006
CEYBAJ,3.659115,2.6450515
DOFVIF,2.8087592,2.6831698
AHIGEG,3.4008791,3.0012543
RUQMIA,3.326864,3.2514606
XEMMAH,2.3505197,2.749231
UFIDAS,2.6299806,2.923985
IWIJIK,2.70971,2.466784
HOTWEV,2.4392288,2.4177628
UTUWIS,3.206862,2.828074
CUQKIL,2.920598,3.0059743
VEBKOG,3.5097246,2.8529477
SUQDEQ,3.1948888,3.0912206
YAKWAM,2.585898,2.9219503
KERPAC,2.344533,2.8674772
VENSOA,3.7671442,3.2270179
ZEPWOK,2.7687585,2.948721
FIDXOJ,3.5875492,3.1111398
ALINIV,2.1545975,1.9847331
IFOGET,3.53748,3.6045566
CAJBOH,2.8269908,2.5589323
LIVCUS,2.5622241,2.8558943
AGIWOG,3.4259136,2.9188633
SERDEY,3.878711,3.5329366
FAJJOP,2.7878065,3.28295
FUYQIC,3.4155731,3.0296528
HEWTAI,3.2920334,2.757549
IVALEZ,3.551358,2.989313
ONAHAP,3.0365186,2.7701511
MEMNEB,2.738554,2.82745
FUJFIC,2.4846716,2.5838652
MBZYRH,1.6862895,2.1916041
QUNBAC,4.0071487,3.214841
ORUFOZ,2.9399183,2.8614707
VUQBOB,3.3918993,2.9825256
DARRUN,3.7015648,3.148415
UPOLIV,2.9001896,3.2817683
ECITET,2.592701,2.6744804
LEVWAO,3.3423746,2.8344946
AHIGUW,3.8923166,3.1115112
MOBKOF,2.569299,3.162259
ISUCIL,3.1508064,2.895123
SAYQUI,2.7287579,2.9847429
ALIMUG,2.1760945,1.9564044
YEJVOB,2.50889,3.0421295
YABQEB,2.9216866,2.682195
SOZLAX,3.3578851,2.8546274
FUYVON,3.6188424,3.0654902
JATLOJ,2.3094304,2.1293461
RAMKID,3.0773356,2.8349814
LUPYIH,1.7371749,2.7779057
PIMHAY,3.049308,2.9272654
ZEJHOP,2.0974536,2.7827826
WEJPIO,2.3162332,2.6737266
DARSAU,3.3905387,3.3602848
UWELEP,3.302646,2.730843
EJISOF,3.5959847,2.9651635
XOGCAA,3.3742118,3.1505454
XUCPET,3.5948963,2.9094625
BIGDAA,3.149718,3.020992
QUKXAY,2.638688,2.627214
LIVDON,2.3603156,2.6274042
JARRAZ,3.4683633,2.996551
XISGUF,3.2825096,3.0428402
NIFMIC,2.7118866,2.6379628
QABHEK,3.286319,2.9700267
VEGDUK,2.0944605,2.2984092
DAHHON,3.1344795,2.9140434
DIPMAU,2.2280684,2.4883718
TOSTAZ,3.1372008,2.7939553
XUCPAP,3.5287726,2.956401
ZUTHUU,1.959764,2.8741386
DAHXAP,3.054206,2.856727
AXUYEA,3.5834675,2.9464207
AKAZAQ,2.2955525,2.3391972
KALVOM,3.0095794,2.8827846
WORJIZ,2.8218207,2.7013526
ZAMGUT,2.5292983,2.913127
XOWTUB,3.0737982,3.053861
BAJJAB,2.4147384,2.47221
HISVOY,2.3766425,3.0427594
OZAMUA,3.16414,2.964253
GIQSIK,2.3929694,3.0099988
WUCQIX,3.7693212,2.9455152
ZOLKUK,4.1013002,3.2932346
ORUFIT,2.3989558,2.673107
DEQHAI,2.3556898,2.8583076
MEYXIA,2.9257681,2.855378
UKIMUZ,3.2136648,2.9436774
UJUZIL,2.478413,2.5040312
KELYUZ,2.246572,3.0081458
JATLUP,3.0931182,2.344828
SUQREE,1.981261,2.2671492
LEVCEU,3.171215,2.9285223
FAMTIA,2.5627685,2.4484236
DACFEW,2.8591003,3.053464
BIHXAV,2.8786926,3.0618265
UVOLOJ,3.1132548,2.9384265
HERQAW,2.8337939,2.829018
AJAMIK,3.2465904,2.9333665
TIMTIW,2.9464488,2.8257537
APASES,2.8120246,2.963863
AJUVUZ,3.1576092,2.871158
HALVEZ,3.6482306,3.562107
VUKCEM,3.659115,3.230586
KATSEH,5.188939,3.4768565
JERNUT,3.651496,3.4230886
GOZYUS,4.691515,3.4374757
KALVEC,3.3279526,2.8268707
ALOMUM,3.1586976,2.5109363
LAMNOE,2.1641216,2.6259358
UFODOM,3.484418,3.1295514
XAJQIM,2.8814137,2.5417252
SEQSEM,3.4498596,3.3820653
QICHUJ,3.8841534,3.1183307
TICREG,3.1031864,2.7123048
PIFXUX,3.5328543,3.30269
JEHNET,1.9385391,1.6010144
QECRAV,3.3235986,2.8081207
TENYOE,2.7268531,2.6445584
PAWHOO,3.5603378,2.9651995
FUYPUN,3.3467283,2.6020699
DEKMUF,4.354366,3.1015592
UQEZUN,2.8645427,3.338309
HUFPEG,3.4972074,3.7492692
DONHEU,3.0789683,2.8971019
AQEMOB,4.022115,3.96873
CURLIN,3.058832,2.9754696
HULKAD,3.2991085,2.7540581
SARWEP,2.9004617,3.1994195
RIZKIW,2.7246761,2.7284803
BIGZEA,1.4805715,1.3781701
KUZSEG,3.2925777,2.6805942
MENKEZ,3.3638716,2.8430545
JOJPIL,3.5268679,3.525046
EPONAZ,2.9399183,2.9213803
NOVCIN,3.276523,3.4725156
VESDOQ,2.9246798,2.6943524
NIMSOV,4.213683,3.8883283
TUKGAK,2.100719,2.8519402
COVKEG,3.347817,3.3547578
MIFBEJ,2.0558202,2.2167587
FAGTAM,3.7538106,3.806784
CADMIH,3.6961226,3.2260904
RACLOA,2.0808547,2.6393182
OJAGEO,3.5973454,3.6254108
HUFYUF,2.0852084,2.1608815
LOVQIW,2.6155584,2.4046373
CUVLIP,3.4765267,3.1986487
FENPOH,2.3091583,2.3262992
XAPFON,4.1116405,4.18332
QATZUK,3.907283,3.4799113
IWIPUB,3.3284967,2.6507545
CUJZEM,2.6261709,3.2580018
TEHCES,3.4738057,3.139712
REYKIT,3.6678228,3.6406064
SUPSII,3.066451,2.8273084
IJEWAY,3.2052293,2.3202457
ZABHIX,3.9252424,3.912376
BUKSEI,2.4027655,3.271316
HOVROC,3.0321648,3.079495
HIQPAZ,4.0136795,3.9434745
JULPEO,4.5916495,4.27162
NUSGUF,2.5328357,2.481483
XIVGES,2.63379,2.358273
NOVJOA,3.1989706,3.1003847
TAZPUJ,1.7009838,2.03663
WEHMAB,3.6931293,3.4882283
ALAJIJ,3.824016,3.4391727
FAFFEB,4.5249815,4.0829206
EMODAO,3.2142088,3.1940098
TUNHUG,3.0082188,2.2489524
NAMMEX,2.8155622,2.4407272
UCOHEZ,2.8756993,3.1403222
PUNHAK,2.7883508,2.3250072
PUDRIS,3.126044,3.0428874
ZUSVOB,3.2819653,3.3502088
LABMOU,3.6193864,3.6069245
IDAVES,2.3143284,2.363782
IRIWEO,2.1279304,2.3090234
WUSKON,3.1625073,2.8602424
BINBIN,3.369858,2.6269782
RAMWOT,3.159514,2.8526516
SOQJIU,2.4288883,2.165801
CUZHAJ,2.327934,2.1307454
QOSPUM,3.0240014,3.1686356
DEZPIJ,3.532582,3.4305105
SETZEA,3.2493117,3.5755482
GEVCUH,3.008763,2.969886
VASDUS,2.8781483,3.5320961
PUYJOL,3.8052402,3.747978
ZABHUJ,3.615849,3.6098084
GEKDOT,3.5029218,4.0059214
TUQCAM,3.3499937,3.493348
QOCZOB,3.4465942,3.166692
HOVKOV,3.5301332,3.59007
XAJBOZ,3.228631,2.344999
RIDCUG,2.6299806,2.3470902
ASAKEN,3.5252352,3.7127905
RECZIM,2.939646,2.9183426
CUXNEQ,3.3905387,3.4180932
ZIJKAI,2.2686133,2.8437452
LUMTAR,3.0931182,2.0670288
BUPZIY,2.903455,2.6087813
YAWVEB,3.4691796,3.1468225
GINQOJ,3.2738018,3.398521
WOVTEJ,2.5431762,2.5737894
IJAGUY,3.393532,3.3953133
IZIWOG,2.5018148,3.0809016
WAFVIM,2.5676663,2.7904227
TARLOR,3.233529,3.3153782
LUGWES,2.7673979,2.8256373
OGUNUC,2.552156,2.6389747
XARXIB,2.6901176,2.8837245
RAFHIT,3.0882201,2.9324286
VANCEW,3.307272,3.0379806
UVIMOE,3.656394,3.213335
ZOVKAZ,3.1630516,2.9841535
FUTKOX,3.2136648,3.4145567
RUNXAB,3.247679,3.7990112
GIDLEO,0.94477934,1.4290591
NEBKUE,3.715987,3.709888
YIPJOA,2.6824985,2.3775513
FEMJIU,3.5282283,3.2732792
NITZOH,3.1769292,3.1808083
INIXUB,2.3069813,2.5046911
JARFOB,3.2416925,3.069924
CESQUO,3.0697165,3.0776653
EPOXAL,3.4400635,3.078366
MUWCIT,3.1467247,3.149607
LUHKEH,2.7573297,2.8299532
PELPEF,2.0588136,2.3575437
RUKKIU,2.1023517,2.2975998
NAMMOH,2.53338,2.1438727
NONXAR,2.6590967,3.3639812
JETWEO,2.5276656,2.018976
EKEFOS,3.393532,3.2033088
SIJKAB,2.757602,2.2821095
FEZTAJ,3.1995149,2.5001574
POLMAI,3.1733918,2.7293997
EWUDIM,3.6569383,3.2221913
SUVKEC,1.7298279,2.1752393
LISVUI,3.3173401,3.1975906
DIVCIY,3.1080844,2.709181
IJEXED,3.266727,2.4298074
LUHKIL,2.7167847,2.8498712
YADJOG,3.1633236,3.0154989
QITYOL,2.2212656,2.612332
NUWQAX,2.0930998,2.2829263
OVUMAW,3.2185628,2.9749305
XEVQUO,2.41365,2.4220755
WOPVAB,3.126316,3.0958085
PIFBIT,3.06373,2.8483758
FUXCEJ,1.7401681,2.2933204
OPAKIC,3.8781667,3.8250568
ZISFOA,3.1195133,3.0321982
BOZWIZ,2.0615346,2.3655374
POCVAI,2.9143395,3.3467195
ZIXNAZ,3.4874113,3.106163
YEJHUT,3.3714907,3.409077
CEDHUS,3.1567929,2.9188325
NUFTIR,2.5807278,3.0237327
YULSUW,3.1635957,2.9673586
TAGVUU,1.7164942,2.244803
RIYHIU,2.915428,2.5888538
SUHRET,3.450676,3.613194
WUGNOE,3.7075515,2.6785433
KILMAX,2.6642668,2.2942107
ZISSUT,2.7214108,2.0262847
SIRSES,3.3415582,3.5051222
MUWBUE,3.1369286,2.8146377
VOTHOE,2.719778,2.9381516
WIGZAN,2.9788303,3.1618357
ZARDAB,2.9665854,2.3434346
DIRCUG,3.9347665,3.765783
QEZMUH,3.2030523,2.8189273
LUCNAB,1.8672453,2.4725323
UVOBEP,2.9497142,2.7192361
VUKBOV,3.6057808,3.4126627
KIWFOO,2.9148836,2.2777953
IJETOJ,3.185365,2.0991607
YIBMUR,3.7040138,3.5160427
JARFIV,3.1872697,3.0058742
SUGHAD,3.410403,3.188782
DINTON,2.533108,2.534208
YAZRUQ,3.599522,3.105446
NEQLII,3.0539339,3.4634523
QAVSUF,2.3341928,2.3771186
WARSIV,3.5570724,3.2578847
KIKZOX,2.5641289,2.2699776
VASHOQ,2.743452,2.480148
TOWYAI,3.0558386,2.7701516
DUKRAF,3.2865913,3.166512
XAZGEN,3.0299878,3.3234456
XAJCUK,2.9690344,2.537648
RUKKOA,1.8944567,2.4105546
REPYEU,3.140466,3.513349
YIWPUR,2.6395044,2.97059
SUKDEK,3.7690492,3.8332753
XUBMIT,2.6452188,2.6883492
IQASIF,3.9018407,3.7132387
ATODAR,3.1372008,3.328038
ZARKEM,2.7546086,2.4669383
PEDDIP,2.129291,2.5276573
WUCXAT,2.5083456,2.9907386
KADDUS,3.6811564,3.839799
BIBNAE,2.6925666,2.9400086
PAGSUM,2.430521,2.4765916
KIVTOZ,3.1548882,2.8880727
VEKGEB,3.3401976,3.3459237
HOVLEM,3.535031,3.6880262
XARXUN,2.5377338,2.5719512
SIMBOH,3.5031939,2.909454
KOBNUL,2.581,2.6613698
NELMEY,3.6261892,2.9518764
DIBPAJ,2.9083529,1.8373494
NIMTEM,3.4566624,3.7420378
USOKOF,2.549707,2.0400612
DACKEB,3.455574,2.84358
DIQPOM,2.9137952,2.8078575
IJEWOM,3.1840043,2.1806695
MUKGIL,3.1559765,3.1762846
QIMNOR,2.9426394,3.0991807
PAJSAY,2.19868,2.2079806
MUSFAK,3.3573408,3.461017
BUBWON,2.3507917,1.8767936
PANJOF,3.006586,3.1921556
CUJLUR,2.7257645,2.6044405
DUBREY,3.8724523,3.731169
FOFKAQ,3.4182944,3.2071671
LUTGUE,4.0512314,4.835274
PUMBAD,3.1869977,3.172998
WUCXEZ,3.7774847,3.1162102
NAGBUW,3.7489126,3.6869547
KAPFEM,3.4196548,4.2054853
ETUMUE,3.1372008,2.788029
BEQPAS,0.34612882,1.9012138
QEQNAF,2.401677,2.2572806
KILMEB,2.662362,2.2664008
DEVDUH,3.9723182,3.9057126
LAWZIT,3.1412823,3.3818183
SUTLOL,2.7186897,2.3610678
FICGIL,3.0411446,2.5275207
PUTKAT,2.3856223,2.8962183
SEDNEY,2.158135,2.1199553
MIQDOJ,4.298855,3.3485985
EGOGEN,3.1480854,3.6896563
CIDXOG,1.0987958,2.1189735
JIGWIJ,3.0884924,2.7234879
RUHCIJ,1.7066982,2.7149892
SUBGUU,3.4014232,3.0797324
ZURREL,3.5042822,2.8793643
HOVRAO,2.1880677,2.405381
WUJROL,3.4982958,2.81243
IKUVEQ,3.028083,2.5588574
IJOQOO,3.2055013,3.3675456
PIRMOW,2.3916087,2.7475543
GUKYIX,2.9410067,2.5961888
NOZNOI,2.7214108,2.5691125
JERYUE,3.4433289,3.3917978
ZUCGUC,2.68141,2.324969
UKIFEB,3.2302637,2.974347
FESVOS,3.7083678,3.6051092
WADTUU,2.9459047,3.1582563
WIRGEN,2.8264468,2.4056973
ZUYTAR,3.9451067,3.1002848
EPOLAX,2.8267188,2.3212438
QIDWUV,2.7801874,3.5912082
OLOHON,2.5388224,2.7389832
FAVVEH,2.7355607,2.7876406
FEGRIW,3.4120357,3.1923988
XILLUD,2.354329,2.2348964
ZOHRUN,3.0871317,3.2890317
VURJUO,2.9426394,2.4555469
XOZPOR,3.474622,3.4620705
VUYKAE,2.5608635,2.6470876
SUXHIF,3.3978858,2.8224154
YIWNOL,3.0011437,2.5468736
KOZMEU,3.866738,3.674346
YOTKIE,3.1815553,2.937259
KESMOO,2.8993733,2.8412602
MOJNEE,2.5943336,2.7510815
RECTOI,3.2498558,3.3594072
KIMCOC,4.358992,4.1020403
JUTFAI,3.056383,3.5149343
MOGPII,2.382357,2.4741266
ECUSAW,3.0484917,2.739882
YOWZES,4.1328654,3.5804963
POMBUS,3.2844143,3.157884
KAYTOX,4.0207543,3.862286
QUDGEE,1.8797625,1.9450746
MEZSOD,3.2014196,2.172451
LEXZIB,4.19137,3.9800274
HUCKUO,3.4280903,3.4365287
OWOJOC,2.6517496,2.4944437
UPIJAH,2.8076708,2.6653986
RAQGOJ,2.3175938,2.6655538
WIJQIQ,4.266201,4.2495775
ADAZUD,3.649047,3.4549267
UTELEN,3.0669954,2.3238711
TAHNEZ,3.0142052,2.7917087
REWQAO,3.7459195,4.1475086
XUXBOK,4.6732836,4.1993837
KEPQUV,4.1761312,4.5272655
XUKZUB,3.5309496,2.4940681
MANVUS,2.2590892,2.6522715
USOLIA,2.8879445,2.1377654
REPXUJ,2.7254925,2.712928
KUXLEW,3.1102614,2.4447825
KIMDET,3.9350386,3.979558
LINGUL,3.1818273,2.7342675
IBAWAN,3.1576092,2.7961764
UFIHEA,3.206862,2.926015
ROHKAD,3.3850965,3.4411855
GIXYEV,3.408226,2.8899553
LASVAG,1.6577177,2.334652
JUTDIO,3.0786963,3.3506248
NOBJAT,2.3483427,2.01725
OVEGII,3.116248,2.998423
MIFDAK,2.6607294,2.555822
EXOYEX,3.8727245,3.1237533
TULLUK,3.233529,3.4636984
JARDIT,0.73851705,2.6169705
BIMSOI,2.2258914,2.2377992
UVOMOK,3.224005,3.1883776
REVFUX,2.281947,2.5337632
CUZHEN,2.1665707,2.3148022
FIDTAR,3.7840154,3.6233118
OJAZEE,2.7687585,2.945791
KILMIF,2.7088935,2.3029313
SUXHOL,3.206862,2.9431653
VEWSOJ,2.8457668,2.9455154
UJORAP,2.0691538,1.9952865
ENOJEZ,2.466168,2.159896
IGUQUZ,3.5450995,3.213243
FIWSOX,2.1048007,2.259141
NADWIB,3.293394,3.3674314
WIFJEE,3.6808841,2.8486638
QEZQUI,2.3268456,2.1572936
REYXAY,2.4786851,2.53145
XAWGOS,3.084955,2.3661628
QIQFII,3.9339502,3.9599106
ODIROM,3.5627868,3.198643
XIXPIG,2.0182686,2.303602
CIQYUA,1.9902408,2.4296403
HUZMAT,3.226182,2.8500743
EKOGUJ,3.599522,3.2898288
BAXDAJ,1.8990827,2.1001196
NAGYAW,3.6501353,3.554903
APORAB,3.345368,2.9109979
FUQFIJ,3.4645536,2.6487415
CETTII,2.63379,2.6875203
WULZUZ,3.1459084,3.2105958
LILFET,3.6691833,3.3140943
ENEHUD,3.1347518,2.321236
HUFHIC,2.6653552,2.4552956
ONACOY,2.2775931,2.1631763
BUVVEW,3.661564,3.4778008
BAGXIU,2.9320269,3.2162778
WUBNUC,2.755153,2.9540894
WELMAF,1.2868265,2.4817364
XOVPAC,3.0201917,2.7843213
JAZXAM,1.7450662,2.307303
XOCGOP,2.698281,2.2632484
LUVHOC,3.5091803,3.5887346
MALZEG,2.3333764,2.1688693
HOSYOF,2.6231775,2.5814342
HUXWUV,3.161419,3.075344
FEJLOZ,3.9962642,4.1931806
AGEBIY,3.1551602,3.0765152
TEYQEW,3.1872697,2.8019915
VUNLUN,3.6025155,3.3683715
KIBWIF,3.0669954,3.1501856
SOYVOT,3.259652,2.9607909
JIJCOY,2.9578776,3.2758
NIJXEN,3.2079504,3.0471544
HEGDEG,2.8928425,2.431055
WEHPEI,2.6776004,2.7571244
GIYWUI,3.376933,2.6823134
EPUNUB,2.8648148,3.125817
OJAFIR,3.453125,3.7485306
TOWYUC,3.0084908,2.7867093
NEYKEL,1.854456,2.6036038
BUWTUJ,3.5638752,2.816186
BARPUJ,2.4716103,2.4886131
BANVEU,1.8952731,2.2052681
VUZPUE,3.3325784,3.1484833
NEYBAX,3.3374765,3.0774844
WICWEM,3.6226518,3.4450388
YOBMAH,4.1380353,3.5426283
TIQQOD,3.0748866,3.4910753
APEQOE,2.7442684,2.4562924
FEKYON,2.936653,2.680463
NUMHOV,2.0939162,2.0157595
FELLAN,4.5108314,4.030861
XAXGAI,3.31217,3.627032
VEQZUO,2.4397728,2.5047243
MIFCUD,2.5208628,2.428673
MASKOK,3.1312141,3.3563433
HAXBOB,2.9064481,2.9333177
KUYMOI,3.465098,3.0530455
IQUGAF,2.77665,2.3189085
YIRFUE,2.590524,2.9488432
RANGEW,3.0822337,3.1266036
JUQXIF,3.7796617,3.6939056
DOXMEL,2.4601815,2.3088303
XEVQIC,2.4261672,2.4187024
OGEZEH,3.2893124,2.6767523
HOVLAI,3.8052402,3.6483262
BOXWIX,3.4972074,3.3137822
MARZOX,2.244123,2.4552624
IQEGET,3.472717,3.8485613
CEKRET,2.657736,2.3954654
ARIMUL,3.4359818,3.4109025
AQODOC,3.424281,3.913611
GUVGEM,3.3932598,3.3598125
HUQQOC,2.549707,2.3610334
FELKAM,3.460472,3.521066
UWEVAW,2.6824985,2.40866
XEZCUE,3.2876797,3.5932276
BUWKAI,3.0974722,2.7043521
FUBRIG,3.758981,3.9432
KUZRUV,3.6463258,2.9594457
SOJKAE,3.0955672,3.0065424
BEHRIP,1.6623436,2.455476
JERLUR,1.5243819,2.1945977
IRESEE,2.475964,2.1799393
WIDXUG,3.6808841,2.8469772
VIGVOA,2.8188274,2.443478
REVPUF,2.9157,3.3357947
RACXUS,1.9804447,2.0278602
KURMEP,2.4868486,2.740424
TAHZEK,2.9475374,2.8326406
ETUNEP,3.2087667,2.7051756
XIBSUA,2.7714796,2.3782415
WAZHOW,3.3799262,3.2628512
XAWTOI,2.4931073,2.1507
LIYWIA,3.1516228,2.9520607
FERMUO,2.8139296,2.5944643
ZUXZUQ,4.0463333,3.6758888
IWIJEG,3.8819764,3.6896958
WARSUH,3.4920373,3.0316882
MUCQOT,3.467275,3.461125
XOQBUD,3.226182,3.172235
RAWCEA,1.7796247,1.8744425
VEVXUT,2.9238634,2.2693408
BAQGUW,3.2444136,3.3613749
WAZWED,2.5178695,2.3566236
YAQGII,2.7026348,2.3992271
YAMPIN,3.3894503,3.2022014
TUQCIU,3.182916,3.5239964
VASTUI,2.6563754,3.101972
UVITEB,3.577753,3.0451005
HUNPAK,3.1108057,3.320005
HAYVEM,4.1908255,3.836462
ENAKOW,2.5105226,2.6588085
TEHCIW,3.2708087,3.0831313
TARSOY,3.1633236,3.4148824
TOVNOK,3.212304,2.5910523
YOYWUH,1.9352738,1.9783078
OSAXIS,2.905904,2.5108044
HALLAI,3.059104,2.5525374
VOBDUP,3.5529907,3.6137695
MILTIK,2.5494347,2.7238777
OYUQAD,1.8242513,2.066432
AQITIG,3.085227,2.8423855
QABCIG,3.735579,3.7628775
HOVPUG,3.535031,2.6771903
VEKROW,2.70971,2.9034958
JORWOF,2.827263,2.374524
WIPKAL,2.741547,2.6581738
MAWSUC,3.3222382,2.876009
UZOJAX,3.3255036,3.1702232
EHOPEX,3.735035,3.6962504
NOBTAD,2.5328357,2.3276765
JIZMIP,3.1565208,2.5430944
ZEVKOE,3.443601,3.9282818
ZUJMEZ,2.9565172,2.7123318
NUXLID,3.5200648,4.1967072
YUZCIG,1.8566328,2.937863
IYOGAH,4.196812,3.858677
HAZZIS,3.6264615,3.1472337
PESLAE,2.7303905,2.6963701
PIYGOX,3.1660447,3.2203012
JUBFOE,2.9195096,2.9188702
MBPAPD,3.45122,3.4590373
TECLOE,2.9488978,3.0322423
YUMGAR,3.5377524,2.5534077
MEBJEI,2.5001822,3.336508
HOVKIP,3.7837431,3.5515714
JUBGAR,3.0245457,3.0884418
IYECIB,3.3870013,3.1206567
NADLOX,4.2406225,4.0159636
EFOCUX,3.3663206,2.6747382
EZEWUB,3.7146263,4.0504284
YOCGOQ,3.3176122,3.4110584
LUWRON,2.3317437,1.7485883
IKUJIK,2.3222196,2.2534213
JUXCUD,3.1105335,2.832504
MIQCOI,3.510813,3.522459
AJIVEX,2.0090168,2.1982903
YIWPIH,2.8876724,2.4629664
WAJNUS,3.505915,3.8362036
QIQVIY,3.7383003,3.5013433
KILLOK,2.6939273,2.2583497
UTIZOP,2.6269872,3.0785234
RUBMOS,2.9355643,2.6461976
AWIPEE,3.5595214,3.8415809
OCATIZ,3.6169374,3.5066342
OWAVOA,3.422104,3.4433837
OTUSEE,3.4645536,3.385088
LITZAR,2.8721619,2.9851842
SIRPER,3.7739472,2.9764123
ARAMIS,3.6223798,3.0073771
WELGED,1.6313226,2.386332
QOXBEL,3.4289067,2.8806527
NAJYUW,3.312714,2.7546694
UKOSAQ,4.295317,4.536387
CUHCUG,3.4906766,3.7598877
EXUFUB,3.3731234,3.2602491
QAQKUS,3.5184321,3.1426885
CEMQOE,3.1140711,2.9144814
FAVQAY,3.034886,3.4734066
YIGPEJ,2.858556,2.599686
LISVIW,3.2365222,3.4035032
GEMYOQ,2.8327053,2.6630325
NALGIR,2.98264,2.720343
JERYEO,3.3619668,3.3223352
GAZLIG,3.0011437,3.0891476
SEYJAL,3.6787074,3.3582659
KUTRUP,2.3341928,2.2301178
ZUXFEG,3.6716323,3.6439762
VUQKIE,3.4060493,3.169899
RIDDAN,2.616647,2.490078
HAXBAN,3.1431873,3.074724
GEDYIB,1.8457483,1.7830279
SEGSUV,2.404126,2.6017113
MINTIQ,2.7687585,3.1125393
UHIKEE,2.6016808,2.7518723
YAMVEO,2.5728366,2.8580685
PUXXEO,4.3293314,3.9350386
XECFOE,3.1799226,3.5919213
QEZZUU,3.0476754,2.8109426
JOXPEU,2.6161027,2.904888
SOLTAO,4.1287837,3.648357
VOTFAN,2.9263124,2.432612
NAPRIJ,3.9489164,3.5359056
BISCOZ,2.0503778,2.0737898
CESHOB,3.4348934,3.4478729
SIVGAF,3.8566697,3.629172
WELMEJ,1.7317326,2.6456654
LITJIL,3.5709503,3.2503583
FITJUR,2.3159611,1.9547114
GAMGUA,3.979121,3.8592467
JEVHUR,2.418548,1.9557071
MUDKOO,2.138543,2.2569675
DUHBUF,3.7206128,3.6325285
XEMJUY,3.2991085,3.1888452
LISVOC,3.252577,3.6630032
EBULEW,3.0454984,2.840321
IWIJAC,3.4661863,3.2907352
GALZIG,2.9883544,3.572522
PAHZOR,3.2272704,3.7230034
FOGPAT,2.387255,2.205728
OTUSII,3.491493,3.1909437
WUPLAX,2.540455,2.7625
CEBFUO,3.1984262,2.666423
LIJJIB,2.5254889,2.506321
KAGBED,3.2713528,2.7161782
KIKZUD,2.538278,2.2323303
UPIWIC,3.9619777,3.8076534
KAKTUL,0.11537628,2.4525673
LISVES,3.1469967,3.185461
QAHKAP,3.388362,3.413868
TAWXUM,2.9162443,3.4593966
FICGOR,2.059902,2.5870361
LIYYEA,3.1034586,2.8631668
DAJNOT,3.6988437,2.9928725
CUZGOW,2.8242698,2.7336285
AFAMUR,3.3061833,3.2724948
KILXEM,1.9156816,1.9770112
IGOWUX,2.2092924,3.0143285
SAJCIS,3.0593762,3.3808339
IQILIG,3.164412,3.0445654
UNASAG,2.941823,2.4614856
CUJMAY,2.7472615,2.5502765
ZEHHIH,2.4476643,2.5632489
QACKAI,3.8044238,3.7711563
SIKGOL,3.2329848,2.7788115
SEKYUG,2.898829,2.6921275
ABETUZ,2.6065786,3.1358654
RECGIT,4.2291937,3.4844322
VUKWEG,2.2291567,2.6752975
OSEHEB,1.9611247,2.0526736
OZOLAS,2.8620937,2.5967858
REYKEP,3.78075,3.7703238
ROBHAR,2.4408615,2.3673398
ZARMEM,3.314619,3.1191773
XATRUJ,3.2868633,2.7718842
XIVGAO,2.5853539,2.2665372
TAHBIQ,2.8329775,2.6560373
LAQXIN,2.2593615,2.466858
YADJIA,3.4738057,3.6469333
UZOFOH,2.867808,2.8759534
JEPFUG,3.9260588,4.097435
BOBCOO,2.3502474,3.39178
DAWWUX,2.4577324,2.3037753
REJTIL,3.8553092,3.6198924
KAGBAZ,3.2580192,2.5914338
KEYSOA,3.9606173,3.4136395
LASVUA,1.7978563,2.2867832
ZARKAI,2.5292983,2.002795
JUWLIZ,1.9559544,2.2567763
JISREL,2.5480742,2.5106738
YIYNOK,3.164412,3.0647974
EHOBUA,2.8142016,3.3329623
MIKNED,2.569027,2.3921702
NEWVIV,3.3034623,3.272497
UHIMIK,2.901278,2.7486
FOSXAP,3.047131,2.9464111
SICZAI,3.592175,3.3960943
CUKGEU,3.180739,2.4509006
PAVREN,3.5478206,3.3280954
LANBAF,2.5048082,2.3909304
JACVES,2.731207,2.6796064
UGELUN,2.5173254,2.56201
VITJUH,3.190807,3.2423754
OGODEW,3.7094562,3.3219116
FULJII,3.4591115,3.3497145
PANNAU,2.8493042,2.7434316
POCDUH,3.656666,2.9332674
JOKRIO,3.1646843,3.1408195
IWAKUP,3.3652322,3.6054628
BESGUF,2.6087556,2.5909908
TINFUV,3.2376108,3.137198
KUHPAH,2.2215376,2.4417
EHEYOI,1.9744582,1.7289965
QIGDET,3.3138027,3.231688
DAWWOR,2.630797,2.1865752
TAFWIJ,2.9695785,3.0623357
SEWZIH,4.1002116,3.5308664
YIQYAY,3.0498521,2.4525235
FADLAB,2.6585524,2.3972976
MANGOB,2.9899871,2.8672223
ZAFGAS,2.3744655,2.6201441
QUCJUW,2.7494385,3.5966156
QOSQAT,3.037063,3.0881586
MUWCAL,3.1652284,3.0410075
DORNIK,3.589726,3.5816503
SEVNUG,2.1788156,2.027949
ODIVUW,3.3067276,2.6784365
PAGCUZ,2.0356839,2.365624
QATSOX,3.2623732,2.9231017
WAKPIH,3.221284,1.9885772
UKOXEA,3.429451,3.0682333
EPANUH,3.708912,2.6816707
HULJIK,3.042505,3.0035338
MUWFIW,3.1148875,3.0846474
DOJTIJ,1.6533638,2.3418245
FITKAY,2.819916,2.6350167
PAQBIS,3.6093183,3.3307378
QAMNEB,3.5818348,3.6670318
MOXWII,2.4509296,2.5228515
HOVRIW,2.004935,2.0811887
IQIMUT,2.9388297,2.588935
POYCOY,2.8974683,2.710087
DENJUF,2.3284783,2.1614337
BIMLIS,2.0971816,2.3397784
SUXVIT,2.6272593,2.2431302
ICUGUL,3.8109546,3.1380112
NEJCEL,2.3622205,2.7043161
KEGPEV,2.8308005,2.6220217
SUBFIH,3.6153047,2.6195877
CIXQOP,2.49474,2.511885
OLAROI,3.0653627,2.665311
TAMHEY,2.330111,2.5662184
PAQBOY,3.46537,3.356962
YIGYUM,3.843336,3.3875408
UMEBEW,3.4879556,3.5471182
VEWZUS,3.286047,3.1891832
PAKCEN,2.1521485,2.0635827
NEQLOO,3.5067313,3.1539025
VUNLOH,3.353259,2.62635
WAZWAZ,2.5061686,2.3021762
NAYXIV,3.1339355,2.9931579
FICGUX,2.268341,2.6570761
WUPLOL,2.172557,2.520268
XATSEU,3.3061833,2.914347
LOSFOR,3.610679,3.2928765
SOVPAX,2.8642704,3.24253
JEMPEA,4.0993953,4.2246532
AJADOH,2.2463,2.0973623
SOMZUQ,3.4953027,3.1890452
XOCGIJ,2.7478058,2.373044
PUPPUN,3.7753077,3.4540436
QIZMUK,0.22449394,-0.021014452
WEQXAV,3.2063177,3.0579748
XAXGOW,2.2452114,2.8763313
FIMDUE,3.1012816,3.9332714
FOCGIR,2.0547318,2.1418476
QAHJAO,3.3981578,3.5531466
UCOHAV,2.9197817,3.597196
UYAFOS,2.836787,3.0098095
WOTYIQ,2.9641364,2.734053
BINCEK,3.1271324,2.6704962
YIWNUR,2.9755652,2.4572008
WEHLEE,3.6694555,3.5220592
VENMEI,2.483039,2.2384953
ZEVLAR,3.4648259,3.9707346
UHIKOO,3.456118,3.508187
DUCDIR,3.5031939,3.3337755
GEXPAC,2.3858943,2.6490014
SIZTAY,2.769847,2.779608
FESVUY,3.7652395,3.3541806
REQGEB,3.393532,3.2877436
DEVBUF,4.505389,4.0315185
QEWNIT,3.2471347,2.4582858
MIQCIC,3.8231997,3.624798
DULTIQ,3.5040102,3.0281014
HUFNOO,3.580202,3.7666602
OGOSAH,2.975021,3.6030817
BUHROM,2.8294399,3.5471077
TUMBEL,3.0702608,2.9475198
TOBBOF,3.1535275,2.7278407
CEPPAS,2.406847,2.8550344
REPYUK,2.9499865,3.0324905
SUQXIL,2.9916198,2.9124715
BAHHEB,2.8239977,2.691577
XEXZEG,3.864561,3.7110012
WISLIX,3.445778,3.7426305
ZEVLEV,3.4381588,3.878311
QOLTUJ,2.7682142,2.0676112
DACKIF,3.6787074,2.9609914
TEZNUK,2.8552907,2.606263
QUDDOI,3.4278183,3.4101157
RESSEO,3.281149,2.8377643
OPIQEL,3.1600583,2.8715672
MEPCUI,2.549979,2.716972
EKEFIM,1.9447978,2.211682
CICZAP,2.3782752,2.2098532
QODVOY,3.2577472,3.1958082
PASLOK,3.0917578,3.3417134
AFEZIY,3.3257756,3.3594604
PUQTUT,3.152439,2.7134156
XORVOS,3.4710844,3.2742126
YOCHEH,2.8501205,3.248173
UVUSEM,0.6868154,2.266859
NUXLAW,3.9222493,3.6969948
SOTDOU,2.5453532,2.7015128
HUNPOY,3.1023703,3.2868643
GUVMOZ,3.5309496,3.0249534
CEMQUK,3.0999212,2.6653275
HICSUK,2.865631,2.2880874
ROGZUM,3.2346175,2.5551116
BUCTAX,3.403056,3.0270846
XAXHAJ,3.3382928,2.767061
QIZNAR,0.24571882,0.09110618
AQINOG,2.7728403,2.2684083
NINWOA,3.3222382,3.2552283
WURTEL,2.903727,2.9534743
VOGTIY,2.997062,2.886309
TIZZEL,3.1480854,2.8037794
UZOJEB,3.2803326,3.1432586
SINZOG,2.3967788,2.7843652
PIPPOX,3.3276803,3.159856
XUSZAN,2.997062,2.356925
RUJDIL,2.5608635,2.2938416
SEKYOA,2.7859018,2.624045
PAFPIY,2.6947436,2.7977998
VOGTAQ,2.645491,2.392128
XIGWIX,2.9864497,3.4390645
XAWHEM,3.7007484,4.0487604
VEFYIS,2.731479,1.9211128
NELMIC,3.1001933,2.6057913
TOQNOE,1.345331,2.1898966
CEVMOJ,3.1861813,3.5234025
FEXHUO,3.3826475,2.9327786
NUWXEL,3.637074,3.581432
HULFEB,3.3045506,3.3064654
UVOTEH,2.8030448,2.6553187
ZUQXAN,2.4882092,3.336365
FOZKEN,2.2762325,2.622905
RUCXOF,1.9608525,1.9248567
HIWCID,3.6359854,3.2130742
UMIBOH,3.4863229,3.724842
MISDUO,2.695832,2.9577203
KEKNOE,2.5864422,2.4328725
AZASAY,2.019085,2.5060887
LUTWOP,3.2615569,3.03921
LISWET,3.3415582,3.7687857
RACDAD,2.1257534,2.1494439
ICANOT,2.6346064,2.181577
HUMYEW,3.7173474,3.6537557
AJOXUU,3.1733918,3.068737
MIQCEY,3.8517718,3.5893464
LASVOU,0.3493942,2.5433085
NAFPET,3.2757068,3.32839
HEXTIR,2.7439961,2.8176496
CILTID,3.1445477,2.9677744
VORPIE,2.8171947,2.7147129
CBYACP,3.1132548,2.8716927
IBECUR,3.107268,3.2384453
TOWYIQ,3.0318925,2.8022544
IBEDOM,2.0517385,2.6881375
IQEBEL,3.3627832,3.2874334
WECQUU,3.3295853,2.8735523
LIFSIG,2.471338,1.9725955
RAHTEA,4.4087887,4.3102083
QUGZUQ,3.5255072,3.6530352
XAWHOW,3.3538034,3.3590593
WUWXIY,3.1407382,3.5118442
ETUZEB,3.714082,3.6446018
PAVPEL,3.477071,3.2674806
OLIVUB,3.369314,3.3700714
FAZPOM,3.3189728,3.0215716
CUGLIC,1.7592161,2.434471
MUCFUO,3.0699885,2.685244
CIDFAA,3.5431945,3.1680079
PAPBER,2.8054938,3.108459
HUPTAQ,2.7132473,2.7080357
TIQZOL,2.3080697,1.7264789
FIJDAF,2.72903,2.9507127
JODJAR,3.307816,3.1834753
JEFMUG,2.9622314,3.821013
JIKTIK,3.4147568,3.4750652
KAHYUR,3.0808733,3.2645857
RANHIB,2.549979,2.4430022
BOZWOF,2.2971852,2.3769019
XAWTIC,2.4936514,2.1685596
AGOJUF,2.7012744,3.3835185
VEMLAE,3.2680874,3.3647308
ROFPEK,2.8308005,3.207111
EWIBEU,3.0199196,2.6240454
ZEHLOR,1.7818016,2.3689857
EBAQAB,2.5058966,2.143043
COPDUH,2.3374581,2.7844727
FIDQAO,2.7695749,3.0992782
EMOCUH,2.9810073,3.2869902
QAMBAL,2.1777272,2.3201332
REZZUV,2.5826328,1.9367623
ROGSEP,2.3891597,2.1328847
FADKUU,2.71488,2.289041
ZOHLUF,1.2783909,1.6269333
PIWLIU,3.9157186,3.8254914
HEVMUU,2.7067165,2.8857439
CETZOU,1.646561,2.0361168
XALSOW,3.0895808,2.2919967
LUZPII,2.4912024,2.6570718
KIMDAP,2.8686244,3.750878
NINQEK,3.180739,2.7117996
LOQTIW,3.0776079,2.9498754
OKUVAU,1.7921419,2.1375084
BAJHIF,3.2128484,2.7933304
KIRXIW,3.1178806,2.3402162
XACYUY,3.006858,2.278582
DAXJOC,4.256677,3.5700343
NUKYUQ,2.1709244,2.2317154
NAPKIC,1.8522791,2.4797814
OWEPEM,3.0580156,2.6329062
ZABCAK,3.8495948,3.4722934
SOCXEP,2.733928,2.3989513
GUNJUX,3.7763963,3.5050669
MIRXER,2.6506612,2.4508295
HECHIK,3.255026,2.3141372
FEKYED,3.3807425,3.1280198
WEJHUS,2.4857602,2.2700384
FONLOM,2.1741898,2.746859
COCBIG,3.1576092,2.978144
XARHAD,2.3192265,2.4406679
QULGUC,3.0049534,3.293582
XORVEI,3.228631,2.9333143
XISDIQ,2.2332385,2.5196428
FAGSEP,3.7532666,3.4969606
UMEBOG,3.749457,3.6380312
JEKJOC,3.6406114,3.7153974
XEKLOS,3.6670065,3.4456847
ERUPOZ,3.3118978,3.029675
PEPMEG,2.9480815,2.7290592
KULYEV,1.3396165,3.071223
NIMTOW,4.2193975,3.9195004
JEVHOL,2.6022248,2.0630684
OWOZIM,3.759525,3.5671396
QIRNUA,2.7616837,2.9751766
QORVAX,2.9355643,2.7455847
FEMLES,3.3932598,3.015452
OREPIN,2.925224,2.671023
JILGUK,2.0462964,2.3760629
KIXXOI,2.3967788,2.0371196
ITAJOF,2.0280647,2.1601028
TALXUD,2.7989633,2.658855
GISPAD,2.5777347,2.5296936
YUYNAK,2.6294363,2.7666495
MOZWIK,2.4188201,2.5095537
SEKSAG,2.4819505,3.106568
QAHBOU,3.2253656,3.1018739
ALAXAM,2.9238634,2.9280005
VESDEG,3.0569272,3.3887658
WUGNIY,3.5459158,3.2521224
KEVGUO,3.2063177,3.4998584
FIDSOE,3.4084983,2.7703667
SELBIY,2.2947361,2.000957
HUNPUE,3.0909414,3.2892947
YOYWOB,3.224005,3.1354887
HUZHER,3.1374729,2.7094433
TAVDAZ,2.6348786,1.9193134
TUKHAL,2.7448125,2.4914184
NEWYAR,3.632176,3.023472
OPAJUN,4.504573,3.767143
FEMJEN,3.5478206,3.088729
GUMKEH,2.6093,2.6314633
XEBWUA,2.5388224,2.6729078
CUTTIX,2.289566,2.206255
OHUTUJ,3.3064556,3.0681617
TOXLUQ,3.0237293,2.8094475
HAJBIH,3.3396535,3.1148472
YEHCIB,2.996518,3.4053397
IBEHOQ,2.8811417,2.6777604
SUHVAV,3.3331227,2.7889414
PIXLOB,2.8501205,2.6116781
EJAPOV,3.539385,3.4419434
BAGWEP,3.3203332,3.320072
MURKAO,3.0027764,2.9175766
TOFPUZ,3.4876833,3.806989
MAGGOU,2.3529685,2.3757467
PAFHIR,3.1274047,3.0110302
AYEYIP,2.31324,2.4785404
JINZEP,3.2109435,2.8730779
PIMBIA,3.5714943,3.5614953
BOYXUL,2.791344,2.8755987
WIZGIZ,3.3755724,2.7368236
PUKSIA,2.5641289,2.9676614
ETOTUF,2.5695713,2.5061965
QERDUQ,3.9913661,4.223709
WOVHEX,3.3271363,2.8900251
JOZWED,3.3676813,3.4057426
SEYGAI,3.692041,3.342873
ADELEE,3.713538,3.199288
NUXSAD,3.3279526,3.7565894
PASTAI,4.4727354,4.15953
FESWAF,2.917605,3.0241833
UVOGOE,2.8506649,3.200536
GIPTIM,3.0411446,2.9610348
IXEHIF,2.975021,2.7922866
MIDSUR,2.8980126,3.0371068
XAXGIQ,4.0547686,3.1825366
MIQCUO,3.3162518,3.5158005
QAQNAZ,2.3554175,2.2035904
JOTLIQ,2.688485,2.5423014
EZUSOK,3.2063177,2.9081247
TAPNUW,3.0523012,2.7814097
MIYWUQ,2.9072645,3.1172988
PIGHEW,3.3731234,3.095005
HIGQOH,2.6604571,2.4907522
THALPD,3.223461,3.2520213
EZUTAX,3.2125762,2.8919168
SIMWIY,2.368479,3.2093728
SIWCUX,3.2942104,2.8308623
SEKZER,2.6065786,2.5757658
BOXWUJ,3.376933,3.4201076
RUDQAL,2.3222196,2.086335
JOZWIH,3.3712187,3.498661
AJITAR,3.0925741,2.833413
QAHJUI,3.3573408,3.469628
WIHLOP,3.651224,3.4001381
ELAQIT,3.2563865,2.845063
LIPKON,3.4933977,3.2689495
ZUCHEN,2.385078,2.29182
WEHPAE,2.6811378,2.7702534
WAZHAK,2.855835,2.4928982
HUWCUA,3.8063288,3.6449738
NEPXIT,2.4125614,2.7808936
PEPNAD,3.41258,2.8117237
KILXAI,2.2585452,2.0578818
GUKYOD,2.9785583,2.6263757
YUGWUU,2.71488,2.4274685
SEZZUW,3.1970658,2.8927538
WALDUM,2.9486258,2.7141182
BOBVUN,3.45122,3.6852195
KAGQUI,3.4280903,2.2393873
VUPKIA,2.9118905,3.8604887
USOKUL,2.7872622,2.262083
ZACBEO,3.4863229,3.1748242
PUSNID,2.2762325,1.8429651
PAKCOX,2.2163675,1.9195551
ZADSAC,4.048238,3.4940004
UHIMOQ,2.8718896,2.7890604
LILFAP,2.8729782,3.3270676
TOXRAZ,3.8297305,3.8839145
ARIWOQ,2.1592236,2.1682565
WUBQAO,3.4901323,3.665195
RAJGER,2.5061686,2.8746223
AFEYET,3.714082,2.9573593
HEJVUR,3.3826475,3.185478
CETTEE,2.683859,2.4618647
CUFSOO,3.1899908,3.4036088
KAKXUT,3.1739361,3.1185868
FEZTEN,3.331218,2.6222222
HUHZOZ,2.9105299,2.9638383
LARCUG,3.6808841,3.4269662
BAYTAA,2.7638605,2.3366437
CIDDUS,3.6406114,3.731483
SUMHAM,4.323617,4.2439036
DUKYOA,3.3067276,3.1695824
CAMSUI,2.674335,2.534546
TOWZEN,2.8718896,2.7903016
OCATEV,3.6283662,3.4008517
GEMYUW,2.8327053,2.663756
MAWXIV,2.5535164,2.3057075
BAPJUY,2.7646768,3.4178288
GUVGIQ,3.4501317,3.5333157
PUYKIG,3.778573,3.3003836
UMAZAM,4.258854,3.348102
KAJMAJ,2.9080808,2.8319602
AREMIU,3.9010243,3.1692731
YEBLAW,2.167387,2.7440138
BIMZIH,3.1467247,2.943169
EXEDUH,3.3159795,3.4032214
WAQJEH,2.7924325,2.3767793
SEYHEN,3.629727,3.3665216
IVAKAU,3.4601998,2.5024939
DEQLOE,1.4835647,1.7371503
FEZMIK,3.3110814,2.4516854
GULDOJ,2.6239939,2.216782
YUGWOO,2.6950157,2.3347955
OGUPOY,2.3257573,2.3853245
ZEBSOS,3.244958,2.5940895
REHRUV,3.2580192,3.0527241
JODHIX,3.307816,3.1811297
AFEYOD,2.5396388,2.5421085
HOVKEL,3.8819764,3.5309393
UZOHOJ,3.0955672,2.918312
LIXYAW,1.488735,2.1436863
YONMIY,2.7426357,2.7266366
CICFON,3.0454984,2.594959
FEWNOO,2.4297047,2.814393
GUBNOJ,2.8876724,3.3620124
XIVJEV,2.6667159,1.8626246
NIFQEC,2.987266,2.8567502
DIYZUK,2.776922,2.6364834
OHIROP,3.5829232,3.668704
KIRCUN,3.5796578,3.0799675
FUNJAC,2.709982,2.7081335
MILMOL,3.0841386,3.1411223
DAWWAD,2.244123,2.2037458
RAGRUO,2.8705292,3.533128
XILMAK,2.3472543,2.2182806
NEGGIS,2.741275,2.966096
EZEROQ,3.166317,2.9494593
QAVVES,3.531766,3.0602653
ALEXOH,3.182916,2.7145395
WEBPAY,3.3951647,3.1185956
LAWJUS,3.824016,4.1282806
LUMVEX,2.936925,3.1244109
HEXRAH,3.57993,3.348061
NIDJUI,3.8566697,3.5394688
YATYIB,1.7630258,2.1388597
MOWYAB,4.3195353,3.86375
LERQOP,2.9940689,2.7236278
OKUZAY,2.800868,2.625143
HUZJAQ,2.5793674,2.4246309
VIDMUU,3.838166,3.4452548
SANWAJ,2.6294363,2.286837
AZIWOW,2.9665854,2.967518
LADJAC,3.54646,2.573972
CIJNIW,2.3121514,2.008761
FACKAZ,3.5589771,3.3090332
BUZRAS,1.6215265,2.4987662
AQODIW,3.3192449,3.6538453
RUZFUP,3.2272704,3.5083184
LITJOR,3.5954404,3.310433
ETUMOY,2.1597676,2.7295144
YAZQOJ,3.3690417,2.7604444
XOXMEC,3.0669954,2.945456
PUXXOX,2.8626378,3.1564972
GEDXUM,2.04548,2.0312762
DEVFET,3.3655043,3.1505928
DAFNEF,3.3630552,3.2766242
HIXNIL,3.1089008,3.1063564
HOVKUB,3.799526,3.3866897
QEGMUN,2.5197744,2.5707684
CIGBUS,2.7611394,2.6173942
IMILEY,3.592175,3.2031212
CICFUT,2.7804594,2.390811
UQUTUY,4.23001,4.0927424
KAGQOC,3.1698544,2.1890438
HEDWUJ,3.049308,2.8567138
CUWREU,3.2008753,2.9454298
HUFNUU,2.8762436,2.6774213
EQOCEV,2.0231667,1.9328196
CENWUO,2.7880785,2.5498097
LEGWIE,3.4084983,3.319129
MEDMUH,1.789965,1.9534209
LAJTUM,2.934748,2.8434138
BILVUR,2.78182,3.1569614
YEBLIE,2.1687474,2.8017368
OJUCEE,2.1401756,2.0329316
OVULOJ,3.3154354,3.1185327
HAQGOX,3.4406078,3.8225384
XOCNUB,3.678435,3.5350435
LEPHIB,3.1535275,3.3749988
VOVYAJ,2.5034475,1.7877767
UHEBOZ,2.8593724,2.5817251
GICQIW,3.465098,3.418612
JUXDAK,1.906974,2.2819781
PELPOP,1.9861591,2.1310747
POVMET,3.539657,3.6075494
UNOGIQ,2.920326,2.8979692
TEGPEE,2.5663059,2.7342174
TUKFAJ,2.5529723,2.2995012
NAPMIC,2.5605915,2.8999872
RIMDOG,3.4177501,3.9082866
BAFCIY,3.1203296,3.2265577
HOVKAH,4.505117,3.8564868
IXEHOL,3.5499976,3.5477185
QAVCAV,2.4422219,2.139693
KEGNOD,2.7510712,2.6514096
KIBWUR,2.7701192,3.0129707
MUCREK,3.4218318,3.3231547
RIYHEQ,2.9146116,2.5425782
RIDCEQ,2.5622241,2.2483242
MEBFOS,3.2852306,2.5660157
BILVOL,2.782092,3.156838
QEQMUY,2.3165052,2.1075408
ZEHHUT,3.0346138,2.7512023
QEQXAM,3.1573372,3.0410082
DAWXUY,2.0879297,2.2548099
MAMBOV,4.103477,3.759262
WOBFIG,3.3978858,3.186162
XIBNEB,2.9532518,3.385956
OXOSEA,2.2694297,2.8561697
TULZEI,4.0234756,3.8001938
URUJOJ,3.4572067,3.5380192
HUQSEU,2.79597,3.3355622
BAGXAM,2.893931,3.4492655
IXEFOJ,3.5119016,3.651244
XUGMEU,3.635169,3.443355
NEYJIO,1.9981321,2.398093
TOWYEM,3.054206,2.7696817
ZUZWID,4.101028,3.9427304
YATNEQ,3.283326,2.5517733
FAMQET,2.2803142,1.9727671
TULXUW,2.8792367,2.883567
DEVBIT,3.529589,3.5462477
KOTMOY,2.9219587,2.6189358
SAYSUH,3.6909525,4.1752725
ZUYCUU,3.8675544,3.469732
JUFJID,3.4664586,3.3662486
BOYKIL,2.8759713,2.7997231
GAJVIX,3.790274,4.013076
FUWPOD,2.308886,2.2922256
JEZQIS,3.2169302,3.8341613
YAPHAZ,2.6917503,2.6952
PELPIJ,2.1020796,2.4349093
XACZAF,2.9143395,2.2660637
AZEMOK,3.3812869,3.536827
LEHREV,1.7292836,2.2092218
FEWXEO,3.3404698,2.8064098
TOCSOX,3.6860545,3.6487467
AVUCAY,2.793249,2.7960114
ERUQAM,3.4033282,3.0691206
KUGSAJ,3.9230657,3.5558996
LEMVIM,2.698009,2.6200695
QEGMOH,2.7078052,2.6783206
YATYIF,3.0724375,2.5088127
SOHNOT,2.6648111,2.553545
OLAGAL,2.6441305,2.6557584
RUGNAL,1.8944567,2.0132885
COVKIK,2.8958356,3.2561743
ERIKUO,2.1586792,2.7268426
KIQQAG,2.5249445,2.8507648
TULZOS,3.385913,3.2998188
LEXDIC,3.1489017,2.6722703
WUMHIY,4.0572176,3.8680704
GAZLEC,2.7812757,3.1322045
GECGED,3.1086287,3.2057812
IJEWIG,3.3132584,2.2130358
WAYZAB,2.0963652,2.661052
OROGAG,2.6405928,2.4019566
UYIBEM,3.2003312,2.348985
WIGSIS,3.0240014,2.857706
WELGIH,1.5698248,2.5279515
MUDKUU,2.6397765,2.314592
QUCJOQ,2.820188,3.6007762
GAZLAY,2.9320269,3.2198942
UNAROT,1.6481937,2.6213331
UNOYAZ,3.221556,3.1040041
RUCXUL,1.9151374,1.8639851
UHEGEU,3.0607367,2.3124452
FITJOL,2.2775931,2.0617547
CECRAH,3.2574751,3.1540062
QUNYAZ,2.1472504,3.5959244
GARREY,2.671342,2.0531445
XEYKIZ,2.5317473,2.7132578
TUKFEN,1.6928203,2.8341515
REHROP,3.5763924,3.0021393
VIDNEF,3.7706819,3.299263
PAVRAJ,3.4895883,3.2883077
CUMYIV,3.462921,3.4155245
MIDSOL,2.9271288,2.9147527
JEBHAD,2.80114,3.0913236
POMBAY,3.2656384,3.1265132
FUTLEO,3.4283626,3.2212126
UNAWIS,3.1491737,3.5655015
AWOGIF,2.7954257,2.5490353
XORVAE,3.385913,3.205808
ENIDUD,2.8672638,2.261579
ZUBBIK,3.6498632,3.7708426
EPANOB,3.9402087,2.5375743
AZEMAV,2.2569125,2.873984
LIXDIJ,3.2923057,2.8518925
SEPGIG,3.4683633,3.77503
QAMJEV,3.3257756,3.0211515
ZIDWES,3.229175,3.8641157
ETADEI,3.8316352,3.7071187
HUPSOD,2.7039955,2.7206798
TUKFIR,2.6057622,2.2362723
YIHZAS,2.3951461,3.1253774
CEZWAI,3.2052293,3.5586963
IWINIO,2.7298462,2.5894775
TAHNUP,2.4797735,2.2613053
SEYGIQ,3.6800678,3.3444576
ODIFEQ,2.8016844,3.2657468
WEGPEG,3.2182906,3.2281594
QAVBAU,3.6425161,3.4653943
EGONEX,2.4618142,2.3118837
DUPLIM,3.2841423,3.560958
ROWPIF,3.4038723,2.986644
YESFIP,3.4256413,3.3999333
HIWBUO,3.323871,3.8417196
ETHCPD,3.207134,3.4939654
WIPNIW,3.3777494,3.379272
WEGZOB,3.0362465,2.9543822
FEMLIW,3.5646915,3.2457416
ROXZUC,3.1407382,3.0914974
POZWAF,3.2808769,3.3895133
YIJWOF,2.4005885,2.4886022
WIGKEG,4.301304,4.3700047
ZEVKIY,3.535031,4.1413207
GUKDAT,3.147813,3.8938942
CIQKAO,2.7918882,3.146539
ECIWAR,3.4471383,3.130767
TECLIY,2.8275352,2.9205422
ZUMSIM,2.5537887,2.638079
KIMCIW,3.7385724,3.6446762
AWACAF,3.1170642,2.89351
COSPOR,2.1872513,2.0629058
FUFKID,2.7573297,2.3803008
WECREF,3.2435973,2.8177657
OVIKAI,2.9350202,2.2389684
XARXOH,2.7287579,2.877927
NIXWOK,1.4027469,1.5520219
REPYIY,2.6438582,3.39332
HAJBON,3.1742082,3.0236847
FELKEQ,3.3333948,3.503008
OTUTAB,3.5187044,2.9703188
EJITOI,3.1777456,3.3433855
XAXGEM,3.4139404,2.838387
XAPFUT,2.9529796,3.1774719
RIVWOT,2.2808583,2.4195557
GOYSOF,2.5426319,2.4165745
ULUVEF,2.162761,2.136119
ISULEQ,2.0680654,1.9898636
KUXLOG,3.1007376,2.435402
IMUSEQ,2.839236,3.1632235
RAQFUO,2.1682034,2.6066473
UMECAT,3.9750392,3.5077138
XETVIF,3.3255036,2.724605
UMAZOA,3.5875492,3.3320367
QUMMIX,2.5940614,2.2031374
LAWJEC,3.608774,3.9650416
ZEYHUJ,2.5399108,3.2123842
WEGGIC,3.620747,3.31153
QICSIG,2.9986947,2.5353792
EQICAL,3.0846827,2.2752175
MOVNUH,3.598978,4.0136237
XAQWIZ,2.294192,2.4975178
FICGEH,2.9793746,2.5005069
PESLIM,2.6536543,2.7317953
VODZAQ,2.9020944,3.2609484
QAVYAR,3.3225102,3.484708
BENSAS,2.841957,3.0030086
MEHGUF,2.1575909,2.1685338
PODJIF,3.7671442,3.83352
NAMMIB,2.8321612,2.485281
IWAKOJ,3.3233266,3.213331
HAKCIJ,2.8865838,2.9300263
NIRMAC,3.023185,2.995007
WAZVUS,3.0457704,2.8334925
YATYOL,3.6057808,3.0860806
ADINUY,2.6430418,2.389944
QOCXIP,3.5483649,3.767846
ZUVBIE,4.1617093,3.7669811
WOHZEY,3.173664,3.4009495
QAYYIA,3.5807464,3.2636967
YIPGUD,3.2969315,2.460581
EAPRPD,1.53445,3.6638842
VIJRIT,3.7573483,3.7686331
ZUSVAN,4.0493264,3.7276235
FIFJAG,3.1565208,2.7326574
CEWPEC,3.802247,3.7598038
QISHEF,1.8302379,2.4957435
YAZSAX,3.6090462,3.0265017
TUGXOL,1.9434372,2.2937799
HAGBUQ,2.3184102,1.7462176
NEWVER,3.1089008,3.2963142
NESSEN,2.8218207,2.4688659
ZURRAH,3.262101,2.5949802
LUMTEV,3.3388371,2.4382174
FEKXUS,3.3701303,3.0749245
ZABBUD,4.0849733,3.6632323
COSPIL,1.2718602,2.143751
LEZYOI,2.7750173,2.5508814
COVKOQ,3.3344834,3.4391506
LUTFIS,2.9902592,2.762586
PIWLOA,4.0354486,3.9344325
VUQYEO,1.9970436,1.8332703
VUHYEF,3.505915,2.890883
ZIYFEW,2.4811342,2.1982956
EKACUR,3.204957,3.9502885
VAWKUZ,3.5116293,2.8104877
KUTREZ,2.5861702,2.1467583
XISFEO,3.3562524,2.8063374
RIDCOA,3.0580156,2.6214166
HOYZAW,3.7279599,3.8213248
XAXFUB,3.740205,3.7414196
YOCGIK,3.2626452,3.408126
SUKDIN,3.181011,3.0016875
XULXEK,3.2223723,3.1070044
TINMEM,2.1472504,2.2480156
TOWYOW,3.0120285,2.78678
NAPMUQ,3.6025155,3.3819633
AVUBIF,2.7839968,2.604155
FERMOI,3.3045506,3.006554
TULXOQ,2.4229019,2.8357594
ACIWIV,3.8229277,4.0070186
TUNHAN,2.409296,2.3574867
DUTTOE,2.0277925,2.083542
EKEDEG,2.057453,2.556942
AFEZEU,3.8795273,3.8081865
PIWLAM,3.2901287,2.8519545
CEDNOS,3.2580192,3.1704566
LIFCUC,2.1834416,2.1470165
XOBVUJ,3.3557081,3.0711455
GORTEP,2.8259025,3.4063687
QIGCAO,3.3328507,3.1794324
RIBFUH,2.6571918,2.8736508
HAKGOS,3.6691833,3.2051394
BUBPAS,2.2558239,2.1003923
BUPFEA,2.1502438,2.4791574
IWAMUR,3.190807,3.1944635
JUTFEM,3.080057,3.4211025
JEZQUE,3.3603342,2.9042335
TULKUJ,3.8561256,3.8776438
ITAJEV,2.308342,2.1649694
BASLIU,2.7042675,3.1917293
HAYHUO,4.290419,3.3432221
CUDVOP,2.8386917,2.6698697
FADKOO,2.9211423,2.5029252
CUYPUK,3.2917614,3.341571
MUCQUZ,2.3241246,2.7901905
UVUSAI,3.3472726,3.9632437
CIKCIL,3.7777567,3.8791902
OWUVEK,3.8972147,3.1026158
PASRUW,2.6686206,3.1944778
RAFLAN,3.3083603,3.4201586
ATODEV,3.0533895,2.9059894
ETENID,2.4531064,2.3179936
TOBBIZ,3.1973379,2.64082
PAJXIJ,3.4253693,2.941767
OLUKEL,2.7420914,2.9321568
KILLUQ,2.2117414,2.2087822
IWAZUE,1.7798967,2.335116
PERQOW,3.7919066,3.5319257
VOBYAQ,2.6784167,3.0560424
JETWIS,3.2974758,3.2244892
GEDTIW,1.5896891,1.5545455
DAWVUW,2.5344684,2.358958
QUHDUV,2.4193645,2.9532683
DIRDIV,3.764151,3.7116575
ZELHUX,3.8768063,3.5294724
GITXEP,2.1872513,2.2780542
RIWDUA,2.4816785,2.4379578
UJODOP,2.3023553,2.4930243
HECHEG,3.3067276,2.818531
PUBDAU,3.3635995,2.9398868
NACTOB,2.5423598,2.338148
CUWJUC,3.3793821,3.0817783
OVEHEF,2.9725718,3.0611641
QITYIF,3.341014,3.0275595
ZIGGIJ,2.2977295,2.302761
MUZRII,3.2444136,4.112438
UJOLUD,3.3834639,2.9355328
ZEBSUY,3.3450956,2.4759433
XIXSUW,2.74835,2.7347636
SEWTIY,1.9820774,1.9502602
CEMQIY,3.0476754,2.851266
HUFPOQ,3.965243,4.0400743
WUSJUS,3.4904046,3.000454
VEVPIZ,2.4933794,2.2801492
WICCOE,2.6890292,1.9485214
REVBIE,3.5938077,3.5985286
OWEQEP,3.3657763,3.1894727
FOFKOE,3.1176085,2.8158216
COJQIC,2.798691,2.3019915
OGUPAK,2.4936514,2.3935668
FURFUU,3.4680912,3.1351542
GUHWOY,3.3091767,2.8157392
KENTII,2.887128,3.3543386
MIBLOC,3.2574751,3.2580214
HEWJUS,2.0609903,2.4156184
BAGWUF,3.139922,3.3583038
VAFXEF,2.3077977,2.2220292
BIQPEA,2.5565097,2.3227289
NIQNIN,3.334211,3.363294
HAHRAM,3.8797994,3.6312382
FIBRIV,3.0555665,2.911646
TEQHAC,2.232422,2.1800666
LASTOS,1.7741824,2.33819
AHOQOG,2.9004617,3.1689065
IWAYUD,2.717601,2.681214
QEGNAU,2.5731087,2.6358228
CAYGES,3.0944788,3.6728687
IWAZAK,2.5894356,2.3877854
WECRAB,3.5499976,3.0689325
WEFKIF,3.1513507,3.5399566
ENURIR,2.5429041,3.1982124
RIZREZ,1.8223466,2.265878
ZEDRIM,3.0944788,3.1614752
EHOBOU,3.4523087,3.372171
LADHAA,2.2405856,2.1746573
VIVBAH,3.4387028,2.6361086
TOVNUQ,3.2329848,2.367627
UQUNUR,3.261829,3.1127632
MEJTII,2.6365113,2.250333
YECGAS,2.9439998,3.1369402
PIYGEN,3.1216903,3.2171648
KILLEA,2.5132437,2.2252874
GUWNIY,3.2982922,3.6083367
LECBIH,2.3984115,2.621613
JUXDEO,2.3399072,2.2768483
CARVUQ,3.2414203,2.7092092
UYODUK,2.29909,1.9239311
IFAVUG,2.7918882,2.4823413
EMAQIV,3.4441452,2.9454582
HUVREY,2.963592,2.7280881
MOXWEE,2.04548,2.3475685
WUHDIP,2.9910755,3.3371325
GUBLUN,3.385913,3.4406424
PUSSUU,3.802247,3.3855023
FESJOG,2.2909267,2.2789378
QOWDIS,3.5883656,3.0242686
CALXUM,0.44272926,1.9039202
MUDJAZ,3.26972,2.614623
GOSZOG,2.164938,1.947994
XONVUT,3.5984337,3.3593423
YAQYOE,2.0748682,2.6660166
BUWKEM,2.9747488,2.5936718
ETOTOZ,2.2405856,2.681878
MAJBIL,2.9118905,2.6024036
NACJAD,3.3927157,3.0231552
EZEQEF,4.012047,3.484653
OXUVIO,3.101554,3.598159
ULETEN,1.8925519,2.058832
GAMBIJ,3.9685085,3.7205358
NUZLEA,2.6990974,3.235239
GEDYEX,2.1551418,2.0998535
QUHDAB,3.161691,4.151248
QIGCES,3.369314,3.200653
JUHBEW,2.7355607,2.6887002
NAKMOF,1.0296788,1.4513495
CAHBOG,2.9170606,2.5487797
UQEJIM,2.1331005,2.1079025
NOJREL,2.3597715,2.5352254
VAWHIO,3.929052,3.7646291
TEMVIU,2.5565097,2.849872
BINBAF,2.8920262,2.3826737
XUYPOZ,3.1573372,2.957401
KEMMEV,3.2223723,3.085113
PIFBEP,3.2131205,3.716368
PEHROL,2.9214144,2.7537804
UDOMUZ,4.02919,3.7808971
VUQHEX,3.276523,3.5201228
KASTAD,3.1891744,2.7319963
MIDTAY,3.6699996,2.9968746
CIDFII,3.4610162,3.5824747
IBEYIZ,3.190263,3.2817242
IBEHIK,2.81529,2.7325423
TUKFOX,1.7477874,2.9407218
BUBNUK,2.9725718,3.1766021
PUWDOD,2.9050877,3.1085138
ZUXFAC,2.6735187,3.1425128
YAQDIH,2.90155,3.19399
HUHGIC,2.1918771,2.3352141
QELLEC,3.8678265,3.9684298
MAQQEB,2.585626,2.5786054
JESPUW,2.4588208,2.5741155
JITJUV,2.5124273,2.227583
JILGIY,2.0525548,2.4414868
AVAWUS,3.1989706,3.101367
OGUPEO,2.2971852,2.3623667
YIWFIX,2.8854954,2.6127067
WUTROV,2.996518,2.6225736
TEHCAO,3.4667306,3.1755805
HOKSEF,2.6397765,2.308783
MUCGAV,2.294464,2.4478543
HUPTEU,2.817467,2.6967735
IZAMEC,3.6857822,3.6846123
YANGIH,2.4993658,2.2530847
MEFWIE,4.208513,3.6099484
ZIXMIG,2.8231814,2.636727
FITKEC,2.8073988,2.6246326
NOVDAG,3.5927193,3.3972313
ZEHHED,3.0933905,2.7399485
IJEXIH,3.362511,2.329959
KAYNIL,2.5276656,2.9868112
EKIQUL,3.0359743,2.8257256
PIPPUD,3.3946204,3.0042334
ITEFAR,4.4577694,4.296054
CUVKAI,3.0082188,3.815451
BOFYUR,2.5399108,2.830925
QENTUC,4.2955894,3.8963137
ZEHHON,3.0335252,2.7181692
DISBEM,2.7037234,2.477652
SAMTAF,3.5358474,3.6883128
KUNMEL,2.779371,3.6333885
FIDTIZ,3.2038686,2.9508867
OKUVOI,2.5200465,2.548219
LEWHOO,3.4395192,2.7714927
AKUBOA,3.2275426,2.6162896
BUQWES,2.3608599,2.1228135
HIDPUJ,2.6242661,2.9142728
HUPSUJ,2.693655,2.642731
JARQIG,3.792723,3.786641
COBTEW,3.4517643,3.5552235
BERYAY,1.0884554,1.8854674
ZEVLIZ,3.5067313,4.151932
MIDXEG,3.7597973,3.794396
YATNAM,2.3888876,2.2087476
WUSKED,3.3274083,2.9254067
IREZOX,1.9728255,1.9119601
JEDQOC,2.7001858,3.6243634
HUFPUW,2.487393,2.8110898
ORUDEN,3.0822337,4.011965
EXEFOF,3.6648295,3.640564
LITKIM,3.369314,3.2472847
IQEYEK,2.2805862,2.0433488
OFIKIZ,3.7034698,3.3647463
ZABHOD,3.6925852,3.6487708
OREPEJ,3.190535,2.980947
QAGCAG,4.0969462,4.124527
EJUGAS,3.0408723,3.3543525
WEBJAS,3.0286274,2.7669477
WEBNEA,3.2542098,3.7987952
SUVZER,3.6942177,3.4339247
LUHYAR,3.388362,3.1088731
FAKLIQ,2.4743314,2.634769
AWACEJ,2.982368,2.827791
VENWIX,2.0533712,2.3551228
WADVEG,3.6602035,3.6223316
NIHLAS,2.2180002,2.090578
UHEGIY,3.006586,3.0120249
XOQTOP,1.7037048,2.1784787
PAKCIR,1.9916013,1.8424447
ORAVAH,2.9508028,2.5534515
PIXSAR,2.5671222,3.0721188
NESSAJ,2.722227,2.2383451
QEGNEY,3.8272815,3.010693
IGERES,2.3986838,2.9867766
UHUQAS,2.755697,2.4323006
AWIPII,3.0860434,3.3327048
LECFOS,3.6242845,3.4365332
MUBGOI,2.5837212,2.3985746
DAWWEH,2.7001858,2.2206044
PASWOY,2.7238598,2.1074996
UGICES,2.0354116,2.4617157
NINXAN,2.5211349,2.4483843
AHOREX,4.1426616,3.8690906
EKIREW,2.985089,2.8652413
DULTEM,3.5045545,2.9090033
IGURIO,3.4041445,3.0345907
WALDOG,2.9271288,2.7247958
TEMYAP,2.9551566,2.397729
KAXGOJ,2.411745,2.4382477
GUPTIX,3.1706707,3.0086613
KAYVEM,2.8321612,3.4530215
VETNUD,4.117899,3.3818605
ABATIK,2.6471236,2.4812782
GUVVAV,2.9042714,2.5507464
ETENUP,2.4288883,2.0774584
DUBLAQ,3.4136684,3.3243756
WECTEH,2.9113462,2.7791326
NIFLIB,3.4498596,3.4326978
NEQLUU,2.884951,3.704452
FAFFIF,4.442803,3.9397361
TAZPOD,1.8647963,1.907984
BAGXOA,2.963592,3.270135
SEYGEM,3.1995149,3.3794045
EJEZOL,3.9987133,3.1753426
CEMQEU,3.207134,2.7371137
ZEVKUK,3.4525807,4.0114403
NAPNAX,3.9807537,3.626901
EWIBAQ,3.408226,3.3818536
FEZMAC,3.3358438,2.4817772
LAWZEP,3.1916234,3.414012
MURLET,3.015838,2.9408157
QIBBEM,3.2727134,3.0414577
TAZQAQ,2.014459,1.8996961
RINSIR,3.3951647,3.945104
PUMRAT,3.443601,3.3096237
YOTKOK,3.4261856,3.290572
NOXKIX,3.2539375,3.2676942
IZIVOF,2.8449504,2.6837301
HIDQIY,3.0435936,2.789334
ZEJQIQ,2.5924287,2.6423295
MOCTUV,2.7548807,3.3916612
LIBROH,2.6125653,2.4269571
LAGSIZ,3.0095794,2.9243689
QEZPOE,3.7393887,3.1701205
HUCCEQ,2.6512053,2.3865652
XONXEF,2.473787,2.520423
IKENAO,3.271625,2.7230024
OBEXOL,2.4618142,2.7502253
HICQAM,2.2694297,2.5592217
BAFWAG,3.5453715,4.680449
IMIYOS,3.1717591,3.3600621
LUMMIS,3.228631,2.4411733
ZOHROH,3.0479474,3.610364
SEYHOX,3.5853722,3.3746822
YOMHUF,3.0128448,3.048034
YIDTUE,1.8588098,2.2151825
IREZIR,2.108066,1.990654
KAZYIX,3.187814,3.079315
ZUVCEB,4.3023925,3.992957
AQAWEX,3.159514,3.110712
BOFTEZ,1.9398997,2.465226
FUNROW,4.3023925,3.7922246
SUNNAT,2.100447,2.413219
OYUGUL,3.312714,3.0518446
OQESAH,3.1845486,2.6670022
NAPPAX,2.8359706,2.4531698
NOVCUZ,3.2090387,3.501226
REYKUF,2.497461,2.557762
WODSIV,3.2988365,3.0478504
REZCOS,1.9325527,2.5240533
DOYGOQ,1.9638457,2.8354545
RATJIH,2.6588244,2.6249356
OWAVUG,3.3276803,3.0582345
HEBVUJ,2.4435825,2.1611962
YIXVEK,3.1845486,2.7400126
CAZRUR,2.224803,2.5071185
IMUXEW,2.9665854,2.3302183
YAZLUI,2.4239902,2.6612537
FUQGAC,3.5263236,3.079622
JENPIC,2.7905276,3.1359234
ADUBUA,3.8104105,3.702263
MIFCIR,2.769847,2.6472201
NAHDOT,3.5627868,3.6947875
HUNPEO,3.2180185,3.2792783
AJEJAD,2.6797774,2.614401
WURTIP,3.0123005,2.9761772
VAWHOU,3.8019748,3.6868005
XUTJUU,4.738319,4.1461034
BINBEJ,2.8493042,2.5272684
LUVTAA,1.7363585,2.0471685
TIQRAQ,3.7265995,3.1081996
FAXKAU,2.987538,3.5214248
IQIQEH,3.2966595,3.220731
HECHOQ,3.1241393,2.3562899
TUGKUD,1.531729,2.043307
XEKKIL,2.86291,2.781814
OVUMOK,3.271625,3.5194998
RAMWIN,3.224005,2.820776
VEPDAZ,3.106996,2.8177102
OHUSIW,3.488772,3.49871
ITUSOI,3.0139332,2.6320262
MIXQOD,2.4789572,-0.20036793
NAQRUW,3.7573483,3.0957143
OGOWUF,2.772024,2.7065265
ISIXUG,2.4022212,2.6583276
QATZOE,3.7943556,3.4809659
EZUSUQ,3.1932561,2.9909706
KILXIQ,2.198408,2.003302
KAKVOL,3.31217,2.6165612
LAXVEO,3.0093071,3.176894
KAFZIE,2.7864459,2.4182637
PIDZUB,4.132321,4.2389708
NEBHIP,1.4296862,1.8197265
WEHLOO,3.7361233,3.8434658
NASPUW,0.65416175,1.3486117
ZACLAU,2.4629025,2.578566
MIFCOX,2.8659031,2.5662038
EZEQOP,3.7913625,3.2841392
ADEKAX,2.9674017,2.7049932
BUZSOH,1.3080513,2.493044
JEKKAP,3.6444209,3.4934263
ZEJPIP,2.5815442,2.578501
TORGOY,3.691769,3.850885
QOCCIY,3.2011476,3.3839896
MAQZOX,1.8860211,2.379868
RAFHAL,3.125772,3.3268123
MUWCEP,2.982368,2.8184679
DANKEK,2.7303905,2.6809745
ANIZOP,2.8599167,3.1928222
WIPPAQ,3.429723,3.5790555
IHOGAO,2.920326,2.9249105
EXEFAP,2.798691,2.9080906
RAQKON,3.2868633,3.5896695
IREZEN,2.0824873,1.9087483
XULCUF,2.8242698,2.1574826
IZOTEZ,2.7467172,3.3722024
MEFHOU,3.46537,3.516531
LAFBAW,2.449569,2.0354114
NAPKEY,2.1559582,2.3687773
DIYSIR,3.1674054,2.778233
COFMOD,3.4033282,3.134901
UNARUZ,1.5094156,2.2354407
YANLIM,1.6506426,2.261592
LIVJUZ,2.5110667,2.339872
IBEKOP,3.231352,3.27038
NOVJIU,2.9722998,3.274551
GEFPIU,2.6751513,2.6278539
NIXWIE,1.3850596,1.477559
UTELUD,3.056655,2.5620282
SUKDAG,3.7627904,3.4885635
TUNJAO,3.0378792,3.0603626
ATUWAQ,1.2492747,2.0941968
PULZAA,1.7219365,2.0181394
MICCEK,1.3592087,2.0887556
CUHHEV,2.416099,2.1252763
LIVKAG,2.5744693,2.3755474
NAMMAT,2.712703,2.3814538
PUMRIB,3.3611505,3.2444773
MIHYIO,3.1434593,3.2882671
IGOWAD,3.0748866,2.9317455
JEPGUH,2.5660338,2.9315565
AXIJUO,3.7600694,3.941568
XOJZEE,3.3494496,3.043923
FEHGIK,4.729339,4.7204185
FOYZEB,2.3097024,3.231202
LEJLOF,3.2060456,2.941398
QALZAE,3.1244113,3.7746563
FITJIF,2.2261636,2.1157205
HIYHIK,2.8680801,2.2997036
CAPTIW,2.7469895,2.669702
WUSKAZ,3.2201955,2.7158895
DANJIP,2.34671,3.2062407
DOXMIP,2.4419498,2.3095777
POMBEC,3.2738018,3.1300855
ERADEJ,3.1793783,2.9485924
JOBWIJ,2.8397803,2.3603225
GUBCIS,2.9622314,2.9220989
JESSAF,2.4890256,2.0445538
ITAJIZ,2.3091583,2.1646569
VOFYEU,2.3475263,3.2543461
JEZRAL,3.577753,3.7284184
PIWLUG,3.1597862,2.8413405
ZARDEF,2.9363806,2.7782576
BORHEY,3.037063,2.4837162
EWEYEN,3.577753,3.792055
DEVFAP,3.6259172,3.6510892
XAXGUC,3.35081,2.3712175
MOWTIE,2.8498485,2.388703
JUMJOT,4.813694,4.271798
EZEXAI,3.7467358,4.1228113
UPABUL,2.8977406,2.3498335
MIFDIS,2.4278,2.5091999
SURFUJ,2.7015464,2.2312508
HEJVEB,3.314619,3.1991916
FEDHOP,2.8155622,2.7039196
UNOGOW,2.9388297,2.9113326
SERBOK,2.9548845,2.756903
HAXBIV,3.4446893,3.7322369
EGOHAL,2.722227,3.1595886
NESJOL,2.026976,2.1165073
HAHSUI,2.8310726,2.6035004
ZEPNIU,3.1600583,2.9699228
YADTEE,2.803589,3.0359273
QANKOJ,2.7238598,2.4951289
MUCDIZ,2.9641364,2.883157
YEZPAW,2.798419,2.9592829
FUNGAW,2.4990938,2.6531048
VUJKOD,3.071077,1.8122956
UCOGOK,3.2849586,3.5241897
ZINGUC,3.16931,3.5348089
GEVCOB,2.9508028,2.7608128
DEVKEY,2.7513433,2.4511502
MUCQIN,3.3295853,3.415042
LISVAO,3.243053,3.1038923
FAXJUN,3.981298,3.6921778
AMAVAO,1.9725534,1.7888646
DOYZEZ,2.8060381,2.13737
HAYJEA,4.024836,3.4981828
PESMEJ,3.1132548,3.3523126
FONKEB,2.5703876,2.739292
EMAFEG,1.8392175,1.7087495
CUTTET,2.0277925,2.236582
SOTPAV,2.934748,2.7869158
SIVVIE,4.029462,3.6633062
GAKSAP,2.9508028,2.844382
OGIYOS,2.758146,2.415293
SELBOE,1.8492858,1.9148872
SEKYAM,3.6582987,3.0294886
VUWBIB,3.2999249,3.2981462
VACHIU,3.470268,2.9671643
DURRAM,2.9094415,3.2762764
WIWREC,3.2348895,3.2666626
DOYVEV,2.7978747,2.470698
PASSUB,3.9769442,3.5995743
IHOYOV,1.7148615,1.8288853
FUNRIQ,4.3004875,3.7905023
QAVDEA,3.0250897,2.7331219
QIVTEU,3.7007484,3.1911848
UWAZEY,2.0639837,2.1925607
PANZUD,3.4376144,3.0321946
FAWGAM,2.578823,2.9471798
FAJKUA,3.3635995,2.7827306
MAZTAL,4.0691905,3.663684
DUGJUN,3.061281,3.4498243
CUHGIY,1.1483206,2.1009693
DIQHIY,3.3826475,3.0605636
WARRUG,2.6346064,2.7058296
AQEMIV,3.4781594,3.3558197
MEDMOB,1.780441,1.962651
ZUBZEE,2.9102578,3.4399104
VEJVIR,3.109445,2.8654916
YINDUW,3.3064556,3.1584654
KUZLEZ,2.3796358,1.858839
FAVQEC,1.2966225,2.8113918
YIYLEY,2.9616873,2.7180753
CIJNUI,1.9540496,2.1589134
WUZZID,3.5845559,3.5425963
FULJEE,3.3967974,3.355152
POBRUX,1.7733661,1.8660803
XADJES,3.3842802,2.9419901
ZOVJUS,3.0169263,3.1257033
PIWLEQ,4.1206203,3.9049902
QIPZAU,2.2697017,2.306665
YOYPUA,3.2362502,3.191264
XAWVEA,2.5407271,2.6773293
APIKIV,3.328769,3.013787
OVEGUU,3.2065897,3.29359
UVOXEJ,2.4403172,2.5348954
VEVBOR,3.0531175,2.8380265
WIJYOE,3.2653663,3.650423
KIMPED,2.9263124,3.0012891
UMECIB,4.019666,3.5490103
FUJKED,2.4596372,2.365353
GORTAL,3.0748866,3.3459113
IJALEK,2.7663095,3.6297665
UBAYIJ,3.1717591,3.4476538
HAJZAX,2.712159,2.9686131
LORMIR,2.5935173,2.4176702
ATOMEB,3.5723107,3.8169494
QOCZIV,3.448499,3.1771502
VEDMEA,2.2133741,2.0669305
PAVNOQ,3.121418,3.037963
DAQRUM,4.645528,4.2625446
FOFKEU,3.353259,3.256287
OFAVAS,1.8857491,2.2996135
YAVPUI,2.2122858,2.1912026
QANGAR,2.243579,2.4066045
PIKJEA,2.183986,2.1125042
DAWYAF,2.2188165,2.355843
FAVPUR,3.042505,3.4461324
DAWXEI,2.4482083,2.2314258
QAQLAZ,3.1837323,2.807526
OJUYIC,3.0645463,2.5808926
COVKAC,3.5910866,3.4233944
IYIHAC,1.9325527,1.934152
VIGVIU,2.9815516,2.5662787
IFOPAX,3.3037343,2.805247
RUDVOE,2.2963688,2.0436006
YECQOQ,1.3608414,1.5228583
NOBSUW,2.5001822,2.2315361
XUSXUF,3.4155731,2.822867
LEZYUO,2.394874,2.1538339
WUSKIH,3.188358,2.834677
RACLUG,2.186435,2.508369
RAMDOA,2.0136425,2.2102628
MEDMIV,2.000581,2.038621
WUMBOY,3.976672,4.058437
WOPZOR,3.639795,3.7320323
NUYKUQ,2.9314826,2.6366377
RUXRAG,1.8661568,2.4439442
BENSUL,2.7589624,2.8191452
TULYIL,3.8297305,3.250139
KUHZUL,1.9831659,1.6316187
ANISUO,2.5467136,2.0588202
TIJWOZ,3.1366565,3.6438198
LECFEH,2.9173326,3.7432628
IXIKEI,3.2724414,3.1485806
YUZJAG,1.947791,1.9852519
ALIKOX,3.4068656,3.4805145
OJEWIL,2.7646768,2.6736236
HUFQAD,3.3728514,3.3315372
GANQUL,2.7284856,2.259233
XUFPOE,2.8487601,2.649968
WUGNUK,3.4022396,2.8162985
NINWIU,3.355436,3.1336598
IWEGIB,4.047966,3.662104
KANYIL,1.4008422,2.1472318
XOJSOH,2.155686,2.2607203
DIRDAN,3.8683708,3.846971
ADUHAK,3.45122,2.9476578
EJOQAV,3.0974722,2.9412353
JOZWIE,3.9617057,3.454894
LEXZOH,3.6191144,3.049766
SAMZUC,2.5377338,3.4087324
VITJAN,3.4713566,3.671237
OGAQUI,3.3181565,2.5974548
WAFCOZ,3.240604,3.0339074
MOQKUZ,2.064528,2.4530191
BASQUH,2.69556,2.5718164
QEFKUL,2.5916123,2.907529
LAYKEC,3.309721,3.052452
IBECIF,3.1603303,2.795078
RUFBIG,3.1703987,3.047568
ZUJMID,2.884407,2.6551125
IYOGEL,4.137491,3.7248163
PEFLUH,3.41258,3.2157507
KUXLAS,3.096928,2.3354259
QINHUU,2.9684901,2.9234743
TCMPPD,2.179632,2.6348321
EVOWOE,1.6998953,2.1441202
CEKWEV,2.6250825,2.343586
WEDFOA,2.963864,2.4989688
XUMKAS,2.6318853,2.779489
WELQEJ,3.489044,3.4082942
XEBWEK,2.451746,2.4937649
FIDTOF,3.2754345,2.9684331
DAFQOU,2.2882054,2.2781553
AXOQUZ,2.9785583,2.502088
KOJLUT,3.283326,3.0352283
BOXWOD,3.16931,3.3076575
IQODOK,3.9064667,3.6301985
APOQUU,3.1089008,2.793607
VIDNAB,3.9448347,3.1607172
HAVVAF,1.7657468,1.9193828
PIXSEV,1.6079208,2.9934754
CEGYIA,2.7850854,2.1950636
LIGSAW,3.2299914,3.2245038
LIXDUV,3.1176085,2.4927487
XIVFUH,2.5562377,2.2570934
RUJHAF,2.9663131,2.7570407
ADAKUN,2.4849439,2.3354645
JOXPIY,3.1391056,3.061472
JAQWUX,2.4397728,2.5778115
JIHVIJ,2.2914708,2.2918134
EKEGAF,3.5355754,2.9996462
FICGAD,3.0414166,2.5100267
NIJXIR,3.1584256,3.0201938
IQEMIB,3.4400635,3.3061292
BARZON,2.858556,3.0194776
JESVUC,2.203578,2.446626
WEQXEZ,3.0520291,2.845636
UBABAE,2.9235914,2.6891017
PUKSAS,3.5407455,3.0226395
FAGSEN,3.4640095,2.973953
BAHQAE,3.2316241,3.1514792
XUTRUC,3.2498558,3.3129096
NAPNEB,2.650389,2.455805
TAJWUA,3.7265995,4.1545167
DAWWIL,2.693383,2.198457
QUFWIA,5.2697573,4.379745
KIRBEW,2.344261,2.8980048
NOVCOT,3.651768,3.41507
WEHNUW,2.626443,2.7350812
HAYGUK,3.6264615,3.8292065
MUWDOA,3.1350238,3.0192003
HUHGEY,2.1570466,2.2421286
JIJMIB,2.246572,2.3029253
CUXPIX,2.8620937,2.6413064
PUBCOH,3.362239,2.9400074
HAMZON,3.7031975,3.9056826
OGUQEP,3.6686392,2.5529437
CIVDUJ,3.1004653,3.2319
CESQAW,2.284668,2.3750224
TELREL,3.2542098,2.8110394
WIFJAA,3.0740702,2.5542815
MUYVUA,3.8449688,3.1287901
YOZCOI,3.0103958,2.672963
YIPHEO,2.7129753,2.4198651
VIRGIQ,1.7573113,2.3283806
JUQBUV,3.2531211,2.8522966
GIPVIO,3.3080883,2.9461436
IVAKEY,3.4441452,3.0588813
TUKGUE,1.7537738,2.9325109
TAPPAE,3.0933905,2.7940948
DACKAX,3.4667306,2.7850332
LUWRIH,3.9875565,3.5375955
XASFOQ,2.8166506,3.3068392
EGONAT,2.4912024,2.3522923
WIJQOW,4.1094637,3.9507513
YUZDEF,3.2128484,3.2951007
BUWKIQ,3.1657727,2.7771752
ORUDEL,3.4182944,3.081175
REPXIX,2.5820885,2.8374946
XUGTAX,3.4667306,3.7443597
VOVYEN,1.6881944,1.7116439
NUPXII,2.7690306,2.6818352
KABPUB,3.0860434,2.3860135
WAWVUP,3.4071376,3.7097151
TUQCEQ,3.3230546,3.5213943
RUZCAR,3.6378903,3.7168536
ACEJOJ,2.3807242,2.9820163
KILLAW,2.7352886,2.3003554
QANFOE,2.4395008,2.2538443
GAKDIJ,2.6087556,2.7286232
TAHRON,2.3916087,2.1117964
WAZTEZ,2.040582,2.1460252
FASPOH,3.524963,3.2915916
QALZUC,2.4773245,2.4545515
OJILEB,3.7943556,3.2109308
SIRSIW,3.539657,3.4590085
ZARJEL,3.854765,2.8902624
GAKDAB,2.0773172,2.439575
QETXUJ,3.0484917,3.4077384
ATERUP,3.025362,2.964381
KIHDEO,2.70971,2.4177394
WEFKOL,3.51299,3.8673444
TOSQIB,3.2512164,3.221463
IFOTIK,3.1023703,2.7810178
XALSIQ,3.8531322,3.4117696
DUXXAW,3.776124,3.975021
NEQZOC,2.7714796,2.757345
ELOQEC,3.6060529,2.7219365
YOLKOC,1.6702349,1.614956
XEWJES,2.6250825,2.4772997
LITKOS,3.3559802,3.2528796
ZOHRIB,2.8362427,2.5825968
ABATOQ,2.6871245,2.5104473
VIGQEL,4.115178,3.6431794
YIRFIS,3.3080883,2.7563143
JILGOE,2.0794942,2.3747058
IQEBAH,3.1410103,3.089351
YOWLUU,3.4155731,3.079119
OZIPOF,3.7538106,3.5763726
FEKYUT,3.288496,3.0959306
NARPAB,2.9595103,2.2669916
OCISEC,3.2487674,3.2110076
OYEKAH,2.055004,2.302481
BUZREW,1.3782567,2.435106
CUWMOZ,1.7984005,1.935723
ADIYOF,2.7750173,2.4849446
VIFSOU,3.780478,3.519372
DIJJIT,2.932299,3.0006506
QIGDAP,3.3118978,3.2152898
MEBDOQ,3.551086,2.681871
BUJVIO,2.3505197,2.6086555
FIJDEJ,3.6142163,3.2892995
HUQQUI,2.5276656,2.3332436
BEXKAU,3.1938004,3.119595
QEXRUK,2.836787,2.4802105
KEGPIZ,2.9722998,2.7889953
IYUDUE,3.589726,3.1210372
KEPNIG,1.4930887,1.8107048
EHOPOH,2.9976063,3.4882123
BOZXOG,3.0525732,2.4101293
TIJQIQ,2.3687513,2.0218914
NASKUQ,3.3358438,3.6918044
ZIPWII,2.2950084,2.255226
MUWFOC,3.8876908,3.219085
JUPXUP,2.0751402,2.521928
JOYTID,4.024836,3.9849234
IPOTAI,3.1355681,3.6334362
JUVTAV,3.6936736,3.5424645
KAVVAE,2.8667195,3.506262
LANMUI,2.6378717,2.4845417
TEMYET,2.4414055,2.4780035
YIBFAQ,2.14589,2.105204
IRIQOS,1.7311884,2.1710768
KIYWIA,3.3380208,2.7910528
LOGNOK,3.3679533,3.615133
SEKYEQ,3.5042822,3.0633125
ICOPUP,3.1132548,3.2763398
JERYIS,3.2533934,3.255546
FANFEJ,2.384534,2.6048312
JAFVEV,1.218798,2.390521
WAFCUF,3.2242773,3.0268543
CUXMOA,2.5442646,2.5449538
SUHFIL,2.7380097,2.872063
JARYIN,2.932299,2.6001687
RACFAG,3.0275388,2.9005961
DAQWOH,2.5388224,2.1841047
EJEZEB,3.3407419,3.262821
FAVTUV,2.8577397,2.8190038
XOVNUU,3.2006032,2.795734
CUWMIT,2.0120099,2.1337
UTELOX,3.3388371,2.5973427
AQITEC,2.94917,2.64508
VIKHOO,3.7323136,3.6252584
SUVKAY,1.7096914,2.3395922
QUHDOP,2.5559654,3.4251482
INITIL,2.7782826,2.451805
FUTKIR,3.5124457,3.7650993
BELLOX,3.0754309,3.0388904
YASBID,2.7241318,3.1747012
GOJQIH,2.8182833,2.6688485
OVIKEM,2.533108,2.4213161
JOZYEF,3.2210119,3.0117369
CEZRUY,2.9162443,2.30496
EMAQAN,3.1434593,3.0329418
RUNJOC,2.9222307,2.5720265
UJOLIR,3.5973454,3.3045566
MELDOZ,2.9293058,3.3226974
GEDYAT,2.121944,2.1127791
GAQNIZ,2.6449468,2.6478877
QAHCEI,3.1723034,3.2587643
TEMTAK,2.5290263,3.0852704
GIKYEH,3.8417034,3.8000822
YUMXEM,3.0928462,3.44277
KAFZOK,2.944544,2.4958165
TAPTUB,3.496119,3.294224
IWOHOS,2.5461695,2.766988
YIXWAH,2.7562413,2.7248583
WUWJOP,3.04441,3.3213577
GEJZAZ,3.4441452,3.0062063
RUZCAT,2.459093,2.2294297
AKUBUG,3.2299914,2.6169286
WUMBUC,2.0065677,2.1912115
NOHVEL,2.3575945,2.7025785
VIJGOK,2.557598,3.1570954
TEFQAA,2.9529796,2.3952284
BOHQAR,3.8283699,3.4761288
VUJGIS,3.2041407,2.9855397
ZEJNEL,3.0789683,2.7373433
HIWBOI,3.3848243,3.5187323
HAHSIV,3.9554472,3.868381
QUHVEV,3.9568076,3.4971585
IVIREM,2.0680654,2.145077
JUZJEV,1.6122746,2.2983665
ALAVAK,2.7475336,2.7491856
LAVSOR,2.7018185,3.2121356
XAWTEY,2.3573225,2.1132307
NOVJAM,3.1050913,3.304641
UWAYAT,3.0833223,3.3624125
XASFUW,3.5216975,3.624067
VATZAV,4.2950454,3.7675014
YUQCUK,3.9946315,3.6268344
EZEXIQ,3.6030598,3.6273198
IQASUR,3.874085,3.737489
KIDWIH,4.158444,4.361946
TOCSUD,3.7796617,3.5967686
FEKYAZ,3.3801985,3.1263328
ODOYAI,2.4990938,3.4142008
WIGDOJ,3.2675433,3.1896815
ABAKUM,3.1788342,2.7158504
YEDKOJ,4.0917764,3.7524796
EKEFUY,3.2754345,3.1385355
UZACEE,2.4003165,2.4314122
LUVSUT,1.7581277,2.0470872
UYAFAE,3.589454,3.357035
VUSBAP,2.9244077,2.66925
EVEWIO,3.4601998,3.2030325
HAJBED,3.3010132,3.0505164
QIBBAI,2.8155622,2.566394
QUHDIJ,2.9557009,3.3769433
SUNNOH,2.1589513,2.2445507
CIQKUM,3.6825168,2.856821
BEDZUJ,3.3227823,2.703737
NIJBOY,3.1655006,3.4549582
CESHIV,3.5581608,3.3619924
FEBKUW,3.229175,3.2805505
POYCIS,2.635695,2.7265632
ZOMDOX,3.7203407,2.8802009
IPODOG,3.4387028,3.6020143
XANLAD,2.6920223,2.6802025
YOVHID,3.1513507,3.2721527
NOBTEH,2.5298426,2.326223
TUKFUD,2.5671222,2.297132
BEFBEX,2.815018,2.5623207
VEPDED,3.4645536,3.3309982
CETVIK,2.6400487,2.6686711
JUBPEE,4.21069,4.183056
RUZKOP,3.350266,2.7918603
JOZWAZ,3.3929877,3.3402674
YANLOS,2.6778724,3.297566
TULYEH,2.4971888,2.543053
XAWTAU,2.4857602,2.1465073
XIVTII,3.3679533,3.499741
JERYOY,3.2033243,3.264354
UHIKII,3.4376144,3.5015721
TULKOD,3.6003385,3.6547852
FEDHIJ,2.9595103,3.0761187
ZISDIS,3.1774735,3.0860486
SONWEZ,3.3274083,3.0244012
CUYQAR,3.6055086,3.1878397
QAVDIE,3.0961115,2.7348948
SERREN,3.1029143,2.7687783
OVUMEA,3.1935282,3.0527847
WALFAU,2.94917,2.714994
FITKIG,2.5592308,2.3850262
SEYHUD,3.6825168,3.3664358
VOTYUA,2.3314717,2.1512918
LISWAP,3.3094487,3.5561426
NAPMAU,2.186435,3.0205975
IGIFEM,2.1344612,1.9181751
TALYAK,2.8699849,2.5931132
KILXOW,2.1276584,2.0456288
SUQHAQ,3.4876833,3.1253343
QETXAP,3.0275388,3.3857403
GOZVEW,3.1418266,3.295355
IGUREK,3.6893198,3.3517852
KIMCUI,2.576102,3.6668897
FIDSUK,3.1630516,2.7769723
MUWGAP,3.8490505,3.345077
OGODIA,3.876534,3.406572
MANGER,3.5067313,3.6840165
GULZUL,3.0547502,2.659819
YEBLEA,2.241402,2.8243675
YADFEP,2.6223612,2.892269
SUPTAB,4.270011,3.4388747
FITSIO,2.086841,1.9231145
QIZBOR,3.08305,2.5327625
CEDHOM,3.2419646,3.0008748
AMAVES,2.0506501,1.850145
JETJUO,3.8174853,3.369279
EMOPUU,2.6204565,2.3540018
YEBRIG,3.2713528,3.3227482
NAJVEC,2.63379,3.1025794
WEDVAG,2.495012,2.3501394
VILDAZ,3.8792553,3.2571197
DIQSUV,3.4408798,3.1680887
MEDSIB,2.1545975,2.129816
VASHIK,2.6773283,2.517487
HOKBAL,3.4280903,3.184005
FONLEC,2.5671222,2.671008
LORMOX,2.6245382,2.4131377
CMCSPD,3.0952952,3.6712055
HAQPUN,3.2659106,3.6028671
LIVKIO,2.9600546,2.3975606
PEKRIK,2.8316169,2.2561252
HUFHOI,2.6833148,2.4472318
IMUJAE,2.5584145,2.2499151
TORBIN,1.641663,2.0845573
ADINIM,2.5804558,2.3935606
COFWEA,2.527938,2.3306491
IMETUS,3.180467,3.2806995
FONKUR,2.2781372,2.5197487
EXOXAQ,2.9913478,3.444869
MURLAP,2.8571956,2.7070673
CUXMUG,2.7273972,2.553564
JEKNAS,2.4316094,2.1759005
OWUXUC,3.1703987,2.667171
EXECUI,5.9451437,3.0359957
PIJLIH,3.4836016,2.9619823
XUNGOF,4.0283737,2.8806229
NIQJIH,3.7197964,2.9690385
RAKMEZ,4.8428106,3.132086
EVAKOE,3.6574824,2.0400827
OFOTUA,3.859663,3.0239036
CUQFIG,3.752178,2.8641775
XIHTER,3.2708087,2.273973
EFIPAO,3.2947547,2.7800395
YUWHOQ,2.2759604,2.1737423
IKUKOR,5.1511154,3.0484192
RATFIB,2.9233193,2.8253114
YAJYOB,2.0468404,2.4275365
OXUCOC,5.68337,3.0386434
OZIZII,3.9342222,3.1671238
XUNGUL,4.428925,2.9772065
WEBQED,4.338311,3.1302376
VUFXOM,4.3905573,3.031747
DIWQAD,0.104763836,2.1855264
EFIPIW,3.8920445,2.8226705
ZOJLET,5.1560135,2.912044
QEZNUI,3.9200723,2.864985
XUNVIO,3.6582987,2.8842938
NAGHOW,4.1238856,2.911896
TEYBUV,3.9660594,2.5456128
MOHNAZ,2.4131057,2.3308241
LEYBUN,3.484418,2.404726
ASUMIN,2.8501205,2.3053448
CICZUM,2.0155473,2.0126686
DAFBOF,2.6008644,2.7372043
OFOFAU,2.8645427,2.666368
KELKES,2.6046739,2.8190844
AKAYET,2.7687585,1.4124458
PEMPAC,3.3450956,2.3961568
FUWBAD,2.9303942,2.921913
IHOKUO,4.1437497,2.90964
LOFRIK,2.674607,2.1938148
COMGET,4.0689187,3.0102813
UQUSEH,4.567431,3.3360183
GITCOD,4.700223,3.365336
FIBPUE,2.724404,2.2983296
VAVYAW,4.8501573,3.3005798
XAVDEH,3.6934013,3.036636
IVEQEI,3.3440073,2.841298
FERSOO,5.743235,3.1131516
ZEQNUI,4.598996,3.104816
EBAWOX,2.8046775,2.3469908
SILLEI,3.448499,2.8654244
VAMDOG,3.9325895,3.1360106
EBIKAF,3.4098587,2.7484865
ZIDVUH,4.9655337,3.229612
ESOVIU,3.6577544,2.9058483
JARYIO,3.6150327,3.0471194
GIWLUX,3.469996,2.6484425
LUMZAX,3.9611616,3.0564272
JARBAJ,3.7660558,2.9482846
QAPREI,3.6038759,3.1199968
NAGHEM,4.8425384,2.809514
OYUNEE,4.008509,2.9376698
KIBLEO,2.2424903,1.8890077
EHINAK,5.515748,3.9756594
IJABAZ,3.329041,2.9463902
IHOLID,4.1644306,2.88166
CUZKEP,3.8085055,2.4693828
GUTCIK,3.8776226,2.9755216
EGUVOV,3.0027764,2.5423162
GAWKEY,2.160312,2.1396432
MAVPEF,3.695034,3.0864382
LUMYUQ,3.9856517,3.1170816
LIJNIF,3.229175,2.086271
EWEVUA,3.0498521,2.5669098
JUPCUV,4.3464746,3.1953738
NEVPOV,4.7832174,3.250091
OFOFOI,3.2011476,2.7600744
XUNHAS,3.176113,2.7774203
GINSAZ,2.5058966,2.0942128
YEVYIK,3.0746145,2.6299667
YUWZOG,4.5260696,3.038669
ROYKOI,3.023185,2.1743672
ANOXOT,4.387292,3.0305395
FUZNAR,3.4000628,3.0624657
GINRUS,2.5429041,2.0723648
LIJNOL,3.2229166,2.109896
SUQZOW,2.994341,2.7629983
KOHMUQ,4.2338195,3.0605237
VUTWIT,3.3736677,3.165215
JOGVAG,4.6308336,3.2554765
NASLAW,2.9488978,2.7509046
WITJIW,4.7970953,3.0523043
OWOTOM,4.015312,3.074043
KAFCAZ,2.3360975,2.5409403
LUSVUT,2.8833184,2.2161644
PUHVOE,3.9391203,3.0925903
CUBKIW,3.128765,2.481511
BEYBEQ,4.0452447,2.9100316
CIXYOX,2.4574604,2.8801427
WABRUP,4.1404843,2.8850393
OWAKUV,5.0058064,3.0436535
IJEVOL,3.4689076,2.9101353
GODMIW,3.166317,2.6718307
YUYKEL,3.8803437,3.230629
EFOBOU,4.356815,2.8740773
YAHREI,2.6672602,1.5590371
RAWVAN,2.9434557,2.1429746
VAVYEA,4.879818,3.1118767
UQUKUP,4.572329,3.4011998
DUQGII,4.466749,3.0495985
GIXJUW,1.5396203,2.0459142
EPUDUP,3.8626564,2.8382916
NAGHUC,5.049345,3.3370929
NIZFEL,4.2223907,2.908039
LUCZOA,2.267797,2.8147001
AQAPOA,2.8528416,2.8586953
XUPJIE,4.0626597,3.0027492
MOZZOT,4.76553,3.3697376
LUSVON,3.0982885,2.8808672
APEJOX,4.7040324,2.8382654
WOBLIL,2.1788156,2.3239279
GEGZEB,3.3181565,1.8064507
DAFBIZ,3.4169338,2.8719213
TOKYEZ,3.807145,3.2966866
TIVKOC,4.057762,3.0731044
UQULAW,4.574778,3.4098287
TEXYAX,3.5668685,2.4047966
QEZNOC,3.7644231,2.9442644
XULZAI,3.7421098,3.2386432
HIKZAE,3.560882,3.0813186
AWEZAG,3.991094,2.9995124
BOQFIY,2.9284894,2.7813635
ABEFIZ,4.129056,2.9710383
FEGXEY,4.462123,2.7999675
VAKWIQ,4.1641583,2.9474432
ILUYOG,5.174517,2.856416
VERVEW,3.3227823,2.95789
RAKLUO,4.9383225,2.9470515
TEPVUH,2.9192376,2.3523521
CUZKIT,3.895582,2.4693696
OCEHUD,3.455846,2.791139
QOZDAN,3.3576128,3.1224124
WOKYAY,3.651224,2.6630232
BIVFOF,2.6351507,2.4364433
FITSEK,3.5244188,2.5145307
IZIGIK,3.601427,3.270316
XEGLEB,3.578025,3.057438
YUJKAQ,4.601445,3.3692255
BEPQUI,2.6299806,2.3394365
QIBBOW,1.2549891,2.0074594
ASULUY,2.8381476,2.2991884
UYEPUM,4.893696,3.057799
NOSSEV,1.7543181,2.313141
DOXXAR,5.0270314,3.1031542
XOHTOH,3.4286346,2.9424725
CAKKIM,3.1380172,2.6088552
QAGQOI,3.555984,2.9328382
LIJNEB,3.264278,2.0875716
LEXYET,2.5214071,2.474636
OYETUK,3.802791,2.9020832
WEVVAU,2.4095683,2.5077758
BEYBIU,3.0517569,2.61273
UGIDUM,3.9744952,2.7782743
FIKFUE,3.8074172,3.0819476
TEPMIO,2.7954257,2.1540914
CAMQUC,3.4553018,2.7264435
NEVNUA,4.3287873,3.003065
PURYIL,3.4618325,2.7486916
ECATAG,4.1309605,3.054098
LIJFET,3.1486294,2.0924692
PAZPOZ,2.108338,2.8214588
RAGFOY,3.8514996,3.0861754
BAXBIO,4.1696005,2.9317558
GEGYUQ,3.3230546,1.8122823
QIDGUJ,4.067558,3.1307976
PIZJIT,2.6392324,2.9866104
GIKXAA,3.9706855,2.8762019
BARBED,3.5627868,2.3498783
YEFMEF,2.9812794,2.404444
EFOWEF,0.3395981,2.7113447
SOCGIE,2.979919,2.7125325
IPEGOC,3.064002,2.7136436
QEZPIY,3.7181637,2.9238935
ITUVOL,2.9483538,2.4518404
CAVWUS,3.620475,2.7142584
UXUBUN,2.7494385,2.6658387
ABEXIR,4.0498705,3.010348
IYARAE,2.9404624,2.581706
KUMSER,3.876534,3.081092
JOVLEO,2.3390908,2.3796227
YUQJAY,4.55437,2.690283
IVONIT,5.4958835,2.8530664
SICYEM,0.6427329,2.7335663
ATANOB,5.420508,2.962535
AXESAA,4.01885,2.8679209
MOZZEJ,4.593282,3.2458892
EFIPOC,3.8210227,2.7147877
MUZDAM,3.771226,2.902188
LEZFUS,2.2609942,2.4124115
YANTEQ,3.5597935,2.840015
UZUJUX,2.6008644,2.386991
EFOVOO,4.1570835,3.0111344
ZISDOY,3.3728514,2.3255029
JARYEK,3.711633,3.0678012
BEXGAQ,3.4708123,2.9166348
NAYCEX,5.052882,3.0153391
REPYUH,3.388362,2.5756984
VAWSOF,3.1372008,2.7277138
ELEFOT,4.741584,2.8434243
KESROS,2.2601779,2.1432068
ILUYIA,5.180504,2.8261755
DEVFIX,3.5856445,2.5932267
NANNUO,2.7660375,2.466189
YUDYEB,3.6958504,3.0859537
DEKFOS,4.093137,2.775739
QEWDOO,3.797077,3.0403152
LEXYIX,2.468345,2.242712
IHOMAW,4.141845,2.8989217
WEMGUU,4.193819,2.990817
DUZFIQ,3.907283,3.113496
LUSWAA,1.51513,2.5460997
XABPOJ,4.4994025,3.3287876
GORPUB,4.449606,3.076291
GEGYOK,3.3214219,1.8091924
ABEHEX,4.0833406,2.889898
BEXFUJ,3.45122,2.7085938
IHOKOI,4.136131,2.925076
QEJMOL,5.415338,2.7948134
IPEFAN,3.061009,2.7382624
IVUYII,3.3633273,2.940565
WIYKOE,4.2259283,2.7217455
AZUBUV,2.4691613,2.0081208
XUBSUK,4.441715,3.0878367
SUDXOH,2.985089,2.4678478
NABFIH,3.3954368,3.061647
LIJNAX,3.1864533,2.0948682
ASAVIA,5.135605,3.0679688
PIJKIG,2.5137877,2.9354153
ASUMAF,2.822637,2.291656
FERTAB,5.5312586,3.0964577
TILTEN,3.4991121,2.5737665
JIGWUV,3.6520402,3.0305665
MUZCIT,3.9094598,2.972168
GAWKAU,2.305893,2.1546352
GUQZOK,3.5848281,3.0662324
DUHLUQ,2.9042714,2.758465
CIWLIH,2.7570577,2.5178828
TEGNOI,2.958422,2.7834208
USIHEK,3.037335,2.4675145
HIQQEH,3.5622425,2.8711
JIJDEP,4.1051097,2.9670062
TUFBEE,3.367137,2.8700902
UNIYOI,2.311063,2.73
RIQSUG,2.879781,2.0740929
DAFBEV,2.4634469,2.7298112
XAPQIR,2.5439925,1.6086327
RUWFUN,3.5366638,3.05127
COZNUD,2.6803215,2.3892956
APUBEV,3.9483721,2.934489
RITFUZ,3.1897187,2.7847886
ZECXEO,2.530387,3.0529613
EBAXUE,4.1521854,3.3180392
WUTLEF,3.3657763,2.6300135
WOBKOQ,2.7461731,2.6984925
CICZOG,2.167931,2.1028569
ENAMIQ,3.362511,3.0164595
AVAPEV,3.84769,2.9639792
WOZLOP,4.2749085,2.9644098
KUPCUW,3.6963947,2.9339027
XIHDEB,2.884679,2.5099955
DEKFIM,4.053408,2.8894181
HIQMEA,2.7709355,2.3411932
GIFRIZ,2.7216828,2.3316982
BAGPAE,3.281149,2.5510137
ABOFIK,3.7385724,2.7979488
VOSZUB,2.8702571,2.8780403
PAGMNU,5.011249,3.160123
VEVVAX,2.671886,2.8070853
EFIRIY,3.940753,2.8096485
KADDOJ,1.4827484,2.0824447
KUNXUM,3.5241466,1.9755001
BUVTIX,3.4068656,2.5671818
ABOFUW,2.6944714,2.7962244
IHOLUP,4.1810293,2.883903
BOYWOC,2.8294399,3.0375183
WOJJEM,2.984817,2.829599
IXOGIO,2.7091656,2.5138683
WEMHOP,4.366339,2.991136
RITVOI,1.9962273,1.7646698
WAKLUP,5.841196,3.312249
RUNDOW,3.505915,2.7583332
WEMGOO,3.020464,3.0798857
HAKXEA,3.567685,2.7649732
BULREG,3.8495948,2.6460693
RAKQAZ,3.5146227,2.7232733
RULMUJ,3.6248288,3.0615864
SCYNAG,4.404435,3.067642
MOWROG,2.8716176,2.494305
OKUQIX,4.818592,2.9279366
VINVEV,4.021843,2.6895864
ZUJSUU,3.570678,2.914919
GIXHAW,3.0201917,2.8408668
OCEHIR,3.6036038,2.74593
JABBOE,3.7075515,2.7671542
LIJMUQ,3.244958,2.1379838
ZEJTOB,3.3826475,2.8052566
ZEQPEU,4.662399,2.781202
OZACUQ,4.2531395,2.7409058
KELKOC,2.043575,1.9569614
NAPQAA,2.9810073,2.857801
ASULOS,2.8422294,2.2988408
DUHMAX,3.2090387,2.869724
XEZNID,2.8188274,2.9120975
JIGXAC,3.5829232,2.951899
OYUNAA,4.5867515,3.116195
NOMYOG,3.7440147,2.388445
NAVVAK,3.5037382,2.8103087
VEVZIJ,3.1921678,2.910627
RAGFIS,3.7086399,3.0009434
LUBFEW,2.8106642,2.1112804
MAXMAD,5.2039056,3.3514254
IHUZUJ,3.4553018,2.9900012
WEMHAB,4.400081,3.0026193
GOYVOH,3.959801,2.963357
UQUSAD,4.194363,3.1999056
RUQNOJ,3.3404698,2.2160091
IXIVIU,3.6963947,2.9350286
ABEHIB,3.5766647,2.9165895
BUGGEP,3.489316,2.7755125
LEXZEU,1.9039807,2.2029757
WOXNIJ,4.0523195,3.1081715
ASULAE,2.8542023,2.307359
GEDFOO,3.0147495,3.0062597
SAVJAB,3.610951,3.1023874
VUCSOE,1.5491443,2.1125655
QOZDIV,3.0846827,3.050967
SAYZAT,3.4090424,2.6304305
LUBFAS,2.8079429,2.109692
IKUKUX,4.544029,2.8644192
VEWBAE,2.8520255,2.8683255
BUHZOW,2.0903788,1.2412333
GEFVOD,3.9538145,2.9882846
GUHZIS,3.658843,3.151626
JUPDAC,4.435184,2.9979548
DEKFAE,4.052864,2.889359
PURZAE,3.8915002,2.8869379
VAQGUT,3.978577,3.1162868
XAXWUO,1.4830205,2.0360506
GIWKUW,4.70376,2.976287
CIWLED,3.23108,2.6448023
ZUNSOT,2.4680727,2.364003
DEKFUY,4.407156,2.8738537
SILLIM,4.040619,3.014614
AVAPIZ,3.8319075,2.994427
PIJKOM,4.133137,3.0886943
RILXAP,4.0757213,2.9300532
UZAQAQ,5.558742,3.088433
IVOSAQ,3.6264615,2.6678913
YAFZUD,4.3271546,2.6895468
PIJLON,4.2476974,3.0463514
GEGZAX,3.326592,1.8097128
KURVEZ,3.1543438,2.6827073
ELEFEJ,3.348089,3.0885286
ADUSOH,4.098579,3.255156
GIWLOR,4.722264,3.0225666
SIDXIN,2.6351507,2.9912312
IZIJUY,4.464572,3.588516
AZOTER,3.101826,2.8802273
ZUFLIX,3.465098,2.7609322
IVIXET,2.8210044,2.4340248
EMALEK,2.944816,3.0392714
WAPJEG,2.6354227,2.976873
GEGZIF,3.317068,1.8119421
ASUMEJ,2.8397803,2.3015354
QAKTII,3.3132584,2.886421
XUNVUA,3.6335363,2.8786304
COKJIZ,3.0297158,2.6805952
JEVCAS,2.368479,1.7864687
XEGKUQ,3.4180222,2.9591582
NAGGIP,1.4022027,2.7872953
HUMVUJ,2.872706,1.7824657
FOWWIA,3.3069997,1.9283717
XIHRAI,2.8256304,2.9251888
IVIXIX,2.6473958,2.5360801
TIVKUI,4.175587,3.1219232
ENAMEM,3.0599203,3.0512362
UYEPEU,3.510813,3.1738086
QAHBIO,2.3546011,2.6598995
VAVMEO,3.8585746,3.2032409
SUDMEM,2.5102503,2.42314
DEKDEG,4.141845,2.93255
WUCSAR,3.3518987,2.3458204
CIDBUP,2.0699701,2.0363646
QADLUG,4.1026607,2.9874082
IRAVON,2.5663059,2.0701003
TCAGTU,4.416408,3.0767732
WUKCEN,4.1619816,3.0716987
QEZPAQ,3.7312253,2.9621797
HABBOF,3.8735409,2.7582533
RARTIR,3.5099967,2.8300903
KAXFEY,2.8324332,2.8513498
YEQGAG,4.3622575,2.9900699
XUPJOK,4.036265,3.0011103
NAZNOT,3.7312253,2.8014355
BIVFUL,2.495556,2.2326293
TIWCEI,3.7538106,2.5502477
QIWYOM,4.084701,2.7900586
UGIFIC,3.470268,2.607936
CEWMUQ,2.94917,2.6962426
DEKVAU,3.8729966,3.1370854
BOBMEO,3.52714,2.9470959
JIKGUJ,2.8122969,2.6590877
OQIPIO,2.041126,2.1023064
YEFFEY,2.446848,2.2299273
MISBAT,3.589454,2.5750797
XABPUP,4.584574,3.3098712
YUYKIP,3.8863301,3.2280178
NABGII,3.6104066,2.8958642
HIQHEU,3.4504037,2.8481202
AQAGAC,2.8430457,2.8649073
QAPROS,4.065925,3.0883849
PIJLED,3.6555777,3.0132196
VAPXUJ,3.429723,2.84442
XOYDUN,2.4166431,2.1813912
IBAVIU,2.841685,2.614791
UXIVOP,2.5162368,2.1897948
YIQXED,4.516818,2.4266667
ZIWJUO,2.9083529,2.5130887
KAGVUN,2.7459009,1.4603771
UKEGOG,3.6599314,2.1582985
HELRID,2.8476715,2.9062912
HAYYAL,5.16717,3.0355544
REGYIP,3.4686353,3.1366956
IJEWUS,3.4019675,2.9044795
QEZNES,3.5973454,3.2204888
MIGTAB,4.141573,2.9619775
TEQDOM,2.9891708,2.7476268
EVAKUK,1.6579897,1.8356881
XUNWAH,3.5426505,2.934982
VAKKEB,4.16307,3.209014
YAHQUX,1.9937782,2.1857054
HIBMEO,2.5608635,2.5650117
HAZZER,3.190807,2.023627
QADQAR,4.5682473,3.1793919
UGIFOI,3.9423857,2.794332
EVOVAP,3.3524427,2.5495985
QAGQIC,3.654217,2.9439108
PIJLAZ,3.3796542,2.944878
VEJPUZ,2.6419535,1.3421159
UGEPUU,2.451746,2.3509715
TUDQER,6.048819,2.7113256
BUNJAW,3.192984,1.8939538
VEZQOJ,3.5143507,2.8154886
GUPPAL,2.7826364,1.76051
UBILOK,3.689592,2.9042473
GOQQEK,2.7875345,1.7776262
PUDLOS,3.7219734,2.6199565
JUZMAV,1.7943188,1.9248185
WIZWIO,2.3282063,1.8283138
BUQDEZ,3.5924473,2.0574868
UHEVEK,4.600901,3.3280838
ZADCAI,1.5907776,2.5413935
WESCOQ,2.5181417,1.7136364
KUVNIB,2.9078088,2.0506644
QAJCAJ,5.00499,2.141395
DIWLOO,2.8351543,3.0535269
DOJNUP,4.203887,2.5086763
XEJDOI,2.7061725,2.2290497
USAYIY,3.118697,2.2514858
LEHHUF,3.71898,2.802138
WACXAC,2.7072608,2.2624352
UGIFAU,3.781022,1.7262157
OXUGEV,3.9668758,2.05954
OXOPID,3.8338122,2.4065485
FOCKUH,3.6359854,2.5499134
NAGCIL,3.8365333,2.456165
GANQUJ,3.305367,2.563486
CICHAZ,2.3624926,1.5437375
RUVPUW,2.6729746,2.1129334
DIXLAY,2.936653,1.8640194
SOFTIR,2.7954257,2.2929225
UBEFEQ,3.0414166,2.3285184
SUJPUL,3.3976138,2.3194928
VETCUT,3.1222343,2.3899379
WINCOM,3.7314973,1.9064839
GACCEW,4.5804925,2.2752936
DAYPOL,3.4621046,2.366391
XEVJIV,2.2816746,1.6787773
SUGPOC,2.8544743,2.3513846
AWAYAY,3.1774735,2.650152
FEQHES,3.465098,2.2604823
QOXJUJ,2.423174,2.2363114
DOTLEF,2.6016808,1.9499483
IJOLAV,3.0305321,1.9002149
OKOJOQ,3.9440184,2.0889878
WADLIX,4.2466087,2.513647
ZUTNIN,3.4634652,1.8150314
ZOHPAR,2.0555482,1.9679606
LAJVUO,4.7475705,2.7883732
DIRFOB,4.543213,2.7284734
TUGGEI,2.8732502,2.0285544
ZUFKUJ,2.6158307,2.4217997
FOCLAO,4.4686537,2.9709284
PIBMOD,4.6822634,3.0000126
YENPOX,3.64687,2.5064588
AMINES,3.714082,1.7862333
CICJIL,4.270011,2.6874382
IRUQAQ,2.0569086,1.72239
WIQMIW,5.969634,3.0432982
AGOHUD,4.753829,2.9280171
KUVPAV,2.882502,2.0146606
OXOPEZ,4.114362,2.4451244
KIRROW,2.9271288,2.6567874
LABZOH,2.5099783,1.7951785
GUFFUI,3.7600694,2.4612122
UJEBIX,1.8204417,1.7906121
HOGBEM,4.2316427,2.4007428
LAVXOW,4.629201,2.6690576
HIVVEP,1.8511906,1.5892653
VUZRUG,2.5891633,1.8713635
COBRUK,2.3962348,1.816724
JODNEZ,2.5233119,1.8900127
VOKBAB,3.3733954,2.253329
EXODON,5.2762876,2.9677846
BUSRUD,3.6653738,2.073205
XOCDEY,4.5943704,2.525301
OBOQAZ,3.4980237,1.4393268
COYJAC,3.2950268,2.301227
VUDZEA,1.4617957,2.4306111
SEBVAX,3.1957052,2.3994105
GIDPIW,2.6637225,1.1005687
HIBROZ,5.053971,2.9923184
QEHLAU,2.1450737,1.9692216
UCEYEK,2.2669806,2.2182975
HULFOM,2.8781483,1.9707961
BUSYEU,0.15483278,0.75114465
WEHYEN,4.40117,3.0630083
FULXOB,1.6016622,1.7074894
QEGXAF,2.865359,1.9547789
OBACIG,2.5409992,0.45667982
CUBMOE,4.9320636,2.8630977
FEQHUI,2.614198,1.8742986
ZASZUQ,4.038986,2.6753738
UYAXOI,4.0923204,2.4794214
VUNJOE,2.9042714,1.5415275
BOMHIW,2.6155584,1.8287584
AYUFUY,4.1353145,2.438826
OYIQEV,2.9502585,2.4249318
KUVNEX,2.839508,1.9386283
TUDZOK,6.1620183,2.6452954
FOCLES,4.276541,2.9041536
ZEHLIL,2.2286124,1.9320254
IWACAK,3.8395267,2.461631
KERYUD,3.862112,2.76546
MALZUY,2.631069,2.0413318
WOGZOH,3.329313,2.188419
APUVIT,2.6520216,1.7061299
KEYYOD,3.4370701,2.0603404
ELEREV,3.589726,2.267209
ELERIZ,4.153546,2.331989
NIZDAF,3.5151668,2.3826077
KIRKOP,2.0732355,0.6426964
VIFMAC,3.0931182,2.238276
WOQXUX,4.791653,3.2383876
QEYROC,2.385078,1.9259171
QILHIG,2.8479438,1.7426193
WOBWAP,2.4190922,2.1384175
OXOMOG,3.9524539,2.469071
KIRPIO,3.1252277,2.420912
KUVNAT,2.6988254,1.7827427
ALULEB,2.9317548,1.4907988
OXONIB,3.3597898,2.2093818
FAHBEZ,3.2201955,1.7360284
VABTAX,3.5377524,2.398749
CIYFEY,2.3355532,1.5208067
VIHRIP,4.073272,2.86109
YEHDIA,4.3965435,3.1905415
BEDSAI,2.8528416,2.3904316
OMUNIW,3.7799337,2.8858726
KUVMUM,2.8762436,2.0066934
VOTYEL,2.8482158,1.5905247
ZEGGOL,3.386185,1.9988849
FESXUA,2.7758336,1.8978631
WESVUP,4.246881,2.7217958
OBUCEX,5.3979225,3.0887632
GOQHUS,2.779099,2.0810192
PUDYIX,2.74835,1.5257891
NAGDOS,3.9132695,2.506217
OSIVAQ,2.7461731,1.9121914
QEWKUC,6.429234,2.324158
JAYFEY,2.4506574,2.0864344
YOGMUD,1.7752708,1.5282552
GIDPES,2.6509333,1.5539067
QAJDAK,5.7943926,2.7875943
NEWGEF,4.691243,3.587291
HUCKOI,4.294773,2.6709456
HEWCAP,3.1649563,2.4867244
FEJYUS,4.2506905,2.819862
GARKIX,2.6672602,1.7027929
FEJYOM,3.7173474,2.459623
ZITBEL,1.9374506,2.4012942
VOKKOV,3.4308116,2.9753196
WIZSEG,1.9360901,1.8220339
XENPAL,2.9385576,2.5096846
JUGPUZ,3.7597973,2.4719884
IFINOB,3.8041518,2.3449507
HEPLUN,2.9078088,2.062771
COVJIJ,2.6093,1.611836
LAZQIQ,3.9715018,2.7993715
EKUJUS,2.4324257,1.9959699
BEJVIY,1.9126884,1.6463397
MAPJET,4.253684,2.929372
BUSSEO,3.821295,2.3059416
JEZNUB,2.4084797,1.9001733
RUFHOS,4.784306,2.5891783
DOVTEO,2.8525696,2.2678685
IJUBOE,4.0615716,2.7121422
IDIKIR,2.265348,1.8676554
RAYZIE,3.2011476,2.1433473
OFANAO,2.2931035,1.6712986
XEKNAE,2.7918882,1.8715005
OXOPAV,3.6267335,2.3269033
UZEGAJ,3.4253693,2.1758814
WINFUV,3.9747672,2.5565815
UBEDOY,3.4827852,2.513425
BEJJIN,1.4639726,2.8073874
YEWZIN,2.793521,1.7610463
JAYFAU,2.736377,2.1622083
EHOWEE,2.0348675,2.4118917
UCIWAE,3.567957,2.3701224
GEVDER,2.6569197,1.8941581
UWIKAP,4.4463406,3.2950637
YARNOU,2.5641289,1.7358786
GENHAM,4.122253,2.383808
DOFPIB,4.136947,2.41052
QUNBOT,4.0730004,2.5508182
IYEKOO,2.8936589,2.037461
LAFQAL,2.9755652,2.1755755
PIRRUH,3.2163858,1.8825523
XEXJUJ,2.87706,2.2983255
AJATUC,2.655287,1.6038846
XOJKIR,2.4269836,2.1211228
ACENEF,2.7946093,1.8593508
VUXQUB,3.5592494,1.9377704
SIDPIF,3.023185,1.7236181
POXKEV,3.6936736,2.9317417
JALSOI,2.5565097,1.8630648
FUZKUJ,3.52714,2.5077186
GIXNIO,2.9249518,2.1527991
TUDZEA,6.015621,3.0444908
WADKAR,2.9706671,2.202994
VUVFOK,3.3012853,2.1248357
ROXJEW,3.0308042,1.9155157
CAKMAD,3.0514848,1.9186625
SUKHIS,2.9940689,2.1043644
IGEKIP,2.0656164,1.5091362
UWIJES,4.648249,2.5601833
DAFZIX,5.217511,1.7613599
WUJFAL,3.51816,2.4090302
RENKOK,4.9579144,2.5483785
OXONEX,4.014768,2.4953313
BILQAS,3.1894467,1.9918177
KUVNUN,2.8373313,1.9844015
OXEXOG,3.8196623,2.3582125
HUJJOO,3.2999249,1.777028
YAMPAH,5.0041738,2.4531903
XAKTOW,3.9233377,2.5261004
PURSAZ,3.8373497,2.2599392
MOSSOC,3.6748977,2.5105858
PUHGEH,3.6724486,2.5814195
OBUCIB,4.9960103,3.0785222
HIDFAC,4.498586,2.948827
LEMZEM,4.865668,2.5316586
GEMCIM,3.6849658,2.6508224
AGOWUS,2.4833112,1.4748924
CMCYCD,1.5456067,2.7021148
REVYEA,5.412889,2.4512227
ISEGAQ,5.6988807,2.4220462
OMODOL,2.5162368,1.8961132
ALULIF,2.509162,2.02558
ELITAV,3.2542098,2.1155849
REDYEF,0.102586925,0.010786533
QUGMEN,4.8093405,3.0713832
NIPREN,2.822909,2.1033075
LAHZUT,3.3298573,1.8557546
LEQMUT,1.4892792,-0.4889834
QAXQUC,0.116464734,1.2452779
OHEQUO,2.6699812,1.9780755
XACJUJ,2.9576056,1.4862447
FEBRUD,2.6639948,2.1061578
MODCEO,2.5992317,1.9532478
JITCAU,2.7997794,1.9664121
GOJJUL,4.6858006,3.089276
PUDFAW,3.021008,2.7860792
BASXAX,2.4824948,1.5807368
HABQEJ,3.2229166,2.3819256
QIJNEG,4.404979,3.0112185
LAJBAD,2.8473995,1.8753996
KOZSUQ,3.4117637,2.2274556
EDALUQ,3.9965363,2.240441
FOWKOR,3.436526,2.0685368
OXONOH,4.1717777,2.7897816
OVEWUK,2.679505,2.0198646
FOZWUP,3.436526,2.4745002
CICKAE,3.9339502,2.8564353
IGINOC,3.6076856,2.8786976
EDOCIN,2.0677931,2.380309
LELHIW,5.058869,2.763627
GIBDEA,4.3268824,3.1678495
CABNUQ,2.9918919,2.0728428
HATVUW,3.2773395,1.6071215
QEYRUI,2.7989633,2.0483418
LAGBIG,2.8811417,1.4254432
VONJEP,2.6223612,1.5715702
UQEPEO,4.695325,2.4558933
QUFHIL,4.5328727,2.9329827
VABCAG,3.4038723,2.4613705
EVAHUE,3.4065936,2.2217622
JUGPOT,3.5505416,2.5035343
JAYDIA,2.7869902,1.8248608
DEFTIS,0.17197596,-2.0252194
YAMZIZ,3.8923166,2.3569257
SESLAE,5.239825,2.5708454
OSACAP,2.3526964,1.8696202
FUMTUF,4.2101455,2.3448892
ARULUW,3.7587087,2.317628
VAHLOJ,2.4133778,2.1624093
ULAPUV,2.1192229,1.8662766
LEHJUE,1.675133,2.0299182
YALJEC,2.451746,2.1048584
NOQKOW,2.3864386,2.042513
BULGEX,3.3918993,2.2106931
VAWBOO,4.6041665,2.78359
QOVWAA,3.2923057,2.3316393
WOZREI,0.122995466,-0.84357905
PIFXIO,2.6637225,2.127668
HIVWAM,3.0245457,1.7904105
NULKUC,3.2210119,1.4766968
ELIFUB,2.7132473,1.3362075
OGAVOK,3.0022323,2.238016
WECQII,3.176113,2.0422153
UDUXOK,2.1262977,1.9405358
OSOGEJ,3.8395267,2.5234327
XIFKOQ,3.2474067,2.5908723
NOVCAF,2.497733,2.118342
LOBRUS,0.29333875,2.3866115
VUYFON,3.477071,2.195113
GUNYUM,3.0713491,2.295778
ZUNNII,3.0629137,1.779968
LAQFIS,4.155451,2.4532237
DIWPIM,4.818048,3.1019795
QELKIE,3.1674054,2.2384765
OXONUN,3.742382,2.548664
ULARAB,3.1842763,2.174016
BIDPUD,2.0985422,2.058644
MUDQEJ,3.9704134,2.5887632
VUTDEW,0.21224882,2.4788296
NEFXIF,3.7660558,2.5655804
SIQBAX,2.77665,2.0174615
OSIVEU,2.9856334,2.0085275
TIYPAW,2.9576056,2.1566489
XEVJER,2.3437166,1.7114183
ELITEZ,2.9878101,1.7170197
IROMEH,3.3233266,2.4683502
FOCKER,4.1685123,2.6858726
SUYCAR,3.271625,2.5381174
ZINXUR,2.910802,2.19805
XENWOG,3.149718,2.088103
VERRAM,2.108338,1.3777016
TAPKAA,2.798147,1.966928
GUPNUD,2.7970583,1.7698165
ZIBGUQ,1.5330895,1.0357453
HAVKOI,4.3489237,2.4199984
KERMAW,3.448499,2.0148234
VAMBOC,5.8134403,2.6643481
ETUFUX,4.6561403,2.202988
GIDPAO,2.1331005,1.4323773
WOZROS,0.32490396,-1.8833923
CICKIM,3.7298646,2.7666903
QARKIE,3.384008,2.380225
GACYIV,3.0961115,2.5088267
DAYDUE,3.4631932,2.233138
MUNROE,3.5195208,2.6133146
TIZFOY,4.0972185,2.9001343
LIFRAX,4.0705514,3.0797658
UNANEF,3.5227861,2.5509088
LECWUM,4.447429,2.2572207
UQENUC,4.78485,2.5631547
RISCOO,2.8577397,2.1721277
RIXFOU,2.3486147,1.8065351
OXONAT,3.6172097,2.5788202
OSACET,2.7475336,1.8218489
XORTAZ,3.921705,2.6099172
GUQJUX,2.6199124,2.082751
UVAJOR,3.9783046,2.6394396
TENTEN,3.2299914,1.8289473
OVAFEZ,2.8925703,1.6291192
PIKDET,3.8689148,2.1300385
SESGIH,3.9799373,2.5601382
DARWEC,3.5606098,2.6072118
LAFGAE,0.22394972,1.6962014
CIDKOS,0.2941551,2.078438
CICJOR,4.3513727,2.574389
COBTUL,3.7513616,2.169713
ZULWIP,4.5377707,2.7076585
ISEPIG,3.6343527,2.2828057
LUXVEH,3.362511,2.5198884
XOTKEZ,3.8202064,2.690588
TUTBOA,2.8068545,2.0999348
VABBUZ,3.4806085,2.3721492
RIZPAV,4.3195353,2.2624846
IPALOA,2.2261636,1.6290616
KIXXAU,2.4642632,2.0810502
NAFWEX,4.3481073,2.7863467
PIJBIW,3.2767951,2.7386603
AXENAV,4.3766794,2.6038802
JALSEY,2.1633053,1.7647092
ROYTAD,4.2618475,2.4735649
UYUJAC,4.8814507,2.7277644
SULBEJ,4.3195353,2.6174235
ENIBIO,5.324724,2.667906
TESNAI,3.8626564,2.099681
KOMXES,2.719506,2.2259068
FEQFAM,3.6830611,2.07544
ETUGIM,4.7282505,2.2408504
GUWZOO,2.7943373,1.3547363
TUDZIE,5.713575,3.1393127
WAPMAC,3.288768,2.4485397
JOZVAY,4.7717886,2.062787
TAXDIJ,3.7334023,2.6968095
LEMZIQ,3.723334,3.1723793
WECQEE,3.2942104,2.2178707
FUGCOA,3.0912135,1.9588058
WIMCAA,0.23401792,1.6365486
BENKUC,2.8425014,2.1477027
KOXQOF,4.242255,2.6318662
MIYNOZ,4.9486628,2.7753356
ZAXFEN,2.7693028,1.9274666
AGOZIJ,2.7486222,1.4452968
WOCJOR,4.5304236,2.8432293
LIGWII,4.707298,2.91527
CEJJIK,3.8539486,2.9207013
YIJZOG,2.920054,2.3875558
ISUMEO,3.5864606,2.276867
KUTMUK,2.487937,1.9801857
ECUGIV,2.7159684,2.0936947
SEZHIP,3.8689148,2.7964919
PUMTOJ,4.707842,3.0897267
WUFNOD,3.446322,2.3971744
TIFTIL,3.1347518,2.1268854
PIBMIX,4.791653,3.0420635
BEDSEM,3.534759,2.3372693
BEHNEH,4.0408907,2.481502
PIBNEV,2.8955636,2.4474838
ILOJOK,2.5162368,2.1967998
ATECUZ,4.780496,3.2462263
ZOBPEN,2.8161063,2.059443
KETHAV,4.256405,3.1083865
DARXOL,2.6422255,2.5961356
KABCEW,3.1135268,2.3172092
WOLRIA,3.591631,2.7448044
GACJAW,3.3467283,2.1951876
BUQHIF,3.3633273,2.256247
UDAZUW,3.3578851,3.1117876
TATTIS,7.0959134,4.19137
NEVXAN,4.4651165,2.9483607
QEJFOC,2.7782826,2.6025698
BABNOI,1.0816526,2.4724154
PIHCEQ,4.865668,2.8391914
NAPKEW,2.649845,2.3994431
FEKQEU,2.282219,1.6149999
ZIGLAF,3.6264615,2.8177657
MAHYEB,3.5997944,2.799693
IJAZEZ,3.6817005,2.9388418
GOHPOJ,2.386983,2.1057458
ODISOM,3.3981578,2.5822904
TUJYIG,3.7802057,2.3790884
LOFMAV,3.0416887,2.8432615
HIZLAF,4.868933,3.7736254
HINFOA,4.1304164,3.067387
RIKWUF,2.3170495,2.5170667
ZUNLOJ,5.7592897,2.6987133
MANVON,4.035721,3.0597372
ZIPKIU,4.92771,3.3949265
TIWJIT,3.5445552,2.735201
EJUBUH,3.5252352,1.9835525
WUPBUE,3.8683708,3.238514
KIRSUZ,3.9236097,2.191283
GEPJOD,3.1445477,2.2102897
MIRYIX,5.0942435,3.298914
TASREM,2.6781447,1.4564286
IGEDAZ,3.3742118,2.4031248
UGEKEW,4.3342295,2.8780272
NOJKAB,2.81529,2.1625328
BUJWIO,2.6414092,2.564825
ROJZAS,3.5671406,2.971964
LITRUD,1.4963541,2.0864599
REHBAJ,3.905106,2.2104023
YEYBIO,2.4147384,1.9092616
ZODNOX,3.6988437,2.955742
XUMHUJ,3.2090387,2.4844081
BEVWAC,3.8376217,2.602552
ETAJIS,3.4906766,2.823485
VASJOR,3.7891855,2.508228
RIKXIU,3.3358438,2.6081533
UCIBIT,2.984817,1.6880038
SAHQUQ,3.1513507,2.2762718
EXOTAM,4.481171,3.389473
PIYNIV,4.628929,3.4182446
PAKVOO,2.4501133,2.2779362
DAFHAW,2.9268568,2.0186684
BUCFOV,3.0601926,2.814297
MIWGOR,3.7246945,2.588901
PUWWIN,3.9467394,3.4758444
LIPGID,2.5494347,2.1356068
MOMSAK,3.0773356,2.6139295
RANDOZ,2.9184213,2.1376047
AFOZIE,4.09613,3.5223823
RAYMIQ,2.468345,1.9771976
OHUYOG,3.859935,2.6259246
BAFQEH,3.474894,2.2427328
IMOVEN,3.3567965,2.452079
SOXTIL,2.229973,2.1819744
GOXYAT,4.4155917,3.2089012
UDOFIC,2.4024932,2.6997328
UPABUK,4.024564,2.7862537
WEWZED,4.512464,4.1142874
APUDAQ,3.6572104,2.6600268
VAQDOJ,3.486595,2.394028
RABPUH,3.6849658,3.0894825
HIPQAA,2.7129753,2.1395586
YONZAD,4.0789866,3.0141935
WIMBOL,2.7020907,2.2434888
VERLOW,3.6787074,2.7421813
DOWSUF,2.884407,2.348297
HEXDIZ,3.0201917,2.2599337
VIBFIW,4.34076,3.4352949
PAKVEE,2.841413,2.341352
KOYDEJ,2.559775,2.9307606
JASWOQ,4.5535536,2.7614365
EXOTEQ,3.5908146,2.7646105
CEPNIW,3.7652395,2.8100019
NAPJUL,3.0814173,2.6812413
PUMKEP,4.0710955,3.3413227
HAFZAR,3.9845634,3.0280547
TIGGAR,3.701837,2.3967967
QEJFIW,2.6710696,2.3079422
VEVTOH,3.537208,2.5787542
BEYREE,3.0963836,2.9843445
IJAPIT,3.7064629,2.6678352
LUSMET,3.3181565,2.376102
HAQTIC,3.7576203,2.7295718
KEHWUS,3.3576128,2.1580815
ZIWQUU,4.0286455,2.3346446
XENJUV,3.730681,2.0777318
AJAMII,2.4740593,2.3829126
LAJJEN,2.944544,2.981391
ZAYWOO,3.5263236,3.376958
TIMZIA,1.8598982,1.9165654
NEZDOM,4.9198184,3.3070674
HAVMEY,5.3889427,4.0159936
JABKIG,5.439556,3.3856802
UZERUO,3.212032,2.2228274
IPISAC,3.2852306,2.2967038
MOJGOH,4.2030706,2.5894463
ZIWRAB,3.804968,2.5302224
COMXUY,2.6912062,2.8313
SUBWUJ,3.8996637,3.232282
KIGRUQ,4.0210266,3.0545793
SAQBAO,3.350266,2.7490675
BEPDOR,3.689592,2.6088128
EPONIH,3.6748977,2.9952102
BIVJOI,4.134226,2.1924927
PAKVII,2.4667122,2.275278
KETGOI,3.6629248,2.7332377
NADRUF,2.6449468,2.9180954
DANXEY,2.5842655,2.8606112
BOLNIC,3.6430604,1.9126179
HARPUN,5.0447187,3.3801386
ZIVKAS,2.8158343,2.2803116
LULZIC,3.8169413,2.6969495
LOHCOC,4.893696,2.9047499
GAMNIU,3.7279599,2.8621678
BIVCAK,4.271099,3.2519526
PUPCEI,3.8719082,3.0483174
REKROQ,4.4969535,3.129144
NUGFAW,2.430521,2.255302
SECGUD,5.9372525,2.9982493
MUBBAO,3.9113646,3.2816734
GIFBON,5.246355,4.194642
OFUNUZ,3.883609,2.8182194
DOQYOX,2.5807278,1.8726802
UCIBEP,3.0308042,1.7385532
TAHGEQ,3.4719007,2.8675354
KELRUP,4.807708,3.339883
BORQII,1.890375,1.5688883
NOSFEG,4.2531395,3.634161
MOJGIB,3.9388483,2.8505354
QOKHUU,3.634625,2.886175
CIMGIP,4.0155845,2.5387263
BABZAI,3.580202,2.2485127
ODISUS,2.038133,2.112293
LOFNUS,2.0716028,1.8139653
LEXFEA,4.4014416,2.9734795
POBDIU,4.6188607,2.6895175
RIKTUC,3.5255072,2.803324
WEDVAF,3.2803326,2.688916
URIKOX,2.4539227,1.9113104
POHFIE,4.2485137,2.8019023
JEKNIX,4.103477,2.5682087
XAVROD,4.937506,3.1620345
EGUBAJ,3.2109435,2.8644392
TIWHOX,3.5434668,2.7729888
FONRAC,3.6471422,2.7996619
KENNAT,4.769884,3.2134778
GIGKOX,4.562261,2.9761248
ZIWQOO,3.9320452,2.4759793
AXACOR,3.1837323,2.3381097
AYOZUJ,5.0417256,3.678191
XONDUB,0.5123904,2.3305855
CIDCOJ,2.3815405,1.3930514
LULFOP,2.5695713,2.8368855
YEDSEG,2.9488978,2.3472023
NICJAM,2.6754234,2.579774
GEMHEM,4.801177,2.7313855
XIYCUF,4.2259283,2.6802604
DISTEG,3.6449652,2.8927863
XEBCEN,4.9908404,3.1703973
LERYOX,3.575032,2.881997
JAGJEH,3.616121,2.0612807
ISEZOX,2.1456177,1.9768989
DOFPOF,4.66512,3.3011668
DUCVEC,2.7026348,2.003056
YIYXUB,3.1132548,2.4482567
WISBEI,3.7500012,3.1314852
OCELAM,2.0199013,1.8116713
FEKPUJ,3.1842763,1.9070077
ODAFOQ,2.0082004,2.1618783
PACMEL,2.9706671,2.6856482
AFOZAW,4.044156,3.195824
KOYDOT,2.4103847,2.7592196
ANUJAV,3.3230546,2.6896894
LASSOQ,4.485797,3.215214
VEDGUH,4.1674237,2.7245686
UHAMUM,4.490695,2.9336033
GASKAO,4.3943667,2.669796
XUMJAR,2.9603267,2.2529635
YOKMUH,4.5560026,2.3642452
UXEPAP,4.151913,2.5876877
XILCUS,3.3973415,2.5463161
AMUKOJ,3.1611466,2.531149
LARQED,1.5660152,2.213269
QOFHEA,3.6251009,2.5322142
BALTUG,2.9377413,2.1295657
ROGGOL,3.692041,2.7789564
UBEREA,2.446848,2.1158142
SOXVAF,2.4841275,1.9118558
RERSIT,3.2825096,2.6067889
WIZPAZ,3.2253656,2.1825223
YUVDEZ,3.2498558,2.2768736
PUVVEJ,3.637074,2.4434597
IJAPOZ,4.296406,2.5035026
DANPAL,3.226454,2.3416028
DOTDOF,3.935855,2.6757
XITHIS,3.7908182,2.6769218
PIWZIG,2.4487526,2.2465606
FUPZOG,3.668367,3.176241
WIXLUL,3.6702719,2.5679708
OLETEE,4.805531,3.4470208
SECGOX,0.28000516,1.396467
ADEXEM,3.9557192,3.4478645
NADNOX,3.5206091,3.0708702
HIBWOG,3.505915,2.8408487
KAYGIB,4.2983108,2.6056194
YUFXUT,3.8904119,2.6077673
ABIFUM,5.1707077,3.0835042
MUFJEE,2.3562338,2.0551724
LUSMUJ,3.3690417,2.3053904
BALSIT,3.1864533,2.033554
KIBBEF,5.0411816,3.76489
KIHTAY,3.1274047,2.6074088
PITCEC,3.3464563,2.4430544
AFOYEZ,1.6158121,2.6188548
CUKMIG,2.597871,2.4011083
INOJIF,3.7581646,2.5242546
AKIVAS,4.4297414,3.154281
EJIZUS,4.344298,3.000186
ELIZUW,3.4563904,2.5422761
VUDDAA,3.7388444,2.8880513
ZODMOW,4.3252497,3.122583
MUSSUQ,0.46667528,1.554523
FASYOQ,3.7840154,2.8199995
TEWTEW,3.6065972,2.600824
DUHGAO,3.5450995,2.6319888
LASSIK,3.9116368,3.3086672
XELXEU,4.4675655,2.753323
SIBZIO,2.1167738,1.8711773
YIQMUG,3.9589846,2.3245478
YOLTOJ,4.015312,2.7604296
ITAPID,3.6863265,2.9015684
GUSRAN,2.7192338,2.461388
YEPMIQ,3.7829268,2.8126974
KAPZIM,2.5031755,2.878269
TEPZIX,4.235452,2.3124142
WAPYUH,6.7231174,4.287541
XILDAZ,3.1083567,2.3071983
RIKMAB,2.6237218,2.071738
EFEZOG,3.2591078,2.4825687
OJOFAV,3.1388333,2.9759517
TUKZUV,3.5426505,2.438397
OGIHOD,4.8994102,3.5433726
YICXOY,3.7584367,2.4376004
NAJXOL,3.085227,2.7355416
ABARAX,4.830021,2.942245
RACJAH,2.8865838,2.4971592
UXEPIX,3.7309532,2.8904414
SIWGIO,3.9489164,3.1198492
XIXDIT,4.1619816,2.7927098
PETBEY,3.31217,2.5101693
YINNIS,4.5951867,3.7825828
BACBAJ,4.4485173,3.1872778
IGEDED,3.4634652,3.2163458
HBTHFY,5.5941167,3.3772492
RIPSEP,4.6330104,2.7876356
ZOCBUQ,2.855835,1.7516716
YAYNUK,3.2868633,2.698162
XUMJEV,3.5233302,2.302432
AFUFIQ,2.7423635,2.521033
CESHUF,4.789476,3.1645548
YIYTUW,3.8680985,2.6485577
ZERWAX,4.177764,3.2228851
DIVVEK,2.9184213,1.9710145
MALXAY,3.5358474,2.5021672
MOMKOP,2.3940578,2.057306
KOCCIR,3.2152975,2.5462677
ESIGUJ,4.222119,2.6174846
GIZWIX,3.5421062,2.9823399
LECZIF,2.313512,2.1972418
DUDRAW,3.0909414,2.178526
SAKVAE,4.3130045,3.6453617
DEDBUK,3.5219698,2.6508996
GUXFEL,4.650426,3.1367786
KEQJUN,3.5004728,2.718199
UWODUH,4.3301477,3.4942498
RIVLAK,2.8860397,2.1865811
RAYNAJ,3.4444172,2.0949864
XUVFIF,3.8460574,2.4907734
PAKTUS,3.7880971,2.4514515
HESJEX,3.2365222,2.3708317
XILCOM,2.8460388,2.6158435
NUHPUC,3.0035927,2.7213714
NICJIU,2.717601,2.5010133
SUKHIQ,4.698862,3.3872843
IKESIB,3.255026,2.5204482
ODAFIK,2.5630405,2.2336848
GUSQOA,2.9837284,2.2632272
VUNBAJ,1.734998,2.6545715
PIYNER,5.0839033,3.774709
WAPKAA,5.2762876,4.042946
BUTKEG,4.7407675,3.469825
PESZUL,3.71898,2.674669
NOGXIT,3.3946204,2.6476402
FEKQAQ,2.5755577,1.6862326
HUTGIN,4.1404843,2.6998053
TUVCIX,4.2841606,2.68179
REKVEK,4.883355,3.2932105
CALPOX,3.6550333,2.6296155
TOPYIJ,3.1815553,2.3802826
MIPSUC,3.778301,2.825838
RIKVEO,3.3595178,2.4564662
TURRIH,4.275453,3.5943074
FEKQIY,2.568755,1.4865519
RILHOL,3.6841495,2.7875001
BAHKED,4.0115027,3.0507193
ELEYAW,2.3067093,1.3607767
XINMEN,4.0419793,3.498476
DANVET,2.284396,1.9428401
LODHER,3.567685,2.2632654
NICHIR,5.2776484,3.6055174
IMABED,4.691243,3.28351
LULZOI,3.5031939,2.615595
EFECUO,4.6207657,2.5390327
RUHQAO,1.8275167,2.421912
XAXYIF,1.7118683,1.4366457
ESAYUU,3.732586,3.0904186
CEZLOK,4.016401,2.8540032
QIFTAA,3.6291826,2.0514228
ACUGUB,3.0980163,1.9625835
BIKQIY,2.2664363,1.834787
QIQQOW,4.1832066,2.686928
YIQNAP,3.469996,2.3722286
XEQSIX,3.4093146,2.6362715
SOXTEH,2.1401756,2.1438382
LIXWUL,2.4490247,2.0890136
VEVTUN,2.5815442,2.42883
VEDQUS,3.7742193,3.5622528
AWEZIL,4.419129,2.6123614
LERYEN,3.5568004,2.8413963
WAYVEX,2.7371933,2.782394
XITZAD,3.1684937,2.1976056
QOMGUV,3.0533895,2.6742222
EROZIU,3.5426505,3.0352979
OFOPUU,3.6104066,2.5612748
DUHGES,3.395981,2.8332121
LACMIN,3.4591115,3.101906
DIDSAM,4.548383,3.3482525
RARXOY,3.24523,2.9487336
RIKXEQ,3.5426505,2.984466
NADPAL,3.1826437,2.8443394
NOFJAT,3.7992537,2.9407387
AKUJEW,4.2403502,2.6480896
UNASOT,4.2055197,3.2701318
QIFTEE,3.608502,2.0848591
TIMTEQ,3.0694444,2.1064427
PUWWUZ,3.8653774,2.8794804
LASSUW,4.7179103,3.227734
PADFUW,3.2370665,2.4965098
OXIPOC,4.173138,3.056036
SOXVEJ,2.456644,1.8803816
HEXDUL,3.5140784,2.5617867
NODROO,2.1238487,2.2448902
PIYSIB,3.4612882,2.992797
YIQMUI,3.477071,2.0939493
YIBSEH,5.9016056,3.5492563
SAHWAC,3.0025043,2.3373485
USEPAK,4.4057956,3.0794332
ITOFIH,3.795172,3.733119
SIHTIM,3.1317585,2.5498264
REJLUP,4.198445,2.4091225
LOCFIU,3.2637336,2.7348313
MORMAJ,2.6699812,2.440444
WOKGUZ,2.8874002,1.5499054
SOXSUW,2.853114,2.003222
DEZQIJ,3.1200576,2.5952492
TAKNOI,3.639523,2.3692904
KELSUP,6.808833,4.234757
EKOXUX,5.0428143,2.7199636
ROCVOW,2.343989,2.1631942
INITUV,3.620475,2.8337986
OZIZON,1.8615309,2.1821628
TESXOH,3.2923057,1.9165125
ODOZIQ,4.929887,3.3829613
MUHWES,2.8672638,2.6226902
DIGLEL,2.5216792,2.0756345
EGUBEN,2.9246798,2.643063
QEWJOS,3.1440036,3.0033176
DASQOF,4.9143763,3.445293
XEWSID,3.5385687,2.52428
QEPYOZ,3.7774847,2.528285
WOFGON,4.2000775,3.0339503
BAYSEA,3.6988437,3.1708143
WELDEX,4.506478,3.3906336
WUMJUL,2.3584108,1.3062881
UXENIV,3.988645,2.5521302
JOPQUA,3.5304053,2.8399754
XEWHEO,3.7372117,2.8477025
QOCKOI,0.9673648,1.2541536
YIQZED,3.8147643,2.7082632
NIKFAQ,3.7573483,2.377715
GOYMIS,3.6863265,1.4161377
QONNAK,3.880888,3.2917957
BUCFIP,3.248223,2.6680384
XOXXEN,4.46947,2.506081
IMABAZ,4.4746404,3.3484244
QOYQAX,3.816397,2.9216175
KINJEZ,2.8574677,2.2320967
BATDOS,3.142915,2.49556
LUSBEI,2.712159,2.4749513
GENCOS,4.1783085,3.5410976
QIQQEM,4.5151854,3.0342069
DANNIR,3.917079,2.7173753
ATICUB,3.4305394,2.707735
CEKBOM,3.9132695,2.6366475
QUDWIV,4.0068765,3.1788473
ROXJAR,3.7772126,2.6564975
HEDVIV,4.2847047,3.5422766
SAKVEI,3.6177537,2.3947363
NODZUE,2.7162406,1.5004386
AKAFEY,2.3194985,1.427942
APUBES,3.7908182,2.8036647
YIJNEL,3.049308,2.5794916
TIYHEP,3.2392435,2.5627942
YIJNIP,2.9235914,2.9372132
MANWEE,3.4063213,2.888723
KOCCEN,3.2629173,2.5420306
UCUYAS,3.529861,3.040932
NUZFUL,4.486069,3.6177766
AYUBEB,3.862112,2.6109853
VAQDID,3.568229,2.290441
OHUMOU,4.6947803,3.2068858
IJAZAV,3.5829232,3.119803
PAKVAA,4.111368,2.6725137
EFEMOS,4.1159945,2.9542437
OBABAX,3.166317,2.2077432
ODAFEG,2.4552834,2.4014688
LACNAG,3.7562597,2.9776933
LINFIZ,3.1396496,2.8130155
IMOVIR,3.3276803,2.6594906
KIFXOM,3.988917,2.1868973
LIFWIJ,0.33252314,2.1931953
PAKSUR,3.7679605,2.628446
LEGDIL,2.621817,1.618422
BEMFAB,3.802519,2.8778377
ODAFAC,3.1567929,2.6703823
YEPMOW,3.587005,2.6893811
BOBKEJ,3.689592,2.6272562
XOVHIA,4.3083787,3.3440037
PAKTIG,3.7505453,2.5000498
IGITOI,5.6365666,3.2097878
SUFPEQ,3.8090498,2.6112661
XAVRET,5.0362835,3.2227736
WEKTEN,3.3981578,2.1685462
LOFNAW,3.5524464,2.6479287
FAKZAU,2.5589588,2.26736
BATFEK,2.8680801,2.3382926
XUFNET,3.6046922,2.971402
NIJVOT,3.7094562,2.4847426
ZUWYUL,4.3247056,2.955904
EFEGED,3.1001933,2.1216238
JUHQAG,3.3208776,2.9673352
PETFUS,3.6098626,3.0165188
ERUYAR,3.8316352,2.7013664
JORXUM,2.9788303,1.2554091
GIGLAK,3.4011512,2.4796655
PIMDUM,6.256986,4.3521414
QEWKIN,0.43511006,2.3797364
VIXYUW,3.730409,2.7322617
AFOZEA,3.754355,3.1680925
ZOFTET,4.8038983,3.7972226
XEWHIS,3.6716323,2.7710798
PAFVIE,3.7040138,2.935341
WUFHIP,2.8452225,2.90885
AHEHIG,2.71488,2.3248463
WOFGUT,4.2376294,2.949368
TIZROL,3.7913625,2.3940132
NUYPON,6.936999,4.3262014
CUJJOH,3.4822412,2.6773891
BUJWUA,2.430793,2.4329305
KAPZEI,3.1611466,3.0059602
NAYCUM,4.3154535,3.523415
QEJYAH,5.305132,2.926197
MITBEZ,3.4305394,2.539899
JUCQON,6.864344,4.31151
APABID,1.7815294,2.7292986
QEWJUY,3.152167,2.5676072
EYEXAH,3.2128484,2.6710334
NUPLOB,4.099123,3.1992722
OZUZOA,2.7788267,2.0660064
HIJPUM,3.434349,2.8353052
DOTFUN,4.64063,2.9500022
HEDJOP,6.8344116,4.1797495
WULKIX,2.5339243,2.4180648
SIHZOB,3.974223,2.8609657
YUFXIH,3.8038797,2.6270685
QALJUK,3.8376217,2.7218773
MUNDIJ,4.029734,2.774334
HUVRUM,1.8288772,2.31519
ZUNLUP,5.750038,2.697695
TIGDUI,3.8795273,2.3855798
BEKPOZ,6.135351,3.2792244
AWEZEH,4.160893,3.1052525
NIRKOQ,3.5268679,2.25935
RIVPES,3.8125873,2.6586375
TAJZUC,3.4806085,2.1913395
QEWKAF,3.3565245,2.8724031
YEYBEK,3.4855065,1.5521437
ROHMIM,3.3042786,2.3780708
TOQVOL,4.9530168,2.894835
ROWZUA,3.1491737,2.6276374
JOBKAN,5.747589,3.9072523
YIGNUA,3.919528,2.7033088
ZIPJUF,4.5467505,3.3382065
IYENAD,3.8112268,2.670578
CAXCEL,3.6006107,2.7015061
WIWWEF,3.4384308,2.7992842
VARQOU,4.810701,2.3041372
JOQPEK,3.6555777,2.7169766
BODNAK,3.565508,2.402261
BEXKUL,4.213411,2.810896
YOPDIQ,3.0378792,2.3869247
YOSMUP,3.9968085,3.1582458
YUKLEW,4.199261,3.4572601
WEYKUH,4.5443015,3.7432594
GAKZAT,1.3276435,2.659083
CUYQAP,3.7121773,3.250996
PUPLAP,3.8359892,2.612575
QOJSUD,3.4161174,2.7983978
YACRAW,4.1818457,3.018181
YICXEO,4.065925,2.5267155
JUXMUK,5.1034956,3.1895447
YICXIS,4.010958,2.5436907
ELIZOQ,3.8934052,2.483035
REJMAW,4.198989,2.409484
TATSIR,3.9927268,2.716225
PAKWAB,3.436526,2.6141787
XAWVEW,3.6547613,1.5875971
QIHYOY,2.7834527,2.703869
IJAPEP,3.9592566,2.691539
LATKOG,5.704595,3.214579
AFOYUP,3.897759,2.4942431
BABZEM,3.1516228,2.525352
ILAYOK,2.9086251,2.7355607
YUSVUE,4.93288,2.9051313
ZEDJOK,3.2623732,2.8151102
QEGJOE,3.573127,2.1252356
COFBAB,4.5462065,2.8462923
YUHJIW,3.1611466,1.9476695
TEZTAV,3.2702644,2.6287727
VEDHOC,4.7598157,3.3161266
YEFZIT,2.9567893,2.3414
PHBUAY,3.802791,2.3564863
RAMJOG,2.9148836,2.9954815
KUKREO,4.1364026,3.1270895
ZIQKAO,2.4359634,1.7990338
HUVSAT,3.147813,2.0020835
AGUFEN,2.9807353,2.7497442
MOGWIP,4.168784,2.9996192
ESIHEU,4.2738204,2.6865702
MEBDEC,2.585626,2.568514
GUSQUG,2.8729782,2.4333525
AFUFAI,2.8261745,2.6433446
HEWDUJ,4.3241615,3.7775247
XENKAC,3.2517607,1.822701
UNAMAX,3.9736788,3.33072
EFUFAN,2.7918882,1.7777888
XUTRUZ,3.1766572,2.789749
NOYJUI,4.119804,2.8078978
HAFZEV,3.9494605,3.0155425
TUCSUF,4.6738276,3.435305
USEMUB,3.986468,2.7040472
XERTUK,2.636239,1.8244838
TATTOY,4.1897373,2.5922785
QUGJUY,3.7538106,2.5880356
KUKQOX,4.602534,3.5122106
EMUTAJ,4.800633,3.8733573
OZUZEQ,3.0822337,2.6163347
GUXFUB,3.842792,2.8343225
PIWZOM,4.0131354,2.9408238
DARYEC,2.6065786,2.5812948
FUDSOO,4.0849733,3.245607
HOTJUV,3.981298,2.3555503
FUDMIC,3.6387067,3.4181004
NICJEQ,3.1527112,2.3351693
PAWXAM,3.4471383,2.171959
XEQSET,3.054206,2.7442586
HOCXIH,3.653673,2.219517
HUTFIM,2.6261709,2.2129374
UBEQUP,3.24523,2.7395313
TEHPOM,4.3930063,2.7767825
CEBKOM,3.9581683,2.8631182
PAFSOH,3.8563976,3.1659591
OVIQAM,2.470794,2.0933328
SODNUW,4.3154535,0.9370191
UZOREI,4.3078346,2.1549692
KAYBOB,3.8721802,3.2586367
UBERIE,2.855835,2.2482123
PAKVUU,2.4465756,2.2266164
QALJOE,2.953796,2.2917075
GINROK,6.380798,4.4694734
KEZZUN,2.9167886,1.8664062
JIYVIX,3.8512275,2.547246
BALTAM,3.5693176,2.3216307
MINQEF,4.271099,2.709063
QOKPUC,4.803082,3.7442815
DUDREA,2.666988,2.1899097
PADGIL,3.8036075,3.1557896
QALJIY,2.4969168,2.615465
LODRUS,6.2790275,3.3622754
IJAYUO,3.730681,3.1135654
NICHAJ,4.6213098,3.3945274
FUDSEE,3.0547502,3.1228023
LITSEO,1.952689,2.1426666
EMASUI,4.7138286,2.4078288
PESYIY,4.1404843,2.9363625
BADQUU,4.1521854,2.9756842
LULGAC,3.4621046,2.6558046
FUDRUT,2.8920262,3.035149
HOCXUT,3.6844218,2.1793866
EMUTEN,4.2297378,2.8225713
XEVDAE,3.7851038,3.4163132
PIHDER,3.637618,2.7471793
AYOZIX,3.7505453,3.3497264
UJAXEJ,2.7695749,2.3996863
BICXUI,3.6871428,2.779839
DANVAP,2.294192,1.9866161
SIHZER,3.9412973,3.0170963
FUDTAB,4.1491923,3.2239814
HEXYUG,2.3725607,2.0880933
TUCTAM,4.568792,3.2321846
FIYWUF,5.3973784,4.2686105
MORZOK,2.2721508,2.3590717
EXUYUT,3.6267335,2.5477686
RISYUQ,2.738554,1.6341878
MIRYOD,4.999548,3.2124472
ARIKUI,3.9399366,3.3166196
ERASIZ,4.342121,3.6103094
OVAHAV,3.187814,1.8894312
HAFZIZ,3.9935431,3.0661771
WUQBUG,3.620475,3.0143156
FUDMEY,3.7554433,3.2641697
LAZQAF,2.4863043,2.069389
ITUWUP,4.779952,3.6379373
TOQVAX,4.9024034,2.8197877
QOKJEG,3.204957,1.9666547
ZUXPUD,4.4297414,3.2736886
AGUVUT,3.5099967,2.7799363
RATLOQ,0.30667233,0.7805259
ILAYAV,4.053408,2.8959234
EFEHON,4.3361344,3.1682198
TEZSIC,3.4553018,2.712492
UMEWIT,3.264822,2.0635228
BIRJUH,2.3616762,1.6745492
TAZHEI,4.9481187,3.8761969
QEJFES,2.8852234,2.39405
YUFXAZ,3.783471,2.7007592
ROXBAJ,1.9140489,2.1304266
SURBEO,3.7004764,3.0884113
AFOYID,2.1989522,2.8765762
FUPZIA,3.6836054,2.9219372
LODHIV,3.1151595,2.1486304
VEVTAT,3.4955747,2.5037043
AKAFIC,1.5167626,2.008182
FAMVEV,3.5554397,2.6578655
RIKLAA,3.3665926,1.8345885
NIQCOH,3.754627,1.8667834
PIYTAU,3.4814248,2.3188233
NIDCEI,3.7505453,3.3507917
PIHDAN,3.4933977,2.316909
NIKKUO,3.6906803,2.643125
PACMOV,3.5361197,3.002952
ATOVIP,3.023457,2.551927
BORQOO,1.854456,1.5769923
VOQWUT,2.752976,2.3861055
LUSBEH,2.700458,2.7146075
VEVTEX,3.3426466,2.4542143
TATTEO,4.709747,3.2037826
MIRYUJ,4.99982,3.2064214
YIGPAI,3.0386956,2.8308513
BEPDAD,3.044682,2.3266559
RILRUC,2.5431762,2.523189
OVAHUP,3.3154354,1.8701322
XIDCOD,3.81422,2.52073
COWZIY,2.710254,2.5948818
ZERWEB,3.675442,3.1792846
OCEKUF,2.9325712,1.8366171
TAMVEK,2.9342039,2.377258
DEKQAN,4.1407566,2.9156926
WUYKIL,2.4147384,2.2523236
IKERUM,3.5448272,2.5638113
XIQQIZ,3.7714982,3.126668
REYVOI,3.2109435,2.533173
JIKVIL,3.9124532,2.9967198
JACPEI,4.9764185,2.9238915
KALVEA,4.5973635,3.2754917
ZEYFEO,3.099649,2.8217032
VALPON,3.2125762,2.4940727
HUYNIY,3.3010132,3.004834
RIQHOQ,2.8694408,2.753798
IZICOJ,3.139922,2.6191747
PADXUN,2.7083492,2.7586303
DOGDUA,2.8359706,2.7750642
QAJGOY,3.1026423,2.8372438
JOPQEK,3.4495873,2.670162
HAFVER,4.5464783,2.5670693
PETXER,3.206862,2.5457907
ZUBTAR,1.8503742,2.5071034
MILMIF,3.3780215,2.6410072
GAVSED,3.7276878,2.6019657
IDUYEN,2.3956904,2.5961702
LIBCOP,2.5918846,2.6610038
FOVDUR,3.1946168,2.653214
YOZDIA,3.7197964,3.1230247
BINHUC,4.217221,3.080289
RERQUA,3.1755688,2.8563879
KIHLES,3.6408834,2.910915
RERQIO,3.3203332,2.854675
ZIRRUN,3.1576092,2.9054344
RIRXEV,4.1524577,3.004399
NOPWUL,3.3908107,2.5849352
NURGOW,3.7383003,3.2344224
POVPOG,2.8765156,2.446412
LIWXIY,2.7181454,2.4540591
EQOFOH,4.040619,2.993112
TEBRAT,3.0909414,2.7163746
LUVTOM,2.8425014,2.4733133
HAFVAN,4.227561,2.6718209
DIDPEL,2.8122969,2.733459
FICCEA,1.7730939,3.0316906
NEFLUH,3.0523012,3.0262022
KADKUW,4.079803,3.1467957
GOHWUW,2.7774663,2.6721303
FODSAS,2.8261745,2.7697935
HIKBIO,4.401714,3.5214362
GIPWAD,3.9881008,3.2050397
RAPDEU,4.6248474,3.2500544
PONDOL,3.758981,3.14627
KIFFOV,4.2213025,2.9821377
QAHREW,3.2735298,2.759727
RETVER,2.6161027,2.4726768
QUHDUT,2.9244077,2.0615907
BOPNAW,2.7687585,2.6059165
JIMFIU,3.4479547,2.7871265
HEFROB,3.9676921,3.4238994
CESDAG,3.446322,2.9244585
GAXSON,2.3268456,2.9500308
GALZAU,1.1023333,2.2563596
EMOLIB,3.986468,3.0104148
OMABEJ,3.7241504,2.867777
YEDMAX,3.938032,3.0061266
VUFYAX,3.6544893,2.4158702
BIJVEW,2.5578704,2.3781629
TOMFIK,3.161419,2.8815603
ZUXZIB,4.4727354,3.4673164
ICEHAZ,3.6523123,2.980871
WIKYOF,2.2596335,1.5288879
GAWQIE,3.4879556,2.6493764
BEHVUF,3.529317,2.6899002
COGSID,2.5483463,2.3764434
MITVOA,3.3829195,2.8870883
XEQRUI,3.5282283,3.2903595
QEWPUD,2.5769184,2.7079875
SEFCIP,3.1957052,2.7604284
XECXAE,2.148883,2.7605388
ZAGTEG,3.006586,2.7962475
OWEXEV,3.209855,3.0112388
RERHIF,3.6354413,2.8288212
ZIMYAV,3.9097319,2.899306
FAPCAB,2.8737946,2.3035126
UWIJIV,3.1872697,2.9243734
OCOBIT,2.7042675,2.8518076
DAPQOA,3.711361,2.8205042
BIXZAM,3.3918993,3.0144691
CIGFUU,3.6392508,3.1907537
FALFAA,2.9546123,2.3344586
QUBHIG,2.5121553,3.0031457
WEVGAF,3.5829232,2.586116
FIGQUH,2.7230434,2.760039
JUMHAA,3.4811525,2.9286845
WUXWUH,4.5034842,3.1195838
SEBHAK,4.7233524,2.5122433
DOGFIQ,2.5527,2.7252874
PAYREN,2.9508028,2.6430798
OPINOR,3.331218,2.8201911
CUSNIN,3.1442757,2.6215913
PERCOF,4.1315045,3.3106627
WOKJIQ,2.9388297,2.258914
HIWGEZ,3.2547538,2.3675075
FEHFAA,4.2387176,2.4004772
GIPTUU,3.9440184,3.1968133
VOLFOU,4.0800753,3.2778387
NACHIJ,2.6433141,2.251344
TIRGAC,3.470268,2.7941968
LIGJAM,3.997897,2.6857278
SIFZOY,3.5663242,2.7013905
BABWAE,3.7094562,2.487739
QICYAC,2.8626378,2.0864244
ZOGBUS,3.1040027,2.908656
HAXSII,3.5236025,2.9696908
DOGGIQ,2.8435898,2.5735958
AMIREU,3.0261784,2.6367543
TIRKIO,3.7007484,2.62919
GATNUL,3.4849622,2.8548653
IZIWET,3.3181565,2.8064408
ULULAO,3.7777567,3.167996
OQIFEA,3.2433252,2.7252243
MIBVAU,3.7080956,3.0342462
UJITAI,3.4849622,2.923137
TIGXAI,3.5842838,3.040152
COMPIF,2.7559693,2.2118397
YAJRIK,3.687415,2.880976
NAXHOJ,3.341014,2.7373886
GAHHIJ,3.5453715,2.933068
CAJZIX,3.6746256,2.7763166
MAHWUP,3.505643,2.9344497
LUFXAL,3.6471422,2.949016
GATXEG,3.592175,3.0622132
VOZKEC,2.3581388,1.8072536
ABUTIB,1.9366343,2.603505
JUNYEY,4.153002,3.0591092
INEPIB,3.1301258,2.9074183
XITPOG,3.2917614,2.822891
HORWOA,4.3573594,2.9823604
YANFEZ,3.1118941,2.6418016
TUCNOU,3.5834675,3.3905053
XALREH,3.7603414,3.11558
XARKIL,2.0177243,2.724967
YIQWEA,2.3905203,3.2449627
MUVJAO,3.535031,3.1626945
WAQNAD,4.6961412,2.9184372
FICJUX,3.255026,2.573699
UMEHUQ,4.2746367,2.9617584
UHIQAD,3.7412934,2.6813476
LERNIH,3.9938152,2.431429
LEXMOR,3.154616,2.8895106
QUFSIU,2.982912,2.458489
JAJDUU,4.421578,2.7969053
LEMLIY,2.9842727,2.9160426
PIPXIV,2.8884885,2.7725177
BEZMUP,4.1720495,3.22894
YUTHIE,3.1480854,2.7143238
ETOYOD,3.5475485,2.8837094
XUNNOJ,3.96225,3.3005712
SEHZUA,2.7929766,3.0336115
ZIMYEZ,2.585626,2.443768
YIFYIV,2.9502585,2.8929842
IMEWON,4.7135563,3.1455927
IDARAH,3.3034623,2.6152124
IHIBOR,2.8789647,2.693064
IQEYAE,4.540492,2.9983377
XAGZAG,3.2977479,2.3383114
TEZDEH,2.8993733,2.7752204
TENSUA,6.495902,3.9861794
DORQOQ,3.1230507,2.8542297
LACNOS,3.5568004,2.6569195
ZEHXAL,3.065907,2.7372906
ZIZWAJ,5.0215893,2.8956256
FAZMUO,3.9344943,2.966304
JIXYIZ,3.4757104,2.8291066
HOLLUR,2.9747488,2.4618578
BARVAU,2.3932414,2.3827245
ZIHJEH,3.907283,2.330695
ECIMAF,3.8466015,2.7929742
IYOHUZ,2.3665743,1.8841934
CIHTOD,2.6895735,2.3920627
PIYKUE,3.489044,2.6611063
PAYROX,2.8022285,1.9845729
XUNFER,2.2626266,2.579725
TOXBOX,2.9121625,2.540372
SACZUT,2.406575,2.8458354
QALJAO,3.7344906,3.0584362
DIHVIA,4.065381,2.9858902
ICEKEG,3.7157147,3.200072
LUZDEP,3.8863301,3.0104024
PIYLIS,4.251779,3.19961
VAMVAG,4.5472946,2.9527884
YUPVEK,2.4043982,2.5435736
ERIBUC,3.4278183,2.6165116
VIQGIN,4.0305505,3.0698936
QAQBUF,3.1777456,2.6966906
SISHEJ,2.9535239,2.7635298
CUFQAV,2.8376033,2.5007558
UHEJIA,3.4199271,2.7805789
GAWQAW,3.295571,2.6962082
CUSREN,2.7616837,2.6901815
ZIWDAK,3.1763852,2.826874
NUWFAM,3.1848207,2.824624
NOCZAJ,2.8065825,2.9367723
CAFNON,2.8732502,2.8062918
ILUBIA,3.5456436,3.130104
SADVEZ,2.5807278,2.6001344
SACZED,2.8566513,2.894693
DIQRUQ,3.3393812,2.8991232
JAYLOK,3.4713566,2.9354968
FOJHIW,2.6465795,2.7650588
COXFOK,4.504029,3.0187533
KANWOO,3.3524427,2.816591
KALTOI,3.34564,3.0128944
LODXEK,4.0691905,3.1073775
ZEHXIT,2.9192376,2.8011174
XOPBOT,2.9540682,2.6900837
IDAMUX,2.8327053,2.7212703
IGOBOV,3.2514884,2.874112
PEWFIG,3.637346,3.1214411
WIFVEO,6.1383443,3.9463406
ROCLIG,2.7178733,2.7321043
ENUGAX,1.8824837,2.3296833
FAGKUT,4.562533,2.8913634
OZUCAO,4.409605,2.881028
FOYYOJ,3.4403355,2.7912555
NUKNIR,3.730409,2.7393363
LUTVAX,3.6958504,2.8027008
KACGUS,4.2359967,3.684169
RAZFAZ,4.664848,3.1296997
YATGEG,3.3176122,2.853448
XATTUH,3.1366565,2.9348218
VUMMAS,2.8786926,2.3360786
VAPFUN,3.9034734,3.0387192
PAGDUZ,4.727434,2.9598348
CUFXEH,2.2158232,2.5454562
DAVQUM,3.7002044,3.1446245
NISDOJ,2.6343343,2.0608187
DUNNOR,3.192984,2.7194257
MAZMIK,2.942095,2.569008
AKOPIA,3.023457,2.6875808
HMPEZR,2.8460388,2.7543006
SIPTUG,3.369314,2.665252
AYUBON,3.6838775,2.2034419
WATSOB,3.7603414,2.8771014
FOVFED,3.309993,2.7820294
HITJAV,3.3499937,3.1942148
SOWKAR,3.4931257,2.6179755
BIDBAS,3.8389823,2.3935447
YUVLUW,3.4827852,2.18924
LANJAL,2.2593615,3.1043286
XOLXOM,3.1660447,2.902613
NAZDEX,3.2362502,3.1940427
HOBYAY,3.9187117,3.250855
UFOZAS,3.4351654,2.6518402
ERUPUD,3.864561,2.878786
UGIFEV,2.9121625,2.448917
EROFOG,4.180213,2.804872
XEDLOI,2.27079,2.3612552
LOSREQ,2.45229,2.2613628
KUBXEK,3.6906803,3.0978453
FUMNEH,2.755697,2.719226
PADQOA,2.932299,3.0342712
NOTCAA,3.2985642,3.093893
CESPEX,3.9489164,2.8756797
CEQWAY,3.0125725,2.9343836
WIFVOY,4.497498,3.2061958
NEHRUN,4.54022,3.0018606
UROTEB,4.224568,2.741465
XOXPAB,3.7529943,3.2375877
GAVLUN,3.6691833,2.8640013
PADFAC,3.145092,2.6931064
QAFFAG,3.5592494,2.5015457
QIGYUC,1.7124126,2.5854597
QAHROI,2.9916198,2.7552443
JIZROA,2.0392213,2.8597531
VARPOT,3.26972,2.6717944
OCUTUB,3.3927157,2.8888118
CIPDOV,3.300469,2.938678
JATHUK,3.6569383,2.7859921
QAHYAZ,2.989715,2.8677444
SIMDAW,2.9810073,2.8477452
MIZVOG,2.8286235,2.747726
ETOMIL,3.7578924,2.9563482
LUJFUR,3.364416,2.6890826
ABUTOH,2.2827632,2.965403
VIKXIX,2.1744618,2.5363312
YEKKAB,3.838166,2.5527606
COQLAW,3.50782,2.5354953
ZEPMEM,4.5151854,3.2144136
JAPVUS,4.1636143,3.215944
LIRYAM,3.034886,2.1235523
IBUWOR,3.9124532,2.6136315
VURGOF,2.528482,2.5853415
FEYNIG,3.4754384,2.9794967
WOHNAJ,4.031639,3.1729949
JOHQUU,2.8264468,2.6649034
VAVFED,3.9176233,3.1739373
JEFJUZ,1.8707829,2.610435
AWUTIV,3.111622,2.5070982
YOZDAS,3.718436,3.1287885
NEFMOA,3.2139368,2.98102
BIMYIG,2.456916,2.7432485
BIQQEZ,2.86291,1.9652604
WIFWEP,3.4514923,2.721898
UWUBOF,3.173664,2.786489
REFCOU,3.5064592,2.5322883
XEVZUV,3.5859165,2.149848
GOGKUI,3.8411593,2.5672247
VEFFIW,2.5709317,2.559519
VOVNOJ,1.1061429,2.3471653
RESCUN,3.2199233,3.57335
RERNIL,3.0999212,2.6822746
AJODAG,3.8362613,3.190031
JALWEZ,2.7015464,2.4930367
COXHEC,3.8936772,2.9394803
KIVROY,3.761974,2.6494758
WUGRUM,3.0463147,2.2275212
EBUGAK,4.0136795,3.2006583
NOYGUD,0.58586115,2.235076
BOXJUU,3.1268604,2.771668
TOKGAE,3.0188313,2.3416834
XEYVII,3.5674129,2.9649723
KEGZAY,3.6550333,3.1955523
FEQJUH,3.5622425,3.010654
BAWNAQ,2.5273936,2.8672636
NORQAM,3.9271472,3.2002702
ZOZHEB,5.3380575,4.0022917
KUJMUX,2.903455,2.8246102
NUWWUX,3.5899982,3.0181909
CAKBAS,3.8634727,2.7800565
OTOQEU,2.7284856,2.9767015
YIZJIA,2.8133852,2.8280241
DOBXUO,2.880053,2.3952544
UPOJEP,3.4732614,2.5780613
ZIXGUI,3.453397,2.4170105
QUBHUS,2.5020869,3.0125966
UHEJUM,3.548909,3.0190992
PETXOB,2.8144736,2.5505571
REXNAM,3.5957127,3.1769378
ZAPCEY,2.7423635,2.581767
POPXUN,3.0033207,2.7973402
OLUZUQ,3.7774847,3.01021
XACREY,2.8814137,2.7128103
RUKBAA,2.318138,2.4700649
ENUGEB,1.8201696,2.3737836
DOGGAJ,2.139087,2.6172812
TARVEO,4.317631,3.1212702
WOFXIZ,3.049308,2.7958946
YUVDAW,3.2465904,2.6311302
ITOGEF,1.6566292,2.3301847
XILDIG,3.529317,2.8565745
OCUKUS,2.896108,2.7566395
KIVRUE,3.1739361,2.5090072
YAXVAV,3.6553056,2.9492412
UFUCUU,3.1369286,2.8564827
WOYMOM,3.080057,2.785032
KOVJOW,4.072456,3.1078095
GEQLAQ,3.1151595,3.3342347
POZSIG,2.8354263,2.6184278
VASJOO,2.5709317,2.9542441
AHIXUL,2.9167886,2.8912747
ETAVEA,3.3276803,2.7792332
YIVYUY,2.7273972,2.6503081
GUYYEE,2.8642704,2.7080147
GUHYEN,3.596529,2.6633227
JUKHOO,3.412852,2.7553632
RUKBEE,2.3159611,2.46875
ASARUI,2.0860248,2.509797
GANCAC,4.4700146,3.451181
JUCQED,3.352987,2.937181
FADTAF,0.20136426,0.82774115
KETVAH,1.9589477,2.6624656
UPOJUF,3.2438693,2.6510158
EJUROR,3.4403355,2.8115456
UHEKAT,3.6857822,3.1412761
SIFGUL,3.2269983,2.7716346
RIYYOQ,2.7067165,1.9113452
BAMQOW,3.2441416,2.671486
XUWSIT,3.594352,2.859663
JINPAY,3.2952988,2.3960884
DUFVIL,3.4286346,2.649232
LINZUD,3.465098,2.932614
UBOHOI,4.3851147,2.6814141
MAJHUA,3.7750356,3.1211607
PAFZUS,2.8876724,3.03357
IKIQUP,3.2947547,2.690688
SERTUE,2.750799,2.6053052
KAJYOK,3.4621046,3.009211
GARTUQ,3.5984337,2.7237198
CUBZOQ,3.6977553,2.6575782
ZOWYER,3.1157038,2.7698789
GAZQUW,4.1668797,2.8273191
NAQKIZ,3.577753,2.5358615
IGUDIX,3.8169413,3.2721848
CEQWIG,2.9456325,2.8933172
USUQAB,3.778301,2.9475229
GEWKUQ,4.155723,2.6509604
JIXYAR,3.5097246,2.5925348
SEKCUG,2.7263088,2.5253444
SEBHOY,5.2751994,2.9737492
OVINUD,2.6729746,2.7939274
MESMUV,3.5978894,3.0208368
QELWIQ,2.9589663,2.7754219
CIHGIL,2.4536507,2.290093
CESPAT,3.8495948,2.6799173
FOTFIE,2.824814,2.9154615
OBOKAS,3.7015648,3.1613598
MOFMEA,3.8985753,2.6379886
XEDMAV,3.204413,2.601494
AJEBEY,2.2541912,2.4766202
SUNRUQ,2.5448089,2.871278
XOVFAP,5.3334317,3.6443942
ZAKNII,3.0316205,2.7800763
GUBTUS,3.1652284,2.8003333
IGOBUB,3.314619,2.7922554
MITTUE,3.204957,2.7209144
VUVXEQ,2.246844,2.541007
WOBTAJ,2.4966447,2.6535325
FUDHIW,2.6634505,2.6653225
NADNIS,2.9486258,2.8098264
VOZKAY,2.5703876,2.045675
FAKGEE,3.2117598,2.6737761
YATBUQ,2.4697053,2.4720225
PADRIV,3.7812943,3.1866484
IYITEP,2.858012,2.3100944
PEXRER,3.0931182,2.8647633
AZUNAK,3.721429,2.8009152
ODEWID,4.0027947,3.0901823
IYITAL,2.7625,2.3745606
LOMWOB,3.2509444,2.598047
KAJKUC,3.4384308,3.04039
NOPHAD,3.1597862,2.9358513
SIQHUV,4.356815,3.1034703
XAWZEA,2.6678042,2.6701088
ZIQCUX,2.4865766,2.4507947
CUFFEO,2.9244077,2.851615
ZEWSIG,2.9238634,2.1841483
UBUXAQ,3.5788414,3.1594512
RARFUM,3.472717,2.690676
OLAMOE,3.4787035,2.9774878
BEDMAZ,3.5377524,2.470203
WUQQAA,4.363074,3.0540986
MITVUG,2.5872586,2.6374354
DOFDUX,3.8076892,3.133978
YEDMEB,4.1170826,2.8488152
MIBTIA,4.141029,3.2111697
RIZJAN,1.9973158,2.8750448
QELWEJ,3.7728586,3.0345056
VAXXOI,3.42673,2.6088192
PIBDEK,3.7791173,3.1855683
OLUZOK,2.9997833,2.787982
FEQJIV,3.5355754,3.0542629
WATVAO,3.3845522,2.7728143
YIVYIM,3.104547,2.4003615
WUNSIH,4.222935,3.2964976
WATSUH,4.4926,3.1937346
FUQZAT,5.308125,3.5103798
JAKSUK,3.5265956,2.906585
TEDJOC,2.6604571,2.5991077
JAVDEQ,3.157065,2.2458394
SOQREX,2.917877,2.394102
LUGBAQ,2.8351543,2.7300906
EKADEZ,3.0272667,3.0017252
WORBEK,3.2384272,2.9222755
PUTCUD,3.101554,2.3980117
XECTEE,2.8686244,2.8355281
GIZQOX,3.1820996,2.7888544
BIQTOM,3.228903,2.6891224
WIFWAL,3.916807,2.748484
LEXMIL,4.5121922,3.1026933
ACOMOV,4.354638,3.5018835
POVQAT,3.69966,2.7267787
FEQJOB,3.6006107,3.0745523
FEKZUQ,2.9869938,2.960243
EROFIA,3.8632004,2.8071995
YIMJEJ,4.09096,3.0680585
NEGWAZ,3.5622425,2.4678955
QAFFIO,2.6427698,2.5704482
WUHRIB,3.7059188,3.2095973
EMUZOB,3.0729818,2.8529375
BIJMAJ,3.0980163,2.7086267
SIBMAS,3.8724523,3.2539654
DOZTOD,2.8637264,2.8670154
ABEGAP,2.2473884,2.1721244
UCITUW,4.129056,2.8786407
WAHYIN,4.013407,3.464704
AXEVII,3.1744804,2.6123197
JIWHIG,3.5935357,2.7586331
ABESUV,2.7703912,2.6131918
YAMCEV,2.958422,2.813683
VAPGAU,3.8610237,2.9948921
UBOHIC,4.21586,2.682871
WUHKIU,5.668132,3.0811915
SODMAB,3.9464674,3.193982
NADPAM,2.557326,2.8205545
XIWGAM,3.001416,2.7588074
FUNSUD,3.3211496,2.9093697
NIWCAA,2.662362,2.2775123
WUWHOL,2.5834491,2.8736105
GIBKUZ,1.9377228,2.816946
GOCJOA,3.3826475,2.949753
SAPFOG,3.391627,2.7959847
NAGLUC,2.8683522,2.8984666
EHEQAL,3.6098626,2.8469357
FECGAW,4.231915,3.140917
TEVDAB,2.4337864,2.3300197
XUWSAL,2.7633162,2.8887415
LIBREU,3.7276878,2.76241
BEDMIH,3.6166654,2.7453258
AGIVOC,3.3423746,2.7640636
EZIWEQ,3.4765267,3.1442857
WABBUX,2.7420914,2.2969024
XIDKIE,3.4041445,2.8779511
NEVDEX,3.4063213,2.839888
BEHWAM,3.1540718,2.680255
KITTIQ,5.002541,3.3478413
CIHGEH,2.157863,2.2866957
BEKFAY,3.3970695,2.755051
KUPQAP,3.429451,2.8451452
FINNAR,2.64794,2.6036668
WEFQUT,3.6240125,2.990123
SEFZOT,3.9949036,2.9454978
IZUDUD,2.8019564,2.7548938
NACCOJ,4.2618475,3.1069784
TEYXIE,3.5162554,3.1647058
CAJPUY,3.7867365,2.711077
YAMKIJ,2.7676702,2.68085
POCQIH,2.7371933,2.4087763
PIYLIT,4.0789866,3.1183465
CUCBUZ,3.8934052,3.1170702
LEXKAA,2.6928387,2.7885404
ZAFWOS,3.4038723,3.0870721
USEHIK,3.7750356,3.155616
DOBWEX,2.5657616,2.4556696
CUCCAG,3.893133,3.0847929
WAYNOC,3.689592,2.7455986
GUVYAX,2.9235914,2.750399
DOHYOQ,2.678961,2.4551444
BUBMER,4.08198,3.1742182
SUNSEB,3.3957088,2.6758235
ZECVEI,3.7766683,2.8883717
ATUROX,2.8922982,2.7134147
ADANOJ,3.6642852,2.6568623
NAHSIA,2.530931,2.9482799
TOMKAH,4.3916454,2.5864966
YIHYUJ,3.5978894,2.8593287
OBUXIT,2.6441305,2.7510226
VARQAG,1.5755392,2.5963168
QABNEO,2.6231775,2.926184
GAMYAX,3.4754384,2.9804938
TEFQUT,3.7551713,2.8997977
SEQXER,3.137745,2.5031319
BIJMEN,3.025906,2.6727607
GAFZOE,2.822637,2.7204475
POFXEP,3.7576203,2.9104364
NACHOP,3.659387,2.7319145
JALWOJ,2.9546123,2.264443
MOHKIF,3.0963836,2.765209
KILLAS,3.7309532,3.1249745
SIXPAQ,3.8675544,3.2816322
PADFIK,3.1848207,2.7019897
BOLNUN,3.8259208,3.1524303
LILDAM,2.676512,2.927452
XEKYAN,2.4359634,2.9345822
BIGLEI,3.794628,2.9174519
SOWMUN,3.4585671,2.5527585
JOPMOQ,3.7154427,2.8119316
OKUDUV,3.9793932,2.9085677
QEVNUB,3.2242773,3.0197878
QIGYIQ,2.9080808,2.7343752
VOLGUB,4.0645647,3.1067417
NISDUP,1.1186601,0.72749734
BOXKIJ,3.1655006,2.6332557
VILNIP,3.555984,2.9048347
CEXGUI,3.2408762,2.6115394
ROSBOQ,3.1701264,2.8891861
YAQCOI,2.1801763,2.685087
BAJHAW,4.000074,2.681961
XEXPUM,3.3608782,2.7451997
FOJLOG,4.189465,3.0381236
ITISEJ,3.7342186,3.0589411
TEDYOR,4.304025,3.0142548
IDOZAE,3.0261784,2.88783
PURROJ,3.415301,2.82775
GUMDOI,4.1663356,3.043865
ICEJEF,3.6389787,2.7716043
DOXRAJ,2.303716,2.444196
ABEFUI,3.372035,2.6521528
MAHWOJ,3.0365186,2.7282398
SIGDUH,2.8520255,2.221111
MOWGUA,2.2506537,2.2361913
JAYCUI,3.3782935,3.0379171
TEJPEG,2.6544707,2.1842256
NONNEL,3.094751,2.9412513
FOKJEV,3.0928462,2.2883701
NIZMIT,3.9962642,2.8966465
RUPNUM,3.5796578,2.6449227
XULTUU,2.4599092,2.722004
SOQRAT,2.9464488,2.4045308
ECUPIB,4.141845,3.2566392
ABETIK,2.7782826,2.8169572
NONVUH,4.318175,3.1962018
PETGEC,2.4250786,2.3994603
EDIZOH,2.822909,2.5822651
OCIYAD,4.325522,2.8370986
WIVBUY,3.128765,2.721498
POJPUZ,3.1431873,2.821284
NIHCUD,2.6495726,2.4564722
SIMTOX,2.4454873,2.221735
NAYHOL,3.9149022,3.1701236
ZOJCIK,3.6768024,3.1293967
SATKEF,2.7230434,2.7230856
MAGLEM,2.7165127,2.6334014
QACKIP,3.6963947,2.9385564
JALWID,3.5434668,2.4902632
TOKPEO,3.8844254,2.9054894
ZEWSAV,3.6740813,3.084108
WUBTIW,3.0191033,2.3336778
ETOYUJ,3.5410178,2.9497786
BAXQEX,3.5361197,2.9046702
BIQTEC,4.985126,3.0247066
FOYZAW,3.0972,2.664106
MIBTUM,3.474894,2.9678106
EYUSEW,3.1867254,2.8917766
KIPLIE,4.031367,3.1199183
DAQFIL,3.1388333,3.1859326
GAWQEA,3.3260477,2.6036208
NETYUG,3.4612882,3.0283046
UKEZUF,3.4792478,2.9770136
YUTJUS,3.3965251,3.0048866
OSUCIP,3.3829195,2.8321018
TUDQIT,3.0416887,2.5495605
DECJEA,3.3426466,2.9254115
WIVCAF,3.1328468,2.6454127
QENYUE,2.9695785,2.8186853
PUHWUK,3.2280867,2.893984
POCQON,1.1842395,2.2258806
YODBEZ,4.5195394,3.268878
FOYYID,3.310265,2.8478115
FETPAY,2.936653,2.4389198
GOTJII,3.450676,3.1918087
ZEQBOM,3.3015575,2.8390205
ROJGAY,2.7227714,2.817828
YAQRUD,3.3034623,2.864571
BINHIQ,4.5614448,3.5377939
HISWIP,2.9674017,2.461553
AJIJUY,2.913251,2.6022422
IKOPOO,4.4711027,3.0210762
PIYSEV,2.6430418,2.6887894
URUMOL,3.206862,2.7465694
TEPXAP,3.1170642,2.3941574
ICURED,2.8544743,2.6678712
OJAFOU,3.0264504,2.7199025
CAMKAD,3.8335402,3.2068226
UHEHUK,3.699388,3.0861475
ILONON,2.7513433,2.7460544
UKEHUO,3.0337975,2.3956897
CEQNOD,2.1929655,2.1600084
VAXXUO,3.4612882,2.5701473
EGIBEB,3.7344906,3.1571774
VIPBUS,4.3851147,3.1357331
METTUA,4.416408,3.0970552
AXOVIS,3.3222382,2.9085112
QAPHAQ,2.8686244,2.81734
WOMRAS,2.9840007,2.8415513
JOPQAG,3.6449652,2.757084
SOXPIF,3.120874,2.5929158
XIPMOA,2.927673,2.6183088
BOCFUU,4.0566735,3.1451585
PORMAK,1.5352664,2.656549
GOPPEG,3.1317585,3.2541084
HUNDUP,2.9293058,2.3871605
SAVJIK,1.9654784,2.3263328
YUPVIO,2.4612699,2.267671
ZIGYEV,3.0294437,2.6578412
ZINZEB,1.9676553,2.6928523
KUDGEV,3.1791062,2.9257224
DEFHIG,3.3684976,2.8612943
FICCOK,2.1407197,2.9672658
HAJMIP,3.5037382,2.7682853
LISGUP,3.637074,2.2427094
XOQWOP,3.510813,2.9962928
DISQUR,3.6134,3.0373833
YABSUP,2.5407271,1.5655998
ZUXPAJ,3.5238745,2.7624543
AXIJEW,2.937197,3.088613
TOTBIN,3.7818384,3.196292
QENHUN,2.8781483,2.5499334
QANWAF,3.1943445,2.4275315
KOWMIS,2.5004542,3.0219362
PETXIV,2.985089,2.4462123
SACZIH,2.4261672,2.7754326
SASXEP,3.1124384,2.6038482
EPICIQ,3.4166617,2.7908592
HIJFUD,2.4122894,2.6530445
FEPFOW,3.625373,2.7095275
JITSAG,3.312714,2.9880025
QIDYEH,4.224568,3.0264714
RUJYEA,2.8623657,2.3794243
NOPXAS,2.8490322,2.4259086
ZEQBAY,3.5747597,3.001962
VILNEL,3.6139443,3.0268223
AGIJEF,2.8512092,2.8765185
SOPTUO,2.9916198,2.7543068
TISWIE,2.9782863,2.9390502
SUNROK,2.401677,2.752027
ALEMOT,4.0376253,2.6962934
SEYWIE,3.147269,2.8642454
GOCJAM,3.1445477,2.8743873
TIRFUV,3.8185737,3.0631557
BUCMAN,4.2240233,2.8384392
QEBSUL,3.5162554,3.1389537
QENYOY,2.9842727,2.7643812
TERHOO,3.3143468,2.5368
COTQIL,1.9896966,2.116065
ZALYUG,3.6068692,3.129963
XIBQAA,3.364416,2.651893
GANCUW,4.681719,3.4018874
BUPBEU,3.7124493,2.4179528
ULOCIH,2.2876613,2.2576632
TIYYUV,2.939102,2.7626884
XIQSEW,2.636239,2.2948055
FOJHOC,3.3584292,2.790927
CUSQAI,3.085771,2.6021118
VATWIX,3.250672,2.5340145
DIJQIY,3.152167,2.5991392
OLUZIE,3.0460427,2.8375638
RIQBOJ,3.9731345,3.235049
RUYROS,5.140503,3.3904145
WALFUN,3.8776226,3.1022458
HUNMIM,3.1268604,2.5817146
YANSUC,3.699388,3.1691115
MELFUH,3.1339355,2.796057
YAYYEC,3.022913,2.7752151
XIWHAN,2.9244077,2.7344584
NOPGEG,2.7611394,2.6780767
JAQTAW,4.031911,2.8792841
JURPUH,3.5529907,2.9627903
WICTOR,4.1644306,3.2676075
WEQLEJ,4.3282433,2.5788429
LIPBAN,3.4754384,2.670224
KAXBAM,3.649319,3.1226265
NETYOA,3.556256,2.9363227
SOWMIB,3.0163822,2.496309
LOHKUO,4.99465,2.9613008
CAJHEA,3.821839,3.1552305
FEZWAI,3.9851074,3.1744072
MOFMIE,3.5840118,2.6018925
UHEJOG,3.642244,3.0582788
UDARIC,2.7499826,2.604408
FACFEW,3.7861922,3.1692002
KIHRAU,4.4716473,2.879302
YIVWUV,3.9064667,2.9794323
XEQROC,3.6123116,3.1030412
SAVJOQ,0.81797427,1.9185303
AKIHIL,3.899936,3.2243993
MOJHEZ,4.168784,3.1282597
LIRDUL,3.302646,2.3384957
TUNNAR,4.0561295,2.7426326
SISQIU,3.5932636,2.682938
PODTIN,3.6642852,2.4197633
XOFKIM,2.411473,2.0869277
UZIREC,4.3984485,3.2120495
TOWMUN,4.014768,2.9778016
MIVHIJ,3.883337,3.2242448
LIHGOY,1.9398997,2.1671212
IKOKAV,4.1315045,3.2305243
EZIWIU,3.7883692,3.1235025
ETOMAD,3.3222382,2.8508856
UTABEY,4.1437497,2.7156987
AFIHEC,3.7848318,2.968687
COQTEH,3.1440036,2.9263937
TUNMUK,4.1848392,2.5524027
GOGSOK,3.9301405,2.736075
FEQCAI,3.266999,2.7148974
PUZFAR,3.6931293,3.191753
PETFOL,2.9282172,2.1408262
VASJEE,2.1535091,2.9663115
PONDIF,4.533145,3.1332994
ARUBAS,4.548383,2.7114882
KONREK,3.1173365,2.8149815
MITTOY,3.085499,2.8551812
YIMQAM,3.4378865,3.009665
XEKKON,3.582379,2.8015015
QOXPAU,3.2699924,2.8109322
SACYUS,3.2675433,2.881117
HIZZAS,3.5162554,2.1479836
TUMVIH,3.066179,2.71054
FIHWOI,3.8920445,3.1748435
COQKID,3.2615569,2.6321313
HUCPEB,4.387836,3.3126762
DUHBIR,5.033562,3.2071464
OSIHOO,2.0988142,2.2452521
BOXBOG,3.1298537,2.6575668
APOSIJ,4.146471,3.0665138
TOJMOV,2.915156,2.7379684
GAFZUK,3.0357022,2.8830974
PAJCAE,4.013952,2.787333
LAMXIG,3.231352,2.777969
ODEXEA,3.6316316,2.9494257
XACHIV,3.0561109,2.8168144
MESNAC,3.2653663,2.9349349
ODUFUO,2.8778763,2.799596
GAVSUT,3.0718935,2.6787293
QIGYEM,2.6329737,2.7507312
AHIVET,3.2623732,2.803052
XEWLUH,3.9810257,2.6632838
IDAVEO,3.6210191,2.9236462
DURPAH,2.339635,0.8961004
OTUNIB,2.673791,2.3016012
NAHSOG,2.7045398,2.970475
GUZPIC,1.5447904,2.3857906
FERMUM,2.8792367,2.5632656
VEZQEW,3.661564,3.1252701
ODUGEZ,2.917877,2.7406986
FUNSIR,3.3069997,3.1098394
FUNSOX,3.3249593,2.9050498
DAWMIX,3.410403,2.8855252
AGUZEI,4.337767,2.9474266
BEZNAW,4.161165,3.2106445
EKEVEX,4.0917764,2.9183116
RARQAC,3.252577,2.8174195
RIXBIJ,4.7832174,2.9961815
HOKROO,4.805531,2.9832895
AQICIN,2.368479,2.2833562
LOMWER,3.2471347,2.5282483
EFIPUE,2.2133741,2.856376
MIZVUM,2.2691574,2.7896469
VESNEM,3.6773467,2.8266752
XIXDOZ,3.653945,3.3060446
XOVDAN,4.903764,3.191112
VUCMOW,3.6408834,3.1325202
LIRBUJ,2.7026348,2.676044
ESITIJ,3.8797994,3.2186325
UVIXII,2.8000517,2.1092246
TUMVON,3.0868597,2.7700732
SAMZEL,2.8269908,2.768965
RAKMOH,3.4814248,2.5416646
XIFQAE,3.4387028,2.6243045
YEFJEY,3.1380172,2.7558599
ICAJUS,3.2193792,2.7693834
PUNFOT,2.5195022,2.3960605
LAJTAS,3.7461915,3.3389206
GOGPUN,2.7478058,2.5666962
NARDAM,4.007421,3.0854824
VAPGIC,3.3616946,2.588612
XIQROF,0.7679053,1.9386141
SENQEH,3.9916382,3.1762934
RIDZIN,3.599522,3.1580038
BEDMED,2.7965143,2.4625525
LOCWIJ,3.6901362,2.8397944
MUJPAI,3.8460574,2.814908
FODTIC,3.488772,2.8169596
ORIXET,2.390248,3.2542224
XUKVAA,4.074633,3.2715616
REHSON,4.344842,3.0317426
BAKJEC,3.5570724,3.0046237
WUNSED,4.611786,3.5002031
WIHVEQ,3.9687808,3.414905
BOXQEL,2.9693065,2.727639
POVLOC,2.7924325,2.7178319
WAYMIV,2.6947436,2.9260914
SEYCUW,4.0898714,3.0325727
HUYNOE,3.314891,2.8778093
UXIXOQ,3.49367,2.9964325
CUYFUX,3.7249668,3.2807033
LANHUD,2.8841348,3.214345
CEFSIP,3.494214,2.6856852
HUNLUX,3.5061872,2.4834263
YEKSOW,4.483076,3.1157286
RIQHUW,2.9478095,2.7193344
SACZAZ,2.918149,2.880462
HELSEW,2.1399033,2.261484
JOFJEV,3.9274194,2.8525023
RATXIT,3.2531211,2.7017045
LEJHOA,3.2680874,3.021447
FOKQUS,2.7940652,2.7638426
DOYQIS,4.0308228,2.9943244
NONVOB,3.7320416,2.990881
BARVOI,2.2770488,2.239173
PAGBAB,2.330111,2.692054
ETOLIK,3.2182906,2.8505123
QAXDAU,3.957624,2.7312415
RAMVOS,3.6174817,3.0694518
DOZTET,2.8830464,2.8097703
PEBHUA,2.887128,2.5642684
POBYUA,3.6498632,2.9842741
ZEJZOF,4.592466,2.8118062
EGUMOJ,3.9638827,2.9914644
BIJVAS,2.8101199,3.1507788
FODQUK,2.839236,2.7432966
CAKBOG,3.8172133,2.8009393
QANWUZ,3.14999,2.3723042
WAQMAC,4.0378976,2.7259605
XACFUF,2.8003237,2.679381
DOGGEM,2.867808,2.4434867
TUDQAL,3.0498521,2.455934
UVEZEC,2.8063102,2.020456
MUVRAY,2.5771904,1.9365051
FOCBAA,2.7246761,2.849627
BEDWUD,2.2280684,2.6715693
ERULUZ,3.3401976,2.8287368
MOPVEU,2.6139257,2.9601681
PANJOD,3.1363845,2.7671938
NOMLOR,3.4493153,2.3177648
MEFWEC,3.3252313,2.0660062
HISWOV,2.901278,2.473552
ZIHYAQ,3.6577544,3.0983336
EKUHOH,3.2438693,3.0018032
FONPOO,3.1159759,2.757539
MEQZEO,4.1048374,3.134066
ODIPIB,3.5543513,3.0874207
NORNEN,3.6702719,3.081193
XUWSEP,3.794628,2.90046
IFEDIG,2.7475336,2.603594
SIXQAR,3.3538034,3.1452875
WUWHEB,3.9162626,3.0504706
EWAQOI,3.391627,3.0042896
LILDEQ,2.7320232,2.8061726
RIHJIE,2.901006,2.723149
FECFUP,3.8321795,2.9495385
TOKGIM,2.25147,2.2101736
VASMOR,3.505643,3.1636946
BONREB,2.4019492,2.0493815
EBUFOX,3.6814284,2.9594557
DAWJIV,2.7948816,2.0786989
CELGOS,1.6653368,3.020302
ZEJZIZ,5.099958,3.5907745
BIJMUD,3.2210119,2.7762442
YEDNEC,3.474894,2.8259525
XENXIX,3.7238781,2.697956
WACREA,3.099377,2.8825412
GEHYOH,2.8155622,2.8269582
JAMKIU,2.7709355,2.5378752
GANMEQ,2.9401903,2.762149
RIFPAX,3.510813,2.8132257
ERUMEK,3.0316205,2.7264082
FIFPEP,4.5056615,3.2127614
YILZAU,3.5391128,2.4895914
EREGAK,3.8961263,2.6964858
FIPTED,4.2746367,2.8629441
AHABAN,4.6555963,2.8921409
KIMZOV,3.1491737,2.905126
IZIWAP,2.998967,2.7349997
GAXSIH,2.9083529,2.8945143
BAWMIX,2.0533712,2.868085
UFOSAK,3.7581646,2.8534968
VILNAH,3.006314,2.9917138
UQUJAS,3.5959847,3.0370576
ICITAQ,3.247951,2.8079302
BAWMOD,2.4588208,2.591763
HEFRUH,4.0452447,3.4381275
BEMMOW,2.9878101,2.757507
ARIGIT,4.467021,2.8316371
MOMQAG,3.5733993,2.9473493
PUCMOP,4.4613066,3.1104958
ORIXAP,2.7189617,3.0673473
SACZON,2.3507917,2.8685925
LILCIT,2.3703837,2.5175219
OCUXUG,3.4680912,2.7947223
ASATAQ,1.431591,1.6925151
CEPSAR,2.7573297,2.5717235
DOZTIX,2.9382856,2.8367162
XOPBIN,2.9399183,2.7152455
FICVOD,0.5338874,1.6897936
ZEDXEL,2.5886192,2.799678
MOYPIZ,3.4833295,3.1325336
YANSOW,3.7037418,3.1608179
VUYJOQ,3.0721655,2.8943384
BIHDUS,3.224005,2.371057
OQEHOI,3.0912135,2.8688548
WUBKIP,0.28708014,2.546539
DONBIS,2.253647,2.6804583
VIQGEJ,4.0351763,2.9187987
SIMTIR,2.758146,2.7105284
NOYMIX,1.2345806,1.0537138
IQIWEK,1.7164942,2.2789373
UWUCAS,2.9668574,3.1402822
WIKCAW,3.1374729,2.5482824
JURSOE,3.0972,2.8825145
EDIGIH,2.249021,2.9566586
TAMLEY,3.9255147,2.8715043
ECOPET,3.6177537,2.530149
LAHVOG,3.3791099,2.3853383
XOLYED,3.08305,2.9322796
POFGIC,3.6621084,2.5738611
SACYOM,2.2816746,2.8638635
HEFKUZ,3.3208776,2.9585173
LASYAF,2.7559693,2.0351589
GAQWUR,3.36496,2.8117096
WICRUV,3.6071413,2.748407
FETPEC,2.506713,2.3692126
WODNAG,3.0215523,2.2494028
HATDEN,3.9568076,2.765675
ASOFOE,2.9336596,2.6881998
FORFAV,4.736958,3.0781982
YOYZOC,3.1328468,2.8997056
QIZPEU,2.6784167,2.576287
EKEVUN,4.158444,3.009821
WENZOG,2.8901212,2.783407
SAPPUU,3.816125,3.159439
ZITSIE,3.7826548,3.1435118
DAMCAV,3.651768,2.640064
XIQKOY,2.5244002,2.7919679
GIQGAO,2.7850854,2.639039
WENZIA,3.1494458,2.723801
SULGUB,3.8183017,2.8798413
MIKVOS,4.306202,2.7077923
HACLED,3.0784242,2.8283606
POFZOA,3.5616984,2.7981057
SOWCOX,3.408226,2.7693763
LODWIN,2.8588283,2.6540108
SIMDIE,2.7755613,2.76499
EROGAT,3.699932,2.8380904
TEBQUM,4.1086473,2.9285343
PUHMIO,3.5244188,2.568927
GUZMOF,3.7418377,2.5466442
IVEPEG,2.389704,1.9551871
YEVSOK,3.675986,2.731226
GAZQIK,3.7475522,2.6103039
NAWKUU,3.6811564,2.5693927
WENZUM,2.4199085,2.8065646
JAQSOJ,4.2860656,2.8750877
QAGDAF,3.1684937,2.7427828
HATGIS,2.8471274,2.4959002
IYIREN,2.922503,2.8050923
HOHYOS,3.6849658,2.9965136
FATBAD,3.2169302,2.6221213
XEJNAB,4.3810334,3.3409648
YIXCUD,3.8754456,2.8740025
TADYUS,3.2011476,2.5307539
MAJVUR,3.9129972,2.9705672
GATPEX,3.6953063,3.081243
NEVKII,4.8545113,3.3471155
WOXWUB,3.5573444,2.8526423
TAJNEY,3.59925,3.1850667
LUCDEU,2.2911987,1.7571648
FOYZEA,3.484418,2.8706803
XEVZOP,3.1600583,2.3957565
JAPVEC,3.945923,2.8891506
IJAXIB,3.4667306,2.7717793
LIPBER,5.2754717,2.934121
BUNFEW,2.7469895,2.7815788
WODNEK,2.8348823,2.282065
ABIGIC,3.2735298,3.1299996
IPOROV,3.6991158,2.7565157
BUPBIY,4.0759935,2.7305448
EBUFIR,3.7372117,2.874618
VITQUK,2.9548845,2.7945724
DASDOS,3.7040138,2.8085694
JILLUO,3.8087778,2.7492807
EKUVIR,3.3924434,2.3636765
WURSIL,3.7660558,2.776605
KEDMEL,2.9597826,2.8406656
RURGEQ,2.1165016,2.5815058
MAZNAD,3.3842802,2.9351385
ZEWGOZ,3.0759752,2.6929696
FOSLII,3.123867,3.029285
NEFQIB,3.7657838,2.3216748
MOWGIO,3.0463147,2.4448726
SIHMAZ,2.7333837,2.2384408
BAYSIE,3.613128,2.5494037
PAJKAO,3.1932561,2.6970701
NEXTEP,2.9072645,3.1584597
SADTUN,3.08305,2.5438101
UCETOM,3.139922,2.7469184
WOKBUT,3.0174706,2.6538649
YEKZEU,3.1850927,2.595298
NEGPEV,3.2063177,2.829405
DIVZAK,2.941823,2.454243
YOBXUI,2.0922835,2.0294943
CAJZOD,3.491221,2.6012907
XACHER,2.861005,2.3180463
METVEM,3.362239,2.7792273
GUVWOJ,3.8501391,2.9839063
JIKRIE,4.6063433,3.1380472
IYUMIZ,1.9020759,2.6736495
BUBTUO,3.2373385,2.20459
EYUSOG,3.8030634,3.0004876
KUPJOW,3.907283,3.2101912
BERVEA,4.528247,2.9051101
VOLJUB,2.4963725,2.7407064
ENATET,2.875155,2.19964
OCOLUO,2.169836,2.2815309
ODOBAM,1.9564986,2.6550248
RIKCUJ,3.4237366,2.7399802
DIJQUK,2.5132437,2.6352067
NAZCUM,2.944816,2.9734182
DUHWAG,3.4280903,2.7445843
MAVJIC,3.6229239,2.4160073
ICEXUJ,3.2016916,2.7970443
WIJTEP,3.9056504,2.8139238
IMELIW,2.9165163,3.0321896
HOLMOM,2.8114805,2.4912655
PIPPIQ,2.9600546,2.7219708
QEYJAF,4.5940986,2.8698018
KAYBER,2.8931146,2.9217048
OJETON,2.8601887,2.384807
FOPDAR,1.7004396,2.7857366
FANSAO,5.6158857,3.7090297
QUFSOA,2.822365,2.0668201
NIHHAP,2.898557,2.713678
CUKNOL,2.984817,1.7000654
LAXDIX,2.2457557,1.603719
KUSNAP,3.8289142,3.443042
NILSIK,4.2906914,3.7004623
VOLHIQ,3.424281,2.863262
VAFNUL,3.3587015,2.8480241
ADOXUN,3.5010169,2.9352217
QIFHEU,3.41258,2.7168138
KOKFAS,3.8700035,3.252208
LIXMAG,2.743452,2.3407855
HOPWOA,3.1551602,2.2488878
MIBDUZ,2.7273972,2.2277107
KEHLEO,3.8553092,3.0164123
YEZMIB,2.7521596,2.3307803
ASASUJ,2.8294399,2.999006
UCIVAE,4.1897373,2.9892073
KOHTAC,3.7461915,3.0422645
BINJAK,3.2558424,2.8804433
SECKUG,3.3791099,2.836009
ELEJEK,3.3010132,2.503246
DUJJEZ,3.4117637,2.7876227
TAFCIM,3.3298573,2.40071
MOCHUH,4.0324554,2.9165447
JIZQEP,2.9478095,2.6658618
UFOYUL,2.9268568,2.664894
XACGUG,2.3347368,2.2022924
ISUYOK,3.3799262,3.1541154
RIJNOQ,5.1486664,2.5817657
YEMZUM,4.2096014,3.0579638
LIYWOF,3.3742118,2.902442
CAKBIA,3.713538,2.7682016
LUZDAL,3.8735409,3.002563
WENZEW,2.2022176,2.7889483
GUVXUQ,3.106996,2.907172
WIVSUP,4.2338195,3.2461007
COTQOR,1.6789426,2.0797362
OMOFAX,3.2993805,2.2960756
CUJQON,3.740205,3.2379732
QOJKOR,3.596801,2.926971
LIPBIV,4.1930027,3.068524
AWEXIJ,3.99572,2.6395006
GUKCEV,4.493144,3.266359
HACLON,2.9388297,2.4890032
GUVXAW,3.3584292,2.8773766
LEJJES,3.0139332,2.891539
GOCPOF,2.2522864,1.7834551
CAXYEG,3.0844107,2.6599352
QAHJAK,3.0008717,2.8106296
GUVYEB,2.9303942,2.7895498
PAQBOZ,3.6710882,2.8136501
LULCAW,3.2991085,2.4321012
WALFIB,4.216132,3.0327754
DOXQOW,3.319517,2.6035771
AXEVEE,3.209311,2.6428804
FAFWUE,4.772877,3.5133936
BIQTIG,3.5641475,2.5577624
HEQNIA,3.0139332,2.882805
NEFMIU,3.6713603,2.9301965
SIPKAE,3.5502696,3.1915414
GAHCOH,3.247951,3.1209567
GOHWOQ,2.896652,2.8519766
WOFXOF,3.9274194,2.808249
MOGPOO,2.332288,2.4647422
FIFQOB,2.3154168,2.045614
QAPHEU,2.8171947,2.8312035
ADALUM,3.385913,2.9275393
NEDKOW,3.1674054,2.4868262
HUNHUT,3.5342147,2.4977124
FORJED,3.1203296,2.3827486
QORQET,4.0376253,3.0271459
RIRXAR,3.7750356,3.0176425
QEPLUT,3.6025155,2.8589127
QOFTUA,3.2914894,2.751492
CESTAX,2.4588208,1.8429073
LIMBAL,3.0762472,2.5499682
QUTPEA,0.24000442,3.2200158
AKUTIJ,2.0043907,2.4385433
AROZEO,3.0748866,2.9716215
PETVUF,2.0446637,2.6092653
ELEHEI,2.8596447,2.494917
WIKYEV,2.9630477,2.002399
GAMJAG,3.2544818,2.816895
DAKMOR,3.3361158,2.9566054
FEYMUR,3.7314973,3.1853065
GIXSAH,3.6335363,3.165638
LUJGAY,3.8335402,2.8971643
FECGOK,3.3110814,2.920346
UKUMIY,2.0479288,2.4604318
ZUBGAE,4.4874296,3.2140567
RAJVOO,3.6738093,3.1510074
DIJQOE,3.50782,3.0774338
XOFJOR,2.4822226,2.295568
ECUPAT,4.4735518,3.587706
KIJZUB,2.8449504,2.6402123
WUHREX,3.8275535,3.2978766
NOYHAK,3.661292,2.8450754
UWUBIZ,3.1842763,2.9451067
DASTOH,0.45987242,2.70287
GUKRAH,3.9369433,2.51897
XALKEA,3.0835943,2.3646693
YALZOB,3.7442868,3.1771898
JATPAV,4.228105,3.0770917
POVQIB,3.1995149,2.5413935
NEMLEX,3.998169,3.27683
SOWJUK,4.139124,2.4996326
VARJON,3.3138027,2.8335257
IXANIF,3.0362465,2.6858633
KEHLOY,2.8895772,2.6243582
FUDGUH,2.6389601,2.6287265
BINHOW,4.2841606,3.5172338
IJIHOY,3.556256,3.134924
RURWOQ,1.7896929,2.0865574
GUBLIZ,3.6580267,2.620649
PUTDAK,3.2117598,2.7556403
WABROH,3.2101274,2.9124281
REVBUP,3.529589,2.8033679
IPORUB,3.0678117,3.006436
DAPQUG,3.331218,2.4410837
CETCIP,3.7252388,2.8682091
FULYIU,3.3320343,2.8414555
ECIGAZ,3.4708123,3.1068463
XICPUV,3.649319,2.7099204
YAQSOY,4.442803,3.0443192
CUKNIF,3.3377485,2.5936542
BUQXUG,3.1026423,2.8954954
FAKGII,2.7940652,2.7420552
QIGWUA,1.7869717,1.972786
BUBTEY,3.3516264,2.787862
NODLIE,3.0171986,2.8694005
GANPIV,2.858012,2.7920651
REHSUT,4.164703,3.025869
IGOCEM,3.2972038,2.8163342
WAQBIC,3.0152936,2.6722057
TIGXIQ,3.553535,2.7983081
MIWREP,2.7211387,2.2378192
YOZBEV,3.1608746,2.8122754
ZEJQUC,3.9187117,2.9210248
ZOMGUD,2.588075,2.583951
CUCBAF,3.7178917,2.7916749
POBSUU,2.157863,2.5544755
YAPZOE,3.286319,2.727065
OJEVAB,3.7489126,2.6187923
DIHTUK,4.053136,3.0356343
QIVYIE,2.8735223,2.4987626
NIWBON,2.6299806,2.1693234
GIRFES,2.5679386,3.2764268
SOWCIR,2.8471274,2.4635048
AGIJOP,2.8313448,3.01787
FITFOF,4.6161394,3.2206304
VACTEZ,3.001688,2.8224342
TOMJIO,4.164703,2.4771955
NARTUY,4.174771,2.9089544
BAJHIE,4.17722,2.8774347
NEYZIC,3.035158,2.5747683
CAXXEF,3.0454984,2.7583318
IFADUQ,2.953796,2.3218634
RIKCOD,4.299127,2.938453
RECHEO,3.1295815,2.4287095
PUTTEE,3.8825207,2.9307868
FIBYOF,4.16824,2.8796067
BAMQUC,2.9959736,2.643256
RUJXUP,2.8022285,2.4543545
REPWEO,2.913251,2.4461465
QEXHEH,3.6006107,2.8251812
GIWDEV,3.252849,2.8039808
ADIXOA,4.3179026,2.8625405
ODOBOA,3.0874038,2.9336088
MAZKII,3.7320416,2.9404438
QAJGIS,3.6865985,2.5480144
MISPOT,2.824814,2.4630892
PEHRAX,2.2446673,3.01151
QAFDUY,3.5497253,2.2836852
MECJOU,2.9165163,2.7480817
MEGYEE,4.024292,2.7554762
GENTEA,4.1570835,2.9196541
DASDUY,3.711633,2.770402
DAGJIE,3.9832027,2.7058148
NAXQUZ,2.774473,2.2851646
MOZFAI,2.8599167,2.6911638
PIPNUA,2.43297,2.5310953
GOTWOD,4.7228084,3.1041982
MUBSIL,3.8144922,2.9964771
NEJMAQ,2.939102,2.52043
EVUHUZ,3.969597,2.6768587
ZEJLEH,2.769847,2.5145326
MOWSUM,3.3138027,2.7558503
MOQSES,2.5510674,3.019878
OMABAF,3.8123152,3.0173388
SOGDIB,3.333667,2.8625903
WEPFOM,2.9116182,2.7537084
LILTIK,3.087948,2.5600681
BEZMOJ,3.312714,2.5231988
ZUCSIZ,2.249021,3.0634475
OHOBES,3.744831,3.1376579
WUXGAZ,2.8650868,2.6867323
ZEWGAL,3.945651,2.7441356
MUPGEK,3.5929914,2.6413407
YEDNAY,3.802247,2.7586887
NAWROS,3.19761,3.0310087
CAJZET,3.5067313,2.5677595
ULULES,3.699932,3.231282
XERGEG,3.1056354,2.8959234
LUFZUH,2.824814,2.7632055
MAJJAI,3.7728586,3.1494431
GATXIK,2.6626341,2.887974
JALXEA,2.6256266,2.2506566
LOPDUQ,3.3899944,3.0158563
JUXXEF,3.2702644,2.8120089
HONQAD,3.7129936,2.9219434
WOFXAR,3.2106714,2.5617304
IMEWED,4.758727,3.3179107
TIXWEC,3.6819727,3.2103322
TOXHOD,3.764151,2.8408895
CETLUJ,2.4414055,2.551903
WIFVIS,4.0349045,2.843347
YALZIV,3.763879,3.191109
SEYWOK,3.1464527,2.7112362
TAHYOT,3.7347627,2.7049654
EMAGUU,2.5948777,3.0107954
TEPXOD,3.4060493,2.6920416
UCOLUV,4.6618547,3.3285658
OMABIN,3.4904046,2.7670028
ZEWGUF,3.0533895,2.688671
YIDCEU,3.413124,2.624689
YIZJEW,2.9592383,2.8414764
ERUMAG,4.135042,3.2287226
VOLHEM,3.9412973,3.1128817
YECJAR,2.8620937,2.825945
WOKDIJ,3.3595178,2.698249
LUTJEQ,3.773131,2.9608521
GEBNEI,3.9728625,2.9645982
UFECAK,4.2768135,3.1724865
ELAPUD,2.824814,2.2303393
FEMBOP,4.2553167,3.0847547
ULALIC,2.506713,2.7458615
POMDAZ,3.1728477,2.6264036
WOFZIB,3.1565208,2.2067566
KIKBEO,2.8664474,2.6418471
JUGNEE,3.2101274,2.70969
IFEDEC,2.5603194,2.539691
CEQBIJ,2.0729635,2.6564004
POTNEU,2.270246,2.2995825
FEZDUJ,3.2008753,3.0753567
SIGKOK,3.0465868,2.5051658
FOMZEM,2.2947361,1.9430723
XEVDUZ,3.7344906,2.9650025
BOWXIW,2.9807353,2.6979423
AJEBIC,2.4174595,2.5499406
RECHAK,2.8835907,2.4402387
AKOPOG,3.759253,2.765638
JUZPAV,3.1437314,2.7661161
LILTAC,3.0874038,2.8319275
ZIHMEK,2.9918919,2.6852672
YAXKAJ,3.7910903,3.0771747
TERHUU,3.96742,3.1424432
TIGWIP,4.2408943,2.889192
WEQLAF,3.691769,2.778755
FORVOZ,2.8841348,2.2566423
SOYXAF,3.7007484,3.115799
YIMQEQ,3.331762,3.0222404
ERUQOY,3.0131168,2.4867299
HAMSOD,3.16414,2.8658242
LODWOT,3.4501317,3.008896
DASDIM,3.493942,2.6773086
JIHYUU,4.643351,3.0994964
LOCMEV,3.2498558,2.8238566
PAJJUH,2.9222307,2.8396864
RAQXAI,3.8030634,2.7431011
DAMBUO,3.3989742,2.797303
PAXJUT,2.7224991,2.5738497
FORDOH,4.7165494,3.0694556
FUPVUI,4.4749126,2.8574235
ZEJYUK,5.14785,3.6437542
VOSVAA,2.5924287,3.239599
NIMSIN,4.3228006,2.8417249
YASNIP,3.715987,3.147532
DABKAT,2.978014,2.7082207
PIPYAO,3.4033282,2.8681338
FEQLUI,3.6476862,2.8609412
KIWJEH,3.1249557,2.3495812
SAVKIL,2.097998,2.2570257
SASYIU,3.654217,2.8439958
ZIRPUL,2.184258,2.3523402
NATYIR,2.4988215,1.962919
NEJMEU,2.2863007,2.6466703
TATROX,2.4106567,2.473681
BEWNIB,3.7510896,2.7888532
ZOLDAH,2.1918771,2.2022753
UZEQUN,1.9665669,2.1389291
LETYUF,2.893931,2.2582755
YEDNIG,3.620747,2.7794993
EBUGEO,3.7393887,2.9998987
SOJGUU,2.4694333,2.9408274
PEXQUG,2.6351507,2.7346263
GUVKEO,4.3867474,2.3302472
NAHQIW,3.3687696,2.300879
TISWOK,3.4027839,2.9386442
UMEGUP,2.4512017,2.730659
AROHIA,2.141536,2.7034562
XOWFAR,1.9994926,2.8094304
NIMSOT,4.136947,2.8042724
EZIJAY,2.4509296,2.932202
ASEMAM,3.505643,2.975273
NOMKIJ,3.8123152,2.6218796
QIGYAI,2.841957,2.7116776
WOKDEF,4.261575,3.1871073
NETZAN,3.3189728,2.5946836
IGUDET,3.7195244,3.2569242
AKUTOP,2.652294,2.442415
LEJSEZ,3.3684976,2.477762
GOTJOO,3.4158454,2.9641192
NAVZIV,3.672721,2.6824293
IKOKEZ,4.1279674,3.2122557
TEJPAC,3.3592455,2.3630545
SADWUQ,3.6738093,2.9835742
BUBTIC,3.247951,2.3438835
USUPUU,4.0136795,2.847041
COQKOJ,3.1606026,2.8436773
IFEYEY,4.3391275,2.802959
WUGSAT,2.8909376,2.263136
NAVZOB,3.7878249,2.711531
CETDIQ,3.204957,2.5228355
TIRQUG,3.4738057,3.2075882
TCBPZR,3.0433214,1.802756
WELBUL,3.147813,2.7533007
KAFYUL,2.865631,2.6703854
REPDEW,3.0691721,2.8997264
FEQHUF,3.8844254,3.0212162
QAHWIF,4.4384494,3.2337275
PAYLIL,4.034632,3.3644857
ZEYSEB,3.2471347,2.7072568
XOSNEY,3.0871317,2.7132568
DAJPIP,3.740477,2.5270472
SERROW,3.618298,2.673026
BAWMAP,2.6539266,3.0363865
VAKGOD,3.2558424,2.4549456
VEJVOV,3.8520439,2.9263442
EWOBOH,3.0335252,2.5417457
ONAXOR,3.3350275,2.6551974
GANMAM,2.1543255,2.7625508
XEWMOC,5.709221,3.334557
WATTAO,4.7160053,3.1173255
BEMQIT,4.167968,3.0821917
OWEXIZ,3.541834,3.0771365
WAYNIW,3.448227,2.6593428
YEWHAK,3.3138027,2.4984715
VULGIU,3.3494496,2.5861764
FETTAB,3.2591078,2.7831304
NINKAX,3.8174853,3.178451
ZOJROF,2.9565172,2.7257824
SIFTUW,3.9761279,3.4367428
LEGXEA,4.1236134,3.0835817
TILFUS,2.7584183,2.699578
GIXMOP,2.9314826,2.792074
SIXMER,4.538043,3.2136114
TORLAN,2.6082113,2.7958102
PZRMSI,3.7246945,2.8362746
WAHYEJ,4.2215743,3.0066066
YOGMUC,3.6202028,3.0845468
SUMRAU,3.14999,2.7418785
HILPOK,2.406847,2.3871055
DODNOC,3.300469,1.8330867
XIWSEC,3.1788342,2.9900732
NIMTAG,4.332325,2.8371623
JALXIE,2.2329664,2.4412687
REKZAJ,3.725783,3.0392926
DUNPOT,3.1358402,2.7385933
GOKZIR,4.06783,2.7244487
NUWWEH,3.8697312,3.0226116
FAKGAA,3.1649563,2.8618543
FEQJER,3.1864533,2.8482504
XACJET,2.925496,2.3668349
SAVKEH,2.1777272,2.2004845
XUCSET,3.0890365,2.7537458
FOTFAW,3.2008753,3.0651562
PUJBIF,3.1361122,2.858111
DOXREN,2.0694258,2.1887543
XEVMUH,3.9538145,2.9288456
DAKTAL,2.777194,2.2846801
BAJHEA,3.2786999,2.3946486
WABGEM,5.229484,3.6601589
DERLIV,3.0708048,2.65176
IMEWUT,4.375863,3.4061131
UVEXUQ,3.2963874,2.4527822
TIGXOW,3.5769367,2.8860745
TOKFUX,2.872434,2.502409
QEVWOE,3.1254997,2.4178967
YAGNID,4.9837656,3.5831213
MOWSOG,3.7059188,3.1129043
SOQROH,2.5725644,2.3420238
MUDVUC,2.9695785,2.7177815
BAMTIT,2.9377413,2.3308125
XEKYIV,3.1717591,2.85714
NEGVUS,3.554079,2.4976275
MUVWAB,3.9587126,3.1121573
JIXYEV,3.4446893,2.8633246
LAWRIK,3.8297305,2.8941739
BOXQAH,2.8947473,2.8752236
KEMREA,3.69966,3.2075982
ZIMXUO,4.4128704,3.0277827
WIVCEJ,3.1812832,2.7480905
QAHXUS,1.2133557,2.7665102
XELGEA,3.037607,2.5072322
OCEXAV,3.2231886,2.4373586
XOFLUZ,2.4743314,2.337439
WOFCEC,3.2819653,2.8255446
KUQQIX,3.8101382,2.806021
KARQID,3.3842802,3.0245764
NAJSOG,3.742654,2.664429
FIRYEL,3.266727,3.1018586
BOPRAA,3.8917725,2.979511
QIZDUZ,3.2773395,2.7998087
ZEHXEP,3.150262,2.7488525
XIBQEE,3.247951,2.9807127
SUMQEX,3.3676813,2.9980276
WIBHOH,1.1918588,2.099187
XANKAA,2.6781447,2.5956483
IJESUM,3.4019675,2.783179
DETJIY,3.3140748,2.7420576
YEHHID,2.6675322,2.44559
UWUFEZ,3.558433,3.0178938
IMUJEF,3.3777494,2.9901092
HUDTUV,3.4248252,2.934435
XAWSUK,3.1578813,2.4840689
DAMBOI,2.8193717,2.4779193
BIDFEA,2.741547,2.933484
BEDXAK,2.7211387,2.6912296
XOKMEQ,2.6963763,2.305414
CAJTUC,2.7807317,2.6579766
ZUNFAP,4.0259247,2.9197748
EWOFIF,2.8049498,2.8800495
XOTKUN,3.5614262,3.1851096
FIGHOT,4.2509627,3.0415184
YACDIQ,3.1143432,2.8759522
POJPOT,3.6038759,2.7251909
TATBAU,4.8844438,3.0832348
XOLXIG,3.269176,2.964897
NAHSEW,2.5175974,2.980581
ELEHUY,2.8928425,2.4897788
FAGGIG,3.3660486,2.7160807
GIYNEJ,3.8095942,3.0917923
DIZJUR,2.5396388,2.34788
JUYPAU,3.7061908,3.1205034
IGOCAI,3.9198003,2.8803952
YAQSAK,2.9755652,2.856734
FOTFEA,2.9263124,3.0126863
UZIRAY,4.8613143,3.1567135
QEZFOQ,3.4974794,2.8902218
MITVEQ,2.7644048,2.5665004
TIGWEL,4.39219,2.8656511
EMUGAU,3.4563904,2.206339
ZAJMIG,3.895038,3.2582111
GOFPIA,2.9401903,2.2264926
XOWFEV,1.9967716,2.7694044
FICCAW,3.4348934,2.9627876
MEXXAO,3.1415546,2.6182933
DOGSID,2.8068545,2.71062
ACOBIE,3.6384344,3.0651646
POCLAU,2.078678,2.0426197
QEZQOB,3.7529943,3.158293
CUFXAD,2.5181417,2.6780846
ZOMHUG,2.4697053,2.724464
YEQZEZ,3.5889096,2.7333558
ACOBUQ,3.6985717,2.9169059
YOJMIT,3.2302637,2.9266367
FETPIG,2.9494421,2.5021274
KOKDUK,3.1075404,2.8067043
FOZMUE,3.69966,2.932721
DOYQEO,4.1260624,3.14003
DIZJOL,3.640067,2.8819132
ZECVIM,3.8082335,2.812207
MIXRUG,3.1739361,2.7459126
HARREX,3.843336,3.2744384
DEWPUQ,3.9921825,3.2949383
LAKLIT,4.717638,3.0515013
JIKPUO,3.7358513,3.344084
XIYLEY,4.3725977,3.0441062
LISPOS,4.1859274,3.2312174
BAWMET,2.100447,2.9963138
WAYMER,4.09613,2.7676382
ATITEE,3.0052254,2.858124
AJEBAU,2.4754198,2.5951366
CEFQIQ,4.1769476,2.801217
RIDZEJ,2.858556,2.7845685
ZIMYID,2.3641253,2.544514
ZIHLAF,3.7889135,2.7832923
EWAROJ,2.8577397,2.599261
TISHOV,4.1742268,2.9851224
XUNDUF,3.7415657,3.095063
FIBZIA,3.104547,2.6459854
ZAPCAU,3.0620973,2.455432
WOSFOZ,3.300469,2.9010758
MINYOX,3.9249704,3.2565234
NETZER,2.4645352,2.3865197
LIRCIY,2.834066,2.6298387
ZUJLUL,4.1312327,3.2161503
NAHSAS,2.9714835,2.9921827
UKEZOZ,3.5146227,2.9582458
LAHMAK,3.8656495,3.3996415
INDMZR,0.22286126,2.8600402
XARKOR,1.9750024,2.7653122
HEFNUE,3.307272,2.6154468
ZUJXAD,2.6468515,2.893721
CADSEG,5.5328913,2.959929
QUBHEC,2.4892976,3.0216923
JOMNII,2.7184174,3.034443
UQUPIH,2.4985495,2.3089678
YIZCUF,2.6541986,2.949384
VASJII,3.0503964,2.6967137
LAMPEU,3.9891891,3.3296986
WUGSIB,3.1611466,2.8572738
JURRAP,3.4585671,2.9670303
DIHVEW,4.0950418,3.137368
JIFNOE,3.0963836,3.058538
BEJQOY,2.757874,2.387702
JAYLIE,3.2376108,2.8419855
WUBVOE,2.8288958,2.5451214
VEFFES,3.2201955,2.701015
FUJDUJ,3.300197,2.7666078
YOGJUA,3.183188,2.2438323
RENGIB,3.8422477,3.264246
KATDAK,3.531766,2.9200926
TUMVUT,3.0337975,2.8041365
HUDVAD,3.314619,2.9336
BUBMAN,3.587005,3.0614228
WATTUG,3.718436,2.9382849
YAQCIC,2.7459009,2.725589
AHIYEW,3.6857822,3.1628666
NEMLOH,3.9851074,3.0122378
WEQCOK,2.5616798,2.6936648
PEYBOK,2.9725718,2.7910523
HACSUA,3.2354338,2.457301
BOWNOR,2.9625037,2.7886252
SERSEN,3.9323175,2.639046
UMEHOK,3.248223,2.9448054
DIFFAC,3.4449615,2.7061317
VAHPAV,3.5086362,2.8999217
WIKBOJ,2.6729746,2.6290393
KEDMIP,3.2136648,2.7286553
SOWMOH,2.939646,2.5730166
IKOKID,4.1075587,3.0551653
LOFNUQ,4.3481073,3.1858597
YUYDOM,3.2357059,2.85349
JAQSUP,4.419401,2.930541
IPELIY,3.6857822,2.3796866
EMAGII,3.8985753,3.1932104
EDUMAR,4.3078346,3.056697
REKBEQ,3.9132695,2.8588066
NIQWUF,3.3086324,2.7593122
KAGXUM,3.0049534,2.7439694
NAJSIA,3.4370701,2.7759895
RUPNOG,2.3200428,2.5906832
NERTEK,5.238464,3.798544
QOVSAV,2.3918808,2.856987
ZIYCUF,3.3546197,3.1425986
SOXPOL,3.5747597,2.3911757
LOCWEF,3.4550297,2.836635
QIGLEZ,3.1886303,2.968342
SIMJEF,2.736377,2.1546044
DIDHAC,3.7176197,2.9220164
ANAWIW,5.0030856,3.381496
FOZNAL,3.293394,2.8484435
ZUKBIQ,3.5856445,2.5203903
GUDTII,4.1505527,3.2700837
XUCRUI,3.3309457,2.7376862
GINBEN,4.27246,2.8222122
VEZVEB,3.5712223,3.0331507
XIWSIG,3.472717,2.907186
VIQGOT,3.7897298,2.9226222
VIBGIW,3.5529907,2.5148602
JATJIA,3.4969351,2.9901092
ITOGOP,2.0226223,2.2434196
QAMPOM,4.027013,3.0965576
DOBYAV,2.4596372,2.4728148
CIPGAK,3.5431945,2.8514748
NUGLOQ,4.3682437,2.5235918
DIVYUD,2.5418155,2.48129
XOTQIG,3.8030634,2.8400905
HILDEO,0.98995024,1.8626748
GONDES,3.240332,2.7723923
DAGKIF,4.921451,3.0972877
JUCQAZ,3.3271363,2.9116602
RIZJER,1.7954073,2.9550848
FIBZAS,4.0234756,2.9383082
IYIMUZ,3.223733,2.7373962
JOXLUD,3.9347665,3.1509125
POGCIY,2.9401903,2.8922749
HOPNEF,2.5701153,2.3169577
MOFLUP,3.7649674,2.595757
IGOGAO,4.6422625,3.493263
RUKCAB,2.7679422,2.3925893
XUZTUJ,4.133682,3.0044305
SIMJAB,2.695832,2.1598263
ZOSVUB,3.4920373,2.732744
YACDUC,3.3929877,2.7951958
UPOPEW,4.2985826,3.2358096
FAPCIJ,3.0463147,2.546412
NEXTIT,3.5304053,3.1398287
LISHAW,3.5606098,2.3762279
SIMHUT,2.772024,2.273347
SUPNAT,5.0556035,2.8755984
COFMOB,3.4969351,2.8244834
ENUTEO,2.8060381,2.4569166
NAWLOM,2.736105,2.7930105
DUGPIE,3.1747525,2.6524594
ROCNEE,4.5388594,2.8292973
SOFDIA,3.9891891,2.9810178
NEFNER,3.2996528,2.8968778
CEQWEC,3.5837395,2.9399557
TADKIS,3.453125,2.5273573
VIZWEG,2.4577324,2.4105313
FICBUP,3.4046886,3.1135173
FAJMUY,3.3470006,2.8735962
OLUYOJ,3.7276878,2.6262758
CEZLEZ,3.4163895,2.4268215
GUDTEE,2.7137916,2.6885252
EMOLEX,2.915428,2.67217
IMACOO,3.0093071,2.4027357
GIKGUC,2.6294363,2.9813125
TERCID,3.4825132,2.9198961
NAZDIB,3.6863265,2.995588
EWAQIC,4.108919,3.2680948
QIYDAE,1.9415324,2.957969
NIWBUT,2.4982774,2.3077679
UGAZIM,3.1412823,2.7640045
YEZZUA,2.7271252,2.3710172
RITSAR,4.0215707,3.0495322
TUMVED,3.1110778,2.9041085
LASYEJ,2.1638494,1.903259
WOFCIG,3.121418,2.8066666
MOGPUU,2.8805974,2.405521
MUQMIV,3.310265,2.7133336
JUQQAN,4.073272,3.3466747
LAPDAK,2.8073988,2.7338412
DEJHIJ,3.0914855,2.8282673
RANTOP,2.576374,2.7474773
NODZAI,3.2626452,2.8361301
TISWEA,2.8909376,2.74459
WIYJOD,3.6912246,3.2164907
JUGFUO,3.8109546,2.7465513
JOHQOO,2.9554286,2.7641232
MAJXAX,2.817739,2.7954755
NUWDUE,2.9524355,2.7820215
GARVOL,2.574197,2.751504
LENQEC,3.8019748,2.6325908
TIZZUX,1.7986727,2.8018394
WUBKAH,3.3676813,2.5368164
ZAVDUV,3.4008791,2.5705137
YAMKEF,2.9048154,2.6042905
XEPCEA,3.7061908,3.2367082
FEQWIH,2.155686,2.026639
QOSJEN,3.3486333,2.6337073
PAXJON,2.9050877,2.8198369
MIBDIN,2.7897112,2.410874
ATITAA,3.0084908,2.7669752
RETVAN,2.4503853,2.6069503
NINKEB,3.9263308,3.1890347
CCPZRA,2.1287467,3.058014
AZORIQ,2.1540534,1.8459312
LEBYOH,4.9788675,3.316638
PAYLEH,4.2762694,3.4157305
NIYSUK,3.4049609,2.4309783
ZIHKIM,3.8841534,2.7006056
GANCOQ,0.9088603,3.420917
MOWHOV,2.2476604,2.6498764
ASASIX,2.677056,2.5204155
QOJKUX,4.0588503,3.0813396
MELFOB,3.2308078,2.8067863
YIVZAF,2.7181454,2.654208
NARPOL,3.7445588,3.156787
RUDSUF,3.978577,2.8518662
JILLOI,3.8806157,2.9941812
RIRPAK,3.5306773,2.9405537
LIPKIE,3.118425,2.4536028
OHOHUO,3.6259172,2.9099228
CUCCIO,3.6724486,3.068101
NUWWAD,3.4093146,3.1433218
WOFYOG,3.4569345,2.8148253
PUQZIK,3.9132695,2.6613002
CUKNEB,3.691769,2.3542333
EMUZAN,3.1959772,2.7535467
MIPXUF,3.434621,2.8899972
PIVTAQ,3.1137989,2.695296
USEGUV,3.8044238,3.2178843
TOJHUW,3.824016,2.4628544
ILUBOG,4.552465,3.4067001
TEJPIK,2.0803106,1.6401067
HOPMUU,1.5709133,2.686305
DOBWIB,2.7031791,2.418752
PUHYIA,2.9320269,2.607155
HINNIB,2.552156,2.8577218
TEKVAI,2.6688929,2.8798254
JIXYOF,3.3785658,2.5733356
HUNMEI,3.2188349,2.6491005
JOCHUF,3.3557081,2.935965
TISVUP,3.1372008,2.8989546
CIWSEH,4.7402234,2.8204484
WIFVUE,3.5959847,2.8644483
SOTROJ,4.290419,2.7353392
NEXTOZ,3.1010096,2.8404734
RERQOU,3.302374,2.8756943
MEXXES,3.2324405,2.8508277
WIWKUL,2.4936514,2.519317
CEFPUB,4.058306,2.8653142
ASATEU,2.6710696,2.436766
GOHXAD,3.1755688,2.7947452
TEXPIW,3.2152975,2.8007998
HUNLOR,3.1363845,2.76363
FEYNAY,3.372307,3.0179098
QIGZAJ,2.8784204,2.7675288
DIPMAQ,4.7707005,3.6971464
UHEJAS,3.570406,2.994999
MATYEL,4.5018516,3.1291742
GANLUF,3.6210191,2.6842685
CUQPIP,3.244958,2.816978
EXONUB,2.9480815,2.543015
BOPXAI,3.8468738,3.177584
DOZGOP,3.185637,2.6786644
OLANEV,2.8811417,2.3197372
NONMUA,3.9097319,2.8074257
IGITEY,4.036809,3.0435467
ZIHMAG,3.5007448,2.641607
BAZFOA,2.6999137,2.397209
OTIDOL,2.652294,2.866559
UXIXEG,2.5388224,2.8693426
WOSFIT,3.388634,2.8535097
TADLOZ,3.4588394,2.7550685
HUPHOP,3.7913625,3.149286
GIVCEV,3.7200687,3.1153116
FADSUY,2.5377338,2.3149638
SOQRIB,2.9238634,2.39006
GAZPOP,1.931192,2.5697448
DULRIN,3.5671406,2.7481956
LUZDIT,3.8912282,3.1160076
KODQAV,4.224568,2.7984295
BOGBOP,5.686908,4.078249
XOFLOT,1.8223466,1.63868
ZOTFIX,3.2879517,2.9939244
OLAMIY,2.4800458,2.941803
EWAQUO,3.8392544,3.0516381
PIVTIY,2.8346102,2.6338751
MIKPEB,3.0030487,2.8633966
JAJHUX,3.7154427,2.9994757
NEVVUF,3.2128484,2.7151237
MERYAJ,3.004137,2.7843926
VEFGAP,2.896108,2.7642236
YOBTEP,2.9625037,2.8279808
TUMWII,3.3584292,2.8722234
VOLHAI,4.0849733,3.1727529
NIKXEK,4.326066,3.0092015
WOJLEM,3.2196512,2.6406572
CUKPUV,4.0855174,2.943836
NOZHUF,3.1361122,2.5939217
WALMEB,3.826193,2.6925569
UGIFAR,3.7129936,3.1757784
SEYCIK,3.8052402,3.1969225
OFILEV,3.7080956,2.9048967
BEDLUS,3.4901323,2.6349528
EHEPAK,3.5440109,2.8530924
MAQZIO,2.9665854,2.977435
PIBDIO,3.7538106,3.1508114
RUWQIJ,4.185111,3.125214
POPYUO,3.5625148,2.664859
UQUPED,2.7829084,2.3586853
YIDBOD,3.4767988,2.6598642
WIVTEA,3.9891891,2.7716796
NEYXAR,3.494214,2.791161
UVEZIG,3.082778,2.4163117
KACHAZ,3.3426466,3.089023
AZUNUE,2.9951572,2.780862
LALHUC,4.0564013,2.982797
QUHDAZ,2.7826364,1.9137363
GOTWET,3.7048302,2.9087691
ERUQAK,3.653945,2.530819
CEGQUA,2.777194,2.5691864
UMEGOJ,2.4482083,2.8115919
LIRCOE,3.2819653,2.1429505
IREZEK,2.7429078,2.660626
IJOTOQ,3.53231,3.144989
MAHXEA,3.128221,2.9717855
OJETUT,3.8076892,2.593552
GARZIJ,4.136947,3.3346598
TOKHOQ,3.0871317,2.6376088
ZIHLEJ,3.904834,2.9355578
RIYHEM,3.7548993,3.6598036
ZUKBEM,3.8017027,2.7049367
PAYRAJ,2.631069,2.8055973
TUMXEF,2.3695676,2.7419658
ZEMQOX,2.8830464,2.4860249
BIQPUO,1.8933682,2.1360652
YENBID,3.5685012,2.9458609
BIJTUK,2.8914819,3.2085638
KAYBIV,3.4123077,2.858397
FOKRED,2.8811417,2.8001404
POGBET,2.3023553,2.8558056
ZAWYED,2.7203224,2.8100195
XACHUH,2.958422,2.4341228
BEJROZ,2.910802,2.3293705
VUYJUW,4.425932,2.9370263
QENZAL,3.082506,2.7101223
ICEKIK,3.2468626,3.459104
QOLDOL,3.3772051,3.051092
INEPOH,4.007421,2.769206
GOCFOV,3.8487785,2.7948363
MASKOI,2.4906583,2.6473966
XUVJUU,3.6202028,3.253623
TOPVUP,3.7295926,3.1627686
PETWUG,3.6504076,3.0607495
YEDMOL,3.309993,2.7008462
BAMQEM,3.448499,2.7756815
ZACLIY,3.6724486,2.5072827
VEXKOA,3.5268679,2.5343735
SURQAX,2.6620898,2.8578184
DONYEK,2.243851,3.0815978
SAFDIM,3.2055013,2.7914531
WUBTAO,3.2365222,2.7775514
RIQHIK,3.6716323,2.733789
VUGYAY,3.6740813,3.098154
EXABIP,3.0133889,2.070948
MAHXAW,3.4806085,2.9770617
XAWSOE,3.6887755,2.5058684
PADDUU,3.1720314,2.683593
IHOPIF,4.1905537,3.5555947
PETNIL,3.940481,2.805549
LIBRIY,4.062932,2.760768
PUMPIW,4.5326004,3.403612
BARVUO,2.4588208,2.3065228
BEPWUP,4.6180444,2.8996494
TUMWEE,3.255026,2.895948
QOCHAT,3.3222382,2.7070136
GUDQOL,3.2057734,2.7697668
WEYQEX,3.845513,2.890605
OFUWIW,3.45122,2.4315004
POWVEC,2.3883433,2.493275
OCOCEQ,1.7080587,2.0729542
HOHYIM,3.2346175,3.1971707
ULOFAC,3.8098662,3.1277864
SEBGOX,5.4112563,2.6868923
ZIHJUX,3.9230657,2.522077
DASDEI,3.2591078,2.8088691
YEVZII,3.2365222,3.1383295
BEZMID,4.1769476,3.2183836
DAVZIJ,2.7143357,2.6054645
TIGXEM,4.1244297,3.1537457
LAMPIY,4.036809,3.3097746
TEQPAJ,2.086569,2.636062
XOFKEI,2.4550114,2.2218676
JUZJOD,0.61742634,2.5207572
VEHLID,4.124702,3.6631987
YATGAC,3.3271363,2.8489938
ABETOQ,3.085771,2.8029616
OKUFUX,4.242527,2.964396
FOJHES,2.9516191,2.8221693
GOHWIK,2.8060381,2.831745
MATXUA,4.407156,2.8650105
TEPPIQ,3.410403,2.8447845
AXIFOE,2.942367,2.6864316
TIZLEU,2.8122969,2.131182
FIFQER,3.159242,2.284717
ULOFUW,3.5263236,3.0309746
NEBFEH,1.8277888,1.54841
BOPZOX,3.5772088,2.8958335
UFOSEO,3.4904046,2.875399
XUXCIE,2.6495726,2.28384
YIXGAO,3.1752965,2.5712698
WOPWOQ,1.5330895,2.6786993
JAYMAX,3.878983,2.8597858
JOJFEW,2.8517532,2.7219708
NUWWIL,3.8278258,2.8365157
BIFTOA,4.561989,2.8210442
OWEXAR,3.6574824,3.1452055
GINCAK,3.4182944,2.479745
TEYXEA,3.720885,3.1898541
EZIJEC,2.571204,2.8657713
SASSUB,2.595422,2.2178903
POVQUN,3.797077,2.9378622
WUWHUR,3.776124,3.1532054
VATWOD,3.3279526,2.6758835
VIXCOU,3.7358513,3.159041
IYUMAR,3.121418,2.550119
PUMPAO,2.5698433,2.710089
UMOWUO,4.64063,2.6735313
OSIHUU,2.0530992,2.1547625
XOLYAZ,3.596801,2.868351
NEYWOE,3.8694592,3.1256213
DOGDIO,2.5894356,2.7257376
NOFNUR,1.613091,1.1687382
GOHWEG,2.879781,2.8271441
QAFCOP,2.9859054,2.825989
HOPMOO,2.1907887,3.0086315
ROHLUV,2.9818237,2.8164291
TUNNEV,4.1649747,2.7829945
AHIXOF,3.6846938,3.161055
YAPZIY,3.2991085,2.8379602
HOBYEC,3.7238781,2.9669442
WIVTAW,4.398176,3.1571558
NUWWOR,3.5867329,3.015673
YOTGET,3.4000628,2.5726109
FOYYUP,3.450948,2.78444
WOFXEV,2.8615494,2.2490313
XUCQUH,3.51816,2.8997974
UQUPUT,2.6531103,2.6977878
NEGWED,3.1897187,3.108102
PIPNIN,5.1775103,3.399386
UVEXIE,3.2109435,2.1603065
AHIYAS,3.6846938,3.156056
OWEWOE,3.4947584,3.120332
PADFOQ,2.7739286,2.6833334
QOXSOL,3.6465979,3.0373864
KIDGOV,3.434621,2.83505
UFOZEW,4.3470187,2.8724298
BUZREV,2.9695785,2.6654167
TECLEU,3.768777,2.7893202
QUBHOM,2.5039918,3.022099
WOFZOH,2.877332,2.7405503
XESDEE,3.9881008,2.975696
DANXAU,2.814746,2.623487
GANYEZ,3.7587087,3.0892284
YIHYOD,3.5804741,3.0109048
UPOJAL,3.735035,2.5332012
GERSEC,3.6955783,2.7753077
EKIHUB,3.795172,2.8619885
PEHQUQ,2.4155548,3.287333
GUNVIU,3.0950232,2.853979
UDUZOL,3.1314864,2.3327003
RUPNIA,2.3973231,2.6238878
SAYDUS,4.048238,3.0284524
XIYHAO,4.867845,3.3053052
MITVAM,3.4969351,2.6370368
SUSXAH,2.3695676,2.4860582
JAVFES,3.285775,2.778572
WEYQOH,3.7129936,2.859748
DEVFOA,3.2063177,2.8151805
FORVIT,2.3366418,2.38996
PEMREF,4.8765526,2.855242
ABEYIQ,2.915428,2.332091
IMEWIH,4.4822598,3.027533
XAGZEK,2.9687622,2.5557647
ULODUU,3.799798,3.0756285
FIRQUT,3.1899908,3.0872107
QOFTIO,2.9573336,2.7844605
MOCJIX,3.5255072,2.842428
ZOJRIZ,2.8596447,2.073474
TUZMAC,2.6220891,3.0744517
KEHLIS,3.319517,2.6317
XIRMUH,3.7461915,2.9901445
UMEHIE,1.6288736,2.598377
MAVYEO,2.124665,2.0267959
GOTWUJ,4.1402125,2.7337253
ZILWOG,3.0128448,2.6961358
GEZYER,3.4514923,2.7182243
MOWSIA,3.8487785,3.123052
ADOXOH,3.6977553,2.7725627
MOWHIP,3.0201917,2.5378776
FIBZOG,3.6836054,2.8749375
QAQBOZ,3.625373,3.166352
CUCCEK,3.8536766,3.0646667
RURHUH,2.8079429,2.769011
MENCOX,3.0275388,2.5300536
LUFZOB,2.831889,2.7596648
PETNOR,3.8177576,2.8978782
TIGWUB,3.9119089,2.9551096
EMUZER,3.352715,2.8251913
ADOCUT,3.1080844,2.9744673
TIFFIX,2.1344612,2.9004033
NEJMUK,2.3861666,2.529301
HAMSIX,3.305367,2.8259945
VEFGET,2.4680727,2.7745774
LEJJAO,3.2188349,2.9491103
KARPEY,4.0395303,2.965992
DIGZEY,3.0895808,2.739556
YAVFEG,3.8457851,2.7266598
GAZPIJ,2.9818237,2.7850447
HEZHEZ,2.4933794,2.5186207
UMENEF,2.6773283,2.7219055
GOBCUW,3.2898567,2.1930552
XUHCOS,3.3323064,2.715789
SUPNEX,4.5919213,3.2375255
COMYUY,2.569027,2.7052286
TATRIR,2.373377,2.4020343
GIPWOR,3.3954368,2.3541093
VOGHUU,4.162254,2.953943
FEHFON,3.4074097,2.9909773
NIZNEQ,4.774782,2.8487415
XIBQII,3.7690492,3.1951704
NILFOF,3.00196,2.0623863
KIHFAJ,3.2574751,2.594299
RURGOA,3.5758483,3.1730099
JAFKEJ,4.0983067,2.99068
YOYBIX,3.4925814,2.6662421
VUJKAN,2.8068545,2.7588944
ERIBOW,2.6229055,2.4619954
MEGYAA,3.0841386,2.7489843
MOPTOC,3.610679,3.1511211
CPPHZR,2.679505,2.6092138
YUFXAY,4.153002,3.0594397
DIHVAS,3.7837431,3.0351746
TIYGAK,5.8420124,3.6726985
MATXOU,4.4104214,2.8673475
TAJYAF,2.0356839,2.7838051
VIXLOE,2.9937968,2.5960755
QULRIY,2.2340548,2.2743964
TEZDAD,3.415301,2.8485816
ESEXIK,3.4419682,2.590679
MASSEF,3.9891891,3.0631187
ANATOZ,4.4898787,3.2183223
WUBTOC,3.429179,2.4538932
KUMBEB,3.570406,3.066212
TADZUT,3.0155659,2.4554136
VITSAV,3.3929877,3.0262578
PIHFER,4.3870196,3.2897577
YIDBUJ,3.4950304,2.7238026
QOPYID,2.9331152,2.7740219
GERSOM,3.6332643,2.7942255
ZITHOC,3.8041518,2.9825406
HINNOH,2.9374692,3.0201397
LODXAG,2.8171947,2.7760775
XOYNUU,3.9154463,3.2308831
UCOMAC,4.690427,3.2503972
MERXUC,3.570406,2.8685067
MOQSIW,2.0901065,2.7212903
BAMTEP,2.1907887,2.7700675
FIRRAA,3.9611616,3.0868883
ESEXAC,3.6982994,2.8106883
YACDEM,3.2814212,2.919053
XEJMII,3.0286274,2.4471643
XICCOD,2.8373313,2.1688745
SUJDAC,3.6795237,3.172961
JAYLEA,2.9976063,2.8717802
KOBJIW,2.8112082,2.5850298
RERNEH,3.570406,2.4014988
ZEFQIK,3.7045581,2.7495713
GUTTUK,2.9097135,2.3329868
BOPMUP,2.7048118,2.6443155
GONBIW,4.462395,2.8454747
MOCJET,2.6729746,2.784312
SADVID,2.8425014,2.8580983
RAVCOJ,2.4558277,2.6656008
WEMSEM,3.1380172,2.630403
XIXDOX,4.065381,2.6372776
LILSUV,3.244958,2.8379157
XEYVEE,3.4495873,2.9649084
HOYPOB,2.8114805,2.8257027
XEVFIP,4.94703,3.0322888
EWARAV,3.8169413,3.0079858
ZEJQOW,3.3614225,2.789642
ZIHLIN,3.0220966,2.449742
AVUBOI,3.6378903,2.4967964
FUJRAE,4.406612,2.719785
JALWUP,2.619368,2.152926
EWAQEY,4.335862,2.9966066
DANWUN,3.3132584,2.5495644
MESNIK,3.3641436,2.9613636
NOMKOP,4.2055197,2.674314
LOLRAF,3.2517607,2.6710742
LUGBEU,3.6414278,2.815946
TUMWUU,3.1301258,2.7511282
XIXQOM,3.0297158,2.3714085
SINCIE,2.5254889,2.224209
JUGGEZ,3.6411555,2.9889119
NAZFAV,3.7981653,3.07588
DAGKAX,3.8134036,2.8576267
DEVFUG,3.429723,2.8184652
JIVKOO,0.5959294,2.676832
VIKXUJ,3.2079504,2.8991098
AJENAE,3.885786,2.4944367
GILMEU,2.8895772,2.4903393
HIGMEP,3.711361,3.1913853
RECHIS,3.152439,2.6610272
INEQIC,3.333939,2.8611996
KACDIC,3.3412862,2.7778604
SADWOK,4.5546417,3.4612017
YOXWAJ,2.1921492,2.1202037
XIGCOI,3.415029,2.847501
RAYHOO,3.066451,2.9831645
UWUBEV,3.080329,2.973367
PUNGEK,2.7970583,2.2414818
PICMUJ,2.9513469,2.745918
SEYRUL,3.0574713,2.9393103
BODMOX,3.212304,2.7274911
FICKEI,3.1388333,2.6874237
OSUCEL,3.4093146,3.0145118
VURNUR,1.9325527,2.5160234
WEGDEU,3.304823,2.3871362
SAZPZR,2.6267152,1.8919379
BEMMUC,3.3641436,2.8019986
SEQYET,4.8735595,3.3104408
KUBXIO,3.7606137,3.2038777
EKEWEY,4.734237,3.2013142
SINCAT,2.4773245,2.3807974
BIHCAX,3.7094562,2.4301243
QAQVAF,3.2087667,2.6207268
DIQQID,4.7543736,2.9075773
POFXOZ,3.9872844,2.7224307
YOTWIN,4.30212,3.539992
MASSAB,4.46947,3.2027528
VEZQOG,3.7285042,3.126324
NAWREI,3.6664622,2.9767978
XACRIC,3.6863265,3.091171
ABOZEW,3.962794,3.3024685
JIZREQ,2.6533823,2.8787735
ILONUT,2.791072,2.6972857
VEZXAZ,3.711089,2.8320992
HOGWOP,2.8952916,2.3675807
POHGEZ,2.953796,2.7115407
GOFSUP,3.4879556,2.7727559
ROCMAZ,2.3363695,2.6307468
ZIHKEI,3.6963947,2.704175
WAPXAM,2.2384086,2.7563076
SEQXUI,3.55163,3.0135517
NOMLIL,2.798691,2.4058137
QACKEL,3.711361,3.008825
WACRIE,2.721955,2.7274399
DEDCUK,3.5453715,3.0501819
BIKTAR,3.5698617,2.8671455
WEQLOT,3.964971,2.6997035
LOSRAM,2.437868,2.52947
IHONUP,3.7459195,3.221983
CEJZIC,2.329839,2.096396
NOLKAA,3.5184321,2.799606
MEFQAP,3.4354374,2.792441
FEWWOT,4.192458,2.9545698
BEJRAL,2.9165163,2.2693498
ODEWOJ,4.19137,2.8538966
WOBSUC,2.2911987,2.2214713
LEHVUP,3.6740813,2.5530415
FEHFEE,3.938032,2.6340637
RIYYUW,2.0898345,1.7980938
HUYNEU,3.429179,3.0056326
DOGGEN,2.435691,2.757158
MESDIY,2.325485,2.716781
IKOJOI,3.240332,2.7867157
OJETIH,2.7565134,2.4786181
NURHAJ,4.118171,3.0762906
FERNEX,3.4324443,2.2517612
RASLAZ,2.61964,2.4733148
ISUZAX,4.2457924,3.4687543
GUZMEV,3.4071376,2.381646
CEQWOM,3.4803362,2.9843268
MEFWUS,4.4681096,2.8545907
IHUGOH,3.223461,3.067792
XOFPOX,3.6283662,2.9115312
EYOQUE,3.4495873,2.9701421
NEVWAM,3.0131168,2.704154
FIGKUC,3.1513507,2.4400985
QAMPAY,3.981842,3.0934868
QOFTOU,3.2008753,2.7674317
HABWIQ,3.8177576,3.1610498
XALKIE,3.8909562,3.1772587
NEJLUJ,2.1121478,2.552119
IZUFIT,2.7807317,2.7442808
SOXQIG,3.1437314,2.6238732
CUYHIN,3.629999,2.6633322
QIXBUU,2.6242661,2.6544938
CIRGUF,3.0438657,2.8986707
KACHED,2.5624962,3.061787
MAWXIR,2.1121478,2.7688332
LIMKAU,2.6427698,2.3689895
RASKOM,2.0582693,2.8307452
QOMJEI,3.4991121,2.831089
MIRFEZ,3.9116368,3.1587303
QORHIP,3.1837323,2.5643847
YIQWOK,2.573653,2.5225925
LEJHUG,2.96332,2.9423153
IHICAE,2.5771904,2.8305335
NAHGEJ,2.7954257,2.746004
VUVWUF,3.3472726,2.912544
ICEHON,2.6329737,2.8543446
POTVAY,2.6109326,2.3237085
VEPFIF,3.797621,3.142453
REDTUQ,4.748387,2.7461843
XUCSIX,3.0476754,2.5968938
ZELNUB,3.2283587,3.1827672
SUMQOH,3.8479621,2.3807518
PEHDEM,4.598996,3.3629873
RERHAX,2.6607294,2.7299292
QUDHON,2.4479363,2.4515586
NEYWET,2.8999174,2.9311357
GUVKAK,3.3380208,2.653449
PUPJIT,3.4901323,2.827433
GAHFIH,3.2555702,2.7646673
RIYDEI,3.711089,2.8806334
DEDCOE,3.2656384,3.0686116
GUVWUP,3.4528527,2.9595363
UVIXOO,2.7940652,2.11286
RAYHII,3.0079467,2.9116833
CAGQEG,2.6754234,2.8252473
POVLIW,3.0539339,2.6449316
MIBDOT,1.5004358,2.0455031
QOJKIL,4.179125,3.2344942
MOWHAH,3.343191,2.5940037
YUWFAX,4.1383076,3.0034664
VEKHAU,3.6811564,3.1679869
JANXAY,4.3222566,2.946773
ICURAZ,3.0346138,2.893027
NIWCII,2.8980126,1.9658467
TIVMAM,3.6101346,3.1699433
QEVWUK,2.834066,2.2130527
GINCEO,3.7467358,2.7057326
DULQOS,3.5690453,2.7335014
ZINZAX,0.30776078,2.4101894
GUVXEA,3.6025155,3.019839
COFMUH,3.3704023,2.8928747
ZUXZOH,4.4487896,2.8035712
UJACEO,2.4294326,2.6149461
ERUQIS,3.2109435,2.1839113
HOBYIG,3.6520402,2.9746094
FICCIE,3.7176197,3.0814788
CPZRBZ,3.2580192,2.8690493
YERPIV,3.4335327,2.6560156
MEHGEN,2.8378754,2.234537
TOFKEG,3.3510823,2.9145887
SOKVET,2.5815442,2.8378885
WOXWOV,3.5268679,2.7737377
GAVSIH,3.7489126,2.5609202
BEBHEW,4.3345017,3.0862646
XALKAW,3.7051024,2.4372878
LEJFAI,3.7241504,2.8734581
ZAWYOL,2.822637,2.8077748
MESNOQ,3.2065897,2.8188226
GAGGIE,2.4560997,2.645093
XEKVOY,3.4223762,3.1523902
GOHQUS,4.382938,3.5484838
JALVUO,2.411201,2.4848905
MOWGOU,2.530659,2.528711
MOHKOL,3.2895844,2.7684126
YECHUJ,3.3325784,2.8852413
FAPBUU,3.027811,2.5187702
GAWZOT,3.5067313,3.150292
TUMWOO,3.0000553,2.76307
VEHLEZ,4.2403502,3.5939846
ABEXUA,3.8680985,3.1956031
FEQHOZ,3.1586976,3.020489
PAKDOU,3.0381513,2.5838537
WIBHUN,1.723025,2.153974
RAYDOK,2.444671,2.9214294
DAWJUH,3.6071413,2.858673
QOFVEO,2.489842,3.00395
WOMQAR,3.0098515,2.8401215
NIQVOY,2.4792295,1.7329061
QAFFOU,3.228631,2.8381088
SIMJIJ,2.7488942,2.2597294
KEHLAK,3.4806085,2.8163528
EMUTAH,2.5600471,2.3307128
TEQJAA,3.2465904,2.778655
JUDFUJ,2.982368,2.7589495
OFAQEU,4.1274233,3.117679
EMUZIV,3.2993805,2.840361
HOPLON,3.6876872,3.1015213
DIPLUJ,4.118171,3.2013452
MEGXUT,4.296678,3.1395257
RARGAT,3.3197892,2.324497
MAPJIW,3.022913,2.463293
DEHJAC,4.612602,2.9618251
BEPXEA,4.4512386,2.9108546
VIZWIK,3.209311,2.4498506
XEJMEE,3.5276842,3.0497591
TOMFOQ,3.269176,2.6505556
HOCTAV,3.2816932,2.5998456
IHOSED,3.1059077,2.905535
TEWQAO,3.376933,3.023457
PUTCIR,3.2131205,2.506328
VUFYUR,2.7453568,2.6950607
BUTZRB,4.2857933,3.031507
PUHBAV,3.1121662,2.7136285
MITVIU,3.3113537,2.8148148
XEDMEZ,3.259652,2.3486433
BABVOR,3.5573444,2.6045246
RIKDAQ,2.1592236,2.1790967
VITWED,2.966041,2.6515234
OPUCOT,2.5037196,2.554302
KUCVUZ,3.1848207,2.5224452
XOQWUV,3.5208812,2.884628
BEDXOA,3.6446931,2.4037483
BCPZRB,3.9369433,3.061343
HILPUQ,1.1532185,2.0526924
SEYCOQ,3.7753077,3.1892073
FOTQIO,4.0003457,2.9232624
FUPVOC,3.6558497,3.0464923
WUNSAZ,4.5943704,3.7129278
RETVOB,3.1178806,2.575759
PADFEG,2.5820885,2.6481926
WOKDOP,3.716531,2.5820453
YOPHUG,3.7219734,3.1215875
VAWPOY,3.8716362,3.2196126
SIHWOV,3.4357097,2.5550685
QAJGEO,2.8639984,2.454451
CEYNEA,2.9116182,2.7447062
GILMIY,2.9674017,2.4118903
INEQAU,3.794628,2.8727403
CECVAH,3.2346175,2.9508474
EGISES,3.6882312,2.7571201
URUHAR,2.999239,2.6092095
LISPUY,4.2599425,3.1393228
SOMDON,3.5388408,2.9264233
FOSLOO,3.3518987,3.1667562
NAYHIF,3.601427,3.2811196
KOCROL,2.8351543,2.5200338
FEGQEN,2.6618178,2.3758996
YOBTAL,3.9513655,3.0225868
QOFVAK,2.6612735,3.0681164
GAZPAB,3.740477,2.7928603
XOSNIC,2.8220928,2.8832376
FENQAQ,3.3154354,2.9884534
LIHJIV,1.4775783,2.0574775
XUHRAV,3.95708,2.9211795
TORLIV,3.1274047,2.7898455
GIWDAR,3.353259,2.8517137
KEYGOK,2.8835907,2.9794064
TINLAD,3.4338048,2.5049152
ZIHJOR,4.0057883,2.5686877
VEXKIU,1.5899613,3.1039839
FEJRAN,3.5695896,2.9786067
KAXJAU,2.53338,3.153029
WOPWAC,3.9355829,2.8886287
OKEHER,3.790274,2.6426327
EDISOC,2.4996378,2.1334841
XOQSUR,3.675442,2.7614782
LANQUM,3.692041,3.0392928
NORNIR,3.8272815,3.0980446
LOFNOK,3.475166,2.9351203
KARQEZ,4.1309605,2.9274757
LOPZEV,3.458023,3.2809753
TIGWOV,4.526886,3.281625
GEBNUY,4.449606,2.8712833
SEYWUQ,3.147813,2.7118812
JUDGOE,2.6400487,2.7999358
PEHQIE,2.5774624,3.141004
COFMER,3.9293242,2.9905615
NARKIB,3.2250936,2.653462
UCIREG,2.7905276,2.4824965
DEFHEC,3.8700035,2.8737028
UKIBEV,3.6240125,2.9818366
EYUSIA,3.5633311,3.0000737
ESITUV,3.3908107,2.9286497
IYIMOT,3.2272704,2.7705257
BERVAW,4.6357317,3.1077614
PACCUU,3.548909,2.7258358
TORVUR,2.7679422,1.8513974
GIZQEN,3.056655,2.6952114
HAYGUJ,3.8095942,3.2178428
TEWMAJ,3.2275426,2.8416057
HORWUG,4.267562,2.9577594
GATPAT,3.6117673,3.0657406
LENQIG,3.597073,2.8815877
RIZSOK,2.5244002,2.4770763
POWTUQ,3.450676,2.8439877
DIPBIP,2.5799115,2.815807
EBUFUD,3.8991196,3.1251025
QAMNOK,2.1360939,2.7254028
XEJMUU,2.8079429,2.5381439
UFAPAV,2.4800458,2.4560483
XUCRAO,3.4759824,2.938932
EJURUX,4.218581,2.552658
UFUDAB,3.061281,2.7314196
EMEKAI,3.9783046,3.0305295
VESLEK,3.6485026,2.9725385
WAMWOX,3.1102614,2.7300503
XUNNEZ,3.1655006,2.8627543
CEQWUS,2.5611358,2.8970926
CUBZIK,3.6414278,2.754032
QUPBOS,3.653673,2.4297888
WOPWIK,3.78075,1.9737835
DEGWIW,3.0762472,2.456941
RIKCOC,4.298855,2.9469855
UXIXUW,3.34564,2.9282126
VAHMOG,3.0163822,2.81113
KOVKAJ,3.7053745,2.9741743
DUHVOT,3.288768,2.9572072
RIYHAI,4.5666146,3.5865452
RAYGAA,3.6134,2.951501
BESGIQ,3.0691721,2.894282
KEKBEI,2.9929805,2.803777
XELGIE,0.4906213,2.4023476
NOVJIR,2.4884813,2.4328551
MECLZR,3.0337975,2.9224446
GUBLEV,4.1032047,2.4532032
JAJYAX,3.6849658,3.1523101
MOPVOE,3.6819727,3.0959008
FUDHAO,2.7279415,2.704642
SAWHOQ,3.7962606,3.1605864
CAKBEW,3.697211,2.551836
AQICUZ,2.4103847,2.2571163
ZOBNUB,2.8732502,2.651781
BABXUZ,2.2433066,2.4533484
MUBLIG,3.8177576,2.859776
UHOPUE,2.7880785,1.7920804
LIXFIJ,3.2786999,3.7349744
ITAHIU,2.2890217,1.9798737
VOLRIY,1.919219,2.3942971
DIVVUC,2.736649,2.3462024
GEHJOS,3.0882201,3.0119278
YETWUQ,2.5894356,2.6016974
XEXPIC,3.723606,3.8412247
FUXZII,2.8482158,2.495502
WAHFAM,3.9396646,4.295342
UHOQAL,2.4095683,2.1252549
ILONAA,2.2533748,2.6881752
XEXPOI,2.4743314,3.620254
OFUFAX,3.8487785,3.009764
CIGXAT,2.8982847,3.736167
MEXMUZ,2.5107946,2.741904
RABJAG,2.9742045,2.0798762
AMULIE,2.4906583,3.2547777
KUVNIY,3.496663,2.8464677
QEZQIV,2.1779993,2.820016
ITAJAO,2.6596408,2.1471364
ARUVOZ,2.344261,3.1055064
ROMSER,2.5891633,3.596987
YEWNAQ,3.4373424,3.5036955
OVUFOC,3.0332532,2.88568
SIVBUV,3.065907,3.7752008
TOQKUF,3.8585746,2.7822227
KADYEW,2.7140636,2.477013
CIDZEX,3.3445516,3.656523
XARHON,3.6389787,2.979697
KENWOP,3.145092,3.59232
KUDDAO,3.7793894,3.722397
EKEBIH,2.690934,3.297999
XIYHES,3.1548882,3.5713346
MABLUX,3.0697165,3.5051217
MEVFAU,2.102896,2.7247896
AMOXNB,3.658843,3.1700015
KIZNAI,2.3858943,3.4247336
MIWWUK,2.6822264,2.5434237
VOKQUI,3.5671406,3.4080734
DIVDUH,2.8256304,2.858019
XEXNEW,3.4120357,3.583793
CAHQOT,1.596492,2.6445348
WIZYUZ,1.9635736,2.922853
AFIGIF,3.2653663,3.659385
KIBMOX,1.9962273,2.7983284
QAJFOX,2.7671258,1.8736717
FERHOZ,3.331762,3.394456
ICUQUS,3.1948888,3.1319818
CPOCNB,3.13067,2.7061086
CAVJOZ,4.114362,3.9744663
TATJOQ,3.7094562,3.1209476
JIHWIG,2.8827744,3.0674663
LIWVES,1.76357,2.201579
JEPVUV,2.6705256,2.7877862
YOZFID,3.4188385,3.0918698
RIFVOT,4.7051206,3.5720057
PERLON,2.487937,2.7183735
LEDVEW,2.8620937,3.2569323
ARUWAN,2.7295742,2.889811
LERZAJ,2.9791026,3.049371
IGUGAS,2.70073,3.8330257
QEZQER,2.1967752,2.8116899
BENFEH,3.7287762,3.5970683
IFALAE,3.0288994,3.2533708
KADYIA,2.8803253,3.2984233
QACBEC,2.557326,3.194276
XEXNIA,3.651224,4.010705
CENNUF,2.985361,3.288867
FUGRAC,3.2460463,2.8088944
MUVCUB,2.818011,3.3375924
XAWSOD,2.007656,2.6481297
ZOCWEV,4.2237515,2.974842
IGUGUM,2.5943336,3.768269
NEWYIY,2.495284,3.711828
ITAJES,2.2433066,2.13928
RABHIM,3.0318925,2.5010293
KISTEM,2.9888988,3.3798146
AKITAQ,2.6903899,2.632687
JAWTAC,4.278446,4.4388013
WEZGUD,3.0555665,2.8741937
VUPRUT,4.167152,3.5648332
VOXRIJ,2.0356839,3.2784257
PIJCOC,2.6378717,2.4902363
ROBQEG,3.3733954,2.5823147
HUPNEL,2.375554,2.9120028
AYODIB,2.9706671,3.186461
ZUXCOK,3.2139368,2.7649057
UJUYUV,2.7951536,2.5325346
WAVWUN,3.4754384,2.6970112
XURKEB,4.4765453,4.2956586
CIXMAA,3.0133889,2.5229347
EQAWAV,2.9165163,3.5860968
WORCOV,2.7712076,4.0262194
PAMGOA,2.4209971,3.5158973
CIXMII,2.865631,2.5054364
ROBQOQ,2.1831696,2.709269
DIVWEN,2.7282135,2.3172197
RAKQEC,2.875155,3.0144486
TOWFIU,2.9167886,3.5645158
NOMGII,3.0539339,3.5747168
UCODEV,0.97906566,2.7022655
XAWSIX,1.5913218,2.3077874
PIJCIW,3.1469967,3.8976479
WOZQIL,2.0316021,2.065495
LIBTIZ,1.2634246,3.2304869
CPNBCH,2.2732391,3.5259383
INELAP,2.2988179,2.023893
ITETIM,2.9478095,3.0559633
MEVDUM,2.86291,2.6730597
GAJHIK,3.488772,2.761016
QUGBUP,2.6841311,3.2398496
SAXCUQ,2.9235914,3.4587388
RAKPUR,3.1916234,3.5758753
ISUCOO,2.72903,2.3112364
GISFUJ,3.711361,3.8433428
WAQXIV,2.8471274,3.3953807
ZERBUT,2.72903,2.6850126
NAGMIT,4.9581866,5.688819
VOKSIX,2.838964,3.375346
MABLOR,3.3246872,3.5372782
JENXAC,3.006586,3.231935
XURKIF,4.0449724,3.8839104
FAVSAY,2.392425,2.8213556
FAVTON,2.2501094,2.5454755
JOVMEO,3.7861922,2.7720332
GAJHEG,3.7853758,3.1861243
RABKAH,2.7080772,2.4048965
QUMXUR,3.099649,2.9384353
CIXLUT,3.0220966,2.602451
LOPJUV,3.1350238,3.3754802
FAVSUS,2.693655,3.7078931
YUGRUN,3.6378903,3.9427748
IKUDOI,2.884407,2.5521052
DEDRAF,2.2427626,3.2851818
XEKKAA,3.3257756,1.7903792
ROJVIV,2.9810073,2.569613
ZEBVIO,3.4357097,2.822907
WICHIZ,1.4419314,2.5100658
KELWUU,3.8719082,3.665565
DIZNEH,3.6319036,3.6351929
JAYJIC,3.6313596,3.6223001
JANWUR,3.326592,2.8859506
GOVVIY,2.611749,2.6959274
HUPNOV,3.4969351,3.1251097
UMEJUS,3.3584292,2.8202205
CIDZIB,3.0884924,3.6300602
COCCEE,3.2523048,3.0842955
QUGDOL,3.1178806,3.0682962
WAWBAX,2.7886229,3.0042896
QACBIG,2.5676663,3.1421466
ZIRLIV,2.4642632,2.9690466
LEDVAS,2.3341928,3.2731242
TIYTAW,3.4729893,3.2138152
CEWZIP,2.5222235,2.6365569
LEHYAY,2.8324332,3.5313299
OLOLUX,2.913251,2.15176
ZIKBUS,3.6928573,2.692413
AGAGIY,2.8789647,2.13243
PANFEP,3.1796505,2.7719116
VIMFAA,3.2958431,2.7897391
TOQLAM,3.1869977,2.7183926
GOVTUI,2.8106642,2.4519534
KISYIU,3.795172,3.3843443
RAMSIJ,2.9668574,3.2179308
DOMXUY,2.5537887,2.7860634
UMEJIG,3.1388333,2.3315287
ZITXUX,4.053408,4.1939325
ZEBVOU,3.386185,2.8027468
AKISUJ,3.0743425,2.707337
XEBLAR,3.3957088,3.3504279
SAHBEI,2.9339316,2.727642
ROBQAC,3.0844107,3.1531138
NAWVAJ,2.9837284,3.540791
QOPXAU,3.0482194,3.6709466
VERXUL,2.6947436,3.7802846
VOLSAR,3.7391167,3.1086519
YUBNOY,2.9241357,3.2870178
TOWQIF,3.1140711,2.1979208
KARVII,3.7897298,2.2761176
UJUYEF,2.905904,2.4878109
JITPOR,3.104547,3.409682
OCUGAU,3.6365297,3.6047955
TAQLOM,2.7978747,2.7762458
NUCKUS,2.6824985,2.0900173
KAVRAB,2.9986947,3.326116
XEXMIZ,3.4142127,3.8086777
ILICEN,3.6939456,2.4771533
RAGWAX,3.4743497,3.343102
OWULEY,3.037063,4.1360803
JOMXOY,3.6332643,3.6672156
CEHQUB,3.104819,3.6993601
XIJDEA,2.418548,3.0228844
CATZED,2.9135232,3.3761795
IGUGIA,2.79597,3.9214554
JUFWEM,3.6095903,2.083527
ULUNUL,2.0950046,2.9121325
LEMSAY,2.4789572,3.0214472
NEXVAN,1.4375775,1.3336864
NEDKIS,2.736377,3.3917928
FIQQOL,3.4006069,3.3034506
KENQID,2.611749,3.2152982
RIFBUD,3.1725755,2.9828756
YIBXIS,3.0150216,3.0272233
VIMFII,2.3918808,2.5851462
MIRXUG,1.9298315,1.814044
TASGAV,2.9959736,3.1804082
QIZXAY,3.8874187,2.78772
ARUVIT,3.5821068,3.658968
GEKGOS,3.2106714,3.6907165
WOLCAB,2.6667159,2.8482807
FUNNOR,4.3671556,3.2717373
QUMYEC,4.265113,3.3305643
HANXID,1.8359523,2.9151447
XOCMOR,3.3083603,2.238417
HAYBAL,2.5622241,3.0984843
RIKFOG,3.3899944,3.2418237
LIXGAC,3.3470006,3.7150552
TUSMID,2.3333764,1.1419362
YIGCUM,3.8868744,3.1530633
JOWYAV,3.4250972,4.0323677
ATIKOD,3.2778835,3.6123478
QUGCUQ,2.9399183,3.34745
PEBQUI,1.95024,2.2098167
SIMNAD,2.9557009,2.644393
COXNOS,2.0299695,3.4702091
KAPKIV,1.2819284,2.8068826
KIBMIZ,2.9679458,3.1373649
CIFBIF,3.16414,2.9919534
ZEBVEK,3.3932598,2.7778163
XIJDAW,2.6797774,3.3412175
NEBCOM,3.1410103,2.9076185
PAXYES,3.3461843,2.8236485
IFALEI,3.0936625,3.2750347
GOVGUT,3.656394,3.5981834
WUHCAE,3.4133964,3.7507877
JUHNAB,1.8465647,1.9217002
HOBJUE,2.468889,3.685085
UJUYAB,3.1167922,2.6431527
RUQZUY,2.9714835,2.8389452
KETNEC,2.5834491,3.9194973
UCODAR,1.084918,2.7510965
AFUZAD,2.6833148,3.7166877
GOVVEU,2.2038503,2.6467674
DEDREJ,3.3521707,3.0576158
VOLRUK,2.9165163,2.6735885
QUGCAW,1.9910572,2.202147
PUKWIB,3.0139332,3.2322454
SOTKUH,2.2218096,1.9183545
HANZIF,1.931192,2.9209335
NEBRIW,2.4373238,3.375262
UHOPAK,2.8446784,2.1080627
JOWLAI,3.2027802,3.323246
REKZUC,1.6669695,3.5630012
DEQKAL,2.6022248,3.9055724
ZIJHAB,2.8373313,3.309308
JULNUZ,2.2471163,3.4912477
JOMXAK,3.7070072,3.6114626
RIMROU,4.062932,2.9852614
FERHUF,3.2294474,3.2490528
RUNKUH,2.655287,2.7204804
LAQSOL,2.834338,2.6575916
PUXXUB,2.903727,3.0961587
ROMROA,2.3725607,2.8376455
VIMDUS,2.2574565,2.3873572
FIHPAN,1.8111899,2.88642
XOCMEH,3.2988365,2.3902464
CETJIW,3.5453715,3.3643627
FOCCAC,2.0065677,1.636359
IKUDAU,2.738826,2.727379
AKITIY,3.0528455,2.7942312
VOLROE,3.470268,3.1196663
FAVSOM,2.3584108,2.8425667
RIFLEX,3.505915,3.4814918
IKUDEY,2.4008605,2.5268009
CIDZUN,3.291217,2.8020785
GAZXAJ,2.2014012,2.1450086
TUSMEZ,2.329839,1.169916
GECVUF,2.2343268,3.1585224
YOZFUP,3.1918957,3.289469
PEQREI,3.807145,3.9268076
QEWROZ,2.9121625,3.1091406
VILSEQ,2.1728292,2.3553152
GAZWEM,1.8555444,2.0267422
RIKFAS,3.2757068,3.6250277
MUVDAI,2.7859018,3.0576541
TAWYIZ,3.6218355,3.0737193
FOYJUY,2.714608,3.932116
LAPNOF,2.9355643,2.0811062
XEXMOF,3.4563904,3.8626602
NEYVET,1.8435714,3.0352805
QEZVEY,3.163868,3.1023817
JOMXEO,2.576646,3.085968
FUGREG,3.068628,3.35794
XANFIB,2.9722998,3.4541433
AFIGEB,3.255026,3.5826416
RABHUY,3.0152936,2.2559443
SORWAY,3.283598,2.8812673
ROJVER,3.2158415,2.5913434
CPETNB,3.4621046,3.5771775
DAXSOK,2.1910608,2.6118183
KAFLOS,2.5317473,2.7423804
DOCRUJ,2.6729746,3.315536
PACVAQ,2.8827744,2.692017
BEKWUL,3.6234682,3.3807259
ULUPAT,1.9067018,2.3481932
GEDMOS,3.6667342,3.786908
XEXPAU,3.2816932,3.786467
XURKUR,3.1192412,3.664988
NOWSAT,2.16521,2.8584785
XURKAX,4.2479696,4.2582345
CIDZOH,3.1769292,2.9466255
GIWNIJ,2.9184213,2.72436
OTATUA,3.429451,3.044588
XOCMIL,3.6193864,2.269514
RISZAU,3.128221,3.199611
GOTKEH,2.8131132,2.5415463
DAVBEH,0.64490986,3.3080306
BEDCAO,2.5287542,1.0337402
ULUPEX,2.4841275,2.4595947
PEBMIT,3.804696,2.4649382
PEGREY,2.4618142,3.0591707
XEXNAS,3.5600657,3.4076314
OLOKUW,3.5366638,3.0313015
RISZEY,1.8291494,3.2284956
GUNXIW,4.3573594,3.1882627
TOWFOA,2.9641364,3.8366659
TOWQAX,2.0280647,3.2369165
CENREU,2.2590892,3.5801294
KUVNEU,2.8182833,2.7068048
JOVMIS,3.3083603,2.7968898
CAXYIK,3.1986985,2.9166622
WORCIP,2.585626,3.8931098
LUVZOS,2.495012,2.2660975
ARUVEP,2.5439925,2.8047311
ZITYEI,5.0245824,4.015606
GOVVOE,3.374484,2.5675287
SIMMUW,2.9042714,3.1084983
POFHUO,3.163868,2.473784
XEXMUL,3.4419682,3.5751889
GEKGUY,2.4180038,3.0941484
PEBVUO,2.559775,3.123917
TATJEG,3.0174706,2.658112
RAXMAE,2.248749,2.2767532
VUVMIK,3.3233266,2.9029167
HANZOL,2.617191,4.039915
IKUDIC,2.8648148,2.506757
RUNKIV,2.592973,2.7671993
RAGWEB,3.5497253,3.4421086
ROBQIK,2.614198,2.6864514
HUPNIP,2.4082077,3.4830465
NOSCIH,2.1736455,2.8775008
NOSCAZ,2.2212656,2.858127
AKITUK,3.350266,2.7568321
UMEJEC,2.9551566,2.3861506
VEJDET,2.8120246,2.2791927
CAPQOZ,1.9058855,1.5691571
COCGAE,3.0884924,3.0895085
SOVMOI,4.344842,4.515611
CENNIT,2.2931035,3.1509526
QOHMAB,4.5209,2.803296
RIFVIN,4.6732836,3.5762684
VICQIH,2.5644011,3.0564182
XEXMEV,3.4093146,3.6845338
CAHQIN,1.9793563,2.4947495
CAHJIE,3.4098587,3.1566267
REMDES,3.859391,4.266281
BOTXIU,1.8079245,3.0343728
RUNKOB,2.5554214,2.9400163
RIJREK,3.9282358,3.2050836
NIBBIJ,2.9238634,2.9621148
DICVIX,2.8256304,2.5480673
NELZAF,2.8767877,2.9782777
GISFAP,3.7772126,3.7903655
QIVGOS,3.2561145,2.7797918
GAZWIQ,2.0852084,2.150783
OFUDUP,3.7363954,3.159686
QONHEG,2.961415,3.2095733
COCBUT,3.2814212,3.0522273
SABBIG,2.4073913,3.6538258
KEBTOD,3.5246909,2.9058595
VULHOZ,3.1649563,3.37031
AFISEO,4.4166803,4.138593
GAKMUA,3.8264651,3.0348647
VIDTAD,1.6647927,2.5505135
MAKDAE,2.8906655,3.1533175
VILSIU,2.403854,2.4430218
XANREK,1.9545939,3.0727792
EJOROK,3.3162518,2.5404253
FAVTAZ,2.6316133,3.5990353
YOTNAW,2.9842727,3.4864678
ARUQEL,2.7826364,2.6191385
RABJUA,3.0503964,2.104339
QENCES,2.9189653,3.353327
BEMLEL,4.930431,4.002068
SABBEC,3.1772015,3.0207849
RIXRAS,2.1782715,3.7670484
NOWRUM,3.1864533,3.2863574
FEFRUG,2.2443953,3.876698
WAVWOH,3.5913587,2.6733432
PAXZOD,2.8027728,3.1608038
JATXOS,2.836787,3.6270587
KEFRUI,2.8901212,2.6126845
SIKQOT,3.5948963,3.3802373
SIVCEG,3.5099967,3.4389749
XEXNUM,2.5328357,3.9693894
SODZUG,3.4991121,4.581642
IMESAV,2.0827596,2.9035401
NOMGOO,2.7358327,3.4855065
YAPVUH,3.5312216,3.0053658
BOMWEG,1.7608488,1.5869908
POWKET,2.6449468,2.455928
AKITOE,2.5341964,2.7438672
MIRXOA,1.9649342,2.2274365
WAVWIB,4.2025266,3.4329216
VUMHIU,2.7162406,2.7111351
RABHOS,3.7219734,2.6448286
JEYGAW,4.0226593,3.1296515
KAQTOL,3.3108094,3.7659342
IGUGEW,2.5276656,3.8013027
XOFQAK,3.5714943,2.9437013
VAPPIL,2.3526964,2.768221
HIPRIH,3.486867,3.604271
RIMSAH,4.177492,3.3005514
KENQOJ,2.9674017,3.3136685
AHUYOT,3.3954368,2.6188157
HOBJIS,2.2814026,3.6348372
YETWOK,1.8487415,2.995153
KUGMII,4.329876,2.760174
ILONII,2.346982,2.8006046
NECMEP,3.597073,2.9548914
HUPNAH,2.5339243,2.88421
NACYEV,2.4215412,2.761922
FUYBEH,3.0267224,2.606603
KADYOG,1.665609,2.3796504
YOZFOJ,3.4871392,3.2179255
CIRYUY,2.5695713,3.0409043
SORWEC,3.3331227,3.5221796
ZIJHEF,2.6316133,2.818973
QACBAY,2.5720203,3.1375587
RIKDOE,3.345912,3.422641
DEQKUF,4.111368,3.7528477
GAWRII,3.4738057,3.3393204
VICQUT,3.4634652,2.8872128
NUYFES,3.460472,3.6421227
SEVWUN,3.0147495,2.191812
KOSMAG,2.2996342,2.8931463
PAXZUJ,3.364416,2.8008528
ZOGYAV,2.4310653,2.8723037
ALOBOT,3.1793783,3.8167946
FAVSEC,2.2111971,2.688566
XOTNOJ,2.788895,3.094798
TUJZED,3.675442,4.0372825
KADXIZ,3.4057772,2.6976247
NOWROG,2.2960968,3.105655
ZAZDEJ,2.9320269,3.128859
EDOQEU,2.569299,2.751177
VORSAX,3.531766,3.1932163
PUYDAO,2.9031827,2.6381419
QEZVOI,3.2876797,3.1267915
RIKFEW,3.281149,3.261927
KAXMUR,2.0188127,2.7128215
CXFTNB,3.3157074,3.1401846
XEXNOG,3.570406,3.973024
CIFBOL,3.0212803,2.9045208
MIVKEH,4.108375,2.9094634
WESBAY,3.775852,4.295479
MERHUN,2.3284783,2.5908105
GACJUR,3.9497328,4.219732
LEGKUE,3.0438657,3.6431518
CUDMAR,5.8180666,3.328419
MUBPII,1.9390833,2.7816634
ZIRVEB,3.3445516,4.103016
MIDLIW,1.6669695,2.4360275
TIBFOB,3.2536654,2.6523726
TETBUP,2.657464,3.2453182
EQUMEI,2.561952,1.7908303
POFSUZ,2.4403172,3.136876
WAKNUR,1.1774367,2.7372358
XOTXIP,2.6403208,2.7740824
AFESIQ,3.3810148,2.6679971
WATZUM,3.620475,4.161055
DOKXOS,3.233529,3.5686834
DOYJEG,3.8672822,3.6908593
ZIDBAR,5.0477123,3.4349763
MARWEK,4.257221,3.032302
QOKROX,4.363074,3.3789382
PIJYAJ,3.3064556,2.8828495
HORKUU,2.3834453,3.4755497
GABPII,3.539385,3.5609698
HENPUL,2.2136462,2.5994987
BACMAU,2.5412714,2.729096
XESXAW,3.8376217,3.7654815
FAWZUY,4.244976,4.319768
YEPWAR,3.3489053,3.4221752
XIQNIW,4.2436156,4.7205443
RASZIW,3.2114878,3.1148589
PHYDMO,2.9630477,2.5054247
PUBSEK,3.2340732,3.3472908
VIZWUZ,2.3641253,3.5095735
WUSFAS,3.0914855,4.5453844
RASKIG,2.430793,2.4461133
FURJEI,1.7575834,2.1583335
NIRYOE,2.6484842,2.9317439
ALIGUX,1.7681959,1.6732471
CEMJEK,2.887128,2.9430428
MUCDUJ,3.2008753,2.882258
IGIPUL,3.0675395,3.287886
KUWCAG,2.8648148,3.3477087
NAJWUR,3.1518948,2.862709
ERAFOS,3.2947547,3.2108314
SODROV,3.140194,2.8610346
LUNJIN,3.5690453,4.023128
HILGIT,1.5624778,3.0811863
WUWMIK,3.1445477,3.0169473
CILSEV,3.245502,3.444623
TORDUZ,1.1994779,3.5434635
LAPWEE,3.130942,4.1021905
EKITUO,3.1363845,3.3726163
WOPHAK,3.8822484,4.1683946
JEPXOR,2.4748757,2.4378793
SAFYEG,2.029153,2.7533329
SEPXUG,2.9494421,2.9936984
BOKGUD,2.798691,2.8917077
DOQBOA,3.5573444,3.7829463
UNAKEB,3.018015,2.6029212
WEPPOZ,1.9535054,2.1689532
UHILON,3.4226482,3.427811
YUDRIY,3.0392396,3.1441135
VOLZED,2.6939273,3.5423605
BEKNEK,3.1527112,2.6741188
SEJGIA,1.9973158,2.0143335
ZESKUD,2.856107,3.2982025
WABZIL,2.8144736,2.904644
HUBWOS,3.0438657,2.8629124
WAFZOT,3.0506685,3.6518877
CIDCAT,4.242255,3.5777686
NEHDUC,2.6103883,3.093699
VESLOU,2.6928387,3.118035
EGUZAH,2.7303905,3.1286902
MINHAS,3.0093071,3.4854674
SEZSEW,3.8773503,4.1288524
HOJBEO,2.5048082,2.132597
GUJNOP,2.5393665,2.6649368
YUCKUC,0.7657284,2.4671488
HUJPEH,3.3788378,3.8508587
LOJDIX,3.4093146,3.5170493
SAFZUU,4.0210266,3.8465836
RALQUT,3.271625,3.803689
AXUXOG,3.1102614,3.5304887
QUKMEP,3.0218244,2.9945164
DIZQIM,1.947519,1.7157335
TALLEX,3.738028,3.934618
CUFRAY,4.493688,3.9307897
EKAYOG,1.4490063,2.308712
IZUQOJ,3.610951,4.3288517
YEWCUY,3.8359892,3.5389168
XADBUZ,2.6351507,2.6253133
SOKPEO,4.1121845,3.6260817
BIYMAY,3.8849697,3.1326683
HEDCID,3.3595178,2.8659348
JETBIT,2.9029107,3.7318792
DIXZUH,4.3051133,4.501378
XEDWOT,1.9222124,2.4773974
QEJBAJ,3.9565356,4.2279162
NOVVAV,2.941823,2.328622
KUJLEG,3.8074172,4.209576
NAZQIR,1.7164942,3.074069
VINHUW,3.2629173,2.8358886
KAZNAC,3.169038,2.3990335
GATGAM,2.3546011,2.7899115
GIGRUM,3.0365186,2.813988
DACNUQ,3.536936,4.26126
VIDZEO,2.6267152,3.1231349
KEYKAA,2.7510712,2.5282748
BUCTAU,4.0204825,2.8001854
SUVDES,1.9143211,2.504587
NEKKOE,3.5532627,4.3774495
LESWOV,3.8134036,4.0977335
AMUKEZ,3.1342075,3.5453808
VEFMIC,3.1565208,3.1105213
LOFLAU,4.21069,3.217485
TOXCOY,3.4014232,3.9264889
JUZYIM,3.41258,3.7823923
BIYLUR,3.4738057,3.1575668
NUGTIS,2.3782752,2.8292563
CUSBOJ,1.9148653,1.6896739
HOGMEV,1.6294178,1.8429892
WONFAG,1.818809,2.4602795
COBNOW,3.2006032,3.3663597
UPIJUZ,2.0261598,2.469851
ILOFEU,2.2969131,2.4422908
XULGES,2.616919,3.1810799
WUSGEW,2.8256304,2.7688334
EYAZEJ,3.0147495,3.1044376
VOLCUW,2.5151484,3.230392
URONAR,3.0539339,3.1014626
VEKRAE,2.9766536,3.7202096
LILNID,1.9624852,2.4614255
DIFWIY,3.3763888,2.745167
MEWCAS,3.3690417,3.9984322
FEMXUR,3.8286421,3.0802028
COPRUV,3.059104,2.8061185
NELVOS,3.2819653,2.027321
QEPHID,2.690662,2.53443
DUBRUN,4.1867437,2.86292
UFOQEL,2.9263124,3.4368553
ROMHIK,3.1633236,3.4477768
OHANOA,1.7200317,3.0275242
XESXEA,3.6523123,3.7741323
VIRBII,3.5184321,3.9291644
MEWBOF,3.3557081,3.9976273
LALTOI,2.9766536,2.8590808
VUVDUM,3.694762,3.621309
SEVDIH,3.078152,2.8503535
VIDCEQ,2.90155,2.9369872
YIKBOK,1.861803,2.3545558
CPMOTS,2.698281,2.9478593
MONWIW,2.100719,2.6691191
CEHHED,1.4449246,2.1946502
RARGEW,2.6974647,3.1727002
MUNFEG,2.693383,2.8229804
GUNDAU,2.652294,3.5277448
WITZEE,3.8226554,3.8464875
QOYYOS,3.291217,3.4651222
LEGKIS,3.269448,3.6376817
KIBWEX,1.9584035,2.8602057
XADCEK,2.3668463,3.4512315
ZIJZIB,3.496391,4.3991847
REZCIK,1.4699591,2.810314
CADFET,1.4958099,2.2696223
VAGSIH,2.4792295,2.8193214
KAZMOP,3.085771,2.4350734
YUYNEN,0.95566386,2.927432
LIDTAT,3.2471347,3.55088
HIKDEL,1.971465,2.6085846
FIZZIY,3.348361,3.9213834
VOLYEC,4.0474215,4.052038
PHSMOB,1.828333,2.2429144
NAJPIA,4.254772,3.8818905
RASBOC,3.1176085,2.1582499
NEKCAI,2.4775968,3.027396
BESJEO,3.385913,3.3022442
WIVVED,3.1469967,2.809924
NEHWEC,3.1886303,2.7348146
BAFWEL,3.4027839,3.1683676
BAXBIN,1.8925519,2.4248214
SOLVEU,3.445778,3.2837412
SISBOM,2.659913,3.3615382
ZOGCON,1.7611209,3.051953
ZUHVUV,3.6153047,3.6273472
PIZHEM,1.9224844,3.2309513
YIKCEB,1.7932303,2.6117363
RITTIX,2.989715,3.1817572
PUPXAZ,3.084955,2.1390162
LAKDUW,3.058832,2.9011405
KEGTEV,2.0286088,2.444397
TADQEU,3.1899908,3.89299
SIFTEI,3.2414203,3.831461
ICIVUL,2.987266,2.416258
RAXCUO,4.301304,3.9105387
BAWHAK,2.1880677,2.7195492
COLPOI,1.6340437,4.349156
CUSKIK,3.2204676,3.8961816
WIVXIJ,4.4014416,3.0713801
SONKUD,1.672684,2.2108626
KODHIU,3.5187044,2.9651792
YORNIC,2.698281,2.900946
XOLFOT,0.6130725,3.1998231
UCUXAR,3.6580267,3.45294
HOSGUR,2.9962456,3.3338401
JEHFEH,3.2914894,2.7237003
KIKNUN,4.0354486,4.1829543
YUVCOI,1.5518653,2.9200776
UJADAL,4.1328654,4.0015106
NEHFAK,2.5023592,2.9389122
RAJNUM,2.9957016,2.846482
FAMPMO,2.4593651,3.9025407
WOLQAP,3.4299953,3.8040318
FOVKUY,2.3714724,2.2137969
DUYMAL,3.4623768,3.619786
YEBSON,3.3399255,3.2471259
CUGTAZ,2.5494347,2.7548
NIJSAD,2.590796,3.8820634
HEYRUA,2.100175,3.517032
KIQFUO,2.6721582,3.5193753
WUBZUQ,2.0283368,1.8796872
XIGSAI,2.5491626,2.8368647
WANZAM,3.1698544,3.8089914
YOGBIF,2.6506612,2.9897604
GIXQUZ,4.8825393,4.512337
BABQOL,2.0536432,2.7358122
KAFGIK,2.129563,2.290671
TONBON,2.6490285,2.7656825
MUCDOD,3.4795198,2.8852804
VIWCIP,2.898829,3.7500124
DUMDUL,3.3393812,2.9154472
HILKOC,2.9124346,2.8780684
GEDXOC,3.0286274,3.82302
SACBAB,3.64687,4.2455664
OQOLEM,2.9690344,2.688759
GEXJAX,2.8049498,2.4276175
EZETEI,3.5954404,4.6431894
HISFOG,3.018287,2.7190013
HEGMEO,1.6054717,1.7417879
FAHLUY,4.3282433,4.4362936
LEKFUE,1.1959404,1.5557145
DETSED,3.0389676,2.8350604
CUXMUD,3.0607367,2.6746314
EFUFUG,3.2367945,3.4158316
JUDXUB,3.269448,3.2359347
WIHTUC,3.9042897,3.2636442
NAKCAE,4.249058,3.0347798
ABIPAE,2.2267077,3.4957628
POZMEW,1.7690122,2.249641
XIHGUQ,3.4465942,3.6960273
FBYTMO,2.9527075,3.0281055
VUDWIB,3.8278258,4.5890656
XUWPIP,2.4746034,3.798419
GUHRAD,4.655868,4.2614136
YUCKOW,1.7061539,2.431885
BOJPAR,2.7839968,2.2994847
WIWGEO,2.4272556,2.9777417
HEGMUE,2.2310615,2.382191
AKAREK,2.5203185,3.0435917
AFOXAU,1.9203075,2.4837997
OWEPUC,3.5099967,3.5176442
NOWREW,3.2610126,3.904334
SAQFEV,2.7001858,2.6470559
MUCDAP,3.7440147,2.9726171
IXASAD,3.0220966,2.8622618
YEVWAX,4.1451106,2.66188
YUGXON,2.8612773,3.1594017
COFNES,2.839236,3.7280493
OVOKIU,3.8702755,3.397692
CETMOA,3.618026,3.1565287
IQUDIJ,3.388634,2.7694917
SAKSOM,3.1581535,2.3922498
QEHQIF,3.4098587,3.8931832
GUFDEQ,2.7921603,3.2971783
TONNAL,2.6990974,3.3698883
ZIMPOA,2.2326941,2.9875445
SUMNAQ,3.486867,3.1315966
MOKLAZ,2.9557009,2.425583
FEMDUY,2.8865838,2.4493694
HADPEH,2.4250786,2.7276394
YIWXUA,2.1774552,1.8964758
ALAKAZ,2.7978747,2.3736517
SAFVUQ,4.2302823,3.965026
WUSGAS,2.7965143,2.839239
AFUQOJ,3.763879,3.8845587
FIWTEL,3.835717,3.3573048
JAZREH,4.521444,3.1527753
VIHPAF,2.9075365,2.9161026
WUHTEA,2.9094415,3.275686
GAJQEP,4.5018516,3.354636
BUYCAZ,0.3553807,3.7341235
CEMRIW,3.5842838,4.0691156
OJODEW,3.0939345,3.566864
POMJUW,3.35081,3.0738873
XOWCIW,3.4191108,4.126255
TILXIX,3.2373385,2.3931792
QAJCEL,2.9565172,3.3602219
CTCAMO,2.7246761,2.8435712
KEBMEJ,4.0607553,4.0485168
QIGZAH,3.26455,4.1063094
ROHKAB,3.302374,2.9009643
KANZOP,1.9758188,3.0112705
CIHNUD,3.4044166,3.0090494
FOFDOT,2.9573336,3.0832207
NURSIE,5.6700363,3.574147
PALDAH,3.2256377,3.698389
PEWMUZ,3.192984,3.0975685
TICXEL,4.136675,2.9754598
JIBZID,4.294229,4.2180104
GAHKIK,2.1279304,2.9358284
NEKQIE,3.6770747,4.209756
LOBRUP,2.8403244,3.1772654
LUMFUV,4.003067,4.3986993
SOTPID,4.158444,3.6925552
VAZSIY,2.1347332,3.4773283
MUWDEO,1.9600362,3.0864887
NECYOJ,1.9652063,2.4556074
VEGGIY,1.9431651,3.0190718
BUYMIS,2.822637,2.768158
MOMFOJ,3.758981,2.925631
TEPGAZ,2.6531103,2.9955418
CIQZUA,3.6553056,3.4595258
VIKGAX,4.079803,3.9209762
JOSVEV,2.7597787,1.6987722
LEGZUS,3.1652284,3.666327
UHIMEE,3.5913587,3.2626357
HAMHOV,2.5301147,2.6582713
JOZSUO,2.6928387,3.2421055
TIWLUH,2.022078,3.1576838
DUZXIH,2.61964,2.8763163
XOGYUN,2.4939237,2.0769472
NUKFEF,2.867808,2.8051708
ZEJBAU,2.9143395,2.8423793
IRAFOW,3.0362465,3.4754467
LAZDOI,3.0103958,2.673349
FOVLUZ,2.1235766,2.3288631
TAMPAY,2.227252,2.7740383
VUHLEP,3.589454,3.9747424
ILOFAQ,1.6724118,1.8953818
QEZSAQ,2.8993733,4.017993
NAKTID,4.2506905,4.423801
EDOQOE,2.119495,3.2246895
CELBEC,2.898557,2.8397095
JEHFAD,2.5371897,2.5895395
XUQXUC,4.6773653,3.5637374
YUHVIH,2.942095,2.8351877
HIXGIF,1.675133,2.6338418
ZAFHUM,3.064002,2.8276525
BOGHIO,3.3309457,3.9948409
CAHHEY,2.8337939,2.6931703
JUZRIF,3.304823,3.9240134
GELWEB,3.0667233,2.8752174
ZIRVAX,3.8098662,4.570266
MEFHAG,2.5518837,3.4486237
PEFZEF,4.5913773,3.1099806
QAFZAZ,2.979919,2.7012944
APUQEH,3.1921678,2.9612198
JAKDOO,1.1997501,2.8366294
CEBZEP,2.961415,3.3320582
KIBJOW,0.9657321,2.7012463
WIGJEB,2.9845448,3.258254
IVAQEB,2.3766425,1.6443505
ZAFJEY,4.0476937,3.1161957
ZUHWAC,3.161963,3.630784
BEFKUS,2.8637264,3.801951
VIGXAM,4.1238856,4.2492285
GUGWAG,2.0721471,3.262702
GUFDIU,2.3431726,2.9758148
FOVLAF,2.3619483,2.2270274
BUJXAG,3.7334023,4.5095077
CECZIT,3.7989817,4.778042
XAGJEW,4.5636215,4.0405636
NEXFON,2.7638605,2.755022
MUQMAN,4.7111073,3.318632
DOKBAG,3.2065897,3.3259895
WUQZUF,3.9584403,4.5111375
PIZGOV,2.370928,3.48701
IRUCII,3.0536618,2.9200418
UBUSEP,3.9502769,4.244874
WEQWOE,1.9964994,2.680006
NOCCIR,4.205792,4.1702137
JANGIO,4.083613,3.9121423
YAFNAX,2.2588172,2.8272386
UJOVAQ,1.5409808,1.726972
GUVFUA,3.5064592,3.9842775
NACREQ,2.4297047,3.4395573
OKUFUW,0.867499,1.793924
XADSIH,2.588075,1.7668746
VUTFAT,3.4308116,3.8269358
HUDMAU,4.1364026,4.4551992
FIPWAC,3.1780179,3.5821264
SAVNEI,0.20762287,1.99157
NEMFOB,3.2580192,3.630085
DANWEU,4.5753226,3.4693017
MAKNAN,3.3404698,3.4448483
MABPIP,2.0735075,2.557618
XADTOM,3.804696,4.1084185
NUHDAV,3.1230507,3.4162595
YAFLUP,2.8781483,3.5325687
ZOMCUB,3.2226446,3.5410411
FOXBEZ,3.9091878,4.277161
BULWEK,3.3069997,2.9967139
IQABIL,2.858284,3.188121
LUJZUL,2.901006,3.0211883
WUGPAR,2.289294,3.440555
KURFAG,2.3339207,2.880305
VIYZEI,3.1535275,3.5656369
SIBREC,2.1499717,2.7026875
WEYCEI,4.1456547,4.250285
SESVAP,2.7279415,3.0320113
YAGKEZ,2.4691613,2.8967502
QEKJIA,3.9070108,3.088697
KELFIQ,4.361713,2.6022384
UDOCIA,4.4866133,4.2212553
BULNAZ,3.2825096,2.9693732
VADKAO,2.693655,3.679174
XULFIV,2.0520105,2.2821507
OGUYEW,1.5970362,1.756115
NAVFAR,2.8487601,3.2694201
NEVMIM,2.9208703,2.7353003
COCLIS,2.7295742,3.7439282
HOZQUJ,2.2716064,2.8697438
HUXBIM,4.151913,4.2067604
VETKIQ,3.078152,3.9611945
CUSBID,2.0713308,1.6299974
WUTPAC,2.2571845,3.144576
DOKTUU,2.9924362,3.2937698
JORTAL,2.8188274,2.9969916
WUWRUB,2.9722998,3.367523
HENVEB,3.5434668,3.2389197
FIZJUU,3.6291826,3.7914991
AMAVOA,3.862112,4.201621
ROBHAU,4.4898787,4.649402
LEKCOV,2.626443,1.9097581
HOJXOU,2.9018223,4.0673714
MAVGUL,2.955973,3.4412715
FIWTAG,3.2444136,3.0593972
MEDGIM,2.8928425,2.815351
JACRUB,4.3513727,4.445192
BOWVUG,3.453397,3.9523787
COPSOQ,2.901278,2.7783184
KALTUN,3.6025155,2.9278357
VEGGAQ,2.3554175,2.9659524
VUTFUL,3.4136684,3.707059
ATUPUB,4.0661974,3.115099
ZORKOI,3.35081,4.025565
DUSSEP,3.2523048,3.108533
PITXOH,2.6887572,2.5309918
QARRIN,0.84464145,2.9488816
DIWDIX,1.9273825,2.020264
DOVGAZ,4.4926,2.9082706
HUNRUD,2.6917503,2.5242226
WEHXOY,2.6027691,3.0756984
CEQTIB,2.406303,2.7578282
JEBHUT,2.9791026,3.7383895
MESKOK,2.9815516,3.1954534
ZIRTID,3.4016955,4.12763
TOJHUV,3.6893198,3.723051
FIRHET,0.26721582,2.3604667
MIJKEV,2.4321537,3.0554187
RITXUN,2.655287,3.6128776
DABJUM,3.2572029,2.7519913
HIXGEB,2.0326905,2.7622533
EVOGIH,2.9135232,3.000748
HOTGEC,3.3557081,4.080906
LIDWIH,3.3753004,4.13185
NOFKUP,3.075703,3.2277942
UVENUG,2.872706,3.6514304
JEGPOB,2.451746,3.6266246
REYFAD,3.3105373,3.1189356
MOZDOW,4.4028025,4.1327615
WUBYOJ,2.2310615,2.1454496
FPASMO,2.6019528,4.1894135
LUGVAL,2.731207,2.515021
WARKUV,3.1872697,3.1134436
PIQPEM,2.057725,1.8906072
QUTWOT,3.4169338,3.3304694
JEWQAE,3.2357059,4.2481804
CMSLMO,1.7711891,2.672091
FIBCUO,2.029153,2.4431481
RITYIC,3.0871317,3.3053484
EXUSEW,3.7682328,4.1165915
QUSYOS,3.025362,2.8336895
BOGLUE,4.093409,4.006564
XIBCIV,1.8152716,2.1469543
EGUZEL,2.649845,3.123182
DEBSIN,3.2868633,3.7274966
VOLDAD,2.1494274,3.239194
BOXJED,3.472717,3.2345726
PUYBIU,0.88981235,2.075523
DUBCUY,4.1429334,3.5865483
QOHLOO,2.9755652,2.826281
ZEHZOE,3.0261784,2.8894985
MABVER,2.4631746,3.6345098
VAQLOR,3.5301332,3.8547854
LIBQET,3.4553018,3.5367496
SEVCUS,3.0721655,2.9177608
YOGSAO,3.601427,4.2623796
MECNUE,3.422104,3.3800008
WALXEO,3.0299878,2.8584793
NOKVUF,2.0318742,2.7833862
HAGZEU,2.9627757,3.2757072
GEPZAC,2.880053,2.0848122
GAJQAL,4.1309605,3.312106
IMDZMO,3.4446893,4.807273
HAMHAH,3.021008,2.8093433
JEJLIW,2.597871,3.2717195
PAGCEF,3.1627793,2.8651562
NODNEZ,1.094714,2.5049098
AHETUE,1.6713233,1.4613444
NAMKAQ,3.00196,3.243274
KUPSUK,3.1733918,2.9596713
UDITEG,2.2601779,2.9748363
AKARIO,2.7050838,3.0495784
QILQUX,2.846311,2.9466202
COPSUW,2.9867218,2.7674077
ROQGUZ,3.3233266,4.0127144
SOHGUR,3.31217,2.530658
WUSDUK,3.0577435,4.6008577
TOFYOC,2.444671,3.3008003
PITHAB,3.4204712,3.7028341
EFELEI,3.1995149,3.568872
TIWYUT,3.1195133,3.5489957
HOPVOY,3.5214255,2.9393156
HOGMUL,2.2000406,1.747523
HOSFEB,3.0580156,3.1163273
BAZMOP,3.0580156,3.1763697
FAWMOF,3.3543475,3.1607606
ERUDEA,2.6811378,2.977667
BUKJIB,3.535031,4.2732906
VULLUJ,4.583486,4.697571
VUDWEX,3.6368017,4.657296
QAFZIH,2.8114805,2.5759845
MOMFUP,3.5641475,2.860002
GEYJUP,3.5031939,2.9769127
SUVREH,2.942095,3.2904348
JIZPEN,2.1850743,2.0781796
DULFEV,2.470794,3.0429482
ERAGAF,3.3159795,3.1453767
QOZMUP,2.9981506,2.773947
DEFXUK,1.8775856,2.9011817
KOCTED,4.069735,4.332192
XIQNAM,2.6354227,2.5370321
BOJPIZ,2.1684754,2.5564954
CPCBMO,3.5429225,3.8221493
KUFLAZ,2.4152827,1.8788431
CEFBAS,2.7420914,2.5706425
BOSCOC,4.068374,3.0777905
KEXTUE,3.653673,2.6222644
WALXOY,3.7100005,2.899787
MIKWIM,2.7967863,3.4834194
KANYIJ,3.0476754,2.8291144
AYUSIY,2.3962348,2.873859
XAMLAA,2.3774588,3.475145
TAVZIA,2.652838,3.0666988
GIGPOC,3.3154354,2.908857
KOFWEH,2.8623657,2.7030706
GUGSAD,3.649319,2.8403993
SUYMAB,3.3184285,2.7465806
SONKIR,2.7048118,2.229402
BUFTIH,4.5636215,3.1739202
KANREW,3.6569383,3.8896613
NAYCOF,1.7238413,2.5309687
DOPXIR,3.488772,4.0234704
TASYAQ,4.4408984,4.141071
IVERUX,2.1940541,3.6581392
QILRAE,3.1633236,3.1359096
WERBOL,2.2019453,2.4405136
DARQAO,5.752487,3.3187726
PIZHAI,2.3910644,3.141055
KEHQAR,2.3170495,2.805676
MITGED,3.2689037,3.4202394
KUWHIT,5.535068,3.321105
DIYZUI,2.4833112,3.1492221
FOHDIR,3.2055013,3.0605729
HITBUI,2.958422,4.348259
PERGAU,3.8104105,2.9552817
LARSIJ,3.0310764,2.8327398
WIGJIF,2.86291,2.9364982
BIMDOQ,4.7568226,3.6776013
LALVAW,2.7252204,2.7497303
HUCKIA,4.158716,2.9325194
UWOTIL,3.2351618,3.803548
NOMLEJ,2.8378754,2.8675585
EREQUO,2.213102,2.183526
CETZIN,2.7850854,2.8010716
LAQVEH,2.492291,2.4704554
EHUZAI,2.318138,3.166885
QEJROM,2.8514812,3.1494718
MASWUY,0.55919397,2.82127
ESOCEW,3.047131,2.9056048
HIWKEG,2.6495726,2.8505075
FASZUU,3.9388483,3.8133056
LEKHAL,2.8242698,2.4988384
JACCOG,3.6887755,3.3628724
CEDMED,2.9301221,3.53182
ROKDAW,2.9116182,3.8026197
SUGMOY,2.6229055,3.0128598
XODZAS,3.5089083,3.9923577
XUHWOM,2.5867143,3.2276516
ZETYEC,2.655015,2.91672
BIKYEA,2.9377413,2.8305416
BABDAK,3.0082188,3.283677
YOJDEG,2.669165,3.1555936
OSUYOS,2.7377377,3.0409298
LUMGAC,3.6808841,4.35141
YIVTOO,3.51816,2.9314187
RAYFIH,3.1861813,3.207515
SAGBAG,2.7420914,2.8806145
EBOLUD,2.8087592,2.7772915
MAYKON,3.4849622,3.7316747
KUXFEO,3.5151668,2.8656142
LAMXOM,2.6490285,3.3968902
GEXXUE,2.0397656,2.4327245
YAGPOL,3.5012891,3.775683
NOLQEK,2.4843996,2.653701
RUYFOI,2.9140673,3.1873846
HECZIZ,3.4631932,3.427946
POGKOL,3.55163,2.422847
BASBUS,2.119767,3.1023426
DOWWIV,2.4653516,3.0827658
KIVWIV,3.8248324,4.169107
UBUNOW,3.1137989,2.913316
TUKCAF,1.7692844,2.531235
HUNQAK,3.0163822,2.762475
GIQVIL,2.29909,2.614798
SAYHAD,1.9581313,2.3318741
NOKWEQ,1.3105004,2.2793303
ERIROO,3.128493,2.9569802
FEZSIM,0.3472173,3.1102962
FEYQEF,4.459402,4.520672
PECKOX,2.9064481,2.2092998
RINQUB,1.9061576,1.7883534
BEQROF,1.7241135,2.307616
VIZVUY,2.8931146,3.0073402
ZIRTUP,3.2063177,3.8700633
MARWOU,4.4014416,3.102568
YILYIB,1.6879222,2.3283665
GEKSIY,1.8141831,3.3643675
YIKBAW,1.6427513,2.7301269
MECPAM,2.9856334,3.1848052
FEBWAL,1.8705107,2.726504
CEPJOX,4.1306887,4.1316237
UYIZOS,3.6574824,3.0105188
ACIHUP,4.630562,4.642708
JOJTAG,3.0569272,2.352891
QOVYOR,2.1760945,2.0795078
SELWUB,0.36191145,3.5995479
PITHUW,3.2324405,2.909746
CATPUI,3.632176,3.3431017
ZOCCEZ,2.2103808,2.4548564
HINJIA,4.23899,2.9472992
ESAJUD,3.2231886,4.0963273
BOWRUA,5.9326262,3.3157325
FEJLAH,3.1227787,2.6594493
PZADMO,3.95708,4.5752316
DADGAQ,0.21850744,2.2091603
NEDLAJ,3.902657,3.728765
KEWKEC,4.5116477,3.374883
AYUSEU,2.9116182,3.0915766
JIVCUM,2.6291642,2.9825878
LIBYUQ,3.938032,3.0496614
JEWPIL,4.526342,4.2859173
BAGGOG,1.7796247,2.3008668
MIDLAO,1.4830205,2.2987182
QOMJAD,2.370928,2.4217942
YONGIR,3.3132584,3.958362
DIGDON,3.4498596,3.9122224
RORMUG,3.0430493,2.5433242
OJAZOO,3.1986985,3.6757143
SITJEM,3.6879592,3.5104086
ALINEP,3.1826437,3.6403472
DAXZOR,2.3929694,2.9321885
ORONUF,2.9924362,3.8497188
ZEVXAZ,3.5184321,3.596745
WOPLIW,3.5167994,3.7046878
LATMAU,2.7687585,3.7906718
FEMYAY,3.3010132,2.6919675
OBASIV,2.7997794,3.7946932
LEWHUS,2.249293,4.2180967
NUGTEO,2.5026312,2.9333162
ONOMIO,2.8977406,3.1966436
AXAZII,2.8713455,2.8358545
REDXED,2.9627757,3.4208617
HYXMOA,4.120348,2.9927795
EKUMUT,2.44712,3.4355597
QOTBUW,1.8835721,2.4503205
QITRER,2.4365075,2.390675
ROQGEJ,3.9279635,4.2107515
RASBIW,2.1633053,2.4909618
RAZKOS,3.1932561,2.5582287
QIYHOV,3.3565245,3.146779
XARVES,3.7086399,3.038382
KEHQUJ,3.3015575,3.6285794
PEBJOV,3.326864,3.811386
NITFOM,4.378856,4.2993937
WIJLAF,1.6982626,1.8742193
XEYHEP,4.4008975,3.995242
NUHCOI,3.1391056,3.1833277
KIJCIQ,3.491221,2.8222365
WIZQIH,2.7249482,2.620174
TECMIA,1.9456141,2.0360165
LIFVIF,2.9186933,3.2743602
SAQGAS,2.7570577,2.3195205
KECBAV,3.3404698,2.9242837
BIDMUW,2.7567856,3.2979088
POZMIA,1.7763593,2.491799
BOVZIV,4.0112305,3.9770598
DIZQOS,2.1747339,1.5550022
QOKPEL,3.0498521,3.181534
EFUFIU,3.0735261,3.3274248
ETOZUJ,3.742654,3.8535848
TIMVOC,3.3489053,3.5492299
DAMZUN,1.5336337,2.679712
DAHSAJ,1.0683191,1.3877776
YUVCAU,1.969288,2.7707458
BIKYIE,2.880053,2.7560222
MUSPOH,3.044682,3.731023
HUWGIQ,3.0430493,2.907023
LIPXUE,4.6145067,4.600281
JEVKAW,3.7704096,4.2880507
NOXQIC,2.466168,3.7383573
NAKBUX,4.456953,3.1190107
WALXIS,3.6076856,2.8698392
TAWHOP,4.047966,3.8967538
RUYDEU,2.7537923,3.3116732
WUSFEW,3.058832,4.6008244
YIHSUG,3.4808805,2.5626397
IZUQEZ,3.4814248,4.0920033
CERGAK,1.7619373,2.3411727
EGEBUQ,2.8637264,2.3351302
TEMDOE,1.7385355,2.6089845
VOBCOE,3.6844218,4.2474566
CETYOS,2.8073988,2.8010802
VEZRUN,3.247951,3.3912587
WAWGAC,3.5037382,2.9578588
FAGBEV,2.7927046,3.7685137
VADJUH,3.126044,3.6547422
PIFPID,3.4370701,3.3750887
JOLLUR,3.8253767,3.8726835
YIGCUN,2.5627685,4.183486
DENNAL,3.2193792,3.545398
UFECEQ,2.8079429,3.1091292
SAZJIO,3.2438693,3.758875
ABIKUS,3.962522,3.2048128
ISOVAP,2.0133705,2.747119
AXEHAM,3.4027839,3.2337298
KOGNUP,3.3927157,2.935782
ZAVKIS,4.0082374,3.7633786
VINLAF,3.9644268,3.912374
ADUHUD,3.7880971,3.4323714
KIRDOE,4.0585785,3.9768708
VAWBIH,2.5962384,2.7447739
HUJPAD,3.2653663,3.4754403
WEQSIV,3.1268604,3.639214
JALNUF,2.946993,2.9668818
ZEQLUF,2.3973231,2.673526
LAMXON,3.553807,2.7486286
SIFCOZ,3.2901287,3.239961
CIYXOX,3.9638827,3.4294171
JOPYOE,3.0816896,3.5490696
NIRFOJ,2.1116035,1.9632459
OQOLAI,3.0909414,2.5646741
DALCUR,1.8805789,3.5243838
CURYOD,3.9679644,3.2050965
VULMIY,2.5298426,3.1087232
SUBBAS,3.2397876,2.8540783
CEPHAI,1.4351286,2.3551428
CEZTIL,3.250128,3.0248766
EGAYUJ,3.3619668,2.8671544
DIBLIK,2.7641325,2.693869
MOQPUD,3.50782,4.1034026
VIVKAM,3.7241504,3.7169242
GEXYEP,2.910802,3.6630695
XUHTIF,2.9274008,3.4340112
XANTAH,4.332869,4.3002853
GABFIY,2.6555593,2.0395415
UDIVUY,3.0378792,2.9194233
DEMSAQ,4.3736863,3.9573057
GEXXAK,2.0628953,2.3668163
SIPHEF,3.0120285,2.8573618
MINXAI,1.3243781,3.0110319
PIFTED,3.5557117,4.3862267
INASOG,3.4648259,2.7437768
UHILUT,3.0240014,2.5424588
YOMXED,3.3083603,2.743686
ICOPEV,1.9009874,2.368331
GEXWUD,2.6729746,2.5202358
XAFZOU,2.8599167,3.573406
MAKNIV,3.2599242,3.4158335
PENMIE,3.8082335,4.4408984
VINZOH,2.5374618,3.5544834
JEJBAC,2.8503928,3.475607
QIYHIP,3.4591115,3.5020912
TAFLUH,2.99679,3.1286004
MOYQAS,3.6607478,3.9708202
BAWZIK,1.9513285,2.5009031
MUVDIQ,2.8430457,3.2141283
PIKREJ,2.1039844,2.0844655
TUKHEM,2.8286235,1.4934936
POGMIH,3.9478278,4.3113813
XIZWUA,3.9399366,3.1599293
SIXQUL,3.7513616,3.8333015
EQIBOX,3.065907,2.3804991
FUQKUZ,1.8511906,2.3689814
CEXXEI,2.8155622,4.1254015
SIBRAY,2.5731087,2.8493025
OJACIL,3.819118,3.0203383
ZEYHIW,2.5420878,3.1687515
CAQBEC,2.795698,2.9935403
WESBEC,3.7905462,4.27648
QUSYIM,2.8528416,2.904157
SIYRAV,3.1108057,3.6209972
KOWKAI,3.553535,3.6657617
CERFUD,1.76357,2.3327925
EGUZOV,3.150262,3.1842563
ODEAMO,0.6427329,2.9972668
XIHWIW,2.3309274,3.1644564
OHAPIW,2.5064409,3.17779
UBUSOZ,3.9034734,4.159212
FUSKOT,2.2577288,2.8101077
REVVAP,3.467547,2.0010967
JUTKOA,3.3181565,3.3309367
YAQZAR,2.9271288,2.7656703
KAYYER,3.2376108,3.8236623
POFSOT,2.5039918,3.100215
DUXNEP,3.7361233,3.5881877
ZEXMIB,3.9135416,2.9126322
SIWJEN,3.0269947,2.7431514
SIGQEE,3.5886376,3.3064122
FUPKIL,3.118697,3.5224857
TIRTAP,2.60032,2.3766053
FUTSOD,2.4705217,3.0128894
SIYRID,2.825086,2.4336395
NOWFAG,2.2378645,2.0198555
MEDGUY,2.7728403,2.6618237
TAKWAD,3.3736677,2.9545138
TERJIK,3.9366713,3.8307178
ZEGVUC,4.3916454,3.2295923
XAZVAV,2.2563682,3.229448
KEHNIU,2.6571918,2.429243
SUGMUE,3.1921678,3.6280293
OWAHAX,3.558705,3.769629
CAJSIP,3.1391056,3.0930836
VEQCEZ,3.0865874,3.201083
HAJSOC,2.7763777,3.4581637
PUSKIX,2.5529723,2.9860692
PEBJIP,3.7935393,3.70921
ZOJPAP,1.7320048,2.116094
HEDCEZ,3.1581535,2.797974
QOWYIM,3.4588394,3.8396397
ZEYYOR,2.538006,2.8462937
ULOPUI,3.2101274,3.1600113
TONNEP,3.9723182,3.2008896
QAZKEH,2.1113315,2.7271302
XUTZER,3.0569272,3.4226248
NEYXIZ,5.719561,3.5270967
TIRHIM,0.35075477,2.620218
PYAZMO,2.9195096,3.887148
AGANIF,3.8324516,2.9397097
YOFVUK,3.3010132,3.7168565
NECMAK,4.110824,4.052865
QUCHON,3.2517607,2.8342655
CUFREC,3.3872733,3.6391957
KUYSOO,4.457497,3.1728537
FOCWAV,3.233529,3.5677674
XELDEX,3.5472763,3.0976572
AXAZUU,2.8378754,2.807181
CAXHUE,2.7989633,2.7646046
MEXCOH,2.5630405,1.6259592
IKIDEM,2.3339207,2.8783886
NECYUP,1.3586645,2.9864078
YUDYOM,4.4662046,4.5339484
YEQGUZ,0.79810995,2.8510582
XUWHUU,3.9524539,3.0275984
QIJDUI,3.185637,3.918716
KAYZOZ,3.9998016,4.457369
VIQZOL,3.5957127,4.0390034
LEJZIJ,3.7295926,4.2732005
UVAQUE,3.1769292,2.8864176
HUXBUY,4.034088,4.182362
KAJQES,3.1137989,2.851961
BAGGEW,1.8462926,2.3423815
UHIMAA,3.221556,3.1943803
HEDCOJ,2.9619594,2.8167622
FATFIQ,2.1086104,1.7654316
IVAQAX,2.2356875,1.7007439
DEQDIM,4.02538,4.2136555
NOWXEC,2.0041187,2.4703686
XIPLUD,3.3834639,3.1562877
REDWAY,2.9589663,3.1857321
SANMOJ,3.881432,4.150281
ZONPOH,3.7031975,2.955562
TIMMEH,3.3143468,3.0626812
KIGTID,3.840887,4.1646023
PUNJAK,2.6414092,3.8258219
YEQGEJ,0.93525535,2.5901768
KIXSIU,1.9369065,2.3028765
OLIJID,3.670816,3.511394
BESJUE,3.429451,3.1548378
OGIDUE,2.95815,3.0562546
ALILAI,1.8604425,1.9650352
FURJAE,1.7845227,2.1872296
ZUYXOG,2.146434,2.3625154
DUCBEI,4.3559985,2.9739156
COCJOT,3.6982994,2.4218578
NEPPOO,1.8778578,2.4929907
JIVFOM,1.7189432,2.6956718
QUCLOR,3.242781,2.875268
SEPVAK,0.96546,2.5935102
ZIWRUS,2.9086251,3.1253707
YAQMOU,2.9793746,2.5557942
DOXQMO,2.7831805,2.296221
BORBAL,3.654217,3.834381
SAYJAE,3.5040102,3.0036385
HAMHEL,3.0046813,2.8185449
ICONOD,2.5053523,2.3948634
SISZAX,3.0220966,2.8239915
VIZVIM,3.185637,2.958846
ZUSQUZ,3.3211496,3.4683528
IDOQOH,3.24523,2.721906
QAFZED,2.9984226,2.7203212
EQELET,3.0215523,2.9652307
BAKGEA,1.854456,2.3285334
LENQAY,2.5608635,3.071533
GUGRUW,3.2748904,2.8992083
TAXLAG,2.0517385,3.2556174
EZEFOE,2.8299842,3.0507376
RELHAR,2.057453,2.6477714
FEJLEN,3.4169338,2.9329796
KUWCEK,2.7848132,3.361886
RASZUI,2.9957016,2.8597248
UBOXIV,2.7001858,2.7815742
CEKCOL,2.349431,2.715974
TONCAA,2.3978674,2.570475
KAZWOX,2.8702571,2.732859
AXEBEK,2.7347443,2.679791
BICLAB,4.017761,2.9563158
HYXMOB,4.275997,3.041586
AHETOY,1.7031606,1.4423186
DIRHUH,3.1527112,2.7985275
ALCPMO,2.7265809,2.848351
GENYAZ,4.338311,3.9828315
DETSAZ,3.0381513,2.8642898
LENPUR,2.4550114,2.9725375
VOLYAY,4.3535495,4.0102553
XEDXEK,0.31456363,0.95066917
LAGCAY,2.1428967,2.6787906
TIRVAR,2.702907,2.2322478
BUFVAB,4.4245715,3.0651426
GEWMOK,2.446848,3.0250237
MITDAW,3.9687808,3.9847393
HANSEW,4.203887,4.2574577
SIYREZ,3.5089083,3.7011027
MIDLOC,1.3687327,2.3103318
FUTSET,2.4084797,3.1749399
XUTPAE,2.9644084,3.7417626
PAXBUL,2.8686244,2.7680883
SUJFOS,4.077354,3.8966565
UKUMOD,2.9766536,3.7718515
BAMHED,2.526033,3.1496305
YEDPUV,3.0963836,2.9183838
VONXOL,2.8729782,3.4281592
COLRIE,3.3581572,3.1589158
YOFVOE,3.4996564,3.781468
EGOBUZ,2.1499717,2.4951966
KALHUD,2.9216866,2.6381001
REXJIP,3.6887755,2.571469
HEYSEL,3.4637372,3.6567597
UDOHOM,3.1388333,2.974831
NIGSUS,3.2901287,2.6200123
WUPDEQ,3.2781558,3.3093333
XIWTED,3.4136684,3.6796598
OGIDOY,3.0460427,3.287318
UNAKIF,2.2332385,2.7584321
FOMGUJ,3.2465904,3.0863066
LAQVOR,2.6389601,2.393526
DIBROX,2.0854807,1.6345378
KOLRAE,1.8775856,2.1112554
BAJFUP,3.041961,2.6338696
CETYAE,2.8030448,2.9219878
YAFPOK,2.8906655,3.5658152
BAFHIZ,3.5810184,4.086623
RAPCUG,2.033779,3.147531
BAFKID,1.651187,1.9718735
LUNWOH,3.0694444,2.7723267
FERROJ,3.285775,3.7157903
VEQBOI,2.384806,2.8033628
AKECIC,3.615577,3.157874
YUKZEJ,4.7543736,4.397256
UKUNIY,3.150262,4.150158
ICPOMO,2.5720203,3.12253
RADNEP,2.9698508,3.025969
GAWKAT,1.9891523,2.6669428
DEMXEB,4.7856665,3.0967946
TEPTUD,3.8988473,3.9382396
FULNIK,1.2313153,3.3719893
SONKEN,3.31217,3.3343205
RUNNEU,4.2376294,4.2373514
BIYLIF,3.223461,3.1227636
VUTWUD,4.144022,4.523711
ROCVEN,2.1562302,2.1612895
GEGJAE,4.06783,4.358828
XAKCAP,2.8356986,2.9588814
TIWLOB,2.009833,3.1275518
PUMYOL,2.8716176,3.2809367
QICNOF,3.0596483,3.4697905
BIQJAO,3.352987,3.6568346
XIPWAW,0.9069555,3.277867
ISEFIV,3.2686317,2.936795
SESZIC,1.9940504,1.9488001
EJIKIS,4.2882423,3.8869152
ZOBMOS,3.1159759,3.2711816
FOXZOH,2.5886192,1.8397144
VIFYAL,5.6346617,3.5484133
BOPDIW,2.2424903,2.8975563
CESQAT,4.440354,4.135134
RETFEB,4.08715,4.269425
WISHEN,3.4362538,2.7897444
BIJXAW,2.382357,2.902325
MABREN,3.1510785,3.0827408
TIDTEF,3.161963,2.678278
TPCBMO,2.9007337,3.1214218
NEKFUE,3.3878176,3.8066123
ICOQUM,3.0120285,2.8318152
VUDVOF,4.416408,2.8289497
DEKVOG,2.1875234,2.7645159
BOXZAP,3.4517643,4.1976657
GANJEL,3.0814173,3.379049
NOPBEB,2.4316094,3.1464705
XEVHEL,5.8322163,3.5075147
XELDAT,3.965243,2.8957589
ALODEK,1.1333542,2.1577477
LECZEY,4.7228084,4.599128
PINXUF,1.8468368,2.3615084
NEKCEM,1.8245234,2.864636
JIQVUD,3.061553,2.858923
XOPPUN,3.467819,3.265802
YIVVII,3.4016955,3.1111472
FIRGUI,2.6046739,2.4987369
CIFSUG,2.4555554,3.7735643
DOLNEX,0.6176985,3.3887286
DEHPEM,2.8433177,2.021558
VUVLUV,2.9464488,2.6522672
MOWCEH,2.554877,3.145909
DEFXOE,1.887926,2.7948415
DIRFIW,3.2612846,2.9144616
WOFQUD,2.4316094,3.0084248
SEBCUX,3.1418266,3.1493196
LAFTOB,4.1187153,3.7644677
ACUSOH,1.7744545,2.355768
FOPQAD,2.8620937,2.837475
LIBKEM,2.4215412,2.985477
DIVGOG,2.1883397,2.053946
SENCUJ,3.0171986,3.7858677
BIYSOS,2.1562302,2.7115612
WUPXAG,1.9276546,2.260816
RITYAU,2.3695676,3.2652454
MAFYEY,3.6904082,3.2126412
PESXUI,3.1586976,2.8565917
UGEZEM,2.757874,1.6956493
JOCBOT,2.6294363,2.474121
BEGMUV,3.9282358,4.042845
QIZDEJ,3.1744804,3.907639
GUWKUG,3.2991085,4.0427165
EMEGEI,4.367972,4.503724
AKASAH,2.4971888,2.4895065
HOSDUP,1.8141831,2.8656511
LUNHEH,4.186472,4.024605
DEMFAF,3.1823716,3.7907188
MEWBIZ,3.2942104,4.0288215
QAHBOR,3.061281,4.41082
PAWQIN,2.4988215,2.8201413
PEWMOT,3.2533934,3.1991775
FAVXEG,2.1692917,3.0274656
LUJFIF,2.674063,2.6264884
ZAVGEL,4.061027,3.6820867
ODUHOM,2.2985458,2.7146885
DULDOD,3.004137,3.2219846
HEGQOB,3.1861813,2.9439988
VOCWUG,3.6414278,4.113565
HOQGOK,2.516509,2.3531127
YAFLOJ,2.9981506,3.3462913
HUPMAG,2.7080772,3.8584456
OLIJOJ,2.8577397,3.3710325
VOMRAS,3.009035,3.7810416
SITSEU,4.382938,3.0959663
ZOMFEP,2.8925703,2.7565205
ZOGJAG,3.5244188,4.0118146
DAHRUC,1.8707829,1.4572009
FOVLOT,2.6403208,3.3053536
LOLCEW,3.3834639,2.820532
SUSXEJ,2.2016733,3.1236696
PUWMOJ,2.8542023,2.7154255
ODUKAZ,3.9132695,4.139875
NICLIW,3.0188313,2.8628845
TUTNUS,4.275997,2.841789
MEKSEB,2.9973342,4.011263
MAKBIL,4.634099,3.0110898
GIGSAT,3.0574713,2.7035477
HOPVUE,3.4180222,3.0227199
DEJVUJ,2.3951461,2.308208
CIYBOD,3.4993842,4.4652276
BIYSIM,2.219905,2.7669513
TEPGIH,2.3720164,2.784608
HIWJOP,2.5752857,2.8665938
VOVSOQ,2.8073988,2.7953734
EMEGIM,3.291217,4.5921583
XESCOP,2.8112082,3.6912515
FEMXOL,2.5099783,2.5770724
JIKDOW,3.5905423,3.947567
NACPEP,3.190535,2.8680978
LUKBAU,2.5959663,2.8937159
VUJRIB,3.312714,3.4949749
HUMGIF,4.404979,4.2569537
JEPYAE,3.2580192,3.694223
MUCDIX,3.3347554,2.9790158
GEDGEB,3.3614225,2.804067
EFUFOA,3.837894,3.8094215
ERIBOX,2.7654932,2.853382
MIZJIO,3.751634,3.641591
UBOXER,2.893931,2.8126154
DEWXOS,0.8566144,2.961691
DUNMEE,4.6259356,3.3594916
DEMFUW,3.321966,3.8697631
CIYBUJ,3.362239,4.3450084
TONCEE,2.3143284,2.6795082
UJAHIW,3.2746181,2.884827
KOWNIT,2.7761056,3.2657464
ASOJAV,3.3369322,3.8956518
FOBSUK,2.8275352,3.1147885
AXEGUF,3.1611466,2.7864919
KOBNIY,3.0261784,3.0864537
MAHZEA,2.5973268,2.9339347
VEDHAN,4.3462024,4.4420943
IXEDAS,3.0482194,2.8536458
HOSFAX,0.877023,2.8156693
BAMSAK,3.0705328,3.4022932
PBPZMO,2.9524355,3.4473476
OJOMAC,2.2911987,3.5648725
METLED,3.3551638,2.706993
YINGIL,0.7537554,2.7485719
IVIBEU,0.63239264,2.460449
CPETMO,2.3023553,3.1597729
SASHOL,3.1875417,2.8482635
ROJVUI,2.9382856,4.007966
KEJMUI,2.516509,2.3179893
VAHFIT,3.0933905,2.678958
HEWXEM,3.0650907,4.053807
UBUSIT,4.0112305,4.23107
DALCIE,3.1559765,3.9589572
JUBZAJ,2.62862,2.4684625
TOZMUQ,3.171487,2.9234984
VAQRAH,3.4310837,3.991253
YOMGUC,0.4609609,2.3781233
SUVDAO,1.9061576,2.5968347
XIBCOB,2.0356839,2.1223073
XARVAO,3.598978,2.9427297
SAFVIF,3.823744,2.30544
VOHDOL,2.6729746,3.3516977
BILMIS,4.249058,4.565194
BAWZUW,2.0223503,2.4580777
CEKMOU,4.142117,3.884744
BAFKOJ,1.8835721,2.3457987
DANBEA,1.8098294,2.4579794
TIMMIL,4.160621,3.6558213
BUSDAU,2.927673,3.3225493
KOCTIH,4.0670137,4.194495
HILKIW,2.999239,2.8263981
OGIDIS,2.791072,2.9061773
ZUMNEC,1.8242513,1.6754719
KOQYUM,3.0171986,2.836935
WEFWIN,3.1029143,2.870703
COPTIL,2.3448052,2.7304995
TOMZUQ,2.5469859,2.7900493
JOLLOL,3.6125836,3.762084
TOXHIX,4.1813016,3.9319785
KUBMIE,3.5622425,3.4378924
JUBYOW,1.5194838,2.2383258
YORNOI,2.7559693,2.7099426
MAXFAS,2.4939237,2.7782602
DENPES,3.6259172,4.0596943
SIKRAH,2.9513469,3.236483
GATGIU,2.3747377,2.7603106
XUKBAG,2.9878101,3.4262953
LIVDOJ,1.4011142,2.1886435
BAXCUA,1.9543217,2.4252121
FUYQOH,3.4308116,3.4093406
KAZMIJ,3.0844107,2.4116526
QAFVOI,4.0324554,4.057137
JOJRIM,3.008763,2.341067
QATKUT,3.3086324,2.3820353
MAYMAA,3.0694444,2.8626227
LAXBAN,3.6640131,3.409033
NEZWAQ,3.7475522,3.2879574
VOBZIV,1.357576,2.3447595
QOMKAE,3.3086324,3.04596
EFAFIB,3.9363992,2.9189823
HIGVAU,4.318447,4.303168
RUNMOD,3.8131316,3.2730014
ENAJIM,3.4743497,3.0031376
ICIRAO,2.7298462,2.729458
WUYQIQ,3.027811,2.7130039
QEDMUH,2.0824873,2.6882217
VIZPUP,3.5138063,2.5842676
SAMCUE,2.6629062,2.4695404
EQAGEK,2.7690306,3.0936291
QEQFAT,2.9309385,3.05519
TIMMAD,2.3668463,2.4651792
KIJVII,2.5948777,2.3597264
OWUFIW,3.264822,3.8355286
AFIGOL,3.6795237,4.1392355
BOSCAO,3.2495837,2.7976148
OCUYAM,0.9972973,2.8542252
KERWUB,2.2841237,2.776657
CUMMIH,2.9712112,2.848766
GASRAV,3.8471458,3.8720694
RUMVAY,3.360062,3.0105956
BOQRAB,3.149718,2.8186626
FUTWUM,2.850937,3.12048
ZOKNUI,3.259652,4.41868
QOFRAG,2.7037234,3.0399525
UMOWEY,1.8969058,2.361236
GISNAX,3.1276767,3.6419148
QOFSAH,3.1480854,3.273238
FEZROS,2.6460352,2.482311
BAWGEN,2.8122969,2.7297637
CIXKID,1.5434299,2.0927331
VEQCAV,2.679233,2.6573253
VOLCOQ,2.1502438,2.8059883
AYAKUI,3.8340843,3.8399267
RUJBAZ,3.3785658,4.4238725
MIMYMO,3.7274158,4.747323
BAXCIO,1.8813952,2.4540446
JAYSUX,4.227561,3.8150887
BIRBEJ,3.7717702,4.3116493
IVAPUQ,2.4359634,1.9727066
SOLTUI,3.0318925,3.1471646
HIVZOD,3.295571,2.905042
SEFDAI,2.122488,3.4873605
SAPHUM,4.135042,4.1935987
LOQHEE,2.9121625,2.8740647
LAZDIC,2.6776004,2.7109065
WICDUI,3.6071413,4.0925217
YUXNIQ,2.9758372,2.6867714
SOHZOF,3.7461915,3.5727048
WUQQOP,3.4286346,4.123536
QOWYOS,3.150262,4.207324
IDOQEX,2.0797663,2.611541
HURJIN,1.6389418,2.408451
QAPBUG,2.896108,3.1013837
GERHIX,3.1842763,3.4789836
DEQDOS,4.1339536,4.6501203
TONMUE,3.2659106,3.5614784
SOYKEW,3.4036002,3.237677
SIGTOT,4.0112305,3.7320333
LENKAS,1.8481973,2.313236
PEGLEZ,0.4691243,1.6098089
YUNHOE,2.5429041,2.8393142
GENTUO,3.2324405,3.2631152
IGUYUF,3.5072756,4.4186535
RULJEP,2.5061686,2.1752691
XUHWUS,2.585898,3.002849
TUWSUZ,2.3829012,2.6158743
GEXYAL,3.4708123,3.3829296
MIZCEG,3.9859238,4.3268127
EFALOM,2.8114805,3.0133872
YEDJEZ,2.9410067,2.8034713
DANBOK,3.0054977,2.6330535
XUCXIC,4.012047,4.1583457
XEVGOU,5.826774,3.597618
CEYNAW,3.8561256,3.197989
DOMZUA,3.4969351,3.8036945
LATBIR,2.9505305,3.2839167
CETYEI,2.80114,2.8099074
ESOTEL,3.5276842,3.707007
CUCXED,2.5581424,1.6132158
UPOHEN,3.629727,3.5295353
QAZGAB,3.7529943,4.575081
ILUDID,2.74835,3.5131202
YAXJOZ,2.7946093,3.176242
BENPAL,1.2677785,2.8420067
KAZLIH,3.4397914,3.6498833
QOFYUG,4.0542245,4.478741
IKAPOZ,3.7225177,4.244561
VUMBUA,4.0591226,4.3364043
GOZQAP,2.9603267,2.8615508
DIJKEM,3.169038,3.3635478
FENFAH,4.3870196,4.0407276
VESSIV,1.8209859,2.3634958
XARTEQ,3.589726,3.2559476
BOKGOX,5.566633,3.4103081
FEZJAX,2.9641364,2.8352134
QONSUH,2.3118794,2.2838845
GUVGAH,3.3791099,3.9345431
PODKOI,3.6452372,4.393381
UNAKAX,3.300197,2.4439204
MIZCOQ,3.6713603,4.36236
WAGGUG,4.3940945,4.2467732
MITDOK,3.4895883,4.017066
LOZCAE,3.9100041,3.0838683
TUTMAY,3.1089008,2.822244
LOYZUU,2.649845,2.6413677
LOSDOO,3.8487785,2.974808
SOMNOX,2.595694,3.3808074
REYMAJ,1.436217,2.1993353
HITSUZ,1.9154094,2.238428
DIVXAK,2.7668538,2.7897527
TONBED,2.719506,2.828543
EFULUP,3.0177426,2.8963277
SONJIQ,3.0694444,3.483481
UBIXUY,2.105345,3.5152397
BEXZEJ,1.1428782,1.9377943
ADOMIS,0.9796099,2.2620592
VOPKUG,2.4931073,3.4929712
LEGKOY,3.1780179,3.5717874
LIZGOR,2.5034475,3.16217
CIYBIX,3.3804705,4.403366
DAPSUK,3.405505,2.8868768
HARVEB,2.9072645,4.579214
LAWYIR,2.3053486,2.715526
VEZMOC,3.5859165,3.7880306
POTYEC,4.2599425,4.5081053
XENLEI,1.5066944,2.9514384
YOFWEV,3.7774847,3.6595151
QEBSUN,3.5342147,3.9288769
XUTTIQ,4.2427993,4.309236
PILBES,1.8756808,2.4457192
HEGMAK,2.089018,2.4054976
EHUYUB,2.2212656,3.2375705
JABDEW,4.1315045,3.326727
WUQZOZ,4.0993953,4.528411
QUSYUY,3.039512,2.87094
LAPDAH,3.22591,3.7330184
XEDWEJ,1.8920077,2.4345095
ROHJUU,3.3739398,2.8180661
WUNBUC,2.207932,2.2277315
HOTGAY,3.3965251,4.1502013
HAKNOW,2.7211387,2.6039622
XULGAO,2.5592308,3.1365826
MUBDUI,2.2577288,2.824506
YUTKED,3.4348934,3.34748
BAJFOJ,2.9557009,2.7527795
NIHLOF,3.4819689,3.699358
NUDTIP,2.8210044,4.0073986
FENDUZ,3.8221114,4.117325
VOLYIG,3.8887792,3.8695838
YIGLIJ,4.1614375,4.697971
YOKQAT,1.5243819,2.8042994
RANLIC,3.3372045,2.9886312
CUKKAV,3.458295,2.8609548
YOSXAF,3.3687696,3.2724416
TULROI,3.2487674,3.799512
ENICEJ,2.4971888,3.0421214
SONLAK,3.0702608,3.350496
QAVVIS,2.305893,2.5895605
HEDCIC,2.2411299,2.342332
MEDHAF,3.4972074,2.8220623
ACESIK,4.014496,3.504108
ATECUY,3.3181565,3.3337736
NESXUE,1.8335032,2.2541337
NELVIL,2.805766,2.86048
TIRYUP,4.2863374,2.7296245
PEPCMO,2.5273936,2.342184
VAYVUP,3.5614262,3.4768078
KOYBEH,3.4612882,2.9803357
UJEJEZ,3.0580156,4.1020646
VIRBEE,3.5407455,3.9589472
CIQZIO,3.821567,3.822635
WEWZIH,4.263752,4.378256
WEHRUZ,2.478413,2.7633007
DAJXOD,3.044954,2.7809193
NOPFEF,3.2792442,3.5435293
ZITYOQ,2.2999063,2.5178483
BOYSEN,2.6939273,2.8794496
KIFMUI,4.6705623,3.0659535
HOZZON,3.1467247,2.4193587
MAKMOB,2.7284856,3.251274
AVOVUC,4.3911014,2.65697
JOPFOM,2.822909,2.8065608
XAJDUI,4.397088,2.8532875
QEFXIK,2.0427587,2.0166898
WUBZIE,2.1086104,2.0909922
DOXMAE,3.1176085,3.8631237
WUQZIT,4.236541,4.491055
XARTUG,3.8751736,3.1390808
BUQZIW,3.0531175,2.929812
POPTOD,3.0759752,2.888368
UJOPAK,3.8153086,2.872491
IYAXEN,2.461542,2.8052402
PILBIW,1.9480631,2.5334387
PECNUG,3.290673,2.8892512
NOLRIP,2.9763815,3.3580875
IMUJUV,1.9409882,2.5557077
TULRIC,3.3233266,3.8839424
GUTVIA,2.7978747,3.166546
PIZXUS,3.395981,3.0374422
KISJEB,4.214227,4.048807
GOFZAD,2.2043943,3.0407941
CEQDEJ,2.860461,2.9349775
FIDPAK,5.735888,3.575285
ZAQXAQ,3.9233377,4.4313884
RIYHOW,2.573653,2.6042318
KUBSOR,2.5771904,3.986516
SUGNIT,2.858284,3.3710675
AHEVAM,1.5954036,1.5356493
ILUNAF,3.3981578,4.0380945
IRAFIQ,3.4806085,3.4309826
CAKVUG,3.2604682,3.990282
HOZRUK,2.2022176,2.6781676
LERCAM,2.9761093,1.9712155
ILUNIN,2.738554,2.7887208
PIYHOU,1.0786593,2.2262123
ACUTAU,2.2980015,1.8078663
CAJSOV,3.7012928,3.5194094
ATIXAD,3.061009,3.2289639
YEMNIQ,2.89638,3.370652
LUGVEP,2.322492,2.447132
RIXWUQ,3.6430604,4.2918735
AYAPIB,2.8190997,2.1645267
BAGFOF,1.76874,2.3089893
SEKREF,1.9867033,2.3611255
FOBVIB,2.9431834,2.817572
BUFTON,4.565254,3.1824367
GIYVIV,3.5597935,3.9613996
SOHZUL,3.9208887,3.6368492
WUJPIB,4.21586,4.1698823
QITXIC,2.2076597,1.3791498
ASEVEB,3.6215634,4.109484
TUVKOK,2.1407197,2.8655934
CONKAR,3.14482,3.2751634
FACJOI,3.8773503,2.9206102
UMOVOH,2.3102467,2.184127
NECLOX,4.0716395,3.9476678
REZCOQ,2.286845,2.8371503
ILEGEL,4.0572176,4.395175
DOQGEY,3.204413,3.3928232
JOWNUE,3.8466015,3.6877081
OFAGIL,1.8588098,2.4019961
TIPYEW,4.1255183,4.316825
COPSEG,3.0770636,2.813878
PHQUMO,2.4503853,2.8273482
YEKPOW,2.3290226,2.5949721
RUYZIV,3.9633384,4.4436626
IBIQAN,1.8030264,1.7921879
FIHKEM,2.7156963,2.6253927
HOZSAR,2.2152789,2.7462304
POJCEW,4.1842947,4.178632
SECROI,3.610951,4.1417274
LOQMUZ,2.3984115,3.0865858
NEZGEE,3.4370701,2.9287503
MOQQAK,3.8204787,4.6373434
DETKIW,1.8422109,2.610786
XETHUZ,3.8961263,2.9638247
ICCTMO,3.0582876,3.183044
SODRUY,3.3573408,3.4770904
KIVNAE,4.203343,4.1700325
YIQCEG,3.656666,3.564035
JURCAC,3.3954368,4.3754396
BAKSUB,3.7470078,4.188055
UJACUE,2.5385501,3.9958527
ZUGTIE,4.4972258,4.7455835
BOGHEK,2.385078,3.2929165
KIHXIL,1.0353932,2.9575276
KUJCEX,3.085499,3.0036554
FEZHUP,2.8482158,2.8831942
LOSDUU,3.6879592,2.9294808
DELBIF,3.8963983,4.448015
QAJLOD,1.9396276,3.0870075
JUBXUB,1.9902408,2.6120415
WONFEK,1.8577213,2.5180683
ZEHNEF,2.150788,2.9192939
FOFMUJ,2.7788267,2.9156327
SIXYON,3.0574713,3.9088469
UBUNIQ,2.8865838,2.7194526
XESCIJ,2.915428,3.876278
DENPAO,3.7766683,4.02071
BOVCAT,2.057181,2.4033334
PUWMID,2.8756993,2.809961
KEYCUO,3.417478,2.9987633
XICXIQ,2.8857675,3.3656354
DAQGUX,2.7635884,3.215268
CSMPMO,3.5804741,3.4986267
EMULON,2.7418194,3.2462718
TIRTUJ,2.3241246,2.186194
VUWSEM,2.6811378,3.1285403
GIJLAM,2.9271288,3.58885
TENDOF,5.888816,3.6524715
VOLXUR,3.7412934,3.8140092
MARVUZ,4.361441,3.316307
LURHEL,3.1899908,2.8667948
IGIQOG,3.1347518,3.618829
KASCAL,3.1973379,2.8447893
XONBIL,4.8351912,3.1105564
CETZEJ,2.7622278,2.9231174
NIPYAO,1.9483353,2.4502602
ZEDXAH,2.5483463,1.700691
SAZYOJ,3.2101274,3.5704432
SIPHAB,3.0139332,2.8421144
YAQQAI,3.6248288,3.045601
MAKBEH,4.717638,3.072963
PIXYEA,3.3355718,3.3905427
ESUNOV,2.081399,2.045123
NIPKII,1.9684716,2.1759737
MEVZUI,3.4806085,4.010825
WAJJOH,4.5715127,4.655148
DIZJEB,2.2805862,1.8724599
DEJXEV,3.39843,4.5222383
QILQOR,3.0607367,2.8380902
JUBXOV,1.8261561,2.322577
ROQHAG,3.9257867,4.1856174
KAZMAA,2.8612773,3.1877112
ZAFVOR,4.058306,3.0845199
GOBMUF,3.7002044,3.7479186
CPCYSM,2.4035819,2.6883214
DIZMEE,2.0748682,1.5270727
DINLIY,3.384008,4.2400875
ESAREW,3.7170753,3.177093
YEBGOC,3.2615569,4.1647267
ICOQEW,2.98264,3.3036954
VURFIX,2.5453532,2.7795317
RIPCAW,2.435419,2.6912236
CECZEP,3.5192485,4.858062
JAFSOZ,2.9339316,3.6339073
XEVHAH,5.792216,3.5137455
YEGLAZ,3.9755836,3.0208583
YUPWOV,3.31217,2.8400435
SERQAJ,3.883609,4.2228403
JIHLIY,3.7151706,3.8581448
IZOGOT,4.0422516,3.8578491
SIXBIN,2.4865766,2.7904215
LIJQED,3.3712187,2.918174
SUGNAL,2.7608674,3.328878
MEXCIB,2.4408615,1.9805973
VIFTIN,2.351608,2.8838878
RUYFAU,2.8971963,3.1401672
WUZPAI,1.9554102,2.4259214
MYCHMO,3.3589735,3.9923725
WEPPIT,2.0106494,2.1420217
MAVDUI,3.9451067,4.080541
EXUXAW,3.2792442,2.957268
JAZSEI,4.533689,3.2261891
RIGHUN,0.99648094,2.843338
REDXAZ,2.5480742,3.2417755
NACPUF,3.1567929,2.334149
GIRLUO,2.1575909,3.220021
JICDAA,0.83076364,3.3834457
KEGWAU,1.8239793,2.5206876
HISPUW,4.738863,3.0312696
RIPBID,2.7429078,2.6817665
HATROM,3.9793932,2.9592123
AKAROU,2.5249445,2.7761278
SIKPOT,3.1012816,3.827679
QOFRIO,2.7048118,3.0392985
TIYTON,4.1500087,3.9438355
ROCWAK,1.1363475,2.0146608
VAYVOJ,3.3380208,3.528546
PORKUD,2.621817,2.8793766
WIVVUT,2.9249518,2.4726427
MABRIR,2.657464,3.055598
BAWKAN,2.3820848,3.251741
XEKCAS,1.7246577,2.225862
DUYYOL,1.6672417,2.3089645
ZAVJOX,3.0163822,3.374744
QOMJOR,3.247951,3.1193564
UWOPIH,4.2876983,3.073065
FOVLIN,3.3497217,3.7882187
DUKMUS,3.3412862,2.9747996
HIJBEH,3.9761279,3.8358598
VAHBOV,4.048238,4.0793185
PIKFOG,2.9510748,3.3523152
BOHKIS,1.4441082,2.5063148
BUVLUZ,4.304297,3.9401402
LIDPIX,1.1466879,2.201992
GATGEQ,2.3891597,2.7774396
DEMDUX,3.5851002,4.050473
NAPNEZ,1.2231518,2.6634464
VILMUY,0.9543033,3.1957216
CEMTEV,1.1124015,2.9668093
AQEZED,2.7488942,3.8463318
ZASHEI,3.9467394,3.0699341
DIHJEM,2.5453532,2.3497467
ZOTFAP,1.725474,3.6433673
SEZLIT,1.8729597,2.5963933
BOXHUR,3.2748904,3.192
AYAPOG,3.3421025,2.878244
ZAVHIP,3.0931182,3.9635873
NUHPIR,1.359753,2.180194
XIKWUK,1.5782604,2.2849736
TOWSIH,2.354329,2.8562076
NESYEP,1.4993473,1.8563794
KUJCAT,3.0626416,2.7510304
SOTKIV,3.446322,4.2142916
HITBIX,3.0868597,2.7382112
QOJLUW,2.8041334,2.335207
KEHQEV,2.3192265,3.0295422
JITHAV,4.1886487,4.053828
GAJQIT,4.1268787,3.3650196
YUJPUO,2.0141869,3.6842756
UDIVIM,2.9769256,2.8833096
FEXXEO,2.9962456,2.7751358
TEKVOW,2.7404587,3.0435429
YEPWIZ,3.8242881,3.9254751
ZEYJUL,3.8120432,2.9906533
TORDOT,1.1711781,3.4955323
SISBIG,2.7116146,3.5571928
SILVIU,2.5486183,3.3286328
DILYOM,2.038677,2.9439735
XIYLUP,3.1486294,4.081623
YAFMOK,2.60032,3.227787
KIGTEZ,3.9524539,4.0859904
LATMEY,2.8253582,3.706666
AFESEM,3.3853686,2.6317596
DEWZUC,2.6990974,2.1336474
TEBSAU,2.5407271,2.3415155
LASJEU,3.1943445,4.6661577
KEJNAP,2.7690306,1.862854
JASJES,3.637618,3.7874777
DOWKAB,3.304823,4.453525
NACYAR,3.9783046,3.1591125
CACXEJ,4.357087,4.274131
ZAVJIR,0.53116626,2.791907
GEXXEO,1.1072313,2.407715
BIFNUA,3.94293,3.9595346
KEPQOL,2.9973342,3.9799695
TOJYUM,2.4073913,3.0734096
DAMKUY,2.7815478,3.5762334
NONDUR,2.9600546,2.777636
KAKBIH,2.5170531,2.6011167
BAXDAH,1.9997648,2.407875
ZAYCOT,3.2463183,2.6902544
ZUSBAQ,3.6139443,3.733322
REYFEH,3.317068,3.2635758
SIKTEN,3.5450995,3.3816142
FIGQOE,2.5031755,2.752287
TUHJAI,2.2460277,2.9502256
BIYYAJ,4.0814357,4.24818
HUJCOF,3.058832,3.9237916
VOGTOA,3.8778946,3.0233948
LESGEV,3.7608857,3.5775945
LALTUO,3.0248177,2.8176117
IWEYAL,3.0680838,2.8799076
WEDXEI,4.3913736,3.0511928
CIRBEN,3.8947656,3.798139
EDURIE,2.8131132,2.5174327
ADOMEO,0.979882,2.2623982
CATBOO,3.5170717,3.2028637
LEKGUF,0.7738918,1.4378091
NIHLIZ,3.5810184,3.748346
YIGSOW,3.6955783,3.8532097
NIRGIE,3.2495837,3.9651487
COFNAO,3.240604,3.6375442
COCTMP,4.121709,4.1337914
HURJOT,3.7080956,3.8200765
XOZWIS,1.2851938,2.0908453
ENICAF,2.6435862,3.107728
VEZGAI,2.982368,2.883593
JOLYOB,2.9668574,2.8288693
UHIKUS,1.5477836,3.1188679
ARISOJ,2.7401867,2.716261
SASHOJ,2.9374692,3.0480666
DAXZUX,2.8359706,2.9260433
FIMVIJ,2.7263088,3.3259304
ISEFAN,3.7478242,2.9504638
BACLUN,2.3344648,2.7043185
VUQRUV,1.3241061,2.3892417
FUTSUJ,2.5031755,3.2386475
EMEGUY,4.2528677,4.5467734
WONFIO,1.830782,2.4508767
MAYKUT,3.185637,3.704587
XEVGUA,5.692622,3.5159516
KUFZUH,4.2223907,3.7651153
RIWPIZ,4.55056,4.88683
MEHXEF,3.3350275,3.7625375
NIPTAH,4.516274,4.288357
DETTOM,3.53748,2.6926017
ELOMOJ,3.4626489,4.1354766
KIDLIU,3.4626489,2.9862278
HUYVOO,4.7584553,3.2214353
KAYXIU,3.2011476,3.7981994
VEXXAX,3.6569383,3.8750498
WEQBIF,3.472717,4.2135572
FUYQUN,3.4803362,3.4247098
PIYKEN,3.4879556,3.7247748
JEXPAG,2.2454836,1.9849923
IPUYIB,3.749729,3.4391675
BEQRIZ,2.0340512,2.3995576
WUJPEX,4.2501464,4.1459494
NOFGIY,3.9676921,2.2930174
YAQMUA,2.7494385,2.6501086
DIZQAE,2.1352775,1.8033172
KUSFEJ,0.08734855,1.611265
BINFAH,3.52714,2.8396292
CONMAT,4.1353145,4.014323
JAFTUF,3.19761,3.8230844
OSALMO,3.1565208,2.7287471
ZAZGUC,0.9047786,2.2613058
OZEDII,2.5314753,3.3948853
DUSGUT,4.1230693,4.427447
YEJGAW,4.0591226,4.013081
MELBEN,1.9222124,1.8345146
YEWRAU,2.8512092,2.614766
ROMXOI,2.846311,3.6279335
NOWCOR,1.8443878,2.6372144
KIWCEY,2.9891708,2.647012
QUCHED,3.238155,2.8979154
LOLCIA,2.6103883,2.6759145
MAYKED,3.2150252,3.565784
ZEXMAT,4.4256597,3.0942705
DIYBAQ,4.3119164,4.487196
ZOGCUT,3.2675433,3.1493661
TIRDAA,5.8850064,3.4394777
EGEBOI,2.3192265,2.4467726
KEJLOB,2.5869865,3.1944702
BAGFAR,1.962213,2.6759799
XAKLOK,2.4811342,2.8616443
JEGPER,3.3755724,3.9049559
ROHSOW,4.761176,3.0624857
YORNEY,2.9314826,2.9602947
VETKUC,3.0955672,3.864969
RUNNOE,3.916535,4.158107
TIRTET,2.4076633,2.380094
XOTLUP,3.3069997,2.9117804
LECZIE,3.099377,2.9792902
MAVGAR,2.3831732,2.2916415
EWOTER,2.8550186,3.8279822
JINKEW,2.9527075,3.3829646
EBAMIE,2.6250825,2.7102184
NACPIT,3.295571,2.8645976
FEXRIJ,3.1510785,2.8899372
TIHBOB,4.000074,4.254518
BECNEC,4.072456,4.264317
NASRIK,3.123595,4.1702013
WIVWOO,2.7486222,2.6450577
DAPTOF,2.8999174,2.662113
JITKIG,3.006314,3.1918707
MIZRAR,2.628892,2.9376187
XOYPOQ,2.979919,2.2795868
QACFOQ,1.9088788,2.2059965
KEMKIW,2.942367,2.9900937
BUFJUJ,5.2229533,3.2367215
GOBPEV,2.6664438,2.628657
TEPVEP,3.536936,3.8044722
FILBIM,3.704286,3.8614597
JOLXAL,2.552428,2.611401
FOCMAL,2.4982774,2.314286
SIKROV,3.0286274,3.3298671
PICMOD,3.6114953,4.15419
DEYJAU,3.1965215,2.8053231
NASPEC,3.7679605,3.9872441
ACILAZ,3.776124,3.0440867
ADUFUB,2.9382856,3.331241
VUDWUN,3.7366676,3.9698334
BENFEF,4.0874224,3.7554598
WAFGUF,3.840343,3.5878754
COSVAH,3.3069997,3.088939
WEPNOX,2.9146116,2.7412562
BAXCEK,1.969288,2.3271623
RIGKEX,4.2528677,4.1391315
NATZOZ,2.6280756,2.7259731
IPAMES,3.7298646,3.0170145
QAZFOO,2.975021,4.6516542
RIVZEB,1.2345806,3.4739425
ZIYYUB,2.9263124,2.8334737
QOMGII,2.7306626,3.2489219
WOGNIQ,4.424027,4.3693438
LIJQUS,0.8691317,3.0663974
PUYBUG,0.5929361,1.9385333
JODLUJ,3.6095903,3.7834587
CIVZOY,2.7736566,2.7829504
YEQGIN,0.9202891,2.6225154
OQOKUB,2.9222307,2.6861181
HALGOR,4.3459306,4.2787333
FIVJOK,2.8740666,2.8324134
JAVBAK,3.3845522,4.07607
BAXBOT,1.8264283,2.4202054
MUBFAQ,2.4324257,2.7475033
JIVGAZ,3.1823716,3.8680036
METLAZ,3.716531,3.117439
ZAQKOR,3.090125,3.282398
UNAVOU,3.567685,2.8805025
ABIKOM,4.0066047,3.1792622
TUQSAZ,2.9927082,3.3757825
VIBWOS,3.2185628,3.2078078
QUSDOX,3.226182,3.0625687
QOLDIG,3.6438768,3.9739997
KUZHAO,1.9948667,2.6818001
SUVVUA,4.8550553,4.6738505
DERYUV,1.5186675,1.7289925
YAFPIH,1.9945946,2.458341
HOSFIF,1.7760872,2.9964194
YUXZIC,3.2294474,2.8834846
CETMOB,2.592701,2.6439686
NUXMUO,3.5290446,3.8448906
NOXMIW,2.367935,2.7453454
BOKFOZ,2.1341891,2.5604892
ZILLIR,2.815018,2.8583055
KUBSEH,2.535829,4.152398
CFBXMO,2.200857,2.867942
ERIQON,3.1589699,2.960547
GOBNAM,3.5415618,3.613112
OCOYAG,3.4830575,2.8180587
LAFNUE,2.9355643,2.78407
WUYQUC,3.037607,2.7590458
IXUXEE,4.834375,3.1111016
XEDJUL,3.876534,4.1202817
MEWCUM,3.307272,3.9322367
NILTUX,5.482006,3.2354674
BIPZIJ,3.458023,4.0145793
SOCQUW,2.858284,2.76478
ZUVDOL,3.3260477,2.392645
DEHNEJ,2.6030412,3.9277697
QEPHAW,3.1467247,3.7175407
AREJEN,3.1573372,3.1440578
KONNAC,3.2395155,3.1866767
WUNBIQ,2.5105226,2.43956
SAYHOR,1.9298315,2.2519026
WUYREN,2.7654932,2.882556
CUDQAT,5.696704,3.2938719
NEDKEM,3.8904119,3.0870378
FOFMIX,2.7246761,2.7604654
IYURUP,2.6302526,3.0388777
BOFTOH,2.1989522,2.7036712
EFELOR,2.80114,3.1970139
DACZOY,4.2596703,3.5127466
WACHEN,1.8541839,2.709599
MIPQUX,2.9551566,3.8116064
AJUJUM,3.1957052,2.8295522
XANWEO,2.8816857,2.860447
TULCIM,3.4283626,4.3752446
GUGSEH,3.4044166,2.935657
WIQGAG,3.01611,2.8667264
ZOGDAA,3.6724486,2.9784515
TOHVEU,0.98668486,3.4806542
NEVMEI,2.9502585,2.808147
LOQHII,2.638688,2.8602326
FOCMEP,3.3426466,2.7713444
JILJET,2.917605,3.367231
KIWCIC,2.8003237,1.8169374
XAGJIA,4.03817,3.8549178
QASDIX,3.6721766,2.6349008
HINTOO,3.3684976,4.2300744
VEZFUB,2.9026387,2.955995
VADKES,2.6876686,3.5243602
YOFHEJ,3.3246872,3.7413032
NAZQOX,2.016908,3.3937194
WUCRIV,2.8405967,3.5248928
PHNOMO,3.8855138,2.9358695
VIRBUU,4.0523195,4.322991
YOYGAU,2.38018,3.0513947
MALWOL,3.8185737,2.996461
UCUWUK,2.925224,3.6037436
LOQHUU,3.1483574,2.7683213
VUDQUH,3.0536618,2.847499
OCUTIP,2.473515,2.7027664
EJIBEF,1.9886081,2.4488316
QIWMUH,3.620475,3.6030304
EZOWOF,2.9091692,3.8631094
TEZXIH,3.4898603,2.8380454
EBOLIR,3.307272,3.3638842
DOWKEF,0.90722764,4.1764164
ZUFWAA,2.7739286,2.7776687
IDAFEA,3.4694517,2.954532
ZUHWEG,3.54646,3.623528
XARTIU,3.0406003,3.1158743
LEVYOD,2.282491,3.166307
GAHKOQ,2.9763815,2.9663935
VOMREW,3.3450956,3.9006116
VEBLET,3.5257792,3.2868345
COPTEH,3.0479474,2.7434044
FEZPOS,4.90458,3.0553963
ZEGTUA,3.047131,3.4094362
YORTIK,3.0776079,2.8120723
CEHTUF,1.6054717,2.4731257
RIPYUN,3.1230507,2.9363444
LALVEA,3.0199196,2.796886
KAZMUV,3.1347518,2.427568
XEMPIP,3.0454984,3.0531917
ZAVKEO,3.5902703,3.992238
YADSAZ,3.945651,3.0231624
FACCUH,3.6245565,2.883708
CEKCIF,2.72005,2.792265
IZUQID,3.71381,4.281275
PICMIX,3.7265995,4.1739135
DIGKIN,2.8882165,3.0048242
DARMAM,1.6405745,2.0903583
QOXXIL,4.2506905,3.0774262
ZUDNIX,3.0727098,2.8486192
XOWNEC,2.621817,3.5506735
MIDLUI,1.4408429,2.4337597
ROCVIR,3.1535275,2.8751092
ICIPIU,3.4710844,3.5109336
SAKQOM,1.9034364,2.9364002
ROCWEO,0.8952546,1.9933017
WEHDOC,3.0362465,2.8659043
GUTSUK,3.0150216,2.6644297
XUTNOQ,3.2593799,3.4352946
WIQCOQ,2.90155,2.6525507
OREYAM,2.423446,2.9004428
IRAWIH,2.9195096,3.1214345
ATEDAF,3.7908182,3.6472616
WACGIQ,1.8960894,2.476563
MIDKUH,1.682208,2.2840278
HIMAMO,2.0389493,2.369684
ETOSIQ,3.0792406,2.8381426
KEFXID,4.4174967,4.678795
AVEXIK,2.915156,2.9979525
NESYAL,1.8827558,2.2331934
KEJNIX,2.912979,3.0143275
XANSEK,4.334774,4.331875
WARDIC,2.292287,2.765949
OPXMOL,3.991094,2.451283
ZAVBED,3.5222418,4.228636
FIRGIY,2.9725718,2.8874443
ZIBYAM,2.9717555,2.8846781
WUNBAI,2.6444025,2.2678232
WIZTOR,2.5494347,2.9545388
LETQIK,3.2465904,2.6500516
SIXCOU,2.645491,2.7710042
PMSIMO,3.8400707,4.231702
BUQGAX,4.567159,4.6684856
NIGMAU,1.8446599,2.885477
ZAZGOW,1.8329589,1.6101391
KUJBOH,3.1148875,2.7966828
CETYIM,2.8044055,2.8155236
LIHMOE,4.1592603,3.700406
ROFQAE,3.5491812,3.8274894
NASBEQ,3.9660594,3.292923
TAKLEW,3.0868597,2.6616166
WAZJUC,4.027829,4.2860518
HEDCOI,2.6381438,2.3833063
XUJFAJ,3.7108169,2.9554844
ZAVFUA,6.1198406,3.5089865
DIBRUD,2.0846643,1.6183864
BUGXAC,3.7978933,4.085072
SALTMO,3.0669954,2.6958647
SEBHEM,3.2147532,3.9903214
YUHLOC,3.1772015,2.9360611
EXURUL,3.9369433,4.095772
MERXIQ,3.467819,3.8210206
UDEQEA,3.2460463,2.8427784
XALRAD,4.308651,4.6889143
HISQIK,4.318447,4.5234632
CIVQEE,2.1140525,2.2613878
FIWNEG,3.795172,3.8637822
HADTUE,3.5546234,3.0330517
XARTOA,3.9878287,3.14742
GIGROG,3.0517569,2.705594
JEGPIV,3.2797885,3.6451483
BIWCEQ,3.2103994,2.9836931
HINJEW,3.9965363,2.7740643
SAYHEH,1.9064298,2.1874614
WORFEQ,4.1407566,3.7908912
WUHTOK,2.738554,3.0498219
NIHLEV,3.4928536,3.9181385
GIRMAV,3.4920373,2.9577124
LOSFAC,3.7086399,2.962749
YARBAV,1.9254777,1.7424423
CUFSAZ,3.4958467,3.6838992
WIWQEA,2.5777347,1.899456
REBYOM,4.67029,3.19635
YIXHIX,4.504845,4.582413
MACXIY,4.301848,3.960956
HAGKOQ,4.4607625,3.508803
QUTWIN,3.5173438,3.289335
YEDHIB,3.0748866,2.853507
MONWOC,2.1706524,2.745313
YATMAJ,2.9116182,2.8577657
WEPMOV,1.9086066,2.8342717
VIFTOT,2.370928,2.8102236
ONEYOX,2.1135085,1.8388135
QOFREK,2.7069888,3.038663
ZEYGER,2.9472651,3.3727407
NARDIU,3.661564,3.0800219
QUTXAG,3.5597935,3.3749228
ZEHXUF,3.5382965,4.6912117
IDAHIG,1.9973158,3.1131046
NIHTUW,3.5508137,2.8957987
HOZHAF,3.0694444,2.8375304
EXEJAS,3.090125,3.027849
OHIPUS,3.350538,2.8887298
EGEBIE,3.0188313,2.2155037
BIMNUJ,3.4019675,2.8743124
NIXLIS,2.7763777,2.7523508
PAHHUE,2.6754234,2.889885
UCEYEJ,4.1579,4.7517157
BULNED,3.3233266,2.9623637
QAWMOS,2.243851,3.2578595
YIKTAN,4.4656606,4.694742
JIYZAT,1.9456141,1.9311941
DUNNUV,1.8386734,2.3964307
DURROX,3.0822337,4.0727663
VAGLAR,2.1350055,2.272577
OZEDEE,2.5265772,3.628025
PIYGEK,3.04441,3.3657398
WUNNAW,1.8852048,2.5263658
ADMTMO,0.26558313,3.094308
XOZWOY,1.8373128,1.5120671
FAPMEO,2.3426282,3.6445518
VOGGAZ,2.8278072,4.091633
RIWPEV,4.5853906,4.816731
EGUZIP,3.2136648,3.0011804
YUFBEH,3.7763963,3.7729564
AKENEJ,2.569299,3.32438
EPOXEN,3.3094487,2.6841965
XUKBEK,2.9241357,3.4091601
QUMQIY,2.7997794,3.0684996
KUMLIN,0.55021423,3.1021636
GEJBUS,3.4501317,4.4442873
YORNAU,3.0569272,2.9518528
VOTQOM,2.54753,2.6261568
BAMSOY,3.0054977,3.2829163
BOWWUH,1.9826216,2.998023
HITBET,3.0313485,2.7335935
OSEQUZ,4.1527295,3.9147344
KURFEK,1.9665669,2.8316996
IDAPUB,2.8468552,2.8564844
SIXCAG,2.7439961,2.7909458
WETFEH,2.4463036,3.120835
GUFDOA,2.387527,3.0045557
KUKDIF,3.5260515,3.4212947
KATNOI,3.204685,3.1651592
HEXCIX,2.6710696,2.5841184
NISJII,3.1861813,2.7663593
NAZNUA,3.2517607,3.779799
DTBZMO,1.8427551,1.885931
QUTWUZ,3.0623693,3.1532621
XANQAE,1.9507843,3.5793872
KIDMAN,3.4313557,2.995216
JIQLOK,3.5339427,3.7771575
SIKSEM,2.9769256,3.3648376
FOFDUZ,1.7611209,2.282245
JAZROR,4.265929,3.1810102
MUQRUL,3.047131,3.247896
FEWPUU,2.9488978,2.8378835
RINKOQ,2.8860397,2.8485277
WEYHEN,2.5962384,3.9685073
MOJROT,1.8952731,2.388565
QIXLUF,3.7265995,2.7512555
ICEVAP,3.9119089,4.2152996
SAWFEB,1.9045249,2.5516255
MAPVII,3.8727245,2.9874961
YAFMEA,3.491493,3.2838886
KAJQIW,3.4422405,2.8949063
ULOQET,2.8093035,2.9818711
VOCTAI,3.8038797,3.0763237
USAZIY,2.9116182,2.7433105
REDWIG,2.5461695,3.5671768
BAXDOV,1.8027543,1.973125
RABLIL,2.414194,2.8385751
JAWRUU,3.0283551,4.1273046
NECZEA,1.335807,2.7273731
FUXMUH,2.2482047,1.9160328
TIYTEA,3.4093146,2.985072
MAKBUX,4.6947803,2.9061012
MAZTIT,4.052864,4.0729103
OTUHER,1.9858869,1.5689477
YODCIE,3.056383,2.7095795
RATTAJ,3.4838738,3.5749354
ATUPAG,1.8813952,2.5592532
OKAPEX,0.96627635,3.2948165
SAYHIL,1.9001712,2.3949761
DEMDOO,3.2591078,3.8257265
VUHWEB,3.9764,3.8317854
REVVET,2.489842,2.374457
RILSUC,4.3745027,3.0855868
DIBSOY,2.1023517,1.6018997
BAXBEJ,1.797312,2.4342363
GEPSEZ,4.073272,4.232006
BUQGEB,4.559268,4.5507812
BABQIF,1.981261,2.6808798
LAWFOG,3.1396496,3.5184994
MIWVAS,2.7140636,2.9067287
NEMGIW,2.8063102,3.2643983
DEPJEN,3.5616984,3.4685454
OCOXUZ,3.49884,2.800786
ZUSBEU,3.895038,3.7852054
NUJFUV,2.961415,3.195235
OGIDAK,3.0552945,3.3518445
MAWKOK,3.312714,2.5060446
YEBQUU,3.6425161,2.8345602
HAGDUO,3.7225177,2.8862484
CEFHAY,2.6999137,2.644579
HUCMIB,1.940716,2.5579324
KEKBUX,1.8141831,2.2994826
CEZYOV,3.78075,4.066097
DAJYAQ,2.7676702,2.7447255
YIYZUB,0.8617846,2.3464973
OHIREC,3.1241393,3.8579693
XOYZES,1.8895587,2.13282
KIPWEL,3.4278183,3.6194768
LAFTER,4.3559985,4.0990505
WIXCEL,3.7336743,2.0816193
LERCEQ,2.901006,2.3542523
KAXFOF,3.244958,3.528077
SOHZIZ,3.4278183,3.562597
FARREV,4.0838847,4.237219
QEKJAS,3.6419718,3.0408134
MAKMOA,3.0713491,3.3542986
ICOXUU,1.8647963,3.081273
ETOTUD,2.8697128,2.788309
VARVOZ,2.3148727,2.5661507
NIPXUH,1.9447978,1.6480569
SONROC,2.5853539,3.7644334
CAPKOT,3.5431945,3.2957253
FUQLEK,1.8430272,2.3170629
AVETIE,3.1739361,2.4924655
CETYUV,2.9020944,3.0357437
VIFFOF,4.0670137,4.011356
SIRZUP,3.5255072,3.5639577
FAJGUT,2.7012744,3.0260668
YUDZED,3.9464674,4.00848
MEMZIN,2.7396424,2.9020894
ATIWUW,3.0367906,3.222117
LOLCAS,2.6868522,2.6636784
JEWPOR,2.9935246,4.120698
BUYMOY,2.8261745,2.8172925
QAJVAB,3.943202,3.8713384
JIVFAY,3.9091878,4.4964266
VACLAN,3.8109546,3.8558934
PECNEQ,3.3325784,2.9271858
DIJFAD,2.8928425,3.6671157
MENLOG,4.533145,3.116516
VIYZAE,3.7837431,3.8675227
XCECMO,3.1157038,3.078716
KAZMEF,3.2321684,2.4623597
DUQDAW,1.4740407,2.2828524
NIXLAK,2.796242,2.818974
GOZCUV,3.0523012,2.847974
YOFMEL,3.145092,3.471362
OGEXUU,3.4259136,3.7146192
VIVZIL,3.0008717,3.7359877
PABWUL,2.9399183,3.065599
ERUDAW,2.2982736,2.7948601
YUYBAX,3.0223687,2.8830268
KIBNOY,3.2087667,3.6385715
HIYNIP,1.8247956,2.6637416
KEJMIW,2.593245,2.5528889
INASIA,1.625064,2.789953
NAKZAA,3.8147643,3.8072186
ZEPSIW,4.070823,4.094962
ZEZSII,2.3736491,3.4210649
DEYHUM,2.8071265,2.8534358
ZOMFAL,2.920326,2.7562459
KEWLUU,4.073817,3.5776536
MAZFOL,3.0365186,2.8470454
LAMYAZ,1.2664179,3.080991
XITBIL,3.943202,3.8949015
JUQGIN,2.5535164,3.7903066
VIYYOR,3.672993,3.842211
ATUQEM,3.890684,3.032309
XOYPIK,2.3820848,3.030088
KUYNUN,1.9154094,3.9135764
GUZRUO,3.1562488,4.106531
TAWNIO,4.4697423,4.4507437
BAHCIW,3.314891,3.5804675
XADCAG,3.4517643,2.8296566
QOMGUU,3.1597862,3.0379376
QAWYES,1.9056134,2.8862252
GATHER,2.743724,2.8124697
JUQGUZ,2.2724228,3.4124455
NEVJUT,2.985089,3.417777
DIMCUX,2.2062993,3.1630263
SOKPOY,3.651224,3.2572062
CIVZUE,3.1200576,2.8605604
SAGBEK,2.9524355,2.8049552
UDODAT,4.3687882,4.182155
IXOKUB,4.0977626,4.5790854
YORPIE,4.251779,4.563027
GOBNEQ,3.6966667,4.0389214
DOGNOC,2.7807317,3.7083185
UPOGUC,2.5486183,2.8505113
PEBDEF,2.7562413,2.183977
VAMCER,3.5064592,3.5904984
BEVYOQ,4.435456,4.365848
GEPCEJ,3.4289067,3.748949
KENHEQ,2.2830353,3.8290157
TOLPIT,2.941551,3.1120276
WEDSUT,3.9584403,4.0772014
NOLQAG,2.8190997,2.6099029
VINJAE,3.2604682,2.8131578
RUZGUQ,3.7483685,2.86606
JUFXEN,3.4348934,3.0069795
POPYEY,2.7774663,2.7612636
MIKBEO,2.917877,3.4513683
ZOJROI,2.7350163,2.8465514
VEFMEY,3.6547613,3.042025
XUKTIG,2.666988,3.0270367
DIXBUH,2.3458936,2.3655396
MAXPAD,3.4136684,3.8797035
RATVIT,3.1195133,2.8642666
JONSAI,2.81529,3.6093845
FOMDOA,3.2498558,2.8693988
ROFNOP,3.4430566,3.3994915
CIVKEY,3.0144773,3.1694033
JUBYEM,1.6541802,2.4814155
VIQZEB,4.065381,4.4005914
SOTQOK,3.2057734,4.000847
ZACSEE,4.2267447,3.1582105
ICOPIZ,2.7929766,3.3300743
IPAMIW,3.7132657,3.0571718
VIYYUX,3.61857,3.95992
NIBWUZ,3.6003385,3.85105
VOBGUR,2.2977295,2.4627025
NARFAP,3.568229,2.899699
BAKGIE,1.861803,2.3692386
ZEHVOX,2.7978747,3.0049598
TIRSUI,2.6400487,2.3608375
FIKKOA,2.2974575,2.4142559
KIXSUG,1.9684716,2.3023624
KAVZOW,2.243579,2.6485193
NACQAM,0.11755319,1.6324683
MUFKUU,4.2302823,3.1059988
QITSUH,3.515983,3.6884723
SIFTOS,2.9605987,3.1269538
DARTIZ,4.1927304,2.864701
BUPKIH,2.9935246,2.1292515
HAXSIJ,3.1818273,2.821839
FOGFUF,3.0678117,2.6668992
IRUCEE,2.9902592,2.8240385
GANTEU,2.7045398,3.5082605
MOMGAW,3.2942104,2.85104
RETZEV,2.2155511,3.1977756
VOXRAD,4.378312,4.471101
XEKCEW,1.8084687,2.2300463
DEGWAN,1.6715955,2.8919733
QOPDUU,5.5105777,3.7031276
TEGXIN,2.2805862,2.7313864
SAYGUW,1.940716,2.295127
JUBZOX,1.7047933,2.3230217
DETTIG,3.2751625,2.3433325
OKUTET,3.0030487,4.205266
PEPCES,2.7224991,2.436816
KOLPUW,2.5420878,2.2657456
ZAXPIX,2.939646,3.0796084
TIYTIE,2.9625037,2.891073
BAJGOK,3.6036038,2.887829
SILVUE,3.1241393,3.0414338
BASJOU,1.8310542,1.7215408
PXCPYM,2.7570577,1.6945063
RURCEM,3.5864606,3.7169933
BEBXAI,2.961143,3.9474883
PERSOU,3.9687808,3.1512487
UDIVOS,3.2150252,2.759574
PIKRIN,3.98674,2.1179419
EGIFOP,2.1994963,2.7396812
ROQGIN,3.1146152,4.1603994
FIGQUK,3.06373,2.9113295
LOFLIC,2.5418155,2.7216592
DUGSIH,1.7105078,2.391004
TUKCOS,3.5627868,3.931227
JOJPUW,3.2321684,3.991081
WIYROL,3.4259136,3.9885507
YORMUN,3.0601926,2.9504642
ZAVKOY,3.0275388,3.4012284
FAWRIE,3.4430566,3.6912174
WUNBEM,2.5097063,2.334053
JEBJAB,3.2615569,4.1031365
PEDTOH,4.2313704,3.6687582
CEPHEM,1.2900919,2.4197717
KEJNET,2.7883508,3.0883305
BAMGUR,3.1652284,3.185218
TORDIN,1.8158158,2.4874978
FOVLEJ,2.4509296,2.1623604
CETZOT,2.7684865,2.8071616
POFJIG,2.994341,2.8181608
CAFLAW,3.395981,3.1259568
VUZBAU,2.9698508,3.7358346
FOSTOW,3.5908146,3.5850067
WAZLOY,2.495556,3.1577053
VELKUS,3.293394,3.4462857
XAMKUT,1.510232,2.2901475
LEKCIP,1.082469,1.5603759
KUBBUF,3.2656384,2.7568178
VIJBOG,3.659115,2.8768034
WOFWOE,3.2612846,2.796683
MITFAY,3.2686317,3.6350455
SUVROR,2.9260404,3.0048757
WUYQOW,3.18346,2.9215581
AHETIS,2.021534,1.5600306
ZESKOK,2.8101199,3.2367408
LIMFEU,2.8944752,3.39711
YAJRAC,3.9464674,4.07406
KIDLUG,3.7636068,2.9908123
EYEQAA,1.8563608,2.279266
YUPXAI,3.2471347,2.857108
WEPMIP,3.14999,2.8667073
QEDMOB,1.9254777,2.3700297
COQPIH,2.9382856,3.0060263
DOSVOW,3.7279599,2.9940267
ZEYYIL,3.4838738,2.6730175
EQEKAO,3.166589,2.760933
PIYPAQ,2.248749,2.859546
MEBBAW,2.9355643,3.3068478
XEDWUZ,1.8794905,2.5130637
DUNPAD,2.057725,2.6095703
SAYJEJ,3.0748866,3.6047258
QITSER,3.558705,3.8524246
QOMJIL,3.1940725,3.2787921
TUKBIM,2.552156,2.566971
MARWUA,4.1910977,3.0041428
UKUMUJ,3.0297158,3.8065808
KAVZIQ,2.198408,2.6680536
PECNAM,4.9859424,4.4790916
PIZVUQ,2.6830428,3.066188
VEGGOE,2.8054938,3.0683198
REBYUS,3.713538,2.8907545
OJACOR,3.7276878,2.766409
KUYSII,4.2841606,3.1728761
KOYDOR,4.117355,4.536328
BAJGIE,3.5227861,2.990478
KASCEP,3.187814,2.8247023
EZIGOK,4.2408943,2.9787798
WUZNUA,1.8950009,2.370316
MONWUI,2.384534,2.5892427
ZEXMEX,4.357631,3.058172
HITSOT,2.774473,2.8086681
QOMHUV,2.432698,2.219676
VOSDAL,3.795172,3.8504705
ZOJNUH,2.2092924,2.4750974
CEQCUY,2.8503928,2.7891088
SONKOX,2.7331116,2.4099255
ACURIA,1.9826216,2.2398486
MABBUO,2.9946132,3.024817
ELOMID,3.4569345,4.403935
UMEVOZ,3.5048265,2.843331
EXUSAS,4.000618,4.3325324
UWOTEH,2.9159722,3.770608
UDAYEE,3.2389712,3.4716692
SOXNIC,3.0925741,3.2539356
YICRUY,2.8120246,4.248771
WERMOV,3.42673,3.818253
PUNDOR,1.9181306,2.1911535
POLNAF,3.0498521,2.8020508
HECTEP,2.6947436,3.3115242
MIZQOE,3.5306773,2.9516408
NOBSEC,4.425932,4.393011
ERIQIH,2.944816,2.940126
TOKYIB,4.012863,2.8314383
MARWAG,4.2983108,3.0769515
ASEVIF,3.6890476,4.2007756
ZOCBEY,2.4593651,3.144265
LEGVIC,3.460472,3.4327722
ROBHIC,3.8947656,4.0827227
REVTUH,3.0569272,1.6251932
LAYXOY,2.2329664,3.316083
XATVAP,1.5823421,2.8699787
JAZSAE,3.8495948,3.039085
JURBUV,3.4588394,4.5316267
POPWEW,2.289838,2.4213278
NAKBIL,4.3010316,3.0542474
BOWWER,2.573653,3.98567
LIBXOJ,2.736649,2.6771424
FAJGOO,3.6362576,2.914829
VETJUB,3.1075404,3.9950209
BOVBOG,1.9159538,2.2799387
PEBMAL,3.6713603,2.8769271
AZNIMO,2.8718896,2.606309
CAMDEA,2.0604463,2.8439643
CBUMOA,2.654743,2.3465421
PIBGAJ,4.337767,4.0532036
WEMTEP,1.9608525,1.6307443
SISZEB,3.0191033,2.8087385
HEPRUP,3.1298537,3.5513716
HOSVEQ,5.7707186,3.36208
EWULOX,4.242527,4.5754347
LAPCUA,3.1965215,3.5202627
RASZOC,3.0835943,2.9896955
DEGWER,2.0041187,2.4075804
VEPLOT,3.9442904,2.9151447
XEDYIO,3.2354338,3.0249958
CEGVIU,2.8185554,3.5542476
NONGEE,2.9159722,3.5192177
METHOJ,3.4188385,3.532744
MOSGIK,2.9869938,2.9367254
YEZXEI,3.2362502,2.846122
SOHHOO,3.6308153,3.6432898
UYIZAE,3.434077,2.957115
PIJYEN,3.1701264,2.8400388
ZEQXIC,2.038405,2.7252576
WOCCIA,0.9050507,3.2058144
LAMXUS,1.5616615,3.136794
LIBXUP,2.5559654,2.888954
AGACAO,2.8887608,2.825981
KEHQOD,3.9494605,3.8875356
EXEJEW,3.0460427,3.0520356
ZEYSOO,3.577753,3.2443643
KOYDUX,4.141029,4.6063156
UBOXOB,2.6903899,2.7800283
RIWNUJ,4.2719154,4.7229757
YEBTAA,3.5712223,3.259669
BAGDUJ,2.3578665,2.890474
XPROMO,3.4169338,2.4558346
PEHKIY,3.5366638,2.1684263
VULPOH,2.4073913,2.213984
OCUWIS,3.5309496,3.7704554
KEQCEO,3.6008828,2.9457269
TABTUL,3.9712298,3.7406769
WOJFEJ,3.7276878,4.2890964
RUFHUV,3.5091803,3.830466
JUSQET,2.0373166,3.0654712
ROQGOT,3.783199,4.229424
KAXDOC,3.49884,3.8566623
PUGVOC,2.8430457,2.8437696
IGOZUB,3.3510823,4.083119
WITZII,3.8901398,3.979075
PEQNAD,3.5075476,3.8295798
LIBGIM,4.0063324,4.124652
HADVAM,3.0245457,2.9161599
KOWXIF,3.9260588,3.1352112
UFOPUA,2.8291678,3.7468023
HAGDOI,4.094497,3.6722467
PEVNEJ,3.4661863,4.1556077
OHAPAO,3.577753,3.6888366
TUQSIH,3.1219623,3.4833388
RUZDIZ,2.6250825,3.0750368
CAWSAU,2.430521,3.6422126
JEJROF,2.2901103,3.358109
TURMOA,2.899101,3.4076488
YEJVOZ,2.8041334,3.7704802
TIMJEE,3.0569272,3.3810651
DAKHIG,4.4177685,3.0474744
IGUZAM,3.3347554,4.1677523
YURXIS,3.7799337,3.2148428
NAPZUZ,3.9347665,4.121648
RURROL,3.6019711,3.1411028
LOSDII,3.8993917,3.0285277
MAXFEW,2.1763666,2.5513802
SEPRIR,3.0669954,3.2936733
BEHFOJ,3.4626489,3.2788599
OBINAO,2.9173326,2.849601
IRAWON,0.9328063,3.0610476
BUQZES,2.1069777,2.5812218
KOCTAZ,3.732858,4.0775967
WABLAM,2.50889,2.3539305
MAFXUN,3.8797994,3.0366313
CUYXID,4.217221,4.4372797
NOLSUC,3.5899982,3.3221378
OKAPIB,2.9625037,3.2118428
XITBEH,3.954903,3.991487
KALTOH,2.243579,2.7395358
JALBEE,2.1937819,1.5543842
JOQYIX,1.9268383,2.264531
VIGXEQ,3.9500048,4.244117
NIMNIG,2.6650832,2.6482599
HOZROE,2.506985,2.8147814
XOTMAW,3.145364,2.8840098
CIZJUR,2.814746,2.770072
AMAXES,4.3078346,4.485111
HOHZUA,2.5135157,2.8845558
AKAGUP,3.6471422,4.2553883
FIVSEJ,3.0512128,3.7125702
KITZET,1.8865654,3.0699239
ZEGVOW,4.194363,4.0012636
WOWVIP,2.9197817,2.6166358
GIFXEB,4.0066047,4.210129
JEYROU,2.3804522,2.8495429
GUVGEL,2.0479288,4.525812
ZOPMUM,3.5026495,4.1017575
ZITXOP,4.0754495,4.541707
XOYBUI,3.2517607,3.1237264
XOPPUO,3.9728625,3.2147467
HIXQIP,1.6626157,2.0356824
QUKMOZ,2.9861774,2.897851
FOBLIS,3.8468738,3.2916765
ZUJPAV,3.1227787,3.130867
VIPWIA,2.7625,3.061819
BAJFID,2.8740666,2.716583
VIPWAS,3.1113498,3.088848
DAMBIC,3.5165274,3.4357505
LUFMAA,1.9121441,1.9269669
XUKGOZ,1.9654784,2.35262
FUYRAU,3.573127,3.4506595
NICVIF,3.4406078,3.7263498
ASEVOL,3.6716323,4.1894755
YUDZAZ,4.426204,4.670041
JEMBAH,3.2177465,3.7065072
GECSEM,3.859935,3.1064274
MOVMOB,2.3126957,1.7384249
BEJXIZ,2.3352811,3.012996
UWOPED,3.9802094,2.9624782
GELWAX,3.018287,2.9179535
HUGSEI,3.8901398,4.344817
VUTDOF,2.8601887,3.128783
EDAKUP,3.128221,3.1148975
ICORAU,2.3954184,2.2145429
VIJBEW,2.9695785,3.0635917
GAFZOC,3.4514923,3.0810456
TFMCMO,0.25007263,1.6997377
FAKBAV,1.4824764,2.1640484
JUFCUI,2.0762289,2.6263685
QIBWEE,3.1459084,3.4192402
TEPGED,2.7537923,3.003684
WIQFUZ,3.109173,2.8472054
VIPWEW,3.1494458,2.9486444
POPWIA,2.0525548,2.034542
QOFQEJ,2.693111,2.8592315
FEWLIF,2.817739,2.7921417
DAKDUQ,1.8405782,2.5201566
IBUDEP,3.4841459,2.7340178
YEBSUT,3.5636032,3.3218548
DIDVUH,3.917079,3.571608
KIFSIB,4.13477,4.0376425
KOKSIN,3.4161174,2.9286323
JUQGOT,2.3820848,3.554181
PESVIS,3.214481,3.8338253
SUGNEP,3.0925741,3.6144223
DEWZOW,2.5339243,2.039346
APUQAD,2.9238634,2.8375
SAYGAC,1.9826216,2.4229033
LIDROF,3.90048,2.7363524
YUVBUN,2.1940541,3.2213535
JEPXUX,3.2340732,3.1369617
NIRGEA,2.3219476,3.4039187
LOSXAU,3.0895808,2.868178
PEJXEH,2.2405856,2.7998855
JIGBAF,3.0792406,2.887411
XULFUH,2.5777347,3.2838178
TECDIR,1.7401681,2.0930798
PITYEY,3.3546197,3.5083575
ALOFAI,1.7322768,2.1853855
TIGVEM,4.114906,4.283033
DAKDIE,1.7964957,2.5831952
JAHWOE,2.9766536,2.4537542
IPAMAO,3.936127,3.1112926
WICFAQ,4.548111,4.6373897
NIRGAW,3.2552981,4.280057
VUMWIK,2.3437166,2.872016
WAXWOH,4.2436156,3.8301837
VIJDOI,2.4797735,3.306097
FIVFEV,3.4933977,3.6827674
DITQIG,3.2495837,3.076002
QITXUO,2.0057514,1.8545637
RUXRAF,3.3366601,3.8601573
RIPZEY,3.2082224,2.856026
TURMOB,2.7254925,2.9246142
KONMUV,3.4514923,3.1297224
RABLEH,2.538278,2.798091
FILBEI,3.9897335,4.258459
HUPMUB,2.688485,2.8945436
VIRBOO,3.5358474,3.9642951
NAQWAF,4.4923277,4.044648
OWEQAJ,3.98157,4.005258
DEYPEC,3.1820996,4.0350313
VAZYIE,2.019629,2.3603675
NOPXUM,2.311335,2.7507555
ROPVID,3.00196,2.814093
JITKOM,3.0365186,2.777483
XEDWIN,2.3140564,0.9090681
NOWDEI,3.5306773,3.0315244
HOSVAM,5.422413,3.2639418
SOHGEB,1.8198975,1.7108022
AMUKAV,3.6651015,3.5373063
EWULEN,3.98157,4.240163
BULKAV,3.5633311,3.1647787
OHAPES,2.2473884,3.2908764
TUHHUA,2.3818126,3.4430923
GAGJIH,3.5121737,3.2347438
TOLPEP,1.6699628,1.8890046
SAKXIM,2.454195,2.3835661
RETJUW,2.2735114,3.5405931
FENFOV,4.406068,4.0227814
GASQOI,3.5981617,3.5778031
XACZIK,3.4248252,3.2623084
AHOCEH,3.9445624,4.166651
JAHHAC,2.9766536,3.5041394
LAKNUI,2.4313374,2.5824203
HIHRAU,3.8349006,3.0426342
HAZYOW,2.5853539,2.7791321
VUHVUQ,3.5554397,3.3951619
FUXMOB,2.3140564,2.050989
JOZTEZ,2.867808,3.177752
QEPDIA,2.578551,2.788808
KOYGAG,4.132321,3.0151482
ESARIA,1.8511906,1.9569395
ROKDOK,3.840343,3.9579835
LUSRIA,4.0251083,3.1255605
VESTAO,1.8873818,2.5081291
WUNBOW,2.5641289,2.3143265
COPTOR,3.0737982,2.7949798
JIQLIE,3.4732614,3.5851624
PIWMIS,2.9962456,2.7473607
TERJOQ,3.8264651,3.7667713
COPSAC,2.9976063,2.7951686
IPAMUI,3.8008864,3.0921967
TEXLAJ,3.8887792,3.5985174
VIZMAS,3.3284967,2.9401357
SUGNOZ,2.8259025,3.3402102
DUYYIF,1.6571734,2.3204389
DENQAP,3.63272,3.8975525
DIZBAP,2.324941,2.09841
NARWAE,3.0337975,3.1333532
UJAHES,3.1513507,2.9868753
FIRJOH,2.8411407,2.6821887
TULRUO,3.3728514,4.0123777
YEQGAF,0.81960696,2.4240758
GASREZ,3.921705,3.938807
ZOTRUX,1.8147273,1.8203613
BUFTUT,4.586479,3.1483629
ESEGIS,3.4514923,3.3312263
YOPJIY,3.2090387,2.8982532
JUBYUC,1.6571734,2.479682
ROGVAK,3.0329812,2.0305042
QOHQUZ,2.4525623,3.0524426
OBULED,3.6237402,3.664411
HURXAU,1.4544486,2.0602417
JODXIM,1.9295594,2.6263483
CBUMOB,1.9042528,2.421465
SITVUM,2.0639837,1.8777252
WIZVAF,2.6258988,2.4259045
QEQCEU,2.650389,2.6320877
KEMKES,3.0512128,3.0189755
AGANEB,3.775852,2.8700738
BABQUR,2.0041187,2.7390618
FUGHUK,2.183986,2.7829561
YEGNAB,3.003865,2.7906446
IXOWIC,2.6305246,3.1605802
YUYBEB,3.0245457,2.8879447
BEVJUH,4.18239,2.8620772
UVENOA,2.8109362,3.531601
BAGKAX,3.1265883,2.6423762
FOBTAR,1.8667011,2.8273563
WIHTAI,3.7891855,4.2106104
ZIRTEZ,3.3812869,4.0085015
GUFDAM,2.671614,3.1393375
YAMVOX,2.3905203,2.8125858
BUYCUT,2.0087445,3.0408525
RUZDAR,3.0558386,3.1655867
QIFWIN,2.7273972,2.743355
AMAXOC,3.869187,4.2393656
WARWUI,1.4144479,3.174385
XAXMUF,3.6879592,3.0881922
TONMOY,2.975293,3.122162
IFAPUD,2.628892,2.854987
ROPVOJ,2.9570613,2.830317
XOYBOC,3.2340732,3.5669572
KEYKEE,3.025634,2.726414
HIJHUD,3.6223798,3.869663
QEQDUL,2.7973306,3.0980177
SIRMEL,3.3657763,2.749657
HIJGUC,1.9581313,2.559945
RILVUG,2.7812757,2.4729357
ZEYSII,3.4659142,3.226973
BIYQEF,2.8452225,3.3554258
CIXVEM,3.0174706,3.1638734
AQADOL,3.202236,2.9916706
OCUTEL,2.9339316,2.7006435
JEWFEW,4.036537,4.204365
JOCHEP,2.4841275,2.5423982
YAFMUQ,2.3559618,3.0876093
NUXNEZ,3.9445624,3.9080646
ZITYIK,2.2215376,2.4154828
DILXUR,2.0631673,3.4812665
UFONIN,4.053136,3.4337604
YIXHET,4.7663465,4.4788833
LORKOS,2.934476,2.9597533
PUBSIO,3.1576092,3.1334786
ICOQIA,2.9532518,3.2466807
TUHKOX,2.425623,2.9595656
MAYMEE,2.757874,2.868736
WOCCEW,0.8857306,3.1882527
GAQSIA,2.617191,2.4056857
CEWJIA,4.741856,3.1326456
LOJDOD,3.0490358,3.4642491
SIXBUZ,2.7342,2.7851872
RUPFAJ,2.107794,2.1749773
VIHNUX,2.8944752,2.8649037
CHPFMO,2.1924214,3.9887424
MORDAY,2.6414092,3.1131902
JUTJUF,3.0623693,3.3416088
VILMOS,0.9548475,3.1923194
IJUZAO,2.6920223,3.8052063
XUWJAC,4.215588,3.151261
EXETUX,2.2370481,2.5627363
MAWYOY,2.2612662,3.1461902
VUYCEZ,2.5679386,2.843581
BIPHUF,4.0215707,3.9998934
XUQYOX,3.1342075,2.7807682
FEKMIR,1.329004,2.415831
SACQAO,2.7154243,2.816902
PHSFMO,2.8259025,2.9811568
SIXCIO,2.7943373,2.7771924
DIBLEG,2.7078052,2.835082
FEZKUQ,2.6664438,3.1718616
GUPMOT,2.351608,3.3018036
YUSCIY,4.280079,3.1018746
XEDXIO,0.75049,0.6532471
IVEZUE,0.8704922,2.1283526
JIDMAK,3.577481,3.4653242
DENMUE,3.3325784,3.5281396
MABKOQ,3.737484,2.7096994
XADROK,4.0827966,3.964034
FUSLAG,3.1344795,2.3457432
BOXDUP,3.5611541,3.9914145
DUQCUP,1.7752708,2.2568803
WENMEH,3.1113498,2.233624
KALVAV,4.3263383,3.109642
BAKGOK,1.8977221,2.2889624
YANCUL,3.9793932,3.0434084
GEQKES,1.9026201,2.731822
RUFWEU,2.4833112,2.8200946
KIJXIK,2.239225,3.8427618
DAYFUE,3.159514,3.352705
UDOHUS,2.8468552,2.7035356
FOGRUO,3.2781558,3.1050484
DIZMAA,2.0090168,1.5386859
SAYHUX,1.9061576,2.3183517
LONHEE,2.936653,2.73402
MITQOV,1.928743,2.440834
FIPLEW,1.5570356,1.7286075
PUTZIO,3.5099967,2.9757836
BIMMES,2.8471274,2.861002
SONJEM,3.5227861,3.6257572
JULNUB,1.7526854,2.2148821
ILUMUY,3.4694517,4.0368295
RUPFEN,2.0688818,2.144115
TUKHAI,2.7815478,1.4342529
ODUPUA,3.7059188,4.194954
YEKQAJ,2.743452,2.7791152
JIYZEX,1.9799005,1.8926871
TULCOS,2.3780031,3.5398293
XACZOQ,2.9099855,3.1740842
DERGAI,2.9088972,2.642561
WOLZOO,4.2642965,4.1700354
BIFMEJ,2.7396424,3.0016758
MUCDET,3.3249593,2.87399
VELKOM,3.96225,3.9269905
AVOREJ,2.1265697,3.0973086
NOWXAY,2.0579972,2.6203442
APRYMO,3.7053745,3.91191
PUFLOR,3.6699996,3.1308174
OFOFAQ,2.1018074,3.428181
RUCKUX,2.9159722,3.6040726
MAFYAU,4.2955894,3.4965556
HALGIL,4.383482,4.2706585
XURFIB,3.1222343,3.489936
NEVMOS,2.9208703,2.749133
PALHOB,1.7311884,2.790845
SITHOU,3.7064629,4.076232
WEPMEL,2.9557009,2.970921
HEGKEJ,2.463719,3.179063
DUYMEP,3.4278183,3.5495696
RILVOA,2.8234534,2.670398
FIJQEW,3.125772,3.049581
PCESMO,2.2359595,1.7859867
LETVOV,2.5078013,2.8996086
JEGSAP,3.7690492,4.3468914
PODZUG,3.044682,2.881029
OGIDEO,2.8648148,3.0796857
VOLZAZ,1.4664216,3.5843315
DOJGEO,2.676512,2.8021631
DEVQOK,2.0326905,2.548995
UDETAA,4.1497364,3.8640203
PUSVII,2.9328432,3.3117454
LESYIR,3.3007412,3.988278
SIYCOU,2.392153,2.729546
NECLUD,3.6223798,4.013918
TOLXAT,3.5260515,4.131316
FAQDAC,1.9964994,2.3040624
RAQSUA,0.7654563,2.7296066
NURSOK,5.566089,3.5321004
MIKPAX,2.9105299,2.8053944
QOFQIN,2.655015,2.9791698
PITXAR,2.6490285,2.6726582
DIFKIO,4.452599,3.2188578
VADRIB,3.883609,3.114026
AXUXIA,3.214481,3.678114
VOGTUG,3.6879592,3.0406373
ZIWKUL,3.4729893,3.8942316
CEQHAH,4.58403,3.921461
VOLYUS,5.020229,3.626465
SOWSON,3.8248324,2.8551211
JUTKEQ,3.1927118,3.3228552
DEDZAO,3.5075476,3.0003693
DOBGUW,3.2060456,2.9032896
BABCUD,2.6014085,3.4380941
POHSUA,3.2052293,3.4811704
RAGTUP,5.235471,3.7076452
YOFWAR,3.5505416,3.5611448
AGOFOU,4.093681,3.8230317
IFIMER,2.2174559,2.803962
FEJKUC,4.2403502,3.057311
YEZXIM,2.6204565,2.7008784
XEFKAV,3.8128595,3.9184
HOVWUL,2.5445368,3.1375945
ZIWSAZ,3.243053,3.3340623
WOPYUW,4.5609,4.5718637
IGIQAS,3.0133889,3.5921612
ZOZCOG,3.5450995,3.769209
IFETEV,1.8209859,1.9271135
GIZVEQ,3.0906692,3.1024537
ZUNWAG,3.852316,4.245949
BIRLIX,3.0025043,3.3807352
FAVWUV,2.7992353,3.2348197
UKUMIX,2.9913478,3.7591338
CAJROV,3.1837323,3.0742364
HADPAD,3.5314937,3.3996933
ROCVUD,1.5047897,2.0680733
KILXIM,2.9086251,3.7342954
QOMJUX,2.8860397,2.697613
GEXXIS,1.931192,2.4279697
ZEKJUU,3.2732577,3.5000892
JAFSUF,4.1236134,4.311949
IPUYUN,3.5581608,3.2618406
GAWJOG,2.6354227,2.6757514
ZABHOZ,3.1899908,3.5907989
JIKDUC,0.3553807,3.3856928
TEXPAO,2.6863081,2.821832
QAZFUU,2.9747488,4.45123
GEBYOB,3.8588467,4.6205807
RURCAI,3.792723,3.6854875
QAJREY,3.2384272,3.4273353
FERREZ,3.1894467,3.6718688
FELVOH,3.3426466,2.807798
DAVMIW,3.2517607,3.2600212
TCYPMO,3.0275388,3.0509744
VONVAX,2.6131094,2.6323423
BESJIS,3.556528,3.3170154
YAJRAF,2.4248066,2.7154038
DOPXOX,3.4419682,3.9260728
PUXZOX,3.1456363,2.6667864
OWEPOW,3.5021055,3.3562613
AXEBAG,2.8487601,2.8339283
EKIVAW,3.3619668,4.3851805
EXETAD,2.1880677,2.4602795
GIVHEZ,3.4738057,4.522133
HENPOF,2.4786851,2.5199177
OFODUI,2.0966372,3.0787656
CIMWAW,1.9657506,2.8471327
VUVDIA,4.0838847,3.8760521
NEXFIH,2.7567856,2.8708198
NEPPII,1.9442536,2.5860217
PAWPAF,3.3235986,3.2809072
DAHLAA,4.6852565,4.663879
MINHEW,3.0152936,3.5191503
ROCWUE,3.04441,2.9031534
POYFEO,2.8038611,3.5862064
WEFNIE,2.4604535,3.5157897
DIBRAJ,1.8702385,1.5916317
BABMUO,1.6683301,2.1282415
DAGROS,3.9301405,3.7161121
WIVBEI,3.405505,3.537098
LAQVIL,2.576102,2.43469
DOTMEF,2.6582804,3.226025
CUDFIQ,2.2699738,2.5496938
QEQCAQ,3.4354374,2.7856774
COVZOC,3.120874,3.2375453
XEPVAP,3.9083714,3.298002
BAKVOY,3.4686353,3.2929018
VUFMEP,3.4414241,4.1004333
JAZRIL,3.1080844,2.9862895
GEQKOC,4.043612,2.8030417
YUVROW,3.943202,3.2368505
LIBGEI,3.4327164,3.8596644
PESVEO,3.2340732,3.890592
MODBUF,1.9720092,2.6379192
HAGKUW,3.3665926,2.8693094
EBOWIB,4.41151,3.1647801
RAHHUG,3.5026495,3.759832
XADBEJ,2.712159,2.803491
SOSXAZ,5.8754826,3.3414245
BEYFOA,2.645491,3.4806788
SIRYOK,4.4776335,3.0849578
XUHWIG,2.7456288,3.0066614
HOGMOF,2.1965032,2.1165445
BAXBUZ,2.035956,2.37282
VUTDUL,3.0925741,3.4009254
TCMOFM,3.039784,3.1309893
TIRTIX,2.492563,2.2340264
TIGVOW,4.1282396,4.4812374
MOZDUC,3.723334,2.8456957
DIVVIQ,2.6898456,3.014713
LOPPEL,2.6275315,3.6729836
FEDXER,3.81422,3.79761
SECSAV,3.372035,3.8410738
TOWSED,2.7442684,3.234691
EMILIX,3.1581535,3.5483782
BONFEP,2.4337864,1.991268
CEGVEQ,2.8060381,3.4284623
FEVTUV,1.7132288,2.4235973
ZONGUG,2.9524355,3.7833943
AVORIN,3.3464563,3.1202774
PILBAO,1.4977148,2.1721606
FOTVUF,2.4226298,2.8092928
LOBPAT,2.1758225,3.4707055
XAPZAP,3.8387103,4.3451405
QEPWEP,3.286047,3.5054293
OSEQOT,4.1576276,3.8570297
IMOJOK,3.5453715,2.8547099
KIHXEH,0.6302157,2.6882012
CPBUMO,2.9159722,3.5526795
CINDAE,3.3418303,4.229069
BENGOQ,3.0101235,2.2884607
GASQUO,3.8259208,3.8712623
LIWWEV,1.9246614,2.5422194
HUCMEX,1.9001712,2.508664
KEZNOU,2.8065825,2.8688307
QOKPOV,2.9869938,2.9472947
CIHVAT,1.6628878,2.2040467
ZEHZUK,2.9260404,2.9004865
BAVRAR,2.222354,2.356977
UDITUW,2.7086215,2.9645014
JEJBIK,2.5431762,3.0251455
OJEVUU,2.0247993,3.1946862
DEQBEG,0.28327054,4.0277967
NOLPOT,2.4555554,2.4059997
ADUJEP,2.430249,3.0021458
TASXIX,4.516274,4.0658107
ZIRTOJ,3.3187006,4.074791
WAZZUV,3.106996,2.8904316
SIKQUA,3.2601962,3.4973612
MUSQEX,4.3954554,4.2265368
RERGIH,2.292015,2.972851
LIBQUJ,2.60032,3.388521
QIZDIN,3.754355,3.9120698
HIGXAW,2.7257645,2.7677875
WIQMEQ,2.9518912,2.6525376
MITFUS,1.7203039,3.349002
GIGRIA,3.0220966,2.81818
EYEPUT,1.8441156,2.2734706
GOBHAG,3.434349,2.9979224
KETQIJ,4.062932,4.573541
GOZWOH,4.073817,4.4152107
JENXUW,1.9886081,1.9729083
LONHAA,2.896108,2.822925
ELOMUP,3.417478,4.4083076
XEDXAG,1.2756698,1.1869178
CONKIZ,3.737484,3.146838
LENDAL,0.5575613,2.7262092
WICRUY,3.0106678,2.5812886
DEMFEJ,3.283326,3.8850718
BOPYEL,2.8346102,2.8576317
FEDGUR,3.618298,2.9174874
HECZOF,3.0811453,3.090291
EYEPON,1.8335032,2.2817616
YUQZAN,3.1529834,3.189755
EJOSAY,1.7627536,2.432879
AMAYET,4.329876,4.4972963
VAZSOE,1.2729486,3.4355526
PATBOD,3.0871317,3.272624
QOFROU,2.7048118,3.0395017
GIYBOH,1.2492747,2.2124572
FOQFOG,3.5480926,3.9427755
HOZREU,2.2835796,2.9389372
JIVZEW,3.7875528,3.8930545
XOQFUE,3.321694,3.9302173
BULNIH,3.3728514,2.7623627
WOPZIL,4.626208,4.66416
WETSAS,3.0838664,2.8503795
MAZBIY,1.9135047,2.076899
GIGPUI,3.8746293,2.9531367
MBTAMO,3.4553018,3.262625
KAKGAE,4.1783085,4.1066384
KITXIU,3.169038,3.389886
WUPVIM,3.169038,3.4812856
ZEJGAY,3.7287762,4.571938
MUHDIE,1.4726802,1.8072366
HITBOC,3.376933,4.234849
PZBCMO,3.2003312,3.6958857
YIQCAC,3.7010207,3.5284035
WESBIG,3.7464638,4.2997603
BAYQIB,4.057762,4.429244
UFUFIK,3.7576203,3.2092655
FEZWIQ,3.056383,2.7542665
SIKSIQ,3.0770636,3.4944
NESBOC,2.7657652,3.2859204
SAJQAW,3.2531211,3.3773174
WOMTAT,2.9899871,3.1618764
POJYEV,2.1608562,2.5601597
ZEPMOW,3.1393776,3.83604
ZEFBAN,3.0596483,2.665206
ZEPVOF,3.0977442,3.09867
AFEKAA,2.8743386,2.7215004
QUCHIH,3.240604,2.8781173
FOFWUS,3.1510785,3.3434067
KERWOV,2.6890292,2.830608
WEDSON,4.0547686,4.172346
ROKDUQ,3.319517,3.9747553
VITYIG,2.9050877,2.6328607
CUWHIL,4.8977776,3.0318372
MIZQUK,2.922503,2.8609324
TEZXON,3.6049645,2.8548284
OWUFES,3.4474106,3.6877897
REXSES,3.9366713,4.0465074
VAJQAY,3.2090387,3.7135653
SIHLAY,3.1440036,2.7741933
SONJUC,3.133119,3.2360497
VINRER,4.1524577,4.2487097
NUXNOJ,3.1464527,3.5298867
SOBXEM,2.0707865,2.7389657
CUCTUP,3.1225066,3.089676
NEZVUJ,2.635695,3.1750505
FUQLAG,1.8476532,2.347786
ZEYHOC,1.5641105,3.1227815
PZBMAL,3.5886376,3.8137057
KUWHAL,4.351645,4.3170347
OBASOB,0.8253213,2.4121828
JAQTIH,3.307544,3.49314
AHEVIU,2.801412,2.7619789
BIMHOW,4.4340954,4.5654874
CALPEN,3.3138027,3.3454165
RAWJIL,3.3470006,2.816275
JUQXOI,2.4574604,3.2379236
SAMPOM,5.025671,3.377687
XESCUV,2.7260368,3.4238973
FATFEM,2.0819433,1.7879027
KELHIS,4.5472946,2.666453
BIMRIY,4.003067,4.253055
VUHVOK,3.537208,3.4136324
XEMXUJ,3.429451,2.715756
YEMNEM,3.5442832,3.4406853
WOFPAK,2.213102,2.9805918
CACKID,3.5948963,2.7841287
NIJSEH,2.9742045,4.0014205
YEZWEH,3.0482194,2.7476733
ERUCUP,2.757602,2.831859
KALHOX,4.533689,2.9379485
WEJGAV,1.5545865,2.743281
YEWDAF,4.092048,3.8826716
EGUFIV,2.6803215,3.2293997
HZQUNC,2.7625,2.9611413
TEPVAL,3.4803362,3.3143198
HUPNOW,3.2114878,3.0962338
GIYBUN,2.8571956,2.848349
CMOHAL,3.8768063,3.470874
RATVOZ,3.1167922,2.8692126
FIZZAQ,2.3045323,2.3342223
DICYUL,3.334211,3.8407624
HPIBMO,2.3341928,3.00081
MEWBEV,3.3706744,3.9749703
BODTUL,2.5853539,3.623111
CUDWEF,2.5301147,2.580258
HAFRAH,2.984817,2.116899
AKENIN,2.5374618,3.389594
HINVEF,4.433823,3.082502
VITQAQ,4.0468774,4.141542
LEMXUX,2.7853575,2.9630299
LOTQUI,3.6680949,3.5488248
FEGQOA,3.3235986,3.8509147
AYUTAR,2.414194,2.9058352
WEMTUF,1.9129604,1.6584259
YUXZEY,3.1766572,2.8947165
TUKMOB,2.9284894,2.916694
XAMKON,1.7657468,2.6792448
GEPNUK,3.9780326,2.7588344
ZIPDAD,2.5061686,2.9491878
MAKBOR,4.6564126,3.0179198
MUDDOG,3.0427773,2.843995
ZOQKEV,2.8512092,2.9052782
NEKGAL,3.3306737,3.5436978
ILIJUJ,3.405505,3.19802
NAKBEH,4.2939568,3.1255386
VEGGEU,2.760595,3.1355004
KEJMES,3.080329,3.1375947
ZEPJOW,3.3538034,4.202529
FEJLAJ,3.8988473,2.937664
QOMHAB,3.3064556,3.0846255
COSXEN,2.7254925,3.1088264
IFEBEA,3.3301294,3.6417785
SOVSIG,3.730409,2.9983478
POJYAR,1.8873818,2.7195902
VOVSUW,2.7135193,2.8095663
BOQREF,3.1355681,2.7986794
HIHZON,4.093953,3.8954864
SACMUE,2.9137952,2.818682
YEBXOV,2.3992279,2.788382
OFAGOR,2.9352922,3.6748877
WUNMUP,1.8476532,2.4920022
LOPFOM,2.2484767,2.5784228
SAMCOY,1.8607146,2.4749067
FUMFUO,1.971465,2.1745105
CHMPMO,4.2297378,4.52432
KEQCIS,3.4806085,3.0291915
DIZLUT,1.9080625,1.8957158
QEZSIY,2.7537923,3.6827023
CAGVAH,2.8280795,2.9071157
WOLPIW,3.551358,3.849245
OBUYOZ,2.8038611,3.073987
EBOVEW,3.2035966,2.776569
VEWKOX,2.574197,2.2527885
IMOTOT,3.5470042,4.176503
ZOCBUO,3.0689,3.3577871
TUQSED,3.080057,3.2038255
LATBOX,3.597073,3.6850939
HOGNEW,2.0756845,2.206352
UVEJAI,2.043031,2.4901428
PABWOF,3.1867254,2.924454
DESLIZ,3.1440036,3.6060896
LUNHUX,3.5649638,4.0610504
DIBSIS,1.928471,1.6398532
PUBSOU,3.0914855,3.2280679
VIXROJ,4.004972,4.17841
FUSKUZ,2.977742,2.7072527
CIRXAC,1.9962273,1.3472099
ICUCOY,3.0574713,3.2817478
ZEWFOW,1.665881,2.2511194
QIYHAH,2.7404587,3.401229
YERYOJ,2.5407271,1.8775086
WALNEF,3.0465868,2.7125444
WOMBAD,3.9919105,4.1152754
ZIGPEK,3.2354338,2.2749166
KEHSUM,3.4338048,3.0447319
MINWUB,1.3183917,2.9933043
KAYMAY,3.4996564,3.8886902
XAJKAV,3.1557045,3.8485415
ELOMEZ,3.3731234,4.4117155
XARSUF,3.8123152,3.1648707
WEPNEM,2.3214033,2.8612278
VOBZAN,1.214172,1.3273404
ERIREE,3.2340732,2.91901
WARDEZ,3.323871,2.8931198
MEWBUL,3.2939384,3.8468034
XESXIE,3.1682217,4.216847
MUNMUF,3.8150363,3.774576
FUBNAR,3.0030487,3.9832437
VULLOD,4.6131463,4.5149727
QOMHIJ,3.4738057,2.939947
SIKQIO,3.123595,3.2454996
RUYDUM,3.9347665,3.2400157
LAPMUK,2.3146005,2.6368022
JOBZUW,2.5671222,2.3552651
VALJEX,2.303444,2.920711
GIGMEP,3.9521818,3.205919
QOGHOJ,1.8947288,2.3700616
NAVFIZ,2.7644048,3.2670288
UVOVOS,3.7238781,2.8582351
ROBGOH,4.5609,4.4738507
CANVIX,2.95815,2.860459
GEFBUR,2.158135,1.8530434
YUSWAK,3.2128484,3.5414872
DAQHAE,3.1254997,3.3286448
WEJBUL,3.23108,2.8278346
CEBZIT,1.9578593,3.627161
BIQZUW,3.118425,2.9902408
YAFLEZ,3.9725902,3.8083396
BOWWAN,2.7107983,3.9757667
KAJTIZ,2.9048154,3.9092028
GIXRAG,3.7600694,3.864498
HAZGEU,3.0580156,3.3142662
PIFTIH,3.5595214,4.308173
MIZJUA,3.2808769,3.4066188
DOSVUC,3.7344906,2.99393
DIBRIR,1.947791,1.6814883
ICONUJ,3.8397987,4.018109
XOMKEP,4.5943704,3.2808342
QUKMIT,3.2112157,2.8849854
BIYMOM,3.488772,3.0459542
ZIPFAF,1.940444,2.3100355
DUSHAA,4.828388,3.8734977
ODUJUS,3.1469967,3.7518818
ZEYGUH,1.8149995,3.0728805
AMAXIW,4.3268824,4.401067
QAYMAE,1.7298279,2.258534
UDITIK,2.7216828,3.1060128
HOZRAQ,2.4435825,2.9416208
TOXHET,3.8286421,4.0481014
LUJKIL,3.5772088,3.1952457
TEZQAT,3.802247,3.9126177
WOYKAY,3.4400635,3.8053696
CILYEE,3.1301258,3.3934178
EWULAJ,3.687415,4.273299
FEHFIH,1.0206991,3.382511
TAXFAZ,2.7448125,3.271245
CIQSAY,2.7567856,3.735003
VIDGAQ,2.7230434,3.0238612
ZEYYEH,5.0439024,3.069301
DITQUS,2.7886229,2.360697
UFUXOK,2.7562413,3.3923995
BAWKER,2.863454,3.2474074
QAJVEF,4.0308228,3.66706
KIJCOW,3.059104,2.6865275
JEBCIC,3.6963947,4.0786767
DAYGAL,3.3069997,3.221239
ATUQAI,2.7140636,2.768698
FEGQIU,3.4920373,3.8013
YOVHAS,0.9921271,3.236601
NUHCUO,2.88223,3.4366596
FIRGEU,2.9399183,2.5719912
XEKCIA,1.7986727,2.2223294
SILXAM,3.0732539,2.7219288
LECSOC,2.6046739,1.5416982
XIWTAZ,2.702907,3.4711835
QEJRUS,2.8501205,3.2559025
UVOVUY,3.5763924,2.8566391
JEXQEL,2.1929655,2.088564
REHQAZ,2.8487601,2.9194837
KUYSAA,4.6931477,3.2277393
CIQZOU,3.5328543,3.8551407
EZETAE,3.598978,4.636725
NEMHAR,2.2185442,1.9533715
ESEHAL,2.471066,3.2160573
AQECOO,2.4103847,2.3310885
CEPNAM,3.4166617,3.74791
WUSFUL,2.5442646,2.7937093
POSVEY,2.5244002,3.3049057
XANQEI,2.9747488,3.6442044
MILXIO,2.5970547,3.1529112
KUWHEP,5.534524,3.3204682
VEQBIC,2.3535128,2.7296038
VIJBIA,3.6218355,2.9373965
YUXZOI,3.2631896,2.9659362
MITQUB,1.7355422,1.8979335
AKARUA,2.3594992,2.350965
TONXOL,3.4207435,3.8207202
NEPPEE,1.9026201,2.4663827
YEKPEM,2.4359634,2.6976058
BIKMEO,4.363618,4.255008
GEMBEG,2.2691574,3.0448363
PEVPAH,1.8468368,2.1513445
ATEDEJ,2.9600546,3.2595453
TAJPIE,3.7268715,2.8190935
RAXHED,3.694762,3.69178
UVOWAF,3.5467322,2.7993674
PEMLIC,3.2808769,3.8363633
MAKLUF,3.1469967,3.3441446
TOZNAX,3.109173,2.957551
QOFQOT,2.722227,3.1127522
WUJRAU,3.0367906,2.9610357
SISKAJ,4.383482,3.0958097
JEWPUX,3.469724,3.614273
RATGIC,2.6351507,2.3176599
YEBTEE,3.4384308,3.2753205
VOMJEM,2.1970472,2.872288
CALSIR,2.7837248,2.6473253
ZIPDUX,2.963592,2.533367
OHUKOS,2.2359595,2.573626
UKAJUM,3.8806157,4.330958
ZIRVIF,3.314891,3.7602937
GECXAN,2.320315,3.256564
WUZYIA,2.4310653,2.495419
PUFLUX,2.9298499,3.170957
SECQIB,3.456118,3.6141431
XOSRAZ,1.7692844,1.6321461
HASWON,3.2376108,3.2775986
PILTIP,2.9091692,2.836781
IREFES,3.6411555,3.2752867
PALHER,2.289566,2.7339344
ZILLEN,2.9018223,2.856685
BAGGIA,1.7717334,2.3133855
KIGDUB,3.3924434,2.8553102
YUDDOS,2.918149,3.284084
EBAMEA,3.1061797,2.6083176
SIKTAJ,3.6936736,3.3930957
OKEXAF,2.9948852,2.9821033
KAPKOB,3.3655043,3.232728
WURJIC,1.9570429,2.7598047
IYEREK,2.2735114,2.351615
YEJFOJ,3.5391128,3.969251
OLUBAZ,4.277902,4.2279835
IWAXEK,5.804733,3.11248
OCOXOT,3.5002005,2.7949867
VUPXIN,4.577227,4.594053
ULORAQ,3.1352959,3.23695
GUYLAN,3.4278183,4.5081716
UJAHOC,2.2901103,2.7281604
TABQUL,2.9622314,4.168832
TAGDIQ,5.8825574,3.471717
JOQXAO,1.8647963,2.838575
TEGXEJ,3.037063,2.841939
OCOYEK,3.4993842,2.8312128
KUYSEE,4.5745063,3.1964219
VACMAO,3.6487749,4.0674815
TAWHEF,3.9617057,4.2076535
GAFBIY,1.7292836,1.8775351
EVISAE,2.9565172,4.055604
GUTVOG,3.245502,3.052917
FORTAJ,1.8432993,2.0215864
NIHMAS,3.7064629,3.9340415
QAZFII,2.955973,4.673686
FIWTAH,2.0479288,3.4850974
ALDPMB,2.638688,3.9210966
LOQHOO,2.9976063,2.777589
HOZRIY,2.4133778,2.9155705
YUGYAA,2.5635848,3.007894
JOTRUI,1.7232971,2.5625322
KIWJOR,3.8806157,4.049918
BIDYAP,2.8046775,2.7304306
PUMYUR,2.860733,3.2080088
KAYYAN,3.692313,3.7165816
APYBMO,3.8961263,3.7869868
BAJGEA,3.5478206,3.1750221
LOZBUX,3.8485065,3.442782
JOZTAV,2.8000517,3.215644
HOZSOE,4.691515,4.625515
ZISTAY,3.9377596,4.0461173
ERIQED,3.3113537,2.893235
QOFQUZ,2.7045398,3.0391643
RAJZAG,3.126316,2.8672616
WERHUW,1.8705107,2.5268888
FUVBUU,2.2541912,3.5359402
HOVSIU,1.8147273,3.1715908
NEYJOQ,2.2882054,2.611559
ZIPDEH,4.265113,3.3284216
LAQTOM,2.793521,3.1738849
GIXTAI,3.5663242,4.1995487
PUSVEE,2.9940689,3.5129087
DIBSEO,1.9994926,1.5262067
LAPNEV,2.148611,2.6831558
JEXPIO,2.282491,1.9792782
QOMGOO,2.6495726,2.9414837
SIYROJ,2.693655,2.4364574
YUPWEL,3.3755724,2.8788786
XEMPOV,2.8163786,3.0661736
SESZAU,2.246844,2.056725
GADTAG,3.1518948,2.7825449
HIHWOL,2.590524,2.7441804
DALCEA,3.0923018,3.2155206
BITZIP,3.878711,3.8326473
BECKEB,2.997062,2.788113
KIWDAV,2.1543255,1.6301067
JUQHAG,2.7189617,3.3188624
POJXEU,2.3497033,2.5427308
SIRCOL,1.7818016,2.3539767
MIKNUP,2.7254925,2.8364432
QEJBEN,4.132049,4.251928
IJINUL,3.1342075,4.0223007
HUPMIO,3.061281,3.1064546
ATIYOS,0.89852,2.9514596
QITXOI,2.3842616,1.5876646
JENYAD,2.5839932,2.7659988
KENKAP,2.386983,2.5429907
SISBEC,2.1216717,3.4372818
NOBSAY,3.6038759,3.7978978
CEQGUA,4.4360003,3.8450089
SOTQEA,2.4463036,2.862964
TIRTOD,2.2522864,2.1853676
FIJHAK,4.0942254,4.2696037
HALTET,4.088783,4.237334
ATEDUZ,3.0316205,3.1378064
YIVTUS,3.1679497,3.2129388
NIBWOK,3.324143,3.8623698
DUMZOC,1.9630294,3.2128313
POJCID,3.5208812,4.2942257
JUBYIQ,2.9127069,3.606036
QOMHOP,3.1774735,3.3323295
MONXIX,2.3287504,2.743939
CIWROR,2.753248,3.5462759
ROBHEY,4.6874332,4.774335
SAVNOS,1.0155289,2.0299447
COZFUS,3.2163858,2.7863145
OXIBEE,3.2661827,3.900293
YORTOQ,2.9589663,2.8741956
TOJZAT,1.7083309,2.278466
ABIPEI,2.289838,3.1976295
MUSHAK,3.08305,3.5010555
QOJLOQ,3.9402087,4.324758
HOSFUR,1.2596151,2.7253084
RUZDOF,3.0863154,4.1429596
TACOMO,3.040056,2.7115738
RUMTUQ,3.4923093,3.0439594
RUZDEV,2.4827669,3.3151896
RIXWOK,3.6857822,4.1964293
HIKDAH,2.8667195,2.9847083
TUVKUQ,2.3526964,2.4380796
APUQIL,1.7809852,2.6476269
CIXJAU,1.7268345,2.7533104
MAXNUV,3.3442793,3.6789207
WUYKOQ,3.8632004,2.7781732
KAPHUE,3.2569308,3.4403446
SEJGEW,2.04548,1.8954432
DUKFOE,3.8267372,3.9256377
YOMMUI,3.5570724,3.167093
LETROS,3.7181637,3.7547143
DAJWUJ,2.8931146,3.185283
DONSUV,2.4582767,3.1316879
ERAREW,3.529589,3.399995
TENGOI,3.4498596,3.3017848
YOMRUN,0.50150585,4.0359225
ERARIA,3.044954,3.221391
LIWGOP,4.1954517,4.081106
RUSQAX,1.094442,2.9750516
VOHDEB,3.3301294,3.481431
COKZAD,2.2397692,2.6903973
TAYPOY,0.2644947,2.6971133
ROBSIL,2.4789572,2.8701258
HUYROI,3.0414166,2.7419474
SINLOR,3.9184396,3.4055645
POFKUR,2.2169116,2.6591408
DIHBIG,2.0941882,2.9907064
VOKYAX,5.0659437,4.257963
OSAREG,3.3652322,3.2011182
AMOMOE,2.31324,3.2345514
PEKNIE,2.7061725,3.3218002
JOWCIH,1.9867033,3.2746072
YOKWIH,2.4773245,3.1362922
UYOMIG,3.0776079,2.3403978
HUKBUK,0.88056046,3.1868613
BAVWAY,5.1470337,3.8997345
TIQNAL,2.4033096,3.0889144
MOCQIE,3.4667306,2.8990936
WOWVEJ,2.853114,2.734972
BEWREA,1.940444,4.059845
GEPGOZ,2.7167847,2.7558146
NITMIN,4.014768,3.9491916
CUHXUY,1.7929583,2.6470752
BOJLIV,3.369858,3.4647608
HATPOH,4.2147717,3.6664705
JAWDAM,3.0297158,2.680487
FISCIT,2.8876724,2.6223812
GOZHEI,1.766019,2.2588687
WOHXEW,1.9442536,3.1277943
LOQQIS,3.2433252,3.3483267
DORNED,3.4836016,2.911434
YUBGEH,3.0944788,3.118424
QESMEG,0.5771535,3.3285227
PABSAM,3.2634616,3.2265432
LIWGUV,4.197356,4.081414
LEKYUV,3.4928536,3.380982
RAQPAB,1.7703727,2.9935362
LAHKOV,4.0778985,3.828251
AMOYEG,2.9652247,2.693754
GEBFUO,3.333667,2.770461
JEGDOO,2.4381402,2.890059
WAVGAB,2.9693065,3.0291586
SUKROF,0.92600346,2.809023
AGAGAQ,3.3154354,3.3847911
KITDIA,4.1429334,3.1322904
TAMKEY,3.797621,3.422218
KUWSAW,1.2351248,2.439215
DEXTEH,1.9687438,2.8107758
BAVXAZ,5.164449,4.2792177
LEKZAC,3.9369433,3.533295
VIVLER,4.3842983,3.8461368
NITMOT,5.3290777,4.2742186
LEKYOP,4.144022,3.577714
KIZYEX,2.2373202,2.7799785
TENGUO,2.8514812,2.8701775
SOJSEP,2.8781483,2.8381975
GOFZAC,2.2062993,2.9204404
JIRPEG,2.224803,2.767817
CIYHUQ,1.7028886,2.6185956
WOWTUX,2.8778763,2.6189094
KACVUH,1.8226186,3.759314
VAPTUB,0.9374322,2.0305064
UDUVUK,1.6607109,2.4290333
JOTZAT,3.1129825,3.279361
ZEDSAF,2.5652175,2.737704
XOMNAO,2.860461,3.486824
SATDUP,2.392697,3.2153692
LIWGIJ,3.8063288,4.187863
TOQCOR,2.403854,3.2451336
AMOSIE,2.2980015,2.568042
ILEZUU,2.1826253,1.9811431
EGAWOA,3.4444172,3.5576437
QESMOQ,0.4261303,4.042223
YOGBEB,2.497461,2.9068031
QANJEU,3.59408,3.5842783
FAPTEW,3.0109398,3.7661662
LEWXAM,3.0816896,2.6450417
SAQFIZ,2.078678,2.4195175
TCACTC,1.0294068,2.9700432
LINZEO,3.1227787,3.3985758
HUKCAR,1.0677748,2.8279026
SETPIQ,1.9167701,2.8144975
UDIKEX,3.104275,3.444776
GIZGUR,3.3929877,3.2254674
LEYLAF,3.1385612,3.3192148
JOCDEK,3.1459084,3.2310596
DOLBUB,2.435691,2.5118215
XOKFIN,2.8626378,3.1319242
ZOPYEI,2.234599,2.8817434
BEWRIE,4.77968,4.5352497
NEDQUK,2.7015464,2.6493635
KOMNEF,1.039475,3.2203758
DIHCIH,1.1428782,2.7654445
DOFLEP,3.2944825,3.5356958
NODCUE,0.9246429,1.6729189
FIRVUX,1.9924177,2.7148027
JEZTIR,2.3837175,3.3199313
ZUGYEF,3.4572067,2.8040502
DAJWIX,3.1750245,3.064761
MAPWAD,2.0898345,2.638939
ZIBJID,3.6675506,3.581268
GAYNEZ,2.8182833,2.4535923
EXIWOX,4.2909636,3.9363363
DORMUS,3.3850965,3.0045161
CIYJAY,1.7306441,2.5912209
EYEQII,3.998441,3.1832743
PAQWAF,3.9363992,3.752741
WEZNEU,3.3665926,2.8234003
PAQWIN,4.265657,3.4591331
VACSUN,3.3486333,3.8959227
JAVZAH,2.3834453,2.327149
GEPGUF,2.8114805,2.9036577
WALZOY,2.6808658,3.7499394
SADKEN,1.9219402,3.0992296
MOPDUR,2.801412,4.25848
SABFAD,3.470268,2.9733799
ZOLBAD,2.9812794,3.8497782
VAPTIP,0.93198997,2.1350548
OMISUZ,2.2463,2.1322045
ZETNAN,3.7445588,3.2265108
SUHGEH,2.760323,2.8261123
SESZOF,2.3690233,2.7406926
TUGTIY,3.0811453,2.7421315
NENZIQ,4.538315,4.4522324
FOPBER,1.462612,2.2957463
TAFFOX,1.9679275,2.3694954
NIPRIN,4.7633533,4.4084053
DORNIH,3.4683633,2.8522403
PIZVAX,3.3162518,3.2162085
LOJJUP,2.8838627,3.7169433
GEBLOO,3.1031864,3.1718884
ZEMZOG,0.54069024,2.8112128
PAQWEJ,4.3500123,3.6156325
UHEJIB,1.2514516,2.7617717
ZUDHIP,5.3932967,4.4397173
EGAWEQ,2.9083529,3.4776707
MOPFAZ,2.3856223,4.024521
VICLIC,2.0667048,3.0756137
HUKCEV,0.8800162,2.8711052
SOZVIM,2.8947473,2.9258058
UCEDEN,2.5586867,2.860661
GEBFOI,2.963864,2.7849243
AMOZEH,3.0683558,2.8149881
XELXES,2.3559618,2.4488518
WALZUE,3.0650907,3.729476
SATDID,1.5632942,3.872541
VAMXAJ,2.903999,2.9511633
NUSVEC,3.9309568,3.508658
NUMRES,5.0580525,4.2515
SEDZAE,5.059685,4.8146257
ZOZLOP,0.84355295,2.9462268
TATDAU,1.1826068,2.4634285
UHEJEX,2.1341891,2.782041
MOGSAC,4.4602184,3.3905044
PIBFAH,1.9918735,3.2735033
FONNIF,3.4123077,2.9817543
QESMIK,0.552119,4.046815
RAKPOK,2.662362,4.0403395
SOHBEW,3.0196476,3.5291874
HUYSEZ,3.1113498,2.7381115
XOKFAF,3.152439,3.2101762
UDIKAT,2.7167847,3.5809095
KURTEW,1.4147199,2.9871788
MOPDOL,2.6827705,4.0597878
YECKEW,2.626443,3.0966582
QAQXOW,2.9222307,3.6521082
NATCAP,2.2373202,2.2409697
ACESAC,2.2626266,2.7205076
TOXMEY,4.058034,3.0290818
SAJTIG,4.758727,4.0990934
DUCRAU,2.5097063,3.013352
KAXQOQ,2.795698,3.1814797
EYAZIO,2.626443,2.8793187
SABDOP,3.4599278,2.974985
YUBGAD,1.5426135,2.5270271
HUYSAV,3.0642743,2.7294533
JIRPAC,2.205483,2.7805543
VINMEL,2.097998,2.7309241
YEGCIW,2.7826364,3.322187
KITDAS,4.90839,3.7456107
SIYFIP,3.0814173,3.083883
PIJBEQ,2.4147384,2.8370063
SADGUZ,1.5559471,2.9299343
PIPYUK,2.6585524,4.0072246
FAQQOE,3.6215634,3.1148977
MAPVOQ,2.2781372,3.1834066
VERGEE,3.2035966,3.2061267
SIBNEW,3.589182,3.8746457
QAQXUC,2.9959736,3.4614697
JOWKUB,3.5987058,3.7276015
NENZEM,2.702907,4.1179166
LIGLIW,2.9518912,3.509594
JEVNED,2.327934,2.2608924
FEBYIX,3.006314,3.0445635
MIFBIM,2.0960932,2.415933
ZIDMII,2.387527,3.1632466
JELZEF,1.9896966,2.5936432
FIPPUQ,2.4860322,2.8702276
JEGYOJ,0.46585894,2.4216204
DESGUD,3.3578851,3.0733628
CHBPTC,2.2136462,4.0722275
LADZEV,3.0433214,2.6569142
KOCDAH,3.0923018,3.897153
SIDTII,2.6131094,2.7390764
BAVWIG,2.6781447,3.934412
QUGPUE,2.526033,2.8726099
KUVSEZ,2.3167775,2.790882
BAPPIR,4.5581794,4.1614275
CEPHUA,2.057725,2.6653922
MOPFED,0.17714612,3.3496296
SELKEZ,2.8079429,3.0288203
GOGQIC,2.6803215,3.5099347
YACPOH,2.1921492,2.6283956
JOCDOU,3.1486294,3.2495656
BIWJEX,3.352987,4.015876
AMOJUH,2.5984154,3.0691
KUWSEA,1.1899539,2.6223361
NEDQIY,2.8522975,3.2481096
SICBIP,2.9244077,2.6079845
WOWVAF,2.839508,2.7063465
ADUZUV,3.3274083,3.1509953
BICXIV,1.3820662,2.5327868
QIFHIY,1.9940504,2.929169
NOMPAJ,3.9883728,3.069159
DEYMAY,2.4264393,2.2771099
ROBGUM,3.6313596,3.1201653
DAVQIA,3.1366565,3.1201844
GUYKOA,3.166589,2.7791216
HOGNOH,2.1877954,2.6817465
WUSBAO,2.3750098,2.065548
NAWMAC,2.2443953,1.977998
QACHEI,3.8204787,3.73853
AVIBAJ,2.568755,2.6232388
ADOZOJ,3.2052293,3.2857943
POXKES,2.389704,1.6403402
GALPIV,3.025634,3.1625214
BOFFUZ,2.3812685,2.4616964
YAXHUB,3.1265883,3.2295234
RAMJOE,2.3151448,2.2167246
FOJFIW,1.8413945,2.562603
ECUTAY,3.2329848,2.9754372
UPOLOC,2.9216866,2.6525683
YIYQEC,2.712159,2.7941673
MUPDIK,2.516781,2.6686
EMARAM,3.015838,3.2786627
QUJCUU,3.1540718,2.4551382
CAVNAP,2.7657652,3.1695716
QOQPES,4.317631,3.6526585
KEPREC,3.4112194,2.5996234
TADMOA,2.1393592,2.7397542
TITTUO,2.0830317,2.8428395
LELTUS,2.4966447,2.7221313
NIBKOY,3.7369397,3.7914498
CUQNIM,3.4210155,3.2433095
MAWFAR,0.82967514,3.2094808
ZOPLEX,2.717329,3.3309755
PICJES,2.2498374,2.5481184
QICZIO,2.497733,2.886878
SAWRUE,3.8153086,3.187803
JANDAE,3.4855065,2.8038428
RIXTOJ,2.2476604,2.6712844
XALFOF,2.5418155,2.7827098
CEJPEP,3.0933905,2.9632971
UPEJIJ,3.1352959,2.7895465
CEDNUX,4.499947,3.815299
HEDHUU,3.0008717,2.6381814
AJUTOQ,3.2789721,3.3948288
HEDSUH,2.8016844,3.0650551
GABVAI,4.129056,3.3710017
PAXMEH,3.6645575,3.5526097
TIYWUV,1.2081856,2.454905
WEPJEI,3.7056465,3.189931
EMUDEV,3.2016916,3.0360324
ETAXEC,3.1480854,2.7865815
ZEDZUD,3.0343416,2.4870632
FEZTAG,2.0182686,1.8956914
TUCSOA,3.047403,3.3245678
TEYVOI,2.8297122,2.4555411
GAPZIG,3.7143543,3.4686317
JAYFIB,2.6419535,2.939275
GUBQOJ,2.3165052,2.9006019
MAQWEG,2.7105262,2.9631846
CIDRUF,2.9551566,3.4713101
LAYVAK,1.9831659,2.084891
OJIVEI,3.4016955,3.1264055
LENSOO,2.841685,2.6240926
AVICAL,1.940444,2.58295
GERRAZ,2.514332,2.6720948
XAYDEJ,2.901006,2.5944483
PAPQOP,3.286319,2.9324071
IHEZOL,2.8027728,2.791296
XEFFIA,3.2147532,2.7327614
RALBEN,2.3233082,2.1311352
XUVHAY,2.0745962,2.582714
MIDMOC,3.3742118,3.3469741
WIMJIM,1.6525475,2.0519974
POWYIJ,3.025362,2.8403308
RIDKAS,3.1886303,3.3428714
WEYKAP,2.554605,2.7358756
RAFDUX,3.413124,3.1925175
LEMWEH,2.8079429,2.869601
ROGMIJ,3.343191,2.62143
JEZBEV,2.0669768,2.009591
GAYKUO,3.1573372,2.5430443
QEGBIQ,3.2816932,3.1040597
TEBTUQ,4.1255183,3.3753014
YOJPUI,2.4359634,2.3770888
PAVGAV,3.4332607,2.853958
KUFSAG,2.8454947,3.1665916
BACCEP,2.901006,2.9680421
XINNAK,2.146162,2.2925105
YILBUR,2.3320158,2.299453
IHAJOQ,3.32632,2.8072755
ABATUS,3.7072792,3.4755702
MOJMED,1.4285978,2.5908031
HONCAR,2.7078052,2.5776968
LIYJOT,2.8675358,2.8847208
QICZUA,2.545081,2.623472
CAFHOI,1.9472468,1.7710857
BIQFUE,2.5935173,1.9178536
DESLAR,4.4106936,3.1125224
LOLTEL,2.6316133,2.6149597
YOPXUY,3.6582987,3.0594358
GECGAW,2.2721508,0.9569646
TUXFEZ,2.9167886,2.855451
KIHFUD,2.9869938,3.2489164
MONYOE,1.9657506,2.1014762
CERLIU,2.5921566,2.433137
TICVEJ,2.2596335,2.5277019
BEMBED,1.6408466,1.9640582
SAPNUT,3.916535,3.2077277
SESQIS,3.1412823,3.3036
NASJEW,1.9616688,1.598834
WUYGAY,2.390248,2.66559
PUFQEO,2.0501058,2.6832473
RUTVEH,2.7540643,2.8895326
UPEJEF,3.1886303,3.183994
NOLPEJ,3.386457,2.9107566
OBOHOD,3.1565208,2.9090405
QAYMUB,1.5371712,1.7136364
VUBXUL,3.513262,3.3990965
OWONEU,4.026741,3.7667587
ZUQMON,2.4101124,2.4116786
FAJDUR,3.606325,3.3666286
JIVFAW,3.938576,2.717411
UHODAW,2.2637153,2.538868
NALHAK,2.392153,2.8873477
IMETAV,3.6270056,3.088787
SESXOG,3.0133889,2.6116364
ATOVAH,1.8833001,2.4147105
FOTVUH,2.172285,2.5261183
DAHTEN,2.3526964,2.3116207
SOWZIP,3.245502,3.5076952
JOXCUW,2.7205944,2.8493016
QAWLOR,2.305893,2.1359136
XEFSEH,3.6082299,3.2990482
SILMUX,3.3301294,3.151812
ICOPOH,4.350284,3.3274002
PAQTIK,1.3355348,2.112843
QABKAH,2.265892,2.4207716
SEWTET,3.5167994,3.3469121
UBONOR,3.7263272,3.7215157
TAWXIA,0.418239,2.4879768
BUZXUQ,3.242781,2.712485
IFIZOO,2.3192265,2.3859751
WUQQIK,1.9779956,2.671445
YUDPET,3.8512275,3.5950243
XOQZEK,2.2800422,2.9032333
ANIFEJ,2.707533,3.020488
MEMLAU,3.1040027,2.7514377
YOWLUT,3.6694555,3.3541138
REDCAG,3.8868744,3.2292337
FEQYAE,1.5232934,1.4714762
YIGWOA,2.8838627,2.959586
JUBYEK,4.256677,3.5606937
GICTOD,3.1703987,3.191175
LOPPAK,3.2680874,3.4146779
IQUFEG,3.548909,3.2051435
FOFLUH,2.8381476,2.8175979
JOCZAE,2.8465831,3.1174338
GALPOZ,1.7902371,1.817222
FAHCIC,3.816397,3.275089
JIPPIK,4.945125,3.6890569
KIMJOH,3.3709466,3.3160832
XIWVAB,3.5831954,3.5713987
JEGLUD,3.5138063,3.3231668
WANQUY,3.2552981,3.014144
PEYGIM,3.754355,2.9984384
RIBRAW,3.4811525,3.3855042
YEGXEO,3.152167,2.874545
YOQJIY,3.4019675,2.9272199
PUNCOS,3.5663242,2.5106554
SARGEA,3.2759788,2.9663968
ZOXFIB,4.2452483,3.0665967
QAKBOW,4.086062,3.9379382
BECMEB,3.168766,3.3150368
JEDZAW,3.3282247,3.3295593
ZICVAI,3.9698691,3.4914918
IJOBEQ,2.4460316,2.5764148
OSUDEM,3.434621,3.2210212
XOTKAT,2.743724,2.2735596
KUQLAL,3.754083,3.4133995
WOJDAD,2.5230398,2.5637279
YAJFAT,2.2430346,2.750684
ONIGID,2.0971816,1.7333521
ODCHRU,3.4087703,3.355504
POKZIZ,3.0835943,3.2351737
PANCOZ,2.303444,2.323424
QOKBEY,2.939646,3.3038638
FAHCEY,3.8196623,3.4169202
GIZFUS,3.5113573,3.0684648
LUQYOM,3.0177426,2.439226
VARNUA,3.3627832,3.345029
ICINIS,2.164938,2.647846
GAKZOK,3.3203332,3.4290662
HEYXEQ,2.5967827,2.63213
WAVDON,3.9282358,3.2198625
KAJVIB,3.2052293,3.0747278
SIMNOT,3.1965215,3.342558
CAGKUR,1.7037048,2.2306638
HEFMIQ,2.7548807,2.4885197
ZEQQAQ,2.177183,2.5741105
XOTKIB,3.0917578,2.340951
KIJFIT,2.3880713,2.8142283
UDUKAF,3.7173474,2.740539
WUWRIP,2.0016696,3.0420136
XEYNUK,3.7742193,3.1968162
EHIKAH,3.668367,2.730777
CEXBIS,2.1254814,2.6853712
NAPYOT,2.2612662,1.9356276
RIBCEK,2.9714835,3.2639735
OVAGUP,1.6084651,1.332552
BOYSAK,4.0757213,3.5214117
ALEBUO,3.8389823,2.903366
SIFXIO,3.3235986,3.0678816
QISDED,2.630797,3.00148
RODHOJ,3.056655,2.9948683
TAHHES,3.228631,3.3027987
OVAHOK,3.0955672,3.0225728
EBAHEW,2.7380097,2.4210086
MIZWEA,2.057181,1.8636943
XOCJIK,1.3831547,2.9183002
WIYCAK,3.0884924,3.0262504
MOSQOA,3.2762508,3.061174
GABKOL,3.6485026,2.4806826
RIJLON,3.200059,3.2784605
EFEVES,2.27977,2.2163758
QEBYAZ,2.6928387,2.5945318
QEWNIS,2.757602,2.7642853
FIMDOV,3.1720314,3.1730726
NOMHOM,2.13174,1.8373387
RARPOQ,1.806836,2.8708148
UTELAI,3.2517607,3.1740768
AFAVEI,3.4735334,3.3537815
HEXGAT,3.7633348,3.3398185
LOGYUB,3.7714982,3.6628652
RESXUI,2.367935,2.0608592
MAMLOD,2.9937968,3.3437996
ARAMAI,3.0697165,2.7357337
CAJHIF,2.5290263,2.9758472
NAJJEO,2.2288847,2.6863465
UVOKUN,3.8735409,2.9114013
LUKPIR,2.6890292,2.4515464
DONTOQ,1.8803068,2.3822575
TOLVIZ,3.309993,3.1293697
ENAVOF,1.4511832,2.1419132
OFOXUE,2.3448052,2.3884363
SIZTUS,2.8000517,2.9191957
FEFZOG,2.1061614,2.2275505
UTEBUS,3.4615605,3.223556
RONBAZ,2.860733,2.8830206
HOYQIW,3.945651,2.9043365
GOSREN,2.69556,2.5493546
CEXRAB,1.9423487,2.1287098
NIMSAE,3.5698617,3.0953822
GAKLIQ,2.776922,2.9432902
DEBTEK,1.5143137,2.1573408
QUVTOR,2.9339316,3.23569
IBAJAX,1.7096914,1.5411282
REMPUU,2.9260404,3.0661566
QANGOB,2.5320194,2.0778253
RAYCAY,2.9499865,3.0080278
POMBAX,3.2757068,2.737146
NEMFAO,3.2874076,2.6653159
IWEFIA,3.5831954,3.4059148
UVOFUI,2.633246,2.6023705
JENDIQ,3.3235986,3.2865608
HOJKOG,3.159514,2.9607325
WIXYAF,2.253647,2.789872
TARDAR,3.895582,2.9171424
PUCBEU,3.1132548,3.30907
HAQNOC,3.6675506,3.1763146
KIZTOD,1.9437094,2.323481
ROGKIH,2.9450884,3.0367
NAQRUT,2.7810037,2.5730963
NACSUH,1.8969058,2.040345
AGIWAR,3.5878212,3.3825593
ZIFLIJ,1.971465,2.5274725
DIYJUS,2.4941957,2.7518332
TOMSOG,2.6571918,2.1143365
GUDWIN,2.550251,2.431211
YAQREO,3.969597,2.9799614
AGASUW,3.3472726,2.7104268
NAYPUB,2.8239977,2.930969
ROHXIV,1.6939088,2.6512058
QUGMUC,4.4101496,3.7409801
UGESUV,2.530931,2.9287145
OFOHUO,2.9001896,2.7442229
FAYGOD,3.2904007,3.348802
QAQVAG,3.486867,3.000757
LEPZAK,2.7728403,2.801847
SAQWEN,3.2248213,2.607075
XAJVUC,3.178562,3.1113124
KOSWIY,0.32136646,2.0771532
RIZVED,3.5070035,3.0990882
PICNUL,4.744033,3.3661222
HOGNEX,2.2242587,2.7242973
JIBZOM,1.1262792,2.5586262
RUNNAR,3.2158415,3.197206
WIDTOU,2.856107,2.9288032
MOPMAH,2.222354,2.9240716
UPOLUI,3.1652284,3.0716197
KUPJAG,3.1731198,2.6594598
RAMJEU,2.3701117,2.3480415
FIGGOS,2.2841237,2.705293
UCIYOX,3.1127105,3.188761
TEKDUK,4.151097,3.2850063
XEYNEU,3.4335327,3.01974
TAKNAU,4.114906,3.8969045
XEDXUZ,2.3243966,2.4444537
WOJFEI,1.7502364,2.730647
AFAJAS,3.2359781,2.6036334
KUMREQ,3.3358438,2.976504
LITQAI,3.3489053,2.7642903
RIJLIH,3.1948888,3.3717263
MIZVUP,2.719778,3.1203456
GUFRUU,3.1992426,2.5868165
JIHMAR,3.1271324,2.970466
WOQHUF,2.597599,2.3463528
CUYJAJ,2.2925594,2.1117992
AKEGIG,3.1312141,3.1351454
KEGXIF,2.497461,2.589546
ZUHZIL,2.7573297,3.0042205
SEMWUE,3.0645463,2.7398338
BENHUY,1.0933535,1.9822724
XAFJUJ,1.7205759,1.7376834
MOCHAN,2.803317,3.0485077
HAQKAL,2.6302526,2.2497869
AGAXOW,2.1752782,2.392448
CAVMEU,2.3246686,2.836621
RIZTOK,2.968218,2.81624
VAYRAQ,2.5842655,2.502312
TEBVAZ,3.4212875,2.8878317
WECXIO,2.7380097,2.371758
GITMUR,2.1807206,2.2954268
VEZHAK,3.5287726,3.389889
HEXFEW,2.8996453,2.8658333
QENLUT,3.1249557,2.671823
CEVDIT,2.7589624,2.7807193
EFIKUB,2.1682034,2.6131625
WOJCUW,2.4501133,2.4676716
YAHPEF,3.4430566,3.2521057
MITYIZ,2.0933719,2.515591
NAMCEL,1.8462926,1.6217524
HIKBUB,3.9402087,2.9268563
WAWMAK,4.7021275,3.5016923
GIKNUK,3.678435,2.976159
QEZJUB,2.4672563,2.5369654
QOLLUB,3.5072756,2.6659276
AQAMAI,2.858012,2.9508603
PEZTUM,3.0558386,2.969383
QOSMIV,1.8003054,2.5799308
JOKGUM,3.212032,3.2797866
CIMZOP,3.8912282,3.0242636
SADTIB,3.7393887,3.2735858
VAJDOB,3.2555702,3.2485917
RAFDIO,0.51075774,-0.10450387
DIVWUB,3.475166,2.6338396
PUCZAQ,2.8792367,3.1529753
HAWGIW,2.777194,2.32411
HOWTES,3.6955783,3.127863
OBOHIX,2.855563,2.872277
CIFPUE,2.6068509,2.6119177
KEZMIM,3.0106678,3.3261678
KELQOI,2.7216828,3.1895647
MOKHUP,3.3801985,2.9728549
LINTIN,2.822909,2.8866982
TUXQOT,3.5450995,3.0131297
QIRZAS,1.7769035,2.4688916
HIWVOA,3.3592455,2.917034
RAJSEC,2.4014049,1.9974557
KEGCEE,3.730681,3.196856
PABNAI,2.89638,3.1979165
WISBOS,1.3183917,2.9158254
EZISIR,4.557363,3.0775008
ROHNUY,2.9937968,3.2234733
UXOTUX,4.0942254,3.271071
YOBGON,1.9026201,2.8441625
RONQAP,3.3499937,3.1350427
TAWVOC,2.1516044,2.30357
YAZZIJ,3.123867,3.0458007
TAJTOO,5.110298,3.3777845
COLXAD,1.861803,2.3475404
REHQIE,3.8479621,3.0001059
OFOXEO,2.939646,3.1438963
SUSGOC,2.8452225,2.8587348
XOGTES,3.221284,3.101245
FATTUR,3.0433214,2.6879504
HURRIW,2.1026237,3.0128443
GOBGOU,3.2299914,2.9252963
AGISOB,3.099105,2.8749962
IKOQUV,1.2253287,2.9148152
EVAVEE,2.9551566,2.883336
NIHXUY,2.0822153,1.7677059
TOWWUX,3.553535,3.0590801
AVICOZ,3.5091803,3.3987622
KIDFUZ,3.8580303,4.047569
COVQIN,3.123323,3.249829
NEFVAX,1.4065566,2.0413456
DOPDOD,2.6642668,2.7735825
GIDBEC,1.988336,1.8060331
XAZYOP,3.2172022,2.727013
ONUGOU,3.9666038,3.542987
PICVUT,1.7037048,2.357428
EZOSET,2.15106,2.3965998
VAHLIC,3.1897187,3.3675778
KIHJEQ,2.1045287,1.9328502
OKOXOD,3.7010207,3.6488457
BECMUR,3.1537998,3.3270853
VOHMUC,2.9029107,3.1140206
GETKIB,2.3475263,2.1590824
FIQGET,3.5091803,3.6293795
YOBCIB,3.4185665,2.8670723
TAMZUD,2.7178733,3.211354
DAYLUM,1.201927,1.751955
KOFGUK,3.5908146,3.4239764
MIVVET,2.432698,2.7861793
BAWJOB,2.081671,1.9553897
WEYTEB,2.8362427,2.1140647
LUTLAN,3.2574751,3.351422
MIKQAB,2.3390908,2.4011664
PANHOE,2.09827,3.0102174
SIYYOQ,4.2357244,3.13628
GIHMUF,2.0936441,2.4300177
WOKWIC,3.7535386,2.9793382
RUQLEU,4.215588,3.834024
HEFZIB,4.5998125,3.3789625
LONQUA,2.069698,1.9404278
HOGZUA,2.3480706,2.603488
BENHOU,2.301539,2.7266803
QUYTUB,2.5780067,2.5364068
GIHLOY,2.3717444,2.2796388
UCAWOK,3.1374729,3.216179
TAZDUT,2.0133705,1.7391787
BAWJIV,3.3570688,3.4397798
VIMVUL,3.018015,3.0826242
JELWAZ,2.320587,2.551924
CEXCEO,2.985361,2.6711185
FAPSOF,2.1442573,2.9673529
YUVSEN,4.2773576,3.0290937
MIVKUY,2.7907999,2.6531887
XADBIP,2.059902,2.909323
UNEGEB,2.0258877,2.4000573
XEQLIP,3.71381,3.6590672
LISDEW,3.1254997,3.1520333
KADVOB,3.1938004,2.971133
VUTLIH,3.1567929,3.0536172
KOLSEJ,3.06373,2.4892693
RIVWAU,2.600048,2.6086633
FUTHIN,4.1696005,3.7253408
XELJIJ,3.264278,3.057326
AZEZEM,2.7469895,2.5460143
QUGHOQ,3.4923093,2.482362
DOCCON,3.8468738,3.519135
KEKFUB,3.3570688,3.3129106
ONUHEL,3.9946315,3.1546288
OZAGON,2.6925666,2.5436678
JEFWUP,3.5649638,3.2741902
HEXCAQ,4.788388,3.2148478
RIPBAW,3.3192449,3.3039176
WOXDIY,4.189193,2.72416
YAYGEN,3.2106714,3.5234795
GAQBAB,2.884407,2.6846077
WONPAR,3.5527186,3.6153688
GAVFUE,2.5725644,2.58129
MEKXOS,2.6024969,2.7321746
IQEGOC,2.3311994,2.6249776
ROJKUX,3.1298537,2.7965305
CIHXOH,2.8982847,2.8996556
EZISOX,3.8591187,2.9542854
COMWOR,2.834338,2.8214042
TANBAM,3.4716287,3.4596915
PEQWOA,2.4843996,2.7482595
OGIHER,3.55163,2.9231575
BARSOE,3.6710882,3.3103833
RUKJEO,2.2394972,2.1255615
VEZGOX,3.2414203,2.9793067
WEHHOG,2.9274008,2.8653655
VARTEQ,2.652838,2.1963363
MOQQEO,3.3652322,3.3662913
KUMRAM,3.488772,2.8101408
NIRMUY,3.185365,3.1152446
YORGUK,2.7491663,2.6615129
WEKPUY,2.9434557,2.7804596
WAVJIM,3.202236,3.1138518
FIGYIE,2.8792367,3.491733
JEDLEM,2.865631,3.1416924
CANPAJ,3.087948,2.9171584
OVOREY,4.8528786,3.7205334
ALEYUM,3.1352959,3.3328109
APOSUT,2.6082113,1.9224274
XAMJEA,3.1978822,2.7739897
DOMJUL,1.6095535,1.934994
WISWAZ,2.8283515,2.4556599
KOJQOS,3.4836016,2.524991
TAFFAK,2.2484767,3.058084
NALTIE,2.18453,2.4475768
ZOJHOX,1.825612,1.3156996
BERVOM,2.4909303,2.4289372
HIKCEM,2.8084872,3.026941
MEMGIV,3.5480926,2.96622
DEDBOF,3.7720423,3.221413
LAMWEE,3.4449615,2.8990812
XECKEW,2.9352922,3.167926
APIDAG,3.673265,2.9462264
KAYZEP,3.0942068,3.177227
MORTAO,3.6939456,3.4583585
LIYJUY,3.3475447,2.9774015
REVVAR,3.1445477,3.08759
NAQRUV,2.3992279,2.5472524
WILMOU,1.9224844,1.955766
MEGYIG,2.3809962,2.4975913
NAPYUZ,2.3257573,2.0247977
CIVYIQ,4.240078,3.6191175
TOJYID,1.8522791,-0.47965622
MIDPUL,3.08305,3.047681
EZOKIN,1.7706449,2.2394936
HESHOF,3.1391056,2.764713
VARTOZ,3.0406003,3.2861142
OFEBUZ,2.8182833,2.9768555
JOCMUJ,3.0893087,3.0572863
PAPREG,2.6495726,2.5581238
DITROO,2.0209897,2.9527102
HICMEN,3.140194,3.1272705
SOTJUI,2.9516191,3.0565627
LAVCUH,2.3009949,2.3792615
VUCGOQ,3.188086,3.346946
NUFFOJ,3.223733,3.2563176
GOFFOW,4.9696155,3.3458314
CIVYOW,3.6280942,2.7871397
DOBPOZ,3.006858,2.9223025
IPADIN,2.4454873,2.3772917
NAZNEH,3.1772015,2.8028643
LUQZED,3.2158415,2.9797697
YAVYAY,4.6400857,4.1404886
REVHEF,3.2727134,3.5166845
SAKBIQ,3.1684937,3.3303185
XUVMAE,3.6893198,2.8685021
KOZRIA,3.9078271,3.0141928
WOSQAW,3.2754345,3.1453652
YEJFIC,2.0305135,1.8261055
EJITUO,2.9001896,2.6977704
ADUJIT,2.942095,3.4256868
HOGNOI,2.5684826,1.7753377
REWNEM,3.4588394,2.838642
SIRYEA,2.0833037,2.6736815
RIVJIR,2.8136573,2.8934314
LASHIX,2.1339169,2.7997293
WOHYOK,1.2196144,2.4621117
DANQUE,4.328515,3.8551776
QIFYIN,4.0849733,3.5695264
VABYAB,5.451529,3.7305348
ILUZUM,2.4199085,2.5527875
PIWPOB,3.8487785,3.46334
NOZDIR,3.5053709,2.442541
ARICUZ,2.769847,2.5093746
WOMYUS,2.3173215,2.375816
NIDWIH,3.157065,3.30311
XAFGAM,2.915156,2.653469
WIZMID,2.3053486,2.0172892
YAVNAL,4.323617,3.302199
ARONUQ,3.3717628,3.3767164
QAKPUO,2.7059002,2.2994199
LUSKIV,3.0811453,2.8112195
ADUJUF,2.7701192,3.2261405
HAXKAT,3.367409,3.449025
UGUQET,3.4218318,3.1011224
OPIYIW,3.3461843,3.2027607
HOVMOW,2.5853539,2.8906996
TIJWIT,3.8936772,3.3950386
USEKOT,3.1796505,3.3393672
DENQET,3.721157,3.0922275
UMIBUP,3.2531211,3.1213076
APIRIC,1.7156779,1.8194058
CAVMAQ,2.2816746,2.8223476
OPAVIM,2.3284783,2.191083
XUZLAF,3.118697,2.976531
QEJDAL,3.0833223,3.2274191
LOFHOG,3.2890403,3.4134047
FAPPAP,2.5431762,2.4387264
IYIRUD,2.3072534,2.7466974
FEKHEK,2.1611283,2.830741
OFUTER,1.9145931,2.1388779
GUWJEN,3.0702608,3.0046024
VEXPOE,2.839236,2.6222389
KARYAF,2.6778724,2.8536608
GAFBIA,3.1608746,3.051425
DAJCEZ,4.693692,3.7109096
AKEHAZ,3.047131,2.9268768
ULOMOX,2.272695,2.3086236
RIZVAZ,3.857214,3.201674
TIHLAX,1.1249187,2.9038248
CUJHAR,2.958694,2.9221375
VUTLON,4.232459,3.2007248
RELZEP,2.7676702,2.4444087
LOPDEC,3.1037307,2.9992955
CAQNUE,2.9480815,2.6701229
UVUFIB,2.413922,2.4306521
QEZVAT,3.3551638,2.9305499
QEZVOH,4.400625,3.4445035
REDPUN,3.4120357,3.3442993
CEWSUT,1.5853354,1.6610353
LOKVUC,2.5137877,2.8262658
OLEQOL,3.5023775,2.7474222
KANYOQ,3.4465942,3.36612
SEMVIR,2.9627757,2.8648727
ZIDFEA,3.9608893,3.3338068
EBESIQ,3.4218318,3.0099716
TOVTOP,2.5829048,3.0397773
WAVLIQ,2.8525696,2.9931684
MAFGAC,3.3059113,2.9183738
CAJHEB,2.3524244,2.5664756
UBOTIR,1.1649195,2.9027631
DADWUD,1.8405782,1.9517885
HEHJIN,2.4229019,3.387496
ISUHUA,3.321694,2.9172275
TEXNAM,4.2672896,3.3254936
TORKAM,3.5309496,3.1141348
YEXKET,1.9994926,2.5676184
SAZNUD,2.7214108,2.498856
HOSJUW,2.7918882,2.7659652
OJABAC,3.3154354,3.1784086
XAHZEN,3.2332568,3.4253042
GIFHAF,2.1880677,2.7026317
RUJHOT,2.923047,3.141551
GIYJOO,3.0931182,3.0874813
HIXMOR,3.735579,3.6991353
OJIVIM,4.6466165,3.2256773
EYALEW,2.7135193,2.769812
BUZYIF,2.4577324,2.198234
VAHPIE,2.4182758,2.817867
TUTSIK,4.6466165,3.8696175
YAKDOF,4.237357,3.121609
ODIBOS,3.8006144,2.9161148
QODMAY,2.8182833,2.8287327
BIPNIA,3.7461915,3.1521657
FUVDEF,3.4493153,2.925407
VUCZAV,1.971465,2.329422
HOGTAZ,3.0708048,3.1355326
MANSUP,2.552428,2.3523774
JEMVAZ,2.1992242,2.5726895
QISDAZ,2.4359634,2.613431
UZUYAQ,3.2354338,3.2237496
ETAXOM,2.9592383,2.6731398
HIZQOW,3.5382965,3.3074656
NAMCAI,2.5837212,2.808335
COXNAE,2.1020796,2.3705444
YENJUX,2.4223576,2.9366987
ORIYEV,2.9712112,2.9456193
OVUBAK,2.1369102,2.0945063
WACFAI,2.8571956,2.7808676
WERXOH,3.1646843,3.0914588
SANHIA,2.693655,2.6981215
FIZFUS,3.3897223,3.144741
KEKFIP,1.868878,1.9256456
ETORAH,1.806836,2.3206627
IFAHUV,2.825086,2.860466
BEVKEV,2.8729782,3.10066
VOBQAG,2.8005958,2.9186363
DAMFAA,2.065072,2.620662
NOBCEO,3.5720387,2.2773678
OSEMEF,2.9916198,2.839023
WUJNAS,3.5573444,3.1301005
UTOWIK,2.3956904,2.770145
ABASUR,4.11926,2.7384999
KUGSEL,3.0642743,2.9880135
QOPSIZ,1.9695601,2.2278059
AKOQEX,3.0237293,2.3783994
EQOQUW,2.325485,2.6961396
ZIWCUG,2.6063066,3.0522544
ZEFBER,3.3565245,2.5747328
GAQHOW,3.5908146,2.9188712
NINFUL,1.9633015,2.3991194
HOVWIA,3.3352997,3.1029649
MATQOP,3.3676813,3.0821085
MODVUZ,3.4430566,3.3986254
IQATAW,3.2656384,2.6505828
ZOCDEA,3.7002044,3.2181797
SUXBAP,1.2005664,2.9049203
VEJXOZ,2.9791026,2.8040533
OGOPIL,3.4414241,3.113472
GERRIH,2.4808621,2.7146556
GAVQEB,2.6038575,2.9368951
YUKYEI,4.0901437,3.7593055
CITDAL,1.7747266,2.0346985
OBUWOY,3.44605,3.1735601
BICLEH,3.2471347,3.0450995
EZAFOB,4.3238893,3.5005522
FELHAI,5.483094,3.8426456
TOPQOH,1.5801651,2.2638607
ECUWAB,3.2294474,2.7725768
PIKMED,3.613128,3.6322634
FEWYAJ,0.82967514,3.2100735
OVELAD,3.8063288,3.5839565
JELWIH,4.1238856,3.569031
IVENIG,3.5840118,3.386767
JOQJII,3.1295815,3.2831845
SIRYIE,1.9896966,2.755124
FIFDAC,2.7042675,2.2317028
TEWPIV,3.1916234,3.1590137
NEWJEG,3.768777,3.9218302
KOMDEW,2.7031791,2.510014
DAXVAZ,3.3331227,3.2237391
TUZROX,2.4144664,2.988118
OWUKEX,3.689592,3.3678706
AKOREY,3.0762472,3.195746
OBITIC,2.2457557,1.9206029
FINCIO,4.08715,3.188182
POZZEJ,1.9657506,2.1068513
CUHWIL,4.0234756,3.5978365
BIFCUQ,3.737484,2.7616453
HULXOC,3.2242773,3.4545927
URUJAU,3.1989706,2.8503566
ORAJEY,2.0993586,2.5548446
SAVDAW,2.5097063,2.085861
GEKGAE,5.0847197,3.6016622
NUJCOM,2.8239977,2.6340985
JATRUU,2.258273,2.7344966
LUWTUS,3.2806048,2.8367531
GEYJAX,2.9592383,3.0588586
IGUWAI,2.9627757,2.7104287
DEDCAS,3.7500012,3.0654612
CAQNEO,2.547258,1.6423782
ZIQSIE,3.1788342,2.8977048
MAKLUI,3.1121662,3.332413
WAVJUA,3.6825168,3.2951288
QODMUS,2.225075,2.5370297
FUBDEL,3.0509405,3.1244907
YILKIQ,3.3965251,3.1568625
PODZEO,2.124665,2.5026991
FIFCEF,3.286319,2.7927287
YEHZAN,3.1352959,2.9496167
HEJXAX,2.2144625,2.4736333
MEZBUR,3.5766647,3.6880555
YOSRAB,2.4936514,2.644978
NOPNOX,2.858284,2.9784043
COXQOX,2.712703,2.8249
QAHZEE,3.6174817,3.0519772
IBOCUA,3.826193,3.5289245
JONQUY,2.2520144,1.9557402
AFAPII,4.471919,3.4449973
XADKUI,2.3263013,2.3470194
GIGCIJ,2.028881,2.762881
ZUGVUU,2.8854954,2.8199925
KAQFEN,3.1137989,2.5537343
AGASOQ,3.2155695,2.7105858
RIRDIG,2.9137952,3.0743384
COPIRU,4.7233524,3.3093116
SUHKUC,3.1467247,2.759093
TUDYAU,3.1554325,3.151182
ROTXOQ,1.9537776,1.976479
QOMFIK,2.79597,2.6295
XOSWOS,3.1970658,3.0204926
HESXIM,3.0261784,2.8230364
ZITLIA,2.9189653,3.2856762
BEBYOX,2.800868,2.8716075
ZIGVES,3.4000628,2.9309106
QOSMER,1.6041112,2.9837568
NUCJUS,3.1380172,2.8219082
HONNII,3.1467247,2.662556
IBEZOE,4.146471,3.1912787
VONLAM,1.5975804,2.0195522
VEJKUQ,4.126607,3.4341424
WIHZOD,3.720885,3.3195083
FACHIC,3.3761168,2.9581525
SAVCUP,2.4765084,1.973702
GUYKIU,2.5287542,3.017643
UKOMIR,2.473787,2.5229802
WEJBEU,1.713501,2.6135602
GOYCOM,3.262101,2.7948356
NEDLUE,3.1314864,3.0613375
TULNUJ,2.6941993,2.262743
FONLUS,3.118697,3.1997745
GOSLOR,3.2182906,2.8811135
IXUZEG,1.7847948,2.5023494
GOCWUS,1.8394897,2.747509
MOZMOF,3.5456436,3.576332
VOFBAU,3.111622,3.1912642
GOSPEJ,2.32739,2.5827634
OJOQEK,2.8299842,3.3051667
MIYFOQ,2.3148727,2.6678185
ESEKET,2.9527075,2.4167604
RIHFUJ,3.7627904,3.3498194
ONESOQ,2.5494347,3.0308423
AGIQUF,3.321966,3.3307438
ABEYEL,3.2653663,2.7030942
MEWMEJ,2.473787,2.6623874
OFIBEK,3.5165274,2.6958952
ENADEC,2.7907999,2.686512
QIPTOY,3.2063177,2.350944
HAFJOQ,2.3918808,2.6436105
PAYXOD,3.6406114,2.6415677
JOMSAF,4.364162,3.461316
NOSCIJ,1.734998,1.7857012
MIKHOG,2.0854807,1.9174981
RUTBUD,3.5257792,3.556533
JUFQAC,3.1728477,2.7990308
QINXIU,2.94917,2.7493083
XEFPOO,2.4506574,2.5311346
BOGBUW,4.5660706,3.8776588
IFENAJ,1.3377117,2.7924376
IFIBIK,3.044682,2.9651732
JEKHAL,4.1663356,3.551486
GOKTIK,3.264822,3.3361182
OFITOP,2.2509258,2.6197674
FOCDEI,2.5616798,2.0299773
FOGDOU,2.243579,2.6671839
AMITUL,2.4441266,2.8367639
HICZID,4.2223907,3.5529156
EWAJUI,3.2572029,3.1789646
WOSPID,3.0838664,3.3052404
OTUQUR,2.163033,2.3456516
MIXJEJ,1.9175864,1.7026088
VAKFET,3.3184285,3.0892925
PIXFIN,3.3105373,2.694396
AHOXOK,4.1758595,3.9293818
XEDTAE,2.2424903,1.5162684
SEJKAV,2.8495765,3.5628252
JIHMEV,2.9576056,2.9040432
JUBYAG,4.132321,3.5177934
YEMYAT,3.125772,2.8479087
AFAPAZ,3.011212,2.4887052
BEYHAO,4.21586,4.0485125
YAMDIA,2.2329664,2.6170423
FIVMED,3.188086,3.187301
POCDIU,3.2248213,3.2916582
TIJTEN,4.16824,3.0671058
MODYAH,2.0985422,1.8366555
BASPET,2.8495765,3.3420405
XIPHIQ,3.0242734,2.920493
RAMSUV,2.6890292,2.6619153
JENDEM,3.5796578,3.3803053
DICTIU,3.0114841,3.1774163
HEVXAJ,3.4177501,2.9332323
EGOLAO,3.1197855,2.6665926
KIVPIP,3.0332532,2.6979203
XAGROM,2.6201844,2.4581347
BIYHEY,3.527412,3.0904026
LOMWIU,3.3369322,3.279928
DAPKOW,2.0283368,2.3833902
MIDSOH,2.3763704,2.7396784
BODNOY,1.4585303,1.735442
XODWAO,3.0049534,2.8314865
VAFXUV,3.7910903,3.6940033
CILHUB,3.4544854,2.9498127
SUHMAK,2.1205833,2.3802805
AMUPII,2.2794979,2.4643397
XETFUX,3.19761,3.03715
IKOSAD,2.4150105,2.7702832
MAPFAK,3.1973379,2.6443665
BEVKOF,2.6291642,2.9824586
TUTBAL,2.5603194,2.2773037
LEPZIS,1.6517311,2.5761075
LAMQUL,4.3045692,4.3114476
FIRPAY,3.1842763,3.5592327
LEBTIW,2.0427587,2.3218431
ESILOH,2.0348675,2.0915222
MAZFIE,2.1741898,1.8487817
JUPKAI,3.699388,3.058817
BUYWEY,2.0057514,2.585892
UYALEM,2.9739325,2.6985888
QUMQOE,3.0484917,3.16859
ERUKAE,1.9363623,2.6982381
USUHOG,3.1396496,3.1275043
ROKYAT,3.51299,2.4664788
TEKDOE,3.854493,3.2182186
FEHRIV,2.1788156,2.6758053
LATJAS,2.803589,2.8599575
HEZGUO,3.147813,2.6253748
HOTXEU,3.5671406,3.1126752
BEVKIZ,2.994341,3.0529518
MABKUW,2.5339243,2.812006
SOTDAI,2.3589551,2.6521254
RINSUD,3.1840043,2.970597
OLOSOZ,3.3785658,3.2360225
GOMSIN,2.8721619,2.8650844
MEKTOM,2.9148836,2.6568794
LEHJIR,3.8373497,3.323422
DIXWOZ,2.576646,2.4761596
CUHWEH,4.1693287,3.730579
QEKPIF,2.8476715,2.377367
LILVUA,3.4544854,3.2223954
PIXFOT,3.0773356,3.055941
XIJDUR,1.7507806,1.8955553
OLECUE,2.4765084,2.655503
FILTUP,3.352715,3.008319
ZENMAJ,2.6449468,3.1524086
YICXUE,2.3388186,2.942389
DALNEK,2.5409992,2.5852842
HAZJUP,2.8280795,2.8718736
ZAYLES,2.9984226,2.8087015
TOBGAV,2.9763815,2.5669425
LERLAY,2.8405967,2.9004016
USAPOU,2.6824985,2.4138606
BIDRAI,3.109173,2.4955647
CAQTIZ,4.0512314,3.7200117
TULTAX,3.6572104,2.7916567
COMWUX,2.7780104,2.956646
KIVSUD,3.329313,3.1580496
HADTEM,1.9437094,2.9718914
DOZQEO,1.7107799,2.5905802
NEKGOZ,2.3355532,2.7893903
LAJPUJ,3.0427773,3.401705
KEPLAT,3.1747525,2.9403708
NICBIN,1.6702349,2.5466225
DITZIR,3.003865,2.9608068
QINXEQ,3.1747525,3.1362317
TUKPUK,4.1309605,3.2875524
FIHSUM,2.6212728,2.648745
BEFZUK,3.1372008,3.081953
DAZRUU,3.0346138,3.3095274
ZEQHUY,4.1636143,3.5639997
YUSSUA,4.903764,3.7808988
BIFDIF,3.6558497,2.731893
YEDBOZ,1.789965,1.8157461
COGXIG,2.0914671,2.249225
JEMVED,2.1614003,2.750128
PEJVIM,3.0174706,3.0457244
FECNOR,3.6577544,3.2788594
YOQKAR,4.501035,3.9400434
MEPRUC,4.462123,4.0675488
DAZFOZ,4.7837615,3.4879065
YABZAE,3.0874038,3.1525192
QOVQOH,2.1257534,2.4165504
MIMHAS,2.5494347,2.9344418
GIFHEJ,1.8528233,2.9385087
MOSLEL,3.305367,3.1639829
UTANOU,2.1301074,2.5297232
SERGON,3.0408723,2.9068947
FIJKOB,2.8359706,2.9917197
MAKTIC,2.855563,3.0975811
EKEVOG,2.0035744,1.9335041
OCOCOY,4.1407566,3.5051794
WABDOU,2.6446745,2.1701646
JICCIK,2.3124237,2.18201
TIKHOM,2.2735114,2.0656934
ROBSOQ,3.4566624,3.068135
GICWEX,2.752976,2.594141
OJOWEP,3.5807464,3.1296005
REMVIQ,2.2068434,3.031681
ZITMEX,3.9263308,3.2005324
BERYOO,1.1333542,1.5094726
PEGLIX,3.1788342,3.287339
HOQXEQ,3.3007412,3.3912356
TORMOC,2.5959663,2.6901243
CESHEO,2.1788156,2.5967472
WOFWUJ,3.9731345,3.1614873
IKELIT,3.1565208,2.9981735
APICIN,4.1353145,3.2429404
EJIMIU,3.018015,3.132731
ACUTEX,2.9954295,2.0198174
KUWXAB,1.9350017,2.755297
NIDCIM,3.2569308,3.2239552
XEJXIT,2.0969095,1.742459
IREGUI,2.5072572,2.3214786
NEJXAC,1.7929583,1.73279
HELGAI,2.8190997,3.0797703
COKWOO,2.3703837,1.9404064
VIQTAS,2.029153,2.2016993
ZEFXUG,3.24523,3.060216
ZEGXIS,0.65470594,2.8403168
KIZTIX,2.1116035,2.4094756
DORLED,1.2128115,2.962529
KUSTAT,3.1774735,3.132252
OVORIC,5.0577803,3.7152622
YEXBIO,2.7676702,2.8716953
TUXGUQ,2.822637,2.8921635
VOQCEK,2.4887533,2.4817567
NUDRAH,4.1549067,3.2666194
QOJPOV,3.692313,2.9133637
HOSGIG,3.981298,3.9321346
IZUJOD,2.6563754,2.812619
TIBFIW,2.6710696,2.8617918
WIFFEY,3.0931182,3.6046782
VEHSEJ,1.7798967,1.9546499
BAFLIE,2.527938,2.8754172
ZOWPUY,2.9287615,3.0058453
FEQXUX,2.2781372,1.8648362
ERIZIO,3.1589699,2.9126391
XOJMOY,3.326864,2.943331
HAXJEW,3.0261784,2.9147134
FICBAX,1.9341854,3.0781314
BEJSEP,2.451746,2.9794908
OMAVIH,3.080601,2.9013703
BOQDUH,2.5527,2.794159
IDAFUR,3.1657727,3.0469902
HIVVAJ,2.8550186,3.0261693
POZPOK,2.110515,2.794808
YIZRAD,3.1295815,3.0559685
YIXVUX,2.6993694,2.1840112
LOBTOL,3.620475,3.1518445
NUWGIV,5.766365,3.6756601
KUCVOU,2.7461731,2.7528813
QIZFOX,2.370928,2.9465537
CEMGAC,3.1815553,3.0550075
CEFGEA,4.043612,3.9750059
MODVIN,4.0904155,3.589712
HENZIJ,3.94293,3.0548377
EWUQOC,2.2615383,2.4593277
PETPAI,2.743724,2.3472738
GESVIM,2.1042564,1.7671967
JUQJUC,3.383736,2.9532254
EBAQEF,2.282219,3.037828
MIJTEF,3.2514884,3.064466
SUXBET,1.2171654,2.8728678
YIJZUO,3.324143,3.3765697
CETKES,3.1083567,2.8271925
SARFEZ,2.9573336,2.5666685
VIMWAS,2.6558313,2.8907094
WEHZOA,3.1943445,3.2589357
AFILEG,2.638688,2.6042707
ZAZWAY,4.390285,4.1214895
IBILUA,2.836515,2.4852755
VAYMEP,1.928743,2.2846322
FUVPAN,3.570406,3.1232076
CUQMOR,2.860461,2.8755
LOJPUW,2.8601887,2.868006
FINYEH,3.7197964,3.2793868
NETBET,4.6955967,3.3213289
FUXPUL,2.516781,2.0383782
YICYOZ,2.5940614,2.8894942
NOFVOV,3.9100041,3.4004383
SERJOO,3.2966595,2.657187
QOZVUY,3.011212,2.287894
QAWYOF,2.9676738,2.4449441
GAFQOT,3.9306848,3.0119328
DUJQUU,3.2972038,3.2773225
KAPYEI,2.0082004,2.5467336
DIQLOG,2.1967752,2.3517408
XOBDEX,3.3616946,2.852331
HELQUK,2.8185554,2.3748302
QUGMEL,2.7521596,2.6227465
HENYOO,3.840615,3.2493346
SOJYUM,3.4430566,3.1063855
RAKMIZ,3.2008753,3.2878413
RAZDEC,3.1682217,3.244029
LOXXON,1.3709097,2.7257998
DIBPUB,2.5322917,2.9448662
SAYTAQ,2.4944677,2.5190322
ONUHAH,3.9608893,3.23973
HEJXOL,2.1856186,2.498957
QIWNES,3.6819727,3.4953747
SACMIV,2.0860248,2.4513166
BETLOD,3.1061797,3.294397
XUTFAV,2.5026312,2.0740771
EDIMUA,2.6667159,2.3930569
SUNMUL,3.6955783,3.4598684
MOCXOT,3.1891744,2.5304646
AQAYIA,3.2030523,3.1843355
BAZCAG,2.6648111,3.0983686
MIXLUB,3.0482194,2.4413996
VIHSIR,2.4501133,2.737361
JUMRUG,2.841957,2.8075316
ZORLOJ,2.471066,2.6046107
AGAXUC,2.1262977,2.3811965
FELYOL,3.1080844,2.5202568
WADTIF,2.4313374,2.525035
FOKVUY,3.610951,3.1861494
DOMZOX,3.4351654,2.9986343
ZETLOZ,1.7856112,2.7805161
LUSHUE,3.1562488,2.8181982
TIHCES,1.758944,2.0923305
AJEXOC,2.8302562,2.7651405
QIDSED,3.3374765,3.2257056
FUPSIT,2.4452152,2.443637
GASMEV,2.4555554,1.9122055
ESUNUC,3.1056354,2.9274833
UKONUF,1.1279119,1.1465153
WOSQOK,3.4302673,3.021638
JIGZEE,4.5339613,3.7324378
HALHOS,2.4966447,1.7259047
LOMWOA,3.4683633,3.358378
NIQLOO,3.0435936,2.6083393
QEBKAJ,3.374484,3.3062642
UPOMUI,2.3910644,2.3236923
OBALUA,3.2457743,2.8248358
SOGNIL,2.6079392,2.4857159
XALYOY,2.838964,2.8104165
REPJIG,3.3581572,2.6194973
VEFQEC,3.9883728,3.9231508
POSXIF,3.6215634,3.1297593
POCBUE,2.5399108,3.0363173
LIBPUJ,2.0988142,2.3319964
FUNNIM,3.3614225,2.8814614
VAFYEG,3.2087667,2.3383877
COWTOX,3.0751588,2.4536495
YIGTUD,2.9031827,2.6612797
GEDNAG,1.6745887,2.0909994
RONCAA,3.4792478,3.004046
CUBNAP,3.1323028,3.0280526
AWENAR,1.5099598,1.8394055
NOLXIY,2.1309237,2.2085395
RIVFIL,1.4827484,2.2007263
USEXEW,3.157065,3.4239423
KOMMUW,4.5244374,3.4337459
SOWVOQ,2.7061725,3.1867237
BUBQUK,2.9916198,2.7997227
TEXSUM,1.6642483,1.8512725
WOYVEN,4.2332754,3.5601869
ZEJNUZ,1.9741861,3.0910218
ZISTUQ,4.1902814,3.548092
DIXVEO,2.5200465,2.3760889
MUHJUW,1.8982663,1.9302962
AWIZAJ,1.8824837,2.3507996
DEKTAR,2.9567893,3.2707834
LOQYUM,2.4601815,2.2189322
JOCREZ,3.5641475,3.0872445
FOLJOH,3.0724375,3.2566342
EKOHES,3.2852306,3.2754028
YABZEI,3.2588356,3.2609072
CURWUI,2.9020944,2.7864895
LAZKEF,2.7453568,2.799635
YOMDAH,2.2354155,2.1870441
HOXDUT,3.629727,3.1366951
LEJPEW,2.6449468,3.1469185
FISRIK,2.7015464,2.6385999
WOFMUB,1.971465,1.8615738
RADNEQ,3.8229277,3.0522747
PAYQEO,3.3965251,3.1447396
CIXYIS,2.301267,2.237958
FIQGAP,3.5252352,3.5767357
YAGROO,3.503466,3.1700888
YEBHOD,2.1309237,2.1829698
CODZAX,2.1521485,2.4858208
JARTUS,3.1578813,3.0443006
VITSUP,2.249021,1.8939319
SIJKUU,3.1216903,3.3453422
TANROQ,3.0833223,3.1380606
LEPFOD,2.057725,2.4794507
JEFXOH,4.064837,3.2484019
YAGKAS,4.5464783,3.6445742
FASRUN,2.428344,2.1050172
HOWSUH,3.41258,2.983575
BEJROX,3.8583024,3.3613212
VUGHAI,2.956245,3.0477858
TESPEP,4.1954517,3.3065872
LEMRAX,1.7393517,2.6285067
ROHHEC,2.614742,3.0568838
HEZVUF,4.2237515,4.2917533
ZALHUS,3.3426466,3.1997018
IJITIG,3.3758445,2.8509357
XEZPEZ,1.5311847,1.7310646
OZEXIB,2.1529648,2.8314078
BUJSIK,2.8120246,3.0241222
YAFGET,3.267271,3.3163772
IKESOG,3.575032,2.6613302
MIGCIQ,2.4827669,2.0404875
HADSIP,2.1826253,2.3751345
ROWWEH,2.287117,3.0581102
XUHXII,2.0509222,1.7835771
PUDPOU,5.2945194,4.0740395
YENDOL,3.0844107,3.1385615
EDUFAM,2.6234498,3.013197
SECTAY,2.5099783,2.2954762
PANMUO,2.9080808,2.6877906
VISWEA,2.941551,2.8718495
BAZMOH,2.6044018,2.4621804
NOBLUN,2.609844,2.7552423
CUFZUA,1.8237071,2.3809876
VUFPUI,1.7749988,2.2797284
TEGXUA,4.0264688,2.8611515
TUXFAV,2.8171947,2.8144302
EYEBOA,3.0713491,2.5316133
VAJPIG,3.3899944,2.9225707
FEYGEW,2.9937968,2.8130302
REMWIR,2.4433103,2.4666693
QAWXUI,1.4699591,1.5166906
QIFXAE,4.005516,3.62953
GINQUQ,3.7456474,2.8954585
PETWAN,3.0972,2.6912062
QOYGOC,5.383229,3.608227
SIXDAG,2.7083492,2.4186783
KAQKEU,2.9358366,3.0535092
HOPYAN,3.106996,2.62054
YIGTOX,3.8640168,2.9256604
AWOTOV,2.4971888,2.6420135
ABEZAI,2.8498485,3.1200843
BIMTOH,1.6109141,2.6669712
XEFQAB,2.4678006,2.5967746
UCAZED,3.589182,3.410335
COWZEU,4.8866205,4.1395483
FEFZIA,1.6169006,2.7723536
LEPZEO,2.5600471,2.6953886
KIZTET,2.1418083,2.4102738
ZIFLEF,1.9241171,2.5419776
PUNFUB,2.2931035,2.737653
SEBRAU,2.652566,2.8454607
TUTSAC,2.1369102,3.440776
QIDDEO,3.8172133,3.6608346
QASHIC,3.085499,3.201957
GOMYOZ,2.4193645,2.3639033
FOFXUU,3.0618253,3.4123237
WEHZIU,3.0786963,3.191986
ULATEI,4.7666187,3.6782384
PEXFAC,3.0384233,3.115607
ELUGEZ,3.1303978,3.0530436
LUWVAA,3.8231997,3.1046872
ZEYCIS,2.4071193,2.7026525
QAZXIA,3.6199307,3.3771777
PAKFOX,3.5668685,3.3817613
CPDRUA,3.228631,3.0403764
MURBUY,2.7848132,2.8028202
IWAGUJ,1.3798894,2.5836968
CIFQEP,3.06373,2.945524
MOJYIU,3.018015,3.2548532
MOZNAS,4.0564013,3.4092112
COTTIR,2.6678042,2.8811917
XALSAE,4.337495,3.4284523
ILAJUB,2.5777347,3.150483
UZOSEI,3.7932673,3.0193734
WOSMUM,3.6359854,3.1169264
DENRET,3.7176197,3.118922
CUGSOO,2.8566513,2.62943
OSULOE,2.0517385,2.5296144
LEMXIM,2.3831732,3.016166
KUFKEC,3.0171986,2.7084532
PILLUU,2.5918846,2.3605912
EGUDUI,3.1361122,2.442038
IXOKOV,1.8715992,2.5820372
UFEPOM,3.099377,3.0219893
OHAQIY,3.8313632,3.2127752
LIBTUM,3.2890403,3.0952342
YEFHID,2.6650832,2.1853478
UWUZIW,1.4699591,1.6967933
EHABEU,3.2354338,2.9234636
YURGOJ,4.089599,3.8012888
SABQUI,1.8231629,2.3175113
KUPXUQ,2.3018112,2.0236866
SURFER,2.71488,2.8705113
FEZVEN,4.4117823,3.61168
ORIYIZ,3.0784242,2.9636447
PAQYUB,4.337767,3.626439
HAQWAX,4.5728736,3.5915902
CORKUP,2.8672638,3.0825136
WIJBUN,3.7260551,2.9845445
MIPKED,2.2163675,2.433126
EGOFOX,2.4892976,2.1131687
PAHLOZ,1.328732,2.540696
ISUFOT,3.7483685,3.5656893
JOJSIL,3.0737982,3.2741702
QIFYEJ,4.005516,3.5383627
EBETUD,2.3154168,2.08229
YIBFAR,2.1358218,2.601867
ZAGTEJ,2.2024896,3.3684974
AGIWEV,3.4539413,3.3968866
LUWSAZ,2.9883544,2.9313445
MOWVEZ,2.887128,2.7461004
AQACUQ,2.5543327,2.590197
JELWON,3.7652395,3.2759004
XIVSOL,2.9208703,2.308146
TILGOM,3.9807537,2.4429343
ETAMIV,1.703977,2.4841452
TEYVAV,3.1391056,2.9742208
JANMEQ,3.3987021,2.9229288
OCOCIS,2.721955,2.6769118
SOTDEM,2.3175938,2.3836148
JAWFAD,3.8245604,3.4591746
QAKHIT,3.1932561,2.9186332
JECHII,1.0438287,1.7948589
SAFRUN,1.1564839,2.0916984
COGYAZ,2.2552798,2.2122285
QOKBIC,2.8982847,3.1428838
MAZHIE,3.6169374,2.919064
PUNCIM,3.5657802,2.5109503
COLDIT,3.271625,3.1244633
YATZEZ,2.5037196,2.8235557
QALHIV,3.6795237,3.1041353
REDYIJ,3.565508,3.0492496
VAPMUV,2.3020833,2.5196834
JURMEQ,3.3331227,3.1732502
VOMQOD,1.8253398,2.5491774
RUKTAT,3.5826511,3.3626416
KAQDIQ,3.329313,3.0764947
OFITOO,3.1850927,2.680948
XIXHUI,3.4738057,3.9015443
EJUBIV,2.674335,2.870699
REPWAM,2.9244077,2.8531668
HAHYIA,3.1366565,2.6943967
KIDWIF,3.1293094,2.7920399
ROJMEL,2.4577324,2.7770877
REMBAN,2.5078013,2.184811
ZORKAU,2.9004617,2.5416222
JURYAY,3.443873,2.9167135
WUBKOT,2.896108,2.038031
LIFLIV,5.19547,4.1412435
BANDUP,2.6340623,2.3497894
WOWDET,3.7774847,3.160938
IVEMOL,3.4226482,3.3333492
ROHZEW,2.968218,2.6115246
TATWOD,3.5456436,3.3250728
PASTIM,3.4901323,2.8091853
EQEYIJ,3.2316241,3.4080062
MUNZOL,2.4765084,3.0676005
LISHEA,2.332832,2.2185893
LEPDIW,2.8912098,2.7906964
FOYCEB,3.6642852,3.6215158
YOJXEA,3.5480926,3.2620118
SIQXIA,3.1418266,3.3255732
YAHVEL,3.3276803,3.1322265
VUGHIP,1.5213886,2.109088
BIHQUE,3.4705403,3.0480785
HOXDON,2.7143357,2.7850258
QUBMIJ,2.607395,1.7353098
PAZBID,3.1750245,3.193562
WACDAG,2.7589624,2.8161483
WACDIO,2.533108,2.5796485
ZUKGER,3.2158415,3.1636987
TASDOI,3.0923018,2.6030688
LEBTES,2.0691538,2.340586
ELUFUO,3.120602,3.2201269
XOYLEC,3.5478206,3.1740623
WAVDIH,4.5298796,3.7772374
NABZAU,2.9567893,2.941928
NAGHIP,2.9382856,2.8962424
LISDIA,3.190535,3.3075504
UHODOK,2.1752782,2.315933
KACCUP,3.0384233,3.0198002
BEGBEX,3.0288994,3.2040987
DAXVON,3.2901287,2.9736552
WEXXUU,3.250128,2.8946214
MIKDIU,3.5646915,3.488832
LILQAA,2.7189617,3.0085475
HELGEM,3.037607,3.092224
IPUBOM,3.5671406,3.0099814
XUFTIC,2.917605,2.6517549
IJELAL,2.788895,2.752694
NOBMAU,2.7246761,2.7961211
RIVFAG,2.3260293,2.1354496
ROLQIT,4.0017066,3.1213083
DEKSUI,3.2816932,3.0737956
PAQKUQ,2.163033,2.5723343
QILGIB,2.4438546,2.4869113
BUXNAJ,4.175043,3.749993
YOPVOP,2.3894317,2.01584
RIYCUX,2.3717444,2.7374637
REKDAO,3.0337975,3.0507631
SARBIY,2.265348,2.3523498
SEVNEP,3.013661,2.98678
ZOGWUP,3.018287,2.7954495
VUBSIW,3.4144847,3.1015666
HUDPIH,3.2395155,3.4116533
WUWVIT,1.8509185,1.833399
HOLXIQ,3.204957,3.0125883
TEWSET,3.348089,2.4069204
ELUTOU,2.585898,2.7351203
GEZLOO,3.0814173,3.290857
QIXQIZ,2.2122858,2.8497596
LELLUK,3.9992573,3.8344731
BAYPEZ,3.190263,3.3863142
LASGER,3.1603303,3.1926394
OQEGOH,2.6680765,3.1554294
BALTOY,3.5987058,3.5985096
PUQGUD,2.6392324,2.4838264
YOVLOK,2.425623,2.6026762
VOGYOH,2.853386,3.060393
ABEXAG,3.1837323,3.043864
CICSOY,3.1314864,2.8602028
WIZCOY,3.9614336,3.5389538
PEBLUF,1.6177169,2.2134929
PIKRUY,3.555984,3.370852
ADUKAM,1.7056097,2.1897511
QUDZOF,3.1943445,3.1249454
POSXEB,3.3513544,3.2562976
MIDPOH,2.827263,2.814168
DAQHAF,3.0288994,3.2084064
ZOSNUS,3.3309457,2.805545
IXALEZ,2.1823533,2.0489914
JIMYAI,3.8242881,3.1158097
GUDLUM,3.6811564,3.1241565
ATAZOL,3.455574,3.1061547
IBENOU,2.3216755,2.7884169
JINSEH,2.2386808,1.6513963
FEVDES,2.7687585,2.6109567
GEKFEI,3.9949036,3.3473086
YOPCOX,3.350538,2.4305127
KURBUW,1.3866923,2.4566174
TAYROC,3.034886,3.2758744
HIKKUK,1.8990827,1.5290836
KOKMII,1.4188017,1.6402484
RARQAD,1.5458789,2.827923
IWAGOD,1.4226112,2.6265874
NAGHAH,2.9709392,2.9075236
HEBPUC,1.8253398,2.009422
TULSUQ,3.6544893,2.6834328
IZUKUK,4.7960067,3.9792073
TEYTAT,2.712703,2.891594
WUXKUW,3.7091842,3.4402952
NAGDIJ,1.8321426,1.9809816
PICWEE,2.5186858,2.894066
RUNMIX,3.2250936,3.2004783
WEPHEH,2.158135,2.6321306
BICQAG,2.574197,2.7754307
DEWGER,3.5742157,3.270432
KAWROR,2.210925,2.4287736
SIGYAL,3.1271324,3.1337495
RESWAQ,2.6261709,2.8381608
ALIQIV,2.1720128,2.6061962
FIQGIX,3.1064517,2.9438188
XILVOF,1.2811121,2.4162319
QIDTAA,3.658843,3.4930973
CURWIX,2.6416814,2.3994038
QIDSON,3.5668685,3.3164961
XIXHIW,3.8746293,4.0265465
ZOSPEE,3.2367945,2.7046082
ISOKAE,1.4013864,2.2034235
PUSXUX,3.510269,3.4488206
RIXSAU,2.9342039,3.2185645
SOJYIA,3.4800642,3.1477213
YAHVIP,3.434077,3.3947084
AGOSOF,1.8272446,1.7810488
MOXWOL,3.5410178,3.215176
GOYGOQ,2.5227675,2.5721414
EVAVAA,2.5505233,2.8327153
HEVWUC,3.00196,2.9500413
SULXED,2.3736491,2.2500944
NEVZEW,4.0234756,3.1321335
XAPKEE,3.2348895,3.2770786
VIJPUZ,3.0694444,3.267814
DIZPEK,4.1208925,3.0995657
AGIFUU,2.8550186,3.0968373
KEJYUU,1.9458863,2.096642
LACREN,4.218309,3.0479243
PEPFEW,3.6329923,2.8716512
MODTAD,3.274346,3.231875
VIKNOT,3.1382892,3.023512
ZOGLIS,1.2168932,3.0027335
MITNAF,2.4128337,2.8610427
GUCKEW,3.9902778,3.3091636
ADUMIV,3.0479474,2.842106
FEGQAL,2.5420878,2.498382
VEBLOE,3.3633273,2.918804
UGAJIV,2.8754272,2.9323342
WOHZEB,1.2090019,2.4622555
NAKJIS,3.164412,3.3777387
WOSMIA,3.491221,3.0210414
ALEGIH,1.4381218,2.847433
YEXZIK,2.117318,2.801017
NOWGAJ,1.9129604,3.0584033
TETGAB,3.3562524,3.2870886
DOKLUM,1.6403024,1.9516468
QAWYIX,2.4071193,2.3688722
PAMGAN,2.8060381,3.046161
ZOYYOD,1.976363,1.7012836
ZIVXOT,2.4454873,2.5957212
XOMWUR,2.1872513,2.0443778
WENJAC,1.5491443,2.3616526
WIQKIQ,4.5516486,3.2488203
FOBTIA,3.51299,3.4207911
QOVVON,3.0452263,3.1118855
KERCIV,3.080057,2.6543565
HIJDAH,3.3252313,2.9241168
MEZBOL,4.072184,4.335436
AZAQUO,2.0286088,2.0855792
BOHWON,2.9295778,2.8308415
LOBKUJ,2.8550186,3.0675945
YOZXOB,3.5189764,3.0323167
DOQBIX,2.9309385,2.903046
HOYTAS,3.5951684,2.950118
SANREH,3.2340732,3.1350186
DEHBUN,3.1657727,2.7748797
TAHROL,2.898557,3.1031935
AJEXIW,3.1869977,2.7957582
WORNEW,3.0487638,2.1761432
JUQJEM,2.5989594,3.3797226
PAXYAR,2.7094378,2.759062
MUBTUY,2.0079281,2.378046
XIMXIC,3.3143468,3.4551957
LAJTUL,3.5091803,3.2356145
QUMREV,3.3162518,3.1784828
KILVUY,2.731207,2.7735817
HIMLEU,3.1342075,3.2924316
BIRRUR,4.117355,2.9809744
EMEPIW,1.8522791,2.3179567
BIFDOL,3.577481,2.7746253
VAJVOS,3.1927118,3.2847478
BAWPUM,2.387255,1.7048246
TEFYEL,3.1540718,3.1791973
BOJMAQ,4.0759935,2.9746253
CPDZRU,2.801412,2.974847
HORKOQ,3.0846827,2.391251
JINHEU,2.332288,3.1102705
UVOWOT,2.1469784,2.3218143
XAXLEQ,3.0539339,2.9060123
SACLUG,2.2024896,2.5576842
AYUSES,3.8368053,3.4160697
MIKDOA,2.9744766,2.95435
NECMEN,3.2414203,3.2624204
OZOMEX,2.5616798,2.622363
MUNZEB,3.173664,3.1811624
CETDOV,1.4631562,2.3642147
QAHVEB,3.754355,3.384534
ZEHLIJ,3.5499976,3.6533513
MEFWAY,2.3369138,2.9964526
ZEDGIB,3.3211496,2.9977334
DIBMIN,4.8575044,3.9817755
WEJMIJ,1.7224808,2.7444606
KAWQEH,2.311335,1.8379569
HEDHOO,3.31217,2.6334732
KEWWAM,3.3728514,3.113984
GAPZOM,4.1312327,3.8610377
QALZOU,3.0776079,3.0650659
SAKPOM,2.4419498,2.5109348
DIYLAZ,1.7741824,2.163156
FIZFAY,3.5007448,3.224479
VEZGUD,3.7219734,3.3433206
VIRTEW,2.2865727,1.9976832
NOYWUV,3.4074097,3.0847626
VIJVOB,3.2444136,3.037046
LETSEJ,0.6892644,3.0127144
GESVEI,2.091195,1.7607877
USEXAS,3.1635957,3.084473
EKEBOM,3.1293094,2.7331948
PADRAN,4.1429334,3.170048
AVOXEO,3.0729818,3.1463504
EMAZOJ,2.5540607,2.352444
WEJBIY,1.837585,2.5488362
HOTXUJ,1.8971778,1.9830663
IVEMUR,3.4166617,3.298316
EGOMIW,3.207406,3.2843528
FUYWAY,3.2109435,2.8488798
COTTAJ,2.4868486,2.6289985
YECMUR,2.920598,3.2017715
CEJNOX,3.1633236,3.0286736
QOXXIM,2.741547,2.7757897
JIJFIU,2.5586867,2.4329026
ZONKEU,3.2792442,3.2694287
LAZKAB,2.6860359,3.0185604
ZEVDOV,2.108066,1.8961844
ECUTOM,3.9440184,2.8169467
GUXVEA,3.1872697,2.696947
TUSTEH,2.5287542,2.5256383
AXOMEF,1.0821968,1.5190259
ZUSLUW,3.1241393,2.8439252
ROKXIB,2.0920115,2.2060587
PAMFEQ,3.3167958,2.7775688
VABYIJ,3.2169302,2.9334643
IKELEQ,3.4634652,3.2356234
TEMZET,3.3475447,2.9054284
YAVMOY,3.9301405,3.2477336
YEJQUC,3.025362,3.0095203
EZIRIQ,3.859935,3.0135198
CIQYEJ,3.061009,2.8956015
AYONEH,2.5295706,2.0819373
WOHNEM,4.483076,2.9157333
BACFOC,3.7984374,3.159644
JOFRIG,2.2286124,2.8128204
NEZZOH,3.4547577,3.0160427
ERUHAA,2.757874,2.632001
SASGOL,2.468345,2.0512416
YOPZOU,3.267271,2.6717749
KADQIQ,3.974223,3.090397
FIZTOZ,0.9771609,3.0781758
PECBAB,3.0332532,3.0601578
GUNHEC,2.8993733,2.4357262
ADACEQ,2.348887,2.2900703
BAXZUY,2.361132,2.5558197
MIDMIW,3.5646915,3.3151028
QISZOJ,2.8425014,2.6570754
ZOGKEL,3.1758409,2.8956413
RIYZUU,2.5078013,2.4574478
XODRAK,2.1948705,2.8003197
CIFQAL,3.150262,2.90733
YOMNOF,3.486867,3.148761
LERMON,2.858284,2.94965
YEJHUS,3.1984262,2.9915035
REPDAS,3.2972038,3.0342333
LANRUO,2.382357,2.452122
JIVGAX,1.7975842,1.7900621
HURGOS,1.4152642,2.6895912
ILEHEM,4.2887864,3.3572083
UCAZUT,3.5061872,3.4499564
YIVPUQ,2.8171947,2.944124
COWQUA,3.941025,3.2027223
IQOCIB,2.0770452,2.8489232
UMANON,3.1627793,2.7334824
VASVAN,1.6378534,2.5034187
JOJSUX,3.2520328,3.315098
BIDHOL,3.8114989,3.628692
IFETUJ,3.4264576,3.039223
TOMSIA,2.7184174,2.1315143
BOPWEK,3.328769,3.1732633
ROJNAI,2.4201808,2.8742497
ORUXIK,2.5818164,2.65295
YUSLEF,2.527938,2.9942265
FAMFUV,2.4645352,2.8656583
KUPDOP,2.8362427,3.0865033
TABSAT,3.085771,2.9040196
POLVAQ,4.4531436,3.5765314
XEGSAD,3.1608746,3.3311431
MEBTAO,3.032709,2.8464012
BIXTOU,2.287117,2.1138124
CEBPUX,2.6593688,2.6393316
OFUMAE,2.5426319,2.4730892
FIQGOD,2.9401903,2.9679687
STYPRU,2.5227675,2.8406093
PAMFOA,2.825086,3.0690823
VIMVAP,1.8560886,2.6464775
KAQHIU,3.2653663,3.0858834
RIMMIJ,2.9763815,2.9517665
PETPOW,2.8348823,2.2712207
JIZXUO,2.7671258,3.0198078
CEMJOU,3.1064517,3.4208684
COLWOR,2.0209897,2.6834912
ZOPVUX,3.3660486,3.4674213
ZOPVAD,3.5197928,3.5123549
VABXEE,5.1268973,3.8006818
FOQROS,2.230245,2.6871357
FODXON,3.856942,3.272283
OCODOB,4.279535,3.5419931
FAPVOJ,3.1801946,3.0611615
CADJOG,3.5837395,3.6303682
YOFJIP,2.6016808,2.6413043
LIPFAT,3.0264504,3.1450977
MONJUV,3.2438693,2.3760858
LATHUK,3.0321648,2.8872402
QOFSAG,3.1078124,3.057164
FIRCAL,2.8705292,2.2763326
MUGMIL,2.6457632,2.9463162
SIWJEO,4.270555,2.7731311
OQEGAT,3.6357133,3.1690738
MIGCOW,2.3404512,2.275786
USIYIG,3.1135268,3.1097815
TEDPID,3.0416887,3.3815472
TOWWUZ,1.3045138,2.791409
VOYJOK,1.3836989,2.6992698
FARSOJ,1.9888803,2.547422
LONYIX,1.8574492,2.0192137
BOFFOT,2.403854,2.4468455
JEPDAK,3.2939384,2.9241955
HIWNUY,2.4607255,2.6274006
HAHZAT,2.5195022,2.5013947
IMOLIG,2.8215487,3.2084844
VIQYAV,3.44605,2.5997372
HAQJUE,2.6180074,2.4506574
IJEJAI,3.3872733,2.946387
LUTWUS,3.0942068,3.0755844
IZIJOR,2.1782715,2.6221628
PICJIV,3.3728514,3.3156705
SOJMUA,6.2716804,4.1888547
MUQYII,3.3690417,3.3592541
UCEBIN,3.4863229,3.473545
GATRAW,2.937197,2.8271184
SULTOJ,3.0354302,2.6542733
SEKRIK,3.2582915,2.9000018
PABYID,3.042505,3.427145
DEKFUX,2.8778763,2.765143
XORDAK,4.0730004,2.9216943
WAYKOZ,2.7023628,2.6613333
ZIPLOZ,3.534487,3.2964056
JOFXIO,1.8144553,2.0776489
YULJAR,2.9067202,2.8931637
FIFCAB,3.3187006,2.827752
PAYJEE,3.3665926,3.1791062
UJUBUX,3.003865,2.5320656
GODYAB,1.522205,1.0524135
GAFSEO,3.4027839,3.7977834
BIKLUF,2.3891597,2.1851418
TINFUS,5.1590066,3.8476253
XELBEY,2.3382745,1.9365149
GETKEX,2.282219,2.0032248
RUTVAD,2.690934,2.9186478
JOZBOP,2.5058966,2.6345868
XICFOH,3.0011437,2.7623603
MOZMAR,3.7086399,3.471541
UJUZUV,3.047403,3.0645428
MALZIK,3.2732577,2.7674563
ECOQUJ,2.1921492,1.414465
ZEKGIH,3.702109,3.6737025
ZEQJAG,4.027285,3.398203
WEJMEF,1.7888765,2.7552369
SEMVOW,2.5899796,2.5285578
OLOKEH,2.1344612,2.3151808
SEQVAL,3.05856,3.0638874
DIHFAE,2.8756993,2.8813372
PIXWAU,2.8269908,2.900015
QOTKOZ,2.7178733,2.4731147
USEWUL,3.1146152,3.1495183
SASWAK,3.4425125,2.9195008
LACMEK,3.2460463,2.9132261
LOQZAT,2.8729782,1.8612292
RACGOR,4.384843,3.2533283
XEZVIH,2.2906544,1.8501314
SUKFOT,3.6286383,3.3040724
SIJGUP,2.4463036,2.6082175
EHONEV,3.2876797,3.0950077
FENCAE,3.3845522,3.0738046
HAZMUR,0.74477565,2.245802
YIHXEV,2.901278,2.9427755
WOHKAI,3.2182906,2.6462564
NUZXIQ,3.3178842,3.2132516
CEHSIS,2.960871,3.2460794
RAZFAA,2.3562338,2.5131736
PAWZUL,3.173664,2.7775023
WOFFOM,2.867808,3.0036764
SOTVAB,3.9306848,2.7764118
SOMXEY,3.3570688,3.6819966
UJEXUD,4.1429334,3.215466
CUTZOI,4.057762,3.5804884
BIFDAX,3.3976138,2.7378314
SENDUM,3.1935282,3.46123
TOMDOO,2.4411335,3.1142428
XULWEH,4.784578,3.694818
YUVSIR,3.1921678,2.871277
GESVUY,2.1020796,1.7939392
VEBMOF,2.934748,2.8099706
AJUTIK,3.350538,3.536655
FOHPUQ,2.9576056,2.8886983
HOKCUF,3.6544893,3.6495018
FATVIH,1.8947288,2.5355415
KIDWUR,3.2868633,3.2640874
IFAHIJ,3.691769,3.6433558
QIVRIX,3.202236,2.369293
JOJCIV,3.5543513,3.1356506
NODZIQ,3.5527186,2.4863434
YOQPUQ,3.023457,2.5308876
AMICUV,2.585898,2.8764768
POLYUN,3.128765,2.6763058
VIQRAO,3.1559765,3.1954758
PAYXIX,3.3578851,2.7897046
SUSQUS,3.0694444,2.9774437
EHIRIY,2.4128337,1.944978
AFASIL,3.5176158,3.993002
WUNRUS,3.307272,3.1843593
JOVNAL,3.9668758,3.3143897
MOGHAR,3.494214,3.2827048
GUTNEO,1.9039807,1.7691941
WAKNII,2.3197706,2.532873
YEWFOW,2.5434482,2.8733768
LEHJUD,4.268106,3.687893
TARXAO,3.5208812,3.2879486
CEBTAG,3.147813,3.3001826
ZORHAR,1.5790768,2.5349944
NAGDOP,2.3126957,2.0400844
ZOWPIM,2.8762436,3.0577497
RISWIB,0.8873633,1.894213
RIVNAL,2.322492,2.5042593
COXBOH,2.138815,2.4806275
TEKQAE,3.4199271,3.4458597
DEDCEW,3.6667342,3.0320592
QAVXUG,4.251507,3.523306
XEFRUW,3.4022396,3.193029
PABNOV,3.1225066,2.7402716
MIPCOF,2.2394972,2.3279693
FUYQIB,2.9529796,3.0814114
BESGAI,2.9644084,2.5256035
CIBHAZ,2.8408687,2.765481
KIZSIW,2.102896,2.552604
LUNSES,1.6675137,1.6369561
YAQZIZ,3.8817043,4.0712657
AVOXAK,3.085227,3.104019
ZAYLOC,1.4906397,1.8583624
TFTPRU,2.9339316,2.4678104
BIHYUO,4.59301,3.5859375
KESYEP,2.0326905,2.0858202
FESZUA,4.191642,3.5698495
LIYJUZ,2.8903935,2.766891
NIBXIF,3.1826437,2.8847907
CIFMIQ,2.335009,2.7576315
VIKNUZ,3.6240125,2.6975794
IQIMOK,3.343463,2.9566596
UWUZAO,1.520028,1.6892976
GUQVEV,1.906974,2.8226235
REDWUU,3.047131,3.0639281
AVICEP,3.5736713,3.2902918
XEFSEJ,3.2438693,3.1604092
VAYYUR,2.1875234,2.6234033
DOYREO,4.261303,3.5725603
KOFDIV,2.8759713,2.7084486
RIVJEN,2.9807353,2.9557765
KEJZAB,2.0258877,2.1823697
ROJNEM,2.5420878,2.8839426
HUNWAP,3.3159795,3.2700725
PIZGIQ,2.4563718,2.881776
DUVCUU,2.6922946,2.7213547
VAFSUR,3.3943484,3.2431939
KOWQEU,2.0452077,3.329914
TIKWOC,4.0618434,3.4947693
ZOPTEF,3.515711,3.5479016
HEYXIS,3.0416887,2.820599
EPULUY,3.362239,3.0348766
CIJQET,2.669165,2.7705736
LOXYII,2.0797663,2.6101925
ZOJYOO,3.4694517,3.1370966
IDAGAY,3.1823716,3.2432897
NUSFUD,4.1617093,3.6522846
EREJIU,3.0642743,2.9295762
MEHYII,3.8275535,2.7624605
HIVVOX,2.8373313,3.1521463
EZATUW,2.7684865,2.9661758
TUVLUS,3.1537998,2.7372687
PESWEQ,3.247679,2.6419907
ODELAN,2.1812646,2.3783336
MEBXAT,3.1842763,2.7298505
WONMER,2.9480815,2.3819318
UCATOH,3.1369286,3.1884785
OZAYOF,1.4383938,1.6806625
MOSCOO,3.3750281,2.929656
FAPSEV,3.4806085,3.010386
ONAJET,3.8300025,3.1321929
HAZHOI,2.2552798,2.8123794
MAJZOP,3.9559913,3.3490705
FORQUY,2.7785547,2.8005269
WOHJUB,3.2103994,2.797698
GIFRAR,2.0664327,2.4367323
PIFLOF,3.2754345,3.1485403
EQALAL,2.7546086,2.683504
PAYQOV,2.7268531,2.9022756
MILCIV,1.5937709,2.0656114
QOKKUX,2.1502438,1.8887699
EGITUJ,2.9102578,2.4099486
WEXNET,3.1505344,3.055363
HEDRUG,2.4438546,3.0570574
QIDBAJ,3.001688,2.8768146
KENQUR,2.088746,2.353353
OHOBEU,3.381559,3.6467311
VIBYEL,2.014459,3.0456114
YOBFOK,1.4430199,2.8514028
POBBAK,3.1608746,3.3225694
QULFIN,1.4773061,1.8082591
BERWAZ,2.7693028,2.3786376
YUGDAG,3.840887,3.3022819
LANVEC,1.6713233,2.2921395
RITCIJ,3.080057,2.9825678
ZUQJOK,2.6011364,2.8859155
NOBBAJ,4.088511,3.144858
JINRUW,2.1543255,1.6656607
DAMCAX,1.93092,1.8496895
MINPIK,1.0928093,1.8783363
ZIQLOD,1.2345806,3.0252764
KAKDIJ,3.2572029,3.1997235
GULRAI,2.912979,3.0413463
RUKDUW,4.083613,3.1087296
ZICKAA,2.3962348,2.9165666
ABOZIB,2.1450737,2.176754
NUSXEE,3.2536654,2.4194958
OMOBUO,3.9263308,3.5599043
SEQJIK,2.619368,1.9897678
EMOKIA,3.431628,3.1730757
JARTOM,3.161963,3.1990962
NEDMIV,3.0808733,2.769164
CEDXER,2.6250825,2.696282
IKELAL,3.137745,3.2479198
DUJQOO,3.1363845,3.2509224
VOGRUF,1.961941,2.3153667
JEJXOM,3.5546234,3.0487914
XIBHUL,2.5565097,2.6798847
QEYLUC,2.997062,2.9536598
KIJYEI,2.035956,2.088284
CEDXEQ,3.1608746,3.2006989
EPUYEV,3.0150216,3.1045907
NUZXUC,3.2601962,3.2315779
VEKYIW,3.0955672,3.1076515
PENZIR,3.6506796,3.144019
WEYJUI,2.5097063,2.2889705
CAZHAP,1.6332273,2.661738
LIKZUD,4.8795457,3.8165755
BAYFAL,2.5818164,2.1818874
DILZOQ,3.862384,3.6121855
XADCAI,2.0955489,2.5923584
FUMDAS,3.0982885,2.6153598
EQAGUA,1.866429,3.168007
NIXFEI,2.9948852,3.1058898
WEYSOK,2.9214144,2.182536
PEBNEQ,2.1997685,2.2404041
IKIZAD,5.773712,4.6554413
ICOPEX,3.7584367,2.9562476
MARTUV,3.4016955,3.120291
UPEJEG,2.719506,2.8403094
SAWPOW,3.596529,2.9513955
HEWLEB,1.5564913,2.7847745
EDEKOP,3.2849586,2.9714482
WOBSUB,3.0607367,2.9607506
FOQRIM,2.2212656,2.6839516
MODVEJ,3.7383003,3.5195906
GILMUJ,3.7799337,3.4121137
NEBDUU,3.6068692,3.0978646
GETXAE,2.4237182,2.162519
RIYZOO,3.1146152,2.611579
UJABOX,3.5597935,2.501411
UZESUP,3.1899908,2.8881607
YUWHON,3.2680874,2.8781817
LUSKOB,3.0193753,2.778478
RISKIQ,1.4109104,2.6435683
FUBPIB,0.71212196,2.8799543
SENFAU,3.288224,3.297152
XOZROT,3.2724414,3.2700205
UQIMAJ,2.497733,2.1614382
IZAZEP,2.662362,2.8849258
POWCAF,2.3507917,2.0461912
AVEZOR,2.0745962,2.7641397
SOCCAO,0.56082666,2.2457075
UWALOU,3.2563865,3.380977
LAMRAT,2.5532444,2.7176323
CALFED,3.107268,3.104715
FOKNOL,2.1853464,2.5524607
NACREO,3.3227823,3.323915
JAKYEA,2.2887497,1.9848037
NASHOE,2.3774588,1.3435845
SODSUA,3.1265883,3.0592844
MUCCIW,2.29909,1.8758876
YAWJOW,2.7595067,2.58914
EWOJEF,2.2528307,2.2634444
AJOBAE,3.2702644,3.1669798
AKEGEC,3.0109398,3.053205
MOJMAZ,3.2438693,3.373903
XEFSOR,4.556819,4.39082
DIYLIH,1.8952731,2.198411
LAMROG,5.5342517,4.460786
NEPRAC,3.176113,3.301892
QOPSEV,2.4871206,2.5223992
CULKUP,2.6860359,2.854676
TIVVUS,1.8343196,2.5963478
MIQTAK,3.0321648,2.7687004
LINSAE,2.5374618,2.8471875
HACVIQ,3.639795,3.1863608
CEJHAB,3.5600657,3.0360518
EGILIS,4.022115,2.944303
TEKPOR,3.4011512,3.5026543
HEJWEA,2.0226223,2.9062517
VOGYIB,2.8759713,3.0486739
ZEGZAM,3.221284,3.1240573
QEYXOI,2.9080808,2.8925986
QARQUV,2.6699812,2.642731
EDIMIO,3.7508175,3.003666
GELGOU,3.9470115,3.4221625
IKENAN,3.2800605,3.1343791
POJFOK,2.143441,2.5442512
LEHJOX,4.0259247,3.30902
OFISUT,2.2833073,2.338047
IJONAX,2.5007265,2.1439528
CUNLIH,3.7075515,3.251667
CUWGIM,2.8373313,2.8447871
LIGCOV,2.5412714,2.2757277
GIPTAD,2.6343343,2.5106888
PETQEN,2.8661754,2.4644618
WAYXIG,2.788895,2.689866
RIBSAX,3.5385687,2.5610654
KOLRIM,3.597073,3.1464489
IXOKAI,4.7214475,3.3304696
YOYDUL,2.5246725,2.1210506
KULPAK,3.219107,2.576815
LACZIY,3.3377485,3.3628285
HEFZEX,3.9453788,3.766546
ALEROY,1.4457409,2.308046
IWEDOE,2.2253473,2.5807066
ZEWHEO,2.6539266,2.8669686
SECTIG,2.0705144,1.9532073
EHAKUU,2.0160916,2.232815
XUMWOT,2.5777347,2.5476518
MALFOV,3.078152,3.9083834
DAZFIT,4.461035,3.6530735
DESKAQ,2.9053597,2.981463
TILGIF,1.0587951,2.3237953
CUQSOX,1.5600288,1.9100406
MAFGIK,3.4063213,3.2920368
ODUHUR,4.075177,3.6563878
TEXTAT,1.7880602,2.3404207
MOGKAW,3.274074,3.1509292
YAHSOP,2.5567818,1.9496968
WEJCAR,1.7502364,2.5442026
LIQLAA,3.207406,3.2794187
LENKOE,1.9910572,2.161066
NUWVOQ,3.2754345,2.839024
TUMKOC,3.1350238,2.8173652
KAWQUW,4.488518,3.360051
MOGJOJ,3.3176122,3.2426772
MUPBIJ,3.0313485,3.0463762
BOHJIS,1.8166322,2.3496294
BIHYOI,4.0661974,3.6561294
OZIXOM,1.8106457,1.9062619
XAHJUM,1.8481973,2.9065695
VEYMOC,2.9143395,3.3168914
PEBJIQ,1.6471052,2.2451525
WAXHIM,5.5981984,4.34603
RAXQIQ,3.329041,2.8985038
YEXLOF,2.9238634,2.9921567
DORBOD,2.05963,3.0071614
PUYJOK,2.49991,2.8095949
YEKCIB,2.9622314,2.7957911
FEXDIV,3.8874187,2.9219198
PERPAG,2.1711965,2.680449
WEKSOV,3.008763,2.9066637
SOKFOP,1.7798967,2.0749454
HOVROB,2.4642632,2.7478714
VINZEX,1.4177132,1.9705039
HUMBIC,3.0550222,2.9233255
GEVVIO,3.2686317,3.028822
LIPMAY,2.3290226,2.81832
WOZYEP,4.036537,3.8023465
FEZVOX,4.7312436,3.6608639
GOYCUS,3.385913,2.7097292
YACMEV,1.682208,2.3370533
NODZEM,3.5712223,2.4705417
XIXJOE,4.0757213,4.0282917
TEBPUM,3.5236025,4.121446
NULTET,3.078152,2.2859747
VIGYES,3.0653627,3.216275
SIDRIH,3.0275388,2.5429425
LITQOW,3.120874,2.6918454
NOFLEA,2.7807317,3.12371
HIVTUB,2.9867218,3.1197987
JOCPUO,3.5636032,3.0835943
JOKWUB,2.0019417,2.85161
KILBAK,3.2803326,2.627204
ZIRHEQ,1.238118,2.9971733
VONFUA,4.44117,3.9290009
KIBMAK,3.176113,3.1727386
MUYZIR,2.1586792,2.3730502
XEWYAC,2.9099855,2.9462159
AFUQAT,1.5447904,2.4703119
QUCBIB,1.6032948,2.6656282
OSOXEB,2.9282172,2.719246
YEDQAB,3.2166579,3.3375769
XITNOG,2.284668,2.163362
ECUKET,2.6697092,3.4076898
XIXDAM,5.337241,4.026356
MOYYOO,2.881958,2.9215415
BELRIU,3.082506,3.2907078
ESIKAT,1.3404329,1.961175
JIMLOG,3.9761279,3.182502
WAVDED,3.9274194,3.2175682
VEJDUM,2.3404512,2.172505
DEDCIA,3.8095942,3.1666985
WAVLOW,3.4822412,3.1039977
QIBLAQ,2.7684865,2.6030698
HAFKUX,2.1622167,2.7466168
TIVREW,3.3421025,2.4472854
EREJUG,3.5091803,3.6080506
MEXJIL,3.2689037,2.9391448
NOGTIN,2.0705144,1.8279316
OVIYOJ,3.4199271,3.3885207
BONSED,3.4419682,2.940831
CIMKIT,4.9864864,3.8328333
XOQWAC,3.6498632,2.8680584
MOYYEE,2.998967,3.279171
MEKXUY,2.5352848,2.628172
WAQRIP,2.6854918,2.4216232
FAHYUK,3.0299878,2.591081
ADERIM,3.5407455,2.9829907
VAKFUI,4.012319,3.253517
GAGGEA,3.7241504,2.9266734
COKWUU,2.4403172,1.9818596
MUBTOS,1.9856149,2.5535316
WUNHIY,2.590524,2.6407423
MARCIR,2.385078,1.9616923
PABYUO,3.4348934,2.9221456
ZOPTOP,3.5091803,3.550318
HUPMIP,3.69449,3.1227474
TITHOW,4.1883764,3.5396135
ACOVAR,2.289566,2.1771338
MILDAP,2.801412,2.9822712
GAMDEE,3.7524502,3.0921144
CATCAB,2.2171838,2.1737533
YIMLAH,3.099377,2.1987166
DEHFIF,4.3247056,3.0337749
LEHZAC,2.119767,2.467089
PAMDUE,2.8811417,3.0909488
AGIGEC,2.8669918,2.7085116
HATNOH,3.228903,3.1203592
ISIXEP,2.5578704,2.6378334
AWOQEJ,3.732586,3.59288
NOLXEU,2.148611,2.1891885
FAHHUS,2.1994963,1.9763883
ISUHIO,3.037063,2.8266733
DUXQIX,1.7578555,2.292637
XATHIL,3.575032,3.734312
BAWJER,3.3981578,3.4595075
SESVUJ,2.538278,2.71506
MIVSOZ,4.1334095,3.6147342
GUDZOW,1.4732244,2.0301602
XEFRIK,2.3331044,2.5815902
OBEYIE,1.7306441,1.9041407
RUNLIW,3.3494496,3.2775078
WAVLUC,3.8719082,2.8896613
JOJQUV,3.4074097,3.023403
YAVHUB,3.0427773,2.8666952
PAKWAA,3.776124,3.0723264
NOWWOL,3.8302748,3.289711
UCEBOT,3.5151668,3.519809
HUSQUJ,1.2939014,2.585606
SEMTOU,3.3159795,3.2627053
ZEGYEP,4.0161285,3.0075324
MEYZUO,3.99572,3.7426066
XIQGOU,3.763879,3.8147464
PIKVEM,1.902348,2.1361833
ZUQBIW,3.3080883,2.7036462
LUQPIX,1.8198975,1.9075084
GOMZIU,2.2560961,2.119084
PEVSOA,2.124393,2.3994193
AVEGAJ,2.6610014,2.627569
SIBQEB,3.5015612,3.2685301
YECPEC,3.233529,3.0115037
GODJAK,3.3235986,2.8830652
HIVTOV,3.1127105,3.2752445
APOXUA,2.3480706,2.1440532
REGGER,2.6441305,2.2744305
DIJHEM,2.855835,2.4160724
XICWUE,2.0669768,2.0855343
WERXUN,3.1374729,3.095182
FIZVOB,2.7750173,3.094792
FEKKAJ,2.538006,2.8071706
XIFZAN,2.5774624,2.905877
GULNUW,2.084392,2.165613
BICXER,2.7407308,2.7915199
WIQVUP,2.0419424,2.4444556
VIJREL,3.1227787,3.2493448
WOFZEW,2.1804483,2.3737268
WEBWIM,2.3409956,2.3866494
IWAKAS,0.81198776,1.3880649
AFASUX,2.9358366,2.9766488
TANXUE,2.4746034,2.6622295
SEMVAJ,2.8378754,2.7109966
ZUHZIN,2.3986838,1.7342635
POYFAK,2.0136425,2.3516061
TUJHEM,2.834066,2.8081214
COGVOK,3.4139404,3.3362072
QEHPOI,3.6906803,3.62511
WIJCAU,4.2890587,3.820895
BICMEI,3.2400599,3.0153773
LIYJAF,2.9380133,2.9933975
LOYZUW,3.049308,2.641973
JIZYAT,3.3578851,2.9665318
PICWII,2.2901103,2.286364
LEHHIP,3.2729855,2.840636
WEPJOS,4.1813016,3.2379653
AXOMIJ,2.5290263,2.0778756
LEKTIF,3.3325784,3.0435433
NENVAF,1.7355422,2.8711748
DOCYAV,3.2699924,3.1946912
KOCFOA,2.922503,3.0240822
TEPJAC,1.7382634,2.8570685
YUDXAX,3.5238745,3.0738797
OXAFOJ,2.2775931,2.5166664
PCAZRU,2.879509,2.7679026
UCAXAX,3.1894467,3.2408893
LEYZAT,2.4384124,2.474346
UZEHIR,2.8838627,2.7365746
EZAFUH,4.339672,3.403111
IRASOK,3.2849586,2.8161507
FUZCAG,3.2588356,3.2832084
YOMPUL,2.263443,1.999053
SEMTOV,2.9056318,2.8582542
RIVWIC,2.5317473,2.619546
AYOPOT,2.8302562,1.9913201
BABKOG,2.4743314,2.5305593
DUJJAV,2.6604571,2.346144
MULYID,2.487937,2.3631306
MUQDUX,2.6650832,2.5438113
BUTNOU,2.3788195,2.6924453
QAQVEK,4.170417,3.3737144
XALSEI,4.336951,3.4292188
ECUJUI,2.4324257,2.5227416
NEMDUG,2.999239,3.0609536
IHEKUB,3.2969315,3.2576246
XIBJAT,2.492291,2.6612835
BACBOY,2.8577397,3.197751
OMENID,3.3848243,3.1675382
TEMZOD,3.1646843,2.9629931
FUHLEZ,3.1586976,3.227432
IJEKUE,2.793793,2.769781
NEFGIP,2.8297122,2.9161954
XUZLEJ,3.1037307,2.9128637
SUCXUJ,4.526614,3.3386538
TUSPOO,3.096928,3.0358102
TILJOO,2.78182,3.1551068
GUTCUU,2.61964,3.1733122
HEXBAP,4.167696,3.8729424
LAFMEN,3.163868,2.7727785
SIHLIG,2.9116182,3.0942109
NAWLUV,2.127386,1.8840333
ZAFFUH,4.0014343,3.3202534
NONQUE,2.8182833,2.7896566
ATOSUY,1.98371,2.152872
SISYID,3.3823752,3.8189194
BODBIG,2.3986838,2.9375684
MAXKAY,0.6650463,2.3877335
FEMHEK,2.81529,2.5345562
TOLVEV,3.3007412,3.1276188
WOKWOI,3.6006107,3.143999
NEMZUC,2.3295667,2.289812
XARTOC,3.118697,3.5053966
BARSUK,4.753285,3.806606
NICBAF,2.743724,2.8151457
MEJYUX,2.9529796,2.8766057
RAPLAX,2.8000517,2.6488278
MALXUU,4.141845,4.089177
MOJMIH,1.7989447,2.5817752
HIVXEP,2.8294399,3.1444223
GAKKUB,2.7358327,2.7843165
PIKBER,2.841413,2.5214317
AYUSIW,3.1812832,2.7476876
FEJXUN,3.1535275,3.5435224
MEBVUL,3.0835943,2.6743233
LINGEW,2.8969243,3.2286074
PASNOM,2.8697128,3.2001917
HOXGAC,2.2228982,2.4990542
TESNIR,3.0052254,2.876724
YOFJOV,2.5973268,2.6419494
AYOWAO,2.7241318,2.5192785
WURZUF,2.1426246,2.093164
TASBEW,1.4827484,2.148686
WACXEE,2.4324257,2.9375267
YENDAX,3.6022434,3.2691343
SOQHIP,2.1611283,2.262544
KIHKAP,2.4691613,2.8348925
UCULAG,2.8498485,3.3803556
SOFFEZ,1.6174448,2.5157118
QUYYIU,2.6871245,2.7524807
SAZTAO,2.8623657,2.917577
ZEHNOS,2.3894317,2.2308908
KESNOL,1.9529612,2.6414888
LESLEB,2.0909228,1.8348303
DEDBUL,3.759525,3.187951
UFECEO,0.48218575,2.1977959
FABYOY,3.242509,3.1113296
VELFEA,3.2392435,3.135963
RAVVUI,2.9293058,2.8901546
QAQMAX,2.6917503,3.0482302
HIGXAZ,4.478178,3.6111429
LOCGAL,2.1331005,2.5341191
JURMAM,3.262101,3.0573087
JODNUN,2.3126957,1.9451272
WIJREN,3.4637372,2.9810936
YUCFEH,3.2027802,3.4564734
RIVHUB,3.0147495,3.0165968
CUWSOE,2.086297,2.6094747
GALBAZ,4.145927,3.5457418
TUTSUW,3.3344834,3.7301123
RAHLIW,3.4993842,3.3671799
KAWQEE,2.3973231,1.1321712
NEVZOG,4.499675,4.144211
BAHKAZ,1.8579935,2.119938
RIBREA,2.941823,3.0514946
USUYAK,2.7524316,2.705617
YOSXEL,4.2550445,3.4776149
XIJKEH,2.525761,2.538048
HIBQAL,3.3080883,3.1861434
DIWBIV,2.5458972,2.5058947
VUMBEL,2.0631673,2.394092
PUNWEA,2.5777347,2.8672626
ABISAH,3.0895808,2.995837
ZAGTAF,3.567957,3.1836786
VABXOO,4.9170976,3.7233162
ABEWOT,3.6934013,3.163115
ZOQTOO,2.9932525,2.5154428
KOCZAD,3.6120393,2.962882
VOCHAX,2.0253434,2.1717582
COMXAE,2.3804522,2.5762198
NUGMOT,2.2237146,2.0078168
VALFET,4.813422,3.2139328
BANQUE,2.2125578,2.129912
MECFAB,4.050687,4.1374965
MIBZAB,3.5285006,2.965506
LAMQOF,5.657247,4.8307962
WATVIZ,3.6678228,3.390555
FIZDUQ,3.1752965,2.8604784
CIZBOC,4.4142313,3.6888924
GAFBAS,2.841957,2.9880614
ALEGON,1.4002979,2.7868512
LAKPAP,3.0555665,3.25537
KATGOB,3.1774735,3.0411658
CIMKEP,3.9772162,3.2846684
VIGXOZ,2.0579972,3.2275608
PILHIB,3.0958395,3.1942759
NAWTIR,2.4422219,1.9028993
QEXFOP,3.6882312,3.3282604
PAKFUD,2.8403244,3.3567023
IBUMOH,4.560356,4.008747
GULZAO,4.2101455,3.595489
PEYGEI,3.5206091,2.7818754
FIHDUY,1.3265551,1.9693837
MITHII,4.100484,3.3943465
FUZBUZ,3.1918957,3.2368228
AZAJOC,2.9935246,3.1380787
KODQUP,2.8740666,2.7057679
TFAMRU,3.1752965,2.8556607
DORNEE,2.717057,3.0236304
QIDGEP,4.371509,3.7154603
XOSVIK,3.460472,3.0567071
AVUKOT,3.1842763,3.0380514
LELGUF,3.7584367,3.3768685
RUPGUG,2.1227603,2.355802
USAPEK,2.3472543,2.508345
EJAVIW,4.812606,3.873731
YOLSID,0.1493905,2.178041
WIYMAU,1.6506426,1.434804
CIMPAS,2.0713308,2.776282
TAJSUT,5.377242,3.6077313
WOSNAT,3.288224,3.1872149
RIFMOI,2.6446745,2.1706498
REGSAX,4.01885,3.1294074
PAWROV,3.3782935,3.075123
KADQOW,3.6857822,2.8614032
XEMFEA,1.4092777,2.9754245
BOJJUF,3.5211535,3.4155478
HIKKIY,2.1543255,2.1665566
KEPPAZ,2.1494274,2.7193413
BAWJUH,2.124937,1.9830568
HIWMOR,2.0514665,2.5602431
FUWMAL,2.32739,2.8819187
SOJYOG,3.469724,3.1682007
AHIWEU,4.174771,3.8115916
RITRAP,4.3851147,3.8278158
QAWXES,3.0196476,3.359816
XUFROG,3.5478206,3.580844
CASFUY,3.369586,3.0424087
JINJIZ,4.151369,3.3033412
SOTVEF,3.9905498,2.9148471
MIMCUH,3.6022434,3.0280218
TUSPUU,3.4795198,3.130722
ZAZRIE,1.6715955,2.1903067
UCIYUD,3.1192412,3.149669
VUFQAP,2.2258914,2.3924596
KAWQII,2.409296,1.2915025
YASFIH,3.2269983,3.0351522
GUWHOV,3.0814173,2.9887977
RIFVOR,2.4476643,2.5469995
XEGPEH,3.0403283,3.0298836
QAXBIA,3.2748904,3.0729716
WUQBIT,2.3913367,2.4976773
OCIMAQ,1.6887386,2.7152712
HESVUX,3.486867,3.1226678
SAJXEI,3.015838,2.6206636
LIFVUS,3.1140711,3.1247907
BETLOE,2.2901103,2.9083612
DOMKEW,1.5053339,1.9140813
OLUWUN,4.1045656,3.9237332
FEZTUB,4.1614375,3.381462
HUNKIK,3.2827816,3.2202754
COGXOM,1.7004396,1.916219
FITTAE,1.9012595,2.2365263
DESKUK,3.3230546,2.8424313
ROJWEV,2.6895735,2.7720127
YOJWAW,4.7658024,3.7831273
VUSZIU,3.885786,3.8744621
OFEQAU,2.8895772,3.0428798
XOZQEJ,4.4705586,3.768138
HATNAT,3.1940725,3.0893626
LIGWEF,3.0784242,3.2757611
SIKPEH,4.34457,3.7364051
ZOSNEC,2.0011253,2.4079628
BECSOS,4.1306887,3.346735
JENBOT,4.2381735,3.4927392
VIJPOT,2.9946132,3.300659
PABYOI,2.2740555,2.6998103
TAHZIL,3.1548882,3.0492733
UPEKAC,2.8082151,2.6217349
PENVAG,4.1021166,3.6186042
USIYAY,3.2280867,3.4024491
ACTFIR,3.4585671,3.2851315
VAFFUE,2.6868522,3.1349125
UZORUX,4.194907,3.2183523
RALBIR,2.7064445,2.345869
FIKXIJ,3.147541,3.0474403
LABKOQ,2.2433066,1.5630476
IFONEX,3.2895844,2.7339249
EZAGES,3.3464563,3.1647387
LOVPET,2.2174559,2.7123845
OQEGIB,3.2484953,3.2870262
DUCVAA,1.8476532,3.1391976
MEBWOG,2.9554286,2.6790519
UGUDAB,3.5878212,3.4512217
QOJSAK,2.373377,2.2129183
BIJZAX,2.557326,1.9475548
YACMOF,4.043612,2.9926474
LOBTAX,3.3796542,2.9818375
QEYTOD,3.2555702,3.0307481
PAYXUJ,2.8073988,2.632932
WUWLEF,3.2816932,2.7756748
EKEBAY,3.2103994,2.756487
IDEYIZ,3.6414278,2.8864489
PITREP,3.534487,2.7857375
EDAYEN,3.161419,3.1772552
NEZWEX,1.8933682,3.0442786
BEJQUC,2.9478095,2.6374328
SUPQIE,2.94917,3.0404794
NATXAK,2.891754,2.347428
JEXDUM,2.8514812,3.0413058
BIFDUR,3.4553018,2.7611241
WOJCOQ,2.485488,2.5558548
RITQUI,4.5968194,3.6630096
COWREL,3.0003273,2.447658
BACSAA,2.9388297,3.092186
OVOQAT,5.2395525,3.5411227
EHANIM,1.2147163,2.4286025
RIWLUF,4.3530054,3.8748598
NIVKIO,2.9986947,2.837919
XEWHUF,2.3075256,2.328584
GEHYID,3.0340695,2.9368837
AYOWUI,2.9268568,2.5402458
NIDXAA,3.4212875,3.2149968
LERLOM,2.8324332,2.9531674
GAVQAX,2.1396313,2.56441
VIQQIV,3.181011,3.2956192
RUNLOC,2.6084836,2.766544
TIFCOB,2.6237218,3.1560612
KEGHEM,2.9336596,2.8000977
CURWOC,3.2487674,2.8135333
SIGSOS,2.4131057,2.7922626
MUCCOC,2.2419462,1.822747
KENQOL,2.1260257,2.3127882
NEVZAS,3.981842,3.245824
OTIMOV,2.8498485,2.883795
KIKZUB,3.3225102,2.4041023
PAXNEI,4.315998,3.925336
UBITIL,3.025906,2.938508
EHONAR,3.1192412,3.1197329
MEZBEB,3.5557117,3.4783604
OJOVUE,3.1391056,2.9569836
BUYQIW,3.1769292,3.0291731
YALNUX,3.1910794,2.5301929
SIQHIK,0.7406939,2.6932616
KAMDEI,2.963864,2.511923
YEDHIZ,3.5282283,3.2421858
QAPJID,1.9521449,2.3490345
BAXROI,1.3020648,1.4961194
OQEGEX,3.6476862,3.2072854
TIFJIB,2.000309,2.4860861
YEVRAT,2.4155548,2.2232385
SICPEC,2.968218,2.6703248
ZOSMIF,1.766291,2.232881
CEDWUG,2.6473958,2.7057993
JOKHAT,2.4786851,3.1342168
CUQNAE,3.1154315,3.0591316
IZUFUF,2.538278,2.2465627
LEKTEB,3.740477,3.110322
POKZOF,3.4354374,3.0966449
OFODIY,2.224531,2.0564637
AGUXAC,2.4395008,2.7031546
XUXKUX,3.9881008,2.9633396
RUCABO,2.7184174,2.9287283
WUVZOD,3.6280942,3.0669043
HURPUH,0.54041815,2.087311
NINKIG,3.7026534,3.0227122
KIJFUF,2.239225,2.811132
VIQVUO,2.774201,3.0385027
QEMVIN,3.3165238,3.2802536
URUJOI,2.7918882,2.6982934
HEBYIY,2.4245346,2.6824336
WOXDOE,2.9102578,2.8580248
RADMUF,3.697211,3.2206635
CUJJAT,4.2055197,3.5608778
CUTZUO,4.0637484,3.562253
EKOQIF,3.2057734,3.1299706
ZEFXOA,3.1026423,3.2555346
WADGUE,2.7815478,2.7715914
YUMMAW,4.423483,4.019987
NAPZIO,2.1399033,1.826299
VUDTOE,3.3235986,3.2858324
DERKIX,2.3091583,3.0121052
PADSUK,1.8816674,2.9646642
ARUNUX,1.2411113,2.2172318
GAQTEA,1.7834343,2.1155257
OFULUX,2.5211349,2.4784198
DUZJUF,3.190807,2.7182558
CENSEV,2.9668574,3.0083807
XOVRUW,3.5578887,2.7295835
LIDSOI,1.945342,2.9229705
OGAPAO,3.262101,3.0816815
EWUPOB,4.608248,3.7320387
INISEE,2.016908,1.7856727
HOVMUC,3.5287726,2.8261333
DIXTIQ,2.5464416,2.384377
FERVUT,2.69556,2.9496334
FONMAZ,3.120874,3.180628
QANGIV,2.3918808,2.1003492
KISRIO,2.292287,1.9810703
NUSTAW,4.4822598,3.2636178
NAMFUE,2.0664327,1.7333944
ZISSUS,3.2218282,3.2616513
UCONUX,3.5099967,2.9503984
JEFWID,3.408226,2.9226418
GOHWUV,2.7143357,2.60291
MIJNID,3.3151631,3.3151574
BOGCAD,4.4735518,3.9169555
QUBYUH,2.4816785,1.8953778
HESRIG,2.1717408,3.0559626
ZIHJUY,3.1320305,3.1342328
ZELKUY,3.1755688,3.1726744
VIQMOA,3.0972,3.0069525
LIMLOL,1.756495,2.6560273
DEDBIZ,3.8849697,3.023797
FIRDIU,2.3344648,2.493525
RIGQAZ,1.9464304,2.2068834
ERAZOM,2.272695,2.3552876
HIHVIE,1.9086066,3.3284535
PAZLAE,3.5304053,2.6695604
MAFFAB,4.309195,3.9074745
WOSPAV,3.2376108,3.0877829
AKIHOT,3.0985606,2.9333766
BOGCEH,4.5396757,3.8724446
PULYEA,2.5031755,2.9145806
SIBSAY,3.372035,3.424793
GAQHIS,1.6468331,1.6280146
RUPWEF,3.16931,3.1713846
CIBGUS,2.918149,2.8274882
NEXFIG,2.2291567,2.4933004
OHIFAO,3.6610198,3.2764194
RAXWET,4.220486,3.9110641
QEYDEF,2.760595,2.8182065
CIFHAB,3.2457743,2.8679905
ECOXEC,3.2169302,3.3586102
USECOL,2.2811306,2.7733357
XEFQOP,3.5818348,2.421474
LATTOQ,2.801412,2.5583544
ECIZOF,2.8789647,2.6760392
BEXXEK,2.822365,2.2194808
WIWNAR,2.1524208,2.0349374
RODFEY,4.4286532,3.6100957
OVUFUI,2.0718749,2.4074821
REWTOC,3.0795126,2.901023
SEQVEP,3.4433289,3.0226216
XESHEL,3.4999285,2.831199
WACDUA,2.7238598,2.7846906
GUPZEY,2.2558239,1.979572
KEPHAR,1.9992205,2.7522912
SADXIH,2.3426282,1.8007333
RAWPOU,3.907283,3.4966905
RUNLUI,2.7867181,2.8764198
ZUJTON,3.5472763,3.2131977
TORKEQ,3.384008,2.9284868
LAKPET,3.140194,3.3145065
WUQQOQ,1.5948594,2.7418656
EMOSEF,2.0043907,2.6388273
YOLPUL,3.7480962,2.567483
HIWPIO,3.2109435,2.9968483
PALBOV,3.4591115,3.4020114
QOMFOQ,2.894203,2.4506233
HAZJIE,3.3412862,2.6312864
EHANUY,2.961415,3.0117562
ZIGVAO,3.3845522,3.2585878
QAWXAO,2.3105187,3.2341983
OJOWAL,2.4264393,2.8207297
PELNEC,3.5924473,3.527646
FIFCUV,3.3301294,2.8178704
REMSEI,3.1951609,3.2643158
NABZEY,2.9595103,2.9154058
VAJDUH,3.1219623,3.233513
DERKOD,2.2329664,2.9905388
MENKIZ,3.0982885,3.5865047
QOVJIU,3.1050913,2.4889252
VIMVUJ,2.4427662,2.8092005
PIKROS,3.6719046,3.2048788
RUFNAH,3.8253767,3.7950273
JIYPIR,1.7921419,2.4362402
UMUNAR,3.1252277,2.7101672
EXAPUO,3.00196,2.9370682
SIZCAF,3.2090387,2.5763311
VIRHEK,3.0607367,3.077637
HASFOW,3.5714943,3.1612036
SALMAV,2.9170606,2.7163308
FUQYOH,4.113817,3.2229397
MOFXAG,2.8805974,3.0651028
WOZYUH,2.1975915,2.6903193
WOSNEX,3.4640095,3.1856384
VAJVUY,3.749457,3.2373695
MOZNEW,3.0950232,3.6611714
HUNSEP,1.2895476,2.7467523
NAFJAF,2.3712,2.3203714
PIYTOI,2.9837284,3.1205754
VEFRII,2.27079,2.459754
URICUU,3.0961115,2.8232114
EXEVEJ,2.2533748,2.8377407
BUKXIQ,2.471066,2.7629163
OGEHAM,2.0748682,2.0634253
PANMIC,3.2367945,2.6557896
VOPSUP,1.1894097,2.3019905
YENCOK,3.5976174,3.2781558
PIZKER,2.9731162,3.17003
EPUXOE,2.6776004,2.6666026
EQEROI,3.2163858,3.1023393
BAHJUS,1.768468,1.9968503
NOJPOU,3.6482306,3.368993
VOHMEM,2.863454,3.0574002
RAHGUD,3.9565356,3.5771823
ABATEC,3.9769442,3.3054495
LAHQIV,3.9415693,3.3800738
UKUROH,1.8881981,3.0492558
EFEVOC,2.4775968,2.3000138
AQIPIB,2.6797774,2.748554
LOYJUE,2.351336,2.31653
WUWBAS,1.9984043,1.8468173
MIZSOE,3.4163895,3.6490643
UWUZES,1.4356728,1.7064276
WURFEW,4.253684,3.7925305
XESGEK,4.256405,3.198262
QOXXUY,2.674607,2.761388
CORDEU,2.674063,2.566084
UGESAB,2.4245346,2.8874521
LESZUF,2.3448052,1.8931526
NOZBEL,3.7461915,2.9066403
WIJROX,3.4112194,2.4248075
CAGSUY,3.0958395,2.732442
WOLQUL,2.6890292,3.013568
GUNHIG,3.6060529,2.4223595
KIWLUY,0.8879075,2.4098797
OHONAB,4.013952,3.376505
RIVWOI,2.578551,2.645604
BASPAP,2.6267152,3.0218873
MEPMIG,2.9837284,2.9913895
XEBGUJ,3.1742082,3.1894908
ZESSAR,3.0931182,3.1797392
IPIZAK,4.541036,3.3019066
ZUJTED,2.2253473,3.028092
CUHCEO,2.143713,2.749605
DORNII,3.0098515,3.1454391
MEFVUR,2.241402,3.030936
HEZMIL,1.9026201,1.8422403
QULZIG,2.1456177,2.0006974
MIMJAU,2.5347407,2.5875196
RIZTUQ,2.674607,3.0891995
NACJOR,2.8914819,3.0320952
MARTIJ,3.2063177,2.8224545
CESFEN,3.0955672,2.789421
YAMDOG,3.0288994,2.7077475
AWIKAS,3.3116257,2.5610027
MOCLOG,1.9872476,2.7909882
KOPCUN,5.4313927,4.546173
GOQFID,2.8362427,3.3403928
LOJBIX,2.910802,3.462398
LEKBOS,2.7989633,2.6484241
PEYXAV,2.463719,2.277397
BOYQIP,2.0340512,2.1050496
DEVSAY,3.1875417,3.3024085
ZIQRAS,3.0147495,2.9512563
YAXTID,3.749457,2.9424963
MUNGEH,3.204957,3.1485333
BOKHEO,3.7959883,3.4874089
FIZFIG,3.4182944,2.9582272
YOZXIV,3.5627868,3.2500956
MURBOS,2.8052218,2.9627516
FICVAR,1.6133631,2.229213
UXOVOT,3.3870013,3.0185359
WOFFEC,3.0822337,2.7346394
VONSOJ,1.906974,2.1783836
ALAWAM,2.6444025,2.3333502
RAQDIY,3.5110853,2.9158173
ZOXHAV,4.4637556,3.7234097
SAPNIJ,2.8835907,2.7970529
WOKWEY,3.7342186,2.994958
FEZZOC,2.593245,2.1536784
POGNEE,3.4310837,2.9308853
UCAVEZ,2.8792367,3.1543822
SESQEO,5.439284,3.9146035
QAVDOJ,3.1445477,3.172529
BUFQID,3.0525732,2.9396508
AJAWOZ,4.5799484,3.3497558
QALSEB,2.7012744,2.4113605
ZUHZEH,2.757874,3.0076053
FIRBIT,2.459093,2.536937
USUXIR,2.8999174,2.6726158
REVBAV,3.0626416,2.8039203
POLBIC,2.6419535,3.1591897
LIMYEM,3.4689076,2.860763
IPERAW,2.5676663,1.9573202
CISTEG,2.103168,2.2980635
UHAPUQ,3.6027875,3.182984
DAJDAW,5.116557,3.891549
AZORAI,2.5649452,2.1481824
MUNGEI,2.2601779,2.8201275
HAZYIS,3.3437352,3.0786755
SOJMIO,5.5650005,3.9927363
BIKMAM,2.514604,2.1916852
PIBSIC,2.9763815,3.1815329
PIYJIS,2.7045398,2.9762597
JIYLUZ,2.899101,2.9380405
MOMQIO,3.9578962,3.6283753
HIVWOY,2.932299,3.0796504
JUZYIO,1.1284562,2.3108244
IXANUR,2.5132437,2.6773517
MOXWEB,3.1995149,3.1768441
HIQKUO,4.6351876,3.4799244
QEGBUC,2.258273,2.693641
WEYTUQ,2.6664438,2.910774
JAFTAO,3.8419757,3.5017073
XOSVOQ,2.5322917,1.9858555
TERGIJ,2.305893,2.705936
BATNAO,4.418585,3.1380823
QOWGAK,3.7279599,3.2121708
LOGYOV,3.4542134,3.0316083
XONWED,2.5584145,2.6072626
FUDLIA,1.8098294,2.331741
YEPXID,2.6101162,2.4773974
DONHOF,1.4375775,1.7760191
RIVDUY,2.432698,2.220144
NALHEO,2.5423598,3.2138166
CETFAJ,1.0343047,2.462747
FEFZUM,2.2833073,2.6244915
TUSNOL,2.936653,3.030901
RODFIC,3.0220966,2.9294107
MEBDAY,2.002758,2.3235788
QIFXIM,4.010414,3.5806067
SECKUH,3.2710807,3.1183324
KUMQUF,3.1725755,3.0833695
CUBMUI,2.8743386,2.8042674
HOPCUN,3.899936,3.9237611
XUHXUU,2.1545975,1.892604
XOVROQ,2.8767877,2.7569416
ROXFER,3.8079615,3.3164563
ODELIV,2.224803,2.4248276
TUXDUN,2.8890328,2.8069446
GELBUX,2.88223,2.7268138
DAQDEG,2.0280647,2.7414896
TAYMOX,2.8898492,2.802709
FOWMAH,3.3989742,3.0624816
JISCUJ,2.6044018,2.9883356
MANSEZ,2.905904,2.8876476
BOZREO,2.922503,3.055574
PERGID,2.8297122,2.2686722
MODVAF,2.516781,2.7101853
RIPQAI,1.8645241,1.6653839
SEKMIG,4.985126,3.5908275
GALGUW,2.2122858,2.790481
SEKWAJ,4.689338,3.6534176
BICFEZ,2.3499753,2.4016407
BINBUY,3.2400599,3.2771864
CEWSON,1.5134974,1.7234714
IHEZEB,2.5780067,2.812299
ESANES,1.3518617,2.2205944
LERLEC,2.7480779,2.9145627
POYJUJ,3.1393776,3.1846156
NAPZUA,2.0634394,1.7220632
ROTYIL,2.4098403,2.549261
YIKJUY,1.7858833,2.7207117
ZIYMAY,2.148611,2.3833117
HAXCOB,2.3246686,2.3989174
YEJSEM,2.392697,2.4210663
QISPEO,2.4182758,2.4118762
SOPJAJ,3.2757068,2.9475691
AJAYIU,1.2038317,1.9740448
NOQVEW,3.3333948,3.8084178
CIDFIE,2.2947361,2.8333952
DAFSIO,3.2163858,2.8709352
SIMHED,2.5894356,2.913666
MUMTEV,2.3690233,2.9474142
JIMMAT,3.9467394,3.2652397
TUWSAG,3.1674054,2.9146726
YENFAA,2.4827669,2.9917853
QUQGIU,3.5845559,3.5447102
BULXOW,2.4770525,2.5355315
TESPIT,3.9187117,3.3688846
YIHCAU,2.5603194,2.6113102
VAJDIV,3.0125725,3.1735659
QUGVEU,2.4103847,1.8862649
BIBWAM,2.4914746,1.8216704
AKOROI,3.1029143,3.2129307
UZIFOA,2.4324257,2.5820878
CIVYUC,2.633246,2.488072
KECZAT,4.0327272,3.6514928
TAPYUG,1.8109177,2.7884936
LINHEW,3.1097171,3.0243118
JUKCOH,2.6226335,3.095601
XOJTAU,2.8327053,2.6937847
FIHJAI,4.988119,3.5279944
ZIJJAF,3.570134,3.0280495
XALSIM,4.335318,3.4292192
MIKXUB,3.104547,2.2669528
PUNLEQ,4.10647,3.5092654
BOHBEH,2.896652,2.9532256
HIBJUA,2.791072,2.7542164
KEGWUQ,3.0022323,2.932156
RARWEO,3.307816,3.1358514
TEGWOS,2.3940578,2.2074273
IBUKIZ,2.960871,2.8285663
KEWDIA,4.0572176,4.0015855
OGIRUT,3.6055086,3.059066
YAXTAV,3.8487785,2.9535782
XIPHEL,2.5671222,2.5320985
KIDGAG,4.5135527,4.065842
ETAXIG,2.8022285,2.7477384
MIPREI,3.0936625,3.28867
HAMVOJ,3.6256452,3.0392041
MIQYOC,2.7347443,2.4284043
WEYKIW,2.6724303,2.4787464
TISBAZ,3.7227898,2.274176
HAYFUI,2.8182833,2.7441545
OZEXEX,2.294464,2.9830518
ZIPLEP,3.0955672,3.1754975
HELMAP,2.220177,2.0991783
YOSXOV,2.944272,3.122175
YOLQAS,4.051503,2.2896533
NOZBOV,3.8365333,2.9677036
RAPJEZ,2.0699701,2.6021574
ABESEF,2.8517532,2.951879
SUXLON,2.4430382,2.665784
XOVMAY,3.0797846,2.8223643
YEXTIG,3.2275426,3.3560839
BATMOZ,3.1249557,2.7283819
XASLOT,4.5774994,3.2564816
DAMLIN,2.7660375,2.2390952
TUXDIB,2.798691,2.8202946
JIZNIQ,3.1527112,3.2050602
DAMLOT,2.6893013,2.272868
HIVVEN,2.8838627,3.031828
COCSAQ,3.0403283,3.047291
LUKPAJ,2.1559582,2.5116541
EXOYEW,3.2710807,2.8658729
JONYEQ,2.105617,2.0458684
XEKJII,1.7937746,2.0606277
KAVPAZ,3.472717,3.1650465
QUDXIX,3.1799226,3.3756602
KACDOK,4.1358585,3.473548
XIFYUG,3.0974722,3.133003
NIWTIY,3.0299878,3.012535
BEMBON,1.625064,1.9801766
FISMUQ,3.489044,3.4307282
SOHFOK,1.0043722,2.597431
TEGXAG,3.7012928,2.922592
KAMWAX,2.9244077,2.9531314
PIZGOW,2.330111,2.7251525
EVALOE,1.7839785,2.6399584
VETDAB,3.8104105,3.1818097
KUCVIO,2.5554214,2.6192415
KOJQIM,2.6449468,2.464613
VONPAR,4.708386,4.270973
SUSPIF,2.6076672,2.5846152
LEDMOX,3.6215634,3.4805062
LAQQOJ,2.6076672,2.5621426
BOYFOL,1.4359448,1.957957
VOQPOG,2.4716103,2.464743
YIVSAX,3.6961226,2.4817894
HAZKEA,2.9739325,3.0513883
QARTAE,3.1861813,2.797845
TOPHAI,3.2487674,2.7654784
JINXUA,3.4874113,2.9249113
GIPLOH,1.8925519,2.912279
EHUROO,3.427274,3.1665928
TAXFON,3.2125762,3.1407177
QAHREZ,3.7100005,3.675787
OWAWIU,1.6125468,2.5413032
VOXDAP,3.8169413,2.97065
OHIFES,3.4985678,3.2201445
AVICUF,3.422104,3.3490224
VIQSOD,3.4084983,3.5068884
WAGDIS,4.3940945,4.0189505
EFICAZ,1.6696906,2.8058681
WOPSUQ,1.3703654,1.8527248
XIFCUM,2.772296,2.870511
FIVJOM,2.454739,2.754718
BAQQAL,1.0892718,2.4236834
CABYIN,3.0713491,2.7632747
UCAXIF,2.8906655,3.1879137
JUQVOI,3.1312141,3.2728827
HEXCEU,4.627024,3.3693066
JUQJIQ,2.9426394,2.8973095
BOCWOI,3.3567965,3.0647964
HAYKIC,5.00499,3.8591366
YEDHEV,3.2936661,2.7920406
SAFRAT,3.2650943,2.7206786
PIGQOM,2.6664438,2.2003672
BOHVUS,2.4846716,2.5506616
GICWIB,3.1758409,2.9468303
WAVKUB,3.334211,3.1389458
JARVEE,3.2808769,3.2720785
XEJRIO,1.8550003,1.8493629
NARFIY,1.7404402,2.010903
KAQHEQ,2.9540682,3.0812082
FAHZEV,3.0171986,2.6132405
UFEBAL,3.520337,2.8308928
IMAJEM,2.4884813,2.4920683
GABKEB,4.40253,3.9509463
YOSYEM,3.818846,3.2735088
XAPXOC,1.9377228,1.9691527
AXIDUH,3.2631896,3.204156
SENDOG,3.0680838,3.4449563
MAXVIS,1.9467026,2.5636604
ZUYCAZ,4.217765,3.0070171
GERTAZ,2.4765084,2.985239
BOQCES,2.6177354,2.5187056
BARHUZ,3.1935282,3.0975783
XONQAT,3.0000553,2.6940887
XEKTEO,2.6068509,2.2829862
PASGAS,2.5012705,2.2539172
XAWPOA,3.2980201,3.3221278
AQOSOO,3.9021127,2.9585843
TURKUN,2.511339,2.3193018
WOPWUU,3.0604646,3.3116465
MASSOQ,2.2354155,2.9189074
HEJXIF,3.0362465,2.5955522
KEPPIH,2.1235766,2.712142
NENLID,3.149718,2.7836375
MORNAJ,2.9399183,2.6437461
POSGUA,3.5497253,2.9332073
SUPYIN,2.3975952,2.9296532
JAKMEO,3.912181,3.5694468
IHEZIF,2.5559654,2.8311799
RIWVEY,3.4800642,3.4678574
KUFGOI,2.0079281,2.9031267
WOSPOJ,3.4223762,3.006589
AYIQAA,3.352715,3.2687855
BAYBIP,2.3200428,2.5946102
JAZBUH,2.733928,2.8896008
WOFKIO,2.5050802,3.0605102
SOZKUP,2.0925555,2.6510344
MEXJOR,3.2125762,2.9773657
TEXPES,4.6087923,3.6313708
SOJYEW,3.1850927,3.1435485
QOMYAT,2.0079281,2.0707774
TORKIU,3.4920373,3.1411164
DEXGAO,3.2569308,3.0258572
ZACXEG,2.1499717,2.0412645
ZOMMUM,4.0656533,3.177026
HASGAJ,4.0185776,3.2952795
KAQHUG,2.3219476,2.9054396
GIVKUT,0.9311736,1.7555925
CUJHOF,3.5997944,3.4601212
XALTOW,3.0139332,2.056393
QANGUH,2.5178695,2.1228433
PEKRAB,2.8852234,2.8803754
OVOKUG,3.862112,3.7967591
QAHYUV,3.1075404,3.1607642
ADABIT,2.5200465,1.9747504
USEXOG,3.161691,2.871603
GULSUB,2.3154168,2.4619446
DOGMOD,3.6414278,3.0748062
QALJAP,3.4920373,2.736577
NOPPAL,2.8288958,2.9390676
TUDYUO,3.099105,3.0072298
YAQFEB,3.8868744,3.2784467
ZALVAJ,3.410403,2.9147317
VUGHUB,3.1295815,3.0256662
RIRNUB,1.7464268,2.3135486
QIDQOL,2.874883,2.6914275
IBUKOF,4.4602184,3.0552297
NIHTED,3.4525807,3.3142283
HIZDEA,2.4631746,1.9788048
MIHBIO,2.2952805,2.563959
EBIDIF,1.8794905,2.3786933
QISYUN,2.2558239,2.4428089
BEFYUJ,2.9377413,3.0438542
WOLQAR,2.0354116,2.3861938
QIFYAF,3.98157,3.4834843
IKOSIL,2.3769145,2.7062142
VIQSAP,3.2079504,3.1810842
IPIZOY,4.536682,3.3083615
LASNEZ,2.573925,2.6551251
SULTOI,3.7655115,2.7650723
ZUGZEI,2.7763777,2.1954231
YOSYIQ,3.4218318,3.1826274
MALYEF,4.032183,3.632239
XAWFAC,2.758146,2.7789948
GAMSUI,2.49474,2.580509
OCIBUX,3.0101235,3.0838022
AJOKIV,2.8920262,2.5677688
NIBTOI,2.99679,2.7523108
SUHLAJ,3.0580156,2.743407
VAFFIS,3.2016916,3.089775
RUKMER,2.306165,2.713528
WEKYAO,2.2890217,2.3687112
YORGOE,2.882502,2.8024004
NIMSIM,3.9709575,3.0610065
CUGSII,3.4172058,3.8701286
JOPRIS,2.6950157,2.9911964
FIHJIQ,3.4455056,3.5047562
WOXDAQ,2.741275,2.7418432
ODOWOT,2.485488,2.462579
SIGVAH,4.373414,3.6636395
WOSPEZ,3.2272704,3.334787
TITXEC,3.1535275,3.3077722
GAVQIF,2.638416,2.8468049
AXITOQ,2.8784204,2.9038982
BICLUX,3.0811453,3.0330498
RAJRUR,2.3170495,2.1595693
NOBCEN,2.122216,2.5529134
IVENEC,3.4591115,3.3796878
OFITEF,2.2457557,2.5912414
CPASRU,2.7042675,2.9302616
FIZTIT,3.720885,2.863314
JAQYEF,4.1954517,3.334618
REJFAO,2.2667084,2.2612565
GOHCUE,3.3853686,3.0757349
TOLVOF,3.3040066,3.175838
HAQKEP,3.2370665,3.133654
JOHZAI,2.7480779,3.2692702
PUJYEA,2.6351507,3.0279474
AYUKAG,3.1295815,3.2695005
ADEROS,3.8087778,3.0457196
NINFOF,2.1766388,2.15598
LOQWOE,3.4563904,3.3556333
EQOCUJ,2.9744766,3.398511
ABUGUA,3.9472837,3.8378532
FAQLUG,1.1349869,2.0730793
YENDUR,4.308651,3.527989
TEQBEY,2.9913478,2.6373515
ZOQTII,3.5744877,3.473801
KEPLOI,3.6558497,3.061713
TILLIL,2.683859,2.8705902
VUTPIK,3.3472726,2.7664137
CEYPOM,3.515711,3.0752432
ORUYAD,4.445252,3.7816234
AHIDAX,3.1984262,2.7164664
DUSWET,4.2071524,2.8531637
JOPROY,1.9018037,2.6316228
IZUVOO,2.5554214,2.645911
LEMREB,1.7075145,2.8006742
HETHIX,2.9595103,3.099257
YEKJOQ,3.0669954,2.9519722
DETTAX,3.7320416,3.38552
MEBFUW,1.5872402,2.1183794
QUVREF,3.3589735,3.0055296
OVAHIE,3.1584256,3.064808
CIFHEF,2.6076672,2.5605114
GEVLAX,2.7633162,2.9459877
LOJFEY,4.5399475,3.8042932
LISHOK,2.3809962,2.3383873
HOXFOP,2.7703912,3.1196673
DANMEM,3.610679,3.1601028
RIXJOY,2.3360975,2.653711
PAQGAQ,2.7709355,2.876169
ZUHZEJ,3.3282247,2.8775942
XUVGAX,3.0860434,3.409117
EVUSAR,2.1823533,1.8624679
POCBOY,2.6495726,2.9561238
VAHHOB,2.5556934,2.7716107
ZUDKOY,2.203578,2.3484087
XEZVED,2.10344,1.8827902
HOVCEC,2.6678042,2.7916634
KAQHOA,2.4019492,2.8683856
FUDLOG,1.2773025,1.9301436
YAVNIT,2.6438582,2.1701505
EGISIW,3.321694,3.0427969
ZOVNIJ,3.099377,3.1689417
BOQFAP,2.7407308,3.0378733
AKEGUS,3.6876872,3.2221708
LOPMUB,3.0795126,3.1740203
DIJPUI,3.4065936,3.0476103
FAPBIK,2.6531103,2.5837154
AGIJAC,2.0732355,1.9443004
FARTIE,0.96518785,2.2452838
CANDIE,4.141573,3.756977
RIYTUQ,2.9845448,3.1422665
NIDJIU,2.5494347,2.777444
ROHVAL,3.1986985,2.816005
IWELUT,3.0678117,2.22418
HANGAH,1.5934988,1.7872732
IKEKIT,4.464844,3.975626
MUBVAG,3.2106714,2.4568634
ESILAT,3.5736713,3.354428
VAGPEB,2.6294363,2.7256172
EMOKOG,3.436526,3.1736104
KAPXOR,3.4060493,3.1468503
VUTNUU,3.150262,3.024306
UFOGAY,2.1804483,2.2892551
NIPHIG,3.752178,3.3597548
OFADAA,3.1124384,2.991639
RETDEA,3.0308042,3.0930958
DIJGOU,2.267797,3.2314293
TENTOX,1.2985274,2.4629736
ECUSUR,3.799798,3.172645
ROLJIL,1.988336,2.5201359
HELGOW,2.6468515,2.8257217
ROHMUZ,3.0765193,2.925126
RAKWAE,4.110552,3.6288304
TUTKOI,2.3853502,2.4767156
SADNIX,2.3105187,2.2920475
NUCCIX,2.8231814,3.0066996
XAMJUQ,3.326592,2.6444392
COVDOG,4.1696005,3.7321901
HOSGOM,3.6446931,3.3725135
PAKFEN,4.151369,3.292574
URUHOG,3.2362502,2.924855
BUTNUA,2.4895697,2.8729017
YEDQOP,3.0501242,2.9829311
FAJLOT,2.7989633,2.784124
HAHYOG,2.7728403,2.6291645
MIXVEU,2.2669806,2.1476753
BIHHAB,2.2090204,2.4205716
QAHWUS,4.202799,2.8587043
UBOXIU,3.1649563,2.9418893
EKEQAN,1.5499606,1.9188583
MAMFIR,3.326592,3.0958602
VEWDAD,2.28494,2.4156473
NUTDEL,2.6082113,2.835183
YILQES,2.1766388,2.3642187
TUCSUG,3.309721,3.3090453
FOQLAA,3.2014196,3.2083685
OJAPOF,3.173664,3.2615795
TEJZAL,2.0348675,1.866035
FEJXOH,3.2806048,3.3133829
WEKPOS,3.1777456,2.9061112
TESNUD,3.1216903,2.7085004
VILSOY,3.6237402,3.128087
IQEVUX,3.4841459,3.1520915
YICXAM,1.4552649,1.2686391
YAYGAJ,3.53748,3.4872794
RORXED,3.104275,2.986574
AQIWAZ,2.1668427,2.4053013
QUGHIK,3.4958467,2.4661288
HVIORU,3.1374729,2.5711272
ALIDEE,2.677056,2.9017112
RAXWAP,2.9219587,3.4836164
EHOSUP,1.6617993,1.8289601
AFEKIH,2.3020833,1.9943187
FUJZAL,4.476001,3.8238292
NOBMEY,2.741547,2.8019063
LOVSIA,3.4237366,3.228236
DAFPAC,3.7842875,3.2297008
PIVNIR,3.4308116,2.999126
CAKDEY,3.16414,2.7652485
NACJUX,3.0988326,3.2581398
HEVXEN,1.947791,2.7391107
KAVCES,2.817739,2.794979
LUTJOZ,3.9834747,3.4864812
TOGYET,4.0014343,3.354765
XUYCOK,1.8667011,2.5247083
CODZEB,2.6490285,2.7609172
KIZTAP,2.0977259,2.4872968
NUBLED,3.1845486,3.439384
VAHMEZ,3.2182906,3.2698746
OWUKOH,2.4188201,1.8096671
JUFKAW,2.7850854,2.832074
MIXJOT,2.1480668,1.8001001
NEGCEJ,3.4637372,3.1897995
SIWJIS,3.8797994,2.9558928
BETLUK,2.164938,2.9201672
QIDZEK,1.2413834,2.701245
SOJMOU,4.2392616,3.7393587
ECOWIC,3.5739434,2.9980707
QEJJEV,3.5246909,2.6534243
QEJMEZ,2.1121478,2.787252
MEKJET,2.6688929,2.9082294
HOGPAV,2.671886,2.57798
JEKHEP,4.240078,3.6170347
EMPCRU,3.3260477,3.359303
ABIBAP,1.9469746,2.136148
EZOXIC,2.0514665,2.7811348
KIMJEY,2.7540643,2.6136343
KILXEK,2.3537848,3.0300043
CORKOJ,3.0027764,3.1990652
BEJTEQ,2.898557,2.50318
KIWKOQ,4.012863,3.5959115
QEJLUO,3.2982922,3.163674
ZIYMIG,2.1567745,2.4659534
SIZWEG,2.4297047,2.3304265
FUYREY,3.1769292,3.0582435
TEPHEE,2.1132362,2.9442413
XODREO,2.2552798,2.7458048
AQIHEP,2.6754234,2.9297562
YEKDEY,1.520028,2.4275885
GETLAU,2.9363806,2.2332106
IRAXAC,3.7989817,3.4075024
FURFOO,2.4267113,2.5822115
NIGMUL,2.6321573,2.6535366
MEXKAE,3.2218282,2.9158113
LILPIH,2.8620937,2.9330764
PENLAY,1.8177207,2.2755058
DOGLIW,3.7978933,3.1938403
WEYTAX,2.9412787,1.8924296
OVUBEO,1.9823495,2.0717962
BUHRIF,3.1597862,3.2303407
ZUFQOG,2.5200465,2.4692574
GUNGUT,1.7556787,1.8955557
JANNUH,3.4863229,2.8877661
FIJCIM,3.4683633,3.5321507
ZELXOG,3.1148875,3.126304
RACTAQ,3.2294474,3.225212
JENHIW,3.020736,2.655497
VAVLUA,2.3048043,2.3574142
JEQLOJ,2.6645389,2.7691364
AGEKAZ,3.2245493,2.7289479
ALIPIU,2.253647,2.3747528
DOQRIL,3.3750281,3.084835
IDELIN,2.936925,3.5537956
KANXUT,3.1437314,3.2235935
JIWKIM,3.0816896,2.95889
MECFEF,3.9388483,3.4514196
JEMVUT,2.0955489,2.6540031
IZIMEK,3.0808733,3.4063313
RAYDUR,1.08519,2.4191194
IPEQOJ,2.344533,1.8982947
QOWGOA,2.1091545,2.357473
XUHQIC,2.9380133,3.183022
KIMJIC,2.7516153,2.6117704
TUVJID,3.326592,3.1609867
TURNOL,4.437633,4.0711203
UPIKAH,2.4174595,2.786879
IKORUW,2.0392213,2.5808542
MOGREG,2.8699849,2.8122165
JAFSIV,4.0370812,3.4757466
HEZXAO,2.2770488,2.4623194
RUKTIA,2.7396424,2.630043
NAQZIP,2.654743,2.6117575
MAQVAE,1.837857,2.2933903
ALAJED,4.1211643,3.8730826
XODQUD,2.2092924,2.8742285
VUNSAA,4.8286605,4.32157
TOPCOQ,3.190807,2.861766
CUQMIL,3.6547613,2.9713116
IBUKAR,3.591903,3.2319665
LIKZOX,4.837096,3.9408102
VONSUP,3.2732577,2.7444835
DEWPIH,3.034886,2.792472
WAJTIL,3.6623805,2.971049
OGUMAE,3.0199196,2.8316748
NABBEX,2.530387,2.679533
WERYAU,3.3464563,3.1526282
MUCXAJ,3.6090462,3.073999
MIZTUN,2.1020796,1.8972197
ZETZED,3.1676774,2.6995974
NITTIW,3.0223687,2.6116116
NOGQOP,2.8384197,2.9030442
HOLWAG,3.1671333,3.1487951
NEKVEH,3.1543438,3.1347787
GEXJEB,3.1216903,3.2231712
SAFQOG,3.649319,2.5509946
NIDWAZ,3.3015575,3.3594668
JOGLUN,1.8133668,2.495648
NARFEU,1.7581277,2.1264002
XOQVUV,3.5633311,2.6945572
LAKNUH,3.1241393,3.298438
LARVAD,2.698553,2.829564
DEJZUP,2.8906655,2.9709864
SAWROY,3.3486333,3.9368024
FIHJEM,5.038188,3.6523283
NICBEJ,3.0321648,3.084256
AHAZOY,2.8327053,2.9162056
SECTEC,2.4623582,2.3602216
OPAWEJ,2.7695749,2.2490938
LOJCUK,2.2939198,3.2444239
MUNVIA,3.4120357,3.55442
SAFQEW,3.5459158,2.3614917
ZORMAW,2.5537887,2.5745504
ZOXBEV,2.8506649,3.1048095
PEMMIF,2.7807317,2.5265212
FACLOK,1.7314605,2.6019335
HUCSIH,3.4656422,2.8305166
QIWNAO,3.69449,3.4121594
ESAKIT,3.6343527,3.4927168
SESVIX,2.5445368,2.7553535
MOQZOH,2.6177354,2.4749153
FUVXAX,3.5206091,2.9453278
LOFHIA,2.7810037,2.582449
JIRMUS,4.306202,4.051059
SEKREG,3.121418,2.8512843
GEQWII,1.2873707,2.1882298
GAVXAF,3.2444136,3.2681446
YOBRUD,3.185637,3.0368373
KUFKAY,2.719778,2.4528017
HUHREI,3.1837323,2.933586
HAZKIE,2.9257681,2.9546494
XODRIS,2.2449393,2.6382468
BATMOB,3.438975,3.230442
TUWRUZ,3.3834639,2.8942306
WIDVOV,2.5325637,2.9050457
IMUDOJ,3.9894614,3.2221367
GABREI,2.3997722,2.0693011
BIDQUB,3.1995149,2.3945143
MUMTIZ,2.5029032,3.0315866
YIYQOM,3.3633273,2.8394845
QAHZII,3.6642852,3.272968
HAHYUM,2.5254889,2.8357172
ZEFWOZ,2.8680801,3.0700336
NEXFAY,2.2373202,2.5500128
ZOTXAK,2.9042714,2.619297
JANVUQ,3.5029218,3.4098706
XATDAZ,3.0648184,2.8083875
EWOJAB,3.5018332,2.896885
TAHWOP,2.437868,2.5021281
FEFGUT,2.9192376,3.0915875
YICYIT,3.104547,3.04602
SOWSIH,3.4767988,3.4081786
HULSAI,1.63486,1.3619176
MOFWEJ,2.475964,2.6750615
TEQBAU,2.9899871,2.7564654
BOKKAP,1.176076,1.8829798
USIYEC,3.2014196,3.3227105
YENMEK,2.6860359,2.2893362
YICZIU,2.7284856,2.942509
KAYHAW,2.4297047,2.674071
JAKTAR,3.1916234,3.1684477
XOQWEG,3.6357133,2.9719834
WURFAS,4.3203516,3.8279843
HIVWAK,2.8544743,3.002516
BAYLUK,3.243053,3.127149
MOCVIL,1.7290115,2.1699097
VEKYAO,2.9589663,3.0595315
AJEROW,2.322764,2.5641434
LELMEV,3.8370776,3.6974156
NOSFEI,1.7812574,1.8030818
XUMWUZ,2.7995074,2.6696517
KACNOR,3.9712298,3.327214
FELTUM,2.3818126,2.039494
BEMWOI,3.3132584,2.7681117
RIVZAY,1.8699665,2.3159423
JIVFOK,3.8917725,3.359396
HEKKIR,3.4838738,2.794888
UCONIM,2.738554,2.9307659
KEJNOE,3.1391056,2.89613
XOMXIG,2.5409992,2.5746052
ACUTIB,2.28494,2.1432695
HELGIQ,2.6016808,2.8600483
HIVVUD,3.0814173,3.1105654
ENOVAF,3.434077,3.1452105
HAJBIE,3.0264504,2.8151925
PEFYEF,1.95024,2.7235444
XUXLAE,3.8632004,4.112032
JAYGAU,3.0337975,3.4195597
LADFAA,2.628892,2.6519153
GIFNOA,2.765221,2.8847585
CIXPEG,1.6288736,1.7050602
BEVKAR,0.9205612,1.9385655
TIPPIR,5.037644,3.7202287
AYUYIE,3.204957,2.728262
TIVRAS,2.793521,2.7408845
YUSYOC,2.327934,3.049525
HAFKIL,1.6302341,2.6864233
YOQJUK,3.658843,2.7381406
MUPVEA,2.714608,2.453364
VIXZOR,2.925496,2.623833
BAQFIJ,2.79597,2.6909754
LAXVOV,3.711089,3.5100749
BICNOS,4.806075,3.5997982
HELROF,3.2569308,3.248578
MIKDEQ,3.4446893,3.2211087
WIFDAS,2.4765084,2.6245906
RAQSOT,3.3140748,2.966653
EFOFEK,2.1731012,2.1996868
IDONAR,5.2011843,4.6336813
OYOKOD,3.3489053,3.1765401
EDOXIG,3.0936625,3.1685133
SIKBIA,2.985361,2.4060862
CUYLAL,2.6610014,2.1891863
QAFMUF,3.568229,2.5115924
LIYDIH,2.7807317,2.2343028
AQAXIZ,3.2327127,2.7769284
WOLPOE,2.2816746,2.5007527
KIMGAQ,2.803589,2.8904538
WIYCIS,3.0079467,3.0293558
QASWAJ,0.6125283,1.632685
EKEBEC,3.0212803,2.72264
FOQQUX,3.0283551,2.626495
IQODOI,2.140992,2.824185
SOPWEA,3.262101,3.5501757
NEYGOP,2.9358366,2.9334674
CIBHED,2.7837248,2.731858
HIJYIL,2.29909,2.759935
SIQXEW,3.429179,3.405004
QINXAM,3.3799262,3.3109472
NATYOY,3.0795126,3.4208524
AQOCUF,2.853114,2.726655
BOMXOT,2.550251,2.4510708
ROLDIF,5.4264946,4.4905553
MAJMAO,2.4857602,2.6212199
EVETEE,2.922775,2.7507539
TEXQIY,2.2443953,2.690736
LEHPIZ,3.8297305,3.829886
HIGSAU,2.1543255,2.867429
UBITAD,2.7635884,2.828579
BUXPAM,3.429451,3.1203856
CEYWEK,2.9312105,2.7278352
DOQBEQ,3.1227787,3.190466
RIXTID,3.6841495,2.8599749
ERUHUW,2.7671258,3.2753222
FMHTRU,3.0177426,2.9593997
EHUXEL,2.6414092,2.883624
INALIU,5.19547,3.8352907
TURRII,1.7012559,2.673171
VUCGEG,3.0196476,3.2410235
KURKUD,3.3154354,2.88421
CIFMUB,3.2305357,3.2483134
SIZWUV,3.0539339,2.5714536
QAHTIE,3.2465904,2.8150868
DUFJIX,3.3091767,3.0839467
YOJMEP,1.8394897,2.094945
CESHIS,2.8087592,3.1248887
NIJRAZ,2.578551,2.1217806
OWIZOK,2.3001785,2.3774009
HEWLIF,3.1565208,2.9729517
VOGRIT,1.6076487,2.3751597
MUDYOZ,3.7012928,3.4237535
ZIPWAZ,4.211234,3.024268
BEXXIO,2.4571881,2.2549758
SARKOM,3.2201955,3.4922044
KEPPED,2.1828973,2.6772344
PULTEV,3.0933905,3.3552449
EBAGOF,3.5097246,2.97056
SOQHEL,1.9194912,1.939451
HOHHIV,3.5668685,3.176437
CECBOE,3.4928536,2.9878912
MAVPOP,2.8591003,2.4427042
AZAPEY,2.7450848,2.6384256
CESNAP,1.966839,2.559001
BAZSIF,3.5649638,3.0104601
NAHNAN,1.5932267,2.125917
SAGVUU,3.840343,3.0545154
VOQDUC,3.059104,3.0915718
VAYWUN,2.834338,3.1332386
MAVNON,2.6520216,2.24957
FOQREI,2.96332,2.7734478
SIGTAG,2.1875234,2.427582
ZOPLAT,2.942367,3.4050019
RAWSUD,2.8030448,2.88325
ZICBUL,3.0438657,2.6445007
KEKFOV,3.226182,3.27371
FIHFEK,1.4511832,1.9061748
LIGMUM,3.350266,3.1322536
HOMXIQ,4.5244374,3.5256402
LESZOZ,2.4843996,1.7184285
DUXQET,3.2177465,2.7416835
WOSQIE,3.3701303,3.1236916
KAQDEL,3.0547502,2.5794148
HAPFIN,3.334211,2.891766
ADACUD,2.7641325,2.5938804
RONNOA,3.1195133,3.025193
TUXQUZ,3.3178842,2.7760906
BAXZOP,2.5992317,2.3742914
TUFZEZ,3.386457,2.9097414
FIFCOP,3.2536654,2.820686
SAQWOX,2.8435898,2.8970199
LOKREI,2.4343307,1.4432738
PERCAT,2.3584108,2.120623
YOQMAT,2.8792367,3.0241742
ESOBEU,3.0811453,2.6374497
IDUMOL,3.2343454,3.9045115
ZEGYIT,2.6016808,2.6019573
VUCCIG,4.027285,3.7146165
WOMDUA,3.3687696,3.0612075
VETMOY,0.12544449,2.5977135
LUKNOV,2.4030375,2.5794668
YIYQUS,2.7902555,2.8505712
KOPRAL,2.6065786,2.7702734
KOMMEE,2.8348823,2.7040238
DAMBEZ,2.6327016,2.8650312
JIJFAM,2.8359706,2.7990737
EMAREQ,3.723606,3.218463
XUCDUW,2.1216717,2.5954585
ZUQNAA,2.7586904,2.843026
RIZVAY,3.720885,3.059367
AXIQUV,3.2569308,3.2258625
XIRPAP,2.4275277,3.0245442
AQAXOF,3.374756,2.5290022
QEJGET,3.0675395,3.3067195
LEWSIP,3.813948,2.9841125
SIXQEV,4.5682473,2.9530575
FOVJUW,3.1459084,3.4211388
ECANUU,3.139922,3.251315
QEXSEU,2.882502,2.2974424
PADPUF,3.4071376,3.075419
WIYBOX,3.0343416,3.0324333
KICGEJ,3.2555702,2.870141
IJOBIU,2.4634469,2.5968986
MAQFOC,1.5211165,0.9213965
RAFYEE,3.104547,2.798842
MUDWAL,0.6258619,1.101324
DUNVAL,2.987538,2.862065
DIKQIY,1.949968,2.1562445
FABYIS,3.453125,3.5376806
WAXHEI,2.4514737,2.6763947
QIDCAJ,3.0933905,2.6271865
SAWQAJ,2.6427698,2.583053
RUSLIC,2.8351543,2.7682958
CUJWIO,2.90155,2.544661
JEHSEU,3.4014232,2.8230855
NIQBIA,4.145927,4.0160637
YAQVUJ,3.383736,3.425449
HOHHOB,4.0901437,3.1265285
COTKEE,1.7241135,2.029541
XEBHAQ,3.2346175,3.2045598
ICOMEV,2.3630369,2.2337227
UBEPAV,2.5850816,2.890928
HUNWOD,3.1350238,3.1664033
PEZNIS,3.004137,3.1404166
VIBYOU,3.917079,3.4504457
SINHIJ,3.1891744,2.5357203
LABKIK,1.9246614,1.7383562
TOXFOB,2.7518876,2.9802613
SIGJOI,3.427002,3.2452388
NOKWAN,2.9834564,2.8641412
KADVER,3.0797846,2.9442267
KENTUU,2.158135,2.9078438
MOFWIN,2.530931,2.8230436
MEXJUX,3.385913,2.9239683
COGKEQ,1.5211165,2.810025
XOWMEB,2.8060381,2.831234
BIVHIA,3.5660522,2.7502131
TUMKES,2.7826364,2.8472593
EMEPOC,4.141573,3.5091012
VAHJAP,3.1818273,2.77445
CEZWEL,3.173664,3.0094163
DITRUU,2.0207176,2.4552658
YILBOL,2.4054866,2.326935
HIGWOM,3.0580156,3.2348728
TUKYAB,3.3717628,3.0126193
EMONEZ,3.3763888,3.1737914
TUXGOK,2.863182,2.8233685
ZAFFOB,3.6455095,3.498042
REMMUU,5.0107045,3.6619
TOMDII,2.9434557,3.3850226
LAKYAY,3.7358513,3.164469
AYEDIT,2.762772,2.0100489
GACMAA,1.4106382,1.9605005
WEJMOP,1.8558165,2.80352
FODDOS,2.6381438,2.867517
HAMBON,2.2242587,2.5925567
RUKTOG,5.35765,4.030066
YICZEQ,2.7464452,2.9060054
UCONOR,3.4332607,2.9734073
TUXZES,2.1711965,2.2592986
ZUNGAQ,2.1760945,2.3693988
XAVXUQ,3.651224,3.3242826
LAFVAP,3.4411519,3.453581
QEHLEW,2.0498338,2.4097636
TEYYON,2.2925594,2.586732
VIRBAB,3.0008717,3.2623456
QUFPOX,4.1881046,3.2837741
NABYOH,2.8378754,2.8568068
SUYPAF,2.6656275,1.7164044
BIMTUN,2.167931,2.3242266
SIMPIP,3.004409,3.1394207
CIJXUP,3.266999,2.9373424
ABESAB,3.2661827,3.0448382
LAQFUE,2.8805974,2.818096
NIRNOT,2.516781,2.8179283
UWEPUJ,2.7459009,2.702334
ZACYOR,3.1480854,2.7207503
MUQYON,3.9173512,2.886992
IBIKUB,2.8313448,2.3527093
IMAWIE,2.456916,2.8344967
OGOPOR,2.6841311,2.7011611
WOXCUJ,2.999511,2.6764984
PEKVIN,3.1314864,3.2117522
DANNAJ,2.719778,3.197102
VARNOU,3.229175,3.215429
GUBQID,2.5007265,2.7226634
GIPCAM,1.9129604,1.6987077
VILFII,1.4351286,2.831736
INALEQ,3.5187044,3.1626358
PUVBOZ,4.8939676,3.7819848
WEGCET,3.4623768,2.977231
OFADOO,1.9393555,2.3033714
BASNOB,3.0759752,3.4396038
YOBXOF,2.7638605,2.6698744
OMOBIC,4.0310946,3.4235492
JOPQOW,2.8386917,2.5756073
XIPHAH,2.5467136,2.6260703
LUQYUS,2.7118866,2.6063175
ESAYED,3.943202,3.1216452
SAKBAI,3.1102614,3.2221525
ITACIP,2.3853502,2.7589736
JOCRAV,3.5064592,3.1889858
NAZVOC,3.0286274,2.894665
UDUDAA,2.2003126,2.9851353
VEZGIR,3.4180222,3.3523467
BIZJEC,3.094751,2.7987316
ROSFEM,2.6898456,2.9610605
WOMMAP,2.8106642,2.6930606
NUFNOT,2.4939237,2.3161013
QUSYUA,3.2408762,3.1599596
AGAWOV,3.139922,2.616785
OVAHAW,1.634588,1.4124564
VOHMOW,3.0653627,3.1968162
OGONUV,2.9053597,3.1741455
ESAMOB,1.4754014,1.6694149
YURCEV,1.3556713,1.2964629
VOPJOZ,3.247951,3.0279145
JIBJAF,5.2128854,4.0783453
BEBKUQ,3.878983,3.6683977
HAGXAQ,2.9325712,3.008725
WAVLOV,3.3739398,2.9588072
FIGYUQ,3.9007523,3.5642025
REJTIJ,2.9137952,3.398154
MIPCIZ,2.2443953,2.2864447
VIRBEF,2.9954295,3.2355497
ALIPUG,2.1401756,2.5071952
MEMGOB,3.9440184,2.9046464
ABIKAY,3.2936661,3.3163016
MODTIL,3.5336707,3.4070385
NADPUD,2.5728366,1.9727035
WUXRUE,3.1733918,3.0170982
UPEKEG,3.0599203,2.8040571
WAKRUX,2.3077977,1.8368
QOBLUP,2.3584108,1.783461
BOCMUE,3.034886,2.8352146
KOGTUX,3.353259,3.5197268
WIXHIV,3.1040027,3.1788106
KOFKUO,2.5429041,2.6621401
YICYEP,2.7439961,3.2291682
UNEZIX,1.7652026,1.6222496
CIFWIZ,2.2501094,2.8315668
BEGXOC,3.6465979,3.1654356
WAVMAJ,4.0661974,3.3444324
PERXIV,2.2639873,2.1451771
DERLAQ,1.9937782,2.5666604
AGOSAR,1.8239793,1.6486527
XEKJOO,1.5088713,1.8027173
WONMIV,2.4346027,2.1880167
XOKCOR,2.7271252,2.9567375
IDAGIG,2.9908035,2.7870727
IXOJUB,3.393804,2.755789
UHOBUO,2.7559693,2.5431294
MINNEE,1.9567708,1.9134486
GEXFEX,3.49884,2.9602575
HITJAY,2.3388186,2.3562179
OFITIJ,2.2525585,2.6241508
FOYQER,2.8498485,2.8978543
FEQRUP,2.2901103,3.2087488
ZONHOB,3.209855,2.9382403
GOLTAC,3.1578813,2.8589995
VUTPAC,3.5524464,2.9863877
PEBJUC,3.0433214,3.271551
VUCGIK,2.9769256,3.18009
KAZQAF,3.0789683,3.277516
BOGXUS,3.3184285,2.7552617
FIVJUS,2.8936589,3.1744995
PANKIB,1.4775783,2.5381606
XEGMEE,3.429723,2.5995748
TEPHII,2.3867106,2.8644028
SEMVEN,2.9099855,2.8165944
UFEDOB,3.7051024,2.8509378
NIQTEO,2.6375997,2.5019739
VIQSET,2.936925,2.8046992
PUNWAW,1.9665669,2.0670118
SESXUM,3.1600583,2.7965817
HATPUQ,2.9434557,3.2156925
NOYBUY,2.7298462,2.4802237
LEQBAN,2.5796394,2.0932128
LEPZOY,2.7426357,2.7679691
OJOQAG,3.0721655,3.236371
RAWMOR,4.8830833,3.77283
IYOKAI,1.4313189,1.5250702
NIFMUK,3.3763888,2.5243268
AQAYEW,3.2169302,3.1795816
WOKWAU,3.7363954,2.9563458
RISWOH,1.6000295,2.1073568
OBALOU,4.218037,3.1694856
FIRDEQ,2.4166431,2.4852338
QEJMOH,1.3077792,2.4012728
VUVTIQ,2.5527,2.667193
JEDLAI,3.109445,3.248144
JANDOS,2.9706671,2.9392686
GUZZOR,2.9374692,3.3091786
GEMGIP,3.2561145,2.8982913
BIBREK,1.6427513,2.7472062
MOXXAY,3.238155,3.113357
ROWPAW,2.9233193,3.0325124
LEZBIB,3.4351654,3.2820773
VIBHEU,2.538278,2.4734159
WOJCEG,2.6351507,2.5902839
TAQLEC,2.4122894,2.9525936
FUDJAQ,2.980191,3.523354
BULXUC,1.8887423,2.489516
ZOGXAW,2.9279451,2.8769393
TAHRIF,3.1410103,3.1553967
YOLQIA,5.083087,3.5455961
JANCUX,3.532582,2.951476
TEFZOW,4.2049756,3.0402684
IDAVEQ,2.3192265,1.9703143
LIYPIT,4.051503,3.2920976
QOVJOA,3.5461879,3.1939037
RELLEA,2.384534,2.4568832
DEKSOC,3.5924473,3.2236657
OBIPEU,3.6574824,2.5822325
OCOCEO,2.7502549,2.6851666
UYINIB,3.87599,3.061206
NUSYAB,2.9350202,2.9581072
ZAZVIF,4.313549,4.2675157
QACYAV,1.9115999,1.7493824
RUNDUZ,3.7121773,3.4836016
AYOVUH,2.9567893,2.5256565
ODUJAZ,4.08198,3.3955774
ADEVEK,2.660185,2.9183047
HAYCUG,2.27079,3.171682
VAVMAH,2.1311958,2.190909
KIJFOZ,2.3546011,2.821727
TURSOP,2.2397692,2.8233538
IMUDEZ,3.6686392,3.1207457
XEJQUB,3.3118978,2.620434
YIQWUQ,1.9750024,2.5357728
SOTLAP,2.8830464,2.8672206
RAJXIL,2.7918882,2.551537
SARKUS,3.2808769,3.282481
LUVSEC,2.3004506,2.7139237
XEBJAS,3.9540865,3.6179972
VONKUF,1.5872402,2.1397305
BOMTAB,3.1050913,3.049463
KIGKAO,2.382629,2.7946603
YEDDIV,3.7796617,3.3028276
GEQNUN,2.9888988,2.8626473
ALOLAO,2.4754198,2.6104014
HAZHIC,2.5252166,2.3470402
GAMHUX,2.6008644,2.783474
MEHYEE,2.9535239,2.828442
UZEFOV,2.1537812,2.5746822
CUQTAK,1.2740371,1.971617
DEBWUC,5.3709836,3.782659
PAZWUJ,3.4553018,2.608394
BECMAX,2.9268568,3.139884
PABYOJ,2.9488978,3.4931293
CEQVUP,2.5249445,2.830886
ZAFPOO,3.2795162,3.3237069
VUGRAR,2.146162,2.5361023
AFAPUU,3.0463147,3.0670562
ISUHAG,2.97747,2.7988994
XIXZAH,3.3970695,2.9252825
CESGAL,2.1129642,2.5284967
VOWDES,2.9831843,2.578773
CILPIZ,3.3834639,3.1840072
RIJLAZ,3.2386992,3.406593
SEKROQ,3.637346,3.339306
HOYCED,3.6365297,2.8919926
RAZHUY,2.49474,2.90368
DILDAG,3.456118,2.854916
QIDTEE,3.573127,3.3138714
NAJLUG,3.6329923,2.5480967
ABISEL,3.3853686,3.1544814
MIXJAF,1.906974,1.7558054
SIBCIR,2.5959663,2.3461246
ZESRUK,2.8669918,3.1717043
ZUYVEU,2.0612626,1.9707614
MOSLIP,3.453397,3.0513687
ZONTEB,4.457497,3.5696502
ESEBOT,2.311063,2.045007
SIPVUI,3.2343454,2.963128
YEFDEU,3.1676774,3.23747
DOSWAL,2.779371,2.8202686
OFULIM,3.3902667,2.7289317
BACFES,3.8768063,3.244152
LOGCOZ,3.832996,3.2156317
XOSZAH,2.590796,2.9523408
UJEGUM,3.4234645,2.8484466
WISQEX,2.097998,2.5197406
BAXMEU,3.19761,3.3673217
QEHQAV,2.7728403,3.0374877
GACMII,1.7733661,2.280232
VOCCIA,3.6852381,3.7458887
LADNEM,3.46537,3.5050483
ZUQBES,3.4123077,2.8451903
BUJQIH,2.3216755,2.2927897
TEWPUH,3.383736,3.1735883
BUBMIV,3.0890365,2.9567666
GERMUO,2.4291604,2.628132
UFECOY,0.53932965,3.0221972
ACAREE,3.0746145,3.0403123
HABHUP,1.5646547,2.1329248
CETXAD,2.0656164,2.2464182
ZAYLAO,3.009035,3.1028109
MEWSAI,1.7649305,1.6215715
ROGMUV,3.4618325,2.802797
HEXROS,1.9654784,2.7003856
FIRBIU,2.752704,2.215321
CEZXAG,3.274346,2.7919486
RADYAW,3.9132695,3.349104
QOPSAR,2.5099783,2.603849
DEFRIQ,3.071077,3.1589355
SIVBUX,1.4620678,2.399696
EGOVEE,3.145364,2.7537327
QUDDEZ,2.5339243,2.8185754
ZOSYEN,2.9573336,2.6191118
OJAHUC,1.7333653,2.724669
HOQWOZ,3.044682,2.5044384
PICPAT,5.462414,3.9744968
LIPMEC,2.6944714,2.9373105
XEKGUP,2.8675358,2.8271577
NOCWOS,2.09827,2.8306725
LOQPEN,2.593245,2.530949
HELREV,4.1810293,4.1172047
WURDUK,4.3102837,3.7111764
WOJTUK,3.2819653,3.3084745
UGETAC,2.6103883,2.8664784
AMEKAE,4.2702827,3.596459
IRAWUV,3.489316,3.2528949
LIPDUL,3.0131168,3.1148791
MOSCEE,4.079531,3.1137326
ECUVOO,3.352715,2.8000002
YAJFAR,1.1747155,1.9483345
LUCWOX,2.6136537,2.7583895
GIDBOK,2.162489,2.2957983
RAPKOK,1.8359523,2.285719
KIVPEL,3.025906,2.5463758
LONCUN,3.274074,2.9317024
SEWTAP,3.3257756,3.3443696
XOWMAX,2.454195,3.0029895
VEVVAU,2.78182,2.9258192
QUVRAB,2.6005921,2.7069902
SIWGAH,2.1774552,2.386416
CODZOL,2.4084797,2.2937167
JAWCUG,2.2003126,2.5423923
ALENOV,2.9078088,3.3373933
MOFMEZ,3.7434704,3.4536364
KAWMIE,2.662362,2.0598803
USEYEX,3.6936736,3.5673912
VAGCIQ,3.1540718,3.2107477
BOGBOQ,4.502396,3.9270039
USUTOS,2.1774552,2.6307566
QUDWES,3.692041,2.8461947
SOJMAG,4.961996,3.7107153
KOFWUY,4.3366785,3.4291842
FALDEE,4.5872955,3.9880707
IKEKUF,3.34564,2.9280014
LUQNEQ,3.2016916,2.6465464
CAFWUC,1.522205,1.8327404
FIMZAC,2.8090315,2.983078
SIKFAV,2.49991,2.9602878
PEVSAL,2.772296,2.8475983
AROLAW,2.2735114,2.44568
CODZUR,3.3965251,2.8953874
QUQJUH,2.1589513,2.2205467
KELZUZ,2.8460388,3.1183317
FEZRAF,3.309721,3.072412
WOGBEC,3.0275388,2.7375612
LAWJEZ,3.2357059,3.3739982
IGOLUL,3.3132584,3.226971
MIPQOR,3.7829268,3.3878455
ESAJUE,2.9320269,3.0753539
NEXZUO,3.4452336,3.2793243
UQUJUM,3.2539375,3.0867949
IHEQAO,2.1584072,2.693144
XEJZUI,2.3009949,2.7031577
GAMHIL,3.8612957,2.8143544
NAHNER,1.651187,2.3495603
TEYTOH,2.721955,2.924017
GIPSOQ,2.6446745,1.9658754
HIKCAI,4.1334095,2.8688133
HOXFAB,3.1589699,3.033655
UVAVUK,1.8604425,2.7526934
LUGSOV,2.4005885,2.6881409
SUSPEB,2.5937893,2.5769567
OLEVOQ,3.094751,3.1703966
KADVAN,2.8052218,3.05223
SUJWUR,3.3870013,2.8215764
YUPXEO,3.659387,3.1930366
KOJLED,3.7366676,3.3193645
OWONAQ,3.6555777,3.7831285
PIZCAD,3.3391092,2.9667184
BOKDIR,1.6745887,2.633016
MUNWAU,4.4166803,3.6645458
RAFNOD,3.16931,2.6867683
LARHIX,3.1369286,3.070898
EVETAA,3.4370701,3.1863081
ENAVUL,1.5564913,1.9461267
HOYBIG,3.2231886,2.9306602
ECOXIG,3.2299914,3.2656317
ROWPEA,3.099649,3.0734346
ACOSOA,3.021008,3.0490305
FOTXAN,3.6231961,2.8883185
ESELIY,3.7317696,3.72715
FIGYAW,3.8419757,3.698911
HUPLIO,3.1165202,2.9711745
OVOLAN,3.5861886,3.5305724
NOCXAF,2.1518764,2.691721
IMICEN,3.302918,3.1886802
ODIBEI,3.1554325,2.8324711
XELJEF,3.276523,3.2126224
VIFWOY,3.2727134,2.9221942
ZEHNIM,2.3429003,2.3118594
ZOMNAT,4.107831,3.2232897
REJWEJ,2.8909376,2.9437833
KAYTUC,1.696902,1.7353991
QOFVOX,3.1709428,2.9553778
XAWKUB,3.1244113,3.1787207
TIYPEW,3.434621,2.9812608
COVWAL,2.7328396,2.8895168
WUNGIX,2.6661716,2.6033058
VIJRIP,3.2751625,3.2514496
ACOXOH,2.8378754,2.8187704
OCEYOK,2.286845,2.8036811
VEDYIP,1.6699628,2.5708468
IDEHOO,3.7551713,3.8260963
QIDDAK,3.5831954,3.414741
JINJEW,3.2661827,3.355559
XUCFAE,2.1091545,2.631448
ROWPOK,3.171215,3.0158727
CEZGOE,2.1932378,2.8341222
MIJNOJ,2.9497142,2.940804
OLUXEY,3.3565245,3.2458467
RILYOA,3.3135304,3.4761846
YOCJEG,3.2011476,3.2534032
OFITII,2.5439925,2.7215178
DONLEY,2.0492895,2.2685704
VUGXAX,1.4354006,1.5182793
MALCEK,2.0656164,2.1055384
JEMKOE,2.4490247,2.521683
HEHHOU,3.0367906,2.8124342
UPEJOP,2.9274008,3.0812109
RIZJEQ,2.029153,2.309557
RIVJAJ,3.0242734,3.0200765
OZANUZ,4.2098737,3.78475
VUFLOY,2.3497033,2.795158
DANNEN,3.967148,3.4002655
LATVIM,2.0065677,1.7922013
DOMSOO,3.2267263,3.3352044
SEWHIN,3.2166579,2.9791484
REKFAQ,2.7407308,2.5092304
OHABII,3.2487674,3.0216599
MAKVAW,2.9529796,3.0192719
HEXDUK,3.1132548,3.1859818
MODTUX,2.7976027,2.8952122
FOTKEF,2.1614003,2.635491
KULKOR,3.1110778,2.824879
ANAVES,3.639795,3.3598144
MASNAX,2.8814137,2.8390083
XESTEW,4.173138,3.7168617
YEDQUV,3.166589,3.2161016
SAWMAG,3.496119,3.6533818
FOWJUX,3.2830536,3.019957
LAYLAA,2.7559693,2.6094725
POWDAG,2.6585524,2.9088454
QEKPEB,3.4000628,2.9078016
VAHQEC,3.0920298,2.8040547
PEPMUU,2.1924214,2.28083
WANWOY,1.9015317,2.2970467
OMAWUW,1.906974,2.1994302
SAYFUW,2.3067093,2.2746985
ECUVUU,3.0329812,2.5428615
VIHSOX,2.2756882,2.652644
ROXFUH,3.142371,2.783717
PUJWUM,3.816125,3.386872
RIPWAQ,1.8745924,2.0261002
LEPDES,3.200059,2.9029505
NEHLOB,3.0672674,2.5942051
PIVQER,2.4680727,2.9349003
IPUBIG,2.774473,2.764351
GIFQIY,2.0721471,2.3638892
MANTEA,2.3935134,2.3627563
AYUJUZ,3.305367,3.0939713
QUDRUC,3.154616,2.77148
KARNAV,2.920598,2.9016037
ZEGYOZ,2.6027691,2.7254465
LATVUY,1.9330969,1.6502049
TOGGEE,2.1807206,2.808377
JURYAW,2.9410067,3.0957375
QAHXED,4.074361,3.037386
HEDFAY,3.3731234,3.0952063
ABEYIP,3.0188313,2.748111
DIDDIF,3.3429189,4.0633144
SIZVUV,2.2952805,1.9623139
GERSUS,3.824016,3.8739772
GOMYUF,2.5600471,2.4589424
LOFMOJ,2.822637,2.6421618
YENCUQ,3.5997944,3.3573208
EVAGOX,3.7682328,3.367036
FEQGOY,2.6291642,2.7873864
REVXIZ,2.7478058,2.8110197
OLUGEH,2.0473847,2.4139132
FUTLUB,3.0378792,2.860777
XALDUJ,1.8585377,2.3061004
JOPREO,1.7720054,2.8199742
XACPEX,3.4985678,3.1487365
UCATUN,3.171487,3.1929915
GIBMAI,3.0329812,3.2331247
QUVRIJ,3.412852,3.0471706
REQROU,3.732858,2.7334397
EJEKAH,3.1061797,3.0968502
EDAMUR,2.6653552,2.6834676
ABERUU,3.2008753,3.24641
YEHZIV,3.4403355,2.9992647
RIBRUQ,3.4659142,3.1475282
IZIBIC,3.6980274,3.655993
NABXIA,1.9491516,1.0849391
MEFNEQ,3.6427882,3.311566
LOPMOV,3.0267224,3.0937042
BOPPOM,2.9333875,3.2310007
WIFDOG,2.6403208,3.6037412
TEWXOJ,2.1932378,2.3669941
BIYPEH,1.5020685,1.1738251
NASHAR,3.5573444,3.429197
KOJTUB,2.3448052,2.7600112
XUSFIB,2.9986947,2.8455436
DOPDIX,2.6585524,2.5816743
OCIKIW,2.055004,2.8809056
SAZTES,3.1097171,3.1686687
KAZLEE,3.1848207,3.317442
ROTXIK,2.0740519,2.6652493
NAMKEU,2.8571956,2.7538998
XETLEQ,2.5464416,2.7705684
ADIYOD,4.3761353,3.817839
QISDON,1.2313153,2.455343
TEVMEN,2.4180038,2.7467785
OWAWEQ,1.7733661,2.596962
OKINIF,3.1154315,3.0742023
ZOMNOH,3.4253693,3.0907862
TAWVUI,2.0648,2.1050937
PAYQIS,3.1913514,3.060516
COGDEI,4.3557267,3.8596702
MIQTIS,2.7499826,2.6192005
NOZLAR,4.337495,3.7190084
DOYQUD,4.5200834,3.475553
LAQXOT,1.510232,1.3355964
VEZMIX,3.8316352,3.9498749
SINXAR,3.90048,2.9688675
MEBWAS,3.1747525,2.7004633
UGANEX,3.182916,3.282123
YIXCAJ,4.0158563,3.491547
NIBBAD,2.922775,3.1770387
NOMHAY,3.336388,3.247644
MOXVOK,3.307816,3.2538867
NAMCEM,2.6155584,2.6941366
QUGXUL,2.4528344,2.8181174
ZEYDUF,2.2411299,2.5505395
LIYJEJ,2.9654968,2.9990556
COSHEZ,1.871327,2.620811
WOSQUQ,3.1347518,3.1146305
NECJUC,2.8928425,2.843321
YEJXOD,2.3162332,2.9003842
FISXUC,1.9741861,1.5581073
NAVHOK,2.526033,2.4032164
YEBWAE,3.5070035,2.965503
VIBBIS,2.5295706,2.5884266
USEYAT,3.201964,3.0823753
FIRBOZ,2.6327016,2.2628808
XEHBAO,3.7486405,3.1189442
ABIRUA,3.656122,3.1811824
JUMSAN,2.8512092,3.0705936
SEMWIS,3.1121662,2.8813589
XIQHEL,2.1671147,2.1082082
HOXFUV,3.5216975,3.1033566
OSUCUB,3.7646954,3.4512267
VIFXAL,3.1965215,2.8935761
TEGVUX,2.545081,2.533188
BICMAE,3.2544818,2.9756503
TAJJOE,3.1959772,3.1214395
KOZPUK,3.723606,3.2894185
RALWIL,2.8593724,2.4174008
GUJCUJ,1.2405671,1.9017596
MEWRUB,1.8318706,1.9249809
NEDMOB,2.576102,2.915757
RUMXOO,3.3608782,2.5511274
ADACOX,2.774201,2.2941484
TUZSUE,2.0784056,2.6192052
EBUGEQ,3.5097246,3.3119888
TEKMAA,2.6231775,2.679448
HUJYAN,1.9962273,2.19614
GUTQAN,4.0523195,2.9019978
NOBBOX,4.04851,2.641338
EFOLOD,1.161382,1.6692384
KELPOH,3.028083,3.0586476
VIHHIF,2.9706671,3.2032495
JIMLUM,3.8612957,3.4564438
LUHLOR,3.295571,3.1013515
IREFAM,2.514332,2.1832862
WURFIA,4.1339536,3.6870348
BAZMUK,4.14892,3.35325
GELZEF,2.585626,3.0267913
HEJXUR,2.208204,2.5264814
XEYNAQ,4.1861997,3.233746
FARTAW,0.99403197,2.2557445
FAJCEA,3.5048265,3.2624722
JEQLID,2.225075,2.5724816
RIZYAA,3.424281,2.8490252
WOJTOE,3.5910866,3.2791615
YENMOU,2.5535164,2.2260861
VEMVAM,2.2384086,2.4285166
PILWEM,3.5641475,2.9974186
UCEBEJ,3.4640095,3.4831972
FOCKIU,2.1132362,1.6788373
CEZJEY,3.8202064,3.7721329
KIVRUC,2.8106642,2.7332256
ZISYEF,3.5050986,3.126636
YAFCUF,3.1774735,3.2541196
SIHHAT,3.4446893,3.0099874
EDOPOD,2.0941882,2.4608238
CIMKUF,4.0422516,3.2205307
BONSAZ,3.5627868,3.0765877
FOHMEW,2.874883,2.57284
OVUGET,2.2925594,2.6121602
WEHHIA,3.2675433,2.6297102
REGROK,3.8169413,3.0649092
BIWPAZ,2.5434482,2.4261808
YOFLOV,3.1148875,3.22642
QUMQUK,3.1818273,3.3209243
XIDYIS,2.227252,2.767167
HEXFAS,3.109445,3.1285102
DEFHUS,3.9810257,3.8678637
KIZSOC,2.0462964,2.4080036
IMOGUN,2.6299806,2.511384
HIBPUE,3.2055013,3.018232
MOZNIA,2.2601779,2.9237633
HELPAS,1.7567672,1.8440449
XIXJAQ,4.1383076,4.0394306
TAPWEO,1.5154021,1.5378121
ETAXUS,3.1227787,3.0230613
SOPJEN,3.047403,2.831334
YIXVOR,2.3385465,2.0775027
FACGIC,3.880888,3.5949492
MIVLAF,2.8335216,2.6537623
OLEWEH,3.200059,3.212416
NOKKAC,2.2585452,2.4537084
CIGNIS,3.1494458,2.9071648
KILNAU,0.25769183,2.9854937
IMIDEO,2.9820957,2.795163
MEWJON,3.4433289,3.0635455
XEQKOV,1.8218023,2.6666873
XIGDEZ,2.7426357,2.5162656
BARSIY,3.7148983,3.2834523
BUCJUF,2.4310653,2.5105972
DAQGUY,4.320896,3.995434
QODMOM,2.5820885,2.8650167
ONEPED,0.41687843,1.8929567
TAMHAQ,3.8493228,2.923229
NOBBEN,3.503466,2.9429457
ROLCED,2.1418083,1.9422956
QIDCAK,2.31324,2.5275874
ELUGAV,2.9434557,3.0861232
CIRJOD,2.8346102,3.045017
POJMOQ,3.8158526,3.3893137
LEMXOS,2.985361,2.8686843
IDERAK,2.5129714,2.597075
QIFXOS,3.7470078,3.0352643
SIHPUX,3.1143432,3.3021917
SESPEN,4.2447042,3.507346
RUNMET,2.693655,2.839907
BICLOR,3.4904046,3.0303216
BAWKAO,2.2065713,1.9219592
AWIKOI,3.1075404,2.8876967
GAPYUR,3.7072792,3.324071
UZOSIM,4.1244297,2.976155
SAYZUN,3.6033318,3.2820618
BESGEM,3.1962495,2.9414449
ESEKAP,3.0656347,2.4315524
KANZAD,3.50782,3.3998094
GEZKAZ,2.6539266,2.716533
RUBYIX,2.6414092,3.0000935
WICRAB,2.9834564,2.829604
VEMTUE,2.239225,2.439065
NAMSAY,3.2460463,2.9285727
NOBCAL,3.0299878,2.9823787
QISZID,2.8977406,2.6949575
AHIWAQ,3.023457,3.173467
GEJPUG,3.7309532,3.031926
XUDVIC,1.8884702,2.6768665
XOZRAF,2.72903,2.7758808
RUKMEP,2.1012633,1.7599022
SOXRED,3.4879556,3.1827679
XIWTUT,3.6485026,3.6083229
MABSEP,2.714608,3.0071454
BAYCAI,2.4607255,2.6056864
ZEKHUU,3.6738093,3.667673
GAPTEW,3.6384344,3.4623146
NUWVUW,2.8207324,2.474775
FUMKED,3.407954,2.927057
DESROJ,2.4805899,3.0880535
SAFQIA,3.0874038,2.4493966
QEZCOO,3.0890365,2.933607
WOPXAB,2.8857675,3.2017708
FUDJIY,2.7521596,3.2782178
BUPNOP,3.4591115,3.6548743
TISHOS,2.1480668,1.7577962
ZEKJEG,3.5627868,3.2178607
TOHCAX,3.2784278,2.875891
OPAFAN,3.6237402,3.6349497
ZOYYUJ,1.9758188,1.7025334
QAMHES,3.240604,3.0434375
ZOGXEA,2.822909,2.824816
ZEKGUT,4.3900127,3.9809475
PABZAV,3.1973379,2.7060125
NOFVIP,3.065907,3.168876
ICIVIZ,1.6890107,2.4336183
MINNOO,1.9249334,1.9169643
YOQLUM,2.8898492,3.0567465
WOCMUW,3.3540754,3.2989235
ADUMER,3.028083,2.78913
ACARII,2.8522975,2.980191
KETSIM,3.1742082,3.1081102
MIGKAQ,3.5772088,2.9617493
YEJXIX,2.306437,2.7973552
MIKHUM,1.1845117,1.7754401
NAGDOO,3.9807537,4.0407352
UZAFIM,2.7970583,1.9899645
WEYSUQ,2.7611394,2.0659442
FAPNOB,2.354057,2.3624196
XADBEL,1.8732319,2.9330516
UPESUF,3.0479474,2.9717205
SUJWIF,2.936925,2.6807518
TEYVEZ,3.1317585,2.7807086
TOPYII,3.07788,2.9279985
ABEZUD,1.8906472,2.1491241
WIXYEJ,2.2120135,2.898704
EGITIX,3.2509444,2.3736868
SALJUM,2.9529796,2.9181798
MEBTES,3.1265883,2.7815814
IKOROQ,2.0585413,2.5963361
ZIRJOZ,2.5940614,3.0163977
XULXOR,2.9361086,3.1074324
PIKSEJ,3.395981,2.9730055
QEVYIZ,2.1050727,2.39558
LETGID,2.8971963,3.0485063
OFOMUT,2.9072645,3.1627917
DOHSUP,3.326864,3.0652528
LILJAT,2.3701117,2.3729496
VAYQIX,2.6343343,2.370238
DAFBOC,2.0182686,2.3766887
BIDBUN,2.5491626,2.6327312
LUSHEO,3.1600583,2.7720094
EMUGOJ,4.354638,3.2342901
BOCMOY,3.137745,2.8206003
ATANIT,3.2199233,3.5326567
IXOLIQ,3.262101,3.2526345
PUCYUI,1.8022101,2.9514387
YAZQIA,0.8405597,2.2565165
VAPNIK,2.0582693,2.3232088
OHUFON,2.089018,2.4799516
QAYNAI,2.43297,2.1063962
UQUZUD,3.4846902,3.0497131
SUXVIQ,3.3021016,2.8766608
SULXIH,2.487393,2.5054934
SUSGES,2.6422255,2.7953277
NEXDUP,2.344261,2.5387518
ASUGUR,1.9159538,2.6898174
QUQTIG,1.9262941,2.9489365
LUNVIA,2.3714724,2.1443007
KUQKUE,3.8286421,3.4624085
RIBRIE,4.001162,2.778512
CESFIR,3.8536766,3.4600008
HOHKUN,3.8093219,2.9567187
EBEHIE,2.1766388,3.0329995
RAMJAT,3.276523,2.6608145
AKAREL,1.9584035,2.8144515
QARFEV,3.3766608,3.4924831
TAVWAR,3.1380172,3.2607884
SAPPEF,3.120602,2.6693342
FACFAS,2.7850854,2.785838
JOTRIT,3.5954404,2.4499838
HATNUN,2.9494421,2.8115172
NOCZUD,3.264822,3.2010288
ZOXTOV,4.82349,3.8622253
ACAPUQ,2.5706596,2.5731266
ZAVBON,3.5029218,3.4016576
PETHAY,2.4634469,2.4766703
KOXNUI,2.3094304,2.5657074
MODHUL,1.9328247,1.8762221
AVUTUH,3.7255108,3.3800266
RIRZAV,1.3270993,2.0044785
VUGHOV,2.308342,2.240359
PUJWIA,3.1293094,2.9306111
XUHGAK,2.77665,2.859827
KOMFIB,2.731479,2.5336404
VONSUM,3.567957,3.030622
PACKIQ,3.4237366,2.6090336
MAFFIJ,3.9505491,3.3817542
VIRHIO,3.634625,3.6562088
JOBNIY,4.329876,3.8382792
EGIPEQ,4.304297,3.5263627
HEYXAM,4.820497,3.5997791
QELGUJ,3.1872697,3.1173713
XUZHAB,3.6248288,3.6235132
MAVVAH,4.2857933,3.0373862
NSTPRU,3.0269947,3.036483
RULYUT,2.2182722,2.820618
GAQJEQ,2.0109215,1.6595153
POHZAO,2.3537848,2.5953965
YEKCOH,3.5491812,3.3420875
IKOVAG,2.49991,2.7224293
ORAJIC,2.1254814,2.591222
BACCAL,2.858284,3.4230216
GIRNIE,2.2691574,2.937055
RAVCOG,2.8928425,2.7246962
QACFEG,3.5810184,3.1398194
DANMUC,4.758727,4.210276
VEYKOA,2.7129753,3.168929
UJEHEX,2.303444,2.5921
JURMUG,3.0754309,3.040996
FIZGIH,3.272169,3.2691503
YIXTOO,3.0697165,2.8076923
KURKOX,3.4980237,3.0646212
PUKCAB,2.5671222,1.8520887
NAHPUH,3.6027875,3.0055945
VAKFIX,3.8536766,3.3418188
ACOSAM,3.3750281,2.9619203
UZEFUB,2.5339243,2.5273528
HOHDOX,4.013407,3.796637
NUSWON,3.84769,2.2141163
FEZSIN,2.0895624,1.9973246
MEDZUR,3.4359818,2.9571543
HIZSIT,4.212867,3.8805077
HUJDUL,2.9295778,2.7535286
VEMNIK,4.1902814,3.0668733
EJUJUQ,3.587005,3.2701766
JADKUX,3.159514,3.3261268
ZIBZUI,3.5508137,2.7378585
UFUQUK,2.927673,2.915649
NOLNUX,1.9208517,2.2326655
QOKVUH,2.6400487,2.6406798
IQUPOB,3.8174853,3.2967153
SOWSED,3.9478278,3.5113907
HADHEB,1.9222124,2.9346578
GIZZIA,2.3995001,3.0109146
ALEYIA,3.0506685,3.381597
HETZAH,4.644439,4.135068
CAQZUQ,3.6963947,3.4499536
PIGQIG,2.6626341,2.1302397
ZOLZOP,2.4261672,2.690475
QEFRUQ,2.557054,2.6696568
BOSFOF,1.6645205,2.0838869
FURGEF,2.920054,3.3290844
NIVDIF,3.286319,3.1210299
MEZJUZ,2.6226335,2.7514343
BELPEO,2.0038464,2.899276
BIVWUB,1.8830279,2.2716982
FUSZUP,1.732549,1.964211
FILBAE,2.045752,1.9620137
VEZNAQ,3.8008864,3.6600718
OSAHUN,3.252849,3.2689703
FAYLEX,2.3075256,2.6256344
TUXDAT,2.7826364,2.7136886
FUBPEX,3.3603342,2.9259393
WOFGAZ,2.3837175,2.8594592
OSEMAB,2.8520255,2.8473372
JODPEZ,2.2852123,1.9531008
IPAKOZ,3.4792478,3.2784517
YIFTIQ,0.62640613,1.6634399
XARCOJ,3.2727134,3.000952
ORUMEU,2.0179963,2.046274
AROFEU,3.391355,3.4012828
EPULIL,3.1869977,2.6473362
YEXBEK,2.7328396,2.6969144
POKZUL,3.5709503,2.939435
GOKTEG,3.2904007,3.290805
GEKNIT,0.9469562,3.2606215
ORUFOY,2.5916123,3.0099854
QAWDEY,2.884679,3.3598092
ZUVSIS,2.7450848,2.7535443
YOPCEN,2.138543,2.5030065
RUBYET,2.6680765,3.065761
OGONOP,3.066179,3.1164455
LAZQEJ,3.0101235,3.127928
MEZYOI,2.303988,2.2692099
PIDNAR,2.9067202,2.7042632
MOKDOH,2.8313448,2.7821155
YIKZOH,3.616121,3.4188597
ROGNAC,3.4147568,2.5956922
CPDRUB,3.8234718,3.4912238
UCAZON,3.2738018,3.447535
OFEJOB,2.6506612,2.7919424
EHENAI,3.3382928,3.278538
SUZTEO,1.4688706,2.7000437
GIJCIM,2.0427587,3.0247636
YEXLUL,2.8882165,2.979291
IYAMEA,2.5273936,3.0353377
LECZEZ,3.3159795,3.8106134
UYUGUS,2.4669843,1.9963913
VANGOI,2.2735114,2.241053
OMATUR,3.1894467,3.253783
CIGNEO,2.1467063,2.6499734
JAWLEZ,3.0523012,2.982097
YOYFEX,2.9064481,2.8966222
IXUTUQ,3.2686317,2.5233464
XEKTUE,4.290419,3.55673
CEQROF,3.8291862,2.9146905
MACVAO,3.1780179,3.2366426
LAYKUT,2.8422294,2.670001
TAZPEQ,4.192458,3.0712104
EREJOA,3.202508,3.2899287
PIKLOM,3.8866024,3.46472
XOVMIG,3.2735298,2.867257
PEDHUC,3.1995149,3.349453
KEQDOA,2.3461657,1.8960757
NAFSEV,3.4694517,3.5420437
KADVIV,2.8805974,3.0621285
AYOBOF,2.7899835,2.6915114
BOYRUD,4.1282396,3.6153836
QIVBEC,2.0533712,1.8320729
TURROO,1.7211202,2.6668265
KOPREP,2.2095644,2.7566352
ICAQEK,1.9227566,2.868665
JONQOS,2.1970472,2.5400183
MEKXIM,2.60032,2.6758502
TATXIW,2.3480706,2.6615798
UMESAH,2.8756993,2.9426901
KAXLEC,2.2999063,1.6370041
UMIVES,2.5486183,2.5906408
ROWWAD,2.2117414,2.8786383
BIDBIB,2.5366454,2.6814666
QOMMAH,2.2076597,2.6196244
KIGFIR,1.7208481,2.432519
GUDBUC,4.5715127,3.278954
MIVWAQ,2.7467172,2.9173484
HEDFOM,3.7600694,2.891417
EDEGOJ,0.73144203,1.8223945
XUXROY,2.8299842,3.0695455
MIRDOI,2.8811417,2.9509869
AXIQOP,3.3377485,3.1593685
REBQOH,3.799798,3.4442787
NOMNEJ,3.4789758,2.601403
YASPAM,2.7001858,2.3394077
SIHHOI,3.3665926,3.0171978
PEGSUP,2.7875345,3.0043218
KAYVEO,1.4656053,1.6499271
FAPVID,3.4566624,2.9332366
HESHAP,3.1110778,3.2032673
QAHVIF,4.46049,3.7080328
NAKHAI,2.8999174,3.0792232
EGUGOC,2.487937,2.07891
EREDUA,2.2816746,2.0205417
LEZTIT,4.2642965,3.843419
VIRFEI,2.0773172,2.7409463
IKUBEX,3.080601,3.1103566
DAJCID,4.964445,3.6624122
KAQCIP,3.4906766,3.0839534
ZITLOG,3.3369322,3.1236217
OBUWIS,2.9605987,3.1503267
IVUZAB,2.7358327,2.6513019
CEWQUT,2.6517496,2.6697733
VIXTII,2.6887572,2.4942024
QOPHAG,3.0308042,2.9373548
XAWKOV,3.0623693,3.114907
FEPCOV,3.1837323,3.276019
IFICAD,3.4327164,2.8131363
BEVQAX,2.3358254,2.6838377
MIMHEW,3.4324443,3.5570621
ZOGWID,2.9924362,2.7156274
MUBTIM,1.6114583,2.4748645
SIZVOP,2.3989558,1.9469869
FUCGIT,0.5148394,2.8537555
BAJBAS,3.364416,2.9234195
XUVGIF,2.0558202,2.646587
KIJGAM,2.306165,2.85441
XIFZER,2.8993733,3.2884676
VOTHER,3.4223762,3.1049612
UZOYIT,2.611749,3.0480232
GOFVUS,1.5627499,2.2752504
XUYDOK,3.2874076,3.1315303
FOPFIC,3.0003273,2.5092192
VONLIU,1.5657432,1.9834117
IRASIE,2.905904,2.7703977
MEZBAX,4.236541,3.8296552
QULFAF,3.2299914,2.6272004
LOGLEA,2.5186858,2.1429272
EQUZAR,3.7690492,3.1085048
ADADIS,3.3279526,2.3871732
FAHCIA,2.6389601,2.5611684
FIQMOI,1.76874,2.866256
YAQZEV,3.2226446,3.6772995
DIYLED,2.3434446,2.1786156
VEBQOI,3.0049534,3.2488298
SIRRAN,3.161691,3.1715715
SIQHEG,2.5826328,2.8553803
VAVXEW,3.0457704,3.2247572
GIGNIW,2.7352886,3.025889
ZOTXEO,2.8669918,2.625616
YOGCED,1.9758188,2.8893685
MAFNIT,2.5837212,2.6916454
FINBOT,2.925496,3.183506
IXOPOB,1.3317252,1.3989203
QUBZAO,2.019629,1.8475025
VOMTEW,4.044156,3.1467931
ILEXII,2.2068434,1.9123578
OZAFIG,2.1282024,2.5375156
FIVLOM,3.1437314,3.314993
MEJTUT,2.8245418,3.0467377
VIQWAV,2.6294363,2.8693457
WACDOU,2.5940614,2.7663023
FEHWIB,3.1410103,3.2117949
MIKXOV,3.271625,2.611986
FEJRET,2.6664438,2.6727448
XEYNIY,4.827844,3.575961
MABXIX,2.0770452,1.5581179
MEMLEY,3.1110778,2.729103
KIKRUU,1.8675175,1.646623
SAVCOJ,2.3605878,2.0645494
XEFROQ,3.424553,2.3131042
LIXJOU,2.265892,2.6496246
MICSEY,2.9698508,2.6171527
WIZHIW,2.793249,3.0735207
ALAGAW,4.1328654,3.3915124
BOBWUL,4.748387,4.224121
HUBVIL,2.6389601,2.4706538
DAWTEA,4.336951,3.4295769
DOWFOL,2.2626266,2.533298
GIGNAO,2.56685,3.0189614
DANMOW,4.479266,3.5266294
BAKLAB,2.6941993,2.1785305
KEXHED,2.5627685,2.7600272
JARVII,3.2825096,3.0349987
MANSOJ,2.3842616,2.2466254
DEYPAY,5.0060787,3.78925
YUGCOT,3.1410103,3.1971714
UBITEH,2.8811417,2.8058414
MOYXUT,2.9976063,2.834042
RIQYOF,2.7965143,2.520518
XIXFEP,1.4503669,1.9445643
AFASAD,2.9407346,3.6132574
TOLWEW,3.271625,3.070765
HISTEJ,1.8936404,1.9001873
PAQZIQ,4.2817116,3.6154823
QIMYET,2.8327053,2.7666693
COJKIX,2.7246761,2.6743546
JOKVIR,2.733928,2.8932164
MUHKAD,1.7170385,2.2919905
JETQAB,3.3450956,3.1282153
OJIVAE,4.3750467,3.6050925
XUSFUN,2.850937,2.8771844
MOJYAM,3.2601962,3.4482427
DILMIU,4.430286,3.5584624
HEZGOI,2.308886,2.3661873
LUNSAO,1.579621,1.4897077
YUSLOP,2.370656,3.0717018
KOCCAH,3.4207435,3.0398152
TARSIP,1.4759456,2.6287634
JOGMIC,1.5551307,2.3365283
FIVHID,2.4699776,2.78134
ROPGUY,2.0721471,2.579957
GAFBEW,2.7878065,2.9379094
IHIKUH,3.0386956,3.3255956
ROHWUG,3.3298573,3.1481311
LIYXUM,1.8060197,2.2699165
REDWOO,3.2414203,2.9354408
AROKUP,2.0351396,2.4506528
WILFIJ,1.7722776,1.9162979
BUSKAD,2.77665,2.5777512
PIKNII,2.7638605,3.319678
YAJSEH,3.0215523,3.0538526
ALEPAJ,2.7088935,2.1350126
CAVLUJ,2.320315,2.8280296
AWONEH,2.5211349,2.3498678
SESPIR,3.9448347,3.4025025
CIBTUF,2.0661604,2.3260984
NIWNOZ,2.5483463,2.7275507
NUTDIP,2.6416814,2.8614974
ZAFNAV,3.639523,3.2905304
JAFSER,3.3812869,3.1504564
SAGXED,2.4539227,3.0435996
JANCOR,3.5959847,2.99167
YOSXIP,4.04851,3.4209466
TUMBUA,1.5159463,2.4291198
HELWUQ,3.006858,2.434029
EREDOU,2.320587,2.0138035
JAKSOE,3.2302637,3.1109476
LAMMIV,3.9461951,3.3256178
MOGROQ,2.8699849,2.814097
BIHHIJ,1.8794905,2.014404
QIFHUK,1.8588098,2.9282346
WOSMOG,3.2746181,3.067068
VAHPEA,2.50889,2.8048413
HOQYER,2.8566513,2.2373276
UKABEO,3.1559765,3.304549
QIDCUD,3.0321648,2.9958777
YOQJOE,3.0242734,3.0440092
VOGROZ,2.5135157,2.3331704
DANDUS,2.7045398,1.9366248
MANHUG,3.0939345,2.807701
KEDGUW,2.2947361,2.8254573
RACSIA,1.8846606,2.630181
KICNUG,2.6400487,2.921296
RUZWUG,3.5472763,3.529085
MODDIV,2.7380097,2.2725587
XEBLAU,2.308886,1.8453897
VEBHES,1.6909156,2.4801722
YONJAN,3.350266,3.1493897
MOPVET,2.5001822,2.2034936
ZOVPEF,3.394076,2.93465
ZORLUP,2.4645352,2.60666
NOZKUK,4.8384566,3.5610785
TUXGIE,2.858556,2.8283315
HIJYUX,2.5341964,2.647719
HUNWUJ,3.2133925,3.1844149
SUXQOR,2.0852084,2.2908914
ZELXIA,3.1026423,3.1143248
EDIMEK,3.6482306,3.0069494
OGUSEO,2.755153,2.9321437
XEKTAK,2.5464416,2.2340527
XEZBEL,3.4250972,3.0965717
BETZEH,3.310265,2.3764844
CUQNEI,3.3407419,3.0380473
MIDLOB,3.5021055,3.3338041
ECUGAK,2.9431834,2.90147
TAWWAP,2.089018,2.5400348
TIVNAQ,2.3126957,2.5695393
OVOQIB,4.729883,3.7998376
ABOWAQ,3.1415546,3.3416536
ESANAO,1.6890107,2.0652847
YAJDUL,2.1790879,2.7592468
PANNAV,2.7682142,2.6841133
QEWNOY,2.9548845,2.65335
YAVMUE,3.7891855,3.276275
KIHJUI,3.391355,3.0379312
ECOWEY,3.883881,3.207615
WORNAS,3.180739,2.419114
MOGRUW,3.5211535,2.944151
FIRDUG,3.2876797,3.3399
TEXMIT,4.1617093,3.3214936
KELZIN,3.1622353,3.2476072
GAQDAE,2.8661754,2.3635917
ASUHAY,1.8370407,2.617556
MARTEF,2.6893013,2.8909273
CIGNAK,2.3842616,2.704974
RACVEW,3.1682217,3.266338
QOWVEE,2.079222,2.3816278
SIZVAB,2.2307894,3.0601408
ELATUH,2.4718823,2.4670575
XIKBEZ,3.923882,3.4841552
VITKUE,3.1842763,3.3474305
RAZFII,2.6871245,2.6044598
YUSKUU,2.547258,2.9613652
ISONEJ,3.3499937,3.0276382
MALBUZ,2.1516044,2.303885
VUGJIR,2.7589624,2.7005382
HUMWAN,2.8484879,2.6993399
HIJDEL,3.3573408,3.1737456
JONYOA,2.2884777,2.000054
HOTZUN,2.5478022,3.1432636
VUTPOQ,3.133119,2.8236377
NOSCEF,1.7521411,1.8040662
HAVNIE,2.468617,1.956886
QONDEE,2.3673906,2.1420202
TULTEB,3.6863265,2.8524482
JEFXIB,4.194363,3.1110222
DUFLIZ,3.1083567,3.1688855
REDNAP,4.5734177,3.820816
HOTXOD,1.7954073,1.9777279
GILQOI,2.3374581,2.5280373
WOLPIY,2.3080697,2.4731193
SUSSII,3.2177465,3.142869
CIHWAU,2.10344,2.339396
RONPES,3.4876833,2.932447
UYUCUO,1.9559544,3.0755234
GOMZOA,2.504536,2.2946565
NOQPUE,3.608774,3.3790934
AGAXEM,2.1897004,2.3951814
IZUXOR,1.3426098,2.1645021
ALAWIU,2.3929694,2.1480007
IBONAR,2.3589551,2.3304398
RIVVOH,1.9260219,2.7528903
DEVGOD,3.1627793,2.482758
KACFEA,3.9546309,3.7288067
ZZZBOM,3.4117637,3.2143202
PEDCOR,2.8596447,2.5534284
QUDYUK,2.9086251,2.8944871
SOVZIP,3.3894503,3.4575598
PIDMUK,2.9937968,2.9503639
IKUPIP,3.3521707,2.4683053
YOLQOG,4.806075,3.5320845
WOHYUQ,1.235669,2.4466658
QUHJAG,1.9140489,2.9731035
JOQTAN,2.650389,2.6851473
KAQFAJ,2.4264393,2.742271
QICZAG,3.0656347,2.910792
NOBCUD,2.2046666,2.6400373
RONQET,3.0795126,3.0598035
IKENER,2.6082113,2.7052693
TOBDAQ,3.4403355,2.3705325
VAVGIJ,2.3399072,2.1576657
XANLUT,3.6833332,3.3286886
WUMWEI,3.938576,3.2921443
MIVJOR,0.3806873,2.480011
OBIXAZ,2.4601815,2.2591774
NANYEG,4.098035,3.206229
GERKIZ,2.8479438,3.1469805
VOBPUZ,2.9067202,2.7448888
GEZJAY,3.2972038,3.175549
TEBXUV,3.099649,2.723798
SENFEY,2.7429078,3.0385938
LELTOM,2.6604571,2.7729409
OJOJOO,2.9701228,3.1066594
BERXAA,2.9763815,2.79532
MURPEU,1.7260182,1.8549502
YEFKIF,3.0988326,2.7423463
LUTLIW,2.7682142,2.749544
JEJPOE,3.6498632,2.7039752
MOKCUM,2.5170531,2.7143197
ZOMMOG,4.10647,3.2230804
YOPGEP,1.8122783,2.823636
PUYBIW,1.3608414,2.1674333
DUFHIV,3.2087667,2.9435885
ZEQHIM,4.257221,4.2566214
RIYMOB,2.3714724,2.4227626
SEMTUB,2.9793746,2.743518
NOPNUD,2.917605,2.9647775
OFAHEJ,2.6615458,2.8729224
GELHEN,2.8188274,2.4615905
QESRUE,3.0906692,2.8192132
FARNAN,0.3197338,2.9396522
YIFXIU,3.276523,2.7328305
PIKSUZ,4.2125945,3.6363366
QECBEI,2.5556934,3.2396574
MAXJOL,3.5119016,3.31239
BOJTEA,2.026976,2.5995295
SIHHIC,4.461035,3.403166
ROWPUQ,3.3401976,2.967962
AVEDIO,1.6892829,2.7761986
SEMPUY,3.2950268,2.8394544
SAYBIE,2.9186933,2.8419986
DOPDET,2.9099855,2.670407
MINNUU,1.8628916,1.8377378
BATMUH,4.556819,3.2973177
JAHFUU,2.292287,2.2408478
APICUZ,3.5494533,2.8867369
JOYSAT,1.8824837,3.1571293
BINNAP,2.251198,2.949558
ROCXIQ,3.6049645,3.2399077
LOPDIE,2.2745998,2.1304984
EVAGUD,4.5606284,3.5885663
VICPUS,3.429723,3.1796625
LOMXIV,3.434077,3.3078113
XEKGOJ,2.7592347,2.9604998
FEWRII,3.4226482,2.660453
PTAZRU,2.7918882,2.6726396
KIKSAB,1.7872438,2.0289657
YONJIV,3.1029143,3.0045764
MOSNIT,2.148339,1.9433174
ABEYUB,3.6387067,2.8213618
NUWSUV,3.2359781,3.6818213
QEJVOQ,2.3331044,2.1383195
CEQVOJ,2.1785436,2.4546053
ETAYAZ,3.1176085,2.9131029
RARWAK,3.6441488,3.2834551
QILGEX,2.7371933,2.4823415
MIZVAV,2.437596,2.934031
KIZMAJ,3.047403,2.6233861
PAQKOK,2.208204,2.5255876
HACVOW,3.2245493,3.2616904
REWNAI,3.6033318,2.641868
REVXEV,2.757874,2.6533544
YIGTIR,3.1295815,2.987504
ISACEM,2.985361,3.2193701
LEDRAO,3.4449615,3.0820842
NAWJEB,2.5777347,2.3275976
FEXJAV,2.16004,2.547597
TATXES,2.492835,2.5410838
SAJXIL,1.9241171,2.5634441
ROWQEB,3.166589,2.9580948
COVSOV,0.25850818,1.2330846
XEQKIP,2.9518912,3.095483
FEFYUL,3.3157074,3.3400855
NASHEV,3.3184285,3.1932647
DEKJOT,2.5654895,2.780574
IZIFUS,3.8300025,3.1092446
JUQJOW,3.5385687,3.2619178
VEPZOF,2.091195,2.3742805
ZOPTUV,3.5002005,3.559458
RIGRUW,3.0523012,2.7298365
MERVUD,2.7450848,3.2156086
QUHLIO,2.9238634,2.8675745
IREGIW,2.0275204,2.386322
WAQNEJ,1.8705107,2.2481604
IXOMIR,3.1195133,3.0834742
EBAHAS,2.3094304,1.9449983
TESSOC,3.116248,3.0916193
HELYUS,2.5995038,2.5567708
RIRDUS,2.547258,2.5907807
BOKDOV,2.9072645,2.7011404
ZEFXAM,3.4319,3.1931345
NIHSAB,1.3913182,1.8886796
ACACRS,1.0266856,2.5061479
OPADUF,3.8234718,3.481699
BIJVOH,2.5733807,3.096335
SIMNUZ,3.2182906,3.3225002
ICETAN,2.4969168,1.9359865
MAQVEI,1.7113241,2.2845268
MABWIY,2.165482,2.524108
WEKPIM,3.1679497,2.924744
EJUHIB,3.4313557,3.0002687
BOJLOD,4.213683,3.074747
SUXTEK,1.9790841,1.8659254
ZIGWOB,3.86701,3.5457435
SOSTUP,3.0406003,2.6208427
RUKVAU,2.2160952,2.3616753
UZOREH,2.791344,2.7129688
GUFSAB,3.0479474,2.6301558
QEJDEP,3.1105335,3.2143388
QUGRIU,2.6463072,2.0795546
VAHMID,3.1962495,3.3378823
TEQFON,2.2588172,2.314515
NAMSIG,3.0917578,2.1615717
OZIJAK,2.0155473,2.3437304
ARUKAA,3.4332607,2.7767997
GAHQIR,1.5091435,2.186459
LIHXEG,2.5635848,2.7692413
AQUROT,4.077082,3.776268
FIVLEC,3.176113,3.320341
EQINOJ,3.0120285,3.500301
JAWMOJ,1.9725534,1.8382593
CEJMIP,3.0705328,3.119986
FEYMOL,2.6920223,2.8992586
HOQXIU,2.9453604,2.9274287
CORSEJ,1.7058818,2.5291452
UCAWIE,3.1510785,3.2268176
TUGBIG,3.2139368,3.1013596
TICXUB,2.5339243,2.672854
OVOLER,3.888235,3.7385035
BEFMAB,2.476236,2.76408
QUMRAR,3.2109435,3.30852
EZIRUC,4.3173585,3.1940622
YIKKAF,1.7045212,2.7566345
BAQPOY,2.6590967,2.4431884
PIGQEC,3.003865,2.2230914
YOJBEH,2.8381476,3.1641424
TAMZIR,2.2411299,2.8850734
HUHMUT,2.2261636,2.6970582
FOWWOF,2.6748793,2.844694
JEQLEZ,2.6125653,2.9215837
CALTER,2.8084872,2.2592463
FAMFOP,2.9075365,3.267748
SINFEC,2.4887533,3.1680927
VARFAW,3.8819764,3.3725653
QARTIM,2.5429041,2.0612607
SEZQOD,2.5703876,2.486141
KAKCAB,3.1943445,3.1513171
BACFIW,4.714645,3.8130717
MOYYII,3.120874,3.0036807
LIPMUS,3.3094487,3.0869222
GENCIL,4.5995407,3.6496446
MAKLIW,3.1181529,3.2208502
HEFKIN,2.129563,2.6419754
USULIF,2.9986947,2.9711854
HUYQEX,2.2544634,2.8591373
IQIKAV,2.5709317,2.7737246
TEYTEX,2.7282135,2.9779994
CIGNUE,3.2422366,1.9915385
KAWQOO,1.9458863,2.0380673
DUMDAS,2.9785583,3.045284
COLWEH,2.1428967,2.4881735
COSTEL,2.3450773,2.149507
DEYCIV,3.7633348,3.7013583
EQOQOQ,3.2280867,3.1490023
VUCGAC,2.7404587,3.1695168
YEXKOD,2.0185406,2.598925
SOQLEP,2.777194,3.3700404
UMERUA,3.2781558,2.8792644
YAQVIX,3.305367,3.5633981
TEGVIL,2.2422183,2.2322032
EBAGAR,2.9189653,2.949597
WIDTIO,3.3344834,3.004086
WAKZOX,3.2993805,3.0181236
RIQNUC,4.1804852,4.236133
CEWQON,2.473787,2.5932994
SOTVIJ,3.1442757,2.7665732
RIZMOE,3.2114878,3.1531463
LISNOR,2.9287615,3.026137
DAFSEK,2.9576056,2.8163092
HEMHIQ,3.6817005,2.9957168
ZUQNEE,2.693111,2.731713
SUSHET,3.2109435,2.8405902
YICYAL,2.8297122,3.1344168
WURYUD,3.2735298,2.9527714
XOTCEO,2.4596372,2.3018444
OCIJES,1.3273715,1.8915827
WOFMEL,1.76874,1.937046
YIXNOI,3.350266,2.9660673
RUHMEO,4.0115027,3.107919
BERPUL,3.219107,2.6117365
YAJYAJ,2.1467063,2.0162926
GOTVOA,3.2193792,3.7026043
KACNUX,3.9603453,3.3722293
POLBAU,2.8490322,2.541229
OTATOU,2.5409992,2.4018805
YUTKON,3.8479621,3.4704034
ONUHIP,3.8362613,3.5636485
NAFDOP,2.898829,3.025529
XOSYUA,2.896108,3.1927679
BAZMEU,3.0860434,3.0257425
LEXFAX,2.1254814,2.3770432
RUBVUH,2.3189542,2.9947696
XOXWEM,3.1086287,2.7626674
KELZEJ,3.1089008,3.097187
XUVLOR,3.6308153,2.7468264
AQIHEO,3.9295962,2.787405
EHANEI,2.9110742,2.906762
LOMXER,3.345368,3.303592
JUFHIB,3.4520364,2.6101243
HASSAV,3.209583,3.408483
LOQNOV,2.7246761,2.5310655
ODOGAQ,4.3034806,3.13965
EMONAV,3.8242881,3.1121073
FISBED,3.7012928,2.8628044
WOJDEH,2.5086176,2.5755787
IKOVUA,2.2128298,2.5374768
GIZZOG,3.625373,3.652576
XIRKEQ,2.9328432,3.0108647
QOVQIB,2.475964,2.6403382
FAHZOF,2.489842,2.8142705
GERTEC,3.510541,2.7404823
PIZCEH,3.3540754,2.8855066
HIKCOW,4.058034,2.8518558
ROBSIM,4.6109695,3.8746753
MOMLOQ,2.129563,2.6410394
KIBTOG,3.4765267,2.7663667
FIZFOM,3.842792,3.2836514
TUKYUT,2.5110667,2.7008572
YECMIF,5.3522077,3.4172435
YENCAW,4.283072,3.4925423
TIHLIF,1.9279267,2.9284325
FIHHUA,5.043086,3.6024053
BIKRUL,2.14589,2.4780896
NOPPEP,2.8544743,2.927221
NEHJUF,2.941551,2.9485369
KELPUN,3.0982885,3.2670875
QALKAS,2.7135193,2.215725
ALEZAT,3.2033243,3.2556596
QIDSUT,2.7837248,3.033917
JUJXOB,2.6297083,3.0994081
YEPSAN,3.2468626,2.8326235
FISVAF,2.1431687,2.487933
YOSQUU,2.6844032,2.759111
RANNUR,2.6068509,2.6580524
AVUVIY,2.3023553,2.329465
KEDGOQ,2.3309274,2.8377209
BIVMAX,1.8291494,2.2431226
POWYEF,2.425623,2.6855218
HIVPEI,1.8566328,2.182784
QIFHOE,1.9007154,2.9374852
HABJAX,1.0070934,1.8848503
CUHFAN,3.0414166,2.9381475
YAGVEK,2.9295778,2.8476753
COVLEF,1.7692844,2.398767
CAZNEZ,2.6808658,2.546125
CAGPUW,3.8041518,4.0599833
COTPIM,3.9157186,3.280803
HOTRIR,3.004137,2.7625866
XIRNUH,2.6784167,3.015077
OCEYIE,2.6212728,3.0606637
WICSEI,4.396816,3.8867047
MAQWIK,2.7616837,2.8258727
IXIQAI,5.3881264,4.086876
HOJVEH,3.8844254,3.7524447
BOYSEO,3.967148,3.7977653
BOCNEP,2.6539266,2.8153071
FAJROY,3.4947584,3.1822858
RAPJAV,2.0830317,2.5456507
GIKGIT,2.3458936,2.906568
ZIGGED,3.8944936,3.295099
REWPAK,3.0988326,2.8467224
ERAWIF,2.7546086,2.4259665
NIXFAE,2.8308005,2.90741
PIDNEV,2.592973,2.052525
ABOCEZ,1.6884665,2.1001244
QAYNOW,1.9662948,1.9561145
LAHQOB,4.2550445,4.2521915
SAFWEC,2.0514665,2.3845239
WOSNUN,3.1633236,3.0781987
OSUYUY,1.7322768,1.1975586
ZEBJAU,3.362511,2.8475227
GAMGOQ,3.964699,2.9172878
EVUSEV,2.2283404,1.8705454
MERWIS,3.3040066,3.0379605
GILNEU,4.2580376,3.3940055
AMEKEI,4.209329,3.8841422
CILHOV,3.6340806,2.9237812
LEHZIK,2.110515,2.440866
WOFWOD,3.1031864,2.7906058
VOHNAJ,2.8996453,3.1233535
GOKTOQ,3.1361122,3.2697892
MEHWOO,3.5826511,3.4515429
KUFKIG,1.4035633,1.5562307
HORZOG,2.2558239,1.7582563
UBOYAN,2.8005958,2.7768826
WEYHUD,3.4953027,3.0277426
NIYPIU,3.8664658,3.194334
BUCJOZ,2.3486147,2.5771995
AKIHUZ,2.1940541,2.7920127
EZUTOJ,2.1009912,2.3340638
ITEFIW,3.226182,3.3134565
WUJCAH,2.1779993,2.7769766
NUGMUZ,2.1358218,1.9704885
ACIDAS,2.3535128,2.4304688
ALAVUF,2.9118905,2.2798228
KILWUA,3.1981542,3.0707943
YARYOI,2.3241246,2.1359844
XARQEP,1.3396165,1.6186754
WOFMAH,2.370656,2.0741005
NITLUZ,2.9195096,3.1856325
SAYCEB,3.0299878,2.4776952
TAWMUB,3.3187006,2.825269
RACTAT,1.8876538,2.743517
QABKEL,1.5616615,1.9373068
NAGPOD,2.5818164,2.0843055
MOMNUZ,2.5431762,2.5396163
DOVROV,3.152439,3.4263527
NIBKIS,3.4000628,2.976958
WUBLAG,2.6585524,2.2266498
NOZNEX,2.5638568,2.8468604
HAZKAW,2.9883544,3.0441587
ROJNIQ,2.430249,2.699448
QOKKOR,2.15106,1.9073355
DIXSOV,2.511611,2.3391914
AFAPOO,3.190535,3.1138294
EBORES,2.5540607,1.5561099
RECZEG,1.9725534,1.440184
MOZLUK,3.7105446,3.4773443
DITSAB,1.9135047,2.9408388
ZOJXUT,3.2980201,2.979627
SEHQIF,4.198989,2.741939
PASTEI,3.7706819,3.7829726
AVEZAD,1.8239793,2.848725
DEHNAH,2.4125614,2.768707
YAPSIT,2.5263052,2.681942
IWEMAA,2.8117526,2.0144567
KIKROO,1.9298315,1.6310991
ECUTUS,3.670816,3.5377762
SOVZEL,3.5089083,3.3837414
KAKSUM,2.1660264,2.5335047
UZEVAY,3.3151631,2.7780328
JIYQAK,1.6217986,2.4692822
WEDBIQ,3.2917614,2.614483
TOPFIQ,2.6234498,2.953584
KICTOF,3.1731198,2.992518
MATQIJ,3.3497217,3.0783327
CENSOF,2.9535239,2.9087946
SOGXIY,1.7164942,1.5178912
YILYUN,2.5445368,2.5050182
JOCQEZ,2.863182,3.4547985
KEPMAV,3.6550333,2.9575324
XIQHUB,2.2852123,2.1613984
HAZNIG,2.1608562,2.3840735
AQIDEJ,2.7918882,2.6470215
XARHAC,1.0413798,2.034833
MIBZEF,3.2174742,3.1781652
LALPUJ,4.6664805,3.8505054
CIWZOY,3.166589,3.2075806
OGANUG,3.2514884,2.962814
FIBCAW,3.2035966,2.6418352
FODJIT,2.875155,2.394501
UQUZIR,3.8776226,2.9858665
SUQJIX,4.560356,3.601521
EYIWAM,2.2405856,2.622753
XEWJER,2.5393665,2.4106073
TIQGUY,2.3690233,2.1560965
AYUKEK,3.410403,2.9522781
WEFLOI,4.052864,3.205933
DAXBAF,3.4123077,2.9274802
JEJRUL,2.6248102,3.0976453
NIDWUT,3.3592455,3.1064537
HAXDAO,1.5554029,1.4883978
CAFPUV,2.6239939,2.8489318
EZITAK,3.9282358,3.052615
WUXSAL,3.9747672,3.1175
ROJLAE,2.779371,3.1556156
UTANUA,2.1516044,2.5229821
MUXDIU,2.5684826,2.6533313
JOTJOR,3.5889096,3.4420364
RIDZAF,3.1562488,2.925668
QULDUX,3.1366565,2.6228275
ERIZAG,3.3015575,3.4977736
DEGLIL,1.8560886,2.6569872
CODZIF,2.8065825,2.599652
HIMMEX,4.0022507,3.0011232
OBOBIR,3.5328543,3.0518775
KILWOT,2.3624926,3.021112
NEVZIA,4.856144,4.4504714
TENWUH,1.8558165,2.5328224
CANDIH,2.0718749,2.8594167
KUPDIJ,2.8512092,3.0665603
FONMED,3.1984262,3.0282953
YIHCEY,2.820188,2.801224
HOXFIJ,3.2650943,3.358931
ZOVVAH,3.0645463,2.7729504
CETCUA,2.0057514,2.6895792
QUGMOW,3.8055124,3.7542202
YOLZUU,2.5842655,2.3346882
MACQUD,1.0158011,2.6990263
VICQAZ,4.0324554,3.4997458
BICROX,3.429723,2.9521651
XIVQUP,3.0283551,3.429309
GABKIF,3.9132695,3.6702569
XEMCOI,1.5058781,2.331961
MITNEJ,3.1992426,2.7821846
EFINUC,2.6675322,2.1479218
UKAYEL,3.0552945,2.9449692
CIFNAI,3.2221003,3.372251
RAZKEI,3.9342222,3.4721427
XIZYUC,2.856107,2.2466025
ZOJZEF,2.779371,2.880993
GIXPIN,3.3899944,3.0320716
NALSID,3.4969351,3.3222349
RAHYAC,3.2414203,3.1799023
SAKBUC,1.8329589,2.2630343
TUKYIH,2.7211387,2.5752845
TULTOL,3.6414278,2.819066
UPIZOK,2.1401756,2.1993241
LOPPEO,3.264822,3.4670892
AVEFEM,2.7878065,2.570318
HUMBOI,2.8865838,3.1080174
CEBQEI,2.7907999,2.710595
OCIMIY,2.2403135,2.6432877
NICBEH,2.3238523,2.2677054
QUCFEB,2.8446784,2.9060793
LIGDOU,3.1075404,2.9076462
HEDSAN,2.8444061,3.0260005
QUGSAN,2.690934,2.1646295
JOKDIY,4.055313,3.0438147
SIFVUY,3.73313,3.4849236
JIZJEK,2.1616726,2.1271405
BOYVIV,2.989715,3.1586032
FIDXIB,1.952417,2.3592482
UCIHIY,2.8136573,2.302755
BAYTUQ,2.7616837,2.081762
HALKOV,2.2724228,2.4789786
MAZGIF,2.2525585,1.7075187
TULTIF,3.3227823,2.5407884
RIVYOL,2.1877954,2.4157417
RUJJUD,3.2133925,3.0698717
ZIPGAG,3.056655,2.8481815
MUNGAE,2.5137877,3.0085118
CAQPAM,3.0552945,2.6270788
VONSOG,3.8231997,3.8045413
WEKYUG,2.7254925,3.2510445
EZAGAO,4.306202,3.318042
DALMOT,2.5453532,2.7566245
ULARAC,2.6645389,2.8053632
POSHUB,3.608774,2.9724467
JURMOA,3.0321648,3.1895664
MASMIE,2.8060381,2.82208
NEJWUV,1.9205797,1.9694264
BUVPEP,2.1973195,2.1433644
HUMBUO,2.8833184,3.0303745
TOHXUJ,4.464572,3.4085379
EREKAN,3.4977515,3.505982
LOXYEE,1.98371,2.5644174
HUHDUJ,3.0267224,2.8421414
QIDRUS,3.4547577,3.2324982
MIYTIX,3.984019,2.7239342
QARTEI,2.6441305,2.220252
ARONIE,3.1222343,3.271918
PABYUP,2.898557,3.4088933
LOGLAW,1.8642521,1.9044285
RAMJUK,2.2231703,2.169609
ONAJIX,4.5277023,3.5554535
NEXZOI,3.1249557,3.24309
GIHVAV,3.919528,3.269554
MASMEA,2.7646768,2.8236864
MEBDUU,2.3624926,2.6294718
AMEKIM,4.2906914,4.0188813
QEHPUO,2.97747,3.148515
HOGNUO,2.554877,1.7788152
NERDEV,3.3489053,3.1836581
WOFFIG,2.3807242,3.056769
EQAHAH,1.809013,2.7351875
LOBFIU,5.5391498,3.9907372
ABIROU,3.7633348,3.5100832
XOVMEC,3.2006032,3.0469055
NOMNOT,3.580202,2.6866555
MPTPRU,3.3543475,2.8622766
REMVOW,2.9342039,3.0194287
KAQDOV,2.200585,2.444408
OSOHUB,3.4569345,3.392043
LELNUM,3.022913,3.092417
RAHKUH,2.8950193,2.7460594
AWEPOH,4.4942327,3.7566128
LEMWIL,3.056655,2.8959355
OHUFAZ,2.53338,2.6875577
FURJEJ,4.96635,3.9633546
DEYRAB,3.0465868,3.307896
FIHJOW,3.5853722,3.6421854
IMABUV,2.8650868,2.5843422
RUNNEV,3.192984,3.209912
CIGMUD,2.437868,2.6560092
HOWKUA,4.113001,3.779324
KIMLID,2.791072,2.6866276
LUHLEH,3.1684937,3.0734093
QODLUR,2.678961,2.725679
HALHIM,3.1527112,2.1542864
KOGMEY,2.557598,2.239782
ZEDMUQ,3.2016916,3.026878
QAVHAZ,1.7102356,1.2611563
ELEKAJ,3.1518948,2.6446712
FEZVIR,3.9091878,2.984576
FIHJUC,3.6716323,3.6344194
NEZGAA,3.8863301,2.7417128
PAXXUK,2.6661716,2.7160776
FALZAV,3.7034698,3.7869759
TAJFUF,3.1110778,3.1518095
GAWMID,2.2351432,2.9130442
DEKJIN,2.7524316,2.7714698
TEDXOQ,3.1415546,3.221745
PACKIN,3.470268,2.8409367
IZINAH,2.7725682,2.9554324
EQIPEB,3.0476754,3.2369585
UHAQOL,3.4474106,3.2377963
NIWTOE,3.3178842,3.4195004
VOHNEN,2.8980126,3.1368046
LORGAB,2.0158195,2.6760993
COVQOT,3.1630516,3.2896583
QIGQII,3.310265,3.0930343
MAZKAZ,3.4049609,3.205752
EZARAA,2.894203,2.7968054
BEMBIH,2.0707865,2.0641646
YAXSOI,4.541036,3.9469464
XOWYOY,4.462123,3.7620268
TASBIA,1.4958099,2.2129107
YEHYUG,3.3225102,3.1831763
SIXCEJ,3.4008791,2.8337026
KIBMEO,3.1758409,3.1723876
PENZOX,3.395981,3.1254175
NOWQOF,4.4539595,3.6869993
CUQSUD,1.6185333,2.1547246
MAPDUC,2.8740666,2.7444527
SUXJOM,1.7412566,2.9192822
KOKWOW,3.3230546,2.7119746
ASOSAE,2.6558313,2.617369
MOQJEJ,2.1407197,2.5882077
KAQFUD,2.1350055,2.2371519
FAWFUF,2.4359634,2.7553716
RALLUL,3.2735298,2.8836083
ZEKHEE,4.4123263,3.5931966
VONSAV,3.188358,2.967261
NOKMOP,2.5935173,1.6895792
WIVTOM,2.5007265,1.7389615
VEJCOF,2.2117414,2.7535267
ESOFEX,3.5189764,3.1329384
ALAWEQ,2.8830464,2.3073199
ZISNAS,2.3371859,2.9906566
EMAZID,1.7371749,2.11598
IHUSAF,3.3540754,3.2936425
UHARIG,3.4278183,3.1849365
YEXKUJ,1.8296936,2.388237
EKOKAR,3.1924398,2.9911833
VUTPEG,3.4302673,3.053479
VEJDEW,2.7135193,2.5787368
GIKYOR,3.1050913,2.718999
TEKMEE,2.7252204,2.710843
YOTJEW,3.085771,2.9545908
UBUCUS,3.2128484,2.9073155
SIGGAQ,2.5867143,2.2443442
NEZZIB,3.0656347,3.117672
ILODUI,1.6136352,2.21699
TODPOR,2.8925703,2.8713078
HUQPIT,0.96627635,2.7607958
USEKUZ,2.6242661,2.257652
VASJAA,3.0754309,3.0324776
KAWQOQ,2.958694,2.759266
EYIVUF,1.8797625,2.276299
KICPAO,2.5434482,2.8794062
RULZIH,4.619133,3.6968338
HEZVEQ,2.167659,2.7886157
XEPBAY,1.8364965,2.3449225
JINHOE,2.9088972,3.0599332
PAZYEU,3.1679497,3.0540156
XULBAJ,2.8914819,2.5693214
TUVJUP,3.4830575,3.193609
MABWOC,2.8044055,2.75825
GAJMIQ,2.7559693,2.8314621
QEGLAR,1.512681,2.4573822
XAYZUS,1.746971,2.1394246
ZOPVIL,2.6661716,3.2933297
FURJIN,3.9279635,3.5112374
VIRGUZ,3.5883656,3.4663768
DOZZOH,3.188086,2.843758
AMAGIF,2.8308005,2.7372096
OFUXAP,3.8474178,3.9678116
HIQDAO,1.7203039,0.8991507
HEDDOK,3.393804,2.767357
TICXOV,2.6114767,2.6437688
FILKER,3.1935282,3.4192555
MIPDAS,2.282491,2.444971
ETAXAY,2.9195096,2.8525982
ZEKHAA,5.193021,3.9877496
XOQVOP,3.7290483,2.995637
JOQXIY,2.6963763,2.7503514
HUHNAA,2.0299695,2.6510022
VIQQOB,3.1774735,3.1259768
GUQLUB,3.3249593,3.2920918
PUJYIE,3.3736677,2.9633608
ADAZAI,3.5723107,3.39014
XOGSUH,4.1666074,3.7617168
EBESOW,3.424281,3.0172188
MIVBEZ,2.0394933,1.871611
GACBAP,1.364651,2.3973086
CNBRUA,3.3154354,2.3085747
MIXTEU,2.8999174,3.0187466
VUDTUK,2.8302562,3.1326897
SIRQUG,3.26972,3.1297052
NIQBOE,4.7277064,3.5068622
EHANOS,2.8446784,2.87807
JOBMAR,3.1489017,2.8349617
KAWBAL,3.4261856,2.9369185
VOLKAI,0.30721655,2.4400268
QODYAM,2.6035855,2.6845489
FONDOD,2.0558202,2.0204942
CEQRIZ,3.8259208,2.7655132
WOLNIX,2.573653,2.8264756
REWMEO,3.1170642,3.174776
UCOFAU,2.2620826,2.8284092
NOGHAV,1.9488795,1.4248395
MUPBEF,3.0005996,3.064794
YIKZEK,2.1875234,2.599422
VARFEA,3.8846974,3.6415036
HOVYEX,3.63272,3.1407678
TAHRUR,3.2767951,3.250579
VEBHOC,2.148611,2.5988889
MITYEV,3.9970806,3.4250622
PASFOF,2.4574604,2.3684838
EJUHOH,3.49367,2.9177165
FOFXIK,3.1410103,2.903718
ZALJII,3.3611505,3.1862814
LEMXUY,3.0626416,2.9396436
ZEYCOY,2.5426319,2.6725893
REPBIX,2.853658,2.8979094
FEJZOJ,2.6389601,2.9925876
RAXSEO,3.3663206,3.3977067
BAXMAQ,3.171215,3.3101635
HAFQOV,3.252577,3.0512578
OMENOJ,3.3516264,3.0783935
IVUKER,3.6038759,3.2706351
ONUGIO,3.2253656,3.3739178
ALEJEG,2.3121514,2.4798825
FOQRUY,3.2152975,2.71254
HUWLIU,3.0435936,3.073882
QAZWUL,3.2318964,2.9724228
YEZVAA,4.122797,3.1082892
BACKUN,3.4601998,3.4722886
ARALOV,3.0128448,2.669018
NATYUD,1.8550003,2.531848
REJFES,2.208476,2.4304423
OLEJAS,3.4944863,3.1345692
TOVYIM,3.5976174,2.8597498
AFEDUL,2.468889,2.5104814
QAVDID,3.180739,3.1852818
KACDAW,3.6449652,3.1584368
SEVMUE,2.6103883,2.737849
HUHMED,2.5456252,2.6860154
HEDMEI,2.9505305,3.0123162
HUDPAZ,3.5589771,3.2691576
AZULEO,2.7012744,2.814665
SUKSIA,3.0049534,2.3704033
XIZZIS,3.26972,3.2018702
CUGSUU,3.2868633,2.918366
EPULOS,3.1682217,3.0039766
BERMOC,3.2523048,3.2924783
AYUSOC,3.1339355,2.6635227
WIZHES,2.3077977,3.4430778
FOFXOO,3.2484953,3.0926802
ECOCUU,2.9622314,3.3103626
QEQHID,2.8860397,2.7415857
TEPHOO,3.8300025,3.4017136
SICPAY,0.79185134,2.498443
FELTOG,1.7018001,1.6209635
ENAXOG,3.721429,3.100098
JAPNIY,3.6876872,3.3899488
TAPSIM,2.9701228,2.7490616
XICQEG,2.9137952,2.3582249
EFOZUX,4.463484,3.6349797
ZAVFIN,1.3124051,1.9100683
JAKSEU,3.2980201,2.9853568
AYOPAF,2.4103847,2.3444352
CUJGOE,3.4207435,3.416558
NIQRIO,2.6234498,2.0948133
BODCAZ,2.3219476,2.946671
YIMJUZ,3.6501353,3.278794
CIFZIB,0.17551345,1.2119428
PEHHOB,2.8683522,2.7803352
ZALJAA,3.4074097,3.2215862
XUTFID,2.5486183,2.2750065
KEMNUL,3.0737982,2.5757875
KACFAW,3.9091878,3.7250526
MOGRIK,3.5641475,3.0422838
CEBJOJ,2.7867181,2.7969387
HEMMUH,2.2577288,2.8012826
PEBZUS,3.9562635,3.2684681
IWOFEG,3.1469967,3.2794259
DORNAA,2.8405967,3.1542375
CUJYOX,2.2150068,2.7318628
XEGMII,3.023457,2.5003097
TITQAP,4.1437497,3.8058639
PICWAA,2.4128337,3.0471911
GAMZEB,3.190263,3.6775408
ODUJED,4.1478314,3.7613301
QUKYAY,2.4506574,2.4989817
FECQAG,4.115722,3.2971158
YEWDUA,3.1372008,2.9853265
EFICED,1.3007042,2.6738229
GOLFUL,2.6044018,2.7447839
YOSYAI,3.3853686,2.9373136
LIFWAZ,1.7145895,2.050222
MAFHUX,0.51075774,1.3750378
GABFUN,3.6343527,3.5710182
OBOMIC,3.6308153,3.4249728
WEQFOP,2.2596335,2.9526315
BUCJIT,2.6367834,2.6052206
QALWUW,2.3295667,2.3382516
RAZCIF,3.1791062,3.2200186
ILUQUC,4.540764,3.388501
XESHAH,3.4610162,2.95088
NARFOE,1.7328211,1.7682507
LEDMUD,3.388634,3.367698
QINYIV,2.8468552,2.8305268
FEZZUI,2.662362,2.1365106
ZOXLIJ,2.7461731,2.6180432
GUWHIP,3.034886,3.0157003
HIVVIR,3.0797846,3.2574584
QANYIN,2.1499717,2.5425637
SAYVAQ,1.6438398,2.1918721
MONYIY,1.9649342,2.1013777
YEBDOY,1.9513285,2.8096597
LOYJOY,2.449297,2.5000546
MIXSUJ,3.0196476,3.0003028
NOQVIA,2.9339316,2.9517846
VAQKON,1.7744545,2.0774288
QEJLOI,4.1013002,3.4417415
UHARAY,3.3856406,3.1869762
GIFNUG,2.777194,2.645255
IWOFEH,3.025362,3.0392208
EJUHEX,3.348089,2.9309287
ETATEZ,2.0999026,2.4146452
POZPEA,1.942893,2.66279
YAPFIF,2.5464416,2.5725198
KICPES,2.38018,2.7179623
HUJLAZ,2.2204492,1.7424731
CORQAB,3.0743425,2.9769745
XAQKEG,3.008763,3.3039007
REJDIT,3.3921714,3.242688
KUDLEB,1.871327,2.0673983
RAPKUQ,1.8120062,2.0718453
KUGCEW,3.1627793,3.0974576
DAMFEE,2.27079,2.3556056
HOVYUN,4.021843,3.3728178
QIDSAZ,3.6640131,3.3689568
PEBRAS,2.9121625,2.8878791
PETQIR,2.6895735,2.4002986
IBENIO,2.268341,2.7223132
GIBLUB,3.0893087,3.2060373
DAFYAL,3.1061797,2.955734
MUPBOP,3.1157038,3.1744285
GOFTAW,2.320587,3.3504255
DUQVES,4.05749,3.2118092
KILWEJ,2.652294,2.9750824
FIFZIF,2.5486183,2.834813
ZUQNII,2.6229055,2.7314262
UDIDAM,2.244123,1.7158035
SAKDAK,3.037607,3.1006365
EJAVES,3.443601,3.3769245
DEQJUH,2.9864497,2.7510486
IDAGOM,2.8675358,2.7720282
MIKDUG,2.5989594,2.9608629
XADBOV,1.828333,2.5077748
HEXFOG,3.333939,3.5297914
PANKAT,1.4835647,2.594142
RUVVEK,4.1932745,3.6723502
ZUJTUT,3.8520439,3.1707392
WIJCIC,2.8171947,2.7666943
NEZWOH,1.8729597,3.0226383
HAXDOA,3.1034586,3.0889382
SIMPOV,2.9663131,3.1124485
GACXIS,1.3592087,2.4435089
CUHFER,3.309993,2.9180207
ZEFXIU,3.0716212,3.2544637
COVKOO,2.8648148,3.1587696
JOJTEI,3.39843,3.4033587
GIJCEI,1.921396,3.0268958
TENBEW,3.6961226,2.9813612
ACOSIU,2.719506,2.558876
ZIWBOZ,3.2106714,3.2012296
CAXWAZ,4.0158563,3.067491
KIMJUN,3.3714907,3.0886407
WANVIT,2.7162406,2.6875963
WOJQUK,2.9173326,2.8076544
NAHQAO,3.1056354,2.6772163
YAJSIL,4.251507,3.3308654
CUHVAC,4.0621157,3.5936406
YAMMEF,2.3331044,1.8774107
UVOZUB,2.2985458,3.0507858
MIYQOB,2.2139184,1.441573
OBELAL,3.2063177,2.9323006
KOMDIA,3.272169,2.431885
FOJFOB,2.8171947,2.9918447
NOBMIC,2.143985,2.6694567
GEKFIM,4.0351763,3.6131103
NUZXOW,2.4482083,2.9432337
HARSEA,2.387255,2.7962146
FORQOS,2.8253582,2.4824204
SOWZEL,3.0487638,3.1486547
TAJREC,2.3399072,2.7334104
SOPJOX,3.0408723,2.8758252
MOWVAV,2.791072,2.6521344
WUJTEC,2.148611,2.809209
YOJNUG,2.4340584,2.3759391
RALMEY,3.5508137,3.0474486
ESAJAK,3.9442904,3.1656218
HUQLAH,2.6727023,2.2683933
WUNCAJ,2.5818164,2.0765114
LONCIB,3.4882276,3.172581
VUFBUT,3.570678,3.5202577
TEPDUP,3.4177501,3.0113468
BAHJEC,1.4000258,1.211447
MIVVIX,3.150262,3.5972419
ABUFEJ,3.6953063,3.6385996
GAWMAS,2.8348823,2.149406
FOJGES,2.6441305,2.9254422
DACZEP,3.656122,3.6574962
EGITOD,3.2601962,2.381999
MIVKIM,2.7431798,2.6013522
IYANIF,3.3796542,2.9352086
YEYZOR,3.9951758,3.577149
IKOWAH,2.3793635,2.6566458
PEDZAZ,3.9252424,2.93797
BIDBAT,2.4800458,2.6472535
YANYUK,3.1361122,3.5554516
IGAFIF,2.4212692,2.4630413
QOJZEU,1.878402,2.540654
INAXIG,1.9173143,2.4677022
NOBVUY,3.462921,2.7694478
MUPDOQ,2.2348711,2.8731854
DILZEG,4.4223943,3.7624254
RODQUW,2.5208628,2.5756967
SOMTOG,2.4190922,2.0643585
ZEQKEL,3.3249593,2.6180432
NIMSEI,3.9059224,3.0448222
SOGCAS,4.0917764,3.8934107
IMAJIQ,3.4787035,3.0255961
SUZWIT,2.669437,2.7653098
FEJRAP,2.8169227,2.7524667
ODUKEF,3.0525732,2.9336267
QULDEH,3.1382892,2.7974744
RIYCOR,3.1981542,2.8376617
HEPPRU,4.3404884,4.0525484
MEBWEW,2.451746,2.5717247
REHPOM,2.1554139,2.551344
MANNUM,2.7154243,2.3338284
NEBQUH,3.61857,3.0309103
ZOSYIR,3.1246834,2.6634173
BOBHAD,3.9823864,3.3465629
LUTKUG,3.2204676,3.295906
VAYZAY,2.181809,2.4796004
PETWER,3.1293094,2.6853013
TABSIB,3.2487674,2.9392135
ZAXKIS,2.3072534,2.2047572
XUNCUF,3.837894,3.2507753
TARWUH,3.2280867,2.9898024
SAFRIB,2.9350202,2.3861184
EMEDOR,2.5671222,1.9861968
JANCEH,2.6024969,2.9155433
VIRBIJ,2.6158307,2.7380044
XORZIP,3.4416962,3.0387585
SAKDEO,3.8585746,3.3628304
LOHZUF,2.3246686,3.1965246
BIJVUN,2.6664438,3.0144207
HIKCIQ,4.1353145,2.8553696
SINHEF,3.832996,3.0040672
QUXYUE,2.5347407,2.14521
LEKTOL,3.3257756,3.0758052
FIZTUF,4.2430716,3.1186507
DOYRAK,4.5870233,3.5442917
LILPUT,2.518958,2.9668107
GUJCOD,1.5341779,1.7122861
ZUSMAD,2.7352886,2.796647
UKONUD,4.7326045,3.7135885
QUQYIK,3.204685,3.0713654
INIJOE,1.971737,2.6865153
ZOPTIJ,3.5208812,3.5704093
IREFEQ,1.4016585,1.6715863
FIGGIM,2.2865727,2.6727157
NOBBIR,3.3089046,2.9341354
GEGXEX,3.4441452,3.4041777
OYUPAA,2.8073988,2.7839484
GEGXIB,2.9029107,2.2505064
MEZBIF,3.5301332,3.7425246
GINGOZ,0.22803141,2.0514457
WUJSUR,2.078678,2.8344495
BIQMAR,2.332288,2.5068886
MEKJOD,2.7625,3.0539343
DIDFAZ,3.496663,3.275239
IMESIE,1.4370333,1.8787235
LEXWOC,2.7665815,2.676221
NETNAC,2.616919,2.4291494
PONFED,3.6272779,3.1415699
OGOPEH,3.2563865,3.1147208
ECIQEN,3.0816896,3.2829554
TIGFAS,2.2166395,2.395945
KOBVEE,3.2269983,3.2067301
IWOMIQ,3.2993805,2.617731
RIJLED,3.6648295,3.5477943
MAFFOP,3.2795162,2.7697418
GUZSID,2.6800494,3.0288744
XUVLUX,3.6354413,2.7403698
ETIMEA,1.4182575,2.3855262
HAQHOW,1.6054717,2.0769897
POZHIW,1.5137694,2.7842424
QIFXUY,3.986196,3.1891384
LUSHOY,3.161419,2.9349635
DAFSOU,2.4746034,2.611888
TIVVAV,3.3203332,2.8842187
QAVGUS,2.1638494,1.6881038
YIQXAX,1.9578593,2.8014877
IZIMOU,2.7728403,2.9773633
NIQROU,2.387255,1.8956859
ZOSDIW,3.1527112,2.3073874
WOJTEU,3.034886,3.276684
HILZOS,2.0930998,2.7762861
HAMCAC,3.08305,2.6235845
NUSXAA,2.6672602,2.3245258
NOCRIH,3.1391056,2.7107298
VEJDUK,3.1249557,2.950354
LARTUV,2.4171875,2.6066456
KEWROT,4.031911,3.377438
TUXYAO,2.741547,2.8666072
QEPKUR,3.929052,3.3212118
YOBHEE,1.8313262,2.5517852
XEYCEJ,1.969016,2.5846252
BIQSEZ,4.8765526,3.7554557
CAQRET,1.8615309,2.1120272
DOMSUU,3.1415546,3.3188925
YEZNIA,4.0808916,3.0152009
EHECUR,2.4694333,2.9450922
CEYKOH,2.0343232,2.353086
RAQSEJ,3.4691796,3.165178
LIRVAM,3.1195133,3.1285203
HABHID,3.362239,3.2040627
WEPJIM,4.729339,3.649559
VIJRAH,3.489044,3.2591624
RIVKAK,2.4871206,2.7981615
ANEWAS,1.7954073,2.4753714
QANHAO,2.5320194,2.0734124
QIFXEI,3.8868744,3.3205702
OFITUV,2.213102,2.6864963
ZUQDUK,3.276523,3.1486444
MAGGOT,2.4131057,2.6247826
CEGFID,3.3206055,2.9235692
MABFAX,3.5366638,3.258589
RUZJED,2.2362318,2.5635986
QARTUY,2.72005,2.1896741
GIFQEU,2.04548,2.3857498
PAYFIF,3.46537,3.3085706
AJOBIM,3.1203296,3.2238135
RAFZEE,1.7524133,1.9808362
OWUKIB,2.1850743,1.8065325
TIMTIU,3.00196,2.9668956
GAWMEZ,2.7453568,2.9144452
NUSCIP,2.5869865,2.5565693
BETKUI,3.190263,3.2505598
SEVHOT,2.5200465,2.4868755
YEVREX,2.4166431,2.2218833
HAFJIK,2.1929655,2.5793755
KELPIB,3.111622,3.387177
IHEZUR,2.7167847,2.7371552
QULDIL,3.1075404,2.748322
SACMAN,2.2362318,2.5354967
QASPAC,0.5442277,2.1144009
UPOLIW,3.393532,3.0778527
UBATOG,2.9045434,2.907577
YIBDUJ,3.8153086,3.7445722
AGOYAX,2.1309237,2.3954496
NAGGAF,3.1801946,2.6129012
BEYGUH,3.897487,3.6012473
MIHLIY,2.8310726,2.988412
MIGNEV,4.4232106,3.379222
SARKEC,3.4996564,3.17755
LELTIG,2.4177318,2.7194781
MUPSUM,2.9630477,2.8824334
RAGCIN,2.343989,1.8884274
VUSNON,2.083576,2.0293124
GOLKEY,2.9434557,3.2993345
LAKXUR,2.6977367,2.6066837
NOQQAL,3.4008791,3.1039605
OPEQUW,5.109482,4.721853
VACXAZ,2.179632,2.295526
HEZWAN,2.3216755,2.1466503
RIXVAX,2.3940578,2.6844256
IFOGOZ,2.2952805,2.7254834
RUKTEW,2.7973306,2.7870994
PUBVIS,2.5271215,2.8073106
VEBTAX,2.9548845,3.0678115
SIWJUE,3.142915,2.6497917
QOXCEM,2.8114805,2.9218633
KEGXOL,3.1001933,2.6853087
XEQDAZ,2.7494385,2.6043825
QEYNOZ,1.4539044,2.1452568
CIMCIL,4.136675,3.8465612
HIYSUD,2.7682142,2.4591837
YUMMEA,4.4226665,3.9076538
HEPWOP,3.1086287,2.6959648
QEHLIA,2.1646657,2.7251704
IMAWOK,2.5505233,2.919945
JODYIM,3.1464527,2.658739
BIKROF,2.3369138,2.4681134
FISROQ,2.0179963,2.6483636
KADQEM,3.7470078,2.8857653
OXEFAZ,2.8759713,2.7283423
TEDPEZ,2.7573297,2.8525574
WIJBUP,2.3222196,2.3136048
PUCYOD,2.8669918,3.190245
NOWYAZ,2.1132362,2.6017108
IDEQUD,2.2770488,2.5599015
TORKOA,3.6795237,3.3178787
GOHFEP,1.5711855,1.8962163
POKNEI,2.0705144,2.1519547
GUYKUG,1.7880602,2.3594968
CEJMEL,3.309721,3.0960076
AZOTIS,3.3818312,2.95602
GACJUP,3.1818273,2.8306484
SOWVUW,2.8482158,3.1650949
QENMEE,2.8283515,2.6618803
LEMDOW,3.259652,2.8403852
UCIZEO,3.329313,2.6540773
BIDBEX,2.5048082,2.6213489
MANNEU,2.5301147,2.447438
BAXKUI,3.0550222,3.1125853
MIDNAP,3.3374765,3.0416138
BUXMUC,3.9037454,3.656372
ZOSDOC,2.9374692,2.745565
SUTRUV,2.413922,2.4082372
KOFKOI,4.0112305,3.3779435
WOFLOU,1.7956793,1.8666433
KAYKUS,2.8569233,3.0228846
ISIXOX,4.5521927,3.9795945
KUCFIX,4.4321904,3.4503524
IREDUE,2.0103772,2.3164814
WIXHAN,3.157065,3.2015867
SARQIO,2.822637,2.9867823
QELGOD,2.882502,2.8399446
FIFHUA,3.3132584,2.8064103
RADHIN,3.212032,3.2889495
UMANAZ,2.3573225,2.8068745
QABJUA,1.9556823,2.0080998
BIQFOY,2.0120099,1.7913563
UYEVUR,3.307272,3.0451086
PIQGII,3.3331227,2.6611881
GILLIZ,1.8179927,1.515893
DAMLUZ,2.769847,2.318632
DUMDEW,3.248223,3.0500445
LOVSEW,3.5807464,3.2143815
QAYNEM,1.825612,1.8605803
RUQWEF,3.3184285,3.1277559
AYOSUE,2.7701192,2.6025445
UGUQIX,2.409296,3.1995902
VASWES,3.2060456,2.8363993
IHIMOB,2.1341891,1.9599519
CUVBAY,3.9344943,3.5000167
RAMTAC,2.3241246,2.686774
KILWAF,2.5227675,2.9759395
SIGDAQ,2.9791026,2.8161538
EREFEM,2.2367759,2.2715867
DOQROR,3.3151631,2.7089543
TAJTII,5.7870455,4.73021
WIFCEV,2.4367797,2.5570202
MOQWOG,3.1146152,2.793914
XEBTUU,3.539657,3.3304164
UCEBAF,3.333939,3.5471764
MIWFAB,0.26095718,2.0016708
KIYZIB,1.8465647,1.8962624
TEBQIB,2.9619594,3.4646003
QAWDOJ,2.387527,2.536859
ALEPEN,3.577753,2.8124125
LUTLAO,3.5758483,3.3279934
ALECAV,3.3728514,3.4566054
ALIQAN,2.6327016,2.3864012
CUJWEK,4.488518,3.3302867
VIQQUH,3.240604,3.1227076
ZUHYOQ,3.0884924,2.6511147
HISYAJ,3.1491737,3.0462558
ZOMNIB,4.064837,3.1666937
LARHOD,3.1739361,3.0889814
NOZDAJ,3.5279562,2.735914
QIGYUD,2.8544743,2.7236044
VOJBII,1.1181159,1.3105078
WERYEY,2.97747,3.1339588
XADBAH,2.065072,3.0329294
POXQEB,2.1918771,2.850738
DONLOI,2.1145968,1.8487191
BENBAZ,4.3959994,3.6284459
SEBXOO,3.5287726,2.851
QISPAK,4.3391275,3.2435591
SULTUP,3.0561109,2.672183
NITQAK,3.3641436,2.842084
ZIPLAL,2.9714835,3.06322
HEVTIM,2.762772,2.8723583
LINSOS,2.5154204,2.854554
APOTAA,3.0378792,2.9906363
DALMUZ,2.6185517,2.5713997
OJUYID,2.8267188,3.004671
XEFSAD,3.9883728,3.6943042
UBISOQ,2.7540643,2.7077096
MENFUG,3.0811453,3.2096722
NAQSEE,2.8623657,3.159927
WAVKIP,4.8379126,3.6195016
SAFSAU,3.2253656,2.4019048
YEDLOJ,2.7695749,2.9174957
LOPYEV,1.1820626,2.1564243
JEFWAV,3.4765267,3.1019409
ETUGOQ,4.323073,3.781805
LEMLOE,3.3380208,2.7580109
EZISAJ,3.926603,2.9385142
RAMGER,2.7320232,3.0536017
SIGYEP,2.4027655,3.0285091
GEWPAZ,2.5842655,2.006415
FOBCUX,2.2857563,2.8932168
NOKYIX,3.3587015,2.8964226
POSHEL,3.0030487,3.1074603
RENJUQ,2.4389565,2.288786
QOFVEN,2.6887572,2.8862574
YEWMET,4.2403502,3.3743553
XULPEA,2.0438473,2.7287335
VIMTOB,1.5469673,2.345675
PUNKOZ,3.2656384,3.3605714
UTECAZ,3.632176,3.2045085
RIRDEC,2.8487601,2.8479645
MUDTUA,3.905106,3.2810655
TIZYUY,4.4294696,3.9935818
YINFIN,3.9184396,3.3815954
YIYQIG,3.2109435,2.7360227
BIRROL,4.115178,2.9803586
EQODAQ,2.9303942,3.328022
VANTAH,3.08305,2.8966777
GEMGOV,3.713538,2.9804957
HOXLIP,2.3118794,1.9584785
ZOJYII,3.109445,3.0241032
VUGSIA,2.0762289,1.886736
LIBWIE,2.41365,2.7723792
QUCFAX,3.2221003,2.9293778
BAFLUQ,3.4218318,2.9651582
YIMDOO,2.430521,1.9898713
COGVUQ,3.8169413,3.1663904
JIGMUK,2.1880677,2.7483554
UXEBAC,3.2558424,3.642469
BASLUF,2.043575,1.748221
TOPGAJ,2.5456252,2.9294074
MOSQUG,2.9042714,2.8978643
NUZYAJ,2.9573336,2.899774
VIYDIS,2.2313337,1.8772361
UPONAP,3.2710807,2.6081219
HEVWOW,2.5396388,2.3287814
BAYPUP,3.1178806,3.4345286
IGAFOL,2.5026312,2.152497
ETILUP,3.2297194,2.5170722
TAWQIS,3.03026,3.1715903
BIHCED,2.60032,2.7365394
ILEXEE,2.4397728,1.928062
EZISUD,3.9252424,2.9772499
MUQZAB,3.2441416,3.2691474
WIXDEN,4.175315,3.7141957
NURQUO,3.1679497,3.1931694
GAQNIW,2.2672527,2.2320042
SAQLEB,2.6484842,2.8211315
TETKEI,2.4269836,2.7461622
DANCED,2.7799153,2.695596
WOKVEX,3.7968047,3.1185668
DOQBOD,2.8109362,2.8766224
AQIPEX,2.86291,2.917068
GIJRAS,3.7083678,2.9491444
IHAPUE,3.3682253,3.1460333
MIZVID,2.8030448,3.067065
ZEQKOV,3.3189728,2.3677797
NUVDIT,1.7369028,2.547134
FORREJ,2.5799115,2.5263588
BEDNII,3.1420987,3.2270858
YOPBAI,2.8465831,2.72845
TORJUF,3.7317696,3.2218614
WATXIA,2.8286235,2.8170736
GOLFOF,2.2827632,2.6388369
XASDOL,2.6152864,2.942378
YACLUK,2.1170459,2.5240688
ZONHUH,3.3361158,3.0399902
QUVVAF,2.2185442,3.2655578
BAVJUF,2.9355643,2.7818613
JAGSUG,3.4084983,2.6234696
EPISEC,1.474585,1.1748676
RIPVUJ,1.3398887,2.0954292
CIRJET,2.8482158,2.447152
HUCWAF,1.2405671,3.0287097
OWOKER,3.3235986,3.0217774
JUZKUK,3.1946168,2.7419343
KOFLAV,2.5464416,2.4745195
NENLOJ,3.224005,3.3148377
XAWBAB,2.9067202,2.729653
DUZJAL,3.0732539,2.9971733
APOSON,1.945342,2.7274036
COPLOK,2.5589588,1.7775633
CEMYIF,3.527412,3.2446394
DEJBEB,3.5053709,3.3285549
WOHZAX,1.2291384,2.4459672
EWUQUI,2.8449504,2.8503108
RAGGUE,2.0819433,1.9924662
QAWYOD,2.411201,2.3859897
WIDWAI,3.0648184,2.7888715
WATXEW,2.8003237,2.822826
JEGRUJ,3.099649,3.41833
FUHMAW,2.8278072,2.3032749
NEXYAQ,3.4109473,2.9816673
SOYPIF,3.7725866,3.5664918
JIHHUD,3.9097319,2.6920087
ZONTAX,4.508927,3.6146443
ZIWBUF,3.2103994,3.4016535
UCULEK,2.877332,2.9076133
ZIJJEJ,2.855835,2.4368076
XUDVEY,1.9467026,2.6356554
PANMEY,3.0335252,2.7425623
CIPLUL,2.330383,1.9291059
ODEBII,2.416099,2.1227827
DEGHUV,2.6977367,2.3954403
ROGMOP,3.4468663,2.8020449
YUVRUC,3.9532702,2.8710134
QIDSIH,3.4204712,3.335096
WUSTIP,1.510504,1.9994888
JOPTOA,2.635695,2.799862
UCOPAF,3.7510896,3.0885901
JANZEG,3.226454,2.4523296
HIKTEB,2.387799,2.4808958
DUGJIA,2.803317,3.0525453
FALZUP,3.7557156,3.7743344
WOJSUJ,3.2367945,3.0205722
JENHES,2.860461,2.8866186
NEHJOZ,3.7949,3.2918365
BEFZAQ,3.4501317,3.0220451
DELTUK,3.1655006,3.2268353
EDUBAI,3.1151595,3.2900858
HEXCIY,4.739407,3.229082
ALENIP,2.818011,3.3328342
NAMQOK,2.8686244,2.6759083
GUFTEG,1.9137768,1.6728346
NEXFEC,2.129291,2.4669695
CIQYIN,2.005207,2.7672975
XAGXIM,2.3031716,1.512755
GUDCAJ,4.5448456,3.2874856
NOBCIR,2.1257534,2.5969212
ALECEZ,3.6090462,3.4064567
YIDTAG,2.7214108,3.0109165
QEKPAX,2.9508028,2.4787264
NAQVOR,4.6376367,3.5694814
BEFMEF,2.4079356,2.815367
MUNZIF,3.037063,3.006516
PAVZOE,3.2008753,2.9536114
LUTKAM,3.7668722,2.9988801
QEYMAJ,3.1674054,3.009927
COWXUH,3.9478278,3.2477858
VUDYOK,3.2678154,3.2757878
MAJLUH,2.5124273,2.6209197
AFEBIZ,3.2729855,3.369703
QEHPIC,3.0944788,2.707792
HAZHEY,3.3761168,2.8779292
CUTZIC,4.0161285,3.5216477
JUFVUB,0.83348477,2.3236637
COLWIL,2.1584072,2.7910068
RODQOQ,2.585898,2.646105
FIRBEO,3.3018296,2.3015733
KIZSAO,2.1020796,2.460739
XARCUP,3.2397876,3.0141861
NIDXEE,3.169038,3.269834
ZAYLIW,2.6438582,2.7937675
RELZAL,2.3829012,2.5496407
XIDFUL,3.0604646,3.2971387
GIPSAC,3.2963874,3.1793466
PUXVEL,1.9730976,2.2956858
YIKZUN,2.5774624,2.6483355
RANNIE,3.9421136,3.107485
NEJXIK,2.0944605,2.04454
BINPUM,1.9643899,2.461041
HEDFUS,0.7755245,2.8708036
MANNIY,2.7159684,2.5651898
ASOFEU,3.1763852,2.9469345
HUWROG,4.24933,3.8476543
XEBQIF,2.6561034,2.8730924
DEVFOC,2.27079,2.6961803
XOXXIT,3.049308,3.061889
XATJUZ,2.1336448,2.7610803
ZOLPIB,2.6903899,2.4063113
VIXVII,1.3801615,1.3964185
TARBIY,5.068665,4.262756
CONTEG,2.8378754,2.7750304
TETGEF,2.9317548,3.6190946
HAXDUG,4.1867437,3.1376293
MANNAQ,2.5058966,2.5005333
WEHZUG,4.4008975,3.8203998
NAPZOU,2.2433066,1.9346895
NINKAY,3.8112268,3.0437195
UMUREB,1.9581313,2.6863847
VUDTAQ,3.2544818,3.2803822
ABUGOU,4.5102873,3.5429223
KEZCEA,2.3739214,1.9398394
HUPLUA,2.8457668,2.7464325
OHUFED,2.6512053,2.648502
MABSIT,2.7810037,3.0521295
ZIWBIT,3.1826437,3.3172114
SOFCAS,3.104819,2.991186
CUHPAX,1.8944567,2.8076167
ZUSWEP,2.755425,2.8239095
BUZYEB,3.2269983,2.5963845
LOJMOO,1.8179927,2.093214
VIXKIW,3.1989706,3.377974
SEVHEJ,2.5374618,2.5451329
SEQFOM,3.8517718,3.75493
WUHWOL,3.0261784,2.9470322
VIVTAY,2.7706633,2.5587547
GUJFAU,3.1469967,3.3927882
KEPXIN,3.663741,3.0349624
FEGHOP,2.9812794,2.9150038
XEWXUV,2.3630369,2.0573685
YIMWUM,2.8982847,3.2549229
IZIFOM,3.475166,2.853957
IKIZEH,5.3473096,3.909563
NUCJOM,3.042505,2.9036589
EJUDIX,3.9657874,3.318534
RUVVAG,3.345368,3.6233578
DAZDOX,2.2740555,2.69651
YILQAO,2.2618105,2.5377212
VIRMAK,4.2123227,3.8005264
KELZOT,3.0865874,3.246759
FELYIF,3.3891783,2.9247947
FIFJAI,3.3105373,2.8048236
ESOLUT,3.2748904,3.1086473
AGAXIQ,2.1897004,2.3951678
ZORMUQ,2.4291604,2.5494976
KUGSOV,3.150262,2.986826
ISONIN,3.2539375,3.0929353
QAJDAI,2.7850854,2.6604695
SINXEV,2.0898345,2.415751
BOSGAS,2.3497033,2.9049146
YAYLIW,1.5194838,2.4322066
LAQQID,2.473243,2.5863252
LIRCIZ,4.3222566,3.3959408
OCEVOI,2.172285,2.2011144
SEVHIN,2.5657616,2.4925964
HIGFIP,2.229973,2.8983583
SIVZAB,2.4596372,2.0137684
JUFMUU,4.0493264,3.6997652
PEMVUA,2.7494385,2.7592092
KUVMET,1.9151374,1.8405722
TUTPUU,2.6242661,2.3576994
OTOMOA,3.200059,2.7540584
GASMIZ,2.5807278,1.8582336
ILAKAI,1.9592198,3.0142338
AWICIU,2.8487601,2.9925709
ADIYET,6.3636546,4.3564954
GUQPAL,4.834919,4.2311263
KARYIN,2.977742,2.7290301
ZEVXUT,4.315726,3.8555071
AJOKUH,2.88223,2.6317594
MALFUB,3.0430493,3.911059
IXUZAC,3.3750281,2.695452
FOZLIR,3.2531211,3.3224156
VANBOC,2.179632,2.4858181
DIZRIP,2.451746,2.5577662
FIZNAE,2.6188238,2.5058053
HIJCUA,4.30076,3.1207469
FEFVAN,3.7197964,3.0567837
UCAVOJ,3.2563865,3.148022
GOMYIT,2.5265772,2.3064806
PULTIZ,3.0893087,3.3339975
CAFPOP,3.532582,3.388601
UQUWOT,2.903727,2.9383788
WEJFUN,2.6724303,2.8125222
WEKPEI,3.1053634,2.9647157
SUBRAI,2.3162332,2.0247
AYOWES,2.6087556,2.5019274
PUZMAY,2.9118905,2.4231887
IQENAV,3.415029,3.302943
RIBROK,4.0904155,3.1619298
EPOKIF,3.2626452,3.263785
TORHOX,3.8324516,3.1382756
ZODKOU,1.5096877,1.9081571
NETMUV,2.5589588,2.2207594
CIMVIE,3.0226407,3.2347202
AKUMEZ,1.560301,2.9219255
ZIDGOL,2.2103808,2.3008373
HADSEL,2.1899724,2.3799028
BANRAL,2.138815,2.1619794
VUCCAY,3.9396646,3.6570387
EQUKEI,3.0694444,2.9585178
CELYEY,3.5355754,2.902664
PAWJAY,3.204413,2.8943899
MICSAU,3.5431945,3.112825
FAKMOT,2.339635,1.9504445
OPORES,3.7932673,3.7705448
COKTEB,2.9654968,2.5460706
TOFCEY,3.0245457,2.6383736
CAHSIN,3.0294437,2.7852378
WEYJIW,2.54753,2.4511478
BIJQIU,2.5850816,2.738551
HEYXEO,3.2030523,2.9153244
QOKLAE,2.32739,2.3686335
YICZOA,2.8487601,3.0544784
BEMBUT,1.6982626,2.092165
CIFPEO,3.4191108,2.7213924
OCEYUQ,2.6631784,2.8127308
ORAJOI,1.9507843,2.5089164
MEJYOR,2.8171947,2.836456
WAVKEK,3.434077,2.8528728
ESIZUC,2.9480815,2.8344727
BAKLEF,2.7257645,2.236161
YEKDUO,2.9464488,2.8528957
HESRAY,3.488772,3.0576773
DALWOE,2.8909376,2.8762794
MEKGAN,3.0150216,2.8481126
QOWVAA,2.181537,2.2854352
QUXZEP,3.1924398,2.9194558
VUGJEN,3.4520364,3.2324994
KAVCAO,2.9880824,2.86847
HIJCOU,2.8313448,2.8119087
WACPEV,1.7769035,1.8291701
WADBUZ,3.1772015,3.1984897
HIBRIU,3.4123077,3.2735853
CEJMOV,3.3638716,3.0543046
COBGAC,2.822909,3.1739256
DAFCIX,2.0305135,2.3722467
PURFIR,3.166861,3.2220085
HELRIZ,4.1481037,4.1691027
XIYDOA,3.1265883,3.220719
SOPWAW,3.0084908,3.3408225
JIYTOB,3.190263,3.3092127
ROWQAX,2.9924362,3.030206
PEWWOF,4.069463,3.5351334
YULJIZ,2.910802,2.9219134
UXUGOL,2.2316058,2.8061738
GETLIC,2.9244077,2.578134
TEBTUR,3.453669,2.897543
FEJHAF,4.0275574,3.4335866
ZUGWAB,2.72903,2.8011763
WOSMEW,3.5353034,3.1558287
YEWFAI,2.1954145,2.5243697
KAZPIM,3.575304,3.5501244
RETJOQ,3.1050913,3.27668
QIGRIJ,3.0476754,2.5979872
FALDII,3.754083,3.4837513
YOQLOG,2.9339316,3.0337203
XAVJEJ,2.1341891,1.8448293
YOPCAJ,2.272967,2.5348325
NUWGOB,3.4378865,2.8663154
QOYGUI,5.728269,3.9858513
MEGHIQ,3.7372117,3.7152703
JUZXUZ,2.0035744,2.2199113
ADUXEF,3.1219623,3.128111
DAQBAY,3.1363845,2.9233227
YEHTAH,2.9725718,3.215137
QUNCAF,1.9687438,2.4081044
BASLOZ,2.0487452,1.7558322
MIYTET,3.3358438,2.7487674
VITSOJ,1.2179817,1.6441724
IHAJIK,3.2800605,2.8147776
YUGCUZ,4.036537,3.1000857
BOBWIZ,3.3412862,3.2052345
QOYFOB,4.19137,3.2155643
KEZVOB,3.2629173,3.010546
IRIKAX,1.9935062,2.1423917
NOBBUD,3.7383003,2.2861238
DUFVEH,1.9374506,2.2678192
NOHYOA,4.9102945,3.4453368
XAYDIN,2.8974683,2.6341367
JOQXEU,2.669437,2.842971
IHIHOY,3.6044202,3.2407863
SEBREY,2.6920223,2.9302983
MILDOD,2.5888913,3.0471568
BDMFRU,3.9508212,3.2217631
GOBTOI,3.2163858,3.2676094
QACWOG,1.5926825,2.3159492
ROMKEJ,3.1510785,3.1191127
VOGQEO,3.0525732,3.022441
ITADIQ,3.3774772,2.5062444
PASQOP,3.7940836,3.2094622
KIYNAI,4.1764035,3.9189386
HOQXAM,3.2136648,2.8756106
AZEQUR,2.5056245,2.5667639
GOPDAT,2.7031791,2.9288526
OCEVAW,1.84983,2.3664143
KOGHAQ,2.1807206,1.948056
QIDTII,3.1320305,3.3143888
FULDOH,2.1828973,2.2752364
DERMAR,2.0707865,2.9255943
REKWEM,2.3766425,2.0953014
XUYDIE,4.1785803,3.5036378
HIKDAJ,3.840615,2.7469647
YIKBAX,2.490386,2.800608
CIHDAB,2.268069,2.4433546
VIKNAF,2.994341,3.218974
MENNUP,3.8520439,3.0034153
NIDYEF,3.2076783,2.8740382
FINGEQ,3.2490394,3.2042036
MOGJID,3.0776079,3.1694112
CEDXAN,2.6438582,2.708281
WURQEF,2.1769109,2.4129004
YAQZOF,2.8863118,3.5472603
YIVROK,4.1461987,3.308443
QELGIX,2.9861774,2.8125446
SOPVUP,3.1706707,3.2185864
MIGMAS,3.4493153,2.9545252
XENBUP,2.19868,2.289152
QABKIP,1.8321426,1.8119365
YICGAV,2.8022285,2.7457943
USUTUY,2.2174559,2.5222476
XIPBUU,2.881958,2.4164195
SIHLOM,2.81529,3.001456
DULRAD,3.9388483,3.0887585
EQUYOE,4.4765453,3.6588683
FUTWOH,4.1315045,3.3663578
SARDUN,3.16414,2.9221492
YANTAL,1.8566328,2.0211723
XEJLUU,3.912181,3.2899091
MIMDAO,3.3467283,3.1457427
FIQFUI,3.6419718,3.5245173
FAPSUL,3.4329884,3.0912006
MAJJAK,2.1227603,2.709101
PIZBUW,3.1717591,2.9610665
VUTBUJ,2.8095756,2.6703377
TUMKIW,2.8955636,2.469298
AZUKIR,2.733656,2.7873466
WIWNEV,1.7137731,1.3806309
KIMKEY,3.3709466,3.112781
ZEQHOS,4.314637,4.0874968
RULWEC,2.208204,2.030748
BOFMAN,2.9494421,3.0189624
FECPOT,4.26348,3.722915
JELPAR,1.9818052,2.9120843
CANBRU,3.7698655,3.2939627
TODPIL,3.6368017,2.9333634
AJUTUW,2.3377302,2.8237185
HATPEZ,3.185637,3.1502616
XIRMAN,2.7739286,2.7328057
BODBOM,2.9048154,2.8782814
EBEVIT,2.538006,2.5785818
SADXED,2.3167775,1.7958999
ZAXMUI,4.0283737,3.3956623
SIWMOB,4.218309,2.6447446
ICICOM,1.8792183,3.0674136
SEWSUI,3.061553,3.3323078
WIYZUA,2.0449357,2.9321995
FOKGES,4.0621157,3.3218312
XOHMEO,0.5123904,2.023921
XEWXOP,2.0520105,1.9394791
YAXSIC,4.5690637,3.9757771
HULXIW,3.2161138,3.4808683
YEJQOW,2.9404624,2.961179
PAYXET,3.5546234,2.7360659
TAJTEE,5.253702,3.7671099
XAJVOT,1.5660152,2.3820093
DILGEN,3.2016916,3.155637
VEXTEA,2.654743,2.7827158
WUGKIU,3.458295,2.8802109
SAGWEF,3.8414314,3.6038604
YOJRIY,2.16521,2.5230358
POLYOH,3.2133925,2.6250386
NOGPII,3.025906,2.6250033
XOZREJ,3.3875456,2.9741206
MECXEY,3.5342147,2.946477
YURTOU,2.5959663,2.3537078
HOVCOM,2.669165,2.7705538
POYRUQ,1.4002979,2.0083675
TIHLOL,2.5491626,3.0439131
QOFVIR,1.794863,1.6104745
LERSIM,2.822909,2.5942326
UGALIY,2.3766425,2.6067204
UCAVUP,3.2656384,3.1294744
WOSPUP,3.3284967,3.2301648
URUJIC,2.7638605,2.7285388
RAMQED,2.2732391,2.6550872
HUBVOR,2.4863043,2.447128
ZOHZOL,2.5015428,2.9262798
LADFEE,2.6321573,2.6525443
SEJKOK,1.4933609,1.861669
VAKFEU,1.9709207,2.553416
CENTAS,2.8936589,2.745829
DEGKIK,1.8550003,2.1216662
EJURAD,3.4479547,3.0325046
WACCEK,1.7317326,2.5289538
LEMVUW,2.7439961,2.6403182
OJOVOY,3.2623732,3.068614
ORUVOO,3.300197,3.230968
TAHHAO,3.0454984,3.2391348
BAXMIY,3.4795198,3.2553265
JAGTAN,3.3489053,2.7831984
TEFZUC,4.0106864,2.9732053
JINHUK,3.0460427,2.9903011
XEJLOO,3.0163822,3.1053028
YIHCAV,2.6441305,3.1575665
VAPNEG,2.5124273,2.8370786
QIDDIS,4.555458,3.7739367
ZEJNOT,2.1235766,3.2578752
EREDIO,1.9943225,1.9051296
FEHQUG,2.612293,2.897634
JANCAD,3.1252277,3.0112424
LUTLES,3.1418266,2.9705534
ICOPIB,3.7336743,2.9966013
RIRDOM,2.8335216,2.7618887
YICZUG,2.6620898,3.2171068
PICPEY,2.229701,2.7626088
TEWYEA,3.185365,3.153712
HATNEX,3.1265883,3.117474
WOJBUV,2.8182833,2.5451636
ZAZVUR,4.270011,3.3666663
IDEREO,1.9660226,2.6458507
IBODEL,3.5475485,3.32798
ELUTUA,3.1137989,2.8022878
VIKPEL,3.515711,3.0401812
ITEHOF,1.937995,3.0766509
IVAMUN,3.2117598,3.339107
KEPNUR,2.0016696,2.6657379
OGUTUF,3.3785658,3.3125753
GIDBIE,1.8857491,2.3851964
PASGEW,0.8013753,1.7100683
UGEROO,2.8482158,3.2328575
AGOQIX,2.2794979,3.0123315
ETAPUK,4.4479733,3.8746343
GILRIC,2.8980126,2.733371
XIRFAH,2.8903935,3.032734
XATHEG,2.5989594,2.5784373
NOLXAQ,2.0367723,2.062532
ORUXUW,3.391355,2.876637
ROLCIH,1.9926898,1.9073086
KAZGUP,1.6286014,2.1378312
QEXFAD,3.2395155,3.1504679
VAHMAV,3.1197855,3.2571511
COSSOU,2.2446673,2.2888436
BOYVIW,0.43864754,2.8116627
QUQYOR,2.999511,2.833677
CIKZOM,1.8906472,2.7042418
QOJRUD,2.2386808,2.262897
DERLUK,2.2699738,2.7838583
TEGXEK,3.3184285,2.956938
LACMIO,3.374756,2.9723582
XIDVAI,2.4166431,2.9772866
BIBWEQ,2.1045287,1.9384518
UVOZOV,2.3004506,3.072526
WELCAR,4.1761312,3.3515975
NIDNOF,2.9244077,2.8552473
CIFPOY,3.3777494,2.7958038
GOHCOY,3.5002005,3.149346
HOVYOH,3.312714,3.0318465
YIZHUL,3.362511,2.813754
MAYQEJ,2.966041,3.0189977
XONFEN,2.1856186,2.948231
VUDKIO,1.0821968,0.6101396
NIGGOC,2.5897076,2.8413265
SOQCAE,1.0617883,2.5192397
GUTHUZ,2.6493006,2.7111065
QUGNAJ,3.6142163,3.7594728
MOSKUA,3.6003385,3.1085665
JUQKAJ,2.6607294,2.6688447
UPEJUV,2.798147,2.6366131
CEBHEW,2.4563718,2.7827988
XOSCIT,2.8615494,2.982096
YUJFEP,1.9981321,2.6308472
AFAVAG,3.460472,2.842267
MASMUQ,2.784269,2.8845942
ESEBUZ,2.3380022,2.250174
YIBFUL,2.683859,2.8189814
XIBGIA,2.2803142,2.2836952
YAFJOG,2.898829,3.190629
BOLWAD,2.6041296,2.6063054
WUJNEW,3.4180222,3.1560607
IMOGIB,3.0286274,2.6776407
AZULOY,2.736649,2.852845
RIPGOM,3.1440036,2.8809307
WUSTOV,2.268069,2.4241016
JANDEI,2.449569,2.297643
QAKHOZ,3.2125762,3.1805768
IDETEQ,2.8525696,2.851121
XIGDID,2.5263052,2.881103
LIPNON,2.5124273,2.6210325
SUPYOT,2.4985495,2.7786763
ZONHIV,3.2003312,2.9342084
ZOQTAA,4.141573,3.0290256
MIVVOD,3.59408,3.2754662
UMIPAJ,4.3391275,3.609939
GIZFOM,3.0743425,2.9274251
CEZKIB,3.5981617,3.7286825
HIKDIR,2.2789536,2.8146842
QOJCIB,3.6868708,3.4373121
QAKPOI,2.6724303,2.2842731
WIBKOH,0.12816563,3.3291504
PUMJUC,1.7570392,2.6764817
RARVUD,3.923882,3.5505672
HIBMUB,3.1108057,2.814139
MIDNET,3.656122,3.3821762
XOQWIK,3.1861813,2.450016
ZEJNIN,2.9676738,3.362745
REGDEN,3.0974722,2.7996392
RIVJUD,2.7940652,2.8213434
CILPEV,2.9812794,3.246579
HOMCAN,3.8778946,3.7302616
UDUDOO,3.2006032,3.3344033
CUHFIV,3.2245493,3.0166848
DOSGAV,2.987538,2.6606793
NODRAZ,3.1567929,3.0030506
ECOYAZ,3.0841386,3.3911715
XEDQAZ,3.4683633,3.2587667
XUMFES,3.3687696,3.154652
ALIKAI,1.063693,2.1288097
HOHLAU,3.2408762,2.9992561
PUYJIE,2.6555593,2.6768978
DUZHUD,3.0860434,2.714897
BICZUK,2.475964,2.6487312
GIFWEY,1.8245234,2.601146
WIZFUJ,2.6808658,2.802414
QAHLUI,4.4297414,3.4889798
NEHLER,3.1007376,2.2588146
UFOFUR,2.1695638,2.2990527
ZALJEE,3.413124,3.2266629
QUSCAI,3.4427845,3.2166638
HIGFUB,2.1298351,2.897779
VUVTAI,2.4786851,2.6990156
MIXLIR,2.5804558,2.2743087
XIPRUK,3.0321648,2.4863503
URUHUM,3.2460463,2.9057314
FEHRAN,2.674335,2.6465335
VIQRUI,3.3328507,2.9537737
LUWVEE,3.8125873,3.1458254
LOPDAY,3.05856,3.7246256
SAKBEM,3.0552945,3.1772592
JUSRAS,2.9309385,3.213621
GEKFAE,3.6264615,2.7739038
GOKGES,2.4046702,2.3655167
MOZCOT,2.8620937,2.8660002
COTPEI,3.7464638,3.0009649
TAVVUK,3.2196512,3.376361
OVUBOY,2.5208628,2.1756573
BINCEH,2.323036,2.7900074
VAHHIV,3.085227,3.0013616
UGERUU,3.4841459,2.954906
BUKKEZ,2.315689,2.8567905
USEXUM,3.1965215,2.919733
FEPQOH,2.1717408,2.1827848
NICTID,2.2381365,2.664962
POWCEJ,2.32739,2.0298367
SAJZUZ,3.1491737,3.2771313
TUYDIB,2.8659031,3.196053
PEBSAS,2.3317437,2.7677977
JOJPED,4.5467505,3.6532881
DOZZIB,3.1698544,2.9586396
EGOMOC,3.145364,3.1136734
GAFNOR,3.1418266,3.006637
HONNAA,2.7467172,2.146804
AFADUI,3.288224,3.0173624
LIZFOP,2.0906508,2.3245254
GEDNAF,3.2229166,3.3738363
MABDOJ,3.9032013,3.143654
BIKWOI,2.6555593,2.9120536
IDOSUS,2.2340548,2.0091846
TURNUR,4.2313704,4.0762167
QOKKIL,0.92137754,1.5347456
OFAVIA,2.5314753,3.144809
ZOLPUN,2.6784167,2.7513008
FOBBOO,4.0855174,3.7588356
GATQEZ,2.7848132,2.1339755
RADNAM,3.8517718,3.131373
IKOSEH,2.3894317,2.8097115
MOZCUZ,2.7788267,2.7907875
CUHDUF,3.1973379,2.9905958
CUKQIJ,2.9382856,2.9720333
CAHWIR,2.1075218,2.4121804
SAXLIM,2.394602,2.161118
YUDQIY,1.837857,2.1381042
JAQYAB,4.1353145,3.302341
ATIJES,3.1407382,2.9463353
FAGVUG,1.8476532,2.9114044
RELLIE,2.3140564,2.4410114
CEMFIJ,3.64687,3.4534266
QOYFUH,3.1023703,3.425075
XAKDOD,2.8256304,3.1291795
YEDMEA,3.244958,3.003674
ROHXAN,4.1883764,3.2914753
CIMPEW,2.5722923,2.6622796
WISVUS,2.585626,2.5841932
VUVWUG,0.7736197,2.4818811
TEMFAS,2.6256266,1.8239475
WIYPOK,1.8177207,1.933053
YENMIO,2.7295742,1.9839435
SAFSOI,3.661564,2.7088683
WIDSAE,2.4346027,2.7353053
XALGAS,2.468889,3.3548765
BONSIH,3.594624,3.1268668
SAFSUO,2.8865838,2.4913425
MIKFAO,2.6457632,3.0615077
PUCYAP,2.8430457,3.1658201
CIJQIX,2.6593688,2.8800275
FUGWAH,2.8661754,3.2780817
BOCYEA,2.9755652,2.950294
MIBZIJ,3.2267263,3.0621336
DADXAK,1.8699665,2.131339
JAWXAJ,0.92926884,2.2040062
ZOVBAN,4.691243,3.7422733
NORQAO,3.6272779,3.1272616
YAJDOF,2.5758297,2.7638304
TUVJOJ,3.4065936,3.1654196
LISNUX,3.4612882,3.2697792
SEMXAL,2.8297122,2.7530806
GIFQOE,2.01718,2.3776364
BIJKOX,2.2359595,2.1836624
BOPPIG,2.8552907,3.015184
FAXKUL,1.9638457,1.7679082
VIGYAM,1.4424756,2.9771738
CEKFEE,3.1137989,3.1534574
YEFKEB,3.168766,2.8262036
MILCOB,1.6430235,2.0613596
REJBAM,3.0212803,3.1826618
WELYIY,3.0868597,3.1924486
MOSCIG,4.052592,3.3597088
POYKAQ,3.1140711,3.2212687
TUNJOB,2.9605987,2.827487
FEGXIY,4.1070147,3.8210983
GIZGAZ,2.7418194,2.8378577
NIWTUK,1.7847948,2.4136057
OJANUI,2.1192229,2.4033165
FEZSOT,2.432698,1.9308562
NOBCAK,3.5255072,2.009114
MEJCIP,3.4871392,3.005827
LEPDAO,3.250672,2.8876987
AQAPAL,2.5001822,2.58955
HEXFIA,2.6868522,2.8378828
GEQVUT,4.7138286,3.7215943
YANTOZ,1.8296936,1.9687934
GOBBAC,2.5238562,2.8473113
CEJNAJ,2.287389,2.8898466
QONSUI,3.369858,3.4704106
FAMGEG,2.2876613,2.8769507
GUZHOZ,1.9605803,2.7504
GILNAQ,3.5366638,3.3368208
WEYSIE,3.3399255,2.3310163
LEWPUB,3.4302673,3.1273782
TODNEH,3.1075404,3.0908859
NOFVUB,1.0457336,2.875042
VARBIC,3.4008791,2.8616738
UBITUX,3.0177426,2.8990865
LOHKUP,1.7869717,1.9063059
LIRWIV,3.7766683,3.1939223
GUGJUP,3.2977479,2.8885148
TUZSIS,2.0884738,2.6169841
RIPVIX,1.4318632,2.0112562
JOJPIH,3.286047,3.2296615
CIHVOH,2.0941882,2.3211994
GUQLOV,3.2580192,3.2219672
OSESAI,4.034088,3.9123769
FUMYAO,2.8996453,2.7612681
AGUDIR,1.9507843,2.7392917
EVUTIY,2.7875345,2.809728
SENVAL,2.1306515,2.2035925
NIQTAK,2.769847,2.6537063
TEZGAJ,2.3309274,2.4286892
REDBUZ,3.7219734,3.2092226
NOZDEN,3.4201992,2.6949663
ENUMEG,3.1899908,2.6006498
NIWPER,2.3663023,2.6611488
JENCAH,4.2213025,3.5317492
HAZNOM,2.1113315,2.297496
LEHZEG,2.1779993,2.473873
OJUFEE,3.1927118,3.5523388
SILMOR,2.9864497,3.1195397
HAHSIS,4.37804,3.523052
WEGBOZ,3.2367945,2.9246612
HATPAV,2.934476,2.7481418
VAHMOJ,3.1548882,3.1958723
DILYUV,4.3195353,3.7137752
VOBLEF,3.3540754,3.296434
TOTZAD,3.6006107,3.0764022
VEQDUQ,3.201964,2.8060472
BAGJEA,2.2427626,2.507587
SETPOX,1.9409882,2.165532
WERYIC,3.1483574,3.2029727
KICGAF,3.300469,3.0147
KESQAA,2.1921492,2.7721124
UDUGAE,2.062623,2.3285832
JOJSOR,3.266727,3.3081183
QACBOM,3.6479585,3.6986506
LIDFEL,3.2248213,2.5862758
HISYIR,3.2283587,2.9834235
EWUQIW,2.80114,2.593425
SAPGEY,3.0786963,2.9674463
AVOXOY,2.9973342,2.764375
KAMDIM,3.0103958,2.701995
QAVHED,1.4666938,1.3466167
ERIYUZ,2.1570466,2.7894502
HUWVUQ,1.6022065,1.8566765
GUKPUZ,2.9029107,2.667051
AGIVUK,3.51299,3.4879694
HIGDOT,2.1989522,2.690162
YIRKIT,3.575304,3.305343
XOMXAY,2.059902,2.1532369
WOGPUF,2.0903788,2.590213
PEPNAB,2.1086104,2.4564233
NUFNIN,2.2155511,2.1471922
MILKIC,2.5374618,2.6791823
LUZKEW,2.968218,2.6132503
RECSUP,1.9586756,2.6976626
ERIZEK,4.1230693,3.5397208
WUYFUT,2.588347,2.9806929
SIQLIO,2.7347443,2.6357896
XULFUG,2.7159684,2.5664759
DEQKAO,2.9782863,2.7519155
ZEYFAN,2.9023664,2.8247542
VEDREB,2.6351507,2.4740252
IFOREA,4.1761312,3.7944698
AGISEQ,2.9508028,2.6946554
YENCEA,3.723606,3.11839
RUSRON,1.3507732,2.1514955
TUZRUD,1.8106457,2.8508325
GERWEI,2.8139296,3.0097685
CEDQAG,4.8191366,3.8213325
COGKIU,1.4283257,2.7822177
QALHOB,3.826193,3.103668
LUTWOM,3.126044,3.1773908
XIDGAS,2.5750134,2.9379861
NOBCOX,2.17936,2.673885
IHAJUW,1.8751366,3.1092803
XODVUH,4.6629434,3.3989835
CUZZII,2.810392,2.7979307
SIWKIU,3.510541,3.0795133
ZOWNIK,3.0128448,3.2350874
ERAYUR,2.3867106,2.21098
WIJBOH,3.2299914,3.0092669
WIVGUF,2.1997685,2.777944
MEXXUK,3.9295962,3.4453015
OHUFUT,2.9869938,2.9250154
RACSEW,1.9564986,2.7008157
LUVLOE,3.202508,3.0795257
HAVXIM,2.9165163,2.8418336
MIMSAC,3.5646915,3.3301702
SELHIA,3.5788414,3.1119392
NIJDAL,2.7829084,2.9453864
BUJSEG,3.2830536,3.004466
QUSBUB,3.2169302,2.857028
WAVKIO,2.946993,2.8737247
OJUYEZ,2.8520255,2.9899716
AGAQAB,0.23592272,1.2526265
HIJZAE,1.9984043,2.4870782
EHUXAH,2.3763704,2.7247233
QABKUB,1.7287394,1.8717663
PEQTOW,2.9342039,3.3437486
ZALWIS,1.543974,2.3826308
SENFIC,3.3233266,3.3004444
LILHUL,2.6468515,2.4790115
ETATAV,2.0237107,2.2510538
GACMEE,1.8169043,2.348932
VUDTIY,3.2925777,3.2653217
LAZKIG,4.1500087,3.0394557
SIVYOM,2.3265736,2.816893
SEMMUV,2.7848132,2.6976967
XORDIS,3.721429,2.984669
GICWAT,3.465098,3.2604144
NIJWUZ,1.7559508,2.1236622
POLVEU,4.7859387,3.6512828
QETDUP,3.0569272,3.241762
HOVWOG,3.24523,2.7516217
XUXRUF,3.6985717,3.556515
HOTREN,2.7848132,2.8352287
TUSFIW,2.8756993,3.234134
MIKPUU,2.3241246,2.6209385
FAHYOE,2.87706,2.5405245
TEJZEP,1.9200354,1.8584486
GIKVUU,2.203306,2.710319
MOXNET,2.530387,2.5540032
NEBQER,2.9878101,2.9479446
QEVYUL,2.6544707,2.3104944
QUWSUX,1.584519,2.867578
UZETEA,3.0318925,2.887776
RAPVEL,4.034632,3.5421596
LONDAU,3.465098,3.053758
BITXAD,2.3556898,3.0712714
PEBNOA,1.9328247,2.1180162
WISVOM,1.9559544,2.3507185
AJUVAE,3.5148947,3.8721752
QAHWII,3.0835943,2.7015047
QARRAC,2.5437205,2.5919116
JOKFEW,2.8288958,3.0179553
HINBOV,4.7589993,3.5724866
WIDMED,3.5002005,3.288189
LICQIY,3.524963,2.8408504
RIVJOX,2.8697128,2.8884435
HEYXAK,3.1603303,3.2316933
VIZMEY,3.080329,2.470261
UWONEA,1.5208443,2.5491238
LINGIA,2.7233155,2.9952996
JERKOG,4.734237,3.4517415
PEGSID,2.8830464,3.1007402
NORCOO,2.526033,1.9187655
ZIRLEU,2.4490247,1.8161817
ZOLPEX,3.185637,2.6789494
CISTAC,2.4193645,2.3642826
JEFXAW,2.598143,2.8165295
ZAGSOS,4.135042,4.064434
TISHAE,3.2471347,3.1196399
HAZJOJ,2.923047,2.9226985
MEHWAA,1.9235729,1.7907317
NEFWUQ,2.0784056,1.7486953
GABFOH,3.173664,3.4573731
AJOKOB,2.9706671,2.631013
FUBCAG,3.0735261,2.9435434
KEJYOO,2.0424867,2.2026548
QACCED,3.207134,3.228742
IZIJIL,2.1956868,2.7895675
ODUZIZ,2.320587,2.3868039
LILTOS,3.4041445,3.2342021
USECIF,2.2721508,2.7721677
ICOGOX,3.1363845,2.8891242
FAYGIX,3.778573,3.3556218
LEPGIY,2.0013974,2.5458837
BECCUJ,4.213139,3.834691
QOLLIP,3.4849622,2.5531766
BOCXUP,3.4120357,3.2230983
XIGGUP,2.6024969,3.2373407
SITGEI,3.094751,3.2707357
NAMSEC,4.966078,3.8087876
PUCYET,2.1540534,2.3137178
MIDPAR,2.6457632,2.5280693
UMENEG,3.3595178,2.8018298
TUGBEC,3.2942104,3.0792255
QAHHAL,2.6452188,2.831926
SEWSOC,2.987538,3.336612
XAMJIE,3.14999,2.921807
BIHYAU,2.5527,3.0515697
VOGREP,1.7915977,2.447304
SIJQAD,4.0710955,3.559789
KALHUB,3.1491737,2.6933813
ECUTIG,3.8610237,2.7961807
ZOWPOS,2.8661754,3.0481997
RIVFOR,2.0365002,2.4478989
GOMZEQ,2.3056207,1.7937138
RAZGAC,3.2395155,2.7785938
NEZWAT,1.933369,2.9964523
RALMIC,3.5140784,2.9248478
HOXVEV,3.0324368,2.8755062
FEZZIW,2.6517496,2.142929
PAFDIJ,3.8006144,3.3303223
REWTUI,3.3393812,2.9941316
IRIJOJ,2.4577324,2.5061765
RAMPOM,2.4667122,2.489768
MOVWOJ,3.3015575,3.3010201
FIFLAK,1.7072424,2.1865387
WOHNIQ,4.5867515,2.838125
GIFXEZ,3.3421025,3.2707427
GABFIB,3.0716212,3.2301626
GOYDAZ,3.214481,2.6875353
POBCUG,3.63272,3.2464592
XINDEE,3.8697312,2.9307227
DEGVES,3.223461,2.8481839
WEHHUM,3.3965251,3.3637562
WUMWIM,4.1255183,3.3189008
WIFDIA,2.1352775,2.3987617
XUXSEQ,2.0506501,2.9481711
QIBKUJ,2.7886229,2.6157074
COKGUG,3.16414,2.9858592
UGALOF,1.077843,2.464135
SAHBIP,3.902929,4.2406883
MOSLOV,2.8816857,2.8448668
PAPDOC,2.5148764,2.6353884
XUDDIJ,3.3957088,3.2834852
NOCPEB,1.906974,2.893031
WUVZIX,3.2250936,2.9741714
RUVTUY,1.9268383,2.3687923
LARVEH,2.4457593,3.053254
XIBGEX,2.7693028,2.6112106
HAVWUZ,2.9067202,2.3140914
SUPPEY,3.4846902,2.721773
HOHQEB,2.3363695,2.0113113
QOKBOI,2.6928387,2.7997723
XEKJUU,2.8977406,2.569528
XIXYUA,3.1703987,2.99731
TEGDUH,2.1132362,1.8834231
JOHRAB,2.0607183,2.4988258
XUFYOM,3.068628,2.960856
EQERUO,3.32632,3.0788586
MAMFOX,3.0972,2.9718943
FOWGON,3.2871354,2.5779507
HEZBUL,1.7224808,2.1876955
YAQSUE,2.552156,1.9697254
TIWLOA,3.2161138,3.4290376
NAPNUP,2.3126957,2.498853
RIXTUP,2.8321612,2.7144828
VAHLOI,3.1780179,3.267943
QAMHIW,3.1078124,3.0777674
JIMXEL,1.7328211,2.0522742
GIWBET,3.5461879,3.4135907
NOJJON,3.9105482,3.2685018
IFIKUD,3.7276878,3.5958538
NUZXEM,3.0944788,3.1752048
NURBIN,2.5439925,2.7950523
TOXFUH,3.0008717,2.9629402
HIBREQ,3.3772051,3.364957
XEBHIY,3.326864,2.830954
XOXWIQ,3.2400599,3.1705751
FAMGAC,3.2411482,3.3289661
LUBZOX,2.1937819,3.0191143
BAQFUV,2.7940652,2.684936
MOPVIX,2.934748,1.9744893
RIRCOL,2.7586904,2.6270852
FOPDAP,0.5929361,3.001776
BIKWUO,2.6721582,2.9214563
EBAGEV,3.1744804,3.0992198
TIMCAT,3.1551602,2.8021164
FOMBIV,0.81225985,2.2713847
MENCRU,3.4204712,3.434364
OFIBIO,2.576646,2.649759
YEMXUM,3.1483574,2.9484663
ALEYOG,4.173682,3.3708057
DERLEU,2.0536432,2.7756588
AGEPOU,2.3018112,2.8587706
AGOQET,2.8052218,2.9347534
WEYSEA,2.416371,2.194705
QOVJAM,3.6936736,3.1517072
XOQWOQ,2.9358366,2.7235515
FUDLEW,0.95675236,2.3342426
NASMOM,3.9279635,2.8705544
MERYOA,3.6487749,3.1305833
KACDOI,3.2414203,3.1032636
REGFOA,1.5355386,1.648101
KOGGUJ,2.3124237,1.7694212
GUZSEZ,2.6925666,2.9957163
ZIGTOA,3.4950304,3.3354418
ICOMAR,2.2863007,2.2300308
FUXSUM,0.20245272,0.8974799
HIFPES,1.9450699,2.051317
HEDYOE,2.6188238,2.7291918
SORZEG,2.3290226,2.7416017
VANBES,2.709982,2.442072
UPONIX,2.7695749,2.8106966
VOGQIS,2.982368,2.7564936
ZEYDEP,2.8716176,2.8384182
XUPNAX,2.8699849,2.9760075
LOJYAN,2.0667048,2.104333
MUSFIQ,2.5401828,2.4394495
YEYQIF,1.7714612,2.2984385
MIZVOJ,2.6863081,3.0221689
VIRHAG,4.729883,3.7560158
REHPIG,2.2552798,2.665814
MUNZUR,2.5831769,2.9160678
BIDCAU,2.5246725,2.736856
TOFZET,2.3502474,1.4692093
TUSTAD,2.3984115,2.6975996
SUXJUS,1.8479252,2.9330075
JOBLIY,3.3655043,3.120603
NODRUT,2.5159647,1.9245715
OFUWUI,3.5791137,3.9755895
VIVGIS,3.1195133,2.9758642
QEXMEL,3.5815628,3.2779505
RIVNIT,2.9543402,3.0104477
CUJHEV,3.7622464,2.9884155
SOXRAZ,3.4743497,2.826363
VAHLUO,3.180739,3.277162
QICLUL,1.4098219,2.742315
DAMBEA,2.1720128,2.0226908
BIWBER,2.4101124,2.5506818
VIQROC,3.1075404,3.1516092
ROJPUB,2.5616798,2.2485003
QOZWEJ,2.7459009,3.1772978
SEQDIC,2.5872586,2.278904
WUNCEN,2.4786851,2.076615
JISVIR,3.3189728,2.8469846
LANSEZ,2.2800422,2.2658067
RAJXOR,2.6656275,2.6464515
HOQYIV,2.1918771,1.9901508
QASWUC,2.1948705,2.8533638
JELWED,3.3736677,2.9230173
RIHFOD,2.4838552,2.9268496
UZOROR,2.8713455,2.3295147
ABIRIO,3.8531322,3.6043644
IWELON,2.6639948,2.4426093
NOCWUY,2.1573186,2.6963477
IFOQUP,3.9764,3.5701537
GEHNOW,3.7989817,3.0293565
ENESIZ,2.9761093,2.8849282
HOXTOD,4.2237515,3.3569045
HAXSIK,2.4805899,2.4003074
WAWMIS,4.983221,3.8970916
VEJCIZ,2.7867181,2.6721773
BUZYOL,2.349431,2.2131462
JARVAA,3.1040027,3.1785967
SEWQOC,3.4514923,3.961266
YANTEP,1.9358181,2.0521526
WAVLAI,5.319826,3.713108
TOPCIK,3.2991085,2.9362183
TOMSEW,3.3652322,2.9620376
WORFAK,0.18911913,3.3415024
QALHUH,3.1146152,2.796639
GAHRAI,3.221284,3.2414997
YOJREU,2.4359634,2.3756819
IBEFUT,2.6520216,2.9919279
QUQYEG,2.612293,2.9867647
VAHROL,1.6993511,1.6972901
YEWTAY,2.4560997,2.5633316
NAHMUG,1.7140452,2.2794924
PEVSUG,2.1622167,2.3591688
LUTKOA,3.5029218,3.6160936
BIFDEB,3.3731234,2.7308798
LAZZOC,3.695034,3.3558044
AFAFEU,3.4642816,3.71531
OYUPII,2.6536543,3.0521817
CEMJIO,3.1050913,3.393334
VIXTEE,2.8958356,2.6228564
GAKLAI,2.5442646,2.80701
CAJZOC,4.275997,4.018309
JOJTAD,3.8057845,3.1075773
ZISPOG,3.142643,3.4382958
OPIWIV,3.2686317,3.0288517
RANLIB,3.1774735,2.931909
TOZMIE,3.2196512,3.0044413
AQACAY,3.6289105,3.1805575
NIGPOK,3.041961,3.1166816
UJEHAT,3.4384308,2.8843982
TUVQOR,3.9685085,3.3180087
AWICOA,2.638416,2.2979224
OKISUW,1.4413872,2.5480301
MOJYEQ,2.803317,2.9935577
YOYHAV,3.6871428,3.1176803
AGAXAI,3.1889024,2.757522
VUVKAZ,3.4308116,3.1996295
JISTIP,1.3077792,2.0708067
HAYGAP,2.887128,2.8330185
GOBGUA,3.3475447,2.9253814
UCOPEJ,3.3780215,2.91937
BOSROQ,3.0762472,3.2137365
VIXRUS,3.2898567,3.1001177
JANBUW,3.6765304,3.2383654
WUQDER,2.346438,2.0184715
GUZZIL,3.1418266,3.3510704
NAJXUS,1.9086066,2.2203875
MEJCOV,3.4403355,2.8108492
ZUYHEG,3.7837431,3.4260492
CAGMAA,2.9317548,3.1007197
FOHXOR,2.9157,3.1224616
FUMXUH,2.9246798,2.8191545
YEYQAX,3.6076856,3.2627263
TUJHIQ,2.7693028,2.7577078
JAFTES,4.468926,3.4487948
ZITDUE,3.085771,3.06558
NOZBAH,3.2201955,2.9925988
YOJVUP,4.965806,3.6870813
HETNEZ,2.94917,2.9247198
LOTZEB,3.4381588,3.1563632
ZEQKIP,1.3616577,2.180411
YILQIW,2.1657543,2.3545318
QEFROK,2.6033132,2.6739328
ZISPIA,3.2348895,3.4254837
REDYOP,3.4049609,2.963945
SILMIL,3.0754309,3.1269517
GUDVOQ,4.4104214,3.773525
IKEKOY,2.6090276,3.0499253
ZACLOE,2.0985422,2.4893503
VOQFAK,3.8893235,3.652289
CEVJIX,2.3499753,2.6944766
YOTTOS,2.4936514,2.7199323
IXOQAO,1.237846,1.4297286
NEHGIQ,3.5382965,2.9768877
UCUVAS,3.2250936,2.9361007
VAHJIX,3.2035966,3.1923587
ZEGXOY,3.2542098,2.7183113
TAVMOS,1.4177132,1.196408
SIMHAZ,1.7336375,2.7097144
OCIBEH,4.33042,3.6534348
NALTOK,2.6656275,3.0086312
TUMKUI,3.2495837,2.987737
HEDSOB,3.391355,3.2065706
KOLFEY,3.5214255,3.3918061
MIDLUH,3.5529907,3.2919598
JAFMIP,3.520337,2.9902294
KUMDAY,3.2161138,2.8937721
OJOVIS,3.2362502,3.0162477
KEHNUH,1.553498,2.5582705
SILNAE,3.16414,3.1027853
GITQAB,3.429723,3.3558652
BIJDEF,3.4163895,3.2576485
SARKAY,4.260215,3.5839868
VUGJAJ,3.2841423,2.758612
VEBHIW,1.911872,2.80722
CIRRAY,3.2686317,3.137211
KATMEY,3.3842802,3.054175
RAVWOD,2.2982736,2.940107
MOKDEX,3.1037307,2.4497662
CIMWEA,1.2849216,2.413693
HOFTOO,3.4955747,3.0682254
YIGWUG,2.8522975,2.7666094
TAPRUA,2.5001822,2.6279674
SIOCRU,4.1407566,3.6663487
SIQXUL,1.8291494,3.125499
HOVCIG,2.673791,2.7759907
JIJGAN,2.7872622,2.6297836
HUWVOK,1.8231629,1.7793722
PETQAJ,2.963592,2.444931
PELGIX,2.936653,3.0498908
SURFOB,2.1935098,2.5086303
WUGDAD,3.1086287,3.2460155
XUZHAD,2.2803142,2.1779137
VAWYIB,2.8487601,2.909016
HUWLOA,3.00196,2.9077275
VOJGAE,2.8626378,2.7941976
WEPHIL,2.0313299,2.7622468
SIGDAP,2.2664363,1.6665523
RUHJOV,3.4732614,2.6368785
MOWVID,2.8912098,2.4176147
SARLED,3.3151631,3.147627
HUPLEK,3.1121662,3.0018582
NAKHEM,3.204413,2.9657958
XIPRAP,2.8378754,2.5527916
TOWTOO,3.1891744,2.7678323
MARYEK,2.676784,2.4924793
REKVUB,2.5554214,2.2266407
HUQMEM,2.5657616,2.3721545
HAYJAU,3.3739398,3.1607058
SAWMEK,3.5037382,3.6426253
MIVJAD,2.8612773,2.7339835
YIKKEJ,2.3937857,2.672762
UFIKAY,1.7020723,2.3519225
FEJYAU,3.1540718,3.228155
GIKBAD,3.2468626,3.1056156
GETKAT,5.052338,4.3412495
SAHBOV,3.7086399,3.4184575
XALFUL,2.8220928,2.9492252
PIQVAM,3.228631,3.0401807
FEPVII,3.2365222,3.1569834
TUXHAX,2.8122969,2.8011289
AHIHII,2.1203113,2.5060978
TEKPUX,3.350266,3.4941568
LISQIN,3.2433252,2.1744862
LUQPET,1.9031644,1.8176056
VAHBIR,1.7921419,2.1404302
LAPXOP,3.0683558,3.0307236
VOWDAO,2.8778763,2.4921184
ZEGYUF,4.6955967,3.8688476
LEPFUJ,1.9439814,2.3713279
UCOPIN,3.7872808,3.0452633
SOLZOL,3.2267263,2.7589362
GUBQUP,1.9303757,2.8203084
TENXAO,1.8348638,2.498425
OFAHIN,2.2424903,2.831339
YIXDIS,3.6797957,3.2167397
HUHQUX,2.4362354,2.7614446
VOGNEM,4.0136795,3.6711087
NEKVIK,1.6887386,1.9250667
MOMLAC,3.1151595,3.0156374
MEGFIQ,3.3897223,3.028298
WEJBOE,2.1423523,2.042727
MURVOK,3.0928462,2.8819788
ZUVROX,3.128221,2.9553936
GIBMEM,3.1064517,3.2815838
EHOVEE,3.4659142,2.6930492
AYEZOV,3.221556,2.9791524
HEZVAM,2.1442573,2.7865238
BICLIL,3.391355,2.9821315
MOYLOB,2.2024896,2.6363897
LOFMID,2.024255,2.5770307
QEJMAV,3.5023775,2.8265896
ALIKEL,2.569299,2.4260137
IKOWEL,3.2354338,3.3190176
LODJAP,3.128221,3.2474968
OYUQEF,1.5801651,1.8858864
YINLIQ,2.0043907,2.6638556
YAHZOW,3.5195208,3.2801573
TOLBEE,2.2713344,1.8895454
PETPIQ,2.7034512,2.396098
REKCIV,2.7619557,3.04551
JOPKIL,2.386983,2.1732202
AHADIW,2.8256304,3.109184
KIJGEQ,2.127386,2.9636765
WOSNIB,3.3284967,2.9510405
VOMTAS,4.292324,3.4049046
OJEMEW,1.818537,1.8735347
HIVRAH,2.6261709,2.563399
DAGFOG,3.790274,3.0352354
QASNUU,0.45905608,1.9502884
CEJNEN,2.8095756,2.9820774
HIWVIU,3.3450956,2.9105194
NEBQIV,2.872706,2.9944015
MEXKEI,2.3537848,2.7288802
DATYIH,3.5616984,2.9422157
QEXDUV,3.5494533,3.154949
AHADES,2.9674017,3.316409
ZELJEH,3.8438804,3.5792003
JEVDOD,3.0958395,3.0169587
TAHWEF,2.3619483,2.4945567
TEWXEZ,3.209583,3.1170201
HIQPIH,1.5088713,2.131133
FIMMUK,3.1486294,2.9892788
YOBXIZ,2.841957,2.533884
QACCAZ,3.632176,3.3928342
AHUSOL,1.7107799,1.7557462
XIDFIC,2.7192338,2.8497994
DESRUP,3.2868633,3.3499095
TOMHAH,2.6490285,2.7203817
PENTUY,3.2027802,3.4397588
GERTIG,2.793521,2.8858166
TERTOA,3.3440073,2.7071426
NOBFAM,2.2786815,1.9908584
TIPPOX,4.46049,3.7180192
CIGLUA,2.9616873,2.208261
DUHZUB,4.7881155,3.5652843
KUFFAT,3.6120393,3.7955887
NAQVIL,5.5184693,4.1923156
MIDSUN,2.4373238,2.6987684
VAQMIJ,3.0797846,3.253901
GIWCIA,3.209855,2.77533
IJOBOA,2.3344648,2.5662167
SUSGAO,3.204957,2.9286015
TAYSIX,2.5078013,2.5046284
GUQTUJ,1.6862895,2.8742664
NENMAW,2.9309385,2.7270615
JEPQUT,1.5360827,2.5065694
QAPXIP,2.191605,2.386404
LUSTEY,4.0928645,3.669165
DAHPUZ,2.5823605,2.8662317
MUFWAN,3.192984,3.03695
WOYSAG,2.4786851,2.2144737
SOCQAC,2.2163675,2.7726128
SOMNEO,1.4054681,2.1023064
VAZHAH,1.8536396,2.5364234
GAXRIJ,3.1001933,3.1133156
NEBNEO,5.9639196,4.496775
TIGZIU,2.2517421,2.7531543
LOMWUG,3.4381588,3.4846578
FUYXII,2.9946132,3.1047413
YOJPAO,2.1660264,2.5230308
RIXJEN,2.146434,2.452809
ZEVXON,4.6185884,3.8802629
OPADOZ,3.6808841,3.4995596
HEZBOF,2.0247993,2.2185383
YEHZER,3.4444172,2.9568405
VEBZUX,4.877641,3.3987617
XAGGIY,2.6419535,2.7044225
HORZUM,2.3194985,1.863194
YEFYUE,3.615849,3.3574882
QIBFEM,3.759525,3.14417
REVHIJ,4.1696005,3.6229656
YEZBEK,1.9616688,1.7115903
REDREZ,3.4950304,3.1155515
PAWZAR,3.1219623,2.7447245
AGIWIZ,2.975021,3.2556403
GERMEW,3.8436084,2.9746535
SEJVAH,2.9717555,2.854453
LAKYIG,3.986196,3.0350263
PERDOH,2.0969095,2.7232077
NIQBAS,4.5690637,4.132942
MEBTIW,3.1004653,2.7957442
WURQAB,2.1399033,2.028632
WILSUH,2.7238598,2.7560682
LOQWAR,3.266727,2.6129189
MIKHIA,2.0713308,1.9102507
YENMUA,2.6977367,2.259419
IKUFIF,3.0795126,3.056863
BOGTIC,3.2384272,3.0492659
VILPIR,2.3600435,1.9821802
NICBOR,2.456644,2.4959269
QICLOF,1.2879149,2.8000793
TIFCAN,1.3970326,2.2903557
IDEHII,3.6193864,3.5841258
SOVZUB,2.6229055,3.1514034
CISTIK,1.6457447,2.174088
XESTAS,4.2887864,3.7456353
LEGPOC,3.651224,2.775803
GALHOR,2.7717519,2.8888714
MUQYUT,3.39843,2.655918
MICJOX,3.8030634,3.3536108
JIPPEG,4.198989,3.614988
LIHJOD,3.26455,3.0287182
WATYAT,2.825086,2.7772458
AXIVEI,2.8327053,2.7806115
ETAWUR,3.2272704,2.901945
KOKMEE,1.4324074,1.6149361
GALGOQ,1.9137768,2.885714
IPIZIS,4.4008975,3.2735903
TARTAI,2.8280795,2.5392954
ZAZREA,2.203306,2.1256855
PADRER,3.2318964,2.8847055
FUYVUR,3.1916234,2.844862
MODJAT,2.035956,1.8816731
CAZHET,2.0977259,2.7606459
QUMDUX,2.6721582,2.1416552
LAKYEC,3.250128,3.1048083
SAFQUM,3.496119,2.6628346
FAHZUL,2.5159647,2.8414679
XOJMAK,3.1562488,2.7472339
DAXTUR,4.2694664,3.6581955
AJAYOA,1.2990716,1.8852396
QEGCEN,2.163033,2.6283455
RITXEX,3.5671406,2.9459622
OSERUB,4.107831,4.0067825
MIDNIX,2.8522975,2.9591448
RACTEU,3.2468626,3.2639577
WUNGUJ,1.7981284,2.7803779
NOWGEN,1.8552723,2.676507
QOJZAQ,1.9107835,2.7468507
QUVYOX,3.6025155,3.7414503
JEMKEU,2.0345953,2.0864701
QEQHEZ,3.345912,2.6490426
RIMKON,2.530659,2.008309
KICTUL,3.405505,3.1303985
UGOHII,2.463991,2.5224197
GIMWAA,3.7083678,3.3868172
PIKRIM,3.6172097,3.4691436
ZELKIM,3.3829195,3.1769676
KEYXIV,3.4955747,2.8590994
RIFMIC,2.7257645,2.1931486
HUPMEL,3.1274047,2.9654424
XUZMUC,2.555149,2.3018026
HAHCUQ,2.0955489,2.4567578
SAGBOS,1.9684716,2.1217394
LAHTUJ,3.6833332,3.4756796
XUTFEZ,2.4106567,2.0692267
HERREB,2.6063066,1.0156871
IGUPIJ,3.4016955,2.8986425
XEDXOT,2.4082077,2.5657196
TOBNEG,3.1780179,2.964023
ZORMIE,2.5110667,2.6454833
SASDIC,3.86184,3.6059458
QEGCAJ,2.2016733,2.7427197
TANYEP,2.6305246,2.6504438
SIBCAJ,3.988917,3.7845702
SEMDOE,1.2549891,2.9510438
NABYUN,2.79597,2.857677
JOFREC,2.2188165,2.8916607
UMANED,2.8577397,2.9440825
HEDRIU,2.8022285,3.2306995
VEJCEV,2.2335105,2.7447443
OLOSIT,2.2209933,3.0088012
HUBVUX,2.5943336,2.465776
OHUFIH,2.1545975,2.417792
QICYUZ,2.7282135,2.9298368
DAWZIK,3.3701303,2.9922833
RUSRUT,1.6922761,2.253883
HOWSOB,3.020736,2.9675744
JAQROJ,1.8563608,2.2356505
UZIFAM,2.5673943,2.5785048
PASFUL,2.4528344,2.3694127
QOYHAP,4.2264724,3.5636182
IVENAY,3.4381588,3.317544
QOJCEX,4.0498705,3.8570907
WEVCEG,1.7058818,2.6404727
MEBWIA,3.188358,2.5341096
MIBYOO,2.8052218,2.8106606
YOJGUZ,3.8849697,3.754544
PAWRAH,2.9595103,2.9295065
ROKSIV,1.8577213,2.3631296
TORHUD,3.4264576,3.1205509
ADANEB,3.2196512,3.036519
OMENUP,3.5491812,3.2221162
NOMMOU,3.5951684,3.2149928
SEVJEL,2.6011364,2.5531645
UNAVEM,3.4640095,2.9927845
NIPHIE,1.8313262,2.121907
URUJEY,3.182916,2.8145335
HOSGUS,2.8920262,2.862281
LESTOS,3.1867254,3.366291
QIBKIX,2.7804594,2.6168585
WOKVOH,3.1537998,3.015971
ADUYOP,3.1731198,3.3015654
WEKSUB,3.2792442,2.9509444
NUSWUT,3.6079576,2.4070334
WATQIT,3.3372045,3.0461326
YEXLIZ,3.2808769,3.1517458
MUQDOR,2.6650832,2.540607
VOXDET,3.505915,3.0023394
PALXAC,4.0106864,2.9362452
BAYLOE,2.4269836,2.9037154
AGOHUZ,2.335009,1.9877932
SIVYIG,2.7597787,2.721676
VOCCEW,3.730409,3.8529766
WUQQEG,2.1306515,2.7206762
RANLEX,2.5995038,3.0193586
QOLGEE,3.171487,3.1720889
GAMZOL,4.0019784,3.734508
ZORGUK,3.955175,3.5837398
YINTAQ,2.9625037,2.867173
CERJAN,2.7461731,2.9567397
OFADII,2.4463036,2.6294253
ROHNOS,3.0517569,3.2847092
KIGFAJ,1.6500984,2.4318395
HUHMIH,2.6416814,2.668901
EWUYAX,1.4106382,1.9988003
VOHBOK,2.2980015,2.2682421
BOSQUV,2.9426394,3.1128259
GELGUA,3.8819764,3.459568
SENDIA,3.4950304,3.7209048
FEHQOY,3.5685012,3.505603
XIXJIY,2.793793,3.5163872
TIKWIW,2.6495726,3.2323506
NORCII,2.8095756,1.9321915
MAFGEG,3.4757104,3.0405872
LAHQER,3.2030523,4.1265864
QETLAD,1.4427477,2.0176246
BERQEX,3.699388,3.3169193
SEZQUJ,2.4580045,2.4123976
XUWDEY,2.8264468,2.2422225
VIQVOI,2.4552834,2.816757
MOSNEP,2.3932414,1.9615393
ZEFWUF,3.1110778,2.9933875
IPIZEO,4.0852456,3.4206898
MOYQEW,3.4003348,3.144792
FISREG,2.8261745,2.6847312
RUCWET,2.777194,2.9452748
QEFRIE,2.722227,2.5747294
AXITIK,2.9314826,2.9161043
FIVLUS,3.269176,3.3237042
BASLIT,2.0558202,1.7240056
AHEJIH,1.8672453,1.9678743
BASNIV,3.169038,3.765111
YOPZIO,3.4811525,2.9545372
WEYTIF,2.9328432,2.0136204
NOKVUG,2.9736602,2.8571517
COWZAQ,1.9970436,3.1571968
KOKGUP,2.3856223,2.4592435
WUSYUE,2.4084797,2.7924056
FOLNAW,4.351917,3.364224
LUKNUB,2.4558277,2.567769
HAVXEK,2.6724303,2.2506742
NEGCOT,3.2689037,3.199728
GAKZUQ,2.4019492,3.290045
AYUTAP,3.147813,2.6975658
TUXDOH,2.8400524,2.8264048
WAVKAH,3.6822448,3.296791
FIHKAJ,4.969343,3.6376483
REDDAI,2.024255,2.4367814
FEWVEI,3.250128,3.1150024
SOGYIZ,1.6476494,1.271591
IPOBEW,3.6966667,2.990712
QEYLIQ,2.5461695,2.7896273
ZUXCIE,3.0765193,3.0458534
LOPCUR,3.094751,3.2849376
RUXPIL,2.901278,2.7295387
RACSOG,1.9330969,2.753839
EGISOC,1.785067,1.8774477
XAYDAD,2.9241357,2.8983839
NIFNAR,3.367409,2.5440865
HOGNIB,1.8296936,2.9706624
ALACOH,2.9668574,2.6218288
JIZNOW,3.188358,3.2995138
LUTKEQ,4.3217125,3.4924521
ZEQJEK,3.9758556,3.5682163
DAXBOT,3.3878176,3.2112088
QAHTEZ,2.9222307,2.6951535
BOHTOK,2.8618214,2.8021019
SELHOG,3.8754456,3.0720668
HIJYAD,2.77665,2.7870126
TUZSOY,2.14589,2.5713458
DIXTEM,2.5638568,2.7552667
COKRAY,2.7736566,2.6375048
VUJCIO,2.021806,2.463568
SITHEJ,3.1290374,3.129147
KENRIG,2.6822264,2.540706
PAXMIL,3.5075476,3.453856
JINJAS,3.192984,3.2375467
URABAS,2.7393703,2.9115536
GEPKUH,3.128493,3.1365488
TETZOK,3.255026,3.073107
AZAJIW,3.8689148,3.466031
RAXQEM,2.7399144,2.8241403
FUZJAN,2.1619446,1.6922911
RONQOD,4.0471497,3.3756886
IGENIT,2.6710696,2.2922745
RULZON,3.4177501,3.321649
DAVDEJ,3.4046886,3.0217996
PEMBAN,2.736649,2.6319664
LADTIW,2.471338,2.662828
KUCWAH,3.3742118,3.210705
ODICIP,3.1339355,2.8511913
YIRPOH,2.552156,2.868908
YEXZEG,2.9298499,2.9553046
IMUDID,4.02919,3.244464
FAJFED,3.59925,3.3663354
QUMHUD,2.2065713,2.0077322
YEDHUL,2.1205833,1.8008384
JEPGER,2.8612773,2.8309314
MOFWAF,2.9940689,3.2525468
SIBBUC,3.7295926,3.6794164
WAVLEM,2.853114,2.992504
ITEFOC,3.6365297,3.4477434
TEYTIB,2.7156963,2.9374418
VIRFIM,2.040854,2.8097384
LUSJIU,2.8789647,2.8876004
LOFTEF,2.736649,2.80757
LUQYOL,4.4128704,3.1329517
NAHBAB,1.3276435,2.04257
ODIBAE,3.116248,2.5162168
PIKMON,2.918149,3.2622294
WALCAN,2.9303942,3.0148623
COXQEN,1.6492821,1.7548609
LOQXAR,3.4879556,3.34211
TCNTRU,3.1889024,3.5767035
UPOLAO,3.7078235,3.2279892
PAWZOF,3.140194,2.7753117
ZAVLEQ,2.6620898,1.852105
QEMVOT,3.2275426,3.1706357
USAPIO,1.8577213,2.5119836
TEGVOR,2.4395008,2.5041296
UFOLAC,2.5624962,2.5256636
PUBVOY,3.0188313,2.95007
FEZTOV,3.6305432,2.870083
PERYET,2.3717444,2.7231739
WEXLAN,3.938032,3.4621377
SASXAL,3.1682217,2.9272592
ZIRSUO,2.698281,3.4524295
RAYCEC,3.7701375,3.0664442
TINFOM,3.9061944,3.2387145
HOWRUG,3.6963947,2.6347027
TEBYAC,3.1918957,2.6924868
NALPUN,1.8598982,0.7796147
KOZREW,3.4585671,2.8725724
MANPAS,2.8618214,2.7521625
XAWDUU,3.2680874,2.346385
CIFGUU,2.7303905,2.7822695
EHAJII,2.9712112,3.034089
MALXOO,4.0305505,3.9695866
IPAKUF,3.4332607,3.3505468
MEXJEH,3.2849586,2.9520297
RELYUE,2.1807206,2.570741
SINFIG,2.8161063,3.3846178
YIYVIM,1.7559508,2.1066475
XUVLEH,3.1750245,2.828059
HIGGOW,2.138543,2.8457856
ORIZIZ,3.8958542,3.0007668
QUGMOV,3.5685012,2.9494088
TEZHIQ,3.5913587,2.9579246
DAZDUD,3.350266,2.931416
SERGUT,3.3187006,3.533676
WEJMUU,4.017489,2.9548109
PEZVEV,2.8239977,2.9716191
GESYAG,2.7091656,2.1536615
GUZHIT,2.2256193,2.9722283
LIRDEW,2.8520255,3.1670418
REWMAK,3.087948,3.2110672
QAZXAS,3.63272,3.351634
PORGIN,2.7303905,2.4897757
LUSTOI,4.0044274,3.6211867
TIFWUC,1.789965,2.2716963
HAMBIH,2.6854918,2.4563174
EZABOW,3.5211535,3.4262342
CITLEY,1.6054717,2.6861072
JOPKOR,2.9578776,2.3260841
VINPAL,4.789204,3.732976
UFEFAP,3.5747597,2.9053154
PERNUY,2.1167738,2.6497421
UYAKUB,2.9959736,2.8207538
OHIDIU,3.2014196,3.4098837
XEYPAS,4.945125,3.490601
JIJFUG,2.7015464,2.4239395
GOMSAF,3.4022396,3.1688983
MAZGOL,2.389976,1.8577156
ATIJIW,2.6392324,2.8399863
PAXMAD,3.900208,3.6629226
IPUBEC,2.8378754,2.7864501
HIMRAW,3.2414203,2.692874
XUWHON,4.4866133,3.3087165
JAKSAQ,3.5070035,3.3836637
BAYPID,1.9828937,1.3372965
CIRJIX,2.200857,2.8241599
VAFYAC,3.0408723,2.3233821
VAYZOM,1.9170421,2.8999527
IFURAC,3.460472,3.22165
NINFIZ,2.1706524,2.1261544
VOCPAG,2.9317548,2.831097
TORMIW,2.6618178,1.8519784
EQOZAM,2.129291,1.8972764
QIRZEW,1.8985385,2.7098436
SAZYUQ,2.3586829,2.2790327
SEMVUD,2.9342039,2.8558197
XUNRAA,3.1774735,2.4947827
WUGKEQ,2.6354227,3.472398
ODIDUB,1.7045212,1.7505327
DONCER,3.450676,2.9713745
LAPXIJ,3.39843,3.3266585
PICJAN,4.356271,3.5849655
LARYEI,3.4705403,3.2577584
YIXDEO,3.7513616,3.2477205
RUXFOF,1.684929,2.2035625
VOYJIE,1.3415214,2.79637
QABTAR,3.1382892,2.8948476
YEHSUA,2.8403244,3.229509
JIWQAH,1.541525,1.7996747
UGERII,3.082778,3.1136158
DERKUJ,1.8887423,2.9505556
ADIXER,1.5249261,2.606735
VABXII,4.45015,3.7316322
RAMQAZ,2.2419462,2.4822989
ROLDAA,1.9325527,1.8229154
MIYQUH,2.0234387,1.3683457
HADHOL,1.8579935,2.8725705
LUQMAM,3.752178,3.1005187
VIRFEH,2.8400524,3.2774026
VIQVIC,2.8346102,3.0224535
HIPCOZ,1.2253287,1.7262698
DAHTOX,2.1382706,2.2861423
PAXMUX,4.2985826,3.955484
LOQPAJ,2.590524,2.5172293
BAWPEU,2.0307858,2.1323042
QOCPON,4.154362,3.1617608
ZOJSAS,3.0789683,3.0146155
LOZKOC,2.382629,2.5455987
WOWPED,3.0318925,2.9739466
EQAFOS,3.1197855,2.6947436
YEZNOG,4.053408,3.02654
TIVVEZ,3.0193753,2.9231932
UCAVAV,3.1676774,3.1751564
DAFNIJ,3.0868597,3.1179903
QICREB,3.8014307,2.7365358
KIXYAT,2.4982774,2.1646972
UBISUW,3.0503964,2.8512485
KIMKIC,3.2988365,3.205335
PAMFAM,2.5192301,2.7967389
IZUFOZ,2.5439925,2.4132433
VOXTAD,3.4308116,3.0556314
NECJIQ,2.167931,2.8238337
NABYIB,2.7750173,2.8245637
PADQAM,3.446322,2.7815404
PUPGOY,2.4868486,2.6032495
HIKKOE,2.2914708,2.0410843
PIFDAK,2.2509258,2.2624204
REMSAE,3.2890403,3.2752914
CARSOD,1.8228908,1.9916251
SAKDIS,2.9736602,2.5023832
UMUQUQ,2.2016733,2.544844
JURJAH,3.5736713,2.9317858
HOTRAJ,3.7978933,3.362297
RETGEC,4.608248,3.4076123
EBEHOK,2.2065713,3.0094981
TOBMEF,3.290945,2.9634604
KULKIL,3.1774735,2.899886
XUZMIQ,2.8468552,2.2954223
YAYLES,1.3257388,2.2325196
NINDIZ,2.8308005,3.014244
DOYRIS,4.529335,3.2676604
ZIPLIT,3.5363917,3.4088712
ITUYIH,2.912979,2.5894582
NUDQOU,4.3339577,3.5347621
MIDNOD,2.4536507,2.769374
ISIXUD,3.5023775,3.953621
ACOSEQ,2.8359706,2.8420813
FIHSOG,2.4577324,2.6375365
HILZUY,1.6024785,2.5772908
GODCEK,1.50098,0.85029435
EQUYUK,3.455846,3.1876855
LIFDEJ,2.8313448,2.4541035
OKOKUU,3.6604757,3.3385065
QIWPUH,4.4172244,3.5963433
SUQDIT,1.1453272,1.4716262
EPUXIY,2.6903899,2.6718268
CORKID,3.1420987,3.3413079
EMIHOZ,2.7140636,2.220416
NAQSAA,2.6261709,2.243889
XEMCUO,3.4680912,3.0772219
GIDBUT,2.4887533,2.5716095
XIPJEO,1.2269614,1.8972876
SIGJUO,3.2185628,3.1149597
POSHAH,3.0163822,2.6389027
GAQSAS,2.81529,2.7225003
ZOYJOO,1.97854,1.699981
QAWXIW,1.6892829,2.3306973
CAHNIJ,2.9924362,2.6584382
DAFPEG,3.9633384,3.4295223
KAWMUQ,2.6210008,2.0560794
COXMUX,2.1303794,2.2709231
ORAKAV,1.9779956,2.447269
JEFVUO,2.6558313,2.9083607
HUNXAQ,3.333939,3.2276683
ICESUG,2.8144736,2.055256
VEFREE,2.1897004,2.4587379
SIHLUS,2.8332496,3.0126095
LOMXAN,3.2928498,3.3326025
POGNII,2.9298499,2.955095
LEYJOR,3.0011437,2.8848836
YAQLOU,2.8427734,2.4318569
SIXBUY,3.405233,2.828875
EREFAI,2.2354155,2.2149463
KUGDEX,2.587803,2.9792778
ETIMIE,1.4522717,2.3923664
CEZHUM,3.9040177,3.3448732
CEPQAP,2.7510712,3.4832048
DAQBEC,3.063458,2.6815448
MACQOX,2.9309385,2.7382357
MUQYUU,3.2917614,3.4025035
YEWSOL,2.351608,2.6388464
OZADAW,1.7058818,2.7175498
REKCER,4.530696,3.4389374
KOLREI,3.6787074,3.0627098
RETSOY,3.6817005,3.2475023
CIVRIL,2.4158268,2.106218
IREZUA,3.8566697,3.359773
AQERIY,2.2065713,2.903972
WONMAN,2.652838,2.1714234
TUXFID,2.861005,2.8009138
TOPZUV,1.6473774,1.3484699
NOZBIP,3.9494605,3.1085413
OHIDAM,3.7739472,3.3273013
CAGLUT,3.1059077,3.0765233
HOHVEH,2.198408,2.7186718
PUHXEW,2.9527075,2.801786
QENJUO,2.8811417,2.7993522
OZOLOG,2.4980052,2.6278055
SISLEO,4.045789,3.2528846
DOMZEN,3.3548918,3.0178123
TADTUP,1.4449246,1.6187652
GEVROO,5.0428143,3.7972813
VABLOC,3.6259172,3.7126741
IGUPEG,3.231352,2.8609364
FUPHII,3.577481,3.5842423
NIKGAQ,3.1431873,2.9124436
DESJUJ,3.312442,3.0257757
ABEWUZ,3.3440073,3.179996
JIMMAU,2.2125578,2.9120104
BOCWUO,3.4095867,3.221825
IWEFEW,3.5385687,3.3520234
QEZVIB,2.719778,3.0700192
CIJCAA,2.6316133,2.3084295
QIDDUE,3.8079615,3.7403014
TUGBOM,3.214481,3.1250129
HATNIB,3.2914894,3.1563187
ITEHIZ,2.0035744,3.0825667
ORUYEH,3.4033282,3.0644252
HUWYUT,2.3448052,2.4068222
PIYNAO,3.336388,3.37978
KAWRAD,4.488518,3.3601308
AMEWIY,3.3728514,3.2868733
LUPREU,1.3940393,2.3459125
LANSOL,3.1135268,3.1418455
GAWSIJ,3.4468663,3.2585227
ATOTAF,3.1657727,2.7522511
EFIDUU,2.9932525,3.0250564
YUMVOR,2.8163786,3.024435
UYINEX,2.8601887,3.0315938
PEYDUS,3.488772,3.4421878
HUHMON,2.590796,2.6868455
ZELJAD,3.9611616,3.708324
MAZDUP,2.5820885,2.301596
OVUHIY,2.2906544,2.291391
BUQGOJ,2.8922982,2.676512
RONBON,3.8038797,3.232935
GOMZAM,2.4343307,2.418565
RALPOJ,4.6615825,3.4195433
TUVDUK,2.6327016,2.4925706
HEZTUE,2.1690197,2.7790213
ROBGOG,2.7480779,3.166201
ZIQBAC,3.2185628,3.1927557
WOJBOP,2.8449504,2.5497217
JEYXUG,3.8773503,3.3138828
DICTOA,2.915156,3.0574605
BIYREH,4.2466087,3.5273316
ROJMAH,1.2936293,2.641752
PETCEW,5.8395634,3.9429858
BUZYAX,3.245502,2.7081654
AJUSOP,2.9186933,2.866836
YIVXOR,4.008509,3.5266867
XIQGIO,3.9970806,3.8811212
OKINEB,3.305095,3.061686
AKUMAV,1.2340363,2.9282942
NODMEB,2.679233,2.9253414
DUKPII,4.8433547,3.7939312
QONQAN,3.9391203,3.5782866
ONIXUF,3.0746145,2.989992
ALOXIJ,4.160621,2.9866436
UNAYIT,3.0123005,3.0521135
RAFDAG,2.2484767,1.4085608
SISFUX,2.0884738,2.87695
KEHSAT,1.6871059,2.306625
JAQXUU,4.2403502,3.3337677
SOWWOR,1.9725534,2.6577716
HEDFIG,3.7227898,2.6731265
LILHOF,2.2800422,2.3315527
QEXSAQ,1.5856075,2.6460447
ZUGYUX,3.1674054,3.2857504
ORUFEO,2.2449393,2.5866046
KEMLUK,2.234599,2.3903189
WAPDID,3.1388333,2.8239472
YEZXAC,2.4267113,2.447107
WAMYIU,3.5810184,3.3495784
VAKFAP,3.0171986,3.2538905
QEPHOI,3.5260515,3.0851262
BOMTEF,3.2397876,3.1071832
KAXHIB,3.188086,3.383183
DILCUZ,2.9984226,2.9871957
TAHVEF,2.5918846,2.6614282
CIVZAJ,2.571204,2.481572
YEGLUT,2.0939162,1.8361303
RIQYIZ,1.8095572,2.1616654
ZOPVOR,3.2547538,3.4377086
KUXWUX,2.416371,2.7690973
VIGYOC,3.084955,3.260204
TEWSUJ,3.364688,2.849714
QUFQAK,3.668367,3.5462756
YEDMAW,3.2533934,2.9983766
BOSFUL,2.3483427,2.9190376
ZUDNUH,3.0177426,3.137538
IGALAD,2.4781408,2.4999154
RARPUW,1.928743,2.413961
SAFSEY,3.2256377,2.4006653
ASALIR,1.9779956,2.3249164
LEHYUV,2.660185,2.787252
VARPAI,3.3518987,3.313185
REKCOB,3.6392508,3.0287616
SIYYUW,4.3108277,3.0395315
ILAKEM,2.893931,2.3616614
QEJLEY,3.0414166,2.992439
DIXVAK,1.8607146,2.24326
GELHAH,4.141845,3.4068098
RACKEN,2.2256193,1.7660681
IXODEF,2.2449393,2.6951833
EGITAP,2.301267,2.5203514
ZOTXUE,3.2201955,2.6083503
EWIBAO,1.0623325,1.5024214
MOXWUR,3.1622353,3.2236586
CEVDEP,2.7725682,2.7628078
JEMVON,2.0487452,2.8571827
VOHBEB,3.6830611,3.6368139
OJOWIT,3.5834675,3.243359
WOKSAR,3.2729855,3.3048286
JAMZUV,2.8830464,2.922093
BEGBAT,3.1562488,3.058521
CIFZEZ,3.0923018,2.798479
HIVXAL,2.733928,3.1348054
UTANIO,2.2294288,2.5057714
AROKOJ,2.2697017,2.560462
EHURUU,3.54646,3.1555557
RIPGUS,4.4681096,3.777712
AXIVAE,2.8781483,2.790741
REDQUO,3.2052293,3.3900192
NALSOJ,2.0996306,2.3397171
BEGBEV,2.311335,2.3428173
ECOXOM,3.2351618,3.2474368
DONKUN,1.9472468,2.2817318
NAQROP,2.901278,2.3999107
MEVKED,3.3772051,2.8135922
MASMOK,3.0123005,2.834651
DOMKAS,1.6068324,1.702476
KAWREI,2.330383,2.3020265
SEVNAL,2.879781,2.958797
GEJVAS,1.8128226,2.2707012
LEVMEF,3.5162554,3.140952
WAHSUW,3.6787074,2.7247288
TEYCEH,2.8789647,2.5088372
KIZSUI,2.0234387,2.3312695
BUKJUO,2.538278,2.7578554
NAZFID,2.9676738,3.4289763
IMOGOH,2.6103883,2.6264632
POYSAX,1.6971742,2.083851
XALYUE,3.201964,2.81076
IBELAC,3.039512,3.2121885
QEFTAZ,1.6566292,2.70086
SIJKED,3.3557081,2.7381005
EGOMUI,3.7690492,3.422319
JIWCOI,2.1513321,2.7740593
LUQZAZ,2.0283368,2.3783398
YOPYEJ,3.6240125,3.132525
PIQSEQ,3.2767951,2.7804945
FAZXIN,1.0805641,2.0869927
VANCAP,3.8365333,2.9775891
WATYAU,4.6066155,3.95713
YAZQOG,1.8013937,2.1720748
WOJBIJ,2.841957,2.5639951
XAZZAC,3.5695896,3.17528
QEKQIH,3.0275388,2.9680338
YABYOR,2.9861774,3.1943712
XAGGOE,2.8182833,2.6331913
KIZSES,2.1075218,2.537447
ZUCLEQ,2.7154243,2.3540804
FIJBOQ,2.882502,2.5253615
GULNOQ,3.2084947,2.812155
YILKOW,2.3594992,2.774761
WAQGAW,3.9908218,3.5325177
WIBNIE,2.782092,2.5817611
ZIQQOF,3.5018332,3.088114
JOMRUY,3.7491848,3.1919377
GEMZAA,3.0389676,2.4387982
ESIZOW,2.8694408,2.784614
AKEHED,3.1611466,2.9777324
KIMLOJ,2.8863118,2.9637735
TUKWUS,3.2030523,3.2755294
LUVPEZ,2.3932414,3.0286932
MOSLUB,3.8231997,3.2405598
YEGMAA,2.3725607,1.956692
BECMOL,2.8479438,3.134169
OHIDEQ,3.39843,3.09169
MOMVOB,1.7548623,1.3863544
FIRBIS,3.5467322,2.4517877
SAWPIQ,2.5937893,2.5095277
KAJNAN,2.839236,2.707413
QOXXOS,2.5633125,2.7206118
UNEGAX,2.1945982,2.4658482
UBITOR,2.9184213,2.9564457
PUPVON,3.3154354,2.88118
HIVWUE,2.8912098,3.1179821
TIGTIM,3.4574788,3.3075984
ULATIM,3.7791173,3.3481283
FOCSEW,3.18346,3.3021708
IKORIK,1.7627536,2.739737
VUCCEC,3.8253767,3.5465364
TIHCOC,2.3624926,2.488582
SUYGUP,3.6408834,2.9674668
KIHGAK,3.1494458,3.5093966
RUNMAP,3.2640057,3.4457622
AQONOK,3.3842802,3.2247608
APOXOU,2.059902,2.1830382
YEKCUN,3.1840043,2.925058
XADBUB,1.7573113,2.7297268
RUMDOS,2.3126957,1.7014755
KAQDAI,3.4841459,2.9546921
QEFBOU,3.3200612,3.1009076
REJTOP,3.2786999,3.3782508
QASCOC,2.489842,2.8142633
DAJCOJ,4.827572,3.698568
DOWXIW,4.1570835,3.2134476
KEXCOI,3.1633236,3.195507
ROHHAY,2.557598,2.97157
VIFWUE,3.161419,2.834214
BACDUG,3.1342075,2.8487456
EBORUL,2.555149,2.6607673
EBOYEC,2.6324296,2.6391685
ZUQJIE,2.9352922,2.87876
ZISYIJ,2.6346064,2.3819818
AQIPAT,2.7660375,2.79804
QEVYOF,2.4392288,2.1338468
ZORTIJ,2.6424978,3.1226673
DUQGUS,2.9954295,2.7563272
BERQIB,3.54646,2.3603556
ZUYHOQ,3.3714907,3.0983033
DIXTOW,2.533652,2.3229048
TEYVUO,3.0335252,2.9329612
NOLGEB,3.0308042,3.217283
AVUKUZ,2.5186858,2.7410345
WOSQEA,3.3567965,3.1900835
OFIBAG,2.784269,2.726114
KIHMIZ,1.976363,2.5744762
YIRPIB,2.774473,2.77882
GUZQEX,4.0376253,3.1402898
TOLWIA,3.350266,3.1207502
GUFKEZ,2.5396388,2.9627283
RAPFIZ,2.5086176,2.8552444
WOZYOB,2.1543255,2.70836
ALEPIR,3.556256,2.8584154
ODEKUG,2.313512,2.4244895
HOCLER,2.8457668,2.927353
HUNSIT,2.893931,3.0139043
OSUCOV,3.8653774,3.6632018
ISOQOW,3.3826475,3.389587
ZICBAR,3.5557117,2.560806
LATVAD,2.8933866,2.97566
MIDPEV,2.7192338,2.4954717
HUQMIQ,2.523584,2.4461787
CATSAU,3.0593762,3.2402368
XAZYUV,3.9655154,3.6304233
QUJCOO,3.388906,3.3085186
ZUXCEA,2.2231703,2.5790117
TORJEP,4.455592,3.056124
KOXPAO,3.104275,3.1790986
HEZWAM,2.9940689,2.7343574
ZIJDAA,3.0531175,2.5671072
WACXAA,2.2748718,2.420331
REKWOT,2.6302526,2.8036215
QENMAA,2.4340584,2.3559382
BETLIX,3.1774735,3.1584103
ZUXNAJ,2.2971852,2.4722867
SISGAE,2.2778652,2.900752
WUVZUJ,1.9790841,1.8206269
XUNQUT,3.0699885,2.37031
YIGWIU,2.9505305,2.9258332
WALGUM,2.0318742,3.2747033
WAQRUB,3.2650943,2.8333347
QOKVOB,2.879781,2.739188
GALHAD,2.7140636,2.9749017
YICZAM,2.7039955,2.9429002
VEBYOQ,4.0621157,2.5235426
MOFWOT,2.4645352,3.1109784
FORQIM,2.6482122,2.768081
JEFWEZ,3.4950304,3.2144983
ZONJAP,3.2591078,3.2520838
BEBZOX,1.2582545,3.0639207
YOGNEO,1.6852012,2.174882
DAFZIW,2.4833112,2.6140778
JOSSAL,3.9723182,3.550169
MULZOI,1.4288698,1.7352656
SEVRUJ,3.52714,2.956836
VAQMAB,2.9910755,3.0605278
RAZCEB,3.2065897,3.195594
RUXFUM,4.3723254,3.6173487
PEDYOM,2.311335,2.461871
EFUSOQ,3.037063,2.8724978
WINFAA,3.53231,3.1914089
VUCBUR,3.6787074,3.5101166
JAQRID,2.265348,1.9069076
LUTXAZ,3.2795162,3.0595653
CNBRUB,2.6596408,2.295149
XUZLIN,2.6416814,3.2897215
KAYHEA,2.0223503,2.5605931
IXOPUH,1.2601593,1.4216652
TEGVEG,3.006586,2.522536
SIVQUM,1.8397619,2.8562436
REVBEZ,3.0071304,2.7994688
LIDFIP,2.9407346,2.4380174
YAZZOP,1.3733586,2.468052
FEJHEJ,3.711361,3.2648559
BAZMEX,2.7257645,2.7147686
UCIHUK,0.24490248,2.2948139
RAPVIP,4.143478,3.588079
IBAWOZ,4.5279746,3.7785146
REBGUC,3.5616984,3.012452
BAVKAM,3.0237293,2.7466624
QERTIT,2.2675247,2.9440122
ZEZZAI,2.7380097,2.8609164
KOMZER,0.9083161,1.8947456
DIXWIS,2.0996306,2.4744213
KEQMEA,3.0057697,2.752771
TEKQEI,2.3306553,2.4265924
FEPWEF,1.8003054,2.7730262
ZISPEW,3.2006032,3.3980756
VIMTUH,1.5543144,2.678693
BIKNEO,2.5434482,2.8006613
WAYZEE,2.3728328,2.7799547
SOQBEH,1.1953962,1.3648661
WOWRIJ,3.651224,2.8845341
UBISIK,2.9265845,2.956519
KARYEJ,3.0093071,2.729439
LIBQEU,3.149718,2.7274773
POMQAK,2.4465756,2.725301
FUVPIV,3.7246945,3.2543976
HESBUD,2.167387,2.3124104
WAVKOV,3.149718,3.0697217
CIJCEE,2.6493006,2.3940172
CXFMPR,3.678163,3.140809
XIPQIY,2.9535239,2.5752702
GUKJED,3.2357059,2.8345056
XEVSOG,3.5867329,3.094663
LUWVEF,2.6033132,2.673294
PALCAI,3.229175,3.0366242
LELMAR,3.2354338,3.168099
QOMFED,3.6474142,3.253047
RUQWIJ,3.4084983,3.0627646
QUZXIT,3.248223,3.133113
PALBIP,3.6139443,3.4066167
FELSIA,2.4868486,2.0945902
GIGGOV,2.937197,2.9315882
YANSOY,0.87266916,2.2710674
NAWMEG,2.2022176,1.8515983
TIHBAP,2.5948777,2.6870074
AXOSOV,2.9137952,3.0109792
MOXWIF,3.2593799,3.2017674
ZALJOO,3.2659106,3.1928477
JINXEK,3.3366601,3.205299
DESKIY,4.0283737,3.4323773
IFIBOQ,2.6860359,2.797605
CASPAO,3.770954,3.3784637
MOQZUN,3.3967974,2.9929652
WUMXOT,2.2620826,2.4269464
SAFWIG,2.069698,2.4073575
COMKEV,3.5336707,2.9220645
XUJVED,2.9649527,2.876001
TEBQAT,3.0882201,3.4492197
SELHEW,4.1091914,3.2306566
KANYUW,3.3875456,3.3531308
DOMTAB,3.1314864,3.0160432
BUJRIJ,3.3518987,3.3148127
AFILIK,2.8378754,2.5308268
KIHKET,2.1641216,2.4474661
HOFTII,2.8958356,2.5697768
HARHEN,2.3867106,2.3876371
ILEZUW,2.3888876,1.9000835
CAFHUO,1.5793488,1.6356845
NEFQUM,2.1205833,2.6160114
ECOXUS,3.3891783,3.2859035
DIWBOB,2.853658,1.885114
EPUPIP,4.0329995,3.8273044
IMESOK,1.4457409,1.7605159
SAYSUJ,2.3880713,2.3748937
WOSNOH,3.31217,3.175343
UJACAK,3.5148947,2.973969
DEVFUI,3.1374729,2.7899647
SURFIV,2.2313337,2.5521111
XUVLIL,3.6520402,2.771797
LEFYED,1.8775856,1.7398039
NEJCAG,3.0403283,2.7410703
FECNIL,3.6719046,3.1968336
NUZYIR,3.470268,3.3499603
EVAHAK,4.461851,3.569637
NOBLOH,2.6925666,2.8470206
YEYSAW,3.573127,3.8931952
LIFDAF,2.8648148,2.389635
KIDWEB,2.8852234,2.7954717
DOYNIO,2.9929805,2.5600154
TEYVID,3.7290483,3.2794974
QAZXEW,3.2370665,2.9929585
HAPFOT,3.0288994,2.9506042
YIKGOR,3.3750281,3.4336827
QIBKOD,2.731479,2.6071815
WUJTAY,2.1287467,2.7680697
YIZZAI,3.367137,2.7445
TUSWUA,3.068628,2.3254855
RAZDIG,3.1225066,3.2318113
POLBOI,3.1780179,3.2141366
POLCUR,3.065907,3.2317832
KEKGAI,3.3872733,3.3482757
RAMPUS,2.2781372,2.664564
SOYNUP,3.264822,2.7803552
JOWJUA,2.5048082,2.4257686
LISHUQ,2.320587,2.2547762
NAFRUK,3.4980237,3.5060594
MIXLIP,4.0476937,2.9651186
PUJWOG,3.8898678,3.2968116
WOSRAX,3.2710807,3.1705227
YUCMIU,4.0710955,2.8994048
BOPZAI,2.9957016,2.8342164
GALZEY,4.0106864,2.8028884
ZALGEY,3.0599203,2.659016
TUSXAH,2.7252204,2.0031257
BACLAU,3.0735261,2.574496
SAKFIW,2.5426319,2.764662
SELHUM,3.5276842,2.8568497
MABFEB,3.5570724,2.9290023
OMUHEL,2.2498374,1.7038683
EYEPOO,3.1246834,3.299426
DIXWUF,2.5698433,2.5500844
HUDQAA,3.0925741,3.2119048
LADNOW,4.19137,3.6725757
TOVTUV,2.2765045,2.774341
SOWBAK,3.472445,3.4131608
PIKMIH,2.9048154,3.4046264
EXAPOI,1.4759456,1.7954489
XEKTIS,1.9856149,2.366492
FIGZOL,6.0504518,4.191353
HOKREE,3.367409,3.0429726
CAKFOL,2.9488978,2.7147603
LUHLAD,3.1660447,3.0911875
QALXAD,2.3867106,2.3728886
QONSOC,4.606888,3.920762
RUQMEW,3.8226554,3.2173123
SUNWEF,2.2773209,2.1856296
NASTEJ,3.0626416,2.849618
VEQBAV,3.7777567,2.9831028
FUJHIB,3.6076856,3.220981
OKUQOA,2.965769,2.812621
NANTUT,3.405505,3.0423002
YIQRAR,3.9149022,3.5094063
JEZGUT,4.046605,2.922064
NEBVAU,2.3214033,2.5513175
OKEWIM,2.6920223,2.9838076
SEWKIQ,3.5110853,3.2366052
PUXMOL,3.2593799,3.174398
XOPDEL,3.4759824,2.4405954
WIVVIG,3.582379,3.6917264
PIZSUM,3.352715,2.8958502
QIFCAM,2.8718896,2.8713112
QIBGAL,2.855835,2.89155
HOJDEQ,3.4980237,3.143431
FEWCAM,3.6765304,2.9056244
TISWEY,2.0114658,2.7784524
POGPOQ,2.2120135,2.895157
COKWUV,3.592175,3.0572588
JEGKOW,4.010414,3.1642818
FETFUF,3.7978933,3.0838463
XOZWOA,3.8177576,2.7926533
ZITGAK,3.1034586,3.0019233
FIXXAM,2.731207,2.8167415
DACTIM,3.4373424,2.97766
WUPHOG,3.099649,2.9702194
YEDDIW,2.5080736,2.7009332
MULLEK,3.3872733,2.8144746
QUNBUW,3.5758483,3.136303
SEYYON,3.1176085,2.462217
COTTUC,2.3477983,2.8500524
SEBHEN,1.8144553,2.486902
GINMIZ,2.9861774,2.92105
DEJTAN,3.0000553,3.099139
AMIGIN,2.619096,2.5176902
AYOBIA,3.6702719,2.8687541
DOGRUP,2.1671147,2.6155567
YAXYEC,3.7535386,3.2086704
YOLRUN,2.879509,2.607413
VODZEU,3.161691,2.9195223
SEWJOW,3.0131168,2.5591233
FAVNEV,3.8520439,3.2091815
OJUQAM,3.7853758,3.0842795
ZAJDIA,3.008763,2.764664
TIDSOO,3.3271363,3.0990093
TIRLUC,3.082506,2.3086426
ADOCOL,2.97747,2.820221
POYFEP,3.5497253,2.9663162
DAQJUA,3.6977553,2.9003844
CICZOE,3.5603378,2.9354784
CEPHIP,3.496663,3.080276
MUJLEJ,3.0846827,2.7210016
KETCIW,3.596801,3.3004766
OZIQEU,3.5491812,3.628924
XOMPOF,2.5072572,2.8098874
IYAKUO,2.538278,3.2376957
GUSKUA,3.9350386,2.9134393
KOKZUG,3.4400635,3.0237904
XUMHAP,3.0713491,2.931242
RUQVEG,3.618026,3.443112
LITMOR,2.7352886,2.9289205
FOCRAT,3.3401976,3.042387
TAPVIP,3.0079467,2.9457011
MELJOF,2.5627685,2.935153
ZUVGAY,2.9984226,3.080864
EJAPEM,3.08305,2.9000494
WADSID,4.5151854,2.782901
MIPZIV,4.273548,3.0351222
FOHDUC,2.7660375,2.9322317
HANPUK,3.432172,3.274383
JEXHUQ,3.7875528,3.4854462
GUPFUS,3.560882,2.8202868
KEZWOD,3.3763888,2.9548435
NOGQAD,2.9159722,2.46169
TUDXIZ,3.4904046,3.3583314
QOZTEF,3.1777456,2.923989
FUMZAQ,3.2786999,3.1306467
BUJQON,2.5431762,2.3014925
XIRKUH,4.0972185,3.3585682
EGOKOA,3.1755688,3.1612763
IMIDAJ,3.0713491,2.8465385
TURHUL,3.668367,3.0995853
FUHKUO,2.9810073,2.8756301
IFIHEM,3.2435973,2.8813853
VANWUD,3.0392396,3.0670884
QENJOI,2.5409992,2.3236156
LUKYIZ,2.275144,2.5193913
ICEDOM,3.2294474,2.9325986
BEDHID,3.006858,3.067472
YUQCOE,3.281149,3.3382318
SUJPAO,3.4642816,3.1818757
WAXFEI,3.1910794,2.6817434
HAQFOW,3.601427,3.5622063
JUVXAZ,4.1660633,3.1232312
TOCVAI,2.9328432,3.160833
XOGCOO,3.520337,3.093846
MASKEY,2.7442684,2.5650296
MIDPUN,2.999239,2.8083768
QOMPAK,2.8805974,2.8933227
DAWLAP,3.424281,2.9996002
SISHEH,4.0868783,3.0688348
HICMIP,3.2471347,2.8853147
ZOLWAA,2.1086104,1.5558981
RIJJUR,2.554605,2.9214838
KEFMOA,2.8308005,2.9593186
LUKYAR,2.7110703,2.7958052
WIWYIM,3.730409,3.1358628
JOCHUG,3.3200612,3.2318044
DAQWUO,3.3780215,2.6603143
FUDKOF,3.6406114,3.3267794
VADQOH,3.3206055,2.7370498
DIMSIE,3.1763852,2.9157853
MUJPIR,1.9246614,2.4610062
ITOHIJ,0.9156631,2.0476997
CERRIC,2.8185554,2.7808626
TISVUN,3.9676921,3.0679512
XAPSEO,3.247679,2.8307996
FENDOT,3.5480926,2.95593
PEZSUI,3.5548954,2.7565084
QEPYAL,3.3665926,3.0382686
TIZKIZ,3.1646843,3.311758
UCORAG,3.3233266,3.354621
WIJWOD,3.4419682,3.2374172
RERJUU,2.4465756,2.5010846
UGOHOO,3.0593762,2.5186505
YIXWEH,3.1565208,3.0120294
SAKWUW,2.9301221,2.5961533
REVDEB,4.27763,3.3994942
VIFYAM,3.2996528,2.7783256
KEFJOV,2.8980126,2.6640067
PUTDEO,2.6990974,3.0806308
BOQBUF,3.675442,2.9646363
CAVTID,2.6786888,2.9357224
MACHEE,3.5445552,2.9865544
CEPPIY,3.0457704,2.6951451
PAJXEF,3.610951,3.012231
FAVCUD,1.9616688,2.7253091
AJELOS,2.7886229,2.641435
FIBPIR,2.9676738,2.6169915
REZLUD,3.087676,3.0442688
IFIHAI,3.145364,2.9374943
SADQET,2.9619594,3.0097768
GIFTIY,4.2079687,3.0651784
OHIJOE,3.4444172,3.4104095
JOFXEI,2.9116182,2.6385434
VAHMOI,3.6868708,2.8370516
XIVQAV,2.1682034,2.3327081
GEKPER,3.7578924,2.9503772
SEBDOU,3.2710807,2.7074828
NANVEF,3.3214219,2.9909987
FIHGOV,2.5646732,2.4622052
XEMXUI,3.3012853,3.0985162
HAGTOB,3.8362613,3.1131797
WEWSAT,1.8950009,2.3734555
MADMEK,2.7682142,2.884684
FOPWIQ,3.391355,2.8387213
GAKTUH,3.152439,2.1810298
KIBPER,2.793793,2.8305907
TUTMIF,2.330111,2.6536415
JATJUK,3.1489017,2.8475947
KEFJUB,2.915156,2.6525238
DADNIG,3.874085,3.058296
SOVBOW,3.548637,2.9661794
PARMAY,3.0490358,2.9186125
ROHZEV,2.5703876,2.6622612
KAPZIN,3.754355,2.9305472
LUNLUC,2.8316169,3.2004457
YOCTAL,2.676784,2.1945348
DEDZOD,4.00606,3.8676126
FIWKED,2.6903899,2.8506503
HEXMAA,2.741003,2.9421864
COSKEC,1.9929619,2.66846
DUXLEN,3.7646954,3.1931238
YUMWAF,2.6849475,1.7672898
RIQDIF,3.64687,2.8020978
VAQYEU,2.7516153,2.4113092
ISOKEI,3.3320343,2.6235287
XIFXES,3.037063,2.7881477
NAKCOR,3.7320416,2.973547
HATQUO,3.2849586,2.8388762
KUGGEA,3.3064556,2.7322118
GEKDUV,1.9390833,2.415731
EHEXAQ,3.5263236,2.9261835
KULKAD,3.0882201,2.2476315
XAMXIU,3.5597935,3.594739
PUBTUB,2.946721,3.110229
DOFDEJ,4.467021,2.7330132
FERJUJ,2.9701228,2.5234592
XOPDAH,3.5693176,2.5838847
HOBGAG,3.4787035,3.2916439
SEZWUQ,3.8686428,3.0741816
HOFPEZ,1.9121441,2.4290528
TURHOF,2.2098367,2.8690913
JUTZAB,2.8980126,2.8051052
KOGGAR,3.6144884,2.9389043
RECGAK,2.655015,2.5161297
HIDKIP,3.209855,2.8749456
SOQQUM,3.4901323,2.8789191
DOHHEP,2.2389529,2.5672555
PUXMEB,3.0125725,3.0713382
CAQXUO,2.6343343,3.0350518
WAFYOS,2.3771868,2.5600204
NUTMUL,2.733656,2.5592113
VEJFEW,3.7981653,3.2229192
KOFJUN,2.7739286,2.9807959
MUTBUY,3.2065897,2.754066
TAQDAQ,2.9717555,2.9289455
SIFBUF,3.372035,3.0186422
OSIFUT,2.6452188,2.9328637
QIYNAO,2.5864422,2.583741
FOJVUW,4.785394,3.6282165
SITKUB,4.329876,3.4125617
OKEMOG,3.2661827,2.801752
BAWQUL,2.8767877,2.983016
NEJLEU,3.691769,3.0468428
XOBJUU,3.0620973,2.8210254
YORRED,2.7853575,2.8035977
INUWUL,2.763044,2.3924782
KEZYIA,2.7880785,2.778102
LAPRIE,3.2161138,2.9313374
VUMYAE,4.455048,2.81897
GAQLES,2.741003,2.498997
NIGCIP,2.5399108,2.9422095
EFULAU,3.3235986,2.8803465
KIWPEM,3.7524502,3.600398
PUNGEL,3.0914855,3.0125718
YAPVOC,3.469996,2.995614
FIPKOE,3.004409,2.818451
KUZMEX,2.860733,2.7426648
HELSOJ,2.3608599,2.7354677
QUNXAY,2.5733807,2.373173
TAFPEW,3.2324405,2.8284988
JOBBEK,3.5886376,3.2453845
PAMZIP,3.1962495,2.9338078
MAMTOK,2.5078013,2.7791145
MECKAG,3.0865874,2.9701324
KAMCOR,3.0525732,2.8274999
RUGVAR,2.8422294,2.7957883
ROKXEW,1.7521411,1.725917
YORQUS,2.8106642,2.7248454
GIRROR,3.185909,3.0175414
KANPEU,3.286047,2.692706
SOQGEK,3.6378903,3.0590234
KAGXUN,3.5333984,2.930591
NABPEL,3.9859238,3.1947765
WOGTOB,3.264278,2.9849074
YIPSUL,3.754627,2.636716
MARRED,4.4602184,3.2371197
YEXWUU,3.0022323,2.8542535
JADZEU,3.503466,3.2334938
FAJDAW,3.1135268,2.9220355
GUSKOU,3.0732539,3.128015
MAFKIQ,3.176113,2.6782582
POXQEA,2.5320194,2.8434882
BUWTET,3.5467322,3.0456123
XODPAI,3.7720423,3.0073078
CURJAA,2.7347443,2.9176831
EVAGEN,3.959529,3.5796208
NAQFAP,3.3791099,3.3830411
PUDJUU,3.4400635,2.7746599
GEGNOW,2.9497142,2.9300935
ROCVIQ,3.0476754,2.929891
MUXWAF,3.9587126,3.7469268
WEYSAV,3.7279599,3.599113
NRACRH,3.653673,2.9062135
POWXUU,2.0724192,1.611541
TANJUO,3.5829232,3.501877
FEWBOZ,3.4319,3.0369387
GAMCUS,3.41258,3.116132
FOJWEH,4.628929,3.798606
DOTBEW,3.2114878,2.942204
QIFCEQ,2.758146,2.7523105
CIJJIP,3.206862,2.8473766
ROYKUN,3.2321684,2.800412
HIZVIW,2.7034512,2.763164
YOVMIF,3.5546234,3.1959772
LEFBEE,3.1766572,3.1021361
UFIBER,2.7380097,3.154955
VUGBOQ,3.1627793,2.661572
QEKQEF,3.7007484,3.3006248
XORSOO,2.4969168,2.5672522
MAMTUQ,2.5401828,2.7728565
XODXET,2.9293058,2.8582928
YATRAO,2.8190997,2.6340804
GIZFUQ,3.5687733,3.1394882
XOFHAC,2.9818237,2.4125075
JAGFOP,3.5385687,3.1195893
CUDKUI,3.6199307,3.1948638
VEZJIU,3.6093183,3.0801904
NOKLUV,3.1372008,2.838665
MUFBIZ,3.9260588,3.1129625
PETKAA,4.8809066,3.698637
RIVYOM,4.3481073,3.0035114
ADUZII,3.8898678,3.23886
SERTAK,3.185637,3.0792432
ENEWIE,3.5499976,2.8496041
UKUMAP,2.6112046,3.028094
IYAKEY,3.6392508,3.581352
WAWLEL,2.8865838,1.6923958
MOCLUL,4.324978,3.5105083
MOTCRH,3.6308153,3.101402
VECDIQ,3.3856406,2.9036596
REVFON,2.1616726,2.046016
GACRIM,2.4411335,2.8060927
SEJGIZ,3.8895955,3.0657544
FODCIM,2.523584,2.4730535
KAGCEC,3.3225102,2.573342
MOQWUM,3.1755688,2.8211117
OFEWIG,3.44605,2.8023121
WOGGUU,2.8408687,2.6687315
HEKLAK,3.147813,2.733961
MOJCAQ,2.8525696,2.872368
OTAWAI,2.3867106,2.6377416
RAQXUC,2.7083492,2.9199429
ZAYQIB,3.1080844,2.8107255
ZOSHIA,2.557598,2.9632947
QECGIO,3.2389712,2.8753486
JEBPOY,2.980191,2.849549
DUNDOF,3.145092,3.1618588
IVUDOS,3.8120432,3.690351
HOTROX,2.936925,2.675804
EFITET,3.2748904,2.9616182
KAHTAQ,3.6264615,3.0417244
PEDPOG,2.346982,2.626244
MELJUL,3.6223798,2.9563694
UKULES,2.4882092,2.3677368
FUNHEB,3.004409,2.2693624
COJRID,3.4414241,3.1945274
NESCIX,3.8746293,3.2992003
YIJVOD,2.4174595,2.788553
NOYKUJ,3.539385,3.3042064
OLORIR,3.0454984,2.7561677
GAMTOD,3.4955747,2.9915106
PANBAK,3.3535311,2.9877038
NAFJAG,3.3211496,3.1152048
QEPYEP,3.276523,3.1018066
POBQIJ,2.7459009,2.8138409
PARWEL,3.69449,3.4084246
NAVHOI,2.284396,2.8394756
RAHYAB,3.575304,3.0895839
OVEKUX,3.1064517,2.8384893
QEGVAA,2.0114658,2.5717733
ADUHOY,3.0708048,3.1431427
ROJCAV,3.147813,2.7675421
KIHKAO,3.1954331,3.246834
FAFLOQ,2.0707865,2.8811154
RIVQIW,2.2996342,2.302168
AHASIM,3.450676,3.273778
RETMOU,3.0384233,2.6890516
ATOZIT,3.3535311,3.0471275
LIJHOE,3.037607,3.0094934
VALQOR,2.7763777,2.669243
GOKGIW,3.3157074,2.9742298
FIBJEI,2.2675247,2.3551972
UPOLOB,3.570406,2.9467683
RUGWAR,4.102933,3.2747567
NIPVEN,2.650389,2.896185
CAFSEI,2.9284894,2.598387
MOMZOD,3.6120393,3.0950027
YOYYUG,3.7442868,3.258525
INUXAS,3.4357097,3.0098746
KUGFUP,3.4109473,2.6378317
IVUVEA,4.6994066,2.7546778
NOMLUW,3.5807464,2.8169446
MADWEV,4.280623,3.4091012
GOSVER,2.7154243,2.6021745
WAFYOT,2.7878065,2.9761093
NITXAP,3.238155,3.1037734
QOLDAY,2.6424978,2.970775
NIZVAT,1.3918624,2.7590137
NOGTAE,4.564982,3.815361
GUSKAG,3.1110778,2.9605715
GUCQAW,4.6477046,3.1424434
TILQIO,4.220758,3.8189125
FURLAF,3.6721766,3.3191087
HACHUP,2.2808583,2.8140125
MIFMAP,3.6166654,3.0897856
XUTDOF,3.395981,2.9713771
ROCTUA,2.1113315,2.8156543
MOFCAO,2.3399072,2.25988
YOPHIU,2.958694,2.4291449
BAMRAL,1.8952731,2.9012036
BIBJON,2.8253582,2.8752244
SONZAX,3.006858,2.792565
TUSSIK,2.1467063,2.3068125
OLOQIQ,2.760595,2.8272119
KEZVAM,4.045517,3.6146247
KUMXEX,0.3300741,1.5017325
KIJDOX,3.857486,3.0948021
ULOTUL,3.7192523,3.200882
CUHSII,2.2348711,2.3835769
RUFLEJ,4.2466087,2.3769507
ALUYIP,2.6011364,2.7443945
LAPDAI,3.3948925,3.201608
AGABEQ,3.4408798,3.267972
VESWOF,2.9521632,3.0018582
CEWPEZ,2.6245382,2.8230326
QEMTEH,3.1037307,2.9118478
WISBAE,3.5423782,2.803566
WAMYUH,3.2599242,2.7388968
XIDPAD,2.6422255,2.8021138
XOGDIJ,2.9118905,2.922392
JOPJIJ,3.2974758,2.9338963
MITZAS,3.276523,3.0695255
WUPZIR,2.8667195,2.934556
JULFOL,3.1159759,2.9597661
UPOVAY,2.4865766,2.5417457
YOLROH,2.07895,2.4298506
CAHKEE,3.3418303,2.8142028
EMAXUL,2.6327016,2.777359
YIQSEW,3.0245457,3.0298598
CEWBAK,3.9423857,3.5162506
XALXOA,2.2014012,2.4210675
RAMDOY,4.5151854,2.779929
LETTOW,3.1393776,2.6503282
XOTLEZ,3.7500012,3.0984697
CEXCIS,3.4046886,3.2373886
VOYCOB,2.8245418,3.1135485
REVPAL,1.8122783,2.0230389
SAVJUV,3.087948,2.4906354
XEHXUD,4.57886,3.8239076
DEJVAR,3.5402014,2.8460345
GASBOT,1.9018037,2.909187
XOCSAL,3.6229239,3.0796227
GUZXEF,2.8952916,2.9332824
SILKON,3.0242734,2.4208837
CEQLAL,3.2433252,2.7535093
QUDYIY,2.5698433,2.541713
LIRVIU,3.2580192,2.8107445
BEJMUA,1.7339095,2.9606197
LIWTUG,3.159242,2.983599
KEFXOI,3.2985642,2.4484441
SERKOP,2.3665743,2.738872
KAKYON,2.9257681,2.5037205
WIVVAY,4.0686464,3.762398
QIVCAA,3.1412823,3.5122652
NUTQIE,2.8278072,2.6007755
YOVMEB,3.6123116,3.1631784
HUXKAO,3.3777494,3.1227458
TUHHAG,3.8531322,2.9523358
BINPEU,3.209311,2.7195828
FISTOR,3.3423746,2.6217186
GOHBIQ,3.5214255,2.949347
QAKQOI,3.056655,3.1037493
GOFNUL,2.5390944,2.3781178
EQIRON,3.2942104,2.6742933
FAFGIC,3.783199,2.9186497
COJROJ,3.6547613,3.4880865
CERROI,2.7344723,2.9479156
HATQOI,3.061281,2.8640347
SERFOK,1.9679275,2.646921
NAHXID,4.197901,3.4651184
WUMQUR,3.8041518,3.0012894
MAZLIJ,3.9203444,2.9326673
WENXAO,3.7717702,3.2646904
PAYGIH,3.396253,2.9781528
UJADAK,4.464844,3.2886505
REPTUC,2.4392288,2.2139223
LETVIS,3.1731198,2.6006608
REYYEZ,4.198717,3.6580827
QEJSII,3.1080844,3.1611962
LIJJAS,3.3069997,3.0050707
FEXQOR,2.1121478,2.04384
HIVHUP,3.3298573,3.2070699
HISZUF,3.0438657,2.7936096
PEDJUE,3.4762547,2.813765
XOBKAB,2.3426282,2.5138586
MEXWUH,3.4264576,3.0262315
PEMLEB,2.8642704,2.7692304
DOJKAR,3.0952952,2.95279
BEXJUL,3.907555,3.03143
QAHGUC,2.8433177,3.1189616
AYIROP,2.4822226,2.9010298
DAKRIS,3.0759752,2.6910746
YOHKUC,2.303716,2.564651
MASSAC,2.7592347,2.8185651
IBEXAR,2.4721544,2.6038213
BEJWAP,3.1995149,2.9290972
XOHMIR,2.8732502,2.967939
TEDGOB,2.8732502,2.7237027
MOJBUJ,3.4729893,2.9250793
GIPTEH,2.612021,2.2212827
WIWLEU,1.9461583,2.37989
FOPWEM,3.9100041,2.8489857
TINHAZ,2.8958356,2.9829614
DOGNEU,3.6378903,2.5533757
HIXYUI,4.1829343,3.3149323
BUVBUP,3.4950304,3.003328
PIVMEO,1.9113277,2.2885537
EGOKUG,3.3176122,3.3094406
RAXXET,3.1801946,3.220248
EHUQIH,2.7118866,3.26674
UQIJIP,3.3763888,2.9076855
XOWBEQ,2.975021,3.0620236
KAGYAU,3.2351618,2.9523265
GIBMOV,3.9342222,3.1315963
YIJLEI,3.046859,3.2548816
NAQFIX,3.4808805,3.063461
XAFROL,3.1867254,2.8050373
CEZRUX,3.5037382,3.2521112
JELMAR,3.080601,2.4167035
METTAJ,3.0142052,2.7871616
WATLEK,2.2841237,2.6070063
GOSVIV,2.5396388,2.2808774
GOQLON,3.4003348,2.9794254
IKUKAB,2.9298499,2.9474802
REKDOB,2.2792258,1.7867088
BESKES,3.125772,3.091221
RAMDIS,4.5179067,2.7853537
SOFGEA,3.5252352,3.2478929
JEQTUV,2.1921492,2.0735693
TAHRAV,2.2359595,2.588618
FAYFAM,3.2305357,2.9193585
REGHAO,1.6549965,2.185032
OLUDEG,2.4871206,2.1771936
IYAVAF,3.0952952,2.8663535
CEZSEI,3.8196623,3.0482686
HIKFEO,3.3513544,3.1395295
PAHNOC,3.7314973,3.2149546
ELEDII,3.2751625,2.3854804
ZUHXUV,4.6781816,2.8041444
TISGUX,3.16931,2.8786376
RIVPOB,2.224531,2.3065794
YAMBUK,2.9668574,2.8979764
QINNIN,2.4125614,2.200341
XERPOC,2.6419535,2.4802704
LEKTIH,3.1747525,2.824766
GAWJET,2.6375997,2.7972593
KULXEU,3.3206055,2.9478452
VINSUG,2.7633162,2.763093
BADQIH,2.669437,2.842358
BALDAU,2.9143395,2.76027
GETWEI,3.6572104,3.1676025
KOFJOH,3.2996528,3.0137482
NUCGID,3.3987021,3.6980658
UGECAL,2.937197,2.9570632
QEKDER,3.8120432,3.420565
GARTIE,2.932299,2.6523967
ZUGCIP,3.4378865,3.1361334
AKOMAP,3.2577472,3.0919898
GIDPAM,2.669165,3.0149817
DIVXAI,4.1249743,3.0376081
VEQQAM,3.6117673,3.0170934
EGODAI,3.1899908,3.0648758
BABWIL,3.4403355,3.3231986
KEXGEC,2.6917503,2.6584303
VUDHOS,2.5600471,2.7240684
JACPEJ,3.412852,3.0499837
MEHJAK,3.0601926,2.7944908
CEZTAF,3.2631896,2.913753
DAJREN,2.839508,2.71893
FIBPUD,2.270246,2.408066
REDNOF,3.6231961,3.0276468
IJIXIK,3.13067,3.008112
TIBREB,3.1812832,2.7766807
XOJRUJ,3.587277,2.9181583
TENBEV,1.6876502,2.8273993
IHUGOI,2.3728328,3.18439
CAJGOK,2.2563682,2.193606
OCILOB,3.7660558,3.3906932
PUNKOY,4.2520514,3.8211184
YETJIQ,3.453397,2.6236882
WATMAH,3.8425198,3.2832332
PAYHEC,2.5513396,2.7433686
ROBBIT,3.2806048,3.0879335
POWXOO,1.727923,1.8981652
POJLUY,3.1649563,3.1385012
HEDVAO,3.7051024,3.1099095
XAXPAO,2.9472651,3.0540695
NEZXUL,3.5143507,2.979888
TIRGEH,3.4261856,2.9174032
PEYTAR,1.410094,2.7590573
DIHPIW,2.9679458,2.8472319
SIRKEJ,3.087676,2.682191
PIJNUT,3.7777567,2.812315
POLNEJ,3.0776079,2.8905134
OPEZUG,2.838964,2.6627505
AVIKOH,3.448771,2.9592085
XOMPUL,2.803589,2.8185146
ROQXEA,3.9736788,2.818069
TAYKUA,2.7333837,3.1734774
VUYWET,2.8190997,2.3247604
RIJKIG,3.4057772,3.2862744
BEHHEC,3.9412973,3.1264963
TONXUP,3.054206,3.5217175
KOBXAB,3.2035966,2.9123971
CEZSIM,3.2150252,2.9126532
TEDGIV,2.8346102,2.7158368
NOMQAH,3.408226,3.0089726
KUPVEX,2.203034,2.8908567
OPIBAS,3.3611505,2.8872411
WODHOO,3.1064517,2.9073412
YAXNUG,3.3570688,3.9802568
XUWLEH,2.7695749,2.2189546
MEHJIS,2.3891597,2.482973
BADVEJ,4.0115027,2.834298
XIQPET,2.905904,3.318652
HOQTEN,4.239534,4.156972
ZOVXAJ,2.8563793,2.8590012
MOGFOE,2.8182833,2.760347
VUGBEG,3.5018332,2.611437
TUCGEE,2.1790879,2.5660872
JOBLOE,3.53748,2.865737
OLOQUC,2.1420803,2.3820286
BEXVIK,3.1995149,2.81179
MEJDUA,3.1752965,2.3923488
ROCQEG,2.8351543,2.9059887
COKDOX,3.109173,2.8453035
TOGHAA,3.988645,3.545144
XORSII,2.4411335,2.424492
WIWDUC,3.8038797,3.1680722
NOKBEV,3.4155731,3.2871628
EPUGEC,3.7608857,3.1977522
WAYMAK,3.2242773,3.1618335
CUKHAT,3.472717,2.9754527
RIVPUH,2.1875234,2.3445616
HIJYOR,2.4871206,2.4227326
KAWMIG,2.9020944,2.8263922
RUBTIS,2.0329626,2.4899073
MAMKIW,2.7377377,2.8381379
SEYYED,3.0874038,2.9506407
TUCTOA,2.8120246,2.6094773
ROBQEE,3.4212875,2.8473775
KIJDEN,3.4498596,3.525919
FECBUL,3.807145,2.4234083
PIHVUY,3.1113498,2.9732933
GOPXOY,3.3894503,2.8907607
AGUKOD,3.310265,2.945448
HEPCOB,3.670816,3.1077487
ESIZUB,3.4993842,3.088151
RAFJIR,3.9755836,3.3539252
WUNCUD,3.145364,2.8537083
VUBYAS,4.0564013,3.0541177
TOXBIR,3.1777456,3.356058
IVUDIM,3.5189764,3.1078737
YIFKIK,3.5606098,3.005182
MOCMAS,3.5693176,3.3766754
ULOTIZ,3.5668685,3.333705
YUXZIA,3.2890403,3.0570762
BILHEK,2.9268568,2.3558152
KUMDIG,2.8686244,2.6321275
PUDJOO,2.2999063,2.4721737
XEZSED,2.9056318,2.9939566
BODPUI,3.1820996,3.0181372
XEWHOW,3.4879556,3.0738595
CUDLET,3.6430604,3.2432077
RATQAF,3.620747,3.0957496
CIJJOV,3.1548882,2.7856317
VAKLID,3.388634,2.9865932
MADWUL,4.1614375,2.9937696
UJUKER,2.8449504,2.8427482
REJROP,1.9224844,2.9324448
QIFBUF,2.7088935,2.8978639
GOZVOG,2.8460388,2.6013536
QEWGUU,2.294464,2.8939
YOFPEO,2.7469895,2.8780613
PEGSEC,3.028083,2.8774567
WIHRAG,2.72903,2.861362
REXKOU,3.243053,1.5910071
KOJKUS,2.5186858,2.813564
XOPBOV,3.094751,2.6772976
VIKDIF,2.140992,2.6186953
HEDXIA,2.5341964,3.063277
CEKVUK,2.8433177,2.700416
FALJOR,3.1706707,2.8531601
XEDGEV,3.1584256,2.9614983
YAPXOE,2.8552907,2.5154645
IRUXIC,4.1268787,3.2987952
NOXMIY,3.2816932,3.0180888
NULCUU,2.5173254,2.851884
SAYMOX,3.099649,2.962454
EJOWIK,3.1927118,2.5047133
HAWDEO,2.425895,2.9654806
FUTWEW,4.007693,3.502454
BUPREK,2.6607294,2.4053292
OZAREO,1.8751366,2.6638389
XOMQAS,3.5695896,2.8309503
URAKAB,2.9249518,2.839087
HISXOW,3.1608746,2.7264433
MEHJEO,3.4022396,2.932345
WEZXEG,3.5110853,2.9252572
XIDLEE,2.7812757,3.0843055
WUBJUA,3.5671406,2.9850833
TILMEJ,3.061009,2.9242449
FALTAQ,2.7448125,2.6635528
GOTXUK,3.4792478,3.1281722
JEZPAF,3.1818273,2.8252988
FEGHAB,3.4719007,3.1044753
QAHBOQ,3.0835943,2.962317
TOCZES,2.43297,1.8733796
NUCJEC,3.4229202,3.3307137
LOHTUX,2.0530992,2.5377142
JOQRIQ,2.444943,2.1216033
FIPBAI,5.061318,3.746307
XIVJEU,2.9997833,2.7757905
YODMOV,2.8648148,2.6578112
ATUTOZ,4.4966817,3.1197355
LUNLIQ,3.1053634,3.35585
TEDGAN,1.5518653,2.7248898
UMEMIK,2.710254,2.4394069
ZOGQER,3.6743536,3.0862186
MULCUR,3.1483574,2.4565077
BINPIY,3.0982885,2.7085402
PULROD,3.0577435,2.856875
AHIFUS,5.107305,3.2796328
SAMNAX,2.0326905,2.654573
EGICON,2.000581,2.4563277
DADPEE,3.9015687,3.0104373
PIHWEJ,1.6982626,2.8531845
RETVUH,3.2988365,2.7596393
GOSJON,3.5475485,2.9352112
GEVLIC,3.8591187,3.4797254
MOVCUV,3.672993,3.058592
QIXRAS,2.8210044,3.049449
SAYTAO,3.6006107,3.237722
VENYAR,3.104547,2.8680158
SOCDAP,2.9736602,3.1766305
YEHHUP,2.8882165,2.6207948
GIQREF,3.9698691,3.479508
XUGFOU,3.3611505,2.80688
IJUGAV,2.5396388,2.6050029
KITNEJ,4.0928645,3.376876
YECXIP,3.4218318,3.057648
ZOPWOS,2.2180002,2.7715685
YOBNIN,2.6607294,2.6489396
RUFKUY,4.1668797,2.4140573
VEPYIY,3.5837395,3.4574494
ITERAA,2.936653,2.8617573
AHASAE,3.4449615,3.1218722
VAQYUK,3.0887644,2.4493682
ZUFZIL,2.9929805,2.8185146
FOPSIM,2.5080736,2.6612697
DIVXEM,3.9374876,3.140453
WEQBUQ,2.6569197,2.496535
VIDQAA,1.9412603,2.2351558
JIVJUU,2.9320269,2.633173
WAGKUK,5.1609116,3.8908868
JELHUE,4.0808916,3.283987
LECVEV,3.267271,2.7224488
ZINXID,3.020464,2.577774
PIYRIY,3.5976174,3.073171
ZICSAF,2.9464488,2.6871989
TAFQUP,3.4656422,3.1904123
BUJMAU,3.6068692,2.9706898
GECJOP,2.4588208,2.826772
OJEFEQ,3.343191,3.1465538
CPSXER,3.2993805,2.8759348
AYISAC,2.8327053,3.0423412
REBDAG,2.693111,2.8870053
PIVNAL,1.8408502,2.258414
ECOCIL,0.49198186,1.6436145
YIQRIZ,3.9257867,3.5219023
AVINOI,1.8484695,2.0530455
XEMYOD,2.7469895,2.8976028
GECJIH,3.049308,3.047923
RIKCAP,3.2593799,2.944042
OCPBRH,3.3118978,2.9672916
ECOBAC,3.2797885,2.8694606
ZAPJIJ,3.391355,3.1648462
GIRSEI,2.7254925,2.8587453
SEBDUA,4.9176416,2.7950997
SIXXAA,3.0321648,2.903733
EFOZOO,2.5029032,2.6201475
VULVUT,2.9546123,2.7660234
LEMBUB,3.5570724,2.7277565
GULXOC,3.553535,3.2235174
HOJGUI,3.732586,3.063921
MOBKUL,2.731751,3.2031064
ACEWEK,3.5812905,3.1703148
XOFHIK,2.834066,1.9939458
QASHAV,2.1118758,2.0817015
AQESUL,2.7497106,2.712304
UKULIW,3.1924398,2.9074318
QAVRIP,2.7861738,2.573716
TAFQID,3.9475558,3.0947652
ROJLUX,4.7260737,3.1993701
XIGDOJ,2.234599,2.59052
GUZKUH,3.6291826,3.126444
ROBQAA,3.312442,3.2393308
UJUDEJ,2.511883,2.358783
VIQZAY,2.68141,2.59971
QUTGUH,3.5568004,3.088644
WUNVUW,3.4278183,2.921839
NISGIG,3.0980163,2.836356
TESGAA,3.907283,3.387566
OLEZUC,3.8553092,3.4587228
WOGXEV,3.8112268,2.7407055
JOKVUD,2.9350202,2.3525138
PIQROZ,2.2541912,2.575646
TELHUP,3.3973415,3.0514126
QOMNAI,3.4397914,2.8871453
OBOKIB,3.6427882,3.1417334
NEDTEX,4.277086,2.582066
CAMTUH,2.2343268,2.3754938
EBUMAS,2.9026387,2.4129562
MUSFAI,2.9192376,2.5463414
GAKQUE,3.3660486,2.7563303
WEQBOK,2.707533,2.5347855
TILTOX,3.1946168,2.6680727
LESFEV,3.0558386,2.9738894
FEKKOV,3.4406078,2.9073262
DAKREN,3.221284,2.9998655
VEVTUM,2.6152864,2.8594048
EDOCAC,2.7252204,3.1445878
LETXAM,3.1701264,2.5653465
IGAWOC,1.9167701,1.875784
UTESAO,2.1420803,2.9479523
TABZEB,3.4860506,2.9964893
GUZRID,3.921705,3.0917828
XAWQIV,2.1069777,2.6981692
PEYGEH,3.2435973,2.994263
QIPPEM,2.2454836,2.8026397
YEBVIL,3.6520402,3.4324417
QEDXOM,3.1630516,3.0163224
HIXZET,3.8106825,3.422669
CEZTIN,3.3295853,3.1122975
FISQII,3.4574788,2.903915
QEPXIT,3.7342186,3.0414422
MANKOE,2.4996378,2.663988
RAYQUG,2.774201,2.8408928
IHUGUO,2.5211349,3.1818569
WIXREC,2.8210044,2.532095
OFOWEL,3.5747597,2.523697
LUNLAI,3.2269983,3.0762446
DAKSIT,2.9812794,2.5260704
REJGIY,2.6348786,2.3399467
COJWAA,3.8504112,3.759805
INDRHB,3.1230507,2.9159398
BOTHIE,3.1290374,2.7922127
EGIBUS,2.5292983,2.473502
OSIBEZ,3.448499,2.7781012
NOYMIZ,4.705393,3.5645337
GUYFIP,3.3214219,3.0535235
AFUJIU,2.9543402,2.6344159
IROWIW,2.4152827,2.170902
OGUSIS,2.712431,2.8882113
RUBTUE,2.0718749,2.5054054
JOKPUX,3.651768,2.9693508
NAKYON,5.278465,3.449976
WOXXOY,3.4784315,2.6587873
VAHSII,2.3126957,2.9310174
ZAPJEF,3.479792,3.1099072
REPNIM,3.1254997,2.248402
SIRJAE,2.6346064,2.8945827
JICPIU,3.4719007,2.869651
BIHSUH,3.5837395,3.1327484
IRIDUK,3.8708198,3.2223368
OVOGIR,2.1453457,2.4318604
NUCCUJ,1.9230287,2.6009157
REWYOI,3.6093183,2.9434772
TALSII,3.51299,2.855444
USUYOY,2.8278072,2.6062186
GETNIF,1.6351322,2.2475445
HAJLOT,3.042505,2.3657765
WIZDOY,3.090125,2.776461
ROGVEO,2.9246798,2.9897907
CAXFAK,2.5110667,2.8980975
SEJHIA,2.518958,2.9742327
RERDID,2.9026387,2.8609946
TORFUB,3.0378792,2.8666189
ROJKOQ,2.8038611,2.6687312
ODIWIJ,3.1012816,3.019544
XIRDOR,2.915428,3.1155133
TILQAG,4.2213025,3.6608193
GIZFOK,3.5086362,3.129466
WADYOP,2.454739,2.9317653
JELREY,3.24523,2.9761608
EPULUX,3.7393887,3.1970026
KUMROA,3.3274083,2.8333068
NAPQEA,3.2185628,2.9354606
NEWBIC,2.779099,3.0721085
HAJLIN,3.4191108,3.3333201
OJOXEQ,3.2754345,2.9587348
NOCPRH,3.4514923,3.2409687
GIDPEQ,2.1834416,2.9289365
RIJKEC,3.1124384,3.0121331
KAVXOU,3.3176122,3.3481925
ROJDEA,3.0245457,2.6940203
XULCEM,2.7469895,2.2788894
PAMZEL,2.944816,2.749186
TOGGUT,3.3143468,3.3000648
REXRIW,2.3567781,2.2312212
YOPZUA,3.2133925,2.6715553
ERECUA,3.2324405,3.0332193
FINWUV,4.2506905,3.898628
NOJSIP,3.4182944,2.9309409
KIRSIN,3.4833295,3.0700016
ZAVYEA,3.7203407,3.5660186
FEGKAF,3.8278258,2.9986992
ONIWIS,3.2988365,3.0054884
BEPRUK,3.3576128,3.3255904
EQIKIA,2.035956,2.7647278
JENWAB,2.4457593,2.5134878
DEVSEC,3.945923,3.6657128
HOBPUJ,4.079803,3.585842
ICOREY,2.8890328,2.946451
MOVDAC,3.5772088,2.8533177
REKTOT,0.80899453,1.7856408
IYEZIW,3.2117598,2.8943121
HAGDAU,2.7469895,2.8881183
NUTREB,2.6229055,2.4014657
IGAKAF,2.2073877,2.8678617
LIBGOS,1.7050655,2.0823817
QETWAO,3.4319,2.806073
VOHSEQ,3.6808841,2.9096737
MUZYEL,3.1489017,2.8359466
JINWOV,2.8816857,2.6051142
KEDQOA,3.8542206,3.076197
GAVQEC,3.302374,2.6295025
EQAPUJ,3.1333911,2.8347588
EKIDAE,3.6702719,3.0569167
DONDIU,2.6490285,1.8058473
DAJJAC,2.7031791,3.0032697
DUKMAZ,1.1725386,2.282521
BOHSEY,2.70073,3.21637
WUJVAY,2.963864,2.6730382
TEFZEJ,3.8463295,3.3556662
YISTEA,3.6743536,2.9814425
WABKOZ,3.188358,3.317675
XIDKON,3.57993,2.9526758
ICATAH,4.741584,3.1028745
UHIWUD,3.5840118,2.9909618
REPVOX,2.4645352,3.0182104
WIMTUK,3.515711,3.032189
FIXXEQ,3.121146,2.8488379
FISSIJ,2.9842727,2.7472136
RAYPOZ,3.4569345,2.8054514
LOCFER,3.166589,2.5296364
PULQUI,3.3113537,2.715693
VAYFAC,2.7249482,2.385546
JURRIX,2.8882165,2.9153671
DACTAE,3.3246872,2.8582492
YEFBAP,3.9968085,2.6889236
BOXXAO,3.4142127,3.1044562
ZUKCOX,2.652838,2.559327
EMAXOF,2.4729707,2.3886209
REGSOL,4.404707,2.8413296
OLEVEG,3.1118941,2.7831564
GUCQEA,2.8718896,3.1910782
YODMIP,3.1543438,2.7640486
ASAJIP,2.1301074,2.6568978
AMAZIY,2.5012705,2.7301593
KOZPAS,3.3200612,2.852556
WOCMIL,2.8025007,2.954333
TUSSEG,2.167659,2.2072468
HUJBIX,3.4618325,3.3948808
SAMQON,3.7203407,3.4422135
HATWUU,3.14482,3.279655
VIGWAM,3.2174742,3.046914
BOLMAT,2.4275277,2.3271008
XOXZIU,2.8650868,2.9245703
NARKID,2.4990938,2.485559
NARKUP,2.998967,3.0676398
CILTUP,3.1230507,2.8450117
GOFPAT,2.655015,2.4399998
KEXHEB,3.047403,2.85425
CAJGIE,2.5461695,2.4356868
MOJGAT,2.8484879,2.7124043
KAPYIM,3.8482342,2.9961333
TIFVOT,3.7910903,2.9715545
QEHSON,3.3157074,3.6476026
SEQCEX,3.2593799,2.8503745
JOKSAG,2.9940689,3.2502692
JANMUG,1.9747303,2.5370235
HEFSUG,2.89638,2.5671515
DUGVUX,3.0125725,3.161434
PEZKAH,2.9567893,2.8313968
IPAPUK,3.2536654,2.6908927
GIVVOX,2.714608,2.8932517
KORCEZ,3.759253,3.1732078
ZOGQIV,3.2789721,2.9296322
BEWJET,2.7815478,2.6397922
JUTZOP,2.7342,2.8179853
YUXSUH,2.373377,2.7091055
CEGTIS,2.690934,2.3471622
QORQIZ,1.8509185,2.0538414
WIVRIF,3.6748977,2.9006634
REDBUX,2.6299806,2.537496
MUSFOW,2.719506,2.646977
CERSEZ,2.5913403,2.8849208
RIFNEC,3.317068,2.80121
BOLMIB,1.1673684,2.0417905
SOWFEQ,3.5388408,3.030891
DEKWAR,2.56685,2.7943316
ABICAQ,2.8637264,3.1163702
ZASNEP,3.2699924,2.8289518
GACCAQ,3.0335252,1.9187772
MUSFEM,2.9521632,2.4771044
XENBUQ,2.9742045,3.0388708
QOPJUA,3.3706744,2.931585
OGOGIB,2.939374,2.8486197
XELPOT,2.4912024,1.4656093
NIPREK,3.2898567,3.0956552
ZIKYOJ,3.3040066,2.9937704
LEPBUD,3.1766572,3.4362261
EFOCEH,4.179941,3.673289
QAZTEQ,2.6354227,2.5030065
QIRGUW,3.1567929,2.8762317
QEJCEP,1.2911803,2.850651
EFOCOR,2.7502549,3.5415778
ICAWIV,2.9328432,3.1154795
PIJMAX,2.9380133,2.9192553
COZCEZ,2.8814137,2.7711544
EGAPOS,2.9913478,2.8097613
SOJBUO,3.1578813,3.078519
VUFNER,4.170689,2.8403597
XISGOY,1.3948556,2.7032812
XESLAJ,3.2825096,3.0032568
NEZBUQ,3.1981542,2.6288397
KUMFUU,2.633246,2.5640335
YEMKOR,2.977742,2.9967747
CEYRAZ,3.3467283,2.9030936
PEMMEC,3.3445516,2.7389205
BEKTES,3.8101382,3.3620136
METVAL,3.084955,2.717731
OFEXON,3.7880971,3.0572648
XAHTOR,3.1535275,2.8761196
JEWLEC,2.1586792,1.7331667
DEFJOO,0.36163932,3.338707
EDOQUJ,3.3758445,2.9660885
ANEDUT,1.6231592,2.0575566
XIZHEU,2.7216828,2.8980205
JAHNIP,3.8876908,3.3049145
MIBRIY,2.4552834,2.6158662
IPONAC,3.4691796,2.9948018
TENWOB,3.1633236,2.9543662
BUNRIM,3.7083678,3.0357776
QEKDOB,2.5075293,2.8550017
WILXAT,3.36496,2.9086392
WEKQIM,3.139922,2.8574665
GIQQAA,3.8079615,3.2824557
NOMZEW,3.4879556,3.0478609
ENAQOA,3.881432,2.90314
QIXREW,3.5557117,3.3088195
BOSYOY,3.5287726,2.9069529
HOMBAM,3.5665965,3.2040083
QADROC,2.0365002,2.3460295
ICOGUD,3.403056,3.0877056
KIBGEJ,2.8473995,2.987282
KULPOW,3.6174817,3.0692194
VIFYEQ,3.145092,2.8307414
FOXKUZ,2.5527,2.6862829
JICJUD,3.8852417,2.6794035
ZUXMOW,3.5121737,2.9367259
DEZVEM,2.9434557,2.5393896
VALGOF,3.5061872,2.9575489
AWOREL,3.2016916,2.8196785
ZEWCEJ,2.0062954,2.6597936
RUDMAF,3.13067,2.7806687
QIFBOZ,2.9197817,3.0161815
IGAGUS,2.9268568,2.3804073
PAFXIF,3.415301,2.8260474
XOGCEE,3.5410178,3.1300442
UMIKOS,2.0302415,2.2791014
COZPOY,3.1567929,2.8296392
NIRYEV,3.0912135,2.700183
UMEMUW,1.7510527,2.855162
ICEDUS,3.2305357,2.931942
LANSUP,1.4963541,1.7239233
AMAZOE,2.4261672,2.818509
ICUBUG,3.954903,2.9929514
WEQWUL,3.037607,3.424069
QIZNES,2.2686133,2.982306
WOLCOP,3.096928,2.9181166
XEDRUU,2.7608674,3.1916552
LUTJOB,3.678435,3.0376334
JEWZOA,3.348089,3.0612175
WAWLAH,3.2776115,2.6713743
XOZVEO,3.7848318,2.9538217
KOBWII,3.139922,2.776111
UTOSED,3.5483649,2.8771257
MIMXAH,3.714082,3.5922027
IHIZUV,3.4928536,3.134698
GIXQOT,2.9083529,2.5351617
PUHNUB,3.4022396,2.9564195
LEYNUY,3.8155806,3.522195
WOKZEB,3.329313,3.1799972
ZEXDOX,1.8729597,2.136781
MEGNAN,3.5287726,2.6418924
WIFVOW,2.9706671,2.718473
ZUXGUU,3.0512128,3.0011778
EJUJOI,3.2563865,2.895145
RASDEX,3.5804741,3.3120515
WURBOC,3.940481,3.4600148
EQUVIX,3.0895808,2.7189312
PUXMUR,2.8514812,3.1281965
FOMHUK,2.4846716,3.0319111
XEYPIB,2.0547318,2.4328742
SARJUS,3.7029254,3.1197731
FEQWOQ,3.1554325,2.8424976
KAVXIO,3.5279562,3.510151
XEYTUT,3.6885035,3.2493238
PEMNAZ,3.152439,3.151269
MADXOG,4.177492,3.3364768
KAGXIB,3.6634688,2.9522977
DEDXEQ,3.1826437,2.935532
FAJHUV,3.6414278,3.3983667
KUCFOD,2.812841,2.3398833
IZUPAV,2.693111,2.854482
KUMFAA,2.7837248,2.6409392
DOKMIZ,2.6941993,2.5934935
UMIPAH,3.6648295,2.9376402
EYOPAL,3.4683633,3.197185
IYAKOI,2.3973231,3.2678616
XAFHUI,3.0620973,3.1384308
XEYVUS,2.6324296,2.5258832
QUKYEC,3.2245493,3.01414
BINLUG,3.4996564,2.7107608
SIVSOI,3.16414,3.0390792
HIJMAQ,2.2906544,2.4124072
WIYHOB,3.0340695,2.9842336
POPFIL,3.905106,2.8115678
UTUFUM,3.5167994,2.7603364
CEZZIT,2.763044,2.803821
KAGCIG,3.723334,2.643255
PUQRAW,3.4765267,3.6154327
NINJUP,3.5957127,3.085507
UXUSIQ,2.411473,2.7170613
JACPIN,3.3448236,2.757498
SIRKAG,3.529317,3.0648754
XINXAT,2.4740593,2.4865181
ZOLXEF,3.2754345,2.9758198
YEDFEU,2.9557009,3.1556406
QIFREE,2.9453604,3.0442998
QEFPEW,3.3584292,2.38421
WEQHEH,3.1227787,3.0647378
TUCTUG,3.5557117,3.7633312
WAVPER,3.188358,2.6648655
IVEGIB,3.283598,3.1809745
CACTAC,2.5869865,2.2097516
HINLOF,3.188086,2.9796045
DAWBUZ,4.3628016,2.7534983
KIMMIF,2.5752857,2.559453
ZOCDIE,3.6743536,3.2715132
HIQCOC,1.4188017,1.9059079
KIQDET,3.0952952,2.8224397
DONDOA,2.7774663,2.4207327
CULGOF,3.967148,2.9778764
QIVCOO,3.1407382,3.5121624
ULUJUH,2.7801874,2.96617
YAZLIV,3.6686392,3.2072122
CAMTUF,3.1867254,3.1498919
KEJVEA,4.201438,2.9089475
XUWFAW,3.33149,3.0327013
EHEYEX,2.5467136,2.8658683
IMIDEN,2.7897112,2.8054063
CANSAN,3.7668722,3.1517391
IGAKOQ,3.2324405,2.9084687
BEXJOF,3.6768024,2.9482913
HOPFOJ,2.7883508,2.4740005
ZELGEE,3.8825207,3.4310665
GAZPUU,3.2210119,2.9068668
FUDNUP,4.2076964,3.2156157
CEQHIQ,1.4666938,1.577861
PUSCIQ,3.918984,3.0344267
UPEGUT,2.9630477,2.7715168
NARDOA,2.5641289,2.514667
KIHHUG,2.3695676,2.6168032
FOLZOX,1.9186748,2.2204087
HEKWEZ,3.2166579,2.995712
ZIKWEX,3.424553,2.9415557
FUSKAF,3.9521818,3.214347
DEZHEX,3.0003273,2.9546785
SAWMUY,3.417478,2.9363008
OFEXED,3.503466,2.951876
OJEVAA,3.7431984,3.231207
KANLOA,2.473515,2.7077417
TUFNIS,2.7595067,1.9638398
BIDHAZ,2.471338,2.5237617
GASBIN,3.5195208,2.969048
ILEFIO,3.708912,3.0993974
DADNOM,3.8939493,2.987212
AFELAY,4.073272,3.7210705
HAGTUH,3.897487,3.1144972
LIQYEQ,3.2362502,2.571134
GULJON,3.9350386,3.4905162
YAPVES,2.8071265,2.9790308
FAVZUZ,3.4495873,2.9768076
VATYUK,3.854765,2.922426
NATCOA,3.7845595,3.1852207
NOXGAK,2.2457557,2.9891553
BOBJAF,2.5663059,3.0606728
CAMTIV,2.1428967,2.3116007
OSIBID,3.324415,2.5661085
JEMZEH,2.8427734,3.1335804
IDUWOW,3.1037307,3.1922324
XOXZEQ,2.6397765,2.7686741
MAYTEL,3.3086324,2.9455652
LULWUK,3.1910794,2.942642
HATVAZ,2.9404624,2.928192
REJGEU,2.652294,2.433323
JAVVAE,3.6599314,3.4390652
NIXQOA,3.4093146,2.4179664
OHUZIC,3.3230546,3.0184093
TPRCBN,1.9004432,2.9565222
YAYMIV,3.1567929,2.8807657
DALHEG,4.0373535,2.8881688
BIKMIS,3.2318964,2.9901378
FESTAZ,3.2800605,3.0696657
EKOKUL,1.589145,2.9831798
TOJZOH,2.850937,3.1082797
RIXVEB,3.1034586,2.681257
FURLIO,3.1989706,2.8459172
DOFGEM,3.9274194,2.7647214
FUBBUZ,2.9818237,2.7590084
YIYDIU,2.3480706,2.9548476
XORRUT,3.2629173,2.8489294
PAGFIO,1.3643789,2.8743048
AZEVUW,3.5138063,2.978395
EXAYEJ,3.5089083,2.9099715
CEFJUT,3.372307,3.0827615
ROCVEM,3.0631857,2.9213197
QETJAA,2.523584,2.94285
EYEVIN,3.385913,2.357421
LOXPEV,3.1731198,2.9875352
FOQGAU,3.4792478,3.0384505
FAPVUP,3.8204787,3.1587584
YIJLAE,3.5094526,3.1402628
ZATYOL,2.631069,2.4883
TUTMEB,2.0756845,2.5532005
IZOSAT,2.7679422,2.9941723
WEVBEE,3.0716212,2.655639
ROWNOI,3.5135343,3.1478136
PEMLAX,2.8805974,2.8144636
YISTAW,3.5597935,2.9633331
SEJTUY,3.738028,3.0465434
CEZJOJ,3.0169263,2.7983904
IMENOE,3.3227823,2.9637158
GAWXUX,3.6338086,3.1281095
GIZGOL,3.675442,2.990379
YUQCIY,3.3448236,3.2389011
XIYBOW,3.3135304,3.0837147
TOKHAC,3.1023703,3.1257627
TISVAT,3.1886303,2.967018
BILHIO,2.731751,2.6069615
FANXUP,3.6291826,3.4417915
QIXRUM,2.4525623,2.8714693
HOQJAA,3.2523048,2.9430282
VICRAB,3.080057,3.1012554
DEFBOH,3.3116257,2.7115412
XOGDEF,3.5592494,3.1502385
XOMPIZ,2.5078013,2.8058472
HAHWIX,3.0724375,2.5551207
OGOFUM,3.5633311,3.0342386
EXOXIY,2.1099708,2.838126
ZOYTOY,2.7088935,2.7302067
GULXUI,3.5385687,3.288918
TILTUD,2.9189653,2.5942965
NAGTAR,4.077082,3.4974556
WOGGII,2.4201808,2.441523
VEDBAH,3.5461879,3.1083486
OLEZOW,3.7929952,3.5357733
CEJBEZ,3.1995149,2.8277843
GUPDOK,3.7897298,2.9617915
GAKJEK,4.0166726,2.729266
ZEXDIR,1.9703765,2.0493152
VEVYIH,3.3850965,2.9024904
PAZNAF,2.8131132,2.6567235
CIDHEC,2.7641325,2.9081547
JEJDOU,3.202508,2.874192
OMATEB,3.635169,3.0105348
JAVCAK,3.3369322,2.9781828
YIVQOJ,3.6640131,3.1529272
HIXXOB,3.0084908,2.8250954
IKEJOX,2.6155584,2.6269655
EJISIZ,3.9943595,2.9665344
SOSLET,2.9056318,2.914331
UTAPAI,2.205483,2.3552313
WAWBIG,2.5415435,2.9132903
JEJDUA,2.896652,2.801241
VIQZIG,2.6800494,2.5943966
YOJSIZ,3.4762547,3.0973663
NARDUG,2.5848095,2.5773199
EFAGOI,3.988917,3.318234
ZEFMAY,3.3421025,2.9543343
CEGTUE,2.6588244,2.5400336
DUGMEY,3.4003348,3.0119212
WEQHIL,3.3298573,2.9582043
NAPQOK,3.323871,2.8001075
JILJIA,3.9875565,2.7806125
JUVBEJ,2.7276692,2.7274766
BAYXUV,3.106996,2.814035
DEDYIW,4.1861997,3.5768538
KEBNEL,1.6639763,2.5907059
UTUVEL,3.7048302,3.1786036
IGAWIW,2.2237146,1.9375267
RAJCAG,3.895038,3.3073924
IKODOD,3.0528455,3.0574863
SOFDEX,3.2689037,3.0578964
ICATEL,4.257221,2.818862
WENFIE,2.9317548,2.9376974
RIYQOI,3.4846902,2.8527489
SEKPOQ,3.3010132,3.265692
HITCET,2.3967788,2.2166462
HEYDIB,2.9782863,2.7858002
NOMKOQ,3.880888,2.8716216
MUDCIZ,3.2150252,2.996299
ODOXEM,2.5850816,2.5183504
PUDKAB,3.462921,2.7488434
SAMRAA,3.360062,3.2208967
TODYOA,3.3687696,2.6529226
POYFIT,3.326592,2.9832115
QASLAZ,2.2759604,2.2362304
QATQAD,2.3461657,3.0554755
YUCGAE,3.9080992,3.4954946
BERZAC,2.1535091,2.343173
EKUHEY,3.8297305,3.3475358
AQOKAT,3.120874,2.9501548
QEXSUH,2.1480668,2.1830075
MOZQEZ,3.1875417,2.945636
KEQXUA,2.760323,2.7487905
PIYPUI,3.3970695,2.9868765
NOHTIO,1.9652063,2.910086
ZOSGUL,3.4144847,3.1701398
EDIHAC,3.558705,2.9898841
ROJCUP,2.8071265,2.695253
NARKEZ,2.414194,2.527507
FUPTAN,3.0514848,2.8811347
FODCEG,1.4830205,2.728309
CUPZOC,5.985961,4.1793895
IMIDIR,3.6890476,2.976176
CUFTEE,2.8386917,2.7446876
HOXLRH,3.0963836,3.1365945
JAFWIX,4.1061983,3.8228745
JEGLUF,2.9766536,2.7618988
VUKTOL,3.9663317,3.131343
AVIZOU,2.3268456,2.8866296
IKEBIL,3.0607367,2.7104263
XIDYOY,2.227252,2.3436434
YUNDIW,3.6313596,2.9170072
JAVVOS,3.675986,3.3954296
QIWZOO,2.8539302,2.84439
MOBWOS,3.1655006,2.539998
KEBBIF,3.53231,3.077129
GASNIA,2.9894428,2.7935345
CAMCOJ,2.32739,2.6044562
QAHHEN,2.8781483,3.004061
XAFGUH,3.3007412,3.3436399
WELQOT,3.4716287,2.9499264
BEJFIH,2.4697053,3.028477
CIMLIU,3.8768063,3.22007
WADRUO,2.7442684,2.4079387
ORUKIW,2.9105299,2.7480085
GUNZUK,3.4419682,2.9173272
GIVPAE,3.0958395,2.8792844
RERJOO,2.5769184,2.5064404
JELMUL,3.1108057,2.484473
JOZROH,3.1219623,2.8108158
COTKOM,3.3173401,2.8438778
COHBAC,3.816397,3.1249363
BOJJOA,2.9045434,2.7465563
WECHIV,3.7774847,3.0440943
SICNOH,2.9208703,2.8476286
RAVGAW,3.264278,2.9092662
FIGVUM,2.6016808,1.5610653
IYOMEO,3.039784,2.929154
PEDPEW,2.4101124,2.6189623
NAQFOD,3.460472,3.0651531
XEPJUY,3.905106,3.4132693
HINNAT,3.2152975,3.069532
XUKZUA,2.9527075,2.9287426
GOFTOK,3.5475485,3.4441738
IKUSOX,2.834338,2.87354
FEGZIA,3.4248252,2.8054347
WUJZIK,4.0517755,2.933428
ANOXIL,3.610679,3.003611
JOLYIS,2.87706,2.4890316
WULSUT,3.3951647,3.076336
YOVTEJ,3.524963,3.0592844
HELSID,3.46537,2.6338158
LETHOI,2.6367834,2.5638783
AWOQIN,2.7801874,2.2991943
CBPPRH,3.152439,3.1718543
EGAREJ,3.312442,2.913641
ABICIY,2.7548807,3.003705
GIXTEM,2.289294,2.5345056
EKAGAY,3.3165238,2.7559412
UFULAJ,2.5244002,2.3662758
VIBWIN,2.5078013,2.8633375
RAHXUU,3.8495948,3.0399573
PAXYOF,2.9880824,2.674313
IYATUX,3.2318964,2.8659425
HUXTOL,2.9219587,3.0627606
DAKRUE,3.0343416,2.623318
JURROD,3.0650907,2.8171768
ABICUK,2.8857675,3.3471663
VAQCAU,3.142915,2.6968625
LUNSIW,1.3091398,1.5230922
TANCAP,3.4237366,3.155323
HBUPRH,3.6000664,3.3141587
CDXPRH,2.559775,2.8248782
JOCHOA,3.5045545,3.1802907
RULRAT,3.4414241,2.9297109
DEXFUI,2.7584183,2.6691706
QIYMOB,2.95815,2.8492067
OGOFOG,3.5848281,2.9969747
CAXBIP,3.3739398,2.6342735
REDPIB,3.3570688,2.9545515
BEFNIJ,3.5363917,2.928893
ODORIJ,3.46537,3.4633422
XIRKOB,4.0705514,3.4835944
DOTBIA,3.3486333,2.9385757
EPIBOW,3.04441,2.4490757
PUMNEQ,3.9037454,3.3196483
BAYYAC,1.8008496,2.352109
YIQQUK,3.917079,3.5118837
PUYBUI,1.4503669,2.0720358
BEJFON,1.3926787,2.7064404
KEZVIU,3.8702755,3.779465
PONCEA,2.1692917,2.1966808
PIBQOJ,3.209855,3.3253136
AXEDEN,3.2278147,2.7044058
SERSUD,3.3355718,3.2691083
SIGFIZ,3.034886,2.7034023
NIPXER,2.490386,2.6805735
CAYMAQ,3.314619,2.9370658
KICDAC,3.6177537,3.0274262
DACDER,3.4109473,3.0844724
IGAKUW,3.5391128,2.9764767
RUPWEG,3.1869977,2.8078907
QUNDOS,3.9878287,3.14257
ZEJMAE,2.5769184,2.4389403
YICTAG,3.2727134,2.1654515
MUPWUQ,3.6057808,3.1503394
RENZIU,3.1867254,3.0037878
NEPBUI,3.3260477,2.960957
FAFBAS,4.0808916,3.2592933
IDIQES,3.5709503,3.0411282
VUDDOO,2.5192301,2.4667957
XUPQEF,2.5624962,2.5416083
EYADAK,1.9173143,2.2521918
INIJUK,3.9320452,3.3380053
PEQQAF,2.2509258,2.555522
KAHSUJ,3.5812905,3.0197923
KIBMUF,3.3227823,2.8746998
FEYJAV,2.6465795,2.5907352
ABEJOG,2.7701192,2.892399
LOGZIS,3.1372008,2.9699495
DAQDAB,3.059104,2.7859895
PIFTAZ,3.6267335,3.0009491
XEQYOJ,3.3355718,3.0520313
FAGVOA,2.0541875,1.9598925
TANLUP,3.0237293,3.1313608
KAXGEV,3.5304053,2.9954164
PEFNUK,3.5244188,2.9625082
WEYSEZ,3.6495912,3.0813575
IHIZOP,3.5067313,2.9886463
JIFZAC,3.1031864,2.7243683
QONFOQ,3.510269,2.8701317
JIVJEE,2.6305246,2.68453
JAYJAV,2.3619483,2.1131554
BILGOT,2.7736566,2.0592608
TORFOV,3.4765267,3.0773478
NESLUV,1.9088788,2.2920015
LIMTIK,3.539385,3.3828526
WAVCOM,3.2079504,2.9674618
ILEVOL,4.4177685,3.657128
BOTKUT,2.8269908,2.6859417
PAWJIG,2.875155,2.8986921
VOFHUW,2.8601887,3.0118475
XOXFEW,3.751906,2.7288501
GIPZAG,3.226182,3.1408708
PUFLIL,3.244958,2.8080893
YAVHAG,3.4087703,3.1380844
GANKAI,3.2444136,2.5845246
IMENUK,3.4117637,2.9910886
HIJXOQ,2.9674017,2.466612
NIKZAL,3.883337,3.0188518
VUPJEV,3.152439,3.05139
KISZAO,3.8735409,3.1213868
WUPHIA,3.085771,2.987084
DIJQOC,3.8920445,3.201696
CUDKOC,3.6245565,3.0613005
ZOCDOK,3.6457815,3.086801
QIDLAS,1.4285978,2.8261237
SOLYOK,3.7772126,2.9583747
NOGTIM,4.061027,3.8296616
DICSUD,1.9943225,2.5767014
OLEVUW,2.934476,3.0139444
GUNWIV,2.4441266,2.7014508
EGICED,1.7069702,2.4521434
HAXJIA,2.7804594,2.8165255
LEFDOS,3.3083603,2.9690368
QICZEK,2.822365,2.707604
HICSUH,1.4582582,2.540297
YAKGOH,3.2650943,2.8726392
GAWDAL,3.0357022,3.10649
LAJQET,3.1527112,2.8043144
LETRIO,2.934476,2.8897629
XUNPOL,2.6182797,2.7576787
IHAHEE,3.2841423,2.7113807
HERGUH,3.001688,2.8700113
ECATAD,3.185365,2.8893774
UMEBET,3.3374765,2.8239703
BEWPEZ,3.2680874,2.9959254
TEDXEG,2.6411371,3.3875513
HEZNAC,3.5399292,3.0045033
KUPVAT,2.2642593,2.9386253
PAPSEE,3.9970806,3.0739288
POQSOG,1.551049,2.344023
DANKOS,4.0251083,2.772749
GUSJUZ,3.7407494,3.0845585
REZLIT,2.7067165,2.1586976
LAVQIL,3.2599242,2.9520216
LAQMEW,3.0082188,2.898641
ZULROP,3.3899944,3.1525407
TANLOJ,3.1701264,2.7999787
AQECOQ,2.5401828,2.320412
EFUGOB,3.2746181,2.9432504
NOXNIZ,3.5135343,3.5056994
ROHTUE,1.6958135,2.588341
GOLPEC,1.8778578,2.3558316
RUWZIS,3.410131,3.214286
DADNAY,3.7094562,2.8861127
QAXBOG,2.0631673,1.8718139
WODHEE,2.7448125,2.9455526
ECOTAR,3.2142088,2.8663561
JOGKIB,2.3692954,1.977814
OKEMIA,3.0479474,2.7496867
REYFUX,3.056383,2.9085402
KOHRUV,3.4740777,3.1187906
DAKLUX,2.7472615,2.80539
WAXTOE,3.3309457,2.9646628
WOZPOQ,2.5940614,2.21347
ZEGWIR,3.166317,3.2211976
CEXCAK,3.2710807,3.1406102
RODDAS,2.6248102,2.811849
DAKTEP,3.329041,3.2629397
LIHWEE,3.2294474,3.1330583
UZIYEJ,2.698281,3.0697932
IJUGEZ,2.8316169,2.7716777
CIYBIV,3.682789,3.0581436
AMIGAF,3.0166543,2.660353
IXADOB,3.2776115,2.9375787
REVFIH,2.143985,2.1874552
VESZAU,2.4239902,2.2760792
QUNBIK,3.489316,3.1547592
CAMTER,2.086841,2.2649815
OFEXIH,3.7900019,3.084003
GAXPOK,2.822365,3.0071442
RAMLEZ,3.9132695,3.117815
UNAWIP,3.1102614,2.8911653
MUJNUB,2.963864,2.734816
XORSEE,2.4588208,2.4708395
WOGPEO,3.560882,3.591149
FIPKIY,3.2806048,2.8103406
SAMREE,3.5758483,3.174853
TEFYIO,2.7573297,2.8207638
XEQMUD,2.9529796,1.9659145
EDIHEG,3.551086,3.0278883
JEMZAD,3.2348895,2.878726
ENUWIV,2.4201808,2.887
ODUXOC,3.2465904,2.9420562
UPOLUH,2.941823,2.6412654
VUFMEQ,4.433823,2.859016
ABICAP,3.539657,2.928701
FEVZOW,3.754355,2.9205983
COFDUX,3.1510785,2.4674265
EKOJUK,2.7714796,2.6017475
GEDZAQ,3.1780179,2.8786864
ICUHAP,3.0795126,2.7497725
ADUZOO,3.3486333,2.896839
WIWYOS,3.6607478,3.0876753
JASPEZ,2.4457593,2.719614
ROSKOC,3.0874038,2.8610952
HUBHER,4.2743645,3.118464
YEBWIL,3.4427845,3.360419
COQMAY,3.5456436,3.0492923
GUVQIZ,3.4025118,3.0018666
FUDNOJ,3.4898603,3.0576982
GETWUY,2.604946,2.9585235
SOWFAM,3.5067313,3.333985
BUVCIE,2.5137877,2.9614785
OHIKAR,3.3704023,3.0047803
DIWCIX,2.9739325,2.538156
KAKWEZ,4.2191253,3.6123543
JOWLEM,4.1813016,3.1842601
WEQHEG,3.027811,2.7578707
FEKKAH,3.145092,2.9125476
CIFZIA,3.8754456,3.4740708
TESFIH,1.6500984,2.9605746
WENPAH,3.180739,2.8056226
ICUCOA,2.2811306,2.775686
LASGAN,3.5042822,2.967948
XATCAY,2.9698508,2.8990943
SAGZUV,4.610425,3.365106
LAVMOL,2.3967788,2.432037
ZOKRAU,4.979684,3.8019397
POJMEJ,3.0498521,2.8786263
VEZJOA,3.6446931,3.026602
JUYNAU,3.1529834,2.782345
XAWQUH,2.5224955,2.7587454
ULOSUK,3.529317,3.0276806
APINOE,3.5268679,3.0725005
NUVFER,3.1053634,2.5276952
OLAJEQ,4.005516,2.9664419
TUHYEC,2.7050838,2.4972937
BOHRUN,2.4822226,3.2828605
GAYWAH,2.184258,2.879854
GOGDAH,1.7477874,1.9030848
CUXLAK,3.3758445,3.0132966
HUBTED,3.4743497,2.8246431
AGOXUR,0.8421924,2.0615053
XUJBOT,2.5777347,2.4129677
KACSUC,3.4177501,2.8881598
DOBQAN,3.4849622,2.9768784
XIYFAO,3.8425198,3.4986277
CULPUU,3.6667342,3.05921
BEXWAD,3.6865985,2.9700637
WELVIT,3.62755,2.6265056
QUNBEG,3.4691796,3.112628
DITDAL,3.6699996,3.1337821
VOCFUO,3.1396496,3.139824
ZELMIP,2.6022248,2.267799
RUQTUU,3.8017027,3.76518
DODDUY,1.543974,2.5185013
KOHSAC,3.4827852,3.1872983
BIKFIM,2.057181,2.2561426
JANNOB,3.5589771,3.306879
COQLOL,3.317068,3.0582063
AQOJIA,3.1755688,3.0116487
WAYSUM,3.7323136,3.5579858
SOFCOG,3.188358,3.0674489
RUDMEJ,2.9976063,2.753905
HAJLAG,3.5581608,3.0984988
POTGEK,3.3823752,3.0695026
MADWIZ,4.464844,3.364339
XAFBOV,2.021534,2.1163425
FUDKIZ,3.6550333,3.269259
OSOQAP,3.0999212,2.729873
AQOWUY,2.8425014,2.6617382
XIGFAX,2.6797774,2.632711
HECZEV,3.6218355,3.4346404
HAWDAK,3.1350238,3.622112
XOZVIS,3.816125,2.9335806
ROJQOX,3.3791099,3.1597748
AQUVIR,2.5208628,2.2327228
JINJAU,2.915428,2.6215906
LAPDEM,4.050959,3.5051901
LETJAW,2.0141869,2.3210952
SUHXAV,2.6748793,2.8331974
SIGFOF,2.8362427,2.7095773
FARDEJ,2.6517496,2.7665153
IGAKEJ,2.406303,2.8193064
CIMXIG,2.987266,2.8929508
NAFJIO,1.2182537,2.4857287
DOJJUK,3.094751,2.9545176
RAQYEN,3.2229166,2.9095206
QIFROO,2.880053,2.819321
ZIKXOI,3.2384272,2.972665
LEFBED,3.28387,3.3206916
SEQSAI,3.3921714,3.2573597
CIXZIT,2.356506,2.7276597
GIRXAJ,3.1940725,2.8270972
BAFWIQ,3.2101274,2.8372974
YUFDEJ,3.3755724,3.0781157
BUJQAY,3.7129936,3.1572301
ZELWUI,1.9222124,1.959383
DODYUT,2.676784,3.0259323
LUNKOV,3.5070035,3.0193307
RAJNOI,2.1978636,2.581058
ITAJUI,2.8196437,3.0720863
JETFET,2.941551,2.6952174
JOZRIB,2.8356986,2.80718
NARLIC,3.1516228,2.6579318
ULOTEV,3.6025155,3.2413476
BESDOT,2.5009985,2.8798006
UMIDOJ,2.9434557,2.7086504
VORROM,3.8006144,3.110413
UDIXOX,2.616647,2.2405207
XIRFOU,2.690662,2.3352914
POBPII,3.3608782,2.8144026
HINMAS,3.1516228,3.2781749
ALAGOK,3.393804,3.0652533
CPIMRH,3.312714,3.400552
FIDPUD,4.5130086,2.9652524
BOHHOW,3.0191033,2.93608
KIBYUR,3.047131,2.530109
BUBFIO,2.9439998,2.8615544
UGIQEH,1.8228908,1.7784082
ITIGEX,3.8727245,3.2741365
INIFIU,3.5867329,3.001116
QEGZOT,1.9929619,2.446418
GOFVOM,3.7181637,3.4718068
HIYZIY,4.806075,2.743129
TATWOB,1.7921419,2.5649705
VUFSEW,3.2993805,3.0393357
NADZOK,3.749729,3.060789
LANTAW,1.6149957,2.1555684
FUVHIN,2.8302562,2.7317073
BADQED,2.3165052,2.7641068
NUTQUQ,3.2444136,2.796921
BIHWIY,2.4071193,3.1153858
AMAZUK,2.2947361,2.7746263
VECDEM,3.36496,2.858377
GUHSIM,2.7118866,2.6125493
NUCHAW,3.362511,3.2831697
KUWPOH,3.8153086,2.8039994
REQCUL,3.0936625,3.018686
GEMXON,1.2158047,2.2536402
OMEKUN,3.7823827,3.4529855
YEHBAP,3.2585635,2.656244
HERQEA,2.815018,2.833482
XAXNUG,3.0552945,3.0225954
OPIBIA,3.0131168,2.7540827
YOXQAF,3.1818273,3.0844312
RAGYOP,3.6621084,1.8157959
HIXZEU,2.7807317,3.150093
HIMVIK,4.093137,2.9398167
XEKMUV,3.754355,3.4216757
YAYLIU,3.0754309,2.85794
ULOSEU,3.42673,3.060386
KIDYAX,2.846311,2.8622518
MUGZIY,1.9107835,2.2032645
EGIBUU,2.1303794,1.4321786
WINGAC,4.1377635,3.0265148
ASELAL,2.9358366,2.938647
ADUYED,2.8473995,2.822602
PEJSIH,2.16521,2.5325768
MOFKEX,3.2985642,3.2051597
LOQWIX,2.8182833,3.1204782
KELQUO,4.0447006,2.3980708
NUTKOC,3.001416,3.1884885
FAYBIS,2.827263,3.2427998
EGEGON,2.7088935,2.8764174
XELPUZ,1.3257388,1.4281363
SIMLOR,3.6104066,3.3752203
WUTNUW,2.5967827,2.8584442
HEHFEF,3.479792,2.9974105
OGOGEX,3.1894467,2.8281763
UROGAK,2.4441266,1.9006131
ADUYIH,2.2740555,2.4994302
VEZXAA,3.494214,3.259871
VIQLAJ,3.5524464,3.1667624
ODIGEN,3.6661901,3.3664024
BEXVOQ,3.4719007,2.8089185
RASCUM,2.7695749,3.0508947
TACXUR,2.1741898,2.7683897
EDEHIE,3.0479474,3.2154684
XAXHUZ,3.2332568,2.9358542
DACTEI,3.940753,3.009262
MADVAQ,5.104856,3.528258
CTMSRH,2.798147,2.2488215
UXIDAI,3.9080992,3.1677947
JAVVIM,3.1467247,3.2983222
GOFNAQ,4.861586,3.6310306
QAVSEM,2.8449504,2.6474018
JEBRAJ,3.2087667,2.931944
CILYAY,3.811771,3.1911223
NALPEW,3.3304017,2.8240926
CIQJIV,3.3069997,3.0934722
EQIXIN,3.5625148,3.0745413
XATYOH,3.056383,3.2508903
VUVQEJ,3.8147643,3.0847874
RAKRUT,2.3026276,2.920126
MOMDID,1.6928203,2.0934796
OFATEX,3.1434593,3.0750468
QIYMER,3.0503964,2.6830077
LETHIC,2.4721544,2.593737
XUCRIY,3.4095867,3.432608
SICKUL,2.6784167,2.6905503
QONXUM,1.9418045,2.130179
UKUMET,2.791072,3.0046647
FUJMOO,2.4223576,2.888635
UJUHIQ,2.614198,2.7421782
OFEYEE,3.2218282,2.9383576
YAXYIG,4.1698728,3.3795662
NAMQOH,3.5845559,3.1323206
NADSOC,3.0512128,3.0815887
SORSUN,3.4781594,2.874769
QETPEK,3.2901287,3.1929317
ULUJAN,3.5040102,3.034857
MIDCAE,3.8912282,3.0085816
KUMDUS,2.779643,2.6856568
XODYAR,3.2795162,2.9752285
NIVCOL,3.3143468,2.823128
FUTLIR,3.1105335,2.7798035
QUVCOB,2.3842616,2.2429492
GEMXUT,1.4525439,2.295969
IBEWOE,2.535829,2.567214
EFUPUS,3.0797846,2.939264
BILGUZ,2.9761093,2.1803217
EBAJEX,3.7486405,2.9853642
GALYIB,3.4406078,3.0197968
DEQHEM,2.8898492,2.886156
REPNAE,3.0871317,2.516299
KOJLAZ,3.4180222,3.0066202
TUDXOF,3.3796542,3.307079
MULLAG,3.0903971,2.7936833
HEVBAM,3.5497253,2.7998483
GEZHUO,3.3157074,3.2227464
WEQWIZ,3.300197,3.4496274
KUMGAB,2.939102,2.7967048
UGUFOT,1.6593503,2.3582463
CAMTOB,2.0590856,2.343917
NEJKOD,3.8700035,3.5377312
PIVXIE,3.1508064,2.9044251
QIVCII,3.139922,3.5121024
NEHBEI,2.3510637,2.6548464
VODZIY,3.1562488,2.879675
RUXQIL,3.1410103,3.511883
NIQFEA,3.5497253,2.9324024
UDINAW,2.1880677,2.4517467
YEHHOJ,2.7118866,2.556145
MOGGAR,3.0305321,2.9784806
ROYCEP,4.445524,2.892894
XEFHAS,3.307816,2.879045
ADUYAZ,2.774201,2.769133
VILYUL,2.2463,2.385222
WETHOT,2.7132473,2.809738
DEGRAJ,3.9529982,2.9695637
YESGEI,2.6297083,2.517204
FAJCUQ,3.1140711,2.9755747
QOYBOX,3.0808733,3.0370371
AXIYOX,2.6060345,2.6804478
AYIRUV,3.7347627,2.917838
DEJVEV,3.252849,2.9317524
SULHIQ,2.9769256,2.8367367
OFOBEQ,1.7847948,2.3863566
QILVIQ,2.28494,2.8811626
HUYPUM,1.5711855,1.7844766
MAMKOC,2.741275,2.8273952
GUDDAK,2.7067165,2.3726172
ECIFII,2.409024,2.6673276
MOKCOF,3.8629284,2.924658
GEVLOI,3.9034734,3.5071616
XACLIZ,2.874611,3.1118023
JAFVUK,2.8101199,2.8664486
ATIZEK,3.3742118,2.7420464
XIYFOC,3.310265,2.9857242
SASZOB,3.3040066,2.8703504
VEZFAH,4.329876,3.7694776
QETMEK,3.8751736,2.9776251
HINMIA,2.5725644,2.6464992
VIBHUL,2.77665,2.4279428
LAMSUN,4.055585,3.7872481
RICJIX,2.5301147,2.8608723
DIYCET,3.106724,2.9349077
XODXIA,3.2504,2.9090323
FILJUG,3.0487638,2.8526986
XUSHOK,2.6969204,2.6247454
ZEJMUY,2.6079392,2.2929883
JABGAV,1.8590819,2.656276
DIZLON,2.9497142,2.8961804
NOCPUT,3.0784242,2.5909576
HUBKUK,3.8604794,3.0189912
YISDIO,3.5557117,2.8190293
OVELAE,3.1589699,2.8242068
MOYQOG,3.3388371,3.170703
HEVBIU,2.8874002,2.9170125
FOCWEZ,3.1772015,3.2784472
NOPCAY,1.739896,2.7528038
ZATSAQ,2.055276,2.3191748
WANFID,2.8082151,2.7412348
JEQTOP,2.7453568,2.45973
MIMXOV,3.6202028,3.241539
COXGUR,3.589454,3.408162
SIGCOD,3.071077,2.7868876
LILCAL,2.7812757,2.8197818
RECGEO,2.5728366,2.563393
MENJUN,3.5021055,2.905945
OMAVED,3.1298537,2.7899203
MOWWUS,1.9725534,1.9029115
WIVGOZ,2.5518837,2.5269327
MUPWOK,3.2958431,2.8894916
CIHYOH,2.4204528,2.5311816
GAKJOU,3.9973526,2.6874948
IFIHIQ,3.7611578,3.1424537
RATQUZ,3.4046886,3.0739634
BUPRUA,4.005516,2.758995
LUNKIP,3.6090462,3.1239882
LEDSIX,3.082506,2.8291647
TEXQUL,3.240604,2.9811525
BUKCUG,3.3181565,2.9446654
JAHRAM,2.9342039,2.5261078
BOTFIC,2.322764,2.2529783
WIHREK,2.9600546,2.5860567
SOFDOH,3.1940725,3.1739514
ROBVOV,3.243053,2.8687031
CEQFIO,2.5848095,2.865962
BIDHED,2.3747377,2.187247
RITYUO,4.3532777,3.0757408
CEYJAS,3.4392471,3.0874815
QUBTUE,2.6041296,2.36013
ZOVXEN,2.6699812,2.8518555
QEPDAS,3.5905423,3.2100406
ICIXAU,1.6688743,2.839532
YOPXEH,3.2547538,2.8977125
HEDTOA,3.63272,3.230155
GOFTUQ,3.300197,3.5873985
HUHHAV,2.3535128,2.186161
DUDYAD,3.300469,2.936463
RAPSUW,2.982368,2.858984
FEQXAD,2.4318817,2.8364847
RIVYIG,3.9355829,2.6646705
ABUJEN,2.9325712,2.770614
PARTEH,3.1537998,2.8635504
HAQGAJ,3.6038759,3.4676304
PULRIX,3.0512128,3.3417895
PENKAV,2.798691,2.7546859
QOPJOU,3.2376108,2.9435854
TORFIP,3.3908107,3.1470904
FALSUJ,3.1986985,2.7598855
NEJKIX,3.854765,3.0234456
VALREI,3.1148875,2.8170652
SAKXAD,3.6368017,3.5105853
KIRGUN,3.0114841,3.4801981
UVUCOE,2.4405892,1.8040493
AZOCOI,3.0163822,2.414775
MASKAU,2.110243,2.471843
XIGFEB,2.7181454,2.6187778
QOJXUI,3.7475522,3.2953484
GIBHII,3.0054977,2.957128
LAXBER,2.6920223,1.9589835
DIZKAY,3.2876797,2.8715482
DIZKEC,3.0689,2.8137631
GUQDUR,2.7494385,2.740123
LURZEF,2.7083492,2.7050443
OJOXAM,3.3116257,2.9692965
KIGJIV,2.5211349,2.4704983
OHAJOW,3.9603453,3.002288
FOPWAI,2.9159722,2.8038523
RIFPOO,2.3510637,2.9224348
MAZLEF,3.6041481,2.3324528
QIVCEE,3.1410103,3.5128853
HOQTOX,3.5366638,3.5313897
DOJKEV,2.8291678,3.0130806
ULUKES,3.071077,3.055054
BUPQUZ,2.3431726,2.5730321
DAMRAK,2.9404624,2.9017234
XUJTEC,3.3184285,2.8573573
GIPYIN,3.3777494,2.8881133
ZOSYEO,2.3018112,2.4344726
FEHJUY,3.0171986,2.9595616
LUGYET,2.444671,2.7194498
NARFAO,2.4416776,1.9418192
WIKTOA,3.1189692,2.924226
XIVPUO,2.1959589,2.3912787
DOGROJ,2.6163747,2.6544533
QUKKEM,3.1842763,2.8484643
MECSIZ,3.1848207,2.839372
ZAYKUH,2.8737946,2.829195
AGEMUV,2.5633125,2.7086112
PIVMUE,1.8239793,2.2401857
MADXEW,4.093409,3.0659556
TUJPIZ,2.71488,2.9069033
SIYPEY,2.0691538,2.2899456
MEVZAR,1.9600362,1.9928925
YAMQEK,3.6506796,3.3266318
PONZOH,3.0337975,2.8976624
FUTYUO,3.0237293,2.9933028
SOFGAW,3.3407419,3.4083772
WIZDIS,3.3154354,2.9512484
WUQHUL,3.2767951,2.7510211
IKOBOA,3.2626452,2.9960425
HANKEM,3.4419682,2.7507327
AQOFIX,3.838166,3.2387338
OYUGAR,2.167387,2.7712216
BUKYOW,3.7510896,3.5003204
WATLUA,3.432172,2.94134
FUQQAL,3.1826437,2.8040228
OHIQIH,3.2830536,2.7174704
RUJWEZ,3.99572,2.6853151
FAJDEB,3.0980163,3.3507001
REPNEI,2.636239,2.3156521
CIDHOM,3.840615,2.8564577
ENEWOK,3.5978894,2.7728548
EJUSOR,3.5407455,2.8180068
IHIZEF,3.510269,3.0403721
IQAZOP,2.934476,2.8598976
EJUZIU,3.328769,2.887157
KUNJIM,3.5957127,3.1049776
KIQJAX,2.3649416,2.350129
WODBIC,2.884407,2.9242635
XIDPEH,3.2362502,2.9015296
HOXMOY,2.8030448,3.076314
IFUWEL,4.0950418,3.035493
DIKFUY,3.226182,3.0365665
KUMGEF,3.0046813,2.7610564
OBELIT,2.7377377,2.9698713
CIZZAM,2.7064445,2.8900099
SIWSAU,3.0484917,2.7862027
RUFSUG,2.9472651,2.8717885
SUPMAT,3.6691833,3.1540353
LEVBUJ,2.82046,2.943668
WIWLUK,2.2718787,2.3164499
TUVBUH,3.111622,2.8919919
TANBUI,2.9521632,2.999775
NIVCUR,2.8493042,2.908764
JEWNUV,2.588347,2.841855
FETMOJ,2.592973,2.9678395
TEDPAW,2.9274008,2.487229
FIXXOA,3.0667233,2.8053854
KIMQAY,3.0950232,2.9139972
XERNUG,2.3314717,2.7576423
NOLPIN,4.1472874,3.324226
ELUHOI,3.608774,2.9306774
BEXJAR,4.125246,3.036682
KIXQAK,2.7785547,2.7059362
EFULEY,3.2999249,2.860583
WIWJIV,3.0678117,2.7151825
ODOREF,2.4414055,2.713833
DEGQUC,3.7842875,2.953689
EGICAB,1.8577213,1.7142813
LEZKOQ,2.5807278,2.5356953
NITHIH,3.5499976,3.3244739
DEDXAM,2.8697128,2.9466581
REXROC,2.5301147,2.357529
KASGEQ,3.0286274,2.3041346
EYICEU,3.8637447,2.327806
TIVVID,3.034886,2.9987938
DEGVAO,3.4400635,2.7166092
RAGWIH,3.9976246,3.5212164
QIVHOS,3.5423782,3.0392804
MUQTID,3.5304053,2.868002
HINSAZ,3.9257867,3.342412
LETXEQ,3.1293094,2.5021832
VUJFIR,2.7918882,3.0272696
FEYHOI,3.5698617,3.1424294
MADXAS,4.2447042,3.0391903
MEXWOB,3.0925741,2.9286842
MOKHIF,2.638688,2.5504558
DOWSOY,3.0163822,3.0147321
QALFUF,3.2006032,2.8702478
OBELEP,2.7927046,2.9020557
YIDROS,2.3159611,2.7522554
OHIJUK,3.4607441,3.0985599
IBAKAA,2.8977406,2.7503633
ROYCOZ,4.9938335,3.3883727
GIZGAX,2.750799,2.899819
QIXROG,2.6220891,2.9612541
FIXCUL,3.3271363,3.2614741
NOHPUY,3.1059077,2.800277
RULMEQ,2.4770525,2.8757381
YANZUL,3.2305357,3.1018484
XOJLIR,2.4890256,2.7728813
PUQQOJ,3.635169,3.8293633
GAKXOI,2.8136573,3.0264394
RAGWAZ,4.00606,3.5020132
XEYPUN,2.1880677,2.3374739
LUNHIL,2.9045434,3.0605683
FOYCUR,3.3774772,2.9192402
HULZET,3.7655115,3.5104153
HAXJOG,1.809013,2.9063635
NODGIX,2.7755613,3.0874057
ZOYRIO,3.2637336,2.9631138
ROBPIH,3.039512,2.9611633
DAVXOQ,2.6639948,2.6723561
DAHSIQ,3.7576203,3.317102
IBUBAJ,3.1249557,2.8948035
SACHIN,2.8922982,3.0053754
IGAWES,3.5957127,3.1098235
RAKRON,2.2884777,2.9577336
ABEJEW,0.26721582,2.5599504
HAYQEF,4.082252,3.2743442
YEPPOB,2.3954184,2.6300316
KEBVUK,2.6329737,2.577845
ESEBIO,3.5467322,2.863598
ALAGIE,3.3331227,3.0317018
WIXXAE,2.776922,2.6016848
WOFZUM,2.3975952,2.7677503
HAWSII,2.9521632,2.8464375
KIDBEG,1.6231592,2.4663677
GIVWEP,2.0413983,3.0741005
IHUWEN,3.5113573,2.9470456
NUZYEM,3.859391,3.223882
BOBSIV,2.5869865,2.7425249
PUMNIU,3.7091842,3.110849
VUFSIA,3.5475485,2.9814625
DADNUS,3.5812905,3.036436
OMAVUT,2.7902555,2.6817172
OMADIP,3.854765,3.079247
QIHPAA,2.7295742,3.1366441
HINMUM,2.736105,2.9786258
IQAZUV,3.1173365,2.9804285
QIBXUW,2.1850743,2.326857
LIDKOY,3.2087667,3.0859437
NADSUI,2.6610014,3.1370437
JAWNED,2.7559693,2.65819
KAMDAE,2.3507917,2.471428
DURSEP,2.7905276,2.7965617
OHIQON,3.3486333,2.9318
COFDOR,3.1535275,2.5269794
COSTEJ,3.224005,2.9848797
SUNWAB,2.2773209,2.1861563
ENEXAX,3.2759788,2.7761533
KIMFAP,2.7042675,2.7850604
JUSQAR,2.8234534,2.801906
VAXNIS,2.9782863,2.956774
OJIMEZ,3.1279488,3.4553604
HINLUL,3.0972,2.9853327
VUCDED,2.683859,2.6994865
IVEGUN,2.9268568,2.845976
CECPAC,3.7864645,2.9632509
CISDUF,1.6163564,2.550928
NEKTOP,1.9431651,2.9222844
XOMQEW,2.6449468,2.5218375
ZITHAO,2.7521596,2.7092535
TIXQIC,3.130942,2.8138478
DODDOS,1.5864239,2.603973
XEPKAF,2.5124273,2.9118207
VIGWIU,3.1946168,3.023092
FEXLUS,3.4036002,2.9629953
PAXYEV,2.8947473,2.5762272
TONPIW,3.281149,3.330384
KORREO,4.014768,4.221928
ADUJEQ,3.2256377,3.0638785
JUSQEV,3.5048265,2.9000146
LUQMUG,4.3339577,2.9446392
DAMVAQ,3.819118,3.0865355
BUKDAN,3.281149,2.9951422
BALERH,3.7067351,2.813519
VUJFEN,2.8052218,2.8841374
GIXQAF,3.39843,2.3918805
FUNHIF,2.8716176,2.4629178
OHAJIQ,3.3899944,3.059012
ROJFAY,2.755697,2.5306635
FIWKIH,2.758146,2.8712935
NUDSAH,3.250128,2.9667058
UBIFES,2.660185,2.7828712
HUVKEP,2.4242623,2.8659887
EJIDIM,2.7233155,2.724607
TUCGAA,2.593245,2.5599163
FIXYAN,3.2147532,2.8866668
IXUTOK,3.4166617,2.874622
UGAXIK,2.2294288,2.3002503
IYATOR,3.5698617,2.7136886
BIMLEP,3.7274158,2.7755709
BAZLIA,3.1037307,2.9821215
JUZSUS,2.6822264,1.916005
IVEGOH,2.8348823,2.5370378
CIJKAI,3.1837323,3.0564141
BOQQOQ,3.027811,2.8517785
JOCHEO,3.5233302,3.4438813
WANGAW,3.223733,2.9758942
CEZSAE,3.899936,3.3295035
QOVNOE,2.9605987,3.3626072
QAHHIR,3.2370665,2.9017544
SAQHOJ,4.012319,2.8421118
USESUI,2.9551566,3.0768957
SONNOA,3.283326,2.704058
MIFKOC,3.2762508,2.9147341
NAXPOR,3.4547577,3.2378702
FEYHIC,3.7529943,3.1132014
NALGUD,2.6672602,2.89527
OSEHAW,4.326066,3.3938634
HISWEL,3.5225139,3.0607834
MIJKIB,2.5439925,2.6331165
TADHAI,3.4740777,2.9653704
KIKPEZ,2.953796,2.1289802
IZOROG,2.1932378,2.7992096
UBIDUG,2.6607294,2.9775999
SAMQIH,3.4601998,3.4163735
IPRHRH,3.39843,3.1623163
MITYOF,2.9864497,2.9982235
HITJAW,2.8718896,2.6739702
GOSVAN,2.7902555,2.5292742
CASXUP,3.101826,2.6060882
QIKNIJ,2.7948816,2.7231946
FUJMII,2.3483427,2.8143928
REHKAR,2.7546086,2.7206979
EKOHUI,3.6885035,3.0320835
CEZQAZ,2.5083456,2.6346552
POKMOR,1.6928203,1.8333762
LEFCOO,2.7614114,3.0050263
FOGHEO,4.3750467,3.5665593
IDUWUC,3.556528,3.1112764
FACHOH,3.6694555,2.8551433
FUNPOT,2.5897076,2.4736652
XUJSOL,3.3690417,3.0497317
NALXUT,2.8778763,2.748428
SAMMUQ,2.8623657,2.5456126
NIRSUD,3.2457743,3.0364647
FOPYIU,2.4509296,2.2625477
ECUCIO,3.183188,2.9518125
ICUCAN,4.449606,2.9300582
JUZNEX,3.2738018,3.0396857
VEJFAS,3.6229239,3.0623724
MASVIN,3.4123077,2.967288
MELKEW,3.104547,2.855296
EKOHOC,3.4144847,2.822736
NETKUV,3.462921,3.0711505
ROHDUP,3.3652322,2.9326851
WULCUC,4.2768135,3.6517074
KEBNAH,1.7178549,2.4531138
VOMBEE,3.6163933,3.2468011
GAKJIO,3.9965363,2.6883302
PEVWIZ,2.167659,2.2177966
REJFUJ,2.3214033,2.2357583
CIBNEJ,3.3040066,3.1781816
CALKAC,3.630271,2.8431652
HOYSAP,2.0155473,2.4991074
ZURMUU,2.8830464,2.9664757
WAPSEN,3.2226446,2.9235682
UVUCIY,2.4220855,1.7630658
TIGVEK,3.5736713,3.3637404
WUGJEN,2.805766,2.507716
EXAYOR,2.7488942,2.5882537
BEDCEU,3.0117562,2.6488824
NUVFAN,3.1301258,2.7506332
GOLHOE,2.9497142,1.9656646
TOBTIN,3.1611466,2.8685994
LUNRUH,1.1172996,1.6982161
MIVXEV,1.9260219,2.1136336
JUNXAT,3.1050913,2.762471
XERKAJ,2.8256304,2.5272799
PITROZ,2.4397728,1.7740473
JAGNEK,3.1252277,2.8805757
YOPHAM,2.9072645,2.3489668
QATQEH,2.8337939,3.094359
WIVCUC,2.1570466,1.9303474
IFASEN,3.8934052,2.5270545
VUDHIM,2.6136537,2.8537014
VAHPID,3.386457,3.5293303
IVUDEI,3.5763924,3.0708456
LIXNOX,0.8974315,2.502216
CIGLAI,3.123867,2.9385564
ZUKCIR,3.5630589,2.6823552
PEVGED,3.1189692,2.8103073
CUXMUF,3.3870013,2.9578955
SIWROH,3.2354338,2.946316
HUPNUB,3.9821143,3.494655
FIGDOO,3.6441488,3.468433
RUXPUW,3.1410103,3.5125325
HITDET,3.063458,2.8942046
CEZVAH,3.5138063,3.3697042
CUWCAY,3.3249593,3.2001472
BUFWUW,1.8868375,2.5175743
RUQVIK,2.54753,2.677038
COBSES,2.8993733,2.9572098
EKIVIF,3.6049645,3.0076513
FEKJOU,2.8082151,2.6015294
EYADIS,2.0237107,2.174896
TETKUZ,2.9766536,2.3280704
SOSXOO,3.7276878,3.11183
ZEJLUX,2.4827669,2.5028288
WAYNAL,3.0936625,2.94325
GUSXEY,2.631341,2.0920975
COXKEG,2.2931035,2.3823307
SEBDOT,2.4857602,2.130602
FEVZIQ,3.6860545,2.9934475
GILXEE,2.6664438,2.9779816
GUYJEQ,3.4215598,3.1276174
KUSXED,2.658008,2.7667983
VODZOE,2.8482158,2.9227328
BEXJIZ,2.7673979,3.0067472
UJUKIV,2.839236,2.8508708
NIPRAG,3.630271,3.2789283
ILEVIF,3.5412898,3.4051003
PAMZAH,3.3739398,2.9939687
REJFIX,2.2335105,2.3520498
LISPIN,3.513262,2.9181733
SUHXOI,3.740477,3.096309
NACSAL,3.613128,3.1190464
LIRLAZ,3.1328468,2.875476
YIXTEG,2.9878101,2.5591233
QULYUS,3.169038,2.6832466
CAJGAW,2.332832,2.3223865
NADTAP,3.4403355,3.112319
GIZGEB,3.6670065,3.0021112
JOKVOX,2.8887608,2.5087101
ACMYCR,3.8506832,2.8776004
POKFAY,3.291217,3.0308483
UBOSUB,3.1442757,2.8732142
WUPREE,3.632176,3.564471
PERHEC,3.3176122,2.7962856
JAFWET,4.027285,3.7465568
PAZNEJ,2.9592383,2.832642
NUTQOK,3.1143432,2.7897067
IMEPAS,3.0985606,2.8946779
EBUMOG,2.516781,2.372877
KUNCIF,3.5867329,3.1011739
BIMYOL,3.4008791,2.6914802
CIQSON,2.7570577,2.745492
SEKBUF,2.8155622,2.8543184
YOCSUE,2.7619557,2.4112897
JOFWUY,2.1848023,2.2481635
GIMCUC,1.8634357,2.5176907
NITWIW,2.8517532,2.995808
ISAPUO,3.309993,3.2388234
TUTPOO,3.0033207,2.4650884
EQISII,2.7905276,2.4924624
AJIFAA,3.4680912,3.629355
OGOJEZ,3.4392471,2.390232
FIBGOM,3.0416887,3.0915618
FOZLEN,2.8351543,2.7122498
SOFBUL,3.1050913,3.052411
CEKSET,3.859391,3.1765237
FENYIH,2.401677,2.4475136
WIWJOB,2.8694408,2.7671032
XOMGOV,3.7891855,2.965014
ESUKOT,3.190807,2.887349
PIQJOR,3.1769292,3.2990367
IBOVUT,2.858556,2.7795222
ZORSIK,2.8302562,2.6851046
WATMOV,3.1818273,2.799783
NISLUY,3.716531,3.0969052
KIDBIK,1.8792183,2.5980573
MIJLEY,1.8604425,2.2815778
EMAXAR,2.511883,2.8003902
ROBPED,3.0933905,3.0551133
JOSDEC,3.2631896,3.1728456
SEJHOG,2.3831732,2.958213
WUSJAW,2.9736602,2.5083368
METWAM,2.9499865,2.8662748
PUHVET,2.530931,2.5454402
OGUXUJ,3.0098515,2.7992089
RAFCOS,2.872434,2.8346925
VEDGAM,4.22103,2.5532382
RAWKAE,2.8288958,3.0291986
ZASMUE,3.2321684,2.729296
BUYVEX,3.3981578,2.9176407
BIJPEP,3.477615,3.0247293
KEDGAC,2.536101,2.5194376
MECYEZ,3.391627,2.769496
CISFAN,1.6759493,2.7672856
WINJIM,2.7211387,2.895569
IKULAC,3.2155695,3.0386367
MUJPEN,1.909695,2.5795681
GAVQAY,3.2308078,2.7862644
VIQSUJ,3.333939,2.9563951
EXIXOY,3.4898603,3.404151
CEMSEU,1.9420767,2.8605425
BUYKIP,3.6199307,2.86563
BOMFEQ,2.205755,2.4316819
CEWZUA,3.5246909,3.3249576
XOGDAB,3.5342147,2.9552011
ICAGUO,3.1823716,2.6516004
MADKEI,3.3235986,2.7928748
LAMTEY,3.5568004,3.389748
LOLLII,3.2977479,2.3825705
QAVQUB,3.3361158,3.0511012
LAZZUI,3.190807,3.0144062
MOFBUH,2.368207,2.2612076
NOHKIE,1.4628841,2.6406345
WUHREW,3.5793858,3.0348117
OYUFOE,2.2326941,2.7727134
ZOLXAB,3.255026,2.901624
LIBHOT,3.0680838,2.996566
YUWZUM,3.938032,3.0562272
ESAGIP,3.3208776,2.8797789
OGOGAT,3.407682,3.0012105
ATAQAO,3.6659179,3.5793648
WAFYUZ,3.6057808,2.9950142
VOQHOY,3.1826437,3.1137211
ICUHUJ,3.6977553,3.344381
BIVKUP,2.0955489,3.1409495
MOVXIE,2.6680765,2.891788
MADXIA,4.1813016,3.0612547
XAPNAD,4.290419,4.0709987
AXOTOW,3.8776226,3.2542782
YAKFUN,3.1842763,3.0425966
BEDGUO,3.7744913,2.9127703
KIRNAA,2.4278,2.5537271
COCACR,3.7094562,2.8757732
CUHHIW,2.8259025,2.893174
OLOTAL,2.8974683,2.7394376
SAZNAL,3.3589735,3.2741172
HITHUO,2.492835,2.6004815
CAXBOV,3.3973415,2.611757
BUDORH,3.5529907,2.8733683
MUXHAP,2.8816857,2.7046936
MADWAR,4.830293,3.4480994
IXEGEY,2.7113426,2.6959121
DOFFOV,4.1045656,2.6014597
RABWAO,3.6879592,3.144588
FEXQAD,2.1298351,2.118377
RUZJON,2.3238523,2.185544
NOGTEI,4.339944,3.8650806
LUTQOI,2.5371897,2.5693245
PHETHB,2.6280756,2.883178
EZAZEK,3.7244225,3.5084076
TAPMIG,3.537208,3.0924406
LUKXUK,2.6917503,2.7758076
XAFHAO,3.1567929,3.1874404
ETIPAZ,3.3565245,2.9795246
NIYJIP,2.8471274,3.0257642
ETIQAA,3.3614225,2.9713998
YAPDEB,3.1823716,2.8648083
SETNIQ,3.0196476,2.88905
RIXMER,3.8093219,3.1241004
FERJIX,2.843862,2.3821807
ZOHYEC,2.535829,2.7959206
UTUGEX,3.4090424,2.7206848
NISGAY,2.98264,2.5434375
EHEWUJ,3.446322,2.9209256
GATHIT,2.636239,2.7312343
CEXNEA,2.2471163,2.4284456
XIYFES,3.4185665,2.922321
SABFAC,2.552428,2.6755867
TANZIT,2.9293058,2.6845567
JELNEW,2.822637,2.730826
DABYAH,2.1472504,1.9625752
RAFJAJ,4.8074355,3.8824234
JOBLES,3.6580267,3.0678356
MIFKUI,2.8337939,2.7708485
SAZJAG,3.9127252,3.249185
IROXET,2.3785472,2.1560125
YECDUG,2.9644084,2.8654933
XEPKIN,3.0656347,2.9726198
HUKNIK,2.8591003,3.0553277
FAYBOY,3.5089083,3.0639584
CEZZAL,2.1880677,2.9832656
TUXZAO,2.3099747,2.0220056
IJAKUZ,2.1233044,2.9369943
REBDIO,2.7143357,2.9170663
WAGJET,3.0811453,3.0064337
ZITFIR,3.4191108,2.8357434
GOTTIU,3.0846827,2.416166
UDIMUP,2.1420803,2.2714028
UKOMOX,2.213102,2.4415765
INIFOA,3.5124457,2.9053345
UTOSIH,3.2416925,2.7963207
FEXPUW,2.1091545,2.17782
HIWNOS,3.0123005,2.8538036
IHUVOW,3.7747636,2.977289
JIYKAE,2.8697128,3.0218277
KEDBAW,3.9529982,3.1770442
NEJLAQ,3.8528602,3.0235293
ZOSHAS,3.6577544,3.548602
CDMPRH,3.5075476,3.2778995
LAVCIV,3.3997905,3.0206015
URORAV,3.735307,2.9171438
FIRHOD,3.0980163,2.8911424
PIHFAO,3.7608857,3.2139392
EHEYAT,2.8620937,2.9831245
HOBVUS,3.0599203,2.7729383
USUXOX,3.121418,2.6116407
IBOVON,3.4250972,3.01244
BUKCIU,3.4599278,3.0495844
ASESOG,2.2914708,3.1185575
IROXIX,3.0544782,3.0767992
ROMJIP,3.3592455,2.926236
ENEWEB,3.0844107,2.8496
ADEHOI,1.8819395,2.064143
SEWKOW,3.7358513,3.1412976
GEHQEQ,3.5908146,2.9586692
PAZMOS,2.6316133,2.531372
GIRSIL,2.6112046,3.0028825
TEJYUE,2.8079429,3.0688727
MOWRUN,3.2816932,2.9683895
ZIKYAV,3.32632,2.9798691
PEGZOQ,3.009035,2.740806
KIBMOZ,2.7918882,2.8965936
JEBREN,3.3399255,2.985184
LIJHUK,2.6590967,2.4099405
DOFGOW,4.2645683,2.6696088
JOFXOS,2.7810037,2.7678692
CISYEJ,3.5358474,3.3215714
RULRIB,3.1548882,2.857466
OLOQOW,2.7709355,2.8746603
DOCMOZ,2.846311,2.7919316
XEDGIZ,2.2384086,2.4427786
REGTAY,3.9007523,2.3848681
JEGKIQ,3.8471458,3.1300824
XAFGER,3.283598,3.16421
YEDZOZ,4.012319,2.8358727
JUNWAQ,4.452055,2.822177
EBAJIB,3.7227898,2.949585
FIBJIM,2.2065713,2.3188384
RUBTOY,2.0735075,2.4903271
DOJNAR,2.6114767,2.6369956
QURMIZ,3.2471347,3.0237634
AKOVEC,3.1369286,2.8289495
GUYDUZ,3.4351654,3.010626
DUDTIG,1.6928203,2.73448
WELTEO,3.4177501,2.9231975
CADSAB,2.5200465,2.843031
RATPOS,3.620747,3.0956357
MEJXIK,3.3829195,2.7848895
HOZCEE,3.740477,3.0631032
IYAKIC,1.9265661,2.9901881
ROMTOC,3.261829,2.9688406
EGICIH,2.1012633,2.5196273
NARKOJ,2.574197,2.6416442
XATSIW,3.0988326,2.8915827
ALENIQ,2.0963652,2.2899187
IXUJOB,3.578025,3.1733441
QEHLIY,2.143713,2.4569435
LEYLAC,3.629727,3.4413135
RAYPEP,3.5951684,2.701973
GAVPUR,3.2966595,2.7383513
UQIJOV,2.9644084,2.7845795
MIJLAU,2.5363734,2.6325264
QIXFIM,3.2147532,3.337876
ZAXZUT,3.1227787,2.5063527
UHIXEO,2.026704,2.7264419
WEQWEV,3.2125762,3.420237
MIQZES,2.6721582,2.6754193
RONFOS,3.3924434,2.8838186
EKOHAO,3.5491812,2.8810978
FUFJAR,4.0523195,3.0846047
AROFAQ,3.5459158,2.9677792
XEMXOC,3.1886303,3.036488
MIFFIQ,3.7388444,2.8601136
HUXJIV,3.6585708,3.1278644
WIBROO,3.1606026,2.720397
NOJSAH,0.9235544,2.3748403
EHENUA,2.975293,2.7014866
YAXNIU,2.5967827,3.4434552
JUSQOF,4.222935,2.6425128
COBQAM,3.0128448,3.0034108
PUQQUP,3.4618325,3.728854
FEQWUW,2.3053486,2.8227677
XIFVOX,4.0705514,3.1375449
ROCQAC,3.6792514,2.9958637
VUCDAZ,3.2114878,2.8621006
OLAJIU,3.8890514,2.982967
MONXES,3.3587015,3.144206
ROQDUZ,1.828061,2.2468553
JOCHEQ,2.8547466,3.1174958
COTPRH,3.1703987,3.2703133
ZOGGOR,2.7301183,3.1442504
MEFTEW,3.0310764,2.6913154
SIGGAS,2.7478058,2.7313259
DOFHEN,3.9845634,2.7704096
XOJHIN,3.5976174,3.0828593
HOGPIC,2.1230323,2.713658
LUGRIQ,3.2558424,2.6954892
QICZOU,2.7018185,2.5494163
SUDRUE,4.1358585,3.0751283
HEDWUL,3.0131168,2.9050624
MCPERH,2.6250825,2.836126
PAGKAL,3.2607405,3.1177394
BEXVUW,4.050959,3.0983105
DEYWAH,2.9186933,3.0755591
YEJWIU,2.7377377,2.9267812
GIRSOS,3.7676885,3.2217588
XIWHAO,2.5592308,2.5238767
FUBKOC,3.4656422,3.3759754
SIFFEV,3.0977442,2.807654
YIVLAQ,3.5110853,2.8437927
PUHPAJ,3.46537,2.995171
AROTUY,3.475166,2.6976774
FAJCIE,2.94917,2.471938
CUJWOV,2.549979,2.324094
PAZNIN,3.04958,2.9131315
BAXDEJ,3.7467358,3.2907243
QIDKUL,1.574995,2.5452225
JAKVUN,3.1744804,2.7941215
MIFHAN,3.1037307,3.1341014
QACYID,2.9902592,2.9074204
IRIYUF,3.2498558,2.7088313
PEJXUX,3.807145,3.4247646
OYUWEL,3.3812869,2.838314
WOHKIN,3.1788342,3.0288222
OGUYIY,3.1815553,2.6107042
NUXSEG,2.8702571,2.9939692
YUMXIP,2.3116074,2.1471672
MOVCOP,4.614235,3.561924
BADQON,2.7050838,2.880686
SUHLEN,3.1867254,2.5118253
LOHTOR,2.2335105,2.3215942
IHOBEN,3.4825132,3.002115
ZACCUE,2.4223576,2.7420697
BIDXUI,3.3086324,3.1873252
KEWRUZ,2.8675358,2.8935149
RUXQAD,3.1407382,3.5122406
KIDROE,0.47619927,1.4797344
CIGJUZ,2.604946,2.5798173
TANJOI,2.8079429,3.0850182
GAWMAV,2.9540682,2.9313219
UCAPET,2.6590967,2.9374352
QAQMOL,3.770954,2.9698129
VUMFEO,3.7415657,3.1110435
JATJOE,3.1494458,2.8632448
OLOQEM,2.70073,2.5983605
WIYZOT,3.4308116,3.0977702
QOZRUT,2.3614042,2.8213067
DAKSUF,2.9535239,2.5301456
AFABIS,3.8242881,2.796915
WANFUP,2.6052182,2.4374976
QUJMUF,3.5431945,2.9069104
IFAGED,2.7355607,2.5558002
GOSTEP,2.8675358,2.6278534
XUZCUQ,3.0147495,2.8975737
NAQDUH,3.1004653,2.8018281
HAVDIS,3.7334023,3.1113133
SIRHUW,2.6697092,2.871883
TUDLUA,2.387527,2.840408
BAMROX,3.1148875,2.8745341
NANVOP,3.393532,3.0361679
BUJQEC,3.8066008,3.3482664
JISBIW,3.2386992,3.2150147
EDADOD,3.3323064,3.4578857
GIFXOJ,3.2890403,3.260015
FOSZOD,3.4955747,2.99079
UNADOE,3.3714907,2.99998
BEJFUT,2.8460388,2.8933284
ZAFFOE,2.8501205,2.7488852
KACWAM,3.372307,2.9350617
NOYKOD,3.372307,3.0163946
RODDOG,3.3437352,3.154138
VIPVUL,4.980772,3.868855
RAYQIU,3.376933,2.7666583
FEXQIL,2.1135085,2.068346
ROHFAX,3.2136648,2.841366
BAVNUH,3.1589699,2.7399998
NAXLUT,2.550251,2.6752987
BOQCIU,3.6748977,3.3180897
NUSCOV,2.7249482,2.3732114
POJMEH,2.5616798,2.6187415
XAMTIQ,3.0939345,3.0654976
LIWTIU,3.2340732,2.846185
DIFKIP,2.800868,2.7285273
IRUYOJ,3.1812832,3.3848002
NUWKIZ,2.8895772,2.8726296
NICJAK,3.372579,2.8906739
CIQHEP,2.4359634,2.8558354
QAVSOW,2.7456288,2.5424042
ZUGCEL,3.152167,3.0685697
CEXNAW,2.0247993,2.5583718
SEJTOS,4.0142236,3.1281974
HOSZOE,2.8090315,2.8671398
OHIJIY,2.7774663,2.8773117
TUMLEU,2.117318,2.0462286
BOCPOZ,3.957352,3.0530972
GIYNAD,2.3028996,2.3058057
NEVDOI,4.206336,2.6282892
SAKNEZ,3.266727,2.9904718
POTHAH,3.015838,2.9894624
DUDXUW,3.4095867,3.0058968
OFEYOO,3.5377524,3.1102142
JAVTUW,3.5793858,3.4782026
YOLRIB,2.4245346,2.3446593
AFECAQ,3.410403,3.0278103
DEZTUA,2.7902555,2.7897024
BIHCIH,2.709982,2.4207237
CIBBAT,2.5037196,2.8294096
YECWUA,3.0841386,2.9441662
OHEFIR,3.4038723,3.0846133
CDMSRH,3.7197964,2.7951944
QAHBIK,2.6941993,2.9520087
OZIQIY,3.5146227,3.6391113
TUPPEZ,3.1012816,2.7509382
CERSAV,2.9314826,2.883634
USETAP,2.8327053,3.0832376
LOCFIV,2.6465795,2.7099464
GIZGIF,4.017217,3.2309954
BUBFAG,2.8161063,2.8904622
EXIXIS,3.6531286,3.052804
UQEHEF,2.631069,2.8734877
ZOPWUY,1.6462889,2.7264457
ZIGLUW,3.3891783,3.2880623
XANTIQ,2.234599,2.2910757
VIDTEI,3.5665965,2.8608282
FOJYAF,3.2629173,2.8750029
YESXAW,3.3540754,2.943409
YOSNAX,2.5205908,2.320024
GERJIZ,2.7235878,2.928852
FAJCOJ,3.0746145,2.987564
EXIXUE,3.1412823,2.900098
YEDZUF,4.017217,2.7342184
REQSIP,2.70971,2.9842496
SERDOI,3.3421025,3.5091114
AKAVIT,2.6593688,2.874807
NERJEZ,3.1660447,2.86136
UJAKOF,2.8781483,3.007236
SOHGED,2.8278072,2.7546842
USESES,3.2542098,2.9853714
WOFBEA,4.002523,3.1561644
JAWGOD,3.5453715,3.1510613
POVRAW,3.9282358,3.1075225
UPOVEC,2.6275315,2.5666873
KETJOJ,3.0082188,3.1102138
GIVPIM,3.152439,2.84744
WAHBEN,3.1157038,2.8304756
QUGXUN,3.3274083,2.6611383
FADHOK,3.0784242,3.011695
OKEWEI,1.5347222,2.4445841
HEKQIX,2.8479438,3.0066736
HEDWIX,1.9409882,2.2709198
UMUDOW,3.302374,2.8158917
FUTZAV,3.366865,2.7719355
HEXLON,3.403056,2.844764
KUMDOM,2.6835868,2.6746328
MITYUL,3.2441416,3.079367
HIDKEL,3.240332,2.8255527
XOYBAP,3.125772,2.912556
TIWLIU,3.9178953,3.0999653
YIQPIY,2.9268568,3.1064308
CEMVOG,3.4982958,3.0918245
NICZOO,2.5771904,3.2768955
YOLHOX,2.736377,2.7937076
QABRES,2.9597826,3.486087
MEVSEO,2.344533,2.358129
TEDNAU,1.6354043,2.7000942
YIRBOQ,3.5434668,2.3862233
LETTUC,3.0435936,2.6682463
VUGBUW,3.429451,2.6596668
GAGCOH,4.189193,3.6533253
NITHON,3.592175,3.2653568
HAXSOP,2.5110667,2.3179677
HOFPUQ,3.5461879,3.027266
UGAXEG,2.2209933,2.3016722
LUGREM,3.2996528,2.7007406
EJUSUX,3.4857786,2.8221242
CUPBUL,3.3252313,2.8977492
TAFFAI,3.3257756,3.1248767
LEMTAZ,3.1630516,2.865358
OJIMID,3.0005996,2.938045
GABWEO,3.5429225,3.1622572
NIFRID,3.243053,3.0523214
QOSROF,2.9671295,3.1044672
PAWNAF,2.9894428,2.6895075
CENROE,2.367935,2.8075254
GULJOM,2.5799115,2.6395054
IHUVIQ,2.129291,2.9334533
EBUREB,3.065907,2.8538404
ADUHIS,3.0920298,2.9020963
EQAPOD,3.242509,3.1727717
WENPEL,2.569027,2.8962665
DALHIK,4.1793966,2.7495503
CIQPIB,3.5437388,2.1292431
XUSZOB,2.5203185,2.0776277
WABCUX,3.8101382,2.9331987
JINWUB,1.3023369,2.5499363
OHAJEM,3.6392508,2.9705887
YEBWUX,3.326864,3.34595
DEVSIG,3.862112,3.3430855
ZIKWOH,3.4947584,2.9963958
TAYWIA,3.1603303,2.6804225
LAFLIP,3.8313632,3.1980777
ZITFEN,3.204413,2.9819894
CEKSUH,3.5285006,3.7108145
POFXEN,1.3589367,1.9781587
VUFMUG,4.447157,2.7188363
DAKROY,3.0599203,2.6699712
EGICUT,2.3284783,2.3150468
GIDPIU,2.8686244,2.9754677
XIFXIW,2.8079429,2.792386
CEKSIV,3.5306773,3.7699006
WEQXIA,3.1333911,3.4996433
WUNCIR,3.5200648,3.2666364
TOGNEI,3.3989742,3.2400212
GUDPIE,3.0166543,2.8878512
BOWSEM,1.9894245,2.3920844
EGAQAF,2.5018148,2.8214364
RUPYAE,3.3587015,2.971899
CIVFUJ,3.3010132,3.060419
LIVROX,2.9078088,2.3930073
UMUDAJ,1.4811157,2.0329027
QAHHOX,2.7703912,2.6262584
DUMJIE,2.5031755,2.499462
IKUFOJ,1.8397619,1.9898117
XAMXAM,3.53748,3.6042879
SOQPIZ,3.926603,2.996209
LINLAW,2.8980126,2.8992841
WEPZUO,3.2332568,2.9167378
EDEMEH,3.505643,3.0993829
ITUHEL,3.6389787,3.1371627
GAZQAB,3.3252313,2.8978283
DOFGUC,3.9045618,2.9126391
RITSIY,2.3614042,2.917193
KANWUR,2.3388186,2.8310626
HIPSUV,2.021534,1.9234407
ZEYMEX,3.7742193,2.901129
IZUPUP,2.2014012,2.6616778
NAQDIV,3.1551602,2.8487604
QIXDEG,3.274074,2.9024274
MAYMII,2.3031716,2.6379366
RAGWED,4.007421,3.5015874
CICCIB,2.555149,1.8381908
HEJCAA,3.3214219,3.038834
BEDRUZ,2.710254,2.2961187
LITNAE,2.9597826,2.9276245
TESFON,3.9663317,3.0641298
PEDKAL,3.00196,2.7183406
HOGPOI,2.1752782,2.6429422
ROBBOZ,2.9649527,2.9363992
DALHOQ,3.123867,2.572465
VAYDUU,2.64794,2.3070087
FERTAA,2.0618067,2.3120134
JEWCIA,2.7105262,2.7069404
ROBBEQ,2.5804558,2.957304
VUKHOA,3.2278147,2.7425365
UNAFOG,3.8095942,3.0483007
UHIXAK,3.4808805,2.8182364
DAQKAH,3.8019748,3.1162508
AZIBES,2.18453,2.7142603
XAXJEL,2.4988215,2.7700748
ARIYUV,3.0601926,2.905365
DERNET,2.8884885,2.463369
HIPYAI,3.1192412,2.8495603
DACCOA,3.2610126,2.9119797
DABDAL,3.7317696,3.430001
KAJXAU,0.8707644,3.1373878
SIQMIP,4.4131427,2.8217626
VUPJIZ,3.448227,2.9601676
YAMGEY,3.020736,3.2652197
IYIXUK,2.3643973,2.5633264
CACNAW,3.2689037,2.9960763
NEDQEU,1.8925519,2.6153328
HEDCUO,2.9159722,2.677619
MADXUM,3.9334059,2.3750095
TILQEK,4.0710955,3.8666883
VULVON,2.9918919,2.7036743
DIJKOW,3.099105,3.1789613
IDEKUY,2.61447,3.133706
ENEXEB,3.1622353,2.4856768
CEWPAV,2.5178695,2.8698595
YITSOJ,2.2506537,2.5177116
MAFKOW,2.755153,2.538305
XEPJOS,3.7636068,3.1888413
EMIJIV,2.965769,2.6760252
POVREA,3.8591187,3.1567411
HOYRUI,2.8359706,2.7421057
GIXBEX,2.8759713,2.074844
DAWLET,3.5698617,2.9801195
INOPIL,3.3230546,2.9106078
VEKFOG,3.2444136,3.0512202
BEXJEV,4.126607,3.037613
XIXGUI,2.7260368,2.824657
ZOTVOT,3.1105335,3.0736456
ALOPOG,2.8876724,2.9775686
ILIBUC,2.9788303,2.956567
UKULUI,2.4816785,2.9373379
DACGEU,2.4422219,2.170329
UCOREK,3.1742082,2.6094527
XUJYAC,3.7938116,3.3599985
AGODIK,3.881432,3.022484
GUVQOF,3.001688,2.8621614
GOSTUF,3.133119,2.8694625
LEFDUY,2.7469895,2.8601937
UGUSIY,2.0960932,2.264777
IHONEZ,3.6689112,3.084778
SIGGEW,2.8805974,2.382456
HOHZEK,2.6177354,2.4873157
VAFVED,2.0403097,2.060648
ZIZZIR,3.6765304,3.6716094
XERMIS,3.3352997,2.7348583
JUYCUB,3.242509,3.2498026
GAKXAU,3.8710918,3.1842022
GAKXUO,3.5981617,3.1001706
IZUPID,2.3167775,2.7259216
REZHUZ,3.4332607,3.4337292
ODIFOW,2.9488978,3.0696363
VOGRAL,2.5249445,2.9151847
WUTPAE,2.6343343,2.762385
KIVTEQ,2.5377338,2.910066
XUTDIZ,3.3061833,2.6887279
VIQYOL,3.2076783,2.806311
VUGZIH,3.0152936,2.8667986
GULJIH,3.5987058,3.3549316
METVEP,2.5913403,2.7642107
ARIFIS,2.650389,2.6450772
UMUHIV,1.9880639,1.8555588
RANMID,4.065109,2.3368955
HIWNEI,2.5937893,2.8909419
VAYFEG,2.1480668,2.4194808
FEWRIJ,3.2395155,3.0273442
MAHSUM,3.0283551,3.4215105
YAMMAD,2.545081,2.4034572
SUQZOV,2.6280756,2.9717598
TABREV,3.6240125,2.975702
VUKCEL,2.2539191,2.9164996
EDTARH,3.9064667,3.0483835
KUMGIJ,3.0098515,2.8200057
RACDEF,3.3461843,2.8222027
VUDLEL,3.5440109,2.675795
REWXAU,2.7216828,2.74036
CACZOY,2.3233082,2.4133286
XUMGUI,1.3684607,2.4457443
RETMIO,2.5273936,2.4790664
BOQCAM,3.317068,3.09719
VORRUS,3.6795237,3.0075445
NOYMAR,4.5666146,3.2394855
XUXZIA,2.573653,2.8158116
GUKMOQ,3.3388371,2.8980699
GULYAP,3.5404735,3.2823932
SOMNAK,2.189156,2.6484673
VAZQET,3.293394,3.0734992
BOKCUA,3.0191033,2.8706799
JEJLOZ,2.784269,2.927343
DOBPUG,3.4302673,2.8897517
WIWJUH,2.0503778,2.4061573
SIFCER,3.009035,2.8018298
QEPMUT,2.8212764,2.6545541
ITUVUQ,3.223733,2.757031
FEGGOO,3.32632,3.1162205
WOLYED,3.003865,2.8389208
KUHPAG,4.2876983,3.7506359
SUQQOM,3.4874113,2.8545423
QULZAZ,3.171487,2.6062346
HEZWOB,1.775815,2.4236314
ZENCAW,3.164412,2.713522
LURPUK,1.1738992,1.8475937
BICJEF,2.9785583,2.6625428
YOQTAA,2.2522864,2.7278302
PIVLUD,1.9222124,2.3546584
CERSID,2.5347407,2.7076285
DAQDIJ,3.0544782,2.8302996
FEXQEH,2.127386,2.1299744
QIVHUY,3.2305357,2.7865136
AKOVIG,3.393804,3.1836479
FUVRIX,3.7336743,3.313225
QAHBEG,2.7595067,2.9557228
QOZRED,3.3157074,2.7940812
YATJEI,2.1997685,2.8086872
SEZXAW,3.1989706,2.5901296
EDEMIL,3.422104,3.1431062
ALUZAI,2.4381402,2.7744393
QAGBOR,3.8482342,3.1376379
TAFQOJ,3.3333948,3.1588285
JIYJOR,2.8879445,3.0232923
LETQUZ,3.3157074,2.9606588
XAMTUC,2.3785472,2.827648
QUBRUA,3.0735261,2.9725292
FACFIA,2.8003237,2.9587107
HOJCUF,3.7317696,3.2274814
EJIDEI,2.5755577,2.893207
EVURAO,3.3344834,3.0716934
LUNMEN,2.6762397,2.9146266
JEPCOX,2.721955,2.7048397
AVIKUN,3.4335327,3.0387456
ZIKYUP,3.2536654,3.0405643
OFEVUR,3.6125836,2.8498867
YIBKIE,3.2705364,3.189339
FUBCEK,2.609844,2.7927577
ZIKYEZ,2.865359,2.8399231
XIXZOV,3.0171986,3.0407524
FANPEQ,4.6139627,3.6461911
CEZTEJ,3.360062,3.1270204
HEDTUG,3.6003385,3.061081
MIJMOI,3.5821068,3.2840257
CUTLUA,2.7031791,2.71979
GAGCAT,3.2207396,2.9211893
PEDKEP,2.3907924,2.5460851
ECIXOE,3.2101274,3.4202604
KIVPEK,3.2438693,2.8930724
XONZUV,3.2523048,2.902685
SUXJOL,3.0144773,2.7427433
HOBWED,3.1246834,2.9824426
ZEYCOV,3.3976138,3.1445942
SONNUG,2.476236,2.5946245
EDOSAS,3.2084947,2.867764
XEWRAU,3.1750245,3.1423411
GEQZEH,3.080057,3.1607292
MUGZAQ,1.8881981,2.2982926
SUTHOF,3.0547502,2.9715567
ILELIU,3.5007448,3.2155302
ZEVVED,3.572583,3.190386
KILPOK,3.5578887,3.2862086
PUMMUF,3.9538145,3.0552065
XAPYES,2.4180038,2.506553
HOHZAG,2.6239939,2.5129485
VIKNIN,2.6827705,2.9544716
PEFQOJ,3.5146227,2.9756746
AFAJEX,3.4991121,2.8572102
LEGXUQ,3.388362,3.1651883
LUZROP,3.608774,3.116934
CABROP,3.145364,3.0131044
IHOMEY,3.4362538,2.962489
ZAYCIL,3.7195244,3.1207776
ELEDAA,2.2242587,2.3810494
MIDCIM,2.733928,2.726016
OZUDUJ,2.836515,2.9262936
ZABGIS,3.8368053,3.274178
HELSUP,2.4857602,2.5354013
MAPSIH,3.8231997,3.071662
SULFEK,2.7461731,2.9034722
AFUBAE,3.9059224,3.32415
DUBTUP,3.3592455,3.0259995
ROJVUK,2.9818237,2.3280993
GATKEU,2.4958284,2.6491594
AHIVIX,3.4114914,2.906465
ROLJAD,3.369314,3.0167267
WEYDOW,3.943474,3.3953424
HEXFOH,3.1927118,2.8911154
WIKTUG,2.5793674,2.5376062
HILNOH,2.9018223,2.873984
OHEFEN,3.6509516,3.2142398
MOMDAV,1.9562266,2.2408738
TAVGAY,2.861005,3.1674857
METVIT,2.896652,2.6143606
MIDCOS,2.7273972,2.8132758
CAJFUP,2.2838516,2.1792336
NAQDOB,3.264822,3.0526023
PAGHOV,2.0895624,2.6796768
MUGZOE,0.93960917,2.0987022
OBOJAS,3.6359854,3.072772
WAPLEH,3.1576092,2.8940763
PAMZOV,3.0240014,2.8088677
FOSQEM,2.9701228,2.478205
MIDBUX,4.0463333,2.973301
CEZJUP,3.223733,2.7091296
GECJAZ,4.065109,3.1321104
FASGUE,2.6865802,2.8380833
YABTOK,3.5788414,3.419527
XEWSUQ,3.62755,3.072294
ZIKWUN,3.673265,3.1126766
AXOFOI,0.8661384,1.7181616
ZUQFAS,3.4177501,3.4110146
FOGLOE,2.4596372,2.4566288
MEHHUC,4.0286455,3.2222035
BUBFEK,2.4109287,2.971399
LANCUA,2.4596372,2.05792
PUNLEP,4.299671,3.7667327
VIFMIH,2.5461695,2.718958
IQARIB,3.821295,3.0333183
MIDBEH,4.1309605,3.0821517
SOMKEM,2.9886265,3.0513506
GERZUZ,3.5010169,3.2496881
MOVDEG,4.273004,3.5503597
KIXXOF,1.9665669,2.8487887
YUMWOS,3.187814,2.75901
CUJFUI,3.6433325,3.54059
HOBPIX,2.9744766,3.2444618
LETWAL,3.1105335,2.6523175
ULUVED,2.9679458,2.5299351
HADJEB,3.3105373,2.8420453
RUMZUU,3.4708123,2.8446825
GIZFIE,2.879509,2.9604065
KIBYIF,2.7728403,2.403207
EXIYAL,3.41258,2.8866844
QAVSAI,2.9883544,2.5480003
VEPZUM,2.7442684,2.8446121
VEVVEY,2.7260368,2.853362
QAMJAP,2.1831696,2.5614066
NUJCIG,2.8841348,2.4077346
KUPVOH,2.2593615,2.8073125
CUQRAI,1.2024711,1.7912611
UCAPAP,2.6011364,2.9266202
KILSON,4.178036,4.0049067
VOCFOI,3.5848281,3.1590023
COSTIN,3.625373,3.1397429
VEZJEQ,3.632448,3.0240579
GACRAE,3.2359781,2.8348885
GERLIZ,3.0811453,2.8674695
YEZXOR,2.007656,2.019461
TIWWOL,3.1347518,3.4184985
OMADEL,3.897759,3.091686
JIFYIJ,3.9388483,3.0880117
FUDKAR,3.2920334,3.0940428
JUTWAY,1.813911,0.78677726
GEXFEU,3.1061797,2.7435007
NEYVUJ,3.8128595,3.2150848
DEDWAL,2.6484842,2.817996
VIQYUR,3.2131205,2.776909
KEKKUG,1.7377192,2.3950942
HEMYIK,3.445778,2.969841
AZDCRH,3.5138063,3.0378802
TCEPRH,3.6223798,2.980646
LECYIC,3.2302637,2.8137167
DUJFIZ,2.7488942,2.7700014
DITCIU,2.0299695,2.096446
FIRGOC,4.1505527,3.618695
JAPMUJ,3.9832027,3.4619384
CITZEN,2.8071265,2.8903384
HEJKEM,4.005244,3.0738416
BOXWOB,3.496663,2.9527848
PIJSAC,2.86291,2.9955356
LUTQEY,2.5233119,2.5711753
RECMIW,2.1728292,2.5406237
WUPDOA,2.6452188,2.977617
DEFLUY,3.0411446,2.830936
RHCABO,3.4280903,3.0043442
TUBBEX,2.934748,2.8093266
ECOTEV,3.2582915,2.8508418
TENWIV,2.4770525,2.512815
CUDLAP,3.6006107,3.163761
ROBBAM,3.843336,3.041716
VEDRUU,3.6011548,3.4425187
POMGEE,3.264822,2.9681695
XOMQOG,2.7342,2.574474
LEDVUM,3.7442868,2.8118827
VUGBIK,3.3358438,2.663268
GUYYUW,3.4909487,3.2226176
DAFTUZ,2.8879445,2.8767858
FADJEZ,3.290945,3.4590154
IVITAK,2.5004542,2.95414
VETREU,3.1742082,2.967207
LIWTEQ,1.6334995,2.4696825
KOGKAS,3.0903971,2.9559414
PEKQOO,3.1102614,2.9161527
HATJUI,3.16414,2.8766198
XOSTUW,3.3750281,3.0807948
ZITFUD,3.16931,3.0809977
YAZLAN,3.8093219,3.1765468
HABKIE,2.9488978,2.7304678
RADCAD,3.2174742,2.958407
KUSXIH,2.5565097,2.8012147
IVUJIS,3.0169263,2.7892497
CISYAH,2.550251,2.842254
PIVMOY,1.8299657,2.176017
KIVTIU,2.4860322,2.9556055
DEDZET,4.062388,3.5225966
OMELAU,3.7714982,3.3284535
QOXPIC,3.166317,2.7070723
BOJJUG,2.9053597,2.847478
TEFYAG,3.2082224,2.8700585
TATVAM,3.467547,3.0098436
ITOLEK,2.6925666,2.5382729
TUDXEV,3.3908107,3.3216567
GUSJOT,3.22591,2.872966
YODMUB,3.128765,2.660466
GEMXIH,1.9888803,2.2740774
KAMCUX,2.8737946,3.0991142
QORJOY,4.174771,3.516171
GIDYUN,2.9948852,2.8923802
LEDVOG,3.7268715,3.303225
LEMCAI,3.3178842,2.8445415
EHEPEM,2.9791026,2.6984584
MOSGEH,3.7606137,2.7492762
HUXJOB,2.8882165,3.0669336
POVQUP,3.8849697,3.1679943
DECDUK,2.2269797,2.8787103
JEWCOG,2.6707976,2.840523
EVEKAR,2.9290335,3.057148
DAKSAL,3.1301258,2.705493
VEJFOG,3.3818312,3.0477502
HERKAQ,2.8479438,2.8783486
VIGXER,3.037063,2.976167
SOWDOY,3.4332607,3.3361049
RANSUX,3.309993,2.9099138
HAQFIQ,3.0672674,3.365683
CITYAI,2.4770525,2.9720428
BEPROE,3.6455095,3.2222257
MOGGEV,2.8599167,2.6979496
MUHGIG,2.4895697,2.5431168
IMEJER,3.4359818,3.0419836
FECNOQ,3.5002005,2.903281
ADIRIP,3.31217,3.385868
SIFCAN,2.9997833,2.92883
PEMKUQ,3.8525882,2.7917957
YAKGIB,3.2128484,2.8835852
DOGNAQ,3.1845486,3.0556502
HEFMAJ,3.018559,2.9175622
REDPAT,3.3252313,2.8485973
GAGHOL,3.730681,3.0707202
GIPSUW,2.7461731,2.0096133
DAFMEC,2.4373238,2.7057352
SOWDIS,3.4735334,3.2832093
REVDIF,4.0226593,3.0561712
SOLYIE,3.8566697,2.9655144
TOBBER,2.7834527,3.0460064
GAMQUG,3.0887644,2.990694
XIXZUB,3.3728514,3.2333648
NOMMIL,3.5831954,2.8156974
EJISEV,4.0452447,3.04147
VUXFAX,4.224568,3.4158826
XEWTAX,3.1845486,2.3798714
DIWBAN,3.2599242,2.9123285
RASDAT,2.9031827,3.015876
FOSZUJ,2.7954257,2.8576782
CEJXUL,3.9453788,3.1434464
OHEFOX,3.4136684,3.0691562
KIZMOV,3.3785658,2.2027693
TURNOK,3.5690453,2.8510292
NIGCUB,3.3714907,2.8593142
NITGOM,2.9840007,2.7854958
EKESUI,2.0947325,2.261356
KEVMAA,2.535829,2.6131413
IKODIX,2.8833184,2.613746
IKOBEQ,3.147813,2.9717097
QIQBEA,3.0337975,2.8729916
TACWUQ,3.515983,3.0423074
MERPOP,2.5121553,2.3652694
PIXMEO,3.9162626,3.3811643
GAVQOM,3.1290374,2.8353379
BOPSEH,3.1127105,3.1335044
QIXFAE,3.2400599,2.9736598
YAZDAF,3.4123077,3.0196166
IKEHIP,2.8493042,2.8541467
ICIXIE,2.2732391,2.4980114
SIFHAS,3.271897,3.1321242
BOHSIC,2.6754234,3.2301846
OMEKOH,3.8297305,3.3702455
FERKUI,3.2795162,2.9519625
YIMDUV,2.3758261,2.7623026
EMOKAU,3.3108094,2.833343
LAVMIF,2.3905203,2.0260763
MAZVIV,3.6846938,3.012914
QIXFEI,3.2354338,3.0233746
MILSAB,2.432698,2.5377862
NOCPAZ,2.836515,2.8636267
XEDQOO,2.7682142,2.8985095
FAPXUQ,3.161419,3.1881475
WENPIP,3.4136684,2.9425511
VACDUY,3.102098,2.465546
IXEFOH,3.6762583,2.906148
FASGOY,2.576646,2.9644485
ZIKBOK,1.7608488,2.506665
SANWAH,3.3616946,2.9194741
KIVTOA,2.960871,2.9951987
CEFCIA,3.448499,2.9235075
MOLPOS,1.9589477,2.096934
XERPAO,3.2974758,2.935552
VUMYIM,4.4460683,3.0827
POXQAW,3.0267224,2.7136831
PUJVEX,3.5665965,3.207058
REVQAL,3.1230507,2.9773412
RUVWAI,3.0555665,2.4613137
LIRLED,3.056655,3.2430868
HINNEX,2.82046,2.8781734
FELQEU,1.9325527,1.7673525
METTOX,2.8310726,2.8421865
MIZXIF,3.615577,3.06351
SIGFUL,2.8384197,2.709168
ZIKYID,3.4550297,3.3519075
VUVQIN,3.5929914,2.9546402
OSONOA,3.5459158,3.1664617
XAXNIU,2.9274008,3.1506765
NOXNUL,3.3899944,3.3256288
ALUYUB,3.0454984,2.7557192
DEDWEP,2.678961,2.929049
ULUHOZ,3.133119,3.2595353
JIZKAH,3.7921789,3.1623874
PIGMOH,4.513825,3.2237048
QAXCAT,1.1450552,1.7152789
CEZTOT,3.568229,2.9779081
HUXSIE,3.711361,3.0684264
LETROU,3.3377485,2.9817097
YOJFEI,3.0057697,2.7997458
YIGGAX,4.2264724,2.7288227
JETFAP,2.9499865,2.7003307
CORMOL,4.1478314,3.174684
QEVBUO,4.5146413,3.1323829
DOFCIL,2.901278,2.5601506
IPHCIR,5.1032233,3.3523533
IKOCUI,3.2520328,2.9061742
VETCIG,3.214481,2.8847678
TAVJUW,2.7967863,2.6718988
FAHYUJ,4.1579,3.6303587
TOGHEE,3.7682328,3.1071763
HOZCAA,3.2321684,3.147038
NOCNOL,2.6231775,2.6782222
WAYKIQ,3.2226446,3.0974615
FANYEA,3.5412898,3.3840084
QABZUP,3.302918,2.8661354
JETZIU,3.015838,2.95991
KIJDIR,2.516509,3.3632116
FEPDEK,3.6914966,2.9754834
MUXWEJ,3.6596594,3.306611
QAGBIL,3.9187117,3.157417
NESMAC,1.8454763,2.2279592
PAWJEC,2.6963763,2.8254266
UQIJEL,3.4680912,2.6110086
ATOZOZ,3.2547538,3.04239
EQIYEJ,2.657464,2.8995383
XAHTIL,3.0683558,3.0462117
QAHHAJ,3.4520364,3.3539555
CEKSOB,3.592175,3.7085192
KIBMIT,2.884951,3.0381064
CITYUC,3.3690417,3.1424556
WONWAA,2.3853502,2.6016874
VOTCUC,2.8906655,2.7564416
YANCOG,3.2615569,2.8807452
REPVUD,2.7026348,2.7396133
WAGVOQ,3.3614225,2.866653
FUQQEP,3.1075404,2.8427348
ZERHOW,2.50889,3.0692916
KEXHIH,2.6563754,2.4536595
WAVDAZ,3.3641436,3.264695
KEWTOV,3.163868,2.8504322
AWAPIZ,3.2852306,3.0457575
KUMFII,2.8210044,2.656774
WOGBAV,2.3456216,2.7363944
HUBTAZ,3.436526,2.7785723
YICPOS,3.443873,2.7187562
GASNOG,3.0033207,2.7748942
BARTAR,3.5478206,2.7997994
LEHFUZ,3.3404698,3.0533576
GUVREW,3.4969351,3.03423
PPOLRH,3.3578851,3.114682
RUQMAS,3.654217,2.9868016
XOMQIA,2.6416814,2.521551
ORUDAH,3.3946204,3.037957
MIPXBR,2.3763704,2.7069397
MADXEX,3.618026,3.0396016
ABEJAS,2.6403208,2.86618
IWECIX,2.506985,2.656053
LAFJOU,3.4765267,2.8173175
CEFCOG,3.328769,2.861534
ICASEK,3.2052293,3.1326857
GORKIH,3.403056,2.810097
MIJKUN,2.5352848,2.6100805
ICOGEN,2.8539302,2.8457932
XUJWIJ,3.410403,3.064937
HIBQUG,3.1532555,2.7064342
JOCHIU,3.6838775,3.1618614
VUCQEQ,1.940716,2.6975887
BALWOD,3.5233302,2.6221724
GEQBOT,2.6873965,1.8758266
OYOMEV,2.733656,2.9683297
QOPKIP,3.245502,3.0465941
SIFHIA,2.9287615,3.1714635
KEJSAT,3.2784278,3.152834
OZEVAR,2.9001896,2.9426603
WAYPUJ,3.3791099,3.0285559
FIWHEY,4.08198,2.9056978
NAKSUP,3.720885,3.497304
SATMIL,2.6852195,2.8143806
BAQFUU,3.6006107,3.2171514
MOCLEW,2.9004617,2.9126577
WUVBEU,3.1633236,2.6801317
HIXPEM,2.2503817,2.3717475
REFSAZ,3.099377,3.1107707
RUMYAZ,2.9709392,2.9881
PSRHCP,2.7478058,2.612707
QEGYAD,3.565508,2.9564703
BUFNUN,3.2865913,2.7563539
QEWGOO,3.1918957,2.9875154
FEQHOY,3.5216975,3.046231
CUQBAR,3.6642852,3.224275
CAWZUV,4.1091914,3.9795065
TEMYES,2.7325673,2.4088302
HIPXOV,3.266727,2.7407336
SOKDIF,2.2522864,2.8130267
MULLIO,3.8147643,2.899507
CABBUD,3.2767951,2.9401827
RERREL,3.372035,2.9936628
REWYUO,3.599522,2.8914416
ZEVDOT,4.5326004,3.435316
EKAFUR,2.6675322,2.7681003
ADAMEZ,3.424281,2.555468
UROFUD,0.11428782,-6.400218
WEWRUM,1.5687364,2.3234048
KUKHUU,2.7584183,2.9659061
RAQXOW,2.9480815,2.920103
XOWBAM,3.238155,3.030677
OLOSEO,3.0759752,2.7803433
IGICAC,3.2958431,2.7624893
ECOCAD,0.49143764,1.7811788
WIJBID,2.9459047,2.9812262
ASAJEL,3.1121662,2.8448846
REGHES,1.7559508,2.0759466
DEQGUB,3.3491774,2.961805
SASKIG,3.5146227,3.0120792
ATIZIO,0.7654563,2.5878885
ACUKIU,3.0680838,2.8795455
JEWCUM,2.7897112,2.746696
MIFFOW,2.8158343,2.8303795
KASFIT,3.7878249,2.7996094
DIQVOO,3.261829,2.6545644
TIYMUL,4.1744986,2.7942994
HIZVUI,2.7105262,3.004024
VIQZOM,2.865359,3.004978
NADSIW,2.9913478,3.160296
YISSUP,3.6057808,2.9645114
HUBTIH,3.7031975,2.8373654
XEDRAB,3.4947584,3.0146248
SOTJOC,2.9352922,2.9907494
QORJIS,4.176676,3.5156884
NEKTUV,3.6879592,2.9324908
HENVUS,3.166589,2.7412448
EJOMEV,4.172594,3.5975053
DUJXIP,3.2574751,3.0621874
SAMRII,3.429451,2.878041
YALXAK,3.9056504,3.0313199
YAMQIO,3.6906803,3.1086473
CUHSEE,2.4476643,2.436792
DIQVII,3.192984,2.5413678
MAHTAT,3.5072756,3.4264343
KIGPAT,3.0958395,3.0691376
XUKTUS,2.6944714,3.2344024
BIMYUR,3.6242845,2.689021
CIGKEK,3.1989706,3.1032248
WARGAX,3.5197928,3.1575074
MOGQEF,2.8884885,3.3799279
KIJCIR,3.2539375,2.8495278
HAZCIV,2.5605915,2.8455777
LETWOZ,3.0569272,2.6178226
GEDSUE,3.658843,3.0506027
TAFJAM,3.2082224,2.6696703
MAPSED,3.1314864,2.8956985
WODHII,2.7129753,2.9373295
YAYMOB,3.01611,2.7703853
IFASAJ,4.000074,2.700627
PETJUT,3.8400707,3.1818953
HOQTIR,3.6452372,3.6145382
QIVLUC,3.6553056,3.0771332
JEJMAM,2.52821,2.4522166
WIKQEN,2.7459009,2.8800774
NICXEE,3.9108205,3.096361
HAGKIL,3.4607441,2.8860536
CEZSOS,2.8313448,2.7641943
GOSTOZ,2.9295778,2.7359118
GEZZOC,2.8313448,2.5910382
ISINOO,4.127695,3.0899854
FOMLUO,4.6398134,3.7880073
QEKDIV,3.8885071,3.005132
ZOJLIW,2.927673,3.1264203
GEKCAC,4.017761,2.7298913
ATUTUF,5.067304,3.069587
UMEMOQ,2.818011,2.8243368
UGELAV,4.11545,2.9728732
QOPKOV,3.3178842,3.0526018
ROMTUI,3.0046813,2.9081416
NUWKAS,3.2947547,2.9318073
TAFLUK,3.212304,2.7982416
AMIGEJ,2.8969243,2.6119204
XUJWEF,3.3540754,3.0892427
RUJWAV,3.9959922,2.6804917
YOCTEP,3.2582915,2.7833354
LIBHUZ,2.5850816,2.629559
RIQCOL,1.9031644,2.061595
BOHSOH,3.1627793,2.9238214
DADPAA,3.8991196,3.1700077
GAKXIC,3.0523012,2.9677873
JEBPEO,2.8425014,2.891462
LAVCOB,3.355436,3.1319594
TATGED,2.874883,2.4716225
XAXNOA,2.9214144,3.0311267
YEBWOR,3.4550297,3.3640447
CACPAA,3.5821068,3.010346
ILUZUL,3.1099894,2.8209023
DITCAM,2.6133816,2.8239098
XEZVUU,3.004137,3.0784335
NESCET,3.6144884,3.137693
LIBSEV,3.040056,3.1854346
XEWRIC,3.0547502,3.1365194
RECNOC,3.1333911,2.9560819
DOFFAH,4.2906914,2.9567435
NIWPUE,3.6626525,3.3544254
XIXNUQ,1.8362243,1.6938694
YIPJIQ,3.1627793,2.7688332
CIQJER,3.314891,3.1472168
GIVPEI,3.1173365,2.8363495
WEGKIF,1.5837027,2.3154895
NERJAV,3.383736,2.843461
GEMYAA,1.3627462,2.112092
PERCOE,3.2523048,2.8310304
XIDLAA,3.477071,2.8793063
LOMROX,3.128221,2.751747
IKIPOI,3.9502769,3.7222564
HOSZIY,2.105617,2.8577173
PORGEJ,2.7069888,2.3177452
YIVWIJ,3.0811453,2.928626
NETKIJ,2.9328432,2.9013984
BEDSAG,1.9662948,2.0220907
CUFTAA,2.856107,2.7045515
IPAFIQ,3.2923057,2.2840312
HIXZIY,2.435419,2.9001553
EGEGUT,2.9450884,3.0820684
CIDHAY,3.4305394,2.9626822
GAGMIM,4.0161285,2.7295444
KIBPIV,2.5989594,2.8147624
DUSRIU,4.08198,2.9660141
XEPKEJ,4.1674237,3.4616566
IMALOZ,3.77558,3.0872543
HOMFAT,2.5731087,2.225864
VEFZOY,2.5061686,2.4466913
XOQSAZ,3.5342147,2.7834613
BOBJIN,1.9943225,2.8234258
EDOBUV,2.6925666,3.208919
BEJTUH,3.757076,3.1810985
BEDGIC,3.6553056,2.9305212
QAHGOW,3.2920334,3.2117782
MONWER,3.4705403,2.709273
AXEROK,2.167387,2.0984974
DACFOD,2.9518912,2.722926
ENEWUQ,3.1772015,2.4900844
BIDQOV,2.7886229,2.7215805
DAKSOZ,1.8490137,2.217888
MURHIS,3.933678,3.3430786
KEDBEA,3.276523,3.062122
BEDQOQ,3.7181637,3.6628861
RIVQAO,2.2686133,2.2805839
KULPUC,2.6215448,2.8112319
QIXDIK,3.2079504,2.9170814
BEDSUY,3.3793821,2.9594574
PIPMUW,2.4512017,2.9631314
DEGVIW,3.2174742,2.6305225
BIDGUS,1.9445257,2.178754
EGASUB,2.5031755,2.536591
ZELMEL,3.0403283,2.5776155
LETVAK,3.056383,2.670692
YECFAO,2.917605,2.8678489
KAXBES,4.3470187,3.453733
SOQQAS,3.4806085,2.8692653
FOJXIM,2.918149,2.9414675
LAMTAU,3.6697276,3.4645696
CSBRHB,3.5053709,3.2323134
JEWDAT,3.0324368,2.8646526
AXEYOR,3.6251009,3.3206158
CESFUB,4.280079,3.3788755
QEVZUN,3.453669,2.8926597
KIMFET,2.793521,2.7961874
NALYAA,2.996518,2.693866
KEHXOK,2.8895772,2.879091
POFHUP,2.925224,3.0019546
IHUGAU,2.8506649,2.7585797
NEGFEN,2.5263052,2.4467616
ROCQIK,3.474622,2.9642665
JUMBEY,0.7181085,2.2150915
RUMXUS,3.1532555,3.299196
POLZUL,2.9350202,3.042657
DAHHEZ,3.598978,3.4914052
HITCUJ,3.0770636,2.2067847
LUNLEM,3.3154354,3.1954648
NUXSIK,2.8408687,2.898052
XANFEZ,3.5714943,3.3925843
VEZWUT,3.5015612,3.240857
VEZCIN,3.3954368,3.181853
QIDHEQ,3.44605,2.9336126
HISZIT,2.6082113,2.507296
TADJUE,2.246844,2.3795736
OPAZOV,2.2234423,2.6662486
DITCEQ,2.3663023,2.2932816
ATUDEA,3.5856445,3.0882037
SIMGOM,3.6509516,3.0859447
PIJPAB,4.484709,2.9612393
FOPWUC,3.6095903,2.7926888
URALAC,3.013661,2.9374695
NODMIF,2.982368,2.69916
GARWIG,2.368479,2.6294131
XOCRUE,3.6215634,3.0525742
VUKXOP,2.7693028,3.086424
POWYAB,2.4536507,2.119762
GOSVUH,2.6974647,2.3710074
XESLEN,3.3304017,3.2280264
OPIQOU,3.7502732,2.9915447
YAKGUN,3.2950268,2.8831801
MUKGUW,3.2637336,2.964327
RIVQES,2.2903824,2.3232102
AVILAU,3.405233,2.8819585
RATQOT,3.6857822,3.0733073
BAFCIW,2.6180074,2.2499976
XIVQEZ,2.172557,2.3845832
XUDGIM,2.9306662,2.8082614
CAXFUE,2.540455,2.921461
WEPZAU,2.3009949,3.0386229
PUBVAJ,2.7921603,3.1299639
VUFXAV,3.615849,2.6956577
SENWAK,3.9578962,3.7453306
SEJPEE,3.326864,2.8345892
NELDAM,3.034886,2.5930967
YILNUF,2.7369213,2.618636
FUNHAX,3.1812832,2.3751676
GEDYUJ,3.1720314,2.8518164
KOFKAU,3.3704023,2.9991128
KAKWAV,4.2237515,3.7428987
NANVUV,3.1219623,3.0613906
EKIVEB,3.9304125,3.103964
AFELEC,4.0463333,3.6932735
CEMJUA,3.5236025,3.2796626
KIBPAN,2.6424978,2.8384254
EHEGED,3.8324516,3.275082
FEQHUE,3.8501391,3.2432027
MUXVUY,3.513262,3.2127006
DURBEY,3.331762,2.7002263
KOFJIB,2.6890292,2.9780316
GACLEB,3.597073,3.1518297
WAQXAP,3.5279562,2.9726753
GULVUE,3.2359781,3.0371318
HEZBAR,3.3118978,2.8477435
XIRDAF,2.987266,2.5653539
ATABOM,3.1957052,2.8888602
FEWBUF,3.711361,2.9295685
FUHXUD,3.0721655,2.8162248
REPMUX,1.8710549,2.672469
HIGZEC,3.08305,2.6927593
WAVXOJ,3.720885,3.3604522
EMAYAS,2.0702422,2.925239
IPAFEM,3.2359781,2.525606
NITMEJ,3.3965251,3.1872807
QUQXAD,3.08305,2.6316924
QEVCAV,2.8542023,2.854661
WOGXIZ,3.3543475,3.1921663
JELRIC,3.672993,3.0494905
METVUF,3.0514848,2.867418
EVEKIZ,2.9595103,3.3496227
ZOLNIX,3.0025043,2.1974845
JOKNUV,2.2433066,3.0820465
FEGKEJ,3.9363992,3.000453
DEJTOD,3.374756,2.8388593
HEYCOF,2.454195,2.6960905
NAVPEF,1.8536396,1.6512272
AZEVEG,3.6618361,3.115089
NEDTAT,3.983747,2.7087426
EHEPAI,1.8520069,1.7139591
GETBAK,2.1360939,2.8820417
ISUKEO,2.3981395,1.4695468
BEWJIX,2.712703,2.7671895
NANWEG,3.6928573,3.1424081
BEJWUI,4.114362,3.001181
WARGEB,3.8604794,2.9236085
FESKUK,3.6748977,2.7865684
POGVIS,3.350538,3.0222602
POQKEL,2.9684901,2.232332
NANVAB,3.3973415,3.023783
YAMCAR,4.0942254,2.9101784
PATBET,3.0291715,2.7772384
AWAPUL,3.2735298,2.6758902
FAVCIR,3.0261784,2.6777291
ULOSOE,3.567685,3.102303
CBYPRH,3.589726,3.2409976
REJFET,2.7782826,2.2273128
GUYFAH,3.4680912,2.9595315
MIJKOF,2.6898456,2.5922549
FEYHUO,3.630271,3.0700247
QIDCEN,3.3260477,2.822832
XILQAM,3.1867254,2.4799948
LIPQAC,3.3187006,2.776115
POYFUF,3.1412823,2.7273638
XERPIW,3.3129864,3.077275
KACFOJ,1.7583997,2.4256856
SUXJIF,3.0093071,2.7404346
LUTQIC,2.253647,2.4917724
NARKAV,2.4958284,2.5711143
HIJYEH,2.939374,2.4793782
MEQZAJ,3.5668685,3.0306401
DIVWOV,3.568229,3.265831
FEXREH,3.6868708,2.627483
FOJYEJ,2.4917467,2.870668
UROQUO,3.3992465,3.0118058
ESINID,2.303988,2.738379
NUZFIZ,3.2585635,2.754634
JEGKEM,3.7723145,3.141292
VOCGAV,3.3110814,3.0304003
GAWPAY,2.922503,2.6009867
MIJKIZ,2.6996417,2.6285257
VECCIP,3.004409,2.9770913
SOQQOG,3.4351654,2.9711437
BODZOM,3.8055124,3.0232565
OVELIM,3.3842802,2.8750455
FERJAP,2.717057,2.683668
KUMFOO,2.7725682,2.6582046
XOGCII,3.551358,3.1394482
QAVRUB,2.9257681,2.5226028
VIGMEG,2.9869938,2.6356273
VOMJOX,3.4822412,3.3213098
ZETXUR,3.7075515,3.313268
KEDGEG,2.5366454,2.5322618
REPZUJ,2.7782826,2.9596617
QABZAW,3.0792406,2.719564
OGOGOH,2.7880785,2.532002
FANYAW,3.5116293,3.4460526
CASTIA,3.149718,3.0142324
WOCMEH,3.1336632,2.9115283
XOTLAV,3.737484,3.0831714
HUXSOK,3.9040177,3.1184497
KIRREI,3.5636032,2.8828363
NUZFOF,3.243053,2.7661917
MONWIV,2.5758297,2.7027433
IHOCEO,3.5023775,3.0160959
OWEBID,3.0354302,2.8311255
BAVMOA,3.152439,2.7427404
VEMTAL,3.2776115,3.0723307
CISDOZ,1.7513248,2.8545792
QEFPIA,3.2278147,2.6807945
JORREQ,1.7393517,1.7866359
ROJDOK,3.2057734,2.8066027
DAQDEF,2.6101162,2.8200579
YIBFOF,2.8648148,2.5520525
QIGPON,3.4719007,2.928877
NAMSUP,2.6849475,2.7040277
FERXEF,2.5401828,2.3707542
TEXVUP,2.4609978,2.8724213
YUYKOU,2.354329,2.0427747
YEXXIJ,2.6631784,2.972038
KUPPUI,3.5821068,2.9198515
QIFFET,3.7872808,2.8276153
NOGTOS,4.88009,4.116988
YIDRIM,3.6104066,3.0606794
SUQZUB,1.6280572,1.9902786
GERFAM,2.6612735,2.7008996
BUKCOA,3.1393776,2.907841
OPEZIU,3.2816932,2.8836143
DOWFEB,2.841957,2.7738426
DACCUG,3.286319,3.0200427
GUPFOM,3.5796578,2.816556
HEDDID,3.1562488,2.775834
UPOVOM,2.9464488,2.4958124
IHECOO,3.120874,2.7227848
RUFLAF,4.4849806,2.6813452
ROJWIZ,3.1355681,2.324925
HEYKEE,3.0890365,2.9827785
KUHCEX,3.5048265,3.2316766
QIDHIU,3.128221,2.8822925
FAVCOX,2.4264393,2.5732777
OKEMUM,2.5605915,2.4173024
QIZMUH,3.4210155,3.1437707
BEDHAV,3.3655043,2.96413
ZASZIF,3.0283551,2.8088474
SIRGUW,2.52821,2.5747838
SALMUQ,2.9736602,3.0378368
CESKET,2.3687513,2.6258507
FOGLUK,2.4585488,2.4455643
DADNEC,3.8006144,3.0683513
ACACEM,3.200059,3.3090396
YUMTIK,2.858284,2.8352418
UTUFOG,3.8923166,2.8328025
GOPQOR,3.4036002,3.4499676
PEYTEV,2.1929655,2.680924
DEQHIQ,2.9214144,2.8931906
ULOTOF,3.587005,3.272705
FIBPAJ,2.2830353,2.5020673
VUFMOA,4.4588575,2.5603023
NELWEI,3.0220966,3.1477222
MIZXAX,3.2754345,3.1063921
XAPMUW,3.5197928,2.9538078
URAKUV,2.9048154,2.7834573
TENBAR,2.0759566,2.885119
IDIPIV,3.5091803,3.0597162
OFIBAI,2.6539266,2.8531103
LIWTOA,3.130942,2.7189822
KILRIH,3.455574,3.0564427
OMEZEL,3.8490505,3.5391338
NACRUE,3.0484917,2.7255678
EJOZIN,3.5913587,3.0823762
RECGIS,2.8291678,2.7263694
YIZREH,2.561952,2.0033178
MIMHIZ,2.8136573,2.6923263
MONWUH,3.1518948,3.0723588
HIHRUM,3.7078235,2.8360722
LIZFUV,3.1992426,2.991065
IFIGUB,3.101826,2.805631
WISTUQ,3.9976246,2.6774263
AVOBAO,2.067521,2.691879
XEPJIM,3.2204676,2.9960828
ZATSAO,3.2830536,2.9967093
NOJROU,2.4740593,2.4698422
UBIFAO,2.6895735,3.0768967
IROXAP,0.95103794,2.0467114
DORROR,3.6982994,3.2676194
DIQVEE,2.7965143,2.712165
FIYCAS,3.2172022,3.0227242
WEWROG,2.2024896,2.3672295
JISBOC,3.1320305,3.1990156
AXEYIL,4.3100114,3.4925826
GASNUL,4.0849733,3.6395998
SAJNEZ,3.274074,3.0433767
KELRAV,2.1377265,2.133674
QIWYUQ,3.6408834,4.1054406
LIHDIR,4.23001,3.9576561
DAMVUJ,3.1967936,3.5578394
QOJRIS,3.0332532,2.8640192
YAFJUM,2.5614078,2.272231
KUGSUC,2.8884885,2.6834648
HOVJAF,1.7434335,1.9571135
CEVTED,2.3194985,2.2218595
ALOZUX,3.0593762,3.4819863
DEYBIU,2.788895,2.32867
LIJBUC,4.2308264,3.9218721
UCUMEM,2.2253473,2.1202116
KEZMIO,3.6166654,3.1412401
IBEWEU,2.9350202,2.8514504
NAZSAL,2.2803142,2.4789674
CUCMOE,4.2150435,3.8783906
SIZBOV,3.4259136,3.4580417
PEJGIV,2.3333764,2.4100635
RUBKUW,3.2433252,2.6362033
KEHLOZ,2.7657652,2.9516094
XOJPEU,2.3189542,2.355665
WOZWUD,2.4267113,2.2734137
HIDBUS,3.7671442,3.4081593
PAGJEN,2.210653,2.2092948
IFINOA,3.304823,3.1227958
CIKTAU,3.2441416,3.0523765
WEWNUK,2.2580009,2.2220764
NEGQOF,2.7886229,2.8717275
CESBAF,3.102098,3.2507012
HUXNIX,2.162489,2.6770658
SAZMOW,2.367935,2.512499
HOGBUA,3.5230582,3.337295
GOZLOY,2.5048082,2.534049
IFOYOT,3.718708,3.5637865
RIJKOM,2.506713,2.3929887
PAXFEZ,3.204685,2.916138
IQEVOR,2.6370554,2.376516
GEQYOT,2.772296,2.365827
CALROX,3.7529943,3.5014303
VICPOO,2.7807317,2.6925988
QAVMOP,3.5328543,3.4922352
WUJQEZ,2.561952,2.5600178
ROFDIZ,3.032709,3.0770094
XOQTUU,2.3284783,2.8678734
WOVBAM,3.5821068,2.8071918
JEWFOH,2.982368,3.304751
POJJOP,3.0389676,2.580536
WIPJUD,2.5396388,2.965349
PAQYOY,3.3399255,2.842463
COZHAA,2.043031,2.3422265
EBOROD,1.4479178,1.8148903
PAFTOG,2.303716,2.9809964
FABHIZ,3.8498669,3.8872824
KIJJOD,2.5216792,2.117824
HUXCIO,2.9113462,3.5277872
LIPCOE,3.4022396,3.6558123
RADVUN,1.6313226,1.2997371
QETTIT,2.311063,1.7288104
RABGUZ,3.708912,4.0260115
NONCIE,3.2308078,2.4795558
KEFKEM,2.4721544,1.9961817
BOJQEX,3.3733954,2.993662
EYICIY,4.144566,3.9081855
ACAPDA,3.3423746,3.7322779
SASROW,2.8122969,2.723293
NONROZ,3.921977,3.8396707
TUJTOI,2.6348786,2.8183608
RAJYUY,3.5265956,3.3298416
VUMRAY,3.6982994,3.5672846
IXAHIZ,3.3393812,3.78638
EHOFUD,3.8664658,3.630715
LIHLOG,3.1508064,3.8367777
RUCBIC,3.3665926,3.4009442
VIRLAL,2.6441305,2.5956104
AGEVEN,2.8811417,3.2076051
PITPEO,3.011212,2.7799435
VEFTEI,3.8757176,4.162864
KUJHAA,3.201964,2.7713056
XILQIT,3.084955,3.3010492
PARBAM,3.2340732,2.5630784
YIWPIF,2.8759713,2.4852118
HEZDEV,3.1755688,3.8070912
GEFWEW,2.9592383,2.8982828
ZULMEY,3.272169,3.324317
XIQCAB,3.5769367,3.9161856
VIBDIU,3.6144884,3.233617
XAYGOW,3.6893198,3.2077475
LEVGIC,2.525761,3.5190165
ULOHUY,2.2675247,2.345647
YAQRUG,4.147015,4.1556606
YEKTEQ,4.392462,4.062995
SEKPUV,4.334774,4.2698298
WACHEQ,2.8337939,2.6636713
ZEPRAQ,2.9124346,2.3772075
SEWMEN,3.7260551,3.491716
POJJIJ,3.0620973,2.6092715
PDMPDA,3.3987021,3.6930327
YAQGOO,2.8193717,2.3543062
LOQPEO,2.8354263,2.8325586
PHACPD,3.1078124,2.7411475
ZARMIQ,3.3641436,3.3428702
LASXUY,1.2601593,2.0990307
PAFZON,2.8482158,3.3487744
VESQOZ,1.6269687,2.4417083
LOSNAK,2.0694258,2.2872562
QUQVAZ,3.2650943,2.8555357
AHIHOO,3.0240014,2.3901174
JISVIT,2.5186858,2.428117
XOJRET,3.3652322,3.2261877
EHORID,3.6871428,3.7120438
KIWKAE,3.6114953,3.1212597
MICQEX,3.3094487,2.8271244
BEJHUT,3.833268,4.0428743
HATNIZ,1.500708,2.035375
DOWJEE,2.3867106,2.5732927
HERWEJ,3.3826475,3.30549
VOGFEF,2.7946093,2.6630106
LOGKOJ,2.9162443,2.178814
DIRVEH,1.9235729,2.7632267
KAJXIF,3.2188349,3.2060084
XUWHIG,2.234599,2.270584
DIXHIE,3.7894576,3.6150646
EBAZOW,2.867808,2.4217598
LILXEK,3.5924473,3.660112
MUCGEW,3.4019675,2.7947915
IHOYAH,1.6998953,1.7878728
VUGXOL,3.422104,3.415428
XUYYIZ,3.3358438,3.49598
MONFOK,3.011212,2.7258427
HUXSEZ,2.4514737,2.2942724
HESPUR,2.3404512,1.7802091
KADZOF,2.3758261,2.353381
YOHPEQ,2.17936,2.2570229
PIJNUS,2.5480742,2.3515093
EQODOF,2.8893049,2.7091556
EGOGOY,2.9197817,2.5453594
BICRIQ,3.6623805,3.264645
TURKUM,2.2071157,2.4768577
POLFIG,2.9042714,2.34106
MIVKOT,3.2242773,3.5140727
MAWPAC,3.2101274,3.1053212
ALOQIB,2.6008644,2.2073545
LADHOO,2.7192338,2.3521826
CECTOW,2.9976063,3.4969914
DOQSOS,3.2582915,3.2764742
XUVPUB,2.4362354,2.7420127
COCXAT,2.4933794,3.394703
AYACAF,2.3937857,2.1914873
KATTOO,3.1557045,2.6488502
JEKQAS,2.9693065,2.753225
COTRIN,3.2942104,2.9475844
FISQOO,3.9478278,3.8932433
KUHSEM,3.570678,3.2080832
VIBJUL,2.0773172,2.6725106
UVOXOT,3.3513544,3.1395605
BEXTII,3.5578887,3.4160852
BAWFOW,2.3883433,2.504305
INIWUX,1.5363549,2.1337285
BUGWAC,2.955973,3.1690366
IYEYUH,2.843862,2.8219383
IJIDAI,3.286047,2.717316
DOQMEC,3.591903,3.0373583
ZORJOH,3.1791062,2.9680293
WAVTIY,2.9742045,2.5362928
RAJMEW,2.1883397,2.1491306
XOSZEL,2.5554214,2.7124872
ROCFOG,2.7812757,2.4437997
NIFZOU,2.6493006,2.4053752
PIYWOM,2.7331116,2.3364124
MAWREI,2.4729707,2.5080602
YIXSOP,2.753248,2.9878385
ZOYDAS,3.4615605,3.599586
HAVHIW,2.597599,2.6736019
MAQQIF,2.9320269,2.7599132
CUDQOJ,1.8193533,1.910027
PUPYAC,3.835717,3.5550318
WUMQEB,3.7238781,3.4277167
QOSHOW,4.155723,3.6451318
FUVKIR,4.287426,4.3435454
MAGDEE,3.4163895,3.7223704
XIVGER,3.558705,2.8258653
XIHGOK,3.5377524,3.1033175
UHOGOO,3.013661,3.8760233
MUZDAO,3.139922,3.0186715
LUHRIP,3.5314937,3.926074
XERXAT,2.9641364,2.841473
MASSAA,3.0512128,3.6032684
ROJZOG,3.405505,3.668426
ETOGUR,3.302374,3.33166
GERJUK,4.175315,3.1726048
BAQSOC,3.697211,3.3451426
XIYBEN,3.1750245,2.898136
EJIHAH,2.8952916,2.832268
NEZCIG,3.6934013,3.123836
QIVLIQ,4.1500087,4.014842
WOBKOP,3.8822484,3.2306716
RUCBEY,3.1752965,3.1985264
EWODIF,2.3524244,2.5504534
RIRDAX,3.453669,3.6076021
NANFEP,2.5831769,2.4543583
YIWBIQ,3.508092,3.5140162
DUSNIQ,3.6713603,3.4754152
VUSYEP,3.0245457,2.9359329
TIPNEO,2.4316094,2.1564944
HOXBUS,3.219107,2.971072
PILXEO,2.8884885,2.9448752
GOPMUV,4.073272,3.5288184
QEQWUF,2.9644084,2.7705011
TULRAV,2.853386,2.570037
QAMHIX,3.5263236,3.3950052
HIQFUI,3.0841386,3.1301208
KASKAQ,2.5347407,2.2598445
QOHXES,2.8122969,2.4492147
LANBIL,2.3505197,2.6914735
QUDGEC,4.5818534,3.345192
JAXVOT,3.5002005,2.4857447
PUTTED,2.0299695,2.1067576
CEQHIR,3.181011,3.8802848
TORYUU,2.1118758,2.5674284
WIJVIU,2.471338,2.6292486
OWETOA,2.3287504,2.0525632
FICJUZ,2.7072608,2.6266644
LOQXUK,4.0087814,3.762744
IJEYED,2.9578776,2.8336334
ROKKUX,2.038677,2.1109624
OWEPIQ,3.2729855,2.992934
ATASET,2.483039,2.5150824
SONLAJ,3.9995296,3.6174026
EYAGUH,3.0887644,2.9729214
ZEQDUU,3.721429,3.853873
JOSYUL,3.0128448,2.6324358
XEQSES,1.2484584,1.5674022
QIQDID,3.0751588,3.166055
ICEFIF,4.57369,4.4762077
WOXPOQ,2.9320269,3.0370138
VUBCEC,1.2566218,2.1726916
RURHIX,1.6988069,2.2158556
LOXLOZ,3.895582,3.1078653
IZUJUI,4.6349154,3.7457852
PUHKIM,2.8144736,2.3128011
PAZJIK,3.6414278,3.590415
MEFYIH,3.592175,3.5148158
OCUYEQ,3.3094487,2.5058951
CAZIPD,3.309993,3.108708
TIPMIR,2.2811306,2.1661174
IFEPAK,3.5361197,3.050536
PUSSUT,2.7442684,2.6853945
EGUDEQ,2.2101088,1.5578008
QOVROI,3.1565208,2.7138348
ULUSIE,3.0144773,2.5330796
IGUVUC,4.724713,4.008293
SIYZUY,3.0245457,2.9729743
VODXUI,1.6318668,2.0019426
XOZPEI,4.216132,3.9902716
IVAHEU,2.3905203,2.5412312
JOVFOS,2.5652175,2.5925639
CERVOM,3.0052254,2.4660883
CAYREB,3.4925814,3.0135765
FEZDET,2.9309385,3.0197203
DEZQAC,3.4003348,3.059281
USEVOE,2.679505,3.1603968
CISYIN,3.6773467,3.720923
BAXLUI,3.2637336,3.0761287
JUSROG,2.444671,2.5430267
YOZKUU,2.9064481,3.0962632
AKOZAC,3.2713528,3.0649612
DUPGEA,3.3325784,3.1362946
SUQGER,2.4324257,2.4659178
LUGJAY,2.19868,2.811016
ISOQUD,3.864289,3.6517775
GOCFOT,3.0139332,3.2882733
WARMIO,2.9382856,2.4644413
HONKEB,3.3037343,3.3931067
MOCGAM,4.504845,3.973733
KIHVIH,4.02919,3.8065536
MAYSIO,3.3992465,3.466631
BEXSUT,3.6498632,3.4115915
PAGKUE,2.406847,2.5467358
LAJNOA,3.0669954,2.9127061
QILLOM,2.592701,2.99331
QUMKEO,2.5584145,3.3525763
REWPUH,3.3761168,3.9044862
SEPQOV,3.192984,3.4829316
KIWPOV,2.4775968,2.6053898
NUSXOO,2.9894428,2.3398376
TUWJUQ,3.9989853,3.6228824
LESVUB,3.539385,3.0014112
WEQFIJ,3.2174742,3.041032
LAMMUH,1.6266967,1.6104558
CERVUS,3.4642816,2.876289
XIRXAZ,3.240604,3.2937403
TEGFUJ,3.5663242,3.7595654
RADTUL,2.0525548,1.399744
PAFLUD,3.6686392,3.1078365
XOJZOO,3.164412,3.0628297
MIMLID,3.2852306,3.5713713
WOMBEH,2.530659,2.5088804
ZIBTAI,3.7265995,3.5103998
BUHRUS,2.7086215,3.3443294
FEYZAK,3.6057808,3.4537601
BIBTOX,1.6827521,1.9511602
ILEKIU,2.939374,2.6435692
HURKOV,3.2008753,2.8673363
FUGWEL,1.7796247,2.6110485
FIQLOJ,3.125772,2.694272
FODPET,4.686073,4.2738867
RONLAJ,3.4427845,3.3500595
DAGMUT,2.6473958,2.4183629
ZOLNAR,2.9679458,2.2590003
UNADOD,3.0746145,3.2014544
YIXWUY,3.7535386,3.1403844
MAYSAJ,3.3918993,2.668182
RAJBOU,3.5546234,3.5181322
SIWDAE,3.477071,3.0852132
ZOJVAX,3.2460463,3.2702463
VUHCEH,3.5595214,3.3717582
EMOKAS,3.6550333,3.3940518
VEWZUT,3.2106714,3.0861864
ENOWOU,3.6716323,3.2633173
VUGXIF,3.3753004,3.3995905
PAGVEA,3.5856445,3.510576
DUGHEU,3.1080844,3.561439
HOVMEL,3.1578813,2.7410257
NEYDIE,3.1124384,3.4000053
POKSUE,2.9361086,2.7270925
YIKVOE,2.9665854,2.1725638
KIFCIO,3.4324443,3.3473442
MEFTIB,3.7040138,3.6409807
FUFHIZ,2.8095756,2.6020517
WAJNEC,3.4909487,3.737824
NOGVIQ,3.4808805,3.328092
QEWFON,2.803589,2.893576
POLXET,3.9679644,4.0784163
REWPIT,3.484418,3.334934
NORHIL,2.9170606,2.800263
OCEPIY,3.3516264,3.7465749
YERQAO,4.0359926,3.4966278
YAZKEQ,1.737447,2.8553848
LABMEH,1.0381144,1.7346421
HAMLUD,2.409296,2.3985486
IBAGEA,3.061009,3.474513
QETWAQ,2.8433177,2.1522517
MOKGOK,3.7323136,3.3527985
RADVEX,1.6005738,1.2041116
CODQIV,4.33042,3.911138
DIDLUZ,2.82046,2.4462938
WOPFAI,3.3951647,3.1679018
QEKLEA,2.1886117,2.0304387
QEWMEL,2.7638605,2.6610713
XOXMAY,3.0084908,3.2174702
WILVUK,2.0394933,1.886854
XOSYIO,2.7380097,2.9491913
OTAGUM,4.714645,4.0423317
GIJXOM,3.4906766,3.0424843
KEYCIA,3.4084983,3.153412
SASJUR,3.2169302,3.040005
BOKHAK,2.7537923,2.0458128
XICDOE,2.8852234,3.375621
WODLEH,1.9861591,1.7705232
KAKKIR,3.3344834,3.1404614
AGICAU,1.4147199,1.735444
UDOTAJ,3.0909414,3.4448524
ZAFDEP,3.1124384,2.9128332
JESFUJ,3.3897223,3.4487467
VIMGEF,2.5752857,2.2216287
JITCEX,2.3477983,2.2505813
HOTBAV,3.015838,2.4652796
XERXEX,3.020464,2.804009
HUHPIK,2.9997833,3.7212067
RANVAD,3.0944788,2.945623
WICVUC,2.7464452,3.7251284
XEDKIB,3.405233,2.3550634
VEYSAU,2.2566402,2.137155
ZAXFEL,3.0242734,2.7066395
NENPDN,3.7339463,4.014873
KAMCIL,3.6343527,3.0875425
AYIQOP,3.9355829,3.8332944
TOTSAY,2.731751,3.6337576
OYEYIB,3.4947584,3.1967616
CAPRUG,3.1325748,2.7490673
KAQQID,4.2838883,3.9003634
UMECOE,3.049308,3.9446368
TIZHIU,3.0463147,2.623767
EPPTPD,3.116248,3.517237
ABEVAH,3.369858,3.5167491
MOJPAD,3.3178842,2.6276617
UYEKUG,2.8593724,2.5193744
NONXIZ,3.2999249,3.481432
ZOXQOS,3.0950232,2.5028422
YEZLIY,3.039512,2.9923654
LEZBAW,2.880053,2.7895982
REQGIF,3.5072756,3.1258643
XIJSIT,3.8109546,3.0817928
SOTWII,2.872434,3.3730843
TXMPPD,3.0123005,3.313561
DANQOY,2.428072,2.125122
TIDVIO,2.9333875,2.3306718
KIFCAG,3.7344906,3.5560725
XATQEQ,3.1143432,2.9734359
IMUYAS,2.8484879,2.6084952
MURKIT,3.510269,2.8411615
CTMORP,0.42667454,4.0184307
PEWZEY,3.5197928,3.7613468
MILGET,2.0106494,2.1455727
SIYLES,2.8073988,2.509557
TUVWOY,2.9143395,2.6655536
REFPUO,3.489316,3.2919776
ROJZIA,3.2027802,3.772819
SAGJEP,2.6220891,2.6578312
CEZHIY,3.2166579,2.547215
SOHTOA,3.3546197,2.801334
TUVWEO,2.9456325,2.6193888
EZIVEO,3.3932598,3.0072222
IJIDOW,3.2999249,2.6695418
QIZREX,4.096674,3.7546587
LABHUS,2.858012,2.9190822
VAPYIW,1.9418045,1.9606752
SEPYOC,4.0621157,3.7997818
XAKHAT,3.5151668,3.6988435
RUCLAD,2.468889,2.36965
IHEBAZ,2.6642668,2.472112
YAMDUM,3.59925,3.076833
BUCGOX,2.3045323,2.117393
XAMPIL,4.0106864,3.8307128
FEHMOW,2.757602,3.1408608
TENGAW,1.9377228,2.5162213
MIDCOU,2.0533712,2.5014052
QIGMEA,1.6332273,2.080837
MORZEA,2.4359634,2.4415197
XULLOG,4.050687,4.5083966
POKSAK,3.3350275,2.980764
OVEPIP,1.9031644,2.4634697
KAKQAQ,3.2414203,3.1408505
HODMUI,4.23001,3.6421933
ELELEM,2.6952877,2.591684
DARRIY,1.3042418,1.0529826
YABBEK,3.486595,2.9366834
PEQWAM,2.7875345,2.599589
WEJVUF,3.6256452,3.3606942
FORNAC,3.7818384,3.749683
BAFSUZ,1.9148653,2.0892441
RUNDIN,2.669165,2.2619293
BUKCER,4.5992684,3.7594547
FOCJOX,1.6103698,1.7200806
ISINII,3.4931257,3.7735336
ALIYIF,4.0008903,3.7102716
PUCZAP,3.4133964,3.7745059
NALBAG,3.1195133,3.6139026
NERLAA,1.2228796,2.4260993
MUGTOZ,2.8718896,3.2362845
CMBZPD,3.209583,2.7984195
XIDNAZ,2.7137916,2.8873348
DOGPAS,3.517888,3.4852238
OHUTIV,3.23108,2.7546918
YIVWEG,4.1497364,4.3008003
SEZBEH,2.3385465,2.7526624
NASNEC,3.7486405,3.6681757
DAPVAU,2.645491,2.3557172
JUWDEK,4.1878324,3.6850965
SEZWOL,1.7216644,1.9811194
WUGDIL,2.8242698,2.3036647
PANJUL,2.695832,2.6896114
EJELOW,4.0283737,3.31154
GAGDUP,1.8862933,1.953525
PIZWIF,4.136947,3.6419582
SUNZOR,2.3311994,2.17171
ZEJPEL,2.7401867,2.5663033
ZUQXOY,2.4814062,2.6909418
BIMZAZ,2.8705292,2.6738093
OFATIY,1.878402,2.1797745
XIWVIK,2.4933794,2.60463
UVIKIV,2.2332385,2.1895525
OMEGIW,3.1581535,3.4138331
FICNAH,3.3298573,3.5794325
UHIYUG,1.9140489,2.1756198
NERXAJ,1.787788,1.9801769
UQANEG,3.8302748,3.1834478
YATVIB,3.066451,3.1315925
LEZBEA,2.875155,2.7810557
BAGNON,2.858012,2.711413
QAHDAF,4.225384,4.0421295
GIHFIO,1.6811194,2.2089522
HUVFIO,3.1137989,3.2883387
ATIKUK,1.16628,3.1050448
NIQYES,3.7037418,3.4709263
WAJCIU,2.4705217,2.42845
UZEBIL,2.9459047,2.7555444
OBONEA,2.4912024,1.8698418
AVIQIF,2.760323,3.066404
BUWPIT,3.4596558,3.6726086
CCENPD,3.2830536,3.5059392
LIVCAX,2.6250825,2.3238218
SELMII,2.16004,2.6416595
CLOXPD,3.6229239,3.6501243
JUZLOH,3.8275535,3.7952576
POSTAT,3.2395155,3.7144759
EWOXEU,3.4177501,2.3715749
MIYCIJ,2.4487526,2.6675687
FENTOI,1.6661532,2.9031775
GETPOM,4.545662,3.7726526
GOJPUS,3.025634,2.831197
ETEHEQ,3.0237293,2.2780323
DOJTEC,3.649047,3.1982503
VAQPOS,3.8221114,3.4349093
PEXDUT,2.9597826,2.5080638
YIWBEM,2.029153,2.7496934
HAKMAK,3.1537998,2.9183815
HOXCAZ,3.2468626,3.0023456
NONXEV,3.7698655,3.4085898
DURLAE,4.1140895,3.9795315
JESGAQ,3.104819,2.7028232
LIGGEQ,2.8950193,2.7955194
REHPAY,2.1687474,2.0485997
MIBVOL,2.628892,2.5124223
HAWXEK,2.9295778,2.8008022
ZUXROZ,2.4367797,3.3740518
MEFXEB,3.2827816,3.3166938
LUTBOT,3.8827927,3.7369142
QOCXAK,3.0816896,2.7174938
UKUGAI,1.5205723,1.8528501
EVAVOO,2.2471163,2.0933418
VODLAB,3.1850927,2.7359304
YEFLEC,1.6375812,2.2385364
VOFSAL,3.4901323,3.4414234
OBAWIZ,2.4057586,2.5225475
HENZEI,3.133119,2.9575186
DIGMOY,3.3467283,3.3343542
UQEZOH,3.178562,2.836674
MAMYUU,3.3499937,2.8176255
CEQFOV,5.4022765,4.384736
ROMHEG,3.7663279,3.6456525
KEVNUW,2.4158268,2.1258347
SIWTAU,3.6580267,3.2124858
NEJKAR,2.2985458,2.458223
NERWUD,3.8327239,3.4141567
NISLEI,2.9570613,2.765596
LACQOX,3.80007,3.1111228
ZIHWAO,3.353259,3.572223
FUTMUD,4.0444283,3.9721098
WATKAF,2.7834527,2.3532205
FERXIM,2.8362427,2.4210389
WEMKII,3.321694,2.9150453
REFWAC,2.6585524,2.4770215
NURXON,2.2310615,2.1272082
KAYPEG,2.8327053,2.5341103
HUHQAD,2.7755613,3.567103
ADINOS,2.5875306,2.3871891
TONTIZ,2.3126957,2.3767023
FICRAM,3.037335,3.6137471
EDEKUV,1.2971668,2.3254762
DARQAR,2.9102578,3.576196
PORBAA,2.8019564,2.7840605
QOHXAO,2.4324257,2.417061
XAHLOH,3.6651015,3.0279295
FAXFIU,1.0011069,1.9301772
BAQLUB,3.0914855,2.9866557
HOZBON,3.5935357,2.787077
RUZKIH,2.9287615,2.6314406
ALUQOO,3.5333984,3.5046148
XAMSAG,3.4354374,3.6177564
NIGYEK,3.4280903,3.0647345
IKIYIL,2.6416814,2.0453606
SEQVUG,2.7420914,2.8259223
MEBXUN,3.329313,3.9945664
XIGVAM,3.4822412,3.335916
AGOGEJ,3.1366565,3.022724
PABJUA,3.2797885,3.3316317
YIYGAP,3.4933977,3.1946597
KIJROL,3.3641436,3.3065295
DAVZEG,3.1494458,2.756134
GUFQUT,3.0841386,3.1590853
VIRJUD,3.6555777,3.0580144
GADLAA,3.3396535,3.203749
XOMFUA,3.3404698,3.2497168
NUCDUM,3.89531,3.3196235
QASTEM,3.0272667,2.1840277
CIJBOM,2.3771868,2.1185894
OGOMIH,2.4408615,2.282185
WUDMOY,3.5782974,2.6818125
WALQAD,3.8349006,4.1088114
HAZYIT,3.9339502,3.4839065
WOXPAC,3.7685049,3.297706
QECVOJ,3.986196,3.407183
BOJQAT,3.314619,3.3093169
HAQNEV,3.2659106,3.260417
MEPDIX,2.5556934,2.6004424
BAVPAS,2.3178658,2.3126085
TAYKUC,1.9039807,2.2486506
PEWYUN,3.8362613,3.6350203
OWEXEU,1.8509185,1.9677546
MIYBAZ,3.3518987,3.6064646
RIBZIL,2.8049498,3.5715122
WEGHAU,3.9252424,3.6809382
GEGHEG,3.6876872,3.5069547
WEQTIV,3.3606062,3.2274556
NONWOE,3.3551638,3.579504
GONWEL,3.0517569,2.5008805
LADGON,3.3497217,2.5559149
OHENEW,3.152439,3.5719867
LOLKON,2.939646,2.6756537
SEZBIL,2.4909303,2.6147761
RUDJAC,3.6199307,3.526748
NEWVOB,3.4836016,3.5041847
FANFUY,3.1921678,3.041278
ECOZOM,2.7665815,3.5495546
IWUDUB,3.0552945,2.706702
XUQKIE,2.7878065,3.4074216
PAGMIV,2.6381438,2.276239
ZATZOJ,5.164449,5.197758
QEFVOM,3.096928,3.1723952
MAWJUS,3.8485065,3.8460438
YIWBOW,3.3056393,3.3833354
CAXLAO,2.8735223,2.2892497
JEJCOR,3.025906,2.7144065
AFAMEB,2.674607,2.7622921
YUTTUD,3.1347518,3.1739154
QEQZOB,2.1314678,2.0603187
ULUNUK,2.7861738,2.2196226
YIXXEJ,3.7910903,2.998729
JURFIN,2.6977367,2.4071496
UJAGER,4.3271546,4.171056
VASKEI,4.0433397,3.3534138
EZUYON,3.4182944,3.627456
HUJYUH,4.0142236,4.1257124
KUWGUF,2.5891633,2.6232865
AJIXOI,3.1328468,2.9765944
NICNUL,2.4416776,2.6253257
YIGVOZ,3.5045545,3.1002352
KIWDOK,3.862112,3.8189852
FUHZUF,3.8822484,4.010561
PUPXUV,3.7753077,3.5196345
VOZMOO,3.5099967,3.1252377
FAPBIH,2.598143,3.1867342
GABMOM,2.887128,2.803983
NBOPDC,3.6202028,3.4203265
WUFGUZ,2.6136537,2.4342573
TOQBEH,4.824579,4.5271897
OYANIM,2.5997758,2.216531
FUBVAA,2.9703948,3.4321647
JOPHIH,2.7567856,3.1355774
RABWEZ,1.9676553,2.202754
RUNVUR,3.49367,3.372732
NIMBIW,2.1428967,3.3161688
IPOMEF,2.3818126,3.025708
QAWMEH,3.732586,3.5252094
QEJWOU,4.234364,3.6866193
QAYDEZ,4.1461987,3.6632698
DURSUG,3.876534,3.7128365
AGIBUN,1.8049313,1.8768281
VOBJAA,4.1339536,3.9379673
CITGES,3.0025043,3.0068035
HILQIE,2.141264,1.987086
TCMIPD,3.6667342,3.738986
AJEHAA,3.9559913,3.8273954
FUFZIQ,3.551358,3.6462219
CIMFIO,3.7587087,3.3636336
AMAXOB,3.1815553,3.8004117
WOTZOW,3.4514923,2.6646898
IYEYAN,3.4713566,3.4093146
QEFVUS,4.088511,3.8634977
FIFWOH,3.7203407,3.558074
BOJQUN,2.9110742,2.681762
TOKKAG,2.9543402,2.2521179
ZEJQOX,3.2193792,2.9201767
KOMNOP,3.2150252,3.5289986
PEBGOU,3.2952988,2.998006
PIFLIB,1.9676553,2.1875076
KUWKEU,3.0033207,2.8808694
DOXMEI,3.4308116,2.6796408
BOYROX,4.172866,4.196062
ZOLTOM,3.9032013,3.697822
GOTPOW,2.6969204,2.518739
XIXSEC,3.4667306,3.3147302
NIBQUM,3.7181637,3.5107713
AREPUI,4.5418525,4.424606
RAHVON,3.1543438,2.7382388
WECHOE,4.5538254,3.910489
RUCPEL,3.570406,2.9815648
ROGQUZ,3.1050913,3.2329602
QOSJEO,4.3954554,3.8861933
ADUHAJ,2.7712076,2.9184725
RATKOO,2.2577288,2.2486987
PANJIZ,2.4128337,2.3825817
YAFLUO,2.2969131,1.9299107
EWUSOE,3.9110925,4.004616
DUFTED,3.505915,3.5469282
XEPKEI,2.9167886,2.807932
DIXZIU,3.4596558,3.132926
YAMFEY,3.4950304,2.528748
ORUFAK,2.595422,2.3755214
HINCIR,3.1706707,3.2967963
AZOQOX,2.8346102,2.6635013
QAFMUG,2.8950193,3.4161942
ZABFEN,3.0272667,2.9541285
RURHET,2.052827,2.1390896
UNEYAP,3.541834,3.5287375
REVQEO,3.4218318,4.0779905
FORPAE,3.6501353,3.8888516
EJELUC,3.212032,2.8304698
OKURIV,2.2310615,2.518578
WECNIE,2.414194,2.0781765
MALPEX,1.0212433,2.3145208
FIPHOE,2.386983,2.1177235
NIQLAD,2.9924362,2.4792106
WECJIA,4.9908404,4.178151
FULKAA,2.8185554,2.6660662
SEVLEL,3.8324516,3.5102348
VIDYAL,2.9565172,2.987735
SELMOO,4.108375,3.6496148
DEPLUG,3.634625,4.1519685
TAPNAC,3.1469967,3.0718153
VOTDAL,2.7521596,2.5485954
KAJMEO,4.2569494,4.1824617
BOHREW,3.0046813,2.4911942
DAVZAC,2.8620937,2.885548
TUVWUE,3.0846827,2.505713
WUKLOE,2.8308005,2.4276972
TOTKUI,2.4299767,1.8314583
EQOFAT,3.2890403,3.0056038
COPYUB,2.5339243,2.7782624
XOLGAJ,1.945342,2.784906
NAGXOJ,2.9045434,2.9670773
WAWQUG,3.6030598,2.972148
KABDEX,3.003865,2.4345334
IGUWUC,3.7293205,3.9091606
HAPKEO,3.5421062,3.4362159
KEHWAW,2.9007337,2.476158
MOXXUU,2.5946057,2.397807
ATAHUY,2.867808,2.8299584
NABFEC,2.327662,2.924732
LUKQIR,3.3328507,2.2970746
NOYVUU,3.13067,3.214347
PELWOT,3.388362,3.6174982
CENYAX,3.3736677,2.6223683
DATWOM,2.7834527,2.638507
NIJCOY,2.3290226,2.7343936
GENCUX,1.7200317,2.9736636
AGICUP,3.238155,3.268204
NAPPIE,2.611749,3.1185079
QIHJOI,3.1010096,3.1445265
LIGGEN,3.7271435,3.5634675
QOXNAU,2.4751477,2.5846207
SUNVED,3.0705328,2.6777022
BEZLOJ,3.654217,3.2036974
UMUGUE,3.0490358,2.9405875
JOHLUO,2.5722923,2.6110458
FIWGAU,3.159514,2.9423692
DIGSEU,2.7559693,2.2510371
MIXTIW,3.3037343,2.9517522
YIKVAQ,2.999239,2.4350903
BOSQOP,2.4996378,2.282724
MOTSAP,2.6207285,2.8608494
CASTUN,3.2223723,3.2654374
VIKPOW,3.3929877,4.4111333
XUZWOG,2.7837248,2.823545
QIJNOP,1.6092814,1.6296513
MEZRIU,3.3929877,3.422951
TEWQES,3.0169263,2.5601127
NADWOH,3.5883656,3.305887
UYUYEU,4.0256524,4.00476
JOPJAB,3.0906692,2.713349
NULMUD,3.0653627,2.829814
HIPHUJ,2.8384197,2.9432805
DOMSOP,2.9720275,2.6872463
SEQVOA,3.4909487,2.8970854
NIMWAK,3.374756,3.4682724
QAHTEA,3.4729893,2.9009764
REVBAW,3.9100041,3.5023367
OMISUY,1.9739139,2.421777
FAFBOE,2.7010021,2.451133
XIYKIZ,3.744831,2.9682014
OVOYII,2.5565097,2.5461214
FCACPD,3.2544818,3.2826927
QURNEW,1.6653368,1.1019795
XOVFIX,2.222082,2.485201
EZEVAG,3.0272667,3.383162
PEZWOH,3.2640057,2.9587545
VIFLEC,2.2367759,1.8798033
XADTUU,3.582379,3.9544182
JARWEF,3.6599314,3.3412735
ADUFIQ,1.9804447,2.2773361
MOCGEQ,3.6890476,3.929867
XICCOC,1.5681922,1.6420308
NETZOB,2.6427698,2.7106555
FIKCUY,3.0895808,2.4637449
MUSPEW,2.7287579,2.8419864
HEXHUP,2.7344723,2.7035842
UBOBAO,0.09796099,0.71348023
AKOTAW,2.8495765,2.7548606
SEWHAE,2.8884885,3.0579648
NOLDIE,4.114362,3.943101
DIVWUC,3.3573408,3.0319679
IBOBIL,3.03026,2.3632784
SOHTEQ,1.8435714,2.1804578
REXLOY,3.1970658,2.7356315
NONYIA,3.1611466,2.3896642
ASEGUB,2.8133852,2.6260114
QUSYOU,3.524963,3.9036436
FIRCIV,3.4705403,3.6335187
IXAFEU,4.3336854,4.1810045
MALHOW,3.2172022,3.382606
DAHNAD,3.1646843,2.9776306
EWUPIV,3.1513507,3.0550408
JUDTAF,3.5331264,3.2669032
EGOBAE,2.4193645,2.3988292
YAYDUA,2.7396424,2.6206923
QIWZAX,3.5407455,3.7373688
WIWNUO,3.8316352,3.633336
ODUDOI,2.3712,2.9340599
BAPCAW,3.5388408,3.520224
KITQUC,3.085771,3.0149972
PAWJAZ,4.170417,3.8207397
KIMPAZ,4.072184,3.447123
SINHIG,4.225656,3.1488626
GATSIG,3.2659106,3.1711645
PAYWOE,2.343989,2.5107377
WILBIE,2.5725644,2.3633134
BUNQEI,2.100175,2.4494572
CEVLEW,2.9167886,2.6571794
SEJXOW,2.7260368,2.8616319
JIPGEV,2.8675358,2.7492125
VIWCAG,3.835445,3.693214
QUFNIQ,3.843336,3.4249098
CODBUU,3.6626525,3.9353418
XUDNUF,2.2650757,2.1824465
KAJNEQ,2.021534,1.2164798
CUMTUB,2.4795015,2.4837348
NELQEC,1.7627536,1.9208697
UWUJIG,2.8710732,2.6806345
ZOYSUD,2.4865766,2.4410923
SIZTEC,2.7635884,2.616937
BIMSUO,3.0648184,2.8076026
NUKFOQ,3.7706819,3.4646716
NOSQAP,2.9554286,3.1018784
GATJOC,2.7673979,2.6456666
NECSIX,2.3192265,2.4891927
LEXGIF,3.2362502,3.9692764
FAYVEJ,3.568229,3.466735
OGILUM,2.8591003,2.2660887
QADJUC,3.8468738,3.894662
YIRXAB,2.0936441,2.1544385
JEGSOE,3.1265883,3.4017925
VUHFAH,2.8615494,2.5098398
VIDXOY,3.1752965,3.214797
CEZCER,3.9755836,3.7567527
MARZAJ,3.4163895,2.648162
DAFQEI,3.5287726,4.1041937
GEFWOG,3.0411446,2.7538373
OLIPIJ,4.0759935,3.4209857
LIHYOR,3.6199307,3.1230388
IPOQEL,3.0506685,2.5323174
TUMFAK,2.3769145,2.330251
QOSREW,1.6318668,1.7897855
PAFVAU,3.578025,3.3283763
TORBOT,1.6715955,2.3511543
TUSXOV,1.7842506,2.3418708
JISTAH,3.5551677,3.9210584
BINDIO,4.014768,3.4826505
XAWHUZ,3.3249593,2.8600771
YEGMUS,2.3910644,2.1396449
HAHGUU,2.4626305,2.3764417
WILBEZ,3.9796653,3.6015027
YIGVIT,3.4591115,3.115898
LERKAX,2.86291,2.6621284
ROJNEK,2.6879408,3.5294628
LESVOV,3.5826511,2.9961922
WEMMOQ,4.246337,3.5508003
RENKON,2.8444061,2.6750307
RIZKES,2.841685,2.6734686
PUWWOU,2.9788303,1.8863062
TOHGAB,1.918947,2.0590792
FOCZUS,2.3641253,2.2745986
ICOXIK,3.5236025,2.726821
NOFNOM,3.6052365,2.683601
AJOBEH,3.7557156,4.0954266
TAWJUY,3.7644231,3.1466737
KULFUS,3.314891,2.8652222
OTIYOH,0.5787862,1.121084
ROMQOB,1.1175716,-0.69599247
QALMEX,3.589182,3.549798
UGOGAZ,2.9663131,2.4822786
DAPZIF,2.5671222,2.0932598
SOMDUW,3.161419,3.0751622
KITGUS,2.7633162,2.382515
NOFYOY,4.197356,3.830035
KULGAZ,3.6939456,2.9508464
PASSEH,3.05856,3.5891175
PIHFUJ,2.8522975,3.1645188
WAPTOY,2.8920262,3.199653
KADQAH,4.3228006,3.7719512
BEPTEV,4.189465,3.904543
JOHMAV,2.1320121,2.2750635
CENYEB,3.3818312,3.2457876
ATEFEL,3.343463,3.2603536
MAVJID,0.88845176,1.4876266
NOVJOZ,3.1747525,3.5298865
SALCUF,2.6267152,2.6139128
ENEGIN,3.936127,3.2868986
EWORUD,4.4365444,4.574424
SUHYAV,4.014496,3.8716798
XATQIU,2.9127069,3.7125716
MABTIU,2.9075365,2.2222705
QOVRIC,2.9644084,2.5730655
HADSIO,1.8432993,1.8893818
GACLOM,3.121146,3.2063773
XENMIM,2.5478022,3.4761758
ONOXIA,3.0054977,3.203655
NIBTIB,2.4944677,2.7213688
TUMPEY,2.906176,2.5468318
MAXCIX,3.4743497,3.2355506
UWUJAY,2.3314717,2.2559292
DIXZOA,2.9173326,2.8806071
KUDTIN,2.8615494,3.8267794
MEFTEX,3.6509516,3.914955
FAHQAG,3.4193828,3.8402357
EQOYEO,1.3608414,1.6732888
HUMZUM,2.801412,2.8936253
TUWKIF,2.6411371,2.865764
QELTIK,3.81422,3.4160047
LAJNEQ,2.468617,2.6432328
WOGXAR,4.224568,3.8155694
DOMDEP,3.2980201,3.8697402
KAPZIL,2.576646,2.4710426
SINTUG,4.3938227,3.811407
ELENEO,3.2539375,3.2678325
RAYBIE,3.22591,3.127345
BAMBUM,3.4142127,3.944209
HIJJER,3.8514996,4.10308
MANXIL,4.117899,3.8865907
UDISOQ,3.0604646,2.8962727
WUPYOW,2.5159647,2.3958397
JIYVIY,3.3423746,3.0749118
VARPEL,2.5162368,2.3095045
RIWYIF,3.328769,3.3647497
LIXKUA,4.211778,4.0575643
XACXAB,2.4128337,2.183108
SONLOY,3.018015,2.7461452
NONSIU,0.81933486,1.7625014
EGECOI,3.1464527,2.6748621
UQUSIJ,2.5646732,2.5101125
INOGOI,2.490386,1.8190563
REFPUQ,3.0188313,2.263609
QUNDUY,3.1317585,3.4232283
CIRFAN,3.2917614,3.6444154
FOYPUG,2.7717519,2.8066027
WOJTAR,3.857214,3.711168
RERZEW,3.821839,3.5846572
MICFOT,3.4781594,3.8174875
TEGKOG,4.007693,3.6014662
UXILET,2.8299842,2.5614328
DOPGAR,3.7320416,3.8855243
TESZEZ,2.8101199,2.524329
COLFOY,3.317068,2.7907841
YALLUT,2.4286163,2.3508027
WEPVAR,3.228631,3.6867456
XIMQAO,2.5820885,2.6091492
QOZXAE,4.1709614,3.3753896
DAPBON,3.276523,3.5136888
SIGLOM,2.0226223,2.053559
RIFTOR,4.124158,3.3758042
TOQVOK,3.333939,3.3193521
VOFRIR,3.4289067,3.7206786
IKEZAB,2.1118758,2.8862586
MAJFIP,3.837894,2.956217
HIZJOS,2.6248102,2.62579
JOPHON,3.7078235,3.6657686
WEQDUS,3.3140748,3.2081811
BEPTAS,3.1086287,3.1879325
SONWOJ,3.388906,2.8304656
MOJMIJ,2.9488978,2.6520135
SEZVAW,2.6275315,2.4030578
OWEWAP,2.2784095,2.0353954
YOZMAC,3.352987,2.943227
RATQUA,3.2474067,2.973258
HAKQES,2.9597826,3.0585063
BUQCEW,3.1244113,3.9476657
YAFNAW,2.2038503,2.0564508
OTUBOW,3.020464,3.0151498
WAWKOU,3.101554,3.3162165
PITSUG,2.468617,2.1604898
IHOYUB,1.9793563,2.229497
NEDHIO,1.9809889,2.2713256
XUYYOF,2.9630477,3.4843588
BUPTEL,2.3929694,2.7861197
LUWYEH,3.8294585,3.6667616
FUNYUJ,3.0906692,3.1782172
BAXYIK,3.109173,2.509136
YIXROO,2.9303942,3.2304227
XAGYEK,3.8615677,3.8375435
MORLAH,3.13067,3.7274318
HECXAR,1.6517311,2.5863295
MOCFEQ,4.7135563,4.1632714
AVOZOC,2.8667195,2.6620457
LUBRUV,2.0326905,2.080868
RUKMAN,2.72005,2.3969407
NAVBIW,3.204413,2.7637997
ZOTDUH,2.8171947,3.1329691
HIKJAO,3.1366565,3.0106773
RIVMOY,3.6909525,3.4515097
GAKSIX,3.0490358,2.9610915
LASCUE,3.0936625,2.3253121
OPICEW,2.8405967,2.737843
GUNJUU,2.7695749,2.7289865
MOWSOH,3.2661827,2.932404
FITDIX,3.699388,3.3386626
ZEJBIC,2.5075293,1.9338973
HUHPUW,3.2977479,3.8918772
ADULAN,3.929052,3.5691247
IWAFOB,3.0569272,2.9772277
KIBLIS,3.1295815,2.8811896
YEHTEL,2.9361086,3.1791372
ECUROJ,2.7562413,2.7514675
VACGAI,4.941588,4.014797
HODMOC,3.9641547,3.73925
EPOMUS,2.8190997,2.7177448
SAGCEJ,2.7020907,2.5690415
ULIVES,2.2931035,2.0801525
GIKVOM,2.9788303,2.8406358
HUXCOU,2.9127069,3.3839078
ZEJJEF,3.9083714,3.6277266
TEHWAG,2.9589663,3.0205793
EFAPUW,3.591903,3.6078985
EJIMEQ,3.721157,3.885074
ZELFON,3.8302748,3.3895793
FASSIC,3.9546309,3.5641725
SIBSIF,3.2754345,2.8545356
QEWZIB,4.5630774,3.8072653
KIWGEE,2.9899871,3.5592842
HAGSAK,3.9448347,3.4004269
ASAQUH,3.3777494,3.205794
AZISIN,2.0930998,2.0219622
ACOWUM,3.7676885,3.5018988
LISCAR,4.118171,4.2044363
SOVBEM,3.5072756,3.6597908
PASSIL,3.0523012,3.587365
HAZCOD,3.6191144,3.3094542
NUXDER,3.2874076,3.3094032
RAJXUX,3.2063177,2.8394563
OWEVUI,1.8884702,1.957586
SIGHOG,5.011521,4.3951607
QEGQIC,3.4060493,3.3500361
TAPNOQ,3.2030523,2.9211285
COFPIY,3.1181529,2.699607
SUHGUY,2.8699849,2.333189
QEWFED,1.8492858,1.8144132
NEVBUN,3.6879592,3.4041414
PIYBIL,2.4245346,2.1743474
NICXAA,4.2267447,4.290702
OREYOA,3.5018332,3.2364361
MECDON,3.3978858,2.941294
JOQQIP,3.3981578,4.010143
XISQIZ,1.6963578,2.2754066
JAYZUH,3.3772051,3.6779385
MEFXIF,3.2147532,3.0775058
AFANEC,3.424281,3.3000596
UJOMAJ,2.8928425,2.4130998
KIRYAL,4.1315045,3.9116573
HUJBAP,2.492291,2.3031769
SAFMUK,3.3614225,3.4043772
OLABAG,3.1652284,2.4865987
ISUNIU,3.0678117,3.199007
QESPOT,2.3423562,2.287126
PEHNUN,2.3973231,2.7315567
BOSJUR,3.199787,3.3320284
GAKTEU,3.5962567,3.466661
BANMAF,3.869187,3.678513
OZOZOT,2.9565172,3.13215
HAMZUT,4.4106936,4.3437767
HAPWOK,3.2117598,3.669522
SIMBEX,3.4827852,3.0224013
HIPROO,2.9524355,2.3588028
QAFTEY,2.7478058,2.9211562
GOJQON,2.7265809,2.7120929
VAZNUG,3.403056,3.1037457
XAMNUV,4.0561295,4.177388
RUZCEV,3.6378903,3.6121736
IDUFOE,2.8332496,2.5251734
KAVFIZ,2.3883433,2.9391258
RETZUM,3.5611541,3.7977896
MAGQER,1.5213886,2.0665047
FOKDIU,3.0716212,2.85364
YARMUB,2.6239939,3.2400525
CEHXAP,3.1393776,3.378593
MAQDOZ,3.6988437,3.4473207
FAMYID,2.1785436,2.41943
DIFQER,2.5061686,2.7735558
IVAWAD,4.0433397,3.9834275
WOGSAO,1.9779956,2.3775983
CAQSAQ,2.607123,2.5422876
POYQEB,1.5502326,1.9456428
VUGDIM,3.802247,3.6152327
MUBYAL,2.9769256,2.8539658
GALLIR,3.802247,3.7340772
XUSYER,2.4890256,2.2740998
QIDWIJ,2.8577397,3.4860635
IGOVEG,3.567957,3.659738
VEYHEN,3.1671333,3.25453
QARWIS,2.1472504,2.1684172
QIGCIU,3.876534,4.1182775
KENTOO,3.2582915,3.6953356
GEKTIA,1.4321352,1.9864981
HERMEW,3.608502,3.4400866
QEDGIP,3.5227861,3.2557206
DOMDIT,3.1437314,3.5504224
ZIVZUB,2.1766388,1.9942341
DUPNEI,2.1622167,1.8049761
KIWFON,3.1034586,3.3546677
UVOSUU,4.068374,3.8743649
CASQES,3.169038,2.9215903
UJIDUO,2.5222235,2.9970143
FEWXEL,2.100719,2.8344886
YAPHEF,3.0884924,2.8247406
FAFCIZ,2.6090276,2.6502328
BOYXOD,2.8158343,3.2494872
SACHOT,3.0860434,3.0803914
WEFZAJ,2.9029107,3.1673048
KEVHID,3.7241504,3.3322256
SEVMAI,3.510813,3.6528807
WAQMEI,3.018015,2.9911823
KUMKIM,3.9274194,3.8716292
ECUSOK,2.7156963,2.831228
SODYUG,3.16414,2.693265
XUTSEK,2.9973342,2.6717393
ENUVEP,3.0574713,2.1792393
NAXREK,2.346438,2.4574437
WANDUM,3.0299878,2.7295346
FIRPAX,5.724459,4.648935
AKEBEX,4.256405,3.8068717
WECGET,4.3532777,3.9789386
XUQFEV,2.0375886,2.1694999
EPABED,2.9788303,2.96951
HAVPIE,2.9053597,3.2392197
BOKRUO,1.2530843,2.7396383
BOYKEH,2.8093035,2.9179516
VIKZEW,4.0093255,3.7585402
SOFNAC,3.759253,3.2097905
HALZAX,2.6876686,2.5158286
YIYDEQ,2.9309385,2.6878211
KEHNUI,4.61233,3.5745857
WEYGAJ,3.5554397,3.4993696
OBASER,2.6343343,2.5503836
PETCUM,2.432698,2.914559
OTOLAL,2.9350202,2.7933927
PRBXPD,3.7287762,2.9693027
LATNAV,0.16027507,1.998821
TUMZIM,2.9861774,2.993242
VOTYOU,2.2718787,2.213153
QEKTAE,3.362239,3.427322
RAZCOK,3.3206055,3.0064793
NOMZOG,3.1216903,2.819157
KULGIH,3.7527223,3.0809326
BUXGUY,3.4593835,2.473474
BEJKOQ,3.3728514,3.8563476
GELZAB,3.6474142,3.1555426
QASXIR,2.0316021,2.1574118
XUNNEA,3.6202028,3.4424148
FUFZEM,3.4553018,3.4694686
SOWQIF,3.4161174,2.5299506
WABHAL,3.0539339,4.125283
KIJSUS,3.0240014,2.8583992
QOSBIL,2.2068434,2.389791
BIWTEH,3.5606098,3.2317562
TEVPUG,3.7388444,3.4024088
EPUKUW,2.8716176,3.2004673
POYRAY,1.6601666,1.9176466
UDETOP,3.634897,3.038155
BUQCOF,2.057181,1.7944529
TURKIA,2.3143284,2.5301304
BAQSUJ,2.0495615,2.57743
WEDFUG,3.4631932,3.607468
EREQEY,3.529589,3.248326
CAYBAG,2.903455,2.6170037
PERVUD,3.1992426,3.4738498
YIJBAV,2.7777383,2.9627264
LOJNII,3.3957088,3.3279347
QOPWAT,4.6223984,4.3293552
QUDFEB,1.1940356,2.0031013
SEWZAV,3.4259136,4.2171597
FANJEM,3.429723,3.802092
FOQHID,2.9869938,2.9978256
WAHBIS,2.5401828,2.5757003
VODXOC,3.0729818,3.824244
MIYCEF,2.4275277,2.5827844
WEZQIB,2.7815478,2.6581774
MULYOH,3.496391,3.6272726
FAYYUA,3.465098,2.9284906
PADQIW,2.6215448,2.5587816
RATKII,2.2827632,2.0513802
MEPDAP,2.636239,2.7046375
LATYUB,2.024255,2.6170874
RUHSIY,2.5480742,2.8122618
TOQPEV,2.7801874,2.6478765
USUQOP,3.0427773,2.4333777
SADVUP,3.3211496,3.5925553
ZUXRIT,2.4348748,3.3734984
VORRAY,3.147813,2.9257743
FASSAU,3.9304125,3.8867686
FEYKAY,3.3399255,2.80659
RAZFUU,1.8152716,2.250778
FIMGAM,3.7674165,3.115427
VUDHUY,3.4324443,3.0379002
IGUCES,3.8710918,3.5585716
BAQHOR,3.2166579,3.4469292
PIZXON,4.077082,3.9068532
TISFUX,3.2329848,3.484619
EWESII,3.0054977,3.085931
PAQSEG,3.964971,3.5768797
BAQSUI,3.8392544,3.3646517
RONLOX,3.4237366,3.3814476
OWEXAQ,1.8501022,2.1209788
VANWAL,2.7442684,3.1596465
IRIYIS,3.5377524,3.0668938
FUVKOX,4.2272887,4.463526
VOWWAH,2.8702571,2.5370028
PEYWIB,2.5921566,2.668938
UHOGAA,3.8800716,3.104197
XIKKIO,2.681682,2.2178686
BODMUC,3.3135304,2.9634786
QUVJOI,3.1793783,3.4335063
CIVDER,4.24933,3.9900446
MATMID,3.4172058,3.7813983
WAVMAI,2.365758,2.1416001
IRAXOQ,3.1788342,2.9445035
YEMYUL,3.475166,3.2814891
WASVOC,3.5470042,2.7561438
WAWTUJ,3.8202064,2.9788039
FUNLEF,1.7034328,2.2313132
VALJOI,4.1715055,3.8645346
BUDDOU,1.4334959,1.7145456
CEWGUJ,3.8689148,3.7293315
SUJCIL,3.7475522,3.133573
YEMYOF,3.2966595,3.295544
ACUSAS,3.4392471,3.602316
RILKII,4.4485173,3.7481992
KAKCOQ,2.5173254,2.8355398
UXALOV,2.741003,3.130545
NUCFAU,2.3793635,3.0415337
YOZMEG,3.3567965,2.7590837
WOJSUK,3.7842875,3.6997862
IJIDEM,3.2980201,2.7047393
KAHLUC,1.2939014,1.0389905
LOFJIC,3.5423782,3.368578
CUKROR,2.788895,2.345615
QABSIY,3.1586976,2.9028795
LUCXAJ,2.557598,3.1583233
BIKROD,4.105382,4.12755
FEDDEA,2.2144625,2.6674762
BEJWUL,3.2844143,3.1029475
XATQUG,3.3684976,3.3347578
AGELIJ,4.171233,3.6685998
YILLUB,2.3954184,2.5713396
PAKLUL,3.9603453,4.001632
HEGZEA,2.7989633,2.7402759
QAQGEX,2.3360975,2.1400738
MUSWIG,2.1959589,2.395747
WOSJOD,3.7295926,3.82561
BERKAK,2.8721619,2.9181054
ABAZEK,3.7725866,3.3801556
XOZMUU,3.8338122,3.5684254
OSEHIF,1.9782678,2.1062262
DEXDAN,2.822909,2.9940987
CAMJIL,3.3184285,3.3364835
FEMSUM,2.8623657,2.6669989
IMULUZ,3.4667306,3.3442535
YOKWON,2.7053561,2.4983299
DIHQES,2.3499753,2.0754669
ZIHHED,1.6076487,1.9868876
GESFIV,3.5981617,3.7617235
XUNMOI,2.922775,3.0757275
WEVPIX,3.5831954,3.7824578
XACXEF,2.3747377,2.4684258
XAYPOF,4.057762,3.8044877
LEZYUM,4.6136904,4.221467
AJIFUU,3.295571,2.9648817
WOMREY,2.9576056,2.6917386
CEVLIA,2.8618214,2.8140717
ECUZEI,3.3323064,3.3403068
YIQSUO,3.6316316,3.6252928
YILDIH,3.0335252,3.2815833
GURMEM,2.3820848,2.3305907
QISHIK,3.1333911,2.7699432
REQSOX,3.3878176,3.5531194
HIWHED,1.8574492,2.2042181
YODYAS,4.2545004,3.6407714
OHUSOA,3.2852306,3.0128577
JIPCAM,3.6267335,3.418519
YEJMUW,2.4931073,2.5885956
LIJHUH,3.1676774,3.718753
SEHPIG,3.0689,2.58216
ADUKER,3.5570724,3.2288377
DUVSOC,2.5644011,2.8525856
DIBVOB,2.9233193,2.468379
YIBBEQ,2.0345953,2.1010187
VARSEN,3.266999,3.2176678
CEBTEL,2.1257534,1.8831187
FAVXUV,3.1333911,3.8791604
KAYCET,1.7616651,1.5212932
ZOHJAJ,2.8076708,1.66624
TEJZIT,2.8114805,2.8073204
KUVSUP,2.067521,1.981918
NAQDEP,1.0043722,1.4527984
JOFTIK,1.6065602,2.7441695
ODIHAK,4.5160017,4.233732
CEVDEO,3.0139332,3.5923886
MORKAH,2.2721508,2.2116451
VAGJOC,3.6623805,3.5314307
SUJCAD,3.3818312,3.060057
NOKGUR,2.1374543,2.098668
QOSHEM,4.0607553,3.5939069
WIDLAY,2.4441266,2.5996177
OGOTIP,3.3086324,3.1999407
IZACAO,2.9246798,2.7962425
DAQNEQ,3.212032,2.7284055
QEFWAZ,3.432172,2.9428806
RALVAD,3.5698617,3.6970923
FIMFIR,1.7382634,2.4917731
NOXTUR,2.5782788,3.3492532
YUMYAG,3.2822373,3.3628368
SEDCIO,2.4577324,2.2614245
QANBOX,1.6694186,2.3591933
WIDGUN,3.7921789,3.691831
SANCUF,3.2106714,3.0965781
JOWNAK,2.6710696,1.7496948
WUMJIY,3.8245604,3.727066
EKIROG,3.064002,2.8469594
PORNIU,3.0999212,2.8288174
KEPPEC,3.6065972,3.7467718
XIZYAJ,2.8193717,2.5820415
QAZHIL,2.6533823,2.5015976
QEHTAB,1.76357,1.8881338
PAFZUT,3.4027839,3.7856321
MOBSON,2.2876613,2.034623
QUTHIW,3.6052365,2.8112144
QIDSUS,2.2424903,2.364992
GOGLOE,3.2395155,3.3605986
VUPDOZ,2.9589663,2.9636104
HOPCUM,3.063458,2.825308
ZATROD,2.7048118,2.9572375
ASEBIK,3.73313,3.2170756
SASWUF,2.6057622,3.590047
VIYYOS,2.652838,3.5464165
WEFFEU,2.9246798,3.3362927
VUNMIC,3.0909414,3.2822719
PUVLEX,2.7350163,2.4227233
WIYNOJ,3.1967936,3.4145854
BOSTEK,4.8879814,4.023476
WUFCUV,2.5186858,2.366536
ULONEQ,2.0939162,2.0937371
JARCEK,2.9616873,2.590714
EPULIM,3.001416,2.8182354
CIJDII,2.6637225,2.397849
QUQVED,2.944272,2.5725546
IMALUD,1.4832927,3.4963033
GIQGUK,3.388634,3.4635754
SEVKUA,3.6120393,3.7970061
XUYXAQ,3.732858,3.757043
NAKRAV,3.1385612,2.892324
RAHXEF,2.6093,2.340658
BILNEQ,3.6855102,3.4489365
NORJAF,3.1078124,2.891241
PINLAB,2.3714724,2.5627944
ODOYEM,4.153002,3.9402273
JEWFEX,3.0310764,3.732504
IBEKUV,2.5314753,3.1948795
ZEFMEF,3.2378829,2.8834565
LUNRIX,3.618026,3.6482296
ECURUP,2.514332,2.2629056
SUXDUL,2.2933757,2.342619
DENRUK,3.5578887,3.4111612
KAHXOH,2.4786851,2.2531576
NIHGAO,3.2376108,2.5639515
VAJYIQ,4.0003457,3.905881
SANCAL,3.5889096,3.2266045
WODWIW,3.1981542,2.883579
LABHIG,2.6786888,2.5916796
XOPZEI,2.456644,2.6426105
ACALOI,3.964971,3.6950185
EWUPAN,3.1325748,3.093101
DIYPAD,3.3848243,3.6667798
YUQLIH,2.6433141,2.0583403
XUPKAV,2.6784167,2.9876935
NUBCOE,3.424553,3.0556808
DUSGUV,4.2090573,3.7407303
IJEYAZ,3.0093071,2.7455316
TEZWED,3.0988326,2.9712887
BEJWIZ,2.6988254,2.4825058
FOWKEH,3.5864606,3.2421744
QOVGEN,2.779099,2.791479
EWOKOQ,2.9497142,2.8737135
AGELAA,3.434349,3.3557515
LIYWUM,3.6430604,3.0305564
OFEGAJ,1.9222124,1.7478055
SALNEY,1.2797515,2.4154992
KIGSOJ,3.2082224,2.8720872
SEYJEM,3.102098,3.4369452
SEQTOY,4.1734104,3.7185023
KEXMAC,2.8297122,2.5306442
FOXFEF,3.3652322,3.2778864
ARAMOW,2.305893,2.378045
EYEXOV,2.4509296,2.5664966
TOPBAD,1.5532259,1.9987879
KAVBIV,3.243053,2.9190202
FANTEV,2.6433141,2.5352943
QUQXIJ,3.8588467,3.1798658
OQAGEU,2.1148689,1.9241328
KIFCOU,3.2030523,3.0742066
FIQTOQ,2.2901103,2.1301131
SEZVEA,2.6487563,2.4252214
MAHPIW,3.797621,3.161443
WUBNOW,2.5080736,2.5600567
LABJAA,3.293122,3.3760383
YAZJAK,3.5070035,2.3784227
OPEKAX,0.93062943,1.5602133
CIGJEK,3.0335252,2.732879
YEZPUQ,3.3736677,2.7129676
XOQTEE,1.0854622,2.9342053
OYAVAM,3.7500012,3.6257389
NANFIT,2.5154204,2.4260833
PARPAC,2.2969131,2.773794
XISQEV,1.6231592,2.226339
GERHOB,3.7197964,3.7128506
QOSHUC,3.7051024,3.6250627
HANRIZ,2.3907924,2.2673461
FUMTUD,3.1891744,3.2995205
CUWBAY,2.7826364,2.9992442
COFYUR,1.9774514,2.0712352
HOQQUB,3.6651015,3.1094923
XAKKOM,2.083848,2.5654714
ROGXUH,2.5208628,2.2605364
MARHEV,2.5752857,2.3920784
HEJWUO,2.6272593,3.0154307
LUBREF,1.5298241,2.0983868
LOGWEJ,3.6231961,2.9290679
HATTEB,4.139396,4.1578484
ITOZIB,3.5195208,3.6482732
QEGQOI,2.944272,3.2982612
YIYFOC,3.1246834,2.798917
GEXDEU,2.903999,2.490977
UBIHEU,2.7565134,2.8464515
IRIKAV,2.8305285,2.5698798
QABCOM,3.3573408,3.5713139
XAYRIB,3.0604646,3.523368
GOXGEH,4.127695,3.1728437
LOWVEY,4.0286455,3.582718
VUGDAE,4.4433475,3.8695564
FOGMEV,2.0656164,2.1543417
XUVQEK,3.1826437,3.145505
NONXUJ,3.2664547,3.2121902
JECQEO,3.3578851,3.3263035
FEQCOT,3.580202,3.9324636
CIXREH,2.219905,2.0365903
LURMIU,3.133119,2.5168726
WAVBEA,2.370656,2.917124
RAGHEM,2.1597676,2.3867693
OCIJOA,2.9918919,3.1932492
DUGTAB,3.4240088,3.2745402
AWUKIM,3.1097171,3.1807423
SOVFIT,2.200585,1.9550955
GAJMEK,1.1553955,2.2186625
JORLIN,2.8876724,2.4762108
DIDMUB,3.0033207,2.8099022
EQAJEN,3.2041407,2.6607172
JIFXOL,3.0365186,2.6555495
REBWIF,3.9516375,3.695079
FEZDIX,2.162489,2.1376758
DIRSIG,3.0144773,2.5276313
CUJYEL,2.8253582,3.2029288
LURSOI,2.738826,3.211109
QAMHAP,3.323871,3.3072128
SIHWOX,3.5927193,3.2787957
LEQPUU,2.9981506,3.6541643
APOFIW,2.0296974,2.064067
ELEBEE,3.1437314,2.852834
WAVLUB,3.4882276,2.3675945
EFIFAD,2.8291678,2.721983
EKURUZ,3.2283587,2.8455904
TEWLEP,2.9331152,2.6265554
LABMIL,1.0280461,1.462055
FURKUY,2.28494,2.0947347
TOFYAR,3.1864533,2.8487642
APICUY,2.7546086,2.5568972
NOQZEA,3.2294474,3.6923401
DEYJEX,2.392697,2.349678
QUPHAK,3.0599203,2.686398
MUSRIC,4.1023884,4.1285152
BIVPEE,3.7238781,3.2670975
LOXTEX,2.9532518,2.9630935
UVOSEE,4.134498,4.166893
LUYDEO,2.5992317,3.8323488
VAPYES,1.9031644,2.123341
QIDCAI,3.8555813,3.2579477
QIDBEL,2.9886265,3.1078327
LENJIX,3.4901323,2.6983132
NANFUF,2.5649452,2.4538085
XATRIV,3.491765,3.1625307
HIZLAE,3.4207435,3.5637202
SOGFOL,2.4563718,3.0598016
QOHWUH,2.8136573,2.4708607
RELWEL,3.5045545,3.316049
COCWOG,3.2297194,3.2874548
UFIYUG,3.1246834,3.1806035
BACYIO,3.2253656,2.9732056
TUPXEJ,2.3619483,2.558396
QOMKEJ,3.3987021,2.901949
ETUKIP,2.743724,2.4954038
LOKDIZ,2.3739214,2.3023283
DAPZAX,2.4607255,2.157827
QOLTOD,2.7233155,1.9218107
ZUKQUT,2.4022212,2.528247
REYJEL,3.329041,2.9758701
XATPAL,3.317068,3.655922
OJAHEM,3.0985606,2.7129998
XIVQID,3.1415546,2.6586614
WESZEA,2.1265697,2.4728272
YOXGIC,3.314619,3.3242118
WUHFUB,2.9859054,2.5329015
UPEBOI,3.450948,3.085848
KURSAR,3.233529,3.6577477
NEPPEF,2.9083529,2.7543943
LOFTIM,3.271897,2.3446186
IRASUP,3.4193828,3.4460185
FOQQAD,2.9355643,3.0180671
YIJFAY,3.4822412,3.4034133
WOGBOK,2.9412787,3.0099072
MOHROS,2.810392,2.730813
DAJPEK,3.1312141,2.0743876
YAWXEA,4.2555885,3.7451377
MORKIP,2.201129,2.3757854
BIVBOZ,2.8098478,2.7635765
KOBTAX,3.7940836,3.4709463
YAKCAP,4.065381,3.7448056
POYRIG,1.7137731,1.9586858
ZUGKOD,1.7164942,2.2429113
QIJMII,1.6715955,1.9013379
REDXUW,3.2963874,3.0038624
APUCIX,3.6988437,3.2457643
IYICID,0.9387928,1.5989472
WELSIS,3.0795126,3.1184263
ZUNGUK,4.1249743,3.7939425
KUYWOS,3.0985606,3.0557847
ZOMVIJ,3.778573,3.908481
ORUKOC,3.0414166,2.2144237
SEKKOK,2.9698508,3.1113102
DOJLAP,2.693383,2.439842
KEZWUI,4.1315045,3.661869
CUFLOE,1.9992205,1.8602898
COBWEW,3.897759,3.9130802
RANDAO,4.162254,3.3741882
PABQEP,2.86291,3.606288
MINFAT,3.6648295,3.7040415
KEVGOI,3.4955747,3.8714023
GOHPOI,2.076773,2.2224126
NEKZEK,2.1929655,2.1443768
LOSTUK,2.079222,2.1033607
DODYUQ,2.8335216,3.2771182
WECGOA,2.8411407,2.8554444
RAZKOU,1.4326795,1.9028807
OQEKAX,2.5328357,2.7125702
CIHVOF,4.615323,3.6509612
GAVMAU,3.6245565,3.0863879
WARGIF,2.7235878,3.6774967
BEZXEK,2.9214144,2.9670281
LOWVAU,3.8335402,3.4402857
XUBXUP,2.390248,2.3099887
VIQWOH,2.3616762,2.080687
TISGAE,3.32632,3.1323702
CUGGER,4.634643,3.786269
JOLBOD,2.7026348,2.4592497
GOXTUK,3.080601,2.9034111
HUBQUS,3.732858,3.3471646
QENLIF,3.3426466,3.3765593
WIKZEX,2.7970583,2.2872276
LEKRID,3.7388444,3.3546298
GUSSAP,1.6707791,1.896641
QEJSEG,1.7951351,2.0256643
ADEBUH,2.4512017,3.1063948
IXIYAQ,4.4795384,3.8382444
POWJIU,4.335318,3.984305
DOQTEJ,3.5959847,3.167529
IHOGES,3.104547,3.3920975
KIPBAP,2.411473,2.7197487
KIHQUN,2.5048082,2.3442116
TAJQIG,3.804968,3.4808836
BARCAA,4.237085,3.6078176
VOHRUI,3.627822,3.2939808
UPEFUS,3.1486294,3.2998483
WULKOD,3.5187044,3.6171665
LODGUG,2.8106642,2.6500356
JEWFIB,2.365758,3.0123186
ROGZAQ,2.9540682,2.963404
HERBAI,2.1799042,2.3579824
SOJZAT,2.5834491,2.7709641
PABYOG,2.9940689,2.3735247
TEPWAO,2.533652,2.076953
TABRAP,2.416371,2.5166192
ZOVWOY,3.1801946,3.1206734
ZIPDAF,3.1869977,3.9249287
MARNAU,3.565508,3.8411853
RINLAD,2.985361,2.524075
NORHEJ,2.669165,2.3835113
WUMKAR,3.3850965,3.6533196
WAHRAZ,4.0637484,3.5050302
FUMVAL,3.4471383,3.3456044
VETGOQ,2.3331044,2.2638342
FUDPAW,3.286047,3.151102
VIFVEL,3.5524464,3.647904
YIRSIE,3.159242,2.6758664
FIFHIM,3.085227,2.4649951
ACITUB,2.958422,2.6784124
VIYCAI,2.9429114,3.1202054
XAZGAJ,3.202236,2.8925335
HOHBAI,3.6797957,3.3843613
ACOBEA,2.2000406,2.4708495
LOLJUT,2.9513469,2.8270514
XIMVOF,3.006314,2.8115153
WEPRIU,3.4289067,3.1126785
OMAYEG,1.5826142,2.3828347
VIDSOR,3.8079615,3.5949838
PIJKOI,5.195742,4.149482
QEFTUQ,3.969597,3.7402012
KEBDAZ,2.5034475,2.3015187
OGOTUB,3.405233,3.2214231
TEGYUB,2.6008644,2.668918
BOYKEG,3.8656495,3.7970464
POTXIF,2.576374,2.5323153
SIYBIO,2.346982,1.8484895
WEMLEF,3.8294585,3.5910316
PIFPIF,3.0060418,3.145359
UNAWOV,3.475166,3.6624815
SITXOK,1.7154058,2.604601
HIXXER,2.7761056,2.4054997
XUSYIV,2.6365113,2.2349625
LUPBUU,3.3323064,2.9457743
NEMLUM,2.6084836,2.3192103
AGELOP,4.1910977,3.9713635
JAVMAX,2.7948816,2.3169909
KELFAJ,2.779371,1.8216833
HUHVEM,2.8400524,2.0832305
KIDSIA,3.5407455,3.3944285
LUYTUW,2.4985495,2.483645
IDOGOY,3.5761204,3.706085
EZOQUH,2.6125653,2.5447273
DAFQAE,3.515711,3.3689668
XANJUT,2.9986947,2.3040464
VABLUI,3.8708198,3.7257607
FERGAL,3.0601926,3.4103236
XOQROM,3.8449688,3.836547
WIKXIA,2.3578665,2.470367
ZEJKEG,3.7581646,3.4377804
HEZVAL,2.9725718,2.7990332
SODSIN,2.370656,2.1964643
BINDUA,3.1731198,2.6831634
JURGUY,2.4819505,2.5403228
XEFJAT,1.9314642,2.235355
QAGBOP,3.1559765,3.7434893
POMZID,2.5839932,2.2038386
DUHNEB,3.594624,3.6908267
VISLOZ,3.8626564,3.9372663
MEQSAF,1.9703765,2.8642027
IRIXUC,2.9706671,3.1297972
SEKPOP,4.228105,4.066638
AZAPUO,1.8269725,1.9096494
DIFBEB,3.4680912,2.126567
VIHVOZ,3.1845486,2.3874369
MAJBUX,2.8982847,2.4949594
EMAVUL,2.4770525,2.608529
DEPMAN,3.2016916,3.0289466
YEXCUA,3.3576128,3.637574
HAZLAW,2.865359,2.6120477
BIBTEN,2.69556,2.2544265
PAJYEE,3.171215,2.0877838
COBXEX,3.7766683,3.8856702
LURZIJ,3.2112157,3.0387218
GOHVIL,3.271897,2.9604828
LICQEW,2.9864497,2.8386335
WOVBEQ,3.527412,2.5455031
MEFTUN,3.3546197,3.074636
AMEJAD,4.2915077,4.1087503
COSJEB,1.4928167,1.7074925
QELDIU,3.4830575,3.2240424
DUJFET,3.6670065,3.0434165
VAPJAZ,2.6566477,2.7542574
CAXJIU,2.612021,2.3553386
FUQNAH,2.752704,2.930463
AZIKIF,2.874883,2.6156707
ELOCEO,3.2112157,3.1752524
RAGGUB,2.36603,2.1467767
MIVJUY,4.047966,3.8496907
LIYGIK,2.946993,3.2641482
FENSAU,2.588347,2.4827929
EPATUL,2.459093,2.1589856
MOGGOE,3.59925,3.417552
ENOHAS,3.0732539,2.9005709
JUFKUQ,2.7374654,3.0407069
LUQBUW,3.6038759,3.1470454
SEBHIR,2.0560923,2.490391
GOMYAI,2.8672638,2.8520925
HUKWUH,2.7241318,2.3948064
XUPSUW,3.3976138,3.3563683
TOTQEA,2.555149,2.2599
VUFZED,3.429451,3.289151
XUWGOL,1.7148615,2.449846
XENMUY,2.4188201,3.0298803
AVAMOA,3.4406078,2.4822922
DOMSUV,2.9431834,2.6195717
XIKMIQ,4.2871537,3.861436
SIXFIO,4.256677,3.7702522
HOYGAD,2.305893,2.262802
HIJVII,2.9086251,3.0962842
LAXHUQ,1.7932303,2.601392
XUSXEO,3.5815628,3.5613136
FTHBPD,3.2207396,2.348272
SABQAO,3.2569308,2.943568
JAJBIG,2.8109362,2.4453611
VIHKEE,2.3374581,2.546169
XIXDOY,3.2226446,2.8958695
ZIJMOX,4.0602107,3.5798483
YAXJUC,2.5622241,2.737205
NEKHIV,2.3614042,2.3832955
USUQIJ,3.2193792,2.888077
EYEDES,2.2340548,2.2117534
NAWWEQ,2.497461,2.2879725
DIGLUD,3.5494533,3.615919
ZELKAE,3.0596483,3.2363367
OWEWUJ,2.6729746,2.4141145
UGAFUF,3.324415,2.979503
NEHJAL,2.191605,2.2515035
SOTZEH,2.858012,2.2287598
MUSVOL,1.9532334,2.2621953
BIYCIX,3.2272704,3.0764678
KASNEY,2.9426394,2.8285904
IKOCIU,1.1880491,1.6501483
CMEPDA,3.2033243,3.8766358
MIFJAM,3.3230546,3.3177142
KAVFAR,2.6999137,3.0317888
FUFBUD,2.8215487,3.6456518
OQIKAB,2.6971927,2.521522
ITOZOH,4.1848392,4.202804
OJIKOI,3.0267224,2.8594406
EZEQUV,4.0308228,3.3760428
QIHLEA,2.6016808,2.679881
ZOSBAK,3.855037,3.5258005
ZIJLOW,3.3374765,3.5364413
TAJTEF,3.0672674,4.033746
EKUTIP,3.6857822,3.7780159
YEKHEC,3.2172022,3.1250973
OZOZIN,3.7347627,3.428657
CPHCOP,3.6890476,3.5665574
DUHFUI,1.703977,2.5758243
FIGNOZ,4.4297414,3.4801576
MISJEE,2.5728366,2.3262439
EWAGAM,1.9086066,2.2777195
WUDNEQ,2.5080736,2.2547965
NOYWAB,3.4947584,3.3120832
RIFWOV,2.8814137,2.204867
DAPYUQ,2.3257573,1.8609717
LEHLAO,2.6805937,2.5549924
UCUMOW,3.0169263,2.6975222
RIJDAR,2.7701192,2.673402
NOCCEP,1.1145784,1.6188035
ROLWAR,3.0367906,2.9542966
YOPZOS,3.317068,2.8367825
GERRIF,2.2857563,3.296147
XOZQUY,3.8672822,3.3897288
TAFPIA,3.7663279,3.335548
EGUDAM,3.0797846,2.1145163
OKENAU,4.5301514,4.4610405
HOQQOV,3.5859165,3.4362962
PIMTOW,2.4656236,2.1003444
QIBCAH,2.0762289,2.0215466
GOJPOM,3.1050913,2.819882
OJOLEF,2.8933866,3.0864782
PEKMAV,2.6642668,2.4906287
USEJOS,3.5176158,3.7201443
OGOLOM,2.9679458,3.3446448
RUZBUK,3.5812905,3.9248524
RERFUR,3.1752965,3.3606277
QAZXUM,1.1265514,1.930476
MARMUN,3.5758483,3.8122385
XUNLOI,3.2623732,2.935406
SOJNOV,3.324415,3.097031
LOQGUT,3.6871428,3.5570843
NIMYEO,2.9589663,2.6464918
YAFZAH,3.8340843,3.3897352
NEWXOE,3.5431945,3.7601938
OLUKUC,2.6705256,1.9955542
TIMMOR,3.62755,3.9575844
DULZOA,3.4670026,3.8018577
TUHJOV,2.977198,2.7397096
QUYHOJ,2.5023592,3.922439
XIGDAV,2.172557,2.3553798
FILHUE,3.204685,3.4985921
VIBDOA,2.8920262,2.767404
PIKCET,2.9951572,2.9200618
LUTJIT,3.4993842,3.0908134
KUHKUV,3.1788342,2.2052884
GOJQAZ,3.0939345,2.681574
HANQUK,2.2590892,2.7335265
REBWUR,3.8144922,3.6272454
KEFCOP,2.3507917,2.6476674
CIBKIJ,3.1633236,2.5247154
VUFZON,4.1304164,3.9986641
EGOGUE,2.9091692,3.2781978
ZOSRAD,1.8726876,1.8692663
CATBEG,1.8117341,2.983201
HEDGEF,2.36603,1.3475605
KUDJEZ,3.735035,3.5196137
MAMDIP,2.5624962,2.9953153
BAQSAO,2.9159722,2.7039495
BEPGUB,2.956245,3.3210053
ROLROB,2.411745,2.354417
XUZWIZ,2.7782826,2.606707
OGAYUQ,3.427002,3.6555417
YUHREY,3.5497253,2.6734276
NOJBOE,4.0517755,3.6859515
NAYNOS,2.8430457,3.5326047
RIFWEL,2.9459047,2.122619
NESJEB,2.0207176,2.105486
CAWLER,3.824016,3.427477
YOYBIY,2.6397765,1.9474607
SOQFOU,3.1298537,3.1653337
MELJUJ,2.8454947,2.7884681
EJOXUX,2.8278072,2.9372206
WOQBOU,3.9032013,3.569657
BORFOF,2.4631746,2.8752189
XODKUX,3.2267263,3.6833816
VUJPIB,3.429179,3.7835398
ECOKIT,3.5905423,2.969168
GURMAI,2.3311994,2.3202038
KUDTUZ,3.2117598,3.5066242
JERDIU,2.3546011,2.9281104
CIBKOP,2.5799115,2.1186776
HENWEC,1.2321316,1.9535756
KOJZEQ,3.0868597,3.4595685
CAGQEH,2.6830428,2.9585679
DANLOV,2.635967,2.6946604
SIGLAY,2.1135085,2.1136336
RIYGUB,3.424553,3.1024568
GIYSEO,3.4199271,2.825403
PANGUI,2.5682106,2.908199
IKONEB,3.3059113,3.6278694
NIGYOU,3.161963,3.248838
TEYHAH,2.8444061,2.1793966
IBIPOY,3.0465868,2.776328
PIFZAF,1.1581166,2.002884
NODCEQ,3.4430566,3.1705084
OHUTOB,3.300469,2.7192297
FEWZAL,3.7225177,3.9126685
VARYAO,3.7891855,3.5266902
ONEQII,2.384806,2.2185805
BAQZIF,2.124393,2.0120835
SINHUS,2.289566,2.4655383
VISQOD,2.6852195,2.9325163
VORSAW,2.7948816,2.325622
RUZGAW,3.5094526,3.8284934
FIRLIC,3.0525732,2.9302073
YUHNUK,3.2199233,3.7576408
QIGZIR,2.7056282,3.02987
CEPPAR,1.9529612,2.149153
JUJPIN,3.3358438,2.9497716
JESRAB,3.9524539,3.4572682
POCJEW,1.8667011,1.8073069
TIHFEX,2.4109287,2.3510737
WOPLUK,2.9382856,2.891042
LIDMIV,2.536101,2.0738792
RIVVIC,2.7439961,2.789085
COJBAF,1.2590709,2.1325717
ZEJQEM,2.7733846,2.8087707
SIJQIN,2.4060307,2.7578623
FENLAL,3.599522,3.394868
LICYIF,3.068628,2.3346963
VIPRAQ,2.6912062,2.5398235
NITNIO,3.9377596,3.5879357
KIWYIB,3.1551602,2.3872106
QUNXUT,2.8454947,2.5858738
SIBRIG,3.9293242,3.4679165
CAQQIV,3.1219623,2.556891
LETGIC,3.754355,3.2331612
DESJIX,2.9407346,2.9109242
NEGDUZ,2.9219587,3.7122867
LUTCEK,3.4397914,3.5419714
XIKGOO,2.6582804,3.2607927
YUYBID,4.024292,3.6650698
OLOPOV,2.5205908,2.0717154
LEQTAD,2.8468552,3.0770078
TURSUU,3.3214219,3.3401031
FONREF,1.0914487,2.3387327
WAJNOM,2.8544743,3.280363
XIZJEX,2.2122858,2.1832628
ZOMVOP,3.7195244,3.746994
QENMAY,3.7978933,3.2969925
SIXBOQ,3.2400599,3.2524884
BOSJIF,3.513262,3.909434
XONWAA,3.6642852,3.5632234
YELXIW,3.3875456,3.584281
UJEWIQ,2.6618178,2.5971088
HIHSAU,1.7665632,1.7375027
LITYOE,3.0675395,2.9865327
COYDIE,3.3891783,3.7056508
FOZQES,2.201129,2.3788562
IQAZIJ,3.2893124,2.8537304
RODNED,2.4346027,2.717815
DIFYIA,2.301539,2.1074455
MUVCOW,3.6310873,3.6074748
IKENOC,3.2509444,2.929487
IKIYEH,3.5793858,3.0312319
XOCDEZ,2.3837175,1.6933181
MAKJEQ,2.7344723,3.3811722
XEFTEI,3.2961152,3.0047653
QAYSIV,3.0645463,2.7498384
CAWNIY,3.3524427,2.9275365
ONEQUU,2.4833112,2.8254309
ZAQQAM,1.9959552,2.5205054
XALHIB,2.1763666,2.0291994
BOYKUW,3.7320416,4.058912
WUMZUZ,3.1445477,2.9321282
SEJXIQ,3.4732614,3.3857713
QUDDUP,2.217728,2.2744842
REFVUV,2.6087556,2.4732556
AHAWIP,2.6460352,2.4677958
MASNEB,2.2593615,2.7444732
YEJBOE,3.721157,3.3702583
SEJTIM,3.3510823,3.4035604
BOMQIG,3.7725866,3.4576697
YAMQOU,0.96627635,1.5308015
UBEJEQ,3.1763852,2.6123037
YEKSOZ,2.855835,2.9362917
XEJNEG,2.6395044,2.7986784
QUKQOE,3.5140784,3.42628
AJIHEH,3.2101274,2.9289312
IZIPAJ,3.9276915,3.7313278
GOJZIO,3.1059077,2.461084
KOMWAK,2.5725644,2.6905005
NIQKOO,2.898829,2.6940258
CUDBUA,1.6876502,1.5868995
GAZZAI,3.5769367,3.7573385
JISRIP,2.6495726,2.5983598
VAJYEM,4.408517,4.066519
YAHNON,3.4931257,3.7601638
YIFRAJ,2.6468515,2.9080415
FELPAP,3.2152975,3.3281362
VUBJOT,4.04851,4.312764
CAVBEH,3.3361158,3.1592755
EFODEI,2.7167847,2.929314
XADMOH,3.2128484,2.3161058
HOSPEK,2.4509296,2.0788124
GUGPON,2.9731162,2.5713913
VIQWIB,1.8767693,1.8513192
HIHGEL,3.4808805,3.605431
FUNPIO,2.189428,2.473642
LOQXIA,3.6699996,3.6250577
ITOPEO,3.7981653,3.190179
LUMSIW,4.0041556,3.6262755
QIVNUH,3.149718,2.9015157
KARWAD,3.7793894,3.5661395
FERQOJ,3.5461879,3.3432512
NEPDOB,3.3728514,2.9010983
UJUDAF,2.6917503,2.6974869
PORNEQ,3.4920373,3.159491
NEKXEJ,3.4465942,3.7305474
IJIMIX,3.4882276,2.8229182
BOYLEH,3.8920445,3.910275
CAWNOE,3.3801985,2.9711864
NUXLOJ,3.4825132,3.7104397
MIQVIU,2.2969131,2.6191494
GATJES,2.597871,2.6431117
UHECIU,2.946721,2.6069171
AQEVUN,3.6003385,3.231659
TEXSOG,4.6136904,4.379526
TIJCAT,4.0542245,3.3096194
NIJSIL,3.199787,3.1480975
COQNUT,3.8966706,3.3593934
FOXGII,3.1157038,2.8845131
FUMXER,3.5524464,3.2706008
IFEXOI,2.631341,2.2437649
VICDAO,2.912979,2.6140778
WECJAS,4.5878396,3.9111495
KADKIK,2.9698508,3.5241945
KEQWOS,3.6343527,3.2187312
WOYFOF,3.640067,3.25309
BUFVOP,2.270518,2.3449292
DEMGAG,3.4003348,3.5950708
AGEBOE,3.8961263,3.5071757
WAQLOR,2.557326,2.9029486
PEYWOH,2.6291642,2.7417116
KESVUC,3.1981542,2.7273088
YIYNEA,3.1897187,2.549499
XUSGEY,4.012319,3.9844036
KIPMOO,3.5113573,3.250679
BUXHEJ,3.773131,3.1351335
MOYDOV,3.5450995,3.1515434
NOKGUP,1.3719981,2.1159945
LEMQIE,3.0561109,3.3241153
NINWOW,0.305856,2.3692698
LAJTEW,3.0035927,3.0003195
EHAFAW,4.216676,3.8764334
DANLUB,3.164412,3.085398
TUPXIN,3.5431945,2.9691072
WEQFOO,4.0226593,3.6848638
UTEQAN,2.2958248,2.764088
ADUHAL,3.3559802,3.4020996
UKANEB,3.3687696,3.1359315
BAZLAS,3.1633236,3.2014477
TECLUK,3.0117562,3.0448647
QEGXAD,2.8237255,3.239298
YELMOS,3.2778835,3.184929
IKOCUH,2.861005,2.4660354
MOHRIM,2.798419,2.7040293
WAJGEV,3.597073,3.432663
LEVGUO,5.4760194,4.644107
CLBUPD,3.625373,3.8555062
KASNAU,3.1918957,3.1771505
DONYIR,2.6419535,2.315001
QELQED,4.0349045,3.9917321
QIWWID,3.8849697,3.720518
NAVBAO,2.3883433,2.4147396
OZOKIY,3.6934013,3.5249362
VALKEZ,3.46537,3.4913666
XEPFED,2.6781447,3.0836327
XARQIR,3.0580156,2.8523324
VILFUS,3.4425125,3.5861933
JORHON,2.5371897,3.1404757
FARCOS,2.8835907,3.280555
TAHSAX,4.3940945,3.9532256
EPOLOL,2.2517421,1.5335929
COFPET,3.2890403,2.7204838
MICJAM,2.062623,2.1088963
EBEWUD,2.0612626,2.132009
CAXZUX,2.8487601,2.6757162
PIBMUL,3.4634652,3.6926036
LIWPOW,2.4416776,2.26276
QACFAD,2.8993733,3.9264235
TEYXUQ,3.185637,3.0037065
OXETUI,2.8487601,2.256946
MOQMOW,3.4253693,3.2771993
EDEZOC,3.6215634,2.7628405
PATSIN,2.076501,2.0319989
HUFRUX,3.1010096,2.487633
EGAKAB,3.4299953,3.5303338
PAGYIH,3.1970658,3.3143022
RECKUG,3.6025155,3.7615666
JONCEU,2.9663131,3.0676572
ADEBAN,3.3385649,3.259408
UMAXAJ,2.8005958,2.3350277
IMIZEL,1.658534,1.879363
QOMKAF,3.2338011,3.2663722
WEZDIO,2.9652247,3.3164072
QOSHAI,4.117627,3.6333003
DUQVOC,3.962794,4.1161613
DAHXOB,2.987266,3.0743737
WECHAQ,3.9108205,3.4144773
XACRAW,2.7086215,2.453543
YIYKAT,2.2163675,2.1802766
HIHSOH,2.94917,2.8235884
EHANEH,2.7706633,3.0472317
KUDBES,3.0150216,3.126875
RUNDOT,2.8520255,2.569113
UBAYOL,2.167659,2.362251
ZAXFAH,3.1535275,2.7704892
GAFRIO,3.066451,2.3434916
LUMSAO,3.0435936,3.079389
NATXEM,4.782401,4.065024
IJIMET,2.9703948,2.9435213
HUVFUA,3.185909,3.3323882
ZEZTAZ,3.5576167,3.6802077
XIZSAA,3.2776115,3.2107973
TERREN,2.1956868,2.7677302
ZALNEI,3.0074024,2.9152603
ZINJIR,3.1750245,3.0617375
CIVPUU,1.4117267,1.9397447
FUMXIV,3.7649674,3.3363972
PERWIU,2.442494,2.591082
JEFJIO,3.4667306,3.406607
POKSIS,2.6895735,2.473534
WEXGAJ,3.4261856,3.0327203
KOWHEJ,3.6221075,3.5900834
IRISUZ,3.8653774,3.652647
NASLEB,3.6550333,3.5378823
OZUJAV,2.884679,3.773786
IMUMAG,3.553807,3.276746
HIHSIB,2.941551,3.1057863
RALDAK,3.9094598,4.2310305
NOZHUH,3.0093071,2.8247786
OHAKUD,2.4076633,2.5091574
KEHMEQ,3.2136648,3.456035
YUJBOV,2.475692,1.9721446
WUSDOE,2.3124237,2.362606
VIFJOL,2.7978747,2.5722601
KAJXOL,3.2169302,3.2083454
CAGNUU,2.999511,2.9098284
YAMFIC,3.293394,3.0644822
XOTVOR,2.2087483,2.3403916
GUSRUI,1.909423,2.0020194
PIXROE,3.0748866,3.3179119
ATATUL,2.1145968,1.8522995
FOLLUN,3.5211535,3.1443205
PICTAY,2.6441305,2.9326205
KIKMID,4.755734,3.9497375
IMEQIA,4.1146336,3.9263644
OSUVAB,4.1287837,3.6954358
OLOHIH,2.495284,2.5705025
KEVTOX,3.6117673,3.1879933
HAKQOC,4.679542,4.1184297
FIQMAW,3.3037343,2.6646936
LEQSOQ,2.9605987,3.2727058
WEXPEV,2.8444061,3.1919305
POBNOK,3.5886376,3.0655413
HAZHOH,2.7924325,2.5252786
UWOXOV,4.000618,3.792453
CETXOP,4.155723,3.9587326
REVWAR,3.8014307,3.3121908
BOHWUT,2.7924325,2.7100046
KEHWEA,2.944816,2.6575866
ZIVKUN,2.1015353,2.8814113
HIPSAB,3.4136684,3.1908
SIFBUG,2.9064481,3.0070117
GARRAU,2.5630405,2.272539
LASPAX,2.3257573,2.5271707
LEQSEG,3.1064517,3.7580812
OQACOZ,2.6101162,3.409834
ZEJPUB,2.6512053,2.604673
FUBVUU,3.3973415,3.4745975
RALTAZ,4.265113,4.073603
ABIDIB,3.2327127,4.0064564
EQEMOD,3.4142127,3.2676156
OWEJEH,1.653908,1.708143
YOLMOC,2.5162368,3.5579057
BEKBAX,2.2558239,2.1299834
BEVMAS,3.0226407,3.3394842
VAGNOH,3.101826,3.4017043
BIQYEI,3.9279635,3.3230906
SUXQUZ,3.142371,3.3769274
XAJBUF,3.4014232,2.5398088
MOYWIG,2.3186822,2.1005645
OPALOI,1.6832963,2.287436
XACCUB,3.133119,2.7748463
KUXYUX,4.404163,3.7957811
WOYYIU,4.016401,3.7408273
BUCQUM,3.9856517,3.507227
YEKSEP,2.8808694,2.943959
NUXMEA,3.3878176,3.4524345
NEZRAM,2.8974683,2.469882
CNSBZP,1.397849,1.2322929
RIWZUU,3.2196512,2.6140037
ZOHJIR,3.8340843,3.5807505
AHAWOV,2.5385501,2.491679
YEZPIE,2.8623657,2.8252332
QAKTAX,3.061553,2.566296
JICBEF,2.4291604,2.27771
EDIGUV,3.4180222,2.8880017
SODYOA,2.9235914,2.7264812
LUMRAN,4.0041556,3.6776597
ZILNOZ,2.8193717,2.6874998
EWUNOZ,3.2517607,2.9894512
DIFTES,3.8863301,3.9595802
DANMAI,2.387527,2.176243
ZUCYOL,2.9483538,2.9703918
FAFBUK,2.5298426,2.8235273
MEMHUH,4.404435,3.9999313
WOCYOE,3.8846974,4.3800306
JAXCUJ,3.8038797,4.003089
GIQHAR,3.281149,3.3288114
LAMVIE,4.5987244,3.3171935
EKIYAZ,3.5331264,3.5643597
UVOLUO,2.7807317,2.2111259
FANQIV,4.2060637,4.1823735
ESUPIR,3.1913514,3.5792813
NIWVIY,3.06373,3.4456272
OJEWEF,2.5529723,2.6974137
VUHCAD,4.229466,4.099198
YANCIB,1.6383976,2.23352
YIQXUR,3.1252277,2.5540147
ZEWBIO,2.8471274,2.4263065
QEGXEF,2.9516191,2.9057477
OBOCUF,2.487937,1.730925
FICQUF,2.9867218,3.3045802
TAJYOU,3.1075404,3.2412174
YEZTEC,4.6991343,4.2636633
BOCPAL,3.4319,3.46539
SOVFOZ,2.5635848,2.0635927
SOLXUO,2.9105299,2.8229532
GANGAE,3.209855,3.6201777
EWANIB,2.5948777,2.3879251
MAWRIM,2.7439961,2.5440996
BOCPUF,3.188086,2.8334856
OWEVES,2.1099708,1.8634242
NOFSOQ,2.7331116,2.6731818
KAFDON,2.987538,2.6956053
NETYOB,3.8936772,3.902966
EDUJEU,4.6768208,4.1524086
AJOYAB,3.0406003,2.923697
FISTUY,3.348089,3.3307312
BODTEU,2.8354263,3.153685
SUQXOR,3.7393887,3.8010552
BOFDEI,3.1461804,2.5784512
WAKGAT,3.0357022,2.4052289
DUQVIW,3.3538034,3.4488947
XIWCEM,3.3429189,3.2145357
WOYFIZ,2.9820957,2.806703
COTMAZ,4.1954517,4.083776
FIZJEE,2.975293,3.053883
NASHAT,3.5603378,3.9422455
ODISIG,3.7845595,4.403673
AWIHIZ,2.9859054,2.669695
YAVCEE,3.393532,3.0505805
VAPSEM,3.4286346,3.4261975
RIWYOL,3.5987058,3.3695602
YEZSOL,2.0237107,2.133397
MUZRAA,4.139668,3.9452324
BIDGOM,1.931192,2.6727538
KESNUU,1.6305063,2.1391416
WECHUK,4.990568,4.122776
IJOHOF,2.549979,2.520411
MIGFAK,4.381305,4.0038757
XANHUR,3.0025043,2.3033261
WEXDIO,2.7537923,2.5959911
GIXTUE,2.346438,2.1744576
CEPRAR,3.388634,3.0543532
HOLTAD,1.5545865,1.2754338
CERZUW,2.9105299,3.2869165
OVURAA,3.121418,3.0294068
BIKRAP,4.019666,4.191929
PIJMUR,1.694453,2.2293515
IFIGAI,2.7399144,2.4263895
BENVOH,3.6879592,3.2710521
FUGWIP,2.3480706,2.7808797
YATZIE,2.7899835,2.0595999
CUDHOZ,2.7178733,2.2246685
ATODIY,2.2174559,2.158692
ESOTEM,1.6767656,2.1653345
EHORUP,3.6044202,3.4878411
KIWFAY,4.1135454,3.8303442
PIKJAW,2.3173215,2.1255352
NUCDIA,3.575304,3.1200957
IFIJAK,2.5216792,2.3766768
JUPNIT,3.1733918,2.9535904
MEGGUB,2.9978783,2.729769
GAJREP,3.656394,3.487705
OKEMOH,3.0574713,3.71528
NOLGUR,3.3118978,2.9905434
YAZKIU,2.698281,2.9459956
RUHBEC,3.4014232,3.321858
ZATMEM,3.3663206,4.130891
XIXZUA,3.2204676,3.0596523
ACUCAD,2.0473847,2.1777277
HOYHEI,3.969597,3.542948
QOVPOG,1.7358143,0.98606193
RAPQEG,3.0125725,2.9922655
BOFHUB,2.2193606,2.8915854
OHALEO,2.6343343,2.9069183
OKEMUN,3.8125873,3.8853412
YOSJUM,3.4068656,3.3538055
WEYGAK,1.4988031,2.131487
NOWWIH,1.6030228,3.2920542
PIJNAY,2.0258877,2.0357652
MILWOT,3.3010132,2.8410997
DAGFEW,3.5004728,3.0825615
JEFJOU,4.271099,3.7716377
DEVNOI,3.7799337,4.3891263
FANREU,2.7970583,2.7415752
ZEVMOF,3.176113,2.545605
DUYBOO,3.505915,3.5472057
BOGZUT,2.234599,1.5535144
KEHKAK,3.9108205,4.1132874
CONFIX,1.2500911,1.7180172
UWOYAI,4.0033393,3.7936013
CUQVUG,3.8879628,3.3822227
CADGIA,3.283598,2.65209
MITFUR,2.6427698,2.6217577
YOSWOU,2.822365,2.4730053
YEGCIX,3.2748904,2.906176
GOCVAX,2.977742,2.7472417
EWAVAZ,4.248786,4.173777
CISYUZ,3.7010207,3.7997923
LIYZIF,3.3429189,3.2276204
YOMNUK,3.2735298,2.7114604
LOSTIY,3.4384308,3.2949805
IGAWOD,2.9244077,3.0054595
TUVXAJ,3.6471422,3.0665147
WOCYIY,3.8909562,4.1935673
XAQFAW,3.0792406,2.3552616
EFIHUW,2.860461,3.6490111
KEFXEB,4.073272,3.9417021
LUMRUH,2.9407346,2.9336276
WUKGOA,3.352987,3.0939639
TARSUB,4.176676,3.5476997
IWOJEK,2.712159,2.3404932
KAWGOF,3.520337,3.7975173
NISLIM,3.2950268,2.995482
NIGVOO,3.267271,3.4130611
MOYQIC,3.0958395,3.2480872
BAPDAY,3.0740702,3.1550677
WOTZUC,3.0476754,2.672702
ETESUR,3.5674129,3.4401011
ADEQAC,3.5015612,3.604811
OREDEV,2.7208664,2.9877899
QACFIL,3.2035966,3.7241786
DUFZEL,2.9127069,2.8234649
LONFOM,2.6585524,2.7453487
LAYWOY,3.1967936,2.4942534
VISXAY,3.5717666,3.8092477
DPMCPD,3.1606026,2.9906447
YILDED,3.03026,3.2860434
KICTAT,3.190263,3.3452647
PERWUG,2.4008605,2.5980258
BOMWAC,3.6534007,4.095663
YABMEV,2.8122969,2.6386595
CEJYAT,2.757874,2.504032
AYARIB,3.2373385,3.15103
UHOGEE,3.5878212,3.3662734
XAHTEF,3.6055086,3.5061076
UFIBOD,3.7725866,3.132919
QIWCOP,3.434077,3.0261755
MEQROS,3.5314937,3.5451007
AGEKON,2.917605,2.7823422
CAQTIY,0.20952767,0.6191795
SOTWOO,2.9170606,2.6951807
BUJFIW,3.5954404,3.649173
TUYPIM,3.1102614,3.3229136
UKULAN,3.3235986,3.3147151
OHONEF,3.9584403,3.9304059
SUVSEI,3.3676813,3.805234
NIQKUW,2.968218,2.3288069
ONOWEV,3.2006032,2.7524734
XUNMIC,3.9891891,3.5735583
VOZSAE,2.8588283,2.279645
XAVXUP,2.4871206,2.3017607
VAJHEU,2.557326,2.3157308
YIWPAX,3.04958,2.689645
DEQJOB,2.839236,2.5658321
YIDDUL,3.1099894,2.9404976
VUXDOH,2.1752782,2.0904465
LADZIA,2.5252166,2.1766982
CIKBUW,3.9412973,3.9956765
IWEMEE,4.717094,3.8902328
LUXFER,3.6977553,2.849802
SEWTEU,1.4873744,1.3857087
EBUJOD,2.5918846,2.9440298
FOGCIN,5.5620074,4.134741
YEBPAY,3.635169,3.269976
IYEVUE,2.8705292,2.971954
LEMQOK,2.887128,2.9143243
KEGYOM,3.7652395,3.2518904
MEDVIA,3.477071,3.3897862
MEZQUF,3.1312141,3.30839
COBWOG,3.838438,3.8871741
SEKCUI,3.4060493,3.186188
MEGHOY,1.1744435,2.2570553
NOYCAH,1.8936404,1.5357463
ZUZKIQ,2.9499865,2.3997002
KIJJET,2.2713344,1.8239243
YAKXIU,3.0874038,3.1958919
ITIDUL,3.0027764,2.6718602
ITOCUQ,2.2343268,2.9821026
DIBKEF,3.1366565,2.372711
IDAMEF,2.710254,3.2954063
AMALOR,3.2294474,3.544106
YAKYUE,3.620747,4.275945
KAMBIM,3.242509,3.7004933
RAMRED,3.5402014,3.3757973
IMAKOX,4.3581758,4.1207166
MILMAW,2.4778688,2.3082237
ZEMTUJ,3.0629137,2.8463998
NATBOZ,3.1352959,3.5037854
DEGQOX,1.9584035,1.9482703
HOXKAG,2.3981395,2.6683998
XAYGEM,2.7693028,2.9354649
XOTHOF,3.1312141,3.149814
PAXGEB,1.8751366,1.9846835
LIQVUD,3.7943556,2.9678483
CUNMON,2.000037,2.0309868
KIHNAQ,4.2335477,3.630297
UNOPUK,2.7965143,2.8435519
DODQAQ,2.8337939,2.7598922
BOBLEM,3.1603303,3.4972706
GAKSOD,3.556528,3.4411166
BODWIA,4.1404843,3.8067782
IVUFAG,2.2446673,2.2574024
OFEROI,3.998169,3.5967655
NOVJUF,2.7426357,3.2585783
WIVKEU,3.5116293,2.9152782
PIFCEN,2.5586867,2.1476665
MELRIH,3.2612846,2.7853708
XAGYOU,3.6408834,3.6618776
HICPUE,3.1440036,3.347617
MAQDIT,3.7793894,3.3666701
FIJDOT,3.149718,3.1590137
YATPOB,2.2419462,2.0105164
CUQBOH,3.2166579,2.9752083
CEPXOM,2.4291604,2.4212148
LITYEU,3.0199196,2.8750546
LUJCEY,3.1611466,3.0706258
CAXKOE,3.3894503,3.3707504
HOYLUC,3.1254997,3.1389754
KITZES,2.287117,2.0121255
RATQIO,3.3255036,2.8170972
MEFXOL,2.5469859,3.169905
KEVHOJ,3.7442868,3.182817
IVISEN,2.2754161,2.2062383
EJUWIQ,3.8531322,3.6596303
RAMKEY,2.8971963,2.708087
OCEPEU,3.4612882,3.831342
TUHJIP,3.068628,2.7196074
HEPNUM,2.1573186,3.4573069
VIMFOO,2.6389601,2.2186878
VEYTUP,3.4370701,3.7471647
JOPKAC,3.2555702,3.13765
FUBVII,2.473243,2.600049
APUCET,3.7442868,3.404067
DAXZEI,2.9557009,3.472012
KEHMUG,3.474894,3.7198706
TEXSEW,4.2798066,4.3944244
XAQDUO,3.1344795,2.4524531
NABDOK,2.2928314,2.5387478
MUKBID,2.5181417,2.749334
DAGNOP,2.444671,3.109645
NIJSOR,2.4996378,3.480007
QODZIS,2.9407346,2.8323634
QAHBUX,2.7622278,3.064163
PEFQAS,2.8784204,2.929832
BEPGOV,3.4403355,3.391538
XAGGAP,3.2471347,2.572056
OXAGEA,2.495284,2.7452793
ZIHGEE,3.0362465,2.655336
KUFJEB,3.42673,3.0876346
YARLUA,2.917605,3.8330522
QEHYAD,1.1094083,2.38644
ROSQIB,2.1799042,2.5660634
TIRCEF,2.2928314,2.2881017
GICTIX,3.4816968,3.678368
TEXCAA,2.7230434,2.783477
VEVCOQ,4.675188,4.2381883
BUPMOQ,2.0326905,2.1020827
VETTOG,1.9545939,2.0013254
HOKSIL,2.243579,2.2353773
NIJHEW,2.1453457,2.4065034
KEMMIZ,3.797077,3.8065257
HEGZOI,2.607395,3.1606417
OFATUK,3.2188349,3.439117
XIQYAA,3.2789721,3.4287689
FESBEL,2.7322953,2.4620724
TITFIN,2.9214144,2.372169
MUNPEQ,3.1010096,3.276213
WAJFOC,2.9263124,3.0140526
JEFJUA,2.7110703,3.6681795
CEZVAF,4.167696,4.1537094
HULBOF,3.3763888,3.4958003
XAYHIR,3.4041445,3.1954677
GULPEJ,0.95539176,1.5986172
FAJGED,3.3442793,2.911701
CABLAU,1.9769073,1.7916068
SUXBAO,2.234599,2.2151675
BIFZEX,3.5663242,3.1928844
PIJQII,2.2196329,2.2522202
WACMUJ,1.3105004,2.0695503
RERFIF,3.8479621,3.7976046
VOVDIV,3.1140711,2.638182
ULONAM,3.2014196,2.2804198
CABMOJ,1.38125,1.8629793
NAKZUX,3.1298537,3.653519
FELQIY,3.5072756,3.068903
EPAVIB,2.865631,2.5526223
KEHHOU,3.107268,3.6297848
DUZWUQ,2.944272,2.7975974
BIKRUJ,3.6261892,3.6208298
OKOFOJ,3.101554,3.287797
REDYIL,3.0966558,2.6192589
INELOD,3.8719082,3.9608333
LAXKAW,3.4008791,3.2692492
LUQVOK,2.8974683,2.3616788
BUWPEP,2.5135157,2.8193145
ALUXAI,2.7611394,2.2933204
BETJES,3.2011476,2.8849614
WABGUE,3.228903,3.981047
ZELWIW,3.1080844,3.2567337
NONNEK,3.7336743,3.529347
UYEKIU,2.7799153,2.5145772
PIXRUK,2.9186933,3.0210028
RIDZUZ,2.9948852,3.0242262
EPOLIF,2.4084797,2.1392279
XELDIE,3.2963874,3.16036
GASPAT,3.3184285,3.2574537
DIXZUG,3.857486,3.2541106
LUMTAP,2.9113462,2.9005
JOZMIU,1.7649305,2.020822
BEHQIO,3.8272815,3.5098977
IKEZEF,1.9741861,2.5526397
PEPJEA,2.7105262,3.3124108
XUFHAI,2.9894428,2.6377895
QOSVUQ,2.9973342,2.836791
CODYAY,3.3538034,3.4402728
FAJVIX,2.3818126,2.5325847
NUYYIR,3.4577508,3.8635466
BICWER,2.8542023,2.494719
HABQAF,3.317068,3.4707642
WODZUN,2.9532518,3.0307043
TOMYIG,2.4718823,1.972089
JUJGUQ,3.3540754,2.9387383
OKOGIE,3.4514923,2.8548565
SEVLAH,3.8076892,3.9250515
NICPAT,2.574197,2.7160158
KUYMUO,3.59408,3.2486827
PERMUX,2.9222307,2.2683
SEVKOU,3.6795237,3.6666923
OYATUE,3.639523,4.028038
KUKGON,4.811245,4.4410963
NURTEA,3.8158526,3.7730443
TIVVEB,3.1010096,2.564581
LIDMES,2.7010021,2.6719763
FANWEX,3.3976138,2.7498329
KEVPEI,2.449841,2.2523465
FISWOV,3.0335252,3.1976843
POQKAH,2.693111,2.9229662
IYUTAX,4.231915,3.9233522
WUTYOA,2.8577397,2.3920798
BINBUW,3.200059,3.0100343
AFILUX,3.8098662,3.628066
UHINAB,3.7508175,3.729961
KESLEC,2.5537887,2.4558535
WATFUU,3.3415582,3.0385168
XUZWEW,3.068628,2.9742095
JOFYOT,3.9769442,3.6720724
ABAFUF,3.1372008,3.2508898
LOMNOQ,3.0482194,3.139607
TOMCAZ,3.1323028,2.4507983
BELMIQ,3.7206128,3.1610374
OWEVOC,1.8530954,1.9495921
ELEKOV,2.4514737,2.7681663
INELIX,4.0142236,3.8320491
ELELAI,2.6971927,2.9538906
VOHQUH,3.6844218,3.1596615
WUMJUK,3.4789758,3.6518774
OPOQOA,3.1894467,3.0096295
WUCXUP,3.7578924,3.0776043
BUBKAL,3.4928536,3.519448
LEDTUK,3.006858,3.6926491
COCWUM,3.2327127,3.2817352
VUCZOJ,3.9731345,3.5854821
TUGPAN,4.2931404,4.179351
UDETAB,3.6215634,3.093495
SADVOJ,2.922503,3.7194805
DEBLIG,2.368207,2.1632185
DELRIW,2.1551418,2.1617334
GAJNAH,2.7224991,2.7145648
QASHOI,2.9102578,3.0912428
ACXMPD,3.6117673,3.336783
GIJNOD,2.557598,2.907549
JOHZUC,2.7777383,3.035441
DURTUH,3.5570724,3.7927876
IWUFAJ,3.1652284,2.5123737
MOBSIH,2.2805862,2.060073
VEDQUQ,3.5758483,3.7132957
ZEKKIL,2.243851,2.2563572
REDVAA,3.2397876,3.3341491
FANTIZ,3.022913,2.6076107
XUSYAM,3.3540754,2.7983205
HOHNID,2.5608635,2.4097395
KITBIZ,3.068628,2.844618
TESBEZ,3.3973415,3.4195924
OXAHAX,2.9927082,3.1336057
HEHWUO,3.39843,3.3009188
SIQWOF,3.0022323,3.0835767
OPEREH,3.8509555,3.3295639
FOTBAR,3.6270056,3.7140846
DIYBAP,3.5698617,2.752238
PITZOI,2.8710732,2.7806327
QEMFIY,3.6248288,3.267819
TUJTUO,2.8914819,2.8820212
FAWVAA,3.145092,3.0380044
KEGYEC,3.7320416,3.273478
BITREE,3.3069997,3.5866892
VIWZIK,2.530387,2.9548738
LEXDEY,3.2052293,2.607806
LIYZUR,3.0893087,2.996997
DUXNIT,2.6974647,2.6563632
CEHJIL,3.6332643,4.021257
GONPUU,2.6215448,2.411501
QAMHUJ,3.3246872,3.021299
ZELFUT,3.372035,3.6933975
EWOSUE,2.7641325,2.867459
YADLOE,3.898031,4.1602364
TERCUQ,3.7143543,3.5588603
LAFQOY,4.0071487,3.57077
KATREE,2.9244077,2.7177901
EVEROM,2.1728292,2.1588297
POYSED,1.7034328,2.0944972
SOTBUY,2.4095683,2.2161703
YOYBAQ,2.6585524,2.3714979
SARSUB,2.7034512,2.4340448
REDTUS,3.3753004,3.0939908
QEWGOQ,3.4378865,3.2041085
WEHLIH,2.7276692,2.1844645
PIGZEM,3.0680838,2.8351495
MEFYAZ,2.8267188,2.7364206
MUVTAA,1.4043796,1.8630905
LIDLER,3.4517643,3.410801
QEPHAU,0.13251945,1.9525387
JOPJEF,3.0503964,2.5433183
LUTCIO,3.3921714,3.6104658
XAGYUA,3.677891,3.5658348
WEMZIZ,3.943202,3.769344
KIFYAC,3.8694592,2.9345996
LIHMAT,3.159514,3.8453171
FISKUN,0.1627241,3.3654451
XAZCUX,3.531766,3.1959083
VUKDUC,2.8166506,2.9322646
IMEHAJ,2.9782863,2.672279
SOJNAH,2.824814,2.6523519
NIKKUP,3.720885,3.1426249
FIWFUN,3.1918957,3.4626777
YOFZID,2.5562377,2.5044093
KENPAV,3.2849586,3.8588414
WATGEF,3.3850965,2.7484043
YIMFEG,1.969288,2.3748982
QEZFOT,3.0561109,3.0413196
ICOXEG,3.331218,2.7050495
KIKMEZ,3.0629137,2.2491279
ROMRAO,0.52327496,-1.2510343
ZIWTAD,3.6890476,3.4177175
FIFJIO,2.3069813,2.3492594
ODUCUM,2.3641253,2.4753454
POSDAD,3.4090424,3.5879934
IWAFAN,2.8879445,2.8718967
FAJROX,2.3287504,3.7279186
LOPVAO,2.5018148,2.668623
WEQFEE,4.0904155,3.5213706
EXIYUF,2.25147,2.0982232
OLANUL,3.8123152,3.8877826
AZIFIY,4.1500087,4.4385448
WANYIT,3.594624,3.301118
UGILIF,3.6716323,3.795122
BELZIB,0.19782677,2.656926
DUGTEF,2.5058966,2.6845956
JUCCIV,2.937197,2.5328398
IRETIK,1.7744545,1.7226967
YEMCEZ,4.143478,3.970405
VIHZET,2.9565172,2.8895416
KEBDED,3.2555702,2.8412762
REBGEK,4.2316427,3.597591
NESJAX,2.1350055,2.1168597
NOWLEQ,3.3159795,4.0339775
MARZUD,3.3908107,3.03322
ECOLEQ,4.0765376,3.8511858
ESEHIT,3.7475522,3.8288412
DOKZEK,4.2289214,3.9374204
LEGKEO,3.672993,3.780555
KICSUM,3.3551638,3.6087503
RONLUD,3.4191108,3.3619733
QEXRAP,3.3499937,2.7466
MAJCOQ,3.46537,3.77877
TOMCED,2.384806,2.4680943
MILWUZ,3.1826437,2.784145
CORTIO,4.381305,4.412079
FONRAB,2.9075365,2.6501718
AJIYAU,3.0974722,3.1785192
LOYKUF,2.3331044,2.582354
XISQUL,2.2522864,2.549319
BUJDEQ,3.6506796,3.6849601
WEYVIH,3.8792553,3.8108966
REBMER,3.431628,3.1824193
PUXQUU,3.5042822,3.2598073
PIYBEH,2.4607255,2.2048674
WEXSOK,2.3581388,2.5280638
ZICJEA,3.209583,3.1449745
DENSAR,3.59408,3.7665534
NOHLIG,2.430249,2.8927355
HIJWOP,1.9135047,2.5418339
NONWES,3.1222343,4.334057
YOXFUN,3.5554397,3.2766395
COFPEU,3.2468626,2.7082345
AFAJAT,1.9681996,1.8279094
AZOYET,2.9162443,3.3417504
MERCAN,2.3080697,2.1518357
ADUFOW,2.8680801,2.5217466
MEBFII,4.155723,3.993034
VOSPAW,2.9546123,2.930215
AMBUPD,3.290945,3.6457522
IQIRIK,3.283326,3.1746705
ELOBUD,2.9078088,3.4899642
DONJAS,3.1750245,3.2875714
OKOHAX,2.7382817,2.9463925
QUSDUF,1.5173069,1.3338052
VALJUO,4.2974944,3.8610868
SAMBAM,2.877332,2.4689424
ECUCIR,3.1774735,3.0752761
NONZAS,4.1268787,3.9886928
YEJTOX,3.1527112,3.1398473
JOJPII,3.8147643,3.581349
EYIWOZ,3.7075515,3.1740654
RATQOU,3.245502,3.003529
KAJXEB,3.2174742,3.1902652
XIGCUO,2.1350055,2.331068
PORPES,3.8387103,3.7068477
NIDSAV,2.5638568,2.2929773
UQEPUD,3.0054977,3.285657
NOBJOE,2.7154243,2.571675
CINVOM,2.8882165,3.778214
HACWUF,4.2310987,4.4392986
DOHZEH,3.374484,3.0671902
MOBSED,2.3295667,2.162758
YIYJUM,2.1026237,2.0403838
XEQWIZ,3.0536618,3.2600176
EZEGIZ,1.3164868,1.7835736
CUGNEY,3.3905387,3.405859
REPQEJ,2.203578,2.1151843
DEQBAC,3.1097171,3.178321
QUJSEU,2.466168,1.8461865
NONWUK,3.9464674,3.4348664
WIWFEN,2.7834527,3.2448788
TEYYAX,3.7845595,3.516646
WEMLEG,3.3965251,2.9220808
IYITEQ,2.3170495,2.2272878
EMAZEX,3.7742193,3.5936394
XITLUH,3.111622,2.9596367
ACOWIA,3.699388,3.4151368
LURTAV,3.0498521,3.3007689
EJUKAX,2.253647,2.1226385
ULUSEA,2.9883544,2.5047448
YEZMUN,3.32632,2.553683
ADUKIV,3.9799373,3.4527628
WUJQOJ,2.6419535,2.344022
POJKAC,3.1274047,2.688366
CEVLOG,2.8552907,2.486808
CUGPUR,3.2789721,3.5767026
OJIKIC,2.8131132,2.4727073
HEXJOL,2.4808621,2.4648724
POKSEO,3.3157074,2.7898514
LIQNAC,3.9032013,3.4472752
QATFIC,2.6735187,2.8595421
LIJTEG,2.9605987,2.7064695
GEGYAS,3.101554,2.6274765
QUHFEF,2.4261672,2.722409
ZIHFON,3.393532,3.4690356
XAHQUS,2.1861627,2.0360317
IDIMIT,3.2294474,3.3824139
POVLUI,2.1671147,3.5824227
MIRNUW,1.7298279,1.5558373
BOXYUJ,2.373377,2.3706822
DIHJOV,2.2256193,2.0305724
UVADOM,4.6327386,3.55446
UVOTEF,4.427837,3.611617
SOJNEL,3.1627793,3.0932863
BERLOC,2.495012,2.2278423
JICBIJ,2.3502474,2.3007722
WUMBAI,2.5224955,2.1740096
NEVCEY,3.7603414,3.618087
POQKIP,2.8098478,2.966348
UJEWEM,2.762772,2.7745128
EROGOH,3.701837,4.1155148
CUDFOY,2.9325712,2.4457881
XADSUR,3.372035,3.3554263
NAYNAE,3.816125,3.6059084
RONPOZ,3.51816,3.2952533
KOBPAT,2.6514776,2.6438212
XUMJIY,3.0033207,2.8763423
TOPYAZ,4.000074,3.6332362
YIXKIA,3.123867,3.5802922
GENYAB,2.6887572,2.843602
CAQZEA,2.9429114,3.0454926
QOFFIA,1.8623472,1.8545252
XEKFEZ,3.8272815,3.4806068
ZETTEZ,2.4182758,2.1945238
VIGZER,3.7676885,3.3648756
MOHGAR,4.5902886,3.9966486
FOMVUB,2.8577397,2.347364
IHUHAV,2.8218207,3.2838364
ODUDIC,2.8811417,3.3102198
SIWFAG,2.9499865,2.840125
BICVUG,2.633246,2.2711105
QIDTAZ,2.1516044,2.3220901
CASWAV,2.690662,2.7357552
XELSOX,2.4846716,3.4728322
AGAPOO,2.4033096,2.3424375
SIVTOI,3.3736677,3.1396754
UGUXOK,2.9053597,3.0448391
UVOXIN,3.042505,2.808855
LUYTAC,2.3472543,2.0985172
TIWRIB,2.289838,1.9826405
FEVQUU,3.7510896,4.1979814
KATRII,2.693111,2.3793297
DIYNAD,1.8198975,1.7857486
CECCOD,3.7875528,3.3957767
AMUNAZ,3.3129864,3.1326423
JEWMEE,3.2370665,3.5235662
PAKJIU,2.9284894,2.6324515
JOJJOJ,3.013661,2.6989298
TIHQUY,3.6055086,3.2037187
JIKNEW,4.7189984,4.252715
IVAMID,3.1625073,3.0797231
FEXDER,4.1086473,3.590921
DIFVEU,3.5467322,3.2452896
RUHNEP,2.6419535,2.35003
XONQOH,4.3608966,3.8114295
ECOPEU,3.39843,3.079841
FIGNUF,4.0210266,3.2761853
LATZAI,2.6555593,2.5537858
KABROV,3.3807425,3.031578
RERJON,3.219107,2.8476865
HOKTIN,2.805766,2.664288
LESHUM,3.4280903,3.3816848
QENLOL,3.3380208,3.3672268
EJAQOW,3.317068,3.4056969
BIBZAO,2.5641289,2.4032066
IVUFEK,3.7704096,3.238468
GACLIG,3.0501242,2.9254255
NEWXUK,3.1633236,3.4923544
ACIVOA,3.924154,4.0050373
JOQYEW,2.6618178,2.3065186
DIVVAH,3.204413,2.6214192
NOTDIJ,3.2359781,3.202872
XIXSAY,3.0708048,3.2596798
RATQAG,3.2468626,2.968994
LEBVIX,4.028918,4.0367484
YIFLAD,2.5276656,2.6150427
GUQFEF,3.128493,2.3784795
QAWQEN,3.1064517,3.0885048
NIVRER,3.0914855,2.6668386
BOKREY,2.8484879,2.6138725
NEMYAH,1.3339021,2.887577
OPASAA,2.0438473,2.1416907
GIVVUD,3.9236097,3.5321906
HINCOX,3.2250936,3.739466
RAPHOH,4.1116405,4.0406733
YATPEQ,1.9744582,1.8355708
SOYVUY,4.283072,4.2053165
QUFDUS,3.0751588,2.923685
QULMEP,3.8174853,3.628988
XATQAM,3.4117637,3.273591
LIJGAM,3.838438,4.065277
XOZNIJ,3.8305469,3.7922137
GIYTEP,2.5325637,2.473773
MEHHEP,3.2634616,3.394662
JIYRIS,4.303753,3.683058
EHOKIW,2.1254814,1.4072472
UYOCIV,3.4161174,3.4571018
YIWBUC,3.4525807,3.4398508
FUMVEP,3.066451,3.0417442
WEGQIL,3.16414,3.3440707
XONRIC,3.3973415,3.2970743
LIQNEG,3.2041407,2.8163548
FUFMUQ,3.0074024,2.6060426
WOGNOV,4.237901,3.7001948
ZIMFUY,2.801412,2.7103245
ADBPPD,3.778301,3.4386196
OVETAL,3.881432,3.3884163
JOJMEC,2.8599167,3.2460825
VOGCID,2.6917503,2.1556056
TUXRUZ,3.2362502,3.376045
DUHYUA,0.363272,2.3185613
IPORAI,3.1154315,2.5650246
LERQUV,2.6990974,2.793734
WEPYUO,3.694762,2.928922
MAKCIN,3.5932636,3.6080694
QIZJAM,3.242781,3.5391614
IWEFUM,3.976672,3.7051501
QOXXAD,2.843862,2.288221
FIQLID,3.1089008,2.5383372
JABDIA,2.820188,2.9730453
NEZCUS,3.5440109,3.1596205
EMOJAR,3.5736713,3.4714048
ZUJDOX,3.0155659,3.4368293
YEDJEY,4.134226,3.5872982
QOPVEW,4.795735,4.7995872
RAFMOD,3.9200723,3.7821186
RIFTIJ,3.5984337,3.9276047
SIWCAD,3.0737982,2.5290768
CEHTIV,3.3467283,3.9726982
FOTTUF,3.7440147,3.3668349
GAJMIO,1.0555297,1.9017675
TUDSIV,3.8438804,4.077652
OHENIA,3.295571,3.6787755
NOYTOM,3.3165238,3.168943
CIGCED,2.5630405,2.5313659
YEDKEZ,4.425388,3.6889763
GAPMOZ,2.9135232,2.4772694
QAHCUY,4.246881,4.24767
RANTIK,3.0580156,2.8158212
NOBGIV,2.3758261,3.112359
XOSZIP,2.3371859,2.575715
ZOLHOZ,2.958694,2.8829308
CIVCOA,3.6626525,3.4294157
AFUSOJ,3.4041445,3.5850885
OJAGOV,3.0362465,2.5749228
ULEPUW,4.8262115,3.6756454
TEQHOO,2.7263088,3.3116634
YUQSIO,3.9298685,2.967009
NURKEQ,3.4261856,3.1490653
WETLOX,4.094497,4.099971
LUTBUZ,3.391627,3.5698135
UYESUO,3.8901398,3.4240081
NEWHED,3.128493,3.2039845
PIVNOZ,1.8362243,2.3330572
UMOZEC,3.192984,2.9947047
NARDAN,3.018287,2.6377451
SOFBOG,3.243053,3.1714704
MIDPOE,2.4726987,3.1739106
HAXXIN,3.8868744,3.8635316
TURKEW,2.3641253,2.6190143
RAZJOT,2.633518,2.2433457
IGOSUS,1.8109177,1.8315505
DIZYAN,2.9837284,2.827536
PEVKAF,1.797312,2.3364296
OXAFEZ,2.2424903,2.8173823
UHECOA,3.7774847,3.8429651
JUHWIS,3.2125762,3.2283206
KOPSUD,2.595422,2.3455281
VAJYAI,4.7886596,4.5720987
UQUFIW,2.736377,2.606937
FUHSOS,3.856942,3.74913
NIHVUY,2.9733882,3.068869
URUGUK,3.8825207,3.7699804
BDPAPD,3.145364,2.6090102
IGUVOW,3.16414,3.1308715
LULXOF,2.172285,2.3712943
VIDXUE,3.1222343,3.090446
EYEDIW,2.1758225,2.0906513
MUTSIF,2.621817,2.7124696
NAFTOF,2.54753,2.762634
NAMNIY,2.2454836,2.146296
MAQHAN,1.89745,2.0707953
EZEQIJ,3.9641547,3.5224762
RINWUI,3.469724,3.7851295
JEFJEK,3.560882,3.4067242
IDOSAX,3.2623732,3.2137582
TOQQAS,2.7739286,2.5757675
OXETOC,3.1086287,2.7984226
WIGZER,3.1467247,3.550028
DUWNUF,2.4767804,1.7749944
XEQQIV,2.186435,2.1379597
RIRMIR,3.3587015,2.680178
EHAQAI,4.151097,3.9961894
CIJROE,2.9086251,2.6899066
XOHGEG,2.150788,2.1825936
YEMCID,4.1097355,3.9744277
BETBIN,2.788895,2.7004068
XATLOV,2.9641364,2.0761337
XIYLOG,3.2708087,3.243104
XICTAE,3.1295815,2.8498166
JAQKIV,3.4542134,3.2104893
MIVREQ,3.458295,3.5415611
YODXUL,4.091232,3.6560988
QOYZUZ,3.2855027,3.2218354
ECULOE,3.4841459,3.7177463
REXMOZ,2.8786926,3.0671718
MIKKEY,1.7347258,2.0467134
LIQNIK,3.6221075,3.2581897
BOJRUO,3.6460536,3.1631718
IZIXUM,2.581,2.171325
ODOXUB,3.8204787,3.5975862
WEHLAZ,1.2441046,2.3846216
CAVBIL,3.2397876,3.2459443
IWUFIR,2.9358366,2.561089
TATKIJ,3.534759,3.4222002
ZUQXAM,1.6871059,1.7740533
LEKMEU,3.2689037,3.4770894
KELREZ,2.2770488,2.192277
BETBOT,2.8038611,2.6369596
XOFCED,3.4455056,3.3009932
GUKBOF,3.2942104,2.671637
UNEXOC,3.551358,3.5474925
LEQREH,2.3423562,1.631735
CEBNON,2.024255,2.1266859
IZACES,2.8427734,2.5326178
NOTQIY,5.092611,4.85266
FUNPUZ,3.5050986,3.9542985
WIDGIB,3.3608782,3.2414823
MILDUH,2.0438473,2.7063699
ZIHVUH,3.9614336,4.1862307
OZOHAN,2.944272,2.7098916
EGUFES,2.1910608,1.7979906
BUQBIZ,3.2904007,4.0091124
ODASER,2.2408576,2.1636584
XIRWEC,3.8114989,3.795967
KIPYOX,2.0544596,2.8016226
ODIHIS,4.200894,3.9222324
FETNEZ,3.634897,3.272651
FOXFAA,3.763879,3.615733
HEXJUR,2.841413,2.866094
CACKIA,3.4182944,3.7725623
LALXED,2.083848,2.761465
EQISAY,3.1992426,3.2837422
CIFCAW,3.4210155,3.3525712
BOYRIR,4.2278333,3.9915917
XELVEP,3.6455095,3.839786
YAZNAQ,3.264278,3.1871
KAPWIK,2.9535239,3.2142544
WUMJOE,3.3551638,3.5722575
WORDIQ,3.527412,3.281845
GELYUU,3.489316,3.3237696
PUDPAF,4.1219807,3.7808971
FECWOA,2.7325673,2.4596133
BAWBEI,2.5350127,2.2567658
BUJKUN,2.655015,2.369541
WUHCUY,4.3247056,3.5815792
COCXEX,3.1812832,3.1945474
NOMHUU,3.276523,4.0428114
EFIVAQ,2.977742,2.6828797
EWAMAQ,2.325213,2.4363983
FIVNEE,3.4784315,3.4079204
WUPDIU,3.3965251,3.0202985
TUJQEU,2.423174,2.1026244
RASMAB,2.736377,2.8766615
PAYXEV,3.1097171,2.7651792
YANKUU,2.8052218,2.0352588
SEKKUQ,4.2811675,3.898222
TEWZOK,1.99786,2.0743055
QAHDEJ,2.920598,3.0817719
AGUKAP,2.4555554,2.1091857
XIVGOB,2.348887,2.68377
HENRIB,3.1777456,3.6404188
OKAQAU,3.9249704,3.4891405
MAWSAH,3.7793894,3.618245
SEDKIV,4.574778,4.2578235
UCAHUE,2.5793674,2.2753625
FAJREN,3.2338011,4.0011873
ISUHUZ,1.0114472,1.434836
QELQON,3.9015687,3.4675357
JABLII,3.5434668,3.3232627
ZICLUS,3.6838775,3.3716052
WICGIZ,3.1344795,3.319374
ENOXAH,3.8158526,3.4455297
KAJGAE,3.202508,3.1995459
GOHVOR,3.321966,3.103192
TEZZOO,3.3380208,3.3912885
WUFQUK,3.2297194,2.954179
QEHXUW,1.8775856,2.1903567
RATNUX,3.1910794,3.3335066
YOYKOM,2.4726987,2.1368191
SUHGIM,2.2150068,2.2430797
XUPSUY,2.9856334,2.7143333
TUJTIB,3.2308078,3.407686
KIBXIE,2.3986838,2.0160527
VAPSIQ,3.427002,3.4239316
CEJJOQ,3.429451,3.236878
MILJIB,3.4648259,3.4836097
IHOLUN,2.6639948,2.7171712
XEKJOM,3.06373,2.5302901
POJPEK,2.6403208,3.3084054
NUZLAW,2.858012,2.7052183
TERCIE,3.4849622,3.9511108
MORSOB,3.6095903,3.7269359
WUGDOR,0.1844932,2.3455648
UVOTAB,4.275997,3.903787
DOBCAB,2.356506,2.0681484
PUXYIS,2.6068509,2.6020746
KACMUZ,3.247679,3.170706
TIJQOS,2.2754161,2.9956477
IWALID,1.8762251,1.8502555
ESIHUJ,2.5083456,1.5019058
YOYKUS,2.4098403,2.1672418
VEXHIR,3.6365297,3.322575
MUZREE,3.4327164,3.4457617
NOBGER,2.9284894,2.7886267
KAJWIE,3.2155695,3.2040145
KIRDEX,1.6830243,2.228676
BODWEW,4.065925,3.6973557
IVAMAV,2.6890292,2.4450955
YEMZEY,3.5788414,3.9857545
JEFJAG,3.8721802,3.2954879
PEJMOG,4.0493264,4.870591
OKAKIU,3.128765,3.4623296
ECEXOA,2.696104,2.5976267
KADGOM,3.004137,2.758418
VAPJED,3.0000553,2.8142846
HIMFUE,2.9641364,3.0172868
BUJDIU,3.4694517,3.4774308
ZOZFAX,2.6024969,2.7056677
XOSYEK,2.8650868,2.709052
UMITAM,4.5755944,4.1348352
QADJEM,3.8898678,3.8265088
ADULIV,4.074633,3.7671983
POJFEZ,3.7317696,3.4707289
IHOFAN,2.9241357,2.7195346
ESISEG,3.037607,2.8505006
ZANFOJ,3.7094562,3.729512
XULQOK,3.6719046,3.4254153
GAGBUO,3.3957088,3.541533
FICJOT,2.6969204,2.5513735
BERBEH,3.307544,3.2648118
DASMIV,2.4912024,2.3474753
AKEBIB,3.9619777,3.6253843
GUNDAV,3.42673,3.1078744
POFDAR,3.493942,2.879054
EHUFUJ,1.9600362,1.1775444
VANFOH,2.5083456,2.4835002
HUJZAO,4.244432,4.1310687
BADBIS,3.0933905,2.9826412
BEWYOT,2.5042639,2.3523
SACQOD,2.0114658,2.2578418
TEHSUX,2.3366418,2.280985
FASPAT,3.2487674,2.6097465
LESNED,2.2158232,2.1990001
QICGOY,3.9157186,3.5734005
NOWXOM,3.0596483,2.7274668
YUNTEI,3.7222455,3.0805385
AGUFOZ,3.4324443,3.7155166
TIMMUX,3.608502,3.8198721
GIPDEQ,2.6563754,2.389733
WUWCUM,3.2509444,3.3561594
CAKVOC,3.157065,3.375644
NUFVUG,2.5352848,2.4175332
WUWHUT,3.4754384,3.3430882
XOQTAA,1.9306479,3.032346
OCEPOE,3.2057734,3.3088434
JICCAC,2.2759604,2.368278
IPIREF,3.7587087,3.3974814
FEWWOU,3.8689148,3.6714916
JIYBEZ,2.208204,2.2719982
EDUREC,3.0623693,2.8688662
IZOGOV,4.1592603,4.4229803
PULKAI,2.9325712,2.54571
YEFREH,3.0384233,2.9202757
CIYBAO,2.7837248,2.347649
HABFAU,3.6120393,3.8492708
COFVOJ,3.183188,2.528323
HIZJUY,2.8144736,2.5605273
CECJUQ,4.5086546,4.114229
IGUXEN,4.0305505,3.8892498
BOTHUQ,3.591903,2.7447095
DOPYUC,2.576646,3.036435
EJOGOA,3.2030523,3.6703944
LAWPIL,1.8318706,2.202921
DESDOX,3.0226407,3.076531
HIQVEK,2.7371933,2.7636476
MAWYOZ,2.1502438,3.1149642
LIJLEV,1.754046,2.277357
DAVZOQ,3.0528455,2.9894967
KIHKUJ,3.369858,3.1942484
GOMTEK,3.1984262,3.488666
HAHTAO,3.8651054,3.7162554
WOMHIP,4.351645,3.8069072
IKENUI,2.8680801,2.5631528
KEGYAY,3.7418377,3.131906
LOGRUU,3.2223723,3.0407803
CEHJEH,3.9015687,4.311559
CILFOV,2.8065825,2.7144706
MEVDOG,2.8359706,2.404492
BOXMEH,2.9331152,2.7826931
QODKUS,2.9959736,2.6097763
MALTID,3.6090462,2.5866485
DUGHAQ,2.4795015,2.8803647
OXUZEN,2.7445405,2.821639
LINNAY,3.9353106,3.8408499
IMEHIR,2.9431834,2.7091343
CFPYPD,3.448771,3.1361644
XICDUK,2.32739,2.2038927
BOBSEQ,3.7524502,3.466013
HONKIF,3.288224,3.3405893
CAQSEU,2.715152,2.5484126
HEXHOJ,3.0623693,2.699499
AVOBOE,4.61233,4.035294
LURTEZ,2.884679,3.244648
JARWIJ,2.6645389,2.6706896
QUMMES,4.5252533,3.8088417
OFEGEN,1.9037086,1.8737966
PORPAO,3.5597935,3.0631135
IPOQIP,3.142915,2.7611966
NOYCEL,1.9015317,1.8350897
FOTWES,2.475964,2.0990644
LUGTAI,3.802791,3.9637904
OHUTAN,3.2487674,2.7908359
KUGVAL,2.43297,3.0176136
ZEHBIZ,3.1657727,3.045294
QEZRAP,2.9094415,2.4678168
ODOWOV,3.725783,3.3328185
HIGHEN,2.7491663,2.4666288
JEVWUD,2.9908035,3.444869
QEQXOA,3.4969351,2.9793575
LUQXEB,1.7164942,2.162489
LUXZAG,2.9742045,3.2201562
LOFTOS,3.0814173,2.3950186
ZOYRIQ,2.5771904,2.715646
GUTXID,2.4288883,2.0149868
XUPTEJ,2.9646804,2.675744
WUVSOX,3.429451,3.4180453
XUWGUR,2.2264357,3.1721597
BAXYEG,3.0808733,2.54596
KIJJUJ,2.5295706,2.0622897
XUYPOW,2.4465756,2.4996395
LUCWOW,4.1206203,3.4391894
HUYBEI,3.6689112,3.0445259
WAJFIW,2.4694333,2.8027537
ABIWUE,1.928471,2.1070755
UCUSIX,3.1733918,2.866847
WEQYAV,3.5723107,3.355873
FANQOD,3.6411555,3.259353
JOMTUD,3.656122,3.8203416
GUFCAL,2.8120246,2.3837235
QASJIE,3.6735373,3.8359723
WELWAM,2.9075365,2.608594
FUFHOF,2.6414092,2.6679685
CATWOL,2.2027617,2.1438189
TAJKAT,3.905378,3.817224
QOBJOJ,2.8362427,2.6677973
TEWZIE,2.3997722,2.0625126
BUSHEC,2.571204,3.2201524
NEKMUM,3.455574,3.7513103
CIBLAC,2.325485,2.1232119
RILJAZ,3.4795198,3.239852
UFIBIX,3.7698655,3.1274886
RADMEO,2.7344723,2.5129085
MEGKAN,1.9505122,2.263025
CEQJAK,3.5423782,3.3919306
WAGHUI,2.6653552,2.719541
QAVCAS,3.2359781,2.4432602
MORJUA,2.323036,2.169203
LEPVAD,2.6887572,2.55527
NEPDIV,2.6419535,2.9333565
EWINED,2.6008644,3.1161878
LETSUA,3.228903,2.8565876
RECDOU,2.8405967,2.865163
DOTXIU,3.2422366,3.1315503
EQIWIK,3.6833332,3.7269473
AYABUY,2.9342039,2.241888
IROKEG,3.6226518,3.7966561
LIVBOK,2.9627757,2.365827
ACAWOR,3.9976246,3.5529203
CIKWOK,2.7880785,2.5287616
MIDNIW,3.039512,2.2623956
XEFZIS,3.5543513,3.5267415
CIYGUO,3.2101274,3.0538647
NAXZER,3.0988326,2.5795772
WANFAU,2.6188238,2.5163834
RACCOQ,2.860733,2.3868315
ABIFAV,3.166861,3.729179
YEXZAC,2.367935,2.0598855
GIZREP,2.3097024,2.203938
UDURIU,2.1548698,2.0237594
QIXSOF,4.79383,4.106601
QUHTOD,3.3946204,3.4289432
AMXPPD,3.4392471,3.3256
QUDDIC,3.5657802,3.141573
YIPLEO,5.4349303,4.552317
ROSQOH,2.3311994,2.3256483
CMACBP,4.652331,4.524809
HUBNAV,3.2457743,3.1957512
FEYJUR,3.3388371,2.9720604
FIQTUW,2.3698397,2.2309468
ZIFGUT,3.5652359,3.6604714
QETXOD,3.1962495,3.1264484
MEGZIH,2.97747,3.310738
PEZWEX,3.24523,2.7383022
TAJRAZ,3.7622464,4.115099
SANBEP,3.6229239,3.2514513
IGOVOQ,1.9630294,2.7447786
IKUTOY,3.4359818,2.96766
QONDAY,3.080057,2.804358
NOVKAM,2.8411407,3.4083173
QAZYAT,1.1007006,1.4725616
BOSFEX,2.7475336,2.2247696
TIXROI,2.5292983,2.3483343
MELJOD,2.8906655,2.7544837
CITFUI,3.3475447,3.488115
NOHDAP,1.5967641,1.9780166
CEGPOW,3.056655,2.788261
NANGOA,2.5657616,2.6630173
HUWJAL,3.0433214,3.1763718
EZUXUS,4.2234793,3.6932678
KUBXAH,3.1083567,3.0630212
YIMVUL,3.1312141,2.4518812
GESZEK,3.0248177,2.5166955
HAMTAT,3.615849,3.3367357
KUJLIL,2.4348748,2.3515544
FULMEG,2.4512017,2.0887604
DARYAZ,1.9077903,2.2408178
GAGWUI,3.3380208,4.1151743
OJIXOU,1.1921308,1.330604
NEBNUE,4.4583135,4.406026
XAHYAI,1.6650647,2.0659275
YIZLOJ,2.8403244,2.7121592
CTXNPD,3.0114841,3.7166271
AHEFIC,3.348089,3.3685448
MIMMAW,2.6133816,2.5226743
MIFSUQ,1.7505084,1.644613
OHEREY,2.9880824,2.9021175
WUFNEQ,3.7742193,3.6505222
UJOMOX,3.5589771,3.43354
LURVOL,2.9167886,2.8600612
JAWYUC,3.0109398,2.1441507
XEJXUH,2.5227675,2.3201451
OFARIW,3.2572029,2.9190845
RAJBEK,3.4757104,3.27835
KAHBAX,3.5742157,3.7592647
IHEKOW,3.1494458,2.9581864
NEJNOF,4.092048,3.763671
CEZLUP,2.8495765,2.2886295
ZOFREU,1.9684716,2.2044811
WONTEZ,3.14999,2.8331628
ODOYUC,2.2958248,2.2738888
BEFCOF,3.096928,3.3100545
HICXEY,3.3567965,3.011218
VERCEC,2.3263013,2.5826175
PANFIT,2.2283404,1.3905792
QIHYAJ,2.4993658,2.5411232
EZEXEM,3.510269,3.2172134
REYNEP,2.2854843,2.2027295
QAMHOC,3.470268,3.8799093
WAQVAO,2.5442646,2.4612844
EJUFEV,4.124702,3.5375023
XOJHOW,1.50098,2.001738
RIWTEZ,3.998169,3.949665
CAPVOE,3.6977553,3.3199584
REVBEA,3.3352997,3.6631575
UBIHIY,2.7064445,2.8382552
UCAPAR,3.1684937,2.7587042
YEYCEL,3.34564,3.3119788
JASVAD,3.5532627,3.946728
ECICAV,3.7336743,3.9337873
IGOBIP,3.1303978,3.873789
UWIWUT,3.9366713,3.039657
GOPMIJ,4.0324554,3.5103297
LIBXOM,3.0552945,3.1721902
POMMEJ,3.4218318,3.286353
VOQQAW,4.225656,4.4590874
WECFOC,3.5197928,3.2295005
VOMRAR,2.9861774,2.3120584
TOFXUK,3.1791062,2.753383
HAKKIO,3.305095,3.4930387
HIZJOQ,3.6961226,3.5865276
KOZKER,3.0512128,2.924321
KEFCIJ,2.4000442,2.5587907
FODTOH,1.8389455,2.427055
TULNEU,3.2348895,3.8470993
OKOGOK,2.966041,2.979809
LEZWAO,3.5353034,3.5513377
CEFJEC,3.4044166,3.5680013
YAVPAO,2.1565022,2.4609466
SEKCOC,3.5138063,3.274839
NOYDUA,5.210708,4.080675
FUHZOZ,3.8844254,3.8567896
TOCHAU,2.35188,2.365353
ZUHCOU,2.7235878,3.997312
BAMQIP,3.2210119,3.538747
SEZZIH,3.1527112,4.306899
IPUSOC,3.350538,2.7350807
WAGCEO,3.9725902,4.053291
NOZHIV,3.1225066,2.7738774
MIDLAP,3.1891744,3.0547144
JOHDIV,2.7946093,3.2251089
QUKGOT,2.4849439,2.1367464
NIKGIY,2.574197,2.6461313
NEKHER,2.7094378,2.7547174
IFUPUU,3.2792442,2.6226125
NIDSAU,3.4574788,3.5333605
DUNWAK,3.6419718,3.1950486
NOKDUO,4.1061983,3.8802545
EFUYAF,3.895582,3.1065204
MICYAZ,4.5206275,3.9147391
GAHROY,2.9954295,3.0513728
HIZRUF,2.456916,2.319292
ZOVBUJ,3.8183017,3.813674
ROLHEH,3.730409,3.6942601
DEJBUQ,3.0544782,2.7927866
XANJED,3.0011437,2.3030596
NAHBAZ,4.394911,4.4907246
EFOJIV,2.2313337,2.2119002
UHIMUU,3.6237402,3.876258
FOSWEQ,3.5883656,3.3803952
RESSIS,3.431628,2.8615515
ZIHBOK,1.9447978,2.375583
AMUNIH,3.3897223,3.184447
HEPPEY,3.6852381,3.2657392
OJOQOT,3.1684937,3.1858704
PINKOO,2.483039,2.5372176
QOPWIB,4.572329,4.351605
TUWSEL,4.327971,4.03724
PUQKUJ,3.5483649,3.8885307
YOCWES,4.6169558,3.6147904
LUMQOA,4.0349045,3.682775
MIVJOS,3.7554433,3.5478444
HEFQAM,3.4563904,3.3317778
MELHOA,3.2457743,3.1642609
RAKKUM,1.8933682,2.2530048
AJIXUO,3.1657727,2.9494886
VUCQIU,3.388634,3.098999
GAQWEB,3.0008717,2.8731477
MOFBER,1.9388113,1.7753237
HIGMUH,1.8476532,2.5219162
DUFZIP,2.917605,2.7026248
YOGVUN,2.960871,2.6186843
HUXCEJ,3.6689112,3.4948435
CEVLOF,4.1853833,3.7827644
QOPYAX,3.6403391,3.462952
MOZXOO,2.4857602,2.4574738
NIRXUK,2.9083529,2.9795086
BIBMEH,2.5861702,2.6590235
VOLXAW,3.1513507,2.8941216
FANSUI,2.9211423,3.185311
REDGAJ,4.044156,3.5302217
POFVEM,2.5641289,2.5386574
JECPUD,2.5159647,2.2132337
HUXSOI,2.8267188,2.4898639
IPABUW,2.7464452,2.7570765
VERWOF,3.613672,3.5660841
WIBNED,3.1763852,3.421971
UQABUK,2.6871245,2.5574481
LUGZAP,3.6844218,3.488515
PODHEX,3.0025043,2.9050987
ROHMOR,2.8697128,2.7179606
GOPNEG,4.2670174,3.7164142
EMAFIH,2.0511942,1.9310813
NAYNIM,2.8506649,3.5473254
ONALUL,2.9695785,2.5194378
CORKIF,3.3687696,2.9601717
AGUXIK,1.9510564,2.9498885
QUBREM,4.0003457,3.5808764
MIBQOE,2.35188,2.4019356
FISTOS,3.5255072,3.4489174
XAFRAX,3.3772051,3.278174
GETPIG,4.6779094,4.240023
NIMYUE,2.5722923,2.4671888
XAGHOC,2.8743386,2.9227483
AMUNED,3.3135304,3.140643
FOSHUS,3.2435973,2.8628275
WAPTEO,3.0438657,3.2462697
KIQSIO,3.2544818,2.8300426
FOVHEE,3.918984,3.576211
WIDGOH,3.8044238,3.6642134
GUZJOA,3.2710807,3.3416283
REQWUG,3.145364,3.1119275
RILJIH,4.1715055,3.4879532
PEJGAN,2.0201733,2.1605024
NABDUQ,2.397051,2.932675
JAKPAM,1.7428893,1.5321167
QEYJOW,2.0754125,1.7890195
OJUBOK,3.8770783,3.5563502
DESDEN,2.647668,2.9687104
CIVJEZ,2.831889,2.664388
YAGVOS,3.3301294,3.310865
XEYBAF,4.952472,4.3090076
SEWNAK,2.7059002,3.068804
SEPYES,4.571785,4.329012
CUKPIJ,2.9148836,2.574957
TOCHEY,3.1752965,2.929633
QIXSEV,4.4825315,3.6223772
JAJHAE,2.4941957,3.0664327
LIWNAI,3.3595178,2.8742669
CEMYEB,3.240604,2.7686539
NOMTIU,3.455846,3.3054698
YISPAT,2.549707,2.3973744
XOFTIX,2.2228982,2.1368332
KAQBAG,2.545081,2.4829319
ZINVIE,4.232459,4.3457665
XOKBIJ,3.1333911,2.7694502
MARVAC,2.8444061,2.776514
XUSTIP,2.4607255,2.8497088
IHOFUH,3.1554325,3.0288281
EMEPOD,2.234599,2.6484554
ZOLMUK,2.9407346,2.2095013
ODOXAI,3.5693176,3.3247495
YEFRAD,2.8231814,2.6633458
RIYYIJ,3.8370776,3.2807484
XOZPEH,3.86184,3.6771307
RAGVUQ,2.2762325,2.151316
VEGDUH,3.307272,3.3468187
IMEGUC,3.288224,2.7122588
WEYGOY,4.081708,3.8636472
SOJNIP,3.2552981,3.101812
JINGET,3.1075404,2.9557803
FOQZOA,2.8171947,2.9269671
GUVMEP,4.6136904,3.5947475
VEHQEE,2.8612773,2.5313375
FELPOD,3.3094487,3.6398468
HOKBOZ,4.20688,3.7386854
KILPUS,2.6490285,1.8312638
HAKKOU,3.4305394,3.0118413
UMAHUN,3.6985717,4.0564218
HERQED,3.056383,2.3754234
ZIQZAA,3.163868,3.1333456
HOLVOW,2.2887497,2.3684113
YURYIU,4.6232147,4.492183
RAWPIO,3.037335,3.1878116
IHODIT,3.7323136,3.4973702
HUXQUM,3.7451031,3.9889607
CUPVAL,3.22591,3.7166905
ZOXQUA,2.454739,2.104558
RALSUS,4.619677,3.9064
FAYHUI,3.3921714,3.3553462
HIBPEN,3.8006144,3.493355
COCWUN,2.1902444,2.1140935
FUPCID,3.88116,4.004767
ZIWFOA,2.4024932,2.9715924
WICHIA,3.003865,2.8464878
OYOPEY,3.2158415,2.7505434
BIRMAT,3.3608782,3.0638022
EFICOO,3.133119,3.3182907
WOKBUU,3.128493,3.1751585
CUQWAN,4.027829,3.5055532
XIYBAJ,3.05856,2.7237973
JOJPOO,4.1576276,3.893069
PEQVUF,3.2855027,2.598047
BUWDUS,2.318138,3.1088836
ENUVIT,2.5986874,2.0930243
GADKON,3.8305469,3.2044039
PAFFUY,3.2947547,3.4913564
GAWPUS,2.6005921,2.6944964
ZOCYOH,3.7388444,3.4524333
ADUMOC,2.7780104,3.0847766
JAFMEJ,2.2835796,2.482085
DULRUX,4.2302823,3.7414908
LEDDAZ,3.2901287,2.7805624
LUDPOR,2.640865,2.403975
QIBBIO,2.0969095,1.9961107
LEDTAQ,3.1230507,2.9371765
FONFOD,3.1965215,3.1117074
SUVWIP,3.300197,3.4294095
OGAPOD,2.920054,2.6058428
QIJMOO,1.6520033,1.6960832
YOWGEX,4.3179026,4.0726643
HOHKOF,2.2316058,1.4902586
NOCRED,1.5486,2.5897841
OXUZAJ,2.7279415,2.8213632
XOBFIG,3.1290374,3.5252843
GEFWUM,3.1037307,2.7434983
VEJVEN,2.495556,2.9412823
VAPHUR,2.6174634,2.7729063
JEFHOS,3.7260551,3.9372993
UMEZAN,0.9670927,1.739572
IBAGEZ,2.1801763,2.2363138
NIBPOF,2.574197,2.8433232
YOYDUN,3.5184321,3.8722324
XUPTAF,2.946721,2.637838
LANBAD,3.5301332,3.3630128
BUWPUF,3.226182,3.6238413
OMEMEY,3.352987,3.2839532
XUSYUH,2.2343268,2.1685443
DCAZPD,2.4193645,1.9268596
UYUXES,3.8996637,3.5218887
MIXMIS,2.9679458,2.7940135
TONRUJ,2.906176,2.6851811
NEKGUG,2.7516153,2.7725592
HUKWEP,3.353259,2.8997264
TEMCEW,3.6378903,3.253028
QIPCID,2.8852234,2.8044593
LUQWUQ,1.4968984,2.3492928
PETXUK,1.8452041,1.845181
QOJGOM,3.883609,3.2356524
AHOHUB,1.8642521,1.8674058
QIKQEJ,2.6397765,2.5033329
HUYNAR,2.8982847,2.538397
KIVTEP,3.1750245,3.5263934
GUSZAV,2.8506649,2.8427508
ESOTIQ,2.2381365,2.507178
LIVCEB,3.188086,2.910449
COMCUC,2.874611,3.015471
ZAGMEC,1.7978563,1.407057
SEDRIF,2.913251,2.560287
VIWFAK,2.2721508,2.7491925
OGAQAO,2.6517496,2.7538574
AQUHID,2.752976,2.9164424
RITPOZ,3.4370701,3.3707929
TAHVIH,1.7047933,1.7517511
MOZRIE,3.0604646,2.7914848
EGUFAO,2.1665707,1.7924125
NOMZAR,2.281947,2.2653623
YIMXIB,2.5820885,2.5123436
UFIYAM,2.9459047,3.4652994
GIJNUJ,1.4231555,2.3022065
ACORUI,2.7706633,2.7543747
KIBHUY,3.2762508,2.5712545
IHEKEM,3.1589699,3.0371597
XUPVEK,3.9415693,3.7937922
CODDIJ,3.8996637,3.9117355
XAMJED,1.2228796,2.6598158
NADLUB,3.701837,3.2303638
COKNAU,3.0898528,2.890342
RIBXAE,2.1382706,2.1649086
HIZKOR,3.5263236,3.5995133
HETLAU,2.7445405,1.8950492
USUDOD,3.4133964,2.8778918
OTEVUG,2.7448125,2.7070336
MEFXUR,3.3159795,3.3965702
JUZLIB,4.030278,3.511032
WIZJEW,2.6699812,2.3627427
IFOMOH,1.8683338,2.1873608
KADQUB,3.1301258,2.858842
WUWFUP,1.9924177,1.9218459
UTUQEH,3.9589846,4.4105406
QULLIU,2.8071265,2.8856251
QILBUI,3.8471458,2.7712758
MEZROA,3.040056,3.5569067
VODYUJ,3.4226482,3.0881958
BUXHIN,3.575576,2.9436638
ZOPHOD,2.936925,3.123625
DESDAJ,2.815018,2.8864048
OWETUG,2.138815,1.8394258
ENIBAG,3.0166543,2.7413166
LERKOL,2.8612773,2.6610737
HEFSER,3.3429189,2.9231167
FUVKUD,4.2283773,4.4550734
PEDHOW,3.957352,3.6662223
YIFLEH,2.3333764,2.408855
GOXGAB,2.8068545,3.9524584
WOXQUV,2.5829048,2.4670405
LADGED,3.1050913,2.596031
GOHYOS,3.6419718,3.435013
FOKKEW,3.4351654,3.3198426
FUDKIA,2.1230323,2.3821745
LUHWOB,3.120874,3.1496549
WAZXAZ,2.0283368,3.232895
ESARAS,2.3363695,2.289554
VORPEA,2.6457632,2.8785946
XOSZOV,2.9314826,3.1087863
HIGNET,1.6653368,2.286699
XIGSAK,3.0414166,2.4213858
VEGFOD,3.1848207,3.2538517
RIZKUI,2.8835907,2.5968044
TUYPOS,2.9616873,3.2765985
LOQXOG,3.7361233,3.621893
VIHVUF,3.0490358,2.4317284
BIYJAX,3.95708,3.8038785
KAPZOR,2.6778724,2.5996428
UVOSOO,3.8781667,3.8638234
YIWBAI,2.9788303,3.9625096
RATFOJ,2.4278,2.3041773
VECGOA,1.0236924,2.3386207
AMUNON,3.3450956,3.1266625
DUWJUB,4.2264724,3.8483262
GOZSIX,2.8239977,3.393799
FAMDAZ,4.700767,4.125968
LUBRAB,1.909423,2.1509237
BAQHIL,3.1630516,3.4721766
JACCEY,3.102098,3.18128
JAJBOM,3.7263272,3.0947888
KOCQEZ,3.711089,3.4807885
CUDCAH,1.4767619,1.694912
UWAXUM,3.181011,3.4354982
BUWFAA,2.576646,3.2060823
ILOBIU,4.007421,4.3168564
RIJWOZ,3.204957,2.8527641
XIZJUN,2.1159575,2.0198197
VOLJEN,3.2359781,2.617956
OLOQAI,3.3080883,2.3524513
CIVQAB,1.4002979,1.9885728
DAXJUI,3.2895844,2.9699178
ARITEA,2.7595067,2.780417
AFOQAO,3.0381513,3.3600466
MAQKEX,4.8811784,4.3180456
CODNEP,3.8030634,3.7631395
BARCOO,2.6852195,2.4516633
GAKSUJ,3.2210119,3.0455203
VANQOT,2.7924325,2.4146168
COBWUM,3.4468663,3.8392477
UBAYUR,1.8209859,2.215186
HAKKAG,3.4452336,3.569635
DEFGIF,3.711089,3.3564317
LUZTOR,2.788895,2.575209
CUGQAY,3.4191108,3.163294
WOSJIX,3.883881,3.8729098
SIBTOO,4.529335,3.7655528
HOBNIX,2.487665,2.3916855
GATBOT,2.9551566,2.6071377
BOFFAG,3.05856,2.7088356
JOBJOB,3.5499976,3.810786
DASLUG,3.302918,3.0906656
MEZREQ,3.1826437,3.2975314
CACZUB,3.4958467,3.612166
VUSSOT,3.8988473,3.3589904
NOKDIC,2.6079392,2.7179534
DIDQIQ,3.3274083,4.057502
KAGDUT,1.9600362,2.7365568
ARAZUO,4.078715,3.8450193
JOHYUC,2.6996417,2.6461034
QUKTEV,2.430793,2.0960126
IRINAZ,2.7271252,3.2182586
MUFJUT,3.7894576,3.7358205
HAWXAG,2.9148836,2.7947185
QEGPIE,2.6871245,2.9559093
HAZCAP,4.1195316,3.5367203
HUKWOB,2.6634505,2.2750337
SOHTIU,2.3619483,2.0749948
ZUTKEE,2.3600435,2.1727335
QANBIR,1.4498227,1.9028006
FEHJEI,2.084392,2.3604016
DEBKAW,3.2275426,3.1547537
CAZMAT,3.5758483,3.7275052
NABGIH,3.7891855,3.5167174
PARWAH,3.4585671,3.6162937
TORWEC,2.712703,2.5027227
BOBSAM,3.8106825,3.5256608
UHEBUF,2.9290335,2.6153023
JORMEK,3.244958,2.799863
KIRXOA,3.5192485,3.2351768
VICDES,2.9143395,2.6439433
NODCAM,3.2517607,3.1401846
WECHIY,3.9113646,3.4230285
ROHJUW,3.39843,3.4757166
TEGZAI,3.0275388,2.771978
VUGCUX,4.4463406,3.8855782
CIRRIE,1.8495579,1.9186933
NONHUU,3.2392435,3.0122762
FEBRUZ,3.474622,3.1754832
KIJJIX,2.894203,2.5883434
JAJXAT,3.4210155,3.8328583
ELOTOO,3.6387067,3.5032756
AJAQAD,3.888235,4.040735
HUQJUZ,3.5070035,4.123978
FIKVOM,3.3135304,3.345129
DAQRIW,2.999239,3.3377686
KOBLIY,2.8101199,2.6294665
FISVIO,3.8542206,3.5049052
BAQSOD,3.061281,2.5006547
SAYQIT,2.597599,2.0818899
ZAZWOO,2.3028996,2.557797
ZUTKII,2.3820848,2.1275396
YILRET,3.5491812,3.4453237
YESFOR,3.597073,3.4613764
QAYRIU,3.188358,2.7984593
EQENAQ,3.2664547,2.7504585
UXIFUE,3.6498632,3.367998
TIDVEK,2.9355643,2.3303647
IZIXEW,2.2735114,2.0119848
XOKBUV,3.0977442,2.7388885
HACJAZ,3.0509405,2.7484746
GOWXEV,3.2996528,3.0586195
ZEHBOF,3.1505344,3.3542693
LUMQUG,2.9263124,3.3526912
UJIFAW,2.99679,2.8320742
FECKEF,2.9516191,2.5417132
LOGNEA,2.7184174,3.4547029
GERVAB,2.1393592,2.4909744
WIHYAQ,3.0844107,2.8630445
TIKLIL,3.0533895,3.6595902
PEPJIE,2.4626305,2.600042
BUJLOI,3.4215598,3.3491247
UCUTOE,2.9986947,3.3188288
EQODIZ,2.8503928,2.4122372
YESFEH,3.714082,3.5922008
REDTOM,3.4095867,3.2787402
HIJJOZ,3.6868708,3.6881175
BEXXOS,3.1739361,4.154045
LUHREL,3.5260515,3.9242315
FEMSOG,3.372579,2.8795621
FIYBUL,2.5015428,2.800963
REDQOI,2.8754272,2.8756757
VIFVIQ,2.7298462,2.2769659
UXEKUE,2.6506612,2.3059523
OFIKOF,3.3301294,3.3666594
DOFPEU,2.4416776,2.2224207
UWAYOH,3.137745,3.1097775
IBEYUL,3.6074135,3.8518825
VEJLEB,2.555149,2.3333127
YADJOD,2.4871206,2.2592773
BEPHAI,2.8359706,3.2022913
RILLIJ,3.8057845,3.5475433
SAFMOE,3.651768,3.819201
EJOSUR,3.6310873,2.9935696
UROXAB,2.987538,2.5905614
BIXKAV,3.3440073,3.1525054
VEJBEU,3.3706744,2.6041784
VILFOM,3.517888,3.5972986
XIVHIW,3.7203407,3.190815
HULSIR,3.2332568,3.49963
QEFVAY,3.8876908,3.758735
TEYSEW,1.1001563,1.3343153
NIBNUJ,3.895582,3.6300902
RISTEV,3.056383,2.3250802
ATAGIM,4.364162,3.9138207
XUJCAG,2.157863,2.1748652
VEWJEP,1.957315,2.2630386
XEJBAQ,2.8528416,2.9747314
KAJWUQ,3.2163858,3.2096052
RILJUT,3.190263,3.0646708
GOMXOV,2.662362,2.6117747
OXEVAQ,2.6988254,2.7328498
IFASIR,3.1339355,3.1748471
EZETUY,3.517888,3.7241402
LALMOC,2.7622278,2.8061588
FEFWEU,1.9570429,1.906642
YATYUO,3.5714943,3.723596
OWUDUH,2.471066,2.810758
YIHZUL,5.0632224,4.469323
HISYUG,2.5823605,2.3816683
TIVHOV,3.3853686,3.5050457
SAMBUG,2.9023664,3.0476234
TENYEQ,3.6678228,3.3605354
TOTRIF,3.3932598,3.512723
VOJSAR,3.0003273,3.512006
ZOJTID,3.2229166,3.1893976
ETOGEB,3.4313557,3.2262306
HIPBAK,3.5382965,2.936116
TUGNUF,4.329876,4.117374
VITBUV,4.6920595,4.323412
YUNPUU,3.2754345,2.6007535
XAWHAF,3.3684976,3.4339528
MOWSIB,3.2294474,3.180632
AJEHEE,3.474622,3.742203
YESHOW,3.551358,3.417266
WAVPUH,2.2310615,2.193004
QEWTOB,2.411201,2.5270023
GETNIC,1.8419387,2.505402
EDONUI,3.3426466,3.5175874
FANSAQ,3.4223762,2.8855374
HOKBOB,2.6634505,2.5809824
SAQXEO,3.6792514,3.1003628
YIKTES,3.2533934,2.865885
ZIJKEI,3.0337975,4.2001696
BOFPOC,3.0841386,3.2062538
FIPPAV,3.9687808,3.5839055
JANMER,2.1276584,2.467327
NICNOF,2.4014049,2.6580489
VUGNAO,3.4006069,3.3824267
GOPQIL,1.8966336,2.0025403
TUYPUY,2.9007337,3.3808317
POLVER,2.5837212,2.132818
PALKEU,3.6792514,3.2580078
ZIYCIW,2.739098,2.3825426
FABZEP,1.9924177,2.1350713
PEWZUO,3.575576,3.4043841
PENDUI,3.1037307,2.5115187
ZEZDEN,3.3521707,3.3214326
NIXXOI,3.0435936,3.3839252
UYINOH,3.2367945,3.2160213
HOTBEZ,3.1078124,2.5716121
ZULLUN,2.8435898,2.410564
LONMAF,2.6754234,2.9393303
QELVEI,3.773131,3.388301
IVIQUB,2.148611,2.1303244
ZUTJUT,1.9984043,1.9350417
MUFJON,3.926875,3.7275925
DEXGEU,2.3437166,2.2874007
VIDDOB,0.15592125,3.5557098
CAPVAQ,2.7616837,2.4955409
XOLXAX,4.6855288,3.6920905
UCUMIQ,2.5023592,2.4584873
VOBHUS,4.1334095,3.9348073
PYSALP,2.4705217,1.9717417
ETOHAY,4.227017,3.6255476
AZOTUG,2.8291678,2.66226
YEHTEN,1.0664142,1.9413004
VALJUP,2.7788267,2.754005
XAMPOR,4.0057883,3.8155763
UCUTIY,2.7061725,2.868051
FEHYOJ,1.7009838,2.0120504
EBUPUM,3.4408798,3.4900708
VILTEQ,3.1464527,2.9549663
PUJNAJ,3.601699,4.064589
IPIRIJ,3.2484953,3.3077571
AVOFAT,3.5029218,3.5031176
EVURIY,3.3946204,3.147309
NUVNAV,3.1418266,3.4493709
LIGGOX,3.587005,3.6511793
FOCHOV,1.7608488,1.8337632
QABKUZ,1.335807,1.7838205
HOKSIJ,2.6582804,2.1787
KAJYEC,3.2136648,3.2105026
FOZPUH,1.6963578,2.489516
YEZZIO,3.9393923,3.204139
ODUJON,3.1061797,2.8386626
SEJWUB,3.5652359,3.5445051
LICYOL,3.05856,2.289253
KACVAO,3.7388444,3.209479
YEWKER,2.5086176,2.1168313
BAJHUR,2.5992317,2.546338
YIYHIY,2.4626305,3.4203115
RODKON,2.7241318,2.162352
YIZHIY,3.9083714,3.5626442
BAGPAB,2.3246686,2.3748643
WAJGIZ,3.5851002,3.481519
BOSCIY,1.644112,2.0621777
FACHOG,3.4231925,3.35432
HUXGIQ,2.5970547,2.5624464
BUJMEZ,2.6441305,2.6864908
ZEKZEU,3.4895883,3.362525
AREQAP,4.4585857,4.3232923
OPEREI,4.1818457,3.811591
IMUHEE,2.7344723,2.565336
SANDEQ,4.337495,3.6397815
CIJCAZ,2.7031791,2.3959584
EKUGAT,3.723334,3.7018826
CECVAK,2.9924362,3.5354612
LUYDAK,2.690662,3.7185638
NIHSUS,1.0737613,1.9035127
XUFHEM,3.0275388,2.7393684
NUPROH,2.3959625,2.440217
VAZZUS,3.2460463,3.0406904
MAZJAB,2.893931,3.0585098
SERRIR,3.1113498,2.8024082
WAVMEM,2.463991,2.3121924
OGOVEN,3.4008791,3.4900968
DIZCEV,2.0079281,2.2253747
FUHMOK,4.210962,4.1500263
QIZTOK,3.4446893,3.67599
SICNOK,2.865631,2.0646982
EGUCOZ,3.1420987,2.5322838
ZENFIK,2.2501094,1.9089017
FIRCUH,4.54158,3.9830885
QEWROC,3.1584256,3.1348484
LUDQOS,1.9739139,1.7399195
TAWYIB,3.1529834,3.5430088
YOCQUF,2.2024896,2.0569682
TUQLUO,3.535031,2.6884413
OXECOK,2.430793,2.6577563
NORNUD,2.1042564,2.1761642
QEWRUI,3.9203444,3.506444
DOMQOM,3.0536618,2.258536
CLPZPD,0.12789352,3.1685297
HEWXAI,2.8025007,3.1203458
QAYYOG,3.453397,3.7483463
BUXHAF,3.8199344,3.0897667
MUBQOR,2.7646768,2.8978627
CINWON,4.1091914,3.431899
SOBFIZ,2.2735114,2.43037
MALBIK,2.7499826,2.6526427
SIMBIB,3.4825132,3.0319378
CAPNOZ,3.5576167,2.8131645
IGUFIB,3.567957,3.3442135
XAGGET,3.34564,2.5779736
RIFJIZ,2.6974647,2.649008
XOWVAH,3.6335363,3.3781989
GIYVAN,2.6941993,3.117141
YIWZAI,3.1314864,3.1742134
NESHOJ,2.1178622,2.1433218
GERYIO,2.5426319,2.2302716
NITCIC,2.8522975,3.2551982
HEQHOA,2.5347407,3.142402
WIHPAE,3.307272,3.494668
CUGGIV,4.785394,3.927857
FAYVOT,3.9015687,4.128134
GUTZIF,3.3404698,3.1838045
RUNCUY,2.4245346,2.7338037
VAKCAN,3.2302637,3.2615275
RADSUK,2.110515,1.4397068
SAQXIS,4.3668833,3.5526648
PANKUM,3.314619,2.9741378
FEHPIT,3.2308078,2.9819033
VIJSOX,3.7791173,2.7348578
GUWKAK,3.4068656,3.1091604
CIVCUG,4.2678337,3.8714108
KUCWUB,3.168766,3.059585
PIGYUB,3.2316241,2.9987714
KUSFIN,3.916807,3.3409395
GIVVAK,2.5009985,2.2649965
WEKTIQ,3.732586,3.8965592
KIRXEQ,2.798691,2.9781535
OVEPOV,1.8792183,2.2892377
CEJBAX,3.6416998,4.0450826
NAWMII,3.1031864,2.482658
GACREH,3.0520291,2.9241786
ECADES,3.269448,2.890582
RUHBIG,3.3255036,3.3472908
OJOBEV,3.6389787,4.1651545
ATEGAI,3.2136648,3.0818212
WAVBIE,2.1262977,3.146745
ECIVET,3.486595,3.5915332
EGUCUF,3.209311,2.2422943
YEHGEY,4.110008,3.9746232
XEVPUL,2.1959589,1.9415078
EYEHEV,4.1306887,4.1784062
XUYQEN,4.6732836,4.419192
HAKGUY,3.9693248,3.414701
SICPIG,2.7010021,2.0566485
COFPOE,3.178562,2.648298
UJIFEA,2.8046775,2.7819505
RIYBIK,2.5556934,2.8912292
MORKUB,2.9908035,3.2330952
HOKMID,2.1769109,2.4807906
XUPGEV,3.2269983,3.3185573
XIJGED,3.9187117,3.74757
MIXMUE,3.4003348,3.1891444
AGOTOH,3.5053709,3.2430902
SIBROM,3.6449652,3.8679893
IRUTUL,3.2822373,2.7358558
EGOFOW,3.1840043,3.8692799
TARDUL,4.0661974,3.6595597
YAZNEU,3.3791099,3.5541391
TEVLOX,3.173664,2.6730995
EMATOC,3.7429261,3.0889938
VILTOA,2.8220928,2.679828
TAHQID,1.3997537,3.7049608
BUNQAE,2.1790879,2.3363285
DPPPDC,3.6765304,3.7041936
QISGOP,3.0003273,2.7739968
JECQAK,2.8210044,2.3620744
MIKYUB,2.0775893,1.9276415
EKUFUM,2.9978783,3.053792
ZUTKAA,1.9290152,1.9158049
VIDYEP,2.980191,2.9601197
HEDXAQ,2.9282172,2.977148
NORTIZ,2.468889,2.5989842
TEVMEO,3.305095,3.07358
ZEZSUU,4.459946,3.8260913
NANFEQ,3.020736,3.3148363
AJELEG,3.5021055,3.8030987
NOYVAA,3.4514923,3.4621327
JOCJAN,3.6939456,3.1091192
BEPLIS,2.733928,2.2697601
BOHBAC,2.1834416,1.7944221
ZOLNUL,3.4689076,2.606327
SIVTUO,3.4193828,3.2714703
XEDROP,3.3682253,3.2074165
ROCFUM,2.3282063,2.4282894
ZEWBAG,3.1513507,2.6029341
BIBSUC,2.6223612,2.4476652
JAWZAJ,3.0735261,2.142731
SIJQUZ,2.647668,3.108764
YIXRII,2.834066,3.2098892
HUSLIR,2.60032,2.6207197
KUDJID,3.659387,3.7763548
KEVGIC,3.5589771,3.4839156
LORDAY,3.599522,3.4255414
PABJOU,3.1812832,3.1399584
KUHLEG,3.19761,2.464352
EKANEK,1.4114546,2.6445844
BIPGIR,1.4492785,1.9496164
AMAFOL,2.9665854,2.4715927
JAQKUK,3.6958504,3.9550858
QIZTIE,3.467547,3.631562
XADMIB,3.0689,2.1225007
ZEYTEE,3.4204712,1.9152558
WEHWIR,2.9167886,3.0647862
QAJQIB,0.15619336,0.0611248
XENMOS,2.5083456,3.2890685
RONCED,3.304823,3.6649637
ODISEC,3.8150363,4.0216503
GIFPAN,3.3284967,3.1313536
CIXQIJ,2.103168,2.4282103
MILXAG,3.8923166,3.8810506
BAMWAO,2.88223,2.8911564
TECBEL,1.4430199,1.995448
USIWIE,2.9385576,3.2315695
NOQZOK,3.2435973,3.3220835
KOFMAW,2.4022212,2.2376244
LISBAS,2.6158307,2.7741876
VAZGEK,3.5899982,3.256883
IJUNOS,3.159242,3.1715403
NACTUH,2.7567856,2.715116
SINTOA,4.4008975,4.0445633
COSNUV,2.822637,2.3961482
ETATOI,2.942367,2.915565
NAYWOB,3.1796505,4.072559
VAHQOM,2.5559654,2.685912
AGELEF,4.1189876,3.4821537
EJEROC,1.1635588,1.5974065
JITZAO,2.9437277,2.830107
SUHGAE,2.9755652,3.4166727
ZEYLUM,2.8729782,2.8021615
XAMPEH,3.8310912,3.8939195
BEDBIX,2.7450848,2.9206474
BEKHAD,3.5796578,4.0182076
HUGWOW,3.8610237,3.0626101
XAMQEI,3.902385,3.9851656
QEJWEK,3.3132584,3.1262722
TEZWAZ,3.0732539,2.948011
MUGTEP,3.8471458,3.2604375
NOMHIG,0.16027507,0.44418025
NAQGAQ,2.863454,2.111253
BIFMOV,2.678961,3.2072358
NIJTAE,3.443601,3.316989
XIVFAL,3.1097171,2.9088922
IDUFIY,2.7891672,2.453961
MIJLEZ,3.6231961,3.1128888
JIJMEX,2.4054866,2.2188997
JOJJEZ,2.6245382,2.5561364
TACVEZ,2.7399144,2.288786
REWWEX,3.859391,3.7607377
IKIXOQ,2.8659031,2.4129536
QIYVOJ,3.1766572,3.6458085
LUMRER,3.0046813,3.5473797
XEKXUG,1.1075034,2.7076325
GITXIT,1.6596224,2.2345304
VIGYOA,3.1195133,3.3222036
KOVYEB,2.7592347,3.44266
JIKBIR,3.9282358,3.27172
VERBAX,2.6381438,2.371134
IRIVUC,3.6795237,3.562959
JIZWIZ,3.274074,2.9555693
XAZZOO,3.2392435,3.287241
ECIBOI,3.7295926,4.122325
FEGVIX,1.8443878,1.7019988
GEVJAS,2.5132437,2.7243533
NUXMIE,4.234364,3.8545659
RIFWIP,3.4585671,2.8241477
ZIDZER,3.2520328,4.2213116
GAGGED,3.8185737,3.5484066
RABJAI,3.408226,2.422171
AZEDEP,2.1826253,2.16511
DISBIQ,2.9483538,2.4818158
QUQTOL,2.3973231,2.4717708
CUFLUK,1.0623325,1.5921745
IKEDEJ,3.3012853,3.246626
UBIFUI,3.1788342,3.2195134
DUQFIG,3.9260588,3.8292878
HAWSUU,3.3325784,2.9908655
GUMHOM,3.78075,3.3872182
SOHSOZ,2.0103772,2.0646234
LANKEQ,3.2517607,2.5989485
OVELUY,3.2678154,3.4082375
AVUTIU,4.1026607,4.0510454
KEVPOS,1.8530954,2.087429
REBWEB,4.0452447,3.769653
SUHHAF,2.7725682,3.1634257
XUPTAD,3.2422366,3.2602203
IRIVIQ,3.1396496,3.2633266
IQEBIP,4.065109,3.016074
EZITUC,3.7037418,3.3128078
QOSJIS,4.029734,4.044421
WAGJAQ,2.571204,2.5674665
EJAPUB,3.9377596,4.060063
IVISIR,2.129291,2.1386328
FODBAB,2.535829,2.7356603
QIGNUP,4.6259356,4.4349484
XOKVOK,3.3211496,3.075609
FACVOX,2.4452152,2.4760706
FERFIS,2.985089,2.8632138
TOGNEL,3.1750245,2.823685
IGOVIK,2.7396424,2.6806567
RATROV,2.8231814,2.3649087
GOHDUF,2.898829,3.1661541
CUCXAB,1.7475152,2.02185
LUVLIY,3.2795162,3.1466165
DEZPUV,3.4223762,2.7841718
PBPNEP,1.5328174,2.9599395
YATTUL,3.4008791,3.5002923
DISQUT,2.07895,1.9538445
XIRWIG,3.446322,3.582409
BERBIL,3.0928462,2.9220624
LOFKUN,3.5206091,3.0821996
EQODUL,2.9464488,2.9555757
NITKUX,3.3733954,3.2091036
PAQTUW,2.6389601,2.8906536
KUFJAX,3.4275463,3.2664666
WIJKOQ,2.6424978,2.4746478
VEJGEX,3.0411446,2.9538894
NIVBAX,3.5957127,3.6413689
HAJQEO,3.4172058,3.3793435
TAZAPD,2.5807278,2.2493365
XANJIH,3.00196,2.3027315
HIMZUY,3.8466015,3.640197
WUCXOJ,3.058832,2.893539
OCOPII,2.6180074,2.322277
ZUQXIS,2.7374654,2.5197601
CAMGON,4.196812,3.5121002
WIBNON,3.121146,3.6664202
QARPOP,3.190263,2.2494197
EFAGEX,2.5241282,2.5846338
QOHQAH,2.8571956,2.149971
GEPQUN,3.1393776,3.4137723
LUSDUA,2.936925,3.2925053
MELDIT,3.0299878,3.3164616
EROGUN,3.3401976,3.460044
PANLAT,2.939646,2.9238656
VUSYOZ,3.199787,2.5335298
EHOFAJ,2.9796467,3.0503886
XIMTIZ,3.1486294,2.4966671
SONQET,2.05963,2.5685163
IKAJEL,4.7138286,4.2312083
WIJLEH,2.5026312,2.4429717
GOMXUB,2.3630369,2.5934622
BUQDOI,3.4732614,3.1698065
YEJDAS,3.6261892,3.7474103
PUYXAJ,3.272169,3.4368517
QIBFEP,3.5622425,3.8078723
CIQYOT,3.3206055,3.4956682
HAVYIO,2.7703912,2.9234793
LIYFAD,3.4901323,3.4033363
XEYBOT,4.433279,4.130931
NESQEH,2.3480706,2.605428
IGIMAM,3.082506,2.4498196
YAQYEU,2.0427587,2.5139062
FIYQOV,2.1706524,2.097017
NEPNED,2.8079429,2.3792229
WUMJEU,3.5208812,3.754856
TIHBER,3.3870013,3.8239217
PABKUZ,3.262101,3.161252
XOKPES,3.2808769,2.8229017
NOYRUQ,3.2963874,3.5433075
KAMCEH,3.0844107,3.2083383
IVEVUB,3.7929952,3.3212633
SOMWOH,4.184023,4.123444
ERURUG,2.8520255,2.3181229
IMUNAF,3.3535311,2.9688
VIDFAP,3.7391167,3.1419365
HIJPIA,3.4670026,3.340716
EFUZAG,4.0305505,3.668027
VAMTOS,3.7959883,3.9921317
ACIVIU,3.8226554,3.8474038
LAMVOK,4.131777,3.5287547
MOHGIB,2.9018223,2.5955694
CEJBEB,3.8147643,4.0185776
OHUTUH,3.2822373,2.6912837
GELYOO,3.6702719,3.4318404
QICNOG,4.2340918,4.018553
YOXGEY,3.331762,3.4071255
WAVDOP,2.3200428,2.212501
AVOBIY,4.5179067,4.271386
CEHZUN,3.9018407,4.19703
KAJGOS,3.2966595,3.202496
TERDAX,3.1442757,3.6888263
GENJAK,3.4795198,3.0638905
BEBGAS,3.965243,3.7371733
CATYAY,2.4340584,2.5211499
UNEXUI,3.4397914,3.4322958
VINBUP,2.062623,2.5694005
PERRIP,1.9997648,1.9041173
BIRMEX,2.9861774,2.863349
TIFVAF,2.7978747,2.7465668
YECXUB,3.6876872,3.7744308
GUQFIJ,3.1355681,2.247326
XOQBUB,3.157065,2.7592592
FUTHOR,2.6849475,2.2784774
CAGWAL,3.4068656,3.1131196
SOPDOS,3.4757104,3.2125742
EVOKEF,3.7870085,3.5797598
FAKWOE,3.5951684,3.4335382
GEPGEP,3.0740702,3.5048249
LIYZAX,3.3581572,3.1900942
KEVPAE,2.4392288,2.2668698
AFANIG,3.517888,2.9436588
MAQVUY,2.6182797,2.6173382
KUDQEH,2.2501094,2.064939
FIBLOU,3.262101,3.039176
XAVWIB,2.3940578,2.3391347
SIHYOY,2.882502,2.1523695
ELUDAS,4.1744986,3.3909028
COJKAO,3.085227,3.3561273
TUMCOT,2.4642632,2.2617683
SIGDIV,3.988917,4.188413
YIGPIN,2.7562413,2.7083812
VEVREU,3.6577544,3.4181743
BEXTUU,3.634897,3.4489093
DAPZOL,2.414194,2.0070796
DIGFAB,2.1358218,2.0382345
RIYDAG,3.661564,3.2269151
HIHREX,1.74942,1.7494266
SISJIO,2.0939162,1.5167058
HITBAO,2.7823641,3.2066364
HESYOW,2.8027728,2.488272
KIPNIJ,3.515439,3.2480133
CASTEX,3.4925814,3.4888375
XOQBOV,3.0174706,2.661674
YIYHIX,0.35755762,-0.25536752
AZIMEC,2.7214108,2.586007
OPOJIO,3.039512,2.9676323
AHUQEA,4.352189,3.9177096
XIJGAZ,3.6090462,3.8684819
RAZLEJ,2.5072572,3.7113037
IJIMAP,3.680612,3.3589168
EWATUR,4.5848465,4.464369
KAPWEG,4.973153,4.507045
RIHNEE,3.0890365,2.94053
SOHTUG,3.4838738,3.2491138
YADJUJ,2.4702497,2.4460082
REMNUU,3.0414166,3.1056976
MAWHAU,2.9622314,3.2281177
OFIMIA,3.4177501,3.7692912
POXLAS,1.6307784,2.284909
OPEROS,4.1312327,4.1187367
ZEPVIB,3.6670065,3.240508
UJAVOR,2.3842616,2.6492906
ODOGIX,2.248749,2.1799483
ULOSOF,3.5029218,3.3551574
LIJHIV,2.690934,2.962952
QIYVUP,3.343463,3.2170794
OLUGEI,3.037335,3.3632386
ETOBOF,2.8659031,2.6384845
HANXEB,4.4866133,4.1170263
TOGDUQ,2.492563,2.67157
XACCOV,3.659115,3.3407772
QEZCEE,2.9807353,2.9373991
CAFQIJ,2.8732502,3.0148957
HUYBIM,3.5306773,3.4899404
QEWMAH,2.834338,2.6734753
XOZQAE,4.0400743,3.5589366
MITMIN,3.2392435,3.1707854
XEVLEQ,3.7246945,3.8969455
UHUDAC,3.1921678,3.5847886
DAMWOG,1.8397619,2.0480103
XAGYIO,3.7744913,3.7910075
XUFVUP,2.1314678,1.8948871
QOPVIA,4.911927,4.9977274
CEGGON,3.2204676,3.3130572
XIVGAN,3.4830575,2.8342402
AVOZIW,2.923047,2.6189318
CONZOX,2.0713308,2.1716657
NOZJIX,2.8220928,3.0812433
JERDOA,3.5905423,3.3522394
YOSKEX,3.4229202,3.4285297
FELPIX,2.7706633,2.7377338
WEYXAA,3.835717,3.521591
CAXKUK,3.7464638,3.7162378
HOFNAT,2.9731162,3.4471607
OJIKUO,2.941551,2.4490986
MITMUZ,3.957624,3.613863
OJUYOI,2.966041,2.645082
UDETUV,3.6188424,3.2614381
CEMYOL,3.272169,2.9152644
GACYUE,3.90048,3.3662534
YAWXAW,3.429179,3.459056
ZELMIO,3.8705475,3.148308
TOCREK,3.1954331,2.847436
BIBPOU,2.612293,2.5242822
BOLRID,3.6642852,3.606188
QAFMOA,2.860461,3.6070535
IXUCEK,3.943746,3.8588245
VIHQEK,3.5402014,3.4549606
POJPIO,2.1643937,2.1863894
YOCWAO,4.7350535,3.911859
WAQXEU,2.674335,2.371154
FAHFAW,1.7420729,1.753445
JOJPEE,3.5366638,3.0472662
GOWCUS,3.46537,3.0756152
KAHXUN,2.1638494,2.1808465
SODSOT,2.536101,2.2197497
TUTDUJ,3.3731234,3.2651439
YARMAH,4.6517863,4.210661
IGUWOW,3.9032013,3.9561143
PAKQIB,2.5151484,2.6958737
MIKQEC,3.7954443,3.673974
EGOHIT,2.9554286,2.7110476
AYUYAW,4.010142,3.7867858
UNADUJ,3.219107,3.2249317
GIDYOH,0.7472247,1.4717637
ZOLKOC,3.730681,3.215503
GESPUQ,2.9785583,2.4979134
EQEMUJ,3.4286346,3.3984613
WUZWIZ,3.0547502,4.1253552
YAYDOU,2.8332496,2.5686922
IVAPIG,2.4003165,2.0923102
COVFIC,3.6699996,3.58984
ETALUG,3.0030487,3.3666975
CASTIB,3.274346,3.3710358
FELLUF,3.6934013,3.554014
BOJRIC,2.1502438,2.5939896
BEPJOW,1.9205797,1.8999262
NEHHUD,2.631069,2.759791
ECOPIY,3.3924434,3.097009
ROPXIG,3.4909487,2.9672124
BUPMIK,2.2732391,2.267066
XUWTOZ,2.8335216,2.930117
YASPAK,2.1203113,1.889183
WECJUM,4.2052474,4.0004606
BOPMOJ,3.1589699,3.2077062
RAVREM,3.4196548,3.8165092
BOFDOS,3.1192412,2.5647593
LORFEE,3.7418377,3.6735349
RELPUV,3.1578813,3.0329819
UDAPAR,3.1108057,3.182377
HIGGOT,3.3279526,3.0829928
QEWHAC,4.2550445,3.6788354
KAVFEV,2.7276692,2.9897566
TAWXOG,2.8397803,3.6643684
GELKEP,2.344261,1.9171319
HAZCET,3.4112194,3.2368245
JAWYOW,3.020736,2.1776228
FIQPOK,2.4841275,2.2935948
ECIBIC,3.7285042,4.011307
JAKREV,2.70971,2.2635574
PANNUN,2.0939162,2.1512597
NAWKOM,3.0310764,2.6540365
RINSUE,3.4980237,3.5439396
PORNUG,3.3589735,3.1519537
HUBLIA,2.0977259,2.3392262
YILRIV,4.101572,3.6703062
UJAGOB,3.2460463,3.6538508
BANSIU,2.5614078,2.6343534
PAQPED,3.0713491,2.7328112
HUTVIC,2.6438582,3.4787397
CIQGEO,3.2841423,3.5983706
LIVBEA,2.7733846,2.2742312
VIQVUM,1.9856149,1.6421015
GUQBUQ,2.597599,2.8920383
FOJQEA,2.095821,2.1087475
XAMQOS,3.7475522,3.7600718
NIGYEH,3.718708,3.4899573
HOSZUM,2.9246798,2.529046
BOFNUG,3.510269,3.2088652
UYOCOB,3.89531,3.5351
TOJJIM,3.9045618,3.3987575
QEFTOK,3.6547613,3.8100636
OQACUF,2.5995038,3.3753154
SONBAZ,3.1548882,2.7525501
RUQVOO,3.345368,2.9999278
XETPOB,1.0724007,1.5031272
HIQVIO,2.7325673,2.7678115
MIXZUQ,3.6748977,3.509763
MEKTAY,3.6931293,3.134987
QIHJAU,3.4732614,3.2464452
BOFDIM,3.1227787,2.567152
QAJDIR,2.5448089,2.6257672
FECKIJ,3.042233,2.759005
ZIMWEZ,2.6835868,2.2357144
YULVIL,2.0775893,2.0110407
UZACII,2.4792295,2.6952276
VICPII,2.64794,2.6801965
WERCOL,2.6019528,2.4368615
QIZRAT,3.6280942,3.4700289
AHAWUB,2.7420914,2.6109514
XAYPUL,3.8106825,3.5367298
OCEPER,3.0025043,2.6122036
HIPDOZ,2.4931073,2.2532706
VUMCUD,3.897487,3.4846911
WEGJIE,3.410403,3.3808615
MEBYAU,3.2079504,4.0305305
MISRAI,2.573653,2.3241186
HIQVOV,4.533145,3.8660922
MAJKUG,3.5187044,3.5676894
NADWUN,3.5791137,3.4003386
RAKTIJ,3.620475,3.428578
WIRHOU,3.2139368,3.4088645
VONWON,1.8922797,2.4075277
SATXOA,3.632448,3.062666
LIPKIH,3.084955,3.2626896
GOJMAU,2.4049423,2.080217
MELDEP,3.1333911,3.3299263
CIPFUE,4.4926,3.57166
NEGFEL,3.2294474,3.4728973
COFPIX,3.2566588,2.7435274
ATOLAY,2.3360975,2.242261
GUTPOB,3.1222343,2.8533552
ITANEW,4.265657,4.589287
FUDMAU,3.3442793,2.8141685
FASBAE,2.7516153,2.348179
ABAXUX,3.4977515,3.664892
VIDYEM,2.8544743,2.6977124
YIYNAW,3.938032,3.3474154
NIWVEU,3.7470078,3.3926811
WAHJIY,3.075703,3.8066745
HIJFAI,2.0084724,2.0298848
MOYCAG,3.8898678,3.5678406
EGUFIW,2.1709244,1.7928231
QIKGUO,2.270518,1.7597059
QIPBOG,3.1850927,2.51963
JALGIN,3.7434704,3.4092448
POJJUV,3.0408723,2.4763176
RIJWIT,3.4049609,2.9981155
CLEPPD,0.19347295,3.2635884
UCODAT,3.166317,2.9619212
CAZTEF,3.5829232,3.5283792
SEPKUU,2.349431,2.1396308
OVEPEL,1.9224844,2.2220125
OVETEP,4.041163,3.3136396
WUFDAC,2.5151484,2.3553514
SIRPIV,3.7475522,3.0311537
UHATAY,4.375319,3.9358506
QELRII,3.4969351,3.5280576
SEVLOV,3.3461843,3.4460263
QAJDEN,2.552428,2.6810348
LAQGUF,3.2397876,3.1788304
PIBWIJ,2.1619446,2.4516551
LATJAR,2.2980015,2.6689858
PACLUC,3.2683597,3.231915
BAQMEM,3.5173438,3.3417428
NOYBUA,2.0530992,2.1916773
SIJPEI,3.2201955,3.523411
GANLUE,2.9616873,2.3140192
MOWRUL,3.0939345,2.8667324
COCNOA,3.6452372,2.9908373
MIYCOP,2.4841275,2.633319
XOGMOV,3.6738093,3.635261
CMTPPE,3.6934013,4.2023106
IQAZEF,3.190807,2.831718
VIVYIJ,3.3042786,2.9875367
DEBCES,3.680612,3.7166858
EMOJUL,3.629727,3.5094593
XOCGEE,3.6811564,2.969308
KAJSEV,3.5206091,3.4550602
HINCEN,3.2250936,3.3861763
WILBOJ,3.9856517,3.6875644
XAHYAH,2.9731162,2.5472023
VORLOD,2.329839,2.3670297
VUGXUR,3.2952988,3.153216
CEBBIW,2.1518764,2.3125074
WEFZAL,4.4438915,4.098722
UCUHEF,4.0833406,3.751438
VUFZUT,2.741275,3.0732026
ZOLWIJ,3.8972147,3.7576137
DAJNEJ,3.7178917,3.1411738
XAQVOB,1.9064298,2.0193348
IRIJOI,2.655287,2.3418062
MIHFUF,3.551086,3.5218675
CENXAW,3.4517643,3.1154695
VERCAY,2.5777347,2.5015838
BEVFOY,3.3516264,3.4816566
SIXDIM,2.224803,2.463041
YOPGOA,2.9042714,2.8664923
ZOHGOV,3.2705364,3.0208564
HIRWOU,2.1189506,2.446382
TINTUH,4.119804,3.5315032
SURCUF,3.2060456,3.5491884
BAMBOG,3.3676813,4.0904436
LEMDEM,2.717601,2.7786496
NOGCUJ,1.8579935,2.1373715
AWIYUC,2.7350163,2.620983
WECQED,2.200857,2.8091211
SUGKEM,2.3886154,2.2231536
BEBGUL,2.7774663,2.58607
LIMVAE,3.424553,3.4232526
HOKBEP,3.4430566,3.3521774
WOVKOH,1.6147237,1.6900918
TIWHAJ,2.9935246,2.7255802
CIMYAY,0.9045065,2.0667098
SINVAO,4.8819947,4.1910887
HUJYOB,3.1763852,2.7404408
VUHBOQ,2.4463036,2.6685371
RELQEG,3.1567929,2.9237454
LAQDAI,3.1195133,2.5670846
ASUYAP,3.763879,3.4021173
CIFCOM,3.8019748,3.7690125
OVEPUB,2.0498338,2.2203374
BORMOM,2.2305174,2.1656356
EJUWEM,2.863454,3.3882976
XELTAM,2.6318853,2.4755487
YIMQOA,4.158444,3.7257178
OCEPAQ,3.3606062,3.2023501
TEVMOY,3.3440073,3.1324267
NUMNUG,1.675405,2.2244651
QAYDOJ,3.673265,3.3921242
XAPLUW,3.3755724,3.473919
BEBJAW,1.4261488,1.7237824
CIJDUU,2.3260293,2.0892367
CESLUH,1.5869681,2.3022864
YOYFEZ,3.372307,4.0448837
JOPHED,3.4324443,3.3750844
HUBNEZ,2.6101162,2.5771127
GUWLUF,0.9548475,1.3526069
DIFVIY,3.3967974,3.255171
ICUZEN,3.0539339,2.409198
ZUNYOY,3.0057697,2.7130427
QARCIW,2.8626378,2.72611
POJPAG,2.6068509,3.125309
IVUCUY,1.7984005,1.9648852
PAQPIH,3.3037343,2.8276994
QAHDIN,2.7374654,2.8098218
IWADAM,3.6482306,3.2087712
DANBEB,3.873813,3.69102
YIRCUX,1.3058745,1.5547338
ZOQKIZ,2.0664327,2.3221445
POPZIE,2.341812,2.2559927
CECDAQ,3.7799337,3.2708595
CUPPIN,3.2874076,3.6470892
AFOZUQ,3.386185,3.5265255
KABDAT,2.6125653,2.336792
YIMXEZ,2.6373277,3.016892
CIWQIJ,2.1660264,2.6495574
POMKEJ,2.4403172,2.7525578
TOQNIY,1.8971778,2.2785704
QIZVEC,3.1412823,3.652554
GEVDAO,2.8830464,2.7873566
MIVJIM,3.6057808,3.5630183
KUDVAH,2.8895772,3.760582
FOSVUF,3.3987021,3.0859084
VUVHOL,2.0661604,2.1943364
AFOGEK,3.7815664,3.1387627
QAYROA,3.0381513,3.126088
VORREC,2.798691,2.7591
BIBLUW,2.2373202,2.627924
DIVZUE,2.7459009,2.6035688
WILBEA,2.3162332,1.9735897
QIDCEM,3.6664622,3.0240574
XEGPOP,3.226454,3.577226
ONUZON,3.1948888,2.691478
CIQGOY,1.7483315,2.1234848
RALTIH,4.0234756,4.016427
QOCVAF,3.324415,3.3435428
DOLWIN,3.7097282,3.8438075
XILYOG,3.3793821,2.6841893
FELPET,3.090125,3.1637466
SEJXEM,3.5633311,3.2383354
HIQVIP,4.4207616,3.9944277
GIKVUS,3.2729855,2.6695454
MUXYOT,3.517888,3.628736
ETOGIF,3.5875492,3.1747034
XOWVAI,3.0365186,2.8916852
KIWCOJ,3.957624,3.8014889
OFAQUJ,3.3467283,3.627516
BOSFIB,2.753248,2.2139482
WETLUD,3.1916234,3.2888737
JUPMAK,1.9067018,1.9905257
BOHKOZ,3.8536766,3.2899904
GATLES,2.6999137,3.911373
VEVPOC,3.3584292,3.4706435
XEYBUZ,3.5804741,3.624836
HAKLUD,3.1706707,2.9026363
VUGCOR,4.461035,3.7744465
NAVTUZ,3.3167958,3.3651989
FUFHAR,3.33149,3.4494405
SOTWEE,2.901006,3.3693073
NESNAA,3.182916,3.3278499
ELALIM,2.475692,3.8957286
BEQZUT,3.302374,3.0471475
YOGQAO,2.860461,3.1498232
WOLNOD,3.264822,3.1472735
LABJIK,3.3823752,3.9088411
HAQPEX,3.1540718,3.2155037
CAPPER,3.5793858,3.0031877
NANDAH,3.7576203,3.101781
FIQLUP,3.147813,2.528133
VAFPAU,3.2653663,3.4225674
WUHQAS,3.3665926,3.4151964
FANBUU,3.0906692,2.528635
UNEYIX,3.5328543,3.452659
FULXAM,3.0808733,3.098943
WOWQIK,3.3981578,3.8836496
OWEVIW,2.1692917,1.832804
HOJHAP,3.0936625,2.9618232
BAWKAM,3.7418377,3.0927265
KUDTOT,2.7995074,3.933362
SOQHOV,2.227796,1.9171448
CALRUD,3.6800678,3.1903584
XULXUX,3.2751625,2.9714513
IBEZAS,3.6697276,3.7477174
JILSEC,3.2942104,2.582109
IFEFIJ,1.8525512,2.2170112
XOQTII,3.6223798,3.2638252
SAHLUI,3.3635995,3.1373913
LIQLEE,4.055313,3.4343557
YOHPIV,2.1907887,2.6694517
RUJNUH,2.414194,2.084952
VAPHEB,2.6460352,2.788767
EHUXEM,2.5894356,2.4047458
XIZJOH,2.576374,2.1947558
CEQHOV,3.6163933,3.294425
EYAGIV,2.1970472,2.2274256
CUPNAD,3.4898603,3.077011
ECEHUP,3.5353034,3.3678608
UCULAH,3.634897,3.2204123
EKOWIM,3.410675,3.322197
ISUJAH,0.93198997,1.2869068
DADHOF,3.6544893,3.0374851
JUBZOV,2.9908035,2.548174
FOZQAO,2.3834453,2.3828
QAMHET,3.597073,3.470504
RITLOV,2.351608,2.9493935
QIYVID,3.4414241,3.2518408
VESFEE,3.159242,2.763312
XAMTAH,3.845241,3.3903234
BEXTEE,3.5619705,3.4213305
FOQVAK,2.463719,2.7385983
CIMFEK,3.2610126,2.8874176
WARVUI,3.432172,2.7885492
SAWHOO,3.9187117,3.8949192
LEDJEJ,3.2101274,3.045089
DOJMAT,2.181537,0.34864402
ZASBIE,3.329041,3.5014648
NONBID,3.4215598,2.6987677
CIKBOQ,3.8563976,3.6805863
BIWMUP,3.3382928,2.732296
KEMMOF,3.5331264,3.6032488
DURKUX,4.1119127,3.9752614
NUFGIF,2.9137952,2.7764316
HAZCIX,4.1788526,3.5918872
QAXCOH,3.9421136,3.8186536
BEJFOM,3.5494533,3.2057483
IHEKUC,2.90155,2.770165
SIJSEK,3.0705328,2.7109947
RERWET,2.3992279,2.109477
WEJJEB,3.4955747,3.6081314
MILJOH,2.9140673,3.4605243
BEMLUA,3.3021016,3.3403094
MARZEN,3.0297158,2.5150182
PAWJED,3.8849697,3.38216
LERRAD,3.2871354,3.0269828
QAHDOT,2.4563718,2.6675167
SEWZEZ,3.3899944,4.1408734
XILFEE,3.1037307,3.129975
BARHIM,2.8473995,2.057257
HANVEA,3.575576,3.687563
TOLQAM,3.6574824,3.872943
RILKEE,3.3042786,3.196994
CIGCON,2.9031827,2.638072
CIJFAC,2.3238523,2.090858
OTADIY,0.20136426,0.54455495
MABLUZ,3.3543475,2.6086369
HOQBOE,3.9344943,3.4728677
FELQET,3.0150216,2.618463
PARJAU,3.6640131,3.2597487
MASNIF,3.415029,3.0430543
IGUXAJ,4.130144,3.519737
KAKCIK,2.6903899,2.7467175
LEZYIA,2.370928,2.7109518
ROHJOQ,3.3538034,3.2700572
NABLAG,2.9722998,2.854265
MUBFIA,3.2947547,3.5329971
RIFTIL,3.9644268,3.6685042
SUQXAD,2.1856186,1.9725811
UNEYOD,3.477343,3.5692632
UCUMAI,2.1475227,2.184475
RACJEL,4.112457,3.5054047
VEFSUX,3.8512275,3.8455524
MIDPAQ,2.1706524,2.1365268
HEZYIX,2.7478058,3.8006015
RATLOO,3.6800678,3.0776694
FEQSEC,3.7252388,3.7602735
BUYCIJ,3.331218,3.7312264
MEGHIS,1.6939088,2.3750365
UJELOK,2.7763777,2.700076
ZEJQEN,3.283326,2.9048333
LUMSES,2.8969243,3.2645311
QISDAA,3.9252424,3.9161873
YOZKEE,3.6724486,3.5132391
MOHDUK,2.5418155,2.5400043
TEJDOE,4.2384458,3.4447107
AFABEQ,2.920598,2.6357737
NACJEH,2.78182,3.1651108
FENTIC,4.228105,3.4838717
KAYGUN,3.9636104,4.254296
KAFPAK,2.4574604,3.0578015
ODABED,3.792451,3.3584526
GIMDAH,1.725474,2.2442765
XEKXUJ,3.0667233,2.7329369
EKAPUB,2.8144736,2.982232
ZOLLET,3.248223,2.606195
JESTAC,3.759525,3.5547125
HOXBIG,3.450948,3.08577
ZIGHEE,3.0618253,3.2626634
FARZUV,2.8596447,2.354162
COBWAS,3.7867365,4.014044
XEDRUV,3.2852306,3.1552086
QIDBAH,3.3393812,3.325204
KARSAZ,3.2830536,2.9838254
NADFED,3.4182944,3.2314622
IGIJEO,3.040056,2.7084901
QAMYUB,3.0498521,3.1838582
VITCUW,4.423755,4.1194115
DIGMEO,3.637074,3.6604085
PUNTOH,2.8982847,2.8622317
UFICAQ,3.7668722,3.1372178
NAFQER,3.2514884,2.8380518
GEXZEQ,1.8503742,2.169788
ADUGAJ,3.102098,2.7730756
GAJRAL,3.553807,3.6336496
NUMNOA,1.962213,2.2426844
JOJPAA,3.2735298,2.62466
GOJSUT,3.3538034,3.141998
RAHVAZ,3.2076783,2.8370512
CINWUT,4.502668,3.6775131
HAHSER,3.9328616,3.9093504
NEZCEC,3.6661901,3.1541271
JUTPAR,3.3796542,3.0803301
SERJUU,3.5459158,4.010267
JIJMOH,2.2950084,2.123488
ELAZAS,3.7086399,2.9802442
SIRRUH,3.3200612,3.0514455
JUCCOB,3.0378792,2.7646894
XUTSAG,3.7894576,3.1556165
QUMKOY,3.537208,3.185889
REKVUZ,4.0378976,3.9188375
NELQIH,3.4659142,3.1788077
XANJAZ,3.0027764,2.302179
ROJKIM,3.4256413,3.584736
XAJBIW,1.9755466,1.9729812
NEDHUC,2.4237182,2.4457078
YIXXOT,3.721157,3.1104226
MOMTIR,3.792451,3.6723113
TAHBOW,2.963864,2.6346548
KEVHAV,3.3333948,3.0342064
THPBPD,2.9627757,2.3147416
HUSLEN,3.1657727,2.4469738
HAWSAA,2.2626266,1.9543343
IFOPAW,3.0076745,2.9497757
SUPMIZ,3.1241393,2.947735
LUTGIS,3.926603,4.429804
POXSUR,2.70073,2.7818234
LASXUZ,3.224005,3.2618911
YAQXUJ,2.2182722,2.9202228
RAKKUK,3.6139443,4.021161
WECFUI,3.797349,3.3506973
NUCDOE,2.6329737,2.8848667
IRAPEW,2.3978674,2.2286835
CUXKOX,2.3243966,2.340201
QIHJID,3.2041407,3.1000974
EWIDIX,2.782092,2.4842894
IKOCOB,2.53338,2.3782167
WOMKAK,3.288496,2.941541
PIXKEP,1.5521375,2.0424712
IJEVEZ,4.049054,4.27995
ZIJKAE,3.8985753,4.215484
TAKNOK,3.2444136,3.4861908
QICZIN,2.088746,2.390715
TUDZOJ,3.3763888,2.9803326
NUXDOB,3.04958,2.773746
QIHJIC,3.4495873,3.129235
GAJQOY,2.6683486,2.7369332
WAHBAK,2.9894428,2.7008944
IBALAA,2.5420878,2.6615195
VERLEL,3.1061797,3.128975
KODSUR,3.1241393,2.650765
OFOKAX,2.1706524,2.330585
UFICEU,3.761702,3.1332748
RAJYOS,3.553807,3.4445229
OXEDIF,2.7864459,2.8438115
LICPUL,3.0386956,2.73754
AGUFIT,3.2972038,3.3472152
WIJSOA,3.1584256,2.5712335
LEXWIV,3.5167994,3.360458
FENKOZ,2.8971963,2.7376485
BOPSAD,2.3260293,2.7152798
KIRYEP,3.9393923,3.7062137
IFAYOD,3.0814173,2.6625123
VAJBEP,3.8003423,3.8968778
CEBTUB,2.124937,1.756793
PEYXEX,3.713538,3.0748382
CONHOF,1.8699665,2.1764774
ZEPGUZ,3.6226518,3.5133579
GAKSET,3.5257792,3.2783318
SUHFAD,2.9208703,3.038667
AZAMOF,3.2890403,2.8894765
EYINUW,2.478413,2.782472
OKUROB,4.4588575,4.089567
HACHUR,3.101554,2.7379303
NIHWAF,2.9744766,2.893228
QELSEF,3.3946204,3.3854082
XATRER,3.2904007,3.916071
USEWAR,2.5208628,2.6426594
ODUDEY,2.8484879,3.5033123
XOBNEJ,3.1869977,3.4937172
XENXOD,2.961143,3.3989031
PABKAH,2.8552907,3.2980316
COCTAR,3.1178806,3.1097293
SOQKEQ,3.3333948,3.0963366
RALMIB,2.4180038,2.758529
CAXQUN,2.3211312,2.3568406
ARIZEI,2.0035744,1.8298098
OZALUX,4.236813,4.3342676
UCOMOR,3.3638716,3.366586
LAZYAO,3.9723182,3.802365
GOJQED,2.913251,2.6519492
CAQYOJ,4.096674,4.0976276
KIWCID,4.112729,3.8325112
YEPDIJ,3.783471,3.128115
XILZAV,2.5633125,2.8723197
DOLWOT,3.6338086,3.9571893
DAJPAG,2.984817,2.5209916
JUJJAZ,3.2386992,2.7308717
ZEJBEY,2.514604,1.9109061
BAKSIR,2.3918808,2.157702
ZODQUE,3.2675433,3.1800137
DUBLAP,3.2944825,3.1399744
LEGKAJ,2.5722923,2.6872296
DIJXEB,4.4849806,3.811574
IXIFAX,2.3461657,2.2057104
EDONOC,3.1733918,3.2257392
GANNAL,2.8280795,3.0550513
KIJKEU,2.939374,2.5882592
OXEDOL,2.9263124,2.6129193
ECOKEP,3.7861922,3.5058782
LIPDIY,3.1864533,2.9302013
HIZBOH,3.6811564,3.133604
FAFCEV,2.6131094,2.6910002
NOXMEU,2.373105,3.6395059
VEVCIK,4.564982,4.1644506
XUSSOV,3.372035,2.7528799
CINVEC,3.6280942,3.6210606
ACTBPD,2.985089,2.7845254
VAZFUZ,3.4645536,3.0664365
TOGQEO,2.2963688,2.1204941
AZASEZ,3.0762472,2.7661045
RAHCIN,3.3831916,3.6596518
ABUWEZ,3.8155806,4.2017775
RILHEZ,1.8669732,2.677955
KOWREV,3.761974,3.2048607
EBEXAK,1.8081967,2.282427
BEXTOO,3.548637,3.4475987
DIDFOM,2.7154243,2.9726038
UVITAV,2.977198,2.6371245
OLUKIP,3.0536618,2.7149785
REMYEQ,4.380489,3.7772875
DIYBIX,3.9274194,3.1614442
WECGOD,4.992473,4.1862173
AZAQAV,1.8642521,1.823536
GIPXEJ,2.977198,3.2364485
ZETPOG,2.9023664,2.3080947
LABJEG,2.8259025,3.9706125
QAXCIB,3.6642852,3.5894039
ZIHBEX,3.2278147,2.620554
XUWHAY,2.5445368,2.5610528
MURBEH,1.9205797,2.249908
GIMXAC,2.0114658,1.8147719
DOVLEF,1.4773061,2.9351585
AQUXIU,3.5453715,3.0865097
QIWJUC,3.9372156,3.6454945
QOCWAG,1.3390723,1.6261456
HIBXAT,2.4743314,3.034787
ESUPUD,3.2890403,3.7690122
NEZREQ,2.8215487,2.5159082
WUNYUB,2.8514812,2.453802
NOMZUM,3.1869977,2.5156438
VILTAM,3.14999,3.0997992
VALKAV,3.1720314,3.4494834
YOZLOP,3.653673,3.1896434
AHAJEY,3.8996637,3.6223092
TAWXEW,2.640865,2.5357275
LUKVES,3.329313,3.3138475
RECTAV,0.97226286,1.8917267
RAYCAX,2.6947436,2.8619695
HENJIU,3.7954443,3.7982616
APADEB,1.976363,3.1459994
MITQIP,1.8658848,2.1191897
ENAXAS,4.108103,3.6597395
FIRDAN,2.5352848,3.1098974
CINVIG,3.353259,4.0070224
VAPYOC,2.1513321,2.5265903
BEQLUE,2.3712,3.5339
FIJFEL,2.7309346,2.9443262
QAXCUN,3.3282247,2.6924927
KOWRAR,3.3110814,2.5851808
UWAZAU,1.8356801,2.2299962
FIVVEM,3.3606062,3.5495358
VUGDOS,3.878439,3.5892441
KEGYIG,3.6906803,3.234788
WOYGAS,3.8180296,3.7477183
XUJXEF,2.3091583,2.4113362
PUMDAD,2.5083456,2.7144217
JUCCUH,3.056383,2.6451292
ZEJPOV,2.6661716,2.6364558
XEJXIV,2.5107946,2.2866645
NIJHUM,2.14589,2.3532076
DONHOE,3.0297158,3.0717123
ENIBEK,3.006586,2.7272038
TUYTAI,4.155451,4.16327
BOCPEP,2.2027617,3.2222073
OJUZAV,3.0193753,2.61439
YEJVAL,3.1271324,2.960048
KAJFOR,3.2792442,3.2177372
JEHYAW,3.2536654,2.9584546
EFUWAD,3.1132548,2.8548787
REVSAM,2.2141905,2.331039
YANCOH,2.8476715,2.2452216
DOYTIV,2.157863,3.0937757
JITZES,2.9456325,2.789448
FURGOQ,3.3924434,3.3622952
YEKJIJ,2.581,2.365666
PIFLUN,2.8218207,2.3941402
PAKXAD,3.395981,2.9994693
RESQAK,2.6952877,2.818947
HEDHAZ,1.8427551,1.9065263
IPUSUI,2.5924287,1.7196382
QADFAC,3.0844107,3.3860438
OHALAK,2.473243,2.5623617
VUCQOA,3.575304,3.0023503
KIXLUZ,3.9633384,3.8486297
SIHWIR,3.5938077,3.3226342
BEPMIT,2.635695,3.6086953
VIRFUZ,2.693111,2.534379
NIYBEC,1.9698323,1.8128922
MAJKAJ,3.7015648,3.1176841
GOSPOT,1.7281952,1.6451539
MIDRAS,2.1431687,2.6016176
ICADUL,2.8082151,3.0120957
XONBUX,3.453125,3.2666156
YURYEQ,4.3345017,4.397858
WELFIC,3.4348934,3.362432
FANJAI,3.0177426,3.2140028
LUMSOC,2.894203,3.258186
IQEBOV,3.553535,3.0271263
RAVYOC,3.2223723,2.9269392
TOTREB,3.3162518,3.3897858
MOQKIN,4.1908255,3.6126747
RALMOH,2.4778688,2.6750581
WUQRIK,3.45122,3.6125705
TOTSEC,2.793793,3.6801412
NEVCUO,3.4384308,3.294552
ZIWFIU,2.1883397,2.9587839
IBALII,2.5102503,2.3386235
OJENIB,3.3366601,3.078487
AQOGAQ,3.6765304,3.5338917
YAYZUT,2.920326,3.6622329
ICEFUR,3.6104066,3.6221118
WAFYEJ,2.403854,1.7741368
ZADFIT,1.9510564,1.9370514
NITCOI,3.0762472,3.3092012
YEFQUW,3.3870013,3.2438843
TEVYAW,4.3179026,4.0774736
OXAFAV,3.2664547,2.7383733
NATCAM,2.5510674,3.2020385
MEDKOX,2.669437,2.9937203
YUQLUT,2.9216866,2.5287158
VEDQOK,3.654217,3.6671119
BEPHOW,2.2378645,3.0207374
BOSKAY,2.8275352,3.090805
OZOKAQ,3.3445516,4.0406156
HAHQUE,2.3956904,2.5184798
HEBVOZ,3.6101346,3.817513
MISQIO,2.1804483,2.9518104
MAKBIK,2.8792367,2.9802277
BOCKOU,3.7921789,3.235025
VUHCIL,4.1867437,4.3064795
XECZAI,1.7752708,1.7379308
MATREG,3.6242845,3.3238058
LEDCUS,3.4223762,3.312171
USEVIY,2.2446673,3.131371
CISZAG,3.1249557,2.9422681
SAFBAC,2.5812721,2.8673434
ULUSAW,3.0267224,2.6408808
ZEJQAI,2.5709317,2.6245947
XORVEH,4.184567,3.6130762
ZEKQIP,3.44605,2.7462914
DEPHUB,3.6256452,3.5837688
SAMBEQ,3.8444247,3.413825
ZIWLUP,3.943202,3.654774
BESYEG,4.7859387,3.890839
VEJBIY,3.2057734,2.6250126
UCIFET,1.6484658,1.7288886
NERXAL,2.7897112,2.7131314
VEGDIV,2.7023628,3.4096103
XAHXUB,1.4019306,2.0277054
GONVIO,3.1159759,4.0491943
FEHSOD,2.715152,2.5504317
XELQAH,2.8310726,2.5137389
CAHWOX,2.5820885,3.1118665
UWAYEX,3.450948,3.3387663
JOZQUK,3.802247,3.4414845
GOXSUJ,3.0618253,2.8017912
ADUNOC,2.8082151,2.5165544
DEWLEZ,2.8215487,2.2010977
PAJQEW,4.4057956,3.734448
HONKUR,3.6631968,3.7157288
LUTBIN,3.890684,3.7175689
JAVLUO,3.238155,3.3151677
QOBJAV,3.286047,3.6438775
XONRAU,2.944544,2.915107
SUXXIT,2.9864497,2.5829518
ZUXWIA,2.272967,2.1718926
YOWGUN,3.477071,3.7616756
ROCVUB,3.7108169,3.391015
NUPRUN,2.475964,2.3625758
ZETDEK,1.0650537,1.2929758
OGARAP,3.4044166,2.4929883
WOCLEF,3.4811525,3.717903
DAWBEJ,2.6460352,2.3828814
HOGGOZ,3.3192449,3.0706723
HADBOG,3.4324443,3.5437245
BUJDUG,3.436526,3.4825425
POKSOY,2.70971,2.4560914
LIYYUQ,3.137745,2.9361563
AHOCIL,3.3535311,3.4248276
AZUWID,2.8346102,2.6637597
AQAQIU,2.7088935,2.7061327
VINVUL,3.2999249,3.863205
TOCQUZ,3.6272779,3.3429196
JUWDUA,3.446322,3.1732798
XELMUX,4.347291,4.1335034
QAXDUP,2.1151412,2.0651412
TUWKAX,3.2422366,3.355402
ROLPUF,1.3992095,1.9300407
FAJLAF,4.854239,3.9450316
MOBDEN,3.8231997,3.5915365
YAMFAU,3.436526,2.776445
WIVJUJ,3.477343,3.0129166
ZOQFOA,1.3994817,2.0742896
JADKAB,2.810392,2.5801992
PETYUL,2.4604535,2.280035
IWAFUH,3.0727098,2.9139445
CEQXEC,3.0974722,1.948455
EMEBUU,2.8512092,3.055185
TIKLOR,2.946993,3.621705
POPZEA,3.1584256,2.901685
YONNOF,3.4408798,3.0582964
CINXAA,4.3745027,3.5568628
BOYKIK,4.853151,4.164093
UWOMEZ,4.5734177,4.3119183
YATQAM,4.112457,4.031269
HOTLOR,2.3170495,2.1570587
SIGLEC,2.4294326,2.2256052
ZIDCUM,2.8329775,2.9129925
DAMJAC,2.937197,3.0642922
IXELEC,4.0642924,3.5708075
GAJMOU,2.086297,2.3491495
XABNIZ,2.8133852,2.902336
UNOJAJ,3.785648,3.0615473
UNABEQ,3.4022396,3.7359796
XARQUD,3.0882201,2.8825498
ATEGEM,4.0689187,3.6516037
FANSOC,3.6465979,3.8666105
BIDHEB,3.730681,3.5488548
NIBTEX,2.5728366,2.9421177
REQDEW,3.039512,4.200489
ICEGIG,3.1682217,3.197448
LUTGOY,3.116248,3.930654
HAHSUF,2.9521632,2.5677605
RIRTER,2.7562413,2.424471
CEGGUT,3.491221,3.1050417
ESUQAK,3.2808769,3.9303656
YIGYAQ,3.8310912,3.9895158
FICREQ,3.3083603,3.3813837
KIXYUM,3.4789758,3.3396096
XOQRIG,3.4376144,3.448738
SAXDAY,2.1684754,2.8970106
DOPRUY,1.8985385,3.0495665
MPPDBN,2.7859018,3.5915654
MUZHIY,3.6427882,3.7458766
DIBKAB,3.025362,2.5734525
BEZWUZ,3.4193828,3.1356592
QIXSIZ,3.874085,3.0425806
ACIWER,3.8104105,3.881784
TEGDUF,0.5907592,2.430519
TAFWEF,3.1927118,3.1744905
XAGLUN,3.0297158,2.6276097
MARNOI,3.976672,3.9772267
CAQSOE,2.6131094,2.601865
ZUXWAS,3.111622,2.8155794
TANDUI,3.1850927,2.7861938
RAVYUI,3.4852343,3.58862
WAHBUE,2.8122969,2.821621
WAZSUO,2.0299695,2.1660562
TPASPD,0.24218133,0.45276332
ARAMIQ,2.3045323,2.3816438
BILDUY,3.0354302,2.6665719
WUFDUW,2.597599,2.420064
DOGKOB,2.3311994,2.0401716
TITFEJ,3.0909414,2.3476439
KUFHUP,3.36496,3.1961982
LIGFOW,3.5478206,4.1751475
RETNEL,3.6455095,3.7306728
FAYVIN,4.1388516,4.1810493
RAMDEQ,1.9589477,2.2456026
DEXCOA,2.9401903,3.0467014
ATUCEY,3.9935431,3.7252507
SEFFOZ,3.6055086,3.0462499
HASMEV,2.9959736,2.7362976
SOQFUA,3.2114878,3.5523057
KAJGIM,3.2819653,3.2225
CAMTIW,1.9377228,2.2100298
GAFBAQ,4.0131354,3.8769367
NAHMOZ,3.3589735,2.9710138
RADMAK,2.1521485,1.971998
GADNOP,3.2155695,3.2060966
KEXWES,4.136131,3.8181674
ZIJMEN,4.0215707,3.6294298
MISDID,2.4702497,2.2391663
CAXQOH,3.0288994,2.8393939
ROHREO,3.716531,3.7022414
BAQJAF,3.3246872,4.2422395
CAPHUW,1.9140489,1.9825666
AMAFAX,2.894203,2.484188
NEXXAQ,1.6748608,2.5909617
LAFPOA,3.2346175,3.4252768
KASTII,3.5094526,3.6318731
IPOSAI,4.2531395,4.0632524
VESWUL,1.9951389,3.0837805
LICLOB,3.885786,3.307473
KUZROM,2.3480706,2.0700617
XIXGIU,3.4710844,3.407916
OLOBOH,4.1758595,3.8936014
PAGVAW,3.1772015,2.850254
INISIJ,3.4449615,3.9321184
JATLAU,3.7442868,3.7069755
SEVLIP,3.864833,3.6472056
LINGEV,3.3061833,3.7370534
BIKRIX,3.9829307,4.126976
PAKLET,2.138815,1.9996477
PUKMAL,3.4612882,3.4930086
UDETIJ,3.4743497,3.1591258
YISPEX,1.9034364,2.0044222
IWEJUR,3.7625184,3.3818312
VESQIT,1.899899,2.2327523
REDYUX,3.0286274,2.7544518
REPBAS,3.8689148,3.7267704
WEPVEV,1.6724118,1.5597204
QIHKAV,3.5793858,3.1849544
BABTUT,4.236813,4.3536577
ABAFOZ,1.8076524,2.6126008
BUWPOZ,3.4430566,3.5071301
CUKVIP,2.8999174,2.5060146
BEXPOM,1.9725534,2.1704261
NIMYAK,2.108066,2.1187148
CIJBOO,3.1012816,2.777691
KACGEB,2.6229055,2.6108046
QICZEJ,2.6038575,2.597213
QEWLUA,2.801412,2.6709538
TIQBIF,3.436798,2.8644114
KEKTEZ,3.7040138,3.377351
ELOTII,3.4250972,3.4546902
QUSZOV,2.3448052,2.117076
LOFWOT,2.1951425,2.6936216
ZIQWUR,2.4816785,2.2906735
MAZJEF,2.7537923,2.892988
DEZZAJ,4.110552,3.7443497
LEDTEU,2.7420914,2.5988536
QASTIQ,1.8901029,2.2975583
ILEPOE,2.8566513,2.6833675
LIVTOC,2.3282063,2.3348656
BIZHIE,2.5001822,2.2242522
ZIFVAO,1.5480558,2.255356
PATKEC,2.712431,2.7199602
NOLHAY,3.3140748,3.0936105
QELDOA,3.3891783,3.3871326
IMIYIO,1.0424682,1.1863211
UWAXIA,1.8631636,2.209067
GUMHIG,3.701837,3.4681213
TUVXEN,4.0566735,3.3308196
AXUDAY,3.802791,3.386402
MAHFIN,2.433242,2.273458
LEGTIA,3.7584367,3.292544
ZIQZOO,2.841957,2.8227968
XOQTOO,3.2650943,3.3563166
KUJHII,2.8196437,2.9487388
CASZIH,3.0359743,2.864938
IJIFAK,3.2996528,2.7007997
CIJBIH,3.4974794,3.5947225
XEDBUF,2.3807242,2.321609
GIVTOW,2.8865838,3.3157783
HAKDIJ,3.5197928,3.354343
OVOYAA,2.8514812,2.3807864
TEWLIT,2.8811417,2.6743708
FETFOB,2.3722887,2.222932
SEZVUQ,1.6337717,2.1544318
JESFIX,3.6452372,3.519405
HUKXES,2.466168,2.1474872
IPIROP,3.450948,3.2282271
LAJNIU,2.4612699,2.473537
QISHEG,3.1328468,2.7619698
SONBON,3.568229,3.6891415
CUXMOZ,3.376933,3.4820316
PUNKEP,2.9834564,2.1928647
KAJFIL,3.3110814,3.2200794
MERLAW,3.0601926,3.3613539
MAGQOB,4.8145103,4.167548
XORDUF,3.0699885,3.0064197
KIFCEK,3.2702644,3.4048297
XABZEG,3.2795162,3.6158774
FOKQAX,3.8324516,3.5768654
FOJNOI,3.7241504,3.2306256
YIPLAK,5.3040433,4.5476017
MOTCIH,4.216132,3.604547
NIQKOQ,2.9404624,2.3315835
TEPWIW,2.6103883,2.107148
EFUYOT,3.6928573,3.6904857
KUYMEY,3.7935393,3.366546
NEZQUF,2.8299842,2.4400723
MOKJOL,3.242509,3.0287776
IJIDIQ,3.2999249,2.6815789
XODPEL,2.9105299,2.7448158
MEYKOT,1.8101014,2.188794
WEWJOZ,2.4514737,3.0854478
MITLUY,2.8253582,2.818443
MECHEK,3.2947547,3.5100496
SEPYUI,4.379945,4.2619677
FISYUC,3.555984,3.8703635
FUMSAI,2.6340623,2.429801
NADXEY,3.668367,3.7564049
TUBKIM,2.5733807,2.2794445
QOWNOG,2.5641289,2.5921903
UMUJAP,2.5505233,2.34146
LUDRAF,2.1145968,1.8529491
EFUWEH,3.1137989,2.855009
SANBAL,2.5652175,2.9437366
HEXJAX,3.6074135,3.0675633
LEZYOG,1.8881981,2.1800718
ZOXRIP,2.9616873,2.3814602
WICHEW,3.0324368,3.1759794
IREVIM,2.0895624,1.4101385
JESGEU,3.6368017,3.5163684
RANQUU,2.8308005,2.964646
NEKKAQ,3.4833295,2.8621688
WOLZOP,3.0297158,2.6314983
GUTHAG,3.0520291,3.3401153
SALZEN,2.3292947,2.0644457
MOBBOV,3.3929877,3.1425714
SASMOP,3.386457,3.2304301
DIGRUJ,1.9750024,1.8717325
VUPVOT,3.410131,2.9900396
YEFLIH,1.8607146,1.8002374
QASGID,3.448771,3.6333046
QIDGIU,3.8221114,3.4910307
NEGFAH,3.0408723,3.7165895
VOGPAK,4.2308264,3.496845
BIWYIP,3.4046886,3.0450644
PIFNAV,3.4852343,3.5554764
YOWGAT,3.6942177,4.064967
IGETIZ,3.2920334,3.3388472
ZIHWES,3.4659142,3.0807495
TEVXUP,4.332597,4.062016
RUCKIK,2.2544634,2.3287103
WETDUW,3.3472726,2.7681112
ABUYAX,1.8797625,2.1989236
GAZHUK,3.6387067,3.1377132
ZUQFUM,3.348361,3.1086469
YEVMES,2.6604571,2.8101063
LOSBAX,3.4806085,3.449419
BODDON,3.1293094,2.5831141
MUCCUI,2.129563,2.1900787
EFMXPD,0.2179632,2.0175757
EWAMUM,3.0095794,3.2048047
NEPVEL,3.9921825,3.596354
SEWTAQ,1.768468,1.8081596
TURKOG,2.1965032,2.5067968
ZIRDOV,2.9758372,2.6962574
YIYJOG,2.1924214,2.1713371
IBIWEV,4.516818,3.7910419
RELDAQ,2.4909303,2.2917793
PAGRAQ,3.1246834,3.3315513
BEBHUO,2.1513321,1.981349
HAZVUZ,3.386185,3.813631
VISWUR,4.523893,3.8258374
YOGPOB,2.968218,3.075668
TABZOL,3.417478,3.7278166
CEZVUB,3.2229166,3.4786713
WUFDEG,2.6901176,2.366518
EGUDIU,2.222354,1.5527408
BUYWUO,2.7921603,2.5663195
ABAGAM,2.7426357,2.3346639
WAJHUK,3.2378829,3.4656577
ZIBBOE,1.338256,1.6975571
IQISIL,3.6457815,3.5797756
WECFIW,4.0378976,3.821946
VANRAG,2.78182,2.3667557
QABFUW,3.0868597,2.8631496
KAHTOF,2.779643,2.8458767
WIQLIU,2.8814137,2.7124467
VEVCUW,3.6229239,4.2522306
AFOHUY,4.142117,3.5206013
OKALAN,4.027013,3.5637653
ZODQOY,3.2101274,3.1158164
BIBGAX,3.8561256,3.4856098
ENUZOD,2.920054,2.9483469
ICEGAY,3.3951647,3.390924
COWQEL,3.4006069,3.242302
HIGJAI,3.68034,3.8404114
EHAWIV,3.1004653,2.986042
ZAFCUE,3.3045506,3.0950387
TADREY,2.3453493,2.1765308
EPOMOM,3.1717591,2.5171013
QEGJIV,2.719506,2.8010259
DUKBER,2.2999063,2.8827448
RAHJAM,2.6253545,2.6373496
DEFGAZ,3.616121,2.9612515
JOQYIA,2.9184213,2.8535364
YEDKAV,4.1304164,3.2855957
TOKFII,2.8887608,2.362399
YOGPIV,2.9494421,3.1076093
WAHCAL,2.27079,2.6544068
MPYCPD,3.1622353,2.9269502
QEWNOV,3.4169338,3.0375416
SEZWIF,2.5780067,2.3214288
UMAPAB,3.2283587,2.5345762
ZARQIV,2.1807206,2.389272
NIYLEM,3.467547,2.8267863
DAVZUW,3.0705328,2.747561
AWIGOC,2.2577288,2.2890596
PAJPEV,3.7625184,3.5581796
ICUWOT,3.244958,3.6362858
AMACAS,4.4942327,4.2495604
EMOJIZ,3.3660486,3.7810528
HIQWAI,4.4485173,3.8811986
NONRIT,3.9350386,3.8137603
TISGIM,3.1001933,3.2377596
XEMSOY,3.9021127,3.2268004
MODVIK,3.2084947,2.7795084
RINTAL,3.3978858,3.6597297
YEKSIT,2.8650868,2.9268744
ABUCAC,2.9913478,3.0937412
OQANEB,3.302374,3.5978003
ATOGEW,3.1728477,3.111612
VURJEY,2.6079392,2.2518227
ZAYVEC,3.7791173,3.6549296
HUJBET,2.1328285,2.4406562
OWEFUS,3.1252277,3.723351
DOCNOY,2.6762397,2.5409374
AHUDIR,3.773131,3.9757867
HIBVUL,3.783199,3.648725
SAHZEH,3.9475558,3.596514
MPMSPD,3.2612846,3.7148511
KEMMUL,3.2076783,3.4122665
AFANAY,3.2523048,3.205345
UXAHAE,2.076501,2.4284809
DAXHES,3.2754345,2.392266
KENNOH,3.4640095,3.4642482
CIJGUY,3.2781558,2.9143171
YABVUU,4.4626675,4.0462227
SEKPIJ,4.1481037,4.243302
XUNNAV,3.0629137,2.870085
XIWVEG,2.4971888,2.605531
LASDEP,3.0939345,2.7333114
DAGMAZ,2.3023553,2.251797
REDYOR,3.0933905,2.6264472
HUXCEK,2.7184174,3.0153906
UMOYOL,2.6990974,2.7958364
IGENOY,2.0901065,2.12914
HUVGAH,3.1739361,3.2657852
UJATAA,2.3282063,2.1797252
WIYNAV,3.578025,3.5318818
SOTZUX,1.7056097,1.8886677
CENXOK,3.1733918,2.6986866
WIWPAW,3.797349,3.5660758
EGOGAJ,2.810392,3.6275928
UFIYEQ,3.3551638,3.311754
KEVHEZ,4.1932745,3.3723707
GOGZIN,3.1608746,3.5661137
GEFWAS,3.0269947,2.92693
XUHVOL,3.133119,3.0686066
AGEBEU,3.4036002,3.4216921
USIWOK,2.2841237,2.8556626
KECNIQ,4.2860656,4.222605
WUFCOP,2.0558202,2.2040253
IBIDOM,3.3853686,3.1489282
IPOQOV,3.009035,2.5728583
QILCAP,2.425623,2.5134013
EHONUL,3.7935393,3.8095539
QAVGOK,2.8952916,2.677937
RABWIW,3.4781594,3.6531785
XOTBEN,0.94151396,1.4605719
EMOKEW,3.6857822,3.6423545
FILBOT,2.5752857,2.6131368
OREYIU,3.5227861,3.3280265
ALAQUA,2.843862,2.4454715
TOGRAK,3.625373,3.4798179
FEDPUC,4.173138,3.6873019
VAGKEU,3.4376144,3.0786827
ITOZEX,4.0542245,3.2287154
TATLAB,3.0887644,3.5268617
IVAMOJ,2.3722887,2.63682
MUZLUP,3.5053709,3.3636625
EGUDOA,2.229973,1.549445
LAJYEB,3.1127105,3.7801788
IMICOY,2.5023592,2.204008
HUHSIO,3.6177537,3.3435013
ICEGOO,1.1839675,1.7228416
YILRER,4.581581,4.259747
HUXGAK,3.9070108,3.4952564
NIVMAI,3.570678,3.07604
TURWUY,3.4710844,3.542314
GOJTAA,3.326864,3.1317565
NUBBOD,3.200059,2.7317097
HAGTAK,2.081671,1.9550667
CEPKAM,2.511339,2.3630176
XAWGIM,3.6582987,3.6373458
BAZLOG,3.1004653,3.0760815
BEZGEV,1.7989447,2.137037
LARKAS,3.4743497,3.4783535
ZIJYIA,3.1965215,2.4245305
OGAQOC,3.5222418,2.7818115
IRIMUS,2.9951572,2.9533677
AXEJAP,3.0593762,3.2911181
NIYJUB,3.0604646,3.1345737
BOCKUA,3.6553056,3.1437511
CUXYEB,1.9739139,2.2589421
RIWTID,3.5222418,3.377985
IGOVOP,3.6523123,3.1670697
WIJTIS,3.2125762,3.0007148
WODDAW,2.8680801,2.38081
GEFXAT,3.0936625,2.792134
YIXREE,3.1195133,3.1984477
WETFAE,3.4123077,2.6663003
PABKEL,3.1143432,3.2934554
JOJJID,2.6022248,2.5722363
WOHSIW,2.4892976,2.5231712
NEWYEV,3.5301332,3.850089
UDONUW,3.4074097,3.1527908
JAQKER,3.4656422,2.9688928
CEZWUC,3.206862,3.508547
MIQMIL,1.8699665,2.2870672
HIGZOM,2.5649452,2.5931475
SOPDUY,3.22591,2.9015598
ZIMWOJ,2.6354227,2.511757
MAKWIH,3.8482342,3.2490678
RAYBUQ,2.6128373,3.3632243
RAZJIN,2.4373238,2.3452563
TIWJAM,3.8757176,4.121116
PAGWEB,3.271897,3.2417676
SOSNOG,4.2836165,3.3376029
MAZSOY,3.735307,3.359545
HECGUS,2.6697092,2.737491
EFIHEJ,4.0310946,3.9039226
OWEVAO,2.1154132,1.8390201
KUSQAS,3.1733918,3.4766026
ZIWFUG,2.4465756,3.0804975
CYSXPD,3.190263,3.8436756
NIKKID,3.737756,3.1174834
CUCNIZ,3.9500048,3.8728554
VUMMEV,3.3761168,3.392674
IKUTIS,3.4376144,3.0406942
IVIRAI,2.100719,2.1226058
LEKRUP,3.3235986,3.404571
QIHKEZ,3.2498558,3.1782076
GIWCOE,3.3763888,3.0592477
WUFNAM,3.8539486,3.9692311
LIHPAU,3.4743497,3.1889951
EBUJUJ,2.5973268,2.941507
UHODAY,4.3766794,3.4071102
BUCQOG,3.6191144,3.601805
XEVGAJ,1.9962273,2.4333854
QACKEM,3.620747,3.41775
YOKXOL,3.209583,3.2433813
IGIZUT,2.569299,2.4747827
WUMZOT,3.080601,3.0199752
PARPEG,3.176113,3.0624204
XATPEP,3.0898528,3.294787
WOMROI,2.918149,2.6698475
TEHWUY,2.296641,2.5992844
DELLAK,2.635967,2.8163705
RINSOY,3.778029,3.6032293
AHONIV,3.0297158,3.1055737
NEHFEL,2.9284894,2.6306891
WUFGOT,2.9605987,2.442133
XAHWAH,2.9148836,2.7556581
ZUFWOO,2.6506612,2.6279268
OQOJAG,0.12245124,1.6846848
FOQYAL,3.8536766,4.036002
MIYCAB,2.4827669,2.6372695
FILGUD,2.2585452,2.0959933
QIYWAW,3.1137989,3.6594093
TORCEK,1.8767693,2.2251232
CUPZOD,3.0577435,2.3115997
YEKMEH,3.4193828,3.2285502
JIHMIZ,3.0977442,3.2517455
EMOJOF,4.1353145,4.248755
VUVBOF,2.896108,2.6857772
SEDREB,2.8623657,2.5110497
MOQMEM,3.7369397,3.4417303
UGACEL,3.1695824,3.095564
RINSEN,2.5970547,2.896613
MORKEL,1.7847948,2.2003732
KUYMIC,3.3548918,3.3525455
LAMQAT,3.460472,3.920426
POJKEG,3.152167,2.6671884
XONWII,3.6357133,3.3815937
ZOHJEN,2.9894428,1.7518802
EJERUI,1.0772988,1.5584368
OZUHOH,2.401677,3.2732866
MAQNOK,4.1521854,3.600768
KEQJAR,2.5374618,2.6437836
ROBGIA,3.5603378,3.19627
GUMHEC,3.7663279,3.340952
IBOBOR,2.3673906,2.3542728
ODOXOV,4.184023,3.9629278
DARNAN,1.7075145,2.106119
LINMOL,3.206862,3.180216
ZAKHUR,2.311335,2.2292116
SISDOQ,3.5480926,3.6860273
EZIVAK,3.2724414,2.8107774
KODGEQ,3.3235986,3.3536303
KUTTOI,2.7611394,1.8225744
ZEKKEH,2.4811342,2.356531
RISRUH,3.2278147,3.2457185
OJOLIJ,2.997062,2.8969712
LADXOG,2.7886229,2.5141954
YARMEL,2.815018,3.5374038
TUWSOU,3.7255108,3.4845586
DOLWUZ,3.2133925,3.6973133
TAPNIK,3.1679497,2.9691794
TOQBAD,4.8123336,4.418526
TIMNAE,3.1543438,3.1757596
XUYYEV,3.0163822,3.1580503
OZISUM,3.5312216,3.374135
KUKXOE,2.2863007,2.5971174
CAMSIU,2.8182833,3.1799612
AGIWUJ,3.59408,3.9438198
JUGMIH,2.7815478,2.2497804
QAQGEU,2.3774588,2.756322
GUXQAT,2.6664438,2.372398
NIVFIJ,3.212032,2.7969108
XARXEV,2.518958,2.5178099
YEFLAY,1.9260219,2.220461
DEXLID,4.00987,3.4858081
CEGZUJ,3.7053745,3.1181252
BAFKAW,3.1102614,2.349322
IBUXOS,2.3075256,2.832424
LEXWER,2.5867143,2.83619
HESTIL,3.0482194,3.044075
SICNID,3.4642816,3.0624511
VAVHUW,2.5543327,2.6282125
DETCPD,3.2346175,3.2825403
AHAJOI,2.7570577,2.9033422
EMEPUJ,3.1219623,3.1285808
RIWNIV,4.258582,4.1661587
TABSOH,1.7592161,1.6749384
NOQLUB,3.1747525,3.3565292
XOKNUG,2.9714835,2.410781
GEXGIC,3.5938077,3.6134737
QOPXOK,3.6631968,3.6858206
ZIHBIE,1.98371,2.3664489
GEWYEO,2.937197,2.7829325
YOCNOU,3.8185737,4.052917
FEMTID,2.6582804,2.4818916
QAYDID,4.32008,4.009155
SOCWUE,2.324941,2.2323203
YIXRUU,3.1646843,3.1293757
MUZLID,3.3684976,3.586558
VUCZUP,4.9404993,4.1687436
WEGTUY,2.1135085,3.6058178
KEXNOQ,3.1755688,3.4708927
WABRAS,2.7053561,2.6173356
BAQSER,1.947519,3.559887
ERIFIV,2.119495,2.1653533
FAWNIC,3.4215598,2.6102564
YAZQEW,4.0838847,3.5882854
XIDQEI,3.2397876,2.7458053
MECDED,2.6903899,2.4818988
VUGNES,3.4974794,3.3339126
KEVQIM,3.443873,3.00352
SUJBUW,3.7312253,3.1069982
FULWUF,3.2797885,3.2137117
GOMNAX,3.2316241,3.0798762
HAXKUN,2.5325637,2.5156717
KIYWEW,2.2370481,2.7577963
PEMVIO,2.4427662,2.4580252
RAJZEJ,3.0482194,2.4709995
QUJBUU,1.8209859,2.0979419
LIVCOL,2.872434,2.3524084
VICDIW,2.8754272,2.6219382
HOJDOA,3.5568004,3.7163105
FICBIC,3.8101382,3.4718137
AKETAM,2.25147,2.1641207
JIZMUB,3.4084983,3.3445282
GOFKOE,3.1943445,2.924933
GASNOF,3.6172097,3.3311274
CULLIE,5.279009,3.9968905
BEMZAW,2.934476,2.8031728
WEQDIG,3.429723,3.2652307
ROJWOD,2.796242,2.9539773
HUXSID,4.074633,3.8652668
KAKDEH,3.0808733,3.841251
YABWEF,3.778029,3.5852134
NAPZOT,3.1480854,3.2640524
REDKUI,3.4735334,3.7001703
SOTBUA,2.9480815,3.1737509
FOCMIU,1.5992131,2.0926828
NAXRIO,2.2925594,2.348462
ZIGDUQ,3.0084908,2.8441386
NIBQIA,3.7339463,3.4526927
IZUSAZ,3.6446931,3.2317584
ZIHWIW,3.350538,3.5658715
HESTOR,2.752704,3.2200181
HIHRUN,1.6258804,1.9478855
XUWGEB,3.2231886,2.8531828
KELRID,1.9575871,1.9063513
VUBXAT,3.4117637,3.1569061
DEYVOT,2.5970547,2.7746868
DIGLEN,3.1053634,3.1424723
LUCWEM,3.5851002,3.1103928
GUQWOE,4.0261965,3.7172916
BAQGUV,3.783471,4.0151825
XUDTUN,1.6188054,1.887998
CUBTIC,2.7752893,1.9297955
ZAFSAA,2.8601887,3.811277
FEHJAE,1.6626157,2.4947255
PEMCIV,3.6582987,3.7749398
VAKWIN,3.366865,3.9928224
NIJYAJ,3.1219623,2.8020692
YEDJIC,3.7012928,3.259346
LENZIQ,3.0196476,2.4469178
SOSRAT,3.161691,2.5950108
CEKKOS,4.3891964,3.7862499
BOFPIW,3.2484953,3.2353055
ONOYAT,2.4822226,2.8145316
CEJBIF,1.7537738,1.9549248
MAZTOZ,4.067286,3.2733305
EJUGEW,2.9208703,3.2387247
ASINUL,1.4288698,1.9102938
FEGBEA,3.2757068,4.0948486
MORJOU,2.217728,2.3348703
PUBQAE,4.1287837,3.7372465
BOYQEM,4.211234,4.0105658
TIJTUC,2.2242587,2.202934
YEFNUT,3.4248252,3.1969903
LIPDAQ,2.1570466,2.578225
JEVWOX,3.2378829,3.5144563
EZUYIH,3.408226,3.539723
HOHJIZ,3.9325895,3.3311462
LALRIB,2.8025007,2.717203
GUMHUS,3.4827852,3.378725
QAYDAV,3.9821143,3.2793334
DORXUD,3.2180185,4.017481
GEXLIH,3.0294437,3.5303876
KAKCUW,3.4441452,3.3433213
XEVBEG,3.6645575,3.798358
KUJKIK,2.9557009,2.6924539
LETTEL,3.6384344,3.3604534
VIVFIR,2.4599092,2.33357
LIYGAC,3.044954,3.4410138
IJOHOG,3.8904119,3.4748783
GOQBEV,2.671342,2.624389
SAKGAO,3.4465942,3.7332654
YIVFEO,3.3418303,3.4004645
ECIWOF,3.5031939,3.485252
FUTMOX,4.1268787,4.014867
BOTBER,3.7576203,3.7631261
ODOWIP,4.1592603,3.613411
GUMKEF,3.1271324,2.889823
NURJUF,3.150262,2.8930943
ZOJHUB,2.9597826,2.6082332
XAHVUA,2.9208703,2.749753
QOHHOM,2.9883544,2.9739082
FOYCUS,3.099105,3.0990033
IGOTAZ,2.9744766,2.8883495
QACBIF,3.589726,3.3477283
BUJDOA,3.5214255,3.5556285
PABYUN,2.3853502,2.1035428
FOFVAY,2.4433103,3.134049
YUCFIL,2.7918882,3.1220193
KEYBOG,1.101517,2.0326378
MBZPSP,2.9410067,2.8810909
CONZUD,2.1823533,2.223677
YIZLUP,3.058832,3.046763
BAJHEB,3.3284967,2.8689997
POYQOL,1.6383976,1.939019
NEDXUQ,3.058832,3.0696793
FAJGIH,3.6444209,4.125035
CASTOH,3.3524427,3.3567138
QAGCAE,3.1412823,2.9396644
VEVGEJ,3.4738057,3.7598126
IJEVAV,3.6882312,3.6784194
KOCNOH,1.6623436,1.882688
FOLDOZ,3.7260551,3.214267
TOQQEW,2.5203185,2.417454
OMEBAJ,2.16004,2.1703277
YEZNUO,2.8090315,2.6255164
SASWOZ,2.3592272,3.1938202
VIBGIY,1.8658848,2.9349833
YOHQAN,1.8356801,2.199562
POYRUS,1.6998953,2.0693164
WAJGOF,3.6095903,3.4918065
OCECAD,3.0762472,3.2828538
MOJHEA,1.9790841,2.0671182
PEQYIV,2.5829048,2.9178743
NUXRUT,2.8612773,2.2239795
BEXPAY,2.9714835,2.6120656
XUPTIN,2.9518912,2.5691116
AMEJOR,2.0212617,1.9944805
XUDKUE,3.1551602,2.815573
IMUKEG,4.588656,3.9659567
DESJOD,3.2087667,2.9594696
XOPZIM,2.4560997,2.6262524
GABSEI,4.010142,3.2404947
GUSTAP,3.59408,3.648634
MOJYEP,3.6389787,3.2456627
CAMJEF,3.4876833,3.323624
MUVQUR,3.3611505,3.4086127
XAYPIZ,4.1625257,3.5042489
REVCAX,3.4381588,3.6394742
EHERUG,3.656666,3.4671252
ZUQHEA,2.7785547,2.37736
MIJTUV,3.286047,3.359206
KUJJAB,2.8476715,3.2821364
ITIDUK,2.6136537,3.1793118
ZIGCOJ,3.0101235,3.6215208
FISVAG,3.3981578,3.1960473
KAWSOS,4.1758595,4.3318877
SAYBEC,3.797349,3.281646
EYIWIT,3.2392435,2.5606112
FICJIN,2.6966484,2.6053379
JEFHIM,3.8558533,3.823094
HIZVIV,3.0596483,2.871834
GEBDUO,3.6626525,3.56865
SIBXOT,3.0898528,3.2549584
CIVDAN,3.7320416,3.502953
IDULAV,1.5559471,1.9979827
GOBDEH,3.692041,3.7732015
FIRBUG,3.9015687,3.715499
POBTUV,2.901278,2.9783444
LIXXEY,3.4313557,3.3126829
NOLROX,2.8163786,2.3196256
ZOSREH,1.8179927,2.0889597
PEWZIC,3.3423746,3.4935145
KUXRUR,2.281947,2.1899493
VERYOG,3.372579,2.9220908
KAFDOM,3.967148,4.0107784
IDEWAP,1.0288625,1.4024969
IBIDEC,3.3567965,3.2566552
BULSAE,4.0958576,3.9656587
HIBXEX,3.2400599,3.1328812
AGIDAW,3.0454984,2.8071296
ZAXFOV,3.3325784,3.4349484
YABPAS,3.4234645,3.3648064
UZEVEC,2.9717555,2.6823394
KORSOZ,3.8204787,3.8085246
SIYQIA,3.3665926,3.337201
JEBLIL,3.3908107,3.1336975
UVIKOB,2.289838,2.236761
WEQFAA,4.153818,3.553533
QELVAE,3.78075,3.3623145
JAVLOI,3.3761168,3.439003
BEVGIT,2.6974647,2.92142
VAGSOL,2.8955636,3.7269776
JIPGAR,2.2754161,2.1511142
ZOQKOF,2.9840007,3.1853507
JOTJEK,2.8158343,3.0702562
NEWYIZ,4.1159945,3.0497887
XEVLUG,4.0493264,3.69623
MUHSUE,3.515439,3.7439947
TAZCPD,2.7273972,2.4214249
WOPKOE,2.8065825,2.4503014
QURNIA,3.0084908,2.2849324
BANYIB,2.9121625,2.5375392
HAZCUJ,2.8517532,2.7893662
OBUTEL,3.309721,3.3480363
WIKWUL,3.1791062,2.903383
ULOTOE,3.4120357,3.30194
LIYZEB,3.429451,3.163677
DUBSOI,0.9401534,1.572471
TIXSAV,3.534759,3.274243
EKIRIA,3.0653627,2.8459883
AZOCEY,2.9649527,2.520643
USUTAE,3.293394,3.2223518
TECLOF,2.538278,2.2859616
RALMUN,3.408226,3.3446233
EFUYIN,3.8678265,3.0955756
SIGTAF,3.456118,3.9557722
EZEWOV,3.6623805,3.8823824
AYEMAS,3.8822484,3.8398137
MOHPOQ,2.6381438,2.604029
FELNUH,3.3361158,3.624333
ZORZUB,3.8558533,3.5245998
JIFXUU,2.6280756,2.6154165
TOZWOW,3.3069997,3.2949135
JIQKOM,3.2678154,2.9111168
SABTIB,3.424281,3.017422
MIFHUE,3.290945,3.033379
DUFYIO,2.6629062,3.4145243
YATVEX,3.1219623,3.3424673
MABTOA,2.9083529,2.2398567
FOTTOZ,4.1244297,3.5249834
SIWCEH,3.7527223,3.0612724
HIJJIT,3.6982994,3.7602372
YEDJAU,4.524165,3.8473306
NUXMAW,3.413124,4.0243
TAYGOQ,3.1010096,3.5169654
NETHAX,3.0547502,2.4981337
BUJFAO,3.4240088,3.4636104
KADGUS,3.1157038,2.8381293
MARNIC,3.9295962,3.8991804
TUDRUG,3.9992573,3.8769841
SOHSIT,1.859354,2.2139387
OTIYIB,2.3526964,2.8800604
AFUGEQ,2.1981359,2.3525515
BEQFIO,3.6231961,3.2085493
PARHUM,3.2509444,3.126252
DAHPOT,4.6526027,4.1327105
REFROK,4.313549,3.687259
RAMDIU,1.8939124,2.2138057
DAFQIM,4.185111,3.6853533
FAWHIV,2.2960968,2.0201883
QELQUT,2.733656,3.2797225
EWUCUW,2.1020796,2.1543524
HIPVIN,3.6667342,3.301694
FEWYUE,3.7470078,3.4989705
RESDUO,2.1145968,1.8523188
LUTCOU,2.7026348,3.0823789
DOQTOT,4.1072865,3.3392706
LUCWAI,3.8958542,3.6025627
PIJNOM,2.478413,2.0835161
OBUYAM,3.6846938,3.2320545
VONKAM,2.6952877,2.1366513
HANVAW,2.2139184,2.7189815
TUNPAT,4.5260696,3.9796724
OTEFUQ,1.5178511,1.7874618
BOFPES,3.3510823,3.3211546
EWOWUJ,3.5461879,2.6576264
ISELUN,3.0939345,2.7946546
UXIKOD,2.917877,2.5548048
FONLAY,2.3173215,2.6745076
KIQSUY,2.284396,2.2075856
IKUTUE,3.4838738,2.956926
QARWEO,2.3102467,2.4598691
QETXIX,3.145364,2.9938598
BEXTAA,3.642244,3.4569247
KILLIC,3.5219698,3.1825469
INAJIR,2.903999,2.9112575
WEBLEX,3.5143507,4.1392574
KUXLUM,2.465896,2.2925143
FLVPDA,3.3630552,2.9395373
XIZJIB,2.2522864,2.2362244
DIXXEN,3.328769,2.6284041
XEXZOQ,3.8106825,3.7470343
ZEBBEN,2.9916198,2.856369
ESEWIK,3.120874,3.1919823
ZOLNIZ,2.9434557,2.6308234
PIFYAE,2.899101,2.3051152
XOHGAC,2.5434482,2.4746318
TIYPAS,3.5554397,3.3198614
ECAREF,3.4909487,3.3226943
FOLZAI,2.7739286,2.2591352
KAJGEI,3.3059113,3.2133667
QOHVEP,1.6960857,1.5885617
QIHJUO,3.4931257,3.4514403
HIHGOV,3.5010169,3.731452
FISLAU,3.5099967,3.1717868
BEQSEV,3.4201992,3.1308522
POKRUD,3.06373,2.6532278
XEJBIX,3.4599278,3.505916
ASECEH,2.6389601,2.8346703
SUDKIL,3.4528527,3.905807
ALIPAO,2.6944714,2.0586617
EBOGEH,3.945651,4.1019354
PIMPOQ,1.9984043,1.8343922
RIYYOP,3.9061944,3.3564389
GOYVIB,2.9064481,2.6263638
TEHQON,3.613672,4.1674886
ELOJIA,3.4332607,2.9603982
BOVKON,3.0966558,2.8089652
YUQLON,2.6438582,2.058638
SOPKAJ,2.057725,2.1431003
ADOFAD,2.2430346,2.2956376
YUZZUO,3.8095942,3.2912238
XATPIT,3.565508,3.5908067
QICKUK,2.822637,3.5607474
WEJDUL,3.5244188,3.3116312
SUHDOP,2.9214144,3.0719368
POGLON,2.8884885,2.8268516
JUWFIQ,3.8180296,3.3263326
XEYJOB,2.0283368,2.3839707
XUNMUO,3.3056393,3.2627256
OTULUL,2.9935246,2.160715
VUMREC,3.0416887,2.5563765
MOGPEE,2.6234498,2.5238366
ZIGDIE,3.1674054,3.0112414
JEXZAO,3.1469967,2.728393
QOJNOS,3.0433214,2.9328306
FIVKAZ,2.966041,2.806603
MAWQIM,3.4169338,3.149201
CUMPOR,2.8503928,2.4816258
KATQUS,3.2773395,3.144845
KAWGIZ,4.0716395,3.8704689
DIRTED,3.0142052,2.5551612
KULNEK,3.7611578,3.8354163
YOBWOB,2.712703,2.9170313
AKOZIK,3.1766572,2.9630637
EJAQIQ,3.4520364,3.2781715
ODOWUB,3.6234682,3.105716
KUJLEH,2.5238562,2.3997426
PALKEV,3.099105,2.7289727
PIFRED,2.6732466,2.515555
FESBAH,2.6762397,2.1937938
CORTOU,3.2762508,3.5356283
FAMYOJ,2.0095608,2.2039125
PIJFET,2.841957,3.0202742
WAPVIU,3.001416,3.1136646
ROBYAJ,1.8601704,2.044149
DOGKIV,2.4822226,2.658574
FUVNEQ,3.2710807,3.3775992
WEQLUZ,3.541834,3.3919308
MACGON,2.650389,2.2137144
OCOPOO,2.6152864,2.2964058
BUJLAU,3.2182906,2.6580887
UVIKAN,2.0465684,1.9742899
NONBEZ,3.1709428,2.7924554
DUHJUN,3.142915,3.0632536
LUFHEZ,3.8400707,3.5595534
LUMRIV,2.9616873,3.048632
ZEHBUL,2.9576056,3.230204
NISFEC,2.660185,2.3340647
CAKVIW,3.3233266,3.3712893
CIRDOX,2.9722998,3.0797646
EXIYIT,2.3782752,2.3378897
AVAMEQ,3.037335,2.8065817
DAKJAD,2.3415399,2.3033926
BOXYIX,2.5246725,2.7322567
FAZHIY,2.227524,1.9420831
LUYCUD,2.5698433,3.6167977
LUJCUQ,3.3091767,2.8177712
PULCUU,2.8503928,2.7149646
SAYZOI,3.2626452,3.3315954
DURRIS,2.172285,2.032598
BEJJAB,3.0215523,2.7533453
ICEBID,2.9820957,2.5103734
YEMGEC,4.6090646,3.9290395
NIXGIN,3.369586,3.3610415
PADVUO,3.3423746,2.9463294
URUGOE,3.7880971,3.733982
FOKJIZ,3.1984262,3.0869107
HAKHAF,3.2384272,3.0650845
IMUKAC,4.5630774,4.115788
KAVZIR,2.4920187,2.3728127
IGOVAB,2.6269872,2.2391696
EDANAB,2.9018223,2.4968867
EBOHAE,3.352987,3.600407
ROGYAO,2.569299,2.2241344
LIGSEA,3.22591,3.191966
QACFOR,2.9494421,3.3617797
MICJEQ,2.0688818,2.1170437
QIGCOA,3.8460574,3.877752
OJUYAU,2.9625037,2.6686249
IYAHAS,3.1363845,2.5348334
ACUSUP,2.858556,2.136639
PAQSIK,3.8300025,3.617365
CUDHUF,2.5888913,2.211654
CEPPEV,1.7145895,2.1337805
SIWKUH,2.9703948,3.0951955
HIGGUZ,4.0117745,3.558156
LORDOM,3.795172,4.1440105
ZIDZAN,3.5695896,4.1507616
LITXUJ,3.2917614,2.6451325
WUHGAI,2.7733846,2.4023812
APABAV,2.6125653,2.8527458
XENXUJ,2.552156,3.0040781
BABVUW,2.8838627,2.5570657
CIMFOU,2.9698508,2.8278983
HALGAD,2.6248102,2.9564052
UBONII,2.2503817,2.2109354
CAKYOF,2.7295742,2.530729
MATCPD,3.1268604,3.1765506
LEQPOO,2.9984226,3.6540327
NONCOK,3.4182944,2.7954872
XIMTOF,3.0819616,3.110562
HENSAV,3.5285006,3.6203249
TOTKOC,2.530659,1.9646204
GIBWIY,2.3409956,2.4257145
IYEYIV,3.7791173,3.4730916
REWQIT,3.6144884,2.9962983
JISVOZ,2.6800494,2.5813456
SOQMEQ,3.859663,3.578321
NONYUM,3.085771,2.465321
RUNXEF,3.2923057,3.5315268
MUTSEB,2.8552907,2.721854
RUJWIE,2.9159722,2.741515
CUXMIT,2.5276656,2.4367838
BEXMUP,2.8936589,2.641301
NEHXAB,1.1771646,1.8042221
OGONUT,3.0577435,3.9475675
REFPAU,3.467275,3.1197438
TOQBIL,4.022387,3.8580427
MISYUK,2.9026387,2.914703
LEWPAG,3.780478,3.585598
BUWFEE,2.5298426,3.1919236
XIWBIP,3.6177537,3.0977614
CADGOG,3.3157074,2.709553
RATVEO,2.7641325,2.4378219
BERBAD,2.1924214,2.989641
KARNIA,3.0465868,2.562414
WOVKUN,1.837585,1.5364112
LUHROV,3.51816,3.8645415
LOMFUQ,3.8506832,3.5398612
UKEBAN,2.9475374,2.8009439
TUVWOW,4.2123227,3.8310893
FISMEZ,2.3752818,1.8740605
XARPUB,3.2855027,2.769955
VARXES,3.2082224,3.5907683
GIYWAO,3.187814,2.3562078
GOXNEO,3.5306773,3.5071478
AHOPIX,2.0830317,1.6952227
HAKKEK,3.372307,3.182308
QAJDOX,2.6914783,2.9842272
LULNOW,2.081399,2.2188601
NANFAM,3.1358402,3.1308308
ATEFIP,3.7940836,3.8335967
CEKFEG,3.1241393,4.016469
KUBGAR,3.4313557,3.5516768
HOVMUB,3.2299914,2.7002134
ZENCUT,2.2258914,2.175726
WUCXID,3.759525,3.058273
CAMSUE,3.4618325,2.9473155
DAHPIN,4.9742413,4.5464315
MORLEL,3.1957052,3.5080419
PESGUQ,3.0838664,3.2708545
DUYVEY,2.1760945,2.335908
HIGNIX,1.959764,2.0999467
SEWTOE,1.8432993,1.7981486
QETYEU,3.0074024,3.4621305
TURDAL,2.9094415,2.8770418
MIDPIY,2.9026387,3.3458698
VOLJAJ,3.2308078,2.6163769
TUXSAG,3.0242734,2.988109
VAVJAE,2.468617,2.2470236
XEGBAN,3.3309457,3.2473774
KOCQOJ,3.5627868,3.5373764
LEYZOH,2.8999174,2.7485433
XUMJUL,2.6637225,3.10934
KIRXIU,3.4240088,3.0329912
FAJRIR,3.2460463,3.9276319
SEJWOV,2.5214071,2.3527615
KUPRAO,3.715987,2.9802413
VANVOY,3.3467283,3.4436998
XOVNIG,2.650389,2.4705706
ZOCYUN,3.0555665,3.5358357
KUYYAG,3.2438693,2.694236
PIBYOV,3.352715,3.316561
XAHVOU,2.4024932,2.153434
GERJOE,3.539657,3.632603
BUVNAI,2.9603267,2.9659858
UWOGOD,3.4490433,2.7794747
RIWZAY,3.3608782,3.4298089
FETXNA,3.180467,3.201337
CANGIJ,1.641663,2.2365067
VIVXUT,3.185909,4.042246
OJAGIP,2.9165163,2.5604024
XOZNUV,3.8580303,3.4365218
AKUKOG,2.8514812,3.0471528
FISYOX,3.4044166,3.5528808
WAQVES,2.729302,2.5971467
UTUQAD,3.821567,4.2695994
UBUCEC,3.0708048,2.9128742
LAXGAU,3.1967936,2.5840335
JOXVID,3.2569308,2.8681326
QACFEH,2.9913478,4.077319
GESFOB,3.5695896,3.7901425
FUZSEZ,3.6765304,3.8885872
XIVFOA,3.0163822,2.4004796
TEGFIX,3.635169,3.7763896
LUZMID,3.1350238,3.2288582
JIYVEU,3.2664547,3.074434
SACDEI,3.5255072,3.31443
AHEFOI,3.0933905,3.4494138
TAJKEX,3.7788453,3.7066507
HAPMUG,2.6090276,2.6489005
ABIFEZ,3.0765193,3.905524
FENRAS,2.936925,2.7966619
WABPUK,2.6541986,2.6387465
JOFTOQ,1.6895549,2.666629
NEKZOU,1.9102393,2.059706
VICPUU,2.803317,2.7063427
EFUYUZ,3.7015648,3.1812992
VOLDIL,3.1954331,3.6996431
LULCUR,2.8259025,2.7675922
CILYEC,4.323617,3.926412
XAYREX,3.3407419,3.362874
OYONOG,3.3108094,2.9952886
LIHQOJ,4.1315045,3.5624037
XOLFEM,2.8397803,2.6716595
GUSWAT,3.1763852,3.6152425
RAXVUH,2.8506649,2.2708902
IJONAW,2.9399183,2.5414095
GEMNAQ,3.9478278,3.3171883
XERBEE,3.4025118,3.2015915
DESTOL,3.4846902,3.8884945
QABGEH,3.3807425,3.4455454
MASBIT,3.7774847,3.545801
ZOBGAY,2.5826328,2.410615
LAZCOE,1.890375,2.1433418
IWOJAG,2.9116182,2.9060676
RAKKOE,3.6438768,3.8624637
VERFEF,3.1897187,2.9939325
EHUXOW,2.87706,3.169962
AGUKET,2.5352848,2.1500552
AMAFIF,2.9105299,2.4574628
CEBVAJ,2.081127,1.89452
ZOMHAN,3.2552981,3.4741445
ZIGSAJ,3.3295853,3.0071108
TUDZUP,3.4784315,3.1069465
MUVTEE,1.4329516,1.9037395
EFIMIR,3.0699885,3.0535705
VASVOB,2.432698,2.2423182
OLANIZ,3.534487,3.183586
DODBII,3.7704096,3.8038173
VERBUR,1.6590782,1.8663828
YOCHIK,3.4591115,3.2933354
HIXDEZ,2.6952877,2.787814
QUZYEQ,2.437868,2.3407125
FUQMEK,2.1714687,1.9184589
RIXDOR,3.4248252,3.921504
FUWQAQ,2.0903788,2.7072196
FOKDIS,2.430249,2.188096
UGEJOH,3.8226554,3.3978474
IHODEP,3.6694555,3.4967275
RICWOQ,2.6604571,2.1156633
JUNCEC,2.2454836,2.2403126
PEPCIY,2.7948816,2.6244395
TENGEA,2.186707,2.4668622
ADIJAZ,3.4280903,3.7928495
KUCYIR,2.418548,2.5985143
NELHEU,3.5641475,3.2537377
MAHZEC,3.7723145,3.919142
EVUZUR,1.8079245,1.982853
CEHJUX,3.9924545,4.2642794
LIVVAQ,2.2833073,2.178461
LIJCIR,3.9464674,3.5584745
KITSOX,2.16004,2.4736447
IDACUN,3.372035,2.5731378
BATTIB,3.1820996,2.934403
IYOVUN,3.2944825,4.157756
MUZZOX,2.9105299,2.491082
DUFYAE,3.4308116,2.7594182
FUVMOZ,2.9880824,3.5207832
VEBBUZ,2.0449357,2.5480814
CIZBOF,3.0332532,3.6477072
RELDIY,2.3818126,2.1982918
BAZTIG,2.9567893,2.8760316
XOQCOV,4.3124604,4.0118437
AVAGEK,2.356506,3.0491624
BEKLOS,3.6272779,3.7907386
NIRGOK,2.5965104,2.37782
HISSUY,1.3915902,2.054309
DIFMOX,2.956245,3.552314
LAYGEA,3.326864,2.8388116
MAHNAL,3.6041481,3.4150143
SIDQEC,4.2278333,3.808032
KIQGIA,0.93716013,2.336862
GOFNIZ,2.306165,2.2982628
KEQFAO,2.1848023,2.113656
OJOLAB,2.9595103,3.1442304
UPIQER,3.3535311,2.7831013
FUYQEW,4.096674,3.6557615
CAPNIT,3.69449,2.5659528
QALVII,2.8710732,3.1662087
CUDBOU,1.8963615,1.7697307
PIYBAD,2.72005,2.2386851
YOGVOH,3.150262,3.1243382
PEKHUJ,3.0814173,3.0651405
VAPJIH,3.591903,3.215158
KIFXAZ,3.2152975,3.2974603
SAGBIM,3.59408,3.5944433
MAKJIU,4.0106864,3.9552376
TAWYOH,3.1910794,3.4997227
FEHDOM,2.9578776,2.8173933
KAZKAY,3.0261784,3.391919
XOQCAI,3.2846863,2.7755437
OGOTAH,3.1815553,3.0277371
RAPQIK,2.9143395,2.8571093
BODTAQ,2.8193717,3.034823
KUXJAQ,2.0721471,2.1013584
BIBNEI,2.614198,2.5218296
TIXXUU,2.7497106,2.514956
RACNOZ,3.4256413,3.5471692
XIFDAU,2.4484806,2.4596295
XANHIF,3.1581535,2.6130676
QUFNEM,2.8699849,2.4197242
SACQIX,2.1341891,2.4226937
SUJYAY,2.9665854,2.4011395
PANKIA,2.9736602,2.7143114
CIKTIC,3.0667233,2.9409504
CAXFIR,2.896108,2.7081778
MIYBED,3.5834675,3.4239771
HOGGUF,3.3614225,3.3204267
XUHVIF,3.0321648,2.9710941
QOKKAF,3.5595214,3.832565
UZACOO,3.0171986,2.737187
JUHDUN,2.186707,2.9879503
IYUJET,3.281149,2.5144641
RINTOX,3.0895808,4.0031934
COZYOF,2.5804558,2.4193068
QUQTIF,2.3616762,2.3334017
GIBZAU,2.7850854,2.8975732
LUYTOQ,2.5469859,2.3655655
TEXSIA,4.2743645,3.7226253
HIZJUW,3.630271,3.5503726
FEKJUA,1.949968,2.1769643
JOGDOZ,3.3546197,3.1173465
TUHJUB,3.049308,3.0962193
TOPDEI,1.7232971,1.9324559
IVAPEC,2.7927046,2.4006622
FAWQUP,3.3494496,3.2704825
DASLOA,3.663741,3.3365111
ZEHJAA,2.595422,2.9284937
ELEKUB,3.0223687,3.005517
WEPXAS,3.4185665,3.653838
OWEJIL,1.4016585,1.5181925
XANHOL,2.4563718,2.3886409
XAHXOV,1.6479216,2.1720915
WUFFEI,2.788895,2.5228536
FERXOS,2.5105226,2.5937152
CAMCOL,2.9127069,2.947177
ZISKUJ,1.8177207,1.7069724
BITPIG,3.8098662,3.3463922
JUJHOL,2.7502549,2.9874992
NOTQEU,2.8898492,3.9551425
TUBCUO,3.6256452,3.6160514
UCULEL,2.817467,3.0331552
KIJTAZ,3.3350275,3.0049355
GAJNIP,2.636239,2.6092734
JEPGOB,4.055313,3.957347
PAPMEZ,3.1812832,3.2328532
XATPUF,3.6354413,3.7447927
YEJBUK,3.8466015,3.3904042
KIWDEA,3.9706855,3.800314
OCANIP,2.87706,3.1194222
WOPGAJ,3.689864,3.730565
XUTBAQ,2.473787,2.3935745
SUTFET,3.1197855,3.358772
WOFWEU,3.4476826,3.755731
FARZED,2.8433177,3.88969
XONTUQ,4.0561295,3.704937
NUFGOL,2.8672638,2.7761
WANNAB,2.958422,2.3250067
DEBPUY,2.3347368,2.4172125
ZEWTIE,2.5916123,2.9137492
BOYKOQ,3.4416962,3.650112
IWAFER,2.927673,2.8184564
XOCGEB,4.1404843,3.585918
IHUTUA,2.6060345,2.2860081
BATNEQ,3.3684976,3.611426
TEVMAK,3.7181637,3.5128095
CERDIN,2.26045,2.2102015
PEZWUN,3.1946168,2.6242788
IGOXAE,3.9344943,3.1529763
HESLOH,1.1801578,2.0754333
TAPWAK,3.4607441,3.065165
FISKAU,2.925496,2.761726
QOCWIO,2.146162,1.881422
ROKKAF,2.5031755,2.5217755
KOBLEU,2.818011,2.626721
NAFZAW,3.4387028,2.8822832
YAHNIH,3.484418,3.717319
IZIXIA,2.6185517,2.4983416
YIZHOE,2.8857675,2.8413167
NEKYUZ,2.121944,2.112438
XUJXIJ,2.4460316,2.473483
KISPAD,2.9554286,2.214252
GITXOZ,1.5768999,1.9135907
YAVGOT,3.4928536,3.6078718
CIDLIN,3.6191144,3.0268414
UVOWAE,3.3687696,3.366437
WEPXEW,3.3758445,3.4559417
JACMOP,2.7731123,2.535411
TEGFOD,3.5619705,3.7564173
ZIDQAG,2.535829,2.4827588
ZARQOB,3.366865,2.8803017
NEDHEK,1.940716,2.2818663
SUZHEC,2.2547355,2.51838
NEVCOI,2.863454,2.9789224
CINXEE,4.4444356,3.5759404
HUHVAI,2.4022212,1.8130093
RADXOJ,2.2890217,2.1626456
DASLIU,3.4248252,3.2320266
HAJBOM,2.4229019,2.8606339
JEWLUT,2.9674017,2.8544312
ZAXFUB,3.4631932,3.6431766
CATDEG,3.5597935,3.3431811
WIJVEQ,2.2756882,2.7025373
TOTBEL,2.731751,2.356046
LABJUW,3.248223,4.2444115
PUXXIR,2.9600546,3.1479301
JEPFIU,3.6865985,3.8936763
JOXREV,3.3660486,2.7974782
ZEJQIR,3.1241393,2.8901458
RAWQEM,3.1728477,3.6019952
RIWYEB,3.307544,3.582438
APAGII,3.0699885,3.0645273
GUNVER,3.458023,4.5661926
YOGWUP,2.1760945,1.8004128
VIHLUW,1.1270956,1.9045683
EGONEU,1.5064224,1.9556535
UZIGUH,3.24523,2.9640117
LIVBIE,2.7214108,2.3409224
OJAHAI,3.1023703,2.7150817
YILLOV,2.8854954,2.7574282
FIFHEI,3.085227,2.46411
EMOKOI,3.199787,3.2020519
LUCYAK,3.0952952,3.4408789
SOHLUY,2.4487526,2.3924267
DOSDAQ,3.1268604,3.0484114
JURSUM,3.326864,3.3579926
BUPMEG,2.0413983,2.2921011
PERWOA,2.0517385,2.0682273
IYAGOF,3.6166654,3.078795
DEYVUZ,2.8359706,2.7005363
DARCAB,3.3295853,3.407716
DATHOV,3.7314973,3.6794577
RUGWIA,1.9235729,1.8368636
YOWGIB,3.7859201,3.8522034
HOXBOM,3.44605,3.1607833
UDOPAE,3.0433214,3.1866934
FOSFID,3.2982922,2.6992729
QICLAR,2.7211387,3.7254367
MOHFEW,2.9510748,2.7004056
ZUQXUE,2.9279451,2.8812199
OCOPEE,2.7105262,2.3732548
HOQREM,3.843064,3.4445806
HODMIW,4.4349117,3.7500758
YIQSAS,3.4016955,2.9929543
WABPIA,4.366339,3.7355282
KAQBIO,2.2808583,2.4765284
HUWMUI,2.942367,3.1421359
YEVFUA,1.3994817,1.6213
QUKHEJ,3.610951,3.6254058
BIQRUQ,2.2811306,3.5570416
EWUSUK,3.9641547,4.0093927
AJUXIN,3.802791,3.547121
JOCWAC,2.449841,2.348305
MIRBEW,2.0555482,2.602972
LIDMER,2.63379,2.351302
FAWZAH,2.0343232,2.7896304
TUFSUI,3.4822412,3.3444266
BIJPUH,2.719506,2.8462584
ADIXUI,2.3747377,2.8928626
FUVNAM,2.3009949,3.1317906
KIXMEK,4.1119127,3.82977
DCMCPD,2.820188,2.5605514
ORUGAK,3.3875456,3.0177753
OWAFUO,2.5744693,1.949904
RAZXUM,0.12027433,0.32215548
UWOXUB,3.8123152,3.3878622
IDOCEJ,3.6272779,3.5776386
EGIGUY,3.6076856,3.207631
CUFQID,2.9312105,2.7600815
VEYSOH,2.5559654,2.1046038
FAYVUZ,3.7987096,4.0750575
MAKCEJ,3.4403355,3.370504
MAWROU,3.6925852,3.676471
IYAMIE,4.6604943,4.286572
HIJWUV,2.630797,2.3962407
MAZTUF,4.216676,3.663966
WUVYET,2.7976027,2.1630452
FIDBID,2.9279451,3.0587525
WEYVUT,3.904834,3.8250313
GISNUR,2.9951572,2.743282
WOMRIC,2.9135232,2.6704342
XOLXIF,3.2346175,3.1702585
HOSZEW,3.0512128,2.9734635
VEXWIE,3.881432,3.8359692
BAWBIM,2.9314826,2.3445528
PECQAP,3.4599278,3.4948559
HOSBAS,3.4762547,3.4464715
UDOZET,3.1271324,2.9681635
ODAROA,2.1913328,2.1711009
JOZVOJ,3.9393923,3.4436698
XIMHEG,2.6993694,2.1709046
UCONAD,3.0392396,2.7795892
XEYBEJ,4.822402,4.572151
NARPAX,3.087948,3.1593292
HUXBUZ,2.7668538,2.996168
XATNUD,3.2316241,2.8545055
DITYUA,2.7622278,2.44289
IFOYIN,4.0044274,3.6602101
IWEDUJ,3.1102614,3.0950146
VIQCII,1.8843884,1.7913244
IRAPIA,2.2601779,1.8489451
IGUWIQ,4.3317804,4.003185
PACLOW,3.1703987,3.1203163
VERFIJ,3.2052293,2.9842083
HAVQAW,2.1156852,2.2522042
MOQMIQ,2.7186897,2.7547603
NOYVII,3.4027839,3.2856805
RIWYUR,3.238155,3.4699078
HAHQIS,2.7241318,2.5514145
JOTPAM,2.7039955,2.863544
EKINIW,2.8310726,2.6934786
SIYZOS,3.304823,2.9904819
CAJNOQ,3.3192449,2.7931798
LANBEH,3.0329812,2.9060977
VIZPIG,2.5943336,2.2314546
ZIGPEN,3.1135268,3.0370865
LAJKEO,3.0392396,3.4528565
CEYPIG,3.7051024,3.954257
ADOFOR,0.96954167,1.5125932
GIYSIS,2.3559618,2.636979
TOCGUN,2.4531064,2.4902978
COSWUC,3.0792406,3.7340562
AWOGAW,2.9097135,3.0763533
TALXOU,3.7508175,3.6818314
IMEHEN,3.0384233,2.6193206
OCAZUN,4.3336854,3.4214535
JAJHEI,2.538006,2.8348873
XEYBIN,5.0371,4.6761785
FELXOJ,3.4302673,3.2219515
VAJBIT,3.7921789,3.7639234
POMZUP,3.4634652,2.6974096
BUNHAT,2.5842655,3.192028
YIZKEZ,2.810392,2.4254942
TIWHIR,3.0923018,2.785946
YIKVEU,3.0174706,2.41001
ENOWUA,3.458023,3.4161768
KOGVUA,2.666988,2.8122916
FIFHAE,3.137745,2.4772968
UNEYET,3.5252352,3.5475779
DAZZOW,4.030278,4.2392645
QUVWUA,3.2786999,2.6640596
TEBKUG,0.5586498,1.1266987
WOYFUL,3.6713603,3.4646034
VULXIL,2.3581388,1.7012533
KIFDIO,1.9325527,1.9155344
POTGIP,2.4174595,2.1615286
SBZMPD,3.1344795,3.2275684
DEWLAT,3.0689,3.5112681
SEHPUS,3.0503964,2.5130835
PENDOC,3.1818273,2.5875115
YADBEM,2.6112046,2.3347764
ECIBEY,2.8356986,4.387451
WUJQID,2.5129714,2.5856364
QAVGUQ,2.8890328,2.5831034
PINKUU,2.4147384,2.4861834
HINMAT,1.9627573,1.8812287
FORNUW,3.754627,3.8212664
KICSIA,3.4520364,3.8687491
RIPLAE,3.0795126,2.9975555
COKFIT,2.8324332,2.6201613
EMAWEW,2.598143,2.465748
PIPFEB,3.9715018,3.917469
QICYOR,2.2648036,2.0368629
MIDRIA,2.863454,2.6841981
TEBXIK,2.538006,2.2853496
DIFQIU,3.5997944,3.3702116
GONPEE,3.1102614,2.4430635
WABTUQ,2.167387,1.8786612
XIGYEU,2.839236,2.561805
OYONIA,3.3031902,3.000142
FASSEY,3.9187117,3.6164265
KIGSID,3.2357059,2.8456964
XAJSOQ,3.6406114,3.5452485
SEHYAF,4.5758667,4.225212
XANGID,3.4446893,2.3991988
MIWBIF,2.2852123,1.946024
JIRVEO,3.9353106,3.062953
FULMUV,2.731207,2.7173665
LIVDUQ,2.9235914,2.7269948
UCEWUX,3.4585671,3.6841533
XUHVEB,3.4387028,3.0985138
LEBVUJ,4.949207,4.2932053
TUTFEV,3.6814284,3.6830976
YAVCAA,3.59408,3.346203
OGOWIQ,2.7510712,2.8896923
ZIBTEM,3.6618361,3.4355211
OWIPUG,4.056946,3.6832507
HOSKIJ,3.4860506,3.222043
RENKIH,2.8362427,2.6745336
BOXKAC,2.6457632,3.0264258
OPOJEK,3.064002,2.9715323
KEFYEZ,3.6607478,3.9573069
OKEQAY,2.8708012,3.0124187
QAQCOA,3.3233266,2.820723
VUCVEW,3.341014,3.4207766
VIVYEF,3.3812869,2.9128206
KANZAA,3.4759824,3.848334
NIVRIV,3.0708048,2.64124
ULUCIP,2.9570613,2.7896006
YATZAV,3.8060565,4.015153
PUNJOX,2.084392,2.1188607
QULLEQ,2.882502,2.9906807
QEJWAG,3.2523048,3.1288698
ZOPHIX,3.0125725,2.770691
FISKEY,2.8550186,2.6799564
AGEVAJ,3.5573444,3.6512132
QUGFEE,2.2735114,2.3886507
FOGPIB,4.2223907,3.4456174
MAWPEG,3.202508,2.9379654
BUKZIR,2.0487452,3.0584283
UJEWAI,3.3619668,2.8967705
VAGTEF,1.5398923,2.1115716
YARMIP,4.4504223,3.8147607
VEVDEH,4.055585,3.994847
LIXLEL,3.7791173,4.2142897
KIVTIT,2.9475374,3.4076612
YOSVOR,3.4683633,3.6380913
WOCZOE,1.9409882,2.145063
PAGJAJ,2.1690197,2.250187
GIJREW,4.0716395,3.5907755
OJIWUZ,1.1831511,1.3133464
EYICOE,4.216676,3.7611454
FELQIX,2.4634469,2.2742763
VOLHUB,3.2133925,2.6101682
KEFKAI,2.466168,2.002172
GEBFAW,3.8972147,3.4237776
KAZJUT,2.518958,3.3263903
HAYJUO,1.9091508,1.6151886
JATCEM,2.6280756,2.6682847
RELQAC,3.0952952,2.994501
IREPAX,3.305095,4.1507435
WERFOR,2.7782826,2.390615
VUTPIL,3.785648,3.4062617
SUHXUO,4.638453,4.1446567
XEVTAV,3.5176158,3.4098592
HULHED,2.4775968,2.1698234
XUPGAR,3.2101274,3.3024063
BENJIP,3.264278,2.7006168
NEKMUO,2.0441194,2.1204789
AKOMIX,2.961143,3.06482
SAWHUU,3.9132695,3.5283866
NAZZOD,3.1606026,2.2347076
REZHOT,2.822909,3.0345662
VERBIF,2.182081,2.1465957
KUNBOK,3.0884924,2.715788
YIDDOF,2.9219587,2.8128586
BUGCUD,4.0474215,3.634706
EWAGOA,1.8457483,2.225827
XUSXAK,3.7124493,3.5216346
EQIRIF,3.1268604,2.8788142
UVUZAO,2.7845411,2.299628
HOSZAS,3.0509405,2.974791
IWEMII,4.6580453,3.9992363
SALYUC,2.1826253,2.050038
VUBXEX,3.4117637,3.1572347
AVACAC,3.4112194,2.5262563
FEDPOW,4.280079,3.7533774
ADUGOW,2.8411407,2.882232
LEBKIP,2.7135193,2.6836593
FEWZEP,4.2066083,3.825287
VEKJAY,4.620221,3.881753
LUZMOJ,2.7595067,2.5487041
TIWHEN,2.9769256,2.8390374
JESJUN,3.242509,3.2937102
LOQHAA,3.6667342,3.273696
HIQVUB,4.1834784,3.9872468
XEZXEG,3.272169,3.388875
KEDLUA,1.5842469,2.095895
EYIWUF,3.1818273,2.7645073
HAZDAQ,1.7883323,3.1983976
YEHVOX,3.2599242,2.4258776
JAQKAN,3.7293205,3.3642328
AYIZIR,2.887128,2.6149282
OQALIC,4.257766,3.5645356
LURZUV,3.0215523,2.573733
NETZIV,3.2308078,3.0238805
EGUDUG,2.2207212,1.5531545
IVAMEZ,2.8694408,2.7673736
UJEWOW,2.776922,2.6241267
IXIGAX,2.6803215,2.4773543
NAKKUF,3.510269,3.4617505
AJOZAC,2.1401756,2.614595
JEWMAA,2.863182,2.6028519
KIBLOY,2.609572,2.788172
BAQHUX,3.5225139,3.8343952
CEQHUB,3.3323064,2.4686646
LAVLOL,2.9486258,3.072421
FONFET,3.0952952,3.4639368
OKAPOH,4.285521,3.8195245
AQIMAP,3.116248,3.0869377
CAWTEA,2.25147,2.3587937
FEWROO,1.8392175,1.991046
QEHJAQ,2.89638,2.7525945
MAQZOW,2.7752893,3.30652
EWUPER,3.1576092,2.970726
UCIKUO,3.8275535,3.532125
XAJPEE,2.2977295,1.7993032
XOCGII,3.6455095,2.9262195
FUZSIE,2.456644,2.267257
EYIWAL,3.5581608,3.0609045
BEHQEK,3.7929952,3.5202968
CATTEY,3.41258,3.0951326
NORHOR,2.6571918,2.7414184
OQAPIH,3.541834,3.3746073
NEKHAN,2.7184174,2.7726874
LORTIV,4.4653883,3.9832697
GUVNOA,4.099123,3.941193
CTMOPD,3.0936625,3.5004663
GUZJUG,0.12136278,-0.35511637
BINCOT,3.5099967,3.6930788
SEPQEK,3.4071376,3.0094318
BUGDAK,3.8338122,3.4806979
RUYZUI,2.9905314,2.5372133
RILKAA,3.553807,3.4098604
YEHVUF,3.173664,2.9674842
LIMNEB,2.650389,2.293102
VUKFEO,4.1829343,3.7702713
SIVVOK,3.8003423,3.4369104
BOFPUI,3.2408762,3.1489537
HOGRAW,2.370928,2.4910913
RUNCIM,2.8182833,2.9031076
ZIHWOC,3.4686353,3.0813038
EGUSAC,3.266999,3.2708988
LEDTOE,3.811771,3.6884346
BEGNAF,1.9967716,1.396777
UHOGII,4.049054,3.8993196
QAQFIX,3.223461,3.0180767
DUFYUA,2.9029107,2.758448
ODABON,3.5606098,3.0489216
UBOYAO,1.2514516,2.2665322
HUMFOK,2.7886229,2.6195242
IFOZEI,3.5782974,3.2738624
OLUKOW,3.6991158,3.1906137
SIWCIL,3.539385,3.2087193
BEZXIO,3.312442,2.9738162
IGOBEL,2.9918919,3.049961
NIBPUL,3.9611616,3.6411161
YEBPEC,3.797077,3.23447
HISWAH,2.169836,1.8363726
LEYZUN,2.8710732,2.7889028
GULSAH,3.1921678,3.0313275
NISKAC,3.8177576,3.856673
DEGCOI,2.6661716,2.7256956
YOZLAB,2.8740666,3.1302629
RIYYEF,3.8961263,3.357822
CEPLAL,2.3891597,2.180766
PIHQUV,3.4729893,3.6230156
QEQXEQ,3.6689112,3.3021092
YOXGAU,3.3565245,3.4527042
OVEPAI,3.3042786,2.7200072
TUMLAO,3.3867292,3.3760746
HEDLUX,1.9967716,2.2035692
SAFNAR,3.4014232,3.510271
XIJXEW,2.738554,2.2265067
LEHMOC,3.4139404,3.7849388
CEWGOD,3.8468738,3.704252
AKUMOJ,1.8201696,2.6235693
PELNOM,3.6280942,4.2149653
NONZAT,2.9684901,2.6053998
JACBUN,2.2588172,1.9162493
INICAJ,3.4123077,3.2781157
AMIPER,3.7587087,3.4012818
BEJFIG,3.5951684,3.1853392
JAJQOD,1.7352701,2.5940223
ECOZAY,2.4405892,2.5794237
WICDOD,3.4517643,3.8287866
GOBLIT,3.31217,3.4383693
NOTCOQ,3.8275535,3.74746
SIWDUY,3.1717591,2.6379995
KESVOW,2.9733882,2.565172
TECBOV,1.4737687,1.9556546
AYIDOD,1.6258804,1.9141972
FEVQOO,4.3094673,3.7387433
QUMRUL,2.0476568,2.1578143
KIXMAG,3.391083,3.7503848
YIKVUK,2.2332385,2.1962261
YICNIK,3.1744804,2.8488958
HAPNER,2.6520216,2.4169996
DAWBIN,2.814746,2.780987
SENWIS,1.5883286,1.9633436
SEZTAV,1.9826216,2.236618
HIKJIW,3.6283662,3.3262265
QIDHUI,3.5826511,3.1399937
SIQJAE,3.7393887,3.70904
CUCKOB,2.1747339,2.1363783
WEYBEJ,1.746971,1.9186647
WEWPAS,2.0960932,2.0680459
RAJYIM,3.5638752,3.447915
WEYWAA,3.916807,3.9045572
MAQTON,3.0367906,2.3933477
CUDJER,2.6495726,2.217008
SINVOC,4.222935,3.9002357
MIXJOV,2.576374,2.30762
EYAGOB,2.246572,2.3082428
VINDEC,3.3973415,3.4934578
BILNAM,3.6634688,3.3564622
DOYTOB,2.616919,2.8829794
TUVTIN,3.9135416,3.4552505
FUHTAF,2.7695749,2.7331185
UFIBUJ,3.8030634,3.2575479
GEQXAC,3.555984,3.2503612
LIYXAT,3.0906692,3.4431167
WEPWUL,3.3056393,3.5533202
WUWJIJ,2.9279451,2.8845277
OPIQAH,3.329041,3.125151
VUGDEI,3.8531322,3.5125659
NIBQOG,4.01885,3.9338558
XIQBOO,2.5211349,2.4129143
APOFOC,2.0914671,2.0519748
DAPTOG,2.083848,2.2794404
VABMAP,3.945651,4.0020013
RECTIC,3.238155,3.1668863
VAPHIF,2.942095,2.8001947
KAJSIZ,3.3086324,3.6858492
VOGHUX,3.8321795,3.0671506
PAQZAL,3.240604,2.9201982
MABHEE,4.171233,3.6061094
TAHBEM,2.8490322,2.817054
PUTTAZ,2.3505197,2.1893563
VAGTEC,2.9880824,3.6925507
CAXFEN,2.8958356,3.058991
EPUKIK,3.0708048,3.5202324
FISWIP,2.8814137,2.8290868
WOPZEH,3.7573483,3.7064972
UYIPAV,3.929052,3.4935062
LUXWIL,3.3181565,2.5932724
WAVQAO,2.2449393,2.220374
JACTOX,3.4689076,3.554862
QUVXOV,3.1565208,2.6147666
MORLAI,3.1078124,3.031533
SOSPAU,3.6457815,3.711588
NEKRAX,1.8707829,2.2019546
EVOYOF,2.442494,2.2707727
QAMFIT,3.0454984,3.2522297
OQOHUY,0.12462815,1.1212492
AGEWOY,4.6520586,4.212245
CIPKPD,3.3976138,2.7517357
NAPPEA,2.8346102,2.6579576
HIPXEJ,3.6569383,3.5386152
AYEMEW,2.7358327,3.1001282
HANREV,2.7083492,2.588209
LICQAS,3.1889024,3.0195487
LIJTIK,2.6971927,2.7338543
UMECUK,3.3377485,3.4858088
JAWHIZ,2.6082113,2.468126
QADJAI,3.8939493,3.8065
EZANUO,2.9954295,3.4601762
OJENOH,3.1703987,3.033854
XUBKUB,2.5369174,2.2439346
UWUJEC,2.456644,2.595979
RAJYAE,3.353259,2.8114758
QASGAV,4.518723,3.9194026
FUNRAH,3.5889096,4.108401
HURKUB,3.176113,3.1005878
LADHEE,2.4245346,2.264586
VOMSAT,3.87599,4.0041876
XEFZOY,3.5421062,3.5458465
PALHUH,3.011212,3.934184
REBWOL,3.2601962,3.5317297
VANTUA,4.0645647,4.0837827
QEFVIG,3.7500012,4.000594
OJEYOT,3.4759824,3.1265302
TATTAL,2.4718823,2.4292345
XOJROD,3.6795237,3.7199194
PIVWUN,2.7521596,3.001621
RESPUD,2.5295706,2.746618
PUMDAC,2.7478058,2.7119386
DODLOX,3.7578924,3.4157908
OXEVIY,3.190263,2.825677
QUNYED,3.8651054,3.788229
AJIHAD,3.212304,2.9749029
VIBQUT,3.0604646,3.0879216
VAPHOL,2.80114,2.7238998
MBYPPD,0.11592051,1.3828268
ZOPBEL,2.654743,2.4303775
WEQFII,4.1589885,3.6454396
BENWUP,2.3388186,3.027022
RATQEK,3.2569308,2.9689927
XAJPOP,2.793793,2.800096
DAYRAZ,1.63486,2.9787374
XINNOA,2.0724192,2.5830076
MAHQIW,3.6452372,3.4725633
PEBKAJ,2.6705256,3.204745
NUCDOG,3.9252424,3.3629754
UGAGAM,3.4944863,3.171614
PEWZAU,2.8925703,2.4812012
EDUQOJ,2.3497033,2.6361213
JOJMIG,2.6893013,3.4040534
RAHDAH,3.8868744,3.7257123
XAMRIN,3.99572,4.0730324
MEGJUG,1.5741787,2.1505094
QESPIN,2.2950084,2.178426
TIRCOO,3.711361,3.2323098
FILBIN,2.7015464,2.6391006
TOMYUS,2.2754161,1.8438293
RANTOQ,3.0512128,2.8382692
ZIQZEE,2.9788303,2.8683646
QIGDAN,3.6520402,3.8068771
WAPVEQ,3.1059077,3.21027
XOFKIP,2.598143,2.7440429
REWQES,3.5407455,3.9771857
HUGGAR,3.1010096,3.2406714
FOTTOY,3.2504,3.0895045
LATZEM,2.9652247,2.7854517
TATKUV,4.11545,3.982039
FASPIB,3.1788342,2.9777637
CUJZIQ,2.654743,3.1450615
ICACUL,1.9020759,2.2832015
JURGAG,2.5973268,2.4199145
BEXQIH,3.7853758,3.6514018
BINDAG,2.8005958,3.3041842
EPALUD,1.5869681,1.6967075
PORBOO,3.152167,2.7580009
SIYMAQ,2.7810037,2.5709903
PEJWAD,3.2400599,2.7217636
BOXKEG,3.960073,3.4779882
PAKMAQ,2.7012744,2.1150494
WUVSUD,3.4542134,3.565843
CUCNAR,4.199261,4.1803546
WIPSAP,2.7657652,2.65661
DACHIA,2.7924325,2.4831948
CEHYUM,3.816669,4.036376
SUXGIC,3.3823752,3.3499665
HAHTES,3.9524539,3.8332295
EWAGIU,1.8501022,2.2572198
VASXUI,2.9788303,3.0068884
OWEJOR,1.0615162,2.0050101
GEYGEW,2.4362354,2.6023583
XILYUM,2.5649452,1.7462735
PIKSUY,3.4120357,3.5490835
ULUDAI,2.5559654,2.4689145
VOFYUL,3.7078235,3.9529376
QODDOF,3.166589,2.3535974
NONRUF,3.166317,3.2036455
RUVKIE,2.4084797,2.3906581
YEGTOU,2.8903935,2.6721158
LEQCOC,3.3611505,3.5840464
BUNNON,2.437596,2.2843597
MOHQEG,3.866738,3.643168
MUFDEX,2.3374581,2.2621713
TISGOS,2.6411371,2.6990142
VIQWAT,3.1818273,2.8679545
MAJXEB,3.2106714,3.2082515
WEYHUG,2.987538,2.5217168
GERREB,2.2596335,3.083673
GATTUT,3.6691833,3.3479059
VUJPEX,3.458295,3.8101165
AGAPEG,2.6419535,2.3200417
ZOVWUE,3.1108057,2.9948385
XAGHIW,3.4313557,3.553367
JEKLIX,3.8817043,3.068207
NIRLEF,2.8278072,3.118601
KALZOP,3.283598,3.5641983
QEZFEJ,3.250128,3.131606
DISHEV,2.2027617,1.7136513
LUCXUD,2.7891672,3.0207431
MAMREY,2.3891597,2.055031
FAWREC,3.1333911,2.512386
DAKTAK,3.4142127,4.114097
YAZXAY,3.5929914,3.2100945
FUMRUB,2.5056245,2.309309
MOWSUN,3.116248,3.1080093
NEZQOZ,2.8710732,2.4881513
BERCAE,3.1951609,3.3416667
HIKHUG,3.1508064,2.9783263
IVOVAS,2.7260368,3.1972764
WOJTEV,3.8822484,3.8710644
HOKBIT,2.8022285,2.5513098
UJOLUC,3.5932636,3.5853071
KOXWAX,2.979919,2.9435756
POVHUE,3.4762547,3.253284
XABNOF,3.085499,2.873694
MARGAQ,2.5918846,2.4435155
WEJYAM,2.9605987,3.1440816
ODOXUC,2.332288,2.6682742
PATGUN,4.2743645,3.412273
BAGHIB,3.534487,3.7270808
CAGNUT,3.3804705,3.1792727
XAFREB,3.8125873,3.4340641
FAXXIL,2.6952877,2.4819274
VUYFIF,2.0808547,2.0623114
POHKON,3.4901323,3.744582
JIMXAF,2.0133705,2.1871557
ZIGDOK,3.1742082,3.3572643
DOFVEB,2.8593724,2.3123105
PIMTIQ,2.492835,2.1507373
OFAROC,2.8539302,2.6849756
NURKAM,3.2855027,3.4771454
FOHNOI,2.9271288,3.2881353
BUKCAN,4.5739617,3.7575152
FOCJIR,2.2307894,2.0744333
TAJTAB,3.0838664,3.9347177
DIGCUT,2.0403097,1.8587978
NALGEO,3.288496,3.647217
GESPOK,3.405505,2.8172896
QELTEG,3.7655115,3.483725
LEQQEF,2.5848095,3.188198
HESZEN,2.7546086,2.321251
HUBRED,2.5409992,2.6834717
ZANTIT,3.192984,3.3031654
HEJDOS,2.095821,2.6032367
LUMWAT,2.3390908,2.1065164
GIBZEY,2.791344,2.8950453
HASYOP,3.1848207,3.5220718
ZAYDIO,2.8101199,2.6373925
POXDIS,2.3483427,2.1957517
IMUYIY,2.7309346,2.6635268
QEJSAC,2.265348,2.1612287
VUWBEW,4.375863,3.5214307
DONYOX,2.617191,2.1060767
JUDZOZ,3.123323,2.639741
UDIMAW,2.1284747,1.481223
ENUVUF,3.1265883,2.484319
NUXLEZ,3.3184285,4.434851
ZIWFUI,3.515711,3.0143998
HOKBIV,2.8063102,2.4716737
XAQFEA,2.9706671,2.3917146
RANTUW,3.044954,2.8536756
ILISUS,4.2833443,4.0492992
HOVMOV,3.0193753,2.7502286
BIYRUZ,3.9557192,3.8041794
XUVQAI,2.6569197,2.8105037
XOSZUB,2.793521,2.726826
PASSAD,2.9551566,3.3007665
ALITUM,2.9529796,3.2244992
QOJHIG,2.8520255,3.22513
QODJOI,2.1241207,1.9966002
KABCOG,2.3431726,2.249978
XEMSUE,3.9755836,3.4141135
VITQOH,2.0234387,1.5076498
HODNAP,3.659115,3.2463448
ODUKOO,4.3083787,3.3031914
QEBQOF,2.3214033,2.3409214
XIRWOM,2.7268531,2.9715204
RANQOO,3.240604,3.3175514
QOKKOT,3.3772051,3.6653159
HEYYER,3.104275,2.9728866
BARHAE,2.901006,2.3348737
NEKLIZ,3.9154463,4.0882716
NEFBIJ,3.6797957,3.066107
DIHPOZ,3.0299878,2.45089
WEJKUS,3.902657,3.8132906
KEDMEM,2.3388186,2.1428282
MAPMUO,3.7916346,3.7165701
GADKUT,3.2830536,3.444852
INIXEI,1.6013901,2.120702
BEPMEP,2.9374692,3.3544319
XOWGUM,4.215316,4.002275
ITOBOJ,4.8237624,4.8789206
DAPRES,4.038714,3.7741492
CIGDAA,2.913251,2.5620532
MUBQUX,3.2011476,3.0811567
GOJLUN,2.4726987,2.177496
VOVDOB,3.111622,2.5510335
QIDCIQ,3.764151,3.0215104
ELOSUT,3.5834675,3.4705591
WEYGIS,3.9415693,3.7764208
VOHROC,1.5524095,2.6813
NATCEQ,3.2084947,2.973529
EQIROL,3.00196,2.7631981
YEKHAY,2.7491663,2.9741063
ZETSUO,3.0411446,2.4344764
QUVZEN,3.6177537,3.7490156
UGAGEQ,3.274074,2.9381576
MATXUB,4.1872883,3.4117825
NIYTUM,2.4348748,1.8786563
GIBWEU,3.7470078,3.3450966
OJUYUO,3.2367945,2.6873684
SEQVEQ,3.8338122,3.2787275
GEFWIA,3.0169263,2.755916
ICEGOM,4.2553167,3.987156
LUYTEG,1.6617993,2.217386
QOYFIU,3.5497253,3.7409701
HIFQAP,3.7796617,3.7694774
QABGAD,2.7619557,2.6809955
RAVCAS,3.489316,3.599351
NOQZIE,3.2297194,3.6912434
JOCCOV,2.2756882,2.1510403
QABFOQ,3.3344834,3.3999527
WUHFOV,1.6196218,2.1040308
KIRXAM,3.4879556,3.1758466
UCOGUQ,3.8101382,3.4628887
FOQSOV,2.2316058,2.2384238
PUNJIR,1.4370333,1.8881618
IPUJAG,3.2324405,2.8241196
KAJFUX,3.300469,3.207048
BEJXIY,3.2879517,2.751947
LAMWAX,3.8286421,3.9659462
VEKDUM,3.4634652,3.1063576
XABLOD,2.8468552,2.471911
XUWTIT,2.982912,3.1649885
ECIWEV,3.4754384,3.829444
ZUJDUD,3.061281,3.447832
AFURAU,2.6215448,2.0206103
BEXHAP,3.6419718,3.8042881
PIKPIK,4.7424,4.6282196
CICSIQ,3.5548954,3.3121982
BIKRET,4.0517755,4.232549
UDOPEI,5.2945194,4.3402147
DIYMOQ,3.166589,2.974373
ACOSOD,3.0406003,2.7500417
KIFWEB,3.286047,3.8341691
BAQHEH,3.1630516,3.6421623
OGOTOV,3.4264576,3.2697136
PECQET,3.4449615,3.5942378
ONIMII,1.6468331,2.197432
SOYQOM,2.8501205,2.8359349
CAPNUF,3.807145,2.830785
JAZFIA,2.6484842,2.5266263
SEHPOM,3.0539339,2.483273
PARHOG,3.304823,3.0759885
USAXAP,2.4629025,2.1563516
NAYNEI,2.8041334,3.4228108
DUHJOH,3.309721,3.542511
DUHJEW,2.1145968,1.8528143
DANLIP,2.958694,2.7746828
IZURUS,2.8754272,3.4175045
XIJVES,3.7094562,3.8928468
FEKDEG,3.410403,2.766958
AJIXUN,3.8686428,2.6335473
XANHEB,2.4789572,2.6458356
KAVYUC,2.3766425,2.5386393
LUMSUI,3.957352,3.6532612
OWEWOD,1.9233007,1.958653
SILLAC,4.0993953,3.6037328
COCHIO,2.5910683,2.5145063
LEWVOZ,3.4060493,3.1486895
YAKCUK,3.3965251,3.6316798
KEYVIU,2.0773172,2.6132383
YATXIB,3.4498596,3.8313375
LIJSIJ,3.159514,3.2931635
GILZOQ,2.3333764,2.1511323
DEBNAB,3.9663317,3.88896
IJOSAC,3.271625,3.274502
REDYAD,3.739933,3.0957503
ESUPOX,3.1750245,3.5359485
ROGDAV,2.9717555,3.3167012
LIHZAE,2.0011253,2.5381742
FAJVUK,3.4006069,3.1464024
HIZKAD,3.6819727,3.6989675
QISHAC,3.1181529,2.6729934
EWALOD,2.6751513,2.8614082
MEHHIT,3.1989706,3.3684402
PDTPOR,2.5121553,2.5661602
VIHXER,3.2914894,3.1840255
LAFQIV,3.281149,3.4868515
AHACES,3.2185628,3.3972766
NESHUP,2.1129642,2.0842037
IKUSEN,3.467275,3.564718
QAXXEU,3.44605,2.6709414
GAPRIZ,3.8280978,3.6695242
FEWZIT,3.9271472,3.6492066
QAFSUN,3.3924434,3.3828125
PIXREU,2.9279451,3.0186577
GAGGIH,4.012047,3.8530378
TIQZEZ,2.9162443,2.3724978
LEVWUF,3.661292,3.0181706
BAJXOA,3.0923018,2.6792183
DEJCAX,2.8425014,2.2230675
PIVWOH,2.7535203,3.0019486
SULVAW,3.4063213,3.592492
AGINIP,2.8386917,2.5147312
CUDJAN,2.7241318,2.21359
YAYMAN,3.090125,2.9520886
COFTIB,3.0523012,3.5679703
XEKSAH,2.8882165,2.706953
KABCUM,3.0005996,2.5276358
RANQEE,2.95815,3.3570707
ASECOR,3.099105,2.9853144
LECNEM,3.8087778,3.5027504
NOZJAP,2.8743386,3.0763936
HIKYAC,4.2188535,3.5087965
WOXQOP,2.760595,2.8088393
FELQOE,3.333939,2.5651243
TIXTEA,3.0144773,2.8347993
RABWID,2.1124198,2.0549583
VADTEA,3.5927193,3.7550254
EZAMOH,2.2854843,1.8533002
AFAMIF,2.7064445,2.7922397
TEBYEH,2.1121478,2.276585
QEGQUO,2.3581388,2.9027
GENSOK,1.7962236,2.1271882
EFUYEJ,3.7766683,3.1850197
FEKXAW,3.161963,3.1112275
RONLIR,3.4036002,3.3743453
HAKQUI,4.158172,3.8125477
IGANOT,1.737447,2.0366168
TOQHUC,3.2060456,2.5930116
NIVBOK,2.8259025,2.192519
GUWJUD,3.4348934,3.0975769
TOTQUQ,2.7728403,2.6467972
MABDEB,3.1793783,3.9550521
DIFBUR,2.5238562,2.290545
DUJFIX,3.5597935,3.6065311
RAZLAF,2.7061725,3.9230247
SEMDEU,3.369858,3.2218647
ZEJKAC,3.5067313,2.8161342
MICJIU,1.9317364,1.9193863
GOZVIA,3.0550222,2.8462002
DICPPD,2.9303942,3.1226187
XIMPIV,3.792451,3.1771433
LONZEU,2.3186822,1.9794319
QOWXUW,3.2166579,3.3859572
KENNUN,3.8490505,3.5867314
MEJYUW,3.7763963,3.9008827
AZISAE,3.826193,3.6696856
PORBEE,3.496391,2.760465
CAMFIF,3.3573408,2.663355
ZOZFOJ,2.3140564,3.2469342
MIKLOH,3.616121,3.4226842
TURDOZ,3.2738018,4.165017
YARMOV,4.4479733,3.8211224
NIZRAR,2.2590892,2.194841
BINPOE,3.1061797,2.8595023
FAJLIN,4.8673005,3.8761208
OLOPAH,2.3676627,2.274472
OZUGEX,0.9406976,1.4224459
KATJEV,2.483039,2.3184512
FEHJIM,2.801412,2.4796252
DEXLOJ,4.390285,3.6662521
TELDUJ,2.5268493,2.4691534
TUWSUB,3.8183017,3.768544
NAXWIT,2.3834453,2.0924032
EFOJUH,2.4158268,2.14444
ZELPUE,3.918984,3.9392476
XIMTUL,3.0795126,2.8490942
RODNON,2.3929694,2.7255328
UVOXUZ,3.5165274,3.474033
QAKWIJ,2.0277925,2.3330567
UMEBEU,3.7606137,3.4038672
SUHDUV,2.795698,3.2135403
ABEVEL,3.201964,3.4284508
OJATEZ,2.6035855,2.4893916
EJOJAO,2.8841348,2.8235583
EKATEP,3.1203296,2.7212865
EHOJOB,2.2781372,2.3366144
OQIKEF,2.3505197,2.2546437
XEPXOH,3.3750281,3.6318836
NEZCOM,3.5475485,3.0730455
TEBZOS,2.0694258,2.3254027
WELZAR,3.1973379,3.028021
YATGUV,2.8898492,2.755318
QICDEN,2.941823,2.9531183
EDACEU,2.6484842,2.578252
EFUXUY,3.424553,3.180917
SEWCOO,3.0332532,3.377228
RALMEX,2.52821,2.9460356
XOSYAG,2.922503,2.7341673
UPEGAZ,3.18346,3.5036337
DACYOW,2.1959589,2.2737832
MOTCUT,3.4874113,2.658835
NESJIF,1.9687438,2.1134324
DEXCUG,2.8767877,2.9772315
KAJXUR,3.2199233,3.1829484
LONFIG,2.7192338,3.1319118
CMPTZP,3.9973526,3.5358396
HAXXOT,3.6504076,3.3552232
CALDIF,0.9831474,2.4103189
QOSHIQ,4.062932,3.8155484
EBEYAO,2.6830428,2.9290535
JIKBEN,3.8359892,3.799006
SIXNUJ,4.122525,3.8960993
FAHGAX,3.9913661,4.4211373
BUWJUY,2.535557,2.7892873
SIGDOB,3.979121,3.2204933
ULOJEK,2.3499753,2.4535017
YEKTAM,3.326592,2.8475208
MOHFAS,2.9815516,2.7143688
PARCAN,2.958694,2.7440445
QIGZUD,3.8520439,3.4253938
DALDOL,2.3023553,2.4975262
FIRCAN,3.9660594,3.6847746
CUQVOA,2.2310615,2.6594658
XUSMUT,2.5600471,2.4866707
JEFKIP,4.337767,3.931483
WUSBIV,3.2844143,3.115166
VOGYIA,3.2895844,4.0829244
SAJDUF,1.8637079,2.3505995
TOSTIE,2.8729782,3.2924647
VANVIS,2.683859,2.4044003
PULDAB,2.7584183,2.6136441
RUDCAW,3.759525,3.2267861
BIXJOI,3.3320343,3.3380673
MARPOM,2.4868486,1.9099774
KUHVIT,2.5412714,2.6794043
HUBGUI,1.5611172,2.5991988
NEBCOP,2.4392288,2.0782025
XIJGIH,3.6906803,3.5793195
TAJKIB,3.7772126,3.6176507
QAVQAG,3.3301294,3.3906074
YADZIM,3.126316,3.1993387
WILBID,4.0286455,3.748569
LEXWAN,2.8114805,2.9551613
ULEPOQ,4.6629434,3.5956163
NOHCUI,2.923047,2.2805395
PERROV,1.9875196,1.8983517
LEVWIT,3.7334023,3.0199482
TEYMEP,1.4607072,1.7924517
QUCCOI,2.8473995,2.09125
WICTAF,2.4133778,2.141587
TENFUP,1.9741861,2.518828
BIDDAV,3.3521707,3.2142506
LARJOF,3.3031902,3.4090188
NOYROK,3.1938004,3.526567
GAJMUA,2.6833148,2.7112148
EJUFAR,4.2291937,3.9223542
GUCNUN,3.4577508,3.2725785
HAZKID,2.690662,2.653684
CEZCIV,3.8591187,3.6491804
UJIYIW,3.0329812,2.8455296
WEYGEO,4.21586,4.4486017
BILPAP,2.119767,2.065381
QIGCUG,3.613128,3.7281284
ZIJMIR,4.027829,3.638956
YILLIP,3.023457,3.0818617
XIWVOQ,2.49991,2.6052794
FIRCOB,4.5609,3.9487052
OKAMES,4.1026607,3.0439727
EPOWUC,3.8231997,3.380321
YOBPAH,3.0754309,2.700299
UFIYOA,3.0716212,3.3029215
IFIJIS,2.7344723,2.5554035
LUKCUQ,2.3526964,2.2172775
KIXVOE,3.682789,2.7104094
XOJRAP,3.6667342,3.229952
ZIYTOT,3.0604646,2.5777385
CUKGUK,3.0963836,2.011563
EYIWEP,2.7380097,2.3311732
NUPTOH,3.3369322,3.092029
SOBFEV,2.4656236,2.6121104
RIJJEB,3.05856,2.916205
FORPEI,3.6335363,3.4025848
TUWSOV,3.7230618,3.8966851
DEDRUB,3.2593799,2.9376485
HIDZID,3.3162518,2.9083598
BOBRUF,3.8093219,3.5185428
VEYHIR,3.5227861,3.0632355
QAMJAR,2.884951,3.181922
ONOXEW,3.0740702,3.2184808
JIFXUR,2.9820957,2.4005916
COJHEQ,3.19761,3.0280578
HISYIU,2.527938,2.285829
KUXKEV,3.0988326,2.3496602
EFUXAF,4.1804852,3.8831353
HIPTOR,3.974223,3.5666645
HIZQAI,2.658008,3.1956353
DEKRAN,4.819953,4.3846936
KIRXUG,3.3012853,3.2632995
MILGIX,1.9423487,1.9650503
DEDCOG,3.147269,2.9014895
IRAXIK,3.7309532,3.170119
TUNHIV,2.3554175,2.2571397
IPUSIW,3.2057734,2.5502605
QAHCAE,2.7271252,2.84799
MAMDEL,3.1323028,3.3809319
IBEPOW,2.1711965,2.3249574
TUXTOV,4.5059333,4.1238337
VOCCOG,2.903727,3.0008492
BOPQAZ,2.8473995,2.3016615
YACKET,3.943202,4.0204806
SIXFAG,2.26045,2.4036136
ODUJEC,3.4286346,3.5438924
QELROO,2.8093035,3.369232
JOGDIT,3.4972074,3.362944
IVAJOF,2.6253545,2.4591525
ZEVMUL,2.743452,2.6370711
KEYRUB,1.6492821,2.209212
CUMSUZ,3.577753,3.6269207
FEQSIG,3.5976174,3.6877098
YOZLIJ,2.9837284,2.904017
DOQSIM,4.3219843,3.7129657
QAMHOD,3.084955,3.1562514
HUHQIL,2.61964,3.1760502
FMSEPD,2.3311994,3.8229604
VOXJUP,3.321966,2.660621
NOHPOP,2.0416703,1.931215
AFABOA,3.0435936,2.7487001
ZEPNEQ,3.1195133,2.9947727
QAPMOJ,3.1551602,2.618803
NEBCUV,2.8737946,2.6246727
NEXXEU,2.9363806,3.1797936
INOKED,2.1695638,2.0756245
LUDPAD,3.5646915,3.2266552
NIJGUL,2.1812646,2.4449444
QAJSEA,2.3165052,1.7197219
CISYOT,3.3282247,3.141633
OZUYUE,2.143441,2.4344506
QUMMAO,4.352733,4.072954
WIKXOG,3.2305357,3.2874625
XOQVEG,2.9317548,2.595055
VIHZUH,1.6884665,1.9642527
CAQSIY,2.6710696,2.5933478
NESMII,4.2466087,3.8807166
KIWDUQ,3.3948925,3.750484
DEBFOF,2.4024932,2.332138
BOXYET,2.578823,2.762176
CAQRAO,3.5407455,3.5394678
GEXGOI,3.9042897,3.6212692
LEXLAC,3.3712187,3.385805
ELEMIR,3.0604646,2.9763174
UNAFAR,2.9597826,3.0009048
YIKVIY,2.977198,2.1860826
TUWTAI,4.0566735,3.8731108
SEVVUL,2.9878101,3.4059083
RUSWIL,2.5192301,3.2150471
IJEQOE,3.087948,2.8823698
BEJWOF,3.1984262,3.0028365
DIPPAW,3.0106678,3.3704414
MOWTAU,3.3785658,2.9861023
QEWFIH,2.1559582,2.0266218
COFTOH,3.3208776,3.5054476
LUMROB,3.864561,3.3023913
SUHQAP,3.771226,3.0287607
RAKWUY,3.455846,2.7311547
CIPGIT,3.1703987,3.8231835
YUMYEK,3.4237366,3.3158908
DEGWAO,3.661292,3.3012013
LUCXIR,2.0182686,2.4885375
ILOPAB,4.5799484,3.9566598
WOMQOH,3.8362613,3.2389011
YASRIW,2.2699738,2.1590788
NONSAM,3.1766572,3.182836
YEZQAX,3.4057772,2.7051582
PUZVUD,3.0057697,2.7734087
ITIFIB,2.3426282,2.3894591
YAZPAR,2.5048082,1.471668
QOPYIF,3.6305432,3.6712098
YEWBUY,3.845513,4.078782
ARITAW,3.2435973,2.6691823
FONKOL,2.5703876,2.7038112
OPOKAG,2.5946057,2.4366343
QUDVIU,3.5064592,3.396125
EGOHEP,4.0082374,2.9350228
NUBLUT,1.880851,2.2344103
PIXSIZ,1.9984043,2.8609552
XAYHUD,2.9529796,2.737836
EXIYOZ,2.361132,2.1571133
JESFOD,3.1750245,3.2822647
DAYMEY,2.5652175,2.2848086
YOPSOL,2.6585524,2.3850663
ABAZIO,3.5508137,3.473068
KAJXAX,3.2188349,3.1879845
TEZWUT,2.8735223,2.785024
BILTEW,2.6272593,2.4482408
ZEJJIJ,3.8389823,3.737881
RASYER,3.4074097,3.4436924
XONQIB,4.3094673,3.804725
TELPUX,2.8931146,2.4260874
QETXET,3.0237293,3.422128
PIGZAI,3.1137989,3.2163024
EBARUW,2.105617,3.0885825
WEYVON,3.8993917,3.6224663
XETSAQ,2.423446,1.801384
DOGKER,2.5614078,2.5941346
VEGNUT,3.7459195,3.728264
DUHKUN,3.0607367,2.9123688
LISCIZ,4.4814434,3.9220557
YEMCOJ,4.1413007,3.970768
PAGYON,3.3951647,3.4554803
SIJSAG,3.1170642,2.7039082
HUVFOU,3.0977442,3.2764864
RABJIQ,3.0678117,2.795396
FOJLIA,2.8482158,3.093805
YUXFAZ,1.8362243,1.9015429
KEZMOU,3.6501353,3.2808542
MEHKAM,3.22591,2.9026759
DIMWIH,2.177183,2.135349
FAMCUS,4.762809,4.204493
SUXKUS,3.9660594,3.5680742
HAWQIG,2.05963,2.6520443
BIXFET,3.6210191,3.6475325
BEWRED,3.372307,3.2845006
CEHSEQ,1.837585,1.7622238
WIKXAS,2.3589551,2.4561954
QODDOD,2.8084872,2.6002207
GERKAR,3.7486405,3.3966682
JAVXIO,3.3848243,3.230628
XUSMED,3.732586,3.465085
SOLYID,2.4539227,2.2930672
VAZZOM,2.8854954,3.303647
FUHXIQ,2.3309274,2.462195
PIFMAU,2.7298462,2.6549573
KIBLUE,2.4969168,2.8131256
PIKYAK,3.1195133,3.1750846
XUSMIH,2.9118905,2.4323983
KUBFOE,3.4289067,3.5810432
MASDIW,2.752704,2.6975284
QUMKIS,3.445778,3.3283932
YIYNIE,2.4931073,2.7454653
GAJVET,3.7821107,3.9946306
CEGLEG,3.4468663,3.907061
DEFFUS,3.888235,3.1186333
HAKGOP,3.838166,4.0007997
FOSHOM,2.8901212,3.4677503
EHAMAC,3.577481,3.4269156
LEBVET,4.2025266,4.22105
ZIWTEH,3.5233302,2.7790823
HUGWUC,3.2348895,2.7883637
WEZQEX,2.8449504,2.765641
NIKKOJ,3.6852381,3.1616817
YAWCAB,2.6343343,2.963907
FILGOX,2.3233082,2.141556
FAPMIU,3.2201955,2.7990193
XUWTUF,2.8327053,2.92754
VIGYUG,2.8321612,2.6548748
GEVPEC,2.8490322,2.7673278
IHEKIP,3.221556,3.2560651
HUPFAA,2.9815516,2.8671157
YIDZUH,2.26562,2.0117064
TUTFAR,3.3037343,2.9009712
SAJSAZ,2.8596447,2.7355936
MAQNIE,4.7018557,4.1417584
UXIKUI,2.122216,2.175541
YACVUV,4.0166726,3.2624283
BELMEM,3.7222455,3.1610851
GODGIP,2.8569233,2.8356607
KEVGEY,3.6191144,3.190802
QAYCUO,3.9225214,3.6596427
BOFDUY,3.0528455,2.7173338
KIWDAW,4.1135454,3.8315334
QUMROF,1.8800347,2.0425725
TUCSEQ,2.6005921,3.0116796
NAKKEQ,2.5344684,2.1007557
ADUGOY,3.4112194,3.440949
OMEGES,3.4904046,3.8847044
YUTQAG,3.5404735,3.042367
WELWEQ,3.0789683,2.703676
HOVMIP,3.31217,2.9738216
MAQQAX,2.6452188,2.6115837
FODDEK,3.2250936,2.997639
XIVTOO,3.577753,3.5630183
YOXGOI,3.305095,3.175998
QUNCUZ,3.3249593,3.2436674
AREQET,4.252323,4.3178854
HABFUO,1.6974462,2.2211132
ATAHOS,2.9867218,2.863488
ABORIV,3.2139368,2.9918942
HUXCAG,2.8054938,2.9927058
RIFXAI,2.2152789,2.50357
PIZXAZ,3.7078235,3.504013
FOSFOJ,3.7342186,2.8899465
FANBAA,3.450676,3.2992659
GENVIE,3.5853722,3.4413528
UVOSII,4.1475596,4.1991916
OKOHEB,2.839236,2.8598316
VEQPAL,2.9845448,2.6820946
OFAYAY,3.204685,3.1616344
VOGYEW,2.9483538,3.2552254
NONCAW,2.856107,2.9033837
GOSKEE,4.404979,4.2244406
WEMGOM,3.7611578,3.4806833
GIVDAR,3.3249593,3.0288212
TOPYED,4.72308,4.4636283
SIGHIA,4.648521,3.7273703
HEFPUF,3.4172058,3.3172145
QEMVEK,3.587277,3.7393556
BAYZUZ,2.465896,2.7068527
JATJUM,3.3796542,3.7101986
MOBSUT,2.2903824,2.1332822
IBUNEB,3.9489164,3.5254962
BUGVOP,2.9303942,3.2523136
GASPIB,3.7815664,3.3865547
MAJJOW,3.5840118,2.9064143
ETUHIL,2.7045398,2.526467
DIGMIS,3.1140711,3.1528182
NUNHAH,3.3965251,3.0036712
NAVBES,1.9643899,2.4613721
SONLIS,3.099377,3.1018128
WUZPOW,4.235452,3.9142666
RETNAH,3.5353034,3.3882294
EVUWUO,3.869187,3.4856634
KASJUJ,2.1216717,1.8625705
ZOLKAO,3.1505344,2.9952836
HUNHOP,1.9363623,2.5277486
EMEPAO,4.21586,3.6996136
RIPLEI,2.511339,2.4155602
ADUMUJ,4.896961,4.270001
WUMLIZ,2.1260257,2.2564416
JOHQIG,3.4759824,2.8906941
ZUBNAL,3.826193,3.3743536
AXIQIJ,4.4920554,4.19289
OKOGEA,3.5578887,3.3838558
ASEHEM,3.1970658,2.7759335
MADZID,3.238155,3.2556715
GUWLIT,1.8076524,1.6783202
CETDUD,1.9543217,2.0188358
EZUXAZ,2.6593688,2.504043
YIYGIX,2.6860359,3.0667536
WUBPAK,2.1907887,2.4295223
ENEGAF,3.1540718,2.9762523
EFINAL,1.9107835,2.7006345
EPULEI,2.9173326,2.493224
PIBYUU,3.3056393,3.507091
BAMXIZ,2.760323,3.4171028
LULNIQ,2.9516191,2.4685764
AFOHIM,3.572583,3.4349427
PORNOA,2.903455,2.8924236
FANQOB,3.4991121,3.529316
EPEDUA,2.2814026,1.9049646
FAJSAM,2.2340548,2.3176875
MUZQUT,3.8221114,3.654617
LEHQIA,2.533652,2.7383459
XISCEJ,2.841685,3.4287977
ZIHFUT,3.3717628,2.883501
HONJIE,2.944816,3.196894
CAMSAM,2.5377338,2.2627637
ZIDQIO,2.6517496,2.5885587
VOZNEF,3.5932636,3.1907942
EFUWIL,2.9899871,2.7830157
ZEYWOP,2.0930998,2.3310707
LOSTOE,3.4996564,3.484216
MOBTPD,3.6027875,3.725575
PIFGAM,2.803589,2.515171
XONKIW,2.0340512,2.1963181
BDMIUP,3.3627832,3.927903
WASVUI,3.231352,2.759788
SARVOY,3.1154315,3.6788087
BEWRIH,3.3704023,3.3343742
SOHHUT,2.2335105,2.3551111
TAHRAW,3.51816,3.4374459
EJESET,1.1540349,1.6297452
AZITAE,3.878711,3.4505389
BOYXUJ,2.6988254,3.2559214
TIHDUL,2.287389,2.1295292
QEWGEG,3.2158415,2.8242538
YAQNUC,4.7453938,4.381207
KUXSUR,4.3388557,3.922841
JEYWUI,3.6139443,3.2919295
WOKYIE,2.9883544,2.6627104
EHOPAT,3.350538,3.365192
PAGKIS,2.5491626,2.4602466
AZELOI,2.8405967,3.3068686
YEKGIH,3.9513655,3.61062
AZOKUV,3.2601962,2.776292
GIYWES,3.5208812,3.0441844
GASPUN,4.4370885,4.434842
COFTUN,2.9644084,2.5578325
CIRQEZ,2.4512017,2.6018157
WIGGEY,3.9423857,4.4075623
IYUGUF,3.1989706,3.2908425
FOGPUN,3.0874038,2.916249
AFAMOL,2.6922946,2.8341844
ECOKAL,3.4754384,3.0839434
ROBHIZ,2.5018148,2.5991216
JAKWEY,3.8400707,3.6525183
CAZMEX,3.4142127,3.5893366
HEFSAN,2.4596372,2.5344603
QOFKON,2.6011364,2.7478197
NONSEQ,3.6748977,3.587194
NAVZUF,2.7693028,2.994394
GEXPEG,2.8049498,2.8622525
IXIXUJ,3.629999,3.7756944
NADMEM,3.4498596,3.2280707
XOFSOC,3.749457,3.491249
BOFFEK,3.0759752,2.7463741
FOKDER,2.6253545,2.443355
KENTAA,3.2944825,3.2289734
LAYJIG,2.2648036,2.7283647
CALRIR,2.8591003,3.2387633
SASJOL,2.8120246,2.5719318
YOJMEQ,3.6890476,3.6321075
KEHWIE,3.0384233,2.4674811
NOMTUG,3.620747,3.6408372
ZETSIC,3.4806085,3.3640866
HIZLOS,3.591903,3.4456067
KIMNUR,2.506713,2.4278207
XEVFUA,1.8408502,1.7049017
NOCFEQ,3.55163,2.9992902
INOZOC,2.8310726,2.9941964
FOKLIB,3.0531175,3.1774383
JAZFOG,3.0523012,2.776256
QEZFIN,3.2841423,3.1634123
GIQTOP,2.7374654,2.9314184
ZENCIH,2.1611283,2.1993375
REXZEC,2.6188238,2.5692225
CUDFUE,1.8696944,2.1629672
ERACEF,3.1527112,3.167665
SAVREP,2.0585413,2.1761487
GIQJIZ,2.7107983,2.7668731
PEMFIY,3.1437314,3.4065366
JOBTOL,2.7355607,3.0517502
APUCOD,3.1864533,3.0702438
LORDIG,3.8563976,3.6132865
WUWCIA,3.1611466,3.3837237
DAGNUV,2.3673906,2.5489247
FURHEH,3.6689112,3.8677144
XAWGUY,3.126316,3.2558727
CODSIA,3.288224,3.371854
IQUFAB,3.4601998,3.687462
JEPMAV,1.61554,2.1049025
IDOBOS,3.5744877,3.7768183
ILISOM,3.4049609,3.5034966
POCDUG,3.1935282,2.5045023
KUJJEF,2.5646732,2.861041
YAPZAS,3.2604682,2.988933
YOYBOE,3.1720314,2.5708807
OXAGOK,3.4547577,3.3649724
DEZPOP,3.3987021,2.8865557
KAFNUC,3.5848281,3.3276265
FUGJEX,3.8468738,4.1186237
ITONUC,3.1241393,3.1450834
EHESER,3.5255072,3.293054
XOCZUN,2.4778688,2.5072038
QIJMUU,1.6356764,1.8775542
NUXDIV,3.212304,3.105366
HUCBEO,3.35081,2.8391593
XISHUF,2.8841348,2.8712947
CIXJAW,2.4389565,1.5035155
TELQAE,2.5676663,2.5455117
LEZWES,3.802519,3.190422
RODMEC,2.2637153,2.6108086
EPIDOY,3.300197,3.3219223
XOWMUT,3.453397,3.158697
USEVUK,2.5488906,2.5463624
XOGMIP,3.5733993,3.8226287
MAKJAM,2.5494347,3.0173593
NASMUQ,3.8300025,3.6789632
NATXIQ,3.8770783,3.6150813
UJOKEK,2.9671295,2.590594
XUFHOW,2.891754,2.8065083
XAHVIO,2.3309274,2.207117
YAFPUS,2.5086176,2.4953482
NONFON,3.1486294,2.997724
FOSHIG,2.4433103,2.8245883
SAKHIW,3.1105335,2.5635123
TEHBEO,4.203887,3.7415147
UDAMAN,3.7222455,3.775344
MORZAW,2.5986874,2.4230523
XISHOZ,1.4139036,3.0207613
BULBAM,3.3821032,3.3842378
GACLEC,2.3556898,2.7645097
GIDYIB,0.7483131,1.4702309
FAMJAG,3.8825207,3.7264595
CEWBUD,3.2463183,3.4018004
UCUVIZ,3.892861,3.6471438
WUTREJ,2.4618142,1.9861271
KOSROB,3.3374765,3.5051534
WONTOK,3.2996528,2.9677336
DUWJOV,3.9633384,3.6804974
IVUFIO,3.3804705,2.5570338
PESSAH,2.2609942,1.762631
VIYFOZ,2.433242,3.027065
SAJFAN,1.8443878,2.700031
NOKKOQ,2.4748757,2.7278056
QUHTUI,2.7709355,2.1702025
FOMLOI,3.7777567,3.4109755
IKITEC,4.7451215,3.8122804
NEDMEO,3.732586,3.8075752
COSXUD,3.1372008,2.5084326
QUQTUR,2.4264393,2.5549874
SONQAP,2.4593651,2.4103858
FOKDOB,2.5682106,2.5280304
QUVXEL,3.467275,2.722169
KEVSOU,2.963864,2.3777747
IHOFER,2.8952916,2.7017617
PIGBIT,2.6990974,2.7083023
ACOSAP,3.1059077,2.7194595
UMODUV,3.2572029,2.8349087
BIXJUO,3.46537,3.295162
VUYMAE,4.005244,3.5689397
RILFUN,2.0830317,2.656054
FAGSAJ,3.470268,3.1805413
ZIBBUK,1.3284599,1.6609594
DECWOA,4.0710955,3.5099843
GAQNIV,3.5633311,3.561509
DAWBOT,2.7284856,2.6959224
QEWDUR,3.8006144,3.3209891
HIFHUA,1.7450662,1.5210764
KEHVID,3.5012891,3.7391088
OCIWON,2.4789572,2.5881534
XURDET,3.5342147,3.1650405
WULSIH,3.4735334,2.9216456
BIXROQ,3.5910866,3.800063
DAKHUV,2.1379986,2.4565787
WIYWOR,2.6403208,2.3604057
YEHGOI,4.07681,3.9416127
JEKCAE,3.326592,3.3281667
EYIQAE,4.275453,3.8509884
FISWAH,3.1943445,3.4148424
COSXIR,3.7584367,3.310051
IKUVIU,3.4324443,3.0007224
SUXGEY,3.1170642,3.249632
SUJLAK,3.778573,3.5345726
SAYHEF,2.6735187,2.8170433
SANDAM,3.1801946,3.2953925
FACFUM,3.2925777,3.4746075
NEWHAZ,3.166317,3.234776
YIXWOS,3.695034,3.1476107
FISXAI,3.6642852,3.558818
BUZZIG,2.1744618,2.1599436
HEZYOD,3.2865913,4.011071
ATIHUG,2.310791,2.2276704
PADMEM,3.1396496,2.822966
GIRQIJ,2.9505305,2.2890618
ICEFOL,4.557907,4.30711
VABMIX,3.7837431,3.5952494
UZEZEF,3.6928573,3.1817589
NOYREA,3.2675433,3.1248572
TOFCOI,2.2531028,2.0781121
RAYBOK,3.1600583,3.2085147
RODNAZ,2.3605878,2.6721706
SAKGUI,2.2209933,2.501564
GIJWUT,2.036228,2.1941278
WAJCEQ,2.352152,2.1953096
HIZLIM,3.295571,3.1157799
FAGTOY,2.700458,2.3475993
TEBWON,3.388634,3.8897624
AMAYAO,2.451746,2.453269
IMULIN,3.5200648,3.3905559
YEWGOX,3.250672,3.3502765
KABPIP,3.3320343,2.6365404
IJAXUM,4.013407,3.5102036
XIXNIE,2.0732355,1.7350979
JAKVOH,4.175315,3.7277231
ENUNAD,1.4824764,2.1674829
SOHSUF,2.129563,2.2211769
UROGIS,2.7875345,2.665008
ZIMWID,2.5733807,2.4221199
TUVWUC,4.158444,3.6925297
NANGEQ,2.4599092,2.5957816
ICIDED,3.0754309,2.707044
KIHDIQ,4.013952,3.2925377
IDUGAR,2.9064481,2.6737375
MPTCPD,3.2332568,2.3994799
EMOJEV,4.158444,3.626752
SAFDAG,2.179632,1.7189424
SONPUI,1.063421,1.171563
EFUVUW,2.8482158,2.7438385
YIYJIA,2.0955489,2.01821
XIYLAS,2.7701192,2.7879744
ROMGEF,2.4909303,2.4752347
FUHXEN,3.226454,3.2587442
ZELJUX,3.4539413,3.2324586
VANQUZ,2.7763777,2.3411653
MEPDET,2.5818164,2.7369676
KATFIV,1.4713197,1.9688268
CAFQEF,2.918149,2.889968
GUYDUB,2.6215448,2.3521361
PUXXUD,2.5747414,3.2456772
PUCREM,1.9853427,2.1930237
BOFPAO,3.4656422,3.3605225
LITYIY,3.4547577,3.2566204
JIZWEV,3.7793894,3.5648553
LUXYUZ,2.9374692,3.133514
XAMTEL,3.735035,3.6662188
GUVVID,3.0346138,2.826777
XUNMEZ,3.1649563,3.0702028
HUXBOT,2.7595067,3.0240207
CATQEW,4.0814357,4.149147
KEDTIZ,2.2786815,1.9640646
EXOLAE,2.9793746,3.1067445
NONBAV,3.2210119,2.7643924
UXICUB,3.6738093,3.4929786
DEMWEY,2.7295742,3.2579417
MUPDUX,3.5548954,3.395984
LIFLAN,3.536936,3.7276049
BERCEI,2.6201844,2.8148522
VEJBAQ,3.469996,2.7350497
TILWOA,3.128765,2.8351505
VUGWIE,3.4803362,3.183909
DOMTAC,2.7780104,2.5845685
REVQEP,3.1132548,2.9266152
MIJJEV,2.282491,2.5104074
UXULIK,2.7763777,2.9195316
OHONIJ,2.9412787,2.8001409
CUTDAW,3.4471383,3.8209379
YECKOI,4.596003,4.379256
LURMUH,1.8911914,2.0739827
HUKSEL,3.305095,3.540738
VIFVEM,2.6201844,2.3148675
NOKDEY,3.121418,3.0773232
NANCUA,3.9875565,3.2496254
XABPEX,3.1143432,1.9939361
DUJCUG,3.2759788,3.100929
UHADUC,3.90048,4.3483753
ETOHEC,3.7467358,3.0619705
AGEWEO,3.943746,3.7601614
HADBIA,3.274346,3.570644
WETMUF,2.9878101,2.8742702
XEPCIE,3.8531322,3.429664
HAHTIW,3.9298685,3.9531727
SASTAK,2.7853575,2.7158432
XUYWUJ,3.5861886,3.5941415
XUVQIO,3.2754345,3.0442562
ENPDBN,2.4223576,3.6021178
ARANAJ,2.308614,2.3612576
HICRAN,2.0800383,2.4111116
VOLKAK,3.1554325,2.6139655
SEMKUS,3.042233,2.9037874
TAWNOU,3.8400707,3.4812856
CUKFOD,2.7039955,2.984605
YATVAT,3.0795126,3.4949837
DARPUK,2.8479438,3.432469
TISGEI,3.862112,3.4264069
YEXYUV,2.0637116,1.7473246
IGOBAH,2.776922,2.814971
AJICAZ,2.203578,2.1928406
HOQHOK,3.0125725,3.2278838
FAWNOI,3.4049609,2.5664146
GAJMIP,2.4267113,2.5356317
FIYYUI,3.570678,3.0888944
MPSOPD,3.8063288,3.9457226
SODYIU,3.2163858,2.8256412
PDBZOM,2.9834564,2.207166
HAJRUI,2.8980126,3.429881
VISRAQ,2.8299842,2.7106404
CIJZEC,3.5576167,3.6756775
OHEDOW,3.2057734,3.9008217
KENTEE,2.6661716,2.608135
XULVEH,2.3050766,2.301984
ECIVAP,3.7772126,3.471161
LADZUM,2.3861666,1.862076
RACNUF,3.4710844,3.4359372
ODUNIM,3.6212914,3.7527902
SANFIW,4.2915077,3.5304523
DUPTEO,2.3143284,2.1344333
HAWXIO,2.8792367,2.4987106
MIMLUP,3.0117562,2.82572
GIQBUF,2.7976027,3.2067268
DENKOZ,1.5812536,2.0900555
SEWLUC,3.7097282,3.658565
MUTSOL,2.4819505,2.3521008
EVESED,4.1546345,4.5089417
RAGHAI,2.0917392,2.1427107
WANYUF,3.81422,3.5097175
XOQSUT,3.9279635,3.389846
WIKZIB,2.2947361,2.361174
UJOKEJ,3.3401976,3.5057461
NOPXOF,2.652294,2.4191473
TEXWEY,3.343463,3.2003107
WEQDOM,3.2816932,3.0387337
XIXZIO,3.0166543,2.8959486
MIVXAR,1.3431541,2.042482
TUDSAN,3.6770747,3.6499844
WILVOE,2.6405928,2.1549559
HERVUY,3.2952988,3.130611
ECOYIF,3.2683597,2.931324
ABOFAZ,3.1731198,2.5436416
XIVHES,3.33149,3.3208609
LEHRIZ,1.8950009,2.2205791
XEZVEF,3.0838664,2.4717531
OLUJAG,3.4147568,3.8860402
MIKKIC,3.1701264,3.4566083
CUZGAF,1.7292836,2.2963367
YIVYAE,2.7116146,2.1116369
YANVEP,3.6634688,3.5565896
LUBRIJ,1.5842469,1.7260362
BISKIX,3.4933977,3.6057906
GOBDIM,3.484418,3.6233974
GEQKAO,3.5987058,3.7639155
CIYWIS,2.8860397,2.723893
CERWIH,2.8003237,2.3573112
NOSPUI,2.9962456,3.2673993
MAVJEB,3.845241,3.5735648
LUGHUQ,2.454195,3.1905313
DEZTEI,2.7355607,3.213822
IYADAN,4.203887,3.8538837
DIGFIJ,2.0773172,2.0477633
PARHIA,3.126044,3.1600056
QUWJOI,2.865359,2.8978071
IMTOPD,2.5578704,2.6497452
KULGED,3.486867,2.9817584
RADLUD,2.4335144,2.1474698
MAQQOL,2.7303905,2.5358403
ROHMAD,2.6688929,2.7569888
UVOSAA,3.3927157,4.035599
WUFFOS,2.4177318,2.1284747
EDUCUD,3.1818273,2.882739
LUYSUV,2.3184102,2.033655
OBEXIF,2.7622278,2.3349388
XIRVUP,2.6297083,2.8994617
NIZQUK,2.7635884,2.6639726
HONHUO,3.6329923,3.3964288
PAKBUZ,2.165482,2.1790872
XEXLIV,3.467275,3.87822
AGAKIC,4.069463,3.932619
LEVCIB,3.2746181,4.186158
OWODEK,2.4933794,1.7307843
OZOJUJ,3.329041,4.0021944
EXOBOI,3.1276767,2.4978924
KUHSIQ,2.1790879,1.9082756
MOHPUW,2.8044055,2.7241373
COSPAD,2.6539266,2.2292862
BIBTUD,1.6775819,2.0856166
WICGOF,3.14482,3.0284047
EQISEC,2.9113462,2.8407793
WIBQOO,2.2778652,1.7427306
YEWYEF,3.3704023,3.6389346
BAJCIA,3.3652322,3.4402187
HOKZOX,2.325485,2.2162511
OPEKOL,3.8539486,4.296903
YUVLUX,2.5807278,2.729011
OVURUU,3.2819653,3.033187
EMUQAG,2.9589663,2.8094633
YAYMER,3.393532,3.3238134
LUYNIC,3.0003273,2.4651587
ADEBET,3.2188349,3.2642813
OXECIE,2.5467136,2.6086771
HUJRUB,2.791072,2.3873312
QONGOR,2.6324296,2.1045783
TIHDAP,1.8990827,2.2221868
VUYGEC,3.1731198,4.010096
FOSFEZ,3.6789794,3.5807295
BEJKUW,1.8743203,1.5724472
PETPDC,2.595694,2.1127362
WOXFEU,2.736377,2.6833353
YOGWAU,2.8030448,2.9629693
HAHQOY,2.7374654,2.5207562
DOYBEZ,1.1480484,1.3824339
INUQIS,2.9257681,3.0310616
LIYDUV,3.42673,3.2899477
PAJQAS,3.773403,3.3578672
POJKIK,3.065907,2.7049432
LUQWOK,2.4748757,3.445096
APACUQ,1.7409844,2.950169
IGENUE,2.2207212,2.1147077
WOCWAO,3.6550333,3.562839
XALHEX,2.0694258,2.1358252
XODPUC,3.6104066,3.391364
MINFEX,3.4155731,3.436509
XOFKEL,3.219107,2.7811375
HOWXEW,3.2150252,3.5389557
ITUCUW,2.2974575,1.8055055
PEJGUG,2.5861702,2.5032644
QOVRUO,3.2626452,2.9662845
QAYSER,3.0144773,3.243957
GODREX,4.1184435,3.8079233
CEVJAP,3.713538,3.5371082
KIYWOG,3.3494496,2.9251304
DEQSEY,3.1165202,3.5478592
GADKUR,3.8210227,3.6374521
XAQFOK,3.24523,2.4115477
QUNXUS,3.8411593,3.8972359
KAWSEI,4.160893,4.306067
QEJWUA,3.8555813,3.3920908
YOLCAE,1.9834379,2.2153273
CAMCIF,2.810392,2.9333773
TECQOI,3.0193753,3.099505
NONLIN,2.9946132,2.786874
OCIDAH,5.112747,4.6598825
BEPLUE,3.307816,3.495308
NOYBOU,1.952417,2.140707
IHEKIQ,3.0626416,3.1507912
RIXFEK,2.103168,1.7729245
DAHNEH,4.0046997,3.777345
FIJDIN,3.1584256,3.1555672
WEFZEN,2.9094415,3.169506
VOSNOI,3.6912246,3.2697728
EZICUL,2.35188,2.3321393
NOHNOP,1.4462851,2.1827388
LAJMUF,2.301539,2.6978173
TERCOK,3.2493117,3.8176258
EFIPEQ,3.2509444,3.2285
DISVIL,2.9878101,2.9246879
ZOWQOT,3.5363917,3.2018373
FIGGUY,3.8422477,3.573316
PAGWIF,3.2776115,3.2309556
OPOJAG,3.0340695,2.9782863
YURYAM,4.5902886,4.7273397
OKOFID,3.1608746,3.3190823
IGOWOR,3.2199233,2.6473205
CASZAZ,3.0939345,3.0652626
IRIXEM,2.9630477,2.987974
FITDOD,3.5200648,3.454032
JUDLOJ,1.8993548,2.2136161
EDIZAV,3.556256,2.9478528
LIHNUM,3.5622425,3.5615404
TUCSAM,2.696104,3.1301665
BOFXOK,3.1682217,2.8081923
FAMPPD,3.6163933,3.3746066
TAFNET,2.7037234,2.635168
AFIXUJ,2.99679,3.1190577
TOLVUN,1.9037086,2.286972
OCIXAZ,4.1878324,3.491886
OFENOC,3.04958,3.2211366
VIMFUU,2.587803,2.2205973
DEJBOK,3.0963836,2.8486667
UXUMIL,2.7970583,2.945576
WOCZUK,2.4550114,2.328854
DIBRIQ,2.4716103,2.6340938
TORCAG,1.6843848,2.3514488
ORECUK,3.5206091,3.3824773
FAFBEU,2.5205908,2.6526716
XIVREA,3.1350238,3.1750185
DECSIO,2.4988215,2.580598
IJEVID,3.453669,3.2930179
BUJKIB,2.887128,3.25066
CEQJAJ,3.7102726,2.7871947
GOHQID,3.5592494,3.489818
GUQDIG,3.032709,2.786544
WODCAV,3.1611466,3.2842517
NAKQUO,2.8433177,3.0301573
WOWDIX,2.3562338,2.6036096
SEVWAS,3.2318964,3.3870618
RONKUC,3.3393812,3.3424213
BUJKOH,2.9791026,2.5655053
PALJAP,3.4593835,4.390409
TAWYUN,2.8425014,3.1222148
WETDAC,3.8264651,3.3256629
LUCXOX,2.9309385,2.7182178
LIJCAJ,3.3486333,4.0020676
EMEJOV,2.7755613,2.7011704
MOZROK,3.2509444,3.0074153
QOPWOH,3.23108,3.4168372
EHESIV,3.6789794,3.4550142
QUVXAH,0.45443016,2.7998486
GUQCAX,2.5399108,2.8580956
HATRAV,2.955973,3.1658814
FAWSAX,3.3222382,3.360383
TEKZUE,2.6327016,2.785597
HONJEA,3.945651,3.4636502
EMAWAS,2.1728292,2.3976216
GUXHOX,1.8892865,2.0261066
BEPMAL,2.9121625,3.2221613
AREWEB,3.0863154,3.5285256
KEHGOW,3.3595178,3.0114899
JOJBAM,3.286319,2.955196
LIHPUN,2.0348675,1.4041547
EJUWAI,2.8667195,3.235221
QIHJOJ,3.2169302,2.8886359
NAPPOK,3.4642816,3.2868893
SOGMOR,3.183188,3.1452305
CIWPOO,2.3211312,2.7168498
XIDKAW,3.670544,3.4006643
IHAZUN,2.9918919,2.803898
LOGNUQ,3.1151595,3.144219
XAMQIM,4.0449724,3.674609
BOMFEP,2.7864459,3.2291088
ODUDUO,3.405233,3.559541
VOZHEZ,2.9864497,2.742663
YAKCIY,3.6980274,3.2424002
LIDMOB,2.5600471,2.167617
SIXLOC,4.01504,4.171191
FOGQAU,3.18346,2.990276
OYOPIC,3.2204676,2.6216364
RAPRAD,2.497733,2.6323452
HEZCOE,3.8901398,3.4516478
KEQHUJ,3.714082,3.650564
ETAMAN,2.7973306,2.9867227
OGULEH,3.1173365,3.2798033
XUKBEL,3.2846863,3.4556127
PECHIO,2.5107946,2.7163649
OTEFOJ,2.0920115,1.991463
SOVMUN,2.3360975,1.773655
WIVKAQ,3.4710844,2.8502245
DIRXUX,3.3989742,3.5997305
PIMTUC,2.485488,2.1469376
AMAXUH,3.35081,3.0733562
XIVHOC,4.0090537,3.353507
WUXJOP,4.167152,4.0610743
LIHPEY,3.1921678,3.2537017
ATIKOE,3.6830611,3.2643523
NELPUR,1.7175827,1.9170852
DEWKUO,2.8324332,2.0729105
JOHZOW,2.2155511,2.6559615
JOWNIS,2.3600435,2.4382253
CAMTUI,2.8952916,3.4402666
AFIJII,0.6258619,1.5321028
WEHNEE,2.4941957,2.0066428
XOZQOS,4.029734,3.7613492
ZOFROE,2.5638568,2.055822
OGOVAH,1.7989447,2.0390506
NOVJIT,3.5603378,3.723284
FUMROV,2.4452152,2.2017677
DEPWUQ,3.4808805,3.2291393
MIXLIQ,1.6620715,2.9582536
DONHIY,2.88223,2.957332
NELQAY,1.1956683,2.0473657
SAYHIJ,0.39755836,2.6480372
OBOBOY,3.8751736,2.7466018
ZANZUJ,2.999511,2.5819485
MIBQUK,2.265348,2.3814163
FUHQUW,5.188939,4.5708737
QUZTUB,2.7257645,2.432651
HECXEV,1.5962199,2.5090556
AGICOJ,3.104547,3.1989226
UGUXUQ,3.4283626,3.3431194
AWORUZ,3.307272,3.1726854
AMAFEB,2.9388297,2.5060475
QAHQUN,2.8193717,3.1273744
RUHPIU,3.6259172,3.2166283
RUHPOA,3.832996,3.9569755
DOQTIN,3.6607478,3.1971402
SOFBEW,3.245502,3.2009075
BAJBAR,3.3497217,3.104539
GUQPOX,2.8637264,2.7600589
BUSVUG,2.9703948,2.5478923
WIKZUN,3.0479474,2.4475727
QACFUX,3.1567929,3.73816
WAZTAV,2.0539155,2.1364841
TUWKEB,3.1059077,3.2354426
BAZTEC,2.9380133,3.4930844
SEQVIU,3.838166,3.2838225
LUYTIK,2.571748,2.260034
IVUFOU,3.2125762,2.834381
GAPBII,0.20000368,3.0973508
DEPXAX,3.3981578,3.3280935
ZOJYEC,1.6988069,2.4422157
GOJQUT,2.9693065,2.673986
CAQPUG,3.0479474,3.2389953
HADMAB,2.1042564,2.5409248
QAHXEE,2.6125653,2.5694792
FAJQOY,2.8950193,2.822958
IZODAC,2.6343343,2.4626687
GAGKEE,3.1459084,2.931382
TAWYEX,3.1508064,3.5456188
HESGIW,3.5606098,3.7241697
HAKGIM,3.8895955,3.4164479
HEXJEB,3.701837,3.082362
NAKNOE,3.6890476,3.5438716
ZIJYAS,3.2174742,3.2981493
WAPJIJ,3.4114914,2.8759696
MEGFIO,3.061281,2.6679835
QIBLUJ,3.4612882,2.9228792
DEPLOA,3.080601,2.9381633
UROXIJ,3.3140748,3.1719007
UFUVUM,3.9935431,3.8375745
NEMYIP,4.028918,3.1508145
LUGXOA,3.5491812,2.5374496
ANOJOD,2.6977367,2.6374285
CAWLIV,3.360062,2.929177
BAGNUT,2.4920187,2.4133995
BIXJIC,3.142643,3.023658
PULCOO,2.977742,2.4620895
BETBUZ,2.258273,2.0953627
NAZJED,4.359536,3.8847494
LIPSAG,4.0517755,3.4334972
XAYJUF,3.9113646,3.5690174
WATYEX,3.7763963,3.4087539
MIDLIX,2.774201,3.1387348
CIYWOZ,3.0392396,3.0456398
KILQON,2.6471236,2.0293708
FIJFAH,2.8639984,2.8772447
NIHGES,2.6822264,2.6596808
ROGHAW,2.182081,2.160767
EPOJUQ,3.3404698,3.5268004
GUKDEW,3.0656347,2.619319
MAQPUQ,2.7393703,2.616222
LEQQAB,2.5837212,3.1874652
YUFRIA,3.0972,3.0154366
WANDOG,3.0479474,2.7115042
ZOQFIU,1.0642374,1.88462
LEHJAL,4.29695,3.7315745
QOKRIR,3.4550297,3.4222565
FIJTAU,3.1600583,3.2143905
NANYOR,2.5399108,3.0870192
WUHDAF,4.1230693,3.5674415
YEGBAN,2.2879333,2.6399024
LIXKOU,4.2025266,4.008526
FOCJEN,2.2520144,2.0792902
QOFTEL,2.936653,3.0050087
SAYGOO,2.8131132,2.5339956
FEHPAL,3.3799262,2.8666086
XESBEE,3.5167994,3.1590734
PAFPEU,2.5940614,2.4555793
TINTOB,3.515983,3.1888642
CESREZ,3.4680912,3.3928695
DABZIS,2.7371933,2.3642607
CUPTUD,3.350538,4.0150266
DEDDAT,2.635695,2.5444732
DIFMIR,2.9505305,3.4988296
HAWXOU,2.841413,2.8516805
AKETIU,2.23215,2.1782243
IWIZOF,2.7203224,2.3536963
ACIWUH,2.9303942,2.3962097
JURSOG,2.5132437,2.2454967
FEJKUB,0.64681464,2.519862
SERPAH,4.686617,4.198653
TURDUF,3.2275426,3.7786446
DAHXIV,2.8278072,3.17708
JOKXUD,3.4819689,2.737415
XAYKAM,4.121709,3.442581
EBEMUT,3.2991085,3.1837375
TURJAS,2.4860322,1.797922
DISQON,2.203034,2.037082
ATAGOS,3.6125836,3.7346895
GIYWIW,3.0539339,3.011007
FISVUA,3.312442,3.6358194
NABDAW,2.893931,2.1781626
XOZPAD,3.8607514,3.507558
ENOYEN,3.3714907,2.4997747
XEPVIY,2.0473847,1.9394709
AKUZIR,2.6433141,2.379127
OLAJOA,4.5274305,4.390889
UMEBAQ,3.2272704,2.8626416
SUQTIH,2.9184213,1.961741
RAKTAB,3.467275,2.6770318
LILXAG,3.919528,3.8885274
MOCXIN,3.8090498,3.4046926
IMUHAA,3.0441377,2.7408915
BESHAL,2.9951572,2.641576
NEFYII,2.7586904,2.814103
GARRIC,1.6438398,1.8717377
EKAVAN,3.4264576,2.8129175
FAVHUF,3.4909487,3.2422035
HIGBOO,3.4683633,3.477283
RIDVOP,3.348089,2.8506262
GETMEA,2.8931146,2.9035826
GUSVEX,1.3450588,2.1089323
GIVYIV,2.810392,2.4498384
FOTWAO,2.738554,2.4046636
LEGZOM,3.508092,3.1709507
CIPGAL,3.2133925,3.959157
JOPJUV,2.9148836,3.316665
NUVPAV,2.7420914,2.9683123
BEVGAL,2.6253545,3.146781
MAWFIZ,3.1742082,3.0681772
OLOPEL,2.3260293,2.171498
SOCJUS,3.9102762,3.2875109
VABMET,3.9513655,4.025228
KICSOG,3.3538034,3.8882484
YABVOO,4.3511004,3.6257458
YATPAN,2.3056207,2.082712
WUWCOG,4.521444,4.0606127
YEJHON,3.403056,3.4975288
AHODAE,3.5984337,3.7677665
IMIBOV,3.4338048,3.1157572
XAQFIE,3.0011437,2.2501545
JACBOH,2.552428,2.392085
ALETPD,3.5048265,3.2965484
WOKPOB,3.7217014,3.772345
CAMJUX,3.794628,3.9548411
WONBEG,3.8460574,3.503527
XOWHAT,3.565508,3.839356
ZOMGOZ,3.334211,3.4731522
QEWBOM,2.6231775,2.0995276
TEMCIA,4.084157,3.9296255
GEQYIN,2.7426357,2.4385188
FULXIU,4.3217125,3.9978216
GEXGUO,4.2079687,3.8608644
XOCKOS,3.6928573,2.9930644
XEWLOC,4.5940986,4.538436
QEWZOH,4.249058,3.33268
OHEQUN,2.998967,2.9726143
FIFHOS,3.0944788,2.4658148
TAHVED,1.2933571,1.8636274
XOBFEC,3.2484953,3.6598797
YILDON,3.1540718,3.2292416
JUCNEA,4.495593,3.7006536
LADXIA,2.8974683,2.7398174
UWAXOG,2.97747,3.1368928
TEGFET,3.5170717,3.729021
KEHKEQ,3.6555777,3.527875
VOVDUH,2.9314826,2.4163713
FOBSOH,2.6327016,2.4338753
FISVEK,3.5042822,3.4463863
PIXDIK,2.9137952,3.3453076
LURMOB,2.7494385,2.5254464
YALNEH,3.6740813,3.7175736
CARJOU,3.5472763,3.0416
REFVOP,2.303444,2.4459355
OCUTUC,3.4229202,3.3240256
MAVLAX,0.9594735,1.6822344
VAPYUI,2.0103772,2.432027
SIZSUR,3.3040066,2.5505135
RAYLEJ,2.7622278,2.4758415
VEGNAZ,3.0237293,3.360838
QERTAL,3.2705364,3.554446
KOKZOA,3.1159759,2.6194263
IPIRAB,3.7072792,3.3959823
HUNWET,2.5755577,3.3798928
AWIZEL,3.3616946,3.6639373
ERAQOE,3.4550297,3.8636804
TIQTAO,3.36496,3.377338
FAPMEQ,2.8710732,2.5341773
VIDDUH,3.6661901,3.209622
CODTOH,2.203034,1.7767214
VOQMEV,3.9399366,4.068177
TIZJAO,2.6090276,2.6749005
NOYBIO,2.0201733,2.074464
IGAPUB,2.9091692,3.0903904
BIYCET,3.3069997,3.1288311
TIHFAT,2.267797,2.034667
FEGVOD,1.8794905,1.8381664
TIKWAO,2.8737946,2.3805485
IGERIW,3.2977479,3.187367
UJIFOK,2.346438,2.5267267
YEHGIC,3.9690528,3.9253871
VODYAP,2.3235803,2.4290893
NONYEW,3.231352,2.5509713
NIZTOF,3.3709466,3.1176517
CIGCIH,2.8778763,2.558855
ZETCUZ,2.7625,2.5418043
RISRIX,2.7056282,2.7791448
PEDNAO,1.4639726,1.967821
BIFZIB,3.6381624,3.1101167
FOKXEJ,2.4939237,2.4906058
ZOGKOX,2.6057622,2.2961502
RIXTUO,1.8669732,3.3556476
AXOBUK,4.0588503,3.795299
NAWMOO,3.080329,2.3351588
HIPVOT,3.649047,3.3747172
DAYKUJ,3.1684937,2.394687
LAXWIQ,2.7584183,3.4078696
HUJYER,3.3309457,3.0293636
RUNDEJ,2.681682,2.3083093
SOSNUM,3.751906,3.701019
MEYLAF,2.352152,2.3162014
NISKEG,4.3494678,4.067325
FIRCER,3.448499,3.3942537
BEHHON,3.111622,2.6653016
JADHOO,3.1946168,3.0308273
SEKKEA,2.999511,2.4964657
IPUSES,3.4016955,2.6902826
CIXVIR,2.3771868,2.6494408
HANTUO,2.1562302,2.2247794
NEBTAP,3.2367945,3.4510307
OHUSUG,3.3067276,2.8802605
TAWXAS,2.717329,2.5071054
TECMAR,2.8302562,2.9221685
OPALEY,2.0179963,2.1635594
IZINUB,3.6485026,3.6597028
VIHZAP,2.7331116,2.0626917
LINMUR,3.2242773,3.2076588
HOZBUT,3.5935357,2.7962933
CIVSEH,4.9260774,4.250289
MIXTOC,3.2952988,2.9449105
XAQKAB,2.4694333,2.9528828
REQSUD,3.477071,3.7000198
FEHPEP,3.066179,2.8956392
SEQVAM,3.804696,3.3853612
FUFGUK,2.5001822,2.5196886
LOSRIW,2.2332385,2.2299871
GUVJOY,2.649845,2.3896923
RAJBIO,3.1372008,3.1740825
SINVUI,4.7900205,4.231533
IKEPAQ,3.2065897,3.1324456
BUQCAS,3.0139332,3.4744148
ADOPUE,3.3548918,2.7824595
RUNFIP,4.275181,4.3260264
WOPFOW,2.5614078,2.6885662
RIBHEQ,4.030278,4.620465
JOPFEC,1.7613931,2.2411275
YAWXIE,3.2566588,3.0135148
LIHDAJ,3.9529982,3.6625118
YADBAI,2.7701192,2.6183867
OHOJEA,3.4781594,2.3772793
OYABOG,3.515983,3.9025342
KAMCAD,3.5671406,3.658744
PAYWUK,2.2046666,2.6625152
GICRAM,3.1189692,4.152618
SICKIY,3.7660558,3.400043
QEWGIK,2.6857638,2.541691
HEGZUO,3.0776079,3.2509975
SOXSED,2.5728366,2.385118
HOHSEF,2.7371933,2.4677444
JEFKAH,4.43083,3.9651268
HAVYEK,3.1026423,2.911729
MAZJIJ,2.9018223,2.7102444
WUFDIK,2.6305246,2.3784513
VANMOM,2.70073,2.4286437
WAHCUD,1.8558165,2.1381671
UCOBAQ,3.512718,3.9682631
TAYROB,3.642244,3.010943
NOZHOB,3.0765193,2.657606
BATTIZ,2.6844032,2.5311074
FIFJOU,2.3045323,2.3259466
CAQQAN,3.1143432,3.2367303
OFATOE,2.9303942,3.1125813
BANYOE,3.2759788,2.8460708
OJIKAU,3.5233302,3.4430943
PIXTUN,2.2552798,2.3448493
CIGCAZ,2.9812794,2.611005
JUZPUR,1.7232971,2.9494936
TEBMES,2.8699849,2.8063967
TOGRIS,3.224005,3.283669
EKUFAS,3.2904007,3.1966457
WOMXAZ,3.0128448,2.2058384
LIGGAJ,3.6980274,4.072829
XEGPUV,3.168766,3.2883537
HEBMUX,5.029208,3.2016382
KEHJUE,5.8183384,3.3512454
YAHYAI,3.955175,2.926247
SOLYEZ,1.8979942,2.147643
SIDRED,5.1862183,3.4590192
HEVXUC,3.034886,2.8021884
OTZPAG,4.3241615,3.021173
KUMLEK,3.917079,3.1202164
HUPBAV,3.4025118,2.6521854
KEYPIN,4.952472,3.1135585
NASBER,3.3853686,3.0849688
BEGTOY,3.8713639,3.003583
ITAZEK,4.0158563,2.9150577
LEJKOD,3.202508,2.7406964
RUJSUL,2.944544,2.6818104
SACQOF,4.8809066,3.4959488
HIPVEH,3.3587015,2.8080626
JOCCOW,3.1799226,2.4454143
BOJFUB,5.3494864,3.4604287
ABENIH,4.168784,2.9511628
HOPDUL,4.705393,3.0502198
GUXNAO,3.2735298,3.073442
YOWTAG,3.7630627,2.733465
TOKYOJ,3.7502732,3.0023396
MAWNOP,4.2071524,2.931423
KILCEN,4.569336,3.0270019
VIMSIU,3.6495912,3.0099654
NOSSIZ,1.9725534,2.2225144
EXIBAQ,2.8327053,2.7971926
RUKTEY,3.8074172,2.8960278
KIGHEO,3.2950268,2.6966395
TAVROZ,4.029734,3.0947895
REYRUL,4.59818,3.2752266
AZEPAX,4.942676,3.4892735
ASAVUM,5.4501686,3.216345
MIGFOZ,0.34068656,2.8768778
MASKEZ,5.230845,3.1012452
LUCQAD,4.2479696,2.922224
ZIYXOU,5.025127,3.1646783
PAWLUU,4.311644,2.9226582
MODQEE,2.5986874,2.0481932
EWIHOJ,2.2003126,1.43069
LIJZOU,2.1807206,2.2573988
REXSAO,3.761702,2.576713
SAZXUN,3.9693248,2.9064815
WABRID,4.306474,2.7729173
OPEFIA,3.9900055,3.3184156
SOXKIC,3.8085055,3.0525255
TOLCON,3.6240125,3.0637076
BEGSOX,4.1478314,2.997875
FEQHUG,3.9227934,3.0717094
TURFES,4.780496,2.8727465
LIFYOO,3.5905423,2.8202133
AVISUV,2.855835,2.5889513
MUTHAK,3.653673,2.5399475
DUSZUM,4.3173585,3.1390638
COQRAC,5.0792775,3.429121
ODAYOH,3.7842875,2.5294843
HIKREY,3.6553056,2.6910868
MACVES,4.4291973,3.057924
HUPBUP,3.286047,2.7581158
UFUDAD,4.4686537,2.6511214
XIQCEI,4.6466165,3.1066794
SIWRUN,3.4857786,2.9855487
TAHMIA,3.2653663,2.602347
EJAGOL,4.2291937,2.8693976
DUDRIF,5.030841,3.109259
GISHUN,3.9619777,2.9985795
PUNVOJ,3.469724,2.8523095
CAJHUT,3.3421025,2.8238635
ZELLUZ,4.2125945,2.729674
TIRMOZ,3.458295,2.2005742
HEWCIW,4.550288,2.8424034
QIPXUK,2.61447,1.2050643
YERMAK,4.1764035,3.1828892
BEQSUN,2.2661643,2.436689
ASOWIO,2.872706,1.8199556
EBUROI,4.3505564,2.9164166
VIBHAS,4.171233,2.7006352
ZUGYOP,2.9652247,3.0276227
JEPCIT,3.2708087,2.7233775
DEFTOY,1.3279157,1.4210192
IWIYUI,3.4765267,2.8555577
MEVMOP,2.7494385,2.4936082
NEVXET,3.2544818,3.107029
BEGTEO,3.5812905,2.532101
ZOWSAI,2.812569,2.8327107
XOFDED,4.0283737,2.9370954
FOZYAW,3.9851074,3.0312572
WIBZIT,4.769612,2.9427147
VASZUL,5.261594,3.2777333
IQAHIS,3.5782974,2.722978
DELJIP,5.766637,3.6034722
AZEYOV,3.9690528,2.970415
JOCVIJ,3.4767988,2.5105152
TUQVUW,2.6065786,2.8980434
CILJIR,3.2133925,2.8645067
HATLAR,4.949479,3.2195706
QUCJIH,2.8721619,2.8302407
EQEQEX,4.1715055,2.9213974
MIGFAL,4.3559985,3.178738
XOVXOX,4.3453865,3.3539462
DUCQOI,3.446322,2.4038973
YADBIO,5.503775,3.1057968
RUZWAL,4.3459306,3.3815916
WOPBAG,3.7317696,2.264526
LUZKOG,5.761739,3.5660973
VAKXEN,4.7717886,2.9215508
ASIZIL,4.1769476,2.7899778
XIRJOY,1.7007116,2.0552678
PIJNAA,3.5176158,2.6269777
HIJKUG,3.3543475,2.4998896
CEJHUX,3.6142163,3.004054
EGUZIS,3.0552945,2.7984746
DEYMEC,2.1341891,2.4214108
MAFGEH,1.8468368,1.313915
WAGFOC,1.9750024,2.3977401
TOFRIS,2.3829012,2.577711
JELMOF,1.6781262,2.2321174
BILQUJ,4.270011,2.7051284
LUHRAJ,2.5861702,2.9204555
CASQAO,2.146434,1.5474471
JAGFAB,4.8267555,3.1571565
XULPUP,4.2019825,2.986876
WILYIB,2.7263088,2.825985
MOCRIH,3.634625,2.68881
SIQSIU,4.149464,2.8423016
WOZQOT,4.1075587,3.039248
LOFROQ,1.706426,1.9204566
LUZKIA,4.813694,2.9119396
YECWOU,3.988645,3.0047104
NAQZAH,3.0384233,2.7502742
AVUSUF,3.962522,2.8523037
LEMCUB,4.215316,2.9735954
DEMKEO,2.937197,1.5002893
KOKQIL,3.6776187,2.9190001
REVHEH,2.6139257,1.1382724
XOVYAK,4.1976285,3.4616237
GINSED,2.5320194,2.041634
QAFGIQ,2.4988215,2.331799
ODUMOS,3.859663,2.9856844
MOFDEQ,3.3331227,2.1261961
TECCIO,4.3532777,3.0959418
DIDZOH,2.8835907,2.9807782
OPEWUD,4.285249,2.9312623
LOHHEX,2.3937857,2.4051135
QOWGEP,0.16789426,-1.198708
PUNHOX,3.4226482,2.4238963
VIBQIG,3.3638716,2.9216983
DARVEY,3.5698617,2.2066052
QEGSIE,3.2351618,2.7977931
ORUHIT,5.4428215,3.4228015
BUGYOT,4.404163,2.6307127
MOBSUS,1.8862933,2.3217733
QIGHIX,5.651261,3.2591584
REBQIY,3.9668758,2.419331
QETDIF,4.1086473,3.141797
LEZDEA,3.4264576,2.7790992
TASFEA,4.791653,3.071795
WAFWEH,3.9067388,3.24951
EYEXAI,3.7666001,3.0308974
JOBVIH,4.101572,2.9102569
XIJWET,4.970976,2.9810333
FUJTIP,4.0117745,3.0841532
AVINUQ,4.800633,2.9095638
LEZFIG,3.1080844,2.5861433
ADASOQ,4.554914,2.6664283
KAYLEC,4.773966,3.2395916
MOHNED,3.3763888,3.1074975
WIFFOH,4.256405,3.1937902
VATBUN,3.4142127,2.285314
DIFMUC,3.6572104,2.4589036
IBEJAD,3.959529,2.9554658
NIPTIS,5.197647,2.7963176
RIGCIV,3.3796542,3.1046982
SOLHIK,4.931247,2.8617716
WEFGOG,4.672739,3.2699513
PURVIJ,3.3633273,2.8065703
ULOHIN,3.5042822,2.688932
MITYOD,5.5119386,3.4781394
CENHUA,3.0944788,2.084552
TIQRAM,1.6596224,2.297123
SUDQEN,4.493688,3.0162892
FOZXUP,3.8251045,2.839354
JELXIK,3.572583,2.9712796
HATSAZ,3.4476826,2.5187235
ZUZRER,2.346438,2.9485557
RAQWUD,1.823435,1.6290977
SIQSUG,4.7788634,2.8219824
ITADUE,2.430793,2.710734
MAYBIY,3.4762547,2.0106666
DAQLOY,2.0691538,2.3644345
TARNAB,3.5929914,2.803354
VICLID,3.4433289,2.5406194
KAQKOD,3.309993,3.1533523
DEKGAC,2.1567745,2.4407148
LIHLAP,2.289294,2.3079107
LEVMOO,2.4729707,2.2008264
CASWEA,3.321966,3.1058724
FIXMIJ,6.4205265,3.7604356
GECBOH,3.5851002,2.7506697
KAWNIH,1.5594846,2.4708753
WOTJUK,3.307816,3.070206
XUNMUQ,4.5034842,3.097919
IGEDAA,4.284433,2.8461738
ZOBHOP,5.035467,3.2566633
ZIDZET,1.467238,1.1542546
NETFID,4.122525,3.0880697
TAJJUM,4.151913,3.0608978
CUMBIX,5.118734,3.3866506
DOQWOV,4.8762803,3.196727
GEGNIQ,3.3255036,2.9344304
TIPKUY,4.6471605,3.0050242
AVIPEC,4.619405,2.8208597
BIJLEN,2.0928278,2.4001777
HARNIA,3.3110814,2.8467436
MABQUD,3.7910903,3.033958
SOYXIP,3.4754384,2.6135638
LUXHOB,4.3701487,3.1554828
FUJTEL,3.3782935,2.7147717
BUBVAX,2.6414092,2.346598
ADUSAT,3.2199233,2.6957655
BUWQAM,2.7464452,2.4213264
PAWLOO,4.5418525,3.0180411
NOLMEH,3.4155731,3.091558
PIQQOY,3.7154427,3.0640953
XOJJUE,4.0898714,2.9012218
VIFKUQ,4.841722,2.7990959
NTPAAG,1.6158121,1.8209085
TIPKOS,4.733965,3.075916
HIBNOY,3.8996637,3.113051
OQOWAT,3.1410103,2.9000015
CUYGIN,3.8006144,3.0007727
QUGGOP,4.1785803,3.0009015
IHUPOS,3.926875,3.0691028
NUHPEL,3.5867329,2.8342142
GALKIQ,2.162761,2.4519408
HUHXEP,1.8705107,2.0507596
SIYMEU,3.17829,2.9839385
SEGYIN,3.2825096,2.6298769
WIBLAU,4.64063,2.9311397
UNIDAX,3.8863301,3.322546
NEHBAE,4.979684,3.0784802
JELXOQ,2.8792367,2.6808217
GAJHUV,3.2876797,2.9405003
RUWCUJ,3.4612882,2.8979826
LEZFEC,3.7263272,2.9022732
ZEDDAP,3.6817005,3.2073853
YONBIO,2.612293,2.761406
RIVTUM,3.5312216,1.171424
NEYTAP,2.8335216,3.0259287
AWOSOV,4.736958,3.0203109
XAWHUA,3.7086399,2.8470945
RACZIF,3.7010207,2.747085
UKEHAT,4.77968,3.2187629
KUQPOC,4.0969462,2.5017905
PIQBEZ,1.9856149,2.3394878
UNONER,5.5413265,3.4377635
FILSEZ,5.3562894,3.6131449
MARHUJ,4.586479,2.9881756
RITYID,3.221284,2.5210123
JARQOL,3.5086362,2.5759976
IGUXAK,4.0063324,3.0408354
LEYBEX,2.3820848,2.415253
VAPXIV,2.7208664,2.7543359
JEYDOH,5.5190134,3.387383
FUJMAA,3.1489017,2.7506533
VICLOJ,3.6093183,2.880146
VAKDES,2.5227675,2.7762504
PIDDUE,3.6792514,2.9515898
BEMLAH,3.5475485,3.0981064
DEQMOB,4.1861997,2.9082673
TILLAC,3.5878212,2.6183283
PAWYOE,4.359536,2.9828768
WUZBIC,4.2471533,2.6960385
REKDOA,2.8313448,2.384741
OJAPUL,3.5276842,3.1385207
GIRVAH,3.2738018,2.7245648
OPEWIR,5.3900313,3.2363057
LUQMOB,2.923047,2.496842
WIBNUQ,4.662671,2.83948
LAFZIC,4.6354594,3.2057722
AFEYER,2.9570613,2.3452952
WACGAL,4.459946,2.9192517
NANNIC,3.2365222,2.4092927
XEBZEK,4.8934236,3.4386015
KEQWOT,3.7875528,3.048975
DOCNER,4.5690637,3.062256
ZIBGAS,4.959003,3.2259152
LADGIJ,4.3940945,2.913866
LADGEF,4.476817,2.9392638
VEXKAM,3.9799373,2.6088624
UTAWAO,2.8337939,1.9427154
IXEGUO,4.3440256,3.1654325
BOHDEI,4.050415,2.9630325
EQAGIO,2.934476,2.6969848
ETUCEC,1.3524059,1.8571669
ASAVAS,5.5116663,3.0471659
KEYNUY,2.5622241,1.2806311
UBOQEK,1.8332311,1.8312712
XOVXUD,4.4433475,3.0478675
NIWLOV,0.37932673,1.9795021
MEVMIJ,2.638416,2.2770138
VAKXUD,3.6166654,2.7595248
ZAQYUL,4.013952,2.7860599
OWEPAJ,3.510813,2.8306968
KANXUS,4.4419866,3.0730183
LEJZOR,5.181048,2.8249412
DACYEO,5.652349,3.2596478
TIPLEJ,4.941588,3.2569551
HOTRUF,2.6939273,2.423311
VUDGUX,4.4349117,2.9681928
MEXKUX,2.8482158,2.7977917
SECCUZ,2.9464488,2.3800836
CIBYEU,3.1181529,2.352748
LUHQUC,2.6944714,2.7415445
AWENEW,4.093137,2.3731985
TASFOK,4.772877,3.0693598
WOBKUW,2.5605915,2.503576
TULTID,3.732586,2.967152
EJEZOK,3.413124,2.9117022
FOSVOZ,3.7178917,3.022599
BECCET,5.255335,2.8675523
YUBNUG,3.4000628,2.7304137
KUVSUQ,4.7783194,3.107764
HAJROC,3.5339427,3.142229
SABHOT,3.0942068,2.5109086
GAJQOZ,3.9750392,3.03664
XOJKEP,4.3549104,3.1082497
YEKSAL,3.1323028,3.036708
MUVJES,5.0795493,3.3981285
EZOZIE,5.525272,3.1274197
AMANOS,3.4226482,2.1129577
EYEXEM,5.055876,3.346234
SORCIM,3.86184,2.9426007
VASYEV,3.0569272,2.9380984
LEZDOK,3.8721802,2.876753
UZUTOZ,2.6490285,2.4915032
HAYWOV,5.7892222,3.4633713
MUZKUN,3.9206166,2.3234036
VUCJEK,5.1056724,2.7684245
SADCEI,4.8428106,3.5376568
QADROF,2.5807278,2.3788912
BERJEP,3.434349,2.7884862
AGOCOP,3.0046813,2.9668832
RUBCUN,3.130942,2.7840767
SOLFIL,3.8278258,2.8325949
OGELAN,5.5124826,3.6353126
JIMBUD,5.836026,3.4750113
ITAFAM,2.9380133,2.775613
RUZVOY,3.9021127,3.1578264
GEFVUJ,3.6082299,2.9206212
YECVEI,2.4912024,2.803378
FUPMOS,3.654217,2.9416072
YEGXOY,4.8738313,3.1853433
KELKIW,2.6833148,2.6582997
ASAVEW,3.8343565,3.2049782
SUXFUO,4.6392694,3.4738863
WENKOQ,3.8607514,3.1904728
USUMAY,4.4343677,3.0703797
IDOTUT,3.5772088,2.6176803
RIGBIU,3.288224,3.0442646
ESERUQ,2.9652247,2.353512
IFEVEX,3.5782974,2.5796487
DISHET,4.6368203,3.2758913
RIPNUA,4.43083,3.2160463
TEBDOV,1.5230213,2.1080437
WAXKIR,5.1203666,3.2642994
LICDAE,4.3219843,3.1405702
EHABAT,3.8283699,3.0174298
CEWBIR,4.5897446,3.0116355
IYIQOW,2.6797774,2.1588879
SIQREP,4.2476974,2.8896077
TECJUJ,4.7875714,3.2504501
WOBTEM,2.8332496,2.700916
XEBZUA,4.2272887,2.8307695
FIDKAH,3.9461951,2.8731153
COQKAV,3.629727,3.0645206
GODMOC,3.8651054,2.8667443
PITKUA,3.2735298,2.6119714
FAHCOJ,2.5671222,2.9709518
PURVEF,3.597073,2.813268
GODMUI,3.8588467,2.8771892
TURDUG,4.638453,2.8382397
HAYGEV,3.6033318,3.0478528
JAWCAO,2.0607183,2.1908648
KIGHIS,3.8275535,2.8220642
EXAXIL,3.757076,3.0448048
XOCREO,4.571241,3.2153208
VUCKEL,4.9853983,2.9897513
SUCKOQ,3.8387103,2.9659896
QOWGAL,0.16653368,-1.2026253
PAGMNT,4.350284,3.0542784
VEJRUY,4.7736936,3.2648995
SEBNET,3.3034623,3.1518896
MICNIY,3.5499976,2.8684862
EPADAC,4.57369,3.1583438
XILKAF,3.6036038,3.1533258
GIYZOG,5.016419,3.075177
WEPLIO,3.4065936,2.8990245
DAKXIZ,4.40117,2.8988051
QAHNOD,5.160095,2.9188125
RILGEB,3.1799226,2.8823414
YOKQOF,3.886058,3.096167
BILQET,5.860516,2.827408
LISKAA,4.697774,3.0611792
EFIYIC,3.2199233,2.7341783
UQIWAT,4.098579,3.1107233
SOLFUX,2.0667048,2.6266243
NIZHUB,3.964699,2.8697746
HIBPAK,4.4324627,3.164529
BEQRIA,4.2569494,2.967525
PUXDUH,3.448227,2.2016315
YOCKEI,3.5867329,2.9789429
EMERIY,2.9450884,2.6714156
MUNPAM,3.4231925,3.063433
GINSIH,2.9589663,2.6658924
HIJPAT,4.370421,3.350922
NETDIB,3.830819,2.980935
KUBGEV,3.611223,2.840212
NUCNIJ,4.5589957,3.2679706
NOLMIL,3.7486405,3.000507
XUFLEQ,3.142915,2.1909246
ZEWRAW,3.185909,2.96422
ZISREB,2.977742,2.8168156
FUFZUC,3.5603378,2.7375894
TEFJOE,3.4871392,2.9969292
PEBREU,3.5736713,2.674364
LASWOU,4.0305505,2.997124
VUDKOV,3.1581535,2.5298688
TARRAI,4.6471605,3.040531
QAFFAE,4.9943776,3.0722241
MEWCOG,3.9184396,2.6781437
ZAVNIV,2.7284856,1.8421131
ICIGOQ,4.9100227,2.909179
FORKUT,5.76446,3.6021621
KUVVED,2.9709392,2.8941479
ZIDZAP,1.30016,1.1490608
CAZGUG,3.4172058,2.9001422
VICKUO,3.201964,2.9495122
IZACER,3.2438693,2.136219
PEQHAW,3.3870013,2.718458
UHANOI,4.449606,3.0761652
POFNEF,3.477071,3.0320554
CUBDOT,2.495556,2.5046763
VUGLAK,3.5837395,3.0429513
NEKWUV,4.4798107,3.0009313
FOKDAM,4.1287837,2.950544
FAQSEY,2.4969168,2.3890758
ZUJSOO,3.527412,2.8701375
QAZKAG,5.870312,3.2893589
QIPYOF,2.616919,1.2058377
QARDEU,5.4180593,2.966178
BIMBAD,3.5633311,3.0523324
ODUQUZ,3.3965251,3.0680177
BAHZAN,5.3358808,3.322046
AXOGOL,5.08989,3.1738503
UNOLOZ,5.4028206,3.3117237
IXUTAY,3.0294437,2.9243565
PIQBID,2.0354116,2.2255287
GIPTIL,2.8142016,3.0434377
PEBDEH,3.5448272,3.0004606
JACDEX,5.1320677,3.2727683
AJIBUR,5.651261,3.2587266
YOCPOX,3.2572029,3.062314
ZAXPAR,2.795698,2.633625
ITAHOC,2.7165127,2.6093774
DOMJAR,2.9940689,2.362467
YIZQEE,3.064002,2.5217829
PIMCET,3.6332643,2.969918
YIJLAF,4.670018,3.213503
HACWOZ,3.4686353,3.053002
PAWBEV,4.9775066,2.993535
AKURON,4.4365444,2.7356555
BOQGOE,3.240332,2.6226141
XIJWIX,4.904036,2.8108642
UHEZIR,2.138543,1.2859399
BAQROB,2.172557,2.4843693
PAWHAW,3.9736788,3.0501199
EBOYUS,1.8911914,1.8997316
RAKGEQ,0.15183954,0.56240606
YADQEB,4.4438915,3.0869462
HUMFUQ,3.6735373,2.478334
LIBWOJ,4.610153,2.6345875
EJENEN,3.224005,3.0405629
XAPQOX,2.592701,1.4817073
WOCZEW,4.167152,3.3305788
QERQOW,2.0261598,2.033499
EMEQUJ,2.8816857,2.6987467
WAZREX,2.936925,2.2852259
QUWVEK,2.3894317,2.66575
DIZPIN,4.2939568,3.1086998
FORLAA,5.6216,3.4365907
SATJIJ,2.7249482,2.3735027
RICYUA,3.6343527,3.0284357
JOBQAS,4.3108277,3.0284355
OVAVEN,3.9807537,3.0727072
EYOWOF,4.973153,2.992658
RISVIB,2.014731,2.5850966
BOHDAE,4.1649747,2.901363
AWACUY,3.448771,2.1036682
NILWUC,3.1445477,2.791867
RAZBOK,4.00606,2.7638075
LAFQOZ,3.7053745,2.1705785
IZEYAP,6.066234,3.5690932
AGOBAA,2.9646804,2.9284713
SIQRIT,4.3154535,2.7825146
PIQPIR,3.7124493,3.0568414
GETNOL,4.1883764,2.7455385
MUSQIA,1.9222124,2.2618382
TILLEG,3.534487,2.4346547
SIXPIZ,3.6476862,2.9807441
FOYJOS,3.2936661,2.8094885
MAMLUK,5.0615897,3.0908587
YOBRAJ,4.6711063,3.528185
MAYBEU,2.4503853,2.2952461
JAJPES,1.7502364,2.5217838
QOZGES,3.6686392,3.077917
JELMEV,1.9744582,2.4581602
TIWBOR,3.491221,2.4644144
LEBDOM,3.606325,2.6747408
NUNHOV,4.275453,3.084732
PIMTOX,3.4953027,2.63305
TEQYEV,3.161963,2.849651
MIGGAM,2.6215448,2.1947713
UHAPAW,5.965008,3.377877
NEYSIW,3.1323028,3.0866036
JAWXOX,3.9045618,3.1159549
JICZAZ,4.9211793,3.1114016
DEHDIE,5.852081,3.3169997
EMEREU,2.9097135,2.6403193
JAJNIU,1.8754088,2.4524865
SOYXUB,2.700458,2.5810275
PICPEX,4.700223,2.9377484
GIPQAA,2.772296,2.54999
RANDES,3.7750356,2.961697
QUXTOU,3.0482194,2.37177
EZIWAN,4.733965,3.1490705
COQQUV,5.0485287,3.4067965
MELYOR,4.0950418,3.2699018
KOKKUT,2.738554,3.0015945
IFASOA,3.3733954,2.5752835
VEJTEK,4.5867515,3.0089328
GITDIY,4.3745027,3.187202
XABMIY,1.9613967,1.8470829
RIPPUC,4.585119,3.1929767
TELHID,2.8909376,2.942944
DUPMIL,4.5271583,2.925014
FILSID,5.3856773,3.62605
LADGAB,4.4324627,3.1205378
HEKDEG,3.0982885,2.3570507
LEJKUJ,3.190263,2.7307248
VERWAT,4.0993953,2.8190675
AFATOQ,5.594389,3.42514
VIJZEU,2.6468515,2.545936
OTAHUN,3.7255108,3.0242894
LAHCII,4.155723,3.081069
WAPXAO,2.8599167,2.7568634
TUQVOQ,2.5701153,2.9644406
KAWSAE,4.158172,3.1402614
SIHKEZ,3.1986985,2.793679
CIFYEY,3.5543513,2.4189885
NODBUE,2.4103847,2.3230538
EGUZEO,3.7007484,2.9147544
ATODIW,2.6735187,2.5519042
PASBOC,3.587005,2.7154832
QOZYEL,5.0452633,3.0586884
WODCIC,3.6272779,3.1188114
RIKQAD,2.6808658,1.7272917
FARXIH,3.0406003,2.543394
OFOTOU,4.7709723,3.324074
CAKJUT,5.1639047,2.9175184
TARSOU,3.3470006,2.8328621
GECBAT,3.8694592,3.2602198
EHAKIH,3.9486442,2.2221894
GANXIE,0.7270882,0.9776062
QONGEH,4.2931404,2.8627503
KOKQUX,3.7255108,2.896208
RUGYIC,3.5053709,3.2559705
IXUTEC,3.0454984,2.9584954
PANVUY,3.6463258,2.8165104
BIKCUW,3.5187044,3.0069141
ZATZIF,3.4738057,3.2010944
TESQIS,2.1213996,1.5528052
BAFTOU,4.057762,2.8118448
IDABIA,3.269448,2.304978
MEKFUE,3.0299878,2.4829807
ZINJIS,3.042505,2.650388
GUKGOK,3.4207435,2.8577502
PEFMIZ,4.0615716,2.7860413
IFUGEY,3.8713639,3.0811534
GUKHOL,3.1344795,2.7408571
VAKXAJ,4.2501464,2.949805
NOZMUK,3.3614225,2.8071973
BERHUD,2.6969204,2.215592
KILQAX,0.6655905,2.303927
WAHHEU,3.9701412,2.8673167
MIXMAI,2.899101,2.461487
LOGCOB,3.555984,2.9566388
HIRKAX,3.895582,2.9515672
COVBEU,5.488537,2.5624015
ZAZYAD,3.8373497,3.1316674
NUCRIO,3.49367,2.8908134
NIWGOR,4.2213025,3.2463722
LEXYOD,1.6435677,1.9778318
ROLYEX,2.8460388,2.7972732
TARMUU,3.560882,2.7756772
GECVOC,2.719506,1.7147844
OBIWIG,4.9848537,2.9997013
FOBYOM,4.3905573,2.970289
REHHUI,1.7404402,2.218519
BOKWEE,4.5252533,3.3807597
MASSOR,2.9508028,2.890545
TEJKOL,3.455574,2.9581318
JOJMOL,1.9959552,2.1243112
VUCJUA,5.2213206,3.2116556
QANWAG,2.0718749,2.4243703
ADURUM,3.458023,2.8982089
OXIPIV,2.5752857,2.5088563
UKEHAV,3.39843,3.0816848
QIPYAR,1.8326869,1.0008762
GAJRAM,3.1543438,2.9034772
TUNNOH,4.3315086,2.7814777
CABMAU,4.413415,3.137064
TUSKUP,3.2142088,2.4027762
YECWIO,4.0378976,2.960621
WACFOY,4.686889,2.8050232
PRZBAG,4.094497,2.9432456
LARRAZ,3.6629248,2.7801752
MIWKEJ,4.03436,3.1172986
LUTPUL,5.7130303,3.254166
COBPIT,2.8833184,2.1483638
WOMZAA,2.0443914,2.926072
LALMOB,3.1489017,1.7832701
HOPDOF,4.156267,2.9204416
MIBBEG,5.414794,3.2460864
RIJCAR,4.2553167,3.2922683
COHJAM,2.7755613,2.7704444
NIZJIR,4.1540904,3.1191375
NINWEM,3.8607514,2.8540258
RAZBIE,3.3970695,2.6127574
LUXPUR,4.150825,2.7985253
EMEQOD,2.934748,2.772378
KISMUW,5.1377816,3.4653454
DIWNIJ,3.905106,3.1431699
ZATZEB,3.1842763,3.0935419
GAFZIX,3.921705,2.9870462
SAHSUQ,3.965243,2.8630855
GEKTUN,4.292324,3.2614992
NOBNIB,4.3059297,2.7699919
KUVVUT,5.2496204,2.7589931
UDONUZ,3.9723182,3.0944774
ZIJBOJ,5.006623,3.304865
NETDUN,4.313277,3.111399
REDNAR,2.898829,2.907355
SINPUD,3.2675433,2.8394763
AFUSAY,4.435728,3.1825044
ISIXOZ,3.3635995,2.617825
NANNOI,3.2746181,2.4679315
BAFMIH,5.442549,3.4223163
SUTPED,2.8073988,2.8293715
EJAMAE,4.455592,2.9720922
TEKKAX,5.551667,3.3714955
QAFDAD,3.610951,2.858851
ODOYAK,2.265892,1.9543064
JIQWEM,3.5450995,3.0821242
OROQAO,3.515983,1.9924295
QAWSEN,3.9279635,2.8535793
VUCKAH,5.142408,3.1915197
COXSUF,2.578551,2.2549722
IPADIM,4.8117895,3.3236642
VEBKOD,4.614779,3.0594492
ZUVDOJ,3.7219734,2.6444213
ITONIP,3.6868708,2.7989893
RAYSOZ,2.5722923,1.8264359
LUGLOP,3.5048265,2.8878698
ITADAK,2.6754234,2.776349
WOMYIH,3.842792,3.0715668
KEMJIY,2.9731162,1.6858352
EREWOP,3.9315012,3.101414
MEZLIP,4.323073,3.3853087
KOGCUH,2.8286235,2.6638627
HUNZUL,3.7260551,2.7130895
FOKFAM,3.6335363,3.0218477
HITQEH,3.8202064,2.959999
SATGUS,4.382394,3.1952329
AMEVEU,3.7693212,2.9940255
RAYYIA,5.518197,3.0403957
FIVSIN,2.0316021,3.037298
BAHKOL,3.866738,2.336471
KUVVAZ,4.247425,2.943341
PIHBOA,3.2708087,2.7760055
TECSOK,1.5118647,2.2273636
TESQUE,2.1151412,1.6107932
YAYCIN,1.2966225,2.6526349
SAHTEB,3.445778,2.812455
MARHIX,4.5657983,3.238575
IZILOU,4.6278405,3.3755455
FUDFIU,3.6985717,2.6945903
YIJMEK,3.3704023,2.649336
XONHIU,3.2229166,2.448384
SIQTER,5.7133026,2.7806427
SILYAO,3.8174853,2.951411
BULZOY,4.1908255,2.9702795
NEYSUI,2.80114,3.0404425
DOXZIB,5.3538404,3.1910307
XOWTOT,3.8885071,3.0526037
PIBVON,3.6199307,2.4236069
MASSUX,3.2269983,2.9111075
ZOGJEK,0.7643678,2.693622
QAHPAR,3.840887,2.85087
JAVWIM,4.604439,2.952397
CIBXUJ,3.2468626,2.468487
EWOJOR,2.4180038,1.3409815
IGECUT,4.2738204,2.8370771
COHJUG,3.6095903,2.9890287
YUXWEU,4.530696,3.0906594
RIGCOB,3.3755724,3.0660863
ORUBAF,5.0868964,3.386094
LEYDAV,1.9747303,2.0579634
EJIPIY,4.239806,2.8267546
DUBBEJ,2.755425,3.027675
REVHAD,2.2479327,1.2454205
ULOJOV,3.6713603,2.8819401
PEHWEH,3.9037454,3.0218272
XIPZAA,3.794628,3.317284
FEGBOK,3.4357097,2.5830822
ZETCIN,3.1772015,2.5200078
SOYXOV,3.429179,2.5832596
FADNUT,0.5300778,2.3686774
ZUVREN,4.8624024,2.9934058
UNOSUM,4.652331,2.904368
QOGCUL,4.6493373,2.8129284
CISKEU,3.1763852,2.6484349
YAFXEL,4.2452483,3.1517446
FELGAF,3.2055013,2.8261485
RIKPUZ,3.531766,2.6552618
LUZHUJ,3.3513544,2.4608955
MOYGUE,4.2504187,3.1499188
CELJEI,5.1244483,3.1733212
ADUQEV,2.7342,2.7054634
HIPTAC,2.5478022,2.3571165
DEKXID,3.3538034,2.7882836
IXODOO,1.8756808,2.0186071
KEWZIW,2.021534,2.2477443
QERREN,1.7420729,2.0293748
ESESAX,3.1769292,1.9809268
ADURAS,4.055857,2.7680094
TEXXEA,2.1428967,2.413066
HIMWUX,2.7154243,2.7890952
XUFLIU,4.660222,3.0621512
GAJHEF,3.1154315,3.040641
ADUROG,3.126044,2.80771
BUZNOB,3.7796617,2.8877115
KAMCIN,2.1039844,1.6198934
ICIGIK,4.6180444,2.636065
SERPEL,4.1268787,2.9648695
MAYBOE,2.6721582,2.5097394
JOHLEY,2.7061725,2.8589597
NITJIM,4.827572,2.8765469
DEKXOJ,3.3083603,2.7952466
LUTDUA,5.897524,3.3084984
WEFHUM,1.0857344,2.0650544
MAVXIR,3.0133889,2.3250942
JEYDIB,5.3187375,3.2844021
WOQBUA,4.377496,3.1692128
KANPAS,2.78182,2.6654346
QAFSAS,4.9007707,3.187103
RATRAH,3.5527186,2.6773138
BOYGIG,4.1086473,2.4183135
XIWSON,2.9257681,2.3678963
UTOQAW,2.0473847,2.090847
DARVOI,3.2082224,2.1471694
EXIBEU,2.9703948,2.8117073
QOFCAQ,3.443873,2.0166094
ZAVHUC,4.07681,2.8101354
ROQPUK,3.4414241,3.0782688
AGEKUT,3.5050986,3.0128088
ADAKAT,2.8087592,2.9513817
OPEVAH,1.931192,2.059039
RIQYAU,6.6186256,3.912068
CIBPIP,2.814746,2.5272393
LEYCUO,3.716259,2.890796
AVIJIZ,1.7224808,2.3733892
FOBYUS,2.2732391,2.3086874
IYIQUC,2.5755577,2.626846
NEYSOC,2.9600546,3.0497904
WIVVOO,3.6482306,2.9793835
GEFJIL,3.5113573,2.3521383
TOKXUO,4.3652506,3.2681737
BOHDIM,3.6795237,2.8322835
CACGIY,5.346221,3.3370335
EJEMOW,3.1551602,2.854679
FISRAB,4.2262006,3.0684946
RAYYOG,5.5173807,3.045016
HEBMAD,4.5538254,3.008017
XOWTEK,4.528247,3.097615
TUMYUX,3.4182944,2.845258
MECYUR,2.779643,2.6396084
HAWPIF,4.072184,2.9759636
GIDCIG,5.226491,3.3566804
LEYCAU,1.6046555,1.9524591
XOVBAN,4.577227,3.3365521
FIHJUD,3.4166617,2.003634
NUPVUP,3.1312141,2.456923
RETHUU,3.9157186,3.1594539
JAFDAY,3.840615,2.7470353
TUWZUI,3.7897298,2.8730345
BEMWIB,2.409024,2.2324543
TEGQOL,2.8076708,2.6331522
DAKYUM,4.2457924,2.9066408
MAKJUF,2.5616798,2.8372605
GUHZAK,4.0046997,3.024294
GOXTAO,5.721194,3.4266653
KUMGAA,4.286882,3.0806623
IYALAW,3.5861886,2.8776875
RUWDAQ,3.4193828,2.8491356
KUMFUT,4.260759,3.1589382
NOBJIY,2.8362427,2.7020648
WIMGIL,2.5965104,2.1075437
SACRIA,5.3309827,3.359986
EZONUE,3.7704096,3.3675551
EKIKEQ,3.2950268,3.1045506
KORGOP,2.495284,2.7263439
XAJGUL,3.6000664,2.5468402
YUXWAQ,4.1296,2.9287896
TEQQOW,2.903727,2.4692333
VUMXIM,3.4923093,2.823211
MULDAZ,4.8673005,3.1622941
HEBLUW,4.487974,2.9990547
DAYTII,3.0152936,2.6634362
RITRUH,5.604185,3.3916216
WOZRIO,4.2338195,3.0871136
SOXKEY,4.1399403,3.025683
XIXREE,3.6604757,2.0267024
OFOSUZ,3.6942177,3.0284874
ORUBEJ,4.767435,3.5075696
ADAHOD,5.6749344,3.314758
SIQTAN,4.194363,2.7968118
CEVLIZ,3.4838738,2.104058
XAFFEP,5.0839033,3.0839524
QIPXEU,2.456916,1.1660744
LEZDIE,4.015312,2.9815478
CUYGOT,3.0384233,2.886049
PUHNEM,2.0569086,2.0569344
ISOKEH,4.534233,3.2575889
JOTTEU,1.6163564,2.0296125
KEMGIV,3.4765267,3.0765338
UKEBAO,4.2501464,3.348346
JIWCIC,2.016908,2.1096127
CANNIP,2.903727,2.787056
LATTEG,2.2280684,2.2546196
MELHEQ,1.2503632,1.3302284
LEYBOH,1.68248,2.0261908
DOPTOS,5.370439,3.1018188
KAMCEJ,3.0683558,1.4398211
POXREC,4.516274,2.7753549
ARUDOH,3.8925889,3.1270585
KOKKON,4.979684,3.119677
RIQSOA,2.7763777,2.1325815
UMIPEL,3.9353106,3.0036972
OPEJAW,3.9198003,2.7745175
QAFSEW,4.9385943,3.106738
WOQMOF,2.9703948,2.940892
NOLGED,1.2549891,1.8744161
TIPLAF,4.3943667,2.8774781
CARBUU,3.0052254,2.4083006
PEHWOR,3.6229239,2.9943573
ULOJAH,3.3687696,2.648296
CEDQOS,4.317631,3.39434
ZIWCIU,2.920598,2.4950438
DUJZAK,3.708912,2.3834257
DALLUA,4.4542317,3.0782864
DIWYOZ,3.78075,2.5188475
CRETAG,4.812606,3.4702907
WOBJOP,2.805766,2.7604158
ULIFAW,3.376933,1.7442955
ULOGUY,2.0732355,1.1518251
MAYCAR,4.0275574,2.540926
ICAFUN,4.3745027,2.9485376
DIBHEC,4.0814357,3.0849965
DEFJON,3.5263236,2.8769324
MIBVOJ,3.1012816,2.8503528
QOWFUE,0.22830354,-0.5856314
TAMTUX,4.3603525,2.9950135
SIJMUU,2.6901176,2.4144409
NIWKOU,3.8324516,2.9508948
GIYVEQ,3.9086435,2.7944853
IYALUQ,3.597073,2.8292696
GEFYEY,3.4163895,2.9825056
PIQQEO,3.7489126,3.1101336
KEKHUF,0.2492563,2.289186
ZUFLUJ,3.5948963,2.9323263
ROBSUY,3.7206128,2.775362
SOFKEE,5.1892114,3.2324386
UPAMAB,4.4087887,3.0920649
TUDTIW,2.9927082,3.019072
LEYBIB,2.449841,2.5335336
POPCUV,2.874611,2.2966943
LEHNIV,2.9788303,2.1656854
HECYAQ,2.822365,2.9110928
XEXDIO,3.6142163,2.7789068
UCIWIN,3.708912,2.1762092
TEJKUR,3.5048265,2.828386
FIBQAL,2.717057,2.309206
XEXZEH,3.8664658,3.2635915
IXIVEQ,5.135877,3.3342273
RAWVIV,1.5679201,1.9966627
SAXLIN,4.3124604,3.025658
REKFES,2.8324332,2.5093262
XEBZOU,4.980772,2.9674275
SANNIH,2.461542,1.9940133
YEZQOK,3.4525807,3.0796354
NOPHIM,1.5491443,2.0890694
JUJKIK,1.2568939,1.3511151
VELJOO,0.1510232,1.7541534
OPUHIS,2.4005885,2.3485327
QORJUD,4.1328654,2.838907
ITARIE,2.9374692,2.5654907
VEXJUF,3.7230618,2.743589
SICBUC,3.0786963,2.708805
NABGEE,3.5184321,3.044483
HITQIL,3.6939456,2.9476764
NIRJAZ,3.4596558,2.87196
ZIFBOF,5.049617,2.9141016
QOKJOR,2.724404,2.6228225
DEHDOK,3.1932561,2.0003908
DUSZOG,3.2531211,2.6876264
OWENUB,3.536936,2.822396
RAFXIG,3.0629137,2.9479861
XELYAP,4.1981726,3.119058
ZUFPUN,3.472717,2.459149
VIBQUS,3.1486294,2.9017293
NOBMOG,4.373142,2.9230123
GIKXII,3.2365222,3.139446
TIQDIH,3.1581535,2.9949746
SIQRUF,5.766909,2.8245912
RUJCAA,3.8109546,2.9685595
CABJUL,4.879274,3.1951563
JIQDUL,1.6579897,1.8725075
CIBXOD,3.1559765,2.3985279
PURYOR,3.5140784,1.8794947
DALLOU,4.155723,2.8334072
AFURIF,4.8014493,3.1766725
SIQQUE,4.3149095,2.8556356
LALMUH,3.1467247,1.782877
OFUMAG,3.5099967,2.8978512
MODQAA,2.5020869,1.2773806
GEFJOR,3.4920373,2.3580785
OQAGOD,3.6942177,2.8627355
IGECON,4.242527,2.7882042
BAFMED,5.442549,3.4216943
SEYLEP,2.4808621,2.4096446
HUQDUU,3.7766683,2.3838084
QOWLOD,3.8493228,2.8804293
TURZAI,3.4857786,2.4076047
GIJZAC,2.858012,2.4238505
SUFHOQ,3.8934052,3.0186749
DARTEY,4.049054,3.212471
RAYYUM,5.341323,3.0420399
EPUDEZ,4.8697495,3.3353267
WOBMEI,4.073817,2.911154
AMETUI,5.157102,3.2111115
BOJGAI,4.7826734,3.3625286
UBEZUW,3.5353034,2.8933353
TEZGEM,3.3108094,2.3719108
XIJWOD,4.7990003,2.8407373
LUTDOU,4.4686537,3.0553286
HAXQOP,3.8003423,2.5011976
REPYER,3.5072756,2.6364703
NUSDIP,3.615849,2.7230134
NUHPIP,3.3494496,2.7453718
BIWNOL,4.619677,3.1817765
AHEBAQ,4.214227,3.049675
PAYFUS,4.6972294,2.8281233
YUXVUJ,4.3301477,3.0801153
HAYWIP,5.613165,3.3879938
XUBSOE,4.306746,2.9904428
FIWLII,5.3285336,3.3280866
VIXZIN,3.6128557,2.2919226
YEKGUR,2.7810037,3.1125236
MIDDEK,5.1277137,2.9023519
CEYXEL,4.5957313,3.1229038
ARAXAT,2.1431687,2.1602137
ZUJSEE,3.7225177,2.9169676
QARDAQ,4.312188,2.905763
CEZBUE,4.705393,2.6598165
CASHEK,2.5211349,2.4016712
TETKIN,3.9347665,2.8995905
OJENAT,3.4999285,2.8957527
JADQOX,5.3737044,3.078088
WAMLAX,3.3385649,3.0455775
ORUHOZ,4.864035,3.286427
QODVIP,5.0088,3.3657334
IDAMEH,4.7832174,3.2645688
SACRAS,4.888253,3.5311387
KIZPIT,2.8732502,2.731223
TOPGAH,3.9611616,2.869415
GUBYIM,3.6036038,2.7259653
ALUNUR,1.3654673,1.5136886
CISLEV,4.329876,2.680758
GIQNUP,3.639523,2.920909
IVUYEE,3.5448272,2.9955575
EDUHIW,3.8128595,2.9802992
HIJHEP,2.389976,2.7790132
QIXLEP,4.187016,2.670693
AMEVUJ,2.956245,3.1240473
EHOHUF,3.3758445,3.0551398
SONMEQ,4.867573,3.1632986
REPZAO,3.9992573,2.7733927
IHASIU,3.4920373,2.5691874
RAYXUL,3.1159759,2.4245756
WACWIJ,3.5246909,2.8613014
FIMNUM,5.39112,3.225437
TIQQUF,3.1246834,2.85845
RAWTIT,4.3693323,2.935346
QEPZIV,3.394076,2.9393075
MEWCIA,3.783199,2.7615814
RITYOJ,3.221556,2.5255268
TUWZOC,4.213139,3.0867174
GUHZEO,3.8724523,3.1503725
GIMKIY,4.0857897,3.1695113
COQNUU,2.714608,2.84834
WAFWAD,3.577753,2.7093794
UDOMIM,4.3696046,2.7846003
BUKROP,3.9119089,2.7187734
OBIWEC,3.5524464,2.7660742
LAPCIR,2.8506649,1.5086695
IPECUC,2.272695,2.83176
CISHIV,4.425388,2.7140071
TIJNIK,4.736686,3.3041165
UWUKUT,4.1306887,3.3135617
KEFHUZ,5.618063,3.5669994
TASGAX,4.794374,3.074289
DALLIO,3.98674,2.8542368
OYAYAQ,5.3282614,3.3592644
WUWYAO,3.1192412,2.2298648
LAFDII,3.5660522,3.1419666
RASGUO,3.1167922,2.8939204
KUVTUR,3.2226446,2.6444557
TUDNIR,3.0912135,2.2090526
ZIGHUV,3.5597935,3.1632323
MAWPOR,4.3818493,3.0200493
JEYDUN,4.3464746,2.8639758
QOHBAS,2.3363695,2.9008224
POQWIB,2.8218207,1.9252048
RUKRAR,3.524963,2.8553994
XAVVEY,3.489316,2.7822459
TURFIW,4.421034,2.7462583
SICNIC,2.0424867,2.3262706
ZIWFAM,5.0289364,2.8477557
VUBYEX,4.0115027,2.8732953
YAMPEJ,5.1298904,3.1966724
PITKOU,3.732586,2.9723945
OYIVAU,4.3317804,2.9602349
MELYUX,5.29588,3.2577076
FUQHIJ,2.8517532,2.7602587
YUXXEV,4.9671664,3.0921109
JAXKOL,5.4923463,3.4769557
GAZCAO,2.4419498,1.9399543
VERWIB,4.1848392,2.9661171
AMETOC,3.5772088,2.9792843
PELWEL,2.26045,1.9534438
LEYCIC,2.0155473,2.2311983
CILTOJ,2.8185554,2.5415483
YIJJOR,2.9701228,2.7099483
HEBNEI,4.932336,3.2134662
LESQIM,3.044954,2.9066482
ODABUQ,2.060174,2.0826402
RODQUZ,3.7176197,2.876793
JORXET,2.6052182,2.82704
RACGUZ,2.7039955,2.5800014
FUFZAJ,2.9342039,2.9787645
AMOVOP,2.13174,2.204451
BEQTAU,4.268106,2.9619117
ELETOG,2.7761056,2.4334412
QIPXOE,2.4571881,1.1229637
GUKGAW,3.0220966,2.958532
CENHOU,3.0958395,2.0879107
LOLTUC,3.9184396,3.2928162
INULIM,4.174771,2.940284
YAHYIQ,4.6204934,2.9945314
PURZIM,4.027829,2.538992
GIMWIJ,2.1834416,2.4363334
ISAKAP,3.7230618,2.5798419
HEBLOQ,4.404163,3.1447072
BESLES,3.531766,3.2032683
CIFTAP,2.8588283,2.402623
RIHQIL,3.4280903,2.8744993
WOHLAG,5.2395525,3.2025318
JOBQEW,2.0988142,1.5491672
NERWUE,4.1829343,3.2766004
ABEFOF,3.6789794,2.933543
BOHDOS,3.6795237,2.9437418
KOJRIK,4.27246,3.1199803
FIRKEY,3.699932,2.7046347
HOJDIV,4.1546345,2.9283237
PIHTOS,2.0109215,1.9783388
OFASAQ,2.7478058,2.2246828
EXEZUE,3.3140748,2.8326938
ULOGOS,2.079222,1.1470604
KAQGOZ,4.7203593,3.1947272
CUDNAS,4.5170903,3.170277
GATFEM,3.637346,2.165537
HAYWEL,5.783508,3.601638
YOZCEX,2.9712112,2.8572242
OFOYAJ,4.444164,3.0757773
WAVBAX,4.3693323,2.9357572
MIMCOB,4.705665,2.63438
VUKTIF,4.843899,3.347985
WONYEE,3.8514996,2.9799972
RIBREC,3.7078235,3.0561852
EMALOU,2.8569233,3.0538096
BOYWUI,4.2691946,3.1366816
SANNED,2.4767804,2.397911
LEXZAQ,1.4261488,1.8983238
HUJFIC,3.3042786,3.2823782
IYAMAX,3.692041,2.5877159
ZEKCAV,4.550288,2.9656465
OJENEX,3.1826437,2.626136
ODAJIN,2.6658995,2.7048566
FAXGIX,2.8906655,2.0056715
MIWKIN,3.099377,2.3872144
HOVGOQ,2.0539155,2.3120022
CIXYUD,2.2615383,2.8268719
ZAVNUH,2.8484879,1.9648169
NEHBIM,4.488246,3.003761
XANLEG,2.6367834,2.6722798
MEQWEL,3.4836016,2.112195
NIYTIZ,3.4261856,2.4246936
CIQWIJ,3.5244188,2.8428872
SIFPUU,5.442549,3.4226408
GAWYUB,3.8876908,3.0207498
TIFZOY,4.079531,2.4251404
JOVMOY,4.361713,3.1723976
OXIPER,3.938576,2.719765
PELNIG,3.4112194,2.7390842
COCJUA,0.418239,0.1357882
TEXZUR,3.6610198,2.7549622
TINNIO,4.5277023,2.9191792
ULOHAF,2.0748682,1.1516562
MUQPOE,3.8291862,3.1381567
BIBXIU,4.516546,3.357192
RILFOK,3.565508,2.5774083
BILQIX,5.8705845,2.8969033
NOPCAZ,1.9322805,1.9990487
SAQJEB,4.4945045,3.2242327
MIKCIU,3.4664586,3.0736706
PAWMEF,4.641446,3.12758
XEHCEU,2.9888988,2.825536
GUSRIW,3.6036038,2.9647024
YEHJOL,4.6735554,3.120906
ZAVHOW,4.206336,2.8210819
VISNAN,3.4816968,2.906525
MAYBAQ,2.5633125,1.9553393
FIJTOH,5.2493486,2.9740949
EXIBOE,3.1059077,2.8869407
YEGNAA,3.46537,2.4964914
TEXZOM,2.8993733,2.468264
NAMKUI,4.662127,3.0638063
TUDROA,3.921977,3.2409973
ZOMCIP,3.3494496,2.9619312
IPEPAU,3.1943445,2.9467993
XOWTAG,4.507566,3.108444
XAWHOU,3.8008864,2.8771653
COQKEZ,3.5312216,2.8666084
OSAJID,2.4052145,2.9612706
WASQUC,1.9853427,1.5822678
NUHNIN,3.6319036,3.080197
IDUROR,2.9257681,2.5105038
BEGTAK,4.058306,3.0011702
EDEXIX,4.8994102,3.1054924
SIQSOA,4.2596703,2.815964
SIGCAP,3.881432,2.8917222
TOLCUT,3.7649674,3.068245
FIGRUJ,3.0939345,2.6963181
COQQAB,4.935601,3.2696738
YINFIL,3.6982994,2.6172109
HEYMEF,3.7045581,2.4271262
TORPAT,4.241439,3.0141845
EZUXEE,2.7763777,1.9509485
FULTAJ,4.655868,3.1522076
VAFTIF,3.013661,2.899637
LINVOU,2.177183,2.6894848
PEBQOE,2.2803142,2.5943985
TUDPAL,2.6863081,2.3625517
HEKDUW,3.8708198,2.8182068
DAHYIV,4.440082,3.0858865
PITGUW,3.4977515,3.0412035
DAHYER,4.4300137,3.3647377
DAPVUL,2.8708012,2.7905765
JIPTIO,1.6435677,1.9078661
JABBIY,2.5254889,2.6643872
QOXYOR,4.9051247,2.7805839
EFAXEP,4.9603634,3.3079987
COQQIJ,4.996555,3.3055031
ACIVAL,3.2158415,2.8460584
PAWLII,4.6199493,3.0899901
FIHJOX,3.4177501,2.004075
MIXFIK,6.457262,3.9038258
JANFIQ,3.3573408,2.810069
EGUZUE,3.0498521,2.9505086
KACQOW,2.8884885,2.846595
GAJHOP,3.5660522,2.9823413
ODACAX,4.0958576,2.3711677
EGETOB,2.1709244,2.0984492
EHINEO,5.5233674,3.9763227
MUZKOH,3.4308116,1.9779365
OZIKEP,4.622126,2.7710094
IBAYUF,2.698553,2.8033109
ISIYEQ,3.3208776,2.7561612
UFEYIQ,2.8190997,2.5935006
PENJIC,4.1244297,2.854549
XEDJUM,2.631341,2.9923358
PICVII,1.5777162,2.095756
QOXYIL,4.9225397,3.0379615
AXESAY,3.4155731,2.785043
BUQCOH,3.6294546,2.9686103
MAHLOY,3.5630589,2.1977134
PELLAV,2.977742,2.9641845
ELETIA,3.7949,2.8011036
QIZMEU,2.9527075,2.6041975
VUMCEN,4.314637,3.019699
YATVIZ,3.6689112,2.7815766
QOXYUX,4.449606,2.779124
GUWBOR,2.5842655,2.3324075
DAWHIS,4.296678,2.997892
DUHBIT,3.7031975,2.3415372
CUYGEJ,3.7440147,2.99987
RIHYAL,4.2672896,3.219567
FIJWIH,4.3818493,2.955536
WABSAW,3.8506832,2.889014
ERIDIT,3.7334023,2.684568
OPUHUD,4.1481037,3.2204514
TEXYUR,3.797349,2.90276
VUBYUN,4.6066155,2.94438
LEZDUQ,3.2207396,2.917857
WOBKIK,2.958422,2.767378
HAGHAA,3.620747,2.5368865
OGUQEM,4.1592603,3.271216
ASIZOR,4.8504295,3.0397985
RABFOS,3.272169,2.6360152
OGUQAI,3.4109473,3.102856
ONUJIS,5.095876,3.005961
RUMPIA,3.139922,2.5731478
QAJKER,4.0202103,2.9637246
NIYTOF,2.7439961,2.284607
GUFDIV,2.1899724,2.108389
LEBDIG,3.7720423,2.7196887
EMEQIX,2.9867218,2.6653585
CABJOF,4.8765526,3.1955411
LUKZUO,3.6855102,2.7304459
WACWOP,3.395981,2.8669522
ENALUB,2.8547466,2.9146755
PANVOS,2.7826364,2.8969753
WOZRAG,4.031367,3.1017041
SORCEI,3.8871465,3.0719893
SODYUF,3.1812832,3.1221828
DEJPUE,3.0414166,2.3500423
DERREY,4.5957313,3.1456676
LOGGUM,1.8337753,1.838876
RIRPAM,3.383736,2.815895
CIKSUN,3.367409,2.7671242
WEFGUM,4.664848,3.261572
HIMXIM,3.7026534,3.0373647
SAVBIA,4.5377707,3.1976962
ZOWZUI,2.5129714,2.6883452
TEXZEC,2.2609942,2.1555548
GAMHIO,2.9976063,2.7355762
OVAVUD,3.9442904,3.0558493
JOCCIQ,3.9298685,2.3268595
XERGIL,4.7217197,3.20687
KOKLAA,3.0215523,3.0228903
QECZIH,4.581309,2.8631089
TEJKIF,3.383736,2.9503639
DALLEK,3.9279635,2.799474
TEXXUQ,2.6346064,2.6790066
KEYPEJ,5.633029,3.3132248
QIFPAW,5.1530204,3.1462712
KUVVIH,3.9110925,2.7561889
AZEQIH,3.4147568,2.8888674
HAYZIS,2.4642632,2.0617197
JIKYAD,5.1451287,3.20049
LEYDID,2.9654968,2.1638246
GIMHIT,3.7668722,2.507032
QOZGAO,3.6680949,2.901265
NUHPOV,3.67517,2.9831338
UPAFAU,4.574234,3.1057758
XEQVAS,1.3962163,0.78711796
XEBZAG,5.277376,3.149589
TEYBOP,3.3355718,2.5191934
JABBEU,3.1695824,2.811535
JAGWIY,5.8586116,3.357426
BOJYUX,2.332832,2.131764
APIRAU,5.8322163,3.3421752
SUDQAJ,4.4014416,2.9840927
QOXWEH,2.9962456,3.0578983
POHPUY,3.9481,3.0719566
OSOHEL,3.9589846,3.335369
DICFAX,4.0901437,2.9181724
JIQWIQ,3.4490433,2.9780688
DOPTUY,4.9674387,2.6483037
DIDXIZ,3.9508212,2.9203546
BAYSUR,2.0354116,2.3109803
TEXYOL,4.189193,2.656241
KENRIF,4.956554,3.1275754
MELYIL,3.6237402,3.1656165
DEYJOH,2.750799,2.0272021
FAZTEH,2.5023592,3.0136178
UFAVEC,4.5181785,3.2142115
IGUXEO,3.1118941,2.8256555
VOZNIH,4.076266,2.8747392
OCUGIC,4.093409,3.1696453
TIRMIT,2.08412,2.015551
KAXNOM,1.8835721,2.2588196
CEYMIC,4.8934236,2.9099202
VISNER,3.4999285,2.8576539
VIYBUC,1.7823458,1.5173606
YUMTEG,3.9619777,2.635544
XUKWAC,3.180739,2.3178718
DOYREQ,1.7303721,2.0563626
VEFHEU,3.0596483,2.2423506
ADUJOB,2.3067093,2.1754384
MODZUA,4.192458,2.8425798
SIZHUH,4.6452556,3.1839044
BILRAQ,4.6781816,3.146171
UDUHUZ,4.4602184,2.7054465
JEPCEP,2.1801763,2.506191
DUFFER,3.8044238,2.8030887
LUKQOX,2.1475227,3.0488915
LAXBIV,4.9630847,3.0835767
AFUREB,4.6830797,3.1478472
CAMRIR,3.027811,2.4476182
FEGCEB,2.9464488,2.6839437
FOJLAS,4.0008903,3.056113
VARVIT,1.940444,3.4234424
XAVVIC,3.7383003,2.8171682
SELPUX,2.834338,1.740222
INOHUQ,2.595694,1.9338281
COFKEQ,2.3336484,2.0109167
WUJRID,3.8479621,2.217886
MEVSAH,1.7086029,2.0134711
FOKNUQ,3.8327239,2.1713521
INEWEE,3.3714907,1.9667313
LILBIS,2.5940614,1.9508722
SELRIN,4.686617,2.396979
TETJEK,2.8210044,2.1493385
VUXGAY,3.474622,2.2817676
XIKYOH,3.3638716,1.9322569
EDADOE,1.9725534,1.2308701
KAGLEK,2.1848023,2.137589
MAJFUA,1.3856038,1.5308783
BOQWOU,3.2923057,2.1250973
PEDYAY,4.157356,2.6098242
QIYMET,3.8528602,2.1540825
PUHXUM,4.9666224,2.2553148
KEQGAP,3.4093146,2.2055707
FAHPOW,3.03026,2.2636275
NIMCOC,2.9755652,2.0223296
BENDII,2.1913328,1.8481407
HOCLOA,2.690662,2.0631485
TITMIT,2.7301183,1.5859245
OHEQOI,2.463991,2.000311
QOTWAY,3.8727245,2.2057588
VUDKEM,3.5796578,1.9761455
GOCSIC,3.675442,2.0857234
NEPQUW,2.7091656,1.9634457
DASSUL,4.0308228,2.6357224
AROXAG,2.7869902,1.5436525
YEMGAZ,4.543213,2.7225926
NETYUJ,4.0044274,2.2602494
KEGLIS,3.388362,2.3895378
DURWOD,4.11926,2.76771
FOBFAG,3.6076856,2.103441
MIMHEY,3.1780179,2.3372426
PERJAY,3.1244113,1.954373
HUKPAE,4.9478464,2.6440732
QAGFEJ,2.6321573,2.2726874
KIVMIM,3.6011548,2.2674253
MOPSAN,5.210708,2.154021
BERKUH,2.8054938,2.0881104
COFNOD,5.009888,3.3449366
RIBMAR,2.6057622,2.4155324
CASMIS,3.7674165,2.5512245
SOLYUP,2.7970583,2.0063083
SASVEQ,3.147813,2.6282792
MAKPOF,4.9527445,3.1938875
FITLUQ,4.5540977,2.845874
VONPOF,3.484418,2.530638
HELZOQ,3.5363917,2.47413
DEFTUE,1.7083309,1.3050507
QEBPEV,3.394076,1.9554563
VONPEV,3.0645463,2.3689654
ECOZEE,3.7578924,2.2592926
ZESSUN,2.5899796,1.9350612
YACGEP,3.4601998,2.320879
EBIYIY,4.017761,2.5986254
NEBSIY,5.8855505,2.94267
NENVAG,3.4615605,2.6439998
OTIYAT,3.9304125,2.4850037
PAFHOT,5.379691,2.6970947
VAXKOV,1.226145,1.5360674
FAVTUR,3.6267335,2.6408424
FUHXAH,5.0196843,2.467257
UQUKEX,2.0332348,1.965131
BEYGAO,4.8721986,2.5841775
GEZXOY,3.6914966,2.2483811
UYAXIC,4.072184,2.3720932
YAQQIS,3.1189692,2.2284818
DIHRIX,0.16326831,1.9706116
LIVKIM,2.0745962,1.7185261
JIVROV,2.392153,2.3316085
MICGUA,2.8841348,1.9983933
ULUDUB,2.6558313,1.9462495
JEDCUR,3.3129864,1.855307
GAJFUT,6.000383,2.5539389
QAJBUA,3.3976138,2.8453739
KASRIG,4.170145,2.8414724
RUMRAS,4.686617,3.6140194
MIKCEQ,0.36027876,1.839435
EGUSUU,2.671614,1.9744796
IMESEA,5.088529,2.4647696
HIQWUA,3.4735334,2.4084373
LEVVEO,5.871673,2.5361989
PEKSUT,3.914358,2.6934092
DEGJIJ,3.2601962,2.4322927
TUZZUJ,4.3247056,2.5624595
YAWSAR,2.2522864,1.7614186
LEVVUE,5.746228,2.6460776
TAJDOZ,2.454739,2.0653281
QOKYAQ,3.4765267,2.0273268
QITFIK,3.223461,1.9993323
BIMLEO,4.404707,2.2379928
FANGAC,2.3401792,1.7191353
PEMGIA,2.6033132,2.115888
JESQII,4.308651,2.280798
WOVWIP,2.554605,1.8352239
QEZGAG,0.097688876,-2.726913
XIFHEB,2.825086,2.045476
TIGREI,5.7603784,2.6249228
WAPGIG,3.1796505,1.9833648
FUYGAH,5.033562,2.0765781
TIBLIB,2.8278072,1.8740246
HUVQEU,5.0006366,2.6532497
OVUBAJ,3.4789758,2.101302
WIHTUF,4.4028025,2.5073438
SEZYIG,4.545118,2.8519735
WUQHAR,0.131431,-2.0508676
COCHOU,3.8223834,2.1437373
EMUSEK,2.7644048,2.163035
JOGRAZ,3.8536766,2.4927711
YEBFUJ,4.0112305,2.3676958
DISDAK,2.6201844,1.902051
BEGGEA,2.4577324,1.7948295
OPAXAF,3.9608893,2.7730596
ZUTNAF,4.8863487,2.9718971
BOKWOO,2.5102503,2.0283568
ROCZAN,2.6533823,1.3133448
MOZGUE,2.5175974,2.082317
RALLUN,3.6000664,2.432673
WEDVUW,3.145364,2.3092835
ZENHOS,2.6204565,2.0257018
WUJYOQ,3.3165238,2.1345925
GEKWID,5.448536,2.536903
NOQSOC,3.047131,1.6463194
HAQFOX,3.8038797,2.29718
IDUVEK,2.917877,2.1166284
TUHNIU,3.981298,2.3301203
DIPLIA,2.7464452,1.9304461
HALXIB,2.2800422,2.1530023
HOSRAJ,3.5693176,2.384232
RACYOM,2.9546123,1.7712862
OJUJUY,2.731751,1.2049652
ICAKEE,1.9646621,1.7205051
QAFLUF,2.6517496,2.3890529
HENLIW,4.3579035,2.4915378
FIYDIB,3.4972074,2.2002873
NENJAS,2.898557,2.0330803
UKIGIF,2.6052182,1.6154616
ZUDGIQ,4.1946354,2.6662805
VEYFUB,3.1080844,1.9411225
RAMCUE,1.6743166,1.7378051
VOTPUR,3.9129972,2.4874725
IGAPIP,2.7249482,2.1357856
QANZOV,3.5807464,2.6190593
WIMTOC,4.1146336,2.438438
BAFTEJ,0.30748865,1.7783611
NULVOF,3.8373497,1.8660067
FIJZUV,3.2329848,1.9929316
WOPTIF,3.0914855,2.0354383
XUDHIN,4.2191253,2.3798366
FEBHAW,2.8283515,1.8023221
TUTCAM,4.273548,2.7504673
XORVOP,4.45913,2.2379212
CEPMAM,3.797077,2.506379
NULVUL,3.6659179,2.5001376
ISIPIK,5.81208,3.1048245
VIZHAO,3.3352997,2.424903
MAYQAF,4.457497,2.5320444
QIYFEL,3.52714,2.2811565
COFPEV,5.161184,2.5648093
XAKDUK,2.8237255,2.1353705
NASZOY,1.8435714,2.0102205
GOGFUE,4.9641733,2.87367
TOFJEG,2.3355532,1.6525267
PAKXAC,3.3391092,2.670245
OBOGET,2.9891708,2.1535723
GAQYEC,4.476273,3.2884767
SISXAU,4.851246,3.1465178
WAPGAY,3.6406114,2.095353
FIQJIZ,3.1766572,2.0764682
HUBDOZ,3.7910903,2.3830366
NIDKAO,2.3371859,1.9685189
RABCUU,2.985361,2.5053651
RUSFAM,3.0868597,2.074506
QORVAV,2.344261,1.7778403
MIGBOU,2.5029032,1.5355544
EDUGAN,2.8112082,2.105276
BOWVEO,4.1878324,2.428256
XOZJON,3.5600657,2.5093372
ECOWUR,2.3388186,2.4818635
UJIKAA,2.2637153,1.3578218
PAPTIL,4.0191216,2.924247
IVOFOP,3.0218244,1.6573673
XAVXAW,3.6174817,2.3140702
HIFMEO,5.592484,2.611037
DIFRAL,4.2550445,2.550091
BEVMEV,3.5361197,2.2989745
LEDNAL,1.7902371,2.1872075
CEFZOF,3.2079504,2.1406775
GIQPEC,2.676784,1.9602017
EHIBUS,3.1456363,2.4846215
WECVAE,3.6245565,2.2548714
BUSRIR,4.2838883,2.6743734
UYOGIA,3.5641475,2.329536
DONWEI,4.1021166,2.108936
XOGVOG,3.5219698,2.2835371
HOSNIN,3.6547613,2.0152302
EKOCOX,3.560882,2.5088472
YUMWUZ,4.8735595,2.7970812
CEJCIE,4.153546,2.675273
LEDZOM,4.7277064,2.868309
VOGKUZ,1.9396276,2.7067022
DAVHUE,5.0441747,2.8891177
PAYSEP,4.461579,2.4806075
COBVAT,3.8291862,2.3608956
XAKHUO,4.2496023,2.893255
DUHCAL,2.612021,1.6276833
PESJAB,3.4683633,2.1023693
REPFID,3.5402014,2.3138554
HAQDOV,3.6030598,2.281452
BULYUD,4.5516486,2.6393983
UMOBED,4.4291973,2.8665142
FOPSIN,3.1461804,2.2977753
LAQFOY,2.884679,2.291642
ZEMNIR,3.7334023,2.1339688
SOVLUL,3.2465904,2.0677547
HAQFEN,3.553535,2.4296987
IRIWAJ,3.1995149,2.1236527
GEYPEH,2.0452077,1.8532697
HIQFAP,3.9965363,2.515463
RIMVEO,1.8476532,2.1231413
QITSES,3.2133925,2.2899952
HEWCET,3.2308078,2.3175797
PONYEY,3.099649,2.0607314
ABIZIW,2.535829,1.9349494
GODRAT,2.6707976,2.180537
LOCHOD,3.1391056,2.112452
QUJSOE,3.0074024,1.9243197
DEZPEE,4.2262006,2.136197
KITKIK,3.8441525,2.99287
REPBAP,2.5562377,2.6167266
HADJAA,3.7968047,2.42754
PATSUZ,1.9233007,2.0152564
ZASVOH,2.9548845,1.9123869
VEVRAR,3.1540718,1.7042845
LUSPAR,3.0406003,2.0685308
QAHTUQ,2.456644,1.8701624
WABWAZ,3.0860434,1.9860184
KOCYAF,2.6653552,1.4112614
GIHLIU,3.3366601,2.6690612
SODWUD,3.9935431,2.6847465
ERESIE,3.453669,2.624767
EYESOR,3.8063288,2.3141007
AFEJIF,4.127151,2.582377
JUDXAJ,6.5707335,3.4026272
ELAWOE,3.1007376,2.4198542
JAMJEN,3.8425198,2.3677976
ULAMUQ,2.700458,1.9355302
WOWBOB,2.6280756,2.5953684
MOBJES,4.309195,2.6192544
ULAJEX,6.2178016,2.0759993
EQOJOK,2.8808694,2.0975075
EYEGOF,2.2661643,2.1201766
UHOKUZ,4.181574,2.568896
DURWET,4.0351763,2.3811188
NEPSIM,3.5072756,2.1756697
MEMVIK,4.864035,2.7169418
CEBPAB,2.0397656,1.9056135
RUJJEN,4.5091987,2.5036373
HEFWIA,1.9314642,1.8198379
HADZOC,4.8983216,3.098743
JAGLAF,2.616919,2.324985
JIRLIG,2.7948816,2.0677302
BUDGUD,2.9940689,2.059623
XECHUK,2.63379,1.9573406
ZENFUT,4.136947,2.623496
UVUVUE,2.549707,1.612861
VORQUQ,3.3225102,2.5229857
LIGWEE,4.019394,2.464876
CDBZPN,2.8645427,1.6866573
JEDDUS,2.7845411,2.0466301
LARCAJ,1.940716,1.7481443
DEBMAA,1.4310468,1.2735096
EFAGEA,3.0746145,2.1753073
AFAQAZ,3.8095942,2.1614993
VICHIZ,2.5962384,2.0040188
UVUKON,3.307544,2.0702264
COZRIT,4.612602,2.5381005
KOHZIT,3.374484,2.2619095
HENLUI,3.5568004,2.4953234
NOCCIT,2.121944,1.707696
SELPOR,2.3219476,1.6124066
NOGPOR,2.7396424,1.9635946
VOLVOI,3.3742118,2.2791235
LERSEG,4.911927,2.3855472
JAYGAS,1.2016548,1.7740488
UGOPOX,3.2561145,2.5492764
AGOVUO,2.8903935,1.9669068
FINQUP,2.9211423,2.1138096
UGEXAG,4.643895,3.0600572
UTIHAI,1.2699554,1.5635835
COFNUJ,5.176422,3.0723293
LOFBUE,3.4670026,2.2823453
WOGROA,2.4552834,2.0985498
SAQFEY,2.5556934,1.9254819
TESSEQ,4.562261,2.8234673
TUXJAY,3.407682,2.039028
EKAPIR,3.6283662,2.2721398
EMAXAS,3.783471,2.2089248
MIRWEQ,3.391355,2.5634675
COWJOP,2.1902444,1.2241428
EMUQAE,2.8882165,1.9955846
SEYKUC,3.7034698,2.2985592
GAJFON,6.0640574,3.5362167
RUSFOA,3.0909414,1.8558342
FOMQII,3.472717,2.425233
DAJMOT,1.8694222,1.6378901
SIJBES,5.0240383,2.8354766
KABPEI,3.5195208,2.8562715
JOXCIK,2.9094415,1.798324
EYESEH,2.9649527,2.0641258
VIMDEC,2.0109215,1.800519
GAYPOL,5.637383,2.7760863
BENDOO,2.1959589,1.8798575
BOKYAC,3.4351654,2.4778633
CEMBUU,2.6177354,1.6838952
QIVFEI,2.822909,1.8801638
WAKLAY,2.8435898,2.2167432
MIHWAB,3.3491774,2.321536
XATBEA,4.395727,2.6910725
DURYIZ,3.0699885,2.10178
HUTWAU,4.007421,2.4422672
WUQGAS,3.353259,2.4095807
OFAHUY,3.011212,1.8719931
JERCEP,3.0773356,1.9023392
FOPFUM,3.2574751,2.3347735
GAJHAB,4.153546,2.9240434
PEMGOG,2.8903935,2.076925
XIWCOX,3.2561145,1.7175443
RUKGAF,5.1565576,2.5092163
QALJAR,3.3987021,2.1693916
OFAHEI,2.6912062,1.9769521
CEFJII,3.5053709,2.614547
YUSZOD,3.6147606,2.5762413
LOTYEA,0.164901,1.4257485
XABRID,5.3878546,2.9027503
XUYNEM,3.8120432,2.7509367
HEGJAG,3.2686317,1.6663411
ALAKON,3.8841534,2.1682098
VAVCUS,3.3704023,2.7108502
ZESTAU,2.5913403,1.9371173
VILWAP,2.7693028,2.0172546
NITWET,2.898557,2.5436878
TUTCOA,3.0699885,1.8445965
LUQWAV,2.4778688,1.6526651
IPEBAG,3.8316352,2.477482
DUHCEP,2.7548807,2.2123845
VECBAG,3.0386956,2.21864
FEMFOV,2.4073913,2.0022368
MEJROI,3.8123152,2.1958573
WUSHAV,2.9717555,1.5338392
WUKBIP,2.3608599,1.12163
JAMHOV,3.2950268,2.1984913
DILHAH,3.3369322,2.3625903
LAFXEX,3.5279562,2.0459437
SODXIS,3.9344943,2.6563358
MIYWAT,2.4294326,1.7291832
DOWYIX,1.658534,2.2112484
FEBGOJ,2.6210008,1.8662457
QOHNEH,3.0958395,2.0390284
IDAXES,3.9807537,2.1616058
JERWOT,2.9004617,1.9472644
KIBTEV,4.124158,2.2150867
AJUBIS,4.0656533,2.455534
PESHUT,2.5480742,0.87539196
HIWJON,4.664304,2.1625957
HOPFIB,4.968799,3.511891
TICMID,3.608502,2.319741
CIYQUW,3.8893235,2.8233385
BOJWUT,4.9551935,2.7077522
CICBIC,4.932608,2.147828
ZIBCIZ,2.6422255,1.9132317
DUQPOW,2.5935173,2.009636
QUMXAZ,5.332343,2.5176325
YELHEF,2.8278072,1.7221286
EFOXUU,2.989715,1.7674576
CANFAB,5.0017247,2.201529
AHAPEF,2.918149,2.3462386
IDAVUG,3.1181529,2.3807905
FAYKIA,2.4223576,1.8245631
JOWHAE,5.6341176,2.0739765
TURMAV,1.7858833,1.4676642
KUYWAE,2.955973,2.2836583
IZIDAW,4.153002,2.1107843
UCITIJ,5.5410547,2.8817706
HENMOD,3.5581608,2.340735
ZESTEY,2.5246725,2.0091264
FOGQEX,2.9679458,2.0784967
TIBLAT,2.698281,1.841758
SEZYEE,3.2278147,2.253219
NUNMUF,2.6329737,2.0730908
UHOKEJ,4.165247,2.5959346
UHOLAG,3.924426,2.5837417
ECAJIB,3.106724,1.8215885
RUQLOG,2.9148836,2.0568647
AXUDAA,2.5080736,1.8390008
CESZUV,6.287735,3.1521795
EHAZAP,2.5516117,1.4826589
QEQFIC,4.5301514,2.60691
DIPMAT,2.7113426,1.9804938
FOJNUP,5.102951,2.677001
SACQIZ,4.643895,2.6763005
TAZYEA,3.4860506,2.2241254
AFIBOH,2.0805826,1.9949255
PULYIF,3.0171986,1.78907
HENMET,3.331218,2.5756402
ODADUS,1.6008458,1.5189685
HUCFUH,0.13306367,0.12295389
QIPYET,3.8672822,2.3941119
CUCREY,3.2972038,2.18234
DURWAP,4.193547,2.5001047
DAYTOM,4.5614448,2.693817
ZASVIB,2.6318853,1.6566381
ZEQMOZ,4.495049,2.7698898
HEJSUK,3.7470078,2.5790668
CEHFIH,2.8977406,1.904058
FELHIN,3.7388444,2.3816206
UQAFUO,4.170689,2.6049678
SULVIE,5.198191,2.5540814
MAHVEZ,2.3140564,1.8154842
HIJWAB,3.1606026,1.9715486
IVOGAC,2.146434,1.7258238
WUPGOD,2.9769256,2.4025621
TICXUA,2.2351432,0.8031137
XIWBUC,2.5940614,1.7125602
CASMEO,3.4319,2.0659966
DADHIC,3.1274047,1.9147425
LOMZOE,2.7328396,1.6412809
SUSXAG,2.2389529,1.8466766
OWOFUD,2.719778,2.0808332
NUGGED,3.629727,2.1424413
XAKFAS,3.331218,2.2902873
MABTUF,4.3720536,2.5661166
RIPJEF,3.2928498,2.2385185
PIHLUQ,2.9981506,2.2145157
WIHMOQ,4.0667415,2.1154613
DEHKUY,3.7578924,2.670696
OBITAX,4.0275574,2.437279
DOZTOC,2.3369138,1.6793052
NANPOH,7.497825,3.2188408
INOCUK,0.5730718,1.8924049
ZUGXEE,3.9704134,2.696813
TIBFUH,2.3722887,1.8441092
UHOLEK,4.592466,2.464326
XOMSOH,4.038986,2.3998594
DULVUC,3.2248213,2.1281393
CICGUR,3.2324405,2.460846
SOPNUH,4.3573594,2.750273
IZIFAY,4.0950418,2.3381329
QUKLUE,4.569336,2.503039
FEXVUB,2.514604,2.2331398
DAHHAX,3.7625184,2.4258568
BIHTAQ,2.633518,1.9840987
VEJGAU,3.8885071,2.0887053
QUYPUX,3.3823752,1.9191473
HICVIZ,4.585119,3.0744295
NEBWID,2.5921566,1.4086441
COSMAA,4.21967,2.3421261
DAHSUB,2.2329664,1.9767094
BOTYAM,2.9124346,1.9358237
RIPDEA,2.9679458,2.3169134
SOFGUQ,2.1657543,1.5999767
AFAPUS,3.4944863,2.1524312
DAFVAH,2.917605,2.526152
CASNAL,2.4843996,1.4876424
UVUKED,2.8713455,1.4432929
TIQXAS,3.8983033,2.4661195
RUSFIU,3.027811,2.2454827
DIYQUX,2.6895735,2.0827794
ALIZIG,2.898829,2.164249
QOKGAZ,5.3435,2.2984312
BOFYOM,4.1257906,2.3892982
RIFQEE,3.4204712,2.1279936
SODZAO,3.2841423,2.0409355
JADXOB,3.8936772,2.5479383
DINBIN,3.5040102,2.2969973
WEZPUN,2.121944,1.9888827
KESSUX,5.2177835,5.461237
COLFIU,3.8525882,2.5556087
ZABDOV,3.9355829,2.1349208
LECYAU,2.9494421,2.0883331
ACUJEP,3.8210227,1.9261996
SEQJAA,2.1807206,1.7523303
CANJAE,0.11483205,-0.9761622
DICMIN,1.3853316,1.5556926
AYAZOQ,2.7712076,1.9591615
AQOKOG,2.8025007,2.345202
DIPLUM,2.837059,1.9497058
SAFJUG,2.9837284,2.0586872
CIJYUR,3.4765267,2.2535925
KENZAG,2.585898,1.7298785
CEGBOI,3.1812832,1.9363929
DETRIE,2.6876686,1.0705975
WUPGET,2.7023628,2.3305619
NEDRAQ,2.428072,1.7791166
BUZLAL,2.3687513,2.0698812
FUFXIP,1.8819395,2.0528626
VIFVEN,3.2275426,1.941546
RALLOH,3.4256413,1.9840896
XETGUA,2.1902444,1.6756346
VUSZUF,3.3301294,1.9915469
HOTFIH,4.5551863,2.691716
JAQPIB,3.5475485,2.5570304
GINGAN,2.880053,2.1281083
EQOJUQ,2.8697128,2.09331
LAJXAW,4.3108277,2.8399901
WIKFAY,3.2297194,1.6606349
BIYQIK,2.5037196,2.06767
FAJSUG,4.697774,2.600179
WOYPAD,2.181537,1.9047078
WEZQAU,2.1662984,1.6518066
NUVCEN,3.7796617,2.4859648
JEVVUB,2.0237107,1.8500757
EGUGET,4.452599,1.9770005
LAJBIJ,5.1282578,2.6760387
HOSCUP,3.532582,2.1958725
SULVEA,5.030569,2.640891
HUWYON,4.5491996,2.951074
MUWDEN,2.2931035,1.9243746
ZABDIP,4.108103,2.168607
TOKKUA,1.5586683,1.9246933
GEDKOR,0.8906287,-0.33337426
HENMUJ,3.488772,2.3799622
UGOPUD,3.2947547,2.599052
NOBYIM,3.5578887,2.4154434
UHOLIO,4.607976,2.569539
ACITEO,3.1167922,2.274478
DAZKUL,3.4846902,2.118939
HOHHOD,3.3750281,2.4410737
HAQDUB,3.2901287,2.3202133
VATHUW,3.2773395,2.2654848
HISSAE,3.276523,2.162306
MIRSOW,2.850937,2.3844173
XEMHEE,2.7429078,2.0034604
LEHPUL,2.7023628,2.0737143
MEVMAB,4.2215743,2.7044704
AJOCIM,1.4114546,1.8813355
VEVFEJ,4.190009,2.0769186
GAKMOV,3.6830611,2.2072246
BOFMOA,3.534759,2.2976465
XORVOR,2.44712,1.8533347
ULUDOV,2.9083529,2.010208
EFOPUK,3.4163895,2.2721128
BUWWUL,2.9744766,2.1473563
PILCOD,2.6561034,1.8197776
TUXLEE,3.737756,2.2332525
LALMER,3.3875456,2.1866033
KAMCIM,3.3976138,2.10182
YIYJAU,4.628113,2.574676
XINTOD,2.8313448,2.426672
RALLAT,3.2354338,2.1928089
FOCMIW,2.8193717,2.3135695
TUXHOK,3.6985717,2.1407223
UYUTOY,0.14585303,-1.7494187
DEFJED,6.3323617,2.825028
LIQCET,2.9244077,2.058376
XUDHOT,2.5725644,1.7169112
EKEHUY,3.8256488,1.8277614
RODXIS,5.0833592,2.4781775
NIWKUA,2.3548734,2.065648
TURNAW,1.6696906,1.5791612
IDAXAO,3.6928573,2.2024848
NOBYUA,2.19868,1.8365457
TUSTOR,2.0103772,1.9988284
YEKWOA,3.864289,2.6567893
NIPMIL,5.86487,3.1315508
TIDWEJ,3.7826548,2.027201
MEGJEO,0.17714612,-1.9343715
BUXFIK,4.593554,2.5095835
XEDSAA,2.7799153,2.1978378
JERZIQ,3.123323,1.9027189
ADAWIO,2.263443,1.566455
VOHDIG,2.5162368,1.912497
XOBCIC,2.1135085,2.0236092
KOKHEY,2.3766425,1.7904985
LIGWOO,5.059685,2.9742186
LAZDOF,2.9064481,2.0420434
FUZGAJ,1.2103624,0.65407157
RUDVIW,2.2449393,1.9146612
TORNIY,4.956826,1.9813439
POWPIA,4.421578,2.857977
JIYTIW,4.951384,2.7419384
MUSHUF,3.4667306,2.2359083
WUBCAX,1.9219402,1.9268701
COFKIU,2.614742,1.8490491
KIJQOL,2.9597826,1.7397511
COBSAP,2.557326,1.692627
RODQIL,2.6109326,1.9837
SOFHAX,2.7306626,2.7925236
IBEWIW,2.7420914,2.2352996
RUKFUY,5.1421356,2.2210073
VETHIM,2.903727,2.0895486
WUZLAF,3.7094562,2.5316894
DOTLAB,2.7374654,1.9849536
ABUSAU,3.5611541,2.1743622
REFNUM,3.4471383,1.8130699
IFUMUS,2.7399144,1.9138978
WAPLAB,4.095586,2.3799698
WIHTOZ,4.4319186,2.7779276
WITKUI,2.8909376,1.8721486
IFUJUP,2.3891597,1.4349214
BUTYEV,3.5712223,2.5849354
ZINPUJ,2.3573225,1.4575652
FIBJAC,4.5562744,2.6907818
EYEROQ,4.0898714,2.352035
MAJFIO,1.7020723,1.4950343
CEDVIT,6.0071855,3.1409984
WUJRAV,4.1121845,2.3721793
EREJES,4.928798,2.7714615
XEKHOM,2.6759677,1.5500169
CURCUP,3.3834639,2.75308
CECFIA,3.0914855,2.7489216
BUSSAK,3.876262,2.5973701
LAXSAE,5.809359,3.0069745
LIKWUY,3.811771,2.3636599
LAJNAL,5.3690786,2.3516648
OHEFUE,4.2525954,2.855935
TORNOE,4.8602257,1.9797578
VIKMOR,3.0490358,2.1677613
OMUVAU,2.5793674,2.0041175
KOCXUY,2.7059002,1.4474385
CIGVOD,2.5290263,1.9968197
HOTSEP,3.510269,2.3504572
VONSOI,4.0874224,2.5037768
YEBBAJ,4.42049,2.647867
QAJDIQ,3.0025043,2.094181
XANFUO,3.7766683,2.346818
UHIMED,2.942367,2.0197692
XIHCUO,2.8071265,2.2509975
UYOGOG,3.6980274,2.358909
OGAVEA,3.020464,2.195985
MAKNOE,2.5026312,1.8319144
WASCAX,2.5782788,1.6448584
TEQFEC,2.8278072,1.5623034
QIWWAW,3.8302748,2.0443285
KAKNOC,3.2536654,2.5245922
VERXIA,2.8740666,2.2454915
GIJHEN,4.7304273,2.5444703
AJIPEO,4.8830833,2.3807914
LICBOP,3.9829307,3.1183524
KAFFED,2.5731087,0.8923582
OQEDEU,3.6876872,2.6582747
GOKYIO,1.9028922,1.8242321
LEHJUF,3.348361,2.078828
GAMVIZ,3.3415582,2.1130471
QIHPIG,2.4237182,1.7140173
EDABUI,2.7439961,1.815841
MOZFAJ,5.9663687,3.0238183
TIBQUR,3.4044166,2.7431467
UBURUG,0.106668636,0.03934574
RENZUF,2.4405892,2.4422443
GIMWEF,3.0128448,1.9203899
FIKBAE,3.5793858,2.1701295
QODKOM,3.5004728,2.1967244
QEBPAR,2.2884777,1.8988266
KAFVAO,5.0458074,2.4133978
UGARIF,3.5021055,2.2899773
XEDRUT,3.2563865,2.2601209
MAJFOU,1.3896855,1.5303788
GOMPAA,2.5644011,2.4013638
KAPVIG,5.2213206,2.865968
KITLOR,3.5450995,2.4957426
SUJZAZ,4.8009048,2.6366577
HIRLOJ,3.4332607,2.2948618
YAVFOS,4.9592752,3.1996357
PIKTEL,2.4250786,2.1330647
WESPUF,5.0313854,2.5924234
WEHSIM,4.3532777,2.565043
VONGOV,4.31627,2.5631073
LIFFAJ,2.0533712,1.7130694
DOVDEZ,3.4016955,2.200004
OFAHOS,2.5627685,1.8872421
JITDOG,2.325213,2.075994
QOBGAS,3.0729818,2.21522
FOKXEK,3.5818348,2.6136255
IFAWIV,3.3113537,2.2354953
LIGXAB,4.8550553,3.1197422
GUYHUD,2.2498374,1.967746
QUGFUU,3.9421136,2.1768098
LOPKOR,4.705937,2.470505
MEMVAC,2.2590892,1.6267076
QIMTEO,2.7254925,1.8446735
VOLVIC,3.33149,2.286546
CEMBEE,2.294192,2.0773394
BUVHAC,3.81422,2.390566
TOGSOZ,3.5627868,2.9585788
ZUBZUR,2.8435898,2.3058507
BOFQUK,5.554388,2.276944
NALHOZ,3.3021016,2.1441083
GETZIQ,2.9714835,1.9138453
NERGAU,6.9462504,2.5504243
YACGAL,2.4536507,2.1829524
TUNGEQ,2.5834491,2.164407
COKZAF,2.4623582,1.9156657
UJUHEN,2.9932525,2.2314875
SUTPON,0.27619556,-1.5180831
FOVGON,3.539385,2.2327344
XUJLOF,3.1320305,1.743282
PILHIE,3.9973526,2.478167
ULALEZ,1.9254777,1.3330556
IZADOC,2.4912024,1.6659971
YOCJIK,2.9739325,2.00363
HAYLOK,2.738554,1.8640044
EJUJAU,4.524165,2.4864402
RALCUE,4.6210375,2.4171839
PAHWIE,2.2664363,1.8918513
ABIDOE,4.139668,2.5317817
PORTOH,2.7276692,1.3532773
WOGFEF,3.4683633,2.1460094
UDIJOG,3.2204676,2.2849474
YOHFEI,3.4250972,2.2084537
TETJUY,2.5249445,2.2582388
LOGTEJ,3.274346,1.9437504
UGOFAY,3.2332568,2.5556753
ZUGXAA,3.9535422,2.7952275
VUYKIK,2.7635884,1.95391
DOHQOI,2.9589663,2.0901544
GIFQAO,4.7328763,2.5387826
DIXBES,4.179125,2.5290492
AKANUW,4.588656,2.462557
VAGDEP,4.121709,2.7153199
YIHVUH,2.0438473,2.1712255
WAPFOL,3.4332607,1.9619527
ZIBCOF,3.6577544,2.425694
TERTUG,2.805766,1.6998547
VOSYOR,3.713538,2.617171
MALMIV,0.59348035,1.829908
MAJFAG,1.371726,1.5187697
XUWRUC,2.5924287,2.556535
UXUJOO,4.5464783,2.852961
ZIBHUQ,2.475964,1.9137242
VEGHAR,3.945923,2.5048585
OHEGAL,4.3271546,2.5369358
EHUJEW,3.2011476,2.2388835
RIXCEH,3.8365333,2.5451066
UNIYIA,3.8490505,2.4624314
KITKUW,3.7538106,2.6679337
YOCYUL,3.9252424,2.386159
CORLUS,2.6433141,1.936669
WIMXEW,3.2229166,1.9038866
NAQWUZ,2.912979,1.8021438
MALMER,3.6792514,2.5871255
GUHPOO,4.1878324,2.8016057
UMETOW,3.8944936,2.041107
BURWUH,4.7783194,3.0301104
WOVPUS,2.6493006,1.9717174
GICBID,1.8081967,1.5653616
XAMFAT,2.822637,2.1062372
TABBAA,4.0942254,2.2226171
DISFIU,3.5124457,2.6934962
ZUMFAQ,3.5040102,2.4909832
JOWMAJ,3.0337975,1.5924698
ADAVUZ,2.138543,1.6782304
GAYPUR,4.9078455,2.3822188
KAMSAT,3.8629284,2.711252
TUXHUQ,3.6702719,2.1755426
VEHMEC,2.635695,1.466978
DOHQIC,2.6038575,1.9772513
UHOKOT,3.4523087,2.3600218
XIFHAX,2.9195096,2.1578715
HEFWOG,1.9945946,1.8744652
ADABUC,2.7929766,2.2101777
COPGOD,3.749457,2.6166496
JAYGOG,4.355182,2.4343567
FOWFED,2.6844032,2.1207125
QIMTAK,2.8593724,2.0945253
MEMJAS,3.4027839,2.0565586
DIPLOG,2.8161063,1.9702452
WOCNAD,3.505643,2.47423
RISXEX,2.0808547,2.2081542
MIKGAQ,3.3897223,2.2853103
POHKAZ,3.7393887,2.4707606
GATYUW,3.3785658,2.477352
PULHUA,2.241402,2.5719159
WUTMIH,3.7295926,2.4496117
LAJBEF,5.4879923,2.7980978
WAPKUU,3.4664586,2.1982179
KIBTAR,3.1826437,1.8053646
XAKVOU,2.901278,2.1819265
ELIGIQ,0.41660634,1.6113782
FOJNOJ,5.2224092,2.4927502
IFAXIW,4.8547835,3.0169926
VILBEX,5.096965,2.490818
HEPBIN,3.835717,2.6751885
PAVZOC,2.9744766,2.2673697
AKEHII,3.0539339,2.610244
MILXUD,3.2359781,2.1292152
AGOPCD,0.4713012,2.3996603
GORFUQ,2.341812,2.0262048
PIZZAA,3.2055013,1.828224
VOWSUV,3.692041,2.3774085
RATLIJ,3.8876908,2.351259
ORESIO,2.3306553,2.109727
HOSXOD,2.8185554,1.8135953
RACWUO,2.8626378,2.2536807
VOPZOR,3.4027839,2.4362202
HOKFUI,3.74728,2.3846803
NEYRER,0.22503817,2.15151
MIGLIY,3.0601926,2.046464
JIVRUB,2.392425,2.3316488
QEBRIA,0.29605988,2.4412482
QITSAO,2.7976027,2.0715246
BEGPAE,4.741312,2.820156
RAGBEG,2.998967,2.0875778
AFEDAS,2.3526964,2.1935797
NEMJEU,3.8700035,2.4466672
VIDDOC,2.8999174,1.8690937
HIQTEH,4.608248,2.5601857
TERQIR,3.7064629,2.3156817
BUNNEF,4.791925,2.4544454
XIYNEZ,3.9693248,2.8202543
YASGEF,3.486867,2.4216528
ZESVEA,2.6653552,2.0148027
VABSUP,0.8952546,1.9730624
LEWBIA,3.9042897,2.4203155
DAYQAY,3.1872697,2.759805
MAHVOJ,2.4297047,1.8174948
HIQPUT,4.407156,2.864091
AZIPEF,3.3200612,2.3102698
WOVWAH,2.6261709,1.8868035
ROKRUF,2.17038,1.9146264
GANVAU,4.638725,2.5631917
WILMUB,2.1992242,0.77152777
NOLBOH,3.5529907,2.3927011
VUYCEY,3.8392544,2.8496816
NOBZUB,2.3829012,1.7791038
CATKUD,4.911927,2.2974944
DAJZIA,1.9633015,1.8716124
BEPJUE,2.165482,1.900114
PADWIB,4.9141045,2.163274
EWONIN,2.9763815,1.8261538
EREVUT,2.4841275,1.7274102
HEBDOI,2.7252204,1.3808396
NAKVIG,3.025362,1.9621027
DAYTOP,5.2229533,2.4664369
LALSOI,2.7518876,2.1176577
HAQFAJ,3.529589,2.347359
XEMZEX,2.4599092,1.9296563
IBASUC,3.1486294,2.3566716
ULAQUU,3.242509,2.1508737
ORUJOC,4.7385907,2.9616194
KAVFOF,2.363581,1.670773
JARNOG,3.596529,1.8743765
KOLYEQ,2.4539227,1.6439409
NEWZOH,2.5801837,1.8455546
CAXVEF,3.933678,2.2167978
DEFJAZ,6.321477,2.8447428
DUFRAY,2.1333728,1.9386939
EYAQOL,3.8468738,2.6230428
DUHCIT,2.0718749,1.5691806
ECUBEM,3.8972147,2.551768
HOCLIU,3.1361122,2.2312555
XEDDER,2.8253582,2.1766694
JIVSOW,2.390248,2.3317218
ALAKUT,4.0142236,2.4951947
QEZGEI,2.27079,1.9770014
WAZZEF,3.876534,2.451521
LOFKAT,4.3557267,2.255976
FIPFEQ,3.3361158,2.379938
DUCPOH,3.0272667,2.064992
COBXEY,4.8267555,2.4729156
AYADIN,2.800868,2.3160582
RAHLEU,5.158735,2.34828
XIRDAE,4.601445,3.0892892
AGEZOB,4.529335,2.5823617
TEJCIX,3.2754345,2.1678438
TAFTIG,3.9747672,2.6731932
UJIBAQ,4.8509736,2.8178596
TIBHEU,3.7464638,2.1403337
AJILUB,2.0754125,1.9534183
XOQZIN,4.681991,3.073216
YEMFUS,3.751634,2.4864712
SEBXUU,4.8931513,2.459457
AFAVUB,2.6637225,1.5870421
ROJXIZ,1.3690048,1.8803085
NUPQOG,2.2237146,1.7498494
YIHNEK,3.171215,2.236691
NIDTAV,3.1143432,2.4700708
BORBOB,2.9788303,2.6626542
RIHMOM,4.345114,2.4690595
HUTVUN,3.976672,2.3409848
IJOCOB,4.468926,2.5406728
XINXUP,2.294464,1.5223004
GACWAL,2.7761056,1.4403261
GEBKUT,2.5015428,2.184216
ISEPOM,3.118425,1.9745644
KEQKAT,3.448771,1.799883
WESXUN,4.3913736,2.8977885
CERPIZ,2.0925555,2.5508752
HOPFOH,5.2055383,3.2019227
YABQUP,3.2582915,2.110386
KASWOQ,0.39728624,-0.13569665
PERBIZ,2.7189617,2.069306
SONPOA,4.664576,2.4200647
KAYZAM,2.1018074,0.7714448
CEKWEX,2.998967,2.0744874
ETAMIW,0.12816563,1.4938055
MIJNIF,1.9224844,1.7589444
XAQNEI,2.1151412,2.1136484
TILCAT,4.1491923,2.4875267
YACGOZ,2.9195096,2.1157382
XIRZOO,4.416136,2.811075
IHEWIC,4.9146485,2.4965901
ZAHYIT,3.396253,2.6969323
LUSPUL,4.013952,2.4945202
PAZVUI,2.268069,1.8401129
BOKWUU,2.6182797,1.824639
UNAMED,3.185909,2.3560343
XIRLOA,3.0476754,1.8140976
QEFXEE,3.824016,2.4502912
XEKJAA,2.3404512,1.4205887
SIVBIK,2.626443,2.1299994
SISKUD,3.2321684,2.1514587
RAZWAR,3.2806048,2.2247615
ZITBAH,4.422939,2.8234549
ZAYPEW,3.3967974,2.243977
MUSQAS,4.8196807,2.4179716
MIYHUY,5.41044,2.5875478
QOVGIR,3.5472763,2.0450397
LISDIB,3.634897,2.8106549
MAHPAN,3.539657,2.3361049
GORJOO,2.6234498,1.8876638
HOXZID,3.0392396,2.878888
ZACHUG,4.646344,3.58207
MIMMAY,2.3690233,1.7017446
FAVSIH,4.456681,2.6946378
OWOJAM,3.2003312,2.43068
OGAVIE,3.0936625,2.1965709
LUXVAD,2.9578776,1.9765244
BEPZAY,4.604983,2.4135804
LEZFOL,2.2544634,2.126193
VEZVAA,4.541036,2.9900548
PIVFUY,2.3309274,1.5431626
NAGSOE,0.95267063,1.1110371
SAXSOB,3.3260477,1.6756725
KEZCEY,3.960073,3.1062346
JAVCIT,3.004137,2.1406686
GEVJID,4.122797,2.348017
XEHYIV,4.4672933,2.446982
MEPCEQ,2.597871,-0.47881866
KABLIL,1.3496847,1.2950102
YEDYUC,5.0656714,2.5117562
QUJPIV,2.9439998,1.5621166
HILKAQ,2.9924362,1.9020296
AYONIN,3.391627,1.9289305
NEQVUD,3.347817,2.1851184
TAMQIH,5.20064,3.0505698
WAPFUR,3.434621,2.7570937
LASRED,2.485488,1.7088034
MEKFIS,2.6759677,1.7261287
WIPROF,2.5654895,1.6803741
COSMEE,4.6087923,2.2779067
HAQFIR,3.5301332,2.3347695
QITQIV,3.2822373,1.2130376
FUMZEU,3.3295853,2.2732534
ISOWUK,2.7815478,1.9232166
JEJMIU,3.7124493,2.7813427
PIHLIE,3.0452263,2.3204603
WOHPUE,3.618026,2.3331263
OBISAT,3.6436045,1.9828544
UGAMUL,3.250672,1.9156349
UQUWEJ,2.5080736,2.0509086
VAZSUM,4.0803475,2.57258
MUDZEQ,4.0754495,2.5417323
XEDDIV,2.9197817,2.6430624
JIRLOM,2.7948816,2.0607607
QEKHUJ,2.7641325,2.0810397
XUDHUZ,2.540455,1.8921483
BANQIS,3.2895844,2.0606477
RUXHAT,2.1124198,1.8611871
AZIYAK,2.9265845,1.843687
GARPUL,4.0670137,2.5461993
MOXDEK,2.4071193,1.216927
FOBYOL,4.1717777,2.4202046
ETOXOB,2.7750173,2.0270028
HIWJED,4.8686614,1.9761808
TOKKOU,2.1638494,2.0629668
JEVWAI,2.1189506,1.93453
UGOWES,1.5828863,1.7173171
LOGTAC,4.3943667,2.6742294
NOJCEX,2.757874,1.7943693
WUQHAT,4.66512,3.1364746
RUPGAK,4.5339613,2.5431292
KEHTAU,0.16381255,1.4405614
BOMHUI,3.7949,2.2739341
FAXKEX,2.2533748,1.7190516
EHIBOM,3.372307,2.563388
BOYQAH,3.472717,2.1253448
GEKWOJ,4.7815847,2.188004
TIGWIR,3.28387,2.0032122
AJIDOM,2.1575909,1.9931059
BAPZOI,4.153274,2.1921906
DIPXAB,2.241402,2.3415284
XUFPOF,0.3395981,2.2653065
MEXLIM,3.0147495,2.31859
DAXWEF,4.6447115,2.6026154
SOVHAN,5.40146,2.3507156
BERLAO,2.3126957,2.0141475
MAJZUU,2.3937857,1.6603774
BUCZOP,3.1981542,2.1872454
RUZMAA,3.3437352,2.2120295
HITJUS,3.7366676,2.3669295
GATZOR,4.7277064,2.713106
BATPIY,2.8688965,1.487878
EBIYOE,3.898031,2.7431073
ISACEL,4.6713786,2.9492197
PESSAI,3.6008828,2.4610465
WESPEP,5.3513913,2.362225
DOHQUO,2.4789572,1.9048064
ODOSIM,1.9956831,2.1725793
AKIKIQ,3.9720461,2.4863336
UVAJUX,4.2248397,2.553876
DAJCEX,0.3121146,0.42218685
BUSROX,3.4825132,2.3393657
BIPCOT,3.8052402,2.5343199
YEBSIK,4.9285264,3.0928886
XAKFEW,3.2318964,2.3538074
COXWIW,3.0893087,0.8429153
PODVOW,2.6966484,1.994391
IDAPAG,2.7159684,2.1038313
YACGIT,3.31217,2.2201746
YOMGEO,3.2152975,2.2296557
OMODAX,2.915428,2.052495
JEVCUJ,0.7406939,-1.0995972
POBRIH,4.0398026,2.9016032
HAVFEQ,2.509434,1.6064913
OJITEG,2.1276584,1.9605513
WOMVUS,3.5339427,2.2687244
EFUGES,4.141573,2.0634317
RIPJIJ,3.2754345,2.1314392
RAJKUJ,3.6329923,2.3375118
BIPBUZ,3.0582876,1.7091151
SAWTOC,2.2560961,1.4449801
LAYMAA,2.4177318,1.9320765
NEDQUJ,2.8952916,2.061669
HAJJIO,3.5851002,2.579347
GAHRIT,2.0664327,1.906153
WORNOI,3.8822484,2.1196942
HABNAC,3.8457851,2.2688599
JOWXEA,3.560882,2.2989576
VUYTEP,4.7731495,2.4172907
NALNAR,3.1012816,2.1802282
CEMBAA,2.026704,1.6750424
COBWOH,4.5225325,2.7835147
MAQZIN,3.2201955,2.0643132
OMEFOD,2.181537,1.6434495
QISLAI,4.634643,2.553321
QIPDEA,4.352733,2.4321618
TUGNEQ,4.581309,2.2758825
DAGHEY,5.193021,2.9267251
FUDZAH,3.8482342,2.1840184
CAYJAN,2.1205833,2.161853
FOJWIK,2.6819541,2.0921245
NOWHEM,0.31483573,1.9169649
XIBQUV,4.894512,2.8990157
OHEFOY,4.3796725,3.009206
NAVREH,3.9513655,2.5665293
PAPTOR,3.7529943,2.5944219
GALWAS,5.118734,2.280346
WIKQOZ,2.8161063,1.7042925
XESHUY,2.3842616,2.053028
QOKWIW,3.9679644,2.2095406
XIWBOU,3.8229277,2.6971645
HATWIL,3.0571992,1.9232152
HUPDAX,2.7638605,2.1550493
BUBCEI,3.8256488,2.0301967
YAQQOY,3.594624,2.3039727
SEKMIF,3.565508,2.3040404
IFELIP,4.6515145,2.6070075
SAQCIW,3.2041407,2.468044
OPECET,2.2016733,1.8561277
HOQBIA,6.1459637,3.1139648
COBXIC,4.5818534,2.9769247
ZIBJAY,2.406847,1.582069
FEBHEA,2.7464452,1.8743676
YAFNEA,3.962522,2.4066055
WIKQIT,2.6188238,1.6484584
MEBLOX,1.7986727,1.6824927
RAMDAL,2.5031755,1.8598443
JUJSUC,2.858284,2.1462026
RIHXUD,3.9129972,2.7633197
ERUVOE,6.031948,2.9739506
YIHNUA,1.6909156,1.5274839
IKACOO,1.9905128,2.488505
PEKWOS,3.2901287,2.0851376
GUZXEG,3.07788,2.0033698
BOLXOR,4.2939568,2.3322372
ASEKEQ,4.4991307,2.6455374
YOHHIM,3.9881008,2.446144
QAYCEB,2.0011253,2.539402
KOMVUG,2.8599167,2.1470933
FULWOA,2.3799078,2.318297
ZETCAF,3.6378903,2.4400926
HABPIM,3.259652,2.1212492
MIDLAM,2.062079,1.6102837
PIBZOR,3.7094562,2.1193218
WAPGEC,3.577753,2.0029342
KESMEB,4.8009048,2.1430511
YUNTIM,3.3584292,2.2305198
NUJSIV,3.8444247,2.9881878
NOLYIY,2.9494421,2.1185455
ERIKUM,3.7886412,2.3949037
OBAPUF,5.1271696,2.550735
WOLKUG,2.191605,2.115511
IPETAA,4.659678,2.5453281
FUYFUA,5.778882,2.5788236
EBAYAK,2.1682034,1.861036
TUTCEQ,2.7061725,2.1403928
FEVDIW,2.8294399,1.8511243
RETPAI,4.4866133,2.588727
NAVNOO,4.190009,2.7300167
VEHMOM,2.3526964,1.4387655
XUVWIW,2.8909376,2.2817311
BIKDUU,3.7314973,2.475131
HAKBUS,2.9529796,1.6180367
AGIZIA,3.6416998,2.5367398
IHEYAW,4.917914,2.483746
QEBQIZ,2.9815516,2.1076517
HENLOC,3.4210155,2.3883677
NULWAS,2.3643973,2.5290277
UKOTET,3.262101,2.487669
TUTCIU,2.6531103,2.2331712
ZUQGAV,3.362239,2.7026238
VAJTAB,4.8692055,3.5431828
IBATAJ,2.1948705,1.8990152
LOQGUV,3.658843,2.4517443
BUYZOL,2.8101199,2.0501704
LOHLEB,3.9475558,2.2256038
JEPWAF,3.021008,2.0597873
HOXLEL,2.8922982,2.4370792
GABCES,2.8740666,1.7965903
IVOFIJ,3.3497217,1.7176933
EZAJOE,3.0144773,2.3821416
VAPBAQ,3.310265,2.4097588
CIYQOQ,4.887165,2.7939537
WUVGOK,4.0661974,2.5749407
DEYQUU,2.8313448,1.8734324
FOLTOR,4.9962826,2.7023766
AWOPAD,4.364162,2.3250551
WAPRIR,2.6351507,1.7041987
LEZPUE,2.3437166,2.0976317
MUNRUK,3.226182,2.3295054
OJEREC,2.0370443,1.9229225
HATCAG,3.4800642,2.3075337
TASXAN,5.224042,2.5535767
COBXAU,4.90839,2.5591378
AFAVOV,2.6650832,1.9316423
SISWEY,3.0267224,2.6395855
HAYGOE,2.7878065,2.1555562
HEGKUA,2.6626341,1.8897827
ETOZAP,4.746754,2.749992
CALCAV,4.115722,2.8518138
BALMIL,3.2993805,2.4348485
ZOLMAO,4.1881046,2.468536
OWAJIG,2.0158195,1.3357716
LERWAJ,4.3048415,2.2566452
YIDLUT,3.5445552,2.4548101
SAQFOI,2.2909267,2.275086
QOHLOP,3.1181529,2.2225492
ABARUT,2.5850816,2.1067517
BOVGUP,2.805766,1.5964882
ROFQEK,2.4381402,1.6983632
OBACOM,2.2169116,0.38649535
XOTPEB,4.502668,2.5598104
FONKOJ,2.9053597,1.8904653
CIWKAX,3.7475522,2.3417056
LIVZEV,3.5456436,1.8650047
OHETAY,4.2297378,2.6319036
TAVQEM,3.1097171,2.4633446
UYEMIV,2.1064334,1.5857518
OXEXEW,3.1268604,1.861987
QEHKOE,2.6125653,1.8739821
EFEFAZ,3.7078235,2.8116696
ORUJUI,1.7818016,1.819063
SADFEL,4.409333,2.4562194
FABQUW,0.39374876,1.9040256
JAMHUB,2.7306626,2.2075553
WAZTOJ,2.6637225,1.984939
UYEMER,2.19868,1.4667397
UXELAL,3.018015,2.2799156
SIDVEH,1.8155437,1.2115914
RAJVEE,4.4360003,2.3743963
KAMQEU,4.7584553,2.971361
BEPWUO,0.15020685,2.954052
ODERAQ,3.8373497,2.545847
JUQYAV,3.7181637,2.3351984
ADIHEA,3.4207435,2.502166
GARTAW,2.7320232,1.7808487
EDIXUL,4.4493337,2.7932923
IPAYAZ,3.8074172,2.5910997
PERRUB,5.058869,2.515042
DOFXOL,2.2446673,2.0616362
OHBZCD,0.14068286,2.2822945
ADEQUX,2.9244077,2.1954422
ZAHYEP,2.844134,2.7741203
WAPKEE,3.2604682,2.2230754
NEDQOD,2.8016844,1.6121696
XEKHUS,2.6495726,1.6216505
EXACOV,2.0628953,2.0165474
NUGSIT,4.2403502,2.7505736
DAVJEQ,4.920363,3.062879
TARLUV,3.9881008,2.7266371
MUJJEG,2.6873965,1.7129688
WEHWEL,4.108375,2.286081
WIZRIJ,3.3235986,1.9410766
LADKIM,5.033562,2.0762281
MUTKAO,3.876262,2.1486382
TEDSEC,2.3758261,1.9997975
HOXZOJ,2.733928,2.5219014
LERSAC,4.6477046,2.23738
DUMCIX,4.8166876,2.5595014
MILYEO,2.9962456,2.0494356
WUJYIK,3.3110814,2.365604
TIGWEN,3.4874113,2.1626158
FARXAA,3.1118941,2.0410175
KOXQUL,4.1614375,2.461256
MIHPAW,3.16931,2.0608914
ETOFAV,3.6825168,2.6574204
VAVJOT,3.7861922,2.2737644
HIWJIH,4.6659365,2.1015787
WAPROX,2.8071265,1.8377212
IPIPUS,0.628583,2.8548176
TIBHAQ,3.8438804,2.4392033
ICAJIH,1.9831659,2.109475
COBWUN,4.875464,3.1253326
JERCAL,2.619096,1.458612
ALODIQ,2.936925,2.0028203
PIHMOL,2.9380133,2.1116226
JOWMEN,1.7268345,1.2499017
GEJQAQ,3.7720423,2.0837364
QEGVEF,3.2125762,2.2750597
AXUDEE,2.289566,1.7623575
MEYMEI,4.714645,3.5207167
OQIDEY,4.073272,2.431049
GUWXEC,2.386983,1.8851483
FOJTOP,2.9116182,2.0996537
PEBTUN,3.8319075,2.2414436
VIBVAF,2.6128373,1.9975424
CIDHAA,2.8982847,2.4571388
VAVJIN,3.8534045,2.987985
WIKQEP,2.9121625,1.697509
QUPPUN,3.6955783,2.0016718
GAYPIF,6.221067,3.0287395
XEKJEE,2.5654895,1.6042093
ACAQOK,4.236541,2.1914928
OFAHAE,0.4908934,2.2819638
QIVQET,2.8196437,1.8494998
FASRIC,2.344261,1.7819417
IQUBUR,4.5565467,2.687382
XIMRER,5.374249,3.0135057
SEYLIR,4.031911,1.8758333
MEJQUN,2.3600435,1.714269
RIZLIV,3.9538145,2.7058983
IVOFUV,2.5537887,1.652172
DUXQUJ,2.6944714,1.874256
QEBNUJ,3.391627,2.1086912
XUJDOW,5.430304,2.8582077
FEBGUP,2.7499826,1.9198854
RAGDIM,3.8082335,2.304927
BOPBOY,2.9935246,2.1675372
VEJVUC,2.8237255,1.9230016
CIHNEM,3.7535386,2.3231287
POMQEO,2.839236,1.3594366
DUPPEK,4.7573667,2.8700306
IVOGEG,2.7845411,1.8211479
YATXEY,5.3598266,2.3589168
YOCSOA,3.24523,2.195907
EFOGUE,3.6890476,2.4346724
QAWHII,3.6865985,2.3893096
TEBFAI,3.295571,1.7000376
YUNSUX,2.9298499,2.0115113
CEJLEJ,2.5287542,2.0634778
PEFXIK,2.9665854,2.2438333
ETNTCD,4.13858,2.7604809
NEPLUQ,2.6971927,2.3258138
UFUGIM,2.6759677,2.0467515
DEGPIR,3.4006069,2.2583532
YUFDOS,4.607432,2.5773773
TARLOP,4.3842983,2.953738
RUTXIN,5.5884023,2.4064865
YOGQAM,2.6441305,2.1746557
RALQAY,3.0465868,2.6697295
SAYNEO,2.5393665,2.0532625
DUFRAZ,4.861586,2.8150184
BUYWEZ,2.6103883,1.7594541
QIPXOC,4.1380353,2.3231258
ADEBIV,2.7010021,1.8460951
GOLTOR,3.0354302,2.0670905
YOJHEN,2.3916087,1.6191591
XATMEK,4.60335,2.4081779
NOTLOZ,3.5048265,2.218529
SAMDEQ,2.5480742,1.9481349
KUJTEP,0.29932526,2.8083024
XUJDUC,4.753285,2.2477698
IPAGUB,5.204722,2.5030525
LAJCEF,2.724404,2.217966
VIWKIW,4.2441597,2.86251
KEHBUV,4.2471533,2.506643
LUSPOF,3.9796653,2.4026601
WIXPIE,2.6697092,2.1464202
FAXSEF,3.4977515,2.2593226
QIXSEY,2.4229019,1.8047664
WOCWAP,5.5184693,2.4774737
XEHVAJ,4.163342,2.128834
AGOXIE,4.9418597,3.1075916
KESTEJ,2.9157,1.9562491
TITGAF,2.0111935,1.8545947
QEXPUF,2.5986874,1.8835273
FIHWAW,1.9145931,1.9487755
GOCWIF,0.1333358,0.1525104
CICXIW,2.4403172,1.8078425
KUWTAY,3.7606137,2.390192
VORNOI,1.9613967,1.8695993
CABQAY,3.432172,2.3550467
GATTEB,3.5935357,2.1751077
ACUDOT,2.7513433,1.737731
JOPHOO,3.6925852,2.1661756
CUCTEZ,5.166082,2.4895017
TIPDAY,3.6901362,2.5458694
TIBGOB,2.9146116,1.8625335
KAFVEU,3.388906,2.1822731
USAQUC,3.391355,2.5940764
UZENET,3.5889096,2.4830494
IJOTAE,3.6169374,2.5179212
WEHSOS,3.4607441,2.699384
KIWHOO,3.2027802,1.8924587
SICHEU,2.645491,1.5902939
QUGYOH,2.8650868,1.7340788
KESLIE,4.937778,3.3526728
VAGMOI,4.162254,2.2816362
QAGSIB,2.5532444,0.8944676
FOLTIL,4.6324663,2.28006
TENMUW,2.0762289,1.8678354
TIGJID,3.9464674,2.730265
KAFVAQ,3.0980163,2.0252576
LABGUT,3.1001933,2.1227312
OHETEC,4.0958576,3.0187712
HAJKEL,3.3361158,2.2383919
VIYMUL,2.1910608,2.4847693
FEMFAH,2.430521,1.9905
HOKSAD,2.8623657,1.8063608
XETHAH,2.0256157,1.7920256
QALHUJ,3.8732686,2.1697204
RIRTIW,2.413922,1.7603607
RINLEI,0.4555186,-0.53804684
XEPVIZ,0.20109214,-0.47710824
ECEJUT,2.2408576,1.7773864
SUPFAK,5.5840487,2.3531346
KIBSUK,3.4313557,1.8235774
SAWTUI,2.3211312,1.4799905
RUZSAI,2.3243966,1.3688394
QECVIG,2.9769256,2.1051567
FOJVEH,2.9842727,2.1571414
IFAXES,2.4961004,2.0174887
UXOVOU,0.13034254,0.2212317
YADNIC,3.730409,2.548244
NEBWEZ,2.630797,1.6588523
LIGXOP,4.3772235,3.0173502
KATKEX,3.9568076,2.630979
TOFZAR,4.4539595,2.2303576
MUJJIK,2.7619557,1.7639045
DILFOU,2.7488942,2.075728
OQAJOG,2.1910608,1.7488546
PIGYUA,2.4101124,1.9814539
DUHCOZ,2.679233,2.0584116
JAMHIP,2.56685,2.0145981
IYEKUU,2.920326,2.142787
FUZZIK,3.5932636,1.9323609
IJUXOA,3.3777494,2.407434
DUFNAV,2.4133778,1.8102393
FIKBEI,2.9301221,1.9656329
WIRKEN,2.9173326,1.8671983
SAQFIC,2.4433103,1.8334817
INEVIH,0.9970252,-0.64995
PENQEG,2.7083492,1.8293214
MAVTEJ,3.6928573,2.2433946
MASYUD,2.676512,1.9009802
BALMEH,3.3067276,2.5724747
RALLEX,3.496119,1.9843612
UJECUJ,2.3360975,1.8100213
ULAWIO,2.1113315,1.9606317
