CSD_code,y,pred
QIWWAY,3.4923093,2.481757
IWAGOE,2.2389529,1.3839178
YIYGUM,2.294464,1.9146243
WALKED,4.7347813,3.0001888
FATZEJ,2.941823,1.9641248
ARUXET,2.8253582,3.2241223
LORHEI,4.3687882,2.3122635
MICLOD,0.59511304,1.9806589
EWUHUC,3.4544854,2.8748426
TEXDOT,3.4256413,2.3307161
QEWPOB,3.960073,2.6299105
VUDZEC,3.3440073,1.8738418
REKTOS,4.798184,2.5081713
AZUKEO,3.044682,2.7539127
HODYUY,3.2441416,2.375865
DOTLED,4.7070255,3.3319175
LACMUB,3.5015612,2.7902167
SINHIK,0.3453125,3.9193408
ISOZUO,3.8680985,3.1306794
EPAHEL,3.2035966,1.8555845
QEWPUH,3.9513655,2.5035276
RIDWAG,4.5973635,3.0972543
VACGUF,3.6656458,2.336638
KEXROY,3.6893198,1.9698327
LAKZUW,2.8264468,2.0088546
YUCLAM,4.394911,2.389648
TIMNIM,4.896689,3.2961352
RIDVEJ,5.8441896,2.865097
TIFQAE,3.835717,2.2100945
ZEZFIX,1.8890145,1.4164021
YIMXEB,3.4041445,2.3575838
VAQHOO,3.0264504,2.6780014
ITUDIN,2.860461,2.135699
OFACAD,3.8136759,2.5591912
AZUKIS,3.0648184,2.7605379
WALLEE,4.4468846,3.1357548
OJEPOL,2.9755652,2.1724277
DIWCIZ,2.6920223,1.7098563
JUQSIA,3.7763963,2.8501406
DEKQER,4.210962,3.257545
FAMVOI,3.8852417,2.58114
DIVBAM,3.9832027,3.1561363
OFABIK,3.9037454,2.7537212
COGKES,3.6648295,2.9370487
HIGCUZ,6.8458405,2.9272342
XUVDIE,3.4958467,2.3444383
KAVRUY,2.8324332,2.6569166
VITXOP,3.2087667,2.9322796
VEZTAZ,3.4599278,2.2873302
BASPOE,1.875953,2.150628
LARWIO,4.5957313,3.3042655
XIKNEO,3.6569383,2.2607374
NOYPAV,3.0903971,2.1203697
GEMSIE,3.0868597,2.5978591
XIQVAY,2.4408615,1.8023592
SAKROP,2.3165052,1.4579885
MOWJIU,4.505117,2.6808772
KIFZOO,3.2038686,1.3676172
NODBAJ,3.6770747,2.2200222
QEWPIV,4.278174,2.5188117
CUDXUX,5.0248547,3.5726857
AKIPOC,2.635967,2.2502356
HIRWUE,2.635967,2.4671342
GAZWUD,3.535031,2.6509037
XURYAN,2.7023628,2.3206422
WALMEF,4.4414425,2.8900964
NIGGAP,3.938576,2.943802
LOHCAO,4.969343,2.4333935
EVIGUO,3.8514996,2.9165237
KEYXIZ,1.5341779,1.121168
KINQEH,3.2014196,1.4753226
VIPKAK,3.9489164,2.2646403
OROVEZ,4.4419866,2.7055817
MICRUP,6.9938703,3.500761
KEDQUJ,2.8027728,2.41132
ABUPET,4.5521927,3.4098306
ZULBIU,0.34476826,1.3662306
MICROJ,5.0651274,3.5283036
CUNWIU,3.6906803,2.3240602
YIYHEX,1.5322732,1.6561936
EWAJAQ,3.4003348,2.7980235
QEWNUF,4.507022,2.7555733
XILPUH,5.2158785,2.778761
BORBOC,4.155995,3.715851
ROGFEC,3.9486442,2.1839106
FAYPEE,3.9516375,2.7888613
BOCCAA,3.9453788,2.2083724
AJUSOQ,2.4484806,2.7225935
ALAWUI,3.5314937,2.2790532
NAPKAS,2.879781,1.6523843
YIMWOK,2.769847,2.3624215
QEWPER,2.089018,2.4542644
BUZTEY,4.2890587,2.4128928
WEHWAK,3.4784315,2.743436
EPAGIO,3.22591,1.8235643
VOSLUN,2.368207,2.3292768
KOQYEX,5.510306,3.434112
FAYPUU,4.091232,3.2435112
AJURAB,3.4147568,2.6113367
XUVDOK,4.112457,2.7038941
HAKZAY,4.7236247,2.9663801
VITMEU,3.9295962,2.6332283
XIQTIE,3.291217,2.197849
XUVDEA,3.917079,2.9306726
VAQHII,3.9110925,2.5857933
XAPXEV,4.8014493,2.74775
OMOGIJ,2.795698,2.3173537
LUVSIH,2.8525696,2.314514
MUXDIV,3.757076,2.2264438
POCJIE,2.1042564,2.3492823
MICSAW,5.077645,3.3904624
CUNVIT,3.675986,2.854356
KAVKOL,1.1393408,1.8118024
AJANEF,3.6904082,2.8125522
OWOFEO,2.9195096,2.1741517
MIXLOY,4.796823,2.5232136
VAQHEE,3.9116368,2.7045493
UWUMUX,3.094751,2.1875517
CEZLAW,3.6104066,3.034273
POCGOH,2.0253434,2.2713037
OMOGEF,3.1178806,2.0931864
DACTEK,5.08091,2.663663
YUNCES,4.4542317,3.3768492
XURYIV,2.8482158,2.1939793
JAHXOJ,4.196812,2.9839315
XUVCUP,3.9592566,2.825987
POCHOI,1.9121441,2.4339287
TETLEN,3.629999,1.8234893
HIRXEP,2.9954295,2.6387372
QIRSET,3.5233302,1.7851902
SAKREF,2.4563718,1.4236169
LEJHEQ,3.3987021,2.4270177
HODYAE,3.2520328,2.3477225
MOWJAM,3.9992573,2.7965393
CIJTAU,3.041961,2.1394713
ROJLUY,4.8670287,3.1495094
IRUBOP,4.9211793,4.028941
XILPOB,3.2972038,2.3371003
NAKMIZ,3.063458,1.9636941
BUZTAU,4.3717813,2.6478996
PIYNOB,4.464028,3.1423347
LOFPII,2.2348711,0.86883545
EVIGAU,3.9442904,3.4032774
MOZGEQ,2.9908035,1.4649715
FAMVUO,3.8131316,2.789848
EKANIQ,3.2792442,2.2039676
KINRAE,2.8903935,1.5135616
QIXJOA,3.415029,2.783308
XUVDAW,3.7987096,2.9531808
XILQAO,7.2374125,3.6052132
KIFXUS,3.2041407,1.2276268
AJUSAC,4.7666187,3.2216332
TUDFIK,3.6863265,2.4699087
CAZRAA,3.1840043,2.478695
CUNVUF,3.5064592,2.8196068
SAKSEG,2.63379,1.5733294
POCGUN,1.7407124,2.159182
MINQAB,4.5423965,2.107955
QEWPAN,3.9402087,2.7193446
ZIGKUY,3.6740813,2.6784725
FAYSEH,4.6566844,3.1706736
UCEYOU,3.2359781,2.668625
PITRAM,2.898557,1.8060241
XAKVEO,3.7921789,3.5077841
GOTWIX,3.5314937,1.9599226
IHEJOV,3.3516264,2.9603088
XAVLUF,4.9222674,3.7494118
KUXZUB,3.01611,2.6021323
FUJNEG,2.8661754,2.3113472
DOKCEL,3.6319036,3.3715558
GINTUW,2.1657543,2.196647
MISNIL,3.785648,3.0551417
TOSPEZ,3.0365186,2.9188578
MASROO,3.31217,2.5118034
QANXIO,2.7064445,2.1243348
TUXYUJ,2.3222196,3.5406518
CAFLOO,2.4310653,1.5199797
ANOKAS,2.863454,2.0805907
RIGREI,4.4003534,3.0126052
YEVKAP,3.721429,2.5953393
WIXBOY,3.0950232,2.360425
JIFPOG,3.5445552,3.0483947
JAKHUZ,2.8669918,2.361223
SORMUH,1.7336375,2.5369134
HILJOB,3.1679497,2.4794593
XOYQEK,2.9494421,2.7994425
AGIVIW,3.130942,2.7724667
BUHVAD,4.124702,2.6292763
TEQSAL,4.5916495,3.2552066
EPUWAQ,3.4884996,2.6906319
OFEBEI,2.8544743,2.234262
ZUTJIH,2.9644084,2.4492447
KAZCIB,3.6419718,3.012532
LINWUE,3.4305394,2.6172147
FAZXOT,3.2131205,2.3367598
IRUYOM,3.761974,2.6763127
QIQWOG,3.7562597,3.8561077
KORBUR,3.1105335,2.6541128
QUNPIB,3.7889135,2.895674
BEKHUY,2.485488,1.9451872
YOZDEW,3.7034698,2.830804
BEKJOU,2.514604,1.6060393
KUYTOQ,3.9853797,2.6684322
JESDUK,3.185637,2.2947876
ICEYAQ,3.2416925,2.2928734
ANOKEW,2.7268531,2.008822
KALLES,2.782092,2.6073482
SOWPIE,3.2789721,2.5339353
GUZVAB,3.304823,2.7745335
KURCUY,4.7802243,2.9560518
QIRFIK,2.8212764,2.67291
HEXLAB,3.5388408,2.848609
HIVFOL,2.2686133,2.8120923
KALKUH,2.9494421,2.6058414
IYOHIN,2.1518764,2.0099034
SERSOX,3.3105373,2.7048001
SIZCIR,3.6553056,2.297631
JOFJIZ,3.7410214,3.370841
ZAMWUJ,4.824851,3.7817485
TEBWIH,2.8038611,2.0007627
BUNVAI,3.9230657,3.3837428
NAWLAB,3.5415618,2.9081092
MAZMAC,2.7693028,2.7950387
RUDREQ,3.431628,2.586739
IRUYUS,1.6405745,2.6307309
WEKYOB,4.9217234,2.781588
JUSPIZ,3.8030634,2.7376764
HILJUH,5.7339835,4.203791
QIGREH,3.67517,2.9784014
KAJTEY,2.8882165,1.845999
GINTOQ,2.363581,2.1252973
SIZBIQ,4.526342,2.5490704
FULJUR,3.6985717,2.9002166
HUVNEU,3.4003348,2.9555414
DEXTEJ,2.6248102,2.2560768
IDUTEK,3.2474067,2.5147326
LIRDAR,3.2547538,2.538142
QEVWIY,2.9842727,2.2709627
JAGBOM,3.6071413,2.5355678
XEMNUA,2.674607,1.830036
KANJUE,2.3175938,2.406041
JIDCIM,3.3437352,2.583315
CIGBOK,3.7894576,2.1424441
RUDGEF,2.69556,2.356616
NITQAM,3.1995149,2.9815807
QIHBIW,2.4408615,2.2882566
TUVMIH,1.7393517,2.6596472
TIKREL,3.1407382,2.2872097
JIDCEI,3.69966,2.6854408
MACXOH,3.0694444,2.826759
XATYUN,5.717112,5.0055094
WIFVEP,3.2588356,3.0099552
CEPDEG,1.218798,2.348763
CAFLUU,2.0952768,1.4512105
RERFUT,3.231352,2.9516008
TUZPIP,2.755697,2.6066597
SEQLIN,3.0269947,2.1946437
XIQDOS,4.139668,3.243843
XIWHER,3.2169302,2.0258102
WUBKEL,3.2460463,2.2751281
JEMYUW,2.7777383,2.1363025
USAPAI,3.3804705,2.5886354
HUNFAX,2.917605,2.2922504
FOYHOS,3.455574,2.4715545
TOKGEI,2.8446784,1.9193584
BIJMIR,2.0566366,2.1848373
AROQUW,3.5597935,3.3701422
FOFZOP,2.7018185,2.824771
WUWKEG,3.9973526,3.4551988
OFUWES,3.5831954,2.882594
JOFJOF,3.943746,3.4944186
BERGEL,3.3176122,2.1937225
GOGLOD,3.843064,2.870906
MECHUZ,2.8803253,3.1615903
COJTEE,2.8346102,2.2908268
EKIKAL,3.6471422,3.192893
GIYHEB,1.3094119,1.9738251
NORSEV,3.941025,2.6058397
OWEWIY,3.6852381,2.664962
PUTTEG,3.240604,1.8942018
GINVIM,2.8601887,1.949831
HONQOR,3.7554433,3.6697924
PARGOF,3.5170717,2.7412333
BUTZRA,3.9391203,2.825587
QERSOV,5.3513913,3.16531
TAMCIV,2.7978747,2.3588982
GINTAC,1.7088751,2.5314999
ORUKOE,2.8185554,1.7455702
XEFWUE,3.2582915,1.8986251
VOYHOJ,2.6610014,2.0963466
ZIXZAH,3.6621084,3.4409623
DIQYAH,2.8514812,2.2058425
JUSQAS,3.6144884,2.600908
ATANIU,3.6076856,2.7925763
PEFWOM,3.2299914,2.7676535
COJTII,2.6199124,2.0140529
XELPUD,2.9105299,2.236072
QIXBOO,2.678961,2.4883049
SAYLUD,3.6335363,2.8313022
TIZLOE,2.3975952,2.2485673
YUTHOK,2.7682142,2.3149548
XILZOH,4.2509627,3.2438214
NULSES,4.5823975,2.9507813
MAGFOT,3.8680985,3.0013168
MOMHEC,4.813422,3.3205538
IDIZEA,2.4574604,1.8447807
QEQHUP,2.9325712,3.1131802
QIQVIZ,1.9320084,2.4397862
BAHPEJ,3.1752965,2.6622612
LIRVIR,2.903455,2.630122
YAGWAH,2.798147,3.1042013
GINBIR,3.4974794,2.9167087
HIXTAL,3.472445,3.040773
KIFTAY,2.4961004,2.8340654
UVIXUU,2.8482158,2.1754675
AMEDUS,3.035158,2.0263667
JIDBUX,3.792723,2.8378656
IFEXUN,3.9225214,3.0649586
ADUFIS,3.988645,2.9317386
POTNOE,3.2947547,2.2063887
FAGBIC,3.6985717,3.1892955
SIRYAT,2.877604,3.343555
SOBTIM,3.4694517,2.1995165
CAFLAA,2.5195022,2.354335
QUWMON,3.8708198,3.369855
ARORAD,3.6982994,3.2441745
XECTUU,2.6672602,1.8079547
PUSCIP,2.9031827,2.2854178
DOCVOK,4.502396,3.3160772
FAGBOI,0.90396225,3.1094747
DEDFIC,2.8841348,2.4069571
QOFLOQ,3.551358,2.4642925
TADLET,3.9919105,3.462798
SOFDAS,4.2125945,3.0822036
WOJYAV,2.511339,2.8190567
KALLIW,2.9374692,2.5366318
UROSUQ,2.9946132,2.653944
RABNOY,3.4166617,2.3999434
IFIMOB,3.5840118,3.0766952
WOMQOF,2.695832,1.8747951
HOGDIU,2.9864497,2.4575813
XEXQEX,4.008509,3.220265
HEWKON,3.0536618,2.8005998
HEYRIQ,2.841413,2.0917106
WAVSEV,2.932299,3.0726144
ANOJOF,2.9293058,2.0843153
SINZOF,2.8669918,2.4019117
BEKJIO,2.5377338,1.8736302
TAVNOU,3.8278258,3.0056548
LUTJES,3.1872697,2.813529
AGEFIF,3.0123005,1.9960295
XAVMAM,5.0890737,3.677357
HIYMEL,3.510269,4.1304064
KEXVAO,3.1271324,2.19487
LUCDAQ,1.6732281,2.558183
PATNII,3.5219698,2.7511113
GOTWAP,3.5023775,1.8322883
YUWDUP,3.6504076,2.6711502
YUHRUR,2.3965068,2.434387
QEPJAA,2.8591003,2.095404
MEKRIH,3.6267335,2.8513248
ZIDGAU,3.7905462,2.7880428
QIFYEN,3.4876833,3.2865114
AWAMET,3.1216903,2.4369462
EHATEP,5.9497695,3.875256
GANCEG,4.3881083,4.1368513
LIRXUF,2.370928,2.3413248
PUXBAL,3.006858,2.2142467
AWAMAP,2.8936589,2.3094954
ANOJIZ,2.798419,1.9175797
LIRDOF,2.7671258,2.1303043
PIPNEJ,5.6001034,4.3675165
XUKZAE,3.2446856,2.5942924
NILGEW,2.961143,2.3066702
EJIHUD,2.9320269,3.1060002
XEVVON,1.6871059,1.758398
JOZJUD,3.876262,2.726706
AGEDEZ,3.2174742,2.4481175
GUZNOG,3.3162518,2.766325
FIFQIV,3.2874076,2.8057363
TUXZEU,2.559503,2.6402152
LELQUS,3.039512,2.4163394
UDUZEB,3.329313,2.8683007
JIZNAL,3.1295815,2.930637
FIMKOF,4.0487823,2.9517846
PAXMUW,3.7826548,1.9022423
JEFLAH,3.6762583,2.801275
QUHDON,2.9140673,2.2800555
USANUA,3.3918993,2.5834737
NEFQOH,2.7891672,2.1655204
KIDDOU,3.8017027,2.9145215
SEQXOB,3.6308153,2.4514058
XELQIS,3.4789758,2.6585805
OBOVIL,5.321459,3.6792994
VOYHID,2.9135232,2.136014
VIDZAN,2.6373277,1.6724666
CACRAD,2.7018185,2.682934
UKIKOR,2.9747488,2.9739625
JIDBOR,3.5010169,2.6584609
CAHLAY,1.3336301,2.3030896
VORQIF,2.7143357,2.363505
SIZCAJ,3.697211,2.4432735
ALIXUO,3.0025043,3.6650953
SOWDAK,3.916535,2.613141
GEBMUZ,3.4972074,2.2757294
BAKGUP,3.1965215,2.9046166
WIZGIV,4.4267483,2.58626
ANOHOD,3.5720387,2.5928974
XIJFUR,0.38803437,2.4161134
HERPAZ,4.4749126,2.5953686
MAGFEJ,3.2659106,2.6579924
XUZVAR,3.3603342,2.931478
GAFPEM,4.5584517,4.105028
WOFLEI,3.2340732,2.6465597
EJEPER,4.944037,3.701273
HIVFUR,1.8158158,2.745993
VETHAD,3.3929877,3.846847
TAMCOB,2.303716,2.286305
HUSVUO,3.2729855,2.834594
ZAZZOR,4.057762,3.1018598
CAFLII,2.7488942,2.2661004
JESZUG,3.0103958,2.2205875
KIFTUS,3.8085055,2.1105533
OWEFII,4.2955894,2.7865465
ACUPOH,3.8947656,2.5704348
RASLIH,2.232422,2.8738956
SUYZIV,4.3530054,2.6315126
RIZSAW,1.5902334,2.2905142
PUTTII,4.0215707,3.4433455
JIQYUH,4.7135563,2.858942
XILYAS,2.4476643,2.820048
WUCROD,3.9135416,2.7730973
TISJAJ,4.065925,2.9234424
TUZPOV,2.7061725,2.7612627
BAJHOK,3.658843,2.9203355
LUDXUG,3.0199196,2.826375
SAVLAC,4.419129,3.3580241
HEDGOQ,3.1567929,2.4508939
VIDYOA,2.905904,2.0965462
DEJLAH,4.11028,2.2456522
CADDER,3.4414241,2.5084906
SORMOB,1.5276473,2.9444075
BIKYUR,2.6027691,1.9054725
HOGDEQ,2.9981506,2.411451
KOBTAA,4.7092023,3.0538242
GALHEK,3.2729855,2.5109563
ANOHET,3.245502,2.2417746
IQIWIO,3.1752965,3.199433
TUHCEE,3.1886303,2.8542063
MAZJIH,5.372344,3.2954066
UHOPIT,2.9818237,2.366883
YEBVIK,3.0076745,2.6753917
POTNUK,2.6860359,2.4313877
LIYKAF,3.3064556,2.3909202
ASEKIV,3.6735373,3.3022945
BACXUY,3.2629173,2.1726983
MOWFUZ,3.1739361,2.4472592
QANWIN,2.9502585,2.4345412
BEKJAG,2.4577324,1.6222056
WIWKOF,2.0185406,2.4528074
AGEFUR,3.0482194,2.372217
KIBHIQ,3.044682,2.5836031
FUJNAC,2.4933794,2.5648518
WALMAX,2.440045,2.4384274
SICRUV,2.8618214,2.1229548
JEZMAC,3.6640131,2.4194613
NEMSAD,3.4182944,2.7991004
YEHFAT,3.8414314,2.8745608
LOSRAP,2.9788303,2.5486057
DIPPOK,1.1007006,1.8192221
QOBLID,3.5788414,3.5602007
DUNYOD,3.6629248,2.3649793
GINSUV,1.6411186,2.813812
SEBHIS,4.162254,3.253358
NIYTAR,3.3159795,2.812579
ANIYUU,3.3187006,2.4764185
WAYNES,3.486595,2.311322
WAVSIZ,2.858284,2.900806
EPUWEU,3.2090387,2.184432
AGEFAX,3.0482194,2.3761659
ROCLOM,3.6607478,2.9921274
XUVGAW,2.568755,2.9080594
FOJMEX,3.6338086,2.645141
COGTAX,3.7124493,2.6448746
QEPHUS,2.8503928,2.0510225
ANOHUJ,3.4036002,2.5774426
CAFKUT,2.4343307,2.069628
CUXBEF,3.620747,2.5320866
RAYDUQ,3.5788414,3.041405
HIXTEP,3.4974794,3.1376574
BOWYOD,3.7742193,2.855393
TADKIW,3.9339502,3.336214
XELQOY,3.2041407,2.517548
CAXYAC,3.5407455,2.9580328
DOCVIE,4.5007634,3.0677586
KEXVOC,3.139922,2.1792154
BEKJUA,2.554877,1.6906427
YUHROL,2.576646,2.1508775
PUTTIK,2.43297,2.0304327
KORBIF,3.5644195,2.647845
POZNEX,3.0691721,2.8119462
DOCVEA,4.377496,3.4822655
EKIKEP,4.782945,2.885549
YERVIE,3.2566588,2.6132612
DOGGIR,2.3736491,1.9457955
PIJKUP,3.1110778,2.2873435
PUTTOQ,2.0699701,2.2128446
VIFZIX,3.8490505,2.7619503
LELQOM,2.5937893,2.362236
YEZNUQ,2.7420914,2.378426
NONREN,3.1023703,2.2710557
YEWHIS,3.028083,2.1690335
PARGUL,3.4193828,2.7200933
KAJLOX,2.1181343,2.21104
HOVTEU,2.8898492,2.2330277
HEPHAP,3.2351618,2.4789934
GOBVEC,2.4043982,1.2381622
IKUKAA,4.244432,3.104931
XALRIL,4.603078,3.13752
DEDFEY,2.7165127,2.075282
LOQYEV,3.5842838,2.9772732
ACUQAU,3.4275463,1.9990147
RERHEF,2.942367,2.8438864
PATHAX,4.8164153,3.664133
ORUMEW,2.8958356,1.8521669
SIVFIN,3.2607405,2.6830094
JUSPOF,3.8098662,2.840408
EPUVIX,3.4033282,1.8966177
SIGTEI,3.3056393,2.629274
OSOYUT,3.1113498,2.4882233
GINVOS,2.8422294,2.0704892
UHOPEP,3.1777456,2.211346
LOLLEE,3.064002,2.3967562
KIFTEC,2.8737946,2.821758
KAJSUN,2.6139257,1.8923273
JIQZOC,5.219416,3.3525803
YUVPEK,3.6261892,2.9060223
TEBQIA,3.3491774,2.4596636
YEZNOK,2.4365075,2.0841806
WUFBIL,3.4898603,3.3927107
UROWOQ,2.5420878,2.8143053
RUYZOD,3.6863265,2.4814234
ANAXOE,3.3412862,2.398367
NULNEN,2.8065825,2.0330892
PUXBES,3.0155659,1.9753102
TUJZIH,0.44191292,2.6772528
BEWLAU,2.9807353,2.1126041
BUYWAW,3.0737982,2.1728883
NARHOD,2.4961004,2.801748
PIRWIA,3.6577544,2.2176318
DIJBUX,2.6615458,2.6398256
PUXDAQ,2.8857675,2.466907
XOBZUN,3.1029143,2.3802907
QUXPIJ,4.13858,3.4295454
XOTNID,2.207932,2.762492
COFKUF,3.4833295,2.5029297
IDALUY,3.0672674,2.6052182
PUXDIY,3.188086,2.5401545
BACGAR,3.8019748,3.0054936
MIMXIT,3.6414278,2.4758224
PUXCOD,3.596529,2.7064683
VOHMUE,2.9388297,2.280302
NEGGOZ,3.2011476,2.7094586
OVONIZ,3.1010096,2.7340734
BACGOF,3.1181529,2.71593
EHILEM,2.067249,1.8440967
PUXCIX,3.4789758,2.7017612
WEHMOP,4.290419,2.7728326
NEGGIT,3.4825132,2.5669067
ZEHYOA,1.7929583,2.2120278
PUWZOZ,2.597599,2.3698173
YOSNIG,1.9562266,1.3819879
HIVSAG,3.147813,1.963552
NEGGUF,3.3812869,2.759624
FAVSIG,2.2931035,1.7458274
DIJCOS,2.6400487,2.368679
PIRXAT,3.2991085,2.4429798
BACGUL,3.2386992,2.757603
BEWKUN,2.6898456,2.3900337
XORQUT,2.5913403,2.1663222
WASHON,1.4419314,1.6041331
FUQNUB,2.9597826,2.151412
DEQKOZ,2.2052107,2.687329
XOBZEX,3.300469,2.1752377
IDALEI,2.7706633,2.5623937
IDALIM,2.3271177,2.545336
PUXCAP,2.1589513,2.430892
ZOGYID,2.4035819,2.517778
BACGEV,3.3518987,2.619386
XEBLEV,3.2027802,2.9393265
BACFIY,3.8479621,2.7195268
IDALOS,2.6370554,2.9007764
BACFOE,3.8441525,2.8320372
PUXDEU,3.5622425,2.7500813
NOWRIA,2.2457557,2.7925267
WIGCUO,2.2359595,1.9074402
PUXCUJ,3.5573444,2.6708617
XUDYUT,3.2631896,2.6427488
XOCBAW,3.059104,2.3796682
NEDKAK,2.0808547,2.7204585
LOPJOP,2.2335105,2.957619
UPUFAP,3.1225066,2.3767343
UYAXOK,1.9896966,2.7232533
PIXWOM,2.0462964,2.4553373
CILXOO,2.7448125,2.376844
ZORKUO,3.2490394,3.7295992
OKINUU,2.5565097,3.932362
UMALEC,2.210653,3.6314733
YEWJUF,3.1750245,2.4803634
DAMRIW,4.508927,3.2211342
TEQTAO,1.9698323,2.3739738
VOXXOY,3.470268,3.286966
WAHHIA,4.335862,5.253334
ZEMBUS,3.1004653,2.3552718
DIGVAQ,2.7347443,4.029752
VOXYAL,3.4852343,3.1124148
ZOSBEO,3.5067313,2.481478
PIHROR,2.796242,4.2020655
HAXHAT,2.841685,2.4126782
TEGKOJ,3.8417034,3.985507
SEVDED,3.2735298,2.5174234
YEDYAH,2.5842655,2.3349552
LUGDOJ,2.9978783,2.2978606
IMUJOP,1.9842542,2.9133708
OXPCXM,3.2378829,2.4328642
JUSGIP,3.539385,2.6118364
IFUWUF,3.9657874,2.3752189
JASPOM,2.0903788,2.3654878
BIWRAD,1.7937746,2.0919726
CUVDUV,2.999239,2.2996871
UMAKOL,1.887926,3.6761742
PIDVIL,1.6707791,2.031343
VOYCAQ,3.3538034,3.0279124
PACPIW,1.9635736,2.150783
VILPAL,2.4669843,2.4758918
QUHTOF,2.609844,2.8570595
XASTIY,3.0642743,2.570073
YILXEA,2.3581388,3.2189682
UHUPIZ,2.6784167,2.4391556
GODLIW,2.8133852,3.3371003
ILUMOS,3.4615605,3.8121119
XASTUK,3.008763,2.3392081
LIMZEN,2.8384197,3.3122807
DUXBON,3.0008717,4.8418
QUHBON,3.6746256,3.378652
RASJEE,2.9214144,2.7261708
VOYDAR,3.5312216,3.3075786
TOSSOM,2.1521485,2.4936693
DAGHAV,4.0183053,4.6816893
JUQWAW,2.8860397,2.9225671
PIXWAY,2.124665,2.6474922
ITOYOI,1.98371,2.6090698
YAXREY,2.442494,2.304603
MEVWET,2.9094415,3.2392673
REXJEL,3.317068,2.4366505
RECTUS,2.17936,3.838114
WIZMIF,2.77665,2.135978
YOTBER,2.5875306,2.643454
DOSWAJ,3.575304,2.6044707
IDINUI,3.453125,2.0814745
VUDWOH,3.250672,3.9139261
YUDREU,3.7714982,2.7001605
FAMVEY,2.6022248,2.9153523
RIWPAR,4.363618,4.855322
BAQJOW,2.893931,2.3898497
UHUNUJ,2.649845,2.4670436
FEHYAW,3.202508,2.9754946
IXASEH,2.7826364,2.2278557
MULSUK,2.6079392,3.3897865
DUFHUK,2.958694,2.4274368
VILPOZ,3.1867254,2.515966
EPOXIR,1.6223428,2.269651
ULIPEN,4.3725977,2.5206802
XELCUM,4.0463333,2.5267174
BUKHOF,3.044954,3.7961047
GAHNEM,2.1545975,2.6164846
KUVMEW,2.1965032,1.858997
KURDUY,2.4857602,2.4727974
ZAHTOV,1.7736381,2.1092122
BACHEW,1.835408,3.5833976
CERMOF,2.8427734,3.3606734
KEYKEI,4.4849806,2.961237
YOTBUH,2.064528,2.4653873
ZIKPAO,2.793521,3.9630747
YORMIB,3.0629137,2.5526047
WIZMUR,3.415301,2.8035388
TICXAH,3.535031,2.34933
RUDNIQ,3.6191144,3.1736298
CAQZUT,2.7695749,2.3043885
PIXVAX,2.1140525,2.6397116
PIXVUR,2.0849364,2.427778
SUTTIN,2.87706,3.4441288
FAWJEW,1.9434372,2.403334
QUJYAY,2.8914819,3.4570017
GORCIZ,3.408226,3.802791
ABILED,3.7072792,2.4893622
QIMLAD,1.3918624,2.0912294
WUYCUR,3.3489053,2.4993403
JEDLEN,2.769847,3.1885297
IYABES,3.123867,2.6309276
MULTIZ,2.3243966,3.6207063
ALEKUA,3.7695932,2.73598
XASSIX,2.5105226,2.5232508
TIYSUS,3.0433214,3.2881203
DAJYEU,2.5845375,1.8949791
KOVWUQ,1.8343196,2.3588605
ALEKOU,3.1176085,2.7767503
YASZOL,4.381305,2.5919063
VILPUF,2.4223576,2.4698837
FEFGUW,4.3010316,3.5956209
KOXVAW,1.0024675,2.0022476
RASHIG,1.9782678,2.6904027
XEJGIG,2.2623546,1.9444942
DUFWAC,4.4972258,2.426918
OBUNAE,3.4621046,2.7469518
KOVXAX,1.8340474,2.3575783
TEPGON,2.4082077,2.9027033
OKEXIN,3.0748866,2.504773
JIBYIG,2.5682106,2.8557067
FOZSAR,3.2893124,2.2144237
LUGDUP,2.9189653,2.2895668
PIXVEB,2.146434,2.34683
VOXYOZ,3.7361233,3.250521
WAJWIN,2.88223,4.402192
RASGEB,3.2797885,3.031903
GUNNAH,3.881432,4.125661
XUCQAP,3.1244113,2.4041717
BEFYOE,4.16307,2.4929793
COPTAD,2.1548698,1.9875622
IFUJEC,3.3080883,2.1516664
COLPOK,2.8291678,2.0379496
CARBAC,3.0114841,2.3371115
ERUVUL,3.6572104,2.7818983
DOBLOZ,3.4411519,3.0919306
FOZRUK,2.827263,1.767869
XEDJIZ,4.013952,4.5853877
MUPLER,2.7012744,1.9908515
DIZBIB,5.8011956,3.8767977
PIXWIG,1.8144553,2.4269857
QOXXOT,2.7320232,3.4157848
AHONUH,3.9301405,3.6875503
MUJJAF,3.1290374,3.436516
CUVDIJ,2.9497142,2.2583497
IXECOF,2.7546086,2.1373515
VILZOJ,3.0283551,2.8807611
GORHAZ,2.7069888,1.8365968
CAHTAG,0.37252387,4.7283278
BAPVEX,3.4425125,3.4353426
XUDTAT,3.080057,2.3154762
NACPOZ,2.5494347,2.0920887
CUVDOP,3.037335,2.330883
KUYKAT,2.5948777,3.0783324
UMALAY,2.8060381,3.3116672
GOZPOC,3.1010096,2.3113706
ILESUQ,1.7809852,2.4357886
TOSWIK,2.122216,2.4244628
DIKCEF,2.8049498,2.0350854
GAHMUB,3.1146152,2.9717028
NAJZEH,2.9173326,2.446582
SEHBUG,3.2060456,2.8966362
XOQPOL,4.55954,2.915125
RICDIU,1.7061539,2.3170068
ERANUJ,1.8767693,1.9386735
NEJKUI,4.28797,4.3357606
JASPIG,2.2348711,2.6450424
CUVFAD,2.6242661,2.5275047
JAFTOZ,3.1418266,3.817681
HAYLIC,3.6259172,2.9337459
NIJRUW,3.0316205,4.222353
NIXDOR,3.2027802,3.8451438
ANIYAY,2.9437277,2.3229346
VUWJIJ,3.26972,2.4383452
EMOFOD,2.9630477,2.4449463
AXELOH,4.1119127,3.0071645
EKABEA,3.4278183,2.5337005
ZUZCAB,2.5018148,3.7692654
OZUSAG,2.2936478,2.2412806
ENOQAC,1.7749988,2.3057373
WUYHIK,3.14482,2.2934568
BAPTUL,1.9902408,2.226543
CIXGAV,3.2816932,2.6350088
TEHSAE,1.7483315,2.4767008
IROQIS,2.8484879,3.0631533
PIHRUX,2.7965143,3.8983989
RICFES,1.9047971,2.8976676
QOFTOY,2.8063102,2.2339177
JUVDEM,2.7010021,2.8883717
JUGWIU,2.9219587,2.1051576
UTAFON,3.689592,4.8503036
BUWZOL,1.6111861,1.8102672
ZISHUI,1.8027543,3.6659913
ENOPUV,2.108338,2.3822742
CURROY,4.3023925,3.0824876
RUDPAK,3.517888,3.649396
WUYHAC,3.14999,2.0799725
LIZCAC,3.7704096,2.8146093
YUPWIS,3.2248213,2.859727
UVAQOY,3.1635957,2.3525786
FAWJIA,1.6452004,2.3372858
RECVEE,2.5559654,2.9778996
NORHIO,3.2789721,2.3913946
AFOLAM,1.8226186,2.6484208
OZAKUY,3.4218318,3.32339
EJUJAX,3.2346175,2.478646
DIBYUL,2.9450884,2.453876
WAPXUH,3.142371,2.4900799
MAKBAD,4.566887,2.8040895
XUYZUM,3.2781558,3.8909025
ATEDIN,2.765221,3.109448
EGAZAQ,3.0770636,2.176809
LUGDID,2.4381402,1.9968278
AVUTET,1.6100978,2.6188998
VOXZUG,3.6055086,3.3095274
WAFXEK,3.505643,4.867358
PEWSUF,2.287117,2.294257
IBOZIL,3.201964,2.9054708
AGICEZ,3.1551602,3.5884032
ABZTMO,1.8022101,2.3941
LUHHII,1.9681996,2.3533504
AJUNEB,3.047403,3.4634836
AWAPEW,2.5962384,2.8943615
IVESAE,2.0707865,2.9174132
LUGWUI,0.5115741,3.1870396
SUTPAB,4.4637556,5.2649236
BIWXOY,3.0914855,2.415028
KIQSOS,3.838166,4.8307714
WOXLOK,3.9769442,2.3246894
IXUZUZ,2.5439925,2.9158194
CISDAM,3.3189728,2.937454
LUGHUT,3.8653774,3.8201609
LIJLID,3.6819727,2.4945705
DIGKOT,2.905904,2.8119533
RUQHOD,2.9831843,2.026904
CEZPAC,1.7717334,3.3883767
KOVWEA,3.0435936,2.3291163
EZELAZ,2.6395044,3.7264512
VILZUP,3.3831916,3.057173
QOXXIN,2.7031791,3.4526048
LINLON,3.1986985,3.675004
MUJGIK,3.0552945,3.5011137
QIMKUW,2.7252204,3.122484
PIDVEH,2.934748,2.8017943
RUDNUC,3.3165238,4.030859
IPUXAV,2.2585452,2.4385126
GORGUS,2.739098,2.0760252
NAPCIU,4.0449724,4.2412953
IMUJUY,1.2628804,1.7305259
EFOSOI,2.1355495,2.2443938
JUJYIW,2.2484767,3.7953987
ZEYHES,3.3167958,3.5382614
BAZNOJ,2.673791,3.6420805
OVIXEZ,2.9265845,2.6208997
HEBVEP,4.40117,5.0003757
WIDRUA,2.4490247,2.864919
OVOXUV,3.0152936,2.3697996
DIWDET,2.8876724,2.7814238
WUJREY,2.8316169,2.9276192
EKABIE,3.291217,2.4291742
JIBYAY,2.1333728,2.6734347
BAXFIT,1.9301037,2.224975
JUTPAP,0.13714539,4.2847605
PIXTUP,2.1848023,2.4376674
ERANOD,1.6481937,1.9150276
BEFYUK,1.1986616,2.3703446
LARSEF,3.0509405,2.2695026
KEBCUT,4.20035,2.7096407
VOXXUE,3.8136759,3.3400743
NORPIW,3.4833295,1.975558
QOZQII,3.5004728,4.2399073
SILVAM,3.0267224,4.000777
YAZSIB,4.0019784,4.3130727
QIWYAY,3.4610162,2.4174287
ANULED,3.1562488,2.1886306
USAYIX,2.9148836,2.075645
QUCPOW,1.7502364,3.2633705
QIWYEC,3.69966,2.4578302
KEXTEQ,3.006858,2.5217364
UHIFUP,2.385078,2.9888468
NACNIO,2.4672563,2.2439027
QOCDUL,3.4585671,3.9438488
FADVEP,3.7671442,4.696575
XESWID,3.0305321,4.1040754
ANULON,3.120874,2.2568796
ASEWED,1.696902,1.1248348
OZUSEK,2.3758261,2.8920882
HEYZIY,3.781022,4.2169676
GANRAS,4.055585,3.3779683
ASIMEX,3.9080992,3.5207036
FEFHAD,3.307272,2.4698503
RICFAO,1.6408466,2.9272735
RUQHIX,3.0079467,2.1334715
KUPTEV,3.7799337,2.9523077
GOZPIW,3.1132548,2.2200933
AWAPAS,2.8830464,2.8180692
XIHNUB,3.3325784,2.6467474
AWANEU,3.1780179,2.79331
UZEZEG,2.487665,2.255318
NARPOP,1.6288736,2.1013021
LEHZIH,2.6903899,2.6439426
WEPCUT,4.0923204,3.1349752
ZUZBOO,3.8280978,5.205936
NARPUV,1.6179891,2.640647
JUWHUH,2.354329,2.6006017
MIZJOY,2.3404512,3.5851753
QOZQEE,2.9962456,4.619076
XUZBAV,3.3608782,3.635971
RASKIJ,2.5102503,2.4017777
GAHNIQ,2.5478022,3.1091619
XOHVIB,2.9785583,2.4712148
AFOKUF,1.7573113,2.855291
KUVMAS,1.9940504,1.8866497
PIHRIL,3.19761,4.5123806
PECPAO,2.6302526,2.2020993
VOXZAM,3.8068728,3.0947635
SILVEQ,1.7211202,3.1517975
XUCCOQ,1.8881981,1.9600468
KOVVUP,3.0531175,2.4083936
ZUZQEQ,3.3660486,2.262835
TUCYIC,3.2542098,2.5385664
HUJMUU,3.1129825,2.6048677
WITMOF,2.8874002,2.5411036
GOTVAO,2.342084,2.9199128
ZANTAN,2.8335216,3.2580507
KUJSIU,2.5151484,2.0206096
LEKCEL,3.7227898,2.5220094
KUVLUL,2.504536,2.5073278
LIZBUV,3.7383003,2.4592311
QOSSID,2.559775,2.182746
KOVXEB,1.8351359,2.3579345
LETQOQ,3.7693212,3.16774
ZISCAJ,2.9600546,3.8241343
MULSOE,2.7347443,3.4201841
YEXXUY,3.424553,3.5600197
LINMAA,3.212304,3.5979407
WOTQAX,3.4993842,3.1797683
QOXNID,2.838964,3.4594705
TEHYEM,3.0174706,2.3844798
CIYBAN,2.7034512,2.5693357
MUJGUW,5.802556,3.8793418
MULTAR,2.9518912,3.385394
TEQSUH,1.9170421,2.1566496
MAKMUH,2.673791,2.6713395
MUJHIL,3.1491737,3.4533033
XASSAP,2.5252166,2.6979144
COZQUG,4.301576,4.502692
ATESUQ,3.5045545,4.150098
BALYUM,2.6531103,2.383196
EJIMAM,4.0142236,4.653527
QUNHOZ,3.7217014,4.595845
QIMVUH,2.9668574,3.682684
OGAZEB,3.9347665,2.8923228
DIKCIJ,2.635695,1.9797984
SUWTAI,1.6566292,1.9281061
QUVBIV,2.9192376,2.3819613
EMEGOS,4.155451,5.1518183
XIGZAS,3.592175,2.7840521
ENOQIK,2.0729635,2.3284693
INASEW,3.0109398,2.7457888
KAHBUR,2.3725607,2.675007
LAZDUO,2.6242661,2.0730958
PIXXIH,2.1638494,2.365345
VUXLUY,3.350538,2.557236
CIFHOS,3.496391,3.756008
ANULIH,3.1151595,2.2248106
GOSGED,2.9317548,2.4910595
RASJII,2.5614078,2.220408
ZEMCON,2.2805862,2.2469013
SIHRUW,0.56381994,1.420898
IFUWOZ,2.8190997,2.0482175
HIJFIT,4.137491,5.073864
XINTAT,3.0797846,3.5200639
VOGJIL,3.23108,2.0740142
KUYKEX,4.074905,4.3318105
MASCBM,2.2661643,4.3207493
CNETPC,4.3513727,4.9992723
VOYBIX,3.5499976,3.4482832
FAWHOE,1.7989447,2.7118454
BAMYAT,2.8025007,2.3205624
JUTTEA,1.8696944,1.9432989
PUYBOA,1.3521338,2.2516744
DEQFUE,3.24523,3.296575
IKAKEN,2.0389493,1.9919457
ELUNUU,3.735035,2.7647784
VIVFEP,2.803589,1.9107103
AFOKOZ,1.8563608,2.7314537
ZIDLOR,1.572546,2.4049313
CEYJAV,0.76844954,2.4248176
FATQAW,2.7918882,2.1971107
ACUZUU,3.9908218,3.1987052
EJUJEB,3.1973379,2.4718544
VOXZEQ,3.4308116,2.7205062
FUTWID,6.3797097,4.4702997
ILERUP,2.1393592,2.3663068
ZOCBOI,3.1657727,2.9207172
YEDPOP,3.2593799,2.453961
HISZOA,3.044682,2.385986
WAJSOT,1.7464268,3.045065
LUHKUX,3.3116257,2.8811824
XURDOG,2.5249445,2.1127825
AGEPEI,3.659387,3.347853
FIRFUI,1.9986763,3.2323313
LAYRAI,2.2231703,3.2968235
UKUCOV,3.7652395,3.10734
SIKRIP,3.011212,2.7900863
AHETEO,1.9818052,2.3652382
PUVZUE,2.5633125,2.2343683
YEGMUU,2.9050877,2.5005012
XOTMEA,3.0620973,2.3588188
FUXYAB,2.9137952,3.2725277
ASINIC,3.49367,3.3913236
LOFKOK,2.97747,2.2940946
LUHHEE,2.069698,2.1824296
ROPWAW,2.9720275,2.418408
ERUWAS,3.4705403,2.3967793
YEQGOT,1.0525364,2.6346881
CIFHIM,1.8443878,4.3597627
SUWXAK,3.9872844,2.9420784
EKORII,2.898557,2.999687
JEDKUC,3.5442832,3.4209776
VOXREH,4.0993953,5.1076
JIQYOB,0.94151396,3.0687363
YORMOH,3.06373,2.4765542
FEHZIF,3.4468663,2.90431
YIHKEF,3.926603,2.8066
IPTCMO,0.60300434,3.3891904
VOYBAP,3.7244225,3.5035849
DOBLAL,3.106996,4.072661
WUYJAE,2.384534,1.9470206
FEHYIE,3.1649563,2.718931
QIMLEH,1.3475078,2.1364276
HEWYUD,4.4436193,4.897405
RATHOJ,3.6237402,3.5332868
MULTUL,3.28387,3.1360805
YASZUR,4.2642965,3.223892
SUBDOL,2.51406,3.7689219
ITOYUO,1.9888803,2.2536333
AXEMOI,3.1445477,2.536427
GOTTUG,2.394602,2.9073725
VILNOX,3.0082188,2.5007706
MUJJOT,2.9094415,2.8093677
JIBDAZ,2.8286235,3.426754
CIHVEX,1.8038428,2.144809
OSAJIE,2.554877,3.9145226
SUKJUG,2.0522828,3.0834258
IYABAO,3.0503964,2.7014031
WALYUF,3.69449,5.1135473
GASPUP,3.7410214,2.776694
QOSSOJ,2.329839,2.1785512
ALEKIO,3.037335,2.7543976
JITHUS,3.0607367,2.371808
ZAHTEL,3.0150216,3.1395974
CEMRAR,2.9309385,2.9015133
QESSAM,2.8623657,3.9603605
ASINUO,3.2199233,3.5848978
AJUPAZ,2.7853575,3.202642
RAWDUQ,1.5815258,3.009684
MEYHIH,3.2631896,2.9000642
TEHQEG,2.844134,2.2737732
RIPBEZ,2.7263088,2.1925385
ZEBJID,1.7458825,2.0196395
MUYRAC,2.984817,2.2212439
UBOXAN,2.8980126,2.287407
JINZIT,2.2234423,2.2349854
ELEVID,3.0871317,2.9537132
CANVET,2.9518912,2.467948
OCOHOH,2.506713,2.6784267
SUTNUT,4.416952,5.6814194
BAMTIW,2.8005958,2.330975
PALMUO,3.0808733,3.5632074
NELVUY,3.009035,2.2449512
JUVCOV,2.669437,3.121245
FARYEG,1.8277888,2.9726498
QESSIU,3.5124457,4.0896225
XOQPUR,3.201964,2.3599365
NAYCUL,2.5780067,2.1313777
ZEMBOM,3.46537,2.3160894
TUCGAC,3.3777494,2.4643886
RICDUG,1.9224844,2.4802961
LOBYUA,3.4841459,2.4299219
IKAFIM,3.718436,2.157729
VONXON,2.8082151,1.9963082
MUBPOR,2.9709392,3.5309443
FADFAV,3.0789683,2.4070807
BUWZIF,1.2242403,1.796298
DIDFED,3.0476754,2.6138902
DUXZIF,2.8136573,4.05582
CUVCOO,3.2874076,2.6365216
FEFHEH,3.187814,2.2544193
GEBXOE,4.1279674,3.045961
JUBZIR,2.6667159,2.9702096
KOVXIF,1.8345916,2.3522875
UDOJED,3.6773467,2.8060427
CPMAPM,2.8299842,3.3725085
GEXHID,3.4177501,3.0219483
CEYJOJ,1.0242366,1.7518547
RASKAB,3.5402014,3.33201
CERMEV,1.7241135,2.8202846
MIHWUZ,2.3935134,2.1321902
QUJWOK,3.2158415,3.683205
QATCOD,3.7606137,3.8468041
NEVMUY,2.9548845,2.2166681
BUKJAT,2.791072,3.3204412
IPIPIH,1.4884628,3.1717534
ZISDEO,2.9937968,3.6932392
PIHSEI,2.7475336,4.5201025
EHALAB,1.687378,2.5996385
ILESOK,2.8688965,2.926894
FAWJAS,1.6569014,2.6084838
SUWSUB,2.573925,2.4890523
QIRRUI,1.7891487,3.043842
YEKPIQ,2.35188,2.0841498
VIMBEC,3.3845522,3.0497596
EXADOZ,2.9625037,3.2455518
TEVJOW,2.798691,3.599451
NAJXAY,2.6648111,2.3990383
KUJSOA,2.987266,2.0901222
WUYHOQ,2.7573297,1.4730564
CEPHIQ,2.8220928,2.3216736
QAJKOF,3.5442832,3.7815368
VOXWUD,3.577481,3.4201908
CELLEM,3.0816896,2.4056277
XASJEK,3.6147606,3.522931
MOSGOQ,3.2147532,2.8202157
TEHSEI,1.9790841,2.3031473
TEDCAI,3.0898528,4.1215315
ISUHUC,3.1989706,2.4221718
RIFXOX,4.3459306,2.09326
OHIROM,3.0193753,4.104839
ZEYGIV,2.8955636,3.4064236
QOXXUZ,2.8400524,3.3703685
VOHNOZ,2.5244002,2.4528193
QUJWUQ,3.2210119,3.6857786
NELVEH,2.7355607,2.2442906
JEBVAN,2.5614078,2.7172418
BAPVAT,3.7176197,2.740951
DAJXUJ,2.858284,2.263773
RICDOA,1.8541839,2.5745735
ROBGUN,3.962522,4.6228952
CIXFOI,2.942367,2.3640823
MUJHUX,3.1317585,3.4539719
CEYLEB,0.8092666,2.1612482
RIPZAU,3.0814173,2.4433417
LUGFAX,2.9124346,2.3073802
LUSJIV,3.0218244,2.4958026
SAFVEB,4.8596816,3.1188674
GINHAQ,5.193837,4.1555023
XUDZAA,3.3271363,2.7634342
VAWBUT,2.5801837,2.2560287
XUDZOO,3.025634,2.5675673
KURROH,2.836515,2.6052957
LINMII,3.0022323,3.7494617
LINLUT,3.3282247,3.6006618
SONKAJ,3.9138136,3.2552652
FUXTOH,0.58776593,2.1891673
ZEYGOB,3.0923018,3.241561
RASHUS,1.1654637,2.6344645
LAKPAQ,2.4294326,3.1309302
INATAT,3.2147532,2.603809
ATUDEB,1.2226076,2.0157743
KUJSUG,3.018015,2.2090874
BAJNEJ,2.872434,2.2634022
VOWBAN,3.9883728,2.8557105
KEFNOC,2.7758336,2.3909442
CIYXUD,4.0585785,3.4697437
OCEQIA,2.793521,2.3707871
GACTIR,2.0914671,4.3779907
URONAT,3.058832,2.3256145
UZEZIK,2.4819505,2.279609
DOSWEN,3.6196587,2.5357249
CAQZON,3.0106678,2.4679067
IFUJIG,4.148376,2.6009068
SESWAP,3.2555702,4.473037
RASHAY,3.6359854,3.1772714
RESJIM,3.9962642,2.576849
VACCEL,2.2618105,3.8367524
MEVWIX,2.2805862,2.7531135
QUNHIT,2.2506537,3.1059008
HEYREK,3.689592,4.700238
BAYVIK,4.192458,2.6171029
LOFKIE,2.5233119,2.2306528
JITHOM,3.1954331,2.4887376
GEYMIK,4.5228047,2.8290355
AZUSIA,2.8435898,2.1737764
VOYBUJ,2.8857675,2.7576835
XEJGEC,2.8528416,2.0906465
TEHSOS,2.1848023,2.9140806
XASTAQ,3.1369286,2.6737206
JACSIT,2.8520255,2.1182055
ROXTUW,2.7208664,2.3549297
VUVNAC,4.323073,4.61259
KANYEF,3.0457704,2.29176
FEFHIL,2.5107946,2.3192334
UYIZIM,3.4427845,2.3485434
CAQBUS,2.791072,2.655338
XASVOG,2.531203,2.7775898
KUVLIZ,2.2974575,2.0279827
XESWUP,3.4370701,3.053593
OZALAF,3.413124,3.330301
EGUKOK,2.736377,2.6061356
ELETOH,3.3271363,2.8252873
LIJLOJ,3.8338122,2.5808237
VOXZIU,3.637618,3.2851841
DUXGOV,3.8300025,4.1977196
RUGLAJ,3.1001933,2.3465085
YEXZOU,3.4283626,2.4871926
MEJXUU,3.4177501,3.0107458
ALELAH,3.6849658,2.824521
VOXYUF,3.7143543,3.5575485
RIPBOJ,2.4321537,2.2448554
VOGRAO,1.3300925,1.6973467
HEBYOG,2.4014049,2.4886942
DARMEQ,2.327662,1.1008563
KIDFIQ,4.498586,2.739679
PALNID,2.0732355,2.832933
FOYSUK,2.9703948,2.7578378
PIHSAE,2.7088935,4.1962724
XUFBAE,3.047131,2.7564228
FAMYOL,2.3080697,2.6093302
ATUDAX,2.2737834,2.5612233
NOWWOO,2.403854,2.4652138
YEDHEX,3.1249557,2.4563994
HEDMIP,2.4395008,2.1303658
HIHRAV,4.0308228,4.755521
LUGJAB,3.9116368,3.7382889
YUHGAM,2.5023592,1.9249251
FEKGEL,1.1216533,2.2685955
XUTWAM,1.0375701,3.176642
ZOMFIT,2.7736566,2.1543865
VAJDIX,3.0909414,2.414212
TUSFEU,3.0835943,2.3766513
YEXZUA,3.4201992,2.6042037
HINJAS,3.147269,2.4917014
AWANOE,2.8493042,2.8298433
MUPLIV,2.635967,2.063473
YALNOR,2.3646696,2.0968683
ECELAD,2.9377413,2.6064112
KIJHEQ,3.9989853,2.3893547
GEDVEU,4.214227,4.8518853
JEBCEY,3.9848354,4.4533167
ACESEG,3.4449615,3.4449723
KUJTAN,2.915156,2.181012
FOWJAC,3.0272667,2.9519231
WEDHEW,3.6980274,2.7808738
LUHLEI,3.314891,2.8845096
DEMXOL,4.7742376,2.9677327
LUHLAE,3.7701375,2.885346
RIFYAK,4.158172,2.158006
SESTUF,3.8229277,2.7582943
GELYAZ,3.0261784,2.412898
BEHFUP,3.1075404,2.8837886
HEFZOI,3.4691796,3.2514503
QIRROC,2.026976,3.5473146
CUKRIM,2.7456288,2.1216989
CERMIZ,2.922503,3.0533466
LUVVEG,3.78075,4.3506765
PIXXED,2.1739175,2.4284065
BEGMOP,2.853114,3.3524458
RELZIV,3.0874038,2.454272
YOTBIV,2.8082151,2.265116
KUVMIA,2.227796,2.2991598
GIPQOP,3.1407382,3.4951594
IHEBAY,1.2109067,1.3679519
FAJGON,2.8446784,2.6514926
FIDFOR,4.0204825,2.761214
NORPOC,3.4596558,1.7292367
LARGUJ,3.0550222,2.2961245
ATEDOT,3.3761168,3.060794
LIMPIJ,1.7545902,2.7774332
CUVCUU,2.89638,2.6009436
TOVLIC,2.5208628,3.700033
HOCVOO,3.3282247,3.0344932
TEHSIM,1.7434335,2.4661837
MIJDUH,1.8136389,1.6652194
FAXQOO,2.4386845,3.616225
IDINIW,3.470268,2.0648837
ITOZAV,1.7211202,1.6878711
PILWOA,3.7056465,2.6468458
UMAKUR,2.4672563,3.519376
ZIKNOA,3.7393887,4.6322236
NOXDEM,3.0218244,2.4744897
JUQVID,2.440045,3.2132785
PIXVOL,2.1129642,2.6827981
FOZPES,3.2180185,2.09549
KASBUE,3.2389712,2.3852203
USAZEU,2.8952916,2.1384532
XASVUM,2.5322917,2.7803414
XUDZEE,3.309721,2.8473804
HEBGOO,3.1034586,2.4164941
ZUZBII,3.802519,4.959033
ASIMUN,3.876534,3.55261
RUSCIR,3.102098,2.5337567
RECVAA,2.6060345,4.0172935
KEWKUS,3.8210227,2.7520795
FAMTUM,2.1883397,3.0726173
XBECMO,2.6805937,2.0277772
NARPIJ,1.651187,2.368089
MODMIF,0.76191884,2.1395178
OQEGAV,2.9946132,2.5741427
HENQEA,2.5200465,3.2149642
CIXGEZ,3.2683597,2.6554837
OPAMAW,2.5703876,2.7467113
JOCBIN,2.8993733,2.609069
JISLIK,3.9804816,2.5014157
URONEX,3.1891744,2.4427347
SEHBOA,3.1483574,2.7293913
ETOQAH,3.59408,2.6100647
XIWBEO,3.5524464,2.763086
QIMWAO,2.9717555,2.5507212
COPROP,2.0996306,2.1274424
FUXYOP,2.8754272,3.3622277
BAJNAF,2.8955636,2.3442645
WOSLAU,3.7265995,4.247301
RAJYUZ,3.2133925,2.4681132
FIKQUP,2.985361,3.312721
HAQLUK,3.8855138,3.377717
DORNAZ,1.4906397,2.834973
JUMFUV,0.8933498,2.0132885
JODBIR,2.461542,2.1769633
EWORAM,4.1589885,3.7836616
RALWEK,3.988917,3.1515965
LEGFEM,3.9464674,3.3689177
FEVFIZ,3.7154427,3.5658135
RALMOK,3.5717666,3.2535102
XIWFAO,4.142117,3.6855803
AMOKIW,2.5834491,2.7095032
EWORIU,3.5581608,3.004522
RALMEA,4.148376,3.1260376
REYVAW,2.5301147,2.7960844
PIBMUI,3.0288994,2.829939
AMUCAM,4.736686,4.933719
EWOSOB,3.090125,2.7699842
EWOTOC,1.0155289,2.6585782
AWUSIX,3.7442868,3.308405
RALXUB,4.007693,3.4370604
FIKQID,2.9712112,2.7323618
LEFWUS,2.6419535,2.7659209
EWOROA,4.2316427,3.3704195
PEKNEA,2.7733846,2.6489654
FIKQOJ,2.3556898,2.9375849
EWOSAN,4.0226593,3.2466774
UBUXEY,3.7777567,2.9819882
ZAYLAQ,3.6716323,3.0783887
EWOTIW,3.006586,2.6418607
OQITOA,2.9505305,2.7972066
MOWBAE,3.372579,2.9131045
LEGFIQ,3.8060565,3.318057
RALMIE,3.9949036,3.4646251
PASKAZ,3.5380244,3.371984
RALYUC,4.276541,3.750866
EWOFUU,4.1807575,3.68368
HAQLOE,3.68034,3.246128
LEFSIC,4.2716436,3.8659964
OQIFAY,2.1431687,2.1769724
EWOSIV,3.737756,3.1051612
LEGGIR,3.663741,3.1936867
RALLUP,3.9856517,3.262507
DIHCON,0.946412,2.2238905
MOWBEI,3.5143507,2.6881518
RALWIO,4.4751844,3.8435082
ZURBET,2.523584,2.9174354
RALVUZ,3.7791173,3.3860235
HAQKOD,3.0414166,3.2792888
LEFWOM,2.7069888,2.7004867
XIWFOC,4.079531,3.5916712
OQIFEC,3.3918993,2.6902962
RALROP,4.271099,3.8734415
RALWUA,3.7845595,3.413761
SEWPIT,1.054169,2.8410492
JUMGOQ,0.87430185,2.3320918
MOWBIM,2.2120135,2.4410424
RALXAH,4.030278,2.948025
LEGHEO,4.5755944,3.7434216
RUSQEB,1.854456,2.5973408
FIKQEZ,2.7211387,2.5459037
ZAYLEU,3.0667233,2.600021
RALYIQ,3.998441,3.3594012
QOSJIR,3.047131,2.613266
BEXXAH,2.270246,1.8358089
TOMHEL,2.647668,2.2883246
FUVPIY,2.437868,2.2650127
TUQQOM,2.850937,2.7621334
TEYRUK,2.9929805,2.3499477
ADAMAX,3.3369322,2.9133182
NODMEC,2.550251,2.4449272
FOVFAA,2.6139257,2.262764
ETUDAB,2.743724,2.870433
SALQAX,3.9347665,2.7878647
XUPYIT,1.5828863,1.7913127
QALSUR,2.5897076,2.4806793
QISQES,2.2386808,2.2863402
AZINON,3.7559876,3.2436404
SUBQUB,2.0857527,2.1230927
ZERLIV,2.3241246,2.182334
FOVDUS,2.7731123,2.2498486
BACLEY,3.1295815,2.7688909
MIDMES,3.510269,3.0139475
ZAWGUD,3.1842763,2.1616204
QURHUJ,2.444943,2.114874
MIZTUL,4.529063,3.1821995
HIKLIX,2.3355532,2.0179598
MUGJUU,2.6210008,2.521645
DUDFEQ,2.633518,2.179999
UPAWOA,3.302918,3.0636313
CIVVOW,1.9929619,2.0092783
GASSEC,3.6800678,2.5848053
XIQGIR,3.5524464,2.7097743
RAGHAM,3.725783,2.6000042
WIKNAJ,2.7186897,2.281744
DUDVEG,3.5791137,3.1223838
UDUDUU,3.1320305,3.034165
OCIHUH,1.7393517,2.283553
LUTHUG,2.158135,1.9719698
JISGIF,2.311335,2.2697206
BAHDIB,2.8680801,2.4811115
IZEXUJ,2.5263052,2.459649
MITMEL,2.7322953,1.9638307
REXVUP,2.8087592,2.3426256
MITMIP,2.7516153,2.0276206
ULIJEH,3.068628,3.0654886
CENXAY,2.5801837,2.0975974
GAKHAF,3.0332532,2.2782974
AFAFIA,2.9222307,2.0350146
UFOSAJ,3.410403,2.4881377
TELQAG,1.9445257,1.9931484
UPAXAN,3.0046813,2.8257256
MUBGAU,2.8120246,2.347796
JEXFEY,3.4765267,2.725676
JIPPEH,3.3810148,2.9774942
VEGYIT,2.2482047,2.0692601
BUKGAS,1.9902408,2.2866588
PEXSUK,2.329839,2.2421212
NAMCIQ,2.6971927,2.3922954
ULEQOU,3.5821068,2.5489378
FUPGEF,2.7943373,2.370936
TAWNAI,3.185637,2.5539865
RUQPAX,2.1477947,2.226443
BICHAA,2.877604,2.26371
EMAQUF,3.168766,2.6372318
ITINOR,2.3097024,1.9456012
IDIDUY,3.8868744,2.884712
FUYKOC,2.7540643,2.3498898
ZIGWUH,4.144022,2.4858599
SAZJOW,2.7486222,2.6709974
HOTTOC,2.2882054,2.5232956
UKEYAN,2.404126,2.2325656
SIYPIB,2.7807317,2.6493492
OZOMAT,2.311335,2.4610043
IZEXET,2.5624962,2.6327744
XOCDEC,2.2343268,2.5060387
OBOJIC,1.1880491,2.1876717
UYINOI,2.9535239,2.2482421
KIWWAS,2.188884,2.8319283
QAPTAD,2.138543,2.2156024
DIHDUW,2.8737946,3.1494849
XEHZAP,3.4991121,2.619739
KAVFIA,3.1657727,2.7721567
RUWBAP,3.1053634,2.425716
KEVDEW,2.8620937,2.6079812
JEGKUF,4.26348,3.977767
BUVWOH,2.2003126,2.5920136
TUMKAO,2.9616873,2.2027483
CIXJEC,3.3894503,2.69413
FIQXAH,2.8522975,2.8055108
PAZBAV,3.118425,2.7030423
BAHGUQ,4.9606357,3.9566126
NODKUQ,2.5110667,2.737259
PEKMEB,3.7625184,3.22032
OSEVAM,3.3676813,2.4598398
YODYIC,2.944272,2.6031728
ISUYED,2.0101051,1.9530114
DIPHOD,1.8454763,1.7742481
WOCGAA,2.3450773,2.5354822
KUDXEP,2.7565134,2.5528808
XAVJUD,3.5031939,3.0082126
AWUHIM,2.9976063,2.4854357
ZICFAW,2.442494,1.9610858
JUFDIA,2.3799078,2.2289438
CUKJIE,3.9853797,2.8897655
FAPDIN,2.2354155,2.4713368
TOVTEF,3.0819616,2.959438
ENIQOK,4.4106936,2.9983215
WEDTEI,1.7167664,2.0094566
MOBLEY,2.4816785,2.611201
BAHDUN,2.963864,2.6479833
RAJYOU,1.9894245,2.2685475
XOZVIU,1.8917356,1.9196947
AJOBEI,3.1872697,2.8138633
VIQNES,3.2063177,2.7214682
PEBCUY,2.6427698,2.0911112
DAXTIJ,3.1083567,1.8429985
KUFQOU,2.9056318,2.6425498
AMIGOV,3.1170642,2.5907228
UYINUO,2.9886265,2.3274384
QABFEI,2.043303,2.5481043
ZOWZOD,2.0185406,2.5386727
PURJUI,1.7913256,2.2500975
OQOLUE,3.0708048,2.8447294
GUQGAD,2.401677,2.3687367
GUJDOH,2.0631673,2.4817524
YIMLEL,2.4724267,2.7173216
TOTVIK,2.5807278,2.3641596
GARVII,3.2433252,2.618391
CUKJOK,3.7206128,2.8654234
XUWTAN,3.1962495,2.5902436
XUPFOG,2.527938,2.6851227
XEVHUB,3.415029,2.612778
QURJEV,2.5706596,2.4566343
QOSZIK,2.934476,2.511602
ZIJHUX,2.7407308,2.5599198
XEBHOE,3.2193792,2.4524236
XITRAV,2.8971963,2.6199586
ICETOD,3.0672674,2.5435612
MEYZIC,4.242527,3.68816
BOYRAL,4.191642,2.8467824
WUZKIO,3.242781,2.3861446
FOSHUQ,2.4795015,2.0063148
LABFUT,3.943202,2.9254997
QOVHAN,3.0865874,2.4686632
RINZEW,3.2305357,2.82647
IGEMOY,3.2103994,2.6917727
SEJKEZ,2.855563,2.9996357
JAYFOH,2.8550186,2.771718
KEXKAC,3.8008864,2.970935
OHUQIU,4.0607553,3.577357
SALQIF,3.364688,2.5456228
MUDRIP,3.1489017,2.7483416
YOYMOR,1.51513,0.6008346
MIXTAQ,2.9312105,2.7067957
QASZAP,3.536936,2.767265
DUCZOT,2.8131132,2.3457327
FUMCAS,2.1875234,3.0208242
ETOZAR,2.7807317,2.3123705
WOMMET,3.0011437,2.282798
RIVPAR,2.2732391,2.1413372
XEBGOD,3.3548918,2.5952594
KIMGEU,2.917877,2.3609648
DILYIJ,4.2272887,3.1524005
GIPQUV,2.9170606,2.3712354
EJEKEL,2.9314826,2.456919
HOBBEJ,3.223461,2.607232
QABGAF,2.081127,2.7677584
UCAWAW,2.8030448,2.6304073
PAJZIN,2.0522828,1.7065111
LIFCAI,1.8566328,1.5418876
COCLOZ,3.3499937,2.906556
PAGLUI,3.0171986,2.4498084
ROVVUV,2.9946132,2.5660176
UZITAB,3.085771,2.777669
IFOQEC,3.1480854,2.6989734
NODKIE,2.5622241,2.5710077
UKOYOL,4.760632,3.683831
SOBTOS,3.6991158,2.6490119
BIPBAH,3.637618,2.9985156
WEKCOI,2.576102,2.4176927
XAQJOO,0.21360938,0.6784792
QOZBUF,3.0923018,2.868846
MAXDEU,5.7845964,3.8657067
OHUQUG,2.6367834,2.756142
AFAFOG,2.9916198,2.3358998
NEMCAN,3.5399292,2.904304
OBOBAM,2.5399108,2.1355515
SOCSEM,2.989715,2.2754202
ENULIL,2.2909267,2.210898
FELGAI,2.430249,1.8443711
EPUFAZ,2.8297122,2.3234887
MUBLED,3.4563904,2.806651
DICTUG,3.4923093,2.6697788
YOSROQ,3.711089,3.4490397
MUTSAY,2.487937,2.3456862
MUFCEY,3.080601,2.7460504
ZETMAQ,3.0909414,2.2308187
PUPRAW,3.168766,2.4952555
QARREK,1.7921419,1.9193448
QOFQUB,1.8490137,1.7524735
QIPHUS,0.2160584,-0.77247524
NUDNIM,2.8133852,2.7164254
MAJREU,2.428072,2.3033292
MAYZEV,2.8242698,2.654098
DUHTUY,2.7059002,2.4842944
BOHRUP,2.4288883,2.1024797
IDEPEQ,3.7690492,2.8667626
DAQGEL,3.0536618,2.5085208
WOZYIW,3.1752965,2.4731026
EKUGID,3.472445,3.115752
NOVHOY,2.3673906,2.1861176
UZISII,2.7693028,2.6452234
NEBQOB,3.4642816,2.6627848
ZUVSEO,2.9565172,2.6907463
REKYAK,1.5260146,1.6916729
NEZQAO,3.2030523,2.7272716
SIZVIJ,2.440045,2.5251064
EJACEX,3.290673,2.0511765
ZEGREM,3.3159795,2.4564123
TIVNIY,2.3151448,2.3903909
TASCUP,3.5263236,2.7044444
EGAYUH,2.5513396,2.221239
FEGQOB,3.1924398,2.637184
RAVNEL,2.27977,1.9130632
CEFXIY,1.9075181,2.620243
WAYKOA,2.4971888,2.1523108
PACVAU,2.286845,2.4991286
TAGTII,2.208476,2.6922681
MELQED,3.572583,2.7273011
IVOXAV,3.310265,2.7223
YIWMOK,2.9450884,3.225359
GEKQIA,2.3257573,1.7898331
XUXREQ,3.1004653,2.7407312
JISXOC,3.3309457,2.8730242
NERZUF,1.498531,2.1458595
SEYHAH,2.9274008,2.354067
TASMAD,1.8400339,2.7688258
YEDWEJ,2.9404624,2.6756997
IBECOL,3.2269983,2.6191587
XAJRAF,2.8789647,2.6387615
OKAXAC,1.6098256,1.8932574
MESHIF,2.0582693,0.89466166
TEMNOS,3.2090387,2.502975
JUJQUD,3.0215523,2.674521
LAYWAN,3.1010096,2.7752721
UDUDII,3.1559765,2.7704027
BOCMOZ,3.415301,2.60748
IVOXEZ,3.3225102,2.6516411
ACAKIC,3.35081,2.6854136
KUYXEK,1.8049313,1.9280262
KISRUC,4.214227,3.1611924
OCIJAP,1.804387,1.985807
LUXYEL,2.7420914,2.7403061
MURZOR,3.1176085,2.036303
JAZBAR,2.143985,2.4125447
DEFKEI,3.5665965,2.7844682
USATEQ,3.9891891,4.0261583
JISHOM,3.0199196,2.4750886
JUVHOA,2.8702571,2.5700574
GOTCEA,3.1173365,2.8596802
XUDTAU,3.6139443,3.3411694
JUBLAW,3.305367,2.8028286
VAPLIL,2.1804483,1.5856854
JAYZES,2.3450773,2.1611948
NUNQUL,2.9290335,2.3797865
GOXBED,2.8000517,2.2252302
BEHYUM,3.166589,2.2172086
SUKDOU,1.195124,2.0196743
IZEWAO,3.3382928,2.683026
ANUCEU,2.9910755,2.5658011
OHOHIF,2.8569233,2.5228283
CEYXIR,2.2024896,2.192544
DUVTAS,3.2544818,2.3054252
QIFBEQ,2.4740593,2.5335736
PEXTAR,1.9273825,2.143383
FIZFEC,3.207406,2.5160236
IVOXID,3.274346,2.6489499
AWALOC,3.5532627,2.9082193
SEVZEZ,2.5314753,2.3691537
FARKAO,3.4591115,2.5568037
VOGQOY,3.0155659,2.4796586
SOTDOW,2.4645352,2.3690257
JELYAE,2.8574677,2.4225953
UZAYIG,3.4694517,2.9999604
RIVWEY,3.190535,3.228218
CERDAF,1.431591,2.412713
MEFKAN,3.859663,2.5431693
SODVAM,1.8310542,1.8501885
RAJZUB,0.5129346,1.3795698
RIVPIZ,1.9050691,1.3794508
WUBCAA,3.578025,2.7595675
UKIRAK,2.0607183,1.9591608
TUBNEM,1.8539118,2.4660249
LEWPOV,3.1611466,2.8041658
TOTVEG,2.511339,2.265347
UDOCID,3.7225177,2.6394424
ITAGES,1.899899,2.4243639
OZIVUQ,3.4999285,2.8866436
NUBSAH,2.2356875,2.3721428
NUDNAE,2.9782863,2.4976578
DIPLIB,2.3184102,2.3284082
SOJMEK,3.9252424,3.223191
QARRAG,1.7037048,1.7824572
NUDMUX,3.1026423,2.406976
KIWWEW,3.0237293,2.9082081
XUWTER,3.2223723,2.5748918
EDOFUA,1.9698323,2.1724966
NOPFOQ,3.1548882,2.667121
NUNQOF,2.920598,2.603872
KOQPAK,4.2115064,2.8788068
BERBAF,2.3102467,1.9777371
QESSAL,0.3477615,2.2666748
QARSAH,2.7459009,2.4187179
ETUDOP,2.2228982,1.810226
QETCAX,2.9342039,2.2529483
CECXER,3.2542098,2.7590344
ODAQET,3.615849,2.753289
NIRFUT,1.3796173,1.8756472
FAVWIK,2.984817,2.8702903
NINFOG,3.0898528,2.4409156
NODKOK,2.5703876,2.6313791
FIMMOH,4.8395452,3.7259045
IHEMUG,2.4199085,2.1532514
MIXSOD,3.0577435,2.75465
HAFJIL,2.7486222,2.2419052
SUHLOX,2.681682,1.9756777
IRIDOF,3.2495837,2.6974308
LUWFIS,2.884951,3.0049455
YISWEC,3.1440036,2.8829238
IJOWOW,2.7012744,2.3981314
FITLED,2.3407235,1.8031552
SAKWEK,2.9652247,2.3003826
NUCZOD,3.2795162,2.776432
CUSTAL,0.30313483,2.3224745
HUBFUI,1.9140489,1.5544547
JAFTUJ,3.1850927,2.6702075
OSUDUE,2.4133778,1.5282147
TOXWAH,2.8291678,2.6445515
REBMAQ,3.608774,2.9760861
QOVGUG,3.0767915,2.4881124
DETDIT,2.430793,1.9974062
WUMRII,2.9782863,2.5687683
DOCRAS,2.3129678,1.9079019
BUVXAU,1.9720092,2.5771785
SUKKAN,2.9739325,2.3256888
RAVNIP,2.4656236,2.0089402
UNOFEL,2.9616873,2.9532986
HOBRAV,3.2283587,2.55616
NELXOV,2.8294399,2.911872
USATOA,1.9986763,1.9120079
COCLIT,3.4313557,2.95492
YANCAV,2.0043907,2.1907852
LATXEN,3.8795273,3.2894077
DAFYEP,2.960871,2.8624356
SESBAX,2.9845448,2.004994
XAVZED,2.1763666,2.3197715
ISUQUL,2.0413983,2.4179003
ICADUP,2.0008533,2.3059363
POMGIL,3.5304053,2.7195942
UMEFEA,2.4291604,1.9410937
LAMDEM,2.645491,2.5415263
CUHPON,2.3167775,1.801729
GEBCUP,2.2171838,2.47828
OMIJEC,2.2473884,1.8715084
KEGTID,2.447392,2.2729921
IFANIQ,3.3021016,2.7866256
QELBAO,2.1575909,1.3547921
XETRIX,3.1393776,2.7600176
ATIFUH,2.5458972,2.600336
XUNLIE,2.5252166,2.7836998
RAGHEQ,3.5459158,2.4269462
OMORIU,2.690662,2.1910305
MUXSAA,3.0942068,2.0892625
SEPCUP,2.9527075,2.7309837
IPEJIZ,2.8591003,2.465143
IZEXAP,2.5298426,2.5498793
KUGKEF,2.2686133,2.2076912
VAYVIE,2.6090276,2.2373443
JIPPOR,1.9888803,2.2294087
AHEJUV,2.9625037,2.1219234
HUNSAL,2.3965068,2.4496002
LOWTUP,2.2794979,1.904616
EZIRAI,4.3530054,2.9196603
QEVPEQ,3.180739,2.773113
MAJRIC,3.1249557,2.4085076
OMOROA,2.6683486,2.0968328
JEGLUG,4.3657947,3.5483108
RUWJEB,3.7012928,3.6037486
XUMTAD,2.9957016,2.1851003
UPAWUG,2.999239,2.8253472
UQOQUP,3.1918957,2.6823304
RUWJUR,3.713538,3.5748398
XINCON,2.8079429,2.4949484
GIRPOQ,2.9157,2.0657504
EMITOM,3.7802057,2.1067173
JISGOL,3.0569272,2.545642
DOZXEX,3.4982958,2.4343004
RINZIA,3.0550222,2.7656567
NUCKEE,3.2057734,2.6178162
FEWGUN,2.4049423,2.5386634
JEFVOI,3.5023775,2.6759024
CITSAD,2.8675358,2.6500425
OMOBOI,3.9878287,2.9807568
QATGIF,1.7099636,2.1369
MUNFUZ,1.8340474,2.3976524
SETMUZ,3.2950268,3.0287325
WIRHIO,3.2030523,2.5258749
ECEZIZ,2.958422,2.165557
IPEHUJ,2.9167886,2.1496382
PUYJUQ,2.5042639,2.020226
AKORIC,3.102098,2.637843
TIHBIX,2.6520216,2.6942542
IQOYOF,2.4288883,2.0118053
IRICUK,2.5241282,2.5735013
KOWYON,3.331218,2.5948613
TURKIB,2.4849439,2.2248683
JUVGIT,3.096928,2.6865401
UGOHAC,2.8098478,2.1994271
TASDAW,3.534759,2.6735656
IBAZAQ,3.4931257,2.553228
ROYJIB,4.203887,3.792637
ROWDAL,2.4076633,2.0969002
FUPGUV,2.752976,2.2683382
QUCDIE,2.882502,2.5746195
OGUBUQ,2.4814062,2.3672884
AHELOR,2.9671295,2.8311443
VUZROA,2.0299695,1.8354177
GIRPUW,2.7203224,2.0394692
UJARUV,1.9586756,2.0944695
FODBIJ,3.9094598,2.9068
NUQXOP,1.9779956,2.003982
GOBJOW,2.0879297,1.7982434
KETVAI,3.2574751,2.24455
FUZSIF,2.696104,2.1264648
JELYOS,2.4438546,2.231634
CAJDIE,3.204957,2.707866
VIXYEK,1.5728182,1.9778233
PEBCOS,2.3714724,1.6903675
UPAMEF,1.7649305,1.5420297
VEWWON,2.339635,2.086444
IDICEH,3.2865913,2.7475207
RUPGOA,1.9472468,2.239756
OGEPOJ,2.679233,2.4089317
QUGWUN,3.9519095,3.0702925
YEWWIK,2.3956904,2.522241
MUBLON,3.4240088,2.857693
ZAXWII,3.2936661,2.6653488
LABHEF,4.010142,2.9789743
AVICIT,1.2416556,2.4371715
XITQUQ,2.7902555,2.2828314
AWUHUY,2.5420878,2.223161
AGIQOZ,3.5453715,2.9642398
JUWKIY,3.1083567,2.4522707
COHHIS,2.0833037,2.1143813
UCOJIJ,3.101826,2.525704
PERYIX,2.3652136,2.0325663
IMANAO,2.3581388,2.2112453
QIMPOV,2.2501094,2.042717
NAJXEC,3.3657763,3.0269618
BOCNOA,3.161419,2.6978803
OGIVOS,1.6906434,1.8653876
HUDDIW,2.1537812,2.179885
TEYKIV,3.417478,2.6567645
IRICOE,2.5246725,2.428197
XEKHAW,2.6903899,2.4296281
WURFOH,3.6319036,2.8728397
SAJKIB,2.6898456,2.455161
DOHPEZ,2.6912062,2.5359128
LABHAB,4.0071487,2.9736965
MEFDEK,2.9437277,2.7713618
ULIROZ,2.5159647,2.786025
MECHIP,2.9578776,2.4291365
WUVKEG,2.793521,2.661953
MURPAT,2.1260257,2.6900687
KATSOR,3.1083567,2.7860148
GASSAY,4.1600766,3.5186791
EDEXIY,2.365486,2.4479942
VIKNEJ,2.9241357,2.0280943
DENQIX,4.05749,2.5669787
LAMDIQ,2.7246761,2.5139792
NIPTUF,2.1744618,2.1718345
CIQBEN,2.3548734,2.1623538
ZURLUW,2.8520255,2.3704689
WEBHOE,2.9238634,2.5080192
IVEFAS,3.0555665,2.7311323
QEYCOQ,2.7303905,2.5242667
FUYYIK,2.753248,2.4085233
MUJKAG,2.592973,2.2422364
SOPJUD,3.0520291,2.7712586
TORMUI,2.2171838,2.2643473
EDEWAP,2.3788195,2.5711186
ALEKEK,3.2280867,3.1439517
KOYZUW,1.7583997,1.7235969
SAFJOB,3.4468663,2.6266098
XEFPUU,2.4705217,2.1341045
QIDZOW,2.205755,2.0362194
DEDKEG,1.5872402,1.1009011
IJULEH,2.6054902,2.4480667
NAMRUR,3.2177465,2.4498744
MIRMEJ,2.597871,2.6383257
IDIRIA,2.9233193,2.3377826
OGIVAE,1.7924141,2.0481827
DAXVIL,2.78182,2.6674628
CIXHUQ,3.1723034,2.7084324
AXUQAO,2.7088935,1.8241018
LOBKOD,2.7570577,3.1187346
KIMKOI,3.2106714,3.1551094
PUPROK,2.4223576,1.9892075
MAFDUT,3.5450995,3.0023663
XUMTEH,2.2389529,1.9869783
TAJLEZ,1.7020723,2.8148515
RIWZEG,3.140194,2.9256177
RAZJOV,2.1905167,2.2904754
TIBLEZ,2.229701,1.9987292
IHEKEO,2.4196365,2.1515765
WUBFIL,2.0280647,2.3652875
KULPAL,3.2327127,2.6096857
XIYKIA,2.9957016,3.1215186
LALPEX,0.85743076,1.7795149
HEPWUV,3.252849,2.5040016
VAYVEA,2.4103847,2.0641932
OHICAL,3.2416925,2.5410082
CAFNEG,1.7929583,2.5263395
DUDDEO,2.913251,2.1158965
ZETLOD,3.366865,2.3073463
BENZAX,1.6245197,2.0203815
VOWTOT,2.8142016,2.4334855
COGXUS,1.2002943,1.4701033
REXWAW,2.5039918,2.1825004
XAQDUS,2.076501,2.210058
WONVON,2.3638532,2.6570983
AFEKUV,2.315689,1.649456
SUKDUA,2.428072,2.117831
CUTNAJ,3.192984,2.7930393
RUVZUG,2.927673,2.5280826
LUCXOZ,3.3249593,2.4032922
QAZWOH,1.9355459,2.0650213
JUZXOT,2.2114694,2.1601763
EDEXOE,1.8062918,2.0841105
VENQEO,3.3143468,2.1043456
QILYET,2.2141905,1.8449606
WEKDEZ,2.36603,2.424549
JUBLEA,3.9230657,2.4996057
JEGLOA,4.562805,3.8269103
GAYBAJ,3.7451031,3.2297
OTEWUI,1.0168895,2.4371514
QOBQUX,3.1529834,2.5806577
KOQNUC,3.2713528,2.4578989
FOVKAF,3.5192485,2.446157
VUCNAL,4.344298,2.7750833
QAMHAO,3.3255036,3.188612
ZOXBAS,3.9230657,2.9796805
OWIZIE,2.4512017,2.2758758
ROKXAT,2.7469895,2.3413262
NOVHEO,3.0340695,1.8356247
ACARUU,3.1543438,2.7069623
EXERUX,3.4852343,3.0467699
VIGRIQ,1.3377117,2.0180576
AXIREH,3.1480854,2.8692183
XUPFIA,2.7965143,2.8022559
SUCSAN,2.693655,2.3885171
UMEVIU,3.2523048,3.0507119
RURJOD,2.944816,2.5326967
JELZAF,2.7137916,2.3105469
WESYIF,3.5053709,2.240069
FARPAS,2.609572,2.616747
FUJTAI,2.0392213,2.292551
ALILOZ,2.9404624,2.1627054
KUNJUB,2.222082,2.010188
OYUDOE,2.0628953,1.888967
REWLOX,3.0773356,2.6212466
JEGLAM,4.019394,2.9902241
AHELIL,3.1099894,2.8374743
BOXTEQ,3.42673,3.2130685
JUJBIC,1.6813916,2.4704335
MAYZIZ,3.0509405,2.6473734
PERYOD,2.4430382,1.9405122
QEFDIR,2.7137916,2.4679003
XELWUG,3.453125,2.6229322
MOMXER,2.2860286,2.110356
NIGFOC,2.2724228,2.6449013
REDRAV,3.4898603,2.7085426
PYTPRU,2.4536507,1.9637408
CUPPAH,2.8947473,2.2182446
YOBGED,1.9850706,2.3402512
MUNQOE,2.1257534,2.318314
VARBAV,2.8669918,2.820285
APOSED,3.4931257,2.6766644
LUNBUU,3.9274194,3.1016858
QUGGUX,3.9293242,2.983307
MEYNUD,2.2737834,1.9049361
ERAPIZ,4.246337,2.881837
QURJUL,3.0476754,2.3614428
KELRUS,3.3543475,2.6529567
QALSAX,2.3415399,1.8638356
EMABUS,3.1984262,2.7029028
JIWMEL,2.9426394,2.42765
ISUYON,2.3790915,2.3593981
ARIVOP,2.5916123,2.2443428
WAHPON,2.7072608,2.6806743
HURYUR,2.8626378,2.093742
KAVFAS,1.8628916,2.8193552
RUPZIO,2.4422219,1.9432414
ZUPYAN,1.8748645,2.3925142
BIJJAJ,2.9350202,2.477084
BUVXEY,2.007656,2.5751567
PAHTAX,3.919256,3.2187085
UBADEK,3.821567,2.8421907
JABHED,2.148883,1.9569626
LETGOJ,2.3641253,2.5471458
UMICAW,3.0950232,2.5151224
HACHEC,3.735035,2.8841507
CIVVEM,2.3796358,2.289931
HACXOC,2.9902592,2.3003135
TOXVUA,2.8054938,2.705708
AZAXUX,2.788895,2.4129531
ADASUX,2.2476604,2.1672754
YUFDUB,3.701837,2.875089
QOSZEG,2.9976063,2.5531573
OMEGUL,2.6645389,2.1947358
WIYVOT,2.320587,1.7377455
SANYUF,3.183188,2.687185
KACJAC,1.6073766,2.26276
DENQUM,1.8438436,1.5045923
VERXOJ,2.5673943,2.3807352
LABFED,2.8574677,2.7347014
ADADEO,2.6664438,2.213122
UNONET,4.775598,3.2765937
GUVXUT,3.9834747,2.7361238
QICXAF,1.8446599,2.034495
SOTPRU,2.5657616,2.9183507
HAPZOR,2.1788156,1.9208567
EDEVUI,1.2759418,2.0319343
MUDREL,3.1086287,2.795684
LATXAJ,3.7989817,3.286769
JIQWOZ,2.9597826,2.4777253
VEWTIE,2.246844,2.0849175
MUPVAX,2.1643937,2.7747982
ZUWSAN,3.4754384,2.7651
BIWBOC,2.604946,2.189671
RAVNAH,2.3720164,1.8712112
XAMXES,2.200857,1.7791518
NAGTOI,1.9758188,2.014266
ADOVOI,3.1921678,2.6059117
WIYVUZ,2.313512,1.8016926
VUPYAJ,4.5274305,2.891932
WOHJEL,3.2318964,2.5566826
TOBVEL,3.2142088,2.8730652
RIBKUL,3.0656347,2.2574923
ODOZAM,2.6471236,1.9273441
MALCAG,2.10344,1.7029606
OGAZAZ,2.4174595,2.009962
GEXQOT,3.037607,2.569364
SOZSEI,2.6555593,2.1460662
IVACIU,3.0305321,2.5837274
CEMJEN,2.7448125,2.2220976
DURBAW,3.1995149,3.0738044
XOLDUA,3.2038686,2.3301177
FOVFEE,2.224531,2.285357
GAVDIU,2.7211387,2.2709193
DUHDUG,3.9657874,2.7131855
MAKTUO,1.9047971,2.0516102
QEFREA,2.4019492,2.393889
IBAYUJ,3.3932598,2.689303
ILOMUU,3.5023775,1.9348131
JEBVOF,2.5396388,1.9237444
PURJOC,2.5448089,2.5412064
ENESEV,3.1480854,2.697848
JIWMIP,2.881958,2.5320675
EXANOJ,3.7660558,2.7590432
FUPGAB,2.660185,2.2747347
MAMKAQ,2.1883397,2.7351665
FULFOK,2.5937893,2.6472714
ZUWROA,3.120874,2.561426
MUCWIT,2.4751477,2.3580084
CITSEH,2.0261598,2.1555438
KOWZAA,3.4395192,2.2075005
XENWEW,3.5140784,2.626679
ZUWRIV,2.143985,2.028805
IVOWUO,3.2509444,2.7097404
TULNAS,3.3246872,2.2566738
XIHBOJ,4.241983,2.9826164
LEVXAP,2.9494421,2.7886353
PACSUL,2.2816746,2.4002776
IWUVUU,4.027829,3.5829399
RUCYUM,2.545081,2.2863538
SAKJEX,3.6313596,2.5799055
GOXBAZ,2.2427626,2.1759233
KADQAI,3.7314973,2.7977283
DOFBAF,1.6490101,1.824695
IFUJUS,2.495556,2.4530258
BUVWUN,2.8245418,2.7871404
DISHUM,2.1252093,2.262721
LAWLAA,3.8615677,3.2432294
ACAROO,2.9431834,2.7975342
TESNEN,2.7839968,2.617701
MURZUX,3.0060418,2.255913
MOSLAH,2.8161063,2.740203
LINDEV,2.9899871,2.3296719
REDQAU,3.3578851,2.998186
ZEGXAO,2.7954257,2.2757604
AHEPIP,2.879781,2.3568711
IXECUK,3.680612,2.6464472
EFAYET,2.4773245,2.451037
QIDZUC,2.210653,1.6664928
YASNUF,3.3894503,2.0831275
ZOCGUX,2.6174634,2.1273012
DOHJOD,2.6928387,2.4880946
USIQUL,1.7526854,1.9650834
ENOFIZ,2.710254,3.0095825
RUJMER,2.5132437,1.9423366
CAHGAT,1.5420693,2.1205728
ENULOR,2.1570466,2.1606772
USIQAR,1.7624815,2.022767
JUCPUV,2.2732391,1.8807813
ZUKPON,2.8452225,1.8804154
NODMAY,2.5491626,2.486442
ICENEM,3.7168033,2.6893356
ATESOK,1.3994817,1.8104781
COXLOT,2.0125542,2.2855742
TUKYUW,2.3194985,2.427033
WEQLEN,5.173973,2.9364533
NUDBAS,3.1181529,2.66839
NOVPUM,2.5233119,1.7609868
DIZGEC,2.3929694,1.8033129
SILKUX,3.4765267,2.6110134
JAZQOU,3.7418377,2.687812
ZACPIG,2.119767,1.2667977
RAJRIF,2.7059002,2.3421934
XIKSUJ,2.671614,2.2725217
IZEXIX,2.511883,2.1414194
OSUHOC,2.4209971,1.6026946
PAPQUV,2.7967863,2.2490418
OMEGAR,2.8593724,1.9790425
XAQDOM,2.1159575,2.2666576
YADGOD,0.99158293,2.2227125
NOVHIS,2.6253545,1.796324
FEWHAU,2.1929655,2.3185573
ANOZEL,1.93092,2.2309833
UVIGUE,2.446848,2.1287203
PEBCAE,2.1448014,2.2279038
OSEVEQ,3.408226,2.3606863
SANZIU,3.152167,2.6824586
QOBQOR,3.9989853,2.704108
XOZCOH,3.0427773,2.437741
TEMKOP,2.5151484,1.9183785
ALUVUB,2.3760982,2.11697
ZIVPUT,1.8204417,1.9654708
FUGBIV,2.6912062,2.5287113
QOSMAN,1.6601666,2.5536923
SAMMAY,2.0506501,2.360205
MAKMAP,3.2155695,3.10756
CUMPUY,2.4267113,2.3681269
KALGOX,3.4705403,3.0182216
APIYUW,3.229175,2.9842844
ISUXIG,2.2359595,2.1994607
CIQBAJ,2.2209933,2.3810897
QUHNOX,2.8805974,2.6347861
NUBSOV,2.0427587,1.9246798
JUFHUN,2.5695713,2.7663145
DIHTAS,2.5771904,2.2624297
USINOC,0.48327422,2.257752
HAGTAO,3.9271472,2.6945183
FIZWUK,3.0120285,3.1975944
EMIKAP,2.6278036,1.9110899
OMEHAS,2.7499826,2.1254902
LOQWUL,1.9779956,2.5269632
DUDBAI,2.6272593,1.7716566
VALHID,2.8256304,2.16469
JAHGEI,2.7829084,2.5817814
ADANAY,3.3905387,2.5808678
XUYRUH,2.1377265,2.0678802
YEZCIT,2.6242661,2.1826456
FUJTEM,1.4305025,2.6371405
XUWSOA,2.9170606,2.597623
AFALIF,4.091232,2.823264
IVOXOJ,3.26972,2.6872778
OPOJEL,2.4773245,2.1334321
MURNOF,2.0969095,2.5146313
XAHTEJ,3.1148875,2.5140014
YANBAU,2.2882054,2.1985126
YEBVOR,2.7565134,2.1929688
DOHJUJ,2.5801837,2.1527982
AMUBES,2.69556,2.3642678
DUCDEK,0.79049075,2.7528222
VOWTUZ,2.798691,2.6348736
XOCKOT,3.4778874,2.198102
HADJIJ,3.4305394,2.6409845
NENLUP,3.2250936,2.5449603
IWUVOO,4.887165,3.5524821
FUZSOL,2.8082151,2.4259179
FULGUR,3.3897223,2.8938835
KOHNIH,1.8106457,2.18352
HUJRUC,2.6890292,2.1114924
BAFWEO,3.0079467,2.284227
FAMCOP,4.5228047,2.9047282
REKCUH,2.9597826,3.1096485
KUFQUA,2.9211423,2.551084
HAKJIQ,3.2816932,2.7387748
MEDROG,3.1872697,2.6488664
MUXDOA,2.5722923,2.4371228
SEQGAA,3.1135268,2.4925687
HUJSAJ,2.6493006,2.0973687
QUQYIL,2.997062,3.1188066
OMAVIK,3.5361197,2.8249397
ZUYGOS,3.9706855,2.4051747
FULFIE,2.5230398,2.54534
ELOMUQ,2.6389601,2.5717642
HOHHER,3.4857786,3.2578623
MIFSON,1.9698323,2.2002826
CENXIG,2.033779,1.9883075
XUZNIS,2.779643,2.4148104
COXZOE,0.24245346,0.28337002
DISHOG,1.2386622,2.3086221
FOVLAG,3.190807,2.6390636
NOTWEB,3.469996,2.694745
ZITJAR,2.1233044,1.1888968
FABKAY,2.4381402,2.4408417
REWSIZ,3.6607478,2.6988418
KERROS,2.5984154,2.292549
TESNOX,2.693111,2.5150537
POMGEH,3.4084983,2.644365
ESAVAY,3.8612957,3.0339077
PIDXUZ,2.0378606,2.181278
HIZQIQ,4.290419,2.7724397
NUHTEQ,2.4370518,2.8173878
QIQDON,3.0835943,2.5500207
HIBNAI,3.267271,2.6126988
PAFDAF,3.5663242,3.2646887
DIYKEF,2.2672527,2.451647
OSUHIW,2.700458,2.0331473
UZISUU,3.1192412,2.8463721
WODJEI,3.1135268,3.6032493
CEYXAJ,3.0950232,2.5856693
NEZCEE,2.0307858,1.7590307
USIPEU,2.3257573,2.0682414
JUDBOC,2.7309346,3.8284893
POZSAB,2.7510712,2.7233849
ETICUI,2.5644011,2.609613
GASRUR,3.754355,3.316868
ZAMBAQ,3.5508137,2.6870522
AXIRAD,3.0770636,2.6185274
SUDPOZ,2.6014085,2.0220547
JASREE,2.6465795,2.3458712
IMAMUH,2.3937857,2.349149
WABQIZ,1.2914524,2.0016897
REWSEV,3.5285006,2.620656
GOLFAR,2.3456216,2.7583685
FULLAC,3.8302748,2.9240968
EMISUR,2.9497142,2.5136728
JELYUY,2.7328396,2.3377638
HEDYAR,3.3548918,2.117947
TADSUM,3.6670065,2.7556987
RAVNOV,2.7252204,2.0923736
BAHMOQ,3.591903,2.782812
QOBQAD,3.5554397,2.4800074
XOCDIG,2.2318778,2.5049555
MUBLIH,3.3187006,2.906082
CITSIL,2.040582,2.1850858
GUDVUW,3.9140859,3.2885737
PIBHER,1.2808399,1.9428729
TAQLAY,2.0397656,3.1811788
TOXWOV,2.7869902,2.7354293
APUMUW,2.2169116,1.5209376
PUKZIE,2.7780104,2.5119567
LITHOP,2.5078013,2.3894603
JUNRUI,2.4291604,2.3021076
TOXVOU,2.681682,2.7245739
QEPCUN,2.7869902,2.5420263
JOJSIK,2.0930998,2.488358
OMORUG,2.7268531,2.0893834
DUYYOO,3.2196512,2.6132455
YEBHUJ,2.812841,3.1895468
FAKPOZ,4.662399,3.2726717
NIGFUI,2.2601779,2.7192702
HECMAH,3.0697165,2.4843295
RADNIU,3.8291862,2.88264
FESDUG,2.3524244,2.0273824
NEDZIG,2.6468515,2.473294
ADANEC,3.4049609,2.482793
ZIDFIF,2.7758336,2.450704
NEPNUT,2.4765084,2.5925994
ITAGAO,1.9227566,2.432832
URAKEG,2.5352848,2.4976969
EBUJEU,3.2283587,2.8095267
ULANON,2.2256193,2.5080736
LAKCOT,2.3698397,2.3663223
FOVKIN,3.2367945,2.4561884
NIDNIB,5.1007743,4.6568046
QAZWEX,1.6612551,2.0164995
RIBVUV,3.2588356,2.2240713
MUZSIJ,3.3274083,2.6771846
GITKAZ,2.3369138,2.2010965
QARSEL,2.4931073,2.169662
YICXEQ,1.3752635,1.0508556
NIGFAO,2.2571845,2.747303
XEKDEA,1.8571771,1.691476
IWUWAB,4.772877,3.583346
AHUJOF,1.7102356,1.8247054
NEZQES,3.1459084,2.846195
RUPSAZ,2.4386845,1.9488864
KUVQUQ,1.1246465,1.7071838
OCIJET,2.0413983,2.1714823
ZOXFIE,2.7418194,2.7231066
SUBLUZ,2.9439998,2.596674
KUVQOK,3.6743536,2.7774816
SOWYAF,3.4514923,2.7699862
WAYKAM,3.2340732,2.8808093
SERBEA,3.259652,3.0912719
AJEKUX,2.430521,2.3759086
DUVTEW,3.3118978,2.258638
QURHET,3.1298537,2.5778203
UVIGOY,2.5644011,2.346118
ZIJFEH,2.332832,2.3764193
KALWON,3.9116368,2.706288
VERJOV,2.717057,2.2430475
XUWTIV,2.5875306,2.239926
JIRYOC,3.1339355,2.7130198
CITSUX,2.5940614,2.4470792
GACSIQ,2.8737946,2.4974608
KAVFUM,2.9385576,2.7496157
WIKPEP,2.2169116,2.237383
PECBIJ,3.9200723,3.0402663
ZEQKUF,2.7156963,2.5144646
YENTIY,3.4950304,2.4234364
JOFRED,2.2163675,2.6915298
IPAJIV,3.2193792,2.7197773
YOSJOH,3.1660447,2.2113395
MUNFOT,2.1565022,2.4577415
CAJDEA,2.6514776,2.500709
QEVPOA,3.1921678,2.6591203
JISGEB,3.0283551,2.641902
ADUZOQ,2.2103808,2.8411975
DOFDOV,4.02538,2.822074
VAPWUE,0.5967457,1.8862563
HOBBAF,3.264278,2.472059
GOQGOL,3.2789721,2.4382613
USATIU,4.071912,3.9725986
GUDBEP,4.951384,1.747892
TAJKUO,1.6103698,2.8857489
OROYOM,3.405505,2.707155
KOWQIY,1.7232971,2.2114086
RAXVUI,3.0680838,2.8752532
KOWYUT,3.3902667,2.670603
ODOZEQ,3.5238745,2.6421232
PABPIV,3.0767915,2.4714797
JEQKAV,2.244123,1.5608903
XEBHEU,3.1080844,2.4599388
XUHVEE,3.295571,2.4257672
VUPYUD,4.496137,3.0129743
QAJKIZ,3.1178806,2.2685394
QANHAS,2.205483,1.9911464
JUMSER,2.8384197,2.41298
IJOMAY,1.7665632,2.092873
YEXQOL,2.6158307,2.6306658
EDEWET,2.3630369,2.488221
CIXJAY,2.8971963,2.5080402
BIXRIN,2.6354227,2.8239186
VOSQUS,1.1529465,1.8330822
VUVFIE,2.0530992,1.940702
SOMGOQ,1.9616688,2.9363706
WOCGEE,2.838964,2.5147269
MUDROV,3.0917578,2.646561
JAPBUB,4.2441597,3.0602922
JELZEJ,2.6754234,2.3770885
KOWYIH,3.4601998,2.5661092
KUCLAY,3.0884924,2.4748385
REHQEA,2.853114,2.7135077
WUVKIK,2.2147348,2.075009
XINDEH,2.7750173,1.9872926
EQUQUF,3.291217,2.7978535
BOCMIS,3.1897187,2.6316116
ADUJOZ,3.0337975,2.497752
KOWSUN,2.8650868,2.7580574
KUVJIX,2.5208628,2.3644843
JACBUO,2.9358366,2.5690696
LEPZUE,2.6800494,2.5145304
IZEXOD,2.454739,2.4410641
RIBKOF,2.9978783,2.3252835
EPEDAH,2.9888988,2.7203753
XITQUO,2.8299842,2.6086826
XAMGIF,3.531766,3.0272245
OPIYES,3.3396535,3.1027954
RUVZOA,2.774201,2.2280626
IBUZUE,2.5314753,2.8288484
ROVWAC,2.9029107,2.579642
HACXIW,3.0732539,2.4546006
GARJOC,3.2939384,2.4718926
ZOQYIQ,4.016945,2.817098
PACTUM,2.3829012,2.2026901
MUTHAN,2.4218135,2.3709826
COVLIL,3.0672674,2.4878628
PIDXEJ,2.2370481,2.0638568
IPEKAS,2.7350163,2.3028812
FINWAB,3.1584256,2.684813
WEBNOK,4.354094,3.1511936
RUWKAY,2.382357,2.3135483
QEKYUE,3.1742082,2.5100467
PUFGUV,2.8239977,2.7342756
GOXBIH,2.8321612,2.5346463
XAVZIH,2.102896,2.5335748
REKMIH,2.3586829,2.3343134
GEXQIN,2.5605915,2.4496632
YEJRAJ,2.8903935,2.3287551
SEPCID,3.2580192,2.930335
UPAWEQ,3.233529,3.104871
UPAXER,3.0925741,2.7081962
MURYEG,2.451746,2.0271459
DOBPER,2.7497106,2.0806065
CUTMUC,3.176113,2.7084353
OSUFAM,2.3780031,1.6951147
HAHKIO,3.0316205,2.8561969
XAMJOO,4.0427957,2.6004071
FODXED,3.1268604,2.753586
FUVQAR,2.6822264,1.903516
MOYGEP,2.5589588,2.269678
NOVPIA,2.7080772,2.2830184
OFOYAL,3.1850927,2.4474316
YASNIT,3.5167994,1.8524988
AQIDOT,2.934748,2.1827164
ICIPET,2.6637225,2.3233027
FUGREH,1.6683301,1.8079038
MUDCUM,2.4985495,2.4362361
ROBNUV,1.7915977,1.2763114
BAHDOH,2.942095,2.464074
OROZED,2.8359706,2.2483
QOZCIU,2.8384197,2.7428346
CUQZUM,2.0563645,1.8610411
WURFIB,3.6068692,3.0071604
AXUQIW,3.7192523,2.2382147
MAZQUD,3.099649,2.7492573
QOCZAM,2.6112046,2.5955572
MAPYIP,2.9951572,2.663338
WEKTAI,2.915428,2.629595
VUWNIN,3.395981,2.6985977
RAZMEO,2.3214033,2.4586523
WICGAU,2.915156,2.5323648
TEYROE,2.5780067,2.1445005
ZUJKOH,3.4308116,2.740061
ATUNEL,2.9644084,2.3227344
ZOJSEW,3.0669954,2.737562
UYOBAO,3.9565356,3.0053756
CETXEH,1.7045212,2.2253768
MUYFOE,2.140992,1.6338679
FUFYUD,3.5382965,2.8372042
NAKHOW,3.5910866,2.678248
XUPFUM,2.5796394,2.443603
OHOZAM,5.2855396,4.0234213
LUXMAV,3.16931,2.6578293
AFOGAH,2.64794,1.9893562
LEKTAX,2.021806,2.5087802
RUJMIV,2.7461731,2.0653558
LAWTOW,2.5412714,2.2084417
QAYNAJ,2.3456216,1.9746714
RUWJOL,2.8253582,2.7188458
PEKKID,2.7129753,2.6595423
EZAFAN,4.3404884,4.0073867
PUPRIE,2.4939237,2.1067
ELOROP,3.0596483,2.1876044
POZROO,1.1132178,2.2167225
ISUYAZ,2.3260293,2.2654343
FAJSIW,3.0299878,2.5082796
CAHTUE,3.7900019,4.203066
FEGQIV,2.925496,2.5245936
VIQMIU,3.4142127,2.7127361
FUVWUQ,3.5263236,2.7944236
FELSEY,2.3317437,2.3987732
QEDDIQ,2.1477947,2.1627917
ICOSUO,3.3633273,2.4629269
EFAYIX,2.6841311,2.6046956
DODZEF,1.6351322,1.8558226
OFIYOV,2.241402,2.6488562
XISGOZ,2.9973342,2.7317793
POWCUZ,3.2139368,2.580393
ETOZIZ,2.7107983,2.2462256
UQECOL,4.3198075,2.9071867
JAWLAV,2.0732355,2.080741
QOVDUD,2.0343232,2.174798
LOHZIT,3.142371,2.9018016
QOQMOY,2.1064334,2.5933118
UGUYUT,2.4482083,2.1839952
GOMSEJ,3.33149,2.6831014
QEBHIS,2.0656164,2.1950865
KAZPOS,3.680612,2.86524
ATIZAF,3.1157038,2.2005587
VUKYOS,1.9842542,2.1048632
LUDTUC,2.303988,2.2415705
FUVPOE,2.8068545,2.204742
RAZGIK,3.0727098,1.9456484
LUNBOO,4.0310946,2.9890416
YENTOE,2.88223,2.5024838
YABZIM,2.5853539,2.8742733
LEQBES,2.8335216,2.232379
MANDAK,3.1004653,2.688907
USAVES,2.014731,2.3415823
YAGREH,4.3459306,3.6630015
REQDIE,2.9796467,2.4526656
SOZKAW,1.6827521,1.8818051
GAXMIF,3.2112157,2.7400877
XEWRUQ,2.8601887,2.0558422
HIZDED,1.737447,2.0976434
BAFGIC,2.776922,2.1714644
DUDFAM,2.5660338,2.219579
WAYCEI,2.593245,2.039959
QAFBAE,2.7456288,2.2266414
DIDDAZ,3.4373424,2.400359
EVEYUC,2.2329664,2.3321056
SOTDIQ,2.465896,2.3371491
FOYSAQ,3.027811,2.7660747
MADDOO,3.890684,2.419236
QEXXEA,2.1423523,2.235952
WAYKIU,2.5720203,2.1283557
KEKZEJ,3.3094487,2.6738064
MUCTUC,1.4511832,2.5659359
AMIHAI,2.9880824,2.5690668
OPOHUZ,2.6509333,2.2936628
OGIVUY,1.488735,1.8471522
TOPHEM,3.171487,2.1601415
LIRVEQ,3.0735261,2.7118046
AHANEF,3.164412,2.4751997
EJOVUX,3.5018332,2.7522678
WURFUN,4.198717,2.8659737
HEDROA,2.836515,2.414013
MUTNOH,4.1579,2.8080964
SUDQEQ,1.5124089,2.8079822
HOMKUQ,2.7456288,2.2411118
DOVZIA,3.120602,2.9930694
TIVNEU,1.5978526,2.4123313
CAJDOK,2.9157,2.7662811
QIRYUL,1.9823495,2.1347373
WIBQUX,4.3785844,3.1339426
XOZVEQ,1.7739103,2.0081744
MAKTOI,2.5192301,2.5048895
CUKJUQ,3.5410178,2.9483306
WARBAW,4.249058,3.4896913
ZITLEW,3.8776226,3.2554061
PUNKUF,3.720885,2.8479292
UZAYUS,3.204413,2.8914301
OVUBIS,2.0071118,2.099605
IBAYIX,3.4308116,2.7139642
WUDJEN,3.1717591,2.6216216
JAPBOV,4.236813,2.9947283
HUNFUU,2.6561034,2.5260913
NATVUD,2.0705144,1.6601658
XAHYUC,2.9905314,2.8269994
IPEJOF,3.0174706,2.2337718
KIDWOL,3.434621,2.667728
OWITIA,1.9605803,2.0119414
SITDIM,2.9004617,3.3236008
QURJOF,3.0767915,2.813277
NEMBUG,3.405505,2.9667785
TESSAO,2.5154204,2.8962328
TAYSIZ,2.6912062,2.5839138
YIGKUY,2.0732355,2.0388546
CARWEB,2.7018185,2.687271
AHAPOR,3.469724,2.8215508
DANCII,1.6198938,2.5834565
TIJFIF,2.0558202,2.4320393
YUMTUY,2.5995038,1.3847598
ULUJET,1.460163,2.2157826
GIMZIP,2.3192265,1.9381804
YEWWUW,3.1083567,2.6165917
EYEXAK,3.039784,2.2751577
XIZZOY,3.271625,2.8214924
SOCQEG,2.918149,2.4076416
LATXIR,4.100484,3.49254
SUKFAI,2.430793,2.3537016
ROLDII,3.1660447,1.782508
HUPKIP,2.1257534,2.2925563
RACSUM,1.9050691,2.2489183
GICVUM,3.5905423,3.390977
YEWWOQ,2.7625,2.7645917
KOQNOW,3.2463183,2.8494873
QEXFIL,3.3069997,2.7307673
RUQZOV,1.5986689,1.7288934
EDEXAQ,2.3075256,2.4892488
EVOQEO,1.6261524,1.1564432
UCOHIH,2.9769256,2.5049038
KUVREB,3.8912282,2.7933412
MUBGEY,3.305367,2.9888737
PUNLAM,2.9791026,2.6556182
PIXBIL,2.384534,2.3726425
SAWNOU,3.0346138,2.3840494
OSETUE,3.0498521,2.7335496
ISUXOM,2.1956868,2.4981985
DUMKAA,2.1929655,1.9619298
OYOMIB,2.1739175,2.0587463
SIZTUT,2.043031,2.560238
WEFDAN,3.1061797,1.8010018
RIPJOT,1.5230213,2.5093465
KEQTUZ,3.1622353,2.8064873
ZIJFAD,2.4152827,2.6882982
QUCDOK,2.8645427,2.4270158
JAVXUD,2.2419462,2.258791
WECXOU,2.8093035,2.1588533
DALWUK,2.2174559,2.1287975
KUVRAX,2.2180002,2.1405869
DISHEW,1.2424719,2.1508496
DIRVIN,1.2702276,2.093939
TOXWEL,2.818011,2.6945946
ZUHBEJ,4.1595325,3.570206
YUQRIO,2.5287542,2.4308476
RUCYOG,2.2914708,2.2218325
ZEHKIK,3.424281,2.329253
PAWPOW,2.2052107,1.7888118
IHOXAF,2.4076633,1.846439
UVAFOP,2.9099855,2.4752536
HAYWAJ,2.827263,2.276105
CITTEI,2.002486,2.200746
DOVZEW,3.0748866,2.7713425
GIFQUK,2.0446637,2.063983
ENIHER,3.4792478,3.0519562
UKOYUR,3.3763888,2.9918852
LUFGAW,2.5774624,2.221181
XENVOF,3.524963,2.3535357
ODOYUF,3.5758483,2.4701958
CAGFID,3.2433252,2.7792864
NEZPUH,3.2128484,2.7401054
CAHJAA,3.2841423,4.0082674
MEPLEB,3.2547538,3.0657985
OHUDUR,2.961143,2.5151427
QIFBAM,2.0141869,1.8569199
ILOPOR,3.13067,2.5856237
RIPJUZ,2.9097135,2.734045
NAFDIJ,2.7192338,2.5473142
QAMJAQ,3.004137,2.201764
JAZJIH,2.635695,2.3829467
OGEFIR,2.6754234,2.6397405
HUGXUF,2.0520105,1.698862
KIWWOG,3.3031902,2.8296764
FUJSUB,1.9107835,2.6294856
PEBCIM,2.5369174,1.9631557
PAMVUY,2.552156,2.5384889
TUWMEG,4.395727,3.7295513
CERCEL,2.9747488,2.4707313
ZOQYOW,4.0852456,2.7094412
JEGLEQ,3.5165274,3.2364206
HAQWEB,4.700495,2.8672068
UWESIB,2.4337864,2.2518182
VOWTIN,2.7646768,2.5330973
AQUHUR,3.2825096,2.8921428
QOBQIL,3.916535,2.506164
OSUDAK,2.3028996,1.7045635
MIMRUV,3.2561145,3.1532536
WUBFEH,2.1858907,2.0903006
DISHIA,1.5366269,1.9200529
EDEXEU,1.4751292,1.9952321
FELYAA,2.9380133,2.6058772
TALGOG,2.2721508,1.354199
VETJUZ,3.4191108,2.95442
DOKBIS,2.6248102,2.374352
DUGSUW,2.1910608,2.442324
LAKYOL,3.128493,2.750609
FULKUV,3.9524539,2.9318476
TUJPAS,1.8639799,2.255043
LAMREW,4.213139,3.2666936
NUCZUJ,2.9978783,2.472899
BOHDOV,2.9279451,2.2278543
TEPCAW,1.9050691,1.9504503
QEJSAD,2.5037196,1.861497
FELSAU,2.4650795,2.5361147
MEDVOG,2.6824985,2.276637
UXOVIN,3.0580156,2.34277
VIHREN,2.4724267,2.6160297
ZEHKEG,3.2033243,2.5610945
DALBEZ,2.081671,2.7579157
JELYEI,2.843862,2.4387536
NILQAE,3.0084908,2.5201588
FAPDUZ,2.9026387,2.5473282
TUVQUZ,3.23108,2.1334822
ADAMIF,3.4634652,2.5853267
BOJKOC,2.0925555,2.031535
EPUCOK,2.8686244,2.225656
ATONUU,2.7167847,2.0804577
DUKDAR,2.423174,2.2793458
WOLNET,2.3728328,2.7858782
BOCNIU,3.1557045,2.5043955
YUZROB,2.8982847,2.6701157
REBXAB,1.809013,2.7880883
UQEJUY,2.4288883,2.5062199
TALDOD,2.2473884,1.4999692
SOZKEA,1.7426171,1.8600911
TIVNOE,1.0909045,2.2968605
ZUNPAB,3.2316241,2.6814442
XEKXIY,2.1801763,2.506613
CEZFOD,1.8895587,2.3662398
ROWMOI,1.8397619,1.7703123
WEBHUK,3.1548882,2.4620426
NOQVAS,3.2354338,2.9130507
FACTUC,3.259652,2.5604377
QUZXOZ,3.3012853,2.6330936
MELQIH,3.4253693,2.7904873
BAHKEE,3.336388,2.4665031
CAFNAC,1.6680579,2.2921078
NELXAH,2.234599,2.2260134
ORINEL,2.3505197,2.0734017
QINCAV,1.0062771,1.2870299
VEHSEK,2.7091656,2.558921
HUNFOO,2.7562413,2.47712
IPEJEV,2.798691,2.088392
VUZRIU,2.2095644,1.7277005
GAWSOP,3.2634616,2.993158
XUPFAS,2.6035855,2.639188
GUQHEI,3.1480854,2.6720352
GEGQIW,3.5301332,2.4913406
ICIPAP,2.6131094,2.2655883
MUPVUR,2.1086104,2.308539
HESBOX,2.041126,2.5433095
KATTAE,2.0971816,1.5903708
QISQIW,1.9230287,2.247479
APUJED,3.2561145,2.6694822
KAVFOG,3.0033207,3.109298
SOPJIR,2.5505233,2.395361
FUYJAL,2.0985422,2.3806915
OROVID,2.408752,2.2314332
PEKLOK,3.6038759,3.045504
BUDMUL,3.4980237,2.9989846
HICQUJ,1.7178549,2.0209308
YEZLOI,3.0623693,2.7401116
PEZTOG,3.4977515,2.7209847
AHEJIJ,3.2169302,2.1366863
FELSIC,2.4397728,2.288367
ULUJAP,1.5573076,2.0646996
AHIBUR,3.3450956,2.7240598
HESREC,2.2193606,2.501233
OTIKUZ,2.7159684,2.5434341
XIZNON,2.3200428,1.922251
WURWIS,2.8400524,2.3084738
KUSQIB,3.1086287,2.443572
BUDMOF,3.5829232,3.0510197
QARRIO,1.5875123,2.1737385
QAYKIO,3.1706707,2.839484
GUNROZ,3.5576167,2.1734767
NENHAT,3.9451067,3.0417657
UCICAO,2.884951,2.408537
CIHYOK,3.44605,3.2238595
AMIHEM,2.6846755,2.4023423
AMIGUB,3.0191033,2.3009853
CUKVAI,1.656357,2.0659525
MELQAZ,3.3486333,2.75406
JAZHAX,3.0669954,2.7070267
CIHYUQ,3.3562524,3.1584918
EGIBOP,2.1015353,2.4357245
JIPPIL,1.9537776,2.23541
DALHEH,1.9924177,1.7317823
VAZHIR,3.2174742,2.4810536
EQURAM,2.545081,2.66208
AQUGAX,2.2090204,2.5884943
OFUTUI,3.0357022,2.2505243
WAKGAU,3.4972074,2.344324
COBHEK,2.3382745,2.594283
UQETAO,3.1320305,2.6842277
WIYVIN,2.3284783,1.9514463
FIZDOK,3.4857786,2.9804883
VAPTAL,2.2090204,2.3637927
DITMOM,3.7886412,2.6869123
YOZXER,2.875155,1.3008925
ULAPAB,2.177183,2.0096576
UNEDEY,2.638688,2.3890624
INAMIW,4.356271,3.0297096
KOWSOH,2.6699812,3.0676043
DUQHOP,2.8046775,2.3569107
OWASEN,2.9399183,2.626975
ESAMUH,1.7456105,1.8291042
HOTTUI,2.8041334,2.8578808
PAKFOA,3.3045506,2.6767254
DUDVOQ,3.9540865,3.1179914
QEZMAN,3.0000553,2.933694
PUBQEL,3.1818273,2.1928391
ULIJOR,2.4463036,2.2771056
TUDSIX,2.5946057,1.9349034
EXULUH,3.7227898,2.8094876
PIMTEM,2.7973306,2.6221867
ROWCUE,1.785067,1.8294747
QIQCIG,3.065907,2.066855
IPEJAR,2.8430457,2.332562
WIQFOV,3.305095,2.5299158
REWSAR,3.6629248,2.5925026
COBHIO,2.1779993,2.341302
PALCIQ,3.53231,2.528703
IQEVOS,2.2743278,2.5492275
EDEYEV,1.780441,2.3192194
OHIMEA,1.6043833,2.491464
XAJHEZ,1.3205686,1.6107892
AHEJOP,3.2332568,2.1174297
COZJEH,4.158444,2.9283462
VIXJOB,1.0087261,2.1153913
IWUWIJ,4.970976,3.9214764
WURVUD,1.6985347,2.316613
XILTIZ,2.6588244,2.473922
BOXTIU,3.532038,3.2997882
JAZHUR,3.3766608,2.6283102
BEXWOU,2.2800422,1.971575
JUFDEW,2.3162332,2.0525382
GEBCOJ,1.959764,2.5612602
TAJLAV,1.6272409,2.882118
AFIQUF,3.3976138,2.6227715
URIVID,2.1850743,2.6435685
POYMAU,2.4405892,1.9991107
EYACUF,3.209855,2.5188837
OMEGOF,2.6990974,2.1502206
NIGDIU,2.330111,2.5458796
JELZIN,2.6748793,2.212692
OHIHIZ,1.4539044,2.262715
UMICEA,3.1921678,2.8393629
XUBTOG,2.8697128,2.6932116
NUYWIQ,3.6071413,2.3566418
ZAWZIK,3.6169374,2.6824365
TAVNIP,2.9902592,2.997314
PIDXOT,2.3018112,1.9831841
YUMJIC,1.9042528,2.2892492
JELYIM,2.8073988,2.5027187
SASSEK,2.987538,2.601729
TOXVEK,2.7725682,2.6038525
TUVRAG,3.044954,2.487532
ZEBHIB,3.1358402,2.4486916
FOVKEJ,2.4463036,2.4445162
LUNBEE,4.9339685,3.2489502
IJULIL,2.6185517,2.352419
ROWMIC,2.6759677,2.2438633
UZIWAE,2.8754272,2.4267445
XAVKAK,3.3333948,2.629197
HIMFUI,3.1320305,2.0488946
PEKMIF,3.5437388,3.2366042
OMIMAB,3.147269,2.3953555
POLZAU,2.7497106,2.4278934
PEXWEY,2.0103772,1.9073015
JARNEZ,3.19761,2.598746
QIMPIP,2.1978636,2.018787
UTUDUL,2.3186822,2.1588101
QADBAC,4.5399475,2.9014244
TOMGUA,2.7165127,2.2641757
MURZEH,3.1480854,2.4578633
BIYKUT,2.8950193,2.185415
ZIHDIH,1.8762251,1.9573805
MURNUL,2.0585413,2.3043482
AHALED,2.8922982,2.316329
GAPKER,2.3159611,2.2750037
FEHZUR,1.1254629,1.8118619
ULUHUH,1.5015243,2.1371038
JUSFIP,2.2691574,2.2801456
DUCZUZ,2.5706596,1.7216221
XEMFUU,2.466168,2.3803794
BELPUE,0.37470078,2.0035732
FOFXOQ,3.1562488,2.6588972
ODUKUV,2.2566402,2.6616192
KIWWIA,3.0354302,2.9385567
GERMOG,3.059104,2.7161763
JAHFUX,3.1867254,3.0478091
UQEBOK,2.3118794,2.0720024
SUHBIJ,2.1203113,2.0737574
LUMZUR,2.6803215,2.889031
NOBRIJ,2.0150032,2.4362292
CEMXOK,2.2318778,1.7499422
FAXBIP,4.4063396,3.0725253
KUYXAG,1.8120062,2.0096164
YICYUF,2.5584145,2.0506806
FIRZEP,2.1023517,2.4367633
ERINAX,2.4789572,1.9499505
YOSXUB,3.9227934,3.940279
GIPJIC,4.038714,2.8160596
ZURLOQ,2.6637225,2.4551725
AWUQAN,2.4043982,2.2377238
DIQNUQ,3.575032,2.729863
WEKXUH,2.3159611,2.9349926
VUFLIU,1.8247956,1.5293756
KAVPIK,2.95815,2.928604
XAMGAX,1.1455994,2.545492
DIQNIE,3.6457815,2.7315133
RUQNUP,2.1374543,2.2340062
NELYAI,3.3973415,2.7089686
HUGXIT,2.43297,2.411611
ABUYEE,1.6389418,2.1147728
XOTCUH,2.4109287,2.1584346
EDICED,2.3829012,2.138083
QABFUY,2.0555482,2.6201205
MUDZET,2.8901212,2.3807437
XITDOX,2.9820957,2.5962787
HETJUP,2.1994963,2.1495862
AHEJEF,2.867808,2.1500144
NUDFEA,1.4988031,1.4897813
VOWJID,3.2354338,2.4207692
SEPDAW,3.2675433,3.1737542
MOYNOG,2.927673,2.1075687
FULGAX,1.5983968,2.6930807
QUNBEJ,2.6593688,2.49328
COCLUF,3.4324443,3.046167
AQIQUO,2.600048,2.351918
DICSIV,2.4675286,2.0076308
SUBTAN,2.2430346,1.9702864
HEYHEC,1.6266967,1.8440075
KOYHOY,2.8427734,2.3739514
QATFIE,2.3121514,2.5546172
URIVOJ,2.1453457,2.7326288
EPEZIK,4.0071487,3.254371
ZAWHAK,3.2242773,2.0816188
FUZSUR,3.5233302,2.8754473
MECHOV,2.8683522,2.405923
QABFIM,2.0854807,2.6559114
KOYBUY,3.4136684,2.518205
VEVHUD,2.1088824,1.999664
YIPRIB,3.7097282,2.9918985
MOFVUA,3.5007448,3.2425563
IPEJUL,3.0593762,2.2165756
TOMHIP,2.3154168,2.5840583
MEGLUJ,3.2014196,2.7900045
ROBTUY,1.7594882,1.8384234
IHUTIR,3.1581535,2.7268858
EDEWUJ,2.4392288,2.7825263
KENGIX,2.9241357,2.322297
XAZQOI,3.6319036,2.7652774
NEZPOB,3.2063177,2.5419204
KAVPOQ,2.5252166,3.0111742
QUCCAV,3.2109435,2.689797
UZAYEC,3.5505416,3.0169468
DOVZAS,3.101826,2.9032652
WETXIG,2.07895,2.219572
KUDXAL,2.758146,2.7538557
UMADEU,2.5322917,2.5936954
LUTLIY,3.302918,2.549966
HACHUS,3.6607478,2.51691
WURXIT,2.865631,2.5049498
BUZPES,2.208204,2.2222123
QUXROT,3.8778946,2.6628923
UZITEF,3.0931182,2.69066
UPAWIU,3.2332568,3.0557988
HOTVIY,2.571748,2.880617
WIKNOX,2.7823641,2.3232217
WUFQUM,1.9556823,2.3297338
GEDNIO,1.5905055,2.2558782
ROFMOS,2.5053523,1.7969728
NUQDUB,2.6343343,2.695584
DOVZOG,3.0762472,3.012613
JUVHUG,2.877332,2.5037057
MALMEV,2.673791,2.5706258
WUDSUM,2.899101,2.7974162
MUFCAU,3.1695824,2.5786288
BAYCEN,2.035956,2.3207738
NILPUX,3.006586,2.644926
IMAYAY,2.468617,2.160726
BAHPAF,2.0824873,1.2754422
UQUZOX,2.9274008,2.7552383
HOWMOY,3.6343527,2.5939128
NOQLAJ,3.1747525,2.0598202
LUNCAB,2.9957016,2.8492572
CIJFIL,2.979919,3.0366836
RATPAF,3.1328468,2.777246
TAQMIL,2.0941882,2.0126529
BUVXIC,2.8294399,2.8087928
GISPIJ,3.2079504,2.048482
QOLLEL,3.3358438,2.6381383
HOJMIF,3.8259208,2.520927
NESLAC,2.2865727,2.1612155
WEYJOC,2.5233119,2.12503
PEKLUQ,3.4144847,3.0281057
LUTLOE,3.2825096,2.4836574
VAJVIM,3.2925777,2.5116534
FOVLEK,2.1706524,2.7078981
MOTSOG,2.3393629,2.2424135
VAFSUU,1.5273751,2.0295198
UXICAI,2.9303942,1.9539042
ZOQXUB,4.027013,2.866253
NANYAC,4.039258,2.708159
ZEQLAM,2.7459009,2.3419957
ZUJKUN,2.9540682,2.7750242
ESAVIG,2.700458,1.9902482
RIWYUV,3.1061797,3.1810706
ADASOR,2.2479327,2.166065
SOZKIE,1.732549,2.0394957
CUTLEL,2.4626305,2.2584686
SIMPUB,2.9056318,2.784346
JISMOR,2.0392213,2.0232038
SUGVAU,1.9935062,2.2365875
MAJDUA,2.5064409,2.5511756
FULNOS,3.8490505,2.8757467
UNONAP,4.3821216,3.2579193
KATSIL,3.066179,2.5543551
ZUJKIB,3.1679497,2.7724319
TIVNUK,2.1641216,2.775484
CITLAU,2.4931073,1.9325047
LOZTOM,2.2786815,2.3586884
KEKYOS,3.0536618,2.5974915
XAJPUX,2.9883544,2.4233975
ZEGXES,1.859354,2.156087
FACMUV,1.7545902,2.3917053
YIWMIE,3.33149,2.9394898
ECIQOX,3.1867254,2.7194667
INACAE,3.207134,2.79619
TOVTIJ,3.1037307,2.8979127
OHOJED,1.6223428,2.539179
BIVNON,2.6808658,2.1801107
REPTUF,2.367935,1.8250811
SUQGIX,1.837857,1.7719427
OSABUI,1.9178585,2.2518117
NUGMOU,2.2786815,0.6220441
UQEBUQ,2.9665854,2.0400543
JIDNAP,3.7717702,3.0060802
PUPREA,2.4705217,2.098752
KERRUY,1.663432,2.194877
ISUYIH,2.1545975,2.139206
DOKFES,2.52821,2.393516
UBEMEX,2.595694,2.637352
KAVQAD,2.2713344,2.7330978
DISWAH,1.2288662,1.7357973
DEQNAS,2.50889,2.350379
PIGNAY,2.8234534,2.6162512
PIBHIV,1.3388002,2.3715158
DERRIF,2.466168,2.3255126
KAVPUW,2.7369213,3.0874183
COWROV,3.03026,2.4795287
IPAJUH,3.415029,2.7511876
LUXYOV,2.9271288,2.3394954
VOHMIQ,3.0386956,3.0593727
OYOMAT,2.6868522,2.9807649
JAHFOR,3.0871317,2.9429274
WEDWAH,1.9864312,1.7799042
REPVER,2.1872513,1.9990544
KARFOC,2.6865802,2.4343214
OKUJAF,1.8933682,2.267257
GARJUI,3.4381588,2.6101918
JAPCOW,2.8435898,2.3454018
EJIXIG,2.87706,2.3478985
WOPNOH,3.5429225,2.748673
BUNWUF,2.915428,2.4258058
HIMXEK,3.5456436,2.6386194
JIRYUI,3.1050913,2.5913782
PEKMAX,2.942095,3.4449413
URONOH,1.3205686,2.2200038
DOZXIB,3.3255036,2.5031073
XAQFAA,2.1298351,2.1933193
IDIFOQ,3.0754309,3.2921624
GOHCIS,3.5225139,2.7390332
YUWCAU,2.9867218,2.9232538
JOLKUT,2.8112082,2.5948565
IKEKIS,2.8082151,2.7513425
YURMUW,2.0057514,2.3204927
AHAPUX,2.8218207,2.044809
EDEWIX,2.463719,2.9109843
BUKFOF,2.2609942,2.2051663
FUGRAD,1.6476494,1.8753332
IDIDIM,2.958694,2.553648
YEZYEJ,1.7668353,2.4263086
SIRPIU,3.1720314,2.4006276
BUPDIC,3.1899908,2.8477993
PURFUD,3.1129825,2.6330755
MUFBOH,3.1437314,2.6926587
GAGMAG,1.7205759,2.0307283
IWUVII,4.889614,3.5163827
RUHKUD,3.0114841,2.5628738
FEWGOH,2.5796394,2.6357622
ROBPIL,1.8833001,1.7625881
CUTNEN,3.1774735,2.7195752
QEXXIE,2.1045287,2.2077055
VOFNIQ,3.099377,2.59905
ENIHIV,3.477343,2.5214658
QILQEL,2.2811306,2.0995998
XUXRAM,3.0648184,2.619272
WEKCUO,2.3592272,2.287684
NAGQEV,3.3391092,2.3822892
PIBKET,2.961143,2.397123
NIGFES,2.0990863,2.398308
ANOZUB,1.6789426,2.3023024
XENVEV,3.3641436,2.168281
QUGXAU,2.8710732,3.1381307
WIKPAL,1.9578593,2.0975993
WUBFAD,2.1548698,2.2057176
VIYHIY,3.8305469,3.2923923
EMIHUF,2.1042564,2.035862
LABFON,1.0977073,2.3341138
OBIBEK,2.1875234,2.0777252
BOYSOY,3.7007484,2.97299
NERMAC,2.2637153,2.0454102
DIDHUX,2.540455,2.0693989
ERUQIU,2.5872586,2.020992
BAHKAA,3.5143507,2.7614684
FAPSIZ,2.3524244,2.516582
REPTIT,2.2585452,1.7294247
YUJFAL,3.455846,3.1808434
USIQEV,2.306165,2.0356486
EKADEC,3.025906,2.8725057
SAKJAT,3.6846938,2.6266391
GOQCUN,3.3306737,2.8990905
TOXVIO,2.7282135,2.682625
TIVMUJ,1.9344574,2.564969
VEMTOY,2.2650757,2.2856843
XUJSAZ,2.2049387,2.2412663
HAHLAH,3.1981542,2.7680998
BEKWAT,3.7129936,2.9510763
EXULOB,3.3633273,2.5231922
ROWNUP,2.7132473,1.7813272
DUDVIK,4.206336,3.4328532
FUVQOF,2.392425,2.1062887
NULGEJ,2.999511,2.405249
KEMZUB,2.8803253,2.3936276
QOLDAZ,2.0784056,2.5741317
YUMJEY,1.971737,2.3061044
NONREP,2.5464416,2.1963148
NAJZIL,3.1981542,2.6485558
PAPRAC,3.0054977,2.5711658
PACTEW,2.1910608,1.9949428
MUPVEB,2.0114658,2.283282
RUQZUB,2.6223612,2.3007243
LULTUK,3.3753004,3.0329068
ESAVOM,2.9758372,2.0222902
AWALUI,3.2944825,2.5184205
WOFMOV,2.6762397,2.2679796
KETVUE,3.2321684,2.5832574
GAQHOV,3.2340732,2.6441333
OWATEO,2.9521632,2.594569
MAKWOO,3.025634,2.1676223
MUZSEF,3.802519,2.7742307
MAMVIG,2.5415435,3.2460742
NICBIL,2.2580009,2.28143
DIYNOS,2.4645352,2.5840461
XOTDAO,2.0936441,2.132838
REJTUV,2.418548,1.4911889
OSUDIS,2.9434557,2.073485
LEPCUH,2.8457668,2.430745
FEKJEK,0.66395783,2.0904891
TOTVOQ,3.032709,2.3112836
KOWTAU,2.95815,2.7499368
KUGKAB,2.2182722,2.0466433
MEPCOD,3.3067276,2.6789894
QAYMUC,2.3105187,1.9609791
QURJAR,2.2193606,2.4131906
VOHLIR,1.818809,2.2784534
UJASEG,3.9094598,2.9884741
TOXPOO,2.6011364,2.3244572
UPEGEE,2.8027728,2.640287
IRIDAR,2.688485,2.6988363
HOWSER,2.2642593,2.2990155
MECHEL,2.958422,2.4971747
DUVTUM,2.9050877,2.641119
FIRZAL,2.207932,2.4357457
CAGDOH,1.7428893,2.495758
XUWSUG,3.0174706,2.587632
QAWYUL,1.7752708,2.3430507
WODJAE,3.228631,3.428425
IRIDEV,2.7118866,2.5742474
ETEWAE,1.6291457,1.9734395
YIKHOT,2.6019528,2.3338418
VENQAK,3.272169,2.2237177
VARBAU,2.70971,2.5156221
MAYYOE,2.8210044,2.625835
JUJCAV,2.0579972,2.2766113
ARIHUH,3.3897223,2.8580186
JAHGIM,3.0457704,2.734249
YUVSAJ,4.1565394,2.9512906
QANTAC,3.5845559,3.0681164
VUPYIR,4.588384,3.1129568
JECQUH,2.8087592,2.430514
IDICAD,3.715987,2.8496451
ZEDGEX,3.5404735,2.8248405
ZUWRIU,3.826193,2.5832071
FIFFIL,1.6509148,2.632636
UCESUU,2.569027,2.303145
FIZXAR,3.1586976,2.883588
NIDKEU,2.7954257,2.4713688
UGAYIO,2.2931035,1.6816587
PUVRAC,2.8781483,2.4857574
ENULEH,2.2242587,2.3544846
DOHKAQ,2.5001822,2.1442494
EBUJAQ,3.2283587,2.985088
CEBVIS,2.0607183,2.0214179
USIQIZ,0.46014455,2.1973276
JACCEZ,2.9932525,2.5003755
JIZXAV,2.1711965,1.7441689
UGEXOW,3.9070108,2.9414062
NUYWAI,2.6210008,2.3450608
HEFLOW,2.7880785,3.1261048
HEWTEM,3.5758483,3.052451
CEPYUV,3.5913587,3.124988
XUJWOP,3.00196,3.0573964
ZUHXOP,4.552465,3.8092885
JARRIH,3.776124,2.9189024
FIZYUK,2.70073,2.1804156
PIJJOJ,2.7347443,2.5658352
SOWDUE,3.4729893,3.1834753
NAJGIS,2.7703912,2.5109859
PUTDOY,3.3850965,3.0765567
ESOHEC,2.927673,2.1181304
SUQDAM,2.9075365,2.54702
GEQVIL,2.3537848,2.3294601
TIYSON,3.0999212,3.1820722
QEWTUL,2.936925,2.8326516
OMIVUE,3.0286274,2.1803067
YUBJEL,2.6667159,3.2259269
OCOZIT,3.653945,2.9615529
KULGEG,3.5140784,2.6579912
KOYBOS,2.6027691,3.0814483
YINKUB,3.4403355,2.619079
SENPXR,1.9115999,2.2228587
VALHEZ,3.2204676,1.9588695
YIJMAJ,2.3888876,2.4896805
ZOLKOE,3.5913587,3.1836948
LEKMOE,2.7597787,2.4124937
SUPNAV,3.0071304,2.872117
EVEKOF,2.2775931,2.3206234
ESOHOM,2.8212764,2.2470124
FAXBUF,2.5426319,2.4553733
YUGLAQ,3.6743536,2.9149578
PEWMEN,3.1576092,3.1506462
UVOJOH,3.3138027,2.5414271
QASGOK,2.5518837,1.9533327
YAJBAQ,3.1938004,2.8453405
TUDXAR,3.094751,3.0262659
ERAYAA,2.7355607,2.6057968
RHCBOR,0.49769625,0.8249159
YIGYAS,3.6629248,3.6446795
YUGLEU,3.6523123,2.6504445
LUMXAV,3.0539339,2.908339
IGEWOJ,2.5080736,2.4519463
KUTXUV,0.78042257,2.72926
UTUXAL,3.1812832,2.8358824
CIXROU,2.8805974,1.8853043
MOXFAJ,3.2708087,3.4143171
LIGQIF,2.262899,2.5804994
IFATIW,2.5897076,2.3186686
ZECMAZ,3.7940836,3.3318067
MALDEM,2.5921566,2.3832934
JIWYOH,2.2833073,2.2274923
JELLUK,3.0267224,2.1823852
RUHLOY,2.5265772,2.3202732
CILYOL,2.8430457,2.7689328
WAXLOA,3.3546197,2.558052
CCXZPR,3.5660522,3.7032316
DIVFIB,3.1135268,2.6293929
PAQYOZ,3.6022434,2.7819443
DAWTAW,2.5771904,2.1522899
NADBIH,2.9693065,2.1854124
EGEBUR,3.4787035,2.3722157
QIQBUQ,2.9048154,2.5540602
FUMRUD,2.8547466,2.8819675
QARYAN,3.2517607,2.7712169
GUTDAD,3.352715,2.4620862
YOVJIC,3.0523012,2.784029
KIQZAP,3.2504,3.1882243
KOJKOM,2.7859018,3.2276645
CUSDOM,3.2574751,2.6335838
ITEQUT,2.8971963,2.5888762
BAJHON,2.470794,2.2242386
PUTDUE,3.2901287,3.258918
JIJJIZ,2.1584072,2.1435127
XUBSIZ,2.7031791,2.0736542
OHEDEN,2.2427626,2.7518477
YICWUC,2.755697,2.8145063
PAHZIL,3.2944825,2.807739
JEKSOL,2.2947361,2.192765
AHICAY,3.3091767,2.46385
MOVLUH,3.7486405,3.782805
NUPHIR,0.5708949,1.3787959
RAMTOQ,2.0345953,3.08348
CEXNID,4.0324554,3.3678644
UKULOC,3.1774735,3.0232146
CUSDEC,3.085499,2.4477925
XIQRIA,2.7586904,2.612481
MADKIM,3.2572029,2.2930813
ZUYLIR,2.186707,1.5859275
EDOCEG,2.9927082,2.8158948
AJANEH,2.7616837,2.975606
QUNCIL,3.3682253,3.0765698
QUMPOG,2.9567893,2.6687994
JEKTEC,2.079222,1.7243683
AHASEK,3.2201955,2.6644275
WOZBEV,2.860733,2.5077019
JAVYEO,2.1948705,1.5908915
NATCIU,4.0071487,3.456654
XAHKUQ,3.6446931,2.8259213
KATSAD,3.9418414,3.2134397
AMAYOC,2.1382706,2.0011287
OJEWIK,3.7067351,2.9198115
CAHDAU,3.6961226,2.9269261
YUQQUZ,3.1244113,2.3030043
ETIWIQ,2.8220928,2.0126772
NIDJAP,3.6463258,3.6725783
TAYFOS,2.9698508,1.8377228
GAWNOK,2.4648073,2.2902033
EWOPUE,3.4022396,2.7713125
QEQROX,3.302646,3.248534
REFCOY,2.5448089,1.7887216
WAVPIV,2.6590967,1.7955791
IROWIY,2.5469859,1.9351299
XUPHIA,3.3731234,2.8684115
JATLAV,1.7526854,1.6903962
TIJCAR,3.570406,3.543807
CECCIA,4.5600843,3.402985
UTUWOY,3.14999,3.0695353
AMEDAA,2.7853575,2.6245847
VUHHIS,3.0427773,2.1672072
DUMKUU,2.6438582,2.5252495
IZEKAC,3.2373385,2.817236
NABGIK,3.527412,3.6881466
OVOVUT,3.4112194,3.1506724
UTUVIP,3.675986,3.3484151
JUZDEQ,2.349431,2.4469073
UJUZAD,2.5241282,2.4025648
NAHNET,3.0093071,2.0847433
PEBNAP,2.9494421,2.4735212
LUHROY,2.1834416,1.7049874
UTUWUE,3.169038,3.0387225
LUHWIX,2.3162332,1.4041693
NIFXAF,2.9567893,2.574151
UQUQUV,3.9470115,3.1583943
LETWUF,3.0811453,2.459569
XUPDEU,3.1932561,2.0224385
JERPIJ,3.3905387,2.6462421
SOZKUQ,1.945342,1.8919108
PAQYEP,2.6482122,2.7948487
FUZBAG,3.5187044,2.821947
FUYQOI,3.3178842,2.9363494
WEXNAP,3.8558533,3.7565498
LOZSIF,2.6152864,2.5669158
LUDTAI,3.4414241,3.1327734
SULCIO,3.2218282,2.6461692
OHECUC,2.0901065,2.8937926
GABXAM,3.1758409,3.2448444
XAQHAC,3.305095,3.08105
ZULLUQ,3.450676,2.578219
WEQXAS,3.0950232,3.2524366
XEFXAH,2.936925,2.6147532
QARYOB,3.4925814,2.8653827
VAZLOX,3.4738057,2.833216
UCOPUB,3.0759752,2.6525583
XOWTIP,3.2531211,2.8609397
FOKXOT,3.290945,3.074692
VICFUL,3.4033282,3.4206796
NIDJUJ,4.11028,3.5688322
NANVIJ,3.4114914,3.178137
JATKOI,2.731207,2.3987243
LIVDED,2.3608599,2.611654
KIHJOA,2.7902555,2.7563822
CEYXIP,3.4729893,3.0984824
CEKSAP,3.0966558,2.576619
WEGZUH,3.1080844,2.3386416
XAQHUW,3.5630589,2.7279239
HADDEZ,3.630271,2.3088062
MORSAQ,3.2441416,2.6481757
ZUPCOF,2.8762436,3.1426349
VUFMIV,2.5937893,2.7897537
IKULEG,3.2792442,3.2790537
QEWTEV,2.7728403,2.8599694
AMEMOX,3.5421062,3.0894477
HOXLAK,3.6953063,2.4030495
UVOJUN,3.1505344,2.614585
LUHWOD,2.167659,1.8573205
HUXSUQ,3.9693248,3.465552
HIJLUJ,2.0582693,2.0400035
XUXDAY,4.275453,3.5831592
ZEJHIJ,2.1026237,2.283342
SUWVUE,4.246337,3.190306
OZISOI,2.3167775,2.0855641
XOPRIG,2.9927082,2.8526726
CECPAF,2.0854807,3.3714194
FEVQUW,4.0419793,3.609801
AKAZEU,2.3246686,2.2439992
IWIKAD,2.291743,2.6846387
MUJJUZ,2.7848132,1.7657213
PAGJOY,3.7861922,3.4073572
FUYROJ,3.4553018,2.5840278
NEHWUW,2.49991,2.0384893
XAFKUO,3.8264651,2.858839
EBAZIU,3.290673,2.686805
CAHRUC,3.5116293,2.7585595
TAYQOD,2.313512,2.769143
OHEDAJ,1.9292873,2.8038557
DEDZIX,3.9592566,3.2205312
MIMXIP,3.797077,4.046726
MEMPED,2.7287579,1.9549375
KUGWIV,3.453125,3.4710016
VEXNEV,2.024255,2.039832
YEQJIR,3.0569272,2.4622948
INALER,3.192984,1.9321924
EVEKUL,2.7859018,2.478498
MEFKER,2.2620826,1.8582917
WORKIX,1.2288662,1.4446821
KOKPAE,3.539385,3.1124513
ZEJJEH,2.0473847,2.2804017
DOVPEM,3.2357059,3.1604257
QASGEA,2.8947473,2.1553447
TURTEI,3.654217,3.8839495
NENVIP,3.3118978,2.4187572
XOBFUR,3.3853686,3.1529408
ONUVAX,3.2359781,2.486013
ZOLPID,3.5385687,3.101386
JIHTAZ,3.3807425,2.654279
ECITIX,2.5826328,2.2594767
KUGGAW,2.9137952,2.8788776
FUTZEC,3.064002,2.9545317
TAFHUE,3.2076783,2.9257393
IZAQAE,1.7837064,2.2707741
DEXHUJ,3.7026534,2.745602
IWIJOQ,3.199787,2.753032
WAWSAS,2.4463036,1.5535657
ZEGSEN,3.0577435,2.6242583
XUGYEG,3.453125,2.8566728
YOPBEM,2.999511,2.360969
XEMLUA,2.6373277,2.9803774
ROBCAM,3.152439,2.8348768
MOBDUG,3.4667306,2.483953
OCORIL,3.394076,2.8639317
FUYSEA,3.587277,3.1437669
QUMPUM,3.1548882,2.6472762
HOPNOS,2.901278,2.375093
KAQTIG,3.878439,2.7477815
CAMKIO,2.324941,2.211815
IBEYEX,3.2754345,2.7152674
AMABOG,2.4697053,2.5384336
DUCROL,2.7916162,3.2694736
YAPZUO,1.8694222,2.2589273
MAPHOE,2.669437,1.7516478
QEGZIN,1.9937782,2.1440778
JAHPAN,2.6239939,2.1807666
FUDKEV,3.0305321,3.0131016
GIVWAL,1.875953,2.7098196
MAZLAB,2.9812794,3.3534813
TINVAR,3.0577435,2.5585608
EFILOW,3.5475485,3.018684
DIQCAL,3.1747525,2.5399346
JELHEO,3.1529834,3.2228224
KAQSAZ,2.6561034,2.9824789
FUYREZ,3.1385612,2.9151304
FOVSEQ,3.6558497,2.665743
JEXHIH,2.6604571,1.7000077
XAJQOS,2.7045398,2.3244123
TUJCUZ,3.3929877,3.1147635
ALINAN,1.7431614,2.0304465
DEDZUJ,3.8585746,3.2486618
VESPAO,3.3701303,2.3481574
NACNOU,3.1083567,3.1967957
MUJKIO,2.7717519,1.711631
TAHGOC,3.3037343,2.4769459
PAWJEG,3.7339463,2.496328
SAKNAV,3.6509516,3.2520938
HOWRAM,3.2201955,3.1586547
AZEYOW,3.1801946,2.7334342
HALRAR,3.1788342,3.4356108
FADXIU,3.6438768,2.9226577
LIVDIH,2.3690233,2.5902076
XICGID,4.2857933,3.6869059
UFIQAF,3.5804741,3.175827
SUPROK,3.5453715,3.176983
TURSUX,3.5170717,3.809628
JATKIC,2.6784167,2.6289666
XIQLIW,3.075703,3.3676894
FEHJOS,3.7701375,2.936054
XUVRAK,3.3080883,2.6676655
YUZKEM,3.7241504,3.5825515
DICQOZ,3.2493117,2.8111484
WODDUS,2.0582693,2.4826381
ENAMEO,3.3056393,2.6393256
FUTZIG,3.1089008,2.510084
TEYKER,3.1660447,2.856096
PESGON,3.1317585,2.1996489
MOVMAO,3.1154315,3.230643
UBINAY,2.8718896,2.8717334
ACOJOV,2.2947361,2.1667876
DILWUU,3.445778,2.3682666
PIJSEG,3.0049534,3.6541433
JEKSUR,2.0917392,1.7772748
QUNBOQ,3.5442832,3.118498
AHAGOI,2.3505197,2.2892041
COYMAH,3.4319,2.3751497
ALINUH,1.9654784,1.8583192
IBIWID,2.7461731,2.4827993
TENZOF,2.884407,2.874427
TERHOQ,2.3856223,2.7891076
KOBPEA,3.486595,3.2397726
YEYWEF,2.6588244,2.773439
VAGGIX,2.5314753,1.8272715
BUWKUC,3.9445624,2.354152
YAKVUF,2.1529648,2.258597
ZUKPED,3.7644231,3.0324092
WEZXIK,3.1589699,2.9603808
ZULVOU,3.5763924,2.3754787
ITERUU,3.6144884,2.6582968
ACGXRH,1.1292726,2.4064946
QEKHUN,2.733928,2.036433
KUXJAR,2.4996378,2.8917077
OJEVIL,3.2324405,2.8347163
KAFTUK,2.863454,2.5586474
NEFTEB,2.9981506,2.376941
MEBTOC,3.3372045,2.9546728
LUDSUB,3.1959772,2.8375125
BOHSAU,2.4811342,3.2376041
QIBGEP,2.8528416,3.0289102
ZECNAA,3.5050986,3.375776
AHIFUV,3.300197,2.919205
WAYBAD,2.762772,2.107335
ANUDUL,3.1772015,2.1096354
VUHHEO,3.041961,2.1662169
CUDVEF,2.88223,2.6994343
XUBSOF,2.1562302,1.9756572
ETOYUK,2.9554286,2.2166715
VUHGOX,2.8762436,1.9564676
FAMTEW,2.555149,1.198697
MACKOU,2.9317548,2.6081855
QASGIE,2.9086251,2.0548553
CIGRAP,2.7731123,2.6930401
JEXHON,2.660185,1.6969837
AWUPUG,2.5635848,2.0550117
LETWIT,3.1113498,2.480873
RECZEI,3.0000553,2.6359048
WAKYOA,3.6076856,3.3059878
UKANIF,3.8457851,3.760941
ODIGAJ,3.1671333,2.7710023
ICEFAB,3.3546197,2.3654923
ZEPWUQ,2.7254925,2.586722
TUKLOD,2.9148836,2.4764829
DUGMAU,3.4158454,3.4734588
CUSDIG,3.2101274,2.6071994
ZEJGUU,2.3448052,2.1860666
XOTCER,3.2359781,2.0887003
YOJSEV,2.9570613,2.8412793
XAJQEI,2.9703948,2.2184868
DACFOG,3.3976138,3.1059756
FELVIF,2.1121478,2.058772
HOMFEX,2.4122894,1.6240836
MACKIO,2.7976027,2.6320813
FEVRAD,3.9832027,3.875866
IKOCOC,2.0422146,3.190549
JATHAR,2.19868,2.4181151
ANUDOF,3.1894467,2.375731
QARYER,3.5279562,2.764594
IYIHUW,2.6283479,2.8030882
XAFKIC,2.7165127,3.092974
ZISWIL,2.7916162,1.9954836
VOMDAD,3.2030523,2.4755208
QUKWAX,2.4577324,1.6485987
KAVMAW,2.9940689,3.1642861
VUFMOB,3.5470042,2.97893
FUYSUQ,3.5546234,2.9346645
FAPWEA,3.2748904,3.2150238
FUSQUI,2.6133816,2.9815328
AWOJEE,2.2185442,1.6764885
IYIJAE,3.209855,3.1710603
HUYNUN,3.567957,2.7479239
QUMQEX,2.676784,2.56973
PIHVIM,2.9459047,2.6834154
OHECOW,1.7537738,3.0362616
KACLUZ,3.1769292,3.0669272
ETOZOF,2.9173326,1.8929148
KECBUP,3.2762508,2.8349974
YAPMEL,3.0773356,2.1361923
KEVLIK,2.97747,3.418419
NENVEL,3.3524427,2.5568564
HIFBAD,2.4463036,2.324505
FEZPEJ,3.4759824,2.6100147
MUDZIX,3.068628,1.9718893
IMOGOJ,3.5121737,2.9896178
EYONAK,2.8914819,2.0059774
QAPMAZ,3.716259,3.378558
ZOKKUJ,3.0884924,2.2743201
ZANPEM,3.2327127,2.5297515
TENZAR,2.1518764,2.3261075
PACCAB,3.2653663,2.4571967
ZANPIQ,3.0680838,2.4097576
KUXJEV,2.4778688,2.6815765
ZEPXEB,2.7420914,2.6033618
FUZCEL,3.4569345,2.6480463
JAQCEN,2.5823605,2.9783237
XEHBOF,3.8683708,2.99285
USOZUA,1.7989447,1.9319398
UPILAJ,3.1146152,2.897355
FUYSIE,3.458295,3.1961384
CIKXOL,3.126044,3.0119994
LUMFOR,2.635695,2.0019412
WEFQAA,3.6830611,3.3874216
YIBKAW,3.2659106,3.2227933
XOTCAN,3.6852381,2.6299489
FUYPOH,3.3279526,2.3572857
GIRWOW,3.2463183,2.4238124
FAMTAS,2.5586867,1.2160916
EHUXAJ,2.581,2.5191245
BOZRIS,2.8308005,2.730256
YEDNEE,3.0966558,2.1826298
ANISEY,3.5478206,2.987542
DALXAP,0.21442573,1.4375767
CAHDEY,3.5603378,3.033003
QULCUY,3.348361,2.39732
QIQDUT,2.901006,3.0079274
UJUKAN,3.1755688,2.5860262
FEVQIK,3.9832027,3.8766074
KAPYOS,3.6060529,2.7913213
JIJKAS,1.9268383,1.7555364
LOWPIZ,2.8852234,2.3027172
TURTAE,2.8073988,3.3976135
RUHLIS,2.715152,2.2975078
LUNTIA,2.69556,1.9217054
IDUJIE,2.2212656,1.4630388
JAVVUY,3.8359892,3.6245208
UMENAD,1.8833001,2.4434516
DEKMOZ,3.9848354,3.5194967
TEYKAN,3.2250936,3.0114284
TUKYOQ,3.023185,2.6796522
SUBVEQ,3.4455056,3.084584
FAXNUR,2.8898492,2.3274841
TURHIA,3.078152,2.957806
ZEPWAW,2.5224955,2.5643783
QAKQIC,3.7029254,3.3044686
VASMIL,4.182662,3.5496628
XAFCUG,1.9992205,1.8710495
GAMYEC,3.0974722,2.2162828
WAZBUU,3.4313557,3.1341822
FUHXIS,2.5834491,2.5574439
NARGOG,2.088746,1.624655
NELWIM,3.3255036,3.052609
URUXUB,3.4607441,2.441145
WENWOB,3.453397,3.660677
XAQFII,3.0509405,2.8777106
NAHMUI,3.0332532,2.2381766
XENCAW,2.9282172,3.0014226
XEHCOG,4.4898787,3.5136297
EBAZUG,3.26455,3.0760145
JAKPEU,2.6226335,2.2154288
VOGFEG,2.8922982,2.478476
TEPBAV,2.6541986,2.5454552
ICEFIJ,3.5744877,2.853521
NAHMOC,2.7673979,2.1495628
MOCZEM,2.432698,1.6195297
CECBAR,4.880362,3.671949
XAQZUO,3.3007412,2.9479036
WIYZIR,2.9244077,2.1313221
QIQMUC,3.57993,2.5413313
CIKSAU,3.3829195,2.6165195
HUGQOS,2.9959736,2.8796122
JATMEA,3.3105373,2.8179667
ALIMOA,2.1529648,2.2945323
NADNEP,2.8332496,2.6732981
VUHGUD,2.9543402,2.5093184
FUJJOM,2.8493042,2.6717517
YAPLUA,3.0702608,2.1210186
PIVNAM,2.7682142,2.2612343
EQISAA,2.449297,2.1608403
TENYUK,2.750799,2.5719028
HADCOI,3.182916,2.7373455
XAFKEY,2.3129678,2.7722719
KAPZAF,3.4302673,3.012833
JATLID,2.750799,2.5768116
SUCRUG,3.3440073,2.5579274
WAWSUM,2.3701117,1.6596861
VAFYAG,3.274074,3.0922847
ONOLIP,3.001416,3.1671042
SULCAG,3.0713491,3.0231867
JOCHAM,3.1222343,2.454183
RAJDUF,3.7965326,2.505312
FIMXAE,2.8256304,2.024136
KUGWER,3.4229202,3.192069
AHIGIK,3.3442793,2.6718514
HISMUV,3.281149,2.6256204
VIBVOS,2.4419498,2.125143
UGOPEO,3.2367945,2.607008
WAHGOF,3.9968085,3.118947
DOVPIQ,3.0642743,2.2860556
BIVLEA,1.990785,2.2024708
AJOBIN,2.530659,1.8430785
FEVQAC,3.9783046,3.9225044
PAWHUU,3.8014307,2.5305316
DOVPAI,3.1848207,2.64078
XECVEK,2.497461,2.101011
UVOKIC,3.352715,2.6418338
HADKOQ,3.3663206,2.5673027
PUXSOT,3.2272704,2.1373527
OVISOE,0.12353969,1.918874
ZEPWIE,2.7246761,2.568411
SICVOT,3.0011437,2.2285767
LUNTAS,2.4601815,1.9054296
IVALAV,3.4955747,2.3513594
SOFCUM,3.1159759,3.4677744
YAPZIC,1.8694222,2.2588475
TENZUL,2.901006,2.971386
SUQROO,2.0068398,1.7521291
JARQOM,3.5426505,3.1138108
GUCPUP,4.0561295,3.859424
FAKBIG,3.3831916,2.9655936
XAFSAY,2.8642704,2.265695
HUHGOI,2.368479,2.0486288
IDIMAL,3.2419646,2.9397256
JAZQUA,3.5859165,2.6249638
JAQBIQ,2.1646657,3.2577534
ALINER,1.8895587,1.8907319
OJANUL,2.9929805,2.3649454
SOGMAD,3.1143432,3.473012
AJOBAF,2.559775,2.4825978
IWOLIS,3.3184285,2.5370579
WIHPEI,2.5992317,2.7421145
HALQUK,3.321966,3.3415627
ZAVYIE,3.9725902,4.124641
NEHBOS,3.4517643,2.8404324
UQURAC,3.8183017,2.93151
IMEXOQ,2.635695,2.5519392
XEMNOW,2.822365,2.9833026
MOFVEM,4.3312364,3.48383
DIYJOO,3.252849,2.7369795
TEWDII,3.9559913,3.258364
VEQRES,3.675986,3.0611293
MEFKUH,2.3412676,1.7453032
DIVFAT,3.1320305,2.732944
BAHWIU,2.612021,2.4155645
YUZJUB,3.8493228,3.5898104
MUYHIA,3.2827816,2.9127016
FEHKAF,3.4574788,2.9238358
QARYIV,3.5459158,2.8168635
LIBPEV,3.348089,3.5746102
DEHHOR,2.925496,2.690546
ADOXUQ,3.8229277,3.7859168
NIFMOI,2.7257645,2.1060972
OJEWOP,3.8101382,3.284922
CECBUL,4.5538254,3.5105677
DACGEX,3.4003348,2.9591691
FUNXUK,3.1328468,2.2167275
DIYQUB,3.123595,2.5961835
JARQUS,3.5709503,3.1272097
PUBHUS,2.0201733,1.3358173
ABICEU,2.8207324,2.814389
OCOZOZ,2.9233193,2.6057844
PUJVAT,3.7268715,3.1814675
FIKGAL,3.6098626,3.098035
NUWKOF,2.8659031,3.384782
DAQKEP,2.9197817,3.2685332
MIWSIY,2.9309385,2.5515592
QEQRIR,2.8893049,3.0270503
SATMOR,2.853114,2.373512
UJAWUA,2.9072645,2.955537
IYIKAF,3.314619,3.0314314
KUFROV,3.2256377,2.6070101
IXEWOA,3.4577508,3.6368191
FUZBUA,3.4781594,2.6533036
BIQZIO,2.6707976,2.1388273
BOWSAI,1.6805753,2.6311555
ZEJHAB,2.3586829,2.1611118
JATKAU,2.6414092,2.3656673
DUBWIJ,2.1518764,2.032135
GILKIV,3.3499937,3.3473778
ITEQIH,2.9385576,2.6393485
LUMGOS,2.9535239,2.178656
UFIPUY,3.4757104,3.373167
TAHGIW,3.393532,2.693578
DERRAX,3.0952952,2.2744927
SAPWUC,2.3412676,2.4391942
DIGNEQ,2.5861702,2.9616764
PONFOR,2.9404624,2.0338187
GUBFER,2.8506649,2.7466803
OYOLEW,3.6060529,3.1828058
AHAQEI,3.302646,2.555404
ISUCEH,2.927673,2.7504344
WATMEL,3.044954,2.9970887
UJININ,1.7415287,2.6320338
UJEKEC,3.678163,3.5512724
OWEHOQ,1.4658774,2.2775626
YAKWOA,2.5886192,2.491777
HADKIK,3.5440109,2.4817832
DOWTIV,1.9328247,2.3742166
IQEZEM,3.341014,2.660011
SULBUW,3.3867292,2.8477054
LECFAE,3.350266,2.9572165
JEZNUX,2.5804558,2.7092977
SUBFUT,3.128221,2.8833654
CUQNAG,3.0223687,2.8692763
XAQFOO,3.1603303,3.1140256
KUKGAB,2.2454836,1.9488628
VANZIX,3.0699885,2.4968529
JARRED,3.6664622,2.9431536
FEVPUV,3.3736677,3.3962448
ZOYKUT,4.101028,3.3053231
FOTKIL,2.6354227,3.3144162
FUMRAJ,2.649845,2.412606
KALVIG,3.183188,2.893645
SUQCEP,2.6367834,2.648342
HADKUW,3.4517643,2.5269542
DEJKAI,4.3486514,3.3469062
UGEKUO,2.6199124,2.9930015
UXOKEA,2.2577288,2.1331668
YOSNIF,2.7638605,2.116055
TAYFUY,3.0027764,1.8452141
PAWJIK,3.6743536,2.58083
MORRUJ,3.243053,2.6475112
XIQLES,2.944544,2.681867
EDOBOP,3.6359854,3.1389253
UTUXEP,3.1527112,2.9738238
XAQGEF,3.0514848,2.8923554
MOZROL,3.969597,3.0135145
OYOLAS,3.474622,2.7870402
DUMBUL,3.0294437,3.176221
MUHGEC,1.9994926,2.640863
OHIGOE,2.3238523,2.2222185
FUHWUD,3.3064556,2.548951
RERRAH,1.2024711,2.956791
KAPYUY,3.5733993,3.0011277
PUXMIF,3.558705,3.0884304
OBOJOI,1.3317252,1.5403454
WUCQAP,3.702109,3.0732765
VOWHUN,2.8528416,2.0235949
GATVAB,3.1864533,2.6553226
AHIGOQ,3.6025155,2.9375405
RIQJUA,2.7358327,2.4698484
RIZZUW,3.7774847,3.2165625
HADDAV,3.6221075,2.0875788
IROWUK,2.0735075,2.3116827
ETOQIQ,2.4724267,2.4019742
HANQAR,3.2963874,2.7523832
SUHTEX,2.3886154,2.407517
UVIHAL,2.6346064,1.6750612
GIRRIL,3.2055013,2.315858
DIVFOH,3.1249557,2.7350857
TOCWUH,2.818011,2.3798244
ORUHAL,3.0084908,1.9815941
MUPBEE,2.286845,2.4260073
IWIJUW,3.1815553,2.7239902
MIBZUW,2.1426246,1.7949599
ABUHUB,3.006858,2.538703
UTUXOZ,3.0574713,2.9725924
IHOREF,3.7706819,3.3946447
SETSOC,3.1372008,2.8097444
ONOKUA,3.7170753,3.3067164
WAHHAS,3.312714,3.251001
BIGCUT,2.850937,2.521711
WAGYOS,2.7521596,2.9649422
UTIREX,2.3077977,2.4302254
FUZBOU,3.4925814,2.6610842
UVATET,3.3426466,2.9590762
JEKTAY,2.3573225,2.1769924
KUKFEE,2.4996378,2.239277
JUWLOF,3.312714,2.6856346
IDIQAO,3.8253767,2.9457107
NERNAD,3.2631896,2.5246873
NARGUM,2.10344,2.0574121
MIZTUO,3.4876833,3.2708457
ABONOV,2.7031791,2.6537788
ZEGTIS,3.5434668,2.6188116
GULXIW,3.2702644,2.8489423
LEPNUT,3.1382892,2.8085778
IHORUV,3.6553056,3.184574
TACQAT,3.2446856,2.4739718
EHUXEN,2.8914819,1.9525535
IYIJIM,3.353259,3.098206
BAJHUT,2.7254925,2.577489
RAQKED,4.0977626,3.2536511
PAWJUW,3.8689148,2.653938
MIJMUO,3.0653627,2.7172976
VIVQEA,3.0759752,2.9037154
XILLAJ,3.0705328,2.795597
FUYTAX,3.2754345,3.1850157
XUCNUH,3.6193864,2.9673538
QUMPEW,3.0577435,2.8382492
POJNUB,2.0906508,2.8601682
YIKHUZ,2.7804594,1.8293866
FEVQEG,3.9774883,3.9168239
WEYFEP,1.9464304,2.2198596
ACIWOC,3.0754309,2.3467026
SUVGEV,3.761974,3.482401
HISMOP,3.0895808,2.7226481
JERPEF,3.126316,2.6645203
AMEDEE,2.690662,2.620758
FUTZOM,2.898557,2.4920309
FACHEY,1.8958173,2.283764
OJEVEH,4.2528677,2.6844337
FUZCIP,3.2103994,2.8150313
LESSUB,3.109173,2.7885854
ZITQOM,4.676549,2.8905883
WIVVEC,3.558705,2.88023
ZIHKAC,4.428381,4.1955137
MELJIZ,2.6675322,2.631528
LEHFIP,3.0022323,2.7677567
FAMSUL,2.5646732,1.281671
ZUYMAK,2.0511942,2.373176
FUYSAW,3.6574824,2.6992464
DAHJEF,3.1148875,2.7833304
ALIMIU,2.088746,2.1980517
NIFDIT,3.5410178,2.9557414
UVASES,2.8133852,2.4790914
XAWPOE,3.1064517,2.4577281
YULSUV,3.1812832,2.6817217
XUVKIL,2.9937968,2.1525428
DIPLEX,1.7262903,2.310617
FUZBIO,3.51816,2.8945208
CIGTOF,2.6963763,2.440714
JEYVER,2.619368,2.5390599
DOJZUB,2.5997758,2.373372
GEFHOR,3.8340843,2.604683
JAZREL,3.5646915,2.9426694
DACGAT,3.4185665,2.9347594
HILHAN,2.50889,2.5619876
ERAYEE,3.3192449,2.995717
WIYZUD,2.4971888,2.8504071
YOTGEW,2.339635,2.245936
SUQRII,2.0713308,1.7271365
JAGWEX,3.4577508,2.3374846
HEDPEL,3.120602,2.5148337
FOVSIU,3.2585635,3.1608038
AMABIA,2.389976,2.422441
DEJGUY,4.116811,3.4300191
VUFMAN,3.2471347,2.7560577
NIDJIX,3.8305469,3.500445
UTIRAT,1.7801689,2.374774
MEYXEW,2.9186933,2.6274424
HIFSEY,2.5967827,1.9639217
INAKUG,2.8596447,1.8893235
BAYJAM,3.395981,3.5013213
IYIJEI,3.262101,3.001736
WUCQET,3.5508137,2.896716
VEXNAR,2.1298351,1.9677508
OMIWEP,2.9793746,2.4708397
JIJJUL,1.8525512,1.7726529
ZIPREZ,2.5135157,1.8915
MUHGOM,2.7537923,2.8027442
TURHAS,2.9377413,3.2612412
FELVOL,1.9665669,1.967797
KALVUS,3.3284967,2.718076
FEVREH,3.98157,3.8728733
SAWPOV,0.18530954,2.3593876
XILLEN,2.595422,2.4383783
ESOHIG,3.0939345,2.355232
BUZPOC,2.2185442,2.6520743
ZEJHUV,2.3412676,2.2067583
AZIBOC,2.475692,2.1334739
EBAZOA,3.0713491,2.5485625
CIJLIU,3.3772051,2.5473466
RAFCIM,3.1358402,3.6507566
FUYTEB,3.1622353,3.119302
QAQCAO,3.5412898,2.6741776
XEMPAK,2.4509296,2.2320852
AWANET,3.1358402,3.134754
ACUDAH,2.6895735,1.7957454
YEZQEA,3.0729818,3.1380243
NIFDUF,2.4313374,2.8203492
JATKUO,2.5959663,2.7269075
ZIKXAU,3.5385687,2.8366323
HEDGIK,3.2389712,2.4820774
TENZEV,1.9823495,2.5540903
EJAPUC,3.0237293,2.946583
DODVIE,3.4553018,2.8706362
CEYBAJ,3.659115,2.8239298
DOFVIF,2.8087592,2.6599445
AHIGEG,3.4008791,2.9070635
RUQMIA,3.326864,3.4702315
XEMMAH,2.3505197,2.7474685
UFIDAS,2.6299806,2.1846852
IWIJIK,2.70971,1.905199
HOTWEV,2.4392288,1.8284882
UTUWIS,3.206862,3.1381392
CUQKIL,2.920598,2.9096801
VEBKOG,3.5097246,2.6435568
SUQDEQ,3.1948888,2.7931783
YAKWAM,2.585898,2.1894376
KERPAC,2.344533,2.8832927
VENSOA,3.7671442,2.8694272
ZEPWOK,2.7687585,2.6119483
FIDXOJ,3.5875492,2.9250028
ALINIV,2.1545975,2.2876666
IFOGET,3.53748,4.5238314
CAJBOH,2.8269908,2.5231466
LIVCUS,2.5622241,2.9221714
AGIWOG,3.4259136,2.8995178
SERDEY,3.878711,3.9211648
FAJJOP,2.7878065,3.245265
FUYQIC,3.4155731,3.199411
HEWTAI,3.2920334,2.6019342
IVALEZ,3.551358,2.8643649
ONAHAP,3.0365186,2.2030606
MEMNEB,2.738554,1.9937449
FUJFIC,2.4846716,2.4512188
MBZYRH,1.6862895,2.021119
QUNBAC,4.0071487,3.189087
ORUFOZ,2.9399183,2.3826995
VUQBOB,3.3918993,3.2919326
DARRUN,3.7015648,3.121779
UPOLIV,2.9001896,3.2325776
ECITET,2.592701,2.0964808
LEVWAO,3.3423746,2.5670207
AHIGUW,3.8923166,3.4137025
MOBKOF,2.569299,3.3198428
ISUCIL,3.1508064,2.9043295
SAYQUI,2.7287579,3.2329419
ALIMUG,2.1760945,1.9070249
YEJVOB,2.50889,3.071361
YABQEB,2.9216866,2.333405
SOZLAX,3.3578851,2.5308092
FUYVON,3.6188424,2.7409573
JATLOJ,2.3094304,2.2230752
RAMKID,3.0773356,2.5961666
LUPYIH,1.7371749,2.8673859
PIMHAY,3.049308,2.829607
ZEJHOP,2.0974536,2.474003
WEJPIO,2.3162332,1.7963127
DARSAU,3.3905387,3.088532
UWELEP,3.302646,2.6914134
EJISOF,3.5959847,2.876171
XOGCAA,3.3742118,2.3091547
XUCPET,3.5948963,2.9079282
BIGDAA,3.149718,3.2498453
QUKXAY,2.638688,1.8842951
LIVDON,2.3603156,2.5963573
JARRAZ,3.4683633,2.9010937
XISGUF,3.2825096,2.5750444
NIFMIC,2.7118866,2.1515164
QABHEK,3.286319,2.734124
VEGDUK,2.0944605,2.0915093
DAHHON,3.1344795,2.7683775
DIPMAU,2.2280684,2.0749602
TOSTAZ,3.1372008,2.4538598
XUCPAP,3.5287726,2.6617305
ZUTHUU,1.959764,3.4069865
DAHXAP,3.054206,1.902512
AXUYEA,3.5834675,2.4415534
AKAZAQ,2.2955525,1.5793251
KALVOM,3.0095794,2.8797686
WORJIZ,2.8218207,2.3800993
ZAMGUT,2.5292983,2.6329548
XOWTUB,3.0737982,2.6548955
BAJJAB,2.4147384,2.1597443
HISVOY,2.3766425,2.6856866
OZAMUA,3.16414,2.571719
GIQSIK,2.3929694,2.4133518
WUCQIX,3.7693212,2.860652
ZOLKUK,4.1013002,3.3121033
ORUFIT,2.3989558,2.1019454
DEQHAI,2.3556898,2.511822
MEYXIA,2.9257681,2.476181
UKIMUZ,3.2136648,2.1675558
UJUZIL,2.478413,1.9826925
KELYUZ,2.246572,2.7372096
JATLUP,3.0931182,2.71941
SUQREE,1.981261,1.6831838
LEVCEU,3.171215,3.0732753
FAMTIA,2.5627685,1.2950742
DACFEW,2.8591003,2.9378014
BIHXAV,2.8786926,2.3745608
UVOLOJ,3.1132548,2.4364965
HERQAW,2.8337939,2.5335414
AJAMIK,3.2465904,3.2340436
TIMTIW,2.9464488,2.4836955
APASES,2.8120246,2.8259091
AJUVUZ,3.1576092,2.63373
HALVEZ,3.6482306,3.22118
VUKCEM,3.659115,2.6901445
KATSEH,5.188939,4.062161
JERNUT,3.651496,3.318531
GOZYUS,4.691515,2.9763298
KALVEC,3.3279526,3.1998708
ALOMUM,3.1586976,2.2306724
LAMNOE,2.1641216,2.3472078
UFODOM,3.484418,3.2133634
XAJQIM,2.8814137,2.2408977
SEQSEM,3.4498596,3.3461008
QICHUJ,3.8841534,2.9872437
TICREG,3.1031864,2.466999
PIFXUX,3.5328543,3.734291
JEHNET,1.9385391,0.5213609
QECRAV,3.3235986,2.552946
TENYOE,2.7268531,2.4964852
PAWHOO,3.5603378,2.6069183
FUYPUN,3.3467283,2.4010246
DEKMUF,4.354366,3.4595041
UQEZUN,2.8645427,2.0819404
HUFPEG,3.4972074,2.401251
DONHEU,3.0789683,2.5902746
AQEMOB,4.022115,2.8399427
CURLIN,3.058832,2.5554519
HULKAD,3.2991085,2.3011296
SARWEP,2.9004617,2.5922618
RIZKIW,2.7246761,2.979361
BIGZEA,1.4805715,1.5321207
KUZSEG,3.2925777,2.0058148
MENKEZ,3.3638716,2.3763356
JOJPIL,3.5268679,2.398497
EPONAZ,2.9399183,2.7297482
NOVCIN,3.276523,3.1472878
VESDOQ,2.9246798,2.5897987
NIMSOV,4.213683,2.4498055
TUKGAK,2.100719,1.9727516
COVKEG,3.347817,2.6668515
MIFBEJ,2.0558202,1.9272068
FAGTAM,3.7538106,2.4315414
CADMIH,3.6961226,2.5956948
RACLOA,2.0808547,2.0484278
OJAGEO,3.5973454,2.7155118
HUFYUF,2.0852084,1.8106606
LOVQIW,2.6155584,2.0270526
CUVLIP,3.4765267,2.3607259
FENPOH,2.3091583,2.2599983
XAPFON,4.1116405,3.0665674
QATZUK,3.907283,2.582939
IWIPUB,3.3284967,2.1660314
CUJZEM,2.6261709,2.3010223
TEHCES,3.4738057,2.7191958
REYKIT,3.6678228,2.7296948
SUPSII,3.066451,2.3164265
IJEWAY,3.2052293,2.498636
ZABHIX,3.9252424,2.6869903
BUKSEI,2.4027655,2.7192261
HOVROC,3.0321648,2.6398187
HIQPAZ,4.0136795,3.1541803
JULPEO,4.5916495,2.9391725
NUSGUF,2.5328357,2.4144375
XIVGES,2.63379,2.054613
NOVJOA,3.1989706,2.927332
TAZPUJ,1.7009838,1.952714
WEHMAB,3.6931293,2.6385455
ALAJIJ,3.824016,2.7818677
FAFFEB,4.5249815,3.4545648
EMODAO,3.2142088,2.625582
TUNHUG,3.0082188,2.2416348
NAMMEX,2.8155622,2.320776
UCOHEZ,2.8756993,2.6283455
PUNHAK,2.7883508,2.1652827
PUDRIS,3.126044,2.5692556
ZUSVOB,3.2819653,2.7552023
LABMOU,3.6193864,3.1246908
IDAVES,2.3143284,2.3416216
IRIWEO,2.1279304,2.5222893
WUSKON,3.1625073,2.4542859
BINBIN,3.369858,1.7501373
RAMWOT,3.159514,2.3812885
SOQJIU,2.4288883,2.0881915
CUZHAJ,2.327934,2.1207428
QOSPUM,3.0240014,2.5923061
DEZPIJ,3.532582,2.6667178
SETZEA,3.2493117,2.698292
GEVCUH,3.008763,2.2523031
VASDUS,2.8781483,2.7834923
PUYJOL,3.8052402,2.8996484
ZABHUJ,3.615849,2.6101882
GEKDOT,3.5029218,2.9892895
TUQCAM,3.3499937,2.8483708
QOCZOB,3.4465942,2.375966
HOVKOV,3.5301332,2.5478654
XAJBOZ,3.228631,2.3682165
RIDCUG,2.6299806,2.3053083
ASAKEN,3.5252352,3.3746612
RECZIM,2.939646,2.2892313
CUXNEQ,3.3905387,2.8144064
ZIJKAI,2.2686133,1.8886883
LUMTAR,3.0931182,2.0826807
BUPZIY,2.903455,2.2432668
YAWVEB,3.4691796,2.2753835
GINQOJ,3.2738018,2.6291115
WOVTEJ,2.5431762,2.4205925
IJAGUY,3.393532,2.4675426
IZIWOG,2.5018148,2.3929093
WAFVIM,2.5676663,2.4273062
TARLOR,3.233529,2.4034162
LUGWES,2.7673979,2.6182055
OGUNUC,2.552156,2.6643553
XARXIB,2.6901176,2.4678605
RAFHIT,3.0882201,2.1057093
VANCEW,3.307272,2.4316583
UVIMOE,3.656394,2.4895182
ZOVKAZ,3.1630516,2.3766296
FUTKOX,3.2136648,2.4836507
RUNXAB,3.247679,4.261796
GIDLEO,0.94477934,1.5536923
NEBKUE,3.715987,2.836416
YIPJOA,2.6824985,1.8991878
FEMJIU,3.5282283,2.277264
NITZOH,3.1769292,2.3274474
INIXUB,2.3069813,1.8972158
JARFOB,3.2416925,2.223217
CESQUO,3.0697165,2.5332832
EPOXAL,3.4400635,2.859603
MUWCIT,3.1467247,2.9433692
LUHKEH,2.7573297,2.4838839
PELPEF,2.0588136,2.4906464
RUKKIU,2.1023517,2.1872897
NAMMOH,2.53338,2.1738353
NONXAR,2.6590967,2.6782918
JETWEO,2.5276656,1.7898295
EKEFOS,3.393532,2.5967379
SIJKAB,2.757602,2.2188952
FEZTAJ,3.1995149,2.3352938
POLMAI,3.1733918,2.5368927
EWUDIM,3.6569383,2.4030619
SUVKEC,1.7298279,1.5314884
LISVUI,3.3173401,2.690595
DIVCIY,3.1080844,2.1603892
IJEXED,3.266727,2.5991921
LUHKIL,2.7167847,2.5252664
YADJOG,3.1633236,2.5722713
QITYOL,2.2212656,2.3881898
NUWQAX,2.0930998,2.0653484
OVUMAW,3.2185628,2.4635847
XEVQUO,2.41365,2.25023
WOPVAB,3.126316,2.7237792
PIFBIT,3.06373,2.9282374
FUXCEJ,1.7401681,1.8884343
OPAKIC,3.8781667,2.9829574
ZISFOA,3.1195133,1.9822941
BOZWIZ,2.0615346,2.3973854
POCVAI,2.9143395,2.2835345
ZIXNAZ,3.4874113,1.9022708
YEJHUT,3.3714907,2.6736438
CEDHUS,3.1567929,2.5860186
NUFTIR,2.5807278,2.1505551
YULSUW,3.1635957,2.8130708
TAGVUU,1.7164942,2.2920213
RIYHIU,2.915428,2.2359333
SUHRET,3.450676,2.9507775
WUGNOE,3.7075515,2.1133585
KILMAX,2.6642668,2.201264
ZISSUT,2.7214108,2.1483066
SIRSES,3.3415582,2.5886345
MUWBUE,3.1369286,2.7621996
VOTHOE,2.719778,2.3889241
WIGZAN,2.9788303,2.841233
ZARDAB,2.9665854,2.39288
DIRCUG,3.9347665,2.506647
QEZMUH,3.2030523,2.5941176
LUCNAB,1.8672453,2.3933823
UVOBEP,2.9497142,2.1284778
VUKBOV,3.6057808,2.584444
KIWFOO,2.9148836,2.1713946
IJETOJ,3.185365,2.5355637
YIBMUR,3.7040138,2.8491113
JARFIV,3.1872697,2.269729
SUGHAD,3.410403,2.8401878
DINTON,2.533108,1.7331469
YAZRUQ,3.599522,2.8861554
NEQLII,3.0539339,3.0494218
QAVSUF,2.3341928,2.273035
WARSIV,3.5570724,2.2584116
KIKZOX,2.5641289,2.05626
VASHOQ,2.743452,2.2610276
TOWYAI,3.0558386,2.4505684
DUKRAF,3.2865913,2.497775
XAZGEN,3.0299878,2.2955542
XAJCUK,2.9690344,2.2881134
RUKKOA,1.8944567,2.18158
REPYEU,3.140466,2.7452033
YIWPUR,2.6395044,2.60239
SUKDEK,3.7690492,2.5966735
XUBMIT,2.6452188,2.342071
IQASIF,3.9018407,3.0417454
ATODAR,3.1372008,2.5677023
ZARKEM,2.7546086,2.2203307
PEDDIP,2.129291,2.0356638
WUCXAT,2.5083456,2.4163773
KADDUS,3.6811564,3.0559585
BIBNAE,2.6925666,2.548457
PAGSUM,2.430521,2.4793344
KIVTOZ,3.1548882,2.680439
VEKGEB,3.3401976,2.4449618
HOVLEM,3.535031,3.1238594
XARXUN,2.5377338,2.1471612
SIMBOH,3.5031939,2.588076
KOBNUL,2.581,2.3555052
NELMEY,3.6261892,2.6529963
DIBPAJ,2.9083529,2.1608133
NIMTEM,3.4566624,2.31537
USOKOF,2.549707,2.2168143
DACKEB,3.455574,2.8007898
DIQPOM,2.9137952,2.1108208
IJEWOM,3.1840043,2.5056324
MUKGIL,3.1559765,2.7221255
QIMNOR,2.9426394,2.596154
PAJSAY,2.19868,2.0721684
MUSFAK,3.3573408,2.6733582
BUBWON,2.3507917,2.0444095
PANJOF,3.006586,2.8865252
CUJLUR,2.7257645,2.3938103
DUBREY,3.8724523,3.2230468
FOFKAQ,3.4182944,2.6061563
LUTGUE,4.0512314,3.4482753
PUMBAD,3.1869977,2.1560292
WUCXEZ,3.7774847,2.679785
NAGBUW,3.7489126,2.8755116
KAPFEM,3.4196548,3.1344469
ETUMUE,3.1372008,3.1401446
BEQPAS,0.34612882,2.623788
QEQNAF,2.401677,2.1857681
KILMEB,2.662362,2.2609305
DEVDUH,3.9723182,3.5531876
LAWZIT,3.1412823,2.8089814
SUTLOL,2.7186897,2.479547
FICGIL,3.0411446,1.8145291
PUTKAT,2.3856223,2.5737603
SEDNEY,2.158135,1.817213
MIQDOJ,4.298855,2.731108
EGOGEN,3.1480854,2.5637686
CIDXOG,1.0987958,1.6257132
JIGWIJ,3.0884924,2.332579
RUHCIJ,1.7066982,1.9777526
SUBGUU,3.4014232,2.438919
ZURREL,3.5042822,2.7787507
HOVRAO,2.1880677,2.1775663
WUJROL,3.4982958,2.3359067
IKUVEQ,3.028083,2.3606129
IJOQOO,3.2055013,2.9411604
PIRMOW,2.3916087,2.9395463
GUKYIX,2.9410067,2.2369282
NOZNOI,2.7214108,2.465427
JERYUE,3.4433289,2.892757
ZUCGUC,2.68141,2.1828709
UKIFEB,3.2302637,2.3632257
FESVOS,3.7083678,2.48111
WADTUU,2.9459047,2.605154
WIRGEN,2.8264468,1.9481475
ZUYTAR,3.9451067,2.3347876
EPOLAX,2.8267188,2.3479192
QIDWUV,2.7801874,2.5072727
OLOHON,2.5388224,2.4847586
FAVVEH,2.7355607,2.6979036
FEGRIW,3.4120357,2.4764206
XILLUD,2.354329,2.3622365
ZOHRUN,3.0871317,2.3943179
VURJUO,2.9426394,2.1273835
XOZPOR,3.474622,2.4007788
VUYKAE,2.5608635,1.8140513
SUXHIF,3.3978858,2.085795
YIWNOL,3.0011437,2.2820628
KOZMEU,3.866738,2.6162057
YOTKIE,3.1815553,2.40889
KESMOO,2.8993733,2.6619065
MOJNEE,2.5943336,1.5694507
RECTOI,3.2498558,2.449015
KIMCOC,4.358992,3.2097158
JUTFAI,3.056383,2.8908768
MOGPII,2.382357,2.1688488
ECUSAW,3.0484917,2.3305957
YOWZES,4.1328654,3.3732877
POMBUS,3.2844143,2.7708485
KAYTOX,4.0207543,2.9520583
QUDGEE,1.8797625,1.9807014
MEZSOD,3.2014196,1.8253517
LEXZIB,4.19137,3.0277736
HUCKUO,3.4280903,2.2909772
OWOJOC,2.6517496,2.1717687
UPIJAH,2.8076708,2.500064
RAQGOJ,2.3175938,2.390686
WIJQIQ,4.266201,3.1824956
ADAZUD,3.649047,2.8667576
UTELEN,3.0669954,2.2312236
TAHNEZ,3.0142052,2.8623545
REWQAO,3.7459195,3.0374062
XUXBOK,4.6732836,3.3928947
KEPQUV,4.1761312,3.287877
XUKZUB,3.5309496,2.5630143
MANVUS,2.2590892,2.108316
USOLIA,2.8879445,2.1208944
REPXUJ,2.7254925,2.5278826
KUXLEW,3.1102614,2.43929
KIMDET,3.9350386,3.269379
LINGUL,3.1818273,2.6318233
IBAWAN,3.1576092,2.6646948
UFIHEA,3.206862,2.1575654
ROHKAD,3.3850965,2.6160357
GIXYEV,3.408226,2.035786
LASVAG,1.6577177,2.1464853
JUTDIO,3.0786963,2.991741
NOBJAT,2.3483427,2.1914272
OVEGII,3.116248,2.3389094
MIFDAK,2.6607294,2.3667555
EXOYEX,3.8727245,2.556087
TULLUK,3.233529,2.3654215
JARDIT,0.73851705,2.1857958
BIMSOI,2.2258914,2.0788305
UVOMOK,3.224005,2.7194726
REVFUX,2.281947,2.3878465
CUZHEN,2.1665707,2.0867412
FIDTAR,3.7840154,3.1073065
OJAZEE,2.7687585,2.7572188
KILMIF,2.7088935,2.247265
SUXHOL,3.206862,2.1923919
VEWSOJ,2.8457668,2.7801175
UJORAP,2.0691538,1.8941169
ENOJEZ,2.466168,2.0646102
IGUQUZ,3.5450995,2.501457
FIWSOX,2.1048007,1.742559
NADWIB,3.293394,2.3661222
WIFJEE,3.6808841,2.4454465
QEZQUI,2.3268456,2.40291
REYXAY,2.4786851,2.331519
XAWGOS,3.084955,2.6065166
QIQFII,3.9339502,2.7318509
ODIROM,3.5627868,2.1601422
XIXPIG,2.0182686,1.9746354
CIQYUA,1.9902408,1.6714255
HUZMAT,3.226182,2.2929466
EKOGUJ,3.599522,2.6080887
BAXDAJ,1.8990827,2.0232008
NAGYAW,3.6501353,3.0672152
APORAB,3.345368,2.5643919
FUQFIJ,3.4645536,1.9410193
CETTII,2.63379,2.1183782
WULZUZ,3.1459084,2.5228875
LILFET,3.6691833,2.248129
ENEHUD,3.1347518,2.174674
HUFHIC,2.6653552,2.3661942
ONACOY,2.2775931,2.1653383
BUVVEW,3.661564,2.4785497
BAGXIU,2.9320269,2.7352498
WUBNUC,2.755153,2.3634393
WELMAF,1.2868265,1.935447
XOVPAC,3.0201917,2.3928165
JAZXAM,1.7450662,2.3531225
XOCGOP,2.698281,2.3750331
LUVHOC,3.5091803,3.45614
MALZEG,2.3333764,2.6076663
HOSYOF,2.6231775,2.073959
HUXWUV,3.161419,2.3474011
FEJLOZ,3.9962642,3.764027
AGEBIY,3.1551602,2.6239543
TEYQEW,3.1872697,2.381061
VUNLUN,3.6025155,2.5465767
KIBWIF,3.0669954,2.3486834
SOYVOT,3.259652,2.5453334
JIJCOY,2.9578776,2.3735373
NIJXEN,3.2079504,2.586428
HEGDEG,2.8928425,2.0583532
WEHPEI,2.6776004,2.3615618
GIYWUI,3.376933,2.4585552
EPUNUB,2.8648148,2.3542283
OJAFIR,3.453125,2.4546413
TOWYUC,3.0084908,2.2328126
NEYKEL,1.854456,2.5883439
BUWTUJ,3.5638752,2.192522
BARPUJ,2.4716103,2.4084172
BANVEU,1.8952731,2.213229
VUZPUE,3.3325784,2.312028
NEYBAX,3.3374765,3.0828602
WICWEM,3.6226518,2.5663953
YOBMAH,4.1380353,2.639982
TIQQOD,3.0748866,2.723468
APEQOE,2.7442684,2.468856
FEKYON,2.936653,2.3867624
NUMHOV,2.0939162,2.3146677
FELLAN,4.5108314,3.0402706
XAXGAI,3.31217,3.2753792
VEQZUO,2.4397728,2.3716505
MIFCUD,2.5208628,2.2887733
MASKOK,3.1312141,2.673834
HAXBOB,2.9064481,2.6874583
KUYMOI,3.465098,2.3462975
IQUGAF,2.77665,2.156002
YIRFUE,2.590524,2.0811136
RANGEW,3.0822337,2.392075
JUQXIF,3.7796617,3.489142
DOXMEL,2.4601815,1.821182
XEVQIC,2.4261672,2.198594
OGEZEH,3.2893124,2.1708221
HOVLAI,3.8052402,3.1045568
BOXWIX,3.4972074,2.3390172
MARZOX,2.244123,1.9003904
IQEGET,3.472717,2.4405646
CEKRET,2.657736,2.2798724
ARIMUL,3.4359818,2.9075675
AQODOC,3.424281,2.7573552
GUVGEM,3.3932598,3.014429
HUQQOC,2.549707,2.2256112
FELKAM,3.460472,2.79857
UWEVAW,2.6824985,2.3411114
XEZCUE,3.2876797,2.8387933
BUWKAI,3.0974722,2.0955865
FUBRIG,3.758981,3.3579552
KUZRUV,3.6463258,2.5928144
SOJKAE,3.0955672,2.574635
BEHRIP,1.6623436,2.0357504
JERLUR,1.5243819,1.629042
IRESEE,2.475964,2.1205542
WIDXUG,3.6808841,2.4400563
VIGVOA,2.8188274,2.5303602
REVPUF,2.9157,2.206798
RACXUS,1.9804447,1.6941403
KURMEP,2.4868486,2.274815
TAHZEK,2.9475374,3.0150356
ETUNEP,3.2087667,3.3473895
XIBSUA,2.7714796,2.274424
WAZHOW,3.3799262,2.8867517
XAWTOI,2.4931073,1.8833086
LIYWIA,3.1516228,2.4205463
FERMUO,2.8139296,2.124414
ZUXZUQ,4.0463333,2.806658
IWIJEG,3.8819764,2.71475
WARSUH,3.4920373,2.3315434
MUCQOT,3.467275,2.9238462
XOQBUD,3.226182,2.3645356
RAWCEA,1.7796247,1.6876335
VEVXUT,2.9238634,2.4218364
BAQGUW,3.2444136,2.710006
WAZWED,2.5178695,2.2469711
YAQGII,2.7026348,2.1444206
YAMPIN,3.3894503,2.1855216
TUQCIU,3.182916,2.5074985
VASTUI,2.6563754,2.4166024
UVITEB,3.577753,2.423126
HUNPAK,3.1108057,2.6559227
HAYVEM,4.1908255,3.1181195
ENAKOW,2.5105226,2.3144708
TEHCIW,3.2708087,2.6973782
TARSOY,3.1633236,2.6483884
TOVNOK,3.212304,2.411574
YOYWUH,1.9352738,1.7074485
OSAXIS,2.905904,2.5879931
HALLAI,3.059104,2.582076
VOBDUP,3.5529907,2.7611642
MILTIK,2.5494347,2.391366
OYUQAD,1.8242513,1.5564002
AQITIG,3.085227,2.3782911
QABCIG,3.735579,2.949929
HOVPUG,3.535031,2.475439
VEKROW,2.70971,2.254321
JORWOF,2.827263,2.2553313
WIPKAL,2.741547,2.2116454
MAWSUC,3.3222382,2.3796785
UZOJAX,3.3255036,2.2851074
EHOPEX,3.735035,2.7322571
NOBTAD,2.5328357,2.373019
JIZMIP,3.1565208,1.7561464
ZEVKOE,3.443601,2.8482053
ZUJMEZ,2.9565172,2.2664988
NUXLID,3.5200648,3.5737908
YUZCIG,1.8566328,2.2035992
IYOGAH,4.196812,2.7427065
HAZZIS,3.6264615,2.6846778
PESLAE,2.7303905,2.1752577
PIYGOX,3.1660447,3.202026
JUBFOE,2.9195096,2.2993326
MBPAPD,3.45122,2.6669025
TECLOE,2.9488978,2.3116422
YUMGAR,3.5377524,2.5235305
MEBJEI,2.5001822,2.2143345
HOVKIP,3.7837431,2.5191112
JUBGAR,3.0245457,2.3598497
IYECIB,3.3870013,2.4787486
NADLOX,4.2406225,2.9157712
EFOCUX,3.3663206,2.6109946
EZEWUB,3.7146263,2.7752142
YOCGOQ,3.3176122,2.7491052
LUWRON,2.3317437,1.9296994
IKUJIK,2.3222196,2.1605122
JUXCUD,3.1105335,2.3058617
MIQCOI,3.510813,2.661013
AJIVEX,2.0090168,2.2252393
YIWPIH,2.8876724,2.4862769
WAJNUS,3.505915,2.6699052
QIQVIY,3.7383003,2.5019205
KILLOK,2.6939273,2.2276037
UTIZOP,2.6269872,2.9165177
RUBMOS,2.9355643,2.3465354
AWIPEE,3.5595214,2.4005835
OCATIZ,3.6169374,2.500954
OWAVOA,3.422104,2.3198953
OTUSEE,3.4645536,2.8728318
LITZAR,2.8721619,2.764269
SIRPER,3.7739472,2.7771037
ARAMIS,3.6223798,2.825997
WELGED,1.6313226,1.8665285
QOXBEL,3.4289067,2.2313964
NAJYUW,3.312714,2.489148
UKOSAQ,4.295317,3.2219756
CUHCUG,3.4906766,3.1113343
EXUFUB,3.3731234,2.4150906
QAQKUS,3.5184321,2.7069514
CEMQOE,3.1140711,2.402132
FAVQAY,3.034886,2.77031
YIGPEJ,2.858556,2.396488
LISVIW,3.2365222,2.6497457
GEMYOQ,2.8327053,3.0186145
NALGIR,2.98264,2.331857
JERYEO,3.3619668,2.9199758
GAZLIG,3.0011437,2.3430128
SEYJAL,3.6787074,2.9153414
KUTRUP,2.3341928,1.7774286
ZUXFEG,3.6716323,2.3398476
VUQKIE,3.4060493,2.645314
RIDDAN,2.616647,2.4001505
HAXBAN,3.1431873,2.7321296
GEDYIB,1.8457483,1.558585
SEGSUV,2.404126,2.358884
MINTIQ,2.7687585,3.0941446
UHIKEE,2.6016808,2.5780478
YAMVEO,2.5728366,2.2442164
PUXXEO,4.3293314,2.7155058
XECFOE,3.1799226,2.6118762
QEZZUU,3.0476754,2.6202629
JOXPEU,2.6161027,2.6508715
SOLTAO,4.1287837,2.8589463
VOTFAN,2.9263124,2.2592788
NAPRIJ,3.9489164,3.298425
BISCOZ,2.0503778,1.7718263
CESHOB,3.4348934,2.5839114
SIVGAF,3.8566697,2.9566507
WELMEJ,1.7317326,2.0971966
LITJIL,3.5709503,2.7730305
FITJUR,2.3159611,1.8850493
GAMGUA,3.979121,2.7423124
JEVHUR,2.418548,1.7628936
MUDKOO,2.138543,1.4378223
DUHBUF,3.7206128,3.6180184
XEMJUY,3.2991085,2.490739
LISVOC,3.252577,2.8101494
EBULEW,3.0454984,2.489946
IWIJAC,3.4661863,2.4933882
GALZIG,2.9883544,2.750702
PAHZOR,3.2272704,3.2067597
FOGPAT,2.387255,2.0856068
OTUSII,3.491493,2.707535
WUPLAX,2.540455,2.432811
CEBFUO,3.1984262,1.9781961
LIJJIB,2.5254889,2.3357496
KAGBED,3.2713528,2.5267432
KIKZUD,2.538278,2.1864934
UPIWIC,3.9619777,2.782473
KAKTUL,0.11537628,1.813943
LISVES,3.1469967,2.5248146
QAHKAP,3.388362,2.632473
TAWXUM,2.9162443,2.7566774
FICGOR,2.059902,1.8721789
LIYYEA,3.1034586,2.6364303
DAJNOT,3.6988437,2.188687
CUZGOW,2.8242698,2.2911282
AFAMUR,3.3061833,2.3623838
KILXEM,1.9156816,1.878394
IGOWUX,2.2092924,2.4164083
SAJCIS,3.0593762,3.4689171
IQILIG,3.164412,2.3332226
UNASAG,2.941823,2.1452808
CUJMAY,2.7472615,2.306737
ZEHHIH,2.4476643,2.1198483
QACKAI,3.8044238,3.3822997
SIKGOL,3.2329848,2.0772083
SEKYUG,2.898829,3.1584427
ABETUZ,2.6065786,2.5582347
RECGIT,4.2291937,2.8743253
VUKWEG,2.2291567,2.1685727
OSEHEB,1.9611247,2.0473027
OZOLAS,2.8620937,2.32422
REYKEP,3.78075,2.7378025
ROBHAR,2.4408615,2.3633647
ZARMEM,3.314619,2.2745745
XATRUJ,3.2868633,1.9399097
XIVGAO,2.5853539,1.863906
TAHBIQ,2.8329775,2.4448822
LAQXIN,2.2593615,1.9582815
YADJIA,3.4738057,2.661442
UZOFOH,2.867808,2.4680688
JEPFUG,3.9260588,3.4488726
BOBCOO,2.3502474,3.3532276
DAWWUX,2.4577324,2.026192
REJTIL,3.8553092,2.7668166
KAGBAZ,3.2580192,2.6467295
KEYSOA,3.9606173,2.8657243
LASVUA,1.7978563,2.1907778
ZARKAI,2.5292983,2.1680222
JUWLIZ,1.9559544,1.7035204
JISREL,2.5480742,2.1124587
YIYNOK,3.164412,2.6148462
EHOBUA,2.8142016,2.7235615
MIKNED,2.569027,2.1899824
NEWVIV,3.3034623,2.789276
UHIMIK,2.901278,2.2945788
FOSXAP,3.047131,2.514554
SICZAI,3.592175,2.5637794
CUKGEU,3.180739,2.7190142
PAVREN,3.5478206,2.7047124
LANBAF,2.5048082,2.3471713
JACVES,2.731207,1.9959164
UGELUN,2.5173254,1.8438697
VITJUH,3.190807,2.5477777
OGODEW,3.7094562,2.5879583
FULJII,3.4591115,2.5419428
PANNAU,2.8493042,2.3338637
POCDUH,3.656666,2.412025
JOKRIO,3.1646843,2.945315
IWAKUP,3.3652322,2.7860792
BESGUF,2.6087556,2.2633529
TINFUV,3.2376108,2.628553
KUHPAH,2.2215376,2.5110333
EHEYOI,1.9744582,1.5605649
QIGDET,3.3138027,2.4406435
DAWWOR,2.630797,2.0261703
TAFWIJ,2.9695785,2.457549
SEWZIH,4.1002116,2.6908462
YIQYAY,3.0498521,2.305401
FADLAB,2.6585524,1.539252
MANGOB,2.9899871,2.4040127
ZAFGAS,2.3744655,2.2484472
QUCJUW,2.7494385,2.4341202
QOSQAT,3.037063,2.5828238
MUWCAL,3.1652284,2.7527788
DORNIK,3.589726,2.8988287
SEVNUG,2.1788156,2.041132
ODIVUW,3.3067276,2.6436617
PAGCUZ,2.0356839,2.1832175
QATSOX,3.2623732,2.2818897
WAKPIH,3.221284,2.1369185
UKOXEA,3.429451,2.3535347
EPANUH,3.708912,2.2862802
HULJIK,3.042505,2.3005028
MUWFIW,3.1148875,2.4009542
DOJTIJ,1.6533638,1.9187593
FITKAY,2.819916,2.0827286
PAQBIS,3.6093183,3.0083175
QAMNEB,3.5818348,3.014442
MOXWII,2.4509296,2.4461565
HOVRIW,2.004935,2.087063
IQIMUT,2.9388297,2.5230165
POYCOY,2.8974683,2.4714947
DENJUF,2.3284783,2.1395576
BIMLIS,2.0971816,2.1979558
SUXVIT,2.6272593,2.2947197
ICUGUL,3.8109546,2.7445054
NEJCEL,2.3622205,2.7476788
KEGPEV,2.8308005,2.4929647
SUBFIH,3.6153047,2.583741
CIXQOP,2.49474,1.8691336
OLAROI,3.0653627,2.4503033
TAMHEY,2.330111,2.1230772
PAQBOY,3.46537,3.0282996
YIGYUM,3.843336,3.1347346
UMEBEW,3.4879556,2.4760442
VEWZUS,3.286047,2.932052
PAKCEN,2.1521485,2.0693517
NEQLOO,3.5067313,2.2045019
VUNLOH,3.353259,2.3275597
WAZWAZ,2.5061686,2.2193334
NAYXIV,3.1339355,2.7383301
FICGUX,2.268341,2.0342898
WUPLOL,2.172557,1.905149
XATSEU,3.3061833,2.0861688
LOSFOR,3.610679,2.2579198
SOVPAX,2.8642704,2.4205449
JEMPEA,4.0993953,3.0573645
AJADOH,2.2463,2.094767
SOMZUQ,3.4953027,2.3021216
XOCGIJ,2.7478058,2.1535926
PUPPUN,3.7753077,2.9366138
QIZMUK,0.22449394,1.5494754
WEQXAV,3.2063177,2.5258286
XAXGOW,2.2452114,2.8432055
FIMDUE,3.1012816,2.9699454
FOCGIR,2.0547318,1.929702
QAHJAO,3.3981578,2.7698152
UCOHAV,2.9197817,2.5361
UYAFOS,2.836787,1.9784753
WOTYIQ,2.9641364,2.5056221
BINCEK,3.1271324,2.046319
YIWNUR,2.9755652,2.3995225
WEHLEE,3.6694555,2.8227253
VENMEI,2.483039,1.8822653
ZEVLAR,3.4648259,2.9479795
UHIKOO,3.456118,2.708425
DUCDIR,3.5031939,2.3315945
GEXPAC,2.3858943,2.563693
SIZTAY,2.769847,2.427369
FESVUY,3.7652395,2.667732
REQGEB,3.393532,2.5336776
DEVBUF,4.505389,3.685386
QEWNIT,3.2471347,1.4914364
MIQCIC,3.8231997,2.834343
DULTIQ,3.5040102,2.4201818
HUFNOO,3.580202,2.5923212
OGOSAH,2.975021,2.8831928
BUHROM,2.8294399,2.3366382
TUMBEL,3.0702608,2.432862
TOBBOF,3.1535275,2.2817252
CEPPAS,2.406847,2.120141
REPYUK,2.9499865,2.8320193
SUQXIL,2.9916198,2.4467807
BAHHEB,2.8239977,2.3746352
XEXZEG,3.864561,3.072354
WISLIX,3.445778,2.9601743
ZEVLEV,3.4381588,2.9324403
QOLTUJ,2.7682142,2.1570373
DACKIF,3.6787074,2.6865182
TEZNUK,2.8552907,2.3854074
QUDDOI,3.4278183,2.58838
RESSEO,3.281149,2.3503757
OPIQEL,3.1600583,2.5142958
MEPCUI,2.549979,2.2479444
EKEFIM,1.9447978,2.290081
CICZAP,2.3782752,2.2668555
QODVOY,3.2577472,2.5291097
PASLOK,3.0917578,3.0340633
AFEZIY,3.3257756,2.690928
PUQTUT,3.152439,2.2745335
XORVOS,3.4710844,2.5123045
YOCHEH,2.8501205,2.214911
UVUSEM,0.6868154,1.9195368
NUXLAW,3.9222493,3.507423
SOTDOU,2.5453532,2.1387181
HUNPOY,3.1023703,2.7272546
GUVMOZ,3.5309496,2.5097485
CEMQUK,3.0999212,2.3574984
HICSUK,2.865631,2.0398872
ROGZUM,3.2346175,1.9758744
BUCTAX,3.403056,2.0880895
XAXHAJ,3.3382928,2.65826
QIZNAR,0.24571882,1.5455998
AQINOG,2.7728403,2.0896373
NINWOA,3.3222382,2.386748
WURTEL,2.903727,2.6963186
VOGTIY,2.997062,2.2363641
TIZZEL,3.1480854,2.3955247
UZOJEB,3.2803326,2.2805598
SINZOG,2.3967788,1.9442089
PIPPOX,3.3276803,2.5516975
XUSZAN,2.997062,2.5557933
RUJDIL,2.5608635,2.3824623
SEKYOA,2.7859018,3.0301292
PAFPIY,2.6947436,2.4443514
VOGTAQ,2.645491,2.054344
XIGWIX,2.9864497,2.3348901
XAWHEM,3.7007484,2.8810058
VEFYIS,2.731479,2.269392
NELMIC,3.1001933,2.8202586
TOQNOE,1.345331,2.2544596
CEVMOJ,3.1861813,2.6169322
FEXHUO,3.3826475,2.429037
NUWXEL,3.637074,2.9308064
HULFEB,3.3045506,2.5711198
UVOTEH,2.8030448,2.2929714
ZUQXAN,2.4882092,2.6428835
FOZKEN,2.2762325,2.5581014
RUCXOF,1.9608525,1.8927894
HIWCID,3.6359854,2.6338305
UMIBOH,3.4863229,2.8629596
MISDUO,2.695832,2.2203355
KEKNOE,2.5864422,2.5359316
AZASAY,2.019085,2.4769063
LUTWOP,3.2615569,2.2240448
LISWET,3.3415582,3.1701021
RACDAD,2.1257534,2.0995848
ICANOT,2.6346064,1.5937136
HUMYEW,3.7173474,2.8044126
AJOXUU,3.1733918,2.2865658
MIQCEY,3.8517718,2.8311303
LASVOU,0.3493942,1.928601
NAFPET,3.2757068,2.5743253
HEXTIR,2.7439961,2.051424
CILTID,3.1445477,2.5403433
VORPIE,2.8171947,2.1555605
CBYACP,3.1132548,2.8137622
IBECUR,3.107268,2.5704894
TOWYIQ,3.0318925,2.4248679
IBEDOM,2.0517385,2.3786013
IQEBEL,3.3627832,2.873457
WECQUU,3.3295853,2.4820178
LIFSIG,2.471338,2.187375
RAHTEA,4.4087887,3.0892625
QUGZUQ,3.5255072,2.6566758
XAWHOW,3.3538034,2.7000065
WUWXIY,3.1407382,2.7112043
ETUZEB,3.714082,2.764994
PAVPEL,3.477071,2.3264546
OLIVUB,3.369314,2.8067987
FAZPOM,3.3189728,2.1311321
CUGLIC,1.7592161,2.0011067
MUCFUO,3.0699885,2.217748
CIDFAA,3.5431945,3.118813
PAPBER,2.8054938,2.5053072
HUPTAQ,2.7132473,2.0603645
TIQZOL,2.3080697,1.9052408
FIJDAF,2.72903,2.4996276
JODJAR,3.307816,2.4959083
JEFMUG,2.9622314,3.3669662
JIKTIK,3.4147568,2.4899864
KAHYUR,3.0808733,2.7603066
RANHIB,2.549979,1.8710916
BOZWOF,2.2971852,2.6845994
XAWTIC,2.4936514,1.972764
AGOJUF,2.7012744,2.850766
VEMLAE,3.2680874,2.162208
ROFPEK,2.8308005,2.0367742
EWIBEU,3.0199196,2.2119415
ZEHLOR,1.7818016,2.2325191
EBAQAB,2.5058966,2.2261207
COPDUH,2.3374581,2.4122992
FIDQAO,2.7695749,2.6528099
EMOCUH,2.9810073,2.6950433
QAMBAL,2.1777272,2.0537705
REZZUV,2.5826328,1.9603047
ROGSEP,2.3891597,2.0850708
FADKUU,2.71488,2.1666462
ZOHLUF,1.2783909,2.2117772
PIWLIU,3.9157186,2.8507483
HEVMUU,2.7067165,2.415893
CETZOU,1.646561,2.4378011
XALSOW,3.0895808,2.5943067
LUZPII,2.4912024,2.1569898
KIMDAP,2.8686244,3.001259
NINQEK,3.180739,2.3544164
LOQTIW,3.0776079,2.4222763
OKUVAU,1.7921419,2.2321126
BAJHIF,3.2128484,2.6238518
KIRXIW,3.1178806,2.2832854
XACYUY,3.006858,2.1254926
DAXJOC,4.256677,2.6177905
NUKYUQ,2.1709244,2.270125
NAPKIC,1.8522791,1.9629188
OWEPEM,3.0580156,2.2804904
ZABCAK,3.8495948,2.5794315
SOCXEP,2.733928,2.2844183
GUNJUX,3.7763963,2.6105578
MIRXER,2.6506612,1.9597951
HECHIK,3.255026,2.3550875
FEKYED,3.3807425,2.6095424
WEJHUS,2.4857602,1.8882972
FONLOM,2.1741898,2.3387768
COCBIG,3.1576092,2.4136243
XARHAD,2.3192265,2.2683454
QULGUC,3.0049534,2.2616558
XORVEI,3.228631,2.615781
XISDIQ,2.2332385,2.344846
FAGSEP,3.7532666,2.4594843
UMEBOG,3.749457,2.4510245
JEKJOC,3.6406114,2.8856921
XEKLOS,3.6670065,2.4519966
ERUPOZ,3.3118978,2.6834288
PEPMEG,2.9480815,2.76674
KULYEV,1.3396165,3.0776877
NIMTOW,4.2193975,2.5060735
JEVHOL,2.6022248,1.770965
OWOZIM,3.759525,2.6665971
QIRNUA,2.7616837,2.038074
QORVAX,2.9355643,2.341906
FEMLES,3.3932598,2.5601163
OREPIN,2.925224,2.2407784
JILGUK,2.0462964,1.9719133
KIXXOI,2.3967788,1.7148318
ITAJOF,2.0280647,2.0841675
TALXUD,2.7989633,2.2441034
GISPAD,2.5777347,2.359668
YUYNAK,2.6294363,2.3042839
MOZWIK,2.4188201,2.347211
SEKSAG,2.4819505,2.3724427
QAHBOU,3.2253656,2.2079482
ALAXAM,2.9238634,2.2548804
VESDEG,3.0569272,2.3754847
WUGNIY,3.5459158,2.5029054
KEVGUO,3.2063177,3.191593
FIDSOE,3.4084983,2.5290918
SELBIY,2.2947361,2.4174848
HUNPUE,3.0909414,2.6935859
YOYWOB,3.224005,2.6858559
HUZHER,3.1374729,2.6998746
TAVDAZ,2.6348786,2.100481
TUKHAL,2.7448125,2.0527108
NEWYAR,3.632176,2.8825784
OPAJUN,4.504573,3.0042121
FEMJEN,3.5478206,2.8779044
GUMKEH,2.6093,2.4332685
XEBWUA,2.5388224,2.181857
CUTTIX,2.289566,2.2809632
OHUTUJ,3.3064556,3.1076226
TOXLUQ,3.0237293,2.3365602
HAJBIH,3.3396535,2.370445
YEHCIB,2.996518,3.2161963
IBEHOQ,2.8811417,2.1124098
SUHVAV,3.3331227,2.6582947
PIXLOB,2.8501205,2.352765
EJAPOV,3.539385,2.8155081
BAGWEP,3.3203332,2.745089
MURKAO,3.0027764,2.5148027
TOFPUZ,3.4876833,2.5853653
MAGGOU,2.3529685,2.1218429
PAFHIR,3.1274047,2.6978695
AYEYIP,2.31324,2.0034528
JINZEP,3.2109435,2.1817856
PIMBIA,3.5714943,2.5901668
BOYXUL,2.791344,1.9522192
WIZGIZ,3.3755724,2.4445972
PUKSIA,2.5641289,2.525728
ETOTUF,2.5695713,1.8836251
QERDUQ,3.9913661,3.487036
WOVHEX,3.3271363,2.3732378
JOZWED,3.3676813,2.3883514
SEYGAI,3.692041,2.7420585
ADELEE,3.713538,2.8526025
NUXSAD,3.3279526,3.5146492
PASTAI,4.4727354,2.9096615
FESWAF,2.917605,2.514068
UVOGOE,2.8506649,2.6771014
GIPTIM,3.0411446,2.5725753
IXEHIF,2.975021,2.6486998
MIDSUR,2.8980126,1.6642978
XAXGIQ,4.0547686,3.0309997
MIQCUO,3.3162518,2.636393
QAQNAZ,2.3554175,1.9499259
JOTLIQ,2.688485,2.5800102
EZUSOK,3.2063177,2.8036804
TAPNUW,3.0523012,2.177413
MIYWUQ,2.9072645,2.4354043
PIGHEW,3.3731234,2.432018
HIGQOH,2.6604571,2.1569076
THALPD,3.223461,2.6262763
EZUTAX,3.2125762,2.6506727
SIMWIY,2.368479,2.1492243
SIWCUX,3.2942104,2.5698133
SEKZER,2.6065786,3.1172078
BOXWUJ,3.376933,2.4217994
RUDQAL,2.3222196,1.8675946
JOZWIH,3.3712187,2.3765526
AJITAR,3.0925741,2.2210736
QAHJUI,3.3573408,2.8653083
WIHLOP,3.651224,2.7199523
ELAQIT,3.2563865,2.4888372
LIPKON,3.4933977,2.6337965
ZUCHEN,2.385078,2.3086748
WEHPAE,2.6811378,2.3611825
WAZHAK,2.855835,2.3054032
HUWCUA,3.8063288,2.4567797
NEPXIT,2.4125614,2.0612452
PEPNAD,3.41258,2.6383295
KILXAI,2.2585452,2.0149496
GUKYOD,2.9785583,2.3330078
YUGWUU,2.71488,2.086915
SEZZUW,3.1970658,2.1116564
WALDUM,2.9486258,2.4588673
BOBVUN,3.45122,2.740548
KAGQUI,3.4280903,2.504746
VUPKIA,2.9118905,3.1025586
USOKUL,2.7872622,2.2572117
ZACBEO,3.4863229,2.5935433
PUSNID,2.2762325,1.9735326
PAKCOX,2.2163675,1.8588368
ZADSAC,4.048238,2.6873224
UHIMOQ,2.8718896,2.279558
LILFAP,2.8729782,2.3147836
TOXRAZ,3.8297305,3.0600286
ARIWOQ,2.1592236,2.1239522
WUBQAO,3.4901323,2.7329533
RAJGER,2.5061686,2.443294
AFEYET,3.714082,2.7147028
HEJVUR,3.3826475,2.2908182
CETTEE,2.683859,2.2679837
CUFSOO,3.1899908,2.273245
KAKXUT,3.1739361,1.8598514
FEZTEN,3.331218,2.3498054
HUHZOZ,2.9105299,2.6415396
LARCUG,3.6808841,2.586658
BAYTAA,2.7638605,2.1485662
CIDDUS,3.6406114,2.8201058
SUMHAM,4.323617,3.6721823
DUKYOA,3.3067276,2.5607953
CAMSUI,2.674335,2.2764297
TOWZEN,2.8718896,2.295852
OCATEV,3.6283662,2.5178332
GEMYUW,2.8327053,3.019591
MAWXIV,2.5535164,2.1904936
BAPJUY,2.7646768,2.491291
GUVGIQ,3.4501317,3.0160482
PUYKIG,3.778573,2.7747436
UMAZAM,4.258854,2.4976857
KAJMAJ,2.9080808,2.3006244
AREMIU,3.9010243,2.3604808
YEBLAW,2.167387,2.345032
BIMZIH,3.1467247,2.7927277
EXEDUH,3.3159795,2.6635838
WAQJEH,2.7924325,1.8841635
SEYHEN,3.629727,2.703107
IVAKAU,3.4601998,2.1790645
DEQLOE,1.4835647,1.5636985
FEZMIK,3.3110814,2.4372578
GULDOJ,2.6239939,1.889412
YUGWOO,2.6950157,1.9672256
OGUPOY,2.3257573,2.3824167
ZEBSOS,3.244958,2.5109305
REHRUV,3.2580192,2.7196121
JODHIX,3.307816,2.4955196
AFEYOD,2.5396388,2.4375217
HOVKEL,3.8819764,2.8010738
UZOHOJ,3.0955672,2.072812
LIXYAW,1.488735,2.2151284
YONMIY,2.7426357,2.5928159
CICFON,3.0454984,2.2273746
FEWNOO,2.4297047,2.220204
GUBNOJ,2.8876724,3.0123198
XIVJEV,2.6667159,1.7302706
NIFQEC,2.987266,2.4136412
DIYZUK,2.776922,2.3147902
OHIROP,3.5829232,2.7405813
KIRCUN,3.5796578,2.3004217
FUNJAC,2.709982,2.2994642
MILMOL,3.0841386,2.369214
DAWWAD,2.244123,2.2587795
RAGRUO,2.8705292,2.9907362
XILMAK,2.3472543,2.2284036
NEGGIS,2.741275,2.3780236
EZEROQ,3.166317,2.1300101
QAVVES,3.531766,2.8072808
ALEXOH,3.182916,2.309419
WEBPAY,3.3951647,2.6256065
LAWJUS,3.824016,3.1135762
LUMVEX,2.936925,2.4311125
HEXRAH,3.57993,3.4458907
NIDJUI,3.8566697,2.8605719
YATYIB,1.7630258,2.203532
MOWYAB,4.3195353,3.1004684
LERQOP,2.9940689,2.6458042
OKUZAY,2.800868,2.1035066
HUZJAQ,2.5793674,1.9654353
VIDMUU,3.838166,2.6881714
SANWAJ,2.6294363,2.1383467
AZIWOW,2.9665854,2.8969839
LADJAC,3.54646,2.191304
CIJNIW,2.3121514,1.7929304
FACKAZ,3.5589771,2.7255788
BUZRAS,1.6215265,2.5168462
AQODIW,3.3192449,2.7176561
RUZFUP,3.2272704,2.7725058
LITJOR,3.5954404,2.8343112
ETUMOY,2.1597676,2.0294743
YAZQOJ,3.3690417,2.6249554
XOXMEC,3.0669954,2.0317514
PUXXOX,2.8626378,3.1389086
GEDXUM,2.04548,1.9228716
DEVFET,3.3655043,3.6412435
DAFNEF,3.3630552,2.638573
HIXNIL,3.1089008,2.4174984
HOVKUB,3.799526,2.9872363
QEGMUN,2.5197744,2.7193956
CIGBUS,2.7611394,2.474834
IMILEY,3.592175,1.8412548
CICFUT,2.7804594,1.9802907
UQUTUY,4.23001,3.0806026
KAGQOC,3.1698544,2.3693562
HEDWUJ,3.049308,2.4568152
CUWREU,3.2008753,2.4187284
HUFNUU,2.8762436,2.5953918
EQOCEV,2.0231667,1.9278774
CENWUO,2.7880785,2.2784855
LEGWIE,3.4084983,2.8198977
MEDMUH,1.789965,1.6132563
LAJTUM,2.934748,2.5112855
BILVUR,2.78182,2.1158245
YEBLIE,2.1687474,2.1319091
OJUCEE,2.1401756,2.127591
OVULOJ,3.3154354,2.4216752
HAQGOX,3.4406078,3.2712853
XOCNUB,3.678435,2.7654657
LEPHIB,3.1535275,2.310038
VOVYAJ,2.5034475,2.1147556
UHEBOZ,2.8593724,2.0308735
GICQIW,3.465098,2.1225762
JUXDAK,1.906974,2.1294358
PELPOP,1.9861591,2.5749476
POVMET,3.539657,2.9278731
UNOGIQ,2.920326,2.30356
TEGPEE,2.5663059,2.4409363
TUKFAJ,2.5529723,2.1110992
NAPMIC,2.5605915,2.146202
RIMDOG,3.4177501,3.0764067
BAFCIY,3.1203296,2.5400574
HOVKAH,4.505117,3.1360507
IXEHOL,3.5499976,2.4750524
QAVCAV,2.4422219,1.9719673
KEGNOD,2.7510712,2.4823828
KIBWUR,2.7701192,2.241573
MUCREK,3.4218318,2.8170352
RIYHEQ,2.9146116,2.1973057
RIDCEQ,2.5622241,2.126895
MEBFOS,3.2852306,2.4057817
BILVOL,2.782092,2.1122818
QEQMUY,2.3165052,2.2066782
ZEHHUT,3.0346138,2.3600245
QEQXAM,3.1573372,2.3636763
DAWXUY,2.0879297,2.061836
MAMBOV,4.103477,3.02125
WOBFIG,3.3978858,2.6477296
XIBNEB,2.9532518,2.9243324
OXOSEA,2.2694297,2.578572
TULZEI,4.0234756,3.1845975
URUJOJ,3.4572067,2.3145154
HUQSEU,2.79597,2.5769997
BAGXAM,2.893931,2.46517
IXEFOJ,3.5119016,2.8559134
XUGMEU,3.635169,2.9860888
NEYJIO,1.9981321,2.623976
TOWYEM,3.054206,2.448358
ZUZWID,4.101028,3.1611514
YATNEQ,3.283326,1.9038122
FAMQET,2.2803142,2.019641
TULXUW,2.8792367,2.423228
DEVBIT,3.529589,2.6663392
KOTMOY,2.9219587,1.6921302
SAYSUH,3.6909525,2.954535
ZUYCUU,3.8675544,2.5545962
JUFJID,3.4664586,3.0620837
BOYKIL,2.8759713,2.0476325
GAJVIX,3.790274,3.215558
FUWPOD,2.308886,1.9797207
JEZQIS,3.2169302,2.9874125
YAPHAZ,2.6917503,2.7150445
PELPIJ,2.1020796,2.4499464
XACZAF,2.9143395,2.125463
AZEMOK,3.3812869,2.6273696
LEHREV,1.7292836,2.2528198
FEWXEO,3.3404698,2.4235427
TOCSOX,3.6860545,2.6354578
AVUCAY,2.793249,2.4908006
ERUQAM,3.4033282,2.534726
KUGSAJ,3.9230657,2.3446202
LEMVIM,2.698009,2.2408748
QEGMOH,2.7078052,2.6997106
YATYIF,3.0724375,2.2841299
SOHNOT,2.6648111,2.318681
OLAGAL,2.6441305,2.5402374
RUGNAL,1.8944567,1.9855833
COVKIK,2.8958356,2.6730962
ERIKUO,2.1586792,2.2190332
KIQQAG,2.5249445,2.2327454
TULZOS,3.385913,2.7672167
LEXDIC,3.1489017,2.4997706
WUMHIY,4.0572176,3.298088
GAZLEC,2.7812757,2.1165671
GECGED,3.1086287,2.3961835
IJEWIG,3.3132584,2.4690523
WAYZAB,2.0963652,1.4711508
OROGAG,2.6405928,2.3169105
UYIBEM,3.2003312,2.189948
WIGSIS,3.0240014,2.4944646
WELGIH,1.5698248,1.96853
MUDKUU,2.6397765,1.9424391
QUCJOQ,2.820188,2.9309578
GAZLAY,2.9320269,2.2448866
UNAROT,1.6481937,2.5657232
UNOYAZ,3.221556,2.644195
RUCXUL,1.9151374,1.878774
UHEGEU,3.0607367,2.256639
FITJOL,2.2775931,2.0064163
CECRAH,3.2574751,2.7138324
QUNYAZ,2.1472504,2.6184418
GARREY,2.671342,2.2214222
XEYKIZ,2.5317473,2.4926822
TUKFEN,1.6928203,2.1961315
REHROP,3.5763924,2.6168911
VIDNEF,3.7706819,2.7096744
PAVRAJ,3.4895883,2.9202054
CUMYIV,3.462921,2.974879
MIDSOL,2.9271288,1.6476067
JEBHAD,2.80114,2.2778783
POMBAY,3.2656384,2.6711617
FUTLEO,3.4283626,2.5335543
UNAWIS,3.1491737,2.7906346
AWOGIF,2.7954257,2.4241354
XORVAE,3.385913,2.5584726
ENIDUD,2.8672638,2.1470957
ZUBBIK,3.6498632,3.1531703
EPANOB,3.9402087,2.4434679
AZEMAV,2.2569125,2.812406
LIXDIJ,3.2923057,2.0634618
SEPGIG,3.4683633,2.8307457
QAMJEV,3.3257756,2.5404246
ZIDWES,3.229175,2.390836
ETADEI,3.8316352,2.9467216
HUPSOD,2.7039955,2.097992
TUKFIR,2.6057622,2.0900326
YIHZAS,2.3951461,2.1213942
CEZWAI,3.2052293,2.6047797
IWINIO,2.7298462,2.1661134
TAHNUP,2.4797735,2.047126
SEYGIQ,3.6800678,2.8819776
ODIFEQ,2.8016844,3.0374055
WEGPEG,3.2182906,3.0550654
QAVBAU,3.6425161,2.8657353
EGONEX,2.4618142,2.6296983
DUPLIM,3.2841423,2.8036406
ROWPIF,3.4038723,2.5279455
YESFIP,3.4256413,2.8073864
HIWBUO,3.323871,3.0888376
ETHCPD,3.207134,3.0185244
WIPNIW,3.3777494,2.6159723
WEGZOB,3.0362465,2.930188
FEMLIW,3.5646915,2.3075013
ROXZUC,3.1407382,2.352446
POZWAF,3.2808769,2.6846175
YIJWOF,2.4005885,2.2881727
WIGKEG,4.301304,2.8882163
ZEVKIY,3.535031,2.8863692
GUKDAT,3.147813,2.7168744
CIQKAO,2.7918882,2.6962662
ECIWAR,3.4471383,2.5976837
TECLIY,2.8275352,2.374251
ZUMSIM,2.5537887,2.5733483
KIMCIW,3.7385724,3.291515
AWACAF,3.1170642,2.2207417
COSPOR,2.1872513,2.0849228
FUFKID,2.7573297,2.1388605
WECREF,3.2435973,2.512792
OVIKAI,2.9350202,2.1766257
XARXOH,2.7287579,2.477551
NIXWOK,1.4027469,1.5584469
REPYIY,2.6438582,2.6620486
HAJBON,3.1742082,2.156015
FELKEQ,3.3333948,2.8094893
OTUTAB,3.5187044,2.5516388
EJITOI,3.1777456,2.5395508
XAXGEM,3.4139404,2.8740423
XAPFUT,2.9529796,2.4252923
RIVWOT,2.2808583,2.096698
GOYSOF,2.5426319,1.8914481
ULUVEF,2.162761,2.1604056
ISULEQ,2.0680654,1.8625205
KUXLOG,3.1007376,2.4343686
IMUSEQ,2.839236,2.5015354
RAQFUO,2.1682034,2.4959009
UMECAT,3.9750392,2.4156535
XETVIF,3.3255036,2.2887928
UMAZOA,3.5875492,2.4431374
QUMMIX,2.5940614,2.2048154
LAWJEC,3.608774,3.0088637
ZEYHUJ,2.5399108,2.6119757
WEGGIC,3.620747,2.6026735
QICSIG,2.9986947,2.5140753
EQICAL,3.0846827,2.2547193
MOVNUH,3.598978,3.2139301
XAQWIZ,2.294192,2.3209045
FICGEH,2.9793746,1.719175
PESLIM,2.6536543,2.2702265
VODZAQ,2.9020944,2.4879045
QAVYAR,3.3225102,2.5742762
BENSAS,2.841957,2.805665
MEHGUF,2.1575909,2.0885446
PODJIF,3.7671442,3.1003132
NAMMIB,2.8321612,2.320516
IWAKOJ,3.3233266,2.7128472
HAKCIJ,2.8865838,2.6872628
NIRMAC,3.023185,2.622982
WAZVUS,3.0457704,2.5535605
YATYOL,3.6057808,2.5572999
ADINUY,2.6430418,2.1346464
QOCXIP,3.5483649,2.5742974
ZUVBIE,4.1617093,3.240722
WOHZEY,3.173664,2.8563564
QAYYIA,3.5807464,2.8703046
YIPGUD,3.2969315,2.4415843
EAPRPD,1.53445,2.5538237
VIJRIT,3.7573483,3.165939
ZUSVAN,4.0493264,3.0706902
FIFJAG,3.1565208,2.8068247
CEWPEC,3.802247,2.7997231
QISHEF,1.8302379,2.222965
YAZSAX,3.6090462,2.7548327
TUGXOL,1.9434372,2.1332567
HAGBUQ,2.3184102,1.7524662
NEWVER,3.1089008,2.6582794
NESSEN,2.8218207,2.3075128
ZURRAH,3.262101,2.4831603
LUMTEV,3.3388371,2.100141
FEKXUS,3.3701303,2.5769472
ZABBUD,4.0849733,2.7163591
COSPIL,1.2718602,1.9331303
LEZYOI,2.7750173,2.3783524
COVKOQ,3.3344834,2.6599474
LUTFIS,2.9902592,2.4836848
PIWLOA,4.0354486,2.984375
VUQYEO,1.9970436,1.4124819
VUHYEF,3.505915,2.767189
ZIYFEW,2.4811342,1.9953585
EKACUR,3.204957,2.0362663
VAWKUZ,3.5116293,2.7556968
KUTREZ,2.5861702,2.1055965
XISFEO,3.3562524,2.537703
RIDCOA,3.0580156,2.402698
HOYZAW,3.7279599,3.2196581
XAXFUB,3.740205,3.3355954
YOCGIK,3.2626452,2.6778834
SUKDIN,3.181011,2.5960495
XULXEK,3.2223723,2.4039974
TINMEM,2.1472504,1.9884251
TOWYOW,3.0120285,2.2332318
NAPMUQ,3.6025155,3.20309
AVUBIF,2.7839968,2.6771686
FERMOI,3.3045506,2.4100447
TULXOQ,2.4229019,2.5083077
ACIWIV,3.8229277,2.7423806
TUNHAN,2.409296,2.4146793
DUTTOE,2.0277925,2.0120473
EKEDEG,2.057453,2.3317506
AFEZEU,3.8795273,3.00577
PIWLAM,3.2901287,2.4644566
CEDNOS,3.2580192,2.6150732
LIFCUC,2.1834416,1.9484403
XOBVUJ,3.3557081,2.260169
GORTEP,2.8259025,2.842876
QIGCAO,3.3328507,2.4581943
RIBFUH,2.6571918,2.664958
HAKGOS,3.6691833,2.7468784
BUBPAS,2.2558239,2.0555263
BUPFEA,2.1502438,2.2122989
IWAMUR,3.190807,2.6914577
JUTFEM,3.080057,2.87667
JEZQUE,3.3603342,2.5977516
TULKUJ,3.8561256,2.7459126
ITAJEV,2.308342,2.0608397
BASLIU,2.7042675,1.7956911
HAYHUO,4.290419,2.8596504
CUDVOP,2.8386917,3.0232651
FADKOO,2.9211423,2.0769482
CUYPUK,3.2917614,2.4741447
MUCQUZ,2.3241246,2.163511
UVUSAI,3.3472726,3.9252872
CIKCIL,3.7777567,2.5542257
OWUVEK,3.8972147,2.3861055
PASRUW,2.6686206,2.6847928
RAFLAN,3.3083603,2.7829325
ATODEV,3.0533895,2.3977256
ETENID,2.4531064,2.2384176
TOBBIZ,3.1973379,2.1092157
PAJXIJ,3.4253693,2.4186904
OLUKEL,2.7420914,1.664646
KILLUQ,2.2117414,2.1827245
IWAZUE,1.7798967,2.7081785
PERQOW,3.7919066,3.0086737
VOBYAQ,2.6784167,2.6399646
JETWIS,3.2974758,2.6358507
GEDTIW,1.5896891,1.5153192
DAWVUW,2.5344684,2.230346
QUHDUV,2.4193645,2.433425
DIRDIV,3.764151,2.5812802
ZELHUX,3.8768063,2.662658
GITXEP,2.1872513,2.3387957
RIWDUA,2.4816785,2.037852
UJODOP,2.3023553,2.472409
HECHEG,3.3067276,2.1297088
PUBDAU,3.3635995,2.5908303
NACTOB,2.5423598,2.4120982
CUWJUC,3.3793821,2.5576696
OVEHEF,2.9725718,2.292822
QITYIF,3.341014,2.6166909
ZIGGIJ,2.2977295,2.1944914
MUZRII,3.2444136,3.361429
UJOLUD,3.3834639,2.5405986
ZEBSUY,3.3450956,2.634039
XIXSUW,2.74835,2.5079725
SEWTIY,1.9820774,2.1096478
CEMQIY,3.0476754,2.373914
HUFPOQ,3.965243,3.2941198
WUSJUS,3.4904046,2.5545404
VEVPIZ,2.4933794,2.312843
WICCOE,2.6890292,2.2007074
REVBIE,3.5938077,2.8392866
OWEQEP,3.3657763,2.3725278
FOFKOE,3.1176085,1.9510345
COJQIC,2.798691,2.265093
OGUPAK,2.4936514,2.3283486
FURFUU,3.4680912,2.2928538
GUHWOY,3.3091767,2.5827343
KENTII,2.887128,2.8065357
MIBLOC,3.2574751,2.401931
HEWJUS,2.0609903,2.043269
BAGWUF,3.139922,2.7459066
VAFXEF,2.3077977,2.0980601
BIQPEA,2.5565097,2.3911574
NIQNIN,3.334211,2.9067156
HAHRAM,3.8797994,2.5748582
FIBRIV,3.0555665,2.4600925
TEQHAC,2.232422,2.2612524
LASTOS,1.7741824,2.24438
AHOQOG,2.9004617,2.5432775
IWAYUD,2.717601,2.2170813
QEGNAU,2.5731087,2.738897
CAYGES,3.0944788,2.7625608
IWAZAK,2.5894356,2.9978833
WECRAB,3.5499976,2.5025938
WEFKIF,3.1513507,2.6715443
ENURIR,2.5429041,2.571423
RIZREZ,1.8223466,2.044763
ZEDRIM,3.0944788,2.5586586
EHOBOU,3.4523087,2.7643862
LADHAA,2.2405856,1.9735768
VIVBAH,3.4387028,2.2491968
TOVNUQ,3.2329848,2.5579178
UQUNUR,3.261829,2.2641532
MEJTII,2.6365113,2.1968298
YECGAS,2.9439998,2.1939025
PIYGEN,3.1216903,3.201814
KILLEA,2.5132437,2.1961536
GUWNIY,3.2982922,2.6646
LECBIH,2.3984115,2.2180252
JUXDEO,2.3399072,2.2776346
CARVUQ,3.2414203,2.065898
UYODUK,2.29909,1.7124487
IFAVUG,2.7918882,1.9569232
EMAQIV,3.4441452,2.178541
HUVREY,2.963592,2.5646172
MOXWEE,2.04548,2.2843106
WUHDIP,2.9910755,2.2714503
GUBLUN,3.385913,2.9916747
PUSSUU,3.802247,3.2653005
FESJOG,2.2909267,1.9756289
QOWDIS,3.5883656,2.7230432
CALXUM,0.44272926,1.8678273
MUDJAZ,3.26972,2.525075
GOSZOG,2.164938,2.196227
XONVUT,3.5984337,2.6383913
YAQYOE,2.0748682,2.3002744
BUWKEM,2.9747488,1.9984007
ETOTOZ,2.2405856,2.0863883
MAJBIL,2.9118905,2.1732814
NACJAD,3.3927157,2.406107
EZEQEF,4.012047,2.5224476
OXUVIO,3.101554,3.8427422
ULETEN,1.8925519,2.3301253
GAMBIJ,3.9685085,2.864126
NUZLEA,2.6990974,2.4216492
GEDYEX,2.1551418,2.017822
QUHDAB,3.161691,3.0259418
QIGCES,3.369314,2.2984471
JUHBEW,2.7355607,1.8117095
NAKMOF,1.0296788,1.7036784
CAHBOG,2.9170606,2.5065389
UQEJIM,2.1331005,2.0995333
NOJREL,2.3597715,2.7650971
VAWHIO,3.929052,2.8958528
TEMVIU,2.5565097,1.7252581
BINBAF,2.8920262,1.8658831
XUYPOZ,3.1573372,2.5388381
KEMMEV,3.2223723,2.7333941
PIFBEP,3.2131205,3.0838525
PEHROL,2.9214144,2.1372547
UDOMUZ,4.02919,2.5351179
VUQHEX,3.276523,2.7029262
KASTAD,3.1891744,2.481903
MIDTAY,3.6699996,2.387938
CIDFII,3.4610162,2.693624
IBEYIZ,3.190263,2.7490363
IBEHIK,2.81529,2.140516
TUKFOX,1.7477874,2.2577655
BUBNUK,2.9725718,2.7730038
PUWDOD,2.9050877,2.8507485
ZUXFAC,2.6735187,2.3289073
YAQDIH,2.90155,2.0447328
HUHGIC,2.1918771,2.435007
QELLEC,3.8678265,3.0382168
MAQQEB,2.585626,2.2013276
JESPUW,2.4588208,2.3611197
JITJUV,2.5124273,2.1971843
JILGIY,2.0525548,2.0612373
AVAWUS,3.1989706,2.4297023
OGUPEO,2.2971852,2.3845034
YIWFIX,2.8854954,2.683568
WUTROV,2.996518,2.6626048
TEHCAO,3.4667306,2.68719
HOKSEF,2.6397765,2.1560855
MUCGAV,2.294464,2.4263678
HUPTEU,2.817467,2.2041667
IZAMEC,3.6857822,2.8365633
YANGIH,2.4993658,2.2506928
MEFWIE,4.208513,2.8597965
ZIXMIG,2.8231814,1.4439282
FITKEC,2.8073988,2.0943382
NOVDAG,3.5927193,3.2476768
ZEHHED,3.0933905,2.4450166
IJEXIH,3.362511,2.2165015
KAYNIL,2.5276656,2.041723
EKIQUL,3.0359743,2.4147768
PIPPUD,3.3946204,2.3722475
ITEFAR,4.4577694,2.8613484
CUVKAI,3.0082188,2.733986
BOFYUR,2.5399108,2.4042163
QENTUC,4.2955894,2.930586
ZEHHON,3.0335252,2.3887048
DISBEM,2.7037234,2.4477098
SAMTAF,3.5358474,2.5783217
KUNMEL,2.779371,2.7742364
FIDTIZ,3.2038686,2.7216725
OKUVOI,2.5200465,2.42175
LEWHOO,3.4395192,2.5530796
AKUBOA,3.2275426,1.8437498
BUQWES,2.3608599,2.1123366
HIDPUJ,2.6242661,2.1367488
HUPSUJ,2.693655,2.0696146
JARQIG,3.792723,2.3303356
COBTEW,3.4517643,2.919151
BERYAY,1.0884554,1.9868574
ZEVLIZ,3.5067313,2.8646939
MIDXEG,3.7597973,2.9726903
YATNAM,2.3888876,2.130885
WUSKED,3.3274083,2.615034
IREZOX,1.9728255,1.8822604
JEDQOC,2.7001858,2.6805284
HUFPUW,2.487393,1.6959848
ORUDEN,3.0822337,2.9461138
EXEFOF,3.6648295,2.68761
LITKIM,3.369314,2.719721
IQEYEK,2.2805862,2.469747
OFIKIZ,3.7034698,2.5571003
ZABHOD,3.6925852,2.7008872
OREPEJ,3.190535,2.521418
QAGCAG,4.0969462,2.8509634
EJUGAS,3.0408723,2.8354323
WEBJAS,3.0286274,2.5217881
WEBNEA,3.2542098,2.8414123
SUVZER,3.6942177,2.8148317
LUHYAR,3.388362,2.8597455
FAKLIQ,2.4743314,2.2134147
AWACEJ,2.982368,2.1957216
VENWIX,2.0533712,2.422017
WADVEG,3.6602035,2.6621826
NIHLAS,2.2180002,2.0378008
UHEGIY,3.006586,2.3892097
XOQTOP,1.7037048,2.1340377
PAKCIR,1.9916013,1.7225804
ORAVAH,2.9508028,2.2873542
PIXSAR,2.5671222,2.0582724
NESSAJ,2.722227,2.419384
QEGNEY,3.8272815,2.7536728
IGERES,2.3986838,2.2410433
UHUQAS,2.755697,2.0886905
AWIPII,3.0860434,2.5696335
LECFOS,3.6242845,2.7276134
MUBGOI,2.5837212,2.255233
DAWWEH,2.7001858,2.0640304
PASWOY,2.7238598,2.0988674
UGICES,2.0354116,2.5410972
NINXAN,2.5211349,2.3093703
AHOREX,4.1426616,2.7112916
EKIREW,2.985089,2.4531226
DULTEM,3.5045545,2.4147048
IGURIO,3.4041445,2.482155
WALDOG,2.9271288,2.4438386
TEMYAP,2.9551566,2.1383653
KAXGOJ,2.411745,2.216701
GUPTIX,3.1706707,3.0177383
KAYVEM,2.8321612,2.4248726
VETNUD,4.117899,2.6690457
ABATIK,2.6471236,2.2599354
GUVVAV,2.9042714,2.4813778
ETENUP,2.4288883,2.0297778
DUBLAQ,3.4136684,2.5229719
WECTEH,2.9113462,2.5730476
NIFLIB,3.4498596,2.9172196
NEQLUU,2.884951,3.2374902
FAFFIF,4.442803,3.4727407
TAZPOD,1.8647963,1.7052133
BAGXOA,2.963592,2.6696198
SEYGEM,3.1995149,2.9451725
EJEZOL,3.9987133,3.135945
CEMQEU,3.207134,2.177528
ZEVKUK,3.4525807,2.9015474
NAPNAX,3.9807537,2.921317
EWIBAQ,3.408226,2.8858032
FEZMAC,3.3358438,2.2825115
LAWZEP,3.1916234,3.0043492
MURLET,3.015838,2.469616
QIBBEM,3.2727134,2.751699
TAZQAQ,2.014459,1.8231494
RINSIR,3.3951647,3.0390384
PUMRAT,3.443601,2.4437952
YOTKOK,3.4261856,2.5122678
NOXKIX,3.2539375,2.368144
IZIVOF,2.8449504,2.105605
HIDQIY,3.0435936,2.1116617
ZEJQIQ,2.5924287,2.2197962
MOCTUV,2.7548807,2.6655884
LIBROH,2.6125653,2.518055
LAGSIZ,3.0095794,2.3384857
QEZPOE,3.7393887,2.6257904
HUCCEQ,2.6512053,2.0651083
XONXEF,2.473787,2.1123521
IKENAO,3.271625,2.476743
OBEXOL,2.4618142,2.2605352
HICQAM,2.2694297,2.1344304
BAFWAG,3.5453715,3.3242593
IMIYOS,3.1717591,2.5754046
LUMMIS,3.228631,1.9266852
ZOHROH,3.0479474,2.937659
SEYHOX,3.5853722,2.6190352
YOMHUF,3.0128448,2.3650472
YIDTUE,1.8588098,2.0503225
IREZIR,2.108066,2.2392302
KAZYIX,3.187814,2.8876493
ZUVCEB,4.3023925,3.2452095
AQAWEX,3.159514,2.4480126
BOFTEZ,1.9398997,2.1605816
FUNROW,4.3023925,3.0646906
SUNNAT,2.100447,2.272123
OYUGUL,3.312714,2.7162268
OQESAH,3.1845486,2.3809493
NAPPAX,2.8359706,2.0101457
NOVCUZ,3.2090387,3.3054485
REYKUF,2.497461,3.0113854
WODSIV,3.2988365,2.264408
REZCOS,1.9325527,2.276089
DOYGOQ,1.9638457,2.1685061
RATJIH,2.6588244,2.7983322
OWAVUG,3.3276803,2.3825893
HEBVUJ,2.4435825,1.9777067
YIXVEK,3.1845486,2.6320007
CAZRUR,2.224803,1.8701359
IMUXEW,2.9665854,2.101166
YAZLUI,2.4239902,2.691348
FUQGAC,3.5263236,2.5410023
JENPIC,2.7905276,2.2659922
ADUBUA,3.8104105,2.988151
MIFCIR,2.769847,2.3815007
NAHDOT,3.5627868,2.837824
HUNPEO,3.2180185,2.6219363
AJEJAD,2.6797774,2.024686
WURTIP,3.0123005,2.3549051
VAWHOU,3.8019748,2.9109983
XUTJUU,4.738319,3.1525166
BINBEJ,2.8493042,1.8144358
LUVTAA,1.7363585,1.7611903
TIQRAQ,3.7265995,2.389458
FAXKAU,2.987538,2.3516588
IQIQEH,3.2966595,2.8896294
HECHOQ,3.1241393,2.3276231
TUGKUD,1.531729,2.3292842
XEKKIL,2.86291,2.2792044
OVUMOK,3.271625,2.688208
RAMWIN,3.224005,2.5185707
VEPDAZ,3.106996,2.3470986
OHUSIW,3.488772,2.7467031
ITUSOI,3.0139332,2.323499
MIXQOD,2.4789572,2.0895116
NAQRUW,3.7573483,2.6747763
OGOWUF,2.772024,2.1673596
ISIXUG,2.4022212,2.5510914
QATZOE,3.7943556,2.8241844
EZUSUQ,3.1932561,2.263142
KILXIQ,2.198408,1.9801497
KAKVOL,3.31217,2.3413713
LAXVEO,3.0093071,2.828393
KAFZIE,2.7864459,2.2319784
PIDZUB,4.132321,3.1932194
NEBHIP,1.4296862,1.6801811
WEHLOO,3.7361233,2.5268679
NASPUW,0.65416175,2.2297013
ZACLAU,2.4629025,1.8477888
MIFCOX,2.8659031,2.4688323
EZEQOP,3.7913625,2.6934898
ADEKAX,2.9674017,2.2467604
BUZSOH,1.3080513,2.5836504
JEKKAP,3.6444209,2.9215734
ZEJPIP,2.5815442,2.1418228
TORGOY,3.691769,2.5800672
QOCCIY,3.2011476,2.9367905
MAQZOX,1.8860211,2.0756223
RAFHAL,3.125772,1.519472
MUWCEP,2.982368,2.3848624
DANKEK,2.7303905,2.6410823
ANIZOP,2.8599167,2.6423352
WIPPAQ,3.429723,2.650595
IHOGAO,2.920326,2.3279815
EXEFAP,2.798691,2.2119546
RAQKON,3.2868633,2.735257
IREZEN,2.0824873,2.1347494
XULCUF,2.8242698,2.129811
IZOTEZ,2.7467172,2.231254
MEFHOU,3.46537,2.639786
LAFBAW,2.449569,1.5299093
NAPKEY,2.1559582,1.8521245
DIYSIR,3.1674054,2.2070518
COFMOD,3.4033282,2.4030843
UNARUZ,1.5094156,2.289155
YANLIM,1.6506426,2.1591797
LIVJUZ,2.5110667,2.1303782
IBEKOP,3.231352,2.8716996
NOVJIU,2.9722998,2.8756557
GEFPIU,2.6751513,2.2908752
NIXWIE,1.3850596,1.4625099
UTELUD,3.056655,2.6710186
SUKDAG,3.7627904,2.4047916
TUNJAO,3.0378792,2.4906538
ATUWAQ,1.2492747,1.8013079
PULZAA,1.7219365,2.0793173
MICCEK,1.3592087,1.9869437
CUHHEV,2.416099,1.9979649
LIVKAG,2.5744693,2.133612
NAMMAT,2.712703,2.1858003
PUMRIB,3.3611505,2.7329845
MIHYIO,3.1434593,2.6346872
IGOWAD,3.0748866,2.4602275
JEPGUH,2.5660338,2.184361
AXIJUO,3.7600694,3.6020274
XOJZEE,3.3494496,2.0426197
FEHGIK,4.729339,3.6433446
FOYZEB,2.3097024,2.8018634
LEJLOF,3.2060456,2.7435126
QALZAE,3.1244113,2.8679059
FITJIF,2.2261636,2.0324004
HIYHIK,2.8680801,2.0741863
CAPTIW,2.7469895,2.2413983
WUSKAZ,3.2201955,2.447051
DANJIP,2.34671,2.475291
DOXMIP,2.4419498,1.9447472
POMBEC,3.2738018,2.7349906
ERADEJ,3.1793783,2.4143515
JOBWIJ,2.8397803,2.052907
GUBCIS,2.9622314,2.3447344
JESSAF,2.4890256,1.8686731
ITAJIZ,2.3091583,2.0611699
VOFYEU,2.3475263,2.9467738
JEZRAL,3.577753,2.9767609
PIWLUG,3.1597862,2.2859967
ZARDEF,2.9363806,2.0322645
BORHEY,3.037063,2.2717984
EWEYEN,3.577753,3.1048698
DEVFAP,3.6259172,3.4580405
XAXGUC,3.35081,2.9810166
MOWTIE,2.8498485,2.5546978
JUMJOT,4.813694,3.780166
EZEXAI,3.7467358,2.883874
UPABUL,2.8977406,2.5112762
MIFDIS,2.4278,2.303522
SURFUJ,2.7015464,2.0604496
HEJVEB,3.314619,2.3853016
FEDHOP,2.8155622,2.3295689
UNOGOW,2.9388297,2.333004
SERBOK,2.9548845,2.3029099
HAXBIV,3.4446893,2.7862704
EGOHAL,2.722227,2.7939007
NESJOL,2.026976,2.0167906
HAHSUI,2.8310726,1.7934643
ZEPNIU,3.1600583,2.6268206
YADTEE,2.803589,2.339058
QANKOJ,2.7238598,2.3480818
MUCDIZ,2.9641364,2.7496595
YEZPAW,2.798419,2.4246025
FUNGAW,2.4990938,2.1345582
VUJKOD,3.071077,1.4707447
UCOGOK,3.2849586,2.321972
ZINGUC,3.16931,2.9666364
GEVCOB,2.9508028,2.2937832
DEVKEY,2.7513433,2.084216
MUCQIN,3.3295853,2.8799539
LISVAO,3.243053,2.387952
FAXJUN,3.981298,2.8386242
AMAVAO,1.9725534,2.0141459
DOYZEZ,2.8060381,2.26636
HAYJEA,4.024836,2.846435
PESMEJ,3.1132548,2.619233
FONKEB,2.5703876,2.3590527
EMAFEG,1.8392175,1.1766992
CUTTET,2.0277925,2.244765
SOTPAV,2.934748,2.4210162
SIVVIE,4.029462,3.1657
GAKSAP,2.9508028,2.162389
OGIYOS,2.758146,1.4283787
SELBOE,1.8492858,2.4432735
SEKYAM,3.6582987,2.263805
VUWBIB,3.2999249,2.7476726
VACHIU,3.470268,3.088231
DURRAM,2.9094415,3.0173252
WIWREC,3.2348895,2.5793748
DOYVEV,2.7978747,2.6103818
PASSUB,3.9769442,2.4082608
IHOYOV,1.7148615,1.6150975
FUNRIQ,4.3004875,3.0732846
QAVDEA,3.0250897,2.3970795
QIVTEU,3.7007484,2.5122414
UWAZEY,2.0639837,2.1306474
PANZUD,3.4376144,2.252571
FAWGAM,2.578823,2.0225165
FAJKUA,3.3635995,2.657031
MAZTAL,4.0691905,2.630392
DUGJUN,3.061281,2.5654092
CUHGIY,1.1483206,2.302703
DIQHIY,3.3826475,2.676362
WARRUG,2.6346064,2.410962
AQEMIV,3.4781594,2.4434707
MEDMOB,1.780441,1.6739844
ZUBZEE,2.9102578,2.7056127
VEJVIR,3.109445,2.2669265
YINDUW,3.3064556,2.9333487
KUZLEZ,2.3796358,1.6960999
FAVQEC,1.2966225,2.3644507
YIYLEY,2.9616873,2.2831469
CIJNUI,1.9540496,1.8336372
WUZZID,3.5845559,2.7044063
FULJEE,3.3967974,2.6948712
POBRUX,1.7733661,2.1991806
XADJES,3.3842802,2.6665382
ZOVJUS,3.0169263,2.6788304
PIWLEQ,4.1206203,2.8905046
QIPZAU,2.2697017,1.9469581
YOYPUA,3.2362502,2.1482656
XAWVEA,2.5407271,2.494207
APIKIV,3.328769,2.6920552
OVEGUU,3.2065897,2.3568573
UVOXEJ,2.4403172,3.038052
VEVBOR,3.0531175,2.4425874
WIJYOE,3.2653663,2.3558428
KIMPED,2.9263124,2.3610852
UMECIB,4.019666,2.259791
FUJKED,2.4596372,2.009179
GORTAL,3.0748866,2.7497168
IJALEK,2.7663095,2.6459801
UBAYIJ,3.1717591,2.404809
HAJZAX,2.712159,2.0927844
LORMIR,2.5935173,1.8659601
ATOMEB,3.5723107,3.0007522
QOCZIV,3.448499,2.4514577
VEDMEA,2.2133741,1.9324338
PAVNOQ,3.121418,2.7479022
DAQRUM,4.645528,3.2659256
FOFKEU,3.353259,2.784595
OFAVAS,1.8857491,1.8063713
YAVPUI,2.2122858,2.3343787
QANGAR,2.243579,2.2271883
PIKJEA,2.183986,2.148009
DAWYAF,2.2188165,2.0094132
FAVPUR,3.042505,2.7622943
DAWXEI,2.4482083,1.984298
QAQLAZ,3.1837323,2.4775279
OJUYIC,3.0645463,2.2621102
COVKAC,3.5910866,2.8261044
IYIHAC,1.9325527,1.9479295
VIGVIU,2.9815516,2.3338976
IFOPAX,3.3037343,1.97393
RUDVOE,2.2963688,1.7771797
YECQOQ,1.3608414,2.028625
NOBSUW,2.5001822,2.2140174
XUSXUF,3.4155731,2.330463
LEZYUO,2.394874,2.2499664
WUSKIH,3.188358,2.3174813
RACLUG,2.186435,1.8920648
RAMDOA,2.0136425,1.9708762
MEDMIV,2.000581,1.5970311
WUMBOY,3.976672,3.3491216
WOPZOR,3.639795,3.3639944
NUYKUQ,2.9314826,2.520523
RUXRAG,1.8661568,0.1591289
BENSUL,2.7589624,2.2134094
TULYIL,3.8297305,2.68484
KUHZUL,1.9831659,1.5444734
ANISUO,2.5467136,1.9469872
TIJWOZ,3.1366565,3.4250548
LECFEH,2.9173326,3.0187733
IXIKEI,3.2724414,2.030985
YUZJAG,1.947791,1.6275637
ALIKOX,3.4068656,2.7899735
OJEWIL,2.7646768,2.6451735
HUFQAD,3.3728514,2.5709789
GANQUL,2.7284856,2.1339161
XUFPOE,2.8487601,2.3317678
WUGNUK,3.4022396,2.240498
NINWIU,3.355436,2.5299575
IWEGIB,4.047966,2.9240274
KANYIL,1.4008422,1.6855912
XOJSOH,2.155686,2.4501216
DIRDAN,3.8683708,2.5782027
ADUHAK,3.45122,2.1998703
EJOQAV,3.0974722,2.859138
JOZWIE,3.9617057,2.7069252
LEXZOH,3.6191144,2.6396515
SAMZUC,2.5377338,2.6084652
VITJAN,3.4713566,2.786549
OGAQUI,3.3181565,2.3145137
WAFCOZ,3.240604,2.6001706
MOQKUZ,2.064528,2.350633
BASQUH,2.69556,1.6223114
QEFKUL,2.5916123,2.5649173
LAYKEC,3.309721,2.9385922
IBECIF,3.1603303,2.6625876
RUFBIG,3.1703987,1.9028563
ZUJMID,2.884407,2.173728
IYOGEL,4.137491,2.959864
PEFLUH,3.41258,2.5343263
KUXLAS,3.096928,2.4303126
QINHUU,2.9684901,2.3314915
TCMPPD,2.179632,2.295925
EVOWOE,1.6998953,1.9729441
CEKWEV,2.6250825,1.5942036
WEDFOA,2.963864,2.2258854
XUMKAS,2.6318853,2.025788
WELQEJ,3.489044,2.488761
XEBWEK,2.451746,1.9507495
FIDTOF,3.2754345,2.7038212
DAFQOU,2.2882054,2.2157285
AXOQUZ,2.9785583,2.6789627
KOJLUT,3.283326,2.7549348
BOXWOD,3.16931,2.2954757
IQODOK,3.9064667,3.019767
APOQUU,3.1089008,2.1757917
VIDNAB,3.9448347,2.4785604
HAVVAF,1.7657468,1.9688303
PIXSEV,1.6079208,2.022246
CEGYIA,2.7850854,2.1264114
LIGSAW,3.2299914,2.7962232
LIXDUV,3.1176085,1.7714003
XIVFUH,2.5562377,2.346959
RUJHAF,2.9663131,2.4409409
ADAKUN,2.4849439,2.013056
JOXPIY,3.1391056,2.6806695
JAQWUX,2.4397728,2.31429
JIHVIJ,2.2914708,2.1931272
EKEGAF,3.5355754,2.55543
FICGAD,3.0414166,2.016358
NIJXIR,3.1584256,2.6387413
IQEMIB,3.4400635,2.685329
BARZON,2.858556,2.4091015
JESVUC,2.203578,2.0974731
WEQXEZ,3.0520291,2.6353405
UBABAE,2.9235914,2.0683506
PUKSAS,3.5407455,2.6812706
FAGSEN,3.4640095,2.3511732
BAHQAE,3.2316241,2.965416
XUTRUC,3.2498558,2.5332909
NAPNEB,2.650389,2.2352421
TAJWUA,3.7265995,3.3975923
DAWWIL,2.693383,1.9236723
QUFWIA,5.2697573,3.4133835
KIRBEW,2.344261,2.3976717
NOVCOT,3.651768,2.8306391
WEHNUW,2.626443,2.2766602
HAYGUK,3.6264615,3.3640103
MUWDOA,3.1350238,2.4418025
HUHGEY,2.1570466,2.2453043
JIJMIB,2.246572,2.3517246
CUXPIX,2.8620937,2.2884467
PUBCOH,3.362239,2.5905921
HAMZON,3.7031975,3.2030532
OGUQEP,3.6686392,2.6981616
CIVDUJ,3.1004653,2.4129066
CESQAW,2.284668,1.6036408
TELREL,3.2542098,2.1214952
WIFJAA,3.0740702,2.5108607
MUYVUA,3.8449688,2.3915393
YOZCOI,3.0103958,2.0952375
YIPHEO,2.7129753,2.3409078
VIRGIQ,1.7573113,1.8492874
JUQBUV,3.2531211,2.191531
GIPVIO,3.3080883,2.3667169
IVAKEY,3.4441452,3.0736637
TUKGUE,1.7537738,2.2423515
TAPPAE,3.0933905,2.2331612
DACKAX,3.4667306,2.6323688
LUWRIH,3.9875565,2.748459
XASFOQ,2.8166506,2.5651608
EGONAT,2.4912024,2.3928356
WIJQOW,4.1094637,3.265007
YUZDEF,3.2128484,2.2243512
BUWKIQ,3.1657727,2.0414927
ORUDEL,3.4182944,2.142094
REPXIX,2.5820885,2.7559905
XUGTAX,3.4667306,3.131494
VOVYEN,1.6881944,1.8777205
NUPXII,2.7690306,2.156979
KABPUB,3.0860434,2.0888314
WAWVUP,3.4071376,2.931902
TUQCEQ,3.3230546,2.6756124
RUZCAR,3.6378903,2.9339015
ACEJOJ,2.3807242,2.4867163
KILLAW,2.7352886,2.229213
QANFOE,2.4395008,2.091394
GAKDIJ,2.6087556,2.4982815
TAHRON,2.3916087,2.0150354
WAZTEZ,2.040582,2.1529887
FASPOH,3.524963,2.4232926
QALZUC,2.4773245,2.2983503
OJILEB,3.7943556,2.7647877
SIRSIW,3.539657,2.5805547
ZARJEL,3.854765,2.7681894
GAKDAB,2.0773172,2.3758984
QETXUJ,3.0484917,2.6562288
ATERUP,3.025362,2.3800006
KIHDEO,2.70971,2.443457
WEFKOL,3.51299,2.7375574
TOSQIB,3.2512164,2.4814124
IFOTIK,3.1023703,2.653864
XALSIQ,3.8531322,2.5483398
DUXXAW,3.776124,3.0626206
NEQZOC,2.7714796,2.285446
ELOQEC,3.6060529,2.6583304
YOLKOC,1.6702349,1.829442
XEWJES,2.6250825,2.2987084
LITKOS,3.3559802,2.757991
ZOHRIB,2.8362427,2.132237
ABATOQ,2.6871245,2.3097534
VIGQEL,4.115178,2.945365
YIRFIS,3.3080883,2.6398277
JILGOE,2.0794942,2.07802
IQEBAH,3.1410103,2.7987664
YOWLUU,3.4155731,2.4382296
OZIPOF,3.7538106,2.6996756
FEKYUT,3.288496,2.4956622
NARPAB,2.9595103,2.7522314
OCISEC,3.2487674,2.859029
OYEKAH,2.055004,2.1437023
BUZREW,1.3782567,2.5398011
CUWMOZ,1.7984005,1.3546963
ADIYOF,2.7750173,2.1395807
VIFSOU,3.780478,2.7907143
DIJJIT,2.932299,2.9575396
QIGDAP,3.3118978,2.4708393
MEBDOQ,3.551086,2.4416776
BUJVIO,2.3505197,1.4852152
FIJDEJ,3.6142163,2.450107
HUQQUI,2.5276656,2.208693
BEXKAU,3.1938004,2.59476
QEXRUK,2.836787,2.5636115
KEGPIZ,2.9722998,2.548469
IYUDUE,3.589726,2.100144
KEPNIG,1.4930887,1.4279318
EHOPOH,2.9976063,2.3605232
BOZXOG,3.0525732,2.382753
TIJQIQ,2.3687513,2.28693
NASKUQ,3.3358438,2.9728768
ZIPWII,2.2950084,2.2510085
MUWFOC,3.8876908,2.6229587
JUPXUP,2.0751402,2.4278917
JOYTID,4.024836,2.7226458
IPOTAI,3.1355681,2.8743553
JUVTAV,3.6936736,2.6822364
KAVVAE,2.8667195,2.7152748
LANMUI,2.6378717,2.5145683
TEMYET,2.4414055,2.140106
YIBFAQ,2.14589,1.8612704
IRIQOS,1.7311884,2.1399348
KIYWIA,3.3380208,2.3717828
LOGNOK,3.3679533,2.692718
SEKYEQ,3.5042822,2.553441
ICOPUP,3.1132548,2.8899593
JERYIS,3.2533934,2.857714
FANFEJ,2.384534,3.0551693
JAFVEV,1.218798,1.9857789
WAFCUF,3.2242773,2.5962815
CUXMOA,2.5442646,2.0780709
SUHFIL,2.7380097,2.3942194
JARYIN,2.932299,3.0124416
RACFAG,3.0275388,2.3421743
DAQWOH,2.5388224,2.2657042
EJEZEB,3.3407419,2.3136926
FAVTUV,2.8577397,2.6119962
XOVNUU,3.2006032,2.4750817
CUWMIT,2.0120099,1.9144197
UTELOX,3.3388371,2.3239424
AQITEC,2.94917,2.262658
VIKHOO,3.7323136,2.9110713
SUVKAY,1.7096914,1.8862503
QUHDOP,2.5559654,2.5212634
INITIL,2.7782826,2.4764047
FUTKIR,3.5124457,2.5246089
BELLOX,3.0754309,2.3614383
YASBID,2.7241318,2.1419792
GOJQIH,2.8182833,2.4571202
OVIKEM,2.533108,1.9664803
JOZYEF,3.2210119,2.1932158
CEZRUY,2.9162443,2.3638432
EMAQAN,3.1434593,2.2356932
RUNJOC,2.9222307,2.3924413
UJOLIR,3.5973454,2.66146
MELDOZ,2.9293058,2.9641976
GEDYAT,2.121944,1.8821408
GAQNIZ,2.6449468,2.157997
QAHCEI,3.1723034,2.985187
TEMTAK,2.5290263,1.9307759
GIKYEH,3.8417034,2.8768072
YUMXEM,3.0928462,2.6254609
KAFZOK,2.944544,2.478755
TAPTUB,3.496119,2.670512
IWOHOS,2.5461695,2.2366865
YIXWAH,2.7562413,2.0799286
WUWJOP,3.04441,2.8487496
GEJZAZ,3.4441452,2.7193058
RUZCAT,2.459093,1.9842095
AKUBUG,3.2299914,1.8330635
WUMBUC,2.0065677,2.2979274
NOHVEL,2.3575945,2.3499775
VIJGOK,2.557598,2.413696
TEFQAA,2.9529796,2.4204574
BOHQAR,3.8283699,2.8979573
VUJGIS,3.2041407,2.858259
ZEJNEL,3.0789683,2.503546
HIWBOI,3.3848243,3.1683927
HAHSIV,3.9554472,2.6668177
QUHVEV,3.9568076,2.7844863
IVIREM,2.0680654,2.2325945
JUZJEV,1.6122746,2.5581512
ALAVAK,2.7475336,2.4588976
LAVSOR,2.7018185,2.811789
XAWTEY,2.3573225,1.9284168
NOVJAM,3.1050913,2.9744174
UWAYAT,3.0833223,3.1949415
XASFUW,3.5216975,2.8219457
VATZAV,4.2950454,2.404476
YUQCUK,3.9946315,3.0074153
EZEXIQ,3.6030598,2.5619617
IQASUR,3.874085,2.9295225
KIDWIH,4.158444,3.2037616
TOCSUD,3.7796617,2.6045053
FEKYAZ,3.3801985,2.6973143
ODOYAI,2.4990938,2.851775
WIGDOJ,3.2675433,2.440345
ABAKUM,3.1788342,2.2145705
YEDKOJ,4.0917764,2.752065
EKEFUY,3.2754345,2.717851
UZACEE,2.4003165,2.2238848
LUVSUT,1.7581277,1.9016029
UYAFAE,3.589454,2.3616934
VUSBAP,2.9244077,2.4702258
EVEWIO,3.4601998,2.6003423
HAJBED,3.3010132,2.447657
QIBBAI,2.8155622,2.3686614
QUHDIJ,2.9557009,2.4607525
SUNNOH,2.1589513,2.324658
CIQKUM,3.6825168,2.4385862
BEDZUJ,3.3227823,2.3968134
NIJBOY,3.1655006,2.727174
CESHIV,3.5581608,2.5898044
FEBKUW,3.229175,2.825188
POYCIS,2.635695,2.5445054
ZOMDOX,3.7203407,2.1849475
IPODOG,3.4387028,2.7952113
XANLAD,2.6920223,2.2122989
YOVHID,3.1513507,2.1664057
NOBTEH,2.5298426,2.3356516
TUKFUD,2.5671222,2.1169965
BEFBEX,2.815018,2.3441286
VEPDED,3.4645536,2.2938538
CETVIK,2.6400487,2.3178253
JUBPEE,4.21069,3.7962484
RUZKOP,3.350266,2.362902
JOZWAZ,3.3929877,2.5354016
YANLOS,2.6778724,2.5326102
TULYEH,2.4971888,2.4201849
XAWTAU,2.4857602,1.9719486
XIVTII,3.3679533,2.8777928
JERYOY,3.2033243,2.910094
UHIKII,3.4376144,2.715867
TULKOD,3.6003385,2.6266992
FEDHIJ,2.9595103,2.343985
ZISDIS,3.1774735,2.139645
SONWEZ,3.3274083,2.2017252
CUYQAR,3.6055086,2.4882016
QAVDIE,3.0961115,2.4682744
SERREN,3.1029143,2.5020845
OVUMEA,3.1935282,2.4964454
WALFAU,2.94917,2.4619312
FITKIG,2.5592308,1.797597
SEYHUD,3.6825168,2.9708028
VOTYUA,2.3314717,2.0225635
LISWAP,3.3094487,2.8451648
NAPMAU,2.186435,2.0606236
IGIFEM,2.1344612,2.079212
TALYAK,2.8699849,2.299363
KILXOW,2.1276584,1.9086177
SUQHAQ,3.4876833,2.8409984
QETXAP,3.0275388,2.7449107
GOZVEW,3.1418266,2.7233846
IGUREK,3.6893198,2.73004
KIMCUI,2.576102,3.142802
FIDSUK,3.1630516,2.6316354
MUWGAP,3.8490505,2.5518792
OGODIA,3.876534,2.6395717
MANGER,3.5067313,2.3644838
GULZUL,3.0547502,2.4217763
YEBLEA,2.241402,2.155764
YADFEP,2.6223612,2.5571659
SUPTAB,4.270011,2.6466582
FITSIO,2.086841,1.9523628
QIZBOR,3.08305,2.2818413
CEDHOM,3.2419646,2.4924293
AMAVES,2.0506501,1.717791
JETJUO,3.8174853,2.7916117
EMOPUU,2.6204565,2.2758706
YEBRIG,3.2713528,2.5811172
NAJVEC,2.63379,2.6575503
WEDVAG,2.495012,2.5461655
VILDAZ,3.8792553,2.5418112
DIQSUV,3.4408798,1.9936726
MEDSIB,2.1545975,1.8380088
VASHIK,2.6773283,2.2632484
HOKBAL,3.4280903,2.6319864
FONLEC,2.5671222,2.1750855
LORMOX,2.6245382,1.9003654
CMCSPD,3.0952952,2.6805608
HAQPUN,3.2659106,2.6334057
LIVKIO,2.9600546,2.2312057
PEKRIK,2.8316169,2.3398585
HUFHOI,2.6833148,2.4795039
IMUJAE,2.5584145,1.3380489
TORBIN,1.641663,2.5878918
ADINIM,2.5804558,2.0625815
COFWEA,2.527938,2.0293467
IMETUS,3.180467,2.4572823
FONKUR,2.2781372,2.1988947
EXOXAQ,2.9913478,2.7656312
MURLAP,2.8571956,2.1213923
CUXMUG,2.7273972,1.7400035
JEKNAS,2.4316094,1.8195512
OWUXUC,3.1703987,2.7556915
EXECUI,5.9451437,2.975348
PIJLIH,3.4836016,2.9567173
XUNGOF,4.0283737,2.5935118
NIQJIH,3.7197964,2.6255147
RAKMEZ,4.8428106,2.6877446
EVAKOE,3.6574824,2.2812428
OFOTUA,3.859663,2.5994983
CUQFIG,3.752178,2.1523407
XIHTER,3.2708087,1.8962715
EFIPAO,3.2947547,2.9676023
YUWHOQ,2.2759604,1.5591972
IKUKOR,5.1511154,2.8805332
RATFIB,2.9233193,2.1187916
YAJYOB,2.0468404,1.5574617
OXUCOC,5.68337,3.2046113
OZIZII,3.9342222,3.0605266
XUNGUL,4.428925,2.8110216
WEBQED,4.338311,3.041278
VUFXOM,4.3905573,2.463296
DIWQAD,0.104763836,2.7125235
EFIPIW,3.8920445,2.5559177
ZOJLET,5.1560135,2.559608
QEZNUI,3.9200723,2.9479523
XUNVIO,3.6582987,2.6714225
NAGHOW,4.1238856,2.7723012
TEYBUV,3.9660594,2.4031162
MOHNAZ,2.4131057,2.3203063
LEYBUN,3.484418,2.4759579
ASUMIN,2.8501205,2.186318
CICZUM,2.0155473,2.5331178
DAFBOF,2.6008644,2.6040688
OFOFAU,2.8645427,2.3668516
KELKES,2.6046739,2.0383127
AKAYET,2.7687585,1.9030015
PEMPAC,3.3450956,2.4569979
FUWBAD,2.9303942,2.0342388
IHOKUO,4.1437497,2.1207619
LOFRIK,2.674607,1.8926375
COMGET,4.0689187,2.5517929
UQUSEH,4.567431,2.8082154
GITCOD,4.700223,3.1462958
FIBPUE,2.724404,1.8660809
VAVYAW,4.8501573,3.4786487
XAVDEH,3.6934013,2.938503
IVEQEI,3.3440073,2.1586657
FERSOO,5.743235,3.5379386
ZEQNUI,4.598996,2.9412541
EBAWOX,2.8046775,2.0290356
SILLEI,3.448499,2.5518553
VAMDOG,3.9325895,2.975362
EBIKAF,3.4098587,2.8240092
ZIDVUH,4.9655337,2.8411222
ESOVIU,3.6577544,2.8693645
JARYIO,3.6150327,2.792525
GIWLUX,3.469996,2.5576932
LUMZAX,3.9611616,2.6490397
JARBAJ,3.7660558,2.6193447
QAPREI,3.6038759,2.6084983
NAGHEM,4.8425384,2.45817
OYUNEE,4.008509,3.1167467
KIBLEO,2.2424903,2.4036915
EHINAK,5.515748,3.0004084
IJABAZ,3.329041,2.3448942
IHOLID,4.1644306,2.0282152
CUZKEP,3.8085055,2.7066286
GUTCIK,3.8776226,2.686171
EGUVOV,3.0027764,2.0763676
GAWKEY,2.160312,1.8357855
MAVPEF,3.695034,2.6343822
LUMYUQ,3.9856517,2.6959898
LIJNIF,3.229175,2.2743616
EWEVUA,3.0498521,2.5178823
JUPCUV,4.3464746,2.435272
NEVPOV,4.7832174,3.545253
OFOFOI,3.2011476,2.0347683
XUNHAS,3.176113,2.4795637
GINSAZ,2.5058966,2.185041
YEVYIK,3.0746145,2.5657268
YUWZOG,4.5260696,2.8574328
ROYKOI,3.023185,2.0376697
ANOXOT,4.387292,2.466421
FUZNAR,3.4000628,2.2253234
GINRUS,2.5429041,2.1355546
LIJNOL,3.2229166,2.2697167
SUQZOW,2.994341,2.124866
KOHMUQ,4.2338195,2.89105
VUTWIT,3.3736677,2.444107
JOGVAG,4.6308336,2.8371818
NASLAW,2.9488978,2.287169
WITJIW,4.7970953,2.808071
OWOTOM,4.015312,2.345952
KAFCAZ,2.3360975,2.6797333
LUSVUT,2.8833184,1.8487461
PUHVOE,3.9391203,2.8692951
CUBKIW,3.128765,2.0701208
BEYBEQ,4.0452447,2.5428584
CIXYOX,2.4574604,2.3051825
WABRUP,4.1404843,2.7772918
OWAKUV,5.0058064,2.9369183
IJEVOL,3.4689076,2.6882238
GODMIW,3.166317,1.9853656
YUYKEL,3.8803437,3.3078628
EFOBOU,4.356815,2.6119266
YAHREI,2.6672602,1.1501156
RAWVAN,2.9434557,2.6767595
VAVYEA,4.879818,2.895808
UQUKUP,4.572329,3.296857
DUQGII,4.466749,2.5776277
GIXJUW,1.5396203,2.2723734
EPUDUP,3.8626564,2.5878263
NAGHUC,5.049345,3.6291242
NIZFEL,4.2223907,2.898464
LUCZOA,2.267797,2.0545204
AQAPOA,2.8528416,2.6719205
XUPJIE,4.0626597,2.3350465
MOZZOT,4.76553,2.9629083
LUSVON,3.0982885,2.565247
APEJOX,4.7040324,2.7948644
WOBLIL,2.1788156,1.8433965
GEGZEB,3.3181565,2.174931
DAFBIZ,3.4169338,2.3821607
TOKYEZ,3.807145,2.6864753
TIVKOC,4.057762,2.7404463
UQULAW,4.574778,3.379014
TEXYAX,3.5668685,2.1980932
QEZNOC,3.7644231,2.793656
XULZAI,3.7421098,3.3933642
HIKZAE,3.560882,2.5238307
AWEZAG,3.991094,3.436757
BOQFIY,2.9284894,1.9715939
ABEFIZ,4.129056,2.8624747
FEGXEY,4.462123,2.476572
VAKWIQ,4.1641583,2.6856978
ILUYOG,5.174517,2.556427
VERVEW,3.3227823,2.206102
RAKLUO,4.9383225,3.0468
TEPVUH,2.9192376,2.0046778
CUZKIT,3.895582,2.7761059
OCEHUD,3.455846,2.8565738
QOZDAN,3.3576128,2.4214585
WOKYAY,3.651224,2.3501463
BIVFOF,2.6351507,1.6555111
FITSEK,3.5244188,2.7790973
IZIGIK,3.601427,3.0090363
XEGLEB,3.578025,2.8790357
YUJKAQ,4.601445,3.5061045
BEPQUI,2.6299806,2.0964737
QIBBOW,1.2549891,2.3223572
ASULUY,2.8381476,2.2021184
UYEPUM,4.893696,2.7815213
NOSSEV,1.7543181,2.6501524
DOXXAR,5.0270314,3.2405972
XOHTOH,3.4286346,1.9737189
CAKKIM,3.1380172,2.5214703
QAGQOI,3.555984,2.373334
LIJNEB,3.264278,2.2244778
LEXYET,2.5214071,2.4274852
OYETUK,3.802791,2.2973611
WEVVAU,2.4095683,2.0330698
BEYBIU,3.0517569,2.287025
UGIDUM,3.9744952,2.6237345
FIKFUE,3.8074172,2.9479437
TEPMIO,2.7954257,1.4964627
CAMQUC,3.4553018,2.266666
NEVNUA,4.3287873,2.4857364
PURYIL,3.4618325,2.2798223
ECATAG,4.1309605,2.8943274
LIJFET,3.1486294,2.226291
PAZPOZ,2.108338,2.2082095
RAGFOY,3.8514996,2.6028244
BAXBIO,4.1696005,2.5966969
GEGYUQ,3.3230546,2.1765735
QIDGUJ,4.067558,2.7402909
PIZJIT,2.6392324,2.3237946
GIKXAA,3.9706855,2.3172555
BARBED,3.5627868,1.758657
YEFMEF,2.9812794,2.106935
EFOWEF,0.3395981,2.207404
SOCGIE,2.979919,2.265887
IPEGOC,3.064002,2.451495
QEZPIY,3.7181637,3.4588099
ITUVOL,2.9483538,2.6462393
CAVWUS,3.620475,2.5289419
UXUBUN,2.7494385,2.3940895
ABEXIR,4.0498705,2.7967753
IYARAE,2.9404624,2.6816623
KUMSER,3.876534,2.7546873
JOVLEO,2.3390908,2.5066297
YUQJAY,4.55437,2.812196
IVONIT,5.4958835,2.8336523
SICYEM,0.6427329,2.549591
ATANOB,5.420508,2.8208764
AXESAA,4.01885,2.373982
MOZZEJ,4.593282,3.1752937
EFIPOC,3.8210227,2.6734087
MUZDAM,3.771226,2.414115
LEZFUS,2.2609942,1.9297934
YANTEQ,3.5597935,1.8782578
UZUJUX,2.6008644,2.08184
EFOVOO,4.1570835,3.0485473
ZISDOY,3.3728514,1.5889009
JARYEK,3.711633,2.7457983
BEXGAQ,3.4708123,2.638766
NAYCEX,5.052882,3.0030274
REPYUH,3.388362,2.0408318
VAWSOF,3.1372008,2.4309595
ELEFOT,4.741584,3.2629485
KESROS,2.2601779,1.7010491
ILUYIA,5.180504,2.5567076
DEVFIX,3.5856445,2.5239403
NANNUO,2.7660375,2.7962582
YUDYEB,3.6958504,2.4993765
DEKFOS,4.093137,2.2023265
QEWDOO,3.797077,2.5159
LEXYIX,2.468345,2.3740146
IHOMAW,4.141845,2.1175032
WEMGUU,4.193819,2.6358697
DUZFIQ,3.907283,2.9807277
LUSWAA,1.51513,2.097478
XABPOJ,4.4994025,3.1155396
GORPUB,4.449606,2.33409
GEGYOK,3.3214219,2.1794453
ABEHEX,4.0833406,2.5803518
BEXFUJ,3.45122,2.5272171
IHOKOI,4.136131,2.110241
QEJMOL,5.415338,2.863246
IPEFAN,3.061009,2.0270104
IVUYII,3.3633273,2.5115166
WIYKOE,4.2259283,2.694977
AZUBUV,2.4691613,0.98292696
XUBSUK,4.441715,2.8670123
SUDXOH,2.985089,2.1868477
NABFIH,3.3954368,2.1593895
LIJNAX,3.1864533,2.2493684
ASAVIA,5.135605,3.4945664
PIJKIG,2.5137877,2.577146
ASUMAF,2.822637,2.1303518
FERTAB,5.5312586,3.306194
TILTEN,3.4991121,2.630633
JIGWUV,3.6520402,2.3716977
MUZCIT,3.9094598,2.748205
GAWKAU,2.305893,1.7926652
GUQZOK,3.5848281,2.6290467
DUHLUQ,2.9042714,2.0107572
CIWLIH,2.7570577,1.6294739
TEGNOI,2.958422,2.1546774
USIHEK,3.037335,2.749169
HIQQEH,3.5622425,2.351632
JIJDEP,4.1051097,2.919884
TUFBEE,3.367137,2.5651271
UNIYOI,2.311063,2.2449207
RIQSUG,2.879781,2.3618321
DAFBEV,2.4634469,2.6448433
XAPQIR,2.5439925,1.8420259
RUWFUN,3.5366638,2.4906416
COZNUD,2.6803215,1.8104041
APUBEV,3.9483721,2.2600996
RITFUZ,3.1897187,2.2550457
ZECXEO,2.530387,2.59971
EBAXUE,4.1521854,2.462502
WUTLEF,3.3657763,2.3638957
WOBKOQ,2.7461731,1.9655322
CICZOG,2.167931,2.5197127
ENAMIQ,3.362511,2.653558
AVAPEV,3.84769,2.505878
WOZLOP,4.2749085,2.7871373
KUPCUW,3.6963947,2.2625878
XIHDEB,2.884679,2.1791239
DEKFIM,4.053408,2.1399846
HIQMEA,2.7709355,2.0682585
GIFRIZ,2.7216828,2.4873948
BAGPAE,3.281149,2.1051047
ABOFIK,3.7385724,2.2239013
VOSZUB,2.8702571,2.5620224
PAGMNU,5.011249,2.7606254
VEVVAX,2.671886,2.0686343
EFIRIY,3.940753,2.952163
KADDOJ,1.4827484,2.0872803
KUNXUM,3.5241466,2.2654681
BUVTIX,3.4068656,2.3191884
ABOFUW,2.6944714,1.9889443
IHOLUP,4.1810293,2.0660079
BOYWOC,2.8294399,2.665936
WOJJEM,2.984817,2.162165
IXOGIO,2.7091656,2.6051407
WEMHOP,4.366339,2.6766
RITVOI,1.9962273,1.7922871
WAKLUP,5.841196,4.206552
RUNDOW,3.505915,2.2551968
WEMGOO,3.020464,2.6418104
HAKXEA,3.567685,2.619762
BULREG,3.8495948,2.7982225
RAKQAZ,3.5146227,2.4071217
RULMUJ,3.6248288,2.258083
SCYNAG,4.404435,2.54842
MOWROG,2.8716176,2.1705694
OKUQIX,4.818592,2.767625
VINVEV,4.021843,3.3468397
ZUJSUU,3.570678,2.5196288
GIXHAW,3.0201917,2.2910438
OCEHIR,3.6036038,2.2875247
JABBOE,3.7075515,2.3329604
LIJMUQ,3.244958,2.2216828
ZEJTOB,3.3826475,2.5690455
ZEQPEU,4.662399,2.6858582
OZACUQ,4.2531395,2.6270175
KELKOC,2.043575,2.1327899
NAPQAA,2.9810073,2.433354
ASULOS,2.8422294,2.2034678
DUHMAX,3.2090387,2.4131117
XEZNID,2.8188274,2.5428271
JIGXAC,3.5829232,2.480112
OYUNAA,4.5867515,3.1292667
NOMYOG,3.7440147,2.8277457
NAVVAK,3.5037382,2.7173398
VEVZIJ,3.1921678,1.9280965
RAGFIS,3.7086399,2.775989
LUBFEW,2.8106642,1.7505928
MAXMAD,5.2039056,3.1674654
IHUZUJ,3.4553018,2.3434741
WEMHAB,4.400081,2.5497522
GOYVOH,3.959801,2.3152797
UQUSAD,4.194363,3.0037184
RUQNOJ,3.3404698,1.5192682
IXIVIU,3.6963947,3.039442
ABEHIB,3.5766647,2.5287685
BUGGEP,3.489316,2.202311
LEXZEU,1.9039807,2.1827474
WOXNIJ,4.0523195,2.8218443
ASULAE,2.8542023,2.203881
GEDFOO,3.0147495,2.545871
SAVJAB,3.610951,2.8428593
VUCSOE,1.5491443,1.8579695
QOZDIV,3.0846827,2.4050093
SAYZAT,3.4090424,2.6229408
LUBFAS,2.8079429,1.7544373
IKUKUX,4.544029,2.3736784
VEWBAE,2.8520255,2.168672
BUHZOW,2.0903788,2.266562
GEFVOD,3.9538145,2.7518628
GUHZIS,3.658843,2.6364083
JUPDAC,4.435184,2.363059
DEKFAE,4.052864,2.168816
PURZAE,3.8915002,2.9451194
VAQGUT,3.978577,2.9853199
XAXWUO,1.4830205,2.3083022
GIWKUW,4.70376,2.5178926
CIWLED,3.23108,2.584243
ZUNSOT,2.4680727,2.2302084
DEKFUY,4.407156,2.2118955
SILLIM,4.040619,2.8294601
AVAPIZ,3.8319075,2.283142
PIJKOM,4.133137,2.917075
RILXAP,4.0757213,2.4137697
UZAQAQ,5.558742,3.1847613
IVOSAQ,3.6264615,2.564936
YAFZUD,4.3271546,2.2323885
PIJLON,4.2476974,3.0388792
GEGZAX,3.326592,2.1751041
KURVEZ,3.1543438,2.2686093
ELEFEJ,3.348089,2.818122
ADUSOH,4.098579,2.3883533
GIWLOR,4.722264,2.5692444
SIDXIN,2.6351507,2.2358782
IZIJUY,4.464572,3.3545737
AZOTER,3.101826,2.499598
ZUFLIX,3.465098,2.1665957
IVIXET,2.8210044,1.5359517
EMALEK,2.944816,2.376932
WAPJEG,2.6354227,2.21012
GEGZIF,3.317068,2.173899
ASUMEJ,2.8397803,2.1752253
QAKTII,3.3132584,2.3153005
XUNVUA,3.6335363,2.7105772
COKJIZ,3.0297158,2.288535
JEVCAS,2.368479,2.0297265
XEGKUQ,3.4180222,2.4613512
NAGGIP,1.4022027,2.6733904
HUMVUJ,2.872706,1.6907594
FOWWIA,3.3069997,2.7345026
XIHRAI,2.8256304,2.2264075
IVIXIX,2.6473958,2.0510273
TIVKUI,4.175587,3.0072436
ENAMEM,3.0599203,2.636978
UYEPEU,3.510813,3.035997
QAHBIO,2.3546011,2.26656
VAVMEO,3.8585746,2.710244
SUDMEM,2.5102503,1.6318567
DEKDEG,4.141845,2.336509
WUCSAR,3.3518987,2.5352154
CIDBUP,2.0699701,2.5123646
QADLUG,4.1026607,2.8584344
IRAVON,2.5663059,1.7124919
TCAGTU,4.416408,2.6911805
WUKCEN,4.1619816,2.4156082
QEZPAQ,3.7312253,2.9820583
HABBOF,3.8735409,2.44116
RARTIR,3.5099967,2.4093153
KAXFEY,2.8324332,2.5542188
YEQGAG,4.3622575,2.4449286
XUPJOK,4.036265,2.4487116
NAZNOT,3.7312253,2.3458571
BIVFUL,2.495556,1.3587418
TIWCEI,3.7538106,2.2484157
QIWYOM,4.084701,2.7710056
UGIFIC,3.470268,1.5239745
CEWMUQ,2.94917,2.9515362
DEKVAU,3.8729966,2.8644686
BOBMEO,3.52714,2.7170253
JIKGUJ,2.8122969,2.2767022
OQIPIO,2.041126,2.0702555
YEFFEY,2.446848,2.5438433
MISBAT,3.589454,3.0380774
XABPUP,4.584574,3.0673063
YUYKIP,3.8863301,3.3075078
NABGII,3.6104066,2.4161994
HIQHEU,3.4504037,2.3942554
AQAGAC,2.8430457,2.278412
QAPROS,4.065925,2.6721795
PIJLED,3.6555777,2.7963383
VAPXUJ,3.429723,2.6140542
XOYDUN,2.4166431,1.9927344
IBAVIU,2.841685,2.609297
UXIVOP,2.5162368,2.1993728
YIQXED,4.516818,2.8709762
ZIWJUO,2.9083529,2.2476935
KAGVUN,2.7459009,1.7577398
UKEGOG,3.6599314,2.750988
HELRID,2.8476715,2.3899796
HAYYAL,5.16717,2.941993
REGYIP,3.4686353,2.3388968
IJEWUS,3.4019675,2.8254647
QEZNES,3.5973454,3.4289448
MIGTAB,4.141573,2.7648222
TEQDOM,2.9891708,2.3994255
EVAKUK,1.6579897,2.0473926
XUNWAH,3.5426505,2.5930202
VAKKEB,4.16307,2.793662
YAHQUX,1.9937782,1.9534161
HIBMEO,2.5608635,2.4211023
HAZZER,3.190807,1.6787279
QADQAR,4.5682473,3.1171281
UGIFOI,3.9423857,2.5299885
EVOVAP,3.3524427,2.6558554
QAGQIC,3.654217,2.3210325
PIJLAZ,3.3796542,2.6491017
VEJPUZ,2.6419535,1.361668
UGEPUU,2.451746,1.9290915
TUDQER,6.048819,2.7940454
BUNJAW,3.192984,2.3082912
VEZQOJ,3.5143507,2.803804
GUPPAL,2.7826364,1.7781589
UBILOK,3.689592,2.8883672
GOQQEK,2.7875345,1.3618476
PUDLOS,3.7219734,2.291381
JUZMAV,1.7943188,1.9283357
WIZWIO,2.3282063,2.0997388
BUQDEZ,3.5924473,2.1819177
UHEVEK,4.600901,3.0187168
ZADCAI,1.5907776,2.8111448
WESCOQ,2.5181417,1.3796479
KUVNIB,2.9078088,1.989537
QAJCAJ,5.00499,2.9713206
DIWLOO,2.8351543,2.9830074
DOJNUP,4.203887,2.5237951
XEJDOI,2.7061725,2.0070016
USAYIY,3.118697,2.146284
LEHHUF,3.71898,2.5834606
WACXAC,2.7072608,2.591132
UGIFAU,3.781022,2.1407144
OXUGEV,3.9668758,2.7762256
OXOPID,3.8338122,2.1517286
FOCKUH,3.6359854,2.0690358
NAGCIL,3.8365333,1.6069949
GANQUJ,3.305367,1.3015167
CICHAZ,2.3624926,1.760593
RUVPUW,2.6729746,1.7315251
DIXLAY,2.936653,2.0471067
SOFTIR,2.7954257,2.6631613
UBEFEQ,3.0414166,2.19139
SUJPUL,3.3976138,2.802457
VETCUT,3.1222343,1.7277331
WINCOM,3.7314973,2.1890397
GACCEW,4.5804925,2.8855035
DAYPOL,3.4621046,2.7610497
XEVJIV,2.2816746,1.8695183
SUGPOC,2.8544743,2.3524923
AWAYAY,3.1774735,2.9899206
FEQHES,3.465098,2.9007127
QOXJUJ,2.423174,2.6565015
DOTLEF,2.6016808,1.6949077
IJOLAV,3.0305321,2.0741472
OKOJOQ,3.9440184,2.5456269
WADLIX,4.2466087,2.349197
ZUTNIN,3.4634652,2.3028562
ZOHPAR,2.0555482,2.22735
LAJVUO,4.7475705,2.9217823
DIRFOB,4.543213,2.4941294
TUGGEI,2.8732502,1.9945841
ZUFKUJ,2.6158307,2.3565824
FOCLAO,4.4686537,2.5679848
PIBMOD,4.6822634,3.1322093
YENPOX,3.64687,1.9316553
AMINES,3.714082,1.9445386
CICJIL,4.270011,3.0223026
IRUQAQ,2.0569086,2.166057
WIQMIW,5.969634,2.9743574
AGOHUD,4.753829,2.8809807
KUVPAV,2.882502,1.9724131
OXOPEZ,4.114362,2.2600656
KIRROW,2.9271288,2.5151827
LABZOH,2.5099783,1.4808723
GUFFUI,3.7600694,2.0540214
UJEBIX,1.8204417,1.9833176
HOGBEM,4.2316427,2.5045402
LAVXOW,4.629201,2.3519015
HIVVEP,1.8511906,1.2208914
VUZRUG,2.5891633,2.1794233
COBRUK,2.3962348,1.7432096
JODNEZ,2.5233119,1.7468799
VOKBAB,3.3733954,1.8597884
EXODON,5.2762876,3.0528653
BUSRUD,3.6653738,2.3626208
XOCDEY,4.5943704,2.9822087
OBOQAZ,3.4980237,1.9142992
COYJAC,3.2950268,2.2875519
VUDZEA,1.4617957,2.2056553
SEBVAX,3.1957052,2.3885643
GIDPIW,2.6637225,2.3231678
HIBROZ,5.053971,3.1000993
QEHLAU,2.1450737,2.4036381
UCEYEK,2.2669806,1.5755861
HULFOM,2.8781483,1.8652322
BUSYEU,0.15483278,2.0833735
WEHYEN,4.40117,2.9137223
FULXOB,1.6016622,1.470837
QEGXAF,2.865359,1.7824727
OBACIG,2.5409992,0.86518383
CUBMOE,4.9320636,2.531273
FEQHUI,2.614198,2.7629855
ZASZUQ,4.038986,2.3116198
UYAXOI,4.0923204,2.888422
VUNJOE,2.9042714,1.2831236
BOMHIW,2.6155584,1.6249359
AYUFUY,4.1353145,2.3779938
OYIQEV,2.9502585,2.256807
KUVNEX,2.839508,1.9310708
TUDZOK,6.1620183,4.0042763
FOCLES,4.276541,2.7304273
ZEHLIL,2.2286124,2.1983714
IWACAK,3.8395267,2.4835176
KERYUD,3.862112,2.4287822
MALZUY,2.631069,2.0420325
WOGZOH,3.329313,2.29957
APUVIT,2.6520216,2.2360578
KEYYOD,3.4370701,2.1758766
ELEREV,3.589726,2.481638
ELERIZ,4.153546,2.6284432
NIZDAF,3.5151668,2.6265755
KIRKOP,2.0732355,1.2200105
VIFMAC,3.0931182,2.359889
WOQXUX,4.791653,3.5912638
QEYROC,2.385078,2.0422733
QILHIG,2.8479438,1.7899979
WOBWAP,2.4190922,1.8162885
OXOMOG,3.9524539,2.217353
KIRPIO,3.1252277,2.6746557
KUVNAT,2.6988254,2.012079
ALULEB,2.9317548,1.6430199
OXONIB,3.3597898,1.984388
FAHBEZ,3.2201955,1.9763477
VABTAX,3.5377524,2.6455448
CIYFEY,2.3355532,1.1150975
VIHRIP,4.073272,2.7503307
YEHDIA,4.3965435,2.836808
BEDSAI,2.8528416,2.1535692
OMUNIW,3.7799337,2.5002127
KUVMUM,2.8762436,1.9734254
VOTYEL,2.8482158,1.5492766
ZEGGOL,3.386185,2.1158934
FESXUA,2.7758336,1.921377
WESVUP,4.246881,2.8299696
OBUCEX,5.3979225,3.5122647
GOQHUS,2.779099,1.7504191
PUDYIX,2.74835,2.2576299
NAGDOS,3.9132695,1.4541416
OSIVAQ,2.7461731,1.9443761
QEWKUC,6.429234,3.0431223
JAYFEY,2.4506574,1.6668433
YOGMUD,1.7752708,1.8677433
GIDPES,2.6509333,2.3656867
QAJDAK,5.7943926,3.2730727
NEWGEF,4.691243,3.3927162
HUCKOI,4.294773,3.6448514
HEWCAP,3.1649563,2.6812592
FEJYUS,4.2506905,2.7232318
GARKIX,2.6672602,1.8221942
FEJYOM,3.7173474,2.4925027
ZITBEL,1.9374506,2.7449548
VOKKOV,3.4308116,2.8721244
WIZSEG,1.9360901,2.0116343
XENPAL,2.9385576,2.2548592
JUGPUZ,3.7597973,2.6526482
IFINOB,3.8041518,2.6329799
HEPLUN,2.9078088,2.1627169
COVJIJ,2.6093,1.9113667
LAZQIQ,3.9715018,2.3397493
EKUJUS,2.4324257,2.2615595
BEJVIY,1.9126884,1.3234364
MAPJET,4.253684,2.7378864
BUSSEO,3.821295,2.238919
JEZNUB,2.4084797,1.973797
RUFHOS,4.784306,2.8141127
DOVTEO,2.8525696,2.8981738
IJUBOE,4.0615716,2.4515052
IDIKIR,2.265348,2.0218365
RAYZIE,3.2011476,2.372422
OFANAO,2.2931035,1.8454038
XEKNAE,2.7918882,1.7247052
OXOPAV,3.6267335,1.8369868
UZEGAJ,3.4253693,2.0249407
WINFUV,3.9747672,2.3325915
UBEDOY,3.4827852,2.6787179
BEJJIN,1.4639726,2.5400038
YEWZIN,2.793521,2.0342798
JAYFAU,2.736377,1.9243104
EHOWEE,2.0348675,2.5176423
UCIWAE,3.567957,3.0905535
GEVDER,2.6569197,1.9799652
UWIKAP,4.4463406,2.8449426
YARNOU,2.5641289,1.9260005
GENHAM,4.122253,2.5224311
DOFPIB,4.136947,2.3929858
QUNBOT,4.0730004,2.6451728
IYEKOO,2.8936589,2.4759405
LAFQAL,2.9755652,2.3930635
PIRRUH,3.2163858,2.417711
XEXJUJ,2.87706,2.5835714
AJATUC,2.655287,1.8468541
XOJKIR,2.4269836,2.2573647
ACENEF,2.7946093,2.0902853
VUXQUB,3.5592494,2.327279
SIDPIF,3.023185,2.315463
POXKEV,3.6936736,2.022335
JALSOI,2.5565097,1.6812391
FUZKUJ,3.52714,2.463248
GIXNIO,2.9249518,2.4322073
TUDZEA,6.015621,3.6082528
WADKAR,2.9706671,2.7208827
VUVFOK,3.3012853,1.7738879
ROXJEW,3.0308042,2.2210197
CAKMAD,3.0514848,2.265369
SUKHIS,2.9940689,1.9345695
IGEKIP,2.0656164,1.2248269
UWIJES,4.648249,2.6157742
DAFZIX,5.217511,3.1560032
WUJFAL,3.51816,2.670628
RENKOK,4.9579144,2.7230272
OXONEX,4.014768,2.2385178
BILQAS,3.1894467,2.1766462
KUVNUN,2.8373313,1.9626391
OXEXOG,3.8196623,2.2671998
HUJJOO,3.2999249,2.1892393
YAMPAH,5.0041738,2.9785
XAKTOW,3.9233377,1.8776863
PURSAZ,3.8373497,2.6334698
MOSSOC,3.6748977,1.8358091
PUHGEH,3.6724486,2.573629
OBUCIB,4.9960103,3.244423
HIDFAC,4.498586,3.0549905
LEMZEM,4.865668,3.0139701
GEMCIM,3.6849658,2.6298287
AGOWUS,2.4833112,1.9259381
CMCYCD,1.5456067,2.6625404
REVYEA,5.412889,2.895716
ISEGAQ,5.6988807,3.059933
OMODOL,2.5162368,2.0050056
ALULIF,2.509162,2.0020442
ELITAV,3.2542098,2.002008
REDYEF,0.102586925,0.23029995
QUGMEN,4.8093405,3.0128117
NIPREN,2.822909,1.9471469
LAHZUT,3.3298573,2.5320466
LEQMUT,1.4892792,1.4707004
QAXQUC,0.116464734,1.9150816
OHEQUO,2.6699812,2.0346744
XACJUJ,2.9576056,1.4912891
FEBRUD,2.6639948,2.2509303
MODCEO,2.5992317,1.701375
JITCAU,2.7997794,1.9794533
GOJJUL,4.6858006,2.764221
PUDFAW,3.021008,1.9911406
BASXAX,2.4824948,1.5621855
HABQEJ,3.2229166,2.1537902
QIJNEG,4.404979,3.0811424
LAJBAD,2.8473995,2.4003146
KOZSUQ,3.4117637,2.1391315
EDALUQ,3.9965363,2.9767497
FOWKOR,3.436526,2.5774145
OXONOH,4.1717777,2.2635288
OVEWUK,2.679505,1.4881592
FOZWUP,3.436526,2.357739
CICKAE,3.9339502,3.0873184
IGINOC,3.6076856,2.2435267
EDOCIN,2.0677931,2.3323505
LELHIW,5.058869,3.0134664
GIBDEA,4.3268824,2.823128
CABNUQ,2.9918919,2.4496844
HATVUW,3.2773395,2.5523767
QEYRUI,2.7989633,2.505821
LAGBIG,2.8811417,2.1964684
VONJEP,2.6223612,1.9552761
UQEPEO,4.695325,3.201125
QUFHIL,4.5328727,3.3459804
VABCAG,3.4038723,2.0463042
EVAHUE,3.4065936,2.280489
JUGPOT,3.5505416,2.4530323
JAYDIA,2.7869902,1.9419031
DEFTIS,0.17197596,1.9521942
YAMZIZ,3.8923166,2.5720997
SESLAE,5.239825,2.7091866
OSACAP,2.3526964,2.0445378
FUMTUF,4.2101455,2.5694296
ARULUW,3.7587087,2.005927
VAHLOJ,2.4133778,2.3044677
ULAPUV,2.1192229,2.0890245
LEHJUE,1.675133,2.3772483
YALJEC,2.451746,2.3442523
NOQKOW,2.3864386,1.8215642
BULGEX,3.3918993,2.2085285
VAWBOO,4.6041665,3.0675406
QOVWAA,3.2923057,2.9871151
WOZREI,0.122995466,-1.4825349
PIFXIO,2.6637225,1.7020308
HIVWAM,3.0245457,1.6623621
NULKUC,3.2210119,1.9250178
ELIFUB,2.7132473,1.6009598
OGAVOK,3.0022323,2.7014768
WECQII,3.176113,2.4087634
UDUXOK,2.1262977,1.6474112
OSOGEJ,3.8395267,2.8298306
XIFKOQ,3.2474067,2.3816028
NOVCAF,2.497733,1.983165
LOBRUS,0.29333875,2.0545805
VUYFON,3.477071,2.5425336
GUNYUM,3.0713491,2.6677148
ZUNNII,3.0629137,1.0903904
LAQFIS,4.155451,2.4532485
DIWPIM,4.818048,3.15198
QELKIE,3.1674054,2.229684
OXONUN,3.742382,2.2981262
ULARAB,3.1842763,2.0801077
BIDPUD,2.0985422,1.30385
MUDQEJ,3.9704134,2.8121495
VUTDEW,0.21224882,2.777362
NEFXIF,3.7660558,3.0065405
SIQBAX,2.77665,1.963784
OSIVEU,2.9856334,2.09916
TIYPAW,2.9576056,2.4800959
XEVJER,2.3437166,2.1296616
ELITEZ,2.9878101,1.8651544
IROMEH,3.3233266,2.4184556
FOCKER,4.1685123,2.7382963
SUYCAR,3.271625,2.4433765
ZINXUR,2.910802,1.847133
XENWOG,3.149718,1.8910661
VERRAM,2.108338,2.109161
TAPKAA,2.798147,1.8348216
GUPNUD,2.7970583,1.7128755
ZIBGUQ,1.5330895,2.644832
HAVKOI,4.3489237,2.2958083
KERMAW,3.448499,1.9239893
VAMBOC,5.8134403,3.1820483
ETUFUX,4.6561403,2.9307206
GIDPAO,2.1331005,2.2642298
WOZROS,0.32490396,-1.1892085
CICKIM,3.7298646,2.8748975
QARKIE,3.384008,2.6810865
GACYIV,3.0961115,2.4480486
DAYDUE,3.4631932,2.8373635
MUNROE,3.5195208,2.5554204
TIZFOY,4.0972185,3.0716286
LIFRAX,4.0705514,2.9601562
UNANEF,3.5227861,2.3306007
LECWUM,4.447429,2.664581
UQENUC,4.78485,3.135475
RISCOO,2.8577397,2.3824217
RIXFOU,2.3486147,1.854638
OXONAT,3.6172097,2.4075146
OSACET,2.7475336,1.8483288
XORTAZ,3.921705,2.6210418
GUQJUX,2.6199124,1.9780734
UVAJOR,3.9783046,2.7863743
TENTEN,3.2299914,1.9577682
OVAFEZ,2.8925703,2.1994553
PIKDET,3.8689148,2.59404
SESGIH,3.9799373,2.342015
DARWEC,3.5606098,2.1952853
LAFGAE,0.22394972,1.8523058
CIDKOS,0.2941551,2.285581
CICJOR,4.3513727,3.1127555
COBTUL,3.7513616,2.2418528
ZULWIP,4.5377707,2.8410075
ISEPIG,3.6343527,3.007826
LUXVEH,3.362511,2.2493715
XOTKEZ,3.8202064,2.847049
TUTBOA,2.8068545,1.7505957
VABBUZ,3.4806085,2.105804
RIZPAV,4.3195353,2.4374037
IPALOA,2.2261636,1.8170062
KIXXAU,2.4642632,1.8339546
NAFWEX,4.3481073,2.8867989
PIJBIW,3.2767951,2.3393757
AXENAV,4.3766794,2.7918072
JALSEY,2.1633053,1.7274384
ROYTAD,4.2618475,2.4561057
UYUJAC,4.8814507,2.7634544
SULBEJ,4.3195353,2.5793402
ENIBIO,5.324724,2.435607
TESNAI,3.8626564,2.4403758
KOMXES,2.719506,2.4369004
FEQFAM,3.6830611,2.6420267
ETUGIM,4.7282505,2.8129027
GUWZOO,2.7943373,1.558985
TUDZIE,5.713575,3.7322853
WAPMAC,3.288768,3.3292
JOZVAY,4.7717886,2.9601948
TAXDIJ,3.7334023,2.4219594
LEMZIQ,3.723334,2.4830632
WECQEE,3.2942104,2.3450754
FUGCOA,3.0912135,2.2243662
WIMCAA,0.23401792,1.7990007
BENKUC,2.8425014,1.5593904
KOXQOF,4.242255,3.0910113
MIYNOZ,4.9486628,3.0676417
ZAXFEN,2.7693028,2.064544
AGOZIJ,2.7486222,1.7374369
WOCJOR,4.5304236,2.8316205
LIGWII,4.707298,2.9019756
CEJJIK,3.8539486,3.2067554
YIJZOG,2.920054,2.807199
ISUMEO,3.5864606,2.279624
KUTMUK,2.487937,2.1680872
ECUGIV,2.7159684,2.2179844
SEZHIP,3.8689148,2.7972453
PUMTOJ,4.707842,3.2821114
WUFNOD,3.446322,2.8039322
TIFTIL,3.1347518,2.4310632
PIBMIX,4.791653,2.9202917
BEDSEM,3.534759,1.9374607
BEHNEH,4.0408907,2.478065
PIBNEV,2.8955636,2.1980147
ILOJOK,2.5162368,2.3346205
ATECUZ,4.780496,2.791548
ZOBPEN,2.8161063,2.3721309
KETHAV,4.256405,2.5898745
DARXOL,2.6422255,2.3233957
KABCEW,3.1135268,2.5000932
WOLRIA,3.591631,2.4789844
GACJAW,3.3467283,2.2691357
BUQHIF,3.3633273,2.1887484
UDAZUW,3.3578851,2.5552642
TATTIS,7.0959134,3.5745673
NEVXAN,4.4651165,2.7404382
QEJFOC,2.7782826,2.7334504
BABNOI,1.0816526,2.6964
PIHCEQ,4.865668,2.769347
NAPKEW,2.649845,1.8189582
FEKQEU,2.282219,1.4713515
ZIGLAF,3.6264615,2.6373408
MAHYEB,3.5997944,2.836983
IJAZEZ,3.6817005,2.7938635
GOHPOJ,2.386983,2.4101205
ODISOM,3.3981578,2.0763462
TUJYIG,3.7802057,2.4031925
LOFMAV,3.0416887,2.674893
HIZLAF,4.868933,3.2008626
HINFOA,4.1304164,2.8937068
RIKWUF,2.3170495,1.8570613
ZUNLOJ,5.7592897,3.0810413
MANVON,4.035721,2.7626824
ZIPKIU,4.92771,2.8757823
TIWJIT,3.5445552,2.5274632
EJUBUH,3.5252352,2.5846894
WUPBUE,3.8683708,2.7489524
KIRSUZ,3.9236097,1.9844646
GEPJOD,3.1445477,2.2976747
MIRYIX,5.0942435,2.7971864
TASREM,2.6781447,2.2406878
IGEDAZ,3.3742118,2.4619217
UGEKEW,4.3342295,2.7239172
NOJKAB,2.81529,2.1610875
BUJWIO,2.6414092,2.190536
ROJZAS,3.5671406,2.690604
LITRUD,1.4963541,2.0292883
REHBAJ,3.905106,1.7748235
YEYBIO,2.4147384,2.2027159
ZODNOX,3.6988437,2.7241948
XUMHUJ,3.2090387,2.5189862
BEVWAC,3.8376217,2.6532552
ETAJIS,3.4906766,2.5257053
VASJOR,3.7891855,2.888709
RIKXIU,3.3358438,2.1136246
UCIBIT,2.984817,1.7276161
SAHQUQ,3.1513507,2.464077
EXOTAM,4.481171,3.234778
PIYNIV,4.628929,3.477086
PAKVOO,2.4501133,2.5073135
DAFHAW,2.9268568,1.9187258
BUCFOV,3.0601926,2.5374913
MIWGOR,3.7246945,2.4782603
PUWWIN,3.9467394,2.7253442
LIPGID,2.5494347,2.7224112
MOMSAK,3.0773356,2.5075681
RANDOZ,2.9184213,2.1973846
AFOZIE,4.09613,2.6585634
RAYMIQ,2.468345,1.7363623
OHUYOG,3.859935,2.6447837
BAFQEH,3.474894,2.5877094
IMOVEN,3.3567965,2.8130946
SOXTIL,2.229973,2.041057
GOXYAT,4.4155917,3.00302
UDOFIC,2.4024932,2.6823986
UPABUK,4.024564,2.8097503
WEWZED,4.512464,3.1432505
APUDAQ,3.6572104,2.024633
VAQDOJ,3.486595,2.1852105
RABPUH,3.6849658,2.4129472
HIPQAA,2.7129753,2.0109289
YONZAD,4.0789866,3.0198638
WIMBOL,2.7020907,2.0290241
VERLOW,3.6787074,2.482799
DOWSUF,2.884407,1.7031269
HEXDIZ,3.0201917,2.5697575
VIBFIW,4.34076,2.7847688
PAKVEE,2.841413,2.3799212
KOYDEJ,2.559775,2.5604582
JASWOQ,4.5535536,2.8232791
EXOTEQ,3.5908146,2.880079
CEPNIW,3.7652395,2.726501
NAPJUL,3.0814173,2.3279972
PUMKEP,4.0710955,2.8091435
HAFZAR,3.9845634,2.4783597
TIGGAR,3.701837,2.4217424
QEJFIW,2.6710696,2.6875916
VEVTOH,3.537208,2.7027009
BEYREE,3.0963836,3.3877425
IJAPIT,3.7064629,2.346537
LUSMET,3.3181565,2.3501453
HAQTIC,3.7576203,2.5088334
KEHWUS,3.3576128,2.2028193
ZIWQUU,4.0286455,2.5926685
XENJUV,3.730681,2.8384354
AJAMII,2.4740593,2.5057344
LAJJEN,2.944544,2.920215
ZAYWOO,3.5263236,2.4003143
TIMZIA,1.8598982,1.6245714
NEZDOM,4.9198184,2.9066453
HAVMEY,5.3889427,3.788267
JABKIG,5.439556,3.090229
UZERUO,3.212032,2.4409978
IPISAC,3.2852306,2.606005
MOJGOH,4.2030706,2.4896712
ZIWRAB,3.804968,2.250262
COMXUY,2.6912062,2.1394556
SUBWUJ,3.8996637,2.6873481
KIGRUQ,4.0210266,2.2411423
SAQBAO,3.350266,2.118579
BEPDOR,3.689592,2.5375538
EPONIH,3.6748977,2.4580078
BIVJOI,4.134226,2.1136618
PAKVII,2.4667122,2.609838
KETGOI,3.6629248,2.4485557
NADRUF,2.6449468,2.6027594
DANXEY,2.5842655,2.62813
BOLNIC,3.6430604,3.0037794
HARPUN,5.0447187,3.4083655
ZIVKAS,2.8158343,2.391797
LULZIC,3.8169413,3.0956607
LOHCOC,4.893696,2.4992592
GAMNIU,3.7279599,3.1403992
BIVCAK,4.271099,2.7449577
PUPCEI,3.8719082,2.7289407
REKROQ,4.4969535,2.6201565
NUGFAW,2.430521,1.7193894
SECGUD,5.9372525,3.3142505
MUBBAO,3.9113646,2.9271474
GIFBON,5.246355,2.6756425
OFUNUZ,3.883609,2.4567823
DOQYOX,2.5807278,1.9420619
UCIBEP,3.0308042,1.7169516
TAHGEQ,3.4719007,2.7827487
KELRUP,4.807708,2.8915474
BORQII,1.890375,1.227546
NOSFEG,4.2531395,2.6430726
MOJGIB,3.9388483,2.5353956
QOKHUU,3.634625,2.4573188
CIMGIP,4.0155845,2.6751432
BABZAI,3.580202,2.3594043
ODISUS,2.038133,1.8142072
LOFNUS,2.0716028,1.8538561
LEXFEA,4.4014416,3.0361557
POBDIU,4.6188607,2.5355744
RIKTUC,3.5255072,2.2457466
WEDVAF,3.2803326,2.591083
URIKOX,2.4539227,2.1366498
POHFIE,4.2485137,2.5336142
JEKNIX,4.103477,2.367189
XAVROD,4.937506,2.8399456
EGUBAJ,3.2109435,2.5818079
TIWHOX,3.5434668,2.5537384
FONRAC,3.6471422,2.750044
KENNAT,4.769884,2.9984627
GIGKOX,4.562261,2.4305809
ZIWQOO,3.9320452,2.5642452
AXACOR,3.1837323,1.9811829
AYOZUJ,5.0417256,3.4126768
XONDUB,0.5123904,1.0267798
CIDCOJ,2.3815405,2.2359624
LULFOP,2.5695713,2.68117
YEDSEG,2.9488978,2.5962422
NICJAM,2.6754234,2.435351
GEMHEM,4.801177,3.0830755
XIYCUF,4.2259283,2.8624372
DISTEG,3.6449652,2.3355155
XEBCEN,4.9908404,3.2912872
LERYOX,3.575032,2.4640937
JAGJEH,3.616121,2.614807
ISEZOX,2.1456177,1.3693025
DOFPOF,4.66512,2.9861207
DUCVEC,2.7026348,2.5334864
YIYXUB,3.1132548,2.4524755
WISBEI,3.7500012,2.442752
OCELAM,2.0199013,1.6920104
FEKPUJ,3.1842763,1.6338979
ODAFOQ,2.0082004,1.8429414
PACMEL,2.9706671,2.7255652
AFOZAW,4.044156,2.7186813
KOYDOT,2.4103847,2.602377
ANUJAV,3.3230546,1.9849029
LASSOQ,4.485797,3.268922
VEDGUH,4.1674237,3.3014665
UHAMUM,4.490695,2.1595726
GASKAO,4.3943667,2.557293
XUMJAR,2.9603267,1.8972034
YOKMUH,4.5560026,1.9591173
UXEPAP,4.151913,2.5370877
XILCUS,3.3973415,2.566812
AMUKOJ,3.1611466,2.3864686
LARQED,1.5660152,2.0642767
QOFHEA,3.6251009,2.271485
BALTUG,2.9377413,2.156531
ROGGOL,3.692041,2.9010863
UBEREA,2.446848,1.9025171
SOXVAF,2.4841275,2.2114341
RERSIT,3.2825096,2.4205017
WIZPAZ,3.2253656,2.4969158
YUVDEZ,3.2498558,2.5075724
PUVVEJ,3.637074,2.164612
IJAPOZ,4.296406,2.4758174
DANPAL,3.226454,2.2787542
DOTDOF,3.935855,2.9037724
XITHIS,3.7908182,2.2766685
PIWZIG,2.4487526,2.5075955
FUPZOG,3.668367,2.2394722
WIXLUL,3.6702719,2.604458
OLETEE,4.805531,3.384707
SECGOX,0.28000516,3.16949
ADEXEM,3.9557192,2.6550012
NADNOX,3.5206091,2.6170325
HIBWOG,3.505915,2.7131543
KAYGIB,4.2983108,2.4709525
YUFXUT,3.8904119,2.7220101
ABIFUM,5.1707077,2.8143177
MUFJEE,2.3562338,1.6144682
LUSMUJ,3.3690417,1.9432092
BALSIT,3.1864533,2.6226156
KIBBEF,5.0411816,3.7128437
KIHTAY,3.1274047,2.356789
PITCEC,3.3464563,2.0980701
AFOYEZ,1.6158121,2.0193672
CUKMIG,2.597871,2.4785402
INOJIF,3.7581646,2.0009887
AKIVAS,4.4297414,2.7947092
EJIZUS,4.344298,2.910912
ELIZUW,3.4563904,2.9347346
VUDDAA,3.7388444,2.8916097
ZODMOW,4.3252497,2.925742
MUSSUQ,0.46667528,1.8091891
FASYOQ,3.7840154,2.8694074
TEWTEW,3.6065972,2.5654778
DUHGAO,3.5450995,2.3171725
LASSIK,3.9116368,2.9359317
XELXEU,4.4675655,2.843343
SIBZIO,2.1167738,1.9677763
YIQMUG,3.9589846,2.8080902
YOLTOJ,4.015312,2.4721007
ITAPID,3.6863265,2.8417864
GUSRAN,2.7192338,1.7505317
YEPMIQ,3.7829268,2.7672799
KAPZIM,2.5031755,1.9473286
TEPZIX,4.235452,2.657105
WAPYUH,6.7231174,3.1814497
XILDAZ,3.1083567,2.5563366
RIKMAB,2.6237218,1.9106033
EFEZOG,3.2591078,2.2094288
OJOFAV,3.1388333,2.1562853
TUKZUV,3.5426505,2.0837076
OGIHOD,4.8994102,2.6011689
YICXOY,3.7584367,2.4977274
NAJXOL,3.085227,2.5658348
ABARAX,4.830021,3.227986
RACJAH,2.8865838,2.0297096
UXEPIX,3.7309532,2.315973
SIWGIO,3.9489164,2.640161
XIXDIT,4.1619816,2.757304
PETBEY,3.31217,2.844845
YINNIS,4.5951867,3.5115376
BACBAJ,4.4485173,3.0349002
IGEDED,3.4634652,2.6984122
HBTHFY,5.5941167,3.3462439
RIPSEP,4.6330104,2.9799237
ZOCBUQ,2.855835,2.2220695
YAYNUK,3.2868633,2.3528416
XUMJEV,3.5233302,2.2499568
AFUFIQ,2.7423635,2.539487
CESHUF,4.789476,2.440559
YIYTUW,3.8680985,2.7851753
ZERWAX,4.177764,2.6062284
DIVVEK,2.9184213,2.693171
MALXAY,3.5358474,2.4718957
MOMKOP,2.3940578,1.9058036
KOCCIR,3.2152975,2.496786
ESIGUJ,4.222119,2.4305909
GIZWIX,3.5421062,2.1985402
LECZIF,2.313512,1.9735429
DUDRAW,3.0909414,2.0501087
SAKVAE,4.3130045,3.0798237
DEDBUK,3.5219698,2.4699814
GUXFEL,4.650426,2.6749482
KEQJUN,3.5004728,2.3230085
UWODUH,4.3301477,3.0145087
RIVLAK,2.8860397,1.2607309
RAYNAJ,3.4444172,1.8225383
XUVFIF,3.8460574,3.1270943
PAKTUS,3.7880971,2.6356287
HESJEX,3.2365222,2.1300378
XILCOM,2.8460388,2.6886
NUHPUC,3.0035927,2.7726512
NICJIU,2.717601,2.3961368
SUKHIQ,4.698862,2.9446049
IKESIB,3.255026,2.5907626
ODAFIK,2.5630405,2.2629075
GUSQOA,2.9837284,2.0639627
VUNBAJ,1.734998,2.710318
PIYNER,5.0839033,3.0724664
WAPKAA,5.2762876,3.3451211
BUTKEG,4.7407675,2.1951418
PESZUL,3.71898,2.7532136
NOGXIT,3.3946204,2.543024
FEKQAQ,2.5755577,1.6309627
HUTGIN,4.1404843,2.5555325
TUVCIX,4.2841606,2.574819
REKVEK,4.883355,3.0527468
CALPOX,3.6550333,2.3557186
TOPYIJ,3.1815553,2.1626348
MIPSUC,3.778301,2.6522946
RIKVEO,3.3595178,2.1500359
TURRIH,4.275453,2.8692605
FEKQIY,2.568755,2.101436
RILHOL,3.6841495,2.9157062
BAHKED,4.0115027,2.7642221
ELEYAW,2.3067093,1.8039213
XINMEN,4.0419793,3.0246775
DANVET,2.284396,1.3629549
LODHER,3.567685,2.119626
NICHIR,5.2776484,3.6163888
IMABED,4.691243,2.6388998
LULZOI,3.5031939,3.1814065
EFECUO,4.6207657,2.368112
RUHQAO,1.8275167,1.7774855
XAXYIF,1.7118683,1.7731197
ESAYUU,3.732586,2.576563
CEZLOK,4.016401,2.558063
QIFTAA,3.6291826,2.8036838
ACUGUB,3.0980163,2.3429298
BIKQIY,2.2664363,2.6916914
QIQQOW,4.1832066,3.2487004
YIQNAP,3.469996,2.6259675
XEQSIX,3.4093146,2.5720708
SOXTEH,2.1401756,2.0345447
LIXWUL,2.4490247,1.7365246
VEVTUN,2.5815442,2.527331
VEDQUS,3.7742193,2.645884
AWEZIL,4.419129,2.8502672
LERYEN,3.5568004,2.54719
WAYVEX,2.7371933,1.9984636
XITZAD,3.1684937,2.3179116
QOMGUV,3.0533895,2.0643454
EROZIU,3.5426505,2.4982405
OFOPUU,3.6104066,1.9437276
DUHGES,3.395981,2.3056912
LACMIN,3.4591115,2.7658758
DIDSAM,4.548383,3.3692367
RARXOY,3.24523,2.4176679
RIKXEQ,3.5426505,1.9042401
NADPAL,3.1826437,2.8934493
NOFJAT,3.7992537,2.4572737
AKUJEW,4.2403502,2.6005747
UNASOT,4.2055197,3.0954783
QIFTEE,3.608502,2.7752726
TIMTEQ,3.0694444,1.7776862
PUWWUZ,3.8653774,2.4554281
LASSUW,4.7179103,3.1759024
PADFUW,3.2370665,2.1167908
OXIPOC,4.173138,2.7532299
SOXVEJ,2.456644,2.173485
HEXDUL,3.5140784,3.0236
NODROO,2.1238487,2.4570396
PIYSIB,3.4612882,2.884203
YIQMUI,3.477071,2.7002988
YIBSEH,5.9016056,3.4817502
SAHWAC,3.0025043,2.4355512
USEPAK,4.4057956,2.9177597
ITOFIH,3.795172,3.7940784
SIHTIM,3.1317585,2.347971
REJLUP,4.198445,3.1147423
LOCFIU,3.2637336,2.6105032
MORMAJ,2.6699812,2.0980277
WOKGUZ,2.8874002,1.3224603
SOXSUW,2.853114,2.0573404
DEZQIJ,3.1200576,2.27029
TAKNOI,3.639523,2.8161647
KELSUP,6.808833,3.1375952
EKOXUX,5.0428143,2.9977145
ROCVOW,2.343989,2.4454231
INITUV,3.620475,2.3775725
OZIZON,1.8615309,2.136363
TESXOH,3.2923057,2.3762782
ODOZIQ,4.929887,2.8594136
MUHWES,2.8672638,2.528139
DIGLEL,2.5216792,1.3578781
EGUBEN,2.9246798,2.3061478
QEWJOS,3.1440036,2.7241356
DASQOF,4.9143763,2.7373753
XEWSID,3.5385687,2.5643654
QEPYOZ,3.7774847,2.4457068
WOFGON,4.2000775,2.6071305
BAYSEA,3.6988437,2.2704282
WELDEX,4.506478,3.2432303
WUMJUL,2.3584108,1.7142276
UXENIV,3.988645,2.0206225
JOPQUA,3.5304053,2.3638554
XEWHEO,3.7372117,2.489824
QOCKOI,0.9673648,1.0611153
YIQZED,3.8147643,2.2904377
NIKFAQ,3.7573483,2.438827
GOYMIS,3.6863265,1.9693807
QONNAK,3.880888,3.1430426
BUCFIP,3.248223,2.564527
XOXXEN,4.46947,2.4939466
IMABAZ,4.4746404,2.7497137
QOYQAX,3.816397,2.9625735
KINJEZ,2.8574677,2.167542
BATDOS,3.142915,1.9518158
LUSBEI,2.712159,2.4128203
GENCOS,4.1783085,3.232154
QIQQEM,4.5151854,3.028104
DANNIR,3.917079,2.4814956
ATICUB,3.4305394,2.3120642
CEKBOM,3.9132695,3.045081
QUDWIV,4.0068765,2.2299664
ROXJAR,3.7772126,2.7872777
HEDVIV,4.2847047,2.8214264
SAKVEI,3.6177537,2.597481
NODZUE,2.7162406,2.2948112
AKAFEY,2.3194985,2.2105527
APUBES,3.7908182,2.8839555
YIJNEL,3.049308,2.1483622
TIYHEP,3.2392435,2.2260256
YIJNIP,2.9235914,2.4233265
MANWEE,3.4063213,2.5180767
KOCCEN,3.2629173,2.7165005
UCUYAS,3.529861,2.9377897
NUZFUL,4.486069,3.539148
AYUBEB,3.862112,3.2947416
VAQDID,3.568229,2.4342084
OHUMOU,4.6947803,2.6094823
IJAZAV,3.5829232,2.6784399
PAKVAA,4.111368,2.6838427
EFEMOS,4.1159945,3.0941887
OBABAX,3.166317,2.7499075
ODAFEG,2.4552834,2.0146136
LACNAG,3.7562597,2.2942097
LINFIZ,3.1396496,2.4886498
IMOVIR,3.3276803,2.8214655
KIFXOM,3.988917,1.9999876
LIFWIJ,0.33252314,2.2543015
PAKSUR,3.7679605,2.9531188
LEGDIL,2.621817,2.2351823
BEMFAB,3.802519,3.1128275
ODAFAC,3.1567929,2.5118463
YEPMOW,3.587005,2.3663518
BOBKEJ,3.689592,2.7036235
XOVHIA,4.3083787,2.968995
PAKTIG,3.7505453,2.8723783
IGITOI,5.6365666,3.3711402
SUFPEQ,3.8090498,2.4941056
XAVRET,5.0362835,2.7781224
WEKTEN,3.3981578,1.9748337
LOFNAW,3.5524464,2.460206
FAKZAU,2.5589588,1.9952136
BATFEK,2.8680801,1.9298029
XUFNET,3.6046922,2.6401644
NIJVOT,3.7094562,2.6699545
ZUWYUL,4.3247056,2.6289418
EFEGED,3.1001933,1.9584529
JUHQAG,3.3208776,2.3632326
PETFUS,3.6098626,2.692166
ERUYAR,3.8316352,3.0813835
JORXUM,2.9788303,2.1973796
GIGLAK,3.4011512,2.4514518
PIMDUM,6.256986,3.1946077
QEWKIN,0.43511006,1.4716793
VIXYUW,3.730409,3.1314278
AFOZEA,3.754355,2.69186
ZOFTET,4.8038983,3.238549
XEWHIS,3.6716323,2.9852073
PAFVIE,3.7040138,2.4689999
WUFHIP,2.8452225,2.5770555
AHEHIG,2.71488,2.7480955
WOFGUT,4.2376294,2.6598554
TIZROL,3.7913625,2.4778628
NUYPON,6.936999,3.2534237
CUJJOH,3.4822412,2.7069647
BUJWUA,2.430793,1.9418545
KAPZEI,3.1611466,2.0476577
NAYCUM,4.3154535,3.1549947
QEJYAH,5.305132,4.498413
MITBEZ,3.4305394,2.0005116
JUCQON,6.864344,3.3474836
APABID,1.7815294,2.463935
QEWJUY,3.152167,2.353312
EYEXAH,3.2128484,2.2995386
NUPLOB,4.099123,3.1445785
OZUZOA,2.7788267,2.871569
HIJPUM,3.434349,2.7577825
DOTFUN,4.64063,3.0108871
HEDJOP,6.8344116,3.5294838
WULKIX,2.5339243,2.0480368
SIHZOB,3.974223,2.371378
YUFXIH,3.8038797,2.683441
QALJUK,3.8376217,2.4186203
MUNDIJ,4.029734,2.1971145
HUVRUM,1.8288772,2.3149707
ZUNLUP,5.750038,3.0672727
TIGDUI,3.8795273,2.4612274
BEKPOZ,6.135351,3.2320743
AWEZEH,4.160893,2.600367
NIRKOQ,3.5268679,2.1960394
RIVPES,3.8125873,2.394065
TAJZUC,3.4806085,2.0550375
QEWKAF,3.3565245,2.5892775
YEYBEK,3.4855065,2.3385606
ROHMIM,3.3042786,2.3022017
TOQVOL,4.9530168,2.7793996
ROWZUA,3.1491737,2.7655008
JOBKAN,5.747589,3.6644077
YIGNUA,3.919528,2.107916
ZIPJUF,4.5467505,3.21632
IYENAD,3.8112268,2.7133682
CAXCEL,3.6006107,2.213043
WIWWEF,3.4384308,2.2804923
VARQOU,4.810701,2.7882586
JOQPEK,3.6555777,2.5353475
BODNAK,3.565508,2.046308
BEXKUL,4.213411,2.3008306
YOPDIQ,3.0378792,2.0134785
YOSMUP,3.9968085,2.88424
YUKLEW,4.199261,3.076138
WEYKUH,4.5443015,2.809337
GAKZAT,1.3276435,2.545698
CUYQAP,3.7121773,3.09456
PUPLAP,3.8359892,2.4382284
QOJSUD,3.4161174,2.6462927
YACRAW,4.1818457,2.8774738
YICXEO,4.065925,2.6685176
JUXMUK,5.1034956,2.763731
YICXIS,4.010958,2.5819993
ELIZOQ,3.8934052,2.7636628
REJMAW,4.198989,3.0843692
TATSIR,3.9927268,3.1324065
PAKWAB,3.436526,2.4568393
XAWVEW,3.6547613,2.0861044
QIHYOY,2.7834527,2.3446636
IJAPEP,3.9592566,2.6167977
LATKOG,5.704595,3.0638618
AFOYUP,3.897759,2.453449
BABZEM,3.1516228,2.3048995
ILAYOK,2.9086251,2.9590807
YUSVUE,4.93288,2.5799036
ZEDJOK,3.2623732,2.5933492
QEGJOE,3.573127,2.5416408
COFBAB,4.5462065,2.7444034
YUHJIW,3.1611466,2.0777364
TEZTAV,3.2702644,2.4467013
VEDHOC,4.7598157,3.0538955
YEFZIT,2.9567893,2.5965776
PHBUAY,3.802791,2.8041039
RAMJOG,2.9148836,2.9809823
KUKREO,4.1364026,2.5094626
ZIQKAO,2.4359634,1.6255915
HUVSAT,3.147813,2.2855608
AGUFEN,2.9807353,2.061936
MOGWIP,4.168784,2.7740412
ESIHEU,4.2738204,2.3778753
MEBDEC,2.585626,2.00169
GUSQUG,2.8729782,1.8915335
AFUFAI,2.8261745,2.6269507
HEWDUJ,4.3241615,3.249436
XENKAC,3.2517607,2.2690694
UNAMAX,3.9736788,2.4538267
EFUFAN,2.7918882,1.958672
XUTRUZ,3.1766572,2.398867
NOYJUI,4.119804,2.586977
HAFZEV,3.9494605,2.5012481
TUCSUF,4.6738276,3.5462441
USEMUB,3.986468,2.9396987
XERTUK,2.636239,2.8276694
TATTOY,4.1897373,2.8109226
QUGJUY,3.7538106,2.2272801
KUKQOX,4.602534,2.5735831
EMUTAJ,4.800633,3.7793252
OZUZEQ,3.0822337,2.2565603
GUXFUB,3.842792,2.503196
PIWZOM,4.0131354,2.8894172
DARYEC,2.6065786,2.3155444
FUDSOO,4.0849733,2.7455199
HOTJUV,3.981298,2.5153325
FUDMIC,3.6387067,2.9974282
NICJEQ,3.1527112,2.376514
PAWXAM,3.4471383,2.5692801
XEQSET,3.054206,2.3270702
HOCXIH,3.653673,2.6330874
HUTFIM,2.6261709,2.3382087
UBEQUP,3.24523,2.2317429
TEHPOM,4.3930063,2.448692
CEBKOM,3.9581683,2.8134983
PAFSOH,3.8563976,2.5956883
OVIQAM,2.470794,2.1729717
SODNUW,4.3154535,2.3300343
UZOREI,4.3078346,2.7587216
KAYBOB,3.8721802,2.539583
UBERIE,2.855835,2.0185657
PAKVUU,2.4465756,2.1230712
QALJOE,2.953796,2.2543473
GINROK,6.380798,3.510799
KEZZUN,2.9167886,2.0406241
JIYVIX,3.8512275,2.6334958
BALTAM,3.5693176,2.4189231
MINQEF,4.271099,2.2856786
QOKPUC,4.803082,3.566114
DUDREA,2.666988,2.277307
PADGIL,3.8036075,2.7314868
QALJIY,2.4969168,2.2539668
LODRUS,6.2790275,3.0288408
IJAYUO,3.730681,2.518369
NICHAJ,4.6213098,3.094142
FUDSEE,3.0547502,2.5933917
LITSEO,1.952689,1.8049916
EMASUI,4.7138286,3.4332123
PESYIY,4.1404843,2.7344863
BADQUU,4.1521854,2.890148
LULGAC,3.4621046,2.5534034
FUDRUT,2.8920262,2.6153314
HOCXUT,3.6844218,2.171242
EMUTEN,4.2297378,3.1718984
XEVDAE,3.7851038,2.2717946
PIHDER,3.637618,2.9474013
AYOZIX,3.7505453,3.0075192
UJAXEJ,2.7695749,2.6685727
BICXUI,3.6871428,2.631524
DANVAP,2.294192,1.0873111
SIHZER,3.9412973,2.5822406
FUDTAB,4.1491923,2.9028885
HEXYUG,2.3725607,2.0447702
TUCTAM,4.568792,4.192705
FIYWUF,5.3973784,3.7957757
MORZOK,2.2721508,2.0844507
EXUYUT,3.6267335,2.2709665
RISYUQ,2.738554,1.7293013
MIRYOD,4.999548,2.7718406
ARIKUI,3.9399366,2.7623925
ERASIZ,4.342121,2.7889352
OVAHAV,3.187814,2.13075
HAFZIZ,3.9935431,2.7059312
WUQBUG,3.620475,2.8460207
FUDMEY,3.7554433,3.3320267
LAZQAF,2.4863043,2.1223714
ITUWUP,4.779952,3.2514772
TOQVAX,4.9024034,2.8478794
QOKJEG,3.204957,2.4437668
ZUXPUD,4.4297414,2.9426908
AGUVUT,3.5099967,2.6022925
RATLOQ,0.30667233,-0.008320093
ILAYAV,4.053408,3.1389847
EFEHON,4.3361344,3.2786129
TEZSIC,3.4553018,2.6592045
UMEWIT,3.264822,2.7251174
BIRJUH,2.3616762,1.8479714
TAZHEI,4.9481187,3.508737
QEJFES,2.8852234,2.2925131
YUFXAZ,3.783471,2.5790896
ROXBAJ,1.9140489,2.430833
SURBEO,3.7004764,2.5834196
AFOYID,2.1989522,2.3744092
FUPZIA,3.6836054,2.2414665
LODHIV,3.1151595,2.0835283
VEVTAT,3.4955747,2.612915
AKAFIC,1.5167626,2.0308342
FAMVEV,3.5554397,2.7841792
RIKLAA,3.3665926,2.280126
NIQCOH,3.754627,2.6694703
PIYTAU,3.4814248,2.7466805
NIDCEI,3.7505453,3.007812
PIHDAN,3.4933977,2.5881648
NIKKUO,3.6906803,2.4442863
PACMOV,3.5361197,2.6718833
ATOVIP,3.023457,1.9123803
BORQOO,1.854456,1.6445577
VOQWUT,2.752976,1.6772296
LUSBEH,2.700458,2.745489
VEVTEX,3.3426466,2.5205927
TATTEO,4.709747,3.0735438
MIRYUJ,4.99982,2.7738934
YIGPAI,3.0386956,1.9472518
BEPDAD,3.044682,2.8400917
RILRUC,2.5431762,2.1721432
OVAHUP,3.3154354,2.4830022
XIDCOD,3.81422,2.518588
COWZIY,2.710254,2.371778
ZERWEB,3.675442,2.8821068
OCEKUF,2.9325712,1.5164402
TAMVEK,2.9342039,1.5710393
DEKQAN,4.1407566,2.9925487
WUYKIL,2.4147384,2.208795
IKERUM,3.5448272,2.5236678
XIQQIZ,3.7714982,2.5087097
REYVOI,3.2109435,2.2158449
JIKVIL,3.9124532,3.0238378
JACPEI,4.9764185,2.199362
KALVEA,4.5973635,3.490625
ZEYFEO,3.099649,2.609108
VALPON,3.2125762,2.5738769
HUYNIY,3.3010132,3.0368664
RIQHOQ,2.8694408,2.6863327
IZICOJ,3.139922,2.4804232
PADXUN,2.7083492,2.3801188
DOGDUA,2.8359706,1.7605749
QAJGOY,3.1026423,2.6425295
JOPQEK,3.4495873,2.461476
HAFVER,4.5464783,2.9844105
PETXER,3.206862,2.2818203
ZUBTAR,1.8503742,2.3496182
MILMIF,3.3780215,2.2426236
GAVSED,3.7276878,2.3068948
IDUYEN,2.3956904,2.1055043
LIBCOP,2.5918846,1.7811598
FOVDUR,3.1946168,2.480231
YOZDIA,3.7197964,2.8451233
BINHUC,4.217221,2.422756
RERQUA,3.1755688,2.386695
KIHLES,3.6408834,2.5805159
RERQIO,3.3203332,2.5523708
ZIRRUN,3.1576092,2.863576
RIRXEV,4.1524577,3.2498927
NOPWUL,3.3908107,2.2290916
NURGOW,3.7383003,3.027055
POVPOG,2.8765156,2.786114
LIWXIY,2.7181454,1.9608421
EQOFOH,4.040619,2.693672
TEBRAT,3.0909414,2.9075916
LUVTOM,2.8425014,2.696605
HAFVAN,4.227561,3.2397854
DIDPEL,2.8122969,2.5713735
FICCEA,1.7730939,2.5668936
NEFLUH,3.0523012,2.9183745
KADKUW,4.079803,2.8872044
GOHWUW,2.7774663,2.7636065
FODSAS,2.8261745,2.2615204
HIKBIO,4.401714,3.2410812
GIPWAD,3.9881008,2.9149966
RAPDEU,4.6248474,2.9302387
PONDOL,3.758981,3.1759982
KIFFOV,4.2213025,2.970751
QAHREW,3.2735298,2.678235
RETVER,2.6161027,1.5666182
QUHDUT,2.9244077,2.2625382
BOPNAW,2.7687585,2.7343192
JIMFIU,3.4479547,2.6538184
HEFROB,3.9676921,3.0939288
CESDAG,3.446322,3.01895
GAXSON,2.3268456,2.9532032
GALZAU,1.1023333,2.760232
EMOLIB,3.986468,2.979152
OMABEJ,3.7241504,3.2475026
YEDMAX,3.938032,2.8884609
VUFYAX,3.6544893,3.3817747
BIJVEW,2.5578704,2.3557658
TOMFIK,3.161419,2.1327057
ZUXZIB,4.4727354,3.465181
ICEHAZ,3.6523123,2.417545
WIKYOF,2.2596335,2.9248033
GAWQIE,3.4879556,2.7336612
BEHVUF,3.529317,1.6344584
COGSID,2.5483463,2.1445947
MITVOA,3.3829195,2.5652266
XEQRUI,3.5282283,2.5006952
QEWPUD,2.5769184,2.05161
SEFCIP,3.1957052,2.764718
XECXAE,2.148883,1.9391243
ZAGTEG,3.006586,2.7141232
OWEXEV,3.209855,2.478592
RERHIF,3.6354413,2.8498638
ZIMYAV,3.9097319,2.5573807
FAPCAB,2.8737946,3.0284195
UWIJIV,3.1872697,2.5719771
OCOBIT,2.7042675,2.734995
DAPQOA,3.711361,2.516606
BIXZAM,3.3918993,2.6685958
CIGFUU,3.6392508,2.4472008
FALFAA,2.9546123,2.3059652
QUBHIG,2.5121553,2.881954
WEVGAF,3.5829232,2.347598
FIGQUH,2.7230434,2.260702
JUMHAA,3.4811525,2.6182775
WUXWUH,4.5034842,3.078524
SEBHAK,4.7233524,2.9273703
DOGFIQ,2.5527,1.7458723
PAYREN,2.9508028,2.6107728
OPINOR,3.331218,2.4186296
CUSNIN,3.1442757,2.350412
PERCOF,4.1315045,2.6861072
WOKJIQ,2.9388297,2.7646272
HIWGEZ,3.2547538,3.180327
FEHFAA,4.2387176,3.1375647
GIPTUU,3.9440184,2.9091854
VOLFOU,4.0800753,3.0705166
NACHIJ,2.6433141,2.439604
TIRGAC,3.470268,3.1443944
LIGJAM,3.997897,2.501418
SIFZOY,3.5663242,2.3282328
BABWAE,3.7094562,3.1374192
QICYAC,2.8626378,2.0243232
ZOGBUS,3.1040027,2.1138341
HAXSII,3.5236025,3.2785637
DOGGIQ,2.8435898,2.8876822
AMIREU,3.0261784,1.9334571
TIRKIO,3.7007484,2.968893
GATNUL,3.4849622,2.5566618
IZIWET,3.3181565,2.6032975
ULULAO,3.7777567,2.8350194
OQIFEA,3.2433252,2.0645525
MIBVAU,3.7080956,2.6319835
UJITAI,3.4849622,2.5672162
TIGXAI,3.5842838,3.1841934
COMPIF,2.7559693,2.2352276
YAJRIK,3.687415,2.6322577
NAXHOJ,3.341014,2.0458283
GAHHIJ,3.5453715,2.8741784
CAJZIX,3.6746256,2.820407
MAHWUP,3.505643,2.9117744
LUFXAL,3.6471422,2.9695473
GATXEG,3.592175,3.0994172
VOZKEC,2.3581388,2.2644503
ABUTIB,1.9366343,2.6293964
JUNYEY,4.153002,3.6247005
INEPIB,3.1301258,3.1872864
XITPOG,3.2917614,2.3932443
HORWOA,4.3573594,2.9002182
YANFEZ,3.1118941,2.4566486
TUCNOU,3.5834675,2.7285852
XALREH,3.7603414,2.8458302
XARKIL,2.0177243,2.6248422
YIQWEA,2.3905203,2.156154
MUVJAO,3.535031,2.7417324
WAQNAD,4.6961412,3.203951
FICJUX,3.255026,2.474362
UMEHUQ,4.2746367,3.421576
UHIQAD,3.7412934,2.7477899
LERNIH,3.9938152,2.5856833
LEXMOR,3.154616,2.1208086
QUFSIU,2.982912,2.3724406
JAJDUU,4.421578,2.7506073
LEMLIY,2.9842727,2.4901733
PIPXIV,2.8884885,2.2272046
BEZMUP,4.1720495,2.6076655
YUTHIE,3.1480854,2.2401316
ETOYOD,3.5475485,2.9530535
XUNNOJ,3.96225,2.911218
SEHZUA,2.7929766,2.9012055
ZIMYEZ,2.585626,2.2058856
YIFYIV,2.9502585,3.0114088
IMEWON,4.7135563,2.908613
IDARAH,3.3034623,2.5029907
IHIBOR,2.8789647,1.720404
IQEYAE,4.540492,3.004931
XAGZAG,3.2977479,2.3917544
TEZDEH,2.8993733,2.3767843
TENSUA,6.495902,4.536853
DORQOQ,3.1230507,2.3065734
LACNOS,3.5568004,2.5771616
ZEHXAL,3.065907,2.134671
ZIZWAJ,5.0215893,3.7018619
FAZMUO,3.9344943,2.7348142
JIXYIZ,3.4757104,2.8857274
HOLLUR,2.9747488,2.095588
BARVAU,2.3932414,2.684816
ZIHJEH,3.907283,2.6155071
ECIMAF,3.8466015,2.53857
IYOHUZ,2.3665743,1.7623305
CIHTOD,2.6895735,2.3218222
PIYKUE,3.489044,2.715649
PAYROX,2.8022285,2.9627643
XUNFER,2.2626266,2.234988
TOXBOX,2.9121625,2.0975893
SACZUT,2.406575,2.8850439
QALJAO,3.7344906,2.6025968
DIHVIA,4.065381,2.8589227
ICEKEG,3.7157147,2.831279
LUZDEP,3.8863301,3.209908
PIYLIS,4.251779,3.020185
VAMVAG,4.5472946,2.9037666
YUPVEK,2.4043982,2.2370784
ERIBUC,3.4278183,2.266193
VIQGIN,4.0305505,2.640408
QAQBUF,3.1777456,2.4442816
SISHEJ,2.9535239,2.2577577
CUFQAV,2.8376033,2.0608459
UHEJIA,3.4199271,2.2034962
GAWQAW,3.295571,2.950569
CUSREN,2.7616837,2.437106
ZIWDAK,3.1763852,2.35398
NUWFAM,3.1848207,2.2462583
NOCZAJ,2.8065825,2.626434
CAFNON,2.8732502,2.3833709
ILUBIA,3.5456436,2.8548167
SADVEZ,2.5807278,2.1667418
SACZED,2.8566513,2.9647622
DIQRUQ,3.3393812,2.467557
JAYLOK,3.4713566,2.7208853
FOJHIW,2.6465795,2.3441405
COXFOK,4.504029,3.0379639
KANWOO,3.3524427,2.660817
KALTOI,3.34564,3.5727458
LODXEK,4.0691905,3.5499966
ZEHXIT,2.9192376,2.1745849
XOPBOT,2.9540682,2.5519888
IDAMUX,2.8327053,2.5074546
IGOBOV,3.2514884,2.6800702
PEWFIG,3.637346,2.704574
WIFVEO,6.1383443,3.5781493
ROCLIG,2.7178733,2.571858
ENUGAX,1.8824837,2.2663462
FAGKUT,4.562533,2.7469773
OZUCAO,4.409605,2.504195
FOYYOJ,3.4403355,2.6679785
NUKNIR,3.730409,3.7345243
LUTVAX,3.6958504,2.7021744
KACGUS,4.2359967,3.4504344
RAZFAZ,4.664848,3.164603
YATGEG,3.3176122,2.5295608
XATTUH,3.1366565,2.4581246
VUMMAS,2.8786926,2.4784067
VAPFUN,3.9034734,2.8438745
PAGDUZ,4.727434,4.0712667
CUFXEH,2.2158232,2.3731465
DAVQUM,3.7002044,3.2526994
NISDOJ,2.6343343,1.815014
DUNNOR,3.192984,2.284297
MAZMIK,2.942095,3.0681257
AKOPIA,3.023457,3.2405026
HMPEZR,2.8460388,2.974605
SIPTUG,3.369314,2.1749406
AYUBON,3.6838775,2.379589
WATSOB,3.7603414,2.5562868
FOVFED,3.309993,2.5713043
HITJAV,3.3499937,3.1284513
SOWKAR,3.4931257,2.9138207
BIDBAS,3.8389823,3.2192304
YUVLUW,3.4827852,2.0610492
LANJAL,2.2593615,2.9307635
XOLXOM,3.1660447,2.512367
NAZDEX,3.2362502,2.778321
HOBYAY,3.9187117,3.2167501
UFOZAS,3.4351654,2.3927155
ERUPUD,3.864561,3.7174046
UGIFEV,2.9121625,2.6560075
EROFOG,4.180213,2.8221655
XEDLOI,2.27079,2.2892323
LOSREQ,2.45229,1.718073
KUBXEK,3.6906803,2.6099973
FUMNEH,2.755697,2.9578183
PADQOA,2.932299,2.7209427
NOTCAA,3.2985642,2.6436377
CESPEX,3.9489164,3.4587939
CEQWAY,3.0125725,2.967797
WIFVOY,4.497498,3.4649904
NEHRUN,4.54022,3.4173098
UROTEB,4.224568,2.7597165
XOXPAB,3.7529943,2.8725421
GAVLUN,3.6691833,2.873215
PADFAC,3.145092,2.8473735
QAFFAG,3.5592494,2.6075816
QIGYUC,1.7124126,1.3508391
QAHROI,2.9916198,2.4570308
JIZROA,2.0392213,2.0991845
VARPOT,3.26972,2.212724
OCUTUB,3.3927157,2.5765064
CIPDOV,3.300469,2.7387233
JATHUK,3.6569383,2.7301753
QAHYAZ,2.989715,2.7115426
SIMDAW,2.9810073,2.0714784
MIZVOG,2.8286235,2.213234
ETOMIL,3.7578924,2.8902059
LUJFUR,3.364416,2.7334743
ABUTOH,2.2827632,2.8985455
VIKXIX,2.1744618,2.1809783
YEKKAB,3.838166,2.6989431
COQLAW,3.50782,2.3186135
ZEPMEM,4.5151854,3.133495
JAPVUS,4.1636143,3.3616264
LIRYAM,3.034886,2.6592965
IBUWOR,3.9124532,3.2211568
VURGOF,2.528482,2.2059119
FEYNIG,3.4754384,2.5173733
WOHNAJ,4.031639,2.8360758
JOHQUU,2.8264468,2.1578174
VAVFED,3.9176233,3.0522065
JEFJUZ,1.8707829,2.4588745
AWUTIV,3.111622,2.0971634
YOZDAS,3.718436,2.8446043
NEFMOA,3.2139368,1.8874712
BIMYIG,2.456916,2.4995084
BIQQEZ,2.86291,2.089406
WIFWEP,3.4514923,3.0490751
UWUBOF,3.173664,2.7285664
REFCOU,3.5064592,2.064399
XEVZUV,3.5859165,2.2104266
GOGKUI,3.8411593,3.151728
VEFFIW,2.5709317,2.6978264
VOVNOJ,1.1061429,2.1904652
RESCUN,3.2199233,2.9314992
RERNIL,3.0999212,3.341167
AJODAG,3.8362613,2.8065856
JALWEZ,2.7015464,2.376202
COXHEC,3.8936772,3.0768175
KIVROY,3.761974,2.8238177
WUGRUM,3.0463147,2.4503317
EBUGAK,4.0136795,3.197356
NOYGUD,0.58586115,3.0970001
BOXJUU,3.1268604,2.1709428
TOKGAE,3.0188313,1.83162
XEYVII,3.5674129,2.5832336
KEGZAY,3.6550333,3.325667
FEQJUH,3.5622425,2.8721826
BAWNAQ,2.5273936,3.1188867
NORQAM,3.9271472,3.22958
ZOZHEB,5.3380575,3.1932275
KUJMUX,2.903455,2.6322014
NUWWUX,3.5899982,2.500666
CAKBAS,3.8634727,3.1742847
OTOQEU,2.7284856,3.8787632
YIZJIA,2.8133852,2.5543067
DOBXUO,2.880053,2.5759802
UPOJEP,3.4732614,2.316593
ZIXGUI,3.453397,2.432983
QUBHUS,2.5020869,2.794679
UHEJUM,3.548909,2.4724963
PETXOB,2.8144736,2.394542
REXNAM,3.5957127,2.2334557
ZAPCEY,2.7423635,2.356248
POPXUN,3.0033207,2.0567715
OLUZUQ,3.7774847,2.8991852
XACREY,2.8814137,2.5875266
RUKBAA,2.318138,2.4640844
ENUGEB,1.8201696,2.158864
DOGGAJ,2.139087,1.4124144
TARVEO,4.317631,2.8063924
WOFXIZ,3.049308,2.7216215
YUVDAW,3.2465904,2.2188275
ITOGEF,1.6566292,1.7711905
XILDIG,3.529317,2.4800677
OCUKUS,2.896108,2.0800815
KIVRUE,3.1739361,2.486871
YAXVAV,3.6553056,2.7778895
UFUCUU,3.1369286,2.7594469
WOYMOM,3.080057,2.4265397
KOVJOW,4.072456,3.341092
GEQLAQ,3.1151595,2.7486491
POZSIG,2.8354263,2.0808272
VASJOO,2.5709317,3.0207188
AHIXUL,2.9167886,2.641991
ETAVEA,3.3276803,3.464953
YIVYUY,2.7273972,2.1610723
GUYYEE,2.8642704,1.4471529
GUHYEN,3.596529,2.8398495
JUKHOO,3.412852,2.9269755
RUKBEE,2.3159611,2.4593039
ASARUI,2.0860248,2.1004205
GANCAC,4.4700146,4.1818595
JUCQED,3.352987,2.6700742
FADTAF,0.20136426,1.7352571
KETVAH,1.9589477,2.584108
UPOJUF,3.2438693,2.38531
EJUROR,3.4403355,2.4163735
UHEKAT,3.6857822,2.5327573
SIFGUL,3.2269983,2.213478
RIYYOQ,2.7067165,2.4539921
BAMQOW,3.2441416,2.6145458
XUWSIT,3.594352,2.7650926
JINPAY,3.2952988,2.6729598
DUFVIL,3.4286346,2.3677785
LINZUD,3.465098,2.8210678
UBOHOI,4.3851147,3.155057
MAJHUA,3.7750356,2.8240242
PAFZUS,2.8876724,2.5402787
IKIQUP,3.2947547,2.8638332
SERTUE,2.750799,2.1338284
KAJYOK,3.4621046,2.8363428
GARTUQ,3.5984337,2.5449078
CUBZOQ,3.6977553,2.887869
ZOWYER,3.1157038,2.7185595
GAZQUW,4.1668797,2.5878
NAQKIZ,3.577753,2.82302
IGUDIX,3.8169413,3.2397768
CEQWIG,2.9456325,2.830906
USUQAB,3.778301,2.7292843
GEWKUQ,4.155723,2.945871
JIXYAR,3.5097246,2.491997
SEKCUG,2.7263088,2.2226708
SEBHOY,5.2751994,2.6614187
OVINUD,2.6729746,2.1461465
MESMUV,3.5978894,3.5516753
QELWIQ,2.9589663,2.307168
CIHGIL,2.4536507,2.4540582
CESPAT,3.8495948,3.3831868
FOTFIE,2.824814,2.2678823
OBOKAS,3.7015648,2.5808957
MOFMEA,3.8985753,2.8077753
XEDMAV,3.204413,2.2978768
AJEBEY,2.2541912,1.4111116
SUNRUQ,2.5448089,2.8749197
XOVFAP,5.3334317,3.0079703
ZAKNII,3.0316205,2.6325698
GUBTUS,3.1652284,1.917401
IGOBUB,3.314619,2.3302398
MITTUE,3.204957,2.446
VUVXEQ,2.246844,2.1699467
WOBTAJ,2.4966447,2.1207645
FUDHIW,2.6634505,2.4803007
NADNIS,2.9486258,2.3057504
VOZKAY,2.5703876,2.1053126
FAKGEE,3.2117598,2.8808105
YATBUQ,2.4697053,2.2071073
PADRIV,3.7812943,2.5997605
IYITEP,2.858012,2.0343964
PEXRER,3.0931182,2.6276374
AZUNAK,3.721429,3.1039157
ODEWID,4.0027947,2.9048977
IYITAL,2.7625,2.3000689
LOMWOB,3.2509444,2.2251513
KAJKUC,3.4384308,2.5980499
NOPHAD,3.1597862,2.5937862
SIQHUV,4.356815,2.968306
XAWZEA,2.6678042,2.3284855
ZIQCUX,2.4865766,2.7560558
CUFFEO,2.9244077,2.2800243
ZEWSIG,2.9238634,2.1814334
UBUXAQ,3.5788414,2.2291284
RARFUM,3.472717,2.4382896
OLAMOE,3.4787035,2.9904711
BEDMAZ,3.5377524,3.3772388
WUQQAA,4.363074,3.0013876
MITVUG,2.5872586,2.8554125
DOFDUX,3.8076892,2.8420815
YEDMEB,4.1170826,3.0363164
MIBTIA,4.141029,2.7588189
RIZJAN,1.9973158,2.5461738
QELWEJ,3.7728586,2.8170671
VAXXOI,3.42673,2.440921
PIBDEK,3.7791173,2.5920336
OLUZOK,2.9997833,2.5089867
FEQJIV,3.5355754,2.7299368
WATVAO,3.3845522,2.4804788
YIVYIM,3.104547,2.2128692
WUNSIH,4.222935,2.6772265
WATSUH,4.4926,3.1646218
FUQZAT,5.308125,3.5009189
JAKSUK,3.5265956,3.1772938
TEDJOC,2.6604571,2.2273822
JAVDEQ,3.157065,1.7962005
SOQREX,2.917877,2.6151052
LUGBAQ,2.8351543,2.8060858
EKADEZ,3.0272667,2.6348078
WORBEK,3.2384272,2.4370952
PUTCUD,3.101554,2.2959936
XECTEE,2.8686244,2.4372835
GIZQOX,3.1820996,2.7059329
BIQTOM,3.228903,2.5907702
WIFWAL,3.916807,3.419163
LEXMIL,4.5121922,2.9489696
ACOMOV,4.354638,4.02133
POVQAT,3.69966,2.6458092
FEQJOB,3.6006107,2.5408902
FEKZUQ,2.9869938,2.8442326
EROFIA,3.8632004,2.9120255
YIMJEJ,4.09096,2.9454563
NEGWAZ,3.5622425,2.734157
QAFFIO,2.6427698,2.5247803
WUHRIB,3.7059188,2.8342013
EMUZOB,3.0729818,2.4718633
BIJMAJ,3.0980163,2.4119873
SIBMAS,3.8724523,3.1565804
DOZTOD,2.8637264,2.2522743
ABEGAP,2.2473884,1.9172593
UCITUW,4.129056,2.8667097
WAHYIN,4.013407,3.179661
AXEVII,3.1744804,2.3044534
JIWHIG,3.5935357,2.4972453
ABESUV,2.7703912,3.0288064
YAMCEV,2.958422,2.8268647
VAPGAU,3.8610237,2.7249231
UBOHIC,4.21586,2.7613902
WUHKIU,5.668132,3.8090587
SODMAB,3.9464674,2.8563697
NADPAM,2.557326,2.2761889
XIWGAM,3.001416,2.43184
FUNSUD,3.3211496,3.0598075
NIWCAA,2.662362,1.916964
WUWHOL,2.5834491,2.2734213
GIBKUZ,1.9377228,2.9158185
GOCJOA,3.3826475,2.5010028
SAPFOG,3.391627,2.311535
NAGLUC,2.8683522,2.6285
EHEQAL,3.6098626,2.5611303
FECGAW,4.231915,3.1295145
TEVDAB,2.4337864,2.2109852
XUWSAL,2.7633162,3.1976523
LIBREU,3.7276878,2.1737983
BEDMIH,3.6166654,3.4919784
AGIVOC,3.3423746,2.7676618
EZIWEQ,3.4765267,2.7372015
WABBUX,2.7420914,1.9742224
XIDKIE,3.4041445,1.8843671
NEVDEX,3.4063213,2.5675135
BEHWAM,3.1540718,1.6692522
KITTIQ,5.002541,2.9758854
CIHGEH,2.157863,2.55265
BEKFAY,3.3970695,2.4062493
KUPQAP,3.429451,2.8276992
FINNAR,2.64794,2.3064637
WEFQUT,3.6240125,2.855074
SEFZOT,3.9949036,2.3296895
IZUDUD,2.8019564,2.213891
NACCOJ,4.2618475,3.0597184
TEYXIE,3.5162554,2.5932155
CAJPUY,3.7867365,2.9468946
YAMKIJ,2.7676702,2.1231198
POCQIH,2.7371933,2.364853
PIYLIT,4.0789866,2.719272
CUCBUZ,3.8934052,3.0605571
LEXKAA,2.6928387,2.1344247
ZAFWOS,3.4038723,2.5663247
USEHIK,3.7750356,2.8895836
DOBWEX,2.5657616,2.3063653
CUCCAG,3.893133,3.0236542
WAYNOC,3.689592,2.310504
GUVYAX,2.9235914,3.0004358
DOHYOQ,2.678961,1.9118822
BUBMER,4.08198,2.8561983
SUNSEB,3.3957088,2.6121452
ZECVEI,3.7766683,3.2464929
ATUROX,2.8922982,2.104093
ADANOJ,3.6642852,2.4340568
NAHSIA,2.530931,2.8988626
TOMKAH,4.3916454,2.8853183
YIHYUJ,3.5978894,2.6919103
OBUXIT,2.6441305,2.6283436
VARQAG,1.5755392,2.4295485
QABNEO,2.6231775,2.7010083
GAMYAX,3.4754384,2.949971
TEFQUT,3.7551713,2.658653
SEQXER,3.137745,2.9835923
BIJMEN,3.025906,2.4698076
GAFZOE,2.822637,2.0420773
POFXEP,3.7576203,2.610236
NACHOP,3.659387,2.7102976
JALWOJ,2.9546123,2.2433383
MOHKIF,3.0963836,2.5310311
KILLAS,3.7309532,2.7634246
SIXPAQ,3.8675544,2.9621859
PADFIK,3.1848207,2.8791742
BOLNUN,3.8259208,2.8046007
LILDAM,2.676512,2.7690823
XEKYAN,2.4359634,2.3992004
BIGLEI,3.794628,3.1771371
SOWMUN,3.4585671,2.256579
JOPMOQ,3.7154427,2.8800042
OKUDUV,3.9793932,2.5823443
QEVNUB,3.2242773,2.988217
QIGYIQ,2.9080808,2.2299595
VOLGUB,4.0645647,2.9939582
NISDUP,1.1186601,2.4136188
BOXKIJ,3.1655006,2.2181046
VILNIP,3.555984,2.3931804
CEXGUI,3.2408762,3.2993445
ROSBOQ,3.1701264,2.5359015
YAQCOI,2.1801763,2.1538792
BAJHAW,4.000074,2.9942048
XEXPUM,3.3608782,2.4071932
FOJLOG,4.189465,2.8926454
ITISEJ,3.7342186,2.7439878
TEDYOR,4.304025,3.188898
IDOZAE,3.0261784,2.8060923
PURROJ,3.415301,2.5349567
GUMDOI,4.1663356,2.6415143
ICEJEF,3.6389787,2.7581801
DOXRAJ,2.303716,2.4953537
ABEFUI,3.372035,2.9617171
MAHWOJ,3.0365186,2.7192512
SIGDUH,2.8520255,2.4579036
MOWGUA,2.2506537,2.1210456
JAYCUI,3.3782935,2.654993
TEJPEG,2.6544707,2.5273383
NONNEL,3.094751,2.960706
FOKJEV,3.0928462,2.4428775
NIZMIT,3.9962642,2.7414432
RUPNUM,3.5796578,2.5125046
XULTUU,2.4599092,2.3119788
SOQRAT,2.9464488,2.5596673
ECUPIB,4.141845,2.7582445
ABETIK,2.7782826,2.125526
NONVUH,4.318175,3.0689318
PETGEC,2.4250786,2.7207637
EDIZOH,2.822909,2.875018
OCIYAD,4.325522,2.8762553
WIVBUY,3.128765,2.4560652
POJPUZ,3.1431873,2.4727397
NIHCUD,2.6495726,2.4111848
SIMTOX,2.4454873,2.1558995
NAYHOL,3.9149022,2.9496148
ZOJCIK,3.6768024,3.320787
SATKEF,2.7230434,1.4982942
MAGLEM,2.7165127,1.6233894
QACKIP,3.6963947,2.8457506
JALWID,3.5434668,2.9584188
TOKPEO,3.8844254,2.6774461
ZEWSAV,3.6740813,2.7383323
WUBTIW,3.0191033,2.5417676
ETOYUJ,3.5410178,2.7167811
BAXQEX,3.5361197,2.5575876
BIQTEC,4.985126,3.1761224
FOYZAW,3.0972,2.8132837
MIBTUM,3.474894,2.348081
EYUSEW,3.1867254,2.8213959
KIPLIE,4.031367,2.4999914
DAQFIL,3.1388333,3.085443
GAWQEA,3.3260477,2.7250886
NETYUG,3.4612882,2.9001532
UKEZUF,3.4792478,2.8157816
YUTJUS,3.3965251,2.5647237
OSUCIP,3.3829195,2.5273206
TUDQIT,3.0416887,2.2434497
DECJEA,3.3426466,2.474501
WIVCAF,3.1328468,2.2499542
QENYUE,2.9695785,2.6681488
PUHWUK,3.2280867,2.751784
POCQON,1.1842395,2.1395893
YODBEZ,4.5195394,4.1266875
FOYYID,3.310265,2.658921
FETPAY,2.936653,2.0925221
GOTJII,3.450676,2.49432
ZEQBOM,3.3015575,2.8494031
ROJGAY,2.7227714,2.3460736
YAQRUD,3.3034623,2.4905019
BINHIQ,4.5614448,2.7423236
HISWIP,2.9674017,2.0975828
AJIJUY,2.913251,2.1406105
IKOPOO,4.4711027,3.0226355
PIYSEV,2.6430418,2.1412468
URUMOL,3.206862,2.8248742
TEPXAP,3.1170642,2.6521735
ICURED,2.8544743,2.5328012
OJAFOU,3.0264504,2.272641
CAMKAD,3.8335402,3.1310782
UHEHUK,3.699388,2.4901211
ILONON,2.7513433,2.1024513
UKEHUO,3.0337975,2.5861075
CEQNOD,2.1929655,2.1595175
VAXXUO,3.4612882,2.469949
EGIBEB,3.7344906,2.6484916
VIPBUS,4.3851147,3.6967356
METTUA,4.416408,2.8845754
AXOVIS,3.3222382,2.363884
QAPHAQ,2.8686244,2.6413515
WOMRAS,2.9840007,2.6922765
JOPQAG,3.6449652,2.7861426
SOXPIF,3.120874,2.2288265
XIPMOA,2.927673,1.9037405
BOCFUU,4.0566735,3.2033973
PORMAK,1.5352664,2.4179373
GOPPEG,3.1317585,2.9843183
HUNDUP,2.9293058,2.513223
SAVJIK,1.9654784,2.4132717
YUPVIO,2.4612699,1.8127763
ZIGYEV,3.0294437,2.678778
ZINZEB,1.9676553,1.9444382
KUDGEV,3.1791062,2.8838835
DEFHIG,3.3684976,2.701007
FICCOK,2.1407197,2.253724
HAJMIP,3.5037382,2.4107594
LISGUP,3.637074,2.7138298
XOQWOP,3.510813,2.7431443
DISQUR,3.6134,2.5465856
YABSUP,2.5407271,0.83726645
ZUXPAJ,3.5238745,2.8797789
AXIJEW,2.937197,2.9141562
TOTBIN,3.7818384,2.7607124
QENHUN,2.8781483,2.4655478
QANWAF,3.1943445,2.090372
KOWMIS,2.5004542,3.0471625
PETXIV,2.985089,2.1033888
SACZIH,2.4261672,2.8049157
SASXEP,3.1124384,2.7390437
EPICIQ,3.4166617,2.6906269
HIJFUD,2.4122894,2.3321729
FEPFOW,3.625373,3.0454872
JITSAG,3.312714,2.9014995
QIDYEH,4.224568,2.859343
RUJYEA,2.8623657,2.4866543
NOPXAS,2.8490322,2.2576814
ZEQBAY,3.5747597,2.4067082
VILNEL,3.6139443,2.8354092
AGIJEF,2.8512092,2.8560195
SOPTUO,2.9916198,2.2667828
TISWIE,2.9782863,2.3270059
SUNROK,2.401677,2.5427604
ALEMOT,4.0376253,3.018657
SEYWIE,3.147269,2.3604758
GOCJAM,3.1445477,2.5033228
TIRFUV,3.8185737,2.9841683
BUCMAN,4.2240233,2.737623
QEBSUL,3.5162554,2.8743355
QENYOY,2.9842727,2.3282661
TERHOO,3.3143468,2.8567545
COTQIL,1.9896966,1.2531729
ZALYUG,3.6068692,2.5488925
XIBQAA,3.364416,2.7634
GANCUW,4.681719,3.8127537
BUPBEU,3.7124493,2.8618228
ULOCIH,2.2876613,2.3020566
TIYYUV,2.939102,2.8633912
XIQSEW,2.636239,2.3915803
FOJHOC,3.3584292,2.8798337
CUSQAI,3.085771,2.3235426
VATWIX,3.250672,2.1727815
DIJQIY,3.152167,2.5734031
OLUZIE,3.0460427,2.5256174
RIQBOJ,3.9731345,2.7993207
RUYROS,5.140503,4.2033453
WALFUN,3.8776226,2.3874729
HUNMIM,3.1268604,2.4615808
YANSUC,3.699388,3.100896
MELFUH,3.1339355,2.432842
YAYYEC,3.022913,2.439269
XIWHAN,2.9244077,2.5968547
NOPGEG,2.7611394,2.5065432
JAQTAW,4.031911,2.7849882
JURPUH,3.5529907,3.2135901
WICTOR,4.1644306,3.144745
WEQLEJ,4.3282433,3.167708
LIPBAN,3.4754384,2.6729236
KAXBAM,3.649319,2.5933986
NETYOA,3.556256,2.8782294
SOWMIB,3.0163822,2.5290136
LOHKUO,4.99465,4.1700974
CAJHEA,3.821839,2.7851324
FEZWAI,3.9851074,2.9761343
MOFMIE,3.5840118,2.128995
UHEJOG,3.642244,2.630959
UDARIC,2.7499826,1.2727307
FACFEW,3.7861922,2.7155824
KIHRAU,4.4716473,2.8422465
YIVWUV,3.9064667,2.5429056
XEQROC,3.6123116,2.6445937
SAVJOQ,0.81797427,2.702555
AKIHIL,3.899936,2.9568763
MOJHEZ,4.168784,3.1015675
LIRDUL,3.302646,2.222501
TUNNAR,4.0561295,2.678287
SISQIU,3.5932636,2.6500711
PODTIN,3.6642852,2.5379605
XOFKIM,2.411473,1.8454932
UZIREC,4.3984485,3.756171
TOWMUN,4.014768,2.2884727
MIVHIJ,3.883337,3.098436
LIHGOY,1.9398997,2.006289
IKOKAV,4.1315045,3.1784058
EZIWIU,3.7883692,2.597261
ETOMAD,3.3222382,2.824417
UTABEY,4.1437497,2.356158
AFIHEC,3.7848318,3.0388417
COQTEH,3.1440036,2.7530386
TUNMUK,4.1848392,2.5078757
GOGSOK,3.9301405,2.542039
FEQCAI,3.266999,2.420259
PUZFAR,3.6931293,2.503014
PETFOL,2.9282172,2.4399557
VASJEE,2.1535091,3.02064
PONDIF,4.533145,2.9735045
ARUBAS,4.548383,3.0320902
KONREK,3.1173365,2.9581137
MITTOY,3.085499,2.8847215
YIMQAM,3.4378865,2.7214243
XEKKON,3.582379,2.7401307
QOXPAU,3.2699924,2.5613024
SACYUS,3.2675433,3.0789957
HIZZAS,3.5162554,2.7171059
TUMVIH,3.066179,2.8262146
FIHWOI,3.8920445,2.6915607
COQKID,3.2615569,2.41628
HUCPEB,4.387836,2.2517366
DUHBIR,5.033562,3.24478
OSIHOO,2.0988142,2.3791077
BOXBOG,3.1298537,2.0995312
APOSIJ,4.146471,2.7010112
TOJMOV,2.915156,2.2873158
GAFZUK,3.0357022,2.4468856
PAJCAE,4.013952,2.431828
LAMXIG,3.231352,2.2609513
ODEXEA,3.6316316,4.113843
XACHIV,3.0561109,2.2425816
MESNAC,3.2653663,2.9787889
ODUFUO,2.8778763,2.0986917
GAVSUT,3.0718935,1.3121842
QIGYEM,2.6329737,2.0787494
AHIVET,3.2623732,2.5772517
XEWLUH,3.9810257,3.2054973
IDAVEO,3.6210191,2.9296067
DURPAH,2.339635,0.77662635
OTUNIB,2.673791,2.4319046
NAHSOG,2.7045398,3.010268
GUZPIC,1.5447904,1.931967
FERMUM,2.8792367,2.1224327
VEZQEW,3.661564,2.4818258
ODUGEZ,2.917877,2.1986296
FUNSIR,3.3069997,3.041724
FUNSOX,3.3249593,3.1587524
DAWMIX,3.410403,2.6577964
AGUZEI,4.337767,3.135406
BEZNAW,4.161165,2.6990104
EKEVEX,4.0917764,2.763774
RARQAC,3.252577,2.4298608
RIXBIJ,4.7832174,3.1642554
HOKROO,4.805531,3.4376082
AQICIN,2.368479,2.2690022
LOMWER,3.2471347,2.1164784
EFIPUE,2.2133741,2.3892157
MIZVUM,2.2691574,2.548318
VESNEM,3.6773467,2.3819566
XIXDOZ,3.653945,2.9866679
XOVDAN,4.903764,3.887812
VUCMOW,3.6408834,2.708021
LIRBUJ,2.7026348,2.8630862
ESITIJ,3.8797994,2.8768463
UVIXII,2.8000517,2.3362105
TUMVON,3.0868597,2.91759
SAMZEL,2.8269908,2.7899022
RAKMOH,3.4814248,2.2169225
XIFQAE,3.4387028,2.7909641
YEFJEY,3.1380172,2.701069
ICAJUS,3.2193792,2.1886137
PUNFOT,2.5195022,2.3692942
LAJTAS,3.7461915,2.7758772
GOGPUN,2.7478058,2.2287698
NARDAM,4.007421,2.956778
VAPGIC,3.3616946,2.328699
XIQROF,0.7679053,2.2614772
SENQEH,3.9916382,2.2409248
RIDZIN,3.599522,2.6027138
BEDMED,2.7965143,2.9723551
LOCWIJ,3.6901362,2.731099
MUJPAI,3.8460574,2.808983
FODTIC,3.488772,2.562436
ORIXET,2.390248,2.8151796
XUKVAA,4.074633,2.7180312
REHSON,4.344842,2.9974818
BAKJEC,3.5570724,2.7256567
WUNSED,4.611786,2.6030548
WIHVEQ,3.9687808,2.8978548
BOXQEL,2.9693065,2.1976163
POVLOC,2.7924325,2.2212098
WAYMIV,2.6947436,3.2057054
SEYCUW,4.0898714,2.7145884
HUYNOE,3.314891,2.995427
UXIXOQ,3.49367,2.4740424
CUYFUX,3.7249668,2.8531704
LANHUD,2.8841348,2.9403598
CEFSIP,3.494214,2.5823877
HUNLUX,3.5061872,2.4895334
YEKSOW,4.483076,2.9713898
RIQHUW,2.9478095,2.7724974
SACZAZ,2.918149,2.9104452
HELSEW,2.1399033,1.5344274
JOFJEV,3.9274194,3.1506066
RATXIT,3.2531211,2.3536882
LEJHOA,3.2680874,3.0821722
FOKQUS,2.7940652,2.1907327
DOYQIS,4.0308228,2.8600984
NONVOB,3.7320416,3.4449034
BARVOI,2.2770488,2.352869
PAGBAB,2.330111,2.0782843
ETOLIK,3.2182906,2.770365
QAXDAU,3.957624,2.8502684
RAMVOS,3.6174817,2.4983847
DOZTET,2.8830464,2.1249142
PEBHUA,2.887128,2.3634534
POBYUA,3.6498632,2.6652439
ZEJZOF,4.592466,3.3874521
EGUMOJ,3.9638827,2.5836
BIJVAS,2.8101199,2.6831524
FODQUK,2.839236,2.467754
CAKBOG,3.8172133,3.198043
QANWUZ,3.14999,2.1337445
WAQMAC,4.0378976,2.6659608
XACFUF,2.8003237,2.014436
DOGGEM,2.867808,2.8805904
TUDQAL,3.0498521,2.0573072
UVEZEC,2.8063102,2.2525573
MUVRAY,2.5771904,2.035791
FOCBAA,2.7246761,1.9825144
BEDWUD,2.2280684,2.6513028
ERULUZ,3.3401976,2.8587148
MOPVEU,2.6139257,2.4913
PANJOD,3.1363845,2.3801134
NOMLOR,3.4493153,2.1174624
MEFWEC,3.3252313,2.5533574
HISWOV,2.901278,2.3220565
ZIHYAQ,3.6577544,2.9619823
EKUHOH,3.2438693,2.4247577
FONPOO,3.1159759,2.2469687
MEQZEO,4.1048374,3.1261754
ODIPIB,3.5543513,2.6129255
NORNEN,3.6702719,3.1664522
XUWSEP,3.794628,3.2873158
IFEDIG,2.7475336,2.842416
SIXQAR,3.3538034,2.7428434
WUWHEB,3.9162626,2.5422957
EWAQOI,3.391627,3.044176
LILDEQ,2.7320232,2.3505294
RIHJIE,2.901006,2.0771778
FECFUP,3.8321795,2.6615763
TOKGIM,2.25147,1.6170841
VASMOR,3.505643,2.603553
BONREB,2.4019492,0.9024067
EBUFOX,3.6814284,2.769458
DAWJIV,2.7948816,1.8593432
CELGOS,1.6653368,2.6521554
ZEJZIZ,5.099958,3.8174284
BIJMUD,3.2210119,2.307365
YEDNEC,3.474894,2.5318012
XENXIX,3.7238781,2.0853615
WACREA,3.099377,2.359785
GEHYOH,2.8155622,2.5427651
JAMKIU,2.7709355,2.0908256
GANMEQ,2.9401903,2.8620803
RIFPAX,3.510813,2.687953
ERUMEK,3.0316205,2.48194
FIFPEP,4.5056615,2.8842106
YILZAU,3.5391128,2.8517148
EREGAK,3.8961263,2.6088595
FIPTED,4.2746367,3.0732303
AHABAN,4.6555963,3.4563236
KIMZOV,3.1491737,2.6893318
IZIWAP,2.998967,2.8677735
GAXSIH,2.9083529,2.7632418
BAWMIX,2.0533712,2.7744906
UFOSAK,3.7581646,2.4468658
VILNAH,3.006314,2.5732973
UQUJAS,3.5959847,3.0977721
ICITAQ,3.247951,2.5455337
BAWMOD,2.4588208,2.3873744
HEFRUH,4.0452447,3.2914975
BEMMOW,2.9878101,2.5018516
ARIGIT,4.467021,3.1588414
MOMQAG,3.5733993,2.7675192
PUCMOP,4.4613066,3.01994
ORIXAP,2.7189617,3.0811768
SACZON,2.3507917,2.7152333
LILCIT,2.3703837,1.8923295
OCUXUG,3.4680912,2.753226
ASATAQ,1.431591,1.6924707
CEPSAR,2.7573297,2.0823338
DOZTIX,2.9382856,2.2491934
XOPBIN,2.9399183,2.4447472
FICVOD,0.5338874,2.3468556
ZEDXEL,2.5886192,2.2323985
MOYPIZ,3.4833295,2.9997745
YANSOW,3.7037418,3.080906
VUYJOQ,3.0721655,2.6198492
BIHDUS,3.224005,2.0869179
OQEHOI,3.0912135,2.9810855
WUBKIP,0.28708014,2.549152
DONBIS,2.253647,2.4531233
VIQGEJ,4.0351763,2.6114757
SIMTIR,2.758146,2.3845506
NOYMIX,1.2345806,1.2135934
IQIWEK,1.7164942,2.349155
UWUCAS,2.9668574,2.7169156
WIKCAW,3.1374729,2.5038147
JURSOE,3.0972,2.554498
EDIGIH,2.249021,3.01157
TAMLEY,3.9255147,2.7561529
ECOPET,3.6177537,2.8899043
LAHVOG,3.3791099,2.178919
XOLYED,3.08305,2.5718644
POFGIC,3.6621084,2.621951
SACYOM,2.2816746,2.8189445
HEFKUZ,3.3208776,2.5513759
LASYAF,2.7559693,2.9038596
GAQWUR,3.36496,2.6521592
WICRUV,3.6071413,1.8224399
FETPEC,2.506713,2.4326704
WODNAG,3.0215523,2.4498923
HATDEN,3.9568076,3.0987816
ASOFOE,2.9336596,2.186845
FORFAV,4.736958,3.3468509
YOYZOC,3.1328468,2.9145486
QIZPEU,2.6784167,1.9772677
EKEVUN,4.158444,2.7878277
WENZOG,2.8901212,2.1511502
SAPPUU,3.816125,2.9337673
ZITSIE,3.7826548,2.7427475
DAMCAV,3.651768,2.0635552
XIQKOY,2.5244002,3.005004
GIQGAO,2.7850854,2.4880848
WENZIA,3.1494458,2.4312358
SULGUB,3.8183017,2.864145
MIKVOS,4.306202,3.1833234
HACLED,3.0784242,2.5502586
POFZOA,3.5616984,3.0604615
SOWCOX,3.408226,3.0339015
LODWIN,2.8588283,3.334567
SIMDIE,2.7755613,1.9703002
EROGAT,3.699932,2.7886283
TEBQUM,4.1086473,3.1647398
PUHMIO,3.5244188,2.915829
GUZMOF,3.7418377,2.777328
IVEPEG,2.389704,2.3669891
YEVSOK,3.675986,2.9568195
GAZQIK,3.7475522,2.8767607
NAWKUU,3.6811564,2.4713032
WENZUM,2.4199085,2.346687
JAQSOJ,4.2860656,2.824289
QAGDAF,3.1684937,2.901577
HATGIS,2.8471274,1.761537
IYIREN,2.922503,2.730682
HOHYOS,3.6849658,3.0377707
FATBAD,3.2169302,2.0555453
XEJNAB,4.3810334,3.090921
YIXCUD,3.8754456,2.5269046
TADYUS,3.2011476,2.0776052
MAJVUR,3.9129972,3.1504958
GATPEX,3.6953063,2.7892008
NEVKII,4.8545113,3.673642
WOXWUB,3.5573444,2.8768072
TAJNEY,3.59925,3.0526948
LUCDEU,2.2911987,1.989278
FOYZEA,3.484418,2.7879753
XEVZOP,3.1600583,2.2159574
JAPVEC,3.945923,3.2582765
IJAXIB,3.4667306,2.4937875
LIPBER,5.2754717,2.8623552
BUNFEW,2.7469895,2.7271276
WODNEK,2.8348823,2.837907
ABIGIC,3.2735298,2.2088416
IPOROV,3.6991158,2.6724575
BUPBIY,4.0759935,2.6431763
EBUFIR,3.7372117,2.7112596
VITQUK,2.9548845,2.235151
DASDOS,3.7040138,2.7622359
JILLUO,3.8087778,3.6242306
EKUVIR,3.3924434,2.6536934
WURSIL,3.7660558,2.487092
KEDMEL,2.9597826,2.5305364
RURGEQ,2.1165016,1.6998898
MAZNAD,3.3842802,3.22324
ZEWGOZ,3.0759752,2.629276
FOSLII,3.123867,2.5485039
NEFQIB,3.7657838,2.3478942
MOWGIO,3.0463147,2.2359977
SIHMAZ,2.7333837,2.3548088
BAYSIE,3.613128,2.6016843
PAJKAO,3.1932561,2.6743207
NEXTEP,2.9072645,3.412274
SADTUN,3.08305,2.3207154
UCETOM,3.139922,1.7991737
WOKBUT,3.0174706,3.2211773
YEKZEU,3.1850927,2.922308
NEGPEV,3.2063177,2.710233
DIVZAK,2.941823,2.962403
YOBXUI,2.0922835,2.0503297
CAJZOD,3.491221,2.813213
XACHER,2.861005,2.2079353
METVEM,3.362239,2.3698933
GUVWOJ,3.8501391,3.245589
JIKRIE,4.6063433,2.7271585
IYUMIZ,1.9020759,2.0305161
BUBTUO,3.2373385,1.5237373
EYUSOG,3.8030634,2.389457
KUPJOW,3.907283,3.1314428
BERVEA,4.528247,3.6879313
VOLJUB,2.4963725,2.6873662
ENATET,2.875155,2.2628381
OCOLUO,2.169836,2.0480626
ODOBAM,1.9564986,2.0725555
RIKCUJ,3.4237366,3.093372
DIJQUK,2.5132437,2.9828498
NAZCUM,2.944816,2.6773798
DUHWAG,3.4280903,2.6368241
MAVJIC,3.6229239,2.5211215
ICEXUJ,3.2016916,2.3391657
WIJTEP,3.9056504,3.4542317
IMELIW,2.9165163,3.2092154
HOLMOM,2.8114805,2.252286
PIPPIQ,2.9600546,1.7241386
QEYJAF,4.5940986,2.906723
KAYBER,2.8931146,2.8467028
OJETON,2.8601887,2.461731
FOPDAR,1.7004396,2.5957687
FANSAO,5.6158857,2.9612243
QUFSOA,2.822365,2.1635175
NIHHAP,2.898557,2.434571
CUKNOL,2.984817,1.6570303
LAXDIX,2.2457557,1.1434844
KUSNAP,3.8289142,2.6834345
NILSIK,4.2906914,3.49482
VOLHIQ,3.424281,2.752121
VAFNUL,3.3587015,2.4021835
ADOXUN,3.5010169,2.6473596
QIFHEU,3.41258,2.3070922
KOKFAS,3.8700035,3.3727462
LIXMAG,2.743452,2.2287135
HOPWOA,3.1551602,1.5182861
MIBDUZ,2.7273972,2.4914215
KEHLEO,3.8553092,3.0284734
YEZMIB,2.7521596,2.5890021
ASASUJ,2.8294399,2.2999923
UCIVAE,4.1897373,3.093774
KOHTAC,3.7461915,2.9807658
BINJAK,3.2558424,2.977426
SECKUG,3.3791099,2.953194
ELEJEK,3.3010132,2.027009
DUJJEZ,3.4117637,2.7597883
TAFCIM,3.3298573,2.072822
MOCHUH,4.0324554,2.6328728
JIZQEP,2.9478095,2.3129625
UFOYUL,2.9268568,2.4510396
XACGUG,2.3347368,2.0251744
ISUYOK,3.3799262,2.5528085
RIJNOQ,5.1486664,2.8384347
YEMZUM,4.2096014,3.0204499
LIYWOF,3.3742118,2.7084
CAKBIA,3.713538,2.817763
LUZDAL,3.8735409,3.1033003
WENZEW,2.2022176,2.4436922
GUVXUQ,3.106996,3.1235192
WIVSUP,4.2338195,2.717764
COTQOR,1.6789426,1.4453437
OMOFAX,3.2993805,2.5647652
CUJQON,3.740205,3.0358298
QOJKOR,3.596801,3.2745576
LIPBIV,4.1930027,3.270013
AWEXIJ,3.99572,2.7167518
GUKCEV,4.493144,3.2723927
HACLON,2.9388297,2.2840269
GUVXAW,3.3584292,2.8152344
LEJJES,3.0139332,2.6742017
GOCPOF,2.2522864,1.5156505
CAXYEG,3.0844107,2.8206022
QAHJAK,3.0008717,2.3022203
GUVYEB,2.9303942,3.0664077
PAQBOZ,3.6710882,2.695671
LULCAW,3.2991085,3.2895114
WALFIB,4.216132,2.6077535
DOXQOW,3.319517,2.337058
AXEVEE,3.209311,2.294633
FAFWUE,4.772877,2.8238256
BIQTIG,3.5641475,2.382916
HEQNIA,3.0139332,2.724996
NEFMIU,3.6713603,2.2809424
SIPKAE,3.5502696,3.2303443
GAHCOH,3.247951,2.445923
GOHWOQ,2.896652,2.5683627
WOFXOF,3.9274194,2.905571
MOGPOO,2.332288,2.3752754
FIFQOB,2.3154168,2.3666596
QAPHEU,2.8171947,2.4177742
ADALUM,3.385913,2.3419254
NEDKOW,3.1674054,2.8614817
HUNHUT,3.5342147,2.5683868
FORJED,3.1203296,2.3339264
QORQET,4.0376253,3.0229201
RIRXAR,3.7750356,2.9672678
QEPLUT,3.6025155,2.7589698
QOFTUA,3.2914894,2.0022378
CESTAX,2.4588208,2.154414
LIMBAL,3.0762472,2.8770585
QUTPEA,0.24000442,2.9567297
AKUTIJ,2.0043907,2.1635094
AROZEO,3.0748866,2.7240672
PETVUF,2.0446637,2.003297
ELEHEI,2.8596447,2.6364975
WIKYEV,2.9630477,3.6584632
GAMJAG,3.2544818,2.6499298
DAKMOR,3.3361158,2.8961844
FEYMUR,3.7314973,3.1223986
GIXSAH,3.6335363,2.8672605
LUJGAY,3.8335402,2.4041214
FECGOK,3.3110814,2.6697772
UKUMIY,2.0479288,2.2379692
ZUBGAE,4.4874296,2.8876302
RAJVOO,3.6738093,2.6388054
DIJQOE,3.50782,2.7148669
XOFJOR,2.4822226,1.2867651
ECUPAT,4.4735518,3.0731282
KIJZUB,2.8449504,1.850701
WUHREX,3.8275535,3.0204816
NOYHAK,3.661292,3.341774
UWUBIZ,3.1842763,2.461224
DASTOH,0.45987242,2.8658497
GUKRAH,3.9369433,2.2072742
XALKEA,3.0835943,2.0419395
YALZOB,3.7442868,2.6647565
JATPAV,4.228105,3.0822225
POVQIB,3.1995149,2.2410338
NEMLEX,3.998169,3.5075827
SOWJUK,4.139124,3.0569022
VARJON,3.3138027,2.824184
IXANIF,3.0362465,3.0850558
KEHLOY,2.8895772,2.1674223
FUDGUH,2.6389601,2.0374033
BINHOW,4.2841606,2.5327122
IJIHOY,3.556256,2.473964
RURWOQ,1.7896929,1.9730221
GUBLIZ,3.6580267,3.5449848
PUTDAK,3.2117598,2.5080588
WABROH,3.2101274,1.922729
REVBUP,3.529589,2.4420207
IPORUB,3.0678117,2.681975
DAPQUG,3.331218,2.5933592
CETCIP,3.7252388,2.3815298
FULYIU,3.3320343,2.4677556
ECIGAZ,3.4708123,2.5159588
XICPUV,3.649319,3.6860743
YAQSOY,4.442803,2.9056263
CUKNIF,3.3377485,1.9470508
BUQXUG,3.1026423,2.9258852
FAKGII,2.7940652,2.8774943
QIGWUA,1.7869717,1.752824
BUBTEY,3.3516264,2.0425067
NODLIE,3.0171986,2.447533
GANPIV,2.858012,2.2025683
REHSUT,4.164703,2.9850187
IGOCEM,3.2972038,2.0266814
WAQBIC,3.0152936,2.2370887
TIGXIQ,3.553535,3.0333285
MIWREP,2.7211387,2.2755933
YOZBEV,3.1608746,2.6699345
ZEJQUC,3.9187117,2.540187
ZOMGUD,2.588075,2.4590814
CUCBAF,3.7178917,2.7425838
POBSUU,2.157863,2.2734053
YAPZOE,3.286319,2.3790555
OJEVAB,3.7489126,3.021997
DIHTUK,4.053136,2.983703
QIVYIE,2.8735223,2.6194537
NIWBON,2.6299806,1.7588319
GIRFES,2.5679386,2.8811655
SOWCIR,2.8471274,2.910368
AGIJOP,2.8313448,2.7170727
FITFOF,4.6161394,3.3760953
VACTEZ,3.001688,2.1208034
TOMJIO,4.164703,2.5058627
NARTUY,4.174771,3.3977401
BAJHIE,4.17722,3.0841782
NEYZIC,3.035158,1.759861
CAXXEF,3.0454984,1.8676065
IFADUQ,2.953796,2.1750178
RIKCOD,4.299127,2.5320911
RECHEO,3.1295815,2.0020235
PUTTEE,3.8825207,3.4694896
FIBYOF,4.16824,2.649507
BAMQUC,2.9959736,2.4174142
RUJXUP,2.8022285,2.3562498
REPWEO,2.913251,2.6067805
QEXHEH,3.6006107,3.025471
GIWDEV,3.252849,2.3603806
ADIXOA,4.3179026,3.3616726
ODOBOA,3.0874038,2.2558088
MAZKII,3.7320416,3.3180017
QAJGIS,3.6865985,2.8954866
MISPOT,2.824814,2.4711838
PEHRAX,2.2446673,2.8498418
QAFDUY,3.5497253,2.984184
MECJOU,2.9165163,2.3971786
MEGYEE,4.024292,2.438268
GENTEA,4.1570835,3.2175946
DASDUY,3.711633,2.7321723
DAGJIE,3.9832027,2.4089622
NAXQUZ,2.774473,1.9227684
MOZFAI,2.8599167,2.5122707
PIPNUA,2.43297,1.5293664
GOTWOD,4.7228084,2.8835785
MUBSIL,3.8144922,3.1331322
NEJMAQ,2.939102,2.3051875
EVUHUZ,3.969597,2.9672706
ZEJLEH,2.769847,2.2467532
MOWSUM,3.3138027,2.4131646
MOQSES,2.5510674,2.9044018
OMABAF,3.8123152,3.0841353
SOGDIB,3.333667,2.5240552
WEPFOM,2.9116182,2.650524
LILTIK,3.087948,2.4868066
BEZMOJ,3.312714,2.0280547
ZUCSIZ,2.249021,2.419143
OHOBES,3.744831,2.65335
WUXGAZ,2.8650868,1.8336431
ZEWGAL,3.945651,2.9533324
MUPGEK,3.5929914,2.6149168
YEDNAY,3.802247,2.5803232
NAWROS,3.19761,3.089621
CAJZET,3.5067313,2.5504427
ULULES,3.699932,2.5627725
XERGEG,3.1056354,2.6377344
LUFZUH,2.824814,2.9299393
MAJJAI,3.7728586,2.7470636
GATXIK,2.6626341,3.0716257
JALXEA,2.6256266,2.0350957
LOPDUQ,3.3899944,2.387526
JUXXEF,3.2702644,2.638167
HONQAD,3.7129936,3.3740306
WOFXAR,3.2106714,2.2938616
IMEWED,4.758727,3.019809
TIXWEC,3.6819727,2.8010619
TOXHOD,3.764151,2.6992261
CETLUJ,2.4414055,2.9098177
WIFVIS,4.0349045,3.317262
YALZIV,3.763879,3.0763407
SEYWOK,3.1464527,2.3237169
TAHYOT,3.7347627,3.1543896
EMAGUU,2.5948777,2.6403875
TEPXOD,3.4060493,2.6757393
UCOLUV,4.6618547,3.2443116
OMABIN,3.4904046,2.9030657
ZEWGUF,3.0533895,2.6833043
YIDCEU,3.413124,2.4964392
YIZJEW,2.9592383,2.5497992
ERUMAG,4.135042,3.17027
VOLHEM,3.9412973,2.8251972
YECJAR,2.8620937,2.386356
WOKDIJ,3.3595178,2.8613362
LUTJEQ,3.773131,3.8975263
GEBNEI,3.9728625,2.3262706
UFECAK,4.2768135,2.6677544
ELAPUD,2.824814,2.2215152
FEMBOP,4.2553167,2.8179338
ULALIC,2.506713,2.2281365
POMDAZ,3.1728477,2.4769177
WOFZIB,3.1565208,2.6360636
KIKBEO,2.8664474,1.8638805
JUGNEE,3.2101274,2.982635
IFEDEC,2.5603194,2.859252
CEQBIJ,2.0729635,2.5148537
POTNEU,2.270246,2.268975
FEZDUJ,3.2008753,2.6442378
SIGKOK,3.0465868,2.5109115
FOMZEM,2.2947361,2.0679603
XEVDUZ,3.7344906,2.5956643
BOWXIW,2.9807353,2.773083
AJEBIC,2.4174595,1.6944225
RECHAK,2.8835907,1.6555588
AKOPOG,3.759253,3.0758505
JUZPAV,3.1437314,2.3965313
LILTAC,3.0874038,3.0118847
ZIHMEK,2.9918919,3.1448097
YAXKAJ,3.7910903,2.7708406
TERHUU,3.96742,3.2482944
TIGWIP,4.2408943,3.0765421
WEQLAF,3.691769,2.9617527
FORVOZ,2.8841348,1.899822
SOYXAF,3.7007484,2.587805
YIMQEQ,3.331762,2.737618
ERUQOY,3.0131168,2.580177
HAMSOD,3.16414,2.8751376
LODWOT,3.4501317,3.3352323
DASDIM,3.493942,2.5795488
JIHYUU,4.643351,3.4235787
LOCMEV,3.2498558,2.623009
PAJJUH,2.9222307,2.6353848
RAQXAI,3.8030634,2.624506
DAMBUO,3.3989742,2.678301
PAXJUT,2.7224991,2.0994167
FORDOH,4.7165494,3.3143296
FUPVUI,4.4749126,2.9030175
ZEJYUK,5.14785,3.4865608
VOSVAA,2.5924287,2.7623353
NIMSIN,4.3228006,2.8227816
YASNIP,3.715987,2.580563
DABKAT,2.978014,2.4653292
PIPYAO,3.4033282,2.4682584
FEQLUI,3.6476862,2.3307114
KIWJEH,3.1249557,3.4071903
SAVKIL,2.097998,2.4010026
SASYIU,3.654217,3.0309317
ZIRPUL,2.184258,2.232968
NATYIR,2.4988215,2.7109215
NEJMEU,2.2863007,3.0131512
TATROX,2.4106567,2.3164327
BEWNIB,3.7510896,2.9489346
ZOLDAH,2.1918771,1.95918
UZEQUN,1.9665669,2.228693
LETYUF,2.893931,2.0237508
YEDNIG,3.620747,2.710079
EBUGEO,3.7393887,3.002016
SOJGUU,2.4694333,2.5537791
PEXQUG,2.6351507,2.4762642
GUVKEO,4.3867474,2.5330832
NAHQIW,3.3687696,2.3703876
TISWOK,3.4027839,2.5413918
UMEGUP,2.4512017,2.8089845
AROHIA,2.141536,2.189989
XOWFAR,1.9994926,2.3153272
NIMSOT,4.136947,2.7872212
EZIJAY,2.4509296,2.1044173
ASEMAM,3.505643,2.4653473
NOMKIJ,3.8123152,2.8476856
QIGYAI,2.841957,2.117147
WOKDEF,4.261575,2.743151
NETZAN,3.3189728,2.2724285
IGUDET,3.7195244,2.9521308
AKUTOP,2.652294,2.1747656
LEJSEZ,3.3684976,2.489633
GOTJOO,3.4158454,2.48987
NAVZIV,3.672721,2.2430544
IKOKEZ,4.1279674,3.167901
TEJPAC,3.3592455,2.4062843
SADWUQ,3.6738093,2.6901004
BUBTIC,3.247951,1.6315854
USUPUU,4.0136795,2.9808445
COQKOJ,3.1606026,2.6874974
IFEYEY,4.3391275,2.9269545
WUGSAT,2.8909376,2.2100654
NAVZOB,3.7878249,1.9496834
CETDIQ,3.204957,2.3988235
TIRQUG,3.4738057,2.6772258
TCBPZR,3.0433214,1.7696673
WELBUL,3.147813,2.7432725
KAFYUL,2.865631,2.2798076
REPDEW,3.0691721,2.5132866
FEQHUF,3.8844254,2.6800978
QAHWIF,4.4384494,3.0225458
PAYLIL,4.034632,2.8599517
ZEYSEB,3.2471347,2.5447857
XOSNEY,3.0871317,2.5426447
DAJPIP,3.740477,2.8199024
SERROW,3.618298,2.8975468
BAWMAP,2.6539266,3.0687928
VAKGOD,3.2558424,2.1351738
VEJVOV,3.8520439,2.9079113
EWOBOH,3.0335252,2.5740256
ONAXOR,3.3350275,2.71887
GANMAM,2.1543255,2.7585654
XEWMOC,5.709221,4.013201
WATTAO,4.7160053,2.8201895
BEMQIT,4.167968,3.073251
OWEXIZ,3.541834,2.6300576
WAYNIW,3.448227,2.3304439
YEWHAK,3.3138027,2.040164
VULGIU,3.3494496,2.481322
FETTAB,3.2591078,2.550055
NINKAX,3.8174853,2.9196754
ZOJROF,2.9565172,2.536586
SIFTUW,3.9761279,3.338697
LEGXEA,4.1236134,3.0756638
TILFUS,2.7584183,2.1413333
GIXMOP,2.9314826,2.3451145
SIXMER,4.538043,3.305267
TORLAN,2.6082113,2.5603266
PZRMSI,3.7246945,2.847904
WAHYEJ,4.2215743,2.9471624
YOGMUC,3.6202028,2.6021557
SUMRAU,3.14999,2.556635
HILPOK,2.406847,1.8816015
DODNOC,3.300469,2.2251914
XIWSEC,3.1788342,2.3536556
NIMTAG,4.332325,2.7340448
JALXIE,2.2329664,1.94431
REKZAJ,3.725783,3.3163388
DUNPOT,3.1358402,2.4213839
GOKZIR,4.06783,2.3333786
NUWWEH,3.8697312,2.8036363
FAKGAA,3.1649563,3.1983895
FEQJER,3.1864533,2.832783
XACJET,2.925496,1.9861752
SAVKEH,2.1777272,2.289494
XUCSET,3.0890365,2.135748
FOTFAW,3.2008753,2.131198
PUJBIF,3.1361122,2.3194792
DOXREN,2.0694258,2.7137866
XEVMUH,3.9538145,3.0106518
DAKTAL,2.777194,2.097123
BAJHEA,3.2786999,2.8918407
WABGEM,5.229484,3.358511
DERLIV,3.0708048,2.5778048
IMEWUT,4.375863,2.8957026
UVEXUQ,3.2963874,2.4645042
TIGXOW,3.5769367,3.1521292
TOKFUX,2.872434,2.4007888
QEVWOE,3.1254997,2.4568014
YAGNID,4.9837656,4.2911944
MOWSOG,3.7059188,2.6977022
SOQROH,2.5725644,2.4023724
MUDVUC,2.9695785,2.9620082
BAMTIT,2.9377413,2.3634179
XEKYIV,3.1717591,2.3264108
NEGVUS,3.554079,2.9334517
MUVWAB,3.9587126,3.2203465
JIXYEV,3.4446893,2.7908545
LAWRIK,3.8297305,2.661264
BOXQAH,2.8947473,2.1194744
KEMREA,3.69966,2.659275
ZIMXUO,4.4128704,2.8604088
WIVCEJ,3.1812832,2.4940226
QAHXUS,1.2133557,2.3806562
XELGEA,3.037607,1.8189768
OCEXAV,3.2231886,2.988175
XOFLUZ,2.4743314,1.1526613
WOFCEC,3.2819653,2.5861583
KUQQIX,3.8101382,3.0451427
KARQID,3.3842802,3.0023856
NAJSOG,3.742654,2.3870573
FIRYEL,3.266727,2.8735423
BOPRAA,3.8917725,2.9665012
QIZDUZ,3.2773395,2.2098737
ZEHXEP,3.150262,2.296185
XIBQEE,3.247951,3.1054087
SUMQEX,3.3676813,2.8911018
WIBHOH,1.1918588,1.9820435
XANKAA,2.6781447,2.3661702
IJESUM,3.4019675,2.532587
DETJIY,3.3140748,2.461164
YEHHID,2.6675322,2.2816432
UWUFEZ,3.558433,2.5293858
IMUJEF,3.3777494,3.0005214
HUDTUV,3.4248252,3.089159
XAWSUK,3.1578813,2.4306045
DAMBOI,2.8193717,2.274579
BIDFEA,2.741547,2.2058058
BEDXAK,2.7211387,2.582317
XOKMEQ,2.6963763,2.3311281
CAJTUC,2.7807317,2.747303
ZUNFAP,4.0259247,2.756496
EWOFIF,2.8049498,1.8496642
XOTKUN,3.5614262,2.8674934
FIGHOT,4.2509627,3.4086766
YACDIQ,3.1143432,2.5338109
POJPOT,3.6038759,2.7777326
TATBAU,4.8844438,2.6138716
XOLXIG,3.269176,2.6461678
NAHSEW,2.5175974,2.6249783
ELEHUY,2.8928425,2.4509387
FAGGIG,3.3660486,2.4856527
GIYNEJ,3.8095942,2.6031876
DIZJUR,2.5396388,2.2213216
JUYPAU,3.7061908,2.9714742
IGOCAI,3.9198003,2.4033177
YAQSAK,2.9755652,2.507958
FOTFEA,2.9263124,2.0558238
UZIRAY,4.8613143,3.7862184
QEZFOQ,3.4974794,2.6191826
MITVEQ,2.7644048,2.395043
TIGWEL,4.39219,3.4840744
EMUGAU,3.4563904,2.5844643
ZAJMIG,3.895038,2.7670913
GOFPIA,2.9401903,2.4407122
XOWFEV,1.9967716,2.1596022
FICCAW,3.4348934,2.392218
MEXXAO,3.1415546,2.8603652
DOGSID,2.8068545,2.0995743
ACOBIE,3.6384344,2.7492058
POCLAU,2.078678,2.2159252
QEZQOB,3.7529943,2.7567146
CUFXAD,2.5181417,2.5763488
ZOMHUG,2.4697053,2.3238807
YEQZEZ,3.5889096,1.9472473
ACOBUQ,3.6985717,2.8459175
YOJMIT,3.2302637,2.3024492
FETPIG,2.9494421,2.2451828
KOKDUK,3.1075404,2.6996503
FOZMUE,3.69966,2.9636881
DOYQEO,4.1260624,2.7857482
DIZJOL,3.640067,2.778367
ZECVIM,3.8082335,2.8863344
MIXRUG,3.1739361,2.4958665
HARREX,3.843336,2.857316
DEWPUQ,3.9921825,3.0927727
LAKLIT,4.717638,2.9565215
JIKPUO,3.7358513,2.7193403
XIYLEY,4.3725977,3.0495257
LISPOS,4.1859274,2.9845686
BAWMET,2.100447,2.7621133
WAYMER,4.09613,2.8999066
ATITEE,3.0052254,1.913163
AJEBAU,2.4754198,1.4197143
CEFQIQ,4.1769476,2.4328668
RIDZEJ,2.858556,2.4109788
ZIMYID,2.3641253,2.317353
ZIHLAF,3.7889135,3.2347395
EWAROJ,2.8577397,2.6104152
TISHOV,4.1742268,2.9076958
XUNDUF,3.7415657,2.6063774
FIBZIA,3.104547,2.5095668
ZAPCAU,3.0620973,2.5633552
WOSFOZ,3.300469,2.6087437
MINYOX,3.9249704,2.9050422
NETZER,2.4645352,1.9850585
LIRCIY,2.834066,2.647759
ZUJLUL,4.1312327,2.9554422
NAHSAS,2.9714835,2.5960066
UKEZOZ,3.5146227,2.8640983
LAHMAK,3.8656495,2.8338375
INDMZR,0.22286126,2.6975293
XARKOR,1.9750024,2.4806192
HEFNUE,3.307272,2.3166971
ZUJXAD,2.6468515,2.254273
CADSEG,5.5328913,4.1197963
QUBHEC,2.4892976,2.512481
JOMNII,2.7184174,2.7457476
UQUPIH,2.4985495,2.1699326
YIZCUF,2.6541986,2.570283
VASJII,3.0503964,2.5111508
LAMPEU,3.9891891,2.8510706
WUGSIB,3.1611466,2.2153828
JURRAP,3.4585671,3.0752797
DIHVEW,4.0950418,2.7786179
JIFNOE,3.0963836,2.7999425
BEJQOY,2.757874,2.3459928
JAYLIE,3.2376108,2.6917095
WUBVOE,2.8288958,2.6031044
VEFFES,3.2201955,2.588275
FUJDUJ,3.300197,2.5723367
YOGJUA,3.183188,2.3014827
RENGIB,3.8422477,3.011945
KATDAK,3.531766,2.5002046
TUMVUT,3.0337975,2.8854415
HUDVAD,3.314619,2.8579473
BUBMAN,3.587005,3.1104484
WATTUG,3.718436,2.608186
YAQCIC,2.7459009,2.4287424
AHIYEW,3.6857822,2.7535732
NEMLOH,3.9851074,3.062754
WEQCOK,2.5616798,2.8285763
PEYBOK,2.9725718,2.5393515
HACSUA,3.2354338,2.1943808
BOWNOR,2.9625037,2.1787746
SERSEN,3.9323175,2.7789152
UMEHOK,3.248223,2.9934533
DIFFAC,3.4449615,2.0444021
VAHPAV,3.5086362,2.751563
WIKBOJ,2.6729746,2.8519063
KEDMIP,3.2136648,2.4646363
SOWMOH,2.939646,2.2745461
IKOKID,4.1075587,3.0962162
LOFNUQ,4.3481073,3.134167
YUYDOM,3.2357059,2.790826
JAQSUP,4.419401,2.8599737
IPELIY,3.6857822,2.424911
EMAGII,3.8985753,2.9501622
EDUMAR,4.3078346,3.1310964
REKBEQ,3.9132695,2.6722186
NIQWUF,3.3086324,2.6415396
KAGXUM,3.0049534,2.2624876
NAJSIA,3.4370701,2.5464692
RUPNOG,2.3200428,2.1974967
NERTEK,5.238464,3.0672436
QOVSAV,2.3918808,2.5370708
ZIYCUF,3.3546197,2.3246198
SOXPOL,3.5747597,2.184095
LOCWEF,3.4550297,2.7371187
QIGLEZ,3.1886303,2.9003756
SIMJEF,2.736377,2.394298
DIDHAC,3.7176197,2.6830812
ANAWIW,5.0030856,2.9911823
FOZNAL,3.293394,2.8448222
ZUKBIQ,3.5856445,2.8097234
GUDTII,4.1505527,2.7968764
XUCRUI,3.3309457,2.4402735
GINBEN,4.27246,3.1063783
VEZVEB,3.5712223,2.509912
XIWSIG,3.472717,2.4734027
VIQGOT,3.7897298,2.5989926
VIBGIW,3.5529907,2.3855736
JATJIA,3.4969351,2.2383015
ITOGOP,2.0226223,1.619126
QAMPOM,4.027013,2.7600462
DOBYAV,2.4596372,2.6848419
CIPGAK,3.5431945,2.617239
NUGLOQ,4.3682437,3.132831
DIVYUD,2.5418155,2.8210306
XOTQIG,3.8030634,2.5376744
HILDEO,0.98995024,2.318391
GONDES,3.240332,2.585003
DAGKIF,4.921451,2.9755044
JUCQAZ,3.3271363,3.0205216
RIZJER,1.7954073,2.5644865
FIBZAS,4.0234756,2.3054214
IYIMUZ,3.223733,2.2032514
JOXLUD,3.9347665,2.9452853
POGCIY,2.9401903,2.6131797
HOPNEF,2.5701153,1.6809281
MOFLUP,3.7649674,2.6592484
IGOGAO,4.6422625,2.8477833
RUKCAB,2.7679422,2.4104476
XUZTUJ,4.133682,2.8529782
SIMJAB,2.695832,2.0800333
ZOSVUB,3.4920373,2.2776985
YACDUC,3.3929877,2.609045
UPOPEW,4.2985826,3.2400594
FAPCIJ,3.0463147,2.1559246
NEXTIT,3.5304053,3.5590892
LISHAW,3.5606098,2.2493734
SIMHUT,2.772024,2.4133258
SUPNAT,5.0556035,3.319791
COFMOB,3.4969351,2.9306421
ENUTEO,2.8060381,1.9438154
NAWLOM,2.736105,2.091241
DUGPIE,3.1747525,2.5789642
ROCNEE,4.5388594,2.574419
SOFDIA,3.9891891,2.832507
NEFNER,3.2996528,2.0508554
CEQWEC,3.5837395,3.0862088
TADKIS,3.453125,2.1772852
VIZWEG,2.4577324,2.4728734
FICBUP,3.4046886,2.3823674
FAJMUY,3.3470006,3.0821705
OLUYOJ,3.7276878,2.5578115
CEZLEZ,3.4163895,2.334244
GUDTEE,2.7137916,2.3166227
EMOLEX,2.915428,1.9516904
IMACOO,3.0093071,2.2817895
GIKGUC,2.6294363,2.7554526
TERCID,3.4825132,2.6863697
NAZDIB,3.6863265,3.1930823
EWAQIC,4.108919,3.256701
QIYDAE,1.9415324,2.3697543
NIWBUT,2.4982774,1.8816966
UGAZIM,3.1412823,2.601689
YEZZUA,2.7271252,2.2841682
RITSAR,4.0215707,2.8019621
TUMVED,3.1110778,2.898925
LASYEJ,2.1638494,2.3300786
WOFCIG,3.121418,2.6140819
MOGPUU,2.8805974,2.051478
MUQMIV,3.310265,2.6068451
JUQQAN,4.073272,3.0865686
LAPDAK,2.8073988,2.5248747
DEJHIJ,3.0914855,2.968188
RANTOP,2.576374,2.1654732
NODZAI,3.2626452,2.2886748
TISWEA,2.8909376,2.3087163
WIYJOD,3.6912246,2.5614688
JUGFUO,3.8109546,2.529275
JOHQOO,2.9554286,2.3005667
MAJXAX,2.817739,2.5606842
NUWDUE,2.9524355,2.4163437
GARVOL,2.574197,2.4075296
LENQEC,3.8019748,2.823531
TIZZUX,1.7986727,2.8174498
WUBKAH,3.3676813,2.816903
ZAVDUV,3.4008791,2.2536545
YAMKEF,2.9048154,2.5213828
XEPCEA,3.7061908,2.5737772
FEQWIH,2.155686,2.3613455
QOSJEN,3.3486333,2.2540748
PAXJON,2.9050877,2.3122509
MIBDIN,2.7897112,2.2614222
ATITAA,3.0084908,1.949868
RETVAN,2.4503853,2.0507476
NINKEB,3.9263308,3.0253441
CCPZRA,2.1287467,2.809513
AZORIQ,2.1540534,2.1144102
LEBYOH,4.9788675,4.2559013
PAYLEH,4.2762694,3.3428624
NIYSUK,3.4049609,2.767955
ZIHKIM,3.8841534,3.2816296
GANCOQ,0.9088603,3.565346
MOWHOV,2.2476604,2.2545412
ASASIX,2.677056,2.0170841
QOJKUX,4.0588503,2.9493864
MELFOB,3.2308078,2.715053
YIVZAF,2.7181454,1.9756591
NARPOL,3.7445588,2.1563127
RUDSUF,3.978577,3.0450983
JILLOI,3.8806157,3.3271244
RIRPAK,3.5306773,2.4555743
LIPKIE,3.118425,2.6807282
OHOHUO,3.6259172,2.0042195
CUCCIO,3.6724486,2.8214505
NUWWAD,3.4093146,2.6544094
WOFYOG,3.4569345,2.6783636
PUQZIK,3.9132695,3.2406902
CUKNEB,3.691769,2.257365
EMUZAN,3.1959772,3.0251954
MIPXUF,3.434621,2.6531093
PIVTAQ,3.1137989,2.3332431
USEGUV,3.8044238,3.1065972
TOJHUW,3.824016,2.8335443
ILUBOG,4.552465,2.860195
TEJPIK,2.0803106,1.8084303
HOPMUU,1.5709133,2.4258757
DOBWIB,2.7031791,2.4766982
PUHYIA,2.9320269,2.3815923
HINNIB,2.552156,2.7976568
TEKVAI,2.6688929,2.6802435
JIXYOF,3.3785658,2.7550669
HUNMEI,3.2188349,2.2770636
JOCHUF,3.3557081,2.9441564
TISVUP,3.1372008,2.4388328
CIWSEH,4.7402234,2.7664192
WIFVUE,3.5959847,3.2652104
SOTROJ,4.290419,3.4220707
NEXTOZ,3.1010096,3.0461667
RERQOU,3.302374,2.5769346
MEXXES,3.2324405,3.003013
WIWKUL,2.4936514,2.350091
CEFPUB,4.058306,2.6317167
ASATEU,2.6710696,1.8222435
GOHXAD,3.1755688,2.8438866
TEXPIW,3.2152975,2.6215286
HUNLOR,3.1363845,2.2691984
FEYNAY,3.372307,2.728491
QIGZAJ,2.8784204,2.096149
DIPMAQ,4.7707005,2.7707133
UHEJAS,3.570406,2.5902352
MATYEL,4.5018516,2.975312
GANLUF,3.6210191,3.011069
CUQPIP,3.244958,2.7592235
EXONUB,2.9480815,2.5686145
BOPXAI,3.8468738,2.7675261
DOZGOP,3.185637,2.0939176
OLANEV,2.8811417,2.3669255
NONMUA,3.9097319,2.9598048
IGITEY,4.036809,2.800631
ZIHMAG,3.5007448,3.3597274
BAZFOA,2.6999137,3.3239257
OTIDOL,2.652294,2.938847
UXIXEG,2.5388224,2.1903553
WOSFIT,3.388634,2.621681
TADLOZ,3.4588394,2.6608775
HUPHOP,3.7913625,2.8228366
GIVCEV,3.7200687,3.1295714
FADSUY,2.5377338,2.5628371
SOQRIB,2.9238634,2.4955206
GAZPOP,1.931192,2.0777924
DULRIN,3.5671406,2.5658412
LUZDIT,3.8912282,3.1430469
KODQAV,4.224568,2.6325223
BOGBOP,5.686908,3.5353732
XOFLOT,1.8223466,1.1742635
ZOTFIX,3.2879517,2.7228973
OLAMIY,2.4800458,3.4487548
EWAQUO,3.8392544,3.141008
PIVTIY,2.8346102,2.0205429
MIKPEB,3.0030487,2.1874313
JAJHUX,3.7154427,2.8806994
NEVVUF,3.2128484,2.2553992
MERYAJ,3.004137,2.485917
VEFGAP,2.896108,3.0591874
YOBTEP,2.9625037,2.9274528
TUMWII,3.3584292,2.9655304
VOLHAI,4.0849733,2.9403532
NIKXEK,4.326066,2.6271334
WOJLEM,3.2196512,2.9344428
CUKPUV,4.0855174,3.1391065
NOZHUF,3.1361122,2.3785906
WALMEB,3.826193,2.460174
UGIFAR,3.7129936,3.2327943
SEYCIK,3.8052402,2.2824535
OFILEV,3.7080956,3.6408408
BEDLUS,3.4901323,3.1106567
EHEPAK,3.5440109,2.5240378
MAQZIO,2.9665854,2.9626114
PIBDIO,3.7538106,2.6059697
RUWQIJ,4.185111,2.9690223
POPYUO,3.5625148,2.4953668
UQUPED,2.7829084,2.4163873
YIDBOD,3.4767988,2.4682617
WIVTEA,3.9891891,2.707489
NEYXAR,3.494214,2.5807061
UVEZIG,3.082778,2.6540856
KACHAZ,3.3426466,2.9098918
AZUNUE,2.9951572,2.6294436
LALHUC,4.0564013,3.0929177
QUHDAZ,2.7826364,2.1652706
GOTWET,3.7048302,2.347147
ERUQAK,3.653945,2.9602797
CEGQUA,2.777194,2.2732353
UMEGOJ,2.4482083,3.3951433
LIRCOE,3.2819653,2.5965097
IREZEK,2.7429078,2.079571
IJOTOQ,3.53231,2.839967
MAHXEA,3.128221,2.7404797
OJETUT,3.8076892,2.7058582
GARZIJ,4.136947,2.9306414
TOKHOQ,3.0871317,2.1102915
ZIHLEJ,3.904834,3.2795339
RIYHEM,3.7548993,3.6868796
ZUKBEM,3.8017027,3.2055964
PAYRAJ,2.631069,2.8806925
TUMXEF,2.3695676,2.92363
ZEMQOX,2.8830464,1.9222276
BIQPUO,1.8933682,2.576177
YENBID,3.5685012,2.547991
BIJTUK,2.8914819,3.1914902
KAYBIV,3.4123077,2.9322362
FOKRED,2.8811417,2.3824291
POGBET,2.3023553,2.9072764
ZAWYED,2.7203224,2.4515386
XACHUH,2.958422,2.3649719
BEJROZ,2.910802,2.3234973
VUYJUW,4.425932,2.857241
QENZAL,3.082506,2.2786794
ICEKIK,3.2468626,2.5394692
QOLDOL,3.3772051,2.775179
INEPOH,4.007421,3.0143993
GOCFOV,3.8487785,2.846298
MASKOI,2.4906583,2.519184
XUVJUU,3.6202028,2.688362
TOPVUP,3.7295926,3.1720948
PETWUG,3.6504076,2.2689052
YEDMOL,3.309993,2.715981
BAMQEM,3.448499,2.6659064
ZACLIY,3.6724486,2.466978
VEXKOA,3.5268679,2.518493
SURQAX,2.6620898,2.470435
DONYEK,2.243851,3.3265095
SAFDIM,3.2055013,2.6723444
WUBTAO,3.2365222,2.3837545
RIQHIK,3.6716323,3.2665036
VUGYAY,3.6740813,2.9949474
EXABIP,3.0133889,2.1426067
MAHXAW,3.4806085,2.4820678
XAWSOE,3.6887755,2.6851091
PADDUU,3.1720314,2.8011591
IHOPIF,4.1905537,2.5508823
PETNIL,3.940481,3.0580318
LIBRIY,4.062932,2.427954
PUMPIW,4.5326004,3.1477656
BARVUO,2.4588208,2.4419577
BEPWUP,4.6180444,3.068223
TUMWEE,3.255026,3.0323193
QOCHAT,3.3222382,2.5302122
GUDQOL,3.2057734,2.2631018
WEYQEX,3.845513,2.2997317
OFUWIW,3.45122,3.0078323
POWVEC,2.3883433,2.160654
OCOCEQ,1.7080587,2.1250234
HOHYIM,3.2346175,3.0080495
ULOFAC,3.8098662,2.8406892
SEBGOX,5.4112563,2.3339221
ZIHJUX,3.9230657,2.907507
DASDEI,3.2591078,2.6570675
YEVZII,3.2365222,2.2206726
BEZMID,4.1769476,2.7258997
DAVZIJ,2.7143357,2.2280982
TIGXEM,4.1244297,2.9752772
LAMPIY,4.036809,2.6213923
TEQPAJ,2.086569,2.4691083
XOFKEI,2.4550114,2.17305
JUZJOD,0.61742634,2.4824562
VEHLID,4.124702,3.3306887
YATGAC,3.3271363,2.5498495
ABETOQ,3.085771,2.305167
OKUFUX,4.242527,2.7416384
FOJHES,2.9516191,2.8007207
GOHWIK,2.8060381,2.6680365
MATXUA,4.407156,2.870782
TEPPIQ,3.410403,2.7268531
AXIFOE,2.942367,2.1889663
TIZLEU,2.8122969,2.3909488
FIFQER,3.159242,2.4500985
ULOFUW,3.5263236,2.7714016
NEBFEH,1.8277888,1.318439
BOPZOX,3.5772088,2.5382547
UFOSEO,3.4904046,2.5404212
XUXCIE,2.6495726,1.9451252
YIXGAO,3.1752965,2.9446537
WOPWOQ,1.5330895,2.3509088
JAYMAX,3.878983,2.487651
JOJFEW,2.8517532,2.1408577
NUWWIL,3.8278258,2.5565507
BIFTOA,4.561989,2.932171
OWEXAR,3.6574824,2.6723998
GINCAK,3.4182944,3.2420778
TEYXEA,3.720885,2.5673015
EZIJEC,2.571204,2.6228366
SASSUB,2.595422,2.2207274
POVQUN,3.797077,2.7999918
WUWHUR,3.776124,2.6547825
VATWOD,3.3279526,2.5977287
VIXCOU,3.7358513,2.6990573
IYUMAR,3.121418,2.0713828
PUMPAO,2.5698433,2.4768734
UMOWUO,4.64063,2.6852257
OSIHUU,2.0530992,2.3139453
XOLYAZ,3.596801,2.360753
NEYWOE,3.8694592,2.6480787
DOGDIO,2.5894356,2.2334638
NOFNUR,1.613091,0.6227181
GOHWEG,2.879781,2.9841464
QAFCOP,2.9859054,2.9149287
HOPMOO,2.1907887,2.3597267
ROHLUV,2.9818237,2.5506716
TUNNEV,4.1649747,2.5479894
AHIXOF,3.6846938,2.7206528
YAPZIY,3.2991085,2.2887075
HOBYEC,3.7238781,2.7015507
WIVTAW,4.398176,2.6261666
NUWWOR,3.5867329,2.4944217
YOTGET,3.4000628,2.4088268
FOYYUP,3.450948,2.7114775
WOFXEV,2.8615494,1.6179199
XUCQUH,3.51816,2.525706
UQUPUT,2.6531103,2.2826414
NEGWED,3.1897187,3.2757292
PIPNIN,5.1775103,4.27214
UVEXIE,3.2109435,2.4331832
AHIYAS,3.6846938,2.728441
OWEWOE,3.4947584,2.528203
PADFOQ,2.7739286,2.5302532
QOXSOL,3.6465979,2.5487728
KIDGOV,3.434621,3.0655797
UFOZEW,4.3470187,2.5991735
BUZREV,2.9695785,2.5122032
TECLEU,3.768777,2.9613798
QUBHOM,2.5039918,2.4371562
WOFZOH,2.877332,2.2036736
XESDEE,3.9881008,2.8682463
DANXAU,2.814746,2.8514872
GANYEZ,3.7587087,3.0155025
YIHYOD,3.5804741,2.9710693
UPOJAL,3.735035,2.0628662
GERSEC,3.6955783,2.653026
EKIHUB,3.795172,3.580685
PEHQUQ,2.4155548,2.8442256
GUNVIU,3.0950232,2.3972683
UDUZOL,3.1314864,1.9558445
RUPNIA,2.3973231,2.2603297
SAYDUS,4.048238,3.3292894
XIYHAO,4.867845,3.1903236
MITVAM,3.4969351,3.063965
SUSXAH,2.3695676,2.3677251
JAVFES,3.285775,2.4823735
WEYQOH,3.7129936,2.8083994
DEVFOA,3.2063177,2.9505687
FORVIT,2.3366418,2.4980495
PEMREF,4.8765526,2.2738895
ABEYIQ,2.915428,2.6510253
IMEWIH,4.4822598,2.8242848
XAGZEK,2.9687622,2.0813637
ULODUU,3.799798,2.8596783
FIRQUT,3.1899908,2.700008
QOFTIO,2.9573336,2.117078
MOCJIX,3.5255072,2.5730402
ZOJRIZ,2.8596447,2.4798195
TUZMAC,2.6220891,2.589098
KEHLIS,3.319517,2.420101
XIRMUH,3.7461915,2.5650864
UMEHIE,1.6288736,3.020726
MAVYEO,2.124665,2.5748165
GOTWUJ,4.1402125,3.1034899
ZILWOG,3.0128448,2.4937582
GEZYER,3.4514923,3.468118
MOWSIA,3.8487785,2.8461847
ADOXOH,3.6977553,2.3509004
MOWHIP,3.0201917,2.2422392
FIBZOG,3.6836054,2.6557887
QAQBOZ,3.625373,2.4902315
CUCCEK,3.8536766,2.9003165
RURHUH,2.8079429,2.403761
MENCOX,3.0275388,2.2313423
LUFZOB,2.831889,2.8207114
PETNOR,3.8177576,3.111735
TIGWUB,3.9119089,2.958773
EMUZER,3.352715,2.8514595
ADOCUT,3.1080844,2.841924
TIFFIX,2.1344612,2.8906016
NEJMUK,2.3861666,2.5015469
HAMSIX,3.305367,2.6974173
VEFGET,2.4680727,2.8840046
LEJJAO,3.2188349,2.6651695
KARPEY,4.0395303,2.9025488
DIGZEY,3.0895808,2.6179297
YAVFEG,3.8457851,2.3639884
GAZPIJ,2.9818237,2.4010208
HEZHEZ,2.4933794,1.6428627
UMENEF,2.6773283,1.8677084
GOBCUW,3.2898567,2.350221
XUHCOS,3.3323064,2.5149448
SUPNEX,4.5919213,3.3614254
COMYUY,2.569027,2.2405565
TATRIR,2.373377,2.342583
GIPWOR,3.3954368,2.2681124
VOGHUU,4.162254,2.9980915
FEHFON,3.4074097,2.5268745
NIZNEQ,4.774782,2.8446622
XIBQII,3.7690492,3.22089
NILFOF,3.00196,2.483499
KIHFAJ,3.2574751,2.414025
RURGOA,3.5758483,2.6064281
JAFKEJ,4.0983067,3.0968943
YOYBIX,3.4925814,2.5595815
VUJKAN,2.8068545,2.2587214
ERIBOW,2.6229055,2.2988613
MEGYAA,3.0841386,2.5532842
MOPTOC,3.610679,2.551504
CPPHZR,2.679505,2.009902
YUFXAY,4.153002,3.1929054
DIHVAS,3.7837431,2.676739
TIYGAK,5.8420124,4.324594
MATXOU,4.4104214,2.8736348
TAJYAF,2.0356839,2.5172088
VIXLOE,2.9937968,2.5264513
QULRIY,2.2340548,2.1727242
TEZDAD,3.415301,2.6631944
ESEXIK,3.4419682,2.639674
MASSEF,3.9891891,2.8071272
ANATOZ,4.4898787,3.4283612
WUBTOC,3.429179,2.754633
KUMBEB,3.570406,2.7200663
TADZUT,3.0155659,1.9652094
VITSAV,3.3929877,2.9360414
PIHFER,4.3870196,2.6824749
YIDBUJ,3.4950304,2.239095
QOPYID,2.9331152,2.3034441
GERSOM,3.6332643,2.6953065
ZITHOC,3.8041518,3.0363061
HINNOH,2.9374692,2.7903483
LODXAG,2.8171947,3.3256593
XOYNUU,3.9154463,2.1353292
UCOMAC,4.690427,3.0162375
MERXUC,3.570406,2.6809154
MOQSIW,2.0901065,2.846948
BAMTEP,2.1907887,2.7402887
FIRRAA,3.9611616,2.7742362
ESEXAC,3.6982994,2.5638716
YACDEM,3.2814212,2.6648533
XEJMII,3.0286274,2.2965195
XICCOD,2.8373313,2.1297238
SUJDAC,3.6795237,3.0916657
JAYLEA,2.9976063,2.695953
KOBJIW,2.8112082,2.2386057
RERNEH,3.570406,2.4061153
ZEFQIK,3.7045581,3.204283
GUTTUK,2.9097135,2.1946898
BOPMUP,2.7048118,2.3336759
GONBIW,4.462395,2.6476798
MOCJET,2.6729746,2.4617758
SADVID,2.8425014,2.565609
RAVCOJ,2.4558277,1.9772233
WEMSEM,3.1380172,2.169791
XIXDOX,4.065381,2.9603853
LILSUV,3.244958,3.1431687
XEYVEE,3.4495873,2.5412626
HOYPOB,2.8114805,2.0164728
XEVFIP,4.94703,3.2996268
EWARAV,3.8169413,3.5690327
ZEJQOW,3.3614225,2.4098246
ZIHLIN,3.0220966,3.3293815
AVUBOI,3.6378903,2.22539
FUJRAE,4.406612,2.8900492
JALWUP,2.619368,2.059397
EWAQEY,4.335862,3.2603989
DANWUN,3.3132584,3.1151614
MESNIK,3.3641436,3.5691197
NOMKOP,4.2055197,3.0771625
LOLRAF,3.2517607,2.1783166
LUGBEU,3.6414278,2.9513183
TUMWUU,3.1301258,2.816171
XIXQOM,3.0297158,2.442746
SINCIE,2.5254889,2.158092
JUGGEZ,3.6411555,2.5455952
NAZFAV,3.7981653,2.7190933
DAGKAX,3.8134036,2.835879
DEVFUG,3.429723,2.6395562
JIVKOO,0.5959294,2.3475008
VIKXUJ,3.2079504,2.6641674
AJENAE,3.885786,2.7687056
GILMEU,2.8895772,2.1819525
HIGMEP,3.711361,3.0360172
RECHIS,3.152439,2.2342854
INEQIC,3.333939,2.7526062
KACDIC,3.3412862,2.5314004
SADWOK,4.5546417,3.198998
YOXWAJ,2.1921492,2.1264758
XIGCOI,3.415029,2.593625
RAYHOO,3.066451,2.912222
UWUBEV,3.080329,2.733455
PUNGEK,2.7970583,2.5074377
PICMUJ,2.9513469,2.2600546
SEYRUL,3.0574713,2.3711517
BODMOX,3.212304,2.4795506
FICKEI,3.1388333,2.4026537
OSUCEL,3.4093146,2.72973
VURNUR,1.9325527,2.4126253
WEGDEU,3.304823,2.574229
SAZPZR,2.6267152,2.3930821
BEMMUC,3.3641436,2.3755689
SEQYET,4.8735595,3.3249865
KUBXIO,3.7606137,2.9381227
EKEWEY,4.734237,3.2126431
SINCAT,2.4773245,1.7977288
BIHCAX,3.7094562,2.3981836
QAQVAF,3.2087667,2.448168
DIQQID,4.7543736,3.3280811
POFXOZ,3.9872844,2.6621475
YOTWIN,4.30212,3.3433757
MASSAB,4.46947,2.9273765
VEZQOG,3.7285042,2.6556237
NAWREI,3.6664622,2.8154855
XACRIC,3.6863265,3.1014779
ABOZEW,3.962794,3.0996563
JIZREQ,2.6533823,2.1264427
ILONUT,2.791072,2.0171304
VEZXAZ,3.711089,2.36807
HOGWOP,2.8952916,2.0809648
POHGEZ,2.953796,2.502892
GOFSUP,3.4879556,2.7966719
ROCMAZ,2.3363695,2.5786881
ZIHKEI,3.6963947,3.6716356
WAPXAM,2.2384086,2.7743423
SEQXUI,3.55163,2.842882
NOMLIL,2.798691,2.1605663
QACKEL,3.711361,2.8242483
WACRIE,2.721955,2.2189298
DEDCUK,3.5453715,2.5843854
BIKTAR,3.5698617,3.1538706
WEQLOT,3.964971,3.0204859
LOSRAM,2.437868,2.0012863
IHONUP,3.7459195,2.80739
CEJZIC,2.329839,1.542461
NOLKAA,3.5184321,3.234559
MEFQAP,3.4354374,2.3646462
FEWWOT,4.192458,3.057624
BEJRAL,2.9165163,2.3853726
ODEWOJ,4.19137,2.9223979
WOBSUC,2.2911987,1.0732342
LEHVUP,3.6740813,2.253971
FEHFEE,3.938032,3.3324106
RIYYUW,2.0898345,1.724595
HUYNEU,3.429179,3.116091
DOGGEN,2.435691,1.9002151
MESDIY,2.325485,2.1088228
IKOJOI,3.240332,2.7569494
OJETIH,2.7565134,2.505891
NURHAJ,4.118171,2.8573692
FERNEX,3.4324443,2.6336527
RASLAZ,2.61964,2.363806
ISUZAX,4.2457924,3.0414023
GUZMEV,3.4071376,2.698814
CEQWOM,3.4803362,3.0137193
MEFWUS,4.4681096,3.0313075
IHUGOH,3.223461,2.5967605
XOFPOX,3.6283662,2.7735999
EYOQUE,3.4495873,2.9416845
NEVWAM,3.0131168,2.2134366
FIGKUC,3.1513507,2.4101865
QAMPAY,3.981842,2.8089755
QOFTOU,3.2008753,2.0441442
HABWIQ,3.8177576,3.0963979
XALKIE,3.8909562,2.7434196
NEJLUJ,2.1121478,2.5926003
IZUFIT,2.7807317,2.1657343
SOXQIG,3.1437314,2.2735267
CUYHIN,3.629999,2.257331
QIXBUU,2.6242661,2.1380594
CIRGUF,3.0438657,2.6322722
KACHED,2.5624962,2.6372066
MAWXIR,2.1121478,2.7155612
LIMKAU,2.6427698,2.3791165
RASKOM,2.0582693,2.997117
QOMJEI,3.4991121,2.563771
MIRFEZ,3.9116368,3.4375348
QORHIP,3.1837323,2.0090601
YIQWOK,2.573653,1.9588532
LEJHUG,2.96332,2.9461348
IHICAE,2.5771904,2.3801792
NAHGEJ,2.7954257,2.386588
VUVWUF,3.3472726,2.6419418
ICEHON,2.6329737,2.8136065
POTVAY,2.6109326,1.7682889
VEPFIF,3.797621,3.1019058
REDTUQ,4.748387,2.934197
XUCSIX,3.0476754,2.3060117
ZELNUB,3.2283587,3.1486177
SUMQOH,3.8479621,2.2811542
PEHDEM,4.598996,2.8372018
RERHAX,2.6607294,1.5727131
QUDHON,2.4479363,2.1767244
NEYWET,2.8999174,2.633034
GUVKAK,3.3380208,2.2478094
PUPJIT,3.4901323,2.7217855
GAHFIH,3.2555702,2.1260102
RIYDEI,3.711089,2.3980227
DEDCOE,3.2656384,3.1892645
GUVWUP,3.4528527,2.842382
UVIXOO,2.7940652,2.3514423
RAYHII,3.0079467,3.2660236
CAGQEG,2.6754234,2.388002
POVLIW,3.0539339,2.2924578
MIBDOT,1.5004358,1.896474
QOJKIL,4.179125,3.2230537
MOWHAH,3.343191,2.6779857
YUWFAX,4.1383076,2.7718365
VEKHAU,3.6811564,2.8021243
JANXAY,4.3222566,2.916051
ICURAZ,3.0346138,2.2551196
NIWCII,2.8980126,1.3566887
TIVMAM,3.6101346,2.3916206
QEVWUK,2.834066,1.9145437
GINCEO,3.7467358,3.5398402
DULQOS,3.5690453,2.4683962
ZINZAX,0.30776078,1.9129794
GUVXEA,3.6025155,2.9437678
COFMUH,3.3704023,2.221595
ZUXZOH,4.4487896,3.194648
UJACEO,2.4294326,1.9409903
ERUQIS,3.2109435,2.1993442
HOBYIG,3.6520402,2.6960466
FICCIE,3.7176197,2.5566792
CPZRBZ,3.2580192,2.6741843
YERPIV,3.4335327,2.7455769
MEHGEN,2.8378754,2.06176
TOFKEG,3.3510823,2.815046
SOKVET,2.5815442,2.3174338
WOXWOV,3.5268679,2.401446
GAVSIH,3.7489126,2.3869267
BEBHEW,4.3345017,2.002268
XALKAW,3.7051024,2.4432385
LEJFAI,3.7241504,3.1814232
ZAWYOL,2.822637,2.005125
MESNOQ,3.2065897,3.2742972
GAGGIE,2.4560997,2.2384906
XEKVOY,3.4223762,3.3565614
GOHQUS,4.382938,2.539466
JALVUO,2.411201,2.2545354
MOWGOU,2.530659,2.365214
MOHKOL,3.2895844,2.3859649
YECHUJ,3.3325784,2.9280927
FAPBUU,3.027811,1.9967803
GAWZOT,3.5067313,2.8517013
TUMWOO,3.0000553,2.9048083
VEHLEZ,4.2403502,3.6122131
ABEXUA,3.8680985,2.9518235
FEQHOZ,3.1586976,2.930092
PAKDOU,3.0381513,2.0422251
WIBHUN,1.723025,2.131116
RAYDOK,2.444671,3.0520236
DAWJUH,3.6071413,1.8006305
QOFVEO,2.489842,2.6705964
WOMQAR,3.0098515,2.4141362
NIQVOY,2.4792295,2.0816348
QAFFOU,3.228631,3.2370288
SIMJIJ,2.7488942,2.2854106
KEHLAK,3.4806085,2.6335158
EMUTAH,2.5600471,2.5859559
TEQJAA,3.2465904,2.498553
JUDFUJ,2.982368,2.37589
OFAQEU,4.1274233,3.1459963
EMUZIV,3.2993805,2.438612
HOPLON,3.6876872,2.4743042
DIPLUJ,4.118171,2.8258307
MEGXUT,4.296678,2.9345098
RARGAT,3.3197892,2.6155572
MAPJIW,3.022913,2.7475786
DEHJAC,4.612602,2.9495394
BEPXEA,4.4512386,3.1073756
VIZWIK,3.209311,2.3085577
XEJMEE,3.5276842,2.41515
TOMFOQ,3.269176,2.171311
HOCTAV,3.2816932,2.4004183
IHOSED,3.1059077,1.6159685
TEWQAO,3.376933,2.8692281
PUTCIR,3.2131205,2.4534981
VUFYUR,2.7453568,2.89264
BUTZRB,4.2857933,2.8795023
PUHBAV,3.1121662,2.5964534
MITVIU,3.3113537,2.8148835
XEDMEZ,3.259652,1.8226382
BABVOR,3.5573444,3.1789024
RIKDAQ,2.1592236,2.2659087
VITWED,2.966041,1.899568
OPUCOT,2.5037196,2.2557178
KUCVUZ,3.1848207,2.5960126
XOQWUV,3.5208812,2.77906
BEDXOA,3.6446931,2.3601441
BCPZRB,3.9369433,2.8549676
HILPUQ,1.1532185,2.1057253
SEYCOQ,3.7753077,2.6702163
FOTQIO,4.0003457,2.6811917
FUPVOC,3.6558497,2.3414464
WUNSAZ,4.5943704,2.432558
RETVOB,3.1178806,2.054022
PADFEG,2.5820885,2.7334783
WOKDOP,3.716531,2.989131
YOPHUG,3.7219734,2.855313
VAWPOY,3.8716362,2.9625773
SIHWOV,3.4357097,2.560128
QAJGEO,2.8639984,2.4251025
CEYNEA,2.9116182,2.3384638
GILMIY,2.9674017,2.272587
INEQAU,3.794628,2.686682
CECVAH,3.2346175,2.747386
EGISES,3.6882312,2.8671274
URUHAR,2.999239,2.2992446
LISPUY,4.2599425,3.0350988
SOMDON,3.5388408,2.6318827
FOSLOO,3.3518987,2.5049033
NAYHIF,3.601427,3.355732
KOCROL,2.8351543,1.8368931
FEGQEN,2.6618178,2.01971
YOBTAL,3.9513655,3.4019492
QOFVAK,2.6612735,2.990675
GAZPAB,3.740477,2.7209458
XOSNIC,2.8220928,2.6722162
FENQAQ,3.3154354,2.8689587
LIHJIV,1.4775783,2.1272206
XUHRAV,3.95708,2.1764932
TORLIV,3.1274047,2.8663137
GIWDAR,3.353259,2.722163
KEYGOK,2.8835907,2.2894266
TINLAD,3.4338048,3.0216436
ZIHJOR,4.0057883,2.8604305
VEXKIU,1.5899613,2.5778177
FEJRAN,3.5695896,2.992138
KAXJAU,2.53338,2.9650679
WOPWAC,3.9355829,2.3813088
OKEHER,3.790274,3.0800405
EDISOC,2.4996378,1.7977653
XOQSUR,3.675442,2.7607737
LANQUM,3.692041,2.7663739
NORNIR,3.8272815,2.9258027
LOFNOK,3.475166,3.1683087
KARQEZ,4.1309605,2.816608
LOPZEV,3.458023,2.6482966
TIGWOV,4.526886,3.2652829
GEBNUY,4.449606,2.7916226
SEYWUQ,3.147813,2.29944
JUDGOE,2.6400487,2.4441009
PEHQIE,2.5774624,2.9881606
COFMER,3.9293242,2.7215035
NARKIB,3.2250936,2.5158029
UCIREG,2.7905276,2.8694105
DEFHEC,3.8700035,2.701253
UKIBEV,3.6240125,2.8001068
EYUSIA,3.5633311,2.8441546
ESITUV,3.3908107,2.7643564
IYIMOT,3.2272704,2.6455152
BERVAW,4.6357317,2.9493864
PACCUU,3.548909,3.0227175
TORVUR,2.7679422,1.8454669
GIZQEN,3.056655,2.5262184
HAYGUJ,3.8095942,3.1672683
TEWMAJ,3.2275426,2.8977284
HORWUG,4.267562,2.9091787
GATPAT,3.6117673,2.656254
LENQIG,3.597073,3.0728455
RIZSOK,2.5244002,2.5547094
POWTUQ,3.450676,2.3231747
DIPBIP,2.5799115,2.8410676
EBUFUD,3.8991196,2.8262076
QAMNOK,2.1360939,2.5210962
XEJMUU,2.8079429,2.251665
UFAPAV,2.4800458,2.0249076
XUCRAO,3.4759824,2.5569174
EJURUX,4.218581,3.230631
UFUDAB,3.061281,2.7151792
EMEKAI,3.9783046,2.884425
VESLEK,3.6485026,3.2171276
WAMWOX,3.1102614,2.4424357
XUNNEZ,3.1655006,2.1937363
CEQWUS,2.5611358,3.0675008
CUBZIK,3.6414278,2.7935333
QUPBOS,3.653673,2.7843363
WOPWIK,3.78075,2.9525208
DEGWIW,3.0762472,1.7194328
RIKCOC,4.298855,2.6527097
UXIXUW,3.34564,2.568942
VAHMOG,3.0163822,2.1361642
KOVKAJ,3.7053745,2.984212
DUHVOT,3.288768,2.7582073
RIYHAI,4.5666146,3.7719831
RAYGAA,3.6134,2.5291986
BESGIQ,3.0691721,2.8534021
KEKBEI,2.9929805,2.3387294
XELGIE,0.4906213,2.1377456
NOVJIR,2.4884813,2.6330004
MECLZR,3.0337975,2.7818975
GUBLEV,4.1032047,3.4415045
JAJYAX,3.6849658,2.8029974
MOPVOE,3.6819727,2.515506
FUDHAO,2.7279415,2.2378387
SAWHOQ,3.7962606,2.8051558
CAKBEW,3.697211,2.9026923
AQICUZ,2.4103847,1.6374592
ZOBNUB,2.8732502,2.1298451
BABXUZ,2.2433066,1.6600541
MUBLIG,3.8177576,2.9366798
UHOPUE,2.7880785,2.2940571
LIXFIJ,3.2786999,3.2230647
ITAHIU,2.2890217,2.6904676
VOLRIY,1.919219,2.320246
DIVVUC,2.736649,2.8268752
GEHJOS,3.0882201,2.9024515
YETWUQ,2.5894356,2.091004
XEXPIC,3.723606,3.004523
FUXZII,2.8482158,2.073785
WAHFAM,3.9396646,3.8163009
UHOQAL,2.4095683,2.5857897
ILONAA,2.2533748,2.1229234
XEXPOI,2.4743314,2.787914
OFUFAX,3.8487785,3.4629154
CIGXAT,2.8982847,2.9710093
MEXMUZ,2.5107946,2.547775
RABJAG,2.9742045,2.7484832
AMULIE,2.4906583,2.2262604
KUVNIY,3.496663,2.4565458
QEZQIV,2.1779993,2.5220683
ITAJAO,2.6596408,2.574726
ARUVOZ,2.344261,2.5968482
ROMSER,2.5891633,2.8330438
YEWNAQ,3.4373424,2.8202052
OVUFOC,3.0332532,2.2069936
SIVBUV,3.065907,1.9687781
TOQKUF,3.8585746,3.0006113
KADYEW,2.7140636,2.6622424
CIDZEX,3.3445516,2.8004344
XARHON,3.6389787,2.550515
KENWOP,3.145092,2.821557
KUDDAO,3.7793894,2.7834492
EKEBIH,2.690934,3.1011384
XIYHES,3.1548882,2.1865988
MABLUX,3.0697165,2.8568192
MEVFAU,2.102896,2.5989025
AMOXNB,3.658843,2.667643
KIZNAI,2.3858943,3.321728
MIWWUK,2.6822264,2.306291
VOKQUI,3.5671406,2.516846
DIVDUH,2.8256304,2.236491
XEXNEW,3.4120357,2.8039956
CAHQOT,1.596492,2.1610274
WIZYUZ,1.9635736,2.6119032
AFIGIF,3.2653663,2.5778341
KIBMOX,1.9962273,2.7342792
QAJFOX,2.7671258,2.3434908
FERHOZ,3.331762,2.6915236
ICUQUS,3.1948888,2.675217
CPOCNB,3.13067,2.8873045
CAVJOZ,4.114362,3.0356188
TATJOQ,3.7094562,2.644103
JIHWIG,2.8827744,2.4707773
LIWVES,1.76357,1.755221
JEPVUV,2.6705256,3.0256922
YOZFID,3.4188385,3.0466735
RIFVOT,4.7051206,3.2365546
PERLON,2.487937,2.1580455
LEDVEW,2.8620937,2.570156
ARUWAN,2.7295742,2.3968124
LERZAJ,2.9791026,2.1427948
IGUGAS,2.70073,2.2937498
QEZQER,2.1967752,2.570821
BENFEH,3.7287762,2.9174104
IFALAE,3.0288994,2.9187942
KADYIA,2.8803253,3.1107216
QACBEC,2.557326,2.897715
XEXNIA,3.651224,3.2711582
CENNUF,2.985361,3.885375
FUGRAC,3.2460463,2.3750095
MUVCUB,2.818011,2.6799133
XAWSOD,2.007656,2.3091955
ZOCWEV,4.2237515,3.490528
IGUGUM,2.5943336,2.4100785
NEWYIY,2.495284,2.8476646
ITAJES,2.2433066,2.2524614
RABHIM,3.0318925,2.7101018
KISTEM,2.9888988,2.7819893
AKITAQ,2.6903899,3.0698936
JAWTAC,4.278446,3.3780413
WEZGUD,3.0555665,3.1901996
VUPRUT,4.167152,3.264638
VOXRIJ,2.0356839,2.885596
PIJCOC,2.6378717,1.7831967
ROBQEG,3.3733954,2.4528599
HUPNEL,2.375554,2.4325137
AYODIB,2.9706671,2.5695488
ZUXCOK,3.2139368,2.5279698
UJUYUV,2.7951536,1.8801371
WAVWUN,3.4754384,2.8419356
XURKEB,4.4765453,5.066035
CIXMAA,3.0133889,2.581215
EQAWAV,2.9165163,2.852782
WORCOV,2.7712076,2.565403
PAMGOA,2.4209971,2.4053068
CIXMII,2.865631,2.573399
ROBQOQ,2.1831696,2.3178992
DIVWEN,2.7282135,2.6840038
RAKQEC,2.875155,2.6386557
TOWFIU,2.9167886,2.23157
NOMGII,3.0539339,2.421845
UCODEV,0.97906566,2.028308
XAWSIX,1.5913218,2.5790634
PIJCIW,3.1469967,3.506978
WOZQIL,2.0316021,1.9605103
LIBTIZ,1.2634246,2.4641018
CPNBCH,2.2732391,3.017673
INELAP,2.2988179,2.1492987
ITETIM,2.9478095,2.3420749
MEVDUM,2.86291,2.540945
GAJHIK,3.488772,2.8639703
QUGBUP,2.6841311,1.646719
SAXCUQ,2.9235914,2.7171757
RAKPUR,3.1916234,2.807613
ISUCOO,2.72903,2.5457978
GISFUJ,3.711361,2.9492207
WAQXIV,2.8471274,1.870713
ZERBUT,2.72903,2.5276046
NAGMIT,4.9581866,5.567689
VOKSIX,2.838964,2.1702204
MABLOR,3.3246872,2.7844293
JENXAC,3.006586,2.9015634
XURKIF,4.0449724,3.7974188
FAVSAY,2.392425,1.7037523
FAVTON,2.2501094,1.641864
JOVMEO,3.7861922,2.996599
GAJHEG,3.7853758,3.3380473
RABKAH,2.7080772,2.6704128
QUMXUR,3.099649,2.4709618
CIXLUT,3.0220966,2.7290308
LOPJUV,3.1350238,2.9036822
FAVSUS,2.693655,2.6069927
YUGRUN,3.6378903,2.9013145
IKUDOI,2.884407,1.9249091
DEDRAF,2.2427626,2.4645746
XEKKAA,3.3257756,2.7511299
ROJVIV,2.9810073,2.7008884
ZEBVIO,3.4357097,2.1888037
WICHIZ,1.4419314,2.0638034
KELWUU,3.8719082,2.6937191
DIZNEH,3.6319036,2.9119093
JAYJIC,3.6313596,2.6036768
JANWUR,3.326592,3.0090601
GOVVIY,2.611749,2.1934552
HUPNOV,3.4969351,3.0120893
UMEJUS,3.3584292,2.7869897
CIDZIB,3.0884924,2.5052946
COCCEE,3.2523048,2.5377967
QUGDOL,3.1178806,1.9529082
WAWBAX,2.7886229,2.7894027
QACBIG,2.5676663,2.6809223
ZIRLIV,2.4642632,2.7755363
LEDVAS,2.3341928,2.2781675
TIYTAW,3.4729893,2.7262297
CEWZIP,2.5222235,2.4428859
LEHYAY,2.8324332,2.4238827
OLOLUX,2.913251,2.0944157
ZIKBUS,3.6928573,2.8386261
AGAGIY,2.8789647,2.183508
PANFEP,3.1796505,2.1713874
VIMFAA,3.2958431,2.6713905
TOQLAM,3.1869977,2.562003
GOVTUI,2.8106642,2.482059
KISYIU,3.795172,2.6605158
RAMSIJ,2.9668574,2.9508724
DOMXUY,2.5537887,2.2234633
UMEJIG,3.1388333,2.6042647
ZITXUX,4.053408,2.8340082
ZEBVOU,3.386185,1.9518008
AKISUJ,3.0743425,2.2541003
XEBLAR,3.3957088,2.9881635
SAHBEI,2.9339316,2.5863264
ROBQAC,3.0844107,3.2620258
NAWVAJ,2.9837284,1.8309141
QOPXAU,3.0482194,1.9120862
VERXUL,2.6947436,1.980314
VOLSAR,3.7391167,2.9618533
YUBNOY,2.9241357,3.1148145
TOWQIF,3.1140711,2.4871073
KARVII,3.7897298,2.6272836
UJUYEF,2.905904,2.2214124
JITPOR,3.104547,2.8910108
OCUGAU,3.6365297,3.1302938
TAQLOM,2.7978747,2.3292193
NUCKUS,2.6824985,2.6168447
KAVRAB,2.9986947,2.462465
XEXMIZ,3.4142127,2.8237028
ILICEN,3.6939456,2.5786135
RAGWAX,3.4743497,2.6598287
OWULEY,3.037063,2.1615162
JOMXOY,3.6332643,3.244706
CEHQUB,3.104819,3.0687654
XIJDEA,2.418548,2.3293438
CATZED,2.9135232,2.0562875
IGUGIA,2.79597,2.5789204
JUFWEM,3.6095903,2.82479
ULUNUL,2.0950046,2.0475788
LEMSAY,2.4789572,2.5559201
NEXVAN,1.4375775,1.0660311
NEDKIS,2.736377,2.8089032
FIQQOL,3.4006069,3.0441434
KENQID,2.611749,2.588561
RIFBUD,3.1725755,2.2613854
YIBXIS,3.0150216,2.5090594
VIMFII,2.3918808,1.7491906
MIRXUG,1.9298315,1.8788309
TASGAV,2.9959736,2.8927238
QIZXAY,3.8874187,2.7301102
ARUVIT,3.5821068,3.0210352
GEKGOS,3.2106714,3.5002155
WOLCAB,2.6667159,2.5893834
FUNNOR,4.3671556,2.435033
QUMYEC,4.265113,2.5052512
HANXID,1.8359523,2.592108
XOCMOR,3.3083603,2.780747
HAYBAL,2.5622241,2.4612
RIKFOG,3.3899944,2.339023
LIXGAC,3.3470006,2.9868572
TUSMID,2.3333764,1.6425642
YIGCUM,3.8868744,2.8087003
JOWYAV,3.4250972,2.7703755
ATIKOD,3.2778835,3.0296369
QUGCUQ,2.9399183,2.0362592
PEBQUI,1.95024,1.5309093
SIMNAD,2.9557009,2.2591128
COXNOS,2.0299695,2.8856082
KAPKIV,1.2819284,2.5236506
KIBMIZ,2.9679458,2.6362348
CIFBIF,3.16414,2.7249644
ZEBVEK,3.3932598,2.1641772
XIJDAW,2.6797774,3.151504
NEBCOM,3.1410103,2.754531
PAXYES,3.3461843,2.5758379
IFALEI,3.0936625,2.8803918
GOVGUT,3.656394,2.8365843
WUHCAE,3.4133964,2.7437193
JUHNAB,1.8465647,1.2301756
HOBJUE,2.468889,2.9407792
UJUYAB,3.1167922,2.965527
RUQZUY,2.9714835,2.338018
KETNEC,2.5834491,2.0801942
UCODAR,1.084918,2.3821816
AFUZAD,2.6833148,2.5763996
GOVVEU,2.2038503,2.2107563
DEDREJ,3.3521707,2.32283
VOLRUK,2.9165163,2.5034416
QUGCAW,1.9910572,2.0756958
PUKWIB,3.0139332,2.3116047
SOTKUH,2.2218096,2.4750137
HANZIF,1.931192,2.6365926
NEBRIW,2.4373238,2.5973675
UHOPAK,2.8446784,2.4146385
JOWLAI,3.2027802,2.53409
REKZUC,1.6669695,2.6202476
DEQKAL,2.6022248,2.9867723
ZIJHAB,2.8373313,2.8527164
JULNUZ,2.2471163,2.5078063
JOMXAK,3.7070072,3.1240895
RIMROU,4.062932,3.543408
FERHUF,3.2294474,2.8457706
RUNKUH,2.655287,2.130627
LAQSOL,2.834338,3.0216527
PUXXUB,2.903727,2.6145778
ROMROA,2.3725607,2.6005573
VIMDUS,2.2574565,1.7792639
FIHPAN,1.8111899,2.84332
XOCMEH,3.2988365,2.575432
CETJIW,3.5453715,3.28829
FOCCAC,2.0065677,1.4526569
IKUDAU,2.738826,1.7435176
AKITIY,3.0528455,2.1708207
VOLROE,3.470268,2.8727856
FAVSOM,2.3584108,2.0086927
RIFLEX,3.505915,2.1012573
IKUDEY,2.4008605,1.7437491
CIDZUN,3.291217,1.9821953
GAZXAJ,2.2014012,2.0490084
TUSMEZ,2.329839,1.6029273
GECVUF,2.2343268,2.7712574
YOZFUP,3.1918957,2.7844956
PEQREI,3.807145,3.0000174
QEWROZ,2.9121625,2.3782904
VILSEQ,2.1728292,1.6421587
GAZWEM,1.8555444,1.6135819
RIKFAS,3.2757068,2.3852835
MUVDAI,2.7859018,2.3124588
TAWYIZ,3.6218355,2.5163538
FOYJUY,2.714608,2.2146559
LAPNOF,2.9355643,2.0094597
XEXMOF,3.4563904,2.9102743
NEYVET,1.8435714,2.250099
QEZVEY,3.163868,2.8745067
JOMXEO,2.576646,2.5697713
FUGREG,3.068628,2.8570645
XANFIB,2.9722998,1.528277
AFIGEB,3.255026,2.659434
RABHUY,3.0152936,2.7977593
SORWAY,3.283598,2.7536578
ROJVER,3.2158415,2.855703
CPETNB,3.4621046,2.9205487
DAXSOK,2.1910608,2.4605806
KAFLOS,2.5317473,2.2879038
DOCRUJ,2.6729746,2.8381782
PACVAQ,2.8827744,2.1195133
BEKWUL,3.6234682,3.175754
ULUPAT,1.9067018,2.3335776
GEDMOS,3.6667342,3.4138703
XEXPAU,3.2816932,2.9043713
XURKUR,3.1192412,2.406561
NOWSAT,2.16521,2.65305
XURKAX,4.2479696,5.273491
CIDZOH,3.1769292,2.583991
GIWNIJ,2.9184213,2.416956
OTATUA,3.429451,2.5781803
XOCMIL,3.6193864,2.6287177
RISZAU,3.128221,2.4066935
GOTKEH,2.8131132,2.1739104
DAVBEH,0.64490986,2.6356862
BEDCAO,2.5287542,1.4531463
ULUPEX,2.4841275,2.7177632
PEBMIT,3.804696,2.976772
PEGREY,2.4618142,2.8762317
XEXNAS,3.5600657,3.010471
OLOKUW,3.5366638,2.1989543
RISZEY,1.8291494,2.5762422
GUNXIW,4.3573594,3.2015138
TOWFOA,2.9641364,2.8257945
TOWQAX,2.0280647,2.4977643
CENREU,2.2590892,3.0734453
KUVNEU,2.8182833,2.318881
JOVMIS,3.3083603,2.6237643
CAXYIK,3.1986985,2.6969209
WORCIP,2.585626,3.0147636
LUVZOS,2.495012,2.241507
ARUVEP,2.5439925,2.9034305
ZITYEI,5.0245824,3.6730185
GOVVOE,3.374484,2.0918427
SIMMUW,2.9042714,2.5226383
POFHUO,3.163868,2.8786929
XEXMUL,3.4419682,2.5997465
GEKGUY,2.4180038,2.8016467
PEBVUO,2.559775,2.5280182
TATJEG,3.0174706,2.6138432
RAXMAE,2.248749,1.766016
VUVMIK,3.3233266,2.716722
HANZOL,2.617191,2.99199
IKUDIC,2.8648148,1.9001963
RUNKIV,2.592973,1.8455715
RAGWEB,3.5497253,2.629094
ROBQIK,2.614198,3.148921
HUPNIP,2.4082077,2.3342772
NOSCIH,2.1736455,2.4078498
NOSCAZ,2.2212656,2.7397292
AKITUK,3.350266,2.9741755
UMEJEC,2.9551566,2.5898619
VEJDET,2.8120246,2.4487958
CAPQOZ,1.9058855,1.5996053
COCGAE,3.0884924,2.6445856
SOVMOI,4.344842,4.018929
CENNIT,2.2931035,3.738698
QOHMAB,4.5209,3.1133423
RIFVIN,4.6732836,3.4671035
VICQIH,2.5644011,2.6789527
XEXMEV,3.4093146,2.8308733
CAHQIN,1.9793563,2.221454
CAHJIE,3.4098587,2.0723355
REMDES,3.859391,3.0186124
BOTXIU,1.8079245,2.9065936
RUNKOB,2.5554214,1.9377278
RIJREK,3.9282358,2.62876
NIBBIJ,2.9238634,2.3771577
DICVIX,2.8256304,2.6117744
NELZAF,2.8767877,1.799935
GISFAP,3.7772126,2.9807158
QIVGOS,3.2561145,2.776736
GAZWIQ,2.0852084,1.720126
OFUDUP,3.7363954,3.476339
QONHEG,2.961415,2.1414092
COCBUT,3.2814212,2.5989316
SABBIG,2.4073913,2.5235047
KEBTOD,3.5246909,2.9115336
VULHOZ,3.1649563,3.0254252
AFISEO,4.4166803,2.914976
GAKMUA,3.8264651,2.335278
VIDTAD,1.6647927,1.9938524
MAKDAE,2.8906655,2.6810353
VILSIU,2.403854,1.7420009
XANREK,1.9545939,2.838717
EJOROK,3.3162518,2.3579452
FAVTAZ,2.6316133,2.4599671
YOTNAW,2.9842727,2.842264
ARUQEL,2.7826364,2.2895358
RABJUA,3.0503964,2.3902173
QENCES,2.9189653,2.9204288
BEMLEL,4.930431,2.8535326
SABBEC,3.1772015,2.8503237
RIXRAS,2.1782715,1.7579865
NOWRUM,3.1864533,2.7029524
FEFRUG,2.2443953,2.4958684
WAVWOH,3.5913587,2.8303688
PAXZOD,2.8027728,2.467087
JATXOS,2.836787,2.2579153
KEFRUI,2.8901212,1.6009469
SIKQOT,3.5948963,3.0273652
SIVCEG,3.5099967,2.106641
XEXNUM,2.5328357,3.2263427
SODZUG,3.4991121,3.2234292
IMESAV,2.0827596,2.4416788
NOMGOO,2.7358327,2.2530072
YAPVUH,3.5312216,2.495281
BOMWEG,1.7608488,1.9917861
POWKET,2.6449468,1.8436874
AKITOE,2.5341964,1.970192
MIRXOA,1.9649342,1.8277864
WAVWIB,4.2025266,3.1861517
VUMHIU,2.7162406,2.133036
RABHOS,3.7219734,2.8513067
JEYGAW,4.0226593,2.3318937
KAQTOL,3.3108094,2.9769533
IGUGEW,2.5276656,2.6786366
XOFQAK,3.5714943,2.7238686
VAPPIL,2.3526964,2.673829
HIPRIH,3.486867,2.0273428
RIMSAH,4.177492,3.3912182
KENQOJ,2.9674017,3.037499
AHUYOT,3.3954368,2.4689152
HOBJIS,2.2814026,2.739216
YETWOK,1.8487415,1.9843302
KUGMII,4.329876,2.6895096
ILONII,2.346982,2.5793526
NECMEP,3.597073,3.062892
HUPNAH,2.5339243,2.5308979
NACYEV,2.4215412,2.5631692
FUYBEH,3.0267224,2.2683225
KADYOG,1.665609,2.4323366
YOZFOJ,3.4871392,2.9726248
CIRYUY,2.5695713,2.5623722
SORWEC,3.3331227,2.7460275
ZIJHEF,2.6316133,2.660149
QACBAY,2.5720203,2.9541788
RIKDOE,3.345912,2.3993871
DEQKUF,4.111368,2.5996852
GAWRII,3.4738057,2.6189504
VICQUT,3.4634652,2.6310687
NUYFES,3.460472,2.0630932
SEVWUN,3.0147495,2.0515623
KOSMAG,2.2996342,3.1156223
PAXZUJ,3.364416,2.1849933
ZOGYAV,2.4310653,2.5166855
ALOBOT,3.1793783,2.1389544
FAVSEC,2.2111971,1.6695038
XOTNOJ,2.788895,2.7794974
TUJZED,3.675442,2.8395069
KADXIZ,3.4057772,2.908891
NOWROG,2.2960968,2.8173258
ZAZDEJ,2.9320269,2.4354165
EDOQEU,2.569299,1.6641548
VORSAX,3.531766,2.6664672
PUYDAO,2.9031827,2.270032
QEZVOI,3.2876797,2.7449424
RIKFEW,3.281149,2.3273668
KAXMUR,2.0188127,2.4368815
CXFTNB,3.3157074,2.321155
XEXNOG,3.570406,3.3717294
CIFBOL,3.0212803,2.1123223
MIVKEH,4.108375,2.9808025
WESBAY,3.775852,3.628307
MERHUN,2.3284783,2.248064
GACJUR,3.9497328,4.1202974
LEGKUE,3.0438657,3.1918564
CUDMAR,5.8180666,3.0361636
MUBPII,1.9390833,2.016696
ZIRVEB,3.3445516,3.9020724
MIDLIW,1.6669695,2.2278488
TIBFOB,3.2536654,2.4007099
TETBUP,2.657464,2.7012737
EQUMEI,2.561952,2.1504948
POFSUZ,2.4403172,2.9612978
WAKNUR,1.1774367,2.27564
XOTXIP,2.6403208,2.0980911
AFESIQ,3.3810148,2.4939008
WATZUM,3.620475,3.954366
DOKXOS,3.233529,2.8426912
DOYJEG,3.8672822,3.7184641
ZIDBAR,5.0477123,3.235183
MARWEK,4.257221,2.7217295
QOKROX,4.363074,3.0821939
PIJYAJ,3.3064556,2.589699
HORKUU,2.3834453,2.9633832
GABPII,3.539385,3.3219843
HENPUL,2.2136462,2.553729
BACMAU,2.5412714,2.6741624
XESXAW,3.8376217,3.2470078
FAWZUY,4.244976,3.8727736
YEPWAR,3.3489053,3.670745
XIQNIW,4.2436156,6.0271173
RASZIW,3.2114878,2.9128802
PHYDMO,2.9630477,2.316132
PUBSEK,3.2340732,2.7426014
VIZWUZ,2.3641253,2.7738342
WUSFAS,3.0914855,4.531344
RASKIG,2.430793,2.5222483
FURJEI,1.7575834,2.9369159
NIRYOE,2.6484842,3.2714815
ALIGUX,1.7681959,1.8939824
CEMJEK,2.887128,2.2397065
MUCDUJ,3.2008753,2.455385
IGIPUL,3.0675395,2.85878
KUWCAG,2.8648148,2.945463
NAJWUR,3.1518948,2.4734104
ERAFOS,3.2947547,3.3149157
SODROV,3.140194,2.3374724
LUNJIN,3.5690453,3.3972719
HILGIT,1.5624778,2.217723
WUWMIK,3.1445477,2.634354
CILSEV,3.245502,2.9058845
TORDUZ,1.1994779,2.872146
LAPWEE,3.130942,3.3460624
EKITUO,3.1363845,3.040456
WOPHAK,3.8822484,4.1878996
JEPXOR,2.4748757,2.9936287
SAFYEG,2.029153,2.4055355
SEPXUG,2.9494421,3.0430648
BOKGUD,2.798691,2.7134545
DOQBOA,3.5573444,3.6088305
UNAKEB,3.018015,3.0584507
WEPPOZ,1.9535054,1.8834373
UHILON,3.4226482,3.1632683
YUDRIY,3.0392396,2.9383287
VOLZED,2.6939273,3.3290424
BEKNEK,3.1527112,2.571785
SEJGIA,1.9973158,1.9635882
ZESKUD,2.856107,3.5011127
WABZIL,2.8144736,2.3013844
HUBWOS,3.0438657,2.3930123
WAFZOT,3.0506685,3.5769484
CIDCAT,4.242255,3.491716
NEHDUC,2.6103883,3.1958976
VESLOU,2.6928387,3.175834
EGUZAH,2.7303905,2.9810135
MINHAS,3.0093071,3.1670914
SEZSEW,3.8773503,4.3009205
HOJBEO,2.5048082,1.7675064
GUJNOP,2.5393665,2.512543
YUCKUC,0.7657284,1.7894832
HUJPEH,3.3788378,3.2663271
LOJDIX,3.4093146,3.4356375
SAFZUU,4.0210266,3.5081253
RALQUT,3.271625,2.5816033
AXUXOG,3.1102614,2.9366984
QUKMEP,3.0218244,2.3148031
DIZQIM,1.947519,2.331529
TALLEX,3.738028,3.9299462
CUFRAY,4.493688,3.8341029
EKAYOG,1.4490063,1.9292252
IZUQOJ,3.610951,3.5048323
YEWCUY,3.8359892,3.30837
XADBUZ,2.6351507,2.0760813
SOKPEO,4.1121845,3.3333578
BIYMAY,3.8849697,3.5038486
HEDCID,3.3595178,2.8946698
JETBIT,2.9029107,2.833928
DIXZUH,4.3051133,5.057519
XEDWOT,1.9222124,3.0197964
QEJBAJ,3.9565356,4.3266635
NOVVAV,2.941823,2.956404
KUJLEG,3.8074172,3.5444143
NAZQIR,1.7164942,3.2049994
VINHUW,3.2629173,2.443852
KAZNAC,3.169038,2.0290585
GATGAM,2.3546011,2.0433624
GIGRUM,3.0365186,2.1157386
DACNUQ,3.536936,4.3246937
VIDZEO,2.6267152,2.9205103
KEYKAA,2.7510712,2.7607284
BUCTAU,4.0204825,2.3163083
SUVDES,1.9143211,2.9927237
NEKKOE,3.5532627,4.898139
LESWOV,3.8134036,4.464932
AMUKEZ,3.1342075,3.2022011
VEFMIC,3.1565208,2.8771322
LOFLAU,4.21069,3.3705988
TOXCOY,3.4014232,3.8587604
JUZYIM,3.41258,3.3142042
BIYLUR,3.4738057,3.6557918
NUGTIS,2.3782752,2.6683276
CUSBOJ,1.9148653,1.1437744
HOGMEV,1.6294178,2.0378172
WONFAG,1.818809,2.8241844
COBNOW,3.2006032,3.2823443
UPIJUZ,2.0261598,2.123836
ILOFEU,2.2969131,2.6156864
XULGES,2.616919,2.9533997
WUSGEW,2.8256304,2.4261599
EYAZEJ,3.0147495,3.0188355
VOLCUW,2.5151484,3.0797772
URONAR,3.0539339,3.2137117
VEKRAE,2.9766536,4.252058
LILNID,1.9624852,3.089095
DIFWIY,3.3763888,2.5241804
MEWCAS,3.3690417,4.1570716
FEMXUR,3.8286421,2.3324177
COPRUV,3.059104,2.1637096
NELVOS,3.2819653,2.2747064
QEPHID,2.690662,2.4125865
DUBRUN,4.1867437,2.6348507
UFOQEL,2.9263124,3.4027598
ROMHIK,3.1633236,3.708931
OHANOA,1.7200317,2.409814
XESXEA,3.6523123,3.0614645
VIRBII,3.5184321,4.286995
MEWBOF,3.3557081,3.9503322
LALTOI,2.9766536,2.3067222
VUVDUM,3.694762,3.5140998
SEVDIH,3.078152,2.2860324
VIDCEQ,2.90155,2.8507872
YIKBOK,1.861803,2.2260234
CPMOTS,2.698281,2.6395698
MONWIW,2.100719,2.1543212
CEHHED,1.4449246,2.1874154
RARGEW,2.6974647,3.3520696
MUNFEG,2.693383,2.3058524
GUNDAU,2.652294,4.0636187
WITZEE,3.8226554,3.827398
QOYYOS,3.291217,3.272298
LEGKIS,3.269448,3.2863977
KIBWEX,1.9584035,2.7052052
XADCEK,2.3668463,3.048384
ZIJZIB,3.496391,4.970115
REZCIK,1.4699591,2.313802
CADFET,1.4958099,2.3581238
VAGSIH,2.4792295,2.5780866
KAZMOP,3.085771,1.8983636
YUYNEN,0.95566386,2.5021226
LIDTAT,3.2471347,3.1080334
HIKDEL,1.971465,2.1564317
FIZZIY,3.348361,3.4581552
VOLYEC,4.0474215,3.8213258
PHSMOB,1.828333,2.8184035
NAJPIA,4.254772,3.7060986
RASBOC,3.1176085,2.6600068
NEKCAI,2.4775968,3.0768368
BESJEO,3.385913,3.496014
WIVVED,3.1469967,2.65796
NEHWEC,3.1886303,3.3636396
BAFWEL,3.4027839,3.9042377
BAXBIN,1.8925519,2.810772
SOLVEU,3.445778,2.3865294
SISBOM,2.659913,2.831175
ZOGCON,1.7611209,2.5059216
ZUHVUV,3.6153047,3.310869
PIZHEM,1.9224844,2.937385
YIKCEB,1.7932303,3.2931716
RITTIX,2.989715,3.4592876
PUPXAZ,3.084955,2.9644024
LAKDUW,3.058832,3.0911078
KEGTEV,2.0286088,2.0108128
TADQEU,3.1899908,3.456962
SIFTEI,3.2414203,3.2338295
ICIVUL,2.987266,2.6857548
RAXCUO,4.301304,3.3559601
BAWHAK,2.1880677,2.071631
COLPOI,1.6340437,4.0140247
CUSKIK,3.2204676,3.8361325
WIVXIJ,4.4014416,2.9551098
SONKUD,1.672684,1.681083
KODHIU,3.5187044,2.6249719
YORNIC,2.698281,2.3946385
XOLFOT,0.6130725,2.6820292
UCUXAR,3.6580267,3.3328161
HOSGUR,2.9962456,3.1196208
JEHFEH,3.2914894,2.7560723
KIKNUN,4.0354486,4.2663603
YUVCOI,1.5518653,3.2945085
UJADAL,4.1328654,3.8305604
NEHFAK,2.5023592,2.7640393
RAJNUM,2.9957016,2.1849978
FAMPMO,2.4593651,4.1997323
WOLQAP,3.4299953,4.1416287
FOVKUY,2.3714724,2.233479
DUYMAL,3.4623768,3.088991
YEBSON,3.3399255,2.8383389
CUGTAZ,2.5494347,2.8620353
NIJSAD,2.590796,4.0986614
HEYRUA,2.100175,4.2414203
KIQFUO,2.6721582,3.1156096
WUBZUQ,2.0283368,2.5918062
XIGSAI,2.5491626,2.6642423
WANZAM,3.1698544,3.165878
YOGBIF,2.6506612,2.582469
GIXQUZ,4.8825393,4.3807783
BABQOL,2.0536432,3.046421
KAFGIK,2.129563,2.2045124
TONBON,2.6490285,2.3810394
MUCDOD,3.4795198,2.7125716
VIWCIP,2.898829,3.8384862
DUMDUL,3.3393812,2.3279347
HILKOC,2.9124346,2.3326035
GEDXOC,3.0286274,4.6744504
SACBAB,3.64687,3.846116
OQOLEM,2.9690344,1.685543
GEXJAX,2.8049498,2.398964
EZETEI,3.5954404,4.958191
HISFOG,3.018287,2.3463306
HEGMEO,1.6054717,2.3264503
FAHLUY,4.3282433,4.9423714
LEKFUE,1.1959404,1.3786055
DETSED,3.0389676,2.274292
CUXMUD,3.0607367,2.4502044
EFUFUG,3.2367945,3.1577418
JUDXUB,3.269448,3.083017
WIHTUC,3.9042897,2.884709
NAKCAE,4.249058,2.0865803
ABIPAE,2.2267077,3.5541441
POZMEW,1.7690122,2.1293907
XIHGUQ,3.4465942,3.9394057
FBYTMO,2.9527075,2.9997072
VUDWIB,3.8278258,3.7747025
XUWPIP,2.4746034,4.6378956
GUHRAD,4.655868,3.9188676
YUCKOW,1.7061539,2.341961
BOJPAR,2.7839968,3.1110773
WIWGEO,2.4272556,3.6854665
HEGMUE,2.2310615,2.6166258
AKAREK,2.5203185,2.699251
AFOXAU,1.9203075,2.5573735
OWEPUC,3.5099967,3.2287612
NOWREW,3.2610126,3.4086616
SAQFEV,2.7001858,2.2304194
MUCDAP,3.7440147,2.6191592
IXASAD,3.0220966,2.3283992
YEVWAX,4.1451106,2.7006583
YUGXON,2.8612773,3.2592573
COFNES,2.839236,3.4814084
OVOKIU,3.8702755,3.2732935
CETMOA,3.618026,2.834662
IQUDIJ,3.388634,2.4171376
SAKSOM,3.1581535,2.3799698
QEHQIF,3.4098587,4.6720176
GUFDEQ,2.7921603,3.2460024
TONNAL,2.6990974,3.2413304
ZIMPOA,2.2326941,2.2564034
SUMNAQ,3.486867,2.86425
MOKLAZ,2.9557009,2.484649
FEMDUY,2.8865838,2.6377583
HADPEH,2.4250786,2.998356
YIWXUA,2.1774552,2.5133786
ALAKAZ,2.7978747,2.39159
SAFVUQ,4.2302823,3.5100534
WUSGAS,2.7965143,2.338021
AFUQOJ,3.763879,3.459063
FIWTEL,3.835717,3.0761588
JAZREH,4.521444,2.9399912
VIHPAF,2.9075365,2.270322
WUHTEA,2.9094415,3.2282043
GAJQEP,4.5018516,3.2250345
BUYCAZ,0.3553807,3.084285
CEMRIW,3.5842838,4.3142447
OJODEW,3.0939345,3.27379
POMJUW,3.35081,3.2831407
XOWCIW,3.4191108,3.607894
TILXIX,3.2373385,2.5553005
QAJCEL,2.9565172,3.1165025
CTCAMO,2.7246761,2.7657046
KEBMEJ,4.0607553,3.9299011
QIGZAH,3.26455,3.55946
ROHKAB,3.302374,3.0840921
KANZOP,1.9758188,3.1859572
CIHNUD,3.4044166,2.7680218
FOFDOT,2.9573336,2.8796055
NURSIE,5.6700363,3.3798347
PALDAH,3.2256377,3.4599767
PEWMUZ,3.192984,2.9619007
TICXEL,4.136675,2.4347048
JIBZID,4.294229,3.6248615
GAHKIK,2.1279304,1.6669326
NEKQIE,3.6770747,3.6999812
LOBRUP,2.8403244,3.1878736
LUMFUV,4.003067,4.946895
SOTPID,4.158444,3.3398185
VAZSIY,2.1347332,3.9917498
MUWDEO,1.9600362,3.4479916
NECYOJ,1.9652063,2.844821
VEGGIY,1.9431651,3.6976838
BUYMIS,2.822637,2.3215253
MOMFOJ,3.758981,2.5570343
TEPGAZ,2.6531103,2.8595946
CIQZUA,3.6553056,3.0282454
VIKGAX,4.079803,3.3023248
JOSVEV,2.7597787,2.2560663
LEGZUS,3.1652284,3.186646
UHIMEE,3.5913587,2.995652
HAMHOV,2.5301147,1.8237549
JOZSUO,2.6928387,3.3573976
TIWLUH,2.022078,3.1221635
DUZXIH,2.61964,2.5560787
XOGYUN,2.4939237,2.261287
NUKFEF,2.867808,2.2553258
ZEJBAU,2.9143395,2.2322865
IRAFOW,3.0362465,3.5680223
LAZDOI,3.0103958,2.083336
FOVLUZ,2.1235766,2.3923373
TAMPAY,2.227252,3.106624
VUHLEP,3.589454,4.3797417
ILOFAQ,1.6724118,2.0575578
QEZSAQ,2.8993733,3.3930905
NAKTID,4.2506905,4.8306656
EDOQOE,2.119495,2.7359002
CELBEC,2.898557,2.268344
JEHFAD,2.5371897,2.4476252
XUQXUC,4.6773653,3.6987586
YUHVIH,2.942095,2.4102492
HIXGIF,1.675133,2.5910797
ZAFHUM,3.064002,2.5508027
BOGHIO,3.3309457,4.3337793
CAHHEY,2.8337939,2.7318826
JUZRIF,3.304823,3.1911619
GELWEB,3.0667233,2.3799124
ZIRVAX,3.8098662,4.2099476
MEFHAG,2.5518837,2.6867445
PEFZEF,4.5913773,2.8917139
QAFZAZ,2.979919,2.338923
APUQEH,3.1921678,2.539432
JAKDOO,1.1997501,2.2527318
CEBZEP,2.961415,3.7710364
KIBJOW,0.9657321,2.6083443
WIGJEB,2.9845448,3.4039268
IVAQEB,2.3766425,1.3460301
ZAFJEY,4.0476937,2.6040742
ZUHWAC,3.161963,3.5604236
BEFKUS,2.8637264,4.2207336
VIGXAM,4.1238856,4.809228
GUGWAG,2.0721471,2.9088678
GUFDIU,2.3431726,3.0349336
FOVLAF,2.3619483,2.1035395
BUJXAG,3.7334023,4.8560367
CECZIT,3.7989817,4.7718587
XAGJEW,4.5636215,3.5160556
NEXFON,2.7638605,2.453518
MUQMAN,4.7111073,3.023758
DOKBAG,3.2065897,3.3578358
WUQZUF,3.9584403,5.182084
PIZGOV,2.370928,3.0958896
IRUCII,3.0536618,2.5289264
UBUSEP,3.9502769,4.70345
WEQWOE,1.9964994,3.3199632
NOCCIR,4.205792,4.3398485
JANGIO,4.083613,3.8723125
YAFNAX,2.2588172,2.875224
UJOVAQ,1.5409808,2.227991
GUVFUA,3.5064592,3.8454938
NACREQ,2.4297047,2.1291525
OKUFUW,0.867499,1.7795978
XADSIH,2.588075,0.8259318
VUTFAT,3.4308116,3.608601
HUDMAU,4.1364026,5.60464
FIPWAC,3.1780179,3.739541
SAVNEI,0.20762287,1.7144309
NEMFOB,3.2580192,3.639207
DANWEU,4.5753226,3.4346566
MAKNAN,3.3404698,3.41042
MABPIP,2.0735075,2.8914125
XADTOM,3.804696,4.5219145
NUHDAV,3.1230507,3.353541
YAFLUP,2.8781483,3.3620574
ZOMCUB,3.2226446,3.072373
FOXBEZ,3.9091878,4.2836
BULWEK,3.3069997,3.0441113
IQABIL,2.858284,2.8559918
LUJZUL,2.901006,2.1066785
WUGPAR,2.289294,2.9402533
KURFAG,2.3339207,2.2143927
VIYZEI,3.1535275,3.277941
SIBREC,2.1499717,1.8021325
WEYCEI,4.1456547,4.9908314
SESVAP,2.7279415,3.8607502
YAGKEZ,2.4691613,2.6292617
QEKJIA,3.9070108,2.7222407
KELFIQ,4.361713,3.0922236
UDOCIA,4.4866133,5.3268976
BULNAZ,3.2825096,2.8951046
VADKAO,2.693655,2.9351785
XULFIV,2.0520105,2.344233
OGUYEW,1.5970362,1.5337576
NAVFAR,2.8487601,3.0344934
NEVMIM,2.9208703,2.4182975
COCLIS,2.7295742,3.6740727
HOZQUJ,2.2716064,2.4351459
HUXBIM,4.151913,4.0516405
VETKIQ,3.078152,3.843858
CUSBID,2.0713308,1.2487878
WUTPAC,2.2571845,3.952025
DOKTUU,2.9924362,2.7211926
JORTAL,2.8188274,3.1276495
WUWRUB,2.9722998,3.6565242
HENVEB,3.5434668,3.5290399
FIZJUU,3.6291826,4.107175
AMAVOA,3.862112,4.78714
ROBHAU,4.4898787,5.058012
LEKCOV,2.626443,1.9845371
HOJXOU,2.9018223,3.856382
MAVGUL,2.955973,3.217132
FIWTAG,3.2444136,2.8678474
MEDGIM,2.8928425,2.2407699
JACRUB,4.3513727,3.3619215
BOWVUG,3.453397,3.1598914
COPSOQ,2.901278,2.1187007
KALTUN,3.6025155,2.6058733
VEGGAQ,2.3554175,3.436298
VUTFUL,3.4136684,3.3018672
ATUPUB,4.0661974,3.32838
ZORKOI,3.35081,4.6801033
DUSSEP,3.2523048,3.087328
PITXOH,2.6887572,2.4797776
QARRIN,0.84464145,2.998934
DIWDIX,1.9273825,3.0631979
DOVGAZ,4.4926,3.1091702
HUNRUD,2.6917503,2.754403
WEHXOY,2.6027691,2.7440217
CEQTIB,2.406303,2.252341
JEBHUT,2.9791026,3.9011781
MESKOK,2.9815516,3.3463483
ZIRTID,3.4016955,4.0217257
TOJHUV,3.6893198,3.2367413
FIRHET,0.26721582,1.2031435
MIJKEV,2.4321537,3.3300118
RITXUN,2.655287,3.2001128
DABJUM,3.2572029,2.4315891
HIXGEB,2.0326905,2.4848568
EVOGIH,2.9135232,2.7948885
HOTGEC,3.3557081,4.589021
LIDWIH,3.3753004,4.087034
NOFKUP,3.075703,2.6609428
UVENUG,2.872706,3.4929018
JEGPOB,2.451746,3.5450344
REYFAD,3.3105373,3.1220694
MOZDOW,4.4028025,3.8584645
WUBYOJ,2.2310615,3.0756116
FPASMO,2.6019528,4.027012
LUGVAL,2.731207,2.416216
WARKUV,3.1872697,3.010606
PIQPEM,2.057725,1.9221932
QUTWOT,3.4169338,3.0184798
JEWQAE,3.2357059,4.610857
CMSLMO,1.7711891,2.1680534
FIBCUO,2.029153,2.463953
RITYIC,3.0871317,3.1942627
EXUSEW,3.7682328,4.3735495
QUSYOS,3.025362,2.5285213
BOGLUE,4.093409,4.312412
XIBCIV,1.8152716,1.7011458
EGUZEL,2.649845,2.8265266
DEBSIN,3.2868633,3.2430058
VOLDAD,2.1494274,2.9733756
BOXJED,3.472717,2.6194072
PUYBIU,0.88981235,1.9720519
DUBCUY,4.1429334,3.1007366
QOHLOO,2.9755652,2.1924403
ZEHZOE,3.0261784,2.336592
MABVER,2.4631746,3.4395945
VAQLOR,3.5301332,4.0090175
LIBQET,3.4553018,3.5498385
SEVCUS,3.0721655,2.5432115
YOGSAO,3.601427,4.2506056
MECNUE,3.422104,3.3991628
WALXEO,3.0299878,2.5793862
NOKVUF,2.0318742,2.744659
HAGZEU,2.9627757,3.1355035
GEPZAC,2.880053,2.4107618
GAJQAL,4.1309605,3.0442946
IMDZMO,3.4446893,5.402975
HAMHAH,3.021008,2.0999603
JEJLIW,2.597871,3.7134142
PAGCEF,3.1627793,2.3077729
NODNEZ,1.094714,2.7695725
AHETUE,1.6713233,2.2007709
NAMKAQ,3.00196,2.6518044
KUPSUK,3.1733918,2.4187803
UDITEG,2.2601779,2.807156
AKARIO,2.7050838,2.6381693
QILQUX,2.846311,2.2079659
COPSUW,2.9867218,2.1859927
ROQGUZ,3.3233266,4.019651
SOHGUR,3.31217,2.1443732
WUSDUK,3.0577435,5.006704
TOFYOC,2.444671,3.0587847
PITHAB,3.4204712,4.0258417
EFELEI,3.1995149,3.0142121
TIWYUT,3.1195133,4.4169173
HOPVOY,3.5214255,2.6785057
HOGMUL,2.2000406,2.7655692
HOSFEB,3.0580156,2.9304867
BAZMOP,3.0580156,2.8518462
FAWMOF,3.3543475,2.9095764
ERUDEA,2.6811378,2.6841202
BUKJIB,3.535031,4.600438
VULLUJ,4.583486,5.752268
VUDWEX,3.6368017,3.9318018
QAFZIH,2.8114805,1.9169946
MOMFUP,3.5641475,2.8598356
GEYJUP,3.5031939,3.5094981
SUVREH,2.942095,3.2914643
JIZPEN,2.1850743,2.2513704
DULFEV,2.470794,2.9376726
ERAGAF,3.3159795,3.4587197
QOZMUP,2.9981506,2.5602307
DEFXUK,1.8775856,2.4482656
KOCTED,4.069735,4.7630854
XIQNAM,2.6354227,1.9344919
BOJPIZ,2.1684754,2.7553687
CPCBMO,3.5429225,3.2819033
KUFLAZ,2.4152827,1.9002116
CEFBAS,2.7420914,2.3796268
BOSCOC,4.068374,2.8674452
KEXTUE,3.653673,2.319884
WALXOY,3.7100005,2.687927
MIKWIM,2.7967863,3.308027
KANYIJ,3.0476754,2.2570395
AYUSIY,2.3962348,3.3987393
XAMLAA,2.3774588,3.081795
TAVZIA,2.652838,3.5052733
GIGPOC,3.3154354,2.4342127
KOFWEH,2.8623657,2.4391103
GUGSAD,3.649319,2.903968
SUYMAB,3.3184285,2.4711285
SONKIR,2.7048118,2.0644279
BUFTIH,4.5636215,2.9311163
KANREW,3.6569383,3.2942286
NAYCOF,1.7238413,3.0804958
DOPXIR,3.488772,3.7017133
TASYAQ,4.4408984,4.0923433
IVERUX,2.1940541,2.9430342
QILRAE,3.1633236,3.1114695
WERBOL,2.2019453,2.5338984
DARQAO,5.752487,3.3761532
PIZHAI,2.3910644,2.993236
KEHQAR,2.3170495,2.6511953
MITGED,3.2689037,3.583603
KUWHIT,5.535068,3.6330647
DIYZUI,2.4833112,2.6099176
FOHDIR,3.2055013,2.7486854
HITBUI,2.958422,4.0886292
PERGAU,3.8104105,2.7022548
LARSIJ,3.0310764,2.2808583
WIGJIF,2.86291,3.5091944
BIMDOQ,4.7568226,3.5892181
LALVAW,2.7252204,2.1487014
HUCKIA,4.158716,2.3446019
UWOTIL,3.2351618,4.204971
NOMLEJ,2.8378754,2.3755429
EREQUO,2.213102,1.9800138
CETZIN,2.7850854,2.508456
LAQVEH,2.492291,2.3123798
EHUZAI,2.318138,3.494868
QEJROM,2.8514812,2.7420144
MASWUY,0.55919397,2.166338
ESOCEW,3.047131,2.3553123
HIWKEG,2.6495726,2.3498716
FASZUU,3.9388483,3.4271903
LEKHAL,2.8242698,1.9161949
JACCOG,3.6887755,3.2425075
CEDMED,2.9301221,3.0685775
ROKDAW,2.9116182,3.3589444
SUGMOY,2.6229055,3.75504
XODZAS,3.5089083,4.414612
XUHWOM,2.5867143,2.9815142
ZETYEC,2.655015,2.6533575
BIKYEA,2.9377413,2.1489556
BABDAK,3.0082188,3.4650881
YOJDEG,2.669165,3.3169613
OSUYOS,2.7377377,2.5193949
LUMGAC,3.6808841,4.361417
YIVTOO,3.51816,2.7030928
RAYFIH,3.1861813,2.9741616
SAGBAG,2.7420914,2.3643548
EBOLUD,2.8087592,2.4997966
MAYKON,3.4849622,2.8230407
KUXFEO,3.5151668,2.691699
LAMXOM,2.6490285,2.8154655
GEXXUE,2.0397656,1.9708376
YAGPOL,3.5012891,3.5470064
NOLQEK,2.4843996,2.0060036
RUYFOI,2.9140673,2.8075726
HECZIZ,3.4631932,3.9944139
POGKOL,3.55163,3.0370655
BASBUS,2.119767,2.5520735
DOWWIV,2.4653516,2.6613646
KIVWIV,3.8248324,4.178651
UBUNOW,3.1137989,2.394425
TUKCAF,1.7692844,2.6264248
HUNQAK,3.0163822,2.3636248
GIQVIL,2.29909,2.1802895
SAYHAD,1.9581313,2.3385592
NOKWEQ,1.3105004,2.8726637
ERIROO,3.128493,2.7156963
FEZSIM,0.3472173,2.124793
FEYQEF,4.459402,5.2777653
PECKOX,2.9064481,2.2953858
RINQUB,1.9061576,2.0042007
BEQROF,1.7241135,2.051294
VIZVUY,2.8931146,2.66825
ZIRTUP,3.2063177,3.5937548
MARWOU,4.4014416,3.137969
YILYIB,1.6879222,2.0533934
GEKSIY,1.8141831,3.5369961
YIKBAW,1.6427513,2.854966
MECPAM,2.9856334,3.0403461
FEBWAL,1.8705107,2.743541
CEPJOX,4.1306887,4.65629
UYIZOS,3.6574824,2.5470407
ACIHUP,4.630562,4.4577646
JOJTAG,3.0569272,2.9263608
QOVYOR,2.1760945,1.1615826
SELWUB,0.36191145,3.4651973
PITHUW,3.2324405,2.719667
CATPUI,3.632176,3.146538
ZOCCEZ,2.2103808,2.0128708
HINJIA,4.23899,2.603575
ESAJUD,3.2231886,3.905713
BOWRUA,5.9326262,3.067525
FEJLAH,3.1227787,2.3611593
PZADMO,3.95708,5.5593114
DADGAQ,0.21850744,2.290604
NEDLAJ,3.902657,3.5329847
KEWKEC,4.5116477,2.7984648
AYUSEU,2.9116182,3.821909
JIVCUM,2.6291642,3.2292442
LIBYUQ,3.938032,2.8025196
JEWPIL,4.526342,4.1396284
BAGGOG,1.7796247,2.5994554
MIDLAO,1.4830205,1.972707
QOMJAD,2.370928,2.636168
YONGIR,3.3132584,3.9281013
DIGDON,3.4498596,4.8120646
RORMUG,3.0430493,2.3454418
OJAZOO,3.1986985,3.145601
SITJEM,3.6879592,3.5029278
ALINEP,3.1826437,3.5199792
DAXZOR,2.3929694,2.6205955
ORONUF,2.9924362,3.8703604
ZEVXAZ,3.5184321,3.437546
WOPLIW,3.5167994,3.1227124
LATMAU,2.7687585,2.975366
FEMYAY,3.3010132,2.697631
OBASIV,2.7997794,3.8740344
LEWHUS,2.249293,3.6701045
NUGTEO,2.5026312,2.4636557
ONOMIO,2.8977406,3.3954504
AXAZII,2.8713455,2.241428
REDXED,2.9627757,3.060985
HYXMOA,4.120348,2.5064335
EKUMUT,2.44712,2.7724178
QOTBUW,1.8835721,2.271194
QITRER,2.4365075,3.0278234
ROQGEJ,3.9279635,4.5306897
RASBIW,2.1633053,2.0870862
RAZKOS,3.1932561,2.5587502
QIYHOV,3.3565245,2.6184745
XARVES,3.7086399,3.5925102
KEHQUJ,3.3015575,3.984517
PEBJOV,3.326864,3.4202018
NITFOM,4.378856,4.6943846
WIJLAF,1.6982626,1.2528757
XEYHEP,4.4008975,3.6009126
NUHCOI,3.1391056,3.0936928
KIJCIQ,3.491221,2.4336493
WIZQIH,2.7249482,2.3743238
TECMIA,1.9456141,2.086135
LIFVIF,2.9186933,2.7553751
SAQGAS,2.7570577,2.2886815
KECBAV,3.3404698,2.8400285
BIDMUW,2.7567856,3.24958
POZMIA,1.7763593,2.057733
BOVZIV,4.0112305,4.352605
DIZQOS,2.1747339,2.1882935
QOKPEL,3.0498521,2.6906946
EFUFIU,3.0735261,2.9026268
ETOZUJ,3.742654,3.6788285
TIMVOC,3.3489053,3.9273741
DAMZUN,1.5336337,2.1841815
DAHSAJ,1.0683191,2.1213539
YUVCAU,1.969288,3.0732412
BIKYIE,2.880053,2.4598083
MUSPOH,3.044682,4.0879817
HUWGIQ,3.0430493,2.752908
LIPXUE,4.6145067,5.173806
JEVKAW,3.7704096,3.6334233
NOXQIC,2.466168,4.183104
NAKBUX,4.456953,2.7866898
WALXIS,3.6076856,2.6980116
TAWHOP,4.047966,4.192732
RUYDEU,2.7537923,3.2831993
WUSFEW,3.058832,5.003816
YIHSUG,3.4808805,2.278132
IZUQEZ,3.4814248,3.3315265
CERGAK,1.7619373,2.6393485
EGEBUQ,2.8637264,1.9733202
TEMDOE,1.7385355,2.534948
VOBCOE,3.6844218,4.5248966
CETYOS,2.8073988,2.510431
VEZRUN,3.247951,3.2655473
WAWGAC,3.5037382,2.9830592
FAGBEV,2.7927046,3.570627
VADJUH,3.126044,2.5284338
PIFPID,3.4370701,3.601937
JOLLUR,3.8253767,3.183383
YIGCUN,2.5627685,4.0090933
DENNAL,3.2193792,2.976376
UFECEQ,2.8079429,2.966802
SAZJIO,3.2438693,4.1657305
ABIKUS,3.962522,3.325629
ISOVAP,2.0133705,3.0205016
AXEHAM,3.4027839,3.1325822
KOGNUP,3.3927157,2.5570805
ZAVKIS,4.0082374,3.497756
VINLAF,3.9644268,3.4144912
ADUHUD,3.7880971,3.1323407
KIRDOE,4.0585785,3.3927255
VAWBIH,2.5962384,2.263449
HUJPAD,3.2653663,2.6243691
WEQSIV,3.1268604,2.9102688
JALNUF,2.946993,2.9599707
ZEQLUF,2.3973231,2.3179445
LAMXON,3.553807,2.3833585
SIFCOZ,3.2901287,2.944215
CIYXOX,3.9638827,3.2459724
JOPYOE,3.0816896,3.771844
NIRFOJ,2.1116035,1.8616617
OQOLAI,3.0909414,1.5932393
DALCUR,1.8805789,3.1209085
CURYOD,3.9679644,3.2722697
VULMIY,2.5298426,2.9665182
SUBBAS,3.2397876,3.0923765
CEPHAI,1.4351286,1.9744623
CEZTIL,3.250128,2.4078026
EGAYUJ,3.3619668,2.3980565
DIBLIK,2.7641325,2.3203301
MOQPUD,3.50782,3.846025
VIVKAM,3.7241504,3.5162437
GEXYEP,2.910802,3.6138062
XUHTIF,2.9274008,3.951116
XANTAH,4.332869,4.512949
GABFIY,2.6555593,2.4519176
UDIVUY,3.0378792,2.304482
DEMSAQ,4.3736863,3.5712526
GEXXAK,2.0628953,2.0185692
SIPHEF,3.0120285,2.1781275
MINXAI,1.3243781,2.962105
PIFTED,3.5557117,3.8649023
INASOG,3.4648259,3.1938834
UHILUT,3.0240014,1.4235574
YOMXED,3.3083603,2.1529076
ICOPEV,1.9009874,2.0939236
GEXWUD,2.6729746,2.422396
XAFZOU,2.8599167,3.4145842
MAKNIV,3.2599242,3.199378
PENMIE,3.8082335,4.9961042
VINZOH,2.5374618,3.2456553
JEJBAC,2.8503928,3.3403533
QIYHIP,3.4591115,3.0096068
TAFLUH,2.99679,2.9057314
MOYQAS,3.6607478,4.3245497
BAWZIK,1.9513285,2.5430012
MUVDIQ,2.8430457,2.5547533
PIKREJ,2.1039844,2.0083988
TUKHEM,2.8286235,2.2715845
POGMIH,3.9478278,4.802578
XIZWUA,3.9399366,3.085467
SIXQUL,3.7513616,3.823452
EQIBOX,3.065907,2.8904412
FUQKUZ,1.8511906,2.5943706
CEXXEI,2.8155622,4.1327047
SIBRAY,2.5731087,1.9878052
OJACIL,3.819118,2.9265811
ZEYHIW,2.5420878,2.9288213
CAQBEC,2.795698,2.7440934
WESBEC,3.7905462,3.6971617
QUSYIM,2.8528416,2.254325
SIYRAV,3.1108057,3.217359
KOWKAI,3.553535,3.7757404
CERFUD,1.76357,2.6055448
EGUZOV,3.150262,2.6723495
ODEAMO,0.6427329,3.3805308
XIHWIW,2.3309274,2.81163
OHAPIW,2.5064409,2.9896905
UBUSOZ,3.9034734,4.3834233
FUSKOT,2.2577288,1.9942881
REVVAP,3.467547,2.4668682
JUTKOA,3.3181565,2.92649
YAQZAR,2.9271288,1.5787328
KAYYER,3.2376108,3.5142298
POFSOT,2.5039918,3.029758
DUXNEP,3.7361233,3.2693024
ZEXMIB,3.9135416,2.836121
SIWJEN,3.0269947,2.5327573
SIGQEE,3.5886376,3.1542742
FUPKIL,3.118697,3.1542182
TIRTAP,2.60032,3.085776
FUTSOD,2.4705217,3.571508
SIYRID,2.825086,2.2885394
NOWFAG,2.2378645,1.7881303
MEDGUY,2.7728403,2.052637
TAKWAD,3.3736677,2.686933
TERJIK,3.9366713,4.0318995
ZEGVUC,4.3916454,1.2170365
XAZVAV,2.2563682,3.3742437
KEHNIU,2.6571918,2.9136844
SUGMUE,3.1921678,4.5535326
OWAHAX,3.558705,4.0137115
CAJSIP,3.1391056,3.0443919
VEQCEZ,3.0865874,2.3363955
HAJSOC,2.7763777,2.9824982
PUSKIX,2.5529723,2.6856785
PEBJIP,3.7935393,3.4369829
ZOJPAP,1.7320048,2.1472936
HEDCEZ,3.1581535,2.6461267
QOWYIM,3.4588394,4.0095015
ZEYYOR,2.538006,1.6328467
ULOPUI,3.2101274,3.196798
TONNEP,3.9723182,3.173706
QAZKEH,2.1113315,2.1361806
XUTZER,3.0569272,3.7576218
NEYXIZ,5.719561,3.6188772
TIRHIM,0.35075477,1.6048777
PYAZMO,2.9195096,3.9417052
AGANIF,3.8324516,2.7886345
YOFVUK,3.3010132,3.5398128
NECMAK,4.110824,3.9450648
QUCHON,3.2517607,2.518911
CUFREC,3.3872733,3.3941836
KUYSOO,4.457497,3.144895
FOCWAV,3.233529,3.2609859
XELDEX,3.5472763,2.7096896
AXAZUU,2.8378754,2.2441893
CAXHUE,2.7989633,2.9958167
MEXCOH,2.5630405,1.2119542
IKIDEM,2.3339207,2.6075518
NECYUP,1.3586645,2.845795
YUDYOM,4.4662046,5.5917807
YEQGUZ,0.79810995,2.6930075
XUWHUU,3.9524539,3.1712732
QIJDUI,3.185637,3.1838965
KAYZOZ,3.9998016,4.89205
VIQZOL,3.5957127,4.2203474
LEJZIJ,3.7295926,3.7117121
UVAQUE,3.1769292,2.393714
HUXBUY,4.034088,3.8658361
KAJQES,3.1137989,2.6263366
BAGGEW,1.8462926,2.3000982
UHIMAA,3.221556,2.5981336
HEDCOJ,2.9619594,3.036225
FATFIQ,2.1086104,1.7207667
IVAQAX,2.2356875,1.1919569
DEQDIM,4.02538,4.6043053
NOWXEC,2.0041187,2.7222786
XIPLUD,3.3834639,3.2659338
REDWAY,2.9589663,2.80344
SANMOJ,3.881432,4.297766
ZONPOH,3.7031975,2.5401914
TIMMEH,3.3143468,2.8473938
KIGTID,3.840887,4.207058
PUNJAK,2.6414092,3.6924062
YEQGEJ,0.93525535,2.8020217
KIXSIU,1.9369065,2.2442715
OLIJID,3.670816,3.1792927
BESJUE,3.429451,2.9255087
OGIDUE,2.95815,2.9862993
ALILAI,1.8604425,1.9376965
FURJAE,1.7845227,2.1302588
ZUYXOG,2.146434,2.4893103
DUCBEI,4.3559985,2.5639699
COCJOT,3.6982994,3.5934453
NEPPOO,1.8778578,2.6237228
JIVFOM,1.7189432,2.1099207
QUCLOR,3.242781,2.4552379
SEPVAK,0.96546,2.474965
ZIWRUS,2.9086251,2.9549973
YAQMOU,2.9793746,2.2881086
DOXQMO,2.7831805,2.018901
BORBAL,3.654217,3.1865544
SAYJAE,3.5040102,2.7698872
HAMHEL,3.0046813,2.1179945
ICONOD,2.5053523,2.7851996
SISZAX,3.0220966,2.3121915
VIZVIM,3.185637,2.651966
ZUSQUZ,3.3211496,3.184023
IDOQOH,3.24523,2.2000358
QAFZED,2.9984226,2.280119
EQELET,3.0215523,2.674685
BAKGEA,1.854456,2.7306027
LENQAY,2.5608635,2.8080847
GUGRUW,3.2748904,2.8520203
TAXLAG,2.0517385,2.8344278
EZEFOE,2.8299842,2.684051
RELHAR,2.057453,2.5038786
FEJLEN,3.4169338,2.5941765
KUWCEK,2.7848132,2.758503
RASZUI,2.9957016,2.4917655
UBOXIV,2.7001858,2.2106526
CEKCOL,2.349431,2.7497215
TONCAA,2.3978674,2.1557467
KAZWOX,2.8702571,2.770078
AXEBEK,2.7347443,2.088581
BICLAB,4.017761,2.6212358
HYXMOB,4.275997,2.6292803
AHETOY,1.7031606,2.1514297
DIRHUH,3.1527112,2.8004093
ALCPMO,2.7265809,3.3549182
GENYAZ,4.338311,3.439494
DETSAZ,3.0381513,2.2485194
LENPUR,2.4550114,2.843665
VOLYAY,4.3535495,4.266007
XEDXEK,0.31456363,2.363922
LAGCAY,2.1428967,2.1194627
TIRVAR,2.702907,3.0560873
BUFVAB,4.4245715,2.6923618
GEWMOK,2.446848,2.877682
MITDAW,3.9687808,3.9470108
HANSEW,4.203887,4.7439384
SIYREZ,3.5089083,3.1404114
MIDLOC,1.3687327,1.8432009
FUTSET,2.4084797,3.122283
XUTPAE,2.9644084,3.423289
PAXBUL,2.8686244,1.4030738
SUJFOS,4.077354,3.5410705
UKUMOD,2.9766536,3.4416833
BAMHED,2.526033,2.4496357
YEDPUV,3.0963836,2.3901074
VONXOL,2.8729782,3.2369738
COLRIE,3.3581572,3.0812702
YOFVOE,3.4996564,3.71038
EGOBUZ,2.1499717,2.2421277
KALHUD,2.9216866,2.360035
REXJIP,3.6887755,2.7732835
HEYSEL,3.4637372,3.9684758
UDOHOM,3.1388333,3.137402
NIGSUS,3.2901287,2.3111851
WUPDEQ,3.2781558,2.8576422
XIWTED,3.4136684,3.222833
OGIDOY,3.0460427,2.9128537
UNAKIF,2.2332385,3.3308444
FOMGUJ,3.2465904,3.9158566
LAQVOR,2.6389601,2.165166
DIBROX,2.0854807,1.4945444
KOLRAE,1.8775856,1.7363075
BAJFUP,3.041961,2.6419518
CETYAE,2.8030448,2.3789318
YAFPOK,2.8906655,3.6320555
BAFHIZ,3.5810184,4.492608
RAPCUG,2.033779,3.2152507
BAFKID,1.651187,2.3993232
LUNWOH,3.0694444,2.2806902
FERROJ,3.285775,3.385926
VEQBOI,2.384806,1.9801934
AKECIC,3.615577,3.0041807
YUKZEJ,4.7543736,4.5017767
UKUNIY,3.150262,3.7361841
ICPOMO,2.5720203,2.859048
RADNEP,2.9698508,2.6753552
GAWKAT,1.9891523,2.536491
DEMXEB,4.7856665,3.0873778
TEPTUD,3.8988473,3.4418592
FULNIK,1.2313153,2.9010515
SONKEN,3.31217,2.772932
RUNNEU,4.2376294,3.7178411
BIYLIF,3.223461,3.7077537
VUTWUD,4.144022,5.0010796
ROCVEN,2.1562302,2.4221933
GEGJAE,4.06783,4.8534307
XAKCAP,2.8356986,3.2223566
TIWLOB,2.009833,3.1083426
PUMYOL,2.8716176,3.2116578
QICNOF,3.0596483,3.3001637
BIQJAO,3.352987,3.8457363
XIPWAW,0.9069555,2.6093082
ISEFIV,3.2686317,2.5412843
SESZIC,1.9940504,2.1535306
EJIKIS,4.2882423,3.5326586
ZOBMOS,3.1159759,2.925435
FOXZOH,2.5886192,2.414746
VIFYAL,5.6346617,3.9855134
BOPDIW,2.2424903,3.0866704
CESQAT,4.440354,3.7148705
RETFEB,4.08715,4.807574
WISHEN,3.4362538,2.2268598
BIJXAW,2.382357,3.0566828
MABREN,3.1510785,2.8127875
TIDTEF,3.161963,2.878376
TPCBMO,2.9007337,2.8850048
NEKFUE,3.3878176,3.3246663
ICOQUM,3.0120285,2.6805542
VUDVOF,4.416408,2.5677555
DEKVOG,2.1875234,2.452648
BOXZAP,3.4517643,4.3858366
GANJEL,3.0814173,3.2751582
NOPBEB,2.4316094,2.7941854
XEVHEL,5.8322163,3.9607854
XELDAT,3.965243,2.7728298
ALODEK,1.1333542,2.1075873
LECZEY,4.7228084,5.101179
PINXUF,1.8468368,2.6815622
NEKCEM,1.8245234,2.6481988
JIQVUD,3.061553,2.2554016
XOPPUN,3.467819,3.140574
YIVVII,3.4016955,2.9933448
FIRGUI,2.6046739,2.0701098
CIFSUG,2.4555554,3.2641256
DOLNEX,0.6176985,2.5447767
DEHPEM,2.8433177,2.3472602
VUVLUV,2.9464488,2.3161254
MOWCEH,2.554877,2.484528
DEFXOE,1.887926,2.3053286
DIRFIW,3.2612846,2.6005757
WOFQUD,2.4316094,2.6106403
SEBCUX,3.1418266,3.1021142
LAFTOB,4.1187153,3.4716272
ACUSOH,1.7744545,2.571116
FOPQAD,2.8620937,2.420807
LIBKEM,2.4215412,2.8862479
DIVGOG,2.1883397,1.8849301
SENCUJ,3.0171986,3.403616
BIYSOS,2.1562302,2.8568964
WUPXAG,1.9276546,2.3472385
RITYAU,2.3695676,2.8189304
MAFYEY,3.6904082,3.2939334
PESXUI,3.1586976,2.3374038
UGEZEM,2.757874,2.2594128
JOCBOT,2.6294363,2.1707008
BEGMUV,3.9282358,4.2981143
QIZDEJ,3.1744804,3.9841459
GUWKUG,3.2991085,3.553923
EMEGEI,4.367972,4.7645564
AKASAH,2.4971888,2.4657745
HOSDUP,1.8141831,2.3344164
LUNHEH,4.186472,4.2637997
DEMFAF,3.1823716,3.684596
MEWBIZ,3.2942104,3.87196
QAHBOR,3.061281,4.415393
PAWQIN,2.4988215,2.484541
PEWMOT,3.2533934,3.1196158
FAVXEG,2.1692917,2.864242
LUJFIF,2.674063,2.6941538
ZAVGEL,4.061027,3.3317268
ODUHOM,2.2985458,1.8611152
DULDOD,3.004137,3.1893616
HEGQOB,3.1861813,2.3422332
VOCWUG,3.6414278,4.266866
HOQGOK,2.516509,2.6840737
YAFLOJ,2.9981506,3.0794806
HUPMAG,2.7080772,3.6308103
OLIJOJ,2.8577397,3.358614
VOMRAS,3.009035,3.8173795
SITSEU,4.382938,2.4214354
ZOMFEP,2.8925703,2.4086175
ZOGJAG,3.5244188,4.541832
DAHRUC,1.8707829,2.0915787
FOVLOT,2.6403208,3.625626
LOLCEW,3.3834639,2.2437346
SUSXEJ,2.2016733,3.1472378
PUWMOJ,2.8542023,2.1454196
ODUKAZ,3.9132695,4.8892136
NICLIW,3.0188313,2.319746
TUTNUS,4.275997,2.6563187
MEKSEB,2.9973342,3.45981
MAKBIL,4.634099,2.9403682
GIGSAT,3.0574713,2.2132754
HOPVUE,3.4180222,2.89105
DEJVUJ,2.3951461,2.474631
CIYBOD,3.4993842,4.593048
BIYSIM,2.219905,2.9137394
TEPGIH,2.3720164,2.0873218
HIWJOP,2.5752857,2.3966475
VOVSOQ,2.8073988,2.4169466
EMEGIM,3.291217,4.5449796
XESCOP,2.8112082,3.2966075
FEMXOL,2.5099783,2.518309
JIKDOW,3.5905423,4.513057
NACPEP,3.190535,2.3370843
LUKBAU,2.5959663,2.647801
VUJRIB,3.312714,2.8362396
HUMGIF,4.404979,3.8674583
JEPYAE,3.2580192,3.588142
MUCDIX,3.3347554,2.4088469
GEDGEB,3.3614225,2.0726118
EFUFOA,3.837894,3.48403
ERIBOX,2.7654932,2.2703953
MIZJIO,3.751634,3.782705
UBOXER,2.893931,2.2529805
DEWXOS,0.8566144,2.67705
DUNMEE,4.6259356,2.8962843
DEMFUW,3.321966,3.181489
CIYBUJ,3.362239,4.846878
TONCEE,2.3143284,2.1506128
UJAHIW,3.2746181,3.1763818
KOWNIT,2.7761056,3.3570676
ASOJAV,3.3369322,3.300219
FOBSUK,2.8275352,2.7057543
AXEGUF,3.1611466,2.9812982
KOBNIY,3.0261784,2.9406734
MAHZEA,2.5973268,2.482056
VEDHAN,4.3462024,5.405366
IXEDAS,3.0482194,2.2616308
HOSFAX,0.877023,2.4702315
BAMSAK,3.0705328,3.069508
PBPZMO,2.9524355,3.6670356
OJOMAC,2.2911987,3.777978
METLED,3.3551638,1.9482627
YINGIL,0.7537554,2.1292586
IVIBEU,0.63239264,2.3399582
CPETMO,2.3023553,2.8434966
SASHOL,3.1875417,2.5398052
ROJVUI,2.9382856,4.1513834
KEJMUI,2.516509,2.437093
VAHFIT,3.0933905,2.8108807
HEWXEM,3.0650907,3.108682
UBUSIT,4.0112305,4.269595
DALCIE,3.1559765,3.5186713
JUBZAJ,2.62862,2.4551187
TOZMUQ,3.171487,2.9259818
VAQRAH,3.4310837,3.9723246
YOMGUC,0.4609609,2.3675034
SUVDAO,1.9061576,3.196002
XIBCOB,2.0356839,2.2096915
XARVAO,3.598978,3.531746
SAFVIF,3.823744,2.5992827
VOHDOL,2.6729746,2.9196563
BILMIS,4.249058,4.694625
BAWZUW,2.0223503,2.897102
CEKMOU,4.142117,3.5008707
BAFKOJ,1.8835721,2.6425638
DANBEA,1.8098294,2.1224823
TIMMIL,4.160621,3.6656604
BUSDAU,2.927673,3.107557
KOCTIH,4.0670137,4.580376
HILKIW,2.999239,2.398128
OGIDIS,2.791072,2.6043391
ZUMNEC,1.8242513,1.6309468
KOQYUM,3.0171986,2.3695064
WEFWIN,3.1029143,2.5762832
COPTIL,2.3448052,1.9340725
TOMZUQ,2.5469859,2.2517529
JOLLOL,3.6125836,3.2126362
TOXHIX,4.1813016,3.10275
KUBMIE,3.5622425,3.2867327
JUBYOW,1.5194838,2.2781305
YORNOI,2.7559693,2.380779
MAXFAS,2.4939237,2.4699707
DENPES,3.6259172,4.2858152
SIKRAH,2.9513469,3.172348
GATGIU,2.3747377,2.009463
XUKBAG,2.9878101,2.9095244
LIVDOJ,1.4011142,1.7685829
BAXCUA,1.9543217,2.6942513
FUYQOH,3.4308116,3.2443388
KAZMIJ,3.0844107,1.9562111
QAFVOI,4.0324554,4.5090194
JOJRIM,3.008763,2.9537048
QATKUT,3.3086324,2.365746
MAYMAA,3.0694444,2.6433032
LAXBAN,3.6640131,3.9781108
NEZWAQ,3.7475522,3.1955972
VOBZIV,1.357576,2.6929832
QOMKAE,3.3086324,2.9801242
EFAFIB,3.9363992,2.8067737
HIGVAU,4.318447,4.502884
RUNMOD,3.8131316,3.0926886
ENAJIM,3.4743497,3.3848906
ICIRAO,2.7298462,2.7589252
WUYQIQ,3.027811,2.3229613
QEDMUH,2.0824873,3.118637
VIZPUP,3.5138063,3.116367
SAMCUE,2.6629062,2.4069064
EQAGEK,2.7690306,2.794535
QEQFAT,2.9309385,2.4253392
TIMMAD,2.3668463,2.7564883
KIJVII,2.5948777,2.9481318
OWUFIW,3.264822,3.338469
AFIGOL,3.6795237,4.130986
BOSCAO,3.2495837,2.5645301
OCUYAM,0.9972973,3.1271505
KERWUB,2.2841237,2.1070402
CUMMIH,2.9712112,2.1913636
GASRAV,3.8471458,3.3133957
RUMVAY,3.360062,2.778352
BOQRAB,3.149718,2.3218281
FUTWUM,2.850937,2.8795362
ZOKNUI,3.259652,4.3309865
QOFRAG,2.7037234,2.9047642
UMOWEY,1.8969058,2.2233913
GISNAX,3.1276767,2.9101903
QOFSAH,3.1480854,3.8501225
FEZROS,2.6460352,1.9850643
BAWGEN,2.8122969,2.2536364
CIXKID,1.5434299,2.2674809
VEQCAV,2.679233,2.4573162
VOLCOQ,2.1502438,2.578643
AYAKUI,3.8340843,3.4981534
RUJBAZ,3.3785658,4.941433
MIMYMO,3.7274158,5.082614
BAXCIO,1.8813952,2.57139
JAYSUX,4.227561,3.318089
BIRBEJ,3.7717702,4.890789
IVAPUQ,2.4359634,1.4130943
SOLTUI,3.0318925,3.5237794
HIVZOD,3.295571,2.5796385
SEFDAI,2.122488,3.4725108
SAPHUM,4.135042,3.8568633
LOQHEE,2.9121625,2.443069
LAZDIC,2.6776004,2.3394604
WICDUI,3.6071413,4.5782003
YUXNIQ,2.9758372,1.8826393
SOHZOF,3.7461915,3.0775342
WUQQOP,3.4286346,3.9937382
QOWYOS,3.150262,4.861804
IDOQEX,2.0797663,2.534047
HURJIN,1.6389418,2.6488557
QAPBUG,2.896108,2.8770616
GERHIX,3.1842763,3.718461
DEQDOS,4.1339536,4.894741
TONMUE,3.2659106,2.918586
SOYKEW,3.4036002,3.0332532
SIGTOT,4.0112305,4.2456145
LENKAS,1.8481973,2.1957765
PEGLEZ,0.4691243,1.6679832
YUNHOE,2.5429041,2.9526746
GENTUO,3.2324405,2.832588
IGUYUF,3.5072756,3.986051
RULJEP,2.5061686,1.9113877
XUHWUS,2.585898,2.6890388
TUWSUZ,2.3829012,2.463157
GEXYAL,3.4708123,3.170416
MIZCEG,3.9859238,4.672555
EFALOM,2.8114805,2.997409
YEDJEZ,2.9410067,2.1773
DANBOK,3.0054977,2.2901812
XUCXIC,4.012047,4.278872
XEVGOU,5.826774,3.9921741
CEYNAW,3.8561256,3.1947403
DOMZUA,3.4969351,3.825776
LATBIR,2.9505305,3.031913
CETYEI,2.80114,2.4898822
ESOTEL,3.5276842,3.451363
CUCXED,2.5581424,1.3342037
UPOHEN,3.629727,3.802165
QAZGAB,3.7529943,4.8569775
ILUDID,2.74835,3.688664
YAXJOZ,2.7946093,3.029682
BENPAL,1.2677785,2.7655566
KAZLIH,3.4397914,3.1965113
QOFYUG,4.0542245,5.2901177
IKAPOZ,3.7225177,4.378558
VUMBUA,4.0591226,4.9515715
GOZQAP,2.9603267,2.295876
DIJKEM,3.169038,3.3706448
FENFAH,4.3870196,3.7688892
VESSIV,1.8209859,2.2019682
XARTEQ,3.589726,3.7448485
BOKGOX,5.566633,3.505761
FEZJAX,2.9641364,2.3515928
QONSUH,2.3118794,2.107702
GUVGAH,3.3791099,3.6859689
PODKOI,3.6452372,4.7663198
UNAKAX,3.300197,2.6678658
MIZCOQ,3.6713603,4.565633
WAGGUG,4.3940945,3.535165
MITDOK,3.4895883,3.7870405
LOZCAE,3.9100041,2.5171034
TUTMAY,3.1089008,2.2220812
LOYZUU,2.649845,2.1043484
LOSDOO,3.8487785,2.5524487
SOMNOX,2.595694,3.410812
REYMAJ,1.436217,1.6386697
HITSUZ,1.9154094,2.199521
DIVXAK,2.7668538,2.3754776
TONBED,2.719506,2.474984
EFULUP,3.0177426,2.6932168
SONJIQ,3.0694444,3.014163
UBIXUY,2.105345,3.283182
BEXZEJ,1.1428782,2.3086123
ADOMIS,0.9796099,2.128955
VOPKUG,2.4931073,2.9593287
LEGKOY,3.1780179,3.212191
LIZGOR,2.5034475,2.7775447
CIYBIX,3.3804705,4.8837876
DAPSUK,3.405505,2.8624413
HARVEB,2.9072645,3.92823
LAWYIR,2.3053486,2.7873526
VEZMOC,3.5859165,3.385063
POTYEC,4.2599425,5.6352277
XENLEI,1.5066944,2.4336987
YOFWEV,3.7774847,3.5675159
QEBSUN,3.5342147,3.643873
XUTTIQ,4.2427993,4.7120504
PILBES,1.8756808,2.5929008
HEGMAK,2.089018,2.7202005
EHUYUB,2.2212656,3.5897703
JABDEW,4.1315045,3.5968463
WUQZOZ,4.0993953,5.1293716
QUSYUY,3.039512,2.5914388
LAPDAH,3.22591,3.1381197
XEDWEJ,1.8920077,2.820977
ROHJUU,3.3739398,2.851323
WUNBUC,2.207932,2.2039611
HOTGAY,3.3965251,4.6049876
HAKNOW,2.7211387,2.591722
XULGAO,2.5592308,3.0910017
MUBDUI,2.2577288,2.2580276
YUTKED,3.4348934,2.8630207
BAJFOJ,2.9557009,2.6607025
NIHLOF,3.4819689,4.030173
NUDTIP,2.8210044,3.78154
FENDUZ,3.8221114,3.607291
VOLYIG,3.8887792,3.7235389
YIGLIJ,4.1614375,4.689441
YOKQAT,1.5243819,2.8401425
RANLIC,3.3372045,3.3004913
CUKKAV,3.458295,2.4561088
YOSXAF,3.3687696,2.8239508
TULROI,3.2487674,4.300111
ENICEJ,2.4971888,2.5088918
SONLAK,3.0702608,2.9263825
QAVVIS,2.305893,2.2484655
HEDCIC,2.2411299,2.1333494
MEDHAF,3.4972074,2.7231016
ACESIK,4.014496,3.608435
ATECUY,3.3181565,3.312203
NESXUE,1.8335032,2.32343
NELVIL,2.805766,2.3327043
TIRYUP,4.2863374,3.5405
PEPCMO,2.5273936,2.5658789
VAYVUP,3.5614262,3.2935305
KOYBEH,3.4612882,2.9105039
UJEJEZ,3.0580156,4.419871
VIRBEE,3.5407455,4.293804
CIQZIO,3.821567,3.4213808
WEWZIH,4.263752,5.261368
WEHRUZ,2.478413,2.5162055
DAJXOD,3.044954,2.4742844
NOPFEF,3.2792442,3.6835246
ZITYOQ,2.2999063,2.4805174
BOYSEN,2.6939273,2.5240064
KIFMUI,4.6705623,2.9266691
HOZZON,3.1467247,2.3652375
MAKMOB,2.7284856,3.063926
AVOVUC,4.3911014,2.9189718
JOPFOM,2.822909,2.3240843
XAJDUI,4.397088,3.036565
QEFXIK,2.0427587,1.9449054
WUBZIE,2.1086104,2.7263875
DOXMAE,3.1176085,3.3266118
WUQZIT,4.236541,4.867732
XARTUG,3.8751736,3.402441
BUQZIW,3.0531175,2.6137516
POPTOD,3.0759752,2.8611724
UJOPAK,3.8153086,2.6744752
IYAXEN,2.461542,2.3130584
PILBIW,1.9480631,2.5521183
PECNUG,3.290673,2.4422092
NOLRIP,2.9763815,3.0145533
IMUJUV,1.9409882,2.8943942
TULRIC,3.3233266,4.267169
GUTVIA,2.7978747,3.4754333
PIZXUS,3.395981,2.757679
KISJEB,4.214227,3.6620162
GOFZAD,2.2043943,2.7164743
CEQDEJ,2.860461,2.387435
FIDPAK,5.735888,3.5297241
ZAQXAQ,3.9233377,4.8538275
RIYHOW,2.573653,2.4346967
KUBSOR,2.5771904,4.3363094
SUGNIT,2.858284,4.412341
AHEVAM,1.5954036,2.1462982
ILUNAF,3.3981578,3.7638798
IRAFIQ,3.4806085,3.7605531
CAKVUG,3.2604682,4.566839
HOZRUK,2.2022176,2.7524545
LERCAM,2.9761093,2.55783
ILUNIN,2.738554,2.12872
PIYHOU,1.0786593,2.1570988
ACUTAU,2.2980015,2.1049173
CAJSOV,3.7012928,3.1330001
ATIXAD,3.061009,2.9528353
YEMNIQ,2.89638,3.103382
LUGVEP,2.322492,2.2144604
RIXWUQ,3.6430604,3.7923145
AYAPIB,2.8190997,2.8352473
BAGFOF,1.76874,2.5686421
SEKREF,1.9867033,2.8363943
FOBVIB,2.9431834,2.8679686
BUFTON,4.565254,2.904714
GIYVIV,3.5597935,3.6651728
SOHZUL,3.9208887,3.2779374
WUJPIB,4.21586,4.5127335
QITXIC,2.2076597,2.3136907
ASEVEB,3.6215634,3.1965008
TUVKOK,2.1407197,2.47657
CONKAR,3.14482,3.1541142
FACJOI,3.8773503,2.9226098
UMOVOH,2.3102467,2.380426
NECLOX,4.0716395,3.7783554
REZCOQ,2.286845,2.366998
ILEGEL,4.0572176,4.787447
DOQGEY,3.204413,3.6444361
JOWNUE,3.8466015,3.2891412
OFAGIL,1.8588098,2.1151283
TIPYEW,4.1255183,4.7062187
COPSEG,3.0770636,2.1735504
PHQUMO,2.4503853,2.277938
YEKPOW,2.3290226,1.9815551
RUYZIV,3.9633384,4.963172
IBIQAN,1.8030264,1.9020623
FIHKEM,2.7156963,2.9626718
HOZSAR,2.2152789,2.925223
POJCEW,4.1842947,4.6370773
SECROI,3.610951,3.8257895
LOQMUZ,2.3984115,2.7120175
NEZGEE,3.4370701,2.4390466
MOQQAK,3.8204787,3.8569357
DETKIW,1.8422109,2.6594741
XETHUZ,3.8961263,2.6869764
ICCTMO,3.0582876,2.815105
SODRUY,3.3573408,3.0974998
KIVNAE,4.203343,4.8356395
YIQCEG,3.656666,3.9364963
JURCAC,3.3954368,4.6868734
BAKSUB,3.7470078,3.603222
UJACUE,2.5385501,3.806848
ZUGTIE,4.4972258,5.4116755
BOGHEK,2.385078,3.9360328
KIHXIL,1.0353932,2.3042445
KUJCEX,3.085499,2.626625
FEZHUP,2.8482158,2.3486824
LOSDUU,3.6879592,2.5346756
DELBIF,3.8963983,4.6161723
QAJLOD,1.9396276,3.5880823
JUBXUB,1.9902408,2.5233607
WONFEK,1.8577213,3.0051703
ZEHNEF,2.150788,2.631711
FOFMUJ,2.7788267,2.7791412
SIXYON,3.0574713,3.9788575
UBUNIQ,2.8865838,2.2344823
XESCIJ,2.915428,3.516951
DENPAO,3.7766683,4.0736933
BOVCAT,2.057181,2.2006776
PUWMID,2.8756993,2.3663754
KEYCUO,3.417478,2.2709754
XICXIQ,2.8857675,2.9582598
DAQGUX,2.7635884,3.0905142
CSMPMO,3.5804741,3.226735
EMULON,2.7418194,3.0577426
TIRTUJ,2.3241246,2.6365674
VUWSEM,2.6811378,2.8992736
GIJLAM,2.9271288,4.13868
TENDOF,5.888816,4.1506395
VOLXUR,3.7412934,4.091202
MARVUZ,4.361441,2.8624144
LURHEL,3.1899908,2.8624494
IGIQOG,3.1347518,3.3389792
KASCAL,3.1973379,2.3789964
XONBIL,4.8351912,2.735011
CETZEJ,2.7622278,2.3558068
NIPYAO,1.9483353,2.4828296
ZEDXAH,2.5483463,2.234696
SAZYOJ,3.2101274,3.4279034
SIPHAB,3.0139332,2.0245574
YAQQAI,3.6248288,2.9795084
MAKBEH,4.717638,3.0121846
PIXYEA,3.3355718,3.2146494
ESUNOV,2.081399,2.0322318
NIPKII,1.9684716,3.101365
MEVZUI,3.4806085,3.8834913
WAJJOH,4.5715127,5.6662326
DIZJEB,2.2805862,2.3296368
DEJXEV,3.39843,4.5572243
QILQOR,3.0607367,2.6954103
JUBXOV,1.8261561,2.1947324
ROQHAG,3.9257867,4.484627
KAZMAA,2.8612773,2.575238
ZAFVOR,4.058306,3.0946481
GOBMUF,3.7002044,3.495862
CPCYSM,2.4035819,2.7297173
DIZMEE,2.0748682,1.7224386
DINLIY,3.384008,4.640074
ESAREW,3.7170753,2.9253817
YEBGOC,3.2615569,4.6599646
ICOQEW,2.98264,3.218821
VURFIX,2.5453532,2.7139306
RIPCAW,2.435419,2.3556514
CECZEP,3.5192485,4.9105444
JAFSOZ,2.9339316,3.6469235
XEVHAH,5.792216,3.6884637
YEGLAZ,3.9755836,2.0499825
YUPWOV,3.31217,2.9260693
SERQAJ,3.883609,4.7672033
JIHLIY,3.7151706,3.9150913
IZOGOT,4.0422516,3.672143
SIXBIN,2.4865766,2.15152
LIJQED,3.3712187,2.4627192
SUGNAL,2.7608674,4.1425757
MEXCIB,2.4408615,1.4417782
VIFTIN,2.351608,2.2076542
RUYFAU,2.8971963,3.2934978
WUZPAI,1.9554102,2.3766217
MYCHMO,3.3589735,3.8740678
WEPPIT,2.0106494,1.6909287
MAVDUI,3.9451067,4.209302
EXUXAW,3.2792442,2.6155427
JAZSEI,4.533689,3.1089616
RIGHUN,0.99648094,2.6958127
REDXAZ,2.5480742,2.9035997
NACPUF,3.1567929,2.2477055
GIRLUO,2.1575909,2.618571
JICDAA,0.83076364,3.1158826
KEGWAU,1.8239793,2.4725683
HISPUW,4.738863,2.8746903
RIPBID,2.7429078,2.1589077
HATROM,3.9793932,2.665207
AKAROU,2.5249445,2.578151
SIKPOT,3.1012816,4.0888596
QOFRIO,2.7048118,2.891047
TIYTON,4.1500087,3.5990338
ROCWAK,1.1363475,2.3505685
VAYVOJ,3.3380208,3.2009747
PORKUD,2.621817,2.4475162
WIVVUT,2.9249518,2.5193133
MABRIR,2.657464,2.9027588
BAWKAN,2.3820848,2.2495332
XEKCAS,1.7246577,2.4449158
DUYYOL,1.6672417,2.3886666
ZAVJOX,3.0163822,2.6628315
QOMJOR,3.247951,3.202264
UWOPIH,4.2876983,2.6667798
FOVLIN,3.3497217,3.446282
DUKMUS,3.3412862,2.3707273
HIJBEH,3.9761279,2.9391727
VAHBOV,4.048238,3.835936
PIKFOG,2.9510748,3.0025237
BOHKIS,1.4441082,2.320337
BUVLUZ,4.304297,3.4437332
LIDPIX,1.1466879,1.9149139
GATGEQ,2.3891597,2.0890088
DEMDUX,3.5851002,4.2485237
NAPNEZ,1.2231518,3.22301
VILMUY,0.9543033,2.8064628
CEMTEV,1.1124015,2.0416346
AQEZED,2.7488942,3.33507
ZASHEI,3.9467394,3.0837128
DIHJEM,2.5453532,2.05583
ZOTFAP,1.725474,3.6412039
SEZLIT,1.8729597,3.004725
BOXHUR,3.2748904,2.965067
AYAPOG,3.3421025,2.926844
ZAVHIP,3.0931182,3.3042858
NUHPIR,1.359753,2.290536
XIKWUK,1.5782604,2.5341892
TOWSIH,2.354329,2.4579725
NESYEP,1.4993473,2.1482272
KUJCAT,3.0626416,2.5581043
SOTKIV,3.446322,4.6422567
HITBIX,3.0868597,2.3541462
QOJLUW,2.8041334,1.9873741
KEHQEV,2.3192265,2.6635559
JITHAV,4.1886487,3.561565
GAJQIT,4.1268787,3.1110408
YUJPUO,2.0141869,3.7193384
UDIVIM,2.9769256,2.0498939
FEXXEO,2.9962456,2.3235817
TEKVOW,2.7404587,3.260062
YEPWIZ,3.8242881,4.411395
ZEYJUL,3.8120432,2.3780332
TORDOT,1.1711781,3.0844662
SISBIG,2.7116146,2.7942865
SILVIU,2.5486183,3.4320986
DILYOM,2.038677,2.9037113
XIYLUP,3.1486294,3.869009
YAFMOK,2.60032,3.0360336
KIGTEZ,3.9524539,4.272849
LATMEY,2.8253582,2.8024752
AFESEM,3.3853686,2.5321457
DEWZUC,2.6990974,2.8786173
TEBSAU,2.5407271,2.0809674
LASJEU,3.1943445,4.9698267
KEJNAP,2.7690306,2.3573034
JASJES,3.637618,3.8977299
DOWKAB,3.304823,3.2721176
NACYAR,3.9783046,3.1424694
CACXEJ,4.357087,4.834696
ZAVJIR,0.53116626,2.194893
GEXXEO,1.1072313,2.0896866
BIFNUA,3.94293,3.887607
KEPQOL,2.9973342,4.822006
TOJYUM,2.4073913,3.4847252
DAMKUY,2.7815478,4.399045
NONDUR,2.9600546,2.8044868
KAKBIH,2.5170531,2.7282574
BAXDAH,1.9997648,2.6811996
ZAYCOT,3.2463183,2.4805639
ZUSBAQ,3.6139443,4.451662
REYFEH,3.317068,3.1226556
SIKTEN,3.5450995,3.300123
FIGQOE,2.5031755,2.278384
TUHJAI,2.2460277,3.302732
BIYYAJ,4.0814357,4.7382
HUJCOF,3.058832,3.4915092
VOGTOA,3.8778946,3.244347
LESGEV,3.7608857,3.0880783
LALTUO,3.0248177,2.3498018
IWEYAL,3.0680838,2.2050295
WEDXEI,4.3913736,2.912938
CIRBEN,3.8947656,3.3708758
EDURIE,2.8131132,1.9923466
ADOMEO,0.979882,2.1285548
CATBOO,3.5170717,3.0843358
LEKGUF,0.7738918,1.1386945
NIHLIZ,3.5810184,4.0811734
YIGSOW,3.6955783,3.3029184
NIRGIE,3.2495837,4.085697
COFNAO,3.240604,3.4821646
COCTMP,4.121709,4.5006437
HURJOT,3.7080956,3.3587563
XOZWIS,1.2851938,2.3145778
ENICAF,2.6435862,3.1258433
VEZGAI,2.982368,2.2963407
JOLYOB,2.9668574,3.05136
UHIKUS,1.5477836,2.384543
ARISOJ,2.7401867,2.3304813
SASHOJ,2.9374692,3.023147
DAXZUX,2.8359706,2.764913
FIMVIJ,2.7263088,3.8330667
ISEFAN,3.7478242,1.971685
BACLUN,2.3344648,2.5060234
VUQRUV,1.3241061,2.7669823
FUTSUJ,2.5031755,3.2658737
EMEGUY,4.2528677,4.693148
WONFIO,1.830782,2.8906531
MAYKUT,3.185637,3.1096613
XEVGUA,5.692622,3.7216117
KUFZUH,4.2223907,3.28222
RIWPIZ,4.55056,5.4803295
MEHXEF,3.3350275,3.2203074
NIPTAH,4.516274,4.649751
DETTOM,3.53748,2.4548385
ELOMOJ,3.4626489,4.2226114
KIDLIU,3.4626489,2.4596124
HUYVOO,4.7584553,3.320417
KAYXIU,3.2011476,3.3180506
VEXXAX,3.6569383,3.3705728
WEQBIF,3.472717,4.1651583
FUYQUN,3.4803362,3.2896569
PIYKEN,3.4879556,3.4002082
JEXPAG,2.2454836,1.5640389
IPUYIB,3.749729,3.4498708
BEQRIZ,2.0340512,2.659333
WUJPEX,4.2501464,4.3574047
NOFGIY,3.9676921,2.6746347
YAQMUA,2.7494385,2.4602187
DIZQAE,2.1352775,2.4638433
KUSFEJ,0.08734855,1.8324904
BINFAH,3.52714,2.8593633
CONMAT,4.1353145,4.50418
JAFTUF,3.19761,3.3736045
OSALMO,3.1565208,2.4523516
ZAZGUC,0.9047786,1.3508579
OZEDII,2.5314753,2.7811136
DUSGUT,4.1230693,4.5677547
YEJGAW,4.0591226,3.7042494
MELBEN,1.9222124,1.9304051
YEWRAU,2.8512092,2.5814738
ROMXOI,2.846311,3.0339608
NOWCOR,1.8443878,2.2296178
KIWCEY,2.9891708,2.2155426
QUCHED,3.238155,2.4411635
LOLCIA,2.6103883,2.5046372
MAYKED,3.2150252,2.852126
ZEXMAT,4.4256597,3.085854
DIYBAQ,4.3119164,5.062322
ZOGCUT,3.2675433,2.7849658
TIRDAA,5.8850064,3.710536
EGEBOI,2.3192265,2.4040473
KEJLOB,2.5869865,3.1391613
BAGFAR,1.962213,2.496353
XAKLOK,2.4811342,3.7484288
JEGPER,3.3755724,3.9951887
ROHSOW,4.761176,2.5349894
YORNEY,2.9314826,2.5502245
VETKUC,3.0955672,3.8220732
RUNNOE,3.916535,3.746471
TIRTET,2.4076633,2.9696915
XOTLUP,3.3069997,2.562349
LECZIE,3.099377,2.4647505
MAVGAR,2.3831732,1.9057367
EWOTER,2.8550186,3.451179
JINKEW,2.9527075,3.00445
EBAMIE,2.6250825,2.3759193
NACPIT,3.295571,2.3184772
FEXRIJ,3.1510785,2.5346544
TIHBOB,4.000074,4.1672444
BECNEC,4.072456,4.6751432
NASRIK,3.123595,3.9860716
WIVWOO,2.7486222,2.3772783
DAPTOF,2.8999174,2.4469988
JITKIG,3.006314,2.6251023
MIZRAR,2.628892,2.2284207
XOYPOQ,2.979919,2.2738848
QACFOQ,1.9088788,2.2528758
KEMKIW,2.942367,2.501411
BUFJUJ,5.2229533,3.2671106
GOBPEV,2.6664438,2.0035362
TEPVEP,3.536936,3.485656
FILBIM,3.704286,4.3886213
JOLXAL,2.552428,2.1311026
FOCMAL,2.4982774,2.5586286
SIKROV,3.0286274,2.9041405
PICMOD,3.6114953,3.796287
DEYJAU,3.1965215,2.2619333
NASPEC,3.7679605,4.8630857
ACILAZ,3.776124,2.710761
ADUFUB,2.9382856,3.4544601
VUDWUN,3.7366676,3.7777905
BENFEF,4.0874224,3.9156513
WAFGUF,3.840343,3.2189507
COSVAH,3.3069997,3.550553
WEPNOX,2.9146116,2.318577
BAXCEK,1.969288,2.6308358
RIGKEX,4.2528677,3.9290595
NATZOZ,2.6280756,2.3338413
IPAMES,3.7298646,2.4983125
QAZFOO,2.975021,4.8089995
RIVZEB,1.2345806,2.8877978
ZIYYUB,2.9263124,3.2051597
QOMGII,2.7306626,2.6932437
WOGNIQ,4.424027,3.831338
LIJQUS,0.8691317,2.2804189
PUYBUG,0.5929361,2.1924891
JODLUJ,3.6095903,3.4761302
CIVZOY,2.7736566,2.3203008
YEQGIN,0.9202891,2.4834907
OQOKUB,2.9222307,1.5901082
HALGOR,4.3459306,4.611149
FIVJOK,2.8740666,2.863437
JAVBAK,3.3845522,3.9045267
BAXBOT,1.8264283,2.3466585
MUBFAQ,2.4324257,2.5168476
JIVGAZ,3.1823716,4.4355855
METLAZ,3.716531,3.4016018
ZAQKOR,3.090125,3.663054
UNAVOU,3.567685,2.783623
ABIKOM,4.0066047,3.4240959
TUQSAZ,2.9927082,3.1805935
VIBWOS,3.2185628,3.0602806
QUSDOX,3.226182,3.2269726
QOLDIG,3.6438768,3.701652
KUZHAO,1.9948667,3.1128948
SUVVUA,4.8550553,4.930727
DERYUV,1.5186675,2.1859186
YAFPIH,1.9945946,1.8694752
HOSFIF,1.7760872,2.4604259
YUXZIC,3.2294474,2.8280451
CETMOB,2.592701,2.1040697
NUXMUO,3.5290446,3.8529322
NOXMIW,2.367935,2.3255086
BOKFOZ,2.1341891,2.2745953
ZILLIR,2.815018,2.2638562
KUBSEH,2.535829,4.326804
CFBXMO,2.200857,2.936356
ERIQON,3.1589699,2.7121515
GOBNAM,3.5415618,3.2883482
OCOYAG,3.4830575,2.218348
LAFNUE,2.9355643,2.4457984
WUYQUC,3.037607,2.8665934
IXUXEE,4.834375,2.7344766
XEDJUL,3.876534,3.8310883
MEWCUM,3.307272,3.8953514
NILTUX,5.482006,3.3447294
BIPZIJ,3.458023,4.449256
SOCQUW,2.858284,2.8682523
ZUVDOL,3.3260477,2.307582
DEHNEJ,2.6030412,4.119584
QEPHAW,3.1467247,3.9698772
AREJEN,3.1573372,3.787018
KONNAC,3.2395155,3.4236646
WUNBIQ,2.5105226,2.1468601
SAYHOR,1.9298315,2.2232175
WUYREN,2.7654932,2.5727699
CUDQAT,5.696704,3.1914904
NEDKEM,3.8904119,2.8306105
FOFMIX,2.7246761,2.8110192
IYURUP,2.6302526,3.7981677
BOFTOH,2.1989522,2.8515172
EFELOR,2.80114,3.5129783
DACZOY,4.2596703,3.1004148
WACHEN,1.8541839,2.1909502
MIPQUX,2.9551566,3.3317554
AJUJUM,3.1957052,2.0879378
XANWEO,2.8816857,2.3793056
TULCIM,3.4283626,4.6877947
GUGSEH,3.4044166,2.9531605
WIQGAG,3.01611,2.386672
ZOGDAA,3.6724486,2.6925766
TOHVEU,0.98668486,3.5954156
NEVMEI,2.9502585,2.2194908
LOQHII,2.638688,2.363169
FOCMEP,3.3426466,2.616011
JILJET,2.917605,3.3504612
KIWCIC,2.8003237,2.0576582
XAGJIA,4.03817,3.5309405
QASDIX,3.6721766,2.406519
HINTOO,3.3684976,4.6936283
VEZFUB,2.9026387,2.7961204
VADKES,2.6876686,2.8708115
YOFHEJ,3.3246872,3.2415035
NAZQOX,2.016908,3.7571867
WUCRIV,2.8405967,4.1987658
PHNOMO,3.8855138,2.596265
VIRBUU,4.0523195,4.6888924
YOYGAU,2.38018,2.6035602
MALWOL,3.8185737,2.93023
UCUWUK,2.925224,3.3329592
LOQHUU,3.1483574,2.645366
VUDQUH,3.0536618,2.4395025
OCUTIP,2.473515,2.6267376
EJIBEF,1.9886081,2.1581433
QIWMUH,3.620475,3.2772238
EZOWOF,2.9091692,3.4137065
TEZXIH,3.4898603,2.6387496
EBOLIR,3.307272,3.1868591
DOWKEF,0.90722764,3.1004066
ZUFWAA,2.7739286,2.1861453
IDAFEA,3.4694517,2.7053783
ZUHWEG,3.54646,3.5485456
XARTIU,3.0406003,3.5876598
LEVYOD,2.282491,3.2157915
GAHKOQ,2.9763815,2.119403
VOMREW,3.3450956,3.8612452
VEBLET,3.5257792,3.1104417
COPTEH,3.0479474,2.1919818
FEZPOS,4.90458,3.4166331
ZEGTUA,3.047131,3.1389163
YORTIK,3.0776079,2.3444624
CEHTUF,1.6054717,3.3807697
RIPYUN,3.1230507,2.4356215
LALVEA,3.0199196,2.2284849
KAZMUV,3.1347518,1.9628108
XEMPIP,3.0454984,3.1082354
ZAVKEO,3.5902703,3.5736744
YADSAZ,3.945651,2.7550192
FACCUH,3.6245565,2.4482288
CEKCIF,2.72005,2.865846
IZUQID,3.71381,3.6760476
PICMIX,3.7265995,4.0572557
DIGKIN,2.8882165,2.5670626
DARMAM,1.6405745,1.3455524
QOXXIL,4.2506905,2.922281
ZUDNIX,3.0727098,2.3153808
XOWNEC,2.621817,3.5557919
MIDLUI,1.4408429,2.3035293
ROCVIR,3.1535275,2.530939
ICIPIU,3.4710844,3.1747205
SAKQOM,1.9034364,1.9935716
ROCWEO,0.8952546,2.335785
WEHDOC,3.0362465,2.3918436
GUTSUK,3.0150216,2.4767663
XUTNOQ,3.2593799,3.153156
WIQCOQ,2.90155,2.175278
OREYAM,2.423446,2.7781663
IRAWIH,2.9195096,3.1030104
ATEDAF,3.7908182,4.390775
WACGIQ,1.8960894,2.1525772
MIDKUH,1.682208,1.9844204
HIMAMO,2.0389493,2.6463366
ETOSIQ,3.0792406,2.346212
KEFXID,4.4174967,6.059868
AVEXIK,2.915156,2.8163588
NESYAL,1.8827558,2.1747155
KEJNIX,2.912979,2.5443814
XANSEK,4.334774,4.702876
WARDIC,2.292287,2.9632127
OPXMOL,3.991094,2.8312201
ZAVBED,3.5222418,4.723791
FIRGIY,2.9725718,2.4240677
ZIBYAM,2.9717555,2.515428
WUNBAI,2.6444025,2.4097335
WIZTOR,2.5494347,3.0891562
LETQIK,3.2465904,1.8794214
SIXCOU,2.645491,2.379694
PMSIMO,3.8400707,4.824312
BUQGAX,4.567159,4.8589497
NIGMAU,1.8446599,2.7068603
ZAZGOW,1.8329589,1.542913
KUJBOH,3.1148875,2.2881854
CETYIM,2.8044055,2.5083776
LIHMOE,4.1592603,3.059543
ROFQAE,3.5491812,3.2752874
NASBEQ,3.9660594,3.127923
TAKLEW,3.0868597,2.5159428
WAZJUC,4.027829,4.682232
HEDCOI,2.6381438,2.2192955
XUJFAJ,3.7108169,2.5753121
ZAVFUA,6.1198406,3.5169835
DIBRUD,2.0846643,1.3772248
BUGXAC,3.7978933,4.416191
SALTMO,3.0669954,2.5915294
SEBHEM,3.2147532,3.53185
YUHLOC,3.1772015,3.5516598
EXURUL,3.9369433,4.6261153
MERXIQ,3.467819,3.777779
UDEQEA,3.2460463,2.4133093
XALRAD,4.308651,4.795163
HISQIK,4.318447,5.0315056
CIVQEE,2.1140525,2.322624
FIWNEG,3.795172,3.9455779
HADTUE,3.5546234,2.9821053
XARTOA,3.9878287,3.5644782
GIGROG,3.0517569,2.2252738
JEGPIV,3.2797885,3.9115171
BIWCEQ,3.2103994,2.7697265
HINJEW,3.9965363,2.6076198
SAYHEH,1.9064298,2.4205575
WORFEQ,4.1407566,3.9641018
WUHTOK,2.738554,2.915243
NIHLEV,3.4928536,4.2673435
GIRMAV,3.4920373,2.8979058
LOSFAC,3.7086399,2.5502753
YARBAV,1.9254777,2.26485
CUFSAZ,3.4958467,3.4092631
WIWQEA,2.5777347,2.3209255
REBYOM,4.67029,3.1096153
YIXHIX,4.504845,5.4898806
MACXIY,4.301848,3.7265234
HAGKOQ,4.4607625,3.2587476
QUTWIN,3.5173438,3.215255
YEDHIB,3.0748866,2.366182
MONWOC,2.1706524,2.1962311
YATMAJ,2.9116182,2.0664227
WEPMOV,1.9086066,2.5365973
VIFTOT,2.370928,2.1877995
ONEYOX,2.1135085,1.8744979
QOFREK,2.7069888,2.897018
ZEYGER,2.9472651,3.016287
NARDIU,3.661564,2.9156153
QUTXAG,3.5597935,3.2442498
ZEHXUF,3.5382965,4.192553
IDAHIG,1.9973158,3.422329
NIHTUW,3.5508137,2.5568118
HOZHAF,3.0694444,2.6693156
EXEJAS,3.090125,2.411101
OHIPUS,3.350538,2.3786755
EGEBIE,3.0188313,1.706363
BIMNUJ,3.4019675,2.5261264
NIXLIS,2.7763777,2.2696416
PAHHUE,2.6754234,2.7349606
UCEYEJ,4.1579,4.902235
BULNED,3.3233266,2.7630098
QAWMOS,2.243851,2.407312
YIKTAN,4.4656606,5.4595895
JIYZAT,1.9456141,1.9383458
DUNNUV,1.8386734,1.9394798
DURROX,3.0822337,3.792229
VAGLAR,2.1350055,1.9294487
OZEDEE,2.5265772,3.142581
PIYGEK,3.04441,2.7744079
WUNNAW,1.8852048,2.6707017
ADMTMO,0.26558313,3.2957852
XOZWOY,1.8373128,2.147943
FAPMEO,2.3426282,3.520301
VOGGAZ,2.8278072,4.233938
RIWPEV,4.5853906,5.3940496
EGUZIP,3.2136648,2.7634706
YUFBEH,3.7763963,4.799011
AKENEJ,2.569299,3.550034
EPOXEN,3.3094487,2.5957067
XUKBEK,2.9241357,2.9882054
QUMQIY,2.7997794,2.5894012
KUMLIN,0.55021423,2.92054
GEJBUS,3.4501317,4.5031223
YORNAU,3.0569272,2.5598123
VOTQOM,2.54753,1.9206101
BAMSOY,3.0054977,2.8571312
BOWWUH,1.9826216,2.9838064
HITBET,3.0313485,2.418071
OSEQUZ,4.1527295,4.0834866
KURFEK,1.9665669,2.4909637
IDAPUB,2.8468552,2.8954382
SIXCAG,2.7439961,2.3405485
WETFEH,2.4463036,3.5794535
GUFDOA,2.387527,2.9506612
KUKDIF,3.5260515,3.20573
KATNOI,3.204685,2.5962741
HEXCIX,2.6710696,2.1443624
NISJII,3.1861813,2.5737357
NAZNUA,3.2517607,3.4817579
DTBZMO,1.8427551,2.193262
QUTWUZ,3.0623693,3.023142
XANQAE,1.9507843,3.4858072
KIDMAN,3.4313557,2.2805288
JIQLOK,3.5339427,4.587174
SIKSEM,2.9769256,3.0729673
FOFDUZ,1.7611209,1.6864264
JAZROR,4.265929,3.1794908
MUQRUL,3.047131,3.0561154
FEWPUU,2.9488978,2.8062344
RINKOQ,2.8860397,2.2336025
WEYHEN,2.5962384,4.249583
MOJROT,1.8952731,2.845788
QIXLUF,3.7265995,2.4072242
ICEVAP,3.9119089,5.175211
SAWFEB,1.9045249,2.1401224
MAPVII,3.8727245,2.2633214
YAFMEA,3.491493,3.2739887
KAJQIW,3.4422405,2.57282
ULOQET,2.8093035,3.3561594
VOCTAI,3.8038797,2.6802495
USAZIY,2.9116182,2.0724742
REDWIG,2.5461695,3.0182352
BAXDOV,1.8027543,2.3259854
RABLIL,2.414194,2.479823
JAWRUU,3.0283551,3.7689366
NECZEA,1.335807,3.048147
FUXMUH,2.2482047,2.3981798
TIYTEA,3.4093146,2.261972
MAKBUX,4.6947803,2.7186809
MAZTIT,4.052864,4.1174197
OTUHER,1.9858869,2.4524758
YODCIE,3.056383,2.6720295
RATTAJ,3.4838738,3.46707
ATUPAG,1.8813952,2.78711
OKAPEX,0.96627635,3.3154721
SAYHIL,1.9001712,2.3864894
DEMDOO,3.2591078,3.5208106
VUHWEB,3.9764,3.269608
REVVET,2.489842,2.4505246
RILSUC,4.3745027,2.4435282
DIBSOY,2.1023517,1.3781354
BAXBEJ,1.797312,2.5115874
GEPSEZ,4.073272,4.6091
BUQGEB,4.559268,4.844119
BABQIF,1.981261,2.8663056
LAWFOG,3.1396496,4.208715
MIWVAS,2.7140636,2.2008696
NEMGIW,2.8063102,2.7746804
DEPJEN,3.5616984,3.23377
OCOXUZ,3.49884,2.1970563
ZUSBEU,3.895038,4.30667
NUJFUV,2.961415,3.1153815
OGIDAK,3.0552945,3.0909684
MAWKOK,3.312714,2.5287435
YEBQUU,3.6425161,2.4389367
HAGDUO,3.7225177,2.800667
CEFHAY,2.6999137,2.3502815
HUCMIB,1.940716,2.4177904
KEKBUX,1.8141831,1.7065727
CEZYOV,3.78075,5.719189
DAJYAQ,2.7676702,2.261027
YIYZUB,0.8617846,2.0437799
OHIREC,3.1241393,4.014133
XOYZES,1.8895587,2.355438
KIPWEL,3.4278183,3.1913908
LAFTER,4.3559985,3.6244102
WIXCEL,3.7336743,2.4455826
LERCEQ,2.901006,2.24679
KAXFOF,3.244958,3.564247
SOHZIZ,3.4278183,3.3764563
FARREV,4.0838847,4.8378577
QEKJAS,3.6419718,2.7401721
MAKMOA,3.0713491,3.102966
ICOXUU,1.8647963,3.1594355
ETOTUD,2.8697128,2.1483078
VARVOZ,2.3148727,2.477132
NIPXUH,1.9447978,2.2680721
SONROC,2.5853539,3.1167161
CAPKOT,3.5431945,3.3364317
FUQLEK,1.8430272,2.714961
AVETIE,3.1739361,2.755021
CETYUV,2.9020944,2.9225123
VIFFOF,4.0670137,3.5689816
SIRZUP,3.5255072,2.993237
FAJGUT,2.7012744,2.7839708
YUDZED,3.9464674,4.757547
MEMZIN,2.7396424,2.5188851
ATIWUW,3.0367906,2.9787076
LOLCAS,2.6868522,2.5509238
JEWPOR,2.9935246,4.369047
BUYMOY,2.8261745,2.271094
QAJVAB,3.943202,3.461688
JIVFAY,3.9091878,4.5999627
VACLAN,3.8109546,3.4578004
PECNEQ,3.3325784,2.5419781
DIJFAD,2.8928425,5.02094
MENLOG,4.533145,2.8250341
VIYZAE,3.7837431,3.5310373
XCECMO,3.1157038,2.7538886
KAZMEF,3.2321684,2.0206196
DUQDAW,1.4740407,1.9455884
NIXLAK,2.796242,2.271569
GOZCUV,3.0523012,2.4262247
YOFMEL,3.145092,3.5297308
OGEXUU,3.4259136,4.8541827
VIVZIL,3.0008717,3.9964898
PABWUL,2.9399183,2.6432877
ERUDAW,2.2982736,2.1567867
YUYBAX,3.0223687,2.801809
KIBNOY,3.2087667,3.509441
HIYNIP,1.8247956,2.192644
KEJMIW,2.593245,2.2548661
INASIA,1.625064,2.661832
NAKZAA,3.8147643,3.9848673
ZEPSIW,4.070823,3.4468503
ZEZSII,2.3736491,3.4997253
DEYHUM,2.8071265,2.295095
ZOMFAL,2.920326,2.17779
KEWLUU,4.073817,4.057076
MAZFOL,3.0365186,2.2547271
LAMYAZ,1.2664179,2.7255843
XITBIL,3.943202,3.693444
JUQGIN,2.5535164,5.1425223
VIYYOR,3.672993,3.5927896
ATUQEM,3.890684,3.2221003
XOYPIK,2.3820848,2.8550696
KUYNUN,1.9154094,3.7034132
GUZRUO,3.1562488,4.2193575
TAWNIO,4.4697423,5.0609026
BAHCIW,3.314891,3.2567005
XADCAG,3.4517643,2.8243701
QOMGUU,3.1597862,2.7538688
QAWYES,1.9056134,2.4181256
GATHER,2.743724,2.1225967
JUQGUZ,2.2724228,4.2651763
NEVJUT,2.985089,3.6774685
DIMCUX,2.2062993,3.1039639
SOKPOY,3.651224,2.9977705
CIVZUE,3.1200576,2.2606418
SAGBEK,2.9524355,2.7426114
UDODAT,4.3687882,4.923328
IXOKUB,4.0977626,5.0029993
YORPIE,4.251779,5.1453104
GOBNEQ,3.6966667,4.2212086
DOGNOC,2.7807317,4.550574
UPOGUC,2.5486183,2.9490993
PEBDEF,2.7562413,2.8778684
VAMCER,3.5064592,3.1261778
BEVYOQ,4.435456,3.8261323
GEPCEJ,3.4289067,3.4567683
KENHEQ,2.2830353,3.1806135
TOLPIT,2.941551,3.1539047
WEDSUT,3.9584403,4.2422934
NOLQAG,2.8190997,2.3688555
VINJAE,3.2604682,2.5073652
RUZGUQ,3.7483685,2.550117
JUFXEN,3.4348934,3.104696
POPYEY,2.7774663,2.6598501
MIKBEO,2.917877,3.1242187
ZOJROI,2.7350163,2.161695
VEFMEY,3.6547613,3.1846075
XUKTIG,2.666988,3.2933102
DIXBUH,2.3458936,2.896664
MAXPAD,3.4136684,3.266808
RATVIT,3.1195133,2.3098326
JONSAI,2.81529,3.5455663
FOMDOA,3.2498558,2.8691056
ROFNOP,3.4430566,3.0334811
CIVKEY,3.0144773,2.5906112
JUBYEM,1.6541802,2.3724692
VIQZEB,4.065381,4.8215075
SOTQOK,3.2057734,3.2055202
ZACSEE,4.2267447,2.6704295
ICOPIZ,2.7929766,3.16197
IPAMIW,3.7132657,2.7641778
VIYYUX,3.61857,3.7117014
NIBWUZ,3.6003385,3.7694185
VOBGUR,2.2977295,1.748577
NARFAP,3.568229,2.2499259
BAKGIE,1.861803,2.68224
ZEHVOX,2.7978747,2.6879132
TIRSUI,2.6400487,3.0192337
FIKKOA,2.2974575,2.2202258
KIXSUG,1.9684716,2.3356278
KAVZOW,2.243579,2.3908463
NACQAM,0.11755319,2.0898416
MUFKUU,4.2302823,2.62685
QITSUH,3.515983,3.4923778
SIFTOS,2.9605987,3.1736538
DARTIZ,4.1927304,2.6295643
BUPKIH,2.9935246,2.854082
HAXSIJ,3.1818273,2.3304548
FOGFUF,3.0678117,2.3747582
IRUCEE,2.9902592,2.298684
GANTEU,2.7045398,2.9115539
MOMGAW,3.2942104,2.6855671
RETZEV,2.2155511,3.153594
VOXRAD,4.378312,5.074505
XEKCEW,1.8084687,1.9953746
DEGWAN,1.6715955,2.0113225
QOPDUU,5.5105777,4.4289856
TEGXIN,2.2805862,2.1794038
SAYGUW,1.940716,2.493013
JUBZOX,1.7047933,2.230251
DETTIG,3.2751625,2.1486506
OKUTET,3.0030487,3.8240597
PEPCES,2.7224991,2.3323061
KOLPUW,2.5420878,2.0987847
ZAXPIX,2.939646,3.23756
TIYTIE,2.9625037,2.2757325
BAJGOK,3.6036038,2.6987948
SILVUE,3.1241393,2.0507689
BASJOU,1.8310542,2.0052767
PXCPYM,2.7570577,2.260459
RURCEM,3.5864606,3.6870131
BEBXAI,2.961143,3.8075523
PERSOU,3.9687808,3.278742
UDIVOS,3.2150252,1.9097214
PIKRIN,3.98674,2.2150688
EGIFOP,2.1994963,2.786072
ROQGIN,3.1146152,3.8467877
FIGQUK,3.06373,3.3292742
LOFLIC,2.5418155,2.8706212
DUGSIH,1.7105078,2.2150059
TUKCOS,3.5627868,3.5411596
JOJPUW,3.2321684,3.9764583
WIYROL,3.4259136,4.3338566
YORMUN,3.0601926,2.5666387
ZAVKOY,3.0275388,2.6814842
FAWRIE,3.4430566,3.1609359
WUNBEM,2.5097063,2.5828142
JEBJAB,3.2615569,4.2044125
PEDTOH,4.2313704,3.7495484
CEPHEM,1.2900919,1.8719355
KEJNET,2.7883508,2.5337791
BAMGUR,3.1652284,3.151328
TORDIN,1.8158158,2.1602275
FOVLEJ,2.4509296,2.094842
CETZOT,2.7684865,2.508989
POFJIG,2.994341,2.2244883
CAFLAW,3.395981,3.2637773
VUZBAU,2.9698508,3.0145802
FOSTOW,3.5908146,3.216351
WAZLOY,2.495556,3.2426114
VELKUS,3.293394,3.0805666
XAMKUT,1.510232,2.232068
LEKCIP,1.082469,1.3787898
KUBBUF,3.2656384,2.3929791
VIJBOG,3.659115,2.7770612
WOFWOE,3.2612846,2.4850936
MITFAY,3.2686317,3.2157435
SUVROR,2.9260404,2.5512345
WUYQOW,3.18346,2.604197
AHETIS,2.021534,2.2701297
ZESKOK,2.8101199,3.613851
LIMFEU,2.8944752,3.1518214
YAJRAC,3.9464674,4.05309
KIDLUG,3.7636068,2.524978
EYEQAA,1.8563608,2.080311
YUPXAI,3.2471347,2.8145487
WEPMIP,3.14999,2.39404
QEDMOB,1.9254777,2.7288196
COQPIH,2.9382856,3.0578756
DOSVOW,3.7279599,2.5409808
ZEYYIL,3.4838738,2.0914953
EQEKAO,3.166589,1.6010933
PIYPAQ,2.248749,2.1748066
MEBBAW,2.9355643,2.486763
XEDWUZ,1.8794905,2.9501014
DUNPAD,2.057725,2.4727688
SAYJEJ,3.0748866,3.562958
QITSER,3.558705,3.5425038
QOMJIL,3.1940725,3.0025895
TUKBIM,2.552156,3.0497375
MARWUA,4.1910977,3.0895236
UKUMUJ,3.0297158,3.261065
KAVZIQ,2.198408,2.4186199
PECNAM,4.9859424,5.252794
PIZVUQ,2.6830428,3.0184808
VEGGOE,2.8054938,3.4846377
REBYUS,3.713538,2.654276
OJACOR,3.7276878,2.8006754
KUYSII,4.2841606,3.0513914
KOYDOR,4.117355,4.841399
BAJGIE,3.5227861,2.9736593
KASCEP,3.187814,2.4122143
EZIGOK,4.2408943,2.2300029
WUZNUA,1.8950009,2.2166946
MONWUI,2.384534,2.145554
ZEXMEX,4.357631,2.5735586
HITSOT,2.774473,2.6353583
QOMHUV,2.432698,2.468728
VOSDAL,3.795172,4.5313597
ZOJNUH,2.2092924,2.4337077
CEQCUY,2.8503928,1.983141
SONKOX,2.7331116,2.1928282
ACURIA,1.9826216,2.3058672
MABBUO,2.9946132,2.3682773
ELOMID,3.4569345,4.729223
UMEVOZ,3.5048265,2.3199232
EXUSAS,4.000618,4.6218977
UWOTEH,2.9159722,3.842289
UDAYEE,3.2389712,3.5591185
SOXNIC,3.0925741,2.9334455
YICRUY,2.8120246,3.972988
WERMOV,3.42673,3.2170942
PUNDOR,1.9181306,2.819616
POLNAF,3.0498521,2.6950617
HECTEP,2.6947436,3.0719433
MIZQOE,3.5306773,2.8413434
NOBSEC,4.425932,5.0225763
ERIQIH,2.944816,2.5641284
TOKYIB,4.012863,2.8345761
MARWAG,4.2983108,2.8908775
ASEVIF,3.6890476,3.5644326
ZOCBEY,2.4593651,2.8501856
LEGVIC,3.460472,3.2032964
ROBHIC,3.8947656,4.675492
REVTUH,3.0569272,2.4595413
LAYXOY,2.2329664,3.6243403
XATVAP,1.5823421,2.5711417
JAZSAE,3.8495948,2.734464
JURBUV,3.4588394,4.8755403
POPWEW,2.289838,1.8375467
NAKBIL,4.3010316,2.513312
BOWWER,2.573653,3.054066
LIBXOJ,2.736649,2.5283754
FAJGOO,3.6362576,3.1961093
VETJUB,3.1075404,3.7964232
BOVBOG,1.9159538,1.8593738
PEBMAL,3.6713603,2.932676
AZNIMO,2.8718896,2.711787
CAMDEA,2.0604463,1.8731991
CBUMOA,2.654743,2.22866
PIBGAJ,4.337767,3.8986008
WEMTEP,1.9608525,1.6081535
SISZEB,3.0191033,2.3033578
HEPRUP,3.1298537,3.1927326
HOSVEQ,5.7707186,3.1875947
EWULOX,4.242527,5.1526904
LAPCUA,3.1965215,3.184713
RASZOC,3.0835943,2.6965127
DEGWER,2.0041187,1.9248344
VEPLOT,3.9442904,2.962357
XEDYIO,3.2354338,3.6162648
CEGVIU,2.8185554,2.9539752
NONGEE,2.9159722,3.6196012
METHOJ,3.4188385,3.3549013
MOSGIK,2.9869938,2.56746
YEZXEI,3.2362502,2.8837912
SOHHOO,3.6308153,3.2208939
UYIZAE,3.434077,2.527664
PIJYEN,3.1701264,2.555233
ZEQXIC,2.038405,2.7355304
WOCCIA,0.9050507,2.6182709
LAMXUS,1.5616615,2.7381387
LIBXUP,2.5559654,2.3826137
AGACAO,2.8887608,2.2320514
KEHQOD,3.9494605,3.3274891
EXEJEW,3.0460427,2.485005
ZEYSOO,3.577753,3.2374425
KOYDUX,4.141029,5.2192316
UBOXOB,2.6903899,2.2012503
RIWNUJ,4.2719154,4.8551264
YEBTAA,3.5712223,3.1729739
BAGDUJ,2.3578665,2.7353525
XPROMO,3.4169338,2.5038967
PEHKIY,3.5366638,2.9011037
VULPOH,2.4073913,2.4370518
OCUWIS,3.5309496,3.3892205
KEQCEO,3.6008828,2.7867603
TABTUL,3.9712298,3.7579036
WOJFEJ,3.7276878,3.5147262
RUFHUV,3.5091803,3.5570276
JUSQET,2.0373166,2.611272
ROQGOT,3.783199,4.5584135
KAXDOC,3.49884,3.2342308
PUGVOC,2.8430457,2.071399
IGOZUB,3.3510823,4.005755
WITZII,3.8901398,3.8991866
PEQNAD,3.5075476,4.4201202
LIBGIM,4.0063324,3.9772325
HADVAM,3.0245457,2.9746325
KOWXIF,3.9260588,3.0110404
UFOPUA,2.8291678,3.2484207
HAGDOI,4.094497,3.6658669
PEVNEJ,3.4661863,4.208704
OHAPAO,3.577753,3.247911
TUQSIH,3.1219623,3.1636243
RUZDIZ,2.6250825,3.0010207
CAWSAU,2.430521,3.561952
JEJROF,2.2901103,3.449376
TURMOA,2.899101,2.9496195
YEJVOZ,2.8041334,4.107891
TIMJEE,3.0569272,2.8631968
DAKHIG,4.4177685,2.8465223
IGUZAM,3.3347554,4.053561
YURXIS,3.7799337,3.1712987
NAPZUZ,3.9347665,4.240325
RURROL,3.6019711,2.8533337
LOSDII,3.8993917,2.7672584
MAXFEW,2.1763666,1.9385772
SEPRIR,3.0669954,3.1918008
BEHFOJ,3.4626489,3.4144683
OBINAO,2.9173326,1.9590995
IRAWON,0.9328063,2.8400347
BUQZES,2.1069777,2.3309028
KOCTAZ,3.732858,4.230655
WABLAM,2.50889,2.408588
MAFXUN,3.8797994,2.4927478
CUYXID,4.217221,4.6724396
NOLSUC,3.5899982,3.047305
OKAPIB,2.9625037,3.3488686
XITBEH,3.954903,3.877347
KALTOH,2.243579,2.2081673
JALBEE,2.1937819,2.0783076
JOQYIX,1.9268383,2.3861365
VIGXEQ,3.9500048,4.890193
NIMNIG,2.6650832,2.3110857
HOZROE,2.506985,2.4270394
XOTMAW,3.145364,2.4840772
CIZJUR,2.814746,1.9573431
AMAXES,4.3078346,5.371317
HOHZUA,2.5135157,2.2448134
AKAGUP,3.6471422,3.5030003
FIVSEJ,3.0512128,3.5504975
KITZET,1.8865654,2.6845474
ZEGVOW,4.194363,3.1198657
WOWVIP,2.9197817,2.347219
GIFXEB,4.0066047,4.5466
JEYROU,2.3804522,2.7591796
GUVGEL,2.0479288,4.4067717
ZOPMUM,3.5026495,3.98083
ZITXOP,4.0754495,5.7402945
XOYBUI,3.2517607,2.868145
XOPPUO,3.9728625,2.8578484
HIXQIP,1.6626157,1.9810344
QUKMOZ,2.9861774,2.5227659
FOBLIS,3.8468738,2.8160222
ZUJPAV,3.1227787,2.8632455
VIPWIA,2.7625,3.0041723
BAJFID,2.8740666,2.711306
VIPWAS,3.1113498,2.989788
DAMBIC,3.5165274,3.2002423
LUFMAA,1.9121441,1.4099888
XUKGOZ,1.9654784,2.4844236
FUYRAU,3.573127,3.6624885
NICVIF,3.4406078,4.376134
ASEVOL,3.6716323,3.5474455
YUDZAZ,4.426204,5.142224
JEMBAH,3.2177465,3.2119796
GECSEM,3.859935,3.3582075
MOVMOB,2.3126957,0.8134959
BEJXIZ,2.3352811,2.9987402
UWOPED,3.9802094,2.6681824
GELWAX,3.018287,2.3748755
HUGSEI,3.8901398,4.399862
VUTDOF,2.8601887,2.8296494
EDAKUP,3.128221,3.0469577
ICORAU,2.3954184,1.9732094
VIJBEW,2.9695785,2.8798459
GAFZOC,3.4514923,2.9494824
TFMCMO,0.25007263,1.5905311
FAKBAV,1.4824764,2.2705734
JUFCUI,2.0762289,2.2567909
QIBWEE,3.1459084,2.8940482
TEPGED,2.7537923,2.6429038
WIQFUZ,3.109173,2.4259608
VIPWEW,3.1494458,2.9117844
POPWIA,2.0525548,2.0696883
QOFQEJ,2.693111,2.7804887
FEWLIF,2.817739,2.9315834
DAKDUQ,1.8405782,2.0940886
IBUDEP,3.4841459,2.290093
YEBSUT,3.5636032,3.1248486
DIDVUH,3.917079,3.243463
KIFSIB,4.13477,4.194323
KOKSIN,3.4161174,2.5080154
JUQGOT,2.3820848,4.1320524
PESVIS,3.214481,3.4286904
SUGNEP,3.0925741,4.5112996
DEWZOW,2.5339243,2.8732996
APUQAD,2.9238634,2.186561
SAYGAC,1.9826216,2.3770027
LIDROF,3.90048,2.9275167
YUVBUN,2.1940541,3.3682914
JEPXUX,3.2340732,3.5200183
NIRGEA,2.3219476,3.4795103
LOSXAU,3.0895808,2.3281083
PEJXEH,2.2405856,2.7634726
JIGBAF,3.0792406,2.2735765
XULFUH,2.5777347,3.1225052
TECDIR,1.7401681,2.1289172
PITYEY,3.3546197,3.3055599
ALOFAI,1.7322768,2.1972024
TIGVEM,4.114906,4.3612366
DAKDIE,1.7964957,2.1586285
JAHWOE,2.9766536,1.9438074
IPAMAO,3.936127,2.952612
WICFAQ,4.548111,5.409917
NIRGAW,3.2552981,4.01431
VUMWIK,2.3437166,2.2875774
WAXWOH,4.2436156,3.3613603
VIJDOI,2.4797735,3.6459908
FIVFEV,3.4933977,2.8132856
DITQIG,3.2495837,2.8049054
QITXUO,2.0057514,2.2164397
RUXRAF,3.3366601,2.9307122
RIPZEY,3.2082224,2.4436038
TURMOB,2.7254925,2.626377
KONMUV,3.4514923,3.2719812
RABLEH,2.538278,2.419557
FILBEI,3.9897335,4.9756656
HUPMUB,2.688485,3.3957322
VIRBOO,3.5358474,4.3709726
NAQWAF,4.4923277,3.52744
OWEQAJ,3.98157,3.6066413
DEYPEC,3.1820996,3.7436118
VAZYIE,2.019629,2.4642713
NOPXUM,2.311335,3.1415713
ROPVID,3.00196,2.2976937
JITKOM,3.0365186,2.6540883
XEDWIN,2.3140564,2.9200947
NOWDEI,3.5306773,2.8357825
HOSVAM,5.422413,3.1604223
SOHGEB,1.8198975,2.3650231
AMUKAV,3.6651015,3.5356433
EWULEN,3.98157,4.822647
BULKAV,3.5633311,3.0472512
OHAPES,2.2473884,3.0162451
TUHHUA,2.3818126,3.7250762
GAGJIH,3.5121737,3.1305459
TOLPEP,1.6699628,2.0807812
SAKXIM,2.454195,2.5718212
RETJUW,2.2735114,3.6921048
FENFOV,4.406068,3.7826867
GASQOI,3.5981617,3.2723327
XACZIK,3.4248252,2.793794
AHOCEH,3.9445624,5.0515804
JAHHAC,2.9766536,2.7788715
LAKNUI,2.4313374,3.024777
HIHRAU,3.8349006,2.7570596
HAZYOW,2.5853539,2.025506
VUHVUQ,3.5554397,3.2693813
FUXMOB,2.3140564,2.677606
JOZTEZ,2.867808,2.805439
QEPDIA,2.578551,2.947102
KOYGAG,4.132321,2.4079497
ESARIA,1.8511906,2.1230733
ROKDOK,3.840343,4.067386
LUSRIA,4.0251083,2.98053
VESTAO,1.8873818,2.2065926
WUNBOW,2.5641289,2.6770308
COPTOR,3.0737982,2.1533046
JIQLIE,3.4732614,3.3299758
PIWMIS,2.9962456,2.532051
TERJOQ,3.8264651,3.7086687
COPSAC,2.9976063,2.2111804
IPAMUI,3.8008864,2.8312788
TEXLAJ,3.8887792,3.5513954
VIZMAS,3.3284967,2.5517573
SUGNOZ,2.8259025,4.2168183
DUYYIF,1.6571734,2.4146805
DENQAP,3.63272,4.103539
DIZBAP,2.324941,2.9081855
NARWAE,3.0337975,2.8260143
UJAHES,3.1513507,3.1256332
FIRJOH,2.8411407,2.1510699
TULRUO,3.3728514,4.6292014
YEQGAF,0.81960696,2.755497
GASREZ,3.921705,3.2814777
ZOTRUX,1.8147273,2.394795
BUFTUT,4.586479,2.8472314
ESEGIS,3.4514923,3.1163807
YOPJIY,3.2090387,2.5888336
JUBYUC,1.6571734,2.3892431
ROGVAK,3.0329812,2.6046026
QOHQUZ,2.4525623,3.1153204
OBULED,3.6237402,4.108656
HURXAU,1.4544486,1.4724411
JODXIM,1.9295594,2.567734
CBUMOB,1.9042528,1.9629458
SITVUM,2.0639837,1.821211
WIZVAF,2.6258988,2.9178941
QEQCEU,2.650389,2.0002913
KEMKES,3.0512128,2.8190687
AGANEB,3.775852,2.3655572
BABQUR,2.0041187,2.9413114
FUGHUK,2.183986,2.868064
YEGNAB,3.003865,2.5163975
IXOWIC,2.6305246,2.5264485
YUYBEB,3.0245457,2.9231758
BEVJUH,4.18239,2.6303356
UVENOA,2.8109362,3.3936057
BAGKAX,3.1265883,3.084723
FOBTAR,1.8667011,2.3573754
WIHTAI,3.7891855,4.613041
ZIRTEZ,3.3812869,4.088172
GUFDAM,2.671614,3.0176384
YAMVOX,2.3905203,2.6344304
BUYCUT,2.0087445,3.0151463
RUZDAR,3.0558386,3.0741928
QIFWIN,2.7273972,2.6542163
AMAXOC,3.869187,4.592606
WARWUI,1.4144479,2.6669059
XAXMUF,3.6879592,3.1548853
TONMOY,2.975293,2.863658
IFAPUD,2.628892,2.36028
ROPVOJ,2.9570613,2.464648
XOYBOC,3.2340732,3.2664943
KEYKEE,3.025634,2.6818378
HIJHUD,3.6223798,3.7298925
QEQDUL,2.7973306,2.7569413
SIRMEL,3.3657763,2.7857208
HIJGUC,1.9581313,1.8023791
RILVUG,2.7812757,1.7291359
ZEYSII,3.4659142,3.260407
BIYQEF,2.8452225,3.3926058
CIXVEM,3.0174706,3.0274444
AQADOL,3.202236,2.5287018
OCUTEL,2.9339316,2.6260476
JEWFEW,4.036537,4.34989
JOCHEP,2.4841275,1.9336905
YAFMUQ,2.3559618,3.3042288
NUXNEZ,3.9445624,4.187539
ZITYIK,2.2215376,2.4458556
DILXUR,2.0631673,3.1433122
UFONIN,4.053136,3.1157436
YIXHET,4.7663465,5.136615
LORKOS,2.934476,2.538797
PUBSIO,3.1576092,2.572795
ICOQIA,2.9532518,3.1473622
TUHKOX,2.425623,3.4468608
MAYMEE,2.757874,2.3036206
WOCCEW,0.8857306,2.5412278
GAQSIA,2.617191,2.1919434
CEWJIA,4.741856,2.7509592
LOJDOD,3.0490358,3.0295525
SIXBUZ,2.7342,2.3267565
RUPFAJ,2.107794,1.8268347
VIHNUX,2.8944752,2.3396995
CHPFMO,2.1924214,4.099865
MORDAY,2.6414092,3.0258462
JUTJUF,3.0623693,3.1468954
VILMOS,0.9548475,2.8055453
IJUZAO,2.6920223,3.298413
XUWJAC,4.215588,3.1358628
EXETUX,2.2370481,2.628897
MAWYOY,2.2612662,3.149878
VUYCEZ,2.5679386,2.2750492
BIPHUF,4.0215707,4.243403
XUQYOX,3.1342075,2.3379977
FEKMIR,1.329004,2.93975
SACQAO,2.7154243,2.2523282
PHSFMO,2.8259025,3.0615716
SIXCIO,2.7943373,2.4463172
DIBLEG,2.7078052,2.4667044
FEZKUQ,2.6664438,3.4756575
GUPMOT,2.351608,3.497086
YUSCIY,4.280079,3.1573308
XEDXIO,0.75049,2.2583437
IVEZUE,0.8704922,1.982807
JIDMAK,3.577481,3.219433
DENMUE,3.3325784,3.1703005
MABKOQ,3.737484,2.4586627
XADROK,4.0827966,4.4262347
FUSLAG,3.1344795,2.199698
BOXDUP,3.5611541,3.6745615
DUQCUP,1.7752708,2.002249
WENMEH,3.1113498,2.9571497
KALVAV,4.3263383,2.8223972
BAKGOK,1.8977221,2.6392262
YANCUL,3.9793932,3.2382927
GEQKES,1.9026201,3.133162
RUFWEU,2.4833112,2.5359535
KIJXIK,2.239225,3.2975216
DAYFUE,3.159514,2.974615
UDOHUS,2.8468552,2.8049672
FOGRUO,3.2781558,3.876306
DIZMAA,2.0090168,2.1641693
SAYHUX,1.9061576,2.5598629
LONHEE,2.936653,2.254134
MITQOV,1.928743,2.4727707
FIPLEW,1.5570356,1.833135
PUTZIO,3.5099967,2.728491
BIMMES,2.8471274,2.853259
SONJEM,3.5227861,3.1902342
JULNUB,1.7526854,1.9989824
ILUMUY,3.4694517,3.5179641
RUPFEN,2.0688818,1.9586346
TUKHAI,2.7815478,2.3903584
ODUPUA,3.7059188,3.3640332
YEKQAJ,2.743452,2.2359648
JIYZEX,1.9799005,2.1535068
TULCOS,2.3780031,3.1057405
XACZOQ,2.9099855,2.6128056
DERGAI,2.9088972,2.2487624
WOLZOO,4.2642965,3.885505
BIFMEJ,2.7396424,3.2692494
MUCDET,3.3249593,2.5039675
VELKOM,3.96225,3.4720626
AVOREJ,2.1265697,3.1828697
NOWXAY,2.0579972,3.1435394
APRYMO,3.7053745,3.548059
PUFLOR,3.6699996,2.8716917
OFOFAQ,2.1018074,3.421141
RUCKUX,2.9159722,3.1922398
MAFYAU,4.2955894,3.5519018
HALGIL,4.383482,5.026704
XURFIB,3.1222343,4.012777
NEVMOS,2.9208703,2.3811426
PALHOB,1.7311884,2.453635
SITHOU,3.7064629,4.0216804
WEPMEL,2.9557009,2.6979437
HEGKEJ,2.463719,3.2986865
DUYMEP,3.4278183,3.1831431
RILVOA,2.8234534,1.478145
FIJQEW,3.125772,2.5326097
PCESMO,2.2359595,1.9254397
LETVOV,2.5078013,2.8520482
JEGSAP,3.7690492,3.8714445
PODZUG,3.044682,2.2543895
OGIDEO,2.8648148,2.7065513
VOLZAZ,1.4664216,4.210662
DOJGEO,2.676512,2.6748114
DEVQOK,2.0326905,3.012998
UDETAA,4.1497364,3.985694
PUSVII,2.9328432,3.0919077
LESYIR,3.3007412,3.9314547
SIYCOU,2.392153,2.7808921
NECLUD,3.6223798,3.7151875
TOLXAT,3.5260515,4.013098
FAQDAC,1.9964994,2.7874336
RAQSUA,0.7654563,2.612313
NURSOK,5.566089,3.4364185
MIKPAX,2.9105299,2.323841
QOFQIN,2.655015,2.9590166
PITXAR,2.6490285,2.708367
DIFKIO,4.452599,2.917375
VADRIB,3.883609,3.1164227
AXUXIA,3.214481,3.2553923
VOGTUG,3.6879592,2.9749548
ZIWKUL,3.4729893,3.5834775
CEQHAH,4.58403,3.600945
VOLYUS,5.020229,4.80841
SOWSON,3.8248324,2.9671178
JUTKEQ,3.1927118,2.9388025
DEDZAO,3.5075476,2.6997135
DOBGUW,3.2060456,2.7551978
BABCUD,2.6014085,3.3341193
POHSUA,3.2052293,3.1685338
RAGTUP,5.235471,3.1418629
YOFWAR,3.5505416,3.3610384
AGOFOU,4.093681,3.46486
IFIMER,2.2174559,3.1473064
FEJKUC,4.2403502,2.8391883
YEZXIM,2.6204565,2.1174188
XEFKAV,3.8128595,4.0150967
HOVWUL,2.5445368,2.937182
ZIWSAZ,3.243053,3.0369787
WOPYUW,4.5609,4.6388063
IGIQAS,3.0133889,3.1619005
ZOZCOG,3.5450995,3.5545118
IFETEV,1.8209859,2.5175617
GIZVEQ,3.0906692,3.101352
ZUNWAG,3.852316,3.8709297
BIRLIX,3.0025043,2.8838372
FAVWUV,2.7992353,4.0281997
UKUMIX,2.9913478,3.4933043
CAJROV,3.1837323,3.4896073
HADPAD,3.5314937,4.15816
ROCVUD,1.5047897,2.3845694
KILXIM,2.9086251,3.2865417
QOMJUX,2.8860397,2.5685983
GEXXIS,1.931192,2.2999012
ZEKJUU,3.2732577,3.0448964
JAFSUF,4.1236134,4.0905657
IPUYUN,3.5581608,3.3429782
GAWJOG,2.6354227,2.443184
ZABHOZ,3.1899908,3.123085
JIKDUC,0.3553807,3.4185572
TEXPAO,2.6863081,2.291227
QAZFUU,2.9747488,5.042995
GEBYOB,3.8588467,3.8380322
RURCAI,3.792723,3.4453876
QAJREY,3.2384272,3.1403205
FERREZ,3.1894467,3.4658315
FELVOH,3.3426466,2.6012099
DAVMIW,3.2517607,3.0154324
TCYPMO,3.0275388,2.8098502
VONVAX,2.6131094,2.215908
BESJIS,3.556528,3.2407763
YAJRAF,2.4248066,2.6326256
DOPXOX,3.4419682,3.5409102
PUXZOX,3.1456363,1.7570989
OWEPOW,3.5021055,2.9755821
AXEBAG,2.8487601,2.237041
EKIVAW,3.3619668,3.8716922
EXETAD,2.1880677,2.789917
GIVHEZ,3.4738057,4.1110334
HENPOF,2.4786851,2.3096485
OFODUI,2.0966372,2.9036703
CIMWAW,1.9657506,2.2388487
VUVDIA,4.0838847,3.6484165
NEXFIH,2.7567856,2.4150717
NEPPII,1.9442536,2.8094509
PAWPAF,3.3235986,3.4386332
DAHLAA,4.6852565,5.120734
MINHEW,3.0152936,3.1951609
ROCWUE,3.04441,2.4313529
POYFEO,2.8038611,3.4743383
WEFNIE,2.4604535,3.4339118
DIBRAJ,1.8702385,1.3548961
BABMUO,1.6683301,1.7261817
DAGROS,3.9301405,3.2575924
WIVBEI,3.405505,3.216875
LAQVIL,2.576102,2.3346815
DOTMEF,2.6582804,2.9082208
CUDFIQ,2.2699738,2.2620697
QEQCAQ,3.4354374,2.3961067
COVZOC,3.120874,2.820529
XEPVAP,3.9083714,3.0268233
BAKVOY,3.4686353,3.43616
VUFMEP,3.4414241,4.100459
JAZRIL,3.1080844,2.7271144
GEQKOC,4.043612,2.3011007
YUVROW,3.943202,2.8326528
LIBGEI,3.4327164,3.220824
PESVEO,3.2340732,3.3235955
MODBUF,1.9720092,3.1134837
HAGKUW,3.3665926,2.894682
EBOWIB,4.41151,3.5363593
RAHHUG,3.5026495,3.211
XADBEJ,2.712159,2.4946625
SOSXAZ,5.8754826,3.3220627
BEYFOA,2.645491,3.0188613
SIRYOK,4.4776335,2.6947453
XUHWIG,2.7456288,3.0802596
HOGMOF,2.1965032,3.010296
BAXBUZ,2.035956,2.4986537
VUTDUL,3.0925741,3.8687863
TCMOFM,3.039784,2.8072846
TIRTIX,2.492563,2.8931808
TIGVOW,4.1282396,4.6580505
MOZDUC,3.723334,3.0175722
DIVVIQ,2.6898456,2.3775194
LOPPEL,2.6275315,3.2011623
FEDXER,3.81422,3.2940447
SECSAV,3.372035,3.0864716
TOWSED,2.7442684,2.9464254
EMILIX,3.1581535,3.2035272
BONFEP,2.4337864,2.7897494
CEGVEQ,2.8060381,2.5718167
FEVTUV,1.7132288,2.106246
ZONGUG,2.9524355,2.929813
AVORIN,3.3464563,3.5124314
PILBAO,1.4977148,2.261613
FOTVUF,2.4226298,3.6272068
LOBPAT,2.1758225,3.3315532
XAPZAP,3.8387103,4.374878
QEPWEP,3.286047,4.050257
OSEQOT,4.1576276,4.1140537
IMOJOK,3.5453715,3.1871395
KIHXEH,0.6302157,1.5652361
CPBUMO,2.9159722,3.1982682
CINDAE,3.3418303,3.809709
BENGOQ,3.0101235,2.6914973
GASQUO,3.8259208,3.262348
LIWWEV,1.9246614,2.888763
HUCMEX,1.9001712,2.4056203
KEZNOU,2.8065825,2.9271517
QOKPOV,2.9869938,2.761566
CIHVAT,1.6628878,2.5266583
ZEHZUK,2.9260404,2.264986
BAVRAR,2.222354,2.21625
UDITUW,2.7086215,2.985174
JEJBIK,2.5431762,3.2965982
OJEVUU,2.0247993,3.3175101
DEQBEG,0.28327054,4.204241
NOLPOT,2.4555554,2.0805447
ADUJEP,2.430249,2.8331647
TASXIX,4.516274,4.1703124
ZIRTOJ,3.3187006,3.9733996
WAZZUV,3.106996,2.3651834
SIKQUA,3.2601962,3.9029665
MUSQEX,4.3954554,3.7690568
RERGIH,2.292015,2.6669385
LIBQUJ,2.60032,3.2223136
QIZDIN,3.754355,3.9103851
HIGXAW,2.7257645,2.1136858
WIQMEQ,2.9518912,2.4858944
MITFUS,1.7203039,3.0747812
GIGRIA,3.0220966,2.1969862
EYEPUT,1.8441156,2.090208
GOBHAG,3.434349,2.6977212
KETQIJ,4.062932,4.7885237
GOZWOH,4.073817,4.2734923
JENXUW,1.9886081,1.6519223
LONHAA,2.896108,2.1993108
ELOMUP,3.417478,4.812541
XEDXAG,1.2756698,2.6570168
CONKIZ,3.737484,2.8902533
LENDAL,0.5575613,2.8433475
WICRUY,3.0106678,2.2882838
DEMFEJ,3.283326,3.6173115
BOPYEL,2.8346102,2.5127358
FEDGUR,3.618298,2.3549366
HECZOF,3.0811453,3.3167493
EYEPON,1.8335032,2.183178
YUQZAN,3.1529834,3.0960999
EJOSAY,1.7627536,2.9951358
AMAYET,4.329876,4.832221
VAZSOE,1.2729486,3.7343493
PATBOD,3.0871317,3.170889
QOFROU,2.7048118,2.9030287
GIYBOH,1.2492747,1.9983873
FOQFOG,3.5480926,4.077802
HOZREU,2.2835796,2.5317762
JIVZEW,3.7875528,4.013551
XOQFUE,3.321694,3.6601017
BULNIH,3.3728514,2.3804197
WOPZIL,4.626208,5.1413126
WETSAS,3.0838664,2.4527237
MAZBIY,1.9135047,2.5880194
GIGPUI,3.8746293,2.4830198
MBTAMO,3.4553018,3.3976693
KAKGAE,4.1783085,4.794316
KITXIU,3.169038,2.581488
WUPVIM,3.169038,3.018629
ZEJGAY,3.7287762,4.766946
MUHDIE,1.4726802,1.75134
HITBOC,3.376933,4.311323
PZBCMO,3.2003312,3.9408875
YIQCAC,3.7010207,4.061038
WESBIG,3.7464638,3.7632744
BAYQIB,4.057762,5.0890846
UFUFIK,3.7576203,2.9145586
FEZWIQ,3.056383,2.8273041
SIKSIQ,3.0770636,3.1179354
NESBOC,2.7657652,2.8415205
SAJQAW,3.2531211,4.2019725
WOMTAT,2.9899871,2.9791048
POJYEV,2.1608562,2.6022038
ZEPMOW,3.1393776,3.6132288
ZEFBAN,3.0596483,2.4645224
ZEPVOF,3.0977442,3.0645263
AFEKAA,2.8743386,2.0366251
QUCHIH,3.240604,2.4473097
FOFWUS,3.1510785,3.3144794
KERWOV,2.6890292,2.1682606
WEDSON,4.0547686,4.5472884
ROKDUQ,3.319517,4.2723465
VITYIG,2.9050877,2.5269294
CUWHIL,4.8977776,3.162555
MIZQUK,2.922503,2.4543295
TEZXON,3.6049645,2.7187831
OWUFES,3.4474106,3.0854182
REXSES,3.9366713,4.2072
VAJQAY,3.2090387,4.560665
SIHLAY,3.1440036,2.2731826
SONJUC,3.133119,3.1605792
VINRER,4.1524577,5.071707
NUXNOJ,3.1464527,3.3756454
SOBXEM,2.0707865,3.413361
CUCTUP,3.1225066,3.5414119
NEZVUJ,2.635695,2.9467976
FUQLAG,1.8476532,2.745223
ZEYHOC,1.5641105,2.7871935
PZBMAL,3.5886376,3.6312017
KUWHAL,4.351645,4.0229797
OBASOB,0.8253213,1.9037868
JAQTIH,3.307544,3.1826377
AHEVIU,2.801412,2.2240715
BIMHOW,4.4340954,5.4108424
CALPEN,3.3138027,3.3117132
RAWJIL,3.3470006,2.285657
JUQXOI,2.4574604,2.8864565
SAMPOM,5.025671,3.2360396
XESCUV,2.7260368,3.035575
FATFEM,2.0819433,1.8351784
KELHIS,4.5472946,2.9491897
BIMRIY,4.003067,4.72882
VUHVOK,3.537208,3.1684003
XEMXUJ,3.429451,2.3975215
YEMNEM,3.5442832,3.3996649
WOFPAK,2.213102,2.8354955
CACKID,3.5948963,2.2903934
NIJSEH,2.9742045,4.3866043
YEZWEH,3.0482194,2.0368996
ERUCUP,2.757602,2.4854257
KALHOX,4.533689,2.7932618
WEJGAV,1.5545865,4.1923633
YEWDAF,4.092048,3.4328983
EGUFIV,2.6803215,2.9159336
HZQUNC,2.7625,2.361084
TEPVAL,3.4803362,3.2118754
HUPNOW,3.2114878,3.5960999
GIYBUN,2.8571956,2.2740295
CMOHAL,3.8768063,3.0877824
RATVOZ,3.1167922,2.2466679
FIZZAQ,2.3045323,2.28051
DICYUL,3.334211,3.9724126
HPIBMO,2.3341928,2.6602035
MEWBEV,3.3706744,4.040783
BODTUL,2.5853539,3.6396093
CUDWEF,2.5301147,1.7983339
HAFRAH,2.984817,2.6921344
AKENIN,2.5374618,3.0790725
HINVEF,4.433823,2.8718927
VITQAQ,4.0468774,4.483422
LEMXUX,2.7853575,3.1020517
LOTQUI,3.6680949,3.8300061
FEGQOA,3.3235986,3.6997578
AYUTAR,2.414194,3.3641157
WEMTUF,1.9129604,1.2188361
YUXZEY,3.1766572,2.7755291
TUKMOB,2.9284894,2.285591
XAMKON,1.7657468,2.71889
GEPNUK,3.9780326,2.4984374
ZIPDAD,2.5061686,2.6082752
MAKBOR,4.6564126,2.781482
MUDDOG,3.0427773,2.3570943
ZOQKEV,2.8512092,2.2126055
NEKGAL,3.3306737,3.2531352
ILIJUJ,3.405505,2.6977258
NAKBEH,4.2939568,2.5957432
VEGGEU,2.760595,3.4993033
KEJMES,3.080329,3.0682366
ZEPJOW,3.3538034,4.3077145
FEJLAJ,3.8988473,2.6097486
QOMHAB,3.3064556,3.0708392
COSXEN,2.7254925,3.1175432
IFEBEA,3.3301294,4.0011053
SOVSIG,3.730409,2.512574
POJYAR,1.8873818,2.7468703
VOVSUW,2.7135193,2.507849
BOQREF,3.1355681,2.3463595
HIHZON,4.093953,3.2158332
SACMUE,2.9137952,2.5261872
YEBXOV,2.3992279,2.2496562
OFAGOR,2.9352922,3.2467883
WUNMUP,1.8476532,2.9795167
LOPFOM,2.2484767,1.9209561
SAMCOY,1.8607146,2.288474
FUMFUO,1.971465,1.901089
CHMPMO,4.2297378,5.2453556
KEQCIS,3.4806085,2.7962265
DIZLUT,1.9080625,2.4723387
QEZSIY,2.7537923,3.0430396
CAGVAH,2.8280795,2.813986
WOLPIW,3.551358,4.4183908
OBUYOZ,2.8038611,2.8208954
EBOVEW,3.2035966,2.7732828
VEWKOX,2.574197,1.7041539
IMOTOT,3.5470042,3.5403614
ZOCBUO,3.0689,2.879917
TUQSED,3.080057,2.7373612
LATBOX,3.597073,3.1907501
HOGNEW,2.0756845,2.411784
UVEJAI,2.043031,2.1260808
PABWOF,3.1867254,2.6341336
DESLIZ,3.1440036,3.7320662
LUNHUX,3.5649638,3.4354692
DIBSIS,1.928471,1.3023696
PUBSOU,3.0914855,2.7616086
VIXROJ,4.004972,4.689516
FUSKUZ,2.977742,2.704547
CIRXAC,1.9962273,1.774324
ICUCOY,3.0574713,3.348645
ZEWFOW,1.665881,2.5589385
QIYHAH,2.7404587,2.8095818
YERYOJ,2.5407271,2.3282638
WALNEF,3.0465868,2.3390768
WOMBAD,3.9919105,3.6497111
ZIGPEK,3.2354338,2.6065917
KEHSUM,3.4338048,2.250751
MINWUB,1.3183917,2.824187
KAYMAY,3.4996564,3.6209772
XAJKAV,3.1557045,3.8554382
ELOMEZ,3.3731234,4.6370964
XARSUF,3.8123152,3.5156162
WEPNEM,2.3214033,2.0800927
VOBZAN,1.214172,1.9601166
ERIREE,3.2340732,2.8909667
WARDEZ,3.323871,2.2637599
MEWBUL,3.2939384,3.8509035
XESXIE,3.1682217,4.1208577
MUNMUF,3.8150363,3.5060525
FUBNAR,3.0030487,4.544799
VULLOD,4.6131463,5.6372657
QOMHIJ,3.4738057,3.0696712
SIKQIO,3.123595,3.5256553
RUYDUM,3.9347665,3.7995987
LAPMUK,2.3146005,2.5994036
JOBZUW,2.5671222,2.1289382
VALJEX,2.303444,3.3751442
GIGMEP,3.9521818,3.2162077
QOGHOJ,1.8947288,2.6015375
NAVFIZ,2.7644048,3.0444868
UVOVOS,3.7238781,2.4320157
ROBGOH,4.5609,5.3414435
CANVIX,2.95815,2.3313868
GEFBUR,2.158135,2.2293863
YUSWAK,3.2128484,3.6300673
DAQHAE,3.1254997,3.4319854
WEJBUL,3.23108,2.87017
CEBZIT,1.9578593,3.60677
BIQZUW,3.118425,2.4789338
YAFLEZ,3.9725902,3.4046826
BOWWAN,2.7107983,3.0111392
KAJTIZ,2.9048154,3.6010594
GIXRAG,3.7600694,3.8421397
HAZGEU,3.0580156,3.2330093
PIFTIH,3.5595214,4.4628534
MIZJUA,3.2808769,3.9596636
DOSVUC,3.7344906,2.518689
DIBRIR,1.947791,1.4509784
ICONUJ,3.8397987,3.7343102
XOMKEP,4.5943704,3.4428194
QUKMIT,3.2112157,2.472308
BIYMOM,3.488772,3.618195
ZIPFAF,1.940444,2.6194038
DUSHAA,4.828388,4.9196787
ODUJUS,3.1469967,3.7721167
ZEYGUH,1.8149995,2.7817125
AMAXIW,4.3268824,5.375146
QAYMAE,1.7298279,1.8462703
UDITIK,2.7216828,2.8883822
HOZRAQ,2.4435825,2.5817077
TOXHET,3.8286421,3.4253616
LUJKIL,3.5772088,3.089053
TEZQAT,3.802247,3.8264956
WOYKAY,3.4400635,3.6212134
CILYEE,3.1301258,3.6729605
EWULAJ,3.687415,5.0507436
FEHFIH,1.0206991,3.5467834
TAXFAZ,2.7448125,3.8016806
CIQSAY,2.7567856,3.4723372
VIDGAQ,2.7230434,2.476327
ZEYYEH,5.0439024,2.9094455
DITQUS,2.7886229,2.6882315
UFUXOK,2.7562413,2.906011
BAWKER,2.863454,2.2262783
QAJVEF,4.0308228,3.4803689
KIJCOW,3.059104,2.1098318
JEBCIC,3.6963947,4.3789687
DAYGAL,3.3069997,3.0892892
ATUQAI,2.7140636,2.9751475
FEGQIU,3.4920373,3.8154342
YOVHAS,0.9921271,3.1161232
NUHCUO,2.88223,3.5315259
FIRGEU,2.9399183,2.4589937
XEKCIA,1.7986727,1.9773285
SILXAM,3.0732539,2.4946685
LECSOC,2.6046739,2.3622007
XIWTAZ,2.702907,3.3718936
QEJRUS,2.8501205,3.2878456
UVOVUY,3.5763924,2.3844135
JEXQEL,2.1929655,2.0270152
REHQAZ,2.8487601,2.5394971
KUYSAA,4.6931477,3.291946
CIQZOU,3.5328543,3.3372629
EZETAE,3.598978,4.866225
NEMHAR,2.2185442,1.3804866
ESEHAL,2.471066,2.904147
AQECOO,2.4103847,2.1471791
CEPNAM,3.4166617,3.4682622
WUSFUL,2.5442646,2.4483688
POSVEY,2.5244002,4.0339465
XANQEI,2.9747488,3.6438487
MILXIO,2.5970547,3.8147469
KUWHEP,5.534524,3.6316643
VEQBIC,2.3535128,2.1220753
VIJBIA,3.6218355,2.9283895
YUXZOI,3.2631896,2.8924553
MITQUB,1.7355422,2.4447248
AKARUA,2.3594992,2.453848
TONXOL,3.4207435,4.014495
NEPPEE,1.9026201,2.6589825
YEKPEM,2.4359634,1.9765515
BIKMEO,4.363618,3.8220975
GEMBEG,2.2691574,2.7075784
PEVPAH,1.8468368,2.2057688
ATEDEJ,2.9600546,3.4355958
TAJPIE,3.7268715,2.4025323
RAXHED,3.694762,3.1091528
UVOWAF,3.5467322,2.4046025
PEMLIC,3.2808769,3.7101839
MAKLUF,3.1469967,2.9068925
TOZNAX,3.109173,2.9330962
QOFQOT,2.722227,3.1202137
WUJRAU,3.0367906,2.856597
SISKAJ,4.383482,2.840689
JEWPUX,3.469724,3.137548
RATGIC,2.6351507,2.4168189
YEBTEE,3.4384308,2.8405802
VOMJEM,2.1970472,2.108888
CALSIR,2.7837248,2.498734
ZIPDUX,2.963592,2.7147484
OHUKOS,2.2359595,2.3470993
UKAJUM,3.8806157,4.744032
ZIRVIF,3.314891,3.6579094
GECXAN,2.320315,2.5263157
WUZYIA,2.4310653,2.6938212
PUFLUX,2.9298499,2.9555078
SECQIB,3.456118,3.1757731
XOSRAZ,1.7692844,1.926434
HASWON,3.2376108,2.8042252
PILTIP,2.9091692,2.3635337
IREFES,3.6411555,2.935084
PALHER,2.289566,2.3110957
ZILLEN,2.9018223,2.1691356
BAGGIA,1.7717334,2.6559982
KIGDUB,3.3924434,2.5049694
YUDDOS,2.918149,3.6388712
EBAMEA,3.1061797,2.2171218
SIKTAJ,3.6936736,3.2507358
OKEXAF,2.9948852,2.4277678
KAPKOB,3.3655043,2.6277351
WURJIC,1.9570429,2.7852302
IYEREK,2.2735114,1.9055891
YEJFOJ,3.5391128,3.7034914
OLUBAZ,4.277902,4.0073376
IWAXEK,5.804733,3.0276194
OCOXOT,3.5002005,2.1773388
VUPXIN,4.577227,5.427061
ULORAQ,3.1352959,3.5175245
GUYLAN,3.4278183,4.9648986
UJAHOC,2.2901103,2.8535252
TABQUL,2.9622314,3.5265892
TAGDIQ,5.8825574,3.8212583
JOQXAO,1.8647963,2.9794006
TEGXEJ,3.037063,2.3912792
OCOYEK,3.4993842,2.2544208
KUYSEE,4.5745063,3.15392
VACMAO,3.6487749,4.7730794
TAWHEF,3.9617057,4.8155813
GAFBIY,1.7292836,2.064468
EVISAE,2.9565172,4.310542
GUTVOG,3.245502,3.0410044
FORTAJ,1.8432993,0.76361775
NIHMAS,3.7064629,4.2597866
QAZFII,2.955973,4.8335505
FIWTAH,2.0479288,2.8490846
ALDPMB,2.638688,3.7943482
LOQHOO,2.9976063,2.569595
HOZRIY,2.4133778,2.5528245
YUGYAA,2.5635848,2.7844565
JOTRUI,1.7232971,3.2417507
KIWJOR,3.8806157,4.2750754
BIDYAP,2.8046775,2.2768574
PUMYUR,2.860733,3.121118
KAYYAN,3.692313,3.6039677
APYBMO,3.8961263,3.5424037
BAJGEA,3.5478206,3.0252676
LOZBUX,3.8485065,3.6612616
JOZTAV,2.8000517,3.1890042
HOZSOE,4.691515,5.3750095
ZISTAY,3.9377596,4.217309
ERIQED,3.3113537,2.9469028
QOFQUZ,2.7045398,2.8946717
RAJZAG,3.126316,2.3881571
WERHUW,1.8705107,2.9339943
FUVBUU,2.2541912,3.5908523
HOVSIU,1.8147273,3.3096933
NEYJOQ,2.2882054,2.1175416
ZIPDEH,4.265113,3.814171
LAQTOM,2.793521,2.6035464
GIXTAI,3.5663242,4.888814
PUSVEE,2.9940689,3.508743
DIBSEO,1.9994926,1.3604869
LAPNEV,2.148611,2.9213367
JEXPIO,2.282491,1.814875
QOMGOO,2.6495726,2.6010609
SIYROJ,2.693655,2.2318835
YUPWEL,3.3755724,2.935934
XEMPOV,2.8163786,3.2209353
SESZAU,2.246844,2.6237288
GADTAG,3.1518948,3.304234
HIHWOL,2.590524,2.5938523
DALCEA,3.0923018,3.8839784
BITZIP,3.878711,4.206666
BECKEB,2.997062,2.9118016
KIWDAV,2.1543255,2.104803
JUQHAG,2.7189617,4.0847964
POJXEU,2.3497033,2.5077944
SIRCOL,1.7818016,2.2747462
MIKNUP,2.7254925,2.4224255
QEJBEN,4.132049,4.869017
IJINUL,3.1342075,3.1868987
HUPMIO,3.061281,2.9839444
ATIYOS,0.89852,2.3103466
QITXOI,2.3842616,2.325313
JENYAD,2.5839932,2.4183872
KENKAP,2.386983,2.0973248
SISBEC,2.1216717,2.85222
NOBSAY,3.6038759,4.1591225
CEQGUA,4.4360003,3.5593092
SOTQEA,2.4463036,2.4769545
TIRTOD,2.2522864,2.7879252
FIJHAK,4.0942254,4.505883
HALTET,4.088783,5.288926
ATEDUZ,3.0316205,3.0069427
YIVTUS,3.1679497,2.7342675
NIBWOK,3.324143,3.6965017
DUMZOC,1.9630294,3.4698596
POJCID,3.5208812,4.6963773
JUBYIQ,2.9127069,3.5217338
QOMHOP,3.1774735,3.066605
MONXIX,2.3287504,2.035537
CIWROR,2.753248,3.9371977
ROBHEY,4.6874332,5.046555
SAVNOS,1.0155289,2.722546
COZFUS,3.2163858,2.6794505
OXIBEE,3.2661827,3.7616677
YORTOQ,2.9589663,2.3351262
TOJZAT,1.7083309,3.047528
ABIPEI,2.289838,3.2233458
MUSHAK,3.08305,3.0707076
QOJLOQ,3.9402087,4.7245765
HOSFUR,1.2596151,2.3085923
RUZDOF,3.0863154,4.2060575
TACOMO,3.040056,2.5471265
RUMTUQ,3.4923093,2.8243108
RUZDEV,2.4827669,3.707403
RIXWOK,3.6857822,3.6438565
HIKDAH,2.8667195,3.0690672
TUVKUQ,2.3526964,2.6634955
APUQIL,1.7809852,2.237589
CIXJAU,1.7268345,2.7437968
MAXNUV,3.3442793,3.2546737
WUYKOQ,3.8632004,2.5333824
KAPHUE,3.2569308,3.1200259
SEJGEW,2.04548,1.906477
DUKFOE,3.8267372,3.6688557
YOMMUI,3.5570724,2.6896052
LETROS,3.7181637,3.2764728
DAJWUJ,2.8931146,2.5574825
DONSUV,2.4582767,2.7037764
ERAREW,3.529589,3.0049663
TENGOI,3.4498596,2.4011228
YOMRUN,0.50150585,2.1317003
ERARIA,3.044954,2.846155
LIWGOP,4.1954517,3.933445
RUSQAX,1.094442,2.6047552
VOHDEB,3.3301294,3.275149
COKZAD,2.2397692,2.3202536
TAYPOY,0.2644947,1.8794194
ROBSIL,2.4789572,2.445973
HUYROI,3.0414166,3.049266
SINLOR,3.9184396,3.841114
POFKUR,2.2169116,2.323905
DIHBIG,2.0941882,2.3024216
VOKYAX,5.0659437,4.7497396
OSAREG,3.3652322,2.9988763
AMOMOE,2.31324,2.8896267
PEKNIE,2.7061725,2.6083186
JOWCIH,1.9867033,2.4679744
YOKWIH,2.4773245,2.6982443
UYOMIG,3.0776079,2.5912614
HUKBUK,0.88056046,2.200682
BAVWAY,5.1470337,3.902192
TIQNAL,2.4033096,2.5469189
MOCQIE,3.4667306,2.9034328
WOWVEJ,2.853114,2.6009693
BEWREA,1.940444,3.5942767
GEPGOZ,2.7167847,2.3825538
NITMIN,4.014768,4.510383
CUHXUY,1.7929583,1.7591343
BOJLIV,3.369858,3.2166157
HATPOH,4.2147717,3.0522888
JAWDAM,3.0297158,2.1753368
FISCIT,2.8876724,2.4872587
GOZHEI,1.766019,2.253106
WOHXEW,1.9442536,2.9850893
LOQQIS,3.2433252,2.592635
DORNED,3.4836016,2.721113
YUBGEH,3.0944788,2.377596
QESMEG,0.5771535,2.2925963
PABSAM,3.2634616,2.9338934
LIWGUV,4.197356,3.9309864
LEKYUV,3.4928536,2.6413944
RAQPAB,1.7703727,2.6817713
LAHKOV,4.0778985,3.468926
AMOYEG,2.9652247,2.6733997
GEBFUO,3.333667,2.5731914
JEGDOO,2.4381402,2.2929723
WAVGAB,2.9693065,2.8928914
SUKROF,0.92600346,2.5464988
AGAGAQ,3.3154354,2.8425012
KITDIA,4.1429334,3.1805544
TAMKEY,3.797621,2.7618845
KUWSAW,1.2351248,2.2526882
DEXTEH,1.9687438,2.317326
BAVXAZ,5.164449,5.0632377
LEKZAC,3.9369433,3.050273
VIVLER,4.3842983,3.7275171
NITMOT,5.3290777,5.103181
LEKYOP,4.144022,3.0913424
KIZYEX,2.2373202,1.9644873
TENGUO,2.8514812,2.4192035
SOJSEP,2.8781483,2.365835
GOFZAC,2.2062993,2.3481934
JIRPEG,2.224803,2.7377436
CIYHUQ,1.7028886,2.149826
WOWTUX,2.8778763,2.6425061
KACVUH,1.8226186,2.8840673
VAPTUB,0.9374322,1.2996148
UDUVUK,1.6607109,1.6077163
JOTZAT,3.1129825,3.093283
ZEDSAF,2.5652175,2.8844304
XOMNAO,2.860461,2.951858
SATDUP,2.392697,2.4186025
LIWGIJ,3.8063288,4.510589
TOQCOR,2.403854,2.44253
AMOSIE,2.2980015,2.308792
ILEZUU,2.1826253,1.8764846
EGAWOA,3.4444172,3.0431514
QESMOQ,0.4261303,2.908544
YOGBEB,2.497461,2.9009292
QANJEU,3.59408,3.3897355
FAPTEW,3.0109398,2.7368808
LEWXAM,3.0816896,3.0604556
SAQFIZ,2.078678,1.9814029
TCACTC,1.0294068,2.144339
LINZEO,3.1227787,2.5635674
HUKCAR,1.0677748,2.0673738
SETPIQ,1.9167701,2.2040954
UDIKEX,3.104275,2.982779
GIZGUR,3.3929877,3.131757
LEYLAF,3.1385612,3.1086884
JOCDEK,3.1459084,2.846213
DOLBUB,2.435691,2.1018162
XOKFIN,2.8626378,2.8982632
ZOPYEI,2.234599,2.244322
BEWRIE,4.77968,4.6006374
NEDQUK,2.7015464,2.700008
KOMNEF,1.039475,2.6370738
DIHCIH,1.1428782,2.0286117
DOFLEP,3.2944825,2.5512242
NODCUE,0.9246429,2.0331388
FIRVUX,1.9924177,2.38649
JEZTIR,2.3837175,2.7148213
ZUGYEF,3.4572067,2.5794668
DAJWIX,3.1750245,2.5286767
MAPWAD,2.0898345,2.4435394
ZIBJID,3.6675506,2.9339452
GAYNEZ,2.8182833,2.0933814
EXIWOX,4.2909636,3.5811276
DORMUS,3.3850965,2.7320738
CIYJAY,1.7306441,2.1014452
EYEQII,3.998441,3.0825863
PAQWAF,3.9363992,2.7385545
WEZNEU,3.3665926,2.5229635
PAQWIN,4.265657,2.8883126
VACSUN,3.3486333,3.1625962
JAVZAH,2.3834453,1.5915054
GEPGUF,2.8114805,2.529633
WALZOY,2.6808658,2.679112
SADKEN,1.9219402,2.917462
MOPDUR,2.801412,3.6550746
SABFAD,3.470268,2.6148005
ZOLBAD,2.9812794,2.662438
VAPTIP,0.93198997,1.3721342
OMISUZ,2.2463,2.2140691
ZETNAN,3.7445588,2.797613
SUHGEH,2.760323,2.2921917
SESZOF,2.3690233,2.1672683
TUGTIY,3.0811453,2.233039
NENZIQ,4.538315,4.0152683
FOPBER,1.462612,2.0986738
TAFFOX,1.9679275,1.9598217
NIPRIN,4.7633533,4.4487677
DORNIH,3.4683633,2.6747124
PIZVAX,3.3162518,2.9075882
LOJJUP,2.8838627,2.8671117
GEBLOO,3.1031864,3.1301863
ZEMZOG,0.54069024,2.0506008
PAQWEJ,4.3500123,3.082085
UHEJIB,1.2514516,2.0962834
ZUDHIP,5.3932967,5.370648
EGAWEQ,2.9083529,2.7528105
MOPFAZ,2.3856223,3.4779449
VICLIC,2.0667048,2.6932788
HUKCEV,0.8800162,2.0848546
SOZVIM,2.8947473,2.5004106
UCEDEN,2.5586867,2.553164
GEBFOI,2.963864,2.2151217
AMOZEH,3.0683558,3.1037776
XELXES,2.3559618,2.284184
WALZUE,3.0650907,2.7236345
SATDID,1.5632942,2.6556635
VAMXAJ,2.903999,2.7600532
NUSVEC,3.9309568,3.6002793
NUMRES,5.0580525,4.559042
SEDZAE,5.059685,4.7022724
ZOZLOP,0.84355295,1.8323361
TATDAU,1.1826068,1.6948079
UHEJEX,2.1341891,2.376882
MOGSAC,4.4602184,3.5206828
PIBFAH,1.9918735,2.2410977
FONNIF,3.4123077,2.5446227
QESMIK,0.552119,2.9198475
RAKPOK,2.662362,3.4021235
SOHBEW,3.0196476,2.7863543
HUYSEZ,3.1113498,3.3465207
XOKFAF,3.152439,2.8809223
UDIKAT,2.7167847,2.571664
KURTEW,1.4147199,2.7543793
MOPDOL,2.6827705,3.4056952
YECKEW,2.626443,3.130758
QAQXOW,2.9222307,2.898261
NATCAP,2.2373202,1.7063568
ACESAC,2.2626266,2.3125277
TOXMEY,4.058034,2.2384295
SAJTIG,4.758727,3.7133622
DUCRAU,2.5097063,3.0613303
KAXQOQ,2.795698,2.2813528
EYAZIO,2.626443,2.3810759
SABDOP,3.4599278,2.7617817
YUBGAD,1.5426135,1.9530284
HUYSAV,3.0642743,3.15047
JIRPAC,2.205483,2.7485838
VINMEL,2.097998,2.5734658
YEGCIW,2.7826364,2.7317693
KITDAS,4.90839,3.4811652
SIYFIP,3.0814173,2.6245456
PIJBEQ,2.4147384,2.3180766
SADGUZ,1.5559471,2.2807188
PIPYUK,2.6585524,3.5635452
FAQQOE,3.6215634,3.1867785
MAPVOQ,2.2781372,2.6611786
VERGEE,3.2035966,2.3517332
SIBNEW,3.589182,3.5958297
QAQXUC,2.9959736,2.9342444
JOWKUB,3.5987058,3.657044
NENZEM,2.702907,3.8457048
LIGLIW,2.9518912,2.7168546
JEVNED,2.327934,2.9782414
FEBYIX,3.006314,2.57339
MIFBIM,2.0960932,2.1827908
ZIDMII,2.387527,3.1138635
JELZEF,1.9896966,1.9183977
FIPPUQ,2.4860322,2.4916415
JEGYOJ,0.46585894,1.465662
DESGUD,3.3578851,2.643499
CHBPTC,2.2136462,2.8397326
LADZEV,3.0433214,2.2778153
KOCDAH,3.0923018,2.812045
SIDTII,2.6131094,2.3223588
BAVWIG,2.6781447,3.4971704
QUGPUE,2.526033,2.3899808
KUVSEZ,2.3167775,2.0230222
BAPPIR,4.5581794,5.0782137
CEPHUA,2.057725,2.406315
MOPFED,0.17714612,3.473537
SELKEZ,2.8079429,2.9915037
GOGQIC,2.6803215,3.4526253
YACPOH,2.1921492,2.496869
JOCDOU,3.1486294,2.797492
BIWJEX,3.352987,3.4508486
AMOJUH,2.5984154,2.9992583
KUWSEA,1.1899539,2.2438407
NEDQIY,2.8522975,2.7912755
SICBIP,2.9244077,2.7779741
WOWVAF,2.839508,2.5898404
ADUZUV,3.3274083,2.8384402
BICXIV,1.3820662,1.917551
QIFHIY,1.9940504,2.5883155
NOMPAJ,3.9883728,2.6588683
DEYMAY,2.4264393,1.9192021
ROBGUM,3.6313596,2.5552387
DAVQIA,3.1366565,2.5551467
GUYKOA,3.166589,2.3361712
HOGNOH,2.1877954,2.3797097
WUSBAO,2.3750098,2.0831723
NAWMAC,2.2443953,1.8477626
QACHEI,3.8204787,3.402918
AVIBAJ,2.568755,2.6646163
ADOZOJ,3.2052293,2.7367773
POXKES,2.389704,1.7562551
GALPIV,3.025634,2.973966
BOFFUZ,2.3812685,2.0282972
YAXHUB,3.1265883,2.5179405
RAMJOE,2.3151448,2.240354
FOJFIW,1.8413945,2.6733725
ECUTAY,3.2329848,2.452463
UPOLOC,2.9216866,2.8817744
YIYQEC,2.712159,2.994178
MUPDIK,2.516781,2.324719
EMARAM,3.015838,2.6005661
QUJCUU,3.1540718,2.3431149
CAVNAP,2.7657652,2.8333445
QOQPES,4.317631,3.264032
KEPREC,3.4112194,1.8188814
TADMOA,2.1393592,2.8693213
TITTUO,2.0830317,2.6522605
LELTUS,2.4966447,2.5763812
NIBKOY,3.7369397,3.1687298
CUQNIM,3.4210155,2.780459
MAWFAR,0.82967514,1.9644549
ZOPLEX,2.717329,2.9858055
PICJES,2.2498374,2.263028
QICZIO,2.497733,2.3334157
SAWRUE,3.8153086,3.0215652
JANDAE,3.4855065,2.8014154
RIXTOJ,2.2476604,2.585382
XALFOF,2.5418155,2.8337712
CEJPEP,3.0933905,2.8085942
UPEJIJ,3.1352959,2.3839426
CEDNUX,4.499947,3.4039977
HEDHUU,3.0008717,2.7376134
AJUTOQ,3.2789721,2.7444282
HEDSUH,2.8016844,2.3900049
GABVAI,4.129056,3.172214
PAXMEH,3.6645575,2.937064
TIYWUV,1.2081856,2.3093936
WEPJEI,3.7056465,2.8011634
EMUDEV,3.2016916,2.4943502
ETAXEC,3.1480854,2.3533163
ZEDZUD,3.0343416,2.4606006
FEZTAG,2.0182686,1.933
TUCSOA,3.047403,2.8624876
TEYVOI,2.8297122,2.488347
GAPZIG,3.7143543,2.922443
JAYFIB,2.6419535,2.6541662
GUBQOJ,2.3165052,2.531233
MAQWEG,2.7105262,2.4531083
CIDRUF,2.9551566,2.6361456
LAYVAK,1.9831659,2.4036822
OJIVEI,3.4016955,3.021524
LENSOO,2.841685,2.261908
AVICAL,1.940444,2.1156447
GERRAZ,2.514332,1.9592013
XAYDEJ,2.901006,2.5408864
PAPQOP,3.286319,2.0689905
IHEZOL,2.8027728,2.378653
XEFFIA,3.2147532,2.5401797
RALBEN,2.3233082,2.279277
XUVHAY,2.0745962,2.3640103
MIDMOC,3.3742118,3.023682
WIMJIM,1.6525475,2.1432097
POWYIJ,3.025362,2.511842
RIDKAS,3.1886303,2.974614
WEYKAP,2.554605,2.286567
RAFDUX,3.413124,3.4854894
LEMWEH,2.8079429,2.4779181
ROGMIJ,3.343191,2.5718832
JEZBEV,2.0669768,1.5384924
GAYKUO,3.1573372,2.4543462
QEGBIQ,3.2816932,2.6497126
TEBTUQ,4.1255183,2.945425
YOJPUI,2.4359634,2.1647458
PAVGAV,3.4332607,2.5730052
KUFSAG,2.8454947,2.7443886
BACCEP,2.901006,2.0388277
XINNAK,2.146162,2.3146377
YILBUR,2.3320158,2.214178
IHAJOQ,3.32632,2.5579538
ABATUS,3.7072792,3.703844
MOJMED,1.4285978,2.2457952
HONCAR,2.7078052,2.3252516
LIYJOT,2.8675358,2.785874
QICZUA,2.545081,2.4066346
CAFHOI,1.9472468,1.981211
BIQFUE,2.5935173,1.9801121
DESLAR,4.4106936,3.083718
LOLTEL,2.6316133,2.5939176
YOPXUY,3.6582987,3.2685845
GECGAW,2.2721508,1.1877747
TUXFEZ,2.9167886,2.4481106
KIHFUD,2.9869938,2.6013517
MONYOE,1.9657506,1.7705675
CERLIU,2.5921566,2.329748
TICVEJ,2.2596335,2.6220994
BEMBED,1.6408466,1.5452272
SAPNUT,3.916535,2.696618
SESQIS,3.1412823,2.668181
NASJEW,1.9616688,1.8753246
WUYGAY,2.390248,2.614976
PUFQEO,2.0501058,2.3988776
RUTVEH,2.7540643,2.3216834
UPEJEF,3.1886303,2.5609958
NOLPEJ,3.386457,2.7126
OBOHOD,3.1565208,2.7759585
QAYMUB,1.5371712,2.0802555
VUBXUL,3.513262,2.6407166
OWONEU,4.026741,3.3259163
ZUQMON,2.4101124,1.6269351
FAJDUR,3.606325,3.3059125
JIVFAW,3.938576,2.5315144
UHODAW,2.2637153,2.1971064
NALHAK,2.392153,2.528273
IMETAV,3.6270056,2.5146084
SESXOG,3.0133889,2.4276466
ATOVAH,1.8833001,2.0866554
FOTVUH,2.172285,1.416983
DAHTEN,2.3526964,1.9150279
SOWZIP,3.245502,2.6506014
JOXCUW,2.7205944,2.5839982
QAWLOR,2.305893,1.9608613
XEFSEH,3.6082299,2.95304
SILMUX,3.3301294,2.84052
ICOPOH,4.350284,2.7242744
PAQTIK,1.3355348,2.1495214
QABKAH,2.265892,2.306076
SEWTET,3.5167994,2.6962433
UBONOR,3.7263272,2.6332242
TAWXIA,0.418239,2.3023324
BUZXUQ,3.242781,2.5365248
IFIZOO,2.3192265,2.2707994
WUQQIK,1.9779956,2.2304015
YUDPET,3.8512275,2.9684978
XOQZEK,2.2800422,2.350297
ANIFEJ,2.707533,2.9845536
MEMLAU,3.1040027,2.486372
YOWLUT,3.6694555,2.5269532
REDCAG,3.8868744,2.876407
FEQYAE,1.5232934,1.4528811
YIGWOA,2.8838627,2.303527
JUBYEK,4.256677,3.6231277
GICTOD,3.1703987,2.5543413
LOPPAK,3.2680874,2.5558648
IQUFEG,3.548909,2.8354576
FOFLUH,2.8381476,2.5272653
JOCZAE,2.8465831,2.4768174
GALPOZ,1.7902371,1.8655548
FAHCIC,3.816397,3.1025548
JIPPIK,4.945125,3.6179614
KIMJOH,3.3709466,2.939981
XIWVAB,3.5831954,2.7639408
JEGLUD,3.5138063,2.6410716
WANQUY,3.2552981,2.55604
PEYGIM,3.754355,3.373892
RIBRAW,3.4811525,3.0202723
YEGXEO,3.152167,2.2410157
YOQJIY,3.4019675,2.3588848
PUNCOS,3.5663242,2.2273445
SARGEA,3.2759788,2.5531497
ZOXFIB,4.2452483,3.0715044
QAKBOW,4.086062,2.911156
BECMEB,3.168766,3.0679975
JEDZAW,3.3282247,2.7067773
ZICVAI,3.9698691,2.4068336
IJOBEQ,2.4460316,2.114923
OSUDEM,3.434621,2.3791313
XOTKAT,2.743724,2.3602977
KUQLAL,3.754083,2.8834836
WOJDAD,2.5230398,2.1919935
YAJFAT,2.2430346,1.9926784
ONIGID,2.0971816,1.7019396
ODCHRU,3.4087703,3.5462642
POKZIZ,3.0835943,2.6267574
PANCOZ,2.303444,2.136386
QOKBEY,2.939646,2.9422383
FAHCEY,3.8196623,3.058247
GIZFUS,3.5113573,2.866276
LUQYOM,3.0177426,2.60751
VARNUA,3.3627832,2.652818
ICINIS,2.164938,2.5065582
GAKZOK,3.3203332,2.9724898
HEYXEQ,2.5967827,2.5290203
WAVDON,3.9282358,2.8493927
KAJVIB,3.2052293,2.5961127
SIMNOT,3.1965215,3.0587943
CAGKUR,1.7037048,1.8259405
HEFMIQ,2.7548807,2.3410542
ZEQQAQ,2.177183,2.4901683
XOTKIB,3.0917578,2.288074
KIJFIT,2.3880713,2.2779036
UDUKAF,3.7173474,2.3661635
WUWRIP,2.0016696,2.3474603
XEYNUK,3.7742193,3.244966
EHIKAH,3.668367,2.8484814
CEXBIS,2.1254814,2.0284927
NAPYOT,2.2612662,1.9716009
RIBCEK,2.9714835,2.6312244
OVAGUP,1.6084651,1.8648257
BOYSAK,4.0757213,2.8989522
ALEBUO,3.8389823,2.4890354
SIFXIO,3.3235986,2.8789828
QISDED,2.630797,2.05812
RODHOJ,3.056655,2.7497196
TAHHES,3.228631,2.8998108
OVAHOK,3.0955672,2.643785
EBAHEW,2.7380097,2.5191274
MIZWEA,2.057181,2.0385394
XOCJIK,1.3831547,2.2648137
WIYCAK,3.0884924,2.8285108
MOSQOA,3.2762508,2.4466057
GABKOL,3.6485026,2.127119
RIJLON,3.200059,2.8125365
EFEVES,2.27977,2.1726708
QEBYAZ,2.6928387,2.6225286
QEWNIS,2.757602,2.7600918
FIMDOV,3.1720314,2.8289545
NOMHOM,2.13174,1.9188342
RARPOQ,1.806836,2.2465749
UTELAI,3.2517607,2.666469
AFAVEI,3.4735334,3.3813038
HEXGAT,3.7633348,2.8869147
LOGYUB,3.7714982,3.106775
RESXUI,2.367935,1.8612622
MAMLOD,2.9937968,3.2430952
ARAMAI,3.0697165,2.2814882
CAJHIF,2.5290263,2.6721532
NAJJEO,2.2288847,2.369276
UVOKUN,3.8735409,2.9615426
LUKPIR,2.6890292,2.3057203
DONTOQ,1.8803068,1.8433367
TOLVIZ,3.309993,2.728614
ENAVOF,1.4511832,1.6018178
OFOXUE,2.3448052,2.0095963
SIZTUS,2.8000517,2.8583887
FEFZOG,2.1061614,1.9776269
UTEBUS,3.4615605,2.8363411
RONBAZ,2.860733,2.686821
HOYQIW,3.945651,2.844587
GOSREN,2.69556,2.3727713
CEXRAB,1.9423487,1.6859648
NIMSAE,3.5698617,3.2194357
GAKLIQ,2.776922,2.7232516
DEBTEK,1.5143137,1.7522688
QUVTOR,2.9339316,2.879969
IBAJAX,1.7096914,1.8538156
REMPUU,2.9260404,2.5718904
QANGOB,2.5320194,2.1369967
RAYCAY,2.9499865,2.9086347
POMBAX,3.2757068,2.3821285
NEMFAO,3.2874076,3.2101135
IWEFIA,3.5831954,3.127454
UVOFUI,2.633246,2.6309774
JENDIQ,3.3235986,2.6868148
HOJKOG,3.159514,2.7276397
WIXYAF,2.253647,3.0150657
TARDAR,3.895582,2.3651319
PUCBEU,3.1132548,2.8518903
HAQNOC,3.6675506,3.0308948
KIZTOD,1.9437094,1.6726623
ROGKIH,2.9450884,2.9638174
NAQRUT,2.7810037,2.1367092
NACSUH,1.8969058,1.7726753
AGIWAR,3.5878212,3.0194948
ZIFLIJ,1.971465,2.2748828
DIYJUS,2.4941957,2.2830808
TOMSOG,2.6571918,1.8636943
GUDWIN,2.550251,2.0944319
YAQREO,3.969597,3.0410917
AGASUW,3.3472726,2.345026
NAYPUB,2.8239977,2.4575725
ROHXIV,1.6939088,1.9318388
QUGMUC,4.4101496,3.3074372
UGESUV,2.530931,3.0228786
OFOHUO,2.9001896,2.4587562
FAYGOD,3.2904007,2.7179394
QAQVAG,3.486867,2.5575256
LEPZAK,2.7728403,2.741766
SAQWEN,3.2248213,2.3658183
XAJVUC,3.178562,2.6278753
KOSWIY,0.32136646,1.5405949
RIZVED,3.5070035,2.6140177
PICNUL,4.744033,2.9357235
HOGNEX,2.2242587,2.2143726
JIBZOM,1.1262792,3.0401196
RUNNAR,3.2158415,2.5332909
WIDTOU,2.856107,1.809576
MOPMAH,2.222354,2.2785687
UPOLUI,3.1652284,3.0690851
KUPJAG,3.1731198,2.751297
RAMJEU,2.3701117,2.0161562
FIGGOS,2.2841237,2.1806169
UCIYOX,3.1127105,2.8864925
TEKDUK,4.151097,2.6986117
XEYNEU,3.4335327,2.6340027
TAKNAU,4.114906,3.3438792
XEDXUZ,2.3243966,2.1435363
WOJFEI,1.7502364,2.2492177
AFAJAS,3.2359781,2.5770822
KUMREQ,3.3358438,2.640444
LITQAI,3.3489053,2.686682
RIJLIH,3.1948888,2.6940765
MIZVUP,2.719778,2.4682596
GUFRUU,3.1992426,1.9876866
JIHMAR,3.1271324,2.4860582
WOQHUF,2.597599,1.5408387
CUYJAJ,2.2925594,2.314784
AKEGIG,3.1312141,2.6233008
KEGXIF,2.497461,2.4567478
ZUHZIL,2.7573297,2.4146206
SEMWUE,3.0645463,2.6703882
BENHUY,1.0933535,2.2052314
XAFJUJ,1.7205759,2.16215
MOCHAN,2.803317,2.3061843
HAQKAL,2.6302526,2.5174322
AGAXOW,2.1752782,2.2170787
CAVMEU,2.3246686,2.237845
RIZTOK,2.968218,2.308238
VAYRAQ,2.5842655,2.6502917
TEBVAZ,3.4212875,2.39529
WECXIO,2.7380097,2.0101793
GITMUR,2.1807206,1.8626866
VEZHAK,3.5287726,2.9045787
HEXFEW,2.8996453,2.777111
QENLUT,3.1249557,2.4730458
CEVDIT,2.7589624,2.5889156
EFIKUB,2.1682034,2.3867128
WOJCUW,2.4501133,2.3551502
YAHPEF,3.4430566,2.60118
MITYIZ,2.0933719,2.3646624
NAMCEL,1.8462926,1.6720632
HIKBUB,3.9402087,2.9874704
WAWMAK,4.7021275,3.4994586
GIKNUK,3.678435,2.8249881
QEZJUB,2.4672563,1.8773588
QOLLUB,3.5072756,2.574007
AQAMAI,2.858012,2.672645
PEZTUM,3.0558386,2.8314466
QOSMIV,1.8003054,1.4220161
JOKGUM,3.212032,2.7149136
CIMZOP,3.8912282,3.210404
SADTIB,3.7393887,2.5881467
VAJDOB,3.2555702,2.5236676
RAFDIO,0.51075774,1.1141523
DIVWUB,3.475166,2.5846741
PUCZAQ,2.8792367,2.9231045
HAWGIW,2.777194,2.2533677
HOWTES,3.6955783,3.1879678
OBOHIX,2.855563,2.7360826
CIFPUE,2.6068509,2.1286154
KEZMIM,3.0106678,2.6400142
KELQOI,2.7216828,2.8479488
MOKHUP,3.3801985,2.8407738
LINTIN,2.822909,2.9712288
TUXQOT,3.5450995,2.7627995
QIRZAS,1.7769035,2.1260653
HIWVOA,3.3592455,2.459223
RAJSEC,2.4014049,2.423173
KEGCEE,3.730681,3.439268
PABNAI,2.89638,2.635926
WISBOS,1.3183917,2.7627208
EZISIR,4.557363,2.926054
ROHNUY,2.9937968,2.4212897
UXOTUX,4.0942254,3.069561
YOBGON,1.9026201,2.3906982
RONQAP,3.3499937,2.943361
TAWVOC,2.1516044,1.9322865
YAZZIJ,3.123867,2.9104793
TAJTOO,5.110298,3.4441385
COLXAD,1.861803,2.0747097
REHQIE,3.8479621,2.628208
OFOXEO,2.939646,2.6388478
SUSGOC,2.8452225,2.620648
XOGTES,3.221284,2.6961343
FATTUR,3.0433214,2.1871
HURRIW,2.1026237,2.540079
GOBGOU,3.2299914,1.9549023
AGISOB,3.099105,2.9919183
IKOQUV,1.2253287,2.2639596
EVAVEE,2.9551566,2.7586653
NIHXUY,2.0822153,1.7783817
TOWWUX,3.553535,2.3759074
AVICOZ,3.5091803,3.1631234
KIDFUZ,3.8580303,3.500382
COVQIN,3.123323,2.2900124
NEFVAX,1.4065566,1.8149976
DOPDOD,2.6642668,2.3847163
GIDBEC,1.988336,1.6825566
XAZYOP,3.2172022,2.3434522
ONUGOU,3.9666038,3.2122834
PICVUT,1.7037048,2.1785731
EZOSET,2.15106,2.3093364
VAHLIC,3.1897187,3.148862
KIHJEQ,2.1045287,2.1288338
OKOXOD,3.7010207,2.6763155
BECMUR,3.1537998,2.7167027
VOHMUC,2.9029107,2.6790633
GETKIB,2.3475263,2.0793417
FIQGET,3.5091803,2.6474638
YOBCIB,3.4185665,2.7948062
TAMZUD,2.7178733,3.163399
DAYLUM,1.201927,1.9655602
KOFGUK,3.5908146,2.6369023
MIVVET,2.432698,2.5007873
BAWJOB,2.081671,2.2016053
WEYTEB,2.8362427,2.2049756
LUTLAN,3.2574751,2.6614714
MIKQAB,2.3390908,2.4299946
PANHOE,2.09827,1.9534154
SIYYOQ,4.2357244,2.828907
GIHMUF,2.0936441,2.3031156
WOKWIC,3.7535386,2.674727
RUQLEU,4.215588,3.2889466
HEFZIB,4.5998125,3.1337268
LONQUA,2.069698,2.2605524
HOGZUA,2.3480706,2.2595541
BENHOU,2.301539,1.9787958
QUYTUB,2.5780067,2.1841218
GIHLOY,2.3717444,2.0202994
UCAWOK,3.1374729,2.8220997
TAZDUT,2.0133705,1.7423139
BAWJIV,3.3570688,2.4035196
VIMVUL,3.018015,2.5293431
JELWAZ,2.320587,2.162721
CEXCEO,2.985361,3.1482792
FAPSOF,2.1442573,2.3620148
YUVSEN,4.2773576,2.8607984
MIVKUY,2.7907999,2.1403677
XADBIP,2.059902,2.4668229
UNEGEB,2.0258877,2.1462176
XEQLIP,3.71381,2.814672
LISDEW,3.1254997,2.672192
KADVOB,3.1938004,2.5216897
VUTLIH,3.1567929,2.4260325
KOLSEJ,3.06373,2.4518409
RIVWAU,2.600048,2.4516532
FUTHIN,4.1696005,3.134842
XELJIJ,3.264278,2.7924407
AZEZEM,2.7469895,1.7260723
QUGHOQ,3.4923093,1.9808888
DOCCON,3.8468738,2.68618
KEKFUB,3.3570688,2.8111582
ONUHEL,3.9946315,2.1667118
OZAGON,2.6925666,2.047341
JEFWUP,3.5649638,2.6930861
HEXCAQ,4.788388,3.1758666
RIPBAW,3.3192449,3.1122549
WOXDIY,4.189193,2.6460712
YAYGEN,3.2106714,3.397636
GAQBAB,2.884407,2.559407
WONPAR,3.5527186,2.7455835
GAVFUE,2.5725644,2.3924358
MEKXOS,2.6024969,1.9512494
IQEGOC,2.3311994,2.0963492
ROJKUX,3.1298537,2.2754502
CIHXOH,2.8982847,2.1217086
EZISOX,3.8591187,2.7612767
COMWOR,2.834338,2.4646559
TANBAM,3.4716287,3.1037102
PEQWOA,2.4843996,2.292447
OGIHER,3.55163,2.5696754
BARSOE,3.6710882,3.032728
RUKJEO,2.2394972,2.3736186
VEZGOX,3.2414203,2.6492267
WEHHOG,2.9274008,2.6167867
VARTEQ,2.652838,2.2620547
MOQQEO,3.3652322,2.7899356
KUMRAM,3.488772,2.54754
NIRMUY,3.185365,2.6499605
YORGUK,2.7491663,2.4406261
WEKPUY,2.9434557,2.365808
WAVJIM,3.202236,2.6884093
FIGYIE,2.8792367,3.2140007
JEDLEM,2.865631,2.4894323
CANPAJ,3.087948,2.7273376
OVOREY,4.8528786,3.7477274
ALEYUM,3.1352959,2.8122616
APOSUT,2.6082113,2.6817527
XAMJEA,3.1978822,2.4115868
DOMJUL,1.6095535,2.3391812
WISWAZ,2.8283515,1.9812064
KOJQOS,3.4836016,2.7312381
TAFFAK,2.2484767,2.812368
NALTIE,2.18453,2.244659
ZOJHOX,1.825612,1.7002802
BERVOM,2.4909303,2.1860573
HIKCEM,2.8084872,2.943861
MEMGIV,3.5480926,2.6930304
DEDBOF,3.7720423,2.7817206
LAMWEE,3.4449615,2.9066114
XECKEW,2.9352922,2.855782
APIDAG,3.673265,2.539402
KAYZEP,3.0942068,2.5886729
MORTAO,3.6939456,2.4292493
LIYJUY,3.3475447,3.229044
REVVAR,3.1445477,2.7200966
NAQRUV,2.3992279,2.0811148
WILMOU,1.9224844,2.138537
MEGYIG,2.3809962,2.2993705
NAPYUZ,2.3257573,2.1984243
CIVYIQ,4.240078,3.167617
TOJYID,1.8522791,1.6901284
MIDPUL,3.08305,2.5680058
EZOKIN,1.7706449,1.9654964
HESHOF,3.1391056,2.0148623
VARTOZ,3.0406003,2.6985533
OFEBUZ,2.8182833,2.6291013
JOCMUJ,3.0893087,2.4198644
PAPREG,2.6495726,2.2277136
DITROO,2.0209897,2.5802205
HICMEN,3.140194,2.7557364
SOTJUI,2.9516191,2.420646
LAVCUH,2.3009949,2.1860406
VUCGOQ,3.188086,2.889109
NUFFOJ,3.223733,3.1417298
GOFFOW,4.9696155,3.2136004
CIVYOW,3.6280942,2.5933335
DOBPOZ,3.006858,2.156105
IPADIN,2.4454873,2.4518182
NAZNEH,3.1772015,2.4179215
LUQZED,3.2158415,2.2405992
YAVYAY,4.6400857,2.842015
REVHEF,3.2727134,2.6649528
SAKBIQ,3.1684937,2.4937673
XUVMAE,3.6893198,2.6886044
KOZRIA,3.9078271,2.413136
WOSQAW,3.2754345,2.7421212
YEJFIC,2.0305135,2.0154629
EJITUO,2.9001896,2.580607
ADUJIT,2.942095,2.9415476
HOGNOI,2.5684826,1.9974275
REWNEM,3.4588394,2.7241518
SIRYEA,2.0833037,2.1077516
RIVJIR,2.8136573,2.4941344
LASHIX,2.1339169,2.410729
WOHYOK,1.2196144,2.2861073
DANQUE,4.328515,3.609353
QIFYIN,4.0849733,2.957394
VABYAB,5.451529,3.6277556
ILUZUM,2.4199085,2.6018093
PIWPOB,3.8487785,2.6848795
NOZDIR,3.5053709,2.3477743
ARICUZ,2.769847,2.1813648
WOMYUS,2.3173215,2.1493998
NIDWIH,3.157065,3.1240866
XAFGAM,2.915156,2.4735324
WIZMID,2.3053486,1.8667897
YAVNAL,4.323617,3.4577966
ARONUQ,3.3717628,3.095167
QAKPUO,2.7059002,2.1821306
LUSKIV,3.0811453,2.3451333
ADUJUF,2.7701192,2.8055706
HAXKAT,3.367409,2.4583344
UGUQET,3.4218318,2.6248355
OPIYIW,3.3461843,3.277786
HOVMOW,2.5853539,2.6420164
TIJWIT,3.8936772,3.5413654
USEKOT,3.1796505,2.8969069
DENQET,3.721157,3.152457
UMIBUP,3.2531211,2.684991
APIRIC,1.7156779,1.7887301
CAVMAQ,2.2816746,2.2615747
OPAVIM,2.3284783,1.7327366
XUZLAF,3.118697,2.7459
QEJDAL,3.0833223,3.066694
LOFHOG,3.2890403,2.996884
FAPPAP,2.5431762,2.1950085
IYIRUD,2.3072534,2.4364672
FEKHEK,2.1611283,2.473721
OFUTER,1.9145931,2.09124
GUWJEN,3.0702608,2.6185565
VEXPOE,2.839236,2.5430284
KARYAF,2.6778724,2.7214978
GAFBIA,3.1608746,2.902412
DAJCEZ,4.693692,3.6437287
AKEHAZ,3.047131,2.4377444
ULOMOX,2.272695,2.2655861
RIZVAZ,3.857214,3.548719
TIHLAX,1.1249187,2.7337687
CUJHAR,2.958694,2.9595304
VUTLON,4.232459,2.627482
RELZEP,2.7676702,3.2849357
LOPDEC,3.1037307,2.7965848
CAQNUE,2.9480815,2.7389786
UVUFIB,2.413922,2.245964
QEZVAT,3.3551638,2.7804573
QEZVOH,4.400625,2.8311846
REDPUN,3.4120357,2.7990112
CEWSUT,1.5853354,2.021155
LOKVUC,2.5137877,2.8543098
OLEQOL,3.5023775,2.387829
KANYOQ,3.4465942,3.1117578
SEMVIR,2.9627757,2.566823
ZIDFEA,3.9608893,2.3689268
EBESIQ,3.4218318,2.6047375
TOVTOP,2.5829048,2.6858704
WAVLIQ,2.8525696,2.5889041
MAFGAC,3.3059113,2.3610642
CAJHEB,2.3524244,2.147881
UBOTIR,1.1649195,2.055359
DADWUD,1.8405782,2.0071669
HEHJIN,2.4229019,3.2666254
ISUHUA,3.321694,2.4391768
TEXNAM,4.2672896,4.118802
TORKAM,3.5309496,2.5877566
YEXKET,1.9994926,2.0061817
SAZNUD,2.7214108,2.2586548
HOSJUW,2.7918882,2.661307
OJABAC,3.3154354,2.8852227
XAHZEN,3.2332568,3.0573587
GIFHAF,2.1880677,2.4475973
RUJHOT,2.923047,2.6862848
GIYJOO,3.0931182,2.7928677
HIXMOR,3.735579,3.0376916
OJIVIM,4.6466165,3.0207024
EYALEW,2.7135193,2.0958624
BUZYIF,2.4577324,2.1385627
VAHPIE,2.4182758,2.6640296
TUTSIK,4.6466165,3.4767075
YAKDOF,4.237357,2.4037547
ODIBOS,3.8006144,2.869449
QODMAY,2.8182833,2.3218718
BIPNIA,3.7461915,2.9412768
FUVDEF,3.4493153,2.750352
VUCZAV,1.971465,2.076583
HOGTAZ,3.0708048,2.526547
MANSUP,2.552428,2.1799912
JEMVAZ,2.1992242,2.4233963
QISDAZ,2.4359634,2.014965
UZUYAQ,3.2354338,2.6429396
ETAXOM,2.9592383,2.3562293
HIZQOW,3.5382965,2.759362
NAMCAI,2.5837212,2.342392
COXNAE,2.1020796,2.1838157
YENJUX,2.4223576,2.2163465
ORIYEV,2.9712112,2.401258
OVUBAK,2.1369102,2.2163167
WACFAI,2.8571956,2.6913016
WERXOH,3.1646843,2.5764964
SANHIA,2.693655,2.0904746
FIZFUS,3.3897223,2.9452407
KEKFIP,1.868878,2.0885806
ETORAH,1.806836,1.926552
IFAHUV,2.825086,1.9247326
BEVKEV,2.8729782,2.8148763
VOBQAG,2.8005958,2.7403316
DAMFAA,2.065072,2.4091976
NOBCEO,3.5720387,2.6840363
OSEMEF,2.9916198,2.4687154
WUJNAS,3.5573444,2.7466996
UTOWIK,2.3956904,2.6273284
ABASUR,4.11926,3.5251014
KUGSEL,3.0642743,2.520693
QOPSIZ,1.9695601,2.1086667
AKOQEX,3.0237293,2.2765987
EQOQUW,2.325485,2.6571581
ZIWCUG,2.6063066,2.6636868
ZEFBER,3.3565245,2.6854286
GAQHOW,3.5908146,2.7245653
NINFUL,1.9633015,2.098391
HOVWIA,3.3352997,2.7793348
MATQOP,3.3676813,2.4150429
MODVUZ,3.4430566,2.8445609
IQATAW,3.2656384,2.7469327
ZOCDEA,3.7002044,3.204482
SUXBAP,1.2005664,2.348271
VEJXOZ,2.9791026,2.4270217
OGOPIL,3.4414241,2.7469141
GERRIH,2.4808621,1.8731977
GAVQEB,2.6038575,2.5412893
YUKYEI,4.0901437,3.0566943
CITDAL,1.7747266,2.0769877
OBUWOY,3.44605,2.2746766
BICLEH,3.2471347,2.24403
EZAFOB,4.3238893,3.9734592
FELHAI,5.483094,3.6715276
TOPQOH,1.5801651,1.7951546
ECUWAB,3.2294474,2.4389415
PIKMED,3.613128,2.7853155
FEWYAJ,0.82967514,1.9638858
OVELAD,3.8063288,2.8661895
JELWIH,4.1238856,2.8499632
IVENIG,3.5840118,3.2057176
JOQJII,3.1295815,2.8613236
SIRYIE,1.9896966,2.141399
FIFDAC,2.7042675,2.022573
TEWPIV,3.1916234,2.7745225
NEWJEG,3.768777,2.617693
KOMDEW,2.7031791,2.5365045
DAXVAZ,3.3331227,2.6573768
TUZROX,2.4144664,2.6034272
OWUKEX,3.689592,2.6325033
AKOREY,3.0762472,2.59789
OBITIC,2.2457557,2.0131693
FINCIO,4.08715,2.9162552
POZZEJ,1.9657506,2.1010032
CUHWIL,4.0234756,2.6947184
BIFCUQ,3.737484,2.8083014
HULXOC,3.2242773,3.0436392
URUJAU,3.1989706,2.4040916
ORAJEY,2.0993586,2.2169142
SAVDAW,2.5097063,2.1284204
GEKGAE,5.0847197,3.8977
NUJCOM,2.8239977,2.2789414
JATRUU,2.258273,2.2282314
LUWTUS,3.2806048,2.4032154
GEYJAX,2.9592383,2.9256158
IGUWAI,2.9627757,2.0820494
DEDCAS,3.7500012,2.589669
CAQNEO,2.547258,1.7015015
ZIQSIE,3.1788342,2.4309168
MAKLUI,3.1121662,2.4814215
WAVJUA,3.6825168,2.8196442
QODMUS,2.225075,2.1398666
FUBDEL,3.0509405,2.9130526
YILKIQ,3.3965251,2.9142241
PODZEO,2.124665,1.8588444
FIFCEF,3.286319,2.3824353
YEHZAN,3.1352959,2.3220594
HEJXAX,2.2144625,2.0470421
MEZBUR,3.5766647,3.2401812
YOSRAB,2.4936514,2.3051326
NOPNOX,2.858284,2.6361768
COXQOX,2.712703,2.4997828
QAHZEE,3.6174817,2.814636
IBOCUA,3.826193,3.1269841
JONQUY,2.2520144,2.1897812
AFAPII,4.471919,2.6873484
XADKUI,2.3263013,1.9123892
GIGCIJ,2.028881,2.2815652
ZUGVUU,2.8854954,2.2931955
KAQFEN,3.1137989,1.7382797
AGASOQ,3.2155695,2.6720448
RIRDIG,2.9137952,2.7141151
COPIRU,4.7233524,3.387786
SUHKUC,3.1467247,2.3061223
TUDYAU,3.1554325,2.586238
ROTXOQ,1.9537776,1.652305
QOMFIK,2.79597,2.4973652
XOSWOS,3.1970658,2.7496328
HESXIM,3.0261784,2.3541033
ZITLIA,2.9189653,2.7800698
BEBYOX,2.800868,2.0191543
ZIGVES,3.4000628,2.663067
QOSMER,1.6041112,2.5272486
NUCJUS,3.1380172,2.4298096
HONNII,3.1467247,2.2726421
IBEZOE,4.146471,3.008739
VONLAM,1.5975804,1.7447035
VEJKUQ,4.126607,3.1819763
WIHZOD,3.720885,2.9324765
FACHIC,3.3761168,2.9169483
SAVCUP,2.4765084,1.8874681
GUYKIU,2.5287542,2.2850943
UKOMIR,2.473787,2.283169
WEJBEU,1.713501,2.5630858
GOYCOM,3.262101,2.143938
NEDLUE,3.1314864,2.58004
TULNUJ,2.6941993,2.1237707
FONLUS,3.118697,2.8265913
GOSLOR,3.2182906,1.2757839
IXUZEG,1.7847948,2.2201564
GOCWUS,1.8394897,2.1371717
MOZMOF,3.5456436,3.1498919
VOFBAU,3.111622,2.4082673
GOSPEJ,2.32739,2.1284409
OJOQEK,2.8299842,2.9422529
MIYFOQ,2.3148727,2.5874226
ESEKET,2.9527075,2.51793
RIHFUJ,3.7627904,3.0481398
ONESOQ,2.5494347,2.128888
AGIQUF,3.321966,3.0556417
ABEYEL,3.2653663,2.29381
MEWMEJ,2.473787,2.411499
OFIBEK,3.5165274,2.4869385
ENADEC,2.7907999,2.9286587
QIPTOY,3.2063177,1.8189958
HAFJOQ,2.3918808,2.3862693
PAYXOD,3.6406114,2.3852832
JOMSAF,4.364162,2.667727
NOSCIJ,1.734998,1.7114236
MIKHOG,2.0854807,2.1365821
RUTBUD,3.5257792,2.8573937
JUFQAC,3.1728477,2.5436764
QINXIU,2.94917,2.4897745
XEFPOO,2.4506574,2.121468
BOGBUW,4.5660706,3.3162334
IFENAJ,1.3377117,2.3461828
IFIBIK,3.044682,2.3639257
JEKHAL,4.1663356,3.2494965
GOKTIK,3.264822,2.79552
OFITOP,2.2509258,1.7800041
FOCDEI,2.5616798,2.1521244
FOGDOU,2.243579,2.1330457
AMITUL,2.4441266,2.214542
HICZID,4.2223907,3.0451872
EWAJUI,3.2572029,2.8850958
WOSPID,3.0838664,2.9864964
OTUQUR,2.163033,1.8792162
MIXJEJ,1.9175864,1.8754561
VAKFET,3.3184285,2.5566494
PIXFIN,3.3105373,2.8413296
AHOXOK,4.1758595,3.167712
XEDTAE,2.2424903,1.4264176
SEJKAV,2.8495765,2.5821981
JIHMEV,2.9576056,2.4867187
JUBYAG,4.132321,4.372321
YEMYAT,3.125772,2.4514492
AFAPAZ,3.011212,1.8788135
BEYHAO,4.21586,3.4149585
YAMDIA,2.2329664,2.219542
FIVMED,3.188086,2.8327367
POCDIU,3.2248213,2.748317
TIJTEN,4.16824,3.1355755
MODYAH,2.0985422,2.0958076
BASPET,2.8495765,2.6121626
XIPHIQ,3.0242734,2.7840044
RAMSUV,2.6890292,2.3660202
JENDEM,3.5796578,2.878237
DICTIU,3.0114841,2.652105
HEVXAJ,3.4177501,2.6716967
EGOLAO,3.1197855,2.6822848
KIVPIP,3.0332532,2.393938
XAGROM,2.6201844,2.6634438
BIYHEY,3.527412,2.3188195
LOMWIU,3.3369322,2.9397545
DAPKOW,2.0283368,2.2516336
MIDSOH,2.3763704,2.1427221
BODNOY,1.4585303,1.8403797
XODWAO,3.0049534,3.1340928
VAFXUV,3.7910903,2.9590724
CILHUB,3.4544854,2.6951978
SUHMAK,2.1205833,1.7085092
AMUPII,2.2794979,2.4937077
XETFUX,3.19761,2.8259866
IKOSAD,2.4150105,2.4517684
MAPFAK,3.1973379,2.4358237
BEVKOF,2.6291642,2.714827
TUTBAL,2.5603194,2.1760983
LEPZIS,1.6517311,2.3565912
LAMQUL,4.3045692,3.179373
FIRPAY,3.1842763,2.548461
LEBTIW,2.0427587,2.0146337
ESILOH,2.0348675,2.3270478
MAZFIE,2.1741898,1.9144288
JUPKAI,3.699388,2.3139937
BUYWEY,2.0057514,2.2502093
UYALEM,2.9739325,2.3111863
QUMQOE,3.0484917,2.7135472
ERUKAE,1.9363623,1.9914951
USUHOG,3.1396496,2.4455004
ROKYAT,3.51299,2.092748
TEKDOE,3.854493,2.5440545
FEHRIV,2.1788156,2.3425384
LATJAS,2.803589,2.3402405
HEZGUO,3.147813,2.0500734
HOTXEU,3.5671406,2.6260483
BEVKIZ,2.994341,2.9306874
MABKUW,2.5339243,1.9360167
SOTDAI,2.3589551,2.4091153
RINSUD,3.1840043,3.2175794
OLOSOZ,3.3785658,2.5406604
GOMSIN,2.8721619,2.8442166
MEKTOM,2.9148836,2.5056994
LEHJIR,3.8373497,3.1625001
DIXWOZ,2.576646,2.363609
CUHWEH,4.1693287,2.6934428
QEKPIF,2.8476715,1.7292497
LILVUA,3.4544854,2.5326097
PIXFOT,3.0773356,2.6659155
XIJDUR,1.7507806,1.6964352
OLECUE,2.4765084,2.317147
FILTUP,3.352715,2.4275885
ZENMAJ,2.6449468,2.6100557
YICXUE,2.3388186,2.3818145
DALNEK,2.5409992,2.4712043
HAZJUP,2.8280795,2.4239566
ZAYLES,2.9984226,2.4316502
TOBGAV,2.9763815,2.2501683
LERLAY,2.8405967,2.590703
USAPOU,2.6824985,1.9835331
BIDRAI,3.109173,2.7056553
CAQTIZ,4.0512314,3.0605483
TULTAX,3.6572104,2.4841526
COMWUX,2.7780104,2.5301237
KIVSUD,3.329313,2.7768803
HADTEM,1.9437094,2.4862025
DOZQEO,1.7107799,2.1317377
NEKGOZ,2.3355532,3.062663
LAJPUJ,3.0427773,2.987567
KEPLAT,3.1747525,2.5565796
NICBIN,1.6702349,2.1884227
DITZIR,3.003865,2.6581292
QINXEQ,3.1747525,2.48382
TUKPUK,4.1309605,2.7811046
FIHSUM,2.6212728,2.0548215
BEFZUK,3.1372008,2.834698
DAZRUU,3.0346138,2.5721338
ZEQHUY,4.1636143,3.63179
YUSSUA,4.903764,3.5055025
BIFDIF,3.6558497,2.7301426
YEDBOZ,1.789965,1.8767952
COGXIG,2.0914671,1.6587099
JEMVED,2.1614003,2.3358
PEJVIM,3.0174706,2.528486
FECNOR,3.6577544,2.788292
YOQKAR,4.501035,2.9088702
MEPRUC,4.462123,3.3257334
DAZFOZ,4.7837615,3.0220337
YABZAE,3.0874038,2.8063755
QOVQOH,2.1257534,1.7178626
MIMHAS,2.5494347,2.9317074
GIFHEJ,1.8528233,2.6697423
MOSLEL,3.305367,2.827829
UTANOU,2.1301074,2.2335591
SERGON,3.0408723,2.4708397
FIJKOB,2.8359706,2.9142582
MAKTIC,2.855563,2.598399
EKEVOG,2.0035744,2.0114267
OCOCOY,4.1407566,2.8375273
WABDOU,2.6446745,2.47081
JICCIK,2.3124237,1.8606386
TIKHOM,2.2735114,2.2052953
ROBSOQ,3.4566624,2.495007
GICWEX,2.752976,2.3063784
OJOWEP,3.5807464,2.396716
REMVIQ,2.2068434,2.198141
ZITMEX,3.9263308,3.1679559
BERYOO,1.1333542,1.6272993
PEGLIX,3.1788342,3.2141068
HOQXEQ,3.3007412,2.4587495
TORMOC,2.5959663,2.2454348
CESHEO,2.1788156,2.2728822
WOFWUJ,3.9731345,2.434403
IKELIT,3.1565208,2.6662252
APICIN,4.1353145,2.5563688
EJIMIU,3.018015,3.18075
ACUTEX,2.9954295,1.9010596
KUWXAB,1.9350017,2.5046742
NIDCIM,3.2569308,2.5870972
XEJXIT,2.0969095,2.1385932
IREGUI,2.5072572,2.4717436
NEJXAC,1.7929583,1.989891
HELGAI,2.8190997,2.718333
COKWOO,2.3703837,1.9979383
VIQTAS,2.029153,1.9148362
ZEFXUG,3.24523,2.4339032
ZEGXIS,0.65470594,1.9649541
KIZTIX,2.1116035,1.8934627
DORLED,1.2128115,2.3359976
KUSTAT,3.1774735,2.7017746
OVORIC,5.0577803,3.6187897
YEXBIO,2.7676702,2.5190108
TUXGUQ,2.822637,2.4949503
VOQCEK,2.4887533,2.2062192
NUDRAH,4.1549067,2.5235329
QOJPOV,3.692313,2.8976898
HOSGIG,3.981298,2.797057
IZUJOD,2.6563754,2.6198437
TIBFIW,2.6710696,2.6299834
WIFFEY,3.0931182,2.8111968
VEHSEJ,1.7798967,1.6254356
BAFLIE,2.527938,2.4235606
ZOWPUY,2.9287615,2.5755434
FEQXUX,2.2781372,1.6985197
ERIZIO,3.1589699,2.4879348
XOJMOY,3.326864,2.4850097
HAXJEW,3.0261784,2.9578862
FICBAX,1.9341854,2.3821452
BEJSEP,2.451746,2.8945127
OMAVIH,3.080601,2.4650245
BOQDUH,2.5527,2.6901464
IDAFUR,3.1657727,2.5194626
HIVVAJ,2.8550186,2.3427393
POZPOK,2.110515,2.2646081
YIZRAD,3.1295815,2.7377355
YIXVUX,2.6993694,2.44941
LOBTOL,3.620475,2.7245145
NUWGIV,5.766365,3.162212
KUCVOU,2.7461731,2.498716
QIZFOX,2.370928,3.0414672
CEMGAC,3.1815553,2.5185924
CEFGEA,4.043612,2.8291407
MODVIN,4.0904155,3.2156925
HENZIJ,3.94293,3.1891572
EWUQOC,2.2615383,2.58267
PETPAI,2.743724,2.6903744
GESVIM,2.1042564,2.039848
JUQJUC,3.383736,2.6410816
EBAQEF,2.282219,2.9911726
MIJTEF,3.2514884,2.265376
SUXBET,1.2171654,2.1930075
YIJZUO,3.324143,2.8756657
CETKES,3.1083567,3.0896983
SARFEZ,2.9573336,2.5105178
VIMWAS,2.6558313,2.2578044
WEHZOA,3.1943445,2.9044738
AFILEG,2.638688,2.3514807
ZAZWAY,4.390285,3.753508
IBILUA,2.836515,1.9845316
VAYMEP,1.928743,1.5167327
FUVPAN,3.570406,2.481367
CUQMOR,2.860461,2.7367616
LOJPUW,2.8601887,2.8049612
FINYEH,3.7197964,3.0102742
NETBET,4.6955967,3.5532558
FUXPUL,2.516781,2.0513363
YICYOZ,2.5940614,1.9467902
NOFVOV,3.9100041,3.3597493
SERJOO,3.2966595,2.4272685
QOZVUY,3.011212,1.3684427
QAWYOF,2.9676738,2.4887865
GAFQOT,3.9306848,2.8023236
DUJQUU,3.2972038,2.7317092
KAPYEI,2.0082004,1.7071927
DIQLOG,2.1967752,1.9820508
XOBDEX,3.3616946,2.7812397
HELQUK,2.8185554,2.1895266
QUGMEL,2.7521596,2.2098217
HENYOO,3.840615,3.5004125
SOJYUM,3.4430566,2.8802202
RAKMIZ,3.2008753,2.9835522
RAZDEC,3.1682217,2.6088116
LOXXON,1.3709097,1.9447683
DIBPUB,2.5322917,2.4522688
SAYTAQ,2.4944677,2.347444
ONUHAH,3.9608893,2.0421607
HEJXOL,2.1856186,1.9819167
QIWNES,3.6819727,2.878697
SACMIV,2.0860248,1.8941653
BETLOD,3.1061797,2.828512
XUTFAV,2.5026312,1.9399488
EDIMUA,2.6667159,2.5336087
SUNMUL,3.6955783,3.1264617
MOCXOT,3.1891744,1.9933224
AQAYIA,3.2030523,2.696612
BAZCAG,2.6648111,2.6273851
MIXLUB,3.0482194,2.4418757
VIHSIR,2.4501133,2.4143205
JUMRUG,2.841957,2.9273765
ZORLOJ,2.471066,2.2253542
AGAXUC,2.1262977,2.2304611
FELYOL,3.1080844,2.6695004
WADTIF,2.4313374,2.2170942
FOKVUY,3.610951,2.8149495
DOMZOX,3.4351654,2.766997
ZETLOZ,1.7856112,2.598546
LUSHUE,3.1562488,2.4666336
TIHCES,1.758944,1.5604565
AJEXOC,2.8302562,2.795007
QIDSED,3.3374765,2.4865487
FUPSIT,2.4452152,2.3683555
GASMEV,2.4555554,2.0749333
ESUNUC,3.1056354,2.637959
UKONUF,1.1279119,1.6830411
WOSQOK,3.4302673,2.8148358
JIGZEE,4.5339613,3.219318
HALHOS,2.4966447,1.8592845
LOMWOA,3.4683633,3.0361001
NIQLOO,3.0435936,2.0936956
QEBKAJ,3.374484,2.6793084
UPOMUI,2.3910644,1.8400235
OBALUA,3.2457743,2.1868975
SOGNIL,2.6079392,2.0492756
XALYOY,2.838964,2.5791092
REPJIG,3.3581572,2.7139428
VEFQEC,3.9883728,3.9207819
POSXIF,3.6215634,2.686407
POCBUE,2.5399108,2.2352931
LIBPUJ,2.0988142,2.030361
FUNNIM,3.3614225,2.3215628
VAFYEG,3.2087667,2.5347037
COWTOX,3.0751588,2.1259487
YIGTUD,2.9031827,2.8271263
GEDNAG,1.6745887,2.3505557
RONCAA,3.4792478,2.709327
CUBNAP,3.1323028,2.6762457
AWENAR,1.5099598,1.6969099
NOLXIY,2.1309237,2.0926611
RIVFIL,1.4827484,1.605043
USEXEW,3.157065,3.0977647
KOMMUW,4.5244374,3.1512
SOWVOQ,2.7061725,2.6847792
BUBQUK,2.9916198,2.508167
TEXSUM,1.6642483,1.5426314
WOYVEN,4.2332754,2.9563942
ZEJNUZ,1.9741861,2.3977582
ZISTUQ,4.1902814,3.267028
DIXVEO,2.5200465,2.0692577
MUHJUW,1.8982663,1.6062161
AWIZAJ,1.8824837,2.2798285
DEKTAR,2.9567893,2.5761986
LOQYUM,2.4601815,2.2710695
JOCREZ,3.5641475,2.5163937
FOLJOH,3.0724375,2.853927
EKOHES,3.2852306,2.3632426
YABZEI,3.2588356,2.744758
CURWUI,2.9020944,2.2352555
LAZKEF,2.7453568,2.631382
YOMDAH,2.2354155,2.226606
HOXDUT,3.629727,2.5369976
LEJPEW,2.6449468,2.6413999
FISRIK,2.7015464,2.5216992
WOFMUB,1.971465,2.0646625
RADNEQ,3.8229277,2.8012285
PAYQEO,3.3965251,2.4177916
CIXYIS,2.301267,2.6826885
FIQGAP,3.5252352,2.7751372
YAGROO,3.503466,2.9177861
YEBHOD,2.1309237,2.2521882
CODZAX,2.1521485,2.0653872
JARTUS,3.1578813,1.9604223
VITSUP,2.249021,2.2342014
SIJKUU,3.1216903,2.9888334
TANROQ,3.0833223,3.0241082
LEPFOD,2.057725,2.2619205
JEFXOH,4.064837,3.0411913
YAGKAS,4.5464783,3.1909463
FASRUN,2.428344,2.265328
HOWSUH,3.41258,3.0805748
BEJROX,3.8583024,2.573788
VUGHAI,2.956245,2.389347
TESPEP,4.1954517,3.6380448
LEMRAX,1.7393517,2.3128011
ROHHEC,2.614742,2.7717881
HEZVUF,4.2237515,3.104477
ZALHUS,3.3426466,2.8616986
IJITIG,3.3758445,3.0566187
XEZPEZ,1.5311847,2.1817915
OZEXIB,2.1529648,2.663219
BUJSIK,2.8120246,2.557161
YAFGET,3.267271,3.0939226
IKESOG,3.575032,3.001075
MIGCIQ,2.4827669,2.0007787
HADSIP,2.1826253,2.1122093
ROWWEH,2.287117,2.5031903
XUHXII,2.0509222,1.7959328
PUDPOU,5.2945194,3.738606
YENDOL,3.0844107,3.1371186
EDUFAM,2.6234498,2.0147517
SECTAY,2.5099783,1.7761748
PANMUO,2.9080808,2.0504441
VISWEA,2.941551,1.9502826
BAZMOH,2.6044018,2.5029235
NOBLUN,2.609844,2.3471138
CUFZUA,1.8237071,2.344256
VUFPUI,1.7749988,1.9282655
TEGXUA,4.0264688,2.9315
TUXFAV,2.8171947,2.533976
EYEBOA,3.0713491,1.7566147
VAJPIG,3.3899944,2.6125968
FEYGEW,2.9937968,2.892889
REMWIR,2.4433103,3.2548974
QAWXUI,1.4699591,1.7428969
QIFXAE,4.005516,3.0601068
GINQUQ,3.7456474,2.914914
PETWAN,3.0972,2.3947036
QOYGOC,5.383229,3.5498075
SIXDAG,2.7083492,2.6833806
KAQKEU,2.9358366,2.1547885
HOPYAN,3.106996,2.1586893
YIGTOX,3.8640168,2.5330849
AWOTOV,2.4971888,2.4064884
ABEZAI,2.8498485,2.5579174
BIMTOH,1.6109141,2.4186394
XEFQAB,2.4678006,2.1385548
UCAZED,3.589182,2.7735155
COWZEU,4.8866205,3.2438555
FEFZIA,1.6169006,2.3037915
LEPZEO,2.5600471,2.593589
KIZTET,2.1418083,1.8167255
ZIFLEF,1.9241171,1.9319451
PUNFUB,2.2931035,2.6372705
SEBRAU,2.652566,2.9833276
TUTSAC,2.1369102,3.2664056
QIDDEO,3.8172133,3.2901177
QASHIC,3.085499,2.7187617
GOMYOZ,2.4193645,2.7682889
FOFXUU,3.0618253,2.560176
WEHZIU,3.0786963,2.3039308
ULATEI,4.7666187,3.8145113
PEXFAC,3.0384233,2.4171023
ELUGEZ,3.1303978,2.5673463
LUWVAA,3.8231997,2.5162191
ZEYCIS,2.4071193,2.2488656
QAZXIA,3.6199307,2.827119
PAKFOX,3.5668685,3.0914013
CPDRUA,3.228631,2.4584954
MURBUY,2.7848132,2.3941135
IWAGUJ,1.3798894,2.2504406
CIFQEP,3.06373,2.5082073
MOJYIU,3.018015,3.0033712
MOZNAS,4.0564013,2.9149308
COTTIR,2.6678042,2.70113
XALSAE,4.337495,4.913007
ILAJUB,2.5777347,2.612098
UZOSEI,3.7932673,2.7015502
WOSMUM,3.6359854,2.8740904
DENRET,3.7176197,2.7918425
CUGSOO,2.8566513,2.6111891
OSULOE,2.0517385,2.4829648
LEMXIM,2.3831732,2.6491275
KUFKEC,3.0171986,2.4939017
PILLUU,2.5918846,2.521155
EGUDUI,3.1361122,2.2313337
IXOKOV,1.8715992,2.2892237
UFEPOM,3.099377,2.4027898
OHAQIY,3.8313632,2.93737
LIBTUM,3.2890403,2.7031288
YEFHID,2.6650832,2.139982
UWUZIW,1.4699591,1.6410338
EHABEU,3.2354338,2.1776705
YURGOJ,4.089599,3.3019524
SABQUI,1.8231629,1.7996223
KUPXUQ,2.3018112,2.020577
SURFER,2.71488,2.5840528
FEZVEN,4.4117823,2.884341
ORIYIZ,3.0784242,2.3892267
PAQYUB,4.337767,4.183582
HAQWAX,4.5728736,2.8968267
CORKUP,2.8672638,2.3179731
WIJBUN,3.7260551,2.3575227
MIPKED,2.2163675,1.9096651
EGOFOX,2.4892976,2.3588843
PAHLOZ,1.328732,1.6698896
ISUFOT,3.7483685,2.9150565
JOJSIL,3.0737982,2.7819383
QIFYEJ,4.005516,2.997914
EBETUD,2.3154168,2.1220565
YIBFAR,2.1358218,2.2145486
ZAGTEJ,2.2024896,3.2427907
AGIWEV,3.4539413,2.91079
LUWSAZ,2.9883544,2.3351562
MOWVEZ,2.887128,2.22465
AQACUQ,2.5543327,2.0161586
JELWON,3.7652395,2.7690258
XIVSOL,2.9208703,2.343015
TILGOM,3.9807537,3.0380218
ETAMIV,1.703977,2.2152553
TEYVAV,3.1391056,2.5733063
JANMEQ,3.3987021,2.426029
OCOCIS,2.721955,2.2209463
SOTDEM,2.3175938,2.359994
JAWFAD,3.8245604,2.8090405
QAKHIT,3.1932561,2.3381128
JECHII,1.0438287,1.19314
SAFRUN,1.1564839,2.167265
COGYAZ,2.2552798,2.1043048
QOKBIC,2.8982847,2.6658576
MAZHIE,3.6169374,2.914715
PUNCIM,3.5657802,2.2293391
COLDIT,3.271625,2.6983724
YATZEZ,2.5037196,2.5549808
QALHIV,3.6795237,2.7755485
REDYIJ,3.565508,2.86993
VAPMUV,2.3020833,1.9218134
JURMEQ,3.3331227,2.9699311
VOMQOD,1.8253398,1.9139655
RUKTAT,3.5826511,3.0510712
KAQDIQ,3.329313,2.697777
OFITOO,3.1850927,2.432574
XIXHUI,3.4738057,3.3237236
EJUBIV,2.674335,2.3951495
REPWAM,2.9244077,2.470456
HAHYIA,3.1366565,2.2954147
KIDWIF,3.1293094,2.3988063
ROJMEL,2.4577324,2.5408516
REMBAN,2.5078013,2.0751407
ZORKAU,2.9004617,1.6468264
JURYAY,3.443873,2.524764
WUBKOT,2.896108,1.8510389
LIFLIV,5.19547,3.747214
BANDUP,2.6340623,2.2632961
WOWDET,3.7774847,2.846515
IVEMOL,3.4226482,3.1030397
ROHZEW,2.968218,2.59717
TATWOD,3.5456436,2.835486
PASTIM,3.4901323,2.3819275
EQEYIJ,3.2316241,2.9234898
MUNZOL,2.4765084,2.7027078
LISHEA,2.332832,2.402239
LEPDIW,2.8912098,2.26043
FOYCEB,3.6642852,3.27258
YOJXEA,3.5480926,2.6574962
SIQXIA,3.1418266,2.8293626
YAHVEL,3.3276803,2.9160607
VUGHIP,1.5213886,1.6025759
BIHQUE,3.4705403,2.755842
HOXDON,2.7143357,2.2670805
QUBMIJ,2.607395,1.9875274
PAZBID,3.1750245,2.767537
WACDAG,2.7589624,2.655263
WACDIO,2.533108,2.41115
ZUKGER,3.2158415,3.1255517
TASDOI,3.0923018,2.2176652
LEBTES,2.0691538,1.8979679
ELUFUO,3.120602,2.573773
XOYLEC,3.5478206,2.66241
WAVDIH,4.5298796,2.924778
NABZAU,2.9567893,2.5533054
NAGHIP,2.9382856,2.5166051
LISDIA,3.190535,2.9510872
UHODOK,2.1752782,1.9413102
KACCUP,3.0384233,3.9631932
BEGBEX,3.0288994,3.0846915
DAXVON,3.2901287,2.5096989
WEXXUU,3.250128,2.3482008
MIKDIU,3.5646915,3.0067725
LILQAA,2.7189617,2.786695
HELGEM,3.037607,2.6968942
IPUBOM,3.5671406,2.9646251
XUFTIC,2.917605,2.4201612
IJELAL,2.788895,2.6376429
NOBMAU,2.7246761,2.4722924
RIVFAG,2.3260293,1.9547484
ROLQIT,4.0017066,3.8721921
DEKSUI,3.2816932,2.6237946
PAQKUQ,2.163033,2.2029917
QILGIB,2.4438546,2.4559176
BUXNAJ,4.175043,3.12022
YOPVOP,2.3894317,2.1326747
RIYCUX,2.3717444,2.3672085
REKDAO,3.0337975,2.2753794
SARBIY,2.265348,2.2521505
SEVNEP,3.013661,2.4825916
ZOGWUP,3.018287,2.4798765
VUBSIW,3.4144847,2.6353164
HUDPIH,3.2395155,2.7658994
WUWVIT,1.8509185,1.9455166
HOLXIQ,3.204957,2.930019
TEWSET,3.348089,2.4765422
ELUTOU,2.585898,2.456341
GEZLOO,3.0814173,2.841303
QIXQIZ,2.2122858,2.2005243
LELLUK,3.9992573,3.045548
BAYPEZ,3.190263,2.4795482
LASGER,3.1603303,2.667905
OQEGOH,2.6680765,2.6432838
BALTOY,3.5987058,2.5664263
PUQGUD,2.6392324,2.398355
YOVLOK,2.425623,1.8907194
VOGYOH,2.853386,2.6689498
ABEXAG,3.1837323,2.7717385
CICSOY,3.1314864,2.5088482
WIZCOY,3.9614336,3.1674619
PEBLUF,1.6177169,2.0218515
PIKRUY,3.555984,2.8992734
ADUKAM,1.7056097,1.7424701
QUDZOF,3.1943445,2.5113983
POSXEB,3.3513544,2.5053706
MIDPOH,2.827263,2.8789237
DAQHAF,3.0288994,2.2814155
ZOSNUS,3.3309457,2.3296754
IXALEZ,2.1823533,2.0302713
JIMYAI,3.8242881,2.599247
GUDLUM,3.6811564,2.7240243
ATAZOL,3.455574,2.7263806
IBENOU,2.3216755,2.2140694
JINSEH,2.2386808,1.9198959
FEVDES,2.7687585,2.4158065
GEKFEI,3.9949036,2.9386013
YOPCOX,3.350538,2.1699448
KURBUW,1.3866923,1.9247816
TAYROC,3.034886,2.8011203
HIKKUK,1.8990827,1.8931577
KOKMII,1.4188017,2.03103
RARQAD,1.5458789,2.1866097
IWAGOD,1.4226112,2.0125675
NAGHAH,2.9709392,2.532154
HEBPUC,1.8253398,1.8772798
TULSUQ,3.6544893,2.3895075
IZUKUK,4.7960067,4.0030947
TEYTAT,2.712703,2.2918286
WUXKUW,3.7091842,2.7902446
NAGDIJ,1.8321426,1.608321
PICWEE,2.5186858,2.739701
RUNMIX,3.2250936,2.6094651
WEPHEH,2.158135,2.4184537
BICQAG,2.574197,1.8777851
DEWGER,3.5742157,2.481151
KAWROR,2.210925,2.3064356
SIGYAL,3.1271324,3.0413287
RESWAQ,2.6261709,2.3465495
ALIQIV,2.1720128,2.418933
FIQGIX,3.1064517,2.164794
XILVOF,1.2811121,2.43901
QIDTAA,3.658843,2.7667203
CURWIX,2.6416814,2.6912405
QIDSON,3.5668685,2.856352
XIXHIW,3.8746293,3.36279
ZOSPEE,3.2367945,2.5317023
ISOKAE,1.4013864,1.3681369
PUSXUX,3.510269,2.9783592
RIXSAU,2.9342039,2.726288
SOJYIA,3.4800642,2.9223275
YAHVIP,3.434077,2.7892158
AGOSOF,1.8272446,1.7610029
MOXWOL,3.5410178,2.7863393
GOYGOQ,2.5227675,2.3583808
EVAVAA,2.5505233,2.9099903
HEVWUC,3.00196,2.4018047
SULXED,2.3736491,1.9132222
NEVZEW,4.0234756,2.2190914
XAPKEE,3.2348895,2.6811376
VIJPUZ,3.0694444,2.712134
DIZPEK,4.1208925,2.916025
AGIFUU,2.8550186,2.7754664
KEJYUU,1.9458863,1.8651649
LACREN,4.218309,3.0455823
PEPFEW,3.6329923,2.7839563
MODTAD,3.274346,2.9250596
VIKNOT,3.1382892,2.4832916
ZOGLIS,1.2168932,2.7506523
MITNAF,2.4128337,2.7026458
GUCKEW,3.9902778,2.7609162
ADUMIV,3.0479474,2.3056915
FEGQAL,2.5420878,2.3565814
VEBLOE,3.3633273,2.5773551
UGAJIV,2.8754272,2.1520088
WOHZEB,1.2090019,2.201916
NAKJIS,3.164412,2.429872
WOSMIA,3.491221,2.6327367
ALEGIH,1.4381218,2.6245682
YEXZIK,2.117318,2.6439824
NOWGAJ,1.9129604,2.3811607
TETGAB,3.3562524,2.4281359
DOKLUM,1.6403024,1.5615093
QAWYIX,2.4071193,2.170206
PAMGAN,2.8060381,2.5439062
ZOYYOD,1.976363,2.199296
ZIVXOT,2.4454873,2.2588923
XOMWUR,2.1872513,1.5719013
WENJAC,1.5491443,1.65926
WIQKIQ,4.5516486,3.333296
FOBTIA,3.51299,2.7855856
QOVVON,3.0452263,2.3482428
KERCIV,3.080057,2.299902
HIJDAH,3.3252313,2.9849083
MEZBOL,4.072184,3.4771981
AZAQUO,2.0286088,2.3273573
BOHWON,2.9295778,2.3927238
LOBKUJ,2.8550186,3.053381
YOZXOB,3.5189764,2.2162228
DOQBIX,2.9309385,2.985081
HOYTAS,3.5951684,2.9857118
SANREH,3.2340732,2.7713861
DEHBUN,3.1657727,2.3781643
TAHROL,2.898557,2.649296
AJEXIW,3.1869977,3.0308106
WORNEW,3.0487638,2.2321208
JUQJEM,2.5989594,2.9944644
PAXYAR,2.7094378,2.5845742
MUBTUY,2.0079281,1.9247543
XIMXIC,3.3143468,2.8649604
LAJTUL,3.5091803,2.9737873
QUMREV,3.3162518,2.6013758
KILVUY,2.731207,2.1819482
HIMLEU,3.1342075,2.8442447
BIRRUR,4.117355,2.6659138
EMEPIW,1.8522791,2.059288
BIFDOL,3.577481,2.7156713
VAJVOS,3.1927118,2.5454013
BAWPUM,2.387255,1.7549372
TEFYEL,3.1540718,2.6638122
BOJMAQ,4.0759935,2.9836707
CPDZRU,2.801412,2.74128
HORKOQ,3.0846827,2.3586454
JINHEU,2.332288,2.4313424
UVOWOT,2.1469784,2.5935435
XAXLEQ,3.0539339,2.7133315
SACLUG,2.2024896,2.050571
AYUSES,3.8368053,2.8003025
MIKDOA,2.9744766,2.3141816
NECMEN,3.2414203,2.917222
OZOMEX,2.5616798,2.562152
MUNZEB,3.173664,2.6494641
CETDOV,1.4631562,2.2018943
QAHVEB,3.754355,3.0823026
ZEHLIJ,3.5499976,3.5756588
MEFWAY,2.3369138,2.5234518
ZEDGIB,3.3211496,2.7392228
DIBMIN,4.8575044,3.3766525
WEJMIJ,1.7224808,2.5011358
KAWQEH,2.311335,1.94062
HEDHOO,3.31217,2.648482
KEWWAM,3.3728514,2.7339067
GAPZOM,4.1312327,3.1939158
QALZOU,3.0776079,2.9582543
SAKPOM,2.4419498,2.2822826
DIYLAZ,1.7741824,1.5861397
FIZFAY,3.5007448,2.7430305
VEZGUD,3.7219734,3.0492089
VIRTEW,2.2865727,1.9737647
NOYWUV,3.4074097,2.8672867
VIJVOB,3.2444136,2.6964543
LETSEJ,0.6892644,2.7327836
GESVEI,2.091195,2.2416894
USEXAS,3.1635957,2.5449953
EKEBOM,3.1293094,2.467708
PADRAN,4.1429334,2.7175946
AVOXEO,3.0729818,2.9498808
EMAZOJ,2.5540607,2.2716894
WEJBIY,1.837585,2.3292537
HOTXUJ,1.8971778,2.2370243
IVEMUR,3.4166617,3.126329
EGOMIW,3.207406,2.7642207
FUYWAY,3.2109435,2.4776518
COTTAJ,2.4868486,2.32299
YECMUR,2.920598,2.386932
CEJNOX,3.1633236,2.7806895
QOXXIM,2.741547,2.4427946
JIJFIU,2.5586867,2.5649245
ZONKEU,3.2792442,2.661386
LAZKAB,2.6860359,2.5396981
ZEVDOV,2.108066,2.0264225
ECUTOM,3.9440184,2.4745502
GUXVEA,3.1872697,2.4358296
TUSTEH,2.5287542,3.0767975
AXOMEF,1.0821968,1.9759586
ZUSLUW,3.1241393,2.691484
ROKXIB,2.0920115,2.4896631
PAMFEQ,3.3167958,2.676596
VABYIJ,3.2169302,3.0271072
IKELEQ,3.4634652,2.8195243
TEMZET,3.3475447,2.1643953
YAVMOY,3.9301405,3.2557147
YEJQUC,3.025362,2.1867142
EZIRIQ,3.859935,3.0528898
CIQYEJ,3.061009,3.0423703
AYONEH,2.5295706,2.289249
WOHNEM,4.483076,3.9043489
BACFOC,3.7984374,3.4041016
JOFRIG,2.2286124,2.3360577
NEZZOH,3.4547577,2.4175067
ERUHAA,2.757874,2.138721
SASGOL,2.468345,1.9677563
YOPZOU,3.267271,2.1094654
KADQIQ,3.974223,2.8994172
FIZTOZ,0.9771609,2.6869597
PECBAB,3.0332532,2.1162767
GUNHEC,2.8993733,2.9374638
ADACEQ,2.348887,1.9435551
BAXZUY,2.361132,2.231294
MIDMIW,3.5646915,2.7506793
QISZOJ,2.8425014,2.4877408
ZOGKEL,3.1758409,2.4276562
RIYZUU,2.5078013,2.1232157
XODRAK,2.1948705,2.5225725
CIFQAL,3.150262,2.4678433
YOMNOF,3.486867,3.1200707
LERMON,2.858284,2.5256307
YEJHUS,3.1984262,2.6222913
REPDAS,3.2972038,2.7736955
LANRUO,2.382357,1.723826
JIVGAX,1.7975842,2.0229821
HURGOS,1.4152642,2.140357
ILEHEM,4.2887864,3.008592
UCAZUT,3.5061872,3.034106
YIVPUQ,2.8171947,2.346602
COWQUA,3.941025,2.9182403
IQOCIB,2.0770452,2.267097
UMANON,3.1627793,2.5881052
VASVAN,1.6378534,2.0237103
JOJSUX,3.2520328,3.0694451
BIDHOL,3.8114989,3.035249
IFETUJ,3.4264576,2.9366703
TOMSIA,2.7184174,2.0893643
BOPWEK,3.328769,2.8658671
ROJNAI,2.4201808,2.6775677
ORUXIK,2.5818164,2.6183639
YUSLEF,2.527938,2.1523905
FAMFUV,2.4645352,2.3663723
KUPDOP,2.8362427,2.9151666
TABSAT,3.085771,2.442562
POLVAQ,4.4531436,3.297598
XEGSAD,3.1608746,2.7077346
MEBTAO,3.032709,1.8840386
BIXTOU,2.287117,2.0742319
CEBPUX,2.6593688,2.5321133
OFUMAE,2.5426319,2.0188258
FIQGOD,2.9401903,2.511318
STYPRU,2.5227675,2.5315778
PAMFOA,2.825086,2.7050397
VIMVAP,1.8560886,1.7996855
KAQHIU,3.2653663,3.3381586
RIMMIJ,2.9763815,2.3542805
PETPOW,2.8348823,2.3394525
JIZXUO,2.7671258,2.7050574
CEMJOU,3.1064517,3.18954
COLWOR,2.0209897,2.1306093
ZOPVUX,3.3660486,2.6823497
ZOPVAD,3.5197928,2.536316
VABXEE,5.1268973,3.026874
FOQROS,2.230245,2.2694776
FODXON,3.856942,3.2292717
OCODOB,4.279535,3.7167258
FAPVOJ,3.1801946,2.7175674
CADJOG,3.5837395,2.9525661
YOFJIP,2.6016808,1.7009482
LIPFAT,3.0264504,2.9056892
MONJUV,3.2438693,1.8594291
LATHUK,3.0321648,2.5088878
QOFSAG,3.1078124,2.344256
FIRCAL,2.8705292,2.4043612
MUGMIL,2.6457632,2.5570335
SIWJEO,4.270555,2.806785
OQEGAT,3.6357133,2.717236
MIGCOW,2.3404512,2.2339911
USIYIG,3.1135268,2.6304119
TEDPID,3.0416887,2.715567
TOWWUZ,1.3045138,1.6796329
VOYJOK,1.3836989,1.9735473
FARSOJ,1.9888803,2.0235689
LONYIX,1.8574492,1.90588
BOFFOT,2.403854,2.0321093
JEPDAK,3.2939384,2.5371585
HIWNUY,2.4607255,2.6356626
HAHZAT,2.5195022,2.130155
IMOLIG,2.8215487,2.2915518
VIQYAV,3.44605,2.0295181
HAQJUE,2.6180074,2.946897
IJEJAI,3.3872733,2.5945625
LUTWUS,3.0942068,2.9047668
IZIJOR,2.1782715,2.0479376
PICJIV,3.3728514,2.921177
SOJMUA,6.2716804,4.0039454
MUQYII,3.3690417,2.5229065
UCEBIN,3.4863229,2.9028096
GATRAW,2.937197,2.6162362
SULTOJ,3.0354302,2.5232193
SEKRIK,3.2582915,2.6517646
PABYID,3.042505,2.9344797
DEKFUX,2.8778763,2.1683164
XORDAK,4.0730004,3.6295245
WAYKOZ,2.7023628,2.631431
ZIPLOZ,3.534487,2.8591359
JOFXIO,1.8144553,2.3886416
YULJAR,2.9067202,2.640505
FIFCAB,3.3187006,2.4949927
PAYJEE,3.3665926,2.4254816
UJUBUX,3.003865,2.1467454
GODYAB,1.522205,1.70575
GAFSEO,3.4027839,3.232028
BIKLUF,2.3891597,2.1086626
TINFUS,5.1590066,4.1451855
XELBEY,2.3382745,1.5829568
GETKEX,2.282219,1.958394
RUTVAD,2.690934,2.3568096
JOZBOP,2.5058966,2.3215454
XICFOH,3.0011437,2.4763868
MOZMAR,3.7086399,2.905928
UJUZUV,3.047403,2.3965554
MALZIK,3.2732577,2.5276897
ECOQUJ,2.1921492,1.3354261
ZEKGIH,3.702109,3.1527567
ZEQJAG,4.027285,3.3718457
WEJMEF,1.7888765,2.441251
SEMVOW,2.5899796,2.2666209
OLOKEH,2.1344612,2.0567646
SEQVAL,3.05856,2.5765078
DIHFAE,2.8756993,2.7832837
PIXWAU,2.8269908,2.66386
QOTKOZ,2.7178733,2.3446963
USEWUL,3.1146152,2.6188118
SASWAK,3.4425125,2.5273187
LACMEK,3.2460463,2.7406864
LOQZAT,2.8729782,2.1375775
RACGOR,4.384843,3.1263902
XEZVIH,2.2906544,2.2048283
SUKFOT,3.6286383,2.98832
SIJGUP,2.4463036,2.230692
EHONEV,3.2876797,2.6381187
FENCAE,3.3845522,2.3382123
HAZMUR,0.74477565,1.9906377
YIHXEV,2.901278,2.6047983
WOHKAI,3.2182906,2.5084958
NUZXIQ,3.3178842,2.794493
CEHSIS,2.960871,3.45046
RAZFAA,2.3562338,2.177673
PAWZUL,3.173664,2.3444393
WOFFOM,2.867808,2.245678
SOTVAB,3.9306848,2.7862518
SOMXEY,3.3570688,3.3971388
UJEXUD,4.1429334,2.984097
CUTZOI,4.057762,2.7098584
BIFDAX,3.3976138,2.7994528
SENDUM,3.1935282,3.1569567
TOMDOO,2.4411335,2.911846
XULWEH,4.784578,3.154099
YUVSIR,3.1921678,2.819935
GESVUY,2.1020796,1.7961897
VEBMOF,2.934748,2.54351
AJUTIK,3.350538,2.5904582
FOHPUQ,2.9576056,2.2619247
HOKCUF,3.6544893,2.9712777
FATVIH,1.8947288,2.185769
KIDWUR,3.2868633,2.7640839
IFAHIJ,3.691769,3.1385143
QIVRIX,3.202236,2.1310196
JOJCIV,3.5543513,2.6904671
NODZIQ,3.5527186,2.231524
YOQPUQ,3.023457,2.2373636
AMICUV,2.585898,2.4727492
POLYUN,3.128765,2.2244835
VIQRAO,3.1559765,2.9844375
PAYXIX,3.3578851,2.7582958
SUSQUS,3.0694444,2.62884
EHIRIY,2.4128337,2.1522088
AFASIL,3.5176158,3.011153
WUNRUS,3.307272,2.7739143
JOVNAL,3.9668758,2.5711036
MOGHAR,3.494214,2.8688867
GUTNEO,1.9039807,2.2128448
WAKNII,2.3197706,2.2012482
YEWFOW,2.5434482,2.6053941
LEHJUD,4.268106,3.1386173
TARXAO,3.5208812,2.54777
CEBTAG,3.147813,2.5067446
ZORHAR,1.5790768,1.8130167
NAGDOP,2.3126957,2.000813
ZOWPIM,2.8762436,2.7445393
RISWIB,0.8873633,1.5313317
RIVNAL,2.322492,2.1455214
COXBOH,2.138815,2.223843
TEKQAE,3.4199271,2.6318007
DEDCEW,3.6667342,2.631363
QAVXUG,4.251507,2.8483174
XEFRUW,3.4022396,2.7905807
PABNOV,3.1225066,2.6886795
MIPCOF,2.2394972,2.2491007
FUYQIB,2.9529796,2.3364134
BESGAI,2.9644084,1.7822019
CIBHAZ,2.8408687,2.4245436
KIZSIW,2.102896,1.7427666
LUNSES,1.6675137,1.8800753
YAQZIZ,3.8817043,3.4058013
AVOXAK,3.085227,2.7375915
ZAYLOC,1.4906397,2.260643
TFTPRU,2.9339316,2.6385326
BIHYUO,4.59301,3.7459636
KESYEP,2.0326905,2.3265471
FESZUA,4.191642,2.834025
LIYJUZ,2.8903935,2.4847825
NIBXIF,3.1826437,2.4036214
CIFMIQ,2.335009,1.9021635
VIKNUZ,3.6240125,2.4717221
IQIMOK,3.343463,2.7983098
UWUZAO,1.520028,1.7251161
GUQVEV,1.906974,2.656494
REDWUU,3.047131,2.6052508
AVICEP,3.5736713,3.2721043
XEFSEJ,3.2438693,2.6511536
VAYYUR,2.1875234,2.1830466
DOYREO,4.261303,3.1844094
KOFDIV,2.8759713,2.469083
RIVJEN,2.9807353,2.530037
KEJZAB,2.0258877,1.8685843
ROJNEM,2.5420878,2.6342032
HUNWAP,3.3159795,2.9175465
PIZGIQ,2.4563718,2.637073
DUVCUU,2.6922946,2.1976938
VAFSUR,3.3943484,2.993686
KOWQEU,2.0452077,2.349734
TIKWOC,4.0618434,2.7688584
ZOPTEF,3.515711,2.682607
HEYXIS,3.0416887,2.384021
EPULUY,3.362239,2.888418
CIJQET,2.669165,2.5439925
LOXYII,2.0797663,2.3047383
ZOJYOO,3.4694517,2.6579633
IDAGAY,3.1823716,2.5706406
NUSFUD,4.1617093,3.1231332
EREJIU,3.0642743,2.524943
MEHYII,3.8275535,2.4272907
HIVVOX,2.8373313,2.189527
EZATUW,2.7684865,2.6887693
TUVLUS,3.1537998,2.3562827
PESWEQ,3.247679,2.4323425
ODELAN,2.1812646,2.2146392
MEBXAT,3.1842763,2.2160933
WONMER,2.9480815,2.1092405
UCATOH,3.1369286,2.8061512
OZAYOF,1.4383938,2.2187614
MOSCOO,3.3750281,2.788119
FAPSEV,3.4806085,2.461621
ONAJET,3.8300025,2.7297027
HAZHOI,2.2552798,2.8414247
MAJZOP,3.9559913,3.0447025
FORQUY,2.7785547,2.5736258
WOHJUB,3.2103994,2.4580457
GIFRAR,2.0664327,2.0496573
PIFLOF,3.2754345,2.7786708
EQALAL,2.7546086,2.2613819
PAYQOV,2.7268531,2.7442136
MILCIV,1.5937709,1.6050196
QOKKUX,2.1502438,1.2843986
EGITUJ,2.9102578,2.4920437
WEXNET,3.1505344,2.6196284
HEDRUG,2.4438546,2.5163407
QIDBAJ,3.001688,2.4386504
KENQUR,2.088746,2.1086102
OHOBEU,3.381559,3.0535676
VIBYEL,2.014459,2.443149
YOBFOK,1.4430199,2.6170163
POBBAK,3.1608746,2.6305647
QULFIN,1.4773061,1.894413
BERWAZ,2.7693028,2.3319564
YUGDAG,3.840887,2.5726416
LANVEC,1.6713233,2.3358126
RITCIJ,3.080057,2.9165962
ZUQJOK,2.6011364,2.7594457
NOBBAJ,4.088511,3.0604146
JINRUW,2.1543255,2.057982
DAMCAX,1.93092,1.6724542
MINPIK,1.0928093,1.9467618
ZIQLOD,1.2345806,2.0913587
KAKDIJ,3.2572029,2.577681
GULRAI,2.912979,2.6173193
RUKDUW,4.083613,2.8989768
ZICKAA,2.3962348,2.6096861
ABOZIB,2.1450737,2.0935893
NUSXEE,3.2536654,2.6836755
OMOBUO,3.9263308,2.8722095
SEQJIK,2.619368,2.137514
EMOKIA,3.431628,2.861913
JARTOM,3.161963,2.655713
NEDMIV,3.0808733,2.379467
CEDXER,2.6250825,2.4864144
IKELAL,3.137745,2.7796056
DUJQOO,3.1363845,2.6739616
VOGRUF,1.961941,2.3330853
JEJXOM,3.5546234,2.8435616
XIBHUL,2.5565097,2.44519
QEYLUC,2.997062,2.2831717
KIJYEI,2.035956,2.3278635
CEDXEQ,3.1608746,2.7897763
EPUYEV,3.0150216,2.6281059
NUZXUC,3.2601962,2.7265563
VEKYIW,3.0955672,2.5877123
PENZIR,3.6506796,3.2755742
WEYJUI,2.5097063,2.093317
CAZHAP,1.6332273,2.325706
LIKZUD,4.8795457,3.7695193
BAYFAL,2.5818164,1.8645077
DILZOQ,3.862384,2.8501828
XADCAI,2.0955489,2.4775848
FUMDAS,3.0982885,2.5303907
EQAGUA,1.866429,2.6819232
NIXFEI,2.9948852,2.8797915
WEYSOK,2.9214144,2.0281076
PEBNEQ,2.1997685,2.1613953
IKIZAD,5.773712,4.547227
ICOPEX,3.7584367,2.5388558
MARTUV,3.4016955,2.776344
UPEJEG,2.719506,2.1441593
SAWPOW,3.596529,2.6313386
HEWLEB,1.5564913,2.5245152
EDEKOP,3.2849586,2.5883837
WOBSUB,3.0607367,2.4201286
FOQRIM,2.2212656,2.179748
MODVEJ,3.7383003,3.2062125
GILMUJ,3.7799337,2.8671327
NEBDUU,3.6068692,2.2756307
GETXAE,2.4237182,1.9567508
RIYZOO,3.1146152,1.8372654
UJABOX,3.5597935,2.770001
UZESUP,3.1899908,2.9241514
YUWHON,3.2680874,2.399538
LUSKOB,3.0193753,2.216574
RISKIQ,1.4109104,2.2691875
FUBPIB,0.71212196,2.5829675
SENFAU,3.288224,2.890437
XOZROT,3.2724414,2.597413
UQIMAJ,2.497733,2.100792
IZAZEP,2.662362,2.5500586
POWCAF,2.3507917,1.9012666
AVEZOR,2.0745962,2.4653237
SOCCAO,0.56082666,1.6665114
UWALOU,3.2563865,2.650572
LAMRAT,2.5532444,1.8985056
CALFED,3.107268,2.6866674
FOKNOL,2.1853464,1.8082118
NACREO,3.3227823,2.517952
JAKYEA,2.2887497,2.1452796
NASHOE,2.3774588,0.88472414
SODSUA,3.1265883,3.2023003
MUCCIW,2.29909,2.0075228
YAWJOW,2.7595067,2.8574553
EWOJEF,2.2528307,2.2539668
AJOBAE,3.2702644,2.8122566
AKEGEC,3.0109398,2.486098
MOJMAZ,3.2438693,2.7502491
XEFSOR,4.556819,3.7045333
DIYLIH,1.8952731,1.7748815
LAMROG,5.5342517,3.1159308
NEPRAC,3.176113,2.7590306
QOPSEV,2.4871206,2.3659756
CULKUP,2.6860359,2.2387948
TIVVUS,1.8343196,2.3284352
MIQTAK,3.0321648,2.544972
LINSAE,2.5374618,2.8041825
HACVIQ,3.639795,2.6404765
CEJHAB,3.5600657,2.622909
EGILIS,4.022115,2.4716904
TEKPOR,3.4011512,2.7599826
HEJWEA,2.0226223,2.5870206
VOGYIB,2.8759713,2.6031065
ZEGZAM,3.221284,2.9840057
QEYXOI,2.9080808,2.6421936
QARQUV,2.6699812,2.4127393
EDIMIO,3.7508175,2.6678216
GELGOU,3.9470115,2.9859054
IKENAN,3.2800605,2.4294405
POJFOK,2.143441,2.352174
LEHJOX,4.0259247,3.2700574
OFISUT,2.2833073,2.0195394
IJONAX,2.5007265,2.3445516
CUNLIH,3.7075515,2.5993514
CUWGIM,2.8373313,2.4612126
LIGCOV,2.5412714,1.8761666
GIPTAD,2.6343343,2.2526379
PETQEN,2.8661754,2.6132824
WAYXIG,2.788895,2.1311073
RIBSAX,3.5385687,2.2527015
KOLRIM,3.597073,3.0669088
IXOKAI,4.7214475,2.9329104
YOYDUL,2.5246725,2.0261788
KULPAK,3.219107,2.0799382
LACZIY,3.3377485,3.1491966
HEFZEX,3.9453788,3.257609
ALEROY,1.4457409,2.2816765
IWEDOE,2.2253473,2.1777766
ZEWHEO,2.6539266,2.3784995
SECTIG,2.0705144,1.4501795
EHAKUU,2.0160916,2.0704591
XUMWOT,2.5777347,2.3176641
MALFOV,3.078152,3.5087643
DAZFIT,4.461035,3.0094678
DESKAQ,2.9053597,3.0056217
TILGIF,1.0587951,1.7116379
CUQSOX,1.5600288,1.6729296
MAFGIK,3.4063213,2.3047626
ODUHUR,4.075177,3.228884
TEXTAT,1.7880602,1.8097302
MOGKAW,3.274074,2.6853302
YAHSOP,2.5567818,2.3553314
WEJCAR,1.7502364,2.4647064
LIQLAA,3.207406,2.7387064
LENKOE,1.9910572,2.1694837
NUWVOQ,3.2754345,2.5810275
TUMKOC,3.1350238,2.6730258
KAWQUW,4.488518,3.91079
MOGJOJ,3.3176122,2.8388987
MUPBIJ,3.0313485,2.8144612
BOHJIS,1.8166322,1.8850455
BIHYOI,4.0661974,3.4025586
OZIXOM,1.8106457,1.7979819
XAHJUM,1.8481973,2.5856998
VEYMOC,2.9143395,3.5186906
PEBJIQ,1.6471052,1.9221332
WAXHIM,5.5981984,4.423892
RAXQIQ,3.329041,2.4863138
YEXLOF,2.9238634,2.57886
DORBOD,2.05963,2.7040358
PUYJOK,2.49991,2.1944885
YEKCIB,2.9622314,2.2768378
FEXDIV,3.8874187,3.1292067
PERPAG,2.1711965,1.6333404
WEKSOV,3.008763,2.816958
SOKFOP,1.7798967,2.125391
HOVROB,2.4642632,2.6322727
VINZEX,1.4177132,1.9299977
HUMBIC,3.0550222,2.5341158
GEVVIO,3.2686317,2.7432525
LIPMAY,2.3290226,2.0827155
WOZYEP,4.036537,2.9677358
FEZVOX,4.7312436,3.0877967
GOYCUS,3.385913,2.111708
YACMEV,1.682208,2.227122
NODZEM,3.5712223,2.2992835
XIXJOE,4.0757213,3.3982773
TEBPUM,3.5236025,3.3799214
NULTET,3.078152,2.229606
VIGYES,3.0653627,2.4891002
SIDRIH,3.0275388,2.4843614
LITQOW,3.120874,2.2196856
NOFLEA,2.7807317,2.1299531
HIVTUB,2.9867218,2.3714774
JOCPUO,3.5636032,2.7761867
JOKWUB,2.0019417,1.9912696
KILBAK,3.2803326,1.9987885
ZIRHEQ,1.238118,2.2283366
VONFUA,4.44117,3.1050751
KIBMAK,3.176113,2.8262599
MUYZIR,2.1586792,2.3930547
XEWYAC,2.9099855,2.9396088
AFUQAT,1.5447904,2.739599
QUCBIB,1.6032948,2.7199023
OSOXEB,2.9282172,2.391049
YEDQAB,3.2166579,3.0824852
XITNOG,2.284668,2.2259285
ECUKET,2.6697092,3.0105548
XIXDAM,5.337241,3.5612602
MOYYOO,2.881958,2.8318
BELRIU,3.082506,3.0939655
ESIKAT,1.3404329,2.2592897
JIMLOG,3.9761279,3.0853698
WAVDED,3.9274194,2.8261912
VEJDUM,2.3404512,2.4957037
DEDCIA,3.8095942,2.6942248
WAVLOW,3.4822412,2.762652
QIBLAQ,2.7684865,2.2514238
HAFKUX,2.1622167,2.6686437
TIVREW,3.3421025,2.1973467
EREJUG,3.5091803,3.131192
MEXJIL,3.2689037,2.6143072
NOGTIN,2.0705144,1.8398654
OVIYOJ,3.4199271,3.0540543
BONSED,3.4419682,2.3509383
CIMKIT,4.9864864,2.7021925
XOQWAC,3.6498632,2.6434145
MOYYEE,2.998967,3.4217834
MEKXUY,2.5352848,1.9316962
WAQRIP,2.6854918,2.2306263
FAHYUK,3.0299878,2.3800292
ADERIM,3.5407455,1.9051632
VAKFUI,4.012319,2.5213234
GAGGEA,3.7241504,2.7374709
COKWUU,2.4403172,2.158019
MUBTOS,1.9856149,2.325414
WUNHIY,2.590524,2.298703
MARCIR,2.385078,1.6959211
PABYUO,3.4348934,2.5764632
ZOPTOP,3.5091803,2.613259
HUPMIP,3.69449,2.9472883
TITHOW,4.1883764,2.7597306
ACOVAR,2.289566,1.8729261
MILDAP,2.801412,2.3174927
GAMDEE,3.7524502,2.5536852
CATCAB,2.2171838,2.229734
YIMLAH,3.099377,2.0224502
DEHFIF,4.3247056,2.9026372
LEHZAC,2.119767,2.6217542
PAMDUE,2.8811417,2.8183908
AGIGEC,2.8669918,2.2389035
HATNOH,3.228903,2.6277266
ISIXEP,2.5578704,2.1951985
AWOQEJ,3.732586,3.2535563
NOLXEU,2.148611,2.0504117
FAHHUS,2.1994963,2.3212953
ISUHIO,3.037063,2.6340382
DUXQIX,1.7578555,1.8998954
XATHIL,3.575032,3.1044912
BAWJER,3.3981578,2.6444929
SESVUJ,2.538278,2.2919128
MIVSOZ,4.1334095,2.9346297
GUDZOW,1.4732244,1.8092582
XEFRIK,2.3331044,2.0454812
OBEYIE,1.7306441,1.829514
RUNLIW,3.3494496,2.6190014
WAVLUC,3.8719082,3.0626733
JOJQUV,3.4074097,2.8082724
YAVHUB,3.0427773,2.320374
PAKWAA,3.776124,2.7644382
NOWWOL,3.8302748,3.3080077
UCEBOT,3.5151668,2.8985596
HUSQUJ,1.2939014,2.320085
SEMTOU,3.3159795,3.0112767
ZEGYEP,4.0161285,2.4398744
MEYZUO,3.99572,3.0838761
XIQGOU,3.763879,3.1531796
PIKVEM,1.902348,1.988374
ZUQBIW,3.3080883,2.5573523
LUQPIX,1.8198975,1.231705
GOMZIU,2.2560961,2.0240755
PEVSOA,2.124393,2.2115002
AVEGAJ,2.6610014,2.9376276
SIBQEB,3.5015612,2.9725654
YECPEC,3.233529,2.6112952
GODJAK,3.3235986,2.2127967
HIVTOV,3.1127105,2.3860168
APOXUA,2.3480706,1.9545511
REGGER,2.6441305,2.307454
DIJHEM,2.855835,2.1290803
XICWUE,2.0669768,1.8790785
WERXUN,3.1374729,2.5601444
FIZVOB,2.7750173,2.6567173
FEKKAJ,2.538006,2.619908
XIFZAN,2.5774624,2.3508964
GULNUW,2.084392,1.9083364
BICXER,2.7407308,2.0289187
WIQVUP,2.0419424,1.9225079
VIJREL,3.1227787,2.6939187
WOFZEW,2.1804483,1.4939185
WEBWIM,2.3409956,2.1362877
IWAKAS,0.81198776,1.2719212
AFASUX,2.9358366,2.3503647
TANXUE,2.4746034,2.4104602
SEMVAJ,2.8378754,2.4506133
ZUHZIN,2.3986838,1.9370232
POYFAK,2.0136425,1.6545993
TUJHEM,2.834066,2.423318
COGVOK,3.4139404,2.839316
QEHPOI,3.6906803,2.9988585
WIJCAU,4.2890587,2.8832257
BICMEI,3.2400599,2.1470687
LIYJAF,2.9380133,2.9402766
LOYZUW,3.049308,2.407285
JIZYAT,3.3578851,2.603162
PICWII,2.2901103,3.20757
LEHHIP,3.2729855,2.4346194
WEPJOS,4.1813016,3.041729
AXOMIJ,2.5290263,1.9601231
LEKTIF,3.3325784,2.5983686
NENVAF,1.7355422,2.5759356
DOCYAV,3.2699924,2.64191
KOCFOA,2.922503,2.792419
TEPJAC,1.7382634,2.5901952
YUDXAX,3.5238745,2.5021665
OXAFOJ,2.2775931,2.3766494
PCAZRU,2.879509,2.0316849
UCAXAX,3.1894467,2.7272527
LEYZAT,2.4384124,2.0525663
UZEHIR,2.8838627,2.0176723
EZAFUH,4.339672,4.049571
IRASOK,3.2849586,2.598973
FUZCAG,3.2588356,2.676481
YOMPUL,2.263443,2.0085363
SEMTOV,2.9056318,2.544986
RIVWIC,2.5317473,2.373609
AYOPOT,2.8302562,2.4180818
BABKOG,2.4743314,2.5338733
DUJJAV,2.6604571,2.1371818
MULYID,2.487937,1.8027792
MUQDUX,2.6650832,2.0344095
BUTNOU,2.3788195,2.2381754
QAQVEK,4.170417,2.9938705
XALSEI,4.336951,4.911995
ECUJUI,2.4324257,2.3386025
NEMDUG,2.999239,3.23489
IHEKUB,3.2969315,2.4161546
XIBJAT,2.492291,2.4758558
BACBOY,2.8577397,2.2643094
OMENID,3.3848243,2.5506244
TEMZOD,3.1646843,2.28677
FUHLEZ,3.1586976,2.7254767
IJEKUE,2.793793,2.676663
NEFGIP,2.8297122,2.4456568
XUZLEJ,3.1037307,2.5696254
SUCXUJ,4.526614,2.6114113
TUSPOO,3.096928,2.864349
TILJOO,2.78182,2.6584542
GUTCUU,2.61964,2.8959496
HEXBAP,4.167696,3.2678077
LAFMEN,3.163868,2.4385207
SIHLIG,2.9116182,2.6106617
NAWLUV,2.127386,1.7115259
ZAFFUH,4.0014343,2.7482195
NONQUE,2.8182833,2.8038952
ATOSUY,1.98371,2.1268373
SISYID,3.3823752,2.9359639
BODBIG,2.3986838,2.350812
MAXKAY,0.6650463,2.6145582
FEMHEK,2.81529,2.2059197
TOLVEV,3.3007412,2.743352
WOKWOI,3.6006107,2.7085783
NEMZUC,2.3295667,2.2324698
XARTOC,3.118697,2.5929594
BARSUK,4.753285,3.7842517
NICBAF,2.743724,2.354672
MEJYUX,2.9529796,2.3279653
RAPLAX,2.8000517,2.4615138
MALXUU,4.141845,3.227313
MOJMIH,1.7989447,2.480732
HIVXEP,2.8294399,2.558167
GAKKUB,2.7358327,3.0334418
PIKBER,2.841413,2.1415794
AYUSIW,3.1812832,2.0239697
FEJXUN,3.1535275,2.7829835
MEBVUL,3.0835943,2.1952505
LINGEW,2.8969243,2.9439797
PASNOM,2.8697128,2.8505857
HOXGAC,2.2228982,1.9268882
TESNIR,3.0052254,2.3566928
YOFJOV,2.5973268,1.7196158
AYOWAO,2.7241318,2.135943
WURZUF,2.1426246,2.0915055
TASBEW,1.4827484,2.0430646
WACXEE,2.4324257,2.2024946
YENDAX,3.6022434,2.5070195
SOQHIP,2.1611283,1.8154724
KIHKAP,2.4691613,2.436139
UCULAG,2.8498485,2.6214569
SOFFEZ,1.6174448,1.7634864
QUYYIU,2.6871245,2.5304563
SAZTAO,2.8623657,2.3824453
ZEHNOS,2.3894317,2.250194
KESNOL,1.9529612,2.6799295
LESLEB,2.0909228,2.2269294
DEDBUL,3.759525,2.708972
UFECEO,0.48218575,1.0009694
FABYOY,3.242509,2.6809604
VELFEA,3.2392435,2.7563815
RAVVUI,2.9293058,2.3964372
QAQMAX,2.6917503,2.5382786
HIGXAZ,4.478178,3.105546
LOCGAL,2.1331005,2.1053653
JURMAM,3.262101,2.7908509
JODNUN,2.3126957,1.8982947
WIJREN,3.4637372,2.8239543
YUCFEH,3.2027802,2.7696233
RIVHUB,3.0147495,2.6102407
CUWSOE,2.086297,1.9903622
GALBAZ,4.145927,2.9643152
TUTSUW,3.3344834,3.3965502
RAHLIW,3.4993842,2.8991477
KAWQEE,2.3973231,1.8189572
NEVZOG,4.499675,3.0040002
BAHKAZ,1.8579935,2.188976
RIBREA,2.941823,2.474183
USUYAK,2.7524316,2.3952296
YOSXEL,4.2550445,4.178252
XIJKEH,2.525761,2.1860204
HIBQAL,3.3080883,3.1366358
DIWBIV,2.5458972,2.047491
VUMBEL,2.0631673,1.9155786
PUNWEA,2.5777347,2.440161
ABISAH,3.0895808,2.7709422
ZAGTAF,3.567957,3.0402758
VABXOO,4.9170976,3.1348462
ABEWOT,3.6934013,2.599578
ZOQTOO,2.9932525,1.6868808
KOCZAD,3.6120393,2.8164172
VOCHAX,2.0253434,2.9763212
COMXAE,2.3804522,2.234528
NUGMOT,2.2237146,1.8877445
VALFET,4.813422,3.002854
BANQUE,2.2125578,2.5726314
MECFAB,4.050687,3.369416
MIBZAB,3.5285006,2.7915862
LAMQOF,5.657247,3.0145915
WATVIZ,3.6678228,3.0603201
FIZDUQ,3.1752965,2.3619351
CIZBOC,4.4142313,3.318009
GAFBAS,2.841957,2.7806969
ALEGON,1.4002979,2.4709299
LAKPAP,3.0555665,2.65798
KATGOB,3.1774735,2.3065622
CIMKEP,3.9772162,2.42743
VIGXOZ,2.0579972,2.5085375
PILHIB,3.0958395,2.5634341
NAWTIR,2.4422219,1.9417815
QEXFOP,3.6882312,2.573015
PAKFUD,2.8403244,2.4131355
IBUMOH,4.560356,3.3264213
GULZAO,4.2101455,3.8243132
PEYGEI,3.5206091,3.0067751
FIHDUY,1.3265551,1.9436309
MITHII,4.100484,3.0029945
FUZBUZ,3.1918957,2.7610593
AZAJOC,2.9935246,3.155687
KODQUP,2.8740666,2.3561225
TFAMRU,3.1752965,2.364638
DORNEE,2.717057,3.1674397
QIDGEP,4.371509,2.9154692
XOSVIK,3.460472,2.6594222
AVUKOT,3.1842763,2.765804
LELGUF,3.7584367,3.0352862
RUPGUG,2.1227603,2.7972624
USAPEK,2.3472543,2.2844305
EJAVIW,4.812606,3.435067
YOLSID,0.1493905,1.9804071
WIYMAU,1.6506426,1.5907651
CIMPAS,2.0713308,2.1897511
TAJSUT,5.377242,3.9196565
WOSNAT,3.288224,2.8503308
RIFMOI,2.6446745,2.4731152
REGSAX,4.01885,2.77227
PAWROV,3.3782935,2.5568159
KADQOW,3.6857822,2.6143205
XEMFEA,1.4092777,2.6884604
BOJJUF,3.5211535,2.862659
HIKKIY,2.1543255,1.8817211
KEPPAZ,2.1494274,2.2084284
BAWJUH,2.124937,2.1418986
HIWMOR,2.0514665,1.3538773
FUWMAL,2.32739,2.686775
SOJYOG,3.469724,2.926292
AHIWEU,4.174771,2.875921
RITRAP,4.3851147,3.6445837
QAWXES,3.0196476,2.875455
XUFROG,3.5478206,2.829918
CASFUY,3.369586,2.2950501
JINJIZ,4.151369,3.9347048
SOTVEF,3.9905498,2.982933
MIMCUH,3.6022434,2.984684
TUSPUU,3.4795198,2.6543555
ZAZRIE,1.6715955,2.2967389
UCIYUD,3.1192412,2.8894753
VUFQAP,2.2258914,2.1326544
KAWQII,2.409296,1.9126202
YASFIH,3.2269983,2.4574778
GUWHOV,3.0814173,2.2954743
RIFVOR,2.4476643,1.8753583
XEGPEH,3.0403283,2.5792468
QAXBIA,3.2748904,3.0468783
WUQBIT,2.3913367,2.0430994
OCIMAQ,1.6887386,2.55405
HESVUX,3.486867,2.6142573
SAJXEI,3.015838,1.923595
LIFVUS,3.1140711,2.412978
BETLOE,2.2901103,2.3997955
DOMKEW,1.5053339,1.7754678
OLUWUN,4.1045656,3.4729133
FEZTUB,4.1614375,3.3240452
HUNKIK,3.2827816,2.511489
COGXOM,1.7004396,1.6019795
FITTAE,1.9012595,2.0581644
DESKUK,3.3230546,2.9763484
ROJWEV,2.6895735,2.521762
YOJWAW,4.7658024,2.7061903
VUSZIU,3.885786,3.1743474
OFEQAU,2.8895772,2.6373339
XOZQEJ,4.4705586,3.333337
HATNAT,3.1940725,2.5977151
LIGWEF,3.0784242,2.802283
SIKPEH,4.34457,3.3058274
ZOSNEC,2.0011253,2.1718304
BECSOS,4.1306887,2.7974083
JENBOT,4.2381735,3.244448
VIJPOT,2.9946132,2.8004346
PABYOI,2.2740555,2.498168
TAHZIL,3.1548882,2.9898872
UPEKAC,2.8082151,2.2921164
PENVAG,4.1021166,3.2007036
USIYAY,3.2280867,2.9494436
ACTFIR,3.4585671,2.6592228
VAFFUE,2.6868522,2.9917443
UZORUX,4.194907,2.676534
RALBIR,2.7064445,2.623857
FIKXIJ,3.147541,2.5874274
LABKOQ,2.2433066,2.0593076
IFONEX,3.2895844,2.5153186
EZAGES,3.3464563,3.5383353
LOVPET,2.2174559,2.3403375
OQEGIB,3.2484953,2.5944188
DUCVAA,1.8476532,2.5465508
MEBWOG,2.9554286,2.272007
UGUDAB,3.5878212,3.4629662
QOJSAK,2.373377,2.2311087
BIJZAX,2.557326,2.0631409
YACMOF,4.043612,3.18272
LOBTAX,3.3796542,2.598522
QEYTOD,3.2555702,2.653238
PAYXUJ,2.8073988,2.4833608
WUWLEF,3.2816932,2.394691
EKEBAY,3.2103994,2.4632447
IDEYIZ,3.6414278,2.5196638
PITREP,3.534487,2.688534
EDAYEN,3.161419,2.7318556
NEZWEX,1.8933682,2.36812
BEJQUC,2.9478095,1.8767679
SUPQIE,2.94917,2.5554717
NATXAK,2.891754,2.4195414
JEXDUM,2.8514812,2.6299295
BIFDUR,3.4553018,2.6599493
WOJCOQ,2.485488,2.3872445
RITQUI,4.5968194,3.7238412
COWREL,3.0003273,2.3696644
BACSAA,2.9388297,2.8148546
OVOQAT,5.2395525,3.6230853
EHANIM,1.2147163,1.9648116
RIWLUF,4.3530054,2.7836726
NIVKIO,2.9986947,2.3471951
XEWHUF,2.3075256,2.2954075
GEHYID,3.0340695,2.5432432
AYOWUI,2.9268568,2.4437373
NIDXAA,3.4212875,3.2694788
LERLOM,2.8324332,2.4242718
GAVQAX,2.1396313,2.1755264
VIQQIV,3.181011,2.9297485
RUNLOC,2.6084836,2.1998496
TIFCOB,2.6237218,2.6766489
KEGHEM,2.9336596,2.646473
CURWOC,3.2487674,2.2388306
SIGSOS,2.4131057,1.8346899
MUCCOC,2.2419462,1.9879315
KENQOL,2.1260257,2.0658693
NEVZAS,3.981842,2.6979277
OTIMOV,2.8498485,2.586193
KIKZUB,3.3225102,2.5584095
PAXNEI,4.315998,2.9910138
UBITIL,3.025906,2.4637017
EHONAR,3.1192412,2.436221
MEZBEB,3.5557117,2.680648
OJOVUE,3.1391056,2.7431078
BUYQIW,3.1769292,2.6737642
YALNUX,3.1910794,2.221094
SIQHIK,0.7406939,2.1200652
KAMDEI,2.963864,2.2530003
YEDHIZ,3.5282283,2.6063862
QAPJID,1.9521449,1.9964604
BAXROI,1.3020648,1.5720869
OQEGEX,3.6476862,2.745938
TIFJIB,2.000309,2.3612032
YEVRAT,2.4155548,1.9977007
SICPEC,2.968218,2.5388417
ZOSMIF,1.766291,1.9024477
CEDWUG,2.6473958,2.3554745
JOKHAT,2.4786851,2.501698
CUQNAE,3.1154315,2.6333125
IZUFUF,2.538278,2.1442227
LEKTEB,3.740477,2.8600578
POKZOF,3.4354374,2.6118143
OFODIY,2.224531,2.289273
AGUXAC,2.4395008,2.462072
XUXKUX,3.9881008,1.883564
RUCABO,2.7184174,2.703855
WUVZOD,3.6280942,2.3148966
HURPUH,0.54041815,0.969458
NINKIG,3.7026534,2.6556914
KIJFUF,2.239225,2.3097563
VIQVUO,2.774201,2.1192017
QEMVIN,3.3165238,2.741968
URUJOI,2.7918882,2.393726
HEBYIY,2.4245346,2.2750251
WOXDOE,2.9102578,2.5018852
RADMUF,3.697211,2.8722255
CUJJAT,4.2055197,3.559869
CUTZUO,4.0637484,2.6022568
EKOQIF,3.2057734,2.4483564
ZEFXOA,3.1026423,3.0021052
WADGUE,2.7815478,2.6557696
YUMMAW,4.423483,3.5996747
NAPZIO,2.1399033,1.9106424
VUDTOE,3.3235986,3.117656
DERKIX,2.3091583,2.6325788
PADSUK,1.8816674,2.2319312
ARUNUX,1.2411113,1.6320442
GAQTEA,1.7834343,2.467723
OFULUX,2.5211349,1.99611
DUZJUF,3.190807,2.1703281
CENSEV,2.9668574,2.4388213
XOVRUW,3.5578887,2.5917182
LIDSOI,1.945342,2.1183596
OGAPAO,3.262101,2.6950045
EWUPOB,4.608248,3.0324533
INISEE,2.016908,2.0301323
HOVMUC,3.5287726,2.898577
DIXTIQ,2.5464416,2.1218758
FERVUT,2.69556,2.691795
FONMAZ,3.120874,2.5202503
QANGIV,2.3918808,2.225995
KISRIO,2.292287,2.0798209
NUSTAW,4.4822598,3.2075453
NAMFUE,2.0664327,1.828978
ZISSUS,3.2218282,2.6083837
UCONUX,3.5099967,2.744241
JEFWID,3.408226,2.421901
GOHWUV,2.7143357,2.5669184
MIJNID,3.3151631,2.8255424
BOGCAD,4.4735518,3.4004636
QUBYUH,2.4816785,2.307537
HESRIG,2.1717408,2.2323914
ZIHJUY,3.1320305,2.7554255
ZELKUY,3.1755688,2.4067903
VIQMOA,3.0972,2.1955864
LIMLOL,1.756495,2.6167192
DEDBIZ,3.8849697,2.663284
FIRDIU,2.3344648,1.7208983
RIGQAZ,1.9464304,1.9003391
ERAZOM,2.272695,1.872936
HIHVIE,1.9086066,2.5116315
PAZLAE,3.5304053,2.4050238
MAFFAB,4.309195,3.070827
WOSPAV,3.2376108,2.8713973
AKIHOT,3.0985606,2.3494155
BOGCEH,4.5396757,3.3750098
PULYEA,2.5031755,2.3040028
SIBSAY,3.372035,2.7097852
GAQHIS,1.6468331,1.761309
RUPWEF,3.16931,2.825008
CIBGUS,2.918149,2.5034275
NEXFIG,2.2291567,2.3612933
OHIFAO,3.6610198,3.2049618
RAXWET,4.220486,2.9801145
QEYDEF,2.760595,2.614005
CIFHAB,3.2457743,2.622027
ECOXEC,3.2169302,2.6402688
USECOL,2.2811306,2.3443196
XEFQOP,3.5818348,2.2071025
LATTOQ,2.801412,2.125093
ECIZOF,2.8789647,1.985029
BEXXEK,2.822365,2.6296163
WIWNAR,2.1524208,1.6390226
RODFEY,4.4286532,3.4140558
OVUFUI,2.0718749,2.0563385
REWTOC,3.0795126,2.3115482
SEQVEP,3.4433289,2.5441725
XESHEL,3.4999285,2.5951836
WACDUA,2.7238598,2.6080177
GUPZEY,2.2558239,2.1541996
KEPHAR,1.9992205,2.0916321
SADXIH,2.3426282,2.1699677
RAWPOU,3.907283,2.737816
RUNLUI,2.7867181,2.213086
ZUJTON,3.5472763,3.1277158
TORKEQ,3.384008,2.5605578
LAKPET,3.140194,2.7220345
WUQQOQ,1.5948594,2.2247312
EMOSEF,2.0043907,2.3924944
YOLPUL,3.7480962,2.3677778
HIWPIO,3.2109435,2.628391
PALBOV,3.4591115,2.8125052
QOMFOQ,2.894203,2.337471
HAZJIE,3.3412862,2.4830122
EHANUY,2.961415,2.5708747
ZIGVAO,3.3845522,2.9308982
QAWXAO,2.3105187,2.659974
OJOWAL,2.4264393,2.4086988
PELNEC,3.5924473,3.0148535
FIFCUV,3.3301294,2.688639
REMSEI,3.1951609,2.825422
NABZEY,2.9595103,2.534972
VAJDUH,3.1219623,2.450987
DERKOD,2.2329664,2.471884
MENKIZ,3.0982885,2.9857135
QOVJIU,3.1050913,2.8187354
VIMVUJ,2.4427662,2.1672163
PIKROS,3.6719046,2.6968672
RUFNAH,3.8253767,2.6272156
JIYPIR,1.7921419,1.7430049
UMUNAR,3.1252277,2.2448719
EXAPUO,3.00196,2.4271224
SIZCAF,3.2090387,2.541575
VIRHEK,3.0607367,2.3162527
HASFOW,3.5714943,2.9016483
SALMAV,2.9170606,2.6742687
FUQYOH,4.113817,3.1894395
MOFXAG,2.8805974,2.511097
WOZYUH,2.1975915,2.365678
WOSNEX,3.4640095,2.8877182
VAJVUY,3.749457,2.7302291
MOZNEW,3.0950232,3.0304284
HUNSEP,1.2895476,2.3765035
NAFJAF,2.3712,2.1304803
PIYTOI,2.9837284,2.7593892
VEFRII,2.27079,2.0197904
URICUU,3.0961115,2.743455
EXEVEJ,2.2533748,2.5055475
BUKXIQ,2.471066,2.6671803
OGEHAM,2.0748682,1.8968868
PANMIC,3.2367945,2.1222906
VOPSUP,1.1894097,2.1947064
YENCOK,3.5976174,3.249814
PIZKER,2.9731162,2.724942
EPUXOE,2.6776004,2.3778467
EQEROI,3.2163858,2.8415372
BAHJUS,1.768468,2.0799153
NOJPOU,3.6482306,2.9405377
VOHMEM,2.863454,2.639769
RAHGUD,3.9565356,2.9710023
ABATEC,3.9769442,3.6955106
LAHQIV,3.9415693,2.3818135
UKUROH,1.8881981,2.524273
EFEVOC,2.4775968,2.2926617
AQIPIB,2.6797774,2.1865366
LOYJUE,2.351336,2.3754778
WUWBAS,1.9984043,2.030372
MIZSOE,3.4163895,3.078358
UWUZES,1.4356728,1.8059233
WURFEW,4.253684,3.257538
XESGEK,4.256405,2.6173954
QOXXUY,2.674607,2.3402164
CORDEU,2.674063,2.4726336
UGESAB,2.4245346,2.7790835
LESZUF,2.3448052,2.2381082
NOZBEL,3.7461915,3.3647916
WIJROX,3.4112194,2.6055322
CAGSUY,3.0958395,2.5557678
WOLQUL,2.6890292,2.8715477
GUNHIG,3.6060529,2.8693106
KIWLUY,0.8879075,1.919245
OHONAB,4.013952,2.80007
RIVWOI,2.578551,2.347471
BASPAP,2.6267152,2.5321786
MEPMIG,2.9837284,2.4972198
XEBGUJ,3.1742082,2.5745401
ZESSAR,3.0931182,2.7275794
IPIZAK,4.541036,3.2047577
ZUJTED,2.2253473,2.5739682
CUHCEO,2.143713,2.175385
DORNII,3.0098515,2.9137237
MEFVUR,2.241402,2.7166772
HEZMIL,1.9026201,2.4533446
QULZIG,2.1456177,1.5906065
MIMJAU,2.5347407,2.4568372
RIZTUQ,2.674607,2.673147
NACJOR,2.8914819,2.6345525
MARTIJ,3.2063177,2.5180604
CESFEN,3.0955672,1.8666074
YAMDOG,3.0288994,2.3452873
AWIKAS,3.3116257,2.4720242
MOCLOG,1.9872476,2.6865664
KOPCUN,5.4313927,3.2233284
GOQFID,2.8362427,2.8911896
LOJBIX,2.910802,3.4195552
LEKBOS,2.7989633,2.477959
PEYXAV,2.463719,2.2237267
BOYQIP,2.0340512,2.1303241
DEVSAY,3.1875417,2.8346741
ZIQRAS,3.0147495,2.54086
YAXTID,3.749457,3.0174923
MUNGEH,3.204957,2.463056
BOKHEO,3.7959883,3.173366
FIZFIG,3.4182944,2.6825595
YOZXIV,3.5627868,2.3831668
MURBOS,2.8052218,2.4581442
FICVAR,1.6133631,2.3541355
UXOVOT,3.3870013,2.9352114
WOFFEC,3.0822337,2.2882476
VONSOJ,1.906974,1.892246
ALAWAM,2.6444025,2.667056
RAQDIY,3.5110853,2.838085
ZOXHAV,4.4637556,2.9758916
SAPNIJ,2.8835907,2.4387164
WOKWEY,3.7342186,2.5101724
FEZZOC,2.593245,2.0567913
POGNEE,3.4310837,2.7049446
UCAVEZ,2.8792367,2.6439514
SESQEO,5.439284,3.7200408
QAVDOJ,3.1445477,2.5824938
BUFQID,3.0525732,2.1835175
AJAWOZ,4.5799484,2.8816888
QALSEB,2.7012744,1.9489522
ZUHZEH,2.757874,2.4134789
FIRBIT,2.459093,1.7538106
USUXIR,2.8999174,2.5087304
REVBAV,3.0626416,2.4436255
POLBIC,2.6419535,2.6717768
LIMYEM,3.4689076,2.5567825
IPERAW,2.5676663,2.0705283
CISTEG,2.103168,2.3362062
UHAPUQ,3.6027875,3.2267244
DAJDAW,5.116557,3.900375
AZORAI,2.5649452,1.8387882
MUNGEI,2.2601779,2.2160964
HAZYIS,3.3437352,2.6313083
SOJMIO,5.5650005,3.5650172
BIKMAM,2.514604,2.1755157
PIBSIC,2.9763815,2.792052
PIYJIS,2.7045398,2.4477565
JIYLUZ,2.899101,2.6288137
MOMQIO,3.9578962,3.0336623
HIVWOY,2.932299,2.474329
JUZYIO,1.1284562,1.9202081
IXANUR,2.5132437,2.0026379
MOXWEB,3.1995149,2.8761592
HIQKUO,4.6351876,3.329002
QEGBUC,2.258273,1.7216747
WEYTUQ,2.6664438,2.3975556
JAFTAO,3.8419757,3.2862284
XOSVOQ,2.5322917,2.1054783
TERGIJ,2.305893,2.2094312
BATNAO,4.418585,3.11249
QOWGAK,3.7279599,2.6753805
LOGYOV,3.4542134,3.011246
XONWED,2.5584145,2.0139565
FUDLIA,1.8098294,1.9087237
YEPXID,2.6101162,2.2346897
DONHOF,1.4375775,2.104797
RIVDUY,2.432698,1.9575577
NALHEO,2.5423598,2.6150727
CETFAJ,1.0343047,1.9212292
FEFZUM,2.2833073,2.3708062
TUSNOL,2.936653,2.7633638
RODFIC,3.0220966,2.7481284
MEBDAY,2.002758,1.6609309
QIFXIM,4.010414,2.8904295
SECKUH,3.2710807,3.0865052
KUMQUF,3.1725755,2.5786347
CUBMUI,2.8743386,2.4636357
HOPCUN,3.899936,3.1182039
XUHXUU,2.1545975,1.9617223
XOVROQ,2.8767877,2.4399252
ROXFER,3.8079615,3.2720501
ODELIV,2.224803,2.209463
TUXDUN,2.8890328,2.6048498
GELBUX,2.88223,2.6229465
DAQDEG,2.0280647,2.033639
TAYMOX,2.8898492,2.3612683
FOWMAH,3.3989742,2.5456212
JISCUJ,2.6044018,2.6616042
MANSEZ,2.905904,2.2049754
BOZREO,2.922503,2.3291109
PERGID,2.8297122,2.4398718
MODVAF,2.516781,2.746
RIPQAI,1.8645241,1.9721444
SEKMIG,4.985126,3.1492398
GALGUW,2.2122858,2.5900476
SEKWAJ,4.689338,3.2336216
BICFEZ,2.3499753,2.443802
BINBUY,3.2400599,2.621725
CEWSON,1.5134974,1.899133
IHEZEB,2.5780067,2.6311355
ESANES,1.3518617,2.14647
LERLEC,2.7480779,2.4771583
POYJUJ,3.1393776,2.6051693
NAPZUA,2.0634394,1.8030642
ROTYIL,2.4098403,2.3199697
YIKJUY,1.7858833,2.1404412
ZIYMAY,2.148611,1.605338
HAXCOB,2.3246686,2.0857737
YEJSEM,2.392697,2.9363446
QISPEO,2.4182758,2.6148167
SOPJAJ,3.2757068,2.9473886
AJAYIU,1.2038317,1.3248346
NOQVEW,3.3333948,2.8789604
CIDFIE,2.2947361,2.50752
DAFSIO,3.2163858,3.0014398
SIMHED,2.5894356,2.0750492
MUMTEV,2.3690233,2.3550391
JIMMAT,3.9467394,3.5697126
TUWSAG,3.1674054,2.6186612
YENFAA,2.4827669,2.2240553
QUQGIU,3.5845559,2.9043808
BULXOW,2.4770525,2.2460408
TESPIT,3.9187117,3.236565
YIHCAU,2.5603194,2.3054616
VAJDIV,3.0125725,2.4710112
QUGVEU,2.4103847,1.827898
BIBWAM,2.4914746,1.8664626
AKOROI,3.1029143,2.6610434
UZIFOA,2.4324257,2.190104
CIVYUC,2.633246,2.6738021
KECZAT,4.0327272,2.9542418
TAPYUG,1.8109177,2.539589
LINHEW,3.1097171,2.669174
JUKCOH,2.6226335,2.5829475
XOJTAU,2.8327053,2.4411287
FIHJAI,4.988119,3.320864
ZIJJAF,3.570134,2.3272219
XALSIM,4.335318,4.915058
MIKXUB,3.104547,2.8942306
PUNLEQ,4.10647,2.954212
BOHBEH,2.896652,2.5122497
HIBJUA,2.791072,2.7275226
KEGWUQ,3.0022323,2.495838
RARWEO,3.307816,3.1443295
TEGWOS,2.3940578,2.2127957
IBUKIZ,2.960871,2.581552
KEWDIA,4.0572176,3.2322538
OGIRUT,3.6055086,2.4997833
YAXTAV,3.8487785,2.8501034
XIPHEL,2.5671222,2.25374
KIDGAG,4.5135527,3.6633308
ETAXIG,2.8022285,2.4245942
MIPREI,3.0936625,2.824358
HAMVOJ,3.6256452,2.6378708
MIQYOC,2.7347443,2.245257
WEYKIW,2.6724303,2.5485342
TISBAZ,3.7227898,2.476687
HAYFUI,2.8182833,2.4812593
OZEXEX,2.294464,2.5639155
ZIPLEP,3.0955672,2.4711704
HELMAP,2.220177,2.248533
YOSXOV,2.944272,3.4398928
YOLQAS,4.051503,1.9879583
NOZBOV,3.8365333,2.505537
RAPJEZ,2.0699701,2.4357865
ABESEF,2.8517532,2.4249804
SUXLON,2.4430382,2.385049
XOVMAY,3.0797846,2.3713484
YEXTIG,3.2275426,2.9463632
BATMOZ,3.1249557,2.6156254
XASLOT,4.5774994,3.3153405
DAMLIN,2.7660375,1.574315
TUXDIB,2.798691,2.485039
JIZNIQ,3.1527112,2.7101321
DAMLOT,2.6893013,1.5673375
HIVVEN,2.8838627,2.4002004
COCSAQ,3.0403283,2.788279
LUKPAJ,2.1559582,2.1681266
EXOYEW,3.2710807,2.9288125
JONYEQ,2.105617,2.095952
XEKJII,1.7937746,1.7649441
KAVPAZ,3.472717,2.7667508
QUDXIX,3.1799226,2.8934202
KACDOK,4.1358585,4.2426
XIFYUG,3.0974722,3.278552
NIWTIY,3.0299878,2.9303148
BEMBON,1.625064,1.7450637
FISMUQ,3.489044,2.9751163
SOHFOK,1.0043722,2.3676715
TEGXAG,3.7012928,2.831495
KAMWAX,2.9244077,2.845685
PIZGOW,2.330111,2.4271786
EVALOE,1.7839785,2.648458
VETDAB,3.8104105,2.7362573
KUCVIO,2.5554214,2.3821764
KOJQIM,2.6449468,2.4030082
VONPAR,4.708386,3.3763142
SUSPIF,2.6076672,2.4257636
LEDMOX,3.6215634,3.1425037
LAQQOJ,2.6076672,2.36623
BOYFOL,1.4359448,1.7622954
VOQPOG,2.4716103,1.4984406
YIVSAX,3.6961226,3.4941003
HAZKEA,2.9739325,2.7344062
QARTAE,3.1861813,2.646161
TOPHAI,3.2487674,2.2231815
JINXUA,3.4874113,2.493944
GIPLOH,1.8925519,2.3005748
EHUROO,3.427274,2.8628364
TAXFON,3.2125762,3.069444
QAHREZ,3.7100005,2.904316
OWAWIU,1.6125468,2.444646
VOXDAP,3.8169413,2.3879888
OHIFES,3.4985678,2.9531877
AVICUF,3.422104,3.1506104
VIQSOD,3.4084983,2.6841114
WAGDIS,4.3940945,3.7459419
EFICAZ,1.6696906,2.3316705
WOPSUQ,1.3703654,1.0314721
XIFCUM,2.772296,2.463005
FIVJOM,2.454739,2.3600838
BAQQAL,1.0892718,2.1112814
CABYIN,3.0713491,2.6182356
UCAXIF,2.8906655,2.6208553
JUQVOI,3.1312141,2.7319806
HEXCEU,4.627024,3.0402677
JUQJIQ,2.9426394,2.4084933
BOCWOI,3.3567965,2.944119
HAYKIC,5.00499,3.398035
YEDHEV,3.2936661,2.2065334
SAFRAT,3.2650943,2.7685745
PIGQOM,2.6664438,1.9746146
BOHVUS,2.4846716,2.1878414
GICWIB,3.1758409,2.6801758
WAVKUB,3.334211,2.840373
JARVEE,3.2808769,2.7885597
XEJRIO,1.8550003,1.9239147
NARFIY,1.7404402,1.2442222
KAQHEQ,2.9540682,2.6564837
FAHZEV,3.0171986,2.2996826
UFEBAL,3.520337,2.721665
IMAJEM,2.4884813,2.267633
GABKEB,4.40253,3.5376487
YOSYEM,3.818846,3.3491902
XAPXOC,1.9377228,1.9157431
AXIDUH,3.2631896,3.1221807
SENDOG,3.0680838,3.0846508
MAXVIS,1.9467026,3.088417
ZUYCAZ,4.217765,2.784432
GERTAZ,2.4765084,2.4516945
BOQCES,2.6177354,1.9520948
BARHUZ,3.1935282,2.6815288
XONQAT,3.0000553,2.574271
XEKTEO,2.6068509,2.1214209
PASGAS,2.5012705,1.9924562
XAWPOA,3.2980201,2.7773578
AQOSOO,3.9021127,2.822379
TURKUN,2.511339,1.7969624
WOPWUU,3.0604646,3.3251276
MASSOQ,2.2354155,2.6419475
HEJXIF,3.0362465,2.098025
KEPPIH,2.1235766,2.132923
NENLID,3.149718,2.7483993
MORNAJ,2.9399183,2.341802
POSGUA,3.5497253,2.3279958
SUPYIN,2.3975952,2.1726744
JAKMEO,3.912181,2.9157512
IHEZIF,2.5559654,2.5893435
RIWVEY,3.4800642,2.8224869
KUFGOI,2.0079281,2.325744
WOSPOJ,3.4223762,2.780309
AYIQAA,3.352715,2.3433046
BAYBIP,2.3200428,2.3625333
JAZBUH,2.733928,2.5744243
WOFKIO,2.5050802,2.7016065
SOZKUP,2.0925555,2.5988216
MEXJOR,3.2125762,2.4277408
TEXPES,4.6087923,3.4002173
SOJYEW,3.1850927,2.777128
QOMYAT,2.0079281,2.0368419
TORKIU,3.4920373,3.108005
DEXGAO,3.2569308,2.4846864
ZACXEG,2.1499717,2.4555714
ZOMMUM,4.0656533,2.7190428
HASGAJ,4.0185776,2.7656066
KAQHUG,2.3219476,2.9653745
GIVKUT,0.9311736,1.2770928
CUJHOF,3.5997944,3.1303835
XALTOW,3.0139332,1.3530359
QANGUH,2.5178695,2.3383517
PEKRAB,2.8852234,2.9002674
OVOKUG,3.862112,3.1629918
QAHYUV,3.1075404,2.8791828
ADABIT,2.5200465,1.8046283
USEXOG,3.161691,2.1872704
GULSUB,2.3154168,2.0377212
DOGMOD,3.6414278,2.5925515
QALJAP,3.4920373,2.6340423
NOPPAL,2.8288958,2.63792
TUDYUO,3.099105,2.5099456
YAQFEB,3.8868744,3.040778
ZALVAJ,3.410403,2.5397637
VUGHUB,3.1295815,2.3895075
RIRNUB,1.7464268,1.4740655
QIDQOL,2.874883,2.5538187
IBUKOF,4.4602184,2.7416975
NIHTED,3.4525807,2.6892653
HIZDEA,2.4631746,1.9629803
MIHBIO,2.2952805,2.3551748
EBIDIF,1.8794905,1.980752
QISYUN,2.2558239,2.0943782
BEFYUJ,2.9377413,2.7318761
WOLQAR,2.0354116,1.9802933
QIFYAF,3.98157,2.7415998
IKOSIL,2.3769145,2.4407885
VIQSAP,3.2079504,2.6830444
IPIZOY,4.536682,3.117767
LASNEZ,2.573925,1.9351232
SULTOI,3.7655115,2.3900146
ZUGZEI,2.7763777,2.1198387
YOSYIQ,3.4218318,4.030789
MALYEF,4.032183,2.8201904
XAWFAC,2.758146,2.1231477
GAMSUI,2.49474,2.294835
OCIBUX,3.0101235,2.6568117
AJOKIV,2.8920262,1.8058
NIBTOI,2.99679,2.5619051
SUHLAJ,3.0580156,2.4573677
VAFFIS,3.2016916,2.6287746
RUKMER,2.306165,2.3835866
WEKYAO,2.2890217,2.1055942
YORGOE,2.882502,2.5006845
NIMSIM,3.9709575,3.5010939
CUGSII,3.4172058,3.01533
JOPRIS,2.6950157,2.9651532
FIHJIQ,3.4455056,2.4948602
WOXDAQ,2.741275,2.4374325
ODOWOT,2.485488,2.279481
SIGVAH,4.373414,2.701353
WOSPEZ,3.2272704,2.949484
TITXEC,3.1535275,2.7812626
GAVQIF,2.638416,2.3696327
AXITOQ,2.8784204,2.6569138
BICLUX,3.0811453,2.425621
RAJRUR,2.3170495,2.51012
NOBCEN,2.122216,2.304798
IVENEC,3.4591115,3.0770545
OFITEF,2.2457557,1.8887435
CPASRU,2.7042675,2.4629943
FIZTIT,3.720885,2.8984454
JAQYEF,4.1954517,3.1236825
REJFAO,2.2667084,1.8046659
GOHCUE,3.3853686,2.4701803
TOLVOF,3.3040066,2.6571982
HAQKEP,3.2370665,2.9759068
JOHZAI,2.7480779,2.822686
PUJYEA,2.6351507,2.87791
AYUKAG,3.1295815,2.7940476
ADEROS,3.8087778,1.977574
NINFOF,2.1766388,1.9389033
LOQWOE,3.4563904,2.9507449
EQOCUJ,2.9744766,2.8187034
ABUGUA,3.9472837,3.4901502
FAQLUG,1.1349869,1.7627751
YENDUR,4.308651,3.0484097
TEQBEY,2.9913478,2.62057
ZOQTII,3.5744877,2.9053931
KEPLOI,3.6558497,2.9424574
TILLIL,2.683859,2.012226
VUTPIK,3.3472726,2.4601703
CEYPOM,3.515711,2.7322526
ORUYAD,4.445252,3.3070478
AHIDAX,3.1984262,2.7600935
DUSWET,4.2071524,2.7740955
JOPROY,1.9018037,2.668329
IZUVOO,2.5554214,2.2022734
LEMREB,1.7075145,2.4301603
HETHIX,2.9595103,2.42491
YEKJOQ,3.0669954,2.6669135
DETTAX,3.7320416,2.6701536
MEBFUW,1.5872402,1.9194696
QUVREF,3.3589735,2.6917644
OVAHIE,3.1584256,2.6604948
CIFHEF,2.6076672,2.1486163
GEVLAX,2.7633162,2.4408395
LOJFEY,4.5399475,2.9926765
LISHOK,2.3809962,2.64005
HOXFOP,2.7703912,2.3990161
DANMEM,3.610679,2.4466796
RIXJOY,2.3360975,1.8538225
PAQGAQ,2.7709355,2.152083
ZUHZEJ,3.3282247,2.9241292
XUVGAX,3.0860434,3.0589511
EVUSAR,2.1823533,1.8151822
POCBOY,2.6495726,2.060318
VAHHOB,2.5556934,2.5366583
ZUDKOY,2.203578,2.2195897
XEZVED,2.10344,1.685381
HOVCEC,2.6678042,2.573825
KAQHOA,2.4019492,2.6478517
FUDLOG,1.2773025,2.142188
YAVNIT,2.6438582,2.4714003
EGISIW,3.321694,2.472599
ZOVNIJ,3.099377,2.7340531
BOQFAP,2.7407308,2.6462584
AKEGUS,3.6876872,2.5075748
LOPMUB,3.0795126,2.2567024
DIJPUI,3.4065936,2.604117
FAPBIK,2.6531103,1.5136483
AGIJAC,2.0732355,2.1108167
FARTIE,0.96518785,2.09303
CANDIE,4.141573,3.2961633
RIYTUQ,2.9845448,2.9108102
NIDJIU,2.5494347,2.4592443
ROHVAL,3.1986985,2.470537
IWELUT,3.0678117,2.1269422
HANGAH,1.5934988,1.6510707
IKEKIT,4.464844,3.007441
MUBVAG,3.2106714,3.233695
ESILAT,3.5736713,3.0077367
VAGPEB,2.6294363,2.5002234
EMOKOG,3.436526,2.8589554
KAPXOR,3.4060493,2.8349411
VUTNUU,3.150262,2.806665
UFOGAY,2.1804483,2.082924
NIPHIG,3.752178,2.8404853
OFADAA,3.1124384,2.562787
RETDEA,3.0308042,2.6794324
DIJGOU,2.267797,2.7571948
TENTOX,1.2985274,1.9519775
ECUSUR,3.799798,2.451311
ROLJIL,1.988336,1.8039951
HELGOW,2.6468515,2.2975662
ROHMUZ,3.0765193,2.5664873
RAKWAE,4.110552,2.8441675
TUTKOI,2.3853502,2.516302
SADNIX,2.3105187,2.4420452
NUCCIX,2.8231814,2.8723545
XAMJUQ,3.326592,2.2682824
COVDOG,4.1696005,3.1055532
HOSGOM,3.6446931,2.8857148
PAKFEN,4.151369,3.911231
URUHOG,3.2362502,2.3671772
BUTNUA,2.4895697,2.5670147
YEDQOP,3.0501242,2.6949346
FAJLOT,2.7989633,2.3399992
HAHYOG,2.7728403,2.095348
MIXVEU,2.2669806,2.443137
BIHHAB,2.2090204,2.01971
QAHWUS,4.202799,2.7011464
UBOXIU,3.1649563,2.7318478
EKEQAN,1.5499606,1.5646089
MAMFIR,3.326592,2.7372112
VEWDAD,2.28494,2.1892738
NUTDEL,2.6082113,2.1298966
YILQES,2.1766388,1.9639988
TUCSUG,3.309721,2.6705086
FOQLAA,3.2014196,2.1292007
OJAPOF,3.173664,2.8794007
TEJZAL,2.0348675,1.9752388
FEJXOH,3.2806048,2.7901022
WEKPOS,3.1777456,2.5466688
TESNUD,3.1216903,2.3935132
VILSOY,3.6237402,2.3313456
IQEVUX,3.4841459,2.6760335
YICXAM,1.4552649,1.3266398
YAYGAJ,3.53748,3.4094133
RORXED,3.104275,2.3393378
AQIWAZ,2.1668427,2.2564354
QUGHIK,3.4958467,1.9714667
HVIORU,3.1374729,2.4523597
ALIDEE,2.677056,2.3623748
RAXWAP,2.9219587,2.846323
EHOSUP,1.6617993,1.5905577
AFEKIH,2.3020833,2.2101154
FUJZAL,4.476001,3.1128664
NOBMEY,2.741547,2.5001512
LOVSIA,3.4237366,3.1555548
DAFPAC,3.7842875,2.7064826
PIVNIR,3.4308116,2.7258773
CAKDEY,3.16414,2.1596532
NACJUX,3.0988326,2.8154576
HEVXEN,1.947791,2.5806744
KAVCES,2.817739,2.2189708
LUTJOZ,3.9834747,2.9149148
TOGYET,4.0014343,2.9891908
XUYCOK,1.8667011,1.8990743
CODZEB,2.6490285,2.1191764
KIZTAP,2.0977259,1.7615613
NUBLED,3.1845486,2.6579626
VAHMEZ,3.2182906,2.9893622
OWUKOH,2.4188201,1.8523945
JUFKAW,2.7850854,2.8233342
MIXJOT,2.1480668,1.861826
NEGCEJ,3.4637372,2.9566464
SIWJIS,3.8797994,2.7866871
BETLUK,2.164938,2.4069695
QIDZEK,1.2413834,2.1648266
SOJMOU,4.2392616,3.3327384
ECOWIC,3.5739434,2.8175998
QEJJEV,3.5246909,2.3990521
QEJMEZ,2.1121478,2.0676126
MEKJET,2.6688929,1.9502416
HOGPAV,2.671886,2.2747214
JEKHEP,4.240078,3.3729358
EMPCRU,3.3260477,2.5639985
ABIBAP,1.9469746,2.0089555
EZOXIC,2.0514665,2.0872295
KIMJEY,2.7540643,2.2782106
KILXEK,2.3537848,2.3933809
CORKOJ,3.0027764,2.3449936
BEJTEQ,2.898557,2.239128
KIWKOQ,4.012863,3.1944785
QEJLUO,3.2982922,2.1209428
ZIYMIG,2.1567745,1.7264923
SIZWEG,2.4297047,2.4480162
FUYREY,3.1769292,2.6276467
TEPHEE,2.1132362,2.8068705
XODREO,2.2552798,2.1932514
AQIHEP,2.6754234,2.644893
YEKDEY,1.520028,2.122544
GETLAU,2.9363806,2.2725759
IRAXAC,3.7989817,3.2392778
FURFOO,2.4267113,2.372635
NIGMUL,2.6321573,2.3806741
MEXKAE,3.2218282,2.51649
LILPIH,2.8620937,2.9912338
PENLAY,1.8177207,1.7905326
DOGLIW,3.7978933,2.4498181
WEYTAX,2.9412787,1.8520557
OVUBEO,1.9823495,1.9426916
BUHRIF,3.1597862,2.592822
ZUFQOG,2.5200465,2.0833673
GUNGUT,1.7556787,1.8023486
JANNUH,3.4863229,2.5052695
FIJCIM,3.4683633,2.724476
ZELXOG,3.1148875,2.5648844
RACTAQ,3.2294474,2.7439835
JENHIW,3.020736,2.470872
VAVLUA,2.3048043,1.9136095
JEQLOJ,2.6645389,2.357561
AGEKAZ,3.2245493,2.1695938
ALIPIU,2.253647,2.532987
DOQRIL,3.3750281,2.8234246
IDELIN,2.936925,2.7362144
KANXUT,3.1437314,3.022333
JIWKIM,3.0816896,2.8320165
MECFEF,3.9388483,3.1708016
JEMVUT,2.0955489,2.385625
IZIMEK,3.0808733,2.5218453
RAYDUR,1.08519,1.7546934
IPEQOJ,2.344533,2.001483
QOWGOA,2.1091545,2.0739691
XUHQIC,2.9380133,2.7883801
KIMJIC,2.7516153,2.2916903
TUVJID,3.326592,2.5843265
TURNOL,4.437633,3.1052744
UPIKAH,2.4174595,2.5675313
IKORUW,2.0392213,1.9863006
MOGREG,2.8699849,2.8636758
JAFSIV,4.0370812,3.067202
HEZXAO,2.2770488,2.5722332
RUKTIA,2.7396424,2.0190022
NAQZIP,2.654743,2.0561771
MAQVAE,1.837857,2.077523
ALAJED,4.1211643,3.0674999
XODQUD,2.2092924,2.3445375
VUNSAA,4.8286605,3.3764536
TOPCOQ,3.190807,2.5699103
CUQMIL,3.6547613,2.4904933
IBUKAR,3.591903,2.6742597
LIKZOX,4.837096,3.9870963
VONSUP,3.2732577,3.4425523
DEWPIH,3.034886,2.7695756
WAJTIL,3.6623805,2.4620683
OGUMAE,3.0199196,2.490765
NABBEX,2.530387,2.181276
WERYAU,3.3464563,2.4135337
MUCXAJ,3.6090462,2.7670271
MIZTUN,2.1020796,2.0434523
ZETZED,3.1676774,2.50454
NITTIW,3.0223687,2.5506117
NOGQOP,2.8384197,2.5688896
HOLWAG,3.1671333,2.5671124
NEKVEH,3.1543438,2.6653883
GEXJEB,3.1216903,2.8229187
SAFQOG,3.649319,2.8324833
NIDWAZ,3.3015575,3.2839313
JOGLUN,1.8133668,2.1346235
NARFEU,1.7581277,1.4739659
XOQVUV,3.5633311,2.4572392
LAKNUH,3.1241393,2.7023275
LARVAD,2.698553,2.4751213
DEJZUP,2.8906655,2.3825736
SAWROY,3.3486333,3.4462674
FIHJEM,5.038188,3.3678303
NICBEJ,3.0321648,2.517208
AHAZOY,2.8327053,2.5967476
SECTEC,2.4623582,1.8956047
OPAWEJ,2.7695749,1.1192372
LOJCUK,2.2939198,3.3800783
MUNVIA,3.4120357,2.858664
SAFQEW,3.5459158,2.8671572
ZORMAW,2.5537887,2.2225313
ZOXBEV,2.8506649,2.705025
PEMMIF,2.7807317,2.5903792
FACLOK,1.7314605,2.3413725
HUCSIH,3.4656422,2.6421027
QIWNAO,3.69449,2.7191787
ESAKIT,3.6343527,3.1677327
SESVIX,2.5445368,2.3500082
MOQZOH,2.6177354,2.4896233
FUVXAX,3.5206091,2.8093343
LOFHIA,2.7810037,2.1607864
JIRMUS,4.306202,3.0776813
SEKREG,3.121418,2.4374468
GEQWII,1.2873707,2.0828848
GAVXAF,3.2444136,2.6680136
YOBRUD,3.185637,2.2838838
KUFKAY,2.719778,2.6406941
HUHREI,3.1837323,2.3043213
HAZKIE,2.9257681,2.5222728
XODRIS,2.2449393,2.4436355
BATMOB,3.438975,3.0416064
TUWRUZ,3.3834639,2.71221
WIDVOV,2.5325637,3.0068235
IMUDOJ,3.9894614,3.0200498
GABREI,2.3997722,2.16686
BIDQUB,3.1995149,3.1662326
MUMTIZ,2.5029032,2.4839463
YIYQOM,3.3633273,2.389907
QAHZII,3.6642852,2.435306
HAHYUM,2.5254889,2.229225
ZEFWOZ,2.8680801,2.4595776
NEXFAY,2.2373202,2.4297063
ZOTXAK,2.9042714,2.3273973
JANVUQ,3.5029218,3.2036283
XATDAZ,3.0648184,2.6097443
EWOJAB,3.5018332,2.8999999
TAHWOP,2.437868,2.1912832
FEFGUT,2.9192376,2.808192
YICYIT,3.104547,2.5080056
SOWSIH,3.4767988,2.5915885
HULSAI,1.63486,1.3182516
MOFWEJ,2.475964,2.749061
TEQBAU,2.9899871,2.5488968
BOKKAP,1.176076,1.5051847
USIYEC,3.2014196,2.6599991
YENMEK,2.6860359,2.4824898
YICZIU,2.7284856,2.5661294
KAYHAW,2.4297047,2.3641543
JAKTAR,3.1916234,2.8612015
XOQWEG,3.6357133,2.7803488
WURFAS,4.3203516,3.433371
HIVWAK,2.8544743,2.3401985
BAYLUK,3.243053,2.6237652
MOCVIL,1.7290115,1.8911299
VEKYAO,2.9589663,2.4695399
AJEROW,2.322764,2.3802612
LELMEV,3.8370776,3.2372744
NOSFEI,1.7812574,1.5886648
XUMWUZ,2.7995074,2.369098
KACNOR,3.9712298,3.8767955
FELTUM,2.3818126,1.9333569
BEMWOI,3.3132584,2.651775
RIVZAY,1.8699665,2.0168972
JIVFOK,3.8917725,2.8845878
HEKKIR,3.4838738,2.6506562
UCONIM,2.738554,2.2576044
KEJNOE,3.1391056,2.5336707
XOMXIG,2.5409992,2.0295062
ACUTIB,2.28494,2.0074806
HELGIQ,2.6016808,2.1228523
HIVVUD,3.0814173,2.762578
ENOVAF,3.434077,3.116435
HAJBIE,3.0264504,2.4811263
PEFYEF,1.95024,2.583205
XUXLAE,3.8632004,2.2017787
JAYGAU,3.0337975,2.8746705
LADFAA,2.628892,2.364692
GIFNOA,2.765221,2.3329298
CIXPEG,1.6288736,1.7660521
BEVKAR,0.9205612,1.6853068
TIPPIR,5.037644,3.0844774
AYUYIE,3.204957,2.4222233
TIVRAS,2.793521,2.0765936
YUSYOC,2.327934,2.586615
HAFKIL,1.6302341,2.1856415
YOQJUK,3.658843,2.4648533
MUPVEA,2.714608,2.1051893
VIXZOR,2.925496,2.1858995
BAQFIJ,2.79597,2.0072958
LAXVOV,3.711089,2.8543754
BICNOS,4.806075,3.3758235
HELROF,3.2569308,3.1659155
MIKDEQ,3.4446893,2.8545012
WIFDAS,2.4765084,2.4697776
RAQSOT,3.3140748,2.7883682
EFOFEK,2.1731012,2.154415
IDONAR,5.2011843,4.6121573
OYOKOD,3.3489053,2.4262974
EDOXIG,3.0936625,2.8021915
SIKBIA,2.985361,2.319376
CUYLAL,2.6610014,2.344526
QAFMUF,3.568229,2.2258263
LIYDIH,2.7807317,2.0221317
AQAXIZ,3.2327127,3.274923
WOLPOE,2.2816746,2.1769183
KIMGAQ,2.803589,2.4806137
WIYCIS,3.0079467,2.8418915
QASWAJ,0.6125283,1.514298
EKEBEC,3.0212803,2.2873003
FOQQUX,3.0283551,1.724213
IQODOI,2.140992,2.395389
SOPWEA,3.262101,2.6473317
NEYGOP,2.9358366,2.58378
CIBHED,2.7837248,2.2967541
HIJYIL,2.29909,2.1228995
SIQXEW,3.429179,3.0042624
QINXAM,3.3799262,2.8439023
NATYOY,3.0795126,2.5088012
AQOCUF,2.853114,2.9090602
BOMXOT,2.550251,2.163671
ROLDIF,5.4264946,3.2324536
MAJMAO,2.4857602,2.1260793
EVETEE,2.922775,2.541786
TEXQIY,2.2443953,2.0019429
LEHPIZ,3.8297305,3.0751293
HIGSAU,2.1543255,2.4323616
UBITAD,2.7635884,2.5286682
BUXPAM,3.429451,3.312665
CEYWEK,2.9312105,2.4444065
DOQBEQ,3.1227787,2.7180934
RIXTID,3.6841495,2.6060834
ERUHUW,2.7671258,2.3880458
FMHTRU,3.0177426,2.4902031
EHUXEL,2.6414092,2.577393
INALIU,5.19547,3.4965873
TURRII,1.7012559,2.3188982
VUCGEG,3.0196476,2.6115224
KURKUD,3.3154354,2.5471783
CIFMUB,3.2305357,2.8488894
SIZWUV,3.0539339,2.7277322
QAHTIE,3.2465904,2.4244292
DUFJIX,3.3091767,2.770917
YOJMEP,1.8394897,2.012108
CESHIS,2.8087592,2.5248241
NIJRAZ,2.578551,1.7870463
OWIZOK,2.3001785,2.1674464
HEWLIF,3.1565208,2.5524464
VOGRIT,1.6076487,1.7816821
MUDYOZ,3.7012928,2.8812172
ZIPWAZ,4.211234,2.854976
BEXXIO,2.4571881,2.5074046
SARKOM,3.2201955,2.781744
KEPPED,2.1828973,2.0645306
PULTEV,3.0933905,2.8717968
EBAGOF,3.5097246,2.8154354
SOQHEL,1.9194912,1.706547
HOHHIV,3.5668685,2.8292549
CECBOE,3.4928536,2.7785385
MAVPOP,2.8591003,2.0574834
AZAPEY,2.7450848,2.4620423
CESNAP,1.966839,2.3190122
BAZSIF,3.5649638,2.7633822
NAHNAN,1.5932267,2.0588043
SAGVUU,3.840343,2.704965
VOQDUC,3.059104,2.5998797
VAYWUN,2.834338,2.5890167
MAVNON,2.6520216,2.332882
FOQREI,2.96332,1.843203
SIGTAG,2.1875234,2.2434907
ZOPLAT,2.942367,3.0194259
RAWSUD,2.8030448,2.3815298
ZICBUL,3.0438657,2.2491205
KEKFOV,3.226182,2.8290288
FIHFEK,1.4511832,1.6672676
LIGMUM,3.350266,2.5340447
HOMXIQ,4.5244374,3.026983
LESZOZ,2.4843996,2.010867
DUXQET,3.2177465,2.298914
WOSQIE,3.3701303,2.7219713
KAQDEL,3.0547502,1.892253
HAPFIN,3.334211,2.724113
ADACUD,2.7641325,2.0219002
RONNOA,3.1195133,2.8751504
TUXQUZ,3.3178842,2.426687
BAXZOP,2.5992317,2.345573
TUFZEZ,3.386457,2.6068788
FIFCOP,3.2536654,2.644984
SAQWOX,2.8435898,2.3606575
LOKREI,2.4343307,1.7986257
PERCAT,2.3584108,2.2494512
YOQMAT,2.8792367,2.579452
ESOBEU,3.0811453,2.4821427
IDUMOL,3.2343454,2.903988
ZEGYIT,2.6016808,2.0416896
VUCCIG,4.027285,2.8206415
WOMDUA,3.3687696,2.787974
VETMOY,0.12544449,2.022481
LUKNOV,2.4030375,2.2171454
YIYQUS,2.7902555,2.7522902
KOPRAL,2.6065786,2.6772695
KOMMEE,2.8348823,2.6827672
DAMBEZ,2.6327016,2.9922895
JIJFAM,2.8359706,2.5709844
EMAREQ,3.723606,2.800419
XUCDUW,2.1216717,2.2024446
ZUQNAA,2.7586904,2.5939255
RIZVAY,3.720885,2.7368677
AXIQUV,3.2569308,2.298668
XIRPAP,2.4275277,2.5924203
AQAXOF,3.374756,3.5126824
QEJGET,3.0675395,3.1182265
LEWSIP,3.813948,3.4467783
SIXQEV,4.5682473,3.321693
FOVJUW,3.1459084,2.7978752
ECANUU,3.139922,2.6024947
QEXSEU,2.882502,1.920529
PADPUF,3.4071376,2.5207503
WIYBOX,3.0343416,2.8269997
KICGEJ,3.2555702,2.5799232
IJOBIU,2.4634469,2.2309232
MAQFOC,1.5211165,1.3349195
RAFYEE,3.104547,2.6324925
MUDWAL,0.6258619,2.2606483
DUNVAL,2.987538,2.2965758
DIKQIY,1.949968,2.228232
FABYIS,3.453125,1.8895243
WAXHEI,2.4514737,2.2273812
QIDCAJ,3.0933905,1.8882118
SAWQAJ,2.6427698,2.5445683
RUSLIC,2.8351543,2.614375
CUJWIO,2.90155,2.5243018
JEHSEU,3.4014232,2.3782198
NIQBIA,4.145927,3.3832798
YAQVUJ,3.383736,2.3043907
HOHHOB,4.0901437,3.2120705
COTKEE,1.7241135,1.9417188
XEBHAQ,3.2346175,2.4798946
ICOMEV,2.3630369,2.067873
UBEPAV,2.5850816,2.642147
HUNWOD,3.1350238,3.008429
PEZNIS,3.004137,2.4699378
VIBYOU,3.917079,2.8942354
SINHIJ,3.1891744,2.1447482
LABKIK,1.9246614,1.9903541
TOXFOB,2.7518876,2.3755097
SIGJOI,3.427002,2.7927802
NOKWAN,2.9834564,2.8716094
KADVER,3.0797846,2.467193
KENTUU,2.158135,2.3686504
MOFWIN,2.530931,2.367944
MEXJUX,3.385913,2.6089387
COGKEQ,1.5211165,2.4267697
XOWMEB,2.8060381,2.2887533
BIVHIA,3.5660522,2.636774
TUMKES,2.7826364,2.3676636
EMEPOC,4.141573,2.9848154
VAHJAP,3.1818273,2.2749004
CEZWEL,3.173664,2.5110245
DITRUU,2.0207176,2.180367
YILBOL,2.4054866,2.089788
HIGWOM,3.0580156,2.6908925
TUKYAB,3.3717628,2.7637208
EMONEZ,3.3763888,2.9160407
TUXGOK,2.863182,2.4763916
ZAFFOB,3.6455095,2.8479972
REMMUU,5.0107045,3.053737
TOMDII,2.9434557,3.0749025
LAKYAY,3.7358513,2.5962853
AYEDIT,2.762772,2.0727937
GACMAA,1.4106382,2.232104
WEJMOP,1.8558165,2.2943215
FODDOS,2.6381438,2.5049071
HAMBON,2.2242587,2.1054788
RUKTOG,5.35765,3.604347
YICZEQ,2.7464452,2.1707013
UCONOR,3.4332607,2.6128047
TUXZES,2.1711965,2.2857625
ZUNGAQ,2.1760945,2.0084856
XAVXUQ,3.651224,2.5629828
LAFVAP,3.4411519,2.7406433
QEHLEW,2.0498338,2.2548065
TEYYON,2.2925594,2.2230654
VIRBAB,3.0008717,2.8906999
QUFPOX,4.1881046,2.727568
NABYOH,2.8378754,2.7019374
SUYPAF,2.6656275,2.4497561
BIMTUN,2.167931,2.2188077
SIMPIP,3.004409,2.8317142
CIJXUP,3.266999,3.0855772
ABESAB,3.2661827,2.202434
LAQFUE,2.8805974,2.5212488
NIRNOT,2.516781,2.3835442
UWEPUJ,2.7459009,2.3195019
ZACYOR,3.1480854,2.6956651
MUQYON,3.9173512,2.9272993
IBIKUB,2.8313448,2.4545069
IMAWIE,2.456916,2.6856441
OGOPOR,2.6841311,2.2292109
WOXCUJ,2.999511,2.3852432
PEKVIN,3.1314864,2.7140641
DANNAJ,2.719778,2.7226472
VARNOU,3.229175,2.5881796
GUBQID,2.5007265,2.247104
GIPCAM,1.9129604,2.0064025
VILFII,1.4351286,2.3184369
INALEQ,3.5187044,3.17061
PUVBOZ,4.8939676,3.9384847
WEGCET,3.4623768,2.8402486
OFADOO,1.9393555,2.2816195
BASNOB,3.0759752,2.7526503
YOBXOF,2.7638605,2.3951378
OMOBIC,4.0310946,2.8052468
JOPQOW,2.8386917,2.2845936
XIPHAH,2.5467136,2.0317574
LUQYUS,2.7118866,2.2231078
ESAYED,3.943202,2.7158043
SAKBAI,3.1102614,2.6800268
ITACIP,2.3853502,2.6167755
JOCRAV,3.5064592,2.7193847
NAZVOC,3.0286274,2.4979951
UDUDAA,2.2003126,2.8646336
VEZGIR,3.4180222,2.925628
BIZJEC,3.094751,2.2933245
ROSFEM,2.6898456,2.583993
WOMMAP,2.8106642,2.1893847
NUFNOT,2.4939237,2.1925066
QUSYUA,3.2408762,3.0998523
AGAWOV,3.139922,2.1110063
OVAHAW,1.634588,2.0425038
VOHMOW,3.0653627,2.937026
OGONUV,2.9053597,2.8154187
ESAMOB,1.4754014,1.7080512
YURCEV,1.3556713,1.5205535
VOPJOZ,3.247951,2.4299943
JIBJAF,5.2128854,3.0377872
BEBKUQ,3.878983,2.5450299
HAGXAQ,2.9325712,2.42435
WAVLOV,3.3739398,2.501302
FIGYUQ,3.9007523,3.1088755
REJTIJ,2.9137952,2.708965
MIPCIZ,2.2443953,2.030862
VIRBEF,2.9954295,2.8394163
ALIPUG,2.1401756,2.1778727
MEMGOB,3.9440184,2.614993
ABIKAY,3.2936661,3.0069182
MODTIL,3.5336707,2.6332276
NADPUD,2.5728366,2.3182485
WUXRUE,3.1733918,2.5632896
UPEKEG,3.0599203,2.45476
WAKRUX,2.3077977,1.9464858
QOBLUP,2.3584108,1.9047539
BOCMUE,3.034886,2.4717848
KOGTUX,3.353259,3.1835449
WIXHIV,3.1040027,2.805423
KOFKUO,2.5429041,2.5025737
YICYEP,2.7439961,2.8375053
UNEZIX,1.7652026,1.6857262
CIFWIZ,2.2501094,2.3345919
BEGXOC,3.6465979,2.5973265
WAVMAJ,4.0661974,3.508693
PERXIV,2.2639873,2.5118732
DERLAQ,1.9937782,2.4824996
AGOSAR,1.8239793,1.6839023
XEKJOO,1.5088713,1.8111769
WONMIV,2.4346027,2.2393317
XOKCOR,2.7271252,2.430468
IDAGIG,2.9908035,2.4171882
IXOJUB,3.393804,2.8649693
UHOBUO,2.7559693,2.1526513
MINNEE,1.9567708,2.027128
GEXFEX,3.49884,3.003669
HITJAY,2.3388186,2.4291523
OFITIJ,2.2525585,2.193717
FOYQER,2.8498485,2.674034
FEQRUP,2.2901103,3.0223346
ZONHOB,3.209855,2.6669643
GOLTAC,3.1578813,2.55198
VUTPAC,3.5524464,2.9007325
PEBJUC,3.0433214,2.4621954
VUCGIK,2.9769256,2.816175
KAZQAF,3.0789683,2.7612581
BOGXUS,3.3184285,2.6896672
FIVJUS,2.8936589,2.538024
PANKIB,1.4775783,1.4229767
XEGMEE,3.429723,2.5126836
TEPHII,2.3867106,2.664837
SEMVEN,2.9099855,2.4098785
UFEDOB,3.7051024,2.8645842
NIQTEO,2.6375997,2.2967708
VIQSET,2.936925,1.8901184
PUNWAW,1.9665669,1.6209309
SESXUM,3.1600583,2.5153637
HATPUQ,2.9434557,2.8810213
NOYBUY,2.7298462,2.541139
LEQBAN,2.5796394,2.0959878
LEPZOY,2.7426357,2.5588884
OJOQAG,3.0721655,2.9910915
RAWMOR,4.8830833,3.8406608
IYOKAI,1.4313189,1.6210167
NIFMUK,3.3763888,2.4441917
AQAYEW,3.2169302,2.5323179
WOKWAU,3.7363954,2.6533513
RISWOH,1.6000295,1.9344419
OBALOU,4.218037,2.7509737
FIRDEQ,2.4166431,1.5367281
QEJMOH,1.3077792,2.0989985
VUVTIQ,2.5527,1.5777018
JEDLAI,3.109445,2.7546656
JANDOS,2.9706671,2.4805002
GUZZOR,2.9374692,2.6613908
GEMGIP,3.2561145,2.6396582
BIBREK,1.6427513,2.0377426
MOXXAY,3.238155,2.7175233
ROWPAW,2.9233193,2.2819948
LEZBIB,3.4351654,2.9734993
VIBHEU,2.538278,2.0308444
WOJCEG,2.6351507,2.3007867
TAQLEC,2.4122894,2.7963085
FUDJAQ,2.980191,2.6938257
BULXUC,1.8887423,2.1863322
ZOGXAW,2.9279451,2.6176572
TAHRIF,3.1410103,2.8291671
YOLQIA,5.083087,3.1913872
JANCUX,3.532582,2.727846
TEFZOW,4.2049756,2.8286881
IDAVEQ,2.3192265,2.095018
LIYPIT,4.051503,2.9791422
QOVJOA,3.5461879,2.8117874
RELLEA,2.384534,1.8923683
DEKSOC,3.5924473,2.7532306
OBIPEU,3.6574824,2.767851
OCOCEO,2.7502549,2.13487
UYINIB,3.87599,2.6085846
NUSYAB,2.9350202,2.1906796
ZAZVIF,4.313549,4.1453094
QACYAV,1.9115999,2.0750089
RUNDUZ,3.7121773,3.2784064
AYOVUH,2.9567893,2.3332543
ODUJAZ,4.08198,2.4668667
ADEVEK,2.660185,2.2774227
HAYCUG,2.27079,2.253406
VAVMAH,2.1311958,1.8724031
KIJFOZ,2.3546011,2.2812243
TURSOP,2.2397692,2.4787295
IMUDEZ,3.6686392,2.9872608
XEJQUB,3.3118978,1.993218
YIQWUQ,1.9750024,2.3647125
SOTLAP,2.8830464,2.5844748
RAJXIL,2.7918882,2.4619477
SARKUS,3.2808769,2.7894166
LUVSEC,2.3004506,2.6031995
XEBJAS,3.9540865,3.2209008
VONKUF,1.5872402,1.7153387
BOMTAB,3.1050913,2.714427
KIGKAO,2.382629,1.9295995
YEDDIV,3.7796617,2.580729
GEQNUN,2.9888988,1.9636006
ALOLAO,2.4754198,2.1306875
HAZHIC,2.5252166,2.2772577
GAMHUX,2.6008644,2.5586505
MEHYEE,2.9535239,2.6026158
UZEFOV,2.1537812,2.3597121
CUQTAK,1.2740371,2.2347388
DEBWUC,5.3709836,3.8194633
PAZWUJ,3.4553018,2.581232
BECMAX,2.9268568,2.6987207
PABYOJ,2.9488978,2.937859
CEQVUP,2.5249445,2.0686247
ZAFPOO,3.2795162,2.9308443
VUGRAR,2.146162,2.0151143
AFAPUU,3.0463147,2.564746
ISUHAG,2.97747,2.3093023
XIXZAH,3.3970695,2.3481243
CESGAL,2.1129642,2.0001853
VOWDES,2.9831843,2.391046
CILPIZ,3.3834639,2.5431988
RIJLAZ,3.2386992,2.699646
SEKROQ,3.637346,2.8388848
HOYCED,3.6365297,2.7578309
RAZHUY,2.49474,2.8715053
DILDAG,3.456118,2.642549
QIDTEE,3.573127,2.6399043
NAJLUG,3.6329923,2.289515
ABISEL,3.3853686,2.664939
MIXJAF,1.906974,1.8268527
SIBCIR,2.5959663,2.300941
ZESRUK,2.8669918,2.6251884
ZUYVEU,2.0612626,1.705181
MOSLIP,3.453397,2.4124281
ZONTEB,4.457497,2.8397448
ESEBOT,2.311063,2.003265
SIPVUI,3.2343454,2.6377919
YEFDEU,3.1676774,2.7276325
DOSWAL,2.779371,2.3163786
OFULIM,3.3902667,2.1807942
BACFES,3.8768063,2.68871
LOGCOZ,3.832996,3.4663668
XOSZAH,2.590796,2.1908386
UJEGUM,3.4234645,2.5454147
WISQEX,2.097998,2.456757
BAXMEU,3.19761,3.2672424
QEHQAV,2.7728403,2.7053108
GACMII,1.7733661,1.9574231
VOCCIA,3.6852381,2.8332856
LADNEM,3.46537,3.054278
ZUQBES,3.4123077,2.5388849
BUJQIH,2.3216755,1.6620903
TEWPUH,3.383736,2.9786658
BUBMIV,3.0890365,2.171053
GERMUO,2.4291604,2.062718
UFECOY,0.53932965,2.2855399
ACAREE,3.0746145,2.8234966
HABHUP,1.5646547,2.0060391
CETXAD,2.0656164,2.5432665
ZAYLAO,3.009035,2.6207714
MEWSAI,1.7649305,1.6875758
ROGMUV,3.4618325,3.0886543
HEXROS,1.9654784,2.2639036
FIRBIU,2.752704,2.1213465
CEZXAG,3.274346,2.5579038
RADYAW,3.9132695,2.9952369
QOPSAR,2.5099783,2.2113497
DEFRIQ,3.071077,2.9318712
SIVBUX,1.4620678,1.4555602
EGOVEE,3.145364,2.6496065
QUDDEZ,2.5339243,2.2065978
ZOSYEN,2.9573336,1.8652741
OJAHUC,1.7333653,2.7063622
HOQWOZ,3.044682,2.2863297
PICPAT,5.462414,2.8088553
LIPMEC,2.6944714,2.656126
XEKGUP,2.8675358,2.5177395
NOCWOS,2.09827,2.3840935
LOQPEN,2.593245,2.2276428
HELREV,4.1810293,3.134852
WURDUK,4.3102837,3.1590939
WOJTUK,3.2819653,3.098285
UGETAC,2.6103883,2.3965747
AMEKAE,4.2702827,3.8809867
IRAWUV,3.489316,2.8096483
LIPDUL,3.0131168,2.7918775
MOSCEE,4.079531,2.7862868
ECUVOO,3.352715,2.4734552
YAJFAR,1.1747155,1.6772048
LUCWOX,2.6136537,2.4919603
GIDBOK,2.162489,1.8907279
RAPKOK,1.8359523,2.1360886
KIVPEL,3.025906,2.346879
LONCUN,3.274074,2.3244863
SEWTAP,3.3257756,2.6910005
XOWMAX,2.454195,2.5228422
VEVVAU,2.78182,2.6854062
QUVRAB,2.6005921,2.6420135
SIWGAH,2.1774552,1.9287293
CODZOL,2.4084797,1.9090908
JAWCUG,2.2003126,1.7556151
ALENOV,2.9078088,3.0771248
MOFMEZ,3.7434704,3.119028
KAWMIE,2.662362,1.8935056
USEYEX,3.6936736,3.4489105
VAGCIQ,3.1540718,2.8687081
BOGBOQ,4.502396,3.3634386
USUTOS,2.1774552,2.3851697
QUDWES,3.692041,2.76415
SOJMAG,4.961996,3.3023276
KOFWUY,4.3366785,4.9164085
FALDEE,4.5872955,3.189729
IKEKUF,3.34564,2.6485233
LUQNEQ,3.2016916,2.7094157
CAFWUC,1.522205,1.699902
FIMZAC,2.8090315,2.6929796
SIKFAV,2.49991,3.01538
PEVSAL,2.772296,2.4678583
AROLAW,2.2735114,2.1132143
CODZUR,3.3965251,2.181968
QUQJUH,2.1589513,2.5245564
KELZUZ,2.8460388,2.5988495
FEZRAF,3.309721,2.832894
WOGBEC,3.0275388,2.8403838
LAWJEZ,3.2357059,2.854903
IGOLUL,3.3132584,2.88704
MIPQOR,3.7829268,2.7274299
ESAJUE,2.9320269,2.9198062
NEXZUO,3.4452336,2.6105592
UQUJUM,3.2539375,2.4270556
IHEQAO,2.1584072,2.5749278
XEJZUI,2.3009949,2.6109643
GAMHIL,3.8612957,2.7386575
NAHNER,1.651187,2.0086179
TEYTOH,2.721955,2.4961655
GIPSOQ,2.6446745,1.9939697
HIKCAI,4.1334095,2.9574065
HOXFAB,3.1589699,2.2958326
UVAVUK,1.8604425,2.5099437
LUGSOV,2.4005885,2.3036466
SUSPEB,2.5937893,2.4467118
OLEVOQ,3.094751,2.7975774
KADVAN,2.8052218,2.4643242
SUJWUR,3.3870013,2.2369845
YUPXEO,3.659387,2.731771
KOJLED,3.7366676,2.9116807
OWONAQ,3.6555777,2.7181334
PIZCAD,3.3391092,2.5244849
BOKDIR,1.6745887,2.5118775
MUNWAU,4.4166803,3.3227396
RAFNOD,3.16931,2.3936954
LARHIX,3.1369286,2.7756684
EVETAA,3.4370701,2.7219465
ENAVUL,1.5564913,1.543471
HOYBIG,3.2231886,2.4194436
ECOXIG,3.2299914,2.7467983
ROWPEA,3.099649,2.657654
ACOSOA,3.021008,2.8432822
FOTXAN,3.6231961,2.6786988
ESELIY,3.7317696,3.06087
FIGYAW,3.8419757,3.474546
HUPLIO,3.1165202,2.8052573
OVOLAN,3.5861886,2.8647525
NOCXAF,2.1518764,2.5210567
IMICEN,3.302918,2.5570521
ODIBEI,3.1554325,2.704507
XELJEF,3.276523,2.7978666
VIFWOY,3.2727134,2.727131
ZEHNIM,2.3429003,2.2526011
ZOMNAT,4.107831,2.6421945
REJWEJ,2.8909376,2.1688414
KAYTUC,1.696902,1.9590645
QOFVOX,3.1709428,2.374689
XAWKUB,3.1244113,2.846039
TIYPEW,3.434621,2.6287363
COVWAL,2.7328396,2.4878287
WUNGIX,2.6661716,2.292076
VIJRIP,3.2751625,2.744577
ACOXOH,2.8378754,2.4337475
OCEYOK,2.286845,2.5938315
VEDYIP,1.6699628,1.9002734
IDEHOO,3.7551713,3.382445
QIDDAK,3.5831954,2.9789908
JINJEW,3.2661827,2.4165306
XUCFAE,2.1091545,2.226956
ROWPOK,3.171215,2.2278144
CEZGOE,2.1932378,2.384009
MIJNOJ,2.9497142,2.8706467
OLUXEY,3.3565245,3.0351493
RILYOA,3.3135304,2.8143802
YOCJEG,3.2011476,2.7052443
OFITII,2.5439925,2.414454
DONLEY,2.0492895,1.9350085
VUGXAX,1.4354006,1.8640523
MALCEK,2.0656164,2.0499287
JEMKOE,2.4490247,2.0727668
HEHHOU,3.0367906,2.0186481
UPEJOP,2.9274008,2.6215718
RIZJEQ,2.029153,1.8745224
RIVJAJ,3.0242734,2.561492
OZANUZ,4.2098737,2.8903801
VUFLOY,2.3497033,2.4514968
DANNEN,3.967148,2.510989
LATVIM,2.0065677,1.9316866
DOMSOO,3.2267263,2.9107769
SEWHIN,3.2166579,2.8451438
REKFAQ,2.7407308,2.5875485
OHABII,3.2487674,2.4002895
MAKVAW,2.9529796,2.6663017
HEXDUK,3.1132548,2.6427097
MODTUX,2.7976027,2.7879682
FOTKEF,2.1614003,1.9327867
KULKOR,3.1110778,2.4399595
ANAVES,3.639795,2.6082275
MASNAX,2.8814137,2.4410284
XESTEW,4.173138,2.938756
YEDQUV,3.166589,2.6812103
SAWMAG,3.496119,3.033269
FOWJUX,3.2830536,2.4625635
LAYLAA,2.7559693,2.1624272
POWDAG,2.6585524,2.9395902
QEKPEB,3.4000628,2.6634612
VAHQEC,3.0920298,2.557457
PEPMUU,2.1924214,1.7969657
WANWOY,1.9015317,1.846108
OMAWUW,1.906974,1.4466487
SAYFUW,2.3067093,1.9201604
ECUVUU,3.0329812,2.1958632
VIHSOX,2.2756882,2.173274
ROXFUH,3.142371,2.4266477
PUJWUM,3.816125,2.9108508
RIPWAQ,1.8745924,1.4689044
LEPDES,3.200059,2.4005842
NEHLOB,3.0672674,2.8143685
PIVQER,2.4680727,2.6866453
IPUBIG,2.774473,2.5359879
GIFQIY,2.0721471,1.7710937
MANTEA,2.3935134,2.1572008
AYUJUZ,3.305367,3.7717493
QUDRUC,3.154616,3.2581906
KARNAV,2.920598,2.6312208
ZEGYOZ,2.6027691,2.1776886
LATVUY,1.9330969,1.9884623
TOGGEE,2.1807206,1.8309135
JURYAW,2.9410067,2.626663
QAHXED,4.074361,2.9905205
HEDFAY,3.3731234,3.0730417
ABEYIP,3.0188313,2.4258294
DIDDIF,3.3429189,3.1777108
SIZVUV,2.2952805,2.6145031
GERSUS,3.824016,3.5505025
GOMYUF,2.5600471,2.2092917
LOFMOJ,2.822637,2.1817646
YENCUQ,3.5997944,3.2442424
EVAGOX,3.7682328,2.9676135
FEQGOY,2.6291642,2.2856822
REVXIZ,2.7478058,2.8138318
OLUGEH,2.0473847,2.0082643
FUTLUB,3.0378792,2.4467478
XALDUJ,1.8585377,1.6270541
JOPREO,1.7720054,2.5730097
XACPEX,3.4985678,2.8060582
UCATUN,3.171487,2.6915624
GIBMAI,3.0329812,2.988467
QUVRIJ,3.412852,2.6816468
REQROU,3.732858,2.3219726
EJEKAH,3.1061797,2.7429788
EDAMUR,2.6653552,2.5419624
ABERUU,3.2008753,2.583468
YEHZIV,3.4403355,2.6312268
RIBRUQ,3.4659142,2.472938
IZIBIC,3.6980274,2.9255743
NABXIA,1.9491516,1.3059566
MEFNEQ,3.6427882,3.393653
LOPMOV,3.0267224,2.3033373
BOPPOM,2.9333875,2.8485577
WIFDOG,2.6403208,2.9701762
TEWXOJ,2.1932378,1.9717337
BIYPEH,1.5020685,2.3293278
NASHAR,3.5573444,2.7186325
KOJTUB,2.3448052,2.9988794
XUSFIB,2.9986947,2.2755094
DOPDIX,2.6585524,2.19244
OCIKIW,2.055004,2.3630412
SAZTES,3.1097171,2.5304716
KAZLEE,3.1848207,2.7714403
ROTXIK,2.0740519,2.2865045
NAMKEU,2.8571956,2.41699
XETLEQ,2.5464416,2.9364376
ADIYOD,4.3761353,3.4925714
QISDON,1.2313153,1.823233
TEVMEN,2.4180038,2.1840782
OWAWEQ,1.7733661,2.2938287
OKINIF,3.1154315,2.6147008
ZOMNOH,3.4253693,2.813701
TAWVUI,2.0648,2.0506723
PAYQIS,3.1913514,2.3844995
COGDEI,4.3557267,3.0740278
MIQTIS,2.7499826,2.4914603
NOZLAR,4.337495,2.8219328
DOYQUD,4.5200834,2.822904
LAQXOT,1.510232,2.0033176
VEZMIX,3.8316352,2.937001
SINXAR,3.90048,2.8910694
MEBWAS,3.1747525,2.2960162
UGANEX,3.182916,3.1302745
YIXCAJ,4.0158563,3.5623193
NIBBAD,2.922775,2.8244293
NOMHAY,3.336388,3.3296034
MOXVOK,3.307816,2.68654
NAMCEM,2.6155584,2.3239386
QUGXUL,2.4528344,2.2610288
ZEYDUF,2.2411299,2.002109
LIYJEJ,2.9654968,2.7414572
COSHEZ,1.871327,2.4969008
WOSQUQ,3.1347518,2.4302242
NECJUC,2.8928425,2.859403
YEJXOD,2.3162332,2.376537
FISXUC,1.9741861,1.4303409
NAVHOK,2.526033,2.3912294
YEBWAE,3.5070035,2.6354833
VIBBIS,2.5295706,2.4184391
USEYAT,3.201964,2.5390418
FIRBOZ,2.6327016,2.0183868
XEHBAO,3.7486405,2.970802
ABIRUA,3.656122,2.8480206
JUMSAN,2.8512092,2.453756
SEMWIS,3.1121662,2.4911718
XIQHEL,2.1671147,2.1168566
HOXFUV,3.5216975,2.4889667
OSUCUB,3.7646954,2.8574731
VIFXAL,3.1965215,2.6766753
TEGVUX,2.545081,2.4342246
BICMAE,3.2544818,2.4058163
TAJJOE,3.1959772,2.8142025
KOZPUK,3.723606,2.5020447
RALWIL,2.8593724,2.263597
GUJCUJ,1.2405671,1.8518943
MEWRUB,1.8318706,1.5783211
NEDMOB,2.576102,2.497669
RUMXOO,3.3608782,2.584224
ADACOX,2.774201,1.9306093
TUZSUE,2.0784056,2.2653255
EBUGEQ,3.5097246,3.4430654
TEKMAA,2.6231775,2.2502635
HUJYAN,1.9962273,1.9119605
GUTQAN,4.0523195,3.2213545
NOBBOX,4.04851,3.4725046
EFOLOD,1.161382,1.9585452
KELPOH,3.028083,3.1748867
VIHHIF,2.9706671,2.045772
JIMLUM,3.8612957,3.2479599
LUHLOR,3.295571,2.7390397
IREFAM,2.514332,1.9840574
WURFIA,4.1339536,3.233556
BAZMUK,4.14892,2.8543317
GELZEF,2.585626,2.5532434
HEJXUR,2.208204,2.0666695
XEYNAQ,4.1861997,2.9455523
FARTAW,0.99403197,2.0746663
FAJCEA,3.5048265,2.3689046
JEQLID,2.225075,2.3663545
RIZYAA,3.424281,2.478355
WOJTOE,3.5910866,2.817548
YENMOU,2.5535164,2.2748513
VEMVAM,2.2384086,2.285874
PILWEM,3.5641475,2.1801567
UCEBEJ,3.4640095,3.0161467
FOCKIU,2.1132362,1.9440691
CEZJEY,3.8202064,2.950066
KIVRUC,2.8106642,2.2090871
ZISYEF,3.5050986,3.175894
YAFCUF,3.1774735,2.8446822
SIHHAT,3.4446893,3.0993636
EDOPOD,2.0941882,2.050966
CIMKUF,4.0422516,2.0060194
BONSAZ,3.5627868,2.6220174
FOHMEW,2.874883,2.4194512
OVUGET,2.2925594,2.2240362
WEHHIA,3.2675433,2.0695724
REGROK,3.8169413,2.5432327
BIWPAZ,2.5434482,2.2131886
YOFLOV,3.1148875,2.4553797
QUMQUK,3.1818273,3.0476327
XIDYIS,2.227252,2.4751098
HEXFAS,3.109445,2.5977426
DEFHUS,3.9810257,3.1422539
KIZSOC,2.0462964,1.8505752
IMOGUN,2.6299806,2.3170457
HIBPUE,3.2055013,2.7103558
MOZNIA,2.2601779,2.4252758
HELPAS,1.7567672,2.157738
XIXJAQ,4.1383076,3.6806831
TAPWEO,1.5154021,1.7944198
ETAXUS,3.1227787,2.6109822
SOPJEN,3.047403,3.0841136
YIXVOR,2.3385465,2.2129605
FACGIC,3.880888,3.23396
MIVLAF,2.8335216,2.2965682
OLEWEH,3.200059,3.0836837
NOKKAC,2.2585452,2.1486678
CIGNIS,3.1494458,2.7470891
KILNAU,0.25769183,2.6609306
IMIDEO,2.9820957,2.3671186
MEWJON,3.4433289,2.8176455
XEQKOV,1.8218023,2.3168812
XIGDEZ,2.7426357,2.3351712
BARSIY,3.7148983,3.1020882
BUCJUF,2.4310653,2.2958052
DAQGUY,4.320896,2.887837
QODMOM,2.5820885,2.3048544
ONEPED,0.41687843,1.4882203
TAMHAQ,3.8493228,2.6386714
NOBBEN,3.503466,2.6901088
ROLCED,2.1418083,1.9612134
QIDCAK,2.31324,2.178646
ELUGAV,2.9434557,2.402478
CIRJOD,2.8346102,2.3773596
POJMOQ,3.8158526,2.656555
LEMXOS,2.985361,2.3940578
IDERAK,2.5129714,2.462654
QIFXOS,3.7470078,2.8592703
SIHPUX,3.1143432,2.4866512
SESPEN,4.2447042,3.5869503
RUNMET,2.693655,2.3845239
BICLOR,3.4904046,2.5405014
BAWKAO,2.2065713,2.0253503
AWIKOI,3.1075404,2.3071032
GAPYUR,3.7072792,2.7278461
UZOSIM,4.1244297,2.7180614
SAYZUN,3.6033318,2.915155
BESGEM,3.1962495,2.071115
ESEKAP,3.0656347,2.5793867
KANZAD,3.50782,3.2001848
GEZKAZ,2.6539266,2.7937384
RUBYIX,2.6414092,2.3992276
WICRAB,2.9834564,3.1042502
VEMTUE,2.239225,2.324577
NAMSAY,3.2460463,2.4870386
NOBCAL,3.0299878,2.192379
QISZID,2.8977406,2.4364743
AHIWAQ,3.023457,2.5990767
GEJPUG,3.7309532,2.579949
XUDVIC,1.8884702,2.0642152
XOZRAF,2.72903,2.2891793
RUKMEP,2.1012633,2.0128021
SOXRED,3.4879556,2.7250998
XIWTUT,3.6485026,2.879733
MABSEP,2.714608,2.5147653
BAYCAI,2.4607255,2.2824483
ZEKHUU,3.6738093,3.901609
GAPTEW,3.6384344,3.0414612
NUWVUW,2.8207324,2.0357537
FUMKED,3.407954,2.6883214
DESROJ,2.4805899,2.7785473
SAFQIA,3.0874038,2.6908655
QEZCOO,3.0890365,2.491271
WOPXAB,2.8857675,2.8893316
FUDJIY,2.7521596,2.999916
BUPNOP,3.4591115,2.7719328
TISHOS,2.1480668,2.0327573
ZEKJEG,3.5627868,3.1301777
TOHCAX,3.2784278,2.5689123
OPAFAN,3.6237402,3.0354586
ZOYYUJ,1.9758188,2.1925666
QAMHES,3.240604,2.5168397
ZOGXEA,2.822909,2.5705614
ZEKGUT,4.3900127,3.563087
PABZAV,3.1973379,2.4088647
NOFVIP,3.065907,3.3698401
ICIVIZ,1.6890107,2.4065692
MINNOO,1.9249334,1.9996021
YOQLUM,2.8898492,2.658177
WOCMUW,3.3540754,2.901446
ADUMER,3.028083,2.3235216
ACARII,2.8522975,2.434845
KETSIM,3.1742082,2.7836037
MIGKAQ,3.5772088,2.7463872
YEJXIX,2.306437,2.49585
MIKHUM,1.1845117,2.18435
NAGDOO,3.9807537,3.0141058
UZAFIM,2.7970583,2.2840357
WEYSUQ,2.7611394,1.9596845
FAPNOB,2.354057,2.2828848
XADBEL,1.8732319,2.1898596
UPESUF,3.0479474,2.3173473
SUJWIF,2.936925,2.5023246
TEYVEZ,3.1317585,2.379137
TOPYII,3.07788,2.5675333
ABEZUD,1.8906472,1.7723818
WIXYEJ,2.2120135,2.8836753
EGITIX,3.2509444,2.269647
SALJUM,2.9529796,2.6159954
MEBTES,3.1265883,2.0310464
IKOROQ,2.0585413,2.253117
ZIRJOZ,2.5940614,2.6530569
XULXOR,2.9361086,2.3686237
PIKSEJ,3.395981,2.4241812
QEVYIZ,2.1050727,2.3469481
LETGID,2.8971963,2.746126
OFOMUT,2.9072645,2.6460536
DOHSUP,3.326864,2.713705
LILJAT,2.3701117,2.070928
VAYQIX,2.6343343,2.2234344
DAFBOC,2.0182686,2.2125967
BIDBUN,2.5491626,2.1607947
LUSHEO,3.1600583,2.3337357
EMUGOJ,4.354638,2.911845
BOCMOY,3.137745,2.612635
ATANIT,3.2199233,2.6466527
IXOLIQ,3.262101,2.7078764
PUCYUI,1.8022101,2.6214514
YAZQIA,0.8405597,2.5899856
VAPNIK,2.0582693,1.776168
OHUFON,2.089018,2.01855
QAYNAI,2.43297,2.7170405
UQUZUD,3.4846902,3.3801887
SUXVIQ,3.3021016,3.0624206
SULXIH,2.487393,2.078473
SUSGES,2.6422255,2.4830515
NEXDUP,2.344261,2.510943
ASUGUR,1.9159538,2.6829898
QUQTIG,1.9262941,1.9908922
LUNVIA,2.3714724,2.042499
KUQKUE,3.8286421,3.0349877
RIBRIE,4.001162,2.508115
CESFIR,3.8536766,3.0696962
HOHKUN,3.8093219,2.6396544
EBEHIE,2.1766388,2.4984686
RAMJAT,3.276523,2.1467733
AKAREL,1.9584035,2.616531
QARFEV,3.3766608,2.9246678
TAVWAR,3.1380172,2.7769847
SAPPEF,3.120602,2.0635977
FACFAS,2.7850854,2.643349
JOTRIT,3.5954404,2.9398026
HATNUN,2.9494421,2.4245076
NOCZUD,3.264822,2.7504523
ZOXTOV,4.82349,3.411185
ACAPUQ,2.5706596,2.3226037
ZAVBON,3.5029218,3.0379126
PETHAY,2.4634469,2.388695
KOXNUI,2.3094304,2.2085633
MODHUL,1.9328247,1.9194725
AVUTUH,3.7255108,2.4473631
RIRZAV,1.3270993,2.072375
VUGHOV,2.308342,2.0593047
PUJWIA,3.1293094,2.7545788
XUHGAK,2.77665,2.5209856
KOMFIB,2.731479,2.676911
VONSUM,3.567957,2.712672
PACKIQ,3.4237366,2.440026
MAFFIJ,3.9505491,2.6700878
VIRHIO,3.634625,2.1647885
JOBNIY,4.329876,3.1536222
EGIPEQ,4.304297,3.0150478
HEYXAM,4.820497,3.9392853
QELGUJ,3.1872697,2.583756
XUZHAB,3.6248288,2.9935489
MAVVAH,4.2857933,3.070682
NSTPRU,3.0269947,2.9096687
RULYUT,2.2182722,2.1297114
GAQJEQ,2.0109215,1.7320205
POHZAO,2.3537848,2.3193884
YEKCOH,3.5491812,2.6519575
IKOVAG,2.49991,2.2040973
ORAJIC,2.1254814,2.1653545
BACCAL,2.858284,2.4892514
GIRNIE,2.2691574,2.0874434
RAVCOG,2.8928425,2.4095197
QACFEG,3.5810184,2.649409
DANMUC,4.758727,3.4618514
VEYKOA,2.7129753,2.4429252
UJEHEX,2.303444,2.2552876
JURMUG,3.0754309,2.4773932
FIZGIH,3.272169,2.8040748
YIXTOO,3.0697165,2.7401445
KURKOX,3.4980237,2.6166878
PUKCAB,2.5671222,2.0984297
NAHPUH,3.6027875,2.631988
VAKFIX,3.8536766,2.788661
ACOSAM,3.3750281,2.6093915
UZEFUB,2.5339243,2.3416128
HOHDOX,4.013407,3.4597487
NUSWON,3.84769,2.7133236
FEZSIN,2.0895624,2.197362
MEDZUR,3.4359818,2.733189
HIZSIT,4.212867,3.1872613
HUJDUL,2.9295778,2.003994
VEMNIK,4.1902814,2.7430632
EJUJUQ,3.587005,2.9061089
JADKUX,3.159514,2.7533567
ZIBZUI,3.5508137,2.5900471
UFUQUK,2.927673,2.6075196
NOLNUX,1.9208517,2.174229
QOKVUH,2.6400487,2.243394
IQUPOB,3.8174853,3.4106205
SOWSED,3.9478278,3.0392284
HADHEB,1.9222124,2.189829
GIZZIA,2.3995001,2.4964533
ALEYIA,3.0506685,2.73934
HETZAH,4.644439,2.8683817
CAQZUQ,3.6963947,3.3202043
PIGQIG,2.6626341,1.9533222
ZOLZOP,2.4261672,2.4781187
QEFRUQ,2.557054,2.2914622
BOSFOF,1.6645205,1.4346727
FURGEF,2.920054,2.3721952
NIVDIF,3.286319,3.3099823
MEZJUZ,2.6226335,2.546527
BELPEO,2.0038464,2.4414303
BIVWUB,1.8830279,2.0347824
FUSZUP,1.732549,1.7043048
FILBAE,2.045752,1.8680401
VEZNAQ,3.8008864,2.888572
OSAHUN,3.252849,2.6106281
FAYLEX,2.3075256,2.2951221
TUXDAT,2.7826364,2.268659
FUBPEX,3.3603342,2.4530742
WOFGAZ,2.3837175,2.29555
OSEMAB,2.8520255,2.2465935
JODPEZ,2.2852123,1.8226278
IPAKOZ,3.4792478,3.1400585
YIFTIQ,0.62640613,1.2951182
XARCOJ,3.2727134,2.78537
ORUMEU,2.0179963,2.223554
AROFEU,3.391355,2.8886125
EPULIL,3.1869977,2.5567424
YEXBEK,2.7328396,2.2842114
POKZUL,3.5709503,2.620905
GOKTEG,3.2904007,2.8714707
GEKNIT,0.9469562,2.762492
ORUFOY,2.5916123,2.2560706
QAWDEY,2.884679,2.4896464
ZUVSIS,2.7450848,2.1954198
YOPCEN,2.138543,2.2052624
RUBYET,2.6680765,2.2678168
OGONOP,3.066179,2.6286087
LAZQEJ,3.0101235,2.5089703
MEZYOI,2.303988,2.0578995
PIDNAR,2.9067202,2.5649137
MOKDOH,2.8313448,2.3726916
YIKZOH,3.616121,2.9216588
ROGNAC,3.4147568,2.5712478
CPDRUB,3.8234718,3.1306381
UCAZON,3.2738018,2.654656
OFEJOB,2.6506612,2.6745882
EHENAI,3.3382928,2.978974
SUZTEO,1.4688706,2.1701875
GIJCIM,2.0427587,2.7277436
YEXLUL,2.8882165,2.6082299
IYAMEA,2.5273936,2.4717348
LECZEZ,3.3159795,3.7670052
UYUGUS,2.4669843,2.2088366
VANGOI,2.2735114,2.3680394
OMATUR,3.1894467,2.911252
CIGNEO,2.1467063,2.4835024
JAWLEZ,3.0523012,2.2828422
YOYFEX,2.9064481,2.7885184
IXUTUQ,3.2686317,2.804837
XEKTUE,4.290419,3.1960826
CEQROF,3.8291862,2.389676
MACVAO,3.1780179,2.5563319
LAYKUT,2.8422294,2.129394
TAZPEQ,4.192458,3.1947358
EREJOA,3.202508,2.322329
PIKLOM,3.8866024,2.3375847
XOVMIG,3.2735298,2.9537745
PEDHUC,3.1995149,2.9487643
KEQDOA,2.3461657,1.9854615
NAFSEV,3.4694517,2.6414723
KADVIV,2.8805974,2.6563473
AYOBOF,2.7899835,2.6358066
BOYRUD,4.1282396,3.0481431
QIVBEC,2.0533712,1.9490776
TURROO,1.7211202,2.3506358
KOPREP,2.2095644,2.7230892
ICAQEK,1.9227566,2.5044363
JONQOS,2.1970472,1.9737738
MEKXIM,2.60032,2.0459042
TATXIW,2.3480706,1.7433631
UMESAH,2.8756993,2.1594903
KAXLEC,2.2999063,1.6921425
UMIVES,2.5486183,2.1410928
ROWWAD,2.2117414,2.3981438
BIDBIB,2.5366454,2.3131142
QOMMAH,2.2076597,2.3151288
KIGFIR,1.7208481,1.8978828
GUDBUC,4.5715127,3.197778
MIVWAQ,2.7467172,2.5015244
HEDFOM,3.7600694,2.4172437
EDEGOJ,0.73144203,2.011622
XUXROY,2.8299842,2.4884439
MIRDOI,2.8811417,2.3634887
AXIQOP,3.3377485,2.199862
REBQOH,3.799798,2.7845623
NOMNEJ,3.4789758,2.0846972
YASPAM,2.7001858,2.430804
SIHHOI,3.3665926,2.5470486
PEGSUP,2.7875345,2.4498327
KAYVEO,1.4656053,1.8260037
FAPVID,3.4566624,2.5767233
HESHAP,3.1110778,2.6162033
QAHVIF,4.46049,3.3542194
NAKHAI,2.8999174,2.5895944
EGUGOC,2.487937,1.6882766
EREDUA,2.2816746,1.5645874
LEZTIT,4.2642965,3.130929
VIRFEI,2.0773172,2.0343118
IKUBEX,3.080601,2.5912838
DAJCID,4.964445,3.6353753
KAQCIP,3.4906766,3.066345
ZITLOG,3.3369322,2.8927395
OBUWIS,2.9605987,2.4110065
IVUZAB,2.7358327,3.0165105
CEWQUT,2.6517496,2.4843132
VIXTII,2.6887572,2.470378
QOPHAG,3.0308042,2.7031083
XAWKOV,3.0623693,2.9624312
FEPCOV,3.1837323,2.8349555
IFICAD,3.4327164,2.3261178
BEVQAX,2.3358254,2.396226
MIMHEW,3.4324443,2.7911959
ZOGWID,2.9924362,2.4614093
MUBTIM,1.6114583,2.2561474
SIZVOP,2.3989558,2.4182994
FUCGIT,0.5148394,2.4616108
BAJBAS,3.364416,2.6237395
XUVGIF,2.0558202,1.973979
KIJGAM,2.306165,2.3418918
XIFZER,2.8993733,2.7219028
VOTHER,3.4223762,2.986813
UZOYIT,2.611749,1.8276607
GOFVUS,1.5627499,2.1982355
XUYDOK,3.2874076,3.0739124
FOPFIC,3.0003273,1.9424226
VONLIU,1.5657432,1.5748807
IRASIE,2.905904,2.4467967
MEZBAX,4.236541,3.2468834
QULFAF,3.2299914,1.9488194
LOGLEA,2.5186858,2.0313156
EQUZAR,3.7690492,3.2074647
ADADIS,3.3279526,2.0666192
FAHCIA,2.6389601,2.6469367
FIQMOI,1.76874,2.633677
YAQZEV,3.2226446,3.0131772
DIYLED,2.3434446,1.627022
VEBQOI,3.0049534,2.3584852
SIRRAN,3.161691,2.7142467
SIQHEG,2.5826328,2.2171462
VAVXEW,3.0457704,2.8427718
GIGNIW,2.7352886,2.759599
ZOTXEO,2.8669918,2.383053
YOGCED,1.9758188,2.4259422
MAFNIT,2.5837212,2.526828
FINBOT,2.925496,2.6724188
IXOPOB,1.3317252,1.7082814
QUBZAO,2.019629,2.30586
VOMTEW,4.044156,3.5599527
ILEXII,2.2068434,2.3264499
OZAFIG,2.1282024,2.0346055
FIVLOM,3.1437314,2.8251963
MEJTUT,2.8245418,3.8110206
VIQWAV,2.6294363,1.9753044
WACDOU,2.5940614,2.3078215
FEHWIB,3.1410103,2.714608
MIKXOV,3.271625,2.9245372
FEJRET,2.6664438,2.2466362
XEYNIY,4.827844,3.2069407
MABXIX,2.0770452,1.7528641
MEMLEY,3.1110778,2.4880922
KIKRUU,1.8675175,1.974401
SAVCOJ,2.3605878,2.1941812
XEFROQ,3.424553,2.2235527
LIXJOU,2.265892,1.8686252
MICSEY,2.9698508,2.7598982
WIZHIW,2.793249,2.2818773
ALAGAW,4.1328654,2.8432982
BOBWUL,4.748387,3.8863554
HUBVIL,2.6389601,2.0532193
DAWTEA,4.336951,4.9145765
DOWFOL,2.2626266,2.517804
GIGNAO,2.56685,2.7278254
DANMOW,4.479266,3.7251978
BAKLAB,2.6941993,2.0099185
KEXHED,2.5627685,2.4177194
JARVII,3.2825096,2.462454
MANSOJ,2.3842616,2.253168
DEYPAY,5.0060787,3.2310581
YUGCOT,3.1410103,2.488941
UBITEH,2.8811417,2.2837842
MOYXUT,2.9976063,3.1203942
RIQYOF,2.7965143,2.730593
XIXFEP,1.4503669,1.8939438
AFASAD,2.9407346,2.396125
TOLWEW,3.271625,2.68999
HISTEJ,1.8936404,1.8727844
PAQZIQ,4.2817116,3.767862
QIMYET,2.8327053,2.6110835
COJKIX,2.7246761,2.381196
JOKVIR,2.733928,2.6813805
MUHKAD,1.7170385,1.6964971
JETQAB,3.3450956,2.9850695
OJIVAE,4.3750467,2.9640822
XUSFUN,2.850937,2.4031272
MOJYAM,3.2601962,3.014995
DILMIU,4.430286,3.306818
HEZGOI,2.308886,1.7109734
LUNSAO,1.579621,1.8831112
YUSLOP,2.370656,2.914865
KOCCAH,3.4207435,2.544608
TARSIP,1.4759456,2.2151964
JOGMIC,1.5551307,1.8706058
FIVHID,2.4699776,2.2500951
ROPGUY,2.0721471,1.9652975
GAFBEW,2.7878065,2.948087
IHIKUH,3.0386956,2.9078255
ROHWUG,3.3298573,2.382374
LIYXUM,1.8060197,2.2294743
REDWOO,3.2414203,2.4083426
AROKUP,2.0351396,2.2710092
WILFIJ,1.7722776,2.199051
BUSKAD,2.77665,2.5983994
PIKNII,2.7638605,2.8189247
YAJSEH,3.0215523,2.7085114
ALEPAJ,2.7088935,2.046116
CAVLUJ,2.320315,2.346192
AWONEH,2.5211349,2.0513918
SESPIR,3.9448347,3.4658737
CIBTUF,2.0661604,1.794436
NIWNOZ,2.5483463,2.1227365
NUTDIP,2.6416814,2.1807427
ZAFNAV,3.639523,2.787277
JAFSER,3.3812869,2.9958777
SAGXED,2.4539227,2.641256
JANCOR,3.5959847,2.7327893
YOSXIP,4.04851,4.18905
TUMBUA,1.5159463,2.212072
HELWUQ,3.006858,2.659754
EREDOU,2.320587,1.4439209
JAKSOE,3.2302637,2.7876058
LAMMIV,3.9461951,2.795
MOGROQ,2.8699849,2.8671467
BIHHIJ,1.8794905,1.561259
QIFHUK,1.8588098,2.669575
WOSMOG,3.2746181,2.629464
VAHPEA,2.50889,2.6721315
HOQYER,2.8566513,2.1424613
UKABEO,3.1559765,2.823982
QIDCUD,3.0321648,3.0243464
YOQJOE,3.0242734,2.361749
VOGROZ,2.5135157,1.8881396
DANDUS,2.7045398,2.4491656
MANHUG,3.0939345,2.1422596
KEDGUW,2.2947361,2.332943
RACSIA,1.8846606,1.9861021
KICNUG,2.6400487,2.3384862
RUZWUG,3.5472763,2.8284917
MODDIV,2.7380097,2.20887
XEBLAU,2.308886,1.9438899
VEBHES,1.6909156,2.1033368
YONJAN,3.350266,2.9654737
MOPVET,2.5001822,2.169334
ZOVPEF,3.394076,2.356665
ZORLUP,2.4645352,2.2791953
NOZKUK,4.8384566,3.226819
TUXGIE,2.858556,2.4677973
HIJYUX,2.5341964,2.3983846
HUNWUJ,3.2133925,2.9569848
SUXQOR,2.0852084,1.9945152
ZELXIA,3.1026423,2.5354266
EDIMEK,3.6482306,2.8519497
OGUSEO,2.755153,2.7348433
XEKTAK,2.5464416,2.0049155
XEZBEL,3.4250972,2.5339186
BETZEH,3.310265,1.9006795
CUQNEI,3.3407419,2.7492416
MIDLOB,3.5021055,2.7510028
ECUGAK,2.9431834,2.397043
TAWWAP,2.089018,2.6802378
TIVNAQ,2.3126957,2.4096735
OVOQIB,4.729883,3.2495148
ABOWAQ,3.1415546,2.3042963
ESANAO,1.6890107,1.8535334
YAJDUL,2.1790879,1.9994004
PANNAV,2.7682142,2.1285048
QEWNOY,2.9548845,2.5162106
YAVMUE,3.7891855,3.305388
KIHJUI,3.391355,2.611712
ECOWEY,3.883881,2.6960578
WORNAS,3.180739,2.5467982
MOGRUW,3.5211535,2.7110422
FIRDUG,3.2876797,2.448807
TEXMIT,4.1617093,4.213551
KELZIN,3.1622353,2.8307493
GAQDAE,2.8661754,2.502334
ASUHAY,1.8370407,2.4434493
MARTEF,2.6893013,2.4846625
CIGNAK,2.3842616,2.2519448
RACVEW,3.1682217,2.8680055
QOWVEE,2.079222,2.1500912
SIZVAB,2.2307894,2.8046205
ELATUH,2.4718823,2.2210226
XIKBEZ,3.923882,3.0399644
VITKUE,3.1842763,2.9181056
RAZFII,2.6871245,2.3957448
YUSKUU,2.547258,2.631558
ISONEJ,3.3499937,2.8371525
MALBUZ,2.1516044,1.9312464
VUGJIR,2.7589624,2.1224551
HUMWAN,2.8484879,2.1288373
HIJDEL,3.3573408,2.9166658
JONYOA,2.2884777,1.9989533
HOTZUN,2.5478022,2.808562
VUTPOQ,3.133119,2.6644871
NOSCEF,1.7521411,1.5902586
HAVNIE,2.468617,2.0580094
QONDEE,2.3673906,2.0413556
TULTEB,3.6863265,2.375904
JEFXIB,4.194363,2.7341084
DUFLIZ,3.1083567,2.5868814
REDNAP,4.5734177,4.236746
HOTXOD,1.7954073,2.3348076
GILQOI,2.3374581,2.28009
WOLPIY,2.3080697,2.1486375
SUSSII,3.2177465,2.46694
CIHWAU,2.10344,1.8222791
RONPES,3.4876833,2.9690657
UYUCUO,1.9559544,2.3644333
GOMZOA,2.504536,2.311035
NOQPUE,3.608774,3.182423
AGAXEM,2.1897004,2.144924
IZUXOR,1.3426098,2.3933692
ALAWIU,2.3929694,2.5658627
IBONAR,2.3589551,2.2239084
RIVVOH,1.9260219,2.5832264
DEVGOD,3.1627793,2.7631705
KACFEA,3.9546309,2.9076588
ZZZBOM,3.4117637,2.8348367
PEDCOR,2.8596447,2.0802705
QUDYUK,2.9086251,2.6364746
SOVZIP,3.3894503,2.738899
PIDMUK,2.9937968,2.9261866
IKUPIP,3.3521707,2.5491915
YOLQOG,4.806075,2.6976402
WOHYUQ,1.235669,2.2955232
QUHJAG,1.9140489,2.672122
JOQTAN,2.650389,2.1796734
KAQFAJ,2.4264393,1.7672532
QICZAG,3.0656347,2.2396212
NOBCUD,2.2046666,2.4220974
RONQET,3.0795126,2.9585357
IKENER,2.6082113,2.0139296
TOBDAQ,3.4403355,2.3216596
VAVGIJ,2.3399072,1.9661438
XANLUT,3.6833332,2.6530263
WUMWEI,3.938576,2.886531
MIVJOR,0.3806873,2.4762769
OBIXAZ,2.4601815,2.5142655
NANYEG,4.098035,2.6039743
GERKIZ,2.8479438,2.8923328
VOBPUZ,2.9067202,2.636723
GEZJAY,3.2972038,2.7924557
TEBXUV,3.099649,2.5838535
SENFEY,2.7429078,2.7976527
LELTOM,2.6604571,2.5590372
OJOJOO,2.9701228,2.5459006
BERXAA,2.9763815,2.6272714
MURPEU,1.7260182,1.866614
YEFKIF,3.0988326,2.8136978
LUTLIW,2.7682142,2.4117599
JEJPOE,3.6498632,2.5794125
MOKCUM,2.5170531,2.4615514
ZOMMOG,4.10647,2.6314025
YOPGEP,1.8122783,2.3261442
PUYBIW,1.3608414,2.2027476
DUFHIV,3.2087667,2.674489
ZEQHIM,4.257221,3.895697
RIYMOB,2.3714724,2.0197134
SEMTUB,2.9793746,2.4182332
NOPNUD,2.917605,2.660776
OFAHEJ,2.6615458,2.3239086
GELHEN,2.8188274,2.40195
QESRUE,3.0906692,2.1665897
FARNAN,0.3197338,2.980604
YIFXIU,3.276523,2.194591
PIKSUZ,4.2125945,3.2807171
QECBEI,2.5556934,2.490578
MAXJOL,3.5119016,3.1277394
BOJTEA,2.026976,2.332041
SIHHIC,4.461035,3.1866455
ROWPUQ,3.3401976,2.344809
AVEDIO,1.6892829,2.1665506
SEMPUY,3.2950268,2.4626648
SAYBIE,2.9186933,3.0245123
DOPDET,2.9099855,2.3129542
MINNUU,1.8628916,1.9264529
BATMUH,4.556819,2.7965372
JAHFUU,2.292287,1.9187016
APICUZ,3.5494533,2.2875857
JOYSAT,1.8824837,2.4773679
BINNAP,2.251198,2.5054278
ROCXIQ,3.6049645,2.6227076
LOPDIE,2.2745998,1.5552839
EVAGUD,4.5606284,3.0227685
VICPUS,3.429723,3.1292899
LOMXIV,3.434077,2.662153
XEKGOJ,2.7592347,2.9176667
FEWRII,3.4226482,2.772696
PTAZRU,2.7918882,2.5507731
KIKSAB,1.7872438,2.358266
YONJIV,3.1029143,2.6811948
MOSNIT,2.148339,1.9179568
ABEYUB,3.6387067,2.516612
NUWSUV,3.2359781,2.905874
QEJVOQ,2.3331044,2.246905
CEQVOJ,2.1785436,2.0839732
ETAYAZ,3.1176085,2.4738827
RARWAK,3.6441488,3.0172584
QILGEX,2.7371933,2.474284
MIZVAV,2.437596,2.1582415
KIZMAJ,3.047403,2.3315892
PAQKOK,2.208204,2.176849
HACVOW,3.2245493,2.5998585
REWNAI,3.6033318,2.7494464
REVXEV,2.757874,2.4847884
YIGTIR,3.1295815,3.0534217
ISACEM,2.985361,2.6683464
LEDRAO,3.4449615,2.4977171
NAWJEB,2.5777347,2.608844
FEXJAV,2.16004,2.4267662
TATXES,2.492835,2.017283
SAJXIL,1.9241171,2.3296654
ROWQEB,3.166589,2.1295753
COVSOV,0.25850818,1.476636
XEQKIP,2.9518912,2.6119318
FEFYUL,3.3157074,3.036225
NASHEV,3.3184285,2.5228624
DEKJOT,2.5654895,2.5197573
IZIFUS,3.8300025,3.330891
JUQJOW,3.5385687,2.581379
VEPZOF,2.091195,2.4441872
ZOPTUV,3.5002005,2.5720751
RIGRUW,3.0523012,2.0647738
MERVUD,2.7450848,2.358212
QUHLIO,2.9238634,2.6308005
IREGIW,2.0275204,2.0488076
WAQNEJ,1.8705107,2.2290468
IXOMIR,3.1195133,2.7946076
EBAHAS,2.3094304,2.180011
TESSOC,3.116248,2.465377
HELYUS,2.5995038,2.3744292
RIRDUS,2.547258,2.2628808
BOKDOV,2.9072645,2.482134
ZEFXAM,3.4319,2.8488195
NIHSAB,1.3913182,2.4037015
ACACRS,1.0266856,2.310173
OPADUF,3.8234718,2.8724759
BIJVOH,2.5733807,2.90525
SIMNUZ,3.2182906,2.9163482
ICETAN,2.4969168,2.1088538
MAQVEI,1.7113241,2.1458097
MABWIY,2.165482,1.947665
WEKPIM,3.1679497,2.5212896
EJUHIB,3.4313557,2.5628614
BOJLOD,4.213683,3.0261545
SUXTEK,1.9790841,1.9946914
ZIGWOB,3.86701,2.6248817
SOSTUP,3.0406003,2.4554272
RUKVAU,2.2160952,1.9114556
UZOREH,2.791344,2.5097094
GUFSAB,3.0479474,1.8209615
QEJDEP,3.1105335,3.128861
QUGRIU,2.6463072,1.993832
VAHMID,3.1962495,2.929559
TEQFON,2.2588172,2.314438
NAMSIG,3.0917578,2.0996127
OZIJAK,2.0155473,2.2178557
ARUKAA,3.4332607,2.2643757
GAHQIR,1.5091435,2.282847
LIHXEG,2.5635848,2.1708198
AQUROT,4.077082,4.240711
FIVLEC,3.176113,2.841911
EQINOJ,3.0120285,2.532684
JAWMOJ,1.9725534,1.9589696
CEJMIP,3.0705328,2.6421165
FEYMOL,2.6920223,2.9721718
HOQXIU,2.9453604,2.4238474
CORSEJ,1.7058818,2.3145576
UCAWIE,3.1510785,2.690751
TUGBIG,3.2139368,3.0094671
TICXUB,2.5339243,2.4069347
OVOLER,3.888235,2.8746185
BEFMAB,2.476236,2.280733
QUMRAR,3.2109435,2.80417
EZIRUC,4.3173585,3.213406
YIKKAF,1.7045212,2.2638857
BAQPOY,2.6590967,2.5918212
PIGQEC,3.003865,2.218638
YOJBEH,2.8381476,2.6370914
TAMZIR,2.2411299,2.3662121
HUHMUT,2.2261636,2.2927854
FOWWOF,2.6748793,2.2603834
JEQLEZ,2.6125653,2.4440145
CALTER,2.8084872,1.744542
FAMFOP,2.9075365,2.7662845
SINFEC,2.4887533,2.4865053
VARFAW,3.8819764,2.9727604
QARTIM,2.5429041,2.3376608
SEZQOD,2.5703876,2.2967775
KAKCAB,3.1943445,2.5990596
BACFIW,4.714645,3.7560945
MOYYII,3.120874,3.406239
LIPMUS,3.3094487,2.5159204
GENCIL,4.5995407,2.7238507
MAKLIW,3.1181529,2.7213097
HEFKIN,2.129563,2.083138
USULIF,2.9986947,2.7742894
HUYQEX,2.2544634,2.465258
IQIKAV,2.5709317,2.5984888
TEYTEX,2.7282135,2.698125
CIGNUE,3.2422366,1.1796554
KAWQOO,1.9458863,1.4815847
DUMDAS,2.9785583,2.5646398
COLWEH,2.1428967,2.1864107
COSTEL,2.3450773,2.033039
DEYCIV,3.7633348,2.947333
EQOQOQ,3.2280867,2.6281505
VUCGAC,2.7404587,2.2465591
YEXKOD,2.0185406,2.1572783
SOQLEP,2.777194,2.8685348
UMERUA,3.2781558,2.4605572
YAQVIX,3.305367,2.4208748
TEGVIL,2.2422183,2.2716668
EBAGAR,2.9189653,2.8170633
WIDTIO,3.3344834,1.8909194
WAKZOX,3.2993805,2.4972992
RIQNUC,4.1804852,3.1616108
CEWQON,2.473787,2.3736773
SOTVIJ,3.1442757,2.6979883
RIZMOE,3.2114878,2.8740177
LISNOR,2.9287615,2.637217
DAFSEK,2.9576056,2.9506686
HEMHIQ,3.6817005,2.9064002
ZUQNEE,2.693111,2.5704048
SUSHET,3.2109435,2.2427313
YICYAL,2.8297122,2.7456944
WURYUD,3.2735298,2.5188038
XOTCEO,2.4596372,2.114266
OCIJES,1.3273715,1.8562005
WOFMEL,1.76874,2.3480349
YIXNOI,3.350266,2.8541236
RUHMEO,4.0115027,2.680458
BERPUL,3.219107,2.2456086
YAJYAJ,2.1467063,2.4065976
GOTVOA,3.2193792,3.1299305
KACNUX,3.9603453,4.1706915
POLBAU,2.8490322,2.5153356
OTATOU,2.5409992,2.5428653
YUTKON,3.8479621,2.8268678
ONUHIP,3.8362613,2.1918325
NAFDOP,2.898829,2.6213245
XOSYUA,2.896108,2.3743534
BAZMEU,3.0860434,2.959614
LEXFAX,2.1254814,2.8424392
RUBVUH,2.3189542,2.4137444
XOXWEM,3.1086287,2.3439832
KELZEJ,3.1089008,2.6538715
XUVLOR,3.6308153,2.4633412
AQIHEO,3.9295962,2.8978186
EHANEI,2.9110742,2.317293
LOMXER,3.345368,3.011396
JUFHIB,3.4520364,2.2922935
HASSAV,3.209583,2.8558288
LOQNOV,2.7246761,2.3155355
ODOGAQ,4.3034806,2.8910131
EMONAV,3.8242881,2.65741
FISBED,3.7012928,2.5243726
WOJDEH,2.5086176,2.0389633
IKOVUA,2.2128298,2.4778287
GIZZOG,3.625373,3.0697715
XIRKEQ,2.9328432,2.3025997
QOVQIB,2.475964,1.7581282
FAHZOF,2.489842,2.3475568
GERTEC,3.510541,2.9659598
PIZCEH,3.3540754,2.455997
HIKCOW,4.058034,2.9347484
ROBSIM,4.6109695,2.9702039
MOMLOQ,2.129563,2.3729968
KIBTOG,3.4765267,2.8403757
FIZFOM,3.842792,2.741285
TUKYUT,2.5110667,2.5554218
YECMIF,5.3522077,3.2905898
YENCAW,4.283072,3.3646822
TIHLIF,1.9279267,2.2086375
FIHHUA,5.043086,3.3528616
BIKRUL,2.14589,2.21923
NOPPEP,2.8544743,2.610115
NEHJUF,2.941551,2.0843613
KELPUN,3.0982885,3.0758667
QALKAS,2.7135193,2.5431151
ALEZAT,3.2033243,2.8685153
QIDSUT,2.7837248,2.634147
JUJXOB,2.6297083,2.5810754
YEPSAN,3.2468626,2.4999084
FISVAF,2.1431687,2.0873113
YOSQUU,2.6844032,2.4921646
RANNUR,2.6068509,2.3717675
AVUVIY,2.3023553,2.0519295
KEDGOQ,2.3309274,2.303934
BIVMAX,1.8291494,2.3088179
POWYEF,2.425623,2.2183843
HIVPEI,1.8566328,2.0367916
QIFHOE,1.9007154,2.59937
HABJAX,1.0070934,1.3365232
CUHFAN,3.0414166,2.549526
YAGVEK,2.9295778,2.2831979
COVLEF,1.7692844,1.3615905
CAZNEZ,2.6808658,2.4593947
CAGPUW,3.8041518,3.4303799
COTPIM,3.9157186,2.7615514
HOTRIR,3.004137,2.35771
XIRNUH,2.6784167,2.600254
OCEYIE,2.6212728,2.8134916
WICSEI,4.396816,2.9144554
MAQWIK,2.7616837,2.336141
IXIQAI,5.3881264,3.6338928
HOJVEH,3.8844254,3.1331944
BOYSEO,3.967148,3.290989
BOCNEP,2.6539266,2.3822875
FAJROY,3.4947584,2.5494857
RAPJAV,2.0830317,2.4919965
GIKGIT,2.3458936,2.2505398
ZIGGED,3.8944936,3.0730455
REWPAK,3.0988326,2.038175
ERAWIF,2.7546086,1.6929761
NIXFAE,2.8308005,2.702528
PIDNEV,2.592973,2.1749344
ABOCEZ,1.6884665,2.0305126
QAYNOW,1.9662948,1.9725016
LAHQOB,4.2550445,3.0744646
SAFWEC,2.0514665,1.9514229
WOSNUN,3.1633236,2.5996885
OSUYUY,1.7322768,1.5573289
ZEBJAU,3.362511,2.5252416
GAMGOQ,3.964699,2.832903
EVUSEV,2.2283404,1.8291204
MERWIS,3.3040066,2.8904321
GILNEU,4.2580376,3.0430434
AMEKEI,4.209329,3.6540174
CILHOV,3.6340806,2.728266
LEHZIK,2.110515,2.6435921
WOFWOD,3.1031864,2.483586
VOHNAJ,2.8996453,2.6646152
GOKTOQ,3.1361122,2.6251044
MEHWOO,3.5826511,3.0286717
KUFKIG,1.4035633,1.8751229
HORZOG,2.2558239,1.7525332
UBOYAN,2.8005958,2.7764797
WEYHUD,3.4953027,2.8270173
NIYPIU,3.8664658,2.808165
BUCJOZ,2.3486147,2.1294289
AKIHUZ,2.1940541,2.045373
EZUTOJ,2.1009912,1.7363526
ITEFIW,3.226182,2.5699437
WUJCAH,2.1779993,2.363802
NUGMUZ,2.1358218,1.8882564
ACIDAS,2.3535128,1.8929119
ALAVUF,2.9118905,2.8396268
KILWUA,3.1981542,2.4372506
YARYOI,2.3241246,2.453095
XARQEP,1.3396165,1.1474837
WOFMAH,2.370656,2.0133598
NITLUZ,2.9195096,2.1888695
SAYCEB,3.0299878,2.3086348
TAWMUB,3.3187006,2.3915527
RACTAT,1.8876538,2.1155453
QABKEL,1.5616615,1.8876956
NAGPOD,2.5818164,2.406951
MOMNUZ,2.5431762,2.209763
DOVROV,3.152439,2.9116137
NIBKIS,3.4000628,2.45987
WUBLAG,2.6585524,1.9215541
NOZNEX,2.5638568,2.3695717
HAZKAW,2.9883544,2.6207442
ROJNIQ,2.430249,2.490504
QOKKOR,2.15106,1.0481471
DIXSOV,2.511611,2.1399078
AFAPOO,3.190535,2.549203
EBORES,2.5540607,1.810965
RECZEG,1.9725534,1.5371584
MOZLUK,3.7105446,2.922545
DITSAB,1.9135047,2.4139175
ZOJXUT,3.2980201,2.6998904
SEHQIF,4.198989,2.610239
PASTEI,3.7706819,3.1423092
AVEZAD,1.8239793,2.2434077
DEHNAH,2.4125614,2.2472916
YAPSIT,2.5263052,2.845686
IWEMAA,2.8117526,1.8828874
KIKROO,1.9298315,2.0180135
ECUTUS,3.670816,3.1707764
SOVZEL,3.5089083,2.6199641
KAKSUM,2.1660264,2.0243087
UZEVAY,3.3151631,1.7170396
JIYQAK,1.6217986,1.6711144
WEDBIQ,3.2917614,2.5677238
TOPFIQ,2.6234498,2.2573957
KICTOF,3.1731198,2.4635158
MATQIJ,3.3497217,2.5322702
CENSOF,2.9535239,2.3480477
SOGXIY,1.7164942,1.8440506
YILYUN,2.5445368,2.3348327
JOCQEZ,2.863182,3.0553517
KEPMAV,3.6550333,2.783571
XIQHUB,2.2852123,1.9199991
HAZNIG,2.1608562,0.7508197
AQIDEJ,2.7918882,2.0822313
XARHAC,1.0413798,1.4719615
MIBZEF,3.2174742,2.8674235
LALPUJ,4.6664805,2.98022
CIWZOY,3.166589,2.6144488
OGANUG,3.2514884,2.7085385
FIBCAW,3.2035966,2.4130816
FODJIT,2.875155,2.526136
UQUZIR,3.8776226,3.3016834
SUQJIX,4.560356,2.8300216
EYIWAM,2.2405856,3.0650334
XEWJER,2.5393665,2.2304072
TIQGUY,2.3690233,2.2178555
AYUKEK,3.410403,2.9571536
WEFLOI,4.052864,3.094739
DAXBAF,3.4123077,2.3174353
JEJRUL,2.6248102,2.4896731
NIDWUT,3.3592455,3.1407871
HAXDAO,1.5554029,2.1405377
CAFPUV,2.6239939,2.5802794
EZITAK,3.9282358,2.9342124
WUXSAL,3.9747672,3.097092
ROJLAE,2.779371,2.381833
UTANUA,2.1516044,2.1823795
MUXDIU,2.5684826,2.428444
JOTJOR,3.5889096,3.0092132
RIDZAF,3.1562488,2.5558233
QULDUX,3.1366565,1.993956
ERIZAG,3.3015575,2.9920022
DEGLIL,1.8560886,2.2562513
CODZIF,2.8065825,2.2543097
HIMMEX,4.0022507,2.8208902
OBOBIR,3.5328543,2.3628716
KILWOT,2.3624926,2.3525376
NEVZIA,4.856144,2.897682
TENWUH,1.8558165,2.336185
CANDIH,2.0718749,2.5088785
KUPDIJ,2.8512092,3.010497
FONMED,3.1984262,2.410904
YIHCEY,2.820188,2.398364
HOXFIJ,3.2650943,2.5743163
ZOVVAH,3.0645463,2.5046663
CETCUA,2.0057514,2.5024154
QUGMOW,3.8055124,3.1783001
YOLZUU,2.5842655,2.4344454
MACQUD,1.0158011,2.2377126
VICQAZ,4.0324554,3.362524
BICROX,3.429723,2.6480055
XIVQUP,3.0283551,2.6475072
GABKIF,3.9132695,3.5872767
XEMCOI,1.5058781,2.3554256
MITNEJ,3.1992426,3.3259792
EFINUC,2.6675322,2.0756156
UKAYEL,3.0552945,2.5816245
CIFNAI,3.2221003,2.5435357
RAZKEI,3.9342222,3.407323
XIZYUC,2.856107,2.8795207
ZOJZEF,2.779371,2.4291828
GIXPIN,3.3899944,2.610435
NALSID,3.4969351,2.7560892
RAHYAC,3.2414203,2.6335037
SAKBUC,1.8329589,1.9377713
TUKYIH,2.7211387,2.3446891
TULTOL,3.6414278,2.4807005
UPIZOK,2.1401756,1.9759777
LOPPEO,3.264822,2.5868692
AVEFEM,2.7878065,2.8323312
HUMBOI,2.8865838,2.5077736
CEBQEI,2.7907999,2.4093707
OCIMIY,2.2403135,2.408992
NICBEH,2.3238523,2.2294877
QUCFEB,2.8446784,2.1195972
LIGDOU,3.1075404,2.5652306
HEDSAN,2.8444061,2.4619625
QUGSAN,2.690934,1.7747219
JOKDIY,4.055313,2.5836616
SIFVUY,3.73313,3.0688024
JIZJEK,2.1616726,2.190146
BOYVIV,2.989715,2.8062365
FIDXIB,1.952417,2.0625854
UCIHIY,2.8136573,2.262962
BAYTUQ,2.7616837,1.8372791
HALKOV,2.2724228,2.022827
MAZGIF,2.2525585,1.9215658
TULTIF,3.3227823,2.0991695
RIVYOL,2.1877954,1.9110538
RUJJUD,3.2133925,2.4686763
ZIPGAG,3.056655,2.4377792
MUNGAE,2.5137877,2.1367092
CAQPAM,3.0552945,2.5525153
VONSOG,3.8231997,3.295893
WEKYUG,2.7254925,2.548917
EZAGAO,4.306202,3.7675889
DALMOT,2.5453532,2.7646344
ULARAC,2.6645389,2.5706642
POSHUB,3.608774,2.4915946
JURMOA,3.0321648,2.908156
MASMIE,2.8060381,2.4528656
NEJWUV,1.9205797,1.810487
BUVPEP,2.1973195,2.3503513
HUMBUO,2.8833184,2.4402664
TOHXUJ,4.464572,3.1203508
EREKAN,3.4977515,2.7059462
LOXYEE,1.98371,2.3452225
HUHDUJ,3.0267224,2.4149551
QIDRUS,3.4547577,2.8391294
MIYTIX,3.984019,2.4175587
QARTEI,2.6441305,2.242021
ARONIE,3.1222343,2.842099
PABYUP,2.898557,2.9181356
LOGLAW,1.8642521,1.8644556
RAMJUK,2.2231703,2.0808933
ONAJIX,4.5277023,3.0005069
NEXZOI,3.1249557,2.8002174
GIHVAV,3.919528,2.7148743
MASMEA,2.7646768,2.2542486
MEBDUU,2.3624926,2.2107725
AMEKIM,4.2906914,3.4622853
QEHPUO,2.97747,2.397369
HOGNUO,2.554877,1.9871585
NERDEV,3.3489053,2.354063
WOFFIG,2.3807242,2.7736702
EQAHAH,1.809013,2.435372
LOBFIU,5.5391498,3.7743406
ABIROU,3.7633348,3.0866528
XOVMEC,3.2006032,2.3885326
NOMNOT,3.580202,2.218686
MPTPRU,3.3543475,2.6437216
REMVOW,2.9342039,2.838903
KAQDOV,2.200585,1.729362
OSOHUB,3.4569345,3.1538312
LELNUM,3.022913,1.9191072
RAHKUH,2.8950193,2.4501922
AWEPOH,4.4942327,3.3819077
LEMWIL,3.056655,2.3745115
OHUFAZ,2.53338,2.0008945
FURJEJ,4.96635,3.8649037
DEYRAB,3.0465868,2.665739
FIHJOW,3.5853722,2.7749486
IMABUV,2.8650868,2.300854
RUNNEV,3.192984,2.5541892
CIGMUD,2.437868,2.5209653
HOWKUA,4.113001,3.14749
KIMLID,2.791072,2.1474228
LUHLEH,3.1684937,2.7596662
QODLUR,2.678961,2.6496263
HALHIM,3.1527112,2.1210434
KOGMEY,2.557598,2.1512246
ZEDMUQ,3.2016916,2.8115897
QAVHAZ,1.7102356,1.022456
ELEKAJ,3.1518948,2.5739148
FEZVIR,3.9091878,2.6911235
FIHJUC,3.6716323,2.5005856
NEZGAA,3.8863301,3.157903
PAXXUK,2.6661716,2.6610916
FALZAV,3.7034698,2.9390638
TAJFUF,3.1110778,2.8713882
GAWMID,2.2351432,2.3412008
DEKJIN,2.7524316,2.5207212
TEDXOQ,3.1415546,2.6372464
PACKIN,3.470268,2.908247
IZINAH,2.7725682,2.3448246
EQIPEB,3.0476754,2.819124
UHAQOL,3.4474106,3.401857
NIWTOE,3.3178842,3.0171506
VOHNEN,2.8980126,2.6719387
LORGAB,2.0158195,1.6773237
COVQOT,3.1630516,2.3712406
QIGQII,3.310265,2.8120792
MAZKAZ,3.4049609,2.4221299
EZARAA,2.894203,2.351319
BEMBIH,2.0707865,1.6696765
YAXSOI,4.541036,2.968833
XOWYOY,4.462123,3.3722024
TASBIA,1.4958099,1.9599165
YEHYUG,3.3225102,2.6641343
SIXCEJ,3.4008791,2.387268
KIBMEO,3.1758409,2.8232281
PENZOX,3.395981,2.7758093
NOWQOF,4.4539595,3.5400622
CUQSUD,1.6185333,2.2101603
MAPDUC,2.8740666,2.4037213
SUXJOM,1.7412566,2.604113
KOKWOW,3.3230546,2.8023288
ASOSAE,2.6558313,2.3599846
MOQJEJ,2.1407197,2.437136
KAQFUD,2.1350055,1.902612
FAWFUF,2.4359634,2.1088908
RALLUL,3.2735298,2.587592
ZEKHEE,4.4123263,3.5923865
VONSAV,3.188358,3.2642806
NOKMOP,2.5935173,1.8787138
WIVTOM,2.5007265,1.9083474
VEJCOF,2.2117414,2.2074192
ESOFEX,3.5189764,3.0217094
ALAWEQ,2.8830464,2.9097023
ZISNAS,2.3371859,2.286731
EMAZID,1.7371749,1.9375803
IHUSAF,3.3540754,2.5671608
UHARIG,3.4278183,3.2045226
YEXKUJ,1.8296936,2.1130633
EKOKAR,3.1924398,2.421272
VUTPEG,3.4302673,2.673704
VEJDEW,2.7135193,2.3718503
GIKYOR,3.1050913,2.447922
TEKMEE,2.7252204,2.5162952
YOTJEW,3.085771,2.15099
UBUCUS,3.2128484,2.754622
SIGGAQ,2.5867143,2.187481
NEZZIB,3.0656347,2.5534194
ILODUI,1.6136352,1.8834673
TODPOR,2.8925703,2.909094
HUQPIT,0.96627635,2.0979116
USEKUZ,2.6242661,2.4253185
VASJAA,3.0754309,2.4600482
KAWQOQ,2.958694,2.707695
EYIVUF,1.8797625,2.0933135
KICPAO,2.5434482,2.2334929
RULZIH,4.619133,3.331263
HEZVEQ,2.167659,2.3767264
XEPBAY,1.8364965,1.9717268
JINHOE,2.9088972,2.5234158
PAZYEU,3.1679497,2.5077505
XULBAJ,2.8914819,1.859315
TUVJUP,3.4830575,2.6094394
MABWOC,2.8044055,2.6276853
GAJMIQ,2.7559693,2.6348376
QEGLAR,1.512681,2.2835982
XAYZUS,1.746971,2.2053778
ZOPVIL,2.6661716,2.387879
FURJIN,3.9279635,3.3118565
VIRGUZ,3.5883656,2.117394
DOZZOH,3.188086,2.1947088
AMAGIF,2.8308005,2.6956275
OFUXAP,3.8474178,3.162225
HIQDAO,1.7203039,1.9428756
HEDDOK,3.393804,2.427323
TICXOV,2.6114767,2.4643419
FILKER,3.1935282,2.7982066
MIPDAS,2.282491,2.32705
ETAXAY,2.9195096,2.3974175
ZEKHAA,5.193021,3.7809577
XOQVOP,3.7290483,2.8237576
JOQXIY,2.6963763,2.2190065
HUHNAA,2.0299695,2.3202763
VIQQOB,3.1774735,2.596339
GUQLUB,3.3249593,2.913717
PUJYIE,3.3736677,2.609568
ADAZAI,3.5723107,3.1158345
XOGSUH,4.1666074,3.1322417
EBESOW,3.424281,2.5158305
MIVBEZ,2.0394933,1.7222401
GACBAP,1.364651,2.008431
CNBRUA,3.3154354,2.15974
MIXTEU,2.8999174,2.6895826
VUDTUK,2.8302562,2.8711612
SIRQUG,3.26972,2.629853
NIQBOE,4.7277064,3.1720033
EHANOS,2.8446784,2.3713849
JOBMAR,3.1489017,2.6572604
KAWBAL,3.4261856,2.6322587
VOLKAI,0.30721655,2.1400752
QODYAM,2.6035855,2.46835
FONDOD,2.0558202,1.5576141
CEQRIZ,3.8259208,2.3420448
WOLNIX,2.573653,3.0500464
REWMEO,3.1170642,2.5422757
UCOFAU,2.2620826,2.6436977
NOGHAV,1.9488795,1.4854848
MUPBEF,3.0005996,2.6222198
YIKZEK,2.1875234,2.4273107
VARFEA,3.8846974,3.2276218
HOVYEX,3.63272,2.9334183
TAHRUR,3.2767951,2.7463937
VEBHOC,2.148611,2.0594735
MITYEV,3.9970806,2.5925312
PASFOF,2.4574604,2.0352635
EJUHOH,3.49367,2.6447065
FOFXIK,3.1410103,2.644935
ZALJII,3.3611505,2.659913
LEMXUY,3.0626416,2.5492911
ZEYCOY,2.5426319,2.1709175
REPBIX,2.853658,2.5769696
FEJZOJ,2.6389601,3.0101912
RAXSEO,3.3663206,3.492188
BAXMAQ,3.171215,3.1750958
HAFQOV,3.252577,2.8785732
OMENOJ,3.3516264,2.6961167
IVUKER,3.6038759,2.6472235
ONUGIO,3.2253656,2.6779509
ALEJEG,2.3121514,2.245499
FOQRUY,3.2152975,1.8526477
HUWLIU,3.0435936,2.7192159
QAZWUL,3.2318964,2.664661
YEZVAA,4.122797,2.9240963
BACKUN,3.4601998,2.6990101
ARALOV,3.0128448,2.2191887
NATYUD,1.8550003,2.6467845
REJFES,2.208476,1.788535
OLEJAS,3.4944863,3.0124798
TOVYIM,3.5976174,2.8786497
AFEDUL,2.468889,2.8577523
QAVDID,3.180739,2.6525888
KACDAW,3.6449652,3.9000216
SEVMUE,2.6103883,2.297634
HUHMED,2.5456252,2.2283626
HEDMEI,2.9505305,2.522852
HUDPAZ,3.5589771,2.5683315
AZULEO,2.7012744,2.5531132
SUKSIA,3.0049534,2.7827725
XIZZIS,3.26972,2.7761729
CUGSUU,3.2868633,3.274694
EPULOS,3.1682217,2.8151526
BERMOC,3.2523048,2.6720521
AYUSOC,3.1339355,1.9225922
WIZHES,2.3077977,2.7219424
FOFXOO,3.2484953,2.4072332
ECOCUU,2.9622314,3.2980978
QEQHID,2.8860397,2.2223232
TEPHOO,3.8300025,3.0210373
SICPAY,0.79185134,1.8797125
FELTOG,1.7018001,1.1023785
ENAXOG,3.721429,3.1118536
JAPNIY,3.6876872,2.5939634
TAPSIM,2.9701228,2.2231233
XICQEG,2.9137952,2.2020621
EFOZUX,4.463484,3.5069108
ZAVFIN,1.3124051,1.5982084
JAKSEU,3.2980201,2.5961516
AYOPAF,2.4103847,2.3572645
CUJGOE,3.4207435,3.0369585
NIQRIO,2.6234498,1.9205397
BODCAZ,2.3219476,2.5610087
YIMJUZ,3.6501353,2.9527533
CIFZIB,0.17551345,0.9966178
PEHHOB,2.8683522,2.430764
ZALJAA,3.4074097,2.833952
XUTFID,2.5486183,2.0323408
KEMNUL,3.0737982,2.2567124
KACFAW,3.9091878,3.0046365
MOGRIK,3.5641475,2.8965828
CEBJOJ,2.7867181,2.1892042
HEMMUH,2.2577288,2.3241115
PEBZUS,3.9562635,2.5621164
IWOFEG,3.1469967,2.7026632
DORNAA,2.8405967,3.0683951
CUJYOX,2.2150068,2.4796448
XEGMII,3.023457,2.3151133
TITQAP,4.1437497,3.1671715
PICWAA,2.4128337,2.9877636
GAMZEB,3.190263,2.7364454
ODUJED,4.1478314,3.332692
QUKYAY,2.4506574,2.1576464
FECQAG,4.115722,2.8038666
YEWDUA,3.1372008,2.741715
EFICED,1.3007042,2.2666347
GOLFUL,2.6044018,2.6589167
YOSYAI,3.3853686,2.7548864
LIFWAZ,1.7145895,2.1556556
MAFHUX,0.51075774,1.8344169
GABFUN,3.6343527,2.8860235
OBOMIC,3.6308153,3.0486906
WEQFOP,2.2596335,2.72823
BUCJIT,2.6367834,2.170684
QALWUW,2.3295667,1.7731916
RAZCIF,3.1791062,2.677288
ILUQUC,4.540764,2.7234595
XESHAH,3.4610162,2.3931916
NARFOE,1.7328211,1.5647213
LEDMUD,3.388634,2.9325404
QINYIV,2.8468552,2.2082715
FEZZUI,2.662362,2.0392401
ZOXLIJ,2.7461731,2.2557657
GUWHIP,3.034886,2.5715082
HIVVIR,3.0797846,2.4044623
QANYIN,2.1499717,2.3638191
SAYVAQ,1.6438398,1.8117092
MONYIY,1.9649342,1.7275234
YEBDOY,1.9513285,2.2269657
LOYJOY,2.449297,2.112742
MIXSUJ,3.0196476,2.769014
NOQVIA,2.9339316,2.6237524
VAQKON,1.7744545,1.8002468
QEJLOI,4.1013002,3.2712412
UHARAY,3.3856406,3.143151
GIFNUG,2.777194,2.7168741
IWOFEH,3.025362,2.695594
EJUHEX,3.348089,2.675278
ETATEZ,2.0999026,1.8074716
POZPEA,1.942893,2.1103642
YAPFIF,2.5464416,1.9379952
KICPES,2.38018,2.2076006
HUJLAZ,2.2204492,1.884048
CORQAB,3.0743425,2.6323147
XAQKEG,3.008763,2.604561
REJDIT,3.3921714,2.9343874
KUDLEB,1.871327,1.7869645
RAPKUQ,1.8120062,1.9353294
KUGCEW,3.1627793,2.7306237
DAMFEE,2.27079,2.1864758
HOVYUN,4.021843,3.0582652
QIDSAZ,3.6640131,2.7267816
PEBRAS,2.9121625,2.6353033
PETQIR,2.6895735,2.1923616
IBENIO,2.268341,1.8989545
GIBLUB,3.0893087,2.961711
DAFYAL,3.1061797,2.6446755
MUPBOP,3.1157038,2.881471
GOFTAW,2.320587,2.323882
DUQVES,4.05749,2.6619306
KILWEJ,2.652294,2.587096
FIFZIF,2.5486183,2.566331
ZUQNII,2.6229055,2.556729
UDIDAM,2.244123,1.7402242
SAKDAK,3.037607,2.2698061
EJAVES,3.443601,2.9401684
DEQJUH,2.9864497,2.449226
IDAGOM,2.8675358,2.3911648
MIKDUG,2.5989594,2.458231
XADBOV,1.828333,1.979224
HEXFOG,3.333939,2.8520374
PANKAT,1.4835647,1.4227452
RUVVEK,4.1932745,3.1615372
ZUJTUT,3.8520439,2.9652796
WIJCIC,2.8171947,2.4200602
NEZWOH,1.8729597,2.5056696
HAXDOA,3.1034586,2.663645
SIMPOV,2.9663131,2.6332018
GACXIS,1.3592087,2.1451604
CUHFER,3.309993,2.6406453
ZEFXIU,3.0716212,2.5835001
COVKOO,2.8648148,2.9510572
JOJTEI,3.39843,3.2008896
GIJCEI,1.921396,2.5041668
TENBEW,3.6961226,2.5638773
ACOSIU,2.719506,1.6695659
ZIWBOZ,3.2106714,2.6090388
CAXWAZ,4.0158563,2.6330895
KIMJUN,3.3714907,3.1597884
WANVIT,2.7162406,2.3852963
WOJQUK,2.9173326,2.430289
NAHQAO,3.1056354,2.2124946
YAJSIL,4.251507,2.5940232
CUHVAC,4.0621157,2.521989
YAMMEF,2.3331044,1.688098
UVOZUB,2.2985458,2.4972117
MIYQOB,2.2139184,1.7886513
OBELAL,3.2063177,2.791115
KOMDIA,3.272169,2.4915304
FOJFOB,2.8171947,2.571043
NOBMIC,2.143985,2.3682332
GEKFIM,4.0351763,3.0363796
NUZXOW,2.4482083,2.7152758
HARSEA,2.387255,2.2214253
FORQOS,2.8253582,2.1448572
SOWZEL,3.0487638,2.602971
TAJREC,2.3399072,2.6843867
SOPJOX,3.0408723,2.668899
MOWVAV,2.791072,2.1256926
WUJTEC,2.148611,2.4180827
YOJNUG,2.4340584,2.1684504
RALMEY,3.5508137,2.3992252
ESAJAK,3.9442904,2.4305978
HUQLAH,2.6727023,2.1337276
WUNCAJ,2.5818164,2.1901884
LONCIB,3.4882276,2.4608045
VUFBUT,3.570678,2.906794
TEPDUP,3.4177501,2.5215096
BAHJEC,1.4000258,1.8919616
MIVVIX,3.150262,3.340216
ABUFEJ,3.6953063,2.6082432
GAWMAS,2.8348823,1.4340721
FOJGES,2.6441305,2.5344985
DACZEP,3.656122,3.0183628
EGITOD,3.2601962,2.299411
MIVKIM,2.7431798,2.299212
IYANIF,3.3796542,2.6095064
YEYZOR,3.9951758,2.8175478
IKOWAH,2.3793635,2.5545967
PEDZAZ,3.9252424,2.9170573
BIDBAT,2.4800458,2.3947246
YANYUK,3.1361122,2.3042126
IGAFIF,2.4212692,2.2211273
QOJZEU,1.878402,1.8224165
INAXIG,1.9173143,2.3193994
NOBVUY,3.462921,2.7934926
MUPDOQ,2.2348711,2.3900783
DILZEG,4.4223943,2.8602679
RODQUW,2.5208628,2.1000357
SOMTOG,2.4190922,1.6971467
ZEQKEL,3.3249593,2.7210147
NIMSEI,3.9059224,3.5463297
SOGCAS,4.0917764,3.2252593
IMAJIQ,3.4787035,2.6973786
SUZWIT,2.669437,2.8862865
FEJRAP,2.8169227,2.1923208
ODUKEF,3.0525732,2.7445545
QULDEH,3.1382892,2.2730222
RIYCOR,3.1981542,2.607702
HEPPRU,4.3404884,3.7746725
MEBWEW,2.451746,2.0276794
REHPOM,2.1554139,2.055151
MANNUM,2.7154243,2.544378
NEBQUH,3.61857,2.8596663
ZOSYIR,3.1246834,1.8436477
BOBHAD,3.9823864,3.0164363
LUTKUG,3.2204676,2.6381743
VAYZAY,2.181809,2.2382343
PETWER,3.1293094,2.3104978
TABSIB,3.2487674,2.6200354
ZAXKIS,2.3072534,1.9138026
XUNCUF,3.837894,3.5090163
TARWUH,3.2280867,2.5435743
SAFRIB,2.9350202,2.5526097
EMEDOR,2.5671222,1.847982
JANCEH,2.6024969,2.849251
VIRBIJ,2.6158307,2.2614665
XORZIP,3.4416962,2.816165
SAKDEO,3.8585746,2.5855129
LOHZUF,2.3246686,3.2501843
BIJVUN,2.6664438,2.8872948
HIKCIQ,4.1353145,2.9724488
SINHEF,3.832996,2.490224
QUXYUE,2.5347407,2.4971375
LEKTOL,3.3257756,2.6715686
FIZTUF,4.2430716,3.000315
DOYRAK,4.5870233,2.99146
LILPUT,2.518958,3.1717033
GUJCOD,1.5341779,1.9188077
ZUSMAD,2.7352886,2.709251
UKONUD,4.7326045,3.5152538
QUQYIK,3.204685,3.0701265
INIJOE,1.971737,2.4028225
ZOPTIJ,3.5208812,2.5882695
IREFEQ,1.4016585,1.6131417
FIGGIM,2.2865727,2.3464317
NOBBIR,3.3089046,2.5648925
GEGXEX,3.4441452,3.0475574
OYUPAA,2.8073988,2.4843109
GEGXIB,2.9029107,2.46389
MEZBIF,3.5301332,3.118982
GINGOZ,0.22803141,2.1610205
WUJSUR,2.078678,2.3518362
BIQMAR,2.332288,2.6323104
MEKJOD,2.7625,2.2550905
DIDFAZ,3.496663,3.0135686
IMESIE,1.4370333,2.11524
LEXWOC,2.7665815,2.6209838
NETNAC,2.616919,2.299343
PONFED,3.6272779,2.581799
OGOPEH,3.2563865,2.645762
ECIQEN,3.0816896,2.8905818
TIGFAS,2.2166395,2.2119944
KOBVEE,3.2269983,3.0216243
IWOMIQ,3.2993805,3.163053
RIJLED,3.6648295,2.749767
MAFFOP,3.2795162,2.548795
GUZSID,2.6800494,2.506446
XUVLUX,3.6354413,2.4223418
ETIMEA,1.4182575,1.7209687
HAQHOW,1.6054717,1.9385402
POZHIW,1.5137694,2.689148
QIFXUY,3.986196,2.793381
LUSHOY,3.161419,2.4496987
DAFSOU,2.4746034,1.7698189
TIVVAV,3.3203332,2.5302591
QAVGUS,2.1638494,1.3690609
YIQXAX,1.9578593,2.455898
IZIMOU,2.7728403,2.4000258
NIQROU,2.387255,1.896518
ZOSDIW,3.1527112,2.0377264
WOJTEU,3.034886,3.1045597
HILZOS,2.0930998,2.0176961
HAMCAC,3.08305,2.431487
NUSXAA,2.6672602,2.4433765
NOCRIH,3.1391056,2.3033476
VEJDUK,3.1249557,2.6863828
LARTUV,2.4171875,2.6844943
KEWROT,4.031911,3.2189121
TUXYAO,2.741547,2.2791693
QEPKUR,3.929052,2.6226401
YOBHEE,1.8313262,2.222269
XEYCEJ,1.969016,2.074953
BIQSEZ,4.8765526,2.9443796
CAQRET,1.8615309,1.7781944
DOMSUU,3.1415546,3.30589
YEZNIA,4.0808916,2.8184285
EHECUR,2.4694333,2.9161956
CEYKOH,2.0343232,2.2048688
RAQSEJ,3.4691796,2.9969435
LIRVAM,3.1195133,2.7024455
HABHID,3.362239,2.6931102
WEPJIM,4.729339,3.3302498
VIJRAH,3.489044,2.6279247
RIVKAK,2.4871206,2.2555904
ANEWAS,1.7954073,2.3327556
QANHAO,2.5320194,2.1653414
QIFXEI,3.8868744,2.9586954
OFITUV,2.213102,1.9362818
ZUQDUK,3.276523,2.7634492
MAGGOT,2.4131057,2.290969
CEGFID,3.3206055,2.8650393
MABFAX,3.5366638,2.5797923
RUZJED,2.2362318,2.331503
QARTUY,2.72005,2.271671
GIFQEU,2.04548,1.8411176
PAYFIF,3.46537,2.7475708
AJOBIM,3.1203296,2.8500452
RAFZEE,1.7524133,2.180942
OWUKIB,2.1850743,1.8991532
TIMTIU,3.00196,2.4899704
GAWMEZ,2.7453568,2.5595236
NUSCIP,2.5869865,2.0390325
BETKUI,3.190263,2.8739083
SEVHOT,2.5200465,1.9429727
YEVREX,2.4166431,2.0031726
HAFJIK,2.1929655,2.2853484
KELPIB,3.111622,3.0669494
IHEZUR,2.7167847,2.625275
QULDIL,3.1075404,2.344037
SACMAN,2.2362318,2.2632694
QASPAC,0.5442277,0.765506
UPOLIW,3.393532,3.0223975
UBATOG,2.9045434,2.574526
YIBDUJ,3.8153086,2.942964
AGOYAX,2.1309237,2.1672294
NAGGAF,3.1801946,2.8627827
BEYGUH,3.897487,2.9579175
MIHLIY,2.8310726,2.508905
MIGNEV,4.4232106,3.50175
SARKEC,3.4996564,2.7505045
LELTIG,2.4177318,2.3643208
MUPSUM,2.9630477,3.0002267
RAGCIN,2.343989,1.7333217
VUSNON,2.083576,1.9523108
GOLKEY,2.9434557,2.6344419
LAKXUR,2.6977367,2.7091053
NOQQAL,3.4008791,2.7073436
OPEQUW,5.109482,5.002246
VACXAZ,2.179632,2.3174152
HEZWAN,2.3216755,2.2520213
RIXVAX,2.3940578,2.598181
IFOGOZ,2.2952805,2.0505495
RUKTEW,2.7973306,2.1347399
PUBVIS,2.5271215,2.7558975
VEBTAX,2.9548845,2.7227752
SIWJUE,3.142915,2.5305643
QOXCEM,2.8114805,2.7255561
KEGXOL,3.1001933,2.2186692
XEQDAZ,2.7494385,2.4618425
QEYNOZ,1.4539044,2.4055665
CIMCIL,4.136675,3.0738006
HIYSUD,2.7682142,2.4020295
YUMMEA,4.4226665,3.2850113
HEPWOP,3.1086287,2.3928018
QEHLIA,2.1646657,2.2925682
IMAWOK,2.5505233,2.5108554
JODYIM,3.1464527,2.0790348
BIKROF,2.3369138,1.9759432
FISROQ,2.0179963,2.9786017
KADQEM,3.7470078,2.6664677
OXEFAZ,2.8759713,2.5007553
TEDPEZ,2.7573297,2.3213043
WIJBUP,2.3222196,2.1890025
PUCYOD,2.8669918,2.8877797
NOWYAZ,2.1132362,2.2494686
IDEQUD,2.2770488,2.4321861
TORKOA,3.6795237,2.6550734
GOHFEP,1.5711855,1.4995823
POKNEI,2.0705144,2.1128607
GUYKUG,1.7880602,2.1250408
CEJMEL,3.309721,2.533023
AZOTIS,3.3818312,3.068213
GACJUP,3.1818273,2.488977
SOWVUW,2.8482158,2.3292866
QENMEE,2.8283515,2.3933678
LEMDOW,3.259652,2.6456504
UCIZEO,3.329313,2.2667584
BIDBEX,2.5048082,2.3084416
MANNEU,2.5301147,2.4697435
BAXKUI,3.0550222,2.1653078
MIDNAP,3.3374765,3.1195922
BUXMUC,3.9037454,3.2751098
ZOSDOC,2.9374692,2.4752865
SUTRUV,2.413922,1.9934055
KOFKOI,4.0112305,3.0612135
WOFLOU,1.7956793,2.1228738
KAYKUS,2.8569233,2.2516022
ISIXOX,4.5521927,3.3594089
KUCFIX,4.4321904,3.0931468
IREDUE,2.0103772,2.1170092
WIXHAN,3.157065,2.9129186
SARQIO,2.822637,2.185777
QELGOD,2.882502,2.598226
FIFHUA,3.3132584,2.6117222
RADHIN,3.212032,2.721369
UMANAZ,2.3573225,2.1796536
QABJUA,1.9556823,2.026271
BIQFOY,2.0120099,2.0195293
UYEVUR,3.307272,2.785992
PIQGII,3.3331227,2.2851644
GILLIZ,1.8179927,1.7626859
DAMLUZ,2.769847,1.631031
DUMDEW,3.248223,2.6010163
LOVSEW,3.5807464,3.20669
QAYNEM,1.825612,1.883051
RUQWEF,3.3184285,2.5402486
AYOSUE,2.7701192,2.205399
UGUQIX,2.409296,2.9514298
VASWES,3.2060456,2.3862636
IHIMOB,2.1341891,2.0540922
CUVBAY,3.9344943,2.5386634
RAMTAC,2.3241246,1.9776461
KILWAF,2.5227675,2.3806558
SIGDAQ,2.9791026,2.580562
EREFEM,2.2367759,1.3310881
DOQROR,3.3151631,2.4617918
TAJTII,5.7870455,4.6603746
WIFCEV,2.4367797,2.2759213
MOQWOG,3.1146152,2.6504073
XEBTUU,3.539657,2.937014
UCEBAF,3.333939,2.7789612
MIWFAB,0.26095718,2.1812088
KIYZIB,1.8465647,2.4312189
TEBQIB,2.9619594,2.976542
QAWDOJ,2.387527,2.1953785
ALEPEN,3.577753,2.4651983
LUTLAO,3.5758483,2.7873726
ALECAV,3.3728514,2.775528
ALIQAN,2.6327016,2.7184255
CUJWEK,4.488518,3.5590692
VIQQUH,3.240604,2.536775
ZUHYOQ,3.0884924,2.2406688
HISYAJ,3.1491737,2.9503176
ZOMNIB,4.064837,2.7211428
LARHOD,3.1739361,2.7674732
NOZDAJ,3.5279562,2.7205458
QIGYUD,2.8544743,2.5297706
VOJBII,1.1181159,1.5257462
WERYEY,2.97747,2.5203114
XADBAH,2.065072,2.6370385
POXQEB,2.1918771,2.3392673
DONLOI,2.1145968,1.847858
BENBAZ,4.3959994,3.0615222
SEBXOO,3.5287726,2.6787922
QISPAK,4.3391275,2.8173459
SULTUP,3.0561109,2.5863445
NITQAK,3.3641436,2.532142
ZIPLAL,2.9714835,2.406209
HEVTIM,2.762772,2.8509881
LINSOS,2.5154204,2.8066094
APOTAA,3.0378792,2.7545352
DALMUZ,2.6185517,2.354315
OJUYID,2.8267188,2.4677756
XEFSAD,3.9883728,3.108594
UBISOQ,2.7540643,2.3690443
MENFUG,3.0811453,1.9308665
NAQSEE,2.8623657,2.3979692
WAVKIP,4.8379126,3.6133575
SAFSAU,3.2253656,2.3613248
YEDLOJ,2.7695749,2.2709625
LOPYEV,1.1820626,1.6083436
JEFWAV,3.4765267,2.5973232
ETUGOQ,4.323073,3.0809674
LEMLOE,3.3380208,2.3680773
EZISAJ,3.926603,2.7528243
RAMGER,2.7320232,2.370843
SIGYEP,2.4027655,2.825724
GEWPAZ,2.5842655,1.5115805
FOBCUX,2.2857563,2.4556909
NOKYIX,3.3587015,2.7981803
POSHEL,3.0030487,2.5656629
RENJUQ,2.4389565,2.1875684
QOFVEN,2.6887572,2.3500698
YEWMET,4.2403502,2.9193082
XULPEA,2.0438473,2.32787
VIMTOB,1.5469673,2.230565
PUNKOZ,3.2656384,2.872794
UTECAZ,3.632176,2.8479893
RIRDEC,2.8487601,2.3721156
MUDTUA,3.905106,3.3334017
TIZYUY,4.4294696,3.2057111
YINFIN,3.9184396,2.9077454
YIYQIG,3.2109435,2.4600291
BIRROL,4.115178,2.664872
EQODAQ,2.9303942,2.8216295
VANTAH,3.08305,2.9654312
GEMGOV,3.713538,2.7046356
HOXLIP,2.3118794,1.6836194
ZOJYII,3.109445,2.7585764
VUGSIA,2.0762289,2.101541
LIBWIE,2.41365,2.9638288
QUCFAX,3.2221003,2.1764722
BAFLUQ,3.4218318,2.2344878
YIMDOO,2.430521,2.1527743
COGVUQ,3.8169413,3.3553424
JIGMUK,2.1880677,2.7302547
UXEBAC,3.2558424,2.8136108
BASLUF,2.043575,2.1595728
TOPGAJ,2.5456252,2.2181401
MOSQUG,2.9042714,2.214118
NUZYAJ,2.9573336,2.2361205
VIYDIS,2.2313337,1.8550842
UPONAP,3.2710807,2.0070553
HEVWOW,2.5396388,2.4263937
BAYPUP,3.1178806,2.4227805
IGAFOL,2.5026312,2.0327294
ETILUP,3.2297194,2.439306
TAWQIS,3.03026,2.2825792
BIHCED,2.60032,2.4957228
ILEXEE,2.4397728,2.0312614
EZISUD,3.9252424,3.0022833
MUQZAB,3.2441416,2.429035
WIXDEN,4.175315,3.335081
NURQUO,3.1679497,2.7636256
GAQNIW,2.2672527,1.9391682
SAQLEB,2.6484842,3.030797
TETKEI,2.4269836,2.8932106
DANCED,2.7799153,2.0228903
WOKVEX,3.7968047,2.7605581
DOQBOD,2.8109362,2.606855
AQIPEX,2.86291,2.328973
GIJRAS,3.7083678,2.601762
IHAPUE,3.3682253,2.7899532
MIZVID,2.8030448,2.3882422
ZEQKOV,3.3189728,2.7797797
NUVDIT,1.7369028,2.040231
FORREJ,2.5799115,2.5246885
BEDNII,3.1420987,2.611699
YOPBAI,2.8465831,2.619036
TORJUF,3.7317696,2.4722908
WATXIA,2.8286235,2.4757357
GOLFOF,2.2827632,2.461932
XASDOL,2.6152864,2.8467116
YACLUK,2.1170459,2.1632156
ZONHUH,3.3361158,2.7610502
QUVVAF,2.2185442,2.7777684
BAVJUF,2.9355643,2.6030126
JAGSUG,3.4084983,1.804965
EPISEC,1.474585,1.2346021
RIPVUJ,1.3398887,1.7248905
CIRJET,2.8482158,1.9745301
HUCWAF,1.2405671,2.0887585
OWOKER,3.3235986,2.5615768
JUZKUK,3.1946168,2.5393734
KOFLAV,2.5464416,2.4738016
NENLOJ,3.224005,2.6850092
XAWBAB,2.9067202,2.3801608
DUZJAL,3.0732539,2.3840854
APOSON,1.945342,2.3897438
COPLOK,2.5589588,1.9751836
CEMYIF,3.527412,2.30834
DEJBEB,3.5053709,2.8115773
WOHZAX,1.2291384,2.231697
EWUQUI,2.8449504,2.453146
RAGGUE,2.0819433,1.9081258
QAWYOD,2.411201,2.2299588
WIDWAI,3.0648184,3.233818
WATXEW,2.8003237,2.5922074
JEGRUJ,3.099649,2.6065226
FUHMAW,2.8278072,1.9271072
NEXYAQ,3.4109473,3.5663936
SOYPIF,3.7725866,2.7184026
JIHHUD,3.9097319,2.5271127
ZONTAX,4.508927,3.154532
ZIWBUF,3.2103994,2.5966566
UCULEK,2.877332,2.3087149
ZIJJEJ,2.855835,2.4175413
XUDVEY,1.9467026,1.9782394
PANMEY,3.0335252,2.165546
CIPLUL,2.330383,1.869843
ODEBII,2.416099,2.0554078
DEGHUV,2.6977367,2.518905
ROGMOP,3.4468663,2.8641372
YUVRUC,3.9532702,2.5910144
QIDSIH,3.4204712,2.8602672
WUSTIP,1.510504,1.8464637
JOPTOA,2.635695,2.3896065
UCOPAF,3.7510896,2.529921
JANZEG,3.226454,2.7537794
HIKTEB,2.387799,2.0625231
DUGJIA,2.803317,2.39388
FALZUP,3.7557156,2.954425
WOJSUJ,3.2367945,3.054347
JENHES,2.860461,2.3651145
NEHJOZ,3.7949,2.73769
BEFZAQ,3.4501317,2.633571
DELTUK,3.1655006,2.814163
EDUBAI,3.1151595,2.8433464
HEXCIY,4.739407,3.0923548
ALENIP,2.818011,2.9995675
NAMQOK,2.8686244,2.3398716
GUFTEG,1.9137768,1.6733073
NEXFEC,2.129291,2.2558699
CIQYIN,2.005207,2.5905473
XAGXIM,2.3031716,1.7648652
GUDCAJ,4.5448456,2.9236872
NOBCIR,2.1257534,2.2279654
ALECEZ,3.6090462,2.61336
YIDTAG,2.7214108,2.7718349
QEKPAX,2.9508028,1.8803567
NAQVOR,4.6376367,3.005758
BEFMEF,2.4079356,2.238371
MUNZIF,3.037063,2.7237158
PAVZOE,3.2008753,2.6082568
LUTKAM,3.7668722,2.4968839
QEYMAJ,3.1674054,2.607363
COWXUH,3.9478278,2.9534822
VUDYOK,3.2678154,2.6049414
MAJLUH,2.5124273,2.1776814
AFEBIZ,3.2729855,2.550088
QEHPIC,3.0944788,2.431971
HAZHEY,3.3761168,2.7507906
CUTZIC,4.0161285,2.6046267
JUFVUB,0.83348477,2.4951591
COLWIL,2.1584072,2.2902365
RODQOQ,2.585898,2.3348114
FIRBEO,3.3018296,2.899755
KIZSAO,2.1020796,1.9788154
XARCUP,3.2397876,2.8121166
NIDXEE,3.169038,3.21488
ZAYLIW,2.6438582,2.3974495
RELZAL,2.3829012,3.295213
XIDFUL,3.0604646,2.854858
GIPSAC,3.2963874,2.6554246
PUXVEL,1.9730976,2.229764
YIKZUN,2.5774624,2.4501514
RANNIE,3.9421136,2.7200077
NEJXIK,2.0944605,1.8469855
BINPUM,1.9643899,2.2284548
HEDFUS,0.7755245,2.8865356
MANNIY,2.7159684,2.326181
ASOFEU,3.1763852,2.4491577
HUWROG,4.24933,3.818037
XEBQIF,2.6561034,2.4609623
DEVFOC,2.27079,2.4721043
XOXXIT,3.049308,2.85826
XATJUZ,2.1336448,2.463506
ZOLPIB,2.6903899,2.5696125
VIXVII,1.3801615,1.8688891
TARBIY,5.068665,3.4509249
CONTEG,2.8378754,2.6371229
TETGEF,2.9317548,2.5700355
HAXDUG,4.1867437,2.857501
MANNAQ,2.5058966,2.350046
WEHZUG,4.4008975,2.9880147
NAPZOU,2.2433066,2.0037622
NINKAY,3.8112268,3.0267372
UMUREB,1.9581313,2.2862115
VUDTAQ,3.2544818,3.1962163
ABUGOU,4.5102873,3.1648188
KEZCEA,2.3739214,2.6923242
HUPLUA,2.8457668,2.539425
OHUFED,2.6512053,2.1553514
MABSIT,2.7810037,2.5088086
ZIWBIT,3.1826437,2.6619458
SOFCAS,3.104819,2.4254658
CUHPAX,1.8944567,2.1407228
ZUSWEP,2.755425,2.1357439
BUZYEB,3.2269983,2.5511405
LOJMOO,1.8179927,2.161001
VIXKIW,3.1989706,2.200089
SEVHEJ,2.5374618,2.000492
SEQFOM,3.8517718,2.8076885
WUHWOL,3.0261784,3.5380616
VIVTAY,2.7706633,2.281044
GUJFAU,3.1469967,3.258732
KEPXIN,3.663741,2.5842474
FEGHOP,2.9812794,2.7930422
XEWXUV,2.3630369,2.11026
YIMWUM,2.8982847,2.4758072
IZIFOM,3.475166,3.1382303
IKIZEH,5.3473096,3.9934707
NUCJOM,3.042505,2.499898
EJUDIX,3.9657874,2.8679087
RUVVAG,3.345368,2.6940334
DAZDOX,2.2740555,2.4618149
YILQAO,2.2618105,2.1299448
VIRMAK,4.2123227,3.4174376
KELZOT,3.0865874,2.7040913
FELYIF,3.3891783,2.603101
FIFJAI,3.3105373,2.6622765
ESOLUT,3.2748904,2.8055413
AGAXIQ,2.1897004,2.195064
ZORMUQ,2.4291604,2.2266135
KUGSOV,3.150262,2.5554628
ISONIN,3.2539375,3.1130514
QAJDAI,2.7850854,2.3724442
SINXEV,2.0898345,2.4056616
BOSGAS,2.3497033,2.19132
YAYLIW,1.5194838,1.8227401
LAQQID,2.473243,2.3165367
LIRCIZ,4.3222566,2.7369137
OCEVOI,2.172285,1.843065
SEVHIN,2.5657616,2.021224
HIGFIP,2.229973,2.4677238
SIVZAB,2.4596372,2.083934
JUFMUU,4.0493264,3.1340163
PEMVUA,2.7494385,2.6004972
KUVMET,1.9151374,2.0506754
TUTPUU,2.6242661,2.1487856
OTOMOA,3.200059,2.33918
GASMIZ,2.5807278,2.1218553
ILAKAI,1.9592198,2.6563709
AWICIU,2.8487601,2.5395746
ADIYET,6.3636546,3.9572673
GUQPAL,4.834919,3.5132334
KARYIN,2.977742,2.6639018
ZEVXUT,4.315726,3.3763025
AJOKUH,2.88223,1.8797667
MALFUB,3.0430493,3.4419746
IXUZAC,3.3750281,2.517703
FOZLIR,3.2531211,2.770949
VANBOC,2.179632,2.1086202
DIZRIP,2.451746,2.2141995
FIZNAE,2.6188238,2.2941155
HIJCUA,4.30076,3.0282013
FEFVAN,3.7197964,3.0890312
UCAVOJ,3.2563865,2.5623493
GOMYIT,2.5265772,2.500318
PULTIZ,3.0893087,2.8336627
CAFPOP,3.532582,3.336104
UQUWOT,2.903727,2.489441
WEJFUN,2.6724303,2.4805217
WEKPEI,3.1053634,2.689904
SUBRAI,2.3162332,1.7964301
AYOWES,2.6087556,2.2871525
PUZMAY,2.9118905,2.5046158
IQENAV,3.415029,3.026134
RIBROK,4.0904155,2.7828376
EPOKIF,3.2626452,2.6413865
TORHOX,3.8324516,2.7739034
ZODKOU,1.5096877,1.2694937
NETMUV,2.5589588,2.4782054
CIMVIE,3.0226407,3.0860345
AKUMEZ,1.560301,2.4247403
ZIDGOL,2.2103808,2.4702668
HADSEL,2.1899724,2.2278783
BANRAL,2.138815,2.064445
VUCCAY,3.9396646,2.840549
EQUKEI,3.0694444,2.6749046
CELYEY,3.5355754,2.8050447
PAWJAY,3.204413,2.7331195
MICSAU,3.5431945,2.715427
FAKMOT,2.339635,1.9300766
OPORES,3.7932673,2.816437
COKTEB,2.9654968,2.3992474
TOFCEY,3.0245457,2.2275465
CAHSIN,3.0294437,2.269974
WEYJIW,2.54753,2.1470773
BIJQIU,2.5850816,2.6029973
HEYXEO,3.2030523,2.5607784
QOKLAE,2.32739,1.259663
YICZOA,2.8487601,2.1211066
BEMBUT,1.6982626,1.7249603
CIFPEO,3.4191108,2.5039065
OCEYUQ,2.6631784,2.8658643
ORAJOI,1.9507843,2.0586817
MEJYOR,2.8171947,2.3707037
WAVKEK,3.434077,2.2565246
ESIZUC,2.9480815,2.9116087
BAKLEF,2.7257645,1.988947
YEKDUO,2.9464488,2.478923
HESRAY,3.488772,2.5611556
DALWOE,2.8909376,2.3249955
MEKGAN,3.0150216,2.4726918
QOWVAA,2.181537,2.2862022
QUXZEP,3.1924398,2.5619009
VUGJEN,3.4520364,2.5273566
KAVCAO,2.9880824,2.2825875
HIJCOU,2.8313448,2.3846517
WACPEV,1.7769035,1.8617935
WADBUZ,3.1772015,2.7325883
HIBRIU,3.4123077,2.8474042
CEJMOV,3.3638716,2.8532703
COBGAC,2.822909,2.7045314
DAFCIX,2.0305135,1.5750864
PURFIR,3.166861,2.6054332
HELRIZ,4.1481037,2.9553835
XIYDOA,3.1265883,2.819401
SOPWAW,3.0084908,2.7968688
JIYTOB,3.190263,2.5717204
ROWQAX,2.9924362,2.5008762
PEWWOF,4.069463,3.597728
YULJIZ,2.910802,2.5864232
UXUGOL,2.2316058,2.1889555
GETLIC,2.9244077,2.0196118
TEBTUR,3.453669,2.3869598
FEJHAF,4.0275574,2.691002
ZUGWAB,2.72903,2.3712256
WOSMEW,3.5353034,2.7239032
YEWFAI,2.1954145,1.9790454
KAZPIM,3.575304,2.780158
RETJOQ,3.1050913,2.7283401
QIGRIJ,3.0476754,2.3742309
FALDII,3.754083,2.8571587
YOQLOG,2.9339316,2.7493777
XAVJEJ,2.1341891,1.9333782
YOPCAJ,2.272967,2.440947
NUWGOB,3.4378865,2.6015115
QOYGUI,5.728269,3.8663902
MEGHIQ,3.7372117,3.0116153
JUZXUZ,2.0035744,1.7445716
ADUXEF,3.1219623,2.6198854
DAQBAY,3.1363845,2.72166
YEHTAH,2.9725718,2.5887423
QUNCAF,1.9687438,2.0681767
BASLOZ,2.0487452,2.1764913
MIYTET,3.3358438,2.5829701
VITSOJ,1.2179817,2.0307417
IHAJIK,3.2800605,2.511816
YUGCUZ,4.036537,2.659566
BOBWIZ,3.3412862,2.9778967
QOYFOB,4.19137,3.1963685
KEZVOB,3.2629173,2.4613478
IRIKAX,1.9935062,1.6476436
NOBBUD,3.7383003,2.7002332
DUFVEH,1.9374506,1.9526985
NOHYOA,4.9102945,3.4552674
XAYDIN,2.8974683,2.6048956
JOQXEU,2.669437,2.1282232
IHIHOY,3.6044202,2.4218771
SEBREY,2.6920223,2.949883
MILDOD,2.5888913,2.5449576
BDMFRU,3.9508212,2.8238297
GOBTOI,3.2163858,2.6877084
QACWOG,1.5926825,2.0503256
ROMKEJ,3.1510785,2.7065785
VOGQEO,3.0525732,2.5799282
ITADIQ,3.3774772,2.8102813
PASQOP,3.7940836,2.991397
KIYNAI,4.1764035,3.5381951
HOQXAM,3.2136648,2.2830179
AZEQUR,2.5056245,2.3007643
GOPDAT,2.7031791,2.0156503
OCEVAW,1.84983,2.0175552
KOGHAQ,2.1807206,2.089839
QIDTII,3.1320305,2.70018
FULDOH,2.1828973,2.0551548
DERMAR,2.0707865,2.6270568
REKWEM,2.3766425,2.0995228
XUYDIE,4.1785803,2.8547034
HIKDAJ,3.840615,2.9145405
YIKBAX,2.490386,2.34068
CIHDAB,2.268069,1.8771689
VIKNAF,2.994341,2.7736955
MENNUP,3.8520439,2.7177863
NIDYEF,3.2076783,2.8748507
FINGEQ,3.2490394,2.8750803
MOGJID,3.0776079,2.8488936
CEDXAN,2.6438582,2.4122443
WURQEF,2.1769109,1.624052
YAQZOF,2.8863118,2.7731588
YIVROK,4.1461987,2.7820203
QELGIX,2.9861774,2.4348028
SOPVUP,3.1706707,2.613116
MIGMAS,3.4493153,2.43324
XENBUP,2.19868,2.2756467
QABKIP,1.8321426,2.1318383
YICGAV,2.8022285,2.378664
USUTUY,2.2174559,2.2585504
XIPBUU,2.881958,2.4553893
SIHLOM,2.81529,2.6061175
DULRAD,3.9388483,2.8904767
EQUYOE,4.4765453,3.7624493
FUTWOH,4.1315045,3.681245
SARDUN,3.16414,2.7171052
YANTAL,1.8566328,1.7550707
XEJLUU,3.912181,2.58355
MIMDAO,3.3467283,2.725064
FIQFUI,3.6419718,2.6231737
FAPSUL,3.4329884,2.457027
MAJJAK,2.1227603,2.6876407
PIZBUW,3.1717591,2.4247892
VUTBUJ,2.8095756,2.1316743
TUMKIW,2.8955636,2.6091754
AZUKIR,2.733656,2.4893527
WIWNEV,1.7137731,1.4479374
KIMKEY,3.3709466,3.1697536
ZEQHOS,4.314637,3.4568362
RULWEC,2.208204,1.8208301
BOFMAN,2.9494421,2.8629549
FECPOT,4.26348,2.9682205
JELPAR,1.9818052,2.0925856
CANBRU,3.7698655,3.1003022
TODPIL,3.6368017,2.9436297
AJUTUW,2.3377302,2.316999
HATPEZ,3.185637,2.484376
XIRMAN,2.7739286,2.3528218
BODBOM,2.9048154,2.4553275
EBEVIT,2.538006,2.4546206
SADXED,2.3167775,2.1098084
ZAXMUI,4.0283737,2.8577163
SIWMOB,4.218309,2.7993464
ICICOM,1.8792183,2.4578147
SEWSUI,3.061553,2.7089872
WIYZUA,2.0449357,2.190775
FOKGES,4.0621157,2.8437757
XOHMEO,0.5123904,2.3345766
XEWXOP,2.0520105,1.9856819
YAXSIC,4.5690637,3.086649
HULXIW,3.2161138,2.9771867
YEJQOW,2.9404624,2.3476217
PAYXET,3.5546234,2.4977713
TAJTEE,5.253702,3.9593282
XAJVOT,1.5660152,1.5496603
DILGEN,3.2016916,2.849023
VEXTEA,2.654743,2.4547668
WUGKIU,3.458295,2.7227788
SAGWEF,3.8414314,2.9945214
YOJRIY,2.16521,1.9434185
POLYOH,3.2133925,2.3291273
NOGPII,3.025906,1.6952932
XOZREJ,3.3875456,2.5768433
MECXEY,3.5342147,2.4683926
YURTOU,2.5959663,2.0064354
HOVCOM,2.669165,2.5945356
POYRUQ,1.4002979,2.0894644
TIHLOL,2.5491626,2.6890264
QOFVIR,1.794863,1.6083117
LERSIM,2.822909,2.6402752
UGALIY,2.3766425,2.0913172
UCAVUP,3.2656384,2.5514915
WOSPUP,3.3284967,2.7069495
URUJIC,2.7638605,2.40027
RAMQED,2.2732391,2.27674
HUBVOR,2.4863043,2.1055717
ZOHZOL,2.5015428,2.491487
LADFEE,2.6321573,2.3645349
SEJKOK,1.4933609,1.9185265
VAKFEU,1.9709207,1.9179986
CENTAS,2.8936589,2.3123615
DEGKIK,1.8550003,1.6096439
EJURAD,3.4479547,2.634693
WACCEK,1.7317326,2.073946
LEMVUW,2.7439961,2.5492141
OJOVOY,3.2623732,2.8066478
ORUVOO,3.300197,2.6388059
TAHHAO,3.0454984,2.755991
BAXMIY,3.4795198,2.7334433
JAGTAN,3.3489053,2.2505646
TEFZUC,4.0106864,2.7352147
JINHUK,3.0460427,2.3702986
XEJLOO,3.0163822,2.4031646
YIHCAV,2.6441305,2.638887
VAPNEG,2.5124273,2.1149077
QIDDIS,4.555458,3.692337
ZEJNOT,2.1235766,2.6806846
EREDIO,1.9943225,1.5173525
FEHQUG,2.612293,2.467908
JANCAD,3.1252277,2.7699158
LUTLES,3.1418266,2.4297876
ICOPIB,3.7336743,2.5541654
RIRDOM,2.8335216,2.4269133
YICZUG,2.6620898,2.2437613
PICPEY,2.229701,2.1786253
TEWYEA,3.185365,2.655944
HATNEX,3.1265883,2.6286979
WOJBUV,2.8182833,2.4159636
ZAZVUR,4.270011,3.1831903
IDEREO,1.9660226,2.1157005
IBODEL,3.5475485,2.9126456
ELUTUA,3.1137989,2.5613391
VIKPEL,3.515711,2.8854938
ITEHOF,1.937995,2.727114
IVAMUN,3.2117598,2.773211
KEPNUR,2.0016696,2.15036
OGUTUF,3.3785658,2.6391344
GIDBIE,1.8857491,1.8687063
PASGEW,0.8013753,1.7980689
UGEROO,2.8482158,2.9187515
AGOQIX,2.2794979,3.0653815
ETAPUK,4.4479733,3.2861521
GILRIC,2.8980126,2.219245
XIRFAH,2.8903935,2.4263134
XATHEG,2.5989594,2.4551256
NOLXAQ,2.0367723,1.9518449
ORUXUW,3.391355,2.5182626
ROLCIH,1.9926898,1.8736405
KAZGUP,1.6286014,1.9812865
QEXFAD,3.2395155,2.7507513
VAHMAV,3.1197855,2.9655318
COSSOU,2.2446673,1.8064332
BOYVIW,0.43864754,2.1035974
QUQYOR,2.999511,3.119869
CIKZOM,1.8906472,2.016971
QOJRUD,2.2386808,2.0433705
DERLUK,2.2699738,2.1656237
TEGXEK,3.3184285,2.6841087
LACMIO,3.374756,2.5960474
XIDVAI,2.4166431,2.184352
BIBWEQ,2.1045287,1.9734724
UVOZOV,2.3004506,2.4277277
WELCAR,4.1761312,3.1070082
NIDNOF,2.9244077,2.3261557
CIFPOY,3.3777494,2.5576875
GOHCOY,3.5002005,2.6787198
HOVYOH,3.312714,2.5159645
YIZHUL,3.362511,2.4003696
MAYQEJ,2.966041,2.599278
XONFEN,2.1856186,2.46374
VUDKIO,1.0821968,2.184841
NIGGOC,2.5897076,2.375871
SOQCAE,1.0617883,2.5966563
GUTHUZ,2.6493006,2.3018272
QUGNAJ,3.6142163,3.3007011
MOSKUA,3.6003385,2.9255714
JUQKAJ,2.6607294,2.26123
UPEJUV,2.798147,2.4523427
CEBHEW,2.4563718,2.4063797
XOSCIT,2.8615494,2.6861532
YUJFEP,1.9981321,2.334568
AFAVAG,3.460472,2.391165
MASMUQ,2.784269,2.520399
ESEBUZ,2.3380022,2.0833662
YIBFUL,2.683859,2.5172591
XIBGIA,2.2803142,2.1517143
YAFJOG,2.898829,2.7170622
BOLWAD,2.6041296,2.098034
WUJNEW,3.4180222,2.9331672
IMOGIB,3.0286274,2.489365
AZULOY,2.736649,2.530101
RIPGOM,3.1440036,2.6078634
WUSTOV,2.268069,2.5387104
JANDEI,2.449569,2.228835
QAKHOZ,3.2125762,2.6945128
IDETEQ,2.8525696,2.0838056
XIGDID,2.5263052,2.2757196
LIPNON,2.5124273,2.2353494
SUPYOT,2.4985495,2.225584
ZONHIV,3.2003312,2.6970913
ZOQTAA,4.141573,2.700486
MIVVOD,3.59408,2.5429053
UMIPAJ,4.3391275,3.1743095
GIZFOM,3.0743425,2.9321525
CEZKIB,3.5981617,3.0103874
HIKDIR,2.2789536,2.7866924
QOJCIB,3.6868708,3.3806965
QAKPOI,2.6724303,2.1793988
WIBKOH,0.12816563,3.1356087
PUMJUC,1.7570392,1.9679337
RARVUD,3.923882,3.0162075
HIBMUB,3.1108057,2.5515912
MIDNET,3.656122,3.351667
XOQWIK,3.1861813,2.3828523
ZEJNIN,2.9676738,2.4138637
REGDEN,3.0974722,1.5843962
RIVJUD,2.7940652,2.5445197
CILPEV,2.9812794,2.5725393
HOMCAN,3.8778946,2.9845743
UDUDOO,3.2006032,3.077594
CUHFIV,3.2245493,2.4821658
DOSGAV,2.987538,2.694989
NODRAZ,3.1567929,3.0011408
ECOYAZ,3.0841386,2.9558418
XEDQAZ,3.4683633,2.7345033
XUMFES,3.3687696,2.904445
ALIKAI,1.063693,1.709549
HOHLAU,3.2408762,2.8657722
PUYJIE,2.6555593,2.2430878
DUZHUD,3.0860434,2.1328497
BICZUK,2.475964,2.338019
GIFWEY,1.8245234,2.373088
WIZFUJ,2.6808658,2.2667606
QAHLUI,4.4297414,3.5565834
NEHLER,3.1007376,2.983023
UFOFUR,2.1695638,2.1564326
ZALJEE,3.413124,2.841649
QUSCAI,3.4427845,2.939145
HIGFUB,2.1298351,2.2493231
VUVTAI,2.4786851,1.7164546
MIXLIR,2.5804558,1.4187794
XIPRUK,3.0321648,2.5894716
URUHUM,3.2460463,2.4042468
FEHRAN,2.674335,2.5005655
VIQRUI,3.3328507,2.730718
LUWVEE,3.8125873,2.3271158
LOPDAY,3.05856,3.445786
SAKBEM,3.0552945,2.697525
JUSRAS,2.9309385,2.442709
GEKFAE,3.6264615,2.6643286
GOKGES,2.4046702,2.521896
MOZCOT,2.8620937,2.3458614
COTPEI,3.7464638,2.8680856
TAVVUK,3.2196512,3.0646033
OVUBOY,2.5208628,2.0453687
BINCEH,2.323036,2.4004364
VAHHIV,3.085227,2.4772482
UGERUU,3.4841459,2.5198865
BUKKEZ,2.315689,2.2061534
USEXUM,3.1965215,2.238023
FEPQOH,2.1717408,2.0856671
NICTID,2.2381365,1.8288655
POWCEJ,2.32739,1.8670398
SAJZUZ,3.1491737,2.6574662
TUYDIB,2.8659031,2.4668624
PEBSAS,2.3317437,2.3153412
JOJPED,4.5467505,2.8040066
DOZZIB,3.1698544,2.338915
EGOMOC,3.145364,2.7510653
GAFNOR,3.1418266,2.8059669
HONNAA,2.7467172,2.2137656
AFADUI,3.288224,2.3347695
LIZFOP,2.0906508,2.020385
GEDNAF,3.2229166,2.7016547
MABDOJ,3.9032013,3.0212176
BIKWOI,2.6555593,2.0998278
IDOSUS,2.2340548,1.8843375
TURNUR,4.2313704,2.9671426
QOKKIL,0.92137754,1.2524617
OFAVIA,2.5314753,2.7644331
ZOLPUN,2.6784167,2.356933
FOBBOO,4.0855174,2.9350407
GATQEZ,2.7848132,2.2466602
RADNAM,3.8517718,2.747451
IKOSEH,2.3894317,2.2794487
MOZCUZ,2.7788267,2.3016515
CUHDUF,3.1973379,2.4656248
CUKQIJ,2.9382856,2.2281818
CAHWIR,2.1075218,2.395435
SAXLIM,2.394602,2.0228179
YUDQIY,1.837857,2.1645334
JAQYAB,4.1353145,2.7368186
ATIJES,3.1407382,2.517225
FAGVUG,1.8476532,2.529241
RELLIE,2.3140564,1.7833909
CEMFIJ,3.64687,3.1375518
QOYFUH,3.1023703,3.1834822
XAKDOD,2.8256304,3.6323237
YEDMEA,3.244958,2.6603782
ROHXAN,4.1883764,2.8793204
CIMPEW,2.5722923,2.668214
WISVUS,2.585626,1.9619539
VUVWUG,0.7736197,1.7398059
TEMFAS,2.6256266,1.7729887
WIYPOK,1.8177207,2.1532397
YENMIO,2.7295742,2.1053872
SAFSOI,3.661564,2.938794
WIDSAE,2.4346027,2.492413
XALGAS,2.468889,2.8354251
BONSIH,3.594624,2.6171029
SAFSUO,2.8865838,2.6427202
MIKFAO,2.6457632,2.6601374
PUCYAP,2.8430457,3.0401545
CIJQIX,2.6593688,2.5491304
FUGWAH,2.8661754,3.12427
BOCYEA,2.9755652,2.6970384
MIBZIJ,3.2267263,2.8530147
DADXAK,1.8699665,2.704998
JAWXAJ,0.92926884,1.6891878
ZOVBAN,4.691243,2.7967594
NORQAO,3.6272779,2.6894343
YAJDOF,2.5758297,2.3000069
TUVJOJ,3.4065936,2.5768595
LISNUX,3.4612882,2.78254
SEMXAL,2.8297122,2.591963
GIFQOE,2.01718,1.7747887
BIJKOX,2.2359595,2.0235538
BOPPIG,2.8552907,2.1714094
FAXKUL,1.9638457,1.9637384
VIGYAM,1.4424756,2.534278
CEKFEE,3.1137989,2.8242106
YEFKEB,3.168766,2.9905107
MILCOB,1.6430235,1.5859956
REJBAM,3.0212803,2.7433424
WELYIY,3.0868597,2.8435168
MOSCIG,4.052592,2.7525907
POYKAQ,3.1140711,2.8388615
TUNJOB,2.9605987,2.5820692
FEGXIY,4.1070147,3.0708356
GIZGAZ,2.7418194,1.9660637
NIWTUK,1.7847948,1.8332748
OJANUI,2.1192229,1.8436979
FEZSOT,2.432698,2.2257648
NOBCAK,3.5255072,2.6194031
MEJCIP,3.4871392,2.5517638
LEPDAO,3.250672,2.5609894
AQAPAL,2.5001822,2.2329974
HEXFIA,2.6868522,2.4857643
GEQVUT,4.7138286,3.0509727
YANTOZ,1.8296936,1.891593
GOBBAC,2.5238562,2.385703
CEJNAJ,2.287389,2.5544233
QONSUI,3.369858,2.7323706
FAMGEG,2.2876613,2.0866477
GUZHOZ,1.9605803,2.8008323
GILNAQ,3.5366638,2.7822762
WEYSIE,3.3399255,1.8977091
LEWPUB,3.4302673,2.649732
TODNEH,3.1075404,2.667146
NOFVUB,1.0457336,3.3194778
VARBIC,3.4008791,3.012288
UBITUX,3.0177426,2.4512556
LOHKUP,1.7869717,2.2683177
LIRWIV,3.7766683,2.699946
GUGJUP,3.2977479,2.5335162
TUZSIS,2.0884738,2.3251762
RIPVIX,1.4318632,1.8614074
JOJPIH,3.286047,2.646916
CIHVOH,2.0941882,1.8927633
GUQLOV,3.2580192,2.898826
OSESAI,4.034088,3.3440704
FUMYAO,2.8996453,2.501381
AGUDIR,1.9507843,2.6368515
EVUTIY,2.7875345,2.3999486
SENVAL,2.1306515,1.9054325
NIQTAK,2.769847,2.3261397
TEZGAJ,2.3309274,2.1911833
REDBUZ,3.7219734,3.0028195
NOZDEN,3.4201992,2.7708597
ENUMEG,3.1899908,2.6581745
NIWPER,2.3663023,2.1747618
JENCAH,4.2213025,2.746418
HAZNOM,2.1113315,1.6363777
LEHZEG,2.1779993,2.5289176
OJUFEE,3.1927118,2.8775957
SILMOR,2.9864497,2.8068569
HAHSIS,4.37804,3.0168047
WEGBOZ,3.2367945,3.0080576
HATPAV,2.934476,2.3041105
VAHMOJ,3.1548882,2.7313604
DILYUV,4.3195353,2.859058
VOBLEF,3.3540754,3.010332
TOTZAD,3.6006107,2.5690815
VEQDUQ,3.201964,2.6915152
BAGJEA,2.2427626,2.1122904
SETPOX,1.9409882,2.1579874
WERYIC,3.1483574,2.4501603
KICGAF,3.300469,2.4943595
KESQAA,2.1921492,2.9103262
UDUGAE,2.062623,2.072482
JOJSOR,3.266727,2.9240792
QACBOM,3.6479585,2.6381943
LIDFEL,3.2248213,2.600523
HISYIR,3.2283587,2.8740876
EWUQIW,2.80114,2.4760034
SAPGEY,3.0786963,2.6470828
AVOXOY,2.9973342,2.9814167
KAMDIM,3.0103958,2.3292077
QAVHED,1.4666938,1.6804655
ERIYUZ,2.1570466,2.5392487
HUWVUQ,1.6022065,2.0115423
GUKPUZ,2.9029107,2.2287674
AGIVUK,3.51299,2.9222505
HIGDOT,2.1989522,2.3636065
YIRKIT,3.575304,2.7105503
XOMXAY,2.059902,1.9505051
WOGPUF,2.0903788,1.7771658
PEPNAB,2.1086104,1.9398928
NUFNIN,2.2155511,2.3875675
MILKIC,2.5374618,2.2932816
LUZKEW,2.968218,2.1860237
RECSUP,1.9586756,2.3062296
ERIZEK,4.1230693,2.9983563
WUYFUT,2.588347,2.5245297
SIQLIO,2.7347443,2.2726827
XULFUG,2.7159684,2.2235742
DEQKAO,2.9782863,2.39244
ZEYFAN,2.9023664,2.3853586
VEDREB,2.6351507,1.4366775
IFOREA,4.1761312,3.1981888
AGISEQ,2.9508028,2.362756
YENCEA,3.723606,2.8100626
RUSRON,1.3507732,2.0052285
TUZRUD,1.8106457,2.2845979
GERWEI,2.8139296,2.5955522
CEDQAG,4.8191366,3.3420434
COGKIU,1.4283257,2.1887014
QALHOB,3.826193,2.7402327
LUTWOM,3.126044,2.859457
XIDGAS,2.5750134,2.210702
NOBCOX,2.17936,2.2722843
IHAJUW,1.8751366,2.6197352
XODVUH,4.6629434,3.5200324
CUZZII,2.810392,2.384519
SIWKIU,3.510541,2.0330691
ZOWNIK,3.0128448,2.7252343
ERAYUR,2.3867106,1.9485214
WIJBOH,3.2299914,2.5042582
WIVGUF,2.1997685,2.2764885
MEXXUK,3.9295962,2.8220541
OHUFUT,2.9869938,2.4451816
RACSEW,1.9564986,2.076643
LUVLOE,3.202508,2.5554235
HAVXIM,2.9165163,2.4707496
MIMSAC,3.5646915,3.088266
SELHIA,3.5788414,2.2309456
NIJDAL,2.7829084,2.5162613
BUJSEG,3.2830536,2.7276003
QUSBUB,3.2169302,2.7638311
WAVKIO,2.946993,2.3639889
OJUYEZ,2.8520255,2.7390673
AGAQAB,0.23592272,1.0617809
HIJZAE,1.9984043,2.1820025
EHUXAH,2.3763704,2.4868183
QABKUB,1.7287394,1.9888957
PEQTOW,2.9342039,2.8474255
ZALWIS,1.543974,2.2165413
SENFIC,3.3233266,2.9512496
LILHUL,2.6468515,2.3024743
ETATAV,2.0237107,1.8473711
GACMEE,1.8169043,2.0155468
VUDTIY,3.2925777,3.1696622
LAZKIG,4.1500087,3.2127633
SIVYOM,2.3265736,2.2807345
SEMMUV,2.7848132,2.8528702
XORDIS,3.721429,2.6229832
GICWAT,3.465098,3.053409
NIJWUZ,1.7559508,1.6946696
POLVEU,4.7859387,3.316578
QETDUP,3.0569272,3.1249013
HOVWOG,3.24523,2.35838
XUXRUF,3.6985717,3.1613247
HOTREN,2.7848132,2.3311577
TUSFIW,2.8756993,2.990956
MIKPUU,2.3241246,2.2665288
FAHYOE,2.87706,2.3276997
TEJZEP,1.9200354,2.0400968
GIKVUU,2.203306,2.2897584
MOXNET,2.530387,2.5809882
NEBQER,2.9878101,2.7022133
QEVYUL,2.6544707,2.40178
QUWSUX,1.584519,2.4866993
UZETEA,3.0318925,2.9622386
RAPVEL,4.034632,3.4132757
LONDAU,3.465098,2.3806944
BITXAD,2.3556898,2.8231413
PEBNOA,1.9328247,1.9313428
WISVOM,1.9559544,2.374323
AJUVAE,3.5148947,3.2247362
QAHWII,3.0835943,2.4388976
QARRAC,2.5437205,2.5198524
JOKFEW,2.8288958,2.700382
HINBOV,4.7589993,3.3045864
WIDMED,3.5002005,2.4632993
LICQIY,3.524963,2.8723168
RIVJOX,2.8697128,2.510326
HEYXAK,3.1603303,3.0098293
VIZMEY,3.080329,2.7787392
UWONEA,1.5208443,1.7322042
LINGIA,2.7233155,2.9302595
JERKOG,4.734237,2.8661506
PEGSID,2.8830464,2.0489955
NORCOO,2.526033,2.030025
ZIRLEU,2.4490247,1.8163985
ZOLPEX,3.185637,2.5936418
CISTAC,2.4193645,2.2148192
JEFXAW,2.598143,2.5359697
ZAGSOS,4.135042,3.337613
TISHAE,3.2471347,2.6933186
HAZJOJ,2.923047,2.365428
MEHWAA,1.9235729,1.8675355
NEFWUQ,2.0784056,1.8335053
GABFOH,3.173664,2.722867
AJOKOB,2.9706671,1.9726835
FUBCAG,3.0735261,2.5646415
KEJYOO,2.0424867,1.835913
QACCED,3.207134,2.9536164
IZIJIL,2.1956868,2.5173678
ODUZIZ,2.320587,1.774081
LILTOS,3.4041445,2.5193753
USECIF,2.2721508,2.3938053
ICOGOX,3.1363845,2.416362
FAYGIX,3.778573,2.9566083
LEPGIY,2.0013974,2.282539
BECCUJ,4.213139,2.6962223
QOLLIP,3.4849622,2.547186
BOCXUP,3.4120357,3.085497
XIGGUP,2.6024969,2.642226
SITGEI,3.094751,2.9245358
NAMSEC,4.966078,3.700352
PUCYET,2.1540534,2.0235066
MIDPAR,2.6457632,2.2164814
UMENEG,3.3595178,2.2355113
TUGBEC,3.2942104,2.9893553
QAHHAL,2.6452188,2.8758457
SEWSOC,2.987538,2.6546173
XAMJIE,3.14999,2.1457067
BIHYAU,2.5527,2.8650982
VOGREP,1.7915977,2.3037455
SIJQAD,4.0710955,3.0817647
KALHUB,3.1491737,2.7011902
ECUTIG,3.8610237,2.5631158
ZOWPOS,2.8661754,2.8445566
RIVFOR,2.0365002,1.8880929
GOMZEQ,2.3056207,2.0506175
RAZGAC,3.2395155,2.5821657
NEZWAT,1.933369,2.4117308
RALMIC,3.5140784,2.342252
HOXVEV,3.0324368,2.7394068
FEZZIW,2.6517496,2.0062714
PAFDIJ,3.8006144,3.1146665
REWTUI,3.3393812,2.4406633
IRIJOJ,2.4577324,2.1632166
RAMPOM,2.4667122,2.44814
MOVWOJ,3.3015575,2.9891226
FIFLAK,1.7072424,1.4523836
WOHNIQ,4.5867515,3.8946555
GIFXEZ,3.3421025,2.656794
GABFIB,3.0716212,2.6257608
GOYDAZ,3.214481,2.1296494
POBCUG,3.63272,2.9020069
XINDEE,3.8697312,2.9039464
DEGVES,3.223461,2.348712
WEHHUM,3.3965251,2.6949553
WUMWIM,4.1255183,3.0281103
WIFDIA,2.1352775,1.9841249
XUXSEQ,2.0506501,2.1895251
QIBKUJ,2.7886229,2.3232956
COKGUG,3.16414,2.7710917
UGALOF,1.077843,2.1011534
SAHBIP,3.902929,3.3736663
MOSLOV,2.8816857,2.5542095
PAPDOC,2.5148764,2.1350787
XUDDIJ,3.3957088,2.8339543
NOCPEB,1.906974,2.2275643
WUVZIX,3.2250936,3.153335
RUVTUY,1.9268383,2.1303797
LARVEH,2.4457593,2.268393
XIBGEX,2.7693028,2.4174926
HAVWUZ,2.9067202,2.8237388
SUPPEY,3.4846902,2.988738
HOHQEB,2.3363695,2.158632
QOKBOI,2.6928387,2.490917
XEKJUU,2.8977406,2.0592268
XIXYUA,3.1703987,2.1258883
TEGDUH,2.1132362,1.9794602
JOHRAB,2.0607183,2.2870185
XUFYOM,3.068628,2.51971
EQERUO,3.32632,3.0674038
MAMFOX,3.0972,2.8515766
FOWGON,3.2871354,2.4654202
HEZBUL,1.7224808,2.085938
YAQSUE,2.552156,2.1918664
TIWLOA,3.2161138,2.8104
NAPNUP,2.3126957,2.419558
RIXTUP,2.8321612,2.499992
VAHLOI,3.1780179,2.9020936
QAMHIW,3.1078124,2.541799
JIMXEL,1.7328211,1.7232078
GIWBET,3.5461879,2.7949512
NOJJON,3.9105482,3.077311
IFIKUD,3.7276878,2.7000768
NUZXEM,3.0944788,2.566283
NURBIN,2.5439925,2.4396727
TOXFUH,3.0008717,2.3843899
HIBREQ,3.3772051,3.0350683
XEBHIY,3.326864,2.4727342
XOXWIQ,3.2400599,2.1605756
FAMGAC,3.2411482,2.6192653
LUBZOX,2.1937819,2.2750163
BAQFUV,2.7940652,1.9806111
MOPVIX,2.934748,1.9622312
RIRCOL,2.7586904,2.6223693
FOPDAP,0.5929361,2.6850522
BIKWUO,2.6721582,2.1458888
EBAGEV,3.1744804,2.8338463
TIMCAT,3.1551602,2.691392
FOMBIV,0.81225985,1.8314219
MENCRU,3.4204712,2.6900852
OFIBIO,2.576646,2.1541982
YEMXUM,3.1483574,2.480618
ALEYOG,4.173682,2.9424806
DERLEU,2.0536432,2.3675106
AGEPOU,2.3018112,2.2746952
AGOQET,2.8052218,2.5432823
WEYSEA,2.416371,1.6330798
QOVJAM,3.6936736,2.9318445
XOQWOQ,2.9358366,2.4694576
FUDLEW,0.95675236,1.967447
NASMOM,3.9279635,2.8178973
MERYOA,3.6487749,2.8656914
KACDOI,3.2414203,2.5090415
REGFOA,1.5355386,1.8141358
KOGGUJ,2.3124237,2.1930947
GUZSEZ,2.6925666,2.528817
ZIGTOA,3.4950304,3.148456
ICOMAR,2.2863007,2.2265942
FUXSUM,0.20245272,1.4478887
HIFPES,1.9450699,1.7612368
HEDYOE,2.6188238,2.5578136
SORZEG,2.3290226,2.5455048
VANBES,2.709982,2.390557
UPONIX,2.7695749,2.1731129
VOGQIS,2.982368,2.397724
ZEYDEP,2.8716176,2.4786117
XUPNAX,2.8699849,2.5897489
LOJYAN,2.0667048,2.0486364
MUSFIQ,2.5401828,2.3486075
YEYQIF,1.7714612,2.2464876
MIZVOJ,2.6863081,2.2940805
VIRHAG,4.729883,2.6464512
REHPIG,2.2552798,2.1575131
MUNZUR,2.5831769,2.5451634
BIDCAU,2.5246725,2.319218
TOFZET,2.3502474,1.5990038
TUSTAD,2.3984115,2.9546828
SUXJUS,1.8479252,2.6214156
JOBLIY,3.3655043,2.8785932
NODRUT,2.5159647,1.8094043
OFUWUI,3.5791137,3.2979963
VIVGIS,3.1195133,2.4507313
QEXMEL,3.5815628,2.9853733
RIVNIT,2.9543402,2.7843072
CUJHEV,3.7622464,3.387514
SOXRAZ,3.4743497,2.5782404
VAHLUO,3.180739,2.9161386
QICLUL,1.4098219,2.0231905
DAMBEA,2.1720128,2.1562774
BIWBER,2.4101124,1.6533176
VIQROC,3.1075404,2.7950134
ROJPUB,2.5616798,2.4088197
QOZWEJ,2.7459009,2.6503153
SEQDIC,2.5872586,1.987732
WUNCEN,2.4786851,1.9594641
JISVIR,3.3189728,2.498878
LANSEZ,2.2800422,1.6950762
RAJXOR,2.6656275,2.515167
HOQYIV,2.1918771,2.2064097
QASWUC,2.1948705,2.6006837
JELWED,3.3736677,2.542355
RIHFOD,2.4838552,2.6022263
UZOROR,2.8713455,2.5769536
ABIRIO,3.8531322,3.2507896
IWELON,2.6639948,2.1681852
NOCWUY,2.1573186,2.3358006
IFOQUP,3.9764,3.1174161
GEHNOW,3.7989817,2.2872884
ENESIZ,2.9761093,2.3765965
HOXTOD,4.2237515,3.0099533
HAXSIK,2.4805899,1.8530042
WAWMIS,4.983221,3.186144
VEJCIZ,2.7867181,2.4211314
BUZYOL,2.349431,2.2387035
JARVAA,3.1040027,2.6887155
SEWQOC,3.4514923,3.3499613
YANTEP,1.9358181,1.9780458
WAVLAI,5.319826,3.347385
TOPCIK,3.2991085,2.5399284
TOMSEW,3.3652322,2.3993328
WORFAK,0.18911913,2.8205082
QALHUH,3.1146152,2.4772394
GAHRAI,3.221284,2.942412
YOJREU,2.4359634,2.1694698
IBEFUT,2.6520216,2.0696976
QUQYEG,2.612293,2.6413817
VAHROL,1.6993511,1.6832092
YEWTAY,2.4560997,2.2993252
NAHMUG,1.7140452,2.1779025
PEVSUG,2.1622167,2.1132512
LUTKOA,3.5029218,2.8243866
BIFDEB,3.3731234,2.70117
LAZZOC,3.695034,3.184842
AFAFEU,3.4642816,3.08654
OYUPII,2.6536543,2.5158277
CEMJIO,3.1050913,3.008409
VIXTEE,2.8958356,2.5977757
GAKLAI,2.5442646,2.552442
CAJZOC,4.275997,3.7625794
JOJTAD,3.8057845,2.683337
ZISPOG,3.142643,2.7908275
OPIWIV,3.2686317,2.7011094
RANLIB,3.1774735,2.4635224
TOZMIE,3.2196512,2.8719268
AQACAY,3.6289105,3.1549952
NIGPOK,3.041961,2.373046
UJEHAT,3.4384308,2.6398597
TUVQOR,3.9685085,3.0966382
AWICOA,2.638416,2.0210161
OKISUW,1.4413872,2.6188648
MOJYEQ,2.803317,2.6100156
YOYHAV,3.6871428,2.8773792
AGAXAI,3.1889024,2.0958962
VUVKAZ,3.4308116,3.0431492
JISTIP,1.3077792,1.9052932
HAYGAP,2.887128,2.4525406
GOBGUA,3.3475447,2.44733
UCOPEJ,3.3780215,2.551722
BOSROQ,3.0762472,2.5908284
VIXRUS,3.2898567,2.6604204
JANBUW,3.6765304,3.1167238
WUQDER,2.346438,2.065368
GUZZIL,3.1418266,2.4688253
NAJXUS,1.9086066,1.6380945
MEJCOV,3.4403355,2.5268319
ZUYHEG,3.7837431,2.8331437
CAGMAA,2.9317548,3.0139475
FOHXOR,2.9157,2.6274838
FUMXUH,2.9246798,2.4275887
YEYQAX,3.6076856,2.6690803
TUJHIQ,2.7693028,2.3891134
JAFTES,4.468926,3.0510669
ZITDUE,3.085771,2.584392
NOZBAH,3.2201955,2.821497
YOJVUP,4.965806,3.0361664
HETNEZ,2.94917,2.3066702
LOTZEB,3.4381588,2.9755642
ZEQKIP,1.3616577,2.3205926
YILQIW,2.1657543,1.9626137
QEFROK,2.6033132,2.5007203
ZISPIA,3.2348895,2.7905316
REDYOP,3.4049609,2.7181559
SILMIL,3.0754309,2.9027147
GUDVOQ,4.4104214,3.397493
IKEKOY,2.6090276,2.7574594
ZACLOE,2.0985422,2.75206
VOQFAK,3.8893235,2.9419153
CEVJIX,2.3499753,2.4996562
YOTTOS,2.4936514,2.0523856
IXOQAO,1.237846,1.2868484
NEHGIQ,3.5382965,2.4774873
UCUVAS,3.2250936,2.5910816
VAHJIX,3.2035966,2.3840258
ZEGXOY,3.2542098,2.3443732
TAVMOS,1.4177132,2.0362158
SIMHAZ,1.7336375,2.0751152
OCIBEH,4.33042,3.1758962
NALTOK,2.6656275,2.7363822
TUMKUI,3.2495837,2.7983146
HEDSOB,3.391355,2.5759933
KOLFEY,3.5214255,2.6333468
MIDLUH,3.5529907,3.03388
JAFMIP,3.520337,2.6847878
KUMDAY,3.2161138,2.2681637
OJOVIS,3.2362502,2.734642
KEHNUH,1.553498,1.9730427
SILNAE,3.16414,2.7902446
GITQAB,3.429723,3.1199646
BIJDEF,3.4163895,2.6293416
SARKAY,4.260215,2.588277
VUGJAJ,3.2841423,2.4777107
VEBHIW,1.911872,2.395142
CIRRAY,3.2686317,2.7994719
KATMEY,3.3842802,3.1333559
RAVWOD,2.2982736,2.702474
MOKDEX,3.1037307,2.157601
CIMWEA,1.2849216,2.3087132
HOFTOO,3.4955747,2.711491
YIGWUG,2.8522975,2.2997732
TAPRUA,2.5001822,2.3013306
SIOCRU,4.1407566,3.2527447
SIQXUL,1.8291494,2.6132038
HOVCIG,2.673791,2.5422378
JIJGAN,2.7872622,2.7109127
HUWVOK,1.8231629,1.9845228
PETQAJ,2.963592,2.597676
PELGIX,2.936653,2.7260487
SURFOB,2.1935098,2.1803622
WUGDAD,3.1086287,3.147646
XUZHAD,2.2803142,2.026044
VAWYIB,2.8487601,1.9863381
HUWLOA,3.00196,2.1281097
VOJGAE,2.8626378,2.6726768
WEPHIL,2.0313299,2.5845544
SIGDAP,2.2664363,0.6880739
RUHJOV,3.4732614,2.7992363
MOWVID,2.8912098,2.2354515
SARLED,3.3151631,2.876055
HUPLEK,3.1121662,2.7619781
NAKHEM,3.204413,3.0336592
XIPRAP,2.8378754,2.3116016
TOWTOO,3.1891744,2.3527637
MARYEK,2.676784,2.258239
REKVUB,2.5554214,2.173568
HUQMEM,2.5657616,2.073738
HAYJAU,3.3739398,2.6522348
SAWMEK,3.5037382,3.1108387
MIVJAD,2.8612773,2.4699059
YIKKEJ,2.3937857,2.3959231
UFIKAY,1.7020723,1.7944067
FEJYAU,3.1540718,2.4810507
GIKBAD,3.2468626,2.5232236
GETKAT,5.052338,3.2285056
SAHBOV,3.7086399,3.1314025
XALFUL,2.8220928,2.3532698
PIQVAM,3.228631,2.4760985
FEPVII,3.2365222,2.7661326
TUXHAX,2.8122969,2.5184095
AHIHII,2.1203113,1.7274767
TEKPUX,3.350266,2.7527747
LISQIN,3.2433252,2.0632453
LUQPET,1.9031644,2.0318663
VAHBIR,1.7921419,2.216233
LAPXOP,3.0683558,2.7430692
VOWDAO,2.8778763,2.411839
ZEGYUF,4.6955967,3.4422116
LEPFUJ,1.9439814,2.2044425
UCOPIN,3.7872808,2.641848
SOLZOL,3.2267263,2.517451
GUBQUP,1.9303757,2.2208438
TENXAO,1.8348638,2.1068945
OFAHIN,2.2424903,2.5519128
YIXDIS,3.6797957,2.8030732
HUHQUX,2.4362354,2.1903033
VOGNEM,4.0136795,3.527309
NEKVIK,1.6887386,1.6156303
MOMLAC,3.1151595,2.4338503
MEGFIQ,3.3897223,3.0026004
WEJBOE,2.1423523,2.476964
MURVOK,3.0928462,2.460026
ZUVROX,3.128221,2.7221262
GIBMEM,3.1064517,3.14726
EHOVEE,3.4659142,2.0003924
AYEZOV,3.221556,2.4463172
HEZVAM,2.1442573,2.379981
BICLIL,3.391355,2.6704059
MOYLOB,2.2024896,2.772924
LOFMID,2.024255,1.9239174
QEJMAV,3.5023775,2.3986824
ALIKEL,2.569299,2.2755456
IKOWEL,3.2354338,2.9320881
LODJAP,3.128221,2.627339
OYUQEF,1.5801651,1.4430549
YINLIQ,2.0043907,2.37019
YAHZOW,3.5195208,3.2906277
TOLBEE,2.2713344,2.1117194
PETPIQ,2.7034512,2.6225755
REKCIV,2.7619557,2.8988166
JOPKIL,2.386983,2.1665878
AHADIW,2.8256304,3.0930576
KIJGEQ,2.127386,2.4350152
WOSNIB,3.3284967,2.5199609
VOMTAS,4.292324,4.525503
OJEMEW,1.818537,2.2377977
HIVRAH,2.6261709,2.6896272
DAGFOG,3.790274,2.7521405
QASNUU,0.45905608,1.6290611
CEJNEN,2.8095756,2.6117778
HIWVIU,3.3450956,2.4694624
NEBQIV,2.872706,2.619436
MEXKEI,2.3537848,2.3000343
DATYIH,3.5616984,2.8263967
QEXDUV,3.5494533,2.7257736
AHADES,2.9674017,3.0254076
ZELJEH,3.8438804,2.9967647
JEVDOD,3.0958395,2.76583
TAHWEF,2.3619483,2.0188265
TEWXEZ,3.209583,3.059926
HIQPIH,1.5088713,2.1480503
FIMMUK,3.1486294,2.8568788
YOBXIZ,2.841957,2.3889832
QACCAZ,3.632176,2.5327888
AHUSOL,1.7107799,1.7422714
XIDFIC,2.7192338,2.5131774
DESRUP,3.2868633,3.39861
TOMHAH,2.6490285,2.1384244
PENTUY,3.2027802,2.746213
GERTIG,2.793521,2.7053292
TERTOA,3.3440073,2.1718585
NOBFAM,2.2786815,1.8888627
TIPPOX,4.46049,3.1163456
CIGLUA,2.9616873,2.0156417
DUHZUB,4.7881155,3.2837493
KUFFAT,3.6120393,3.3602195
NAQVIL,5.5184693,2.7431922
MIDSUN,2.4373238,2.4471524
VAQMIJ,3.0797846,3.5240948
GIWCIA,3.209855,2.3675342
IJOBOA,2.3344648,2.390183
SUSGAO,3.204957,2.6053255
TAYSIX,2.5078013,2.874869
GUQTUJ,1.6862895,2.571293
NENMAW,2.9309385,2.4762478
JEPQUT,1.5360827,2.0795588
QAPXIP,2.191605,1.976408
LUSTEY,4.0928645,2.8926609
DAHPUZ,2.5823605,2.2534366
MUFWAN,3.192984,2.596614
WOYSAG,2.4786851,2.35484
SOCQAC,2.2163675,2.4586563
SOMNEO,1.4054681,2.0417461
VAZHAH,1.8536396,2.304783
GAXRIJ,3.1001933,2.5356307
NEBNEO,5.9639196,4.3038974
TIGZIU,2.2517421,2.2407897
LOMWUG,3.4381588,3.1050053
FUYXII,2.9946132,2.7511218
YOJPAO,2.1660264,1.943421
RIXJEN,2.146434,1.9537264
ZEVXON,4.6185884,3.6825137
OPADOZ,3.6808841,3.155963
HEZBOF,2.0247993,1.9919529
YEHZER,3.4444172,2.3705702
VEBZUX,4.877641,3.1936536
XAGGIY,2.6419535,2.5585155
HORZUM,2.3194985,2.001954
YEFYUE,3.615849,2.6482687
QIBFEM,3.759525,2.9394622
REVHIJ,4.1696005,2.569657
YEZBEK,1.9616688,1.8082587
REDREZ,3.4950304,2.7562087
PAWZAR,3.1219623,2.409561
AGIWIZ,2.975021,2.6055923
GERMEW,3.8436084,2.9825666
SEJVAH,2.9717555,2.8612645
LAKYIG,3.986196,3.0132673
PERDOH,2.0969095,2.4208965
NIQBAS,4.5690637,3.4452496
MEBTIW,3.1004653,2.0047417
WURQAB,2.1399033,1.4852221
WILSUH,2.7238598,2.2302198
LOQWAR,3.266727,2.3515382
MIKHIA,2.0713308,2.362183
YENMUA,2.6977367,2.3565862
IKUFIF,3.0795126,2.3942776
BOGTIC,3.2384272,2.6759176
VILPIR,2.3600435,1.9018201
NICBOR,2.456644,2.4354267
QICLOF,1.2879149,1.8211035
TIFCAN,1.3970326,2.3657799
IDEHII,3.6193864,3.0523756
SOVZUB,2.6229055,2.418255
CISTIK,1.6457447,2.0656435
XESTAS,4.2887864,3.0251656
LEGPOC,3.651224,2.5693257
GALHOR,2.7717519,2.922598
MUQYUT,3.39843,2.622884
MICJOX,3.8030634,2.8918283
JIPPEG,4.198989,3.7455084
LIHJOD,3.26455,2.7086227
WATYAT,2.825086,2.631513
AXIVEI,2.8327053,2.4954805
ETAWUR,3.2272704,2.559261
KOKMEE,1.4324074,2.0994508
GALGOQ,1.9137768,2.3695781
IPIZIS,4.4008975,3.0671544
TARTAI,2.8280795,2.0968306
ZAZREA,2.203306,1.9970253
PADRER,3.2318964,2.2071373
FUYVUR,3.1916234,2.5286274
MODJAT,2.035956,1.9767171
CAZHET,2.0977259,2.2189407
QUMDUX,2.6721582,2.301639
LAKYEC,3.250128,2.6108007
SAFQUM,3.496119,2.9298296
FAHZUL,2.5159647,2.357287
XOJMAK,3.1562488,2.1603882
DAXTUR,4.2694664,2.9905703
AJAYOA,1.2990716,1.3506509
QEGCEN,2.163033,1.8018003
RITXEX,3.5671406,2.9863923
OSERUB,4.107831,3.399304
MIDNIX,2.8522975,2.5514681
RACTEU,3.2468626,2.8178258
WUNGUJ,1.7981284,2.585636
NOWGEN,1.8552723,2.3966706
QOJZAQ,1.9107835,1.79973
QUVYOX,3.6025155,2.7637198
JEMKEU,2.0345953,2.3243349
QEQHEZ,3.345912,2.6118493
RIMKON,2.530659,2.7965946
KICTUL,3.405505,2.350516
UGOHII,2.463991,2.3790553
GIMWAA,3.7083678,2.8607316
PIKRIM,3.6172097,2.9420407
ZELKIM,3.3829195,2.5380304
KEYXIV,3.4955747,2.8934457
RIFMIC,2.7257645,2.4729304
HUPMEL,3.1274047,2.669591
XUZMUC,2.555149,2.413294
HAHCUQ,2.0955489,1.7364835
SAGBOS,1.9684716,2.146649
LAHTUJ,3.6833332,2.8013806
XUTFEZ,2.4106567,2.11677
HERREB,2.6063066,1.6563231
IGUPIJ,3.4016955,2.8775263
XEDXOT,2.4082077,2.133869
TOBNEG,3.1780179,2.610602
ZORMIE,2.5110667,2.352889
SASDIC,3.86184,1.7481921
QEGCAJ,2.2016733,1.7178894
TANYEP,2.6305246,2.3688803
SIBCAJ,3.988917,2.9747813
SEMDOE,1.2549891,3.11894
NABYUN,2.79597,2.585133
JOFREC,2.2188165,2.119636
UMANED,2.8577397,2.4093084
HEDRIU,2.8022285,2.4953117
VEJCEV,2.2335105,2.4000728
OLOSIT,2.2209933,2.5754626
HUBVUX,2.5943336,2.0866528
OHUFIH,2.1545975,2.0916934
QICYUZ,2.7282135,2.6041899
DAWZIK,3.3701303,2.4670496
RUSRUT,1.6922761,2.0539472
HOWSOB,3.020736,2.9604104
JAQROJ,1.8563608,1.7062719
UZIFAM,2.5673943,2.420618
PASFUL,2.4528344,2.0484543
QOYHAP,4.2264724,3.6342444
IVENAY,3.4381588,3.2930655
QOJCEX,4.0498705,3.697013
WEVCEG,1.7058818,1.9555836
MEBWIA,3.188358,2.1471019
MIBYOO,2.8052218,2.7162757
YOJGUZ,3.8849697,2.5996306
PAWRAH,2.9595103,2.6024466
ROKSIV,1.8577213,1.7029852
TORHUD,3.4264576,2.952956
ADANEB,3.2196512,2.631899
OMENUP,3.5491812,2.822193
NOMMOU,3.5951684,2.8044322
SEVJEL,2.6011364,2.0881138
UNAVEM,3.4640095,2.9008617
NIPHIE,1.8313262,2.1691313
URUJEY,3.182916,2.3282561
HOSGUS,2.8920262,2.6604786
LESTOS,3.1867254,3.195816
QIBKIX,2.7804594,2.1216033
WOKVOH,3.1537998,2.5353892
ADUYOP,3.1731198,2.450682
WEKSUB,3.2792442,2.9873815
NUSWUT,3.6079576,2.8267365
WATQIT,3.3372045,2.584756
YEXLIZ,3.2808769,3.1277175
MUQDOR,2.6650832,2.0342035
VOXDET,3.505915,2.4048185
PALXAC,4.0106864,2.6272135
BAYLOE,2.4269836,2.6375823
AGOHUZ,2.335009,2.2188127
SIVYIG,2.7597787,2.5006616
VOCCEW,3.730409,2.899394
WUQQEG,2.1306515,2.420142
RANLEX,2.5995038,2.3613124
QOLGEE,3.171487,2.8248212
GAMZOL,4.0019784,2.8203988
ZORGUK,3.955175,2.8450422
YINTAQ,2.9625037,2.376371
CERJAN,2.7461731,2.2074246
OFADII,2.4463036,2.232057
ROHNOS,3.0517569,2.4903085
KIGFAJ,1.6500984,2.3443348
HUHMIH,2.6416814,2.2576938
EWUYAX,1.4106382,1.9510837
VOHBOK,2.2980015,2.22588
BOSQUV,2.9426394,2.5590699
GELGUA,3.8819764,2.9379654
SENDIA,3.4950304,2.5770893
FEHQOY,3.5685012,2.9244905
XIXJIY,2.793793,3.2057927
TIKWIW,2.6495726,2.6110542
NORCII,2.8095756,1.9703693
MAFGEG,3.4757104,2.241584
LAHQER,3.2030523,2.592837
QETLAD,1.4427477,2.006613
BERQEX,3.699388,2.812438
SEZQUJ,2.4580045,2.2161767
XUWDEY,2.8264468,2.3691874
VIQVOI,2.4552834,1.9000567
MOSNEP,2.3932414,2.0851164
ZEFWUF,3.1110778,2.4666128
IPIZEO,4.0852456,2.9532025
MOYQEW,3.4003348,2.8480287
FISREG,2.8261745,2.7432692
RUCWET,2.777194,2.386252
QEFRIE,2.722227,2.4166772
AXITIK,2.9314826,2.4958222
FIVLUS,3.269176,3.050843
BASLIT,2.0558202,1.9076056
AHEJIH,1.8672453,2.135221
BASNIV,3.169038,2.7609267
YOPZIO,3.4811525,2.7574804
WEYTIF,2.9328432,1.9402506
NOKVUG,2.9736602,2.8631394
COWZAQ,1.9970436,2.5345519
KOKGUP,2.3856223,2.1018584
WUSYUE,2.4084797,2.4472623
FOLNAW,4.351917,2.7641485
LUKNUB,2.4558277,2.0188503
HAVXEK,2.6724303,2.74128
NEGCOT,3.2689037,2.9113889
GAKZUQ,2.4019492,2.8470926
AYUTAP,3.147813,2.1702604
TUXDOH,2.8400524,2.4143665
WAVKAH,3.6822448,2.8221471
FIHKAJ,4.969343,3.4458928
REDDAI,2.024255,2.037168
FEWVEI,3.250128,2.515995
SOGYIZ,1.6476494,2.130495
IPOBEW,3.6966667,2.8822227
QEYLIQ,2.5461695,2.6748242
ZUXCIE,3.0765193,2.669435
LOPCUR,3.094751,2.9817204
RUXPIL,2.901278,2.2244635
RACSOG,1.9330969,2.360738
EGISOC,1.785067,2.0589914
XAYDAD,2.9241357,2.9426253
NIFNAR,3.367409,2.553102
HOGNIB,1.8296936,2.4926937
ALACOH,2.9668574,2.493461
JIZNOW,3.188358,2.8153775
LUTKEQ,4.3217125,2.783215
ZEQJEK,3.9758556,3.2388554
DAXBOT,3.3878176,2.515408
QAHTEZ,2.9222307,2.4397643
BOHTOK,2.8618214,2.4059372
SELHOG,3.8754456,2.2210414
HIJYAD,2.77665,2.3220563
TUZSOY,2.14589,2.125981
DIXTEM,2.5638568,2.2022715
COKRAY,2.7736566,2.1565897
VUJCIO,2.021806,2.355953
SITHEJ,3.1290374,2.6615565
KENRIG,2.6822264,2.1047747
PAXMIL,3.5075476,2.7139044
JINJAS,3.192984,2.3815157
URABAS,2.7393703,2.6328084
GEPKUH,3.128493,2.5901675
TETZOK,3.255026,2.4667044
AZAJIW,3.8689148,3.6058588
RAXQEM,2.7399144,2.5066783
FUZJAN,2.1619446,1.9120102
RONQOD,4.0471497,3.5411031
IGENIT,2.6710696,2.7211277
RULZON,3.4177501,3.2009032
DAVDEJ,3.4046886,2.9272137
PEMBAN,2.736649,2.468284
LADTIW,2.471338,2.4061887
KUCWAH,3.3742118,2.7029321
ODICIP,3.1339355,2.57883
YIRPOH,2.552156,2.1807337
YEXZEG,2.9298499,2.8267145
IMUDID,4.02919,3.0876153
FAJFED,3.59925,3.2870932
QUMHUD,2.2065713,2.3047745
YEDHUL,2.1205833,2.0713952
JEPGER,2.8612773,2.603202
MOFWAF,2.9940689,3.0504947
SIBBUC,3.7295926,2.7567651
WAVLEM,2.853114,2.5954678
ITEFOC,3.6365297,2.6242304
TEYTIB,2.7156963,2.5922637
VIRFIM,2.040854,2.1035066
LUSJIU,2.8789647,2.5275326
LOFTEF,2.736649,2.7333047
LUQYOL,4.4128704,3.0113547
NAHBAB,1.3276435,1.4586164
ODIBAE,3.116248,2.8722806
PIKMON,2.918149,2.412634
WALCAN,2.9303942,2.3761263
COXQEN,1.6492821,1.8433663
LOQXAR,3.4879556,3.0362093
TCNTRU,3.1889024,3.0299842
UPOLAO,3.7078235,3.0513427
PAWZOF,3.140194,2.5566428
ZAVLEQ,2.6620898,2.3689637
QEMVOT,3.2275426,2.6608908
USAPIO,1.8577213,2.1984105
TEGVOR,2.4395008,2.1335144
UFOLAC,2.5624962,2.2821891
PUBVOY,3.0188313,2.5441895
FEZTOV,3.6305432,2.678454
PERYET,2.3717444,2.0625494
WEXLAN,3.938032,2.6658926
SASXAL,3.1682217,2.0582886
ZIRSUO,2.698281,3.237619
RAYCEC,3.7701375,3.0524166
TINFOM,3.9061944,3.1424541
HOWRUG,3.6963947,2.4210806
TEBYAC,3.1918957,2.5104015
NALPUN,1.8598982,1.2581788
KOZREW,3.4585671,2.4598489
MANPAS,2.8618214,2.5860496
XAWDUU,3.2680874,2.1342635
CIFGUU,2.7303905,2.2861352
EHAJII,2.9712112,2.5838213
MALXOO,4.0305505,2.8725114
IPAKUF,3.4332607,3.1026263
MEXJEH,3.2849586,2.4462903
RELYUE,2.1807206,3.331461
SINFIG,2.8161063,2.9876907
YIYVIM,1.7559508,1.7460918
XUVLEH,3.1750245,2.4024005
HIGGOW,2.138543,2.5199995
ORIZIZ,3.8958542,3.410057
QUGMOV,3.5685012,2.439782
TEZHIQ,3.5913587,2.5558438
DAZDUD,3.350266,2.6712372
SERGUT,3.3187006,3.1102812
WEJMUU,4.017489,2.4958496
PEZVEV,2.8239977,3.306509
GESYAG,2.7091656,1.9786203
GUZHIT,2.2256193,2.6706123
LIRDEW,2.8520255,2.8269506
REWMAK,3.087948,2.7865937
QAZXAS,3.63272,2.8112452
PORGIN,2.7303905,2.4790182
LUSTOI,4.0044274,3.252554
TIFWUC,1.789965,2.1833558
HAMBIH,2.6854918,2.157554
EZABOW,3.5211535,2.9005203
CITLEY,1.6054717,2.0730171
JOPKOR,2.9578776,2.206356
VINPAL,4.789204,3.2099166
UFEFAP,3.5747597,2.7066698
PERNUY,2.1167738,1.8597116
UYAKUB,2.9959736,2.444539
OHIDIU,3.2014196,3.3120327
XEYPAS,4.945125,2.9926941
JIJFUG,2.7015464,2.4601934
GOMSAF,3.4022396,2.8586514
MAZGOL,2.389976,1.9726462
ATIJIW,2.6392324,2.4365492
PAXMAD,3.900208,2.981464
IPUBEC,2.8378754,2.5508783
HIMRAW,3.2414203,2.517281
XUWHON,4.4866133,3.4496717
JAKSAQ,3.5070035,2.6518857
BAYPID,1.9828937,1.1854515
CIRJIX,2.200857,2.387865
VAFYAC,3.0408723,2.5516105
VAYZOM,1.9170421,2.285195
IFURAC,3.460472,2.1839948
NINFIZ,2.1706524,2.0480983
VOCPAG,2.9317548,2.5458226
TORMIW,2.6618178,2.367648
EQOZAM,2.129291,1.9874914
QIRZEW,1.8985385,1.9699216
SAZYUQ,2.3586829,2.1858535
SEMVUD,2.9342039,2.5861092
XUNRAA,3.1774735,2.7323248
WUGKEQ,2.6354227,2.4401574
ODIDUB,1.7045212,1.1461546
DONCER,3.450676,2.7561193
LAPXIJ,3.39843,3.187349
PICJAN,4.356271,2.7285244
LARYEI,3.4705403,2.8129494
YIXDEO,3.7513616,2.6488771
RUXFOF,1.684929,2.2902267
VOYJIE,1.3415214,1.6983507
QABTAR,3.1382892,2.54311
YEHSUA,2.8403244,2.570787
JIWQAH,1.541525,1.4333894
UGERII,3.082778,2.4361777
DERKUJ,1.8887423,2.586574
ADIXER,1.5249261,2.893389
VABXII,4.45015,3.0143125
RAMQAZ,2.2419462,2.5129557
ROLDAA,1.9325527,1.7906888
MIYQUH,2.0234387,1.625829
HADHOL,1.8579935,2.369592
LUQMAM,3.752178,3.341986
VIRFEH,2.8400524,2.9203327
VIQVIC,2.8346102,2.30296
HIPCOZ,1.2253287,1.5253154
DAHTOX,2.1382706,1.9429021
PAXMUX,4.2985826,3.234328
LOQPAJ,2.590524,2.4836562
BAWPEU,2.0307858,2.080024
QOCPON,4.154362,3.1365793
ZOJSAS,3.0789683,2.7958531
LOZKOC,2.382629,2.2551734
WOWPED,3.0318925,2.9907372
EQAFOS,3.1197855,2.1703806
YEZNOG,4.053408,2.8876932
TIVVEZ,3.0193753,2.538282
UCAVAV,3.1676774,2.809968
DAFNIJ,3.0868597,2.6441798
QICREB,3.8014307,2.4220197
KIXYAT,2.4982774,2.085278
UBISUW,3.0503964,2.4268692
KIMKIC,3.2988365,3.1652305
PAMFAM,2.5192301,2.557728
IZUFOZ,2.5439925,2.3252034
VOXTAD,3.4308116,2.6481571
NECJIQ,2.167931,2.6328762
NABYIB,2.7750173,2.5463634
PADQAM,3.446322,2.5590317
PUPGOY,2.4868486,2.527779
HIKKOE,2.2914708,2.0480466
PIFDAK,2.2509258,2.1687715
REMSAE,3.2890403,2.755698
CARSOD,1.8228908,1.9200393
SAKDIS,2.9736602,2.4516222
UMUQUQ,2.2016733,2.3354692
JURJAH,3.5736713,2.7582273
HOTRAJ,3.7978933,2.8404832
RETGEC,4.608248,2.7480717
EBEHOK,2.2065713,2.4213574
TOBMEF,3.290945,2.551856
KULKIL,3.1774735,2.2731948
XUZMIQ,2.8468552,2.2878554
YAYLES,1.3257388,1.5806451
NINDIZ,2.8308005,2.9501948
DOYRIS,4.529335,3.0590458
ZIPLIT,3.5363917,2.6059391
ITUYIH,2.912979,2.3074245
NUDQOU,4.3339577,2.9701889
MIDNOD,2.4536507,2.4628453
ISIXUD,3.5023775,3.5597708
ACOSEQ,2.8359706,2.4365916
FIHSOG,2.4577324,2.0556097
HILZUY,1.6024785,1.9574727
GODCEK,1.50098,2.5911129
EQUYUK,3.455846,3.4369564
LIFDEJ,2.8313448,2.7407496
OKOKUU,3.6604757,3.0516257
QIWPUH,4.4172244,3.8127606
SUQDIT,1.1453272,1.6762918
EPUXIY,2.6903899,2.3643756
CORKID,3.1420987,2.4285526
EMIHOZ,2.7140636,1.8700161
NAQSAA,2.6261709,1.5710697
XEMCUO,3.4680912,3.263873
GIDBUT,2.4887533,1.9711245
XIPJEO,1.2269614,1.957246
SIGJUO,3.2185628,2.6340709
POSHAH,3.0163822,2.4447443
GAQSAS,2.81529,2.495969
ZOYJOO,1.97854,2.1993098
QAWXIW,1.6892829,1.8477894
CAHNIJ,2.9924362,2.4935672
DAFPEG,3.9633384,3.0493498
KAWMUQ,2.6210008,2.045835
COXMUX,2.1303794,1.9809866
ORAKAV,1.9779956,2.0117283
JEFVUO,2.6558313,2.408547
HUNXAQ,3.333939,2.9111662
ICESUG,2.8144736,2.337547
VEFREE,2.1897004,2.1385415
SIHLUS,2.8332496,2.6456196
LOMXAN,3.2928498,2.9045167
POGNII,2.9298499,2.8303792
LEYJOR,3.0011437,2.1551704
YAQLOU,2.8427734,2.4352765
SIXBUY,3.405233,2.3399365
EREFAI,2.2354155,1.3263966
KUGDEX,2.587803,2.565968
ETIMIE,1.4522717,1.5580109
CEZHUM,3.9040177,2.4863403
CEPQAP,2.7510712,3.3097553
DAQBEC,3.063458,2.9133823
MACQOX,2.9309385,2.5979428
MUQYUU,3.2917614,2.6197815
YEWSOL,2.351608,2.4511356
OZADAW,1.7058818,2.0204518
REKCER,4.530696,3.0654762
KOLREI,3.6787074,2.905676
RETSOY,3.6817005,2.551628
CIVRIL,2.4158268,2.1149182
IREZUA,3.8566697,2.568151
AQERIY,2.2065713,2.409358
WONMAN,2.652838,2.1813612
TUXFID,2.861005,2.3601637
TOPZUV,1.6473774,1.9773808
NOZBIP,3.9494605,2.6754375
OHIDAM,3.7739472,3.2273622
CAGLUT,3.1059077,2.9994714
HOHVEH,2.198408,2.1921995
PUHXEW,2.9527075,2.3732853
QENJUO,2.8811417,2.5720367
OZOLOG,2.4980052,2.639723
SISLEO,4.045789,2.920431
DOMZEN,3.3548918,2.6993673
TADTUP,1.4449246,1.2114633
GEVROO,5.0428143,3.4755197
VABLOC,3.6259172,2.924269
IGUPEG,3.231352,2.3749928
FUPHII,3.577481,2.9853716
NIKGAQ,3.1431873,3.0247202
DESJUJ,3.312442,3.304529
ABEWUZ,3.3440073,2.4557786
JIMMAU,2.2125578,2.5978005
BOCWUO,3.4095867,3.0883799
IWEFEW,3.5385687,2.8306365
QEZVIB,2.719778,2.8228333
CIJCAA,2.6316133,1.9604914
QIDDUE,3.8079615,3.2215314
TUGBOM,3.214481,2.8682237
HATNIB,3.2914894,2.731649
ITEHIZ,2.0035744,2.86103
ORUYEH,3.4033282,2.72555
HUWYUT,2.3448052,2.0103931
PIYNAO,3.336388,3.2886095
KAWRAD,4.488518,3.9128995
AMEWIY,3.3728514,2.8304198
LUPREU,1.3940393,1.9097066
LANSOL,3.1135268,2.43305
GAWSIJ,3.4468663,3.1616013
ATOTAF,3.1657727,2.5551941
EFIDUU,2.9932525,2.3021872
YUMVOR,2.8163786,2.5873923
UYINEX,2.8601887,2.520797
PEYDUS,3.488772,2.6474912
HUHMON,2.590796,2.041782
ZELJAD,3.9611616,3.2109547
MAZDUP,2.5820885,2.2818549
OVUHIY,2.2906544,1.8974597
BUQGOJ,2.8922982,2.3598127
RONBON,3.8038797,2.389698
GOMZAM,2.4343307,2.0663342
RALPOJ,4.6615825,3.1912262
TUVDUK,2.6327016,2.2983465
HEZTUE,2.1690197,2.4126058
ROBGOG,2.7480779,2.839095
ZIQBAC,3.2185628,2.854328
WOJBOP,2.8449504,2.341075
JEYXUG,3.8773503,2.5314562
DICTOA,2.915156,2.7777598
BIYREH,4.2466087,3.5537496
ROJMAH,1.2936293,1.8272961
PETCEW,5.8395634,3.2883542
BUZYAX,3.245502,2.556156
AJUSOP,2.9186933,2.3583722
YIVXOR,4.008509,2.8909788
XIQGIO,3.9970806,3.2739735
OKINEB,3.305095,2.4740875
AKUMAV,1.2340363,2.1480393
NODMEB,2.679233,2.6821206
DUKPII,4.8433547,3.8229506
QONQAN,3.9391203,2.3925538
ONIXUF,3.0746145,2.5608013
ALOXIJ,4.160621,2.5938
UNAYIT,3.0123005,2.6456084
RAFDAG,2.2484767,1.1379642
SISFUX,2.0884738,2.309341
KEHSAT,1.6871059,2.2121243
JAQXUU,4.2403502,2.8729448
SOWWOR,1.9725534,2.56772
HEDFIG,3.7227898,2.2388082
LILHOF,2.2800422,2.1872246
QEXSAQ,1.5856075,2.420949
ZUGYUX,3.1674054,2.3536716
ORUFEO,2.2449393,2.2711444
KEMLUK,2.234599,2.0161796
WAPDID,3.1388333,3.0516856
YEZXAC,2.4267113,2.2851417
WAMYIU,3.5810184,2.7476113
VAKFAP,3.0171986,2.4264722
QEPHOI,3.5260515,2.8374033
BOMTEF,3.2397876,2.554476
KAXHIB,3.188086,2.9588394
DILCUZ,2.9984226,2.9809842
TAHVEF,2.5918846,2.1948285
CIVZAJ,2.571204,2.366459
YEGLUT,2.0939162,1.8838019
RIQYIZ,1.8095572,2.307293
ZOPVOR,3.2547538,2.5412447
KUXWUX,2.416371,2.4189107
VIGYOC,3.084955,2.7930079
TEWSUJ,3.364688,2.174896
QUFQAK,3.668367,2.894035
YEDMAW,3.2533934,2.5557177
BOSFUL,2.3483427,2.1910312
ZUDNUH,3.0177426,2.4900482
IGALAD,2.4781408,2.01919
RARPUW,1.928743,2.0230186
SAFSEY,3.2256377,2.3721423
ASALIR,1.9779956,2.0329485
LEHYUV,2.660185,2.6964197
VARPAI,3.3518987,2.6186254
REKCOB,3.6392508,2.8078473
SIYYUW,4.3108277,2.892591
ILAKEM,2.893931,2.1237879
QEJLEY,3.0414166,3.0921845
DIXVAK,1.8607146,1.7981908
GELHAH,4.141845,2.8597026
RACKEN,2.2256193,2.006732
IXODEF,2.2449393,1.8588774
EGITAP,2.301267,2.3611443
ZOTXUE,3.2201955,2.361735
EWIBAO,1.0623325,1.9056507
MOXWUR,3.1622353,2.785105
CEVDEP,2.7725682,2.5872016
JEMVON,2.0487452,2.2988062
VOHBEB,3.6830611,2.9876504
OJOWIT,3.5834675,2.804473
WOKSAR,3.2729855,2.716552
JAMZUV,2.8830464,2.6058884
BEGBAT,3.1562488,2.6503482
CIFZEZ,3.0923018,2.28718
HIVXAL,2.733928,2.1935494
UTANIO,2.2294288,2.1515758
AROKOJ,2.2697017,2.0959396
EHURUU,3.54646,2.7276163
RIPGUS,4.4681096,3.0810232
AXIVAE,2.8781483,2.6361437
REDQUO,3.2052293,2.5600543
NALSOJ,2.0996306,2.1083448
BEGBEV,2.311335,2.1070075
ECOXOM,3.2351618,2.713457
DONKUN,1.9472468,1.9129808
NAQROP,2.901278,1.9005942
MEVKED,3.3772051,2.3430455
MASMOK,3.0123005,2.1503801
DOMKAS,1.6068324,2.2635138
KAWREI,2.330383,2.2914622
SEVNAL,2.879781,2.5626945
GEJVAS,1.8128226,2.0065558
LEVMEF,3.5162554,2.7835355
WAHSUW,3.6787074,2.5886354
TEYCEH,2.8789647,2.4094472
KIZSUI,2.0234387,1.6987017
BUKJUO,2.538278,2.4812338
NAZFID,2.9676738,3.192222
IMOGOH,2.6103883,2.4689589
POYSAX,1.6971742,2.0417655
XALYUE,3.201964,2.3565228
IBELAC,3.039512,3.0462759
QEFTAZ,1.6566292,2.0430336
SIJKED,3.3557081,2.2508097
EGOMUI,3.7690492,3.0032225
JIWCOI,2.1513321,2.3336747
LUQZAZ,2.0283368,2.2165694
YOPYEJ,3.6240125,3.2924857
PIQSEQ,3.2767951,2.2870355
FAZXIN,1.0805641,1.7946565
VANCAP,3.8365333,2.4939508
WATYAU,4.6066155,3.2285266
YAZQOG,1.8013937,1.344625
WOJBIJ,2.841957,2.3018267
XAZZAC,3.5695896,2.8339114
QEKQIH,3.0275388,2.7264838
YABYOR,2.9861774,2.824717
XAGGOE,2.8182833,2.3432767
KIZSES,2.1075218,1.9306178
ZUCLEQ,2.7154243,1.804436
FIJBOQ,2.882502,2.4006362
GULNOQ,3.2084947,2.1670046
YILKOW,2.3594992,2.3616314
WAQGAW,3.9908218,2.9264898
WIBNIE,2.782092,2.6648138
ZIQQOF,3.5018332,2.6899111
JOMRUY,3.7491848,2.7105784
GEMZAA,3.0389676,2.4601252
ESIZOW,2.8694408,2.6253002
AKEHED,3.1611466,2.4376194
KIMLOJ,2.8863118,2.539163
TUKWUS,3.2030523,2.6593237
LUVPEZ,2.3932414,2.5202172
MOSLUB,3.8231997,2.7974305
YEGMAA,2.3725607,1.856126
BECMOL,2.8479438,2.4952214
OHIDEQ,3.39843,2.9255743
MOMVOB,1.7548623,1.4065976
FIRBIS,3.5467322,2.7033012
SAWPIQ,2.5937893,2.2836251
KAJNAN,2.839236,2.2851012
QOXXOS,2.5633125,2.3130178
UNEGAX,2.1945982,2.0903792
UBITOR,2.9184213,2.4807134
PUPVON,3.3154354,2.6961966
HIVWUE,2.8912098,2.395171
TIGTIM,3.4574788,2.9696696
ULATIM,3.7791173,3.151878
FOCSEW,3.18346,2.787762
IKORIK,1.7627536,2.5083885
VUCCEC,3.8253767,2.8286133
TIHCOC,2.3624926,1.5572236
SUYGUP,3.6408834,2.72374
KIHGAK,3.1494458,2.5665705
RUNMAP,3.2640057,2.520831
AQONOK,3.3842802,2.4883626
APOXOU,2.059902,1.9557562
YEKCUN,3.1840043,2.7674508
XADBUB,1.7573113,2.032424
RUMDOS,2.3126957,1.9150188
KAQDAI,3.4841459,2.3442335
QEFBOU,3.3200612,2.5068514
REJTOP,3.2786999,2.6568587
QASCOC,2.489842,2.4864492
DAJCOJ,4.827572,3.5586162
DOWXIW,4.1570835,3.5037417
KEXCOI,3.1633236,2.6482832
ROHHAY,2.557598,2.811295
VIFWUE,3.161419,2.6658602
BACDUG,3.1342075,3.2519095
EBORUL,2.555149,2.1797066
EBOYEC,2.6324296,2.3855999
ZUQJIE,2.9352922,2.6089854
ZISYIJ,2.6346064,2.361972
AQIPAT,2.7660375,2.384028
QEVYOF,2.4392288,2.2669802
ZORTIJ,2.6424978,3.160261
DUQGUS,2.9954295,2.4211698
BERQIB,3.54646,2.8615878
ZUYHOQ,3.3714907,2.7678628
DIXTOW,2.533652,2.1259248
TEYVUO,3.0335252,2.7192347
NOLGEB,3.0308042,2.5047944
AVUKUZ,2.5186858,2.3183727
WOSQEA,3.3567965,2.7209735
OFIBAG,2.784269,2.1319685
KIHMIZ,1.976363,2.122698
YIRPIB,2.774473,2.063663
GUZQEX,4.0376253,2.9776554
TOLWIA,3.350266,2.75089
GUFKEZ,2.5396388,2.8816671
RAPFIZ,2.5086176,2.6014311
WOZYOB,2.1543255,2.3272686
ALEPIR,3.556256,2.6151507
ODEKUG,2.313512,2.3277113
HOCLER,2.8457668,2.333354
HUNSIT,2.893931,2.5957885
OSUCOV,3.8653774,2.9234228
ISOQOW,3.3826475,2.5264695
ZICBAR,3.5557117,2.7811031
LATVAD,2.8933866,2.675982
MIDPEV,2.7192338,2.1049414
HUQMIQ,2.523584,2.0362148
CATSAU,3.0593762,2.5942135
XAZYUV,3.9655154,3.4113998
QUJCOO,3.388906,2.7452643
ZUXCEA,2.2231703,2.1188145
TORJEP,4.455592,2.7258902
KOXPAO,3.104275,2.2388809
HEZWAM,2.9940689,2.2279756
ZIJDAA,3.0531175,2.1018867
WACXAA,2.2748718,2.4174082
REKWOT,2.6302526,2.4574862
QENMAA,2.4340584,2.2855833
BETLIX,3.1774735,2.5711899
ZUXNAJ,2.2971852,1.9199907
SISGAE,2.2778652,2.5269957
WUVZUJ,1.9790841,2.0993667
XUNQUT,3.0699885,2.081699
YIGWIU,2.9505305,2.2950501
WALGUM,2.0318742,2.9350731
WAQRUB,3.2650943,2.248099
QOKVOB,2.879781,2.2156363
GALHAD,2.7140636,3.2557867
YICZAM,2.7039955,2.5555904
VEBYOQ,4.0621157,2.96074
MOFWOT,2.4645352,2.8065956
FORQIM,2.6482122,2.4066014
JEFWEZ,3.4950304,2.502101
ZONJAP,3.2591078,2.6676672
BEBZOX,1.2582545,2.6587973
YOGNEO,1.6852012,2.0618107
DAFZIW,2.4833112,2.2953806
JOSSAL,3.9723182,2.9031055
MULZOI,1.4288698,2.0052643
SEVRUJ,3.52714,2.8951297
VAQMAB,2.9910755,2.9714437
RAZCEB,3.2065897,2.535241
RUXFUM,4.3723254,3.433721
PEDYOM,2.311335,2.0548525
EFUSOQ,3.037063,2.338716
WINFAA,3.53231,2.8450735
VUCBUR,3.6787074,2.590511
JAQRID,2.265348,1.5936064
LUTXAZ,3.2795162,2.8315685
CNBRUB,2.6596408,1.8226217
XUZLIN,2.6416814,2.7701566
KAYHEA,2.0223503,2.2258058
IXOPUH,1.2601593,1.6577513
TEGVEG,3.006586,1.6640824
SIVQUM,1.8397619,2.76026
REVBEZ,3.0071304,2.6689372
LIDFIP,2.9407346,2.3747158
YAZZOP,1.3733586,1.759284
FEJHEJ,3.711361,2.6287527
BAZMEX,2.7257645,2.514452
UCIHUK,0.24490248,2.053895
RAPVIP,4.143478,3.8428273
IBAWOZ,4.5279746,2.9065683
REBGUC,3.5616984,2.6634192
BAVKAM,3.0237293,2.5992646
QERTIT,2.2675247,2.408863
ZEZZAI,2.7380097,2.4301572
KOMZER,0.9083161,1.3031938
DIXWIS,2.0996306,2.031602
KEQMEA,3.0057697,2.4752388
TEKQEI,2.3306553,2.1909113
FEPWEF,1.8003054,2.009263
ZISPEW,3.2006032,2.7498822
VIMTUH,1.5543144,1.8644311
BIKNEO,2.5434482,2.349199
WAYZEE,2.3728328,2.0142334
SOQBEH,1.1953962,1.513347
WOWRIJ,3.651224,2.532076
UBISIK,2.9265845,2.5145006
KARYEJ,3.0093071,2.8055358
LIBQEU,3.149718,2.1952853
POMQAK,2.4465756,2.4975297
FUVPIV,3.7246945,2.7712104
HESBUD,2.167387,2.727872
WAVKOV,3.149718,2.7541668
CIJCEE,2.6493006,2.0870888
CXFMPR,3.678163,2.6280293
XIPQIY,2.9535239,2.433199
GUKJED,3.2357059,2.306256
XEVSOG,3.5867329,2.7239342
LUWVEF,2.6033132,2.6580222
PALCAI,3.229175,2.4630487
LELMAR,3.2354338,2.7234836
QOMFED,3.6474142,3.0438154
RUQWIJ,3.4084983,2.6834981
QUZXIT,3.248223,2.3637514
PALBIP,3.6139443,3.0828428
FELSIA,2.4868486,2.0578475
GIGGOV,2.937197,2.4937057
YANSOY,0.87266916,1.9026978
NAWMEG,2.2022176,1.7002897
TIHBAP,2.5948777,2.5889368
AXOSOV,2.9137952,2.3510542
MOXWIF,3.2593799,2.7840722
ZALJOO,3.2659106,2.840169
JINXEK,3.3366601,2.8250303
DESKIY,4.0283737,3.6343577
IFIBOQ,2.6860359,2.5196714
CASPAO,3.770954,2.4403605
MOQZUN,3.3967974,2.911542
WUMXOT,2.2620826,1.9225314
SAFWIG,2.069698,1.9056258
COMKEV,3.5336707,2.8651106
XUJVED,2.9649527,2.2299182
TEBQAT,3.0882201,2.7466576
SELHEW,4.1091914,2.1053872
KANYUW,3.3875456,3.1829355
DOMTAB,3.1314864,2.9769208
BUJRIJ,3.3518987,2.745844
AFILIK,2.8378754,2.4460902
KIHKET,2.1641216,2.1946354
HOFTII,2.8958356,2.3063731
HARHEN,2.3867106,2.2041042
ILEZUW,2.3888876,2.1734097
CAFHUO,1.5793488,2.054547
NEFQUM,2.1205833,2.5899491
ECOXUS,3.3891783,2.6949348
DIWBOB,2.853658,2.0010405
EPUPIP,4.0329995,2.9000938
IMESOK,1.4457409,2.2589273
SAYSUJ,2.3880713,1.9690843
WOSNOH,3.31217,2.7824047
UJACAK,3.5148947,2.9457498
DEVFUI,3.1374729,2.658333
SURFIV,2.2313337,2.285499
XUVLIL,3.6520402,2.4471648
LEFYED,1.8775856,1.8987036
NEJCAG,3.0403283,2.7598655
FECNIL,3.6719046,2.8098118
NUZYIR,3.470268,2.6331053
EVAHAK,4.461851,3.0828142
NOBLOH,2.6925666,2.4887528
YEYSAW,3.573127,3.6424785
LIFDAF,2.8648148,2.3586452
KIDWEB,2.8852234,2.1535258
DOYNIO,2.9929805,2.3703213
TEYVID,3.7290483,2.5004642
QAZXEW,3.2370665,2.697861
HAPFOT,3.0288994,2.5781095
YIKGOR,3.3750281,2.6836052
QIBKOD,2.731479,2.2825944
WUJTAY,2.1287467,2.4479105
YIZZAI,3.367137,2.1072888
TUSWUA,3.068628,1.9448407
RAZDIG,3.1225066,2.659645
POLBOI,3.1780179,2.7235646
POLCUR,3.065907,3.1234581
KEKGAI,3.3872733,2.9127417
RAMPUS,2.2781372,2.13063
SOYNUP,3.264822,2.5277755
JOWJUA,2.5048082,2.1727238
LISHUQ,2.320587,2.3288767
NAFRUK,3.4980237,2.4584224
MIXLIP,4.0476937,2.7332003
PUJWOG,3.8898678,3.043537
WOSRAX,3.2710807,2.5273712
YUCMIU,4.0710955,2.7141943
BOPZAI,2.9957016,3.11937
GALZEY,4.0106864,2.8007414
ZALGEY,3.0599203,2.7392333
TUSXAH,2.7252204,2.0098858
BACLAU,3.0735261,2.2975302
SAKFIW,2.5426319,2.9562883
SELHUM,3.5276842,2.238332
MABFEB,3.5570724,2.391227
OMUHEL,2.2498374,2.1119657
EYEPOO,3.1246834,2.9651468
DIXWUF,2.5698433,2.222966
HUDQAA,3.0925741,2.6883016
LADNOW,4.19137,3.0270631
TOVTUV,2.2765045,2.3702776
SOWBAK,3.472445,2.7035027
PIKMIH,2.9048154,2.6149566
EXAPOI,1.4759456,1.859303
XEKTIS,1.9856149,2.6491475
FIGZOL,6.0504518,4.065129
HOKREE,3.367409,2.2947237
CAKFOL,2.9488978,2.1328452
LUHLAD,3.1660447,2.602198
QALXAD,2.3867106,2.1546896
QONSOC,4.606888,2.9737494
RUQMEW,3.8226554,3.7480383
SUNWEF,2.2773209,1.9153063
NASTEJ,3.0626416,2.5116498
VEQBAV,3.7777567,3.1382818
FUJHIB,3.6076856,3.5567389
OKUQOA,2.965769,2.2901947
NANTUT,3.405505,3.344959
YIQRAR,3.9149022,3.325133
JEZGUT,4.046605,3.383232
NEBVAU,2.3214033,2.1282823
OKEWIM,2.6920223,2.9501107
SEWKIQ,3.5110853,3.4160793
PUXMOL,3.2593799,2.7938547
XOPDEL,3.4759824,3.6251628
WIVVIG,3.582379,3.118561
PIZSUM,3.352715,2.8701048
QIFCAM,2.8718896,2.939295
QIBGAL,2.855835,3.0379207
HOJDEQ,3.4980237,2.736075
FEWCAM,3.6765304,3.2364976
TISWEY,2.0114658,2.7639992
POGPOQ,2.2120135,2.9487643
COKWUV,3.592175,3.044464
JEGKOW,4.010414,3.5357816
FETFUF,3.7978933,4.2181487
XOZWOA,3.8177576,2.9736075
ZITGAK,3.1034586,3.0033443
FIXXAM,2.731207,3.0662892
DACTIM,3.4373424,3.2851682
WUPHOG,3.099649,2.665649
YEDDIW,2.5080736,2.6866052
MULLEK,3.3872733,2.2753592
QUNBUW,3.5758483,3.046903
SEYYON,3.1176085,2.206856
COTTUC,2.3477983,2.4455245
SEBHEN,1.8144553,2.505445
GINMIZ,2.9861774,2.0467062
DEJTAN,3.0000553,3.7371674
AMIGIN,2.619096,2.3803325
AYOBIA,3.6702719,2.8500645
DOGRUP,2.1671147,2.5215595
YAXYEC,3.7535386,3.0136287
YOLRUN,2.879509,2.5494719
VODZEU,3.161691,2.4798605
SEWJOW,3.0131168,2.1919084
FAVNEV,3.8520439,2.7391112
OJUQAM,3.7853758,3.2848563
ZAJDIA,3.008763,1.8197759
TIDSOO,3.3271363,2.971307
TIRLUC,3.082506,2.007669
ADOCOL,2.97747,2.720456
POYFEP,3.5497253,2.5724728
DAQJUA,3.6977553,3.0956645
CICZOE,3.5603378,2.7049305
CEPHIP,3.496663,3.3312929
MUJLEJ,3.0846827,2.3333187
KETCIW,3.596801,3.1720777
OZIQEU,3.5491812,3.6694667
XOMPOF,2.5072572,3.1315837
IYAKUO,2.538278,3.0990546
GUSKUA,3.9350386,2.9927354
KOKZUG,3.4400635,3.0813568
XUMHAP,3.0713491,3.0684419
RUQVEG,3.618026,3.1097429
LITMOR,2.7352886,2.9147985
FOCRAT,3.3401976,2.8290665
TAPVIP,3.0079467,2.512801
MELJOF,2.5627685,2.9214356
ZUVGAY,2.9984226,2.7016964
EJAPEM,3.08305,2.965155
WADSID,4.5151854,3.3471835
MIPZIV,4.273548,3.631279
FOHDUC,2.7660375,2.832229
HANPUK,3.432172,2.8554022
JEXHUQ,3.7875528,3.7188735
GUPFUS,3.560882,2.5631268
KEZWOD,3.3763888,2.8718934
NOGQAD,2.9159722,2.2756944
TUDXIZ,3.4904046,2.992764
QOZTEF,3.1777456,2.6228814
FUMZAQ,3.2786999,4.1333475
BUJQON,2.5431762,1.6186866
XIRKUH,4.0972185,3.922921
EGOKOA,3.1755688,3.8940835
IMIDAJ,3.0713491,2.4631417
TURHUL,3.668367,2.9178042
FUHKUO,2.9810073,2.7219677
IFIHEM,3.2435973,2.382087
VANWUD,3.0392396,3.0906875
QENJOI,2.5409992,1.324464
LUKYIZ,2.275144,2.1672826
ICEDOM,3.2294474,3.3743076
BEDHID,3.006858,3.2446713
YUQCOE,3.281149,3.436726
SUJPAO,3.4642816,3.1364806
WAXFEI,3.1910794,2.9030116
HAQFOW,3.601427,3.6375818
JUVXAZ,4.1660633,3.5736961
TOCVAI,2.9328432,3.3578875
XOGCOO,3.520337,2.4855344
MASKEY,2.7442684,2.3589597
MIDPUN,2.999239,2.5781925
QOMPAK,2.8805974,2.2076077
DAWLAP,3.424281,2.8481874
SISHEH,4.0868783,2.7198904
HICMIP,3.2471347,2.894893
ZOLWAA,2.1086104,1.5798476
RIJJUR,2.554605,2.9696527
KEFMOA,2.8308005,2.888973
LUKYAR,2.7110703,2.584514
WIWYIM,3.730409,3.094331
JOCHUG,3.3200612,3.0760002
DAQWUO,3.3780215,2.7299113
FUDKOF,3.6406114,3.4760685
VADQOH,3.3206055,2.6440568
DIMSIE,3.1763852,3.254448
MUJPIR,1.9246614,2.1536255
ITOHIJ,0.9156631,2.2867017
CERRIC,2.8185554,3.0422537
TISVUN,3.9676921,3.2509594
XAPSEO,3.247679,2.6039643
FENDOT,3.5480926,3.112633
PEZSUI,3.5548954,2.9377763
QEPYAL,3.3665926,3.4365873
TIZKIZ,3.1646843,3.2318244
UCORAG,3.3233266,3.2725847
WIJWOD,3.4419682,3.381284
RERJUU,2.4465756,2.4095285
UGOHOO,3.0593762,2.4666553
YIXWEH,3.1565208,2.9334075
SAKWUW,2.9301221,3.2758675
REVDEB,4.27763,3.5794735
VIFYAM,3.2996528,2.6876009
KEFJOV,2.8980126,2.3801782
PUTDEO,2.6990974,3.2275913
BOQBUF,3.675442,3.1723578
CAVTID,2.6786888,2.724234
MACHEE,3.5445552,3.0803502
CEPPIY,3.0457704,2.1671164
PAJXEF,3.610951,3.0378501
FAVCUD,1.9616688,2.687827
AJELOS,2.7886229,2.2954288
FIBPIR,2.9676738,1.7714458
REZLUD,3.087676,2.6676319
IFIHAI,3.145364,2.398254
SADQET,2.9619594,2.8710995
GIFTIY,4.2079687,3.827867
OHIJOE,3.4444172,3.1473947
JOFXEI,2.9116182,2.7072294
VAHMOI,3.6868708,2.6567142
XIVQAV,2.1682034,1.9576817
GEKPER,3.7578924,2.8600583
SEBDOU,3.2710807,3.6630654
NANVEF,3.3214219,3.3942945
FIHGOV,2.5646732,1.2664218
XEMXUI,3.3012853,3.6922975
HAGTOB,3.8362613,3.4082747
WEWSAT,1.8950009,1.1524273
MADMEK,2.7682142,2.8714807
FOPWIQ,3.391355,2.8103814
GAKTUH,3.152439,2.4291778
KIBPER,2.793793,2.5344276
TUTMIF,2.330111,1.881846
JATJUK,3.1489017,2.7396278
KEFJUB,2.915156,2.354589
DADNIG,3.874085,2.8975806
SOVBOW,3.548637,2.9126098
PARMAY,3.0490358,3.06608
ROHZEV,2.5703876,2.390138
KAPZIN,3.754355,3.0455627
LUNLUC,2.8316169,3.392553
YOCTAL,2.676784,2.1914792
DEDZOD,4.00606,3.1534061
FIWKED,2.6903899,2.967267
HEXMAA,2.741003,2.555731
COSKEC,1.9929619,2.5716732
DUXLEN,3.7646954,2.947934
YUMWAF,2.6849475,1.8591628
RIQDIF,3.64687,2.650995
VAQYEU,2.7516153,2.1380267
ISOKEI,3.3320343,2.438013
XIFXES,3.037063,2.4509125
NAKCOR,3.7320416,2.9910254
HATQUO,3.2849586,3.3358564
KUGGEA,3.3064556,2.7903945
GEKDUV,1.9390833,2.4306147
EHEXAQ,3.5263236,3.180917
KULKAD,3.0882201,2.8988495
XAMXIU,3.5597935,4.376389
PUBTUB,2.946721,2.930906
DOFDEJ,4.467021,3.2885346
FERJUJ,2.9701228,1.9526963
XOPDAH,3.5693176,3.0127025
HOBGAG,3.4787035,3.3830922
SEZWUQ,3.8686428,2.6789954
HOFPEZ,1.9121441,2.602594
TURHOF,2.2098367,2.4923275
JUTZAB,2.8980126,3.0145073
KOGGAR,3.6144884,2.459753
RECGAK,2.655015,1.9211781
HIDKIP,3.209855,2.4677727
SOQQUM,3.4901323,2.8640654
DOHHEP,2.2389529,1.3351505
PUXMEB,3.0125725,2.5324686
CAQXUO,2.6343343,2.7160141
WAFYOS,2.3771868,3.2250512
NUTMUL,2.733656,2.3722086
VEJFEW,3.7981653,3.5695095
KOFJUN,2.7739286,2.7614665
MUTBUY,3.2065897,2.1173768
TAQDAQ,2.9717555,3.1673882
SIFBUF,3.372035,3.1732922
OSIFUT,2.6452188,2.5861485
QIYNAO,2.5864422,2.3345847
FOJVUW,4.785394,3.4725413
SITKUB,4.329876,3.4914925
OKEMOG,3.2661827,2.3681235
BAWQUL,2.8767877,3.0076656
NEJLEU,3.691769,3.06202
XOBJUU,3.0620973,3.0888884
YORRED,2.7853575,2.7297826
INUWUL,2.763044,2.509605
KEZYIA,2.7880785,2.3827
LAPRIE,3.2161138,2.975116
VUMYAE,4.455048,3.3759847
GAQLES,2.741003,2.1692894
NIGCIP,2.5399108,3.1556711
EFULAU,3.3235986,3.0282295
KIWPEM,3.7524502,3.4870126
PUNGEL,3.0914855,2.0469322
YAPVOC,3.469996,2.5546477
FIPKOE,3.004409,2.5566103
KUZMEX,2.860733,2.7023597
HELSOJ,2.3608599,2.7163613
QUNXAY,2.5733807,2.2951899
TAFPEW,3.2324405,2.558893
JOBBEK,3.5886376,3.7701077
PAMZIP,3.1962495,2.6998339
MAMTOK,2.5078013,2.2330267
MECKAG,3.0865874,2.981561
KAMCOR,3.0525732,2.443616
RUGVAR,2.8422294,2.5450077
ROKXEW,1.7521411,1.5381483
YORQUS,2.8106642,2.423411
GIRROR,3.185909,2.5362597
KANPEU,3.286047,2.5720696
SOQGEK,3.6378903,3.0340343
KAGXUN,3.5333984,2.8689387
NABPEL,3.9859238,2.8548427
WOGTOB,3.264278,3.5239713
YIPSUL,3.754627,2.3548098
MARRED,4.4602184,3.2013197
YEXWUU,3.0022323,2.779241
JADZEU,3.503466,2.75411
FAJDAW,3.1135268,3.0785224
GUSKOU,3.0732539,2.732887
MAFKIQ,3.176113,2.4592886
POXQEA,2.5320194,2.5495396
BUWTET,3.5467322,3.0816677
XODPAI,3.7720423,3.4010787
CURJAA,2.7347443,2.9482887
EVAGEN,3.959529,3.6929274
NAQFAP,3.3791099,3.2205725
PUDJUU,3.4400635,2.868149
GEGNOW,2.9497142,2.7946002
ROCVIQ,3.0476754,3.2953174
MUXWAF,3.9587126,3.6151054
WEYSAV,3.7279599,3.408967
NRACRH,3.653673,3.2344272
POWXUU,2.0724192,1.9789104
TANJUO,3.5829232,3.480721
FEWBOZ,3.4319,2.976229
GAMCUS,3.41258,3.1217468
FOJWEH,4.628929,3.691063
DOTBEW,3.2114878,2.899772
QIFCEQ,2.758146,2.5262976
CIJJIP,3.206862,2.665417
ROYKUN,3.2321684,2.9756176
HIZVIW,2.7034512,2.5202901
YOVMIF,3.5546234,3.105676
LEFBEE,3.1766572,2.011524
UFIBER,2.7380097,3.2784328
VUGBOQ,3.1627793,2.4291549
QEKQEF,3.7007484,3.3093958
XORSOO,2.4969168,2.2807565
MAMTUQ,2.5401828,2.5761964
XODXET,2.9293058,2.3921342
YATRAO,2.8190997,2.346084
GIZFUQ,3.5687733,3.2311435
XOFHAC,2.9818237,1.9510906
JAGFOP,3.5385687,3.2393737
CUDKUI,3.6199307,3.3377283
VEZJIU,3.6093183,2.993505
NOKLUV,3.1372008,2.7992294
MUFBIZ,3.9260588,3.4572892
PETKAA,4.8809066,3.5704677
RIVYOM,4.3481073,3.4451492
ADUZII,3.8898678,2.856459
SERTAK,3.185637,3.029302
ENEWIE,3.5499976,2.8644497
UKUMAP,2.6112046,3.0132706
IYAKEY,3.6392508,3.4788427
WAWLEL,2.8865838,2.3383276
MOCLUL,4.324978,3.9387794
MOTCRH,3.6308153,2.6965759
VECDIQ,3.3856406,3.064294
REVFON,2.1616726,1.5689771
GACRIM,2.4411335,2.5036702
SEJGIZ,3.8895955,2.9552226
FODCIM,2.523584,1.9480499
KAGCEC,3.3225102,2.3987298
MOQWUM,3.1755688,2.392936
OFEWIG,3.44605,2.572851
WOGGUU,2.8408687,2.2415762
HEKLAK,3.147813,2.8840585
MOJCAQ,2.8525696,2.1625662
OTAWAI,2.3867106,1.8138019
RAQXUC,2.7083492,2.8618102
ZAYQIB,3.1080844,2.3732557
ZOSHIA,2.557598,3.1791391
QECGIO,3.2389712,2.6504846
JEBPOY,2.980191,2.6981542
DUNDOF,3.145092,2.9462283
IVUDOS,3.8120432,3.883409
HOTROX,2.936925,2.4019108
EFITET,3.2748904,2.6197371
KAHTAQ,3.6264615,3.2850404
PEDPOG,2.346982,2.0943694
MELJUL,3.6223798,2.848463
UKULES,2.4882092,2.7420478
FUNHEB,3.004409,2.2175093
COJRID,3.4414241,3.1524494
NESCIX,3.8746293,3.5715184
YIJVOD,2.4174595,2.5177572
NOYKUJ,3.539385,3.8085608
OLORIR,3.0454984,2.294406
GAMTOD,3.4955747,2.9293041
PANBAK,3.3535311,2.7735865
NAFJAG,3.3211496,3.2406683
QEPYEP,3.276523,3.6978135
POBQIJ,2.7459009,2.10388
PARWEL,3.69449,3.7360168
NAVHOI,2.284396,2.5085022
RAHYAB,3.575304,3.317474
OVEKUX,3.1064517,2.7758958
QEGVAA,2.0114658,2.7700257
ADUHOY,3.0708048,3.0616975
ROJCAV,3.147813,2.4030328
KIHKAO,3.1954331,2.988527
FAFLOQ,2.0707865,2.4110525
RIVQIW,2.2996342,1.983195
AHASIM,3.450676,3.387414
RETMOU,3.0384233,2.4216084
ATOZIT,3.3535311,2.9797056
LIJHOE,3.037607,2.4820964
VALQOR,2.7763777,2.7628996
GOKGIW,3.3157074,2.9273605
FIBJEI,2.2675247,2.12011
UPOLOB,3.570406,3.1502562
RUGWAR,4.102933,3.1175485
NIPVEN,2.650389,2.3800616
CAFSEI,2.9284894,2.2515657
MOMZOD,3.6120393,2.8900843
YOYYUG,3.7442868,2.482797
INUXAS,3.4357097,2.570777
KUGFUP,3.4109473,2.5509868
IVUVEA,4.6994066,3.3024302
NOMLUW,3.5807464,2.5156567
MADWEV,4.280623,3.455316
GOSVER,2.7154243,2.5635834
WAFYOT,2.7878065,3.0149655
NITXAP,3.238155,3.2158897
QOLDAY,2.6424978,2.4524605
NIZVAT,1.3918624,3.0886307
NOGTAE,4.564982,4.100131
GUSKAG,3.1110778,2.8304088
GUCQAW,4.6477046,3.7743855
TILQIO,4.220758,4.4756584
FURLAF,3.6721766,3.5679896
HACHUP,2.2808583,2.8926687
MIFMAP,3.6166654,3.0021725
XUTDOF,3.395981,2.899432
ROCTUA,2.1113315,3.0230367
MOFCAO,2.3399072,2.1748073
YOPHIU,2.958694,2.0852594
BAMRAL,1.8952731,2.6579268
BIBJON,2.8253582,2.5282342
SONZAX,3.006858,2.3232803
TUSSIK,2.1467063,1.7744536
OLOQIQ,2.760595,2.2108016
KEZVAM,4.045517,3.5683105
KUMXEX,0.3300741,1.6791587
KIJDOX,3.857486,3.3772776
ULOTUL,3.7192523,3.0669286
CUHSII,2.2348711,1.6258422
RUFLEJ,4.2466087,2.480375
ALUYIP,2.6011364,2.3929138
LAPDAI,3.3948925,2.970939
AGABEQ,3.4408798,3.472383
VESWOF,2.9521632,2.8563116
CEWPEZ,2.6245382,2.3516123
QEMTEH,3.1037307,2.8707829
WISBAE,3.5423782,2.9089828
WAMYUH,3.2599242,2.5850413
XIDPAD,2.6422255,2.500982
XOGDIJ,2.9118905,2.2238166
JOPJIJ,3.2974758,2.9402356
MITZAS,3.276523,2.5487134
WUPZIR,2.8667195,2.8687737
JULFOL,3.1159759,2.4167788
UPOVAY,2.4865766,1.9746051
YOLROH,2.07895,2.147751
CAHKEE,3.3418303,2.6537697
EMAXUL,2.6327016,2.9502337
YIQSEW,3.0245457,2.4350438
CEWBAK,3.9423857,3.240075
XALXOA,2.2014012,1.3831277
RAMDOY,4.5151854,3.3559628
LETTOW,3.1393776,2.6933856
XOTLEZ,3.7500012,2.592663
CEXCIS,3.4046886,3.227197
VOYCOB,2.8245418,2.841921
REVPAL,1.8122783,1.9624162
SAVJUV,3.087948,2.4023538
XEHXUD,4.57886,3.8160338
DEJVAR,3.5402014,3.1012487
GASBOT,1.9018037,2.7204366
XOCSAL,3.6229239,3.1504273
GUZXEF,2.8952916,2.4894936
SILKON,3.0242734,2.1453493
CEQLAL,3.2433252,2.6164513
QUDYIY,2.5698433,2.123207
LIRVIU,3.2580192,2.6673007
BEJMUA,1.7339095,2.6747274
LIWTUG,3.159242,2.3992605
KEFXOI,3.2985642,2.5682204
SERKOP,2.3665743,2.344909
KAKYON,2.9257681,2.085585
WIVVAY,4.0686464,3.2546487
QIVCAA,3.1412823,2.7772548
NUTQIE,2.8278072,2.6449015
YOVMEB,3.6123116,3.0870705
HUXKAO,3.3777494,3.3047206
TUHHAG,3.8531322,3.5708778
BINPEU,3.209311,2.5987978
FISTOR,3.3423746,2.1042457
GOHBIQ,3.5214255,2.9031188
QAKQOI,3.056655,3.0562937
GOFNUL,2.5390944,2.0657637
EQIRON,3.2942104,2.491168
FAFGIC,3.783199,3.5913088
COJROJ,3.6547613,3.1866863
CERROI,2.7344723,3.0085192
HATQOI,3.061281,3.175118
SERFOK,1.9679275,2.7875538
NAHXID,4.197901,3.9734106
WUMQUR,3.8041518,3.084076
MAZLIJ,3.9203444,3.28568
WENXAO,3.7717702,3.3704002
PAYGIH,3.396253,3.0208166
UJADAK,4.464844,3.9336367
REPTUC,2.4392288,2.4679232
LETVIS,3.1731198,2.6272917
REYYEZ,4.198717,3.696509
QEJSII,3.1080844,3.2982442
LIJJAS,3.3069997,2.7969792
FEXQOR,2.1121478,1.6858934
HIVHUP,3.3298573,3.1716092
HISZUF,3.0438657,2.3814635
PEDJUE,3.4762547,2.615109
XOBKAB,2.3426282,2.439244
MEXWUH,3.4264576,2.689757
PEMLEB,2.8642704,2.5426624
DOJKAR,3.0952952,3.4300718
BEXJUL,3.907555,3.1259165
QAHGUC,2.8433177,3.123549
AYIROP,2.4822226,2.7127285
DAKRIS,3.0759752,2.4859724
YOHKUC,2.303716,1.9112842
MASSAC,2.7592347,2.455208
IBEXAR,2.4721544,2.2200427
BEJWAP,3.1995149,2.7680676
XOHMIR,2.8732502,2.9400518
TEDGOB,2.8732502,2.2565188
MOJBUJ,3.4729893,2.7345674
GIPTEH,2.612021,1.9373866
WIWLEU,1.9461583,1.8419698
FOPWEM,3.9100041,2.4277058
TINHAZ,2.8958356,2.8774502
DOGNEU,3.6378903,3.1535466
HIXYUI,4.1829343,3.3334932
BUVBUP,3.4950304,2.8567939
PIVMEO,1.9113277,1.711573
EGOKUG,3.3176122,3.4021678
RAXXET,3.1801946,3.408801
EHUQIH,2.7118866,2.9952922
UQIJIP,3.3763888,2.4415722
XOWBEQ,2.975021,3.0660498
KAGYAU,3.2351618,3.1487656
GIBMOV,3.9342222,3.533227
YIJLEI,3.046859,3.15263
NAQFIX,3.4808805,3.2221107
XAFROL,3.1867254,2.4125245
CEZRUX,3.5037382,2.6301413
JELMAR,3.080601,1.9221778
METTAJ,3.0142052,2.327123
WATLEK,2.2841237,2.3722248
GOSVIV,2.5396388,2.5151231
GOQLON,3.4003348,3.3547509
IKUKAB,2.9298499,2.6215563
REKDOB,2.2792258,1.5537456
BESKES,3.125772,2.3192272
RAMDIS,4.5179067,3.3439329
SOFGEA,3.5252352,3.2154627
JEQTUV,2.1921492,1.692157
TAHRAV,2.2359595,1.3702477
FAYFAM,3.2305357,3.0232882
REGHAO,1.6549965,2.2996392
OLUDEG,2.4871206,1.8077942
IYAVAF,3.0952952,2.5781517
CEZSEI,3.8196623,2.7986274
HIKFEO,3.3513544,2.890764
PAHNOC,3.7314973,3.0147457
ELEDII,3.2751625,2.6408403
ZUHXUV,4.6781816,3.571825
TISGUX,3.16931,2.377053
RIVPOB,2.224531,2.174675
YAMBUK,2.9668574,3.1717808
QINNIN,2.4125614,1.9322993
XERPOC,2.6419535,2.73677
LEKTIH,3.1747525,2.5072708
GAWJET,2.6375997,2.4308214
KULXEU,3.3206055,2.6380243
VINSUG,2.7633162,2.7413583
BADQIH,2.669437,2.7170286
BALDAU,2.9143395,2.6659312
GETWEI,3.6572104,3.484974
KOFJOH,3.2996528,2.669908
NUCGID,3.3987021,3.8188713
UGECAL,2.937197,2.696163
QEKDER,3.8120432,3.2076252
GARTIE,2.932299,1.9441233
ZUGCIP,3.4378865,3.4067268
AKOMAP,3.2577472,3.117649
GIDPAM,2.669165,3.0718427
DIVXAI,4.1249743,3.086577
VEQQAM,3.6117673,3.2049696
EGODAI,3.1899908,3.0283434
BABWIL,3.4403355,3.1661348
KEXGEC,2.6917503,2.200808
VUDHOS,2.5600471,2.3613932
JACPEJ,3.412852,3.2094092
MEHJAK,3.0601926,2.666859
CEZTAF,3.2631896,2.3835847
DAJREN,2.839508,1.8808551
FIBPUD,2.270246,1.6088998
REDNOF,3.6231961,3.5442724
IJIXIK,3.13067,2.520835
TIBREB,3.1812832,2.5353136
XOJRUJ,3.587277,3.0146005
TENBEV,1.6876502,2.486183
IHUGOI,2.3728328,3.0761812
CAJGOK,2.2563682,2.235243
OCILOB,3.7660558,3.532998
PUNKOY,4.2520514,3.9054651
YETJIQ,3.453397,2.5871515
WATMAH,3.8425198,3.0693004
PAYHEC,2.5513396,2.2191186
ROBBIT,3.2806048,2.8619037
POWXOO,1.727923,2.0994515
POJLUY,3.1649563,2.8272061
HEDVAO,3.7051024,3.199544
XAXPAO,2.9472651,3.1042616
NEZXUL,3.5143507,3.1986544
TIRGEH,3.4261856,2.6920464
PEYTAR,1.410094,2.451635
DIHPIW,2.9679458,2.402703
SIRKEJ,3.087676,2.4936082
PIJNUT,3.7777567,2.6124597
POLNEJ,3.0776079,2.8494077
OPEZUG,2.838964,1.9926955
AVIKOH,3.448771,3.2554047
XOMPUL,2.803589,2.9958127
ROQXEA,3.9736788,3.023162
TAYKUA,2.7333837,3.0743861
VUYWET,2.8190997,2.1265078
RIJKIG,3.4057772,3.7988844
BEHHEC,3.9412973,3.3487723
TONXUP,3.054206,3.4549196
KOBXAB,3.2035966,3.3143177
CEZSIM,3.2150252,2.605403
TEDGIV,2.8346102,2.3676493
NOMQAH,3.408226,3.288065
KUPVEX,2.203034,1.7234827
OPIBAS,3.3611505,2.320801
WODHOO,3.1064517,2.6773753
YAXNUG,3.3570688,4.494167
XUWLEH,2.7695749,2.4546876
MEHJIS,2.3891597,2.2323728
BADVEJ,4.0115027,2.6273766
XIQPET,2.905904,3.1619754
HOQTEN,4.239534,4.0504136
ZOVXAJ,2.8563793,2.6943552
MOGFOE,2.8182833,2.3403106
VUGBEG,3.5018332,2.2176785
TUCGEE,2.1790879,2.7747848
JOBLOE,3.53748,2.5373201
OLOQUC,2.1420803,2.129745
BEXVIK,3.1995149,2.7458446
MEJDUA,3.1752965,2.3540385
ROCQEG,2.8351543,2.7109752
COKDOX,3.109173,2.0993497
TOGHAA,3.988645,3.6627579
XORSII,2.4411335,1.9941931
WIWDUC,3.8038797,3.3942232
NOKBEV,3.4155731,3.3777785
EPUGEC,3.7608857,2.9688535
WAYMAK,3.2242773,3.3860447
CUKHAT,3.472717,2.9290893
RIVPUH,2.1875234,1.9918498
HIJYOR,2.4871206,1.885265
KAWMIG,2.9020944,2.6363819
RUBTIS,2.0329626,2.0569448
MAMKIW,2.7377377,2.857016
SEYYED,3.0874038,2.7635033
TUCTOA,2.8120246,1.6944321
ROBQEE,3.4212875,2.211405
KIJDEN,3.4498596,3.6383567
FECBUL,3.807145,2.228782
PIHVUY,3.1113498,2.7757766
GOPXOY,3.3894503,2.5541775
AGUKOD,3.310265,2.6173763
HEPCOB,3.670816,3.1002061
ESIZUB,3.4993842,3.38058
RAFJIR,3.9755836,3.2907038
WUNCUD,3.145364,2.5382156
VUBYAS,4.0564013,3.0237215
TOXBIR,3.1777456,3.2036214
IVUDIM,3.5189764,3.3797739
YIFKIK,3.5606098,3.1154046
MOCMAS,3.5693176,3.480169
ULOTIZ,3.5668685,3.3680606
YUXZIA,3.2890403,2.205384
BILHEK,2.9268568,2.3488576
KUMDIG,2.8686244,2.0817628
PUDJOO,2.2999063,2.4228272
XEZSED,2.9056318,2.483608
BODPUI,3.1820996,2.8388817
XEWHOW,3.4879556,3.4840283
CUDLET,3.6430604,3.3120735
RATQAF,3.620747,3.4048452
CIJJOV,3.1548882,2.3989618
VAKLID,3.388634,2.860524
MADWUL,4.1614375,3.0438337
UJUKER,2.8449504,2.459973
REJROP,1.9224844,3.0463398
QIFBUF,2.7088935,2.9193637
GOZVOG,2.8460388,2.3440604
QEWGUU,2.294464,2.671152
YOFPEO,2.7469895,2.5134978
PEGSEC,3.028083,2.371929
WIHRAG,2.72903,2.4122229
REXKOU,3.243053,2.2543957
KOJKUS,2.5186858,3.2909214
XOPBOV,3.094751,2.3240862
VIKDIF,2.140992,2.6606429
HEDXIA,2.5341964,3.0320609
CEKVUK,2.8433177,2.017163
FALJOR,3.1706707,2.610892
XEDGEV,3.1584256,2.8315327
YAPXOE,2.8552907,2.656426
IRUXIC,4.1268787,3.655055
NOXMIY,3.2816932,3.520218
NULCUU,2.5173254,2.847081
SAYMOX,3.099649,2.7447064
EJOWIK,3.1927118,2.4257317
HAWDEO,2.425895,3.1839533
FUTWEW,4.007693,2.5599563
BUPREK,2.6607294,2.1590931
OZAREO,1.8751366,2.949167
XOMQAS,3.5695896,3.3033442
URAKAB,2.9249518,1.7983959
HISXOW,3.1608746,2.8889275
MEHJEO,3.4022396,2.3014383
WEZXEG,3.5110853,3.0342
XIDLEE,2.7812757,3.1771953
WUBJUA,3.5671406,2.5994585
TILMEJ,3.061009,2.3090625
FALTAQ,2.7448125,2.2274735
GOTXUK,3.4792478,3.1632664
JEZPAF,3.1818273,2.905337
FEGHAB,3.4719007,2.9356513
QAHBOQ,3.0835943,2.9537108
TOCZES,2.43297,0.89044285
NUCJEC,3.4229202,3.47789
LOHTUX,2.0530992,2.4589932
JOQRIQ,2.444943,1.6912031
FIPBAI,5.061318,3.446874
XIVJEU,2.9997833,2.2927184
YODMOV,2.8648148,2.0868177
ATUTOZ,4.4966817,3.5169387
LUNLIQ,3.1053634,2.5361419
TEDGAN,1.5518653,2.505042
UMEMIK,2.710254,2.1179357
ZOGQER,3.6743536,2.8973022
MULCUR,3.1483574,1.9661828
BINPIY,3.0982885,2.5015786
PULROD,3.0577435,3.1082141
AHIFUS,5.107305,4.113143
SAMNAX,2.0326905,2.2907164
EGICON,2.000581,2.2991858
DADPEE,3.9015687,2.9312687
PIHWEJ,1.6982626,2.5785394
RETVUH,3.2988365,2.670858
GOSJON,3.5475485,3.2033463
GEVLIC,3.8591187,3.240587
MOVCUV,3.672993,2.7508805
QIXRAS,2.8210044,2.9641807
SAYTAO,3.6006107,3.1592178
VENYAR,3.104547,2.2999573
SOCDAP,2.9736602,3.4120214
YEHHUP,2.8882165,2.093389
GIQREF,3.9698691,3.7780292
XUGFOU,3.3611505,2.5388188
IJUGAV,2.5396388,2.3696246
KITNEJ,4.0928645,3.580711
YECXIP,3.4218318,3.0115876
ZOPWOS,2.2180002,2.8427
YOBNIN,2.6607294,2.5567245
RUFKUY,4.1668797,2.5417333
VEPYIY,3.5837395,3.6707158
ITERAA,2.936653,2.5229285
AHASAE,3.4449615,3.4151635
VAQYUK,3.0887644,2.3662565
ZUFZIL,2.9929805,3.502389
FOPSIM,2.5080736,2.4397364
DIVXEM,3.9374876,3.2665737
WEQBUQ,2.6569197,1.2197025
VIDQAA,1.9412603,1.8545976
JIVJUU,2.9320269,2.8480227
WAGKUK,5.1609116,4.2950287
JELHUE,4.0808916,3.5923815
LECVEV,3.267271,2.1769958
ZINXID,3.020464,2.5143795
PIYRIY,3.5976174,3.3489094
ZICSAF,2.9464488,2.5143151
TAFQUP,3.4656422,2.4401956
BUJMAU,3.6068692,2.9981399
GECJOP,2.4588208,2.729055
OJEFEQ,3.343191,3.0191796
CPSXER,3.2993805,3.2842658
AYISAC,2.8327053,3.1040282
REBDAG,2.693111,2.8308997
PIVNAL,1.8408502,1.4372108
ECOCIL,0.49198186,2.1424227
YIQRIZ,3.9257867,3.2987797
AVINOI,1.8484695,1.7233173
XEMYOD,2.7469895,2.7893996
GECJIH,3.049308,3.17097
RIKCAP,3.2593799,2.4360642
OCPBRH,3.3118978,2.994571
ECOBAC,3.2797885,2.9543204
ZAPJIJ,3.391355,3.0301218
GIRSEI,2.7254925,2.5702164
SEBDUA,4.9176416,3.61423
SIXXAA,3.0321648,3.0324478
EFOZOO,2.5029032,2.338232
VULVUT,2.9546123,2.9782307
LEMBUB,3.5570724,2.8776293
GULXOC,3.553535,2.968519
HOJGUI,3.732586,2.6145158
MOBKUL,2.731751,3.404924
ACEWEK,3.5812905,3.300634
XOFHIK,2.834066,1.6428835
QASHAV,2.1118758,1.8567245
AQESUL,2.7497106,1.9918519
UKULIW,3.1924398,3.0739744
QAVRIP,2.7861738,2.427823
TAFQID,3.9475558,3.2830708
ROJLUX,4.7260737,3.4839118
XIGDOJ,2.234599,2.1079316
GUZKUH,3.6291826,3.491497
ROBQAA,3.312442,2.6103578
UJUDEJ,2.511883,2.0645442
VIQZAY,2.68141,2.3690925
QUTGUH,3.5568004,3.2112503
WUNVUW,3.4278183,2.9491506
NISGIG,3.0980163,2.5007796
TESGAA,3.907283,3.6046925
OLEZUC,3.8553092,3.0658855
WOGXEV,3.8112268,2.6501603
JOKVUD,2.9350202,1.9953669
PIQROZ,2.2541912,1.7605044
TELHUP,3.3973415,3.237634
QOMNAI,3.4397914,2.4634237
OBOKIB,3.6427882,3.3508239
NEDTEX,4.277086,3.1099675
CAMTUH,2.2343268,1.8924134
EBUMAS,2.9026387,2.1244717
MUSFAI,2.9192376,2.123488
GAKQUE,3.3660486,2.6552153
WEQBOK,2.707533,1.0068363
TILTOX,3.1946168,2.318494
LESFEV,3.0558386,2.8145504
FEKKOV,3.4406078,3.1176393
DAKREN,3.221284,3.0494394
VEVTUM,2.6152864,2.5105443
EDOCAC,2.7252204,2.6200395
LETXAM,3.1701264,2.4464521
IGAWOC,1.9167701,1.546371
UTESAO,2.1420803,2.9996967
TABZEB,3.4860506,2.8854358
GUZRID,3.921705,3.490819
XAWQIV,2.1069777,3.2793272
PEYGEH,3.2435973,3.017089
QIPPEM,2.2454836,2.1044874
YEBVIL,3.6520402,3.4021964
QEDXOM,3.1630516,3.021196
HIXZET,3.8106825,3.9212356
CEZTIN,3.3295853,2.980327
FISQII,3.4574788,3.074195
QEPXIT,3.7342186,2.5134027
MANKOE,2.4996378,2.2966962
RAYQUG,2.774201,3.0946484
IHUGUO,2.5211349,2.8223822
WIXREC,2.8210044,2.6297126
OFOWEL,3.5747597,3.0126133
LUNLAI,3.2269983,2.7248836
DAKSIT,2.9812794,2.5312846
REJGIY,2.6348786,2.2630038
COJWAA,3.8504112,3.9185476
INDRHB,3.1230507,3.0405312
BOTHIE,3.1290374,3.0320086
EGIBUS,2.5292983,2.631099
OSIBEZ,3.448499,2.9213197
NOYMIZ,4.705393,3.7409096
GUYFIP,3.3214219,2.8491902
AFUJIU,2.9543402,2.077659
IROWIW,2.4152827,2.2568152
OGUSIS,2.712431,2.4408894
RUBTUE,2.0718749,2.1376505
JOKPUX,3.651768,3.0126755
NAKYON,5.278465,4.3580184
WOXXOY,3.4784315,2.9788342
VAHSII,2.3126957,2.748
ZAPJEF,3.479792,3.0879865
REPNIM,3.1254997,2.2703686
SIRJAE,2.6346064,3.3913474
JICPIU,3.4719007,2.875007
BIHSUH,3.5837395,2.5921216
IRIDUK,3.8708198,2.7634933
OVOGIR,2.1453457,2.4391942
NUCCUJ,1.9230287,2.5719583
REWYOI,3.6093183,2.7392333
TALSII,3.51299,2.353062
USUYOY,2.8278072,2.4521546
GETNIF,1.6351322,1.8467926
HAJLOT,3.042505,2.3085992
WIZDOY,3.090125,2.4477868
ROGVEO,2.9246798,2.7786453
CAXFAK,2.5110667,2.2309706
SEJHIA,2.518958,3.1508408
RERDID,2.9026387,3.357607
TORFUB,3.0378792,2.614831
ROJKOQ,2.8038611,2.754607
ODIWIJ,3.1012816,3.2781508
XIRDOR,2.915428,2.824256
TILQAG,4.2213025,4.544569
GIZFOK,3.5086362,2.9227686
WADYOP,2.454739,2.9921265
JELREY,3.24523,3.4892607
EPULUX,3.7393887,2.8222923
KUMROA,3.3274083,2.569787
NAPQEA,3.2185628,3.1405559
NEWBIC,2.779099,2.961806
HAJLIN,3.4191108,2.8964515
OJOXEQ,3.2754345,3.0689476
NOCPRH,3.4514923,3.1245232
GIDPEQ,2.1834416,2.9529881
RIJKEC,3.1124384,2.9430306
KAVXOU,3.3176122,3.3754401
ROJDEA,3.0245457,2.0762959
XULCEM,2.7469895,2.1029363
PAMZEL,2.944816,2.4227188
TOGGUT,3.3143468,2.295702
REXRIW,2.3567781,2.0346613
YOPZUA,3.2133925,2.3224926
ERECUA,3.2324405,3.3393826
FINWUV,4.2506905,3.7674317
NOJSIP,3.4182944,3.4128628
KIRSIN,3.4833295,2.9977474
ZAVYEA,3.7203407,3.5219812
FEGKAF,3.8278258,3.5451221
ONIWIS,3.2988365,3.3493657
BEPRUK,3.3576128,3.5831656
EQIKIA,2.035956,2.4365802
JENWAB,2.4457593,1.9193745
DEVSEC,3.945923,3.3588908
HOBPUJ,4.079803,4.148075
ICOREY,2.8890328,3.2080476
MOVDAC,3.5772088,2.6708903
REKTOT,0.80899453,1.9102955
IYEZIW,3.2117598,2.9594254
HAGDAU,2.7469895,2.9318252
NUTREB,2.6229055,2.3255887
IGAKAF,2.2073877,2.4474676
LIBGOS,1.7050655,2.8546393
QETWAO,3.4319,2.6348276
VOHSEQ,3.6808841,3.6005852
MUZYEL,3.1489017,2.5769525
JINWOV,2.8816857,2.3179178
KEDQOA,3.8542206,3.2962444
GAVQEC,3.302374,1.910217
EQAPUJ,3.1333911,2.5476909
EKIDAE,3.6702719,2.9318736
DONDIU,2.6490285,2.1262999
DAJJAC,2.7031791,2.4636145
DUKMAZ,1.1725386,2.0949907
BOHSEY,2.70073,3.288502
WUJVAY,2.963864,2.3705256
TEFZEJ,3.8463295,3.0625973
YISTEA,3.6743536,3.079349
WABKOZ,3.188358,2.640209
XIDKON,3.57993,3.1506927
ICATAH,4.741584,3.1774025
UHIWUD,3.5840118,3.027202
REPVOX,2.4645352,3.066305
WIMTUK,3.515711,2.4981394
FIXXEQ,3.121146,2.5795608
FISSIJ,2.9842727,2.5641782
RAYPOZ,3.4569345,3.0763378
LOCFER,3.166589,2.5114543
PULQUI,3.3113537,2.840214
VAYFAC,2.7249482,2.1333063
JURRIX,2.8882165,3.4899042
DACTAE,3.3246872,2.8633182
YEFBAP,3.9968085,2.454845
BOXXAO,3.4142127,3.021097
ZUKCOX,2.652838,2.002686
EMAXOF,2.4729707,2.6414523
REGSOL,4.404707,3.194948
OLEVEG,3.1118941,2.9699638
GUCQEA,2.8718896,3.932765
YODMIP,3.1543438,2.3909178
ASAJIP,2.1301074,2.403756
AMAZIY,2.5012705,2.3195753
KOZPAS,3.3200612,2.557797
WOCMIL,2.8025007,2.6870556
TUSSEG,2.167659,1.8028249
HUJBIX,3.4618325,3.1707115
SAMQON,3.7203407,3.1538863
HATWUU,3.14482,3.4361417
VIGWAM,3.2174742,3.356631
BOLMAT,2.4275277,2.372027
XOXZIU,2.8650868,2.8430521
NARKID,2.4990938,1.9874756
NARKUP,2.998967,2.6554253
CILTUP,3.1230507,2.6876147
GOFPAT,2.655015,2.5048697
KEXHEB,3.047403,3.1494534
CAJGIE,2.5461695,2.3298712
MOJGAT,2.8484879,2.8253036
KAPYIM,3.8482342,3.0301628
TIFVOT,3.7910903,2.806648
QEHSON,3.3157074,3.1806803
SEQCEX,3.2593799,2.7498765
JOKSAG,2.9940689,2.7660334
JANMUG,1.9747303,2.1177857
HEFSUG,2.89638,2.6112506
DUGVUX,3.0125725,2.4630342
PEZKAH,2.9567893,1.9795065
IPAPUK,3.2536654,2.233329
GIVVOX,2.714608,2.577417
KORCEZ,3.759253,3.7443538
ZOGQIV,3.2789721,2.5111415
BEWJET,2.7815478,2.607879
JUTZOP,2.7342,2.6271284
YUXSUH,2.373377,2.5809085
CEGTIS,2.690934,2.4608998
QORQIZ,1.8509185,1.9603271
WIVRIF,3.6748977,2.9349456
REDBUX,2.6299806,1.9761643
MUSFOW,2.719506,2.2903562
CERSEZ,2.5913403,3.1400843
RIFNEC,3.317068,2.62609
BOLMIB,1.1673684,2.1511772
SOWFEQ,3.5388408,2.3254852
DEKWAR,2.56685,2.8655689
ABICAQ,2.8637264,2.846601
ZASNEP,3.2699924,2.6166167
GACCAQ,3.0335252,2.8163378
MUSFEM,2.9521632,2.0568674
XENBUQ,2.9742045,2.8086622
QOPJUA,3.3706744,3.0044641
OGOGIB,2.939374,2.7388983
XELPOT,2.4912024,2.0047886
NIPREK,3.2898567,3.1649358
ZIKYOJ,3.3040066,3.2054691
LEPBUD,3.1766572,2.9083593
EFOCEH,4.179941,4.2686973
QAZTEQ,2.6354227,2.5314343
QIRGUW,3.1567929,2.353427
QEJCEP,1.2911803,2.4858096
EFOCOR,2.7502549,3.4347887
ICAWIV,2.9328432,2.834376
PIJMAX,2.9380133,2.6634533
COZCEZ,2.8814137,2.7460701
EGAPOS,2.9913478,2.442346
SOJBUO,3.1578813,2.715354
VUFNER,4.170689,2.8128862
XISGOY,1.3948556,2.4329352
XESLAJ,3.2825096,3.4078853
NEZBUQ,3.1981542,2.2051632
KUMFUU,2.633246,2.0172966
YEMKOR,2.977742,2.9856637
CEYRAZ,3.3467283,2.9010837
PEMMEC,3.3445516,2.4238844
BEKTES,3.8101382,3.279892
METVAL,3.084955,2.294775
OFEXON,3.7880971,3.2483187
XAHTOR,3.1535275,2.8237107
JEWLEC,2.1586792,1.3929904
DEFJOO,0.36163932,3.2616234
EDOQUJ,3.3758445,3.2295675
ANEDUT,1.6231592,1.7785815
XIZHEU,2.7216828,2.6292133
JAHNIP,3.8876908,3.624953
MIBRIY,2.4552834,2.0853453
IPONAC,3.4691796,2.9557421
TENWOB,3.1633236,2.2208626
BUNRIM,3.7083678,3.028793
QEKDOB,2.5075293,2.932051
WILXAT,3.36496,2.406301
WEKQIM,3.139922,3.0393558
GIQQAA,3.8079615,3.766013
NOMZEW,3.4879556,2.9248412
ENAQOA,3.881432,2.5213704
QIXREW,3.5557117,3.2099771
BOSYOY,3.5287726,2.9513578
HOMBAM,3.5665965,3.3134809
QADROC,2.0365002,1.9900916
ICOGUD,3.403056,2.4982085
KIBGEJ,2.8473995,2.5736334
KULPOW,3.6174817,2.5983171
VIFYEQ,3.145092,2.629641
FOXKUZ,2.5527,2.8425865
JICJUD,3.8852417,2.0644772
ZUXMOW,3.5121737,3.5282142
DEZVEM,2.9434557,2.1433597
VALGOF,3.5061872,2.9694645
AWOREL,3.2016916,2.3194568
ZEWCEJ,2.0062954,1.9967028
RUDMAF,3.13067,2.3799534
QIFBOZ,2.9197817,2.828089
IGAGUS,2.9268568,1.8119773
PAFXIF,3.415301,2.5835714
XOGCEE,3.5410178,2.3890104
UMIKOS,2.0302415,1.5491002
COZPOY,3.1567929,2.6822538
NIRYEV,3.0912135,2.133985
UMEMUW,1.7510527,2.3436399
ICEDUS,3.2305357,3.3662047
LANSUP,1.4963541,1.1236374
AMAZOE,2.4261672,2.3544161
ICUBUG,3.954903,3.239729
WEQWUL,3.037607,3.1851535
QIZNES,2.2686133,2.7464664
WOLCOP,3.096928,3.0216901
XEDRUU,2.7608674,3.8917055
LUTJOB,3.678435,3.0012321
JEWZOA,3.348089,3.3389874
WAWLAH,3.2776115,2.0729945
XOZVEO,3.7848318,3.0653715
KOBWII,3.139922,3.091152
UTOSED,3.5483649,2.4562452
MIMXAH,3.714082,4.359605
IHIZUV,3.4928536,2.9483953
GIXQOT,2.9083529,2.5538423
PUHNUB,3.4022396,3.1786213
LEYNUY,3.8155806,3.0752203
WOKZEB,3.329313,3.1004248
ZEXDOX,1.8729597,2.1027248
MEGNAN,3.5287726,2.933036
WIFVOW,2.9706671,2.1682477
ZUXGUU,3.0512128,3.2532134
EJUJOI,3.2563865,2.951664
RASDEX,3.5804741,2.7130992
WURBOC,3.940481,3.3653474
EQUVIX,3.0895808,2.2922158
PUXMUR,2.8514812,2.3517137
FOMHUK,2.4846716,3.0784147
XEYPIB,2.0547318,2.0223248
SARJUS,3.7029254,2.517017
FEQWOQ,3.1554325,2.9090614
KAVXIO,3.5279562,3.594956
XEYTUT,3.6885035,3.074884
PEMNAZ,3.152439,2.3790572
MADXOG,4.177492,3.0697372
KAGXIB,3.6634688,2.949261
DEDXEQ,3.1826437,2.6255937
FAJHUV,3.6414278,3.645504
KUCFOD,2.812841,2.7801821
IZUPAV,2.693111,2.77103
KUMFAA,2.7837248,2.163973
DOKMIZ,2.6941993,2.4663234
UMIPAH,3.6648295,3.0521388
EYOPAL,3.4683633,3.1512327
IYAKOI,2.3973231,3.1978133
XAFHUI,3.0620973,2.1116214
XEYVUS,2.6324296,1.2860429
QUKYEC,3.2245493,3.3797617
BINLUG,3.4996564,3.0148988
SIVSOI,3.16414,2.808008
HIJMAQ,2.2906544,2.5474007
WIYHOB,3.0340695,3.187852
POPFIL,3.905106,1.9378085
UTUFUM,3.5167994,2.4729016
CEZZIT,2.763044,3.0989065
KAGCIG,3.723334,2.6373792
PUQRAW,3.4765267,3.2127721
NINJUP,3.5957127,2.7535753
UXUSIQ,2.411473,2.2845936
JACPIN,3.3448236,3.2699783
SIRKAG,3.529317,2.8343072
XINXAT,2.4740593,2.3252316
ZOLXEF,3.2754345,2.457035
YEDFEU,2.9557009,3.4875705
QIFREE,2.9453604,3.147861
QEFPEW,3.3584292,2.794024
WEQHEH,3.1227787,2.257999
TUCTUG,3.5557117,3.5927112
WAVPER,3.188358,1.778892
IVEGIB,3.283598,2.3513014
CACTAC,2.5869865,1.6400324
HINLOF,3.188086,3.234166
DAWBUZ,4.3628016,3.3988218
KIMMIF,2.5752857,1.7391162
ZOCDIE,3.6743536,3.3015728
HIQCOC,1.4188017,1.9518456
KIQDET,3.0952952,2.217098
DONDOA,2.7774663,2.381016
CULGOF,3.967148,3.983721
QIVCOO,3.1407382,2.7763271
ULUJUH,2.7801874,2.8603702
YAZLIV,3.6686392,3.2024665
CAMTUF,3.1867254,3.7304978
KEJVEA,4.201438,3.1483638
XUWFAW,3.33149,2.6822097
EHEYEX,2.5467136,2.6374097
IMIDEN,2.7897112,2.2721977
CANSAN,3.7668722,3.1592188
IGAKOQ,3.2324405,3.375613
BEXJOF,3.6768024,2.7647157
HOPFOJ,2.7883508,2.4364853
ZELGEE,3.8825207,3.3260708
GAZPUU,3.2210119,2.9993415
FUDNUP,4.2076964,3.8476453
CEQHIQ,1.4666938,1.6067966
PUSCIQ,3.918984,3.503553
UPEGUT,2.9630477,2.3147192
NARDOA,2.5641289,1.2522522
KIHHUG,2.3695676,2.558105
FOLZOX,1.9186748,1.8042015
HEKWEZ,3.2166579,3.055885
ZIKWEX,3.424553,2.6496284
FUSKAF,3.9521818,3.128349
DEZHEX,3.0003273,2.780699
SAWMUY,3.417478,3.136253
OFEXED,3.503466,3.169037
OJEVAA,3.7431984,3.7114456
KANLOA,2.473515,2.270437
TUFNIS,2.7595067,1.9469122
BIDHAZ,2.471338,2.0228407
GASBIN,3.5195208,2.7171679
ILEFIO,3.708912,3.2738395
DADNOM,3.8939493,3.1459029
AFELAY,4.073272,3.7568367
HAGTUH,3.897487,3.5049863
LIQYEQ,3.2362502,2.4380212
GULJON,3.9350386,3.6557903
YAPVES,2.8071265,2.6108568
FAVZUZ,3.4495873,3.21461
VATYUK,3.854765,3.0640266
NATCOA,3.7845595,3.2088242
NOXGAK,2.2457557,2.584559
BOBJAF,2.5663059,2.4396071
CAMTIV,2.1428967,1.7516689
OSIBID,3.324415,2.5757027
JEMZEH,2.8427734,3.031813
IDUWOW,3.1037307,3.0857146
XOXZEQ,2.6397765,2.701225
MAYTEL,3.3086324,3.0025165
LULWUK,3.1910794,3.327901
HATVAZ,2.9404624,3.3381534
REJGEU,2.652294,1.6110485
JAVVAE,3.6599314,3.461593
NIXQOA,3.4093146,2.1779501
OHUZIC,3.3230546,2.991512
TPRCBN,1.9004432,2.7713923
YAYMIV,3.1567929,2.3865526
DALHEG,4.0373535,2.7306101
BIKMIS,3.2318964,3.1226845
FESTAZ,3.2800605,3.0697916
EKOKUL,1.589145,2.6869264
TOJZOH,2.850937,2.88228
RIXVEB,3.1034586,1.9837179
FURLIO,3.1989706,2.5706446
DOFGEM,3.9274194,2.9228792
FUBBUZ,2.9818237,2.4316046
YIYDIU,2.3480706,2.6841629
XORRUT,3.2629173,2.5637438
PAGFIO,1.3643789,2.7179854
AZEVUW,3.5138063,3.2436965
EXAYEJ,3.5089083,2.9567428
CEFJUT,3.372307,2.7766929
ROCVEM,3.0631857,4.0703454
QETJAA,2.523584,3.3350456
EYEVIN,3.385913,1.971055
LOXPEV,3.1731198,2.2880409
FOQGAU,3.4792478,2.8681955
FAPVUP,3.8204787,3.226362
YIJLAE,3.5094526,2.1672647
ZATYOL,2.631069,1.8938475
TUTMEB,2.0756845,1.8506014
IZOSAT,2.7679422,3.0494487
WEVBEE,3.0716212,2.4535234
ROWNOI,3.5135343,2.9531536
PEMLAX,2.8805974,2.4862185
YISTAW,3.5597935,2.971772
SEJTUY,3.738028,3.2064471
CEZJOJ,3.0169263,2.246148
IMENOE,3.3227823,3.0712898
GAWXUX,3.6338086,3.231377
GIZGOL,3.675442,3.3925512
YUQCIY,3.3448236,3.0626752
XIYBOW,3.3135304,2.9515793
TOKHAC,3.1023703,3.241249
TISVAT,3.1886303,3.0614676
BILHIO,2.731751,2.004688
FANXUP,3.6291826,3.9473677
QIXRUM,2.4525623,2.6297736
HOQJAA,3.2523048,2.8002791
VICRAB,3.080057,2.5915172
DEFBOH,3.3116257,2.9850645
XOGDEF,3.5592494,2.526538
XOMPIZ,2.5078013,3.1097894
HAHWIX,3.0724375,2.3526134
OGOFUM,3.5633311,3.1167924
EXOXIY,2.1099708,2.3275623
ZOYTOY,2.7088935,2.6927156
GULXUI,3.5385687,2.9068866
TILTUD,2.9189653,2.5766711
NAGTAR,4.077082,4.04466
WOGGII,2.4201808,2.0713344
VEDBAH,3.5461879,3.1837945
OLEZOW,3.7929952,3.1485045
CEJBEZ,3.1995149,2.304878
GUPDOK,3.7897298,3.7312772
GAKJEK,4.0166726,2.7449744
ZEXDIR,1.9703765,1.8594241
VEVYIH,3.3850965,2.5224226
PAZNAF,2.8131132,2.6322517
CIDHEC,2.7641325,2.9022057
JEJDOU,3.202508,2.2753167
OMATEB,3.635169,3.1743853
JAVCAK,3.3369322,3.2738514
YIVQOJ,3.6640131,3.2760823
HIXXOB,3.0084908,2.5904021
IKEJOX,2.6155584,2.0514655
EJISIZ,3.9943595,3.426661
SOSLET,2.9056318,2.6816113
UTAPAI,2.205483,1.8500392
WAWBIG,2.5415435,2.5338025
JEJDUA,2.896652,2.1100166
VIQZIG,2.6800494,2.2727392
YOJSIZ,3.4762547,2.8208632
NARDUG,2.5848095,1.1540285
EFAGOI,3.988917,3.2718523
ZEFMAY,3.3421025,3.0785208
CEGTUE,2.6588244,2.573798
DUGMEY,3.4003348,3.5485635
WEQHIL,3.3298573,2.204782
NAPQOK,3.323871,3.1789384
JILJIA,3.9875565,2.9285738
JUVBEJ,2.7276692,2.39804
BAYXUV,3.106996,2.758061
DEDYIW,4.1861997,3.8809102
KEBNEL,1.6639763,2.5243506
UTUVEL,3.7048302,3.5475645
IGAWIW,2.2237146,1.7727892
RAJCAG,3.895038,2.6793494
IKODOD,3.0528455,3.0010448
SOFDEX,3.2689037,3.3314097
ICATEL,4.257221,2.95744
WENFIE,2.9317548,2.7544467
RIYQOI,3.4846902,2.7386801
SEKPOQ,3.3010132,2.7590966
HITCET,2.3967788,2.0192208
HEYDIB,2.9782863,2.4284682
NOMKOQ,3.880888,3.0941656
MUDCIZ,3.2150252,3.0772119
ODOXEM,2.5850816,1.720949
PUDKAB,3.462921,2.8113997
SAMRAA,3.360062,2.5320425
TODYOA,3.3687696,2.943593
POYFIT,3.326592,2.6715925
QASLAZ,2.2759604,2.2851198
QATQAD,2.3461657,2.8623612
YUCGAE,3.9080992,3.298505
BERZAC,2.1535091,1.9488878
EKUHEY,3.8297305,3.0003505
AQOKAT,3.120874,3.2723598
QEXSUH,2.1480668,1.8118745
MOZQEZ,3.1875417,2.9090455
KEQXUA,2.760323,2.5877244
PIYPUI,3.3970695,3.3160467
NOHTIO,1.9652063,3.0805056
ZOSGUL,3.4144847,3.067862
EDIHAC,3.558705,2.672452
ROJCUP,2.8071265,2.0241601
NARKEZ,2.414194,1.7152694
FUPTAN,3.0514848,2.5721803
FODCEG,1.4830205,2.5139055
CUPZOC,5.985961,5.394501
IMIDIR,3.6890476,2.6468973
CUFTEE,2.8386917,2.4043846
HOXLRH,3.0963836,3.5314367
JAFWIX,4.1061983,4.558256
JEGLUF,2.9766536,2.2757335
VUKTOL,3.9663317,3.3310902
AVIZOU,2.3268456,2.889998
IKEBIL,3.0607367,2.2059374
XIDYOY,2.227252,2.2005334
YUNDIW,3.6313596,3.0239215
JAVVOS,3.675986,3.2596564
QIWZOO,2.8539302,3.247852
MOBWOS,3.1655006,2.0599258
KEBBIF,3.53231,2.864761
GASNIA,2.9894428,2.560483
CAMCOJ,2.32739,2.6395707
QAHHEN,2.8781483,2.6861181
XAFGUH,3.3007412,2.1519523
WELQOT,3.4716287,3.0311694
BEJFIH,2.4697053,2.2160368
CIMLIU,3.8768063,3.424693
WADRUO,2.7442684,2.368779
ORUKIW,2.9105299,2.566986
GUNZUK,3.4419682,3.1580622
GIVPAE,3.0958395,2.705012
RERJOO,2.5769184,2.8094614
JELMUL,3.1108057,2.3342981
JOZROH,3.1219623,2.542457
COTKOM,3.3173401,2.4639728
COHBAC,3.816397,3.7576141
BOJJOA,2.9045434,2.4368773
WECHIV,3.7774847,3.2739036
SICNOH,2.9208703,2.31892
RAVGAW,3.264278,2.720584
FIGVUM,2.6016808,1.3421671
IYOMEO,3.039784,3.1298332
PEDPEW,2.4101124,2.1309233
NAQFOD,3.460472,2.765007
XEPJUY,3.905106,3.1525314
HINNAT,3.2152975,2.9381433
XUKZUA,2.9527075,2.9779625
GOFTOK,3.5475485,3.6200929
IKUSOX,2.834338,2.617684
FEGZIA,3.4248252,3.8292985
WUJZIK,4.0517755,3.112969
ANOXIL,3.610679,3.3577933
JOLYIS,2.87706,2.5730798
WULSUT,3.3951647,2.9946527
YOVTEJ,3.524963,3.355502
HELSID,3.46537,3.3173313
LETHOI,2.6367834,2.4063978
AWOQIN,2.7801874,2.159472
CBPPRH,3.152439,3.2124178
EGAREJ,3.312442,1.7678503
ABICIY,2.7548807,2.8853855
GIXTEM,2.289294,2.1440842
EKAGAY,3.3165238,3.3149936
UFULAJ,2.5244002,1.3130782
VIBWIN,2.5078013,2.2946005
RAHXUU,3.8495948,3.1723034
PAXYOF,2.9880824,2.339381
IYATUX,3.2318964,2.7580597
HUXTOL,2.9219587,2.9510562
DAKRUE,3.0343416,2.5090387
JURROD,3.0650907,3.0811896
ABICUK,2.8857675,3.2286654
VAQCAU,3.142915,2.8850951
LUNSIW,1.3091398,1.6713791
TANCAP,3.4237366,3.3565245
HBUPRH,3.6000664,3.1902978
CDXPRH,2.559775,2.8443055
JOCHOA,3.5045545,2.812379
RULRAT,3.4414241,2.183521
DEXFUI,2.7584183,1.9714768
QIYMOB,2.95815,2.5502067
OGOFOG,3.5848281,3.1798394
CAXBIP,3.3739398,2.352281
REDPIB,3.3570688,2.730737
BEFNIJ,3.5363917,3.5051718
ODORIJ,3.46537,2.4111364
XIRKOB,4.0705514,4.1155825
DOTBIA,3.3486333,2.8607469
EPIBOW,3.04441,2.0205286
PUMNEQ,3.9037454,3.5829659
BAYYAC,1.8008496,2.3895292
YIQQUK,3.917079,3.3316255
PUYBUI,1.4503669,1.9370329
BEJFON,1.3926787,2.0343237
KEZVIU,3.8702755,3.6099
PONCEA,2.1692917,2.4179296
PIBQOJ,3.209855,2.9585745
AXEDEN,3.2278147,2.606967
SERSUD,3.3355718,2.856611
SIGFIZ,3.034886,3.161793
NIPXER,2.490386,2.9571464
CAYMAQ,3.314619,2.9309528
KICDAC,3.6177537,2.9947836
DACDER,3.4109473,2.9125915
IGAKUW,3.5391128,3.194496
RUPWEG,3.1869977,2.5334494
QUNDOS,3.9878287,3.1841142
ZEJMAE,2.5769184,1.6070329
YICTAG,3.2727134,2.1277134
MUPWUQ,3.6057808,3.218421
RENZIU,3.1867254,2.4305499
NEPBUI,3.3260477,2.5179994
FAFBAS,4.0808916,3.0672133
IDIQES,3.5709503,2.5762465
VUDDOO,2.5192301,2.1386833
XUPQEF,2.5624962,2.52266
EYADAK,1.9173143,2.132605
INIJUK,3.9320452,3.1479375
PEQQAF,2.2509258,1.9732113
KAHSUJ,3.5812905,3.2020202
KIBMUF,3.3227823,2.415133
FEYJAV,2.6465795,2.7005296
ABEJOG,2.7701192,2.783767
LOGZIS,3.1372008,3.0354888
DAQDAB,3.059104,2.5780563
PIFTAZ,3.6267335,3.113307
XEQYOJ,3.3355718,2.9587889
FAGVOA,2.0541875,1.7287887
TANLUP,3.0237293,2.8696713
KAXGEV,3.5304053,2.3813834
PEFNUK,3.5244188,2.6731188
WEYSEZ,3.6495912,3.1893709
IHIZOP,3.5067313,3.037574
JIFZAC,3.1031864,2.6258628
QONFOQ,3.510269,2.8504624
JIVJEE,2.6305246,2.909297
JAYJAV,2.3619483,2.143497
BILGOT,2.7736566,2.5577154
TORFOV,3.4765267,2.8900323
NESLUV,1.9088788,1.2853453
LIMTIK,3.539385,3.5586636
WAVCOM,3.2079504,3.2824771
ILEVOL,4.4177685,2.9739525
BOTKUT,2.8269908,3.1670032
PAWJIG,2.875155,2.6837142
VOFHUW,2.8601887,2.8393135
XOXFEW,3.751906,2.742974
GIPZAG,3.226182,2.8226953
PUFLIL,3.244958,2.8178613
YAVHAG,3.4087703,3.1994119
GANKAI,3.2444136,2.2423325
IMENUK,3.4117637,3.2991426
HIJXOQ,2.9674017,2.140573
NIKZAL,3.883337,2.788034
VUPJEV,3.152439,2.6742978
KISZAO,3.8735409,2.72407
WUPHIA,3.085771,2.7992706
DIJQOC,3.8920445,3.4340878
CUDKOC,3.6245565,2.995129
ZOCDOK,3.6457815,3.344531
QIDLAS,1.4285978,2.270918
SOLYOK,3.7772126,2.908862
NOGTIM,4.061027,4.0980124
DICSUD,1.9943225,2.4087381
OLEVUW,2.934476,2.9633436
GUNWIV,2.4441266,2.6054263
EGICED,1.7069702,2.4720206
HAXJIA,2.7804594,2.5874429
LEFDOS,3.3083603,2.9785693
QICZEK,2.822365,2.4311438
HICSUH,1.4582582,2.5682876
YAKGOH,3.2650943,2.5636163
GAWDAL,3.0357022,2.2333207
LAJQET,3.1527112,2.7737315
LETRIO,2.934476,2.7222774
XUNPOL,2.6182797,2.3330429
IHAHEE,3.2841423,2.3555784
HERGUH,3.001688,2.6428258
ECATAD,3.185365,2.2213852
UMEBET,3.3374765,2.9545934
BEWPEZ,3.2680874,3.432866
TEDXEG,2.6411371,3.1151316
HEZNAC,3.5399292,2.3547006
KUPVAT,2.2642593,1.9966168
PAPSEE,3.9970806,3.3925376
POQSOG,1.551049,2.2733376
DANKOS,4.0251083,2.4620457
GUSJUZ,3.7407494,3.1371453
REZLIT,2.7067165,1.5664548
LAVQIL,3.2599242,2.4238138
LAQMEW,3.0082188,2.517069
ZULROP,3.3899944,2.7207077
TANLOJ,3.1701264,3.0612051
AQECOQ,2.5401828,1.85826
EFUGOB,3.2746181,2.8075433
NOXNIZ,3.5135343,3.8625808
ROHTUE,1.6958135,2.7487855
GOLPEC,1.8778578,2.0789623
RUWZIS,3.410131,3.2552705
DADNAY,3.7094562,2.9346507
QAXBOG,2.0631673,1.9013877
WODHEE,2.7448125,2.7452958
ECOTAR,3.2142088,3.029411
JOGKIB,2.3692954,1.2512227
OKEMIA,3.0479474,2.3180923
REYFUX,3.056383,3.1088073
KOHRUV,3.4740777,2.8046281
DAKLUX,2.7472615,2.598256
WAXTOE,3.3309457,3.2135668
WOZPOQ,2.5940614,2.5309396
ZEGWIR,3.166317,3.231388
CEXCAK,3.2710807,3.263015
RODDAS,2.6248102,2.6420658
DAKTEP,3.329041,3.2976348
LIHWEE,3.2294474,3.2910705
UZIYEJ,2.698281,3.2528794
IJUGEZ,2.8316169,2.3703275
CIYBIV,3.682789,3.7778819
AMIGAF,3.0166543,2.2541187
IXADOB,3.2776115,2.5891125
REVFIH,2.143985,2.1602824
VESZAU,2.4239902,2.146121
QUNBIK,3.489316,3.1497223
CAMTER,2.086841,1.8819716
OFEXIH,3.7900019,3.1997645
GAXPOK,2.822365,2.9327626
RAMLEZ,3.9132695,2.8742878
UNAWIP,3.1102614,2.5058486
MUJNUB,2.963864,2.0580037
XORSEE,2.4588208,2.0550203
WOGPEO,3.560882,4.327423
FIPKIY,3.2806048,2.8254094
SAMREE,3.5758483,2.4210982
TEFYIO,2.7573297,2.84163
XEQMUD,2.9529796,2.293622
EDIHEG,3.551086,2.9712014
JEMZAD,3.2348895,2.850739
ENUWIV,2.4201808,2.4139414
ODUXOC,3.2465904,2.3597531
UPOLUH,2.941823,2.5559525
VUFMEQ,4.433823,3.0660615
ABICAP,3.539657,3.2743306
FEVZOW,3.754355,3.4472601
COFDUX,3.1510785,2.810666
EKOJUK,2.7714796,2.156272
GEDZAQ,3.1780179,2.573828
ICUHAP,3.0795126,3.2541986
ADUZOO,3.3486333,2.353221
WIWYOS,3.6607478,3.1235433
JASPEZ,2.4457593,2.701572
ROSKOC,3.0874038,2.5309772
HUBHER,4.2743645,3.1191688
YEBWIL,3.4427845,2.8629532
COQMAY,3.5456436,2.8271646
GUVQIZ,3.4025118,2.6332989
FUDNOJ,3.4898603,3.318648
GETWUY,2.604946,2.4901097
SOWFAM,3.5067313,2.7444985
BUVCIE,2.5137877,2.9034672
OHIKAR,3.3704023,2.6172874
DIWCIX,2.9739325,2.1824522
KAKWEZ,4.2191253,3.952517
JOWLEM,4.1813016,3.7794304
WEQHEG,3.027811,2.4090178
FEKKAH,3.145092,2.3547401
CIFZIA,3.8754456,3.206581
TESFIH,1.6500984,2.698224
WENPAH,3.180739,2.6187947
ICUCOA,2.2811306,2.774395
LASGAN,3.5042822,2.7556744
XATCAY,2.9698508,3.4444497
SAGZUV,4.610425,3.4605775
LAVMOL,2.3967788,2.4688497
ZOKRAU,4.979684,4.108938
POJMEJ,3.0498521,2.3321218
VEZJOA,3.6446931,3.072762
JUYNAU,3.1529834,2.3555443
XAWQUH,2.5224955,3.350165
ULOSUK,3.529317,3.0344698
APINOE,3.5268679,2.721182
NUVFER,3.1053634,2.3965604
OLAJEQ,4.005516,3.4277096
TUHYEC,2.7050838,2.3457365
BOHRUN,2.4822226,3.1587322
GAYWAH,2.184258,2.4650702
GOGDAH,1.7477874,1.7700163
CUXLAK,3.3758445,3.1563554
HUBTED,3.4743497,3.2528212
AGOXUR,0.8421924,1.4075019
XUJBOT,2.5777347,2.7635016
KACSUC,3.4177501,3.3231118
DOBQAN,3.4849622,2.9230335
XIYFAO,3.8425198,3.2378585
CULPUU,3.6667342,3.232468
BEXWAD,3.6865985,2.6113524
WELVIT,3.62755,2.584328
QUNBEG,3.4691796,3.3934798
DITDAL,3.6699996,3.0574505
VOCFUO,3.1396496,3.5247674
ZELMIP,2.6022248,1.8301779
RUQTUU,3.8017027,3.3355103
DODDUY,1.543974,1.7138057
KOHSAC,3.4827852,2.9219258
BIKFIM,2.057181,2.4246678
JANNOB,3.5589771,3.3932707
COQLOL,3.317068,2.918399
AQOJIA,3.1755688,3.2133918
WAYSUM,3.7323136,3.6533978
SOFCOG,3.188358,3.3624635
RUDMEJ,2.9976063,2.2254314
HAJLAG,3.5581608,3.3886735
POTGEK,3.3823752,3.0677683
MADWIZ,4.464844,3.2134185
XAFBOV,2.021534,1.6802236
FUDKIZ,3.6550333,3.527308
OSOQAP,3.0999212,2.5800335
AQOWUY,2.8425014,2.7852144
XIGFAX,2.6797774,1.9799747
HECZEV,3.6218355,2.7697146
HAWDAK,3.1350238,3.6734304
XOZVIS,3.816125,3.0674963
ROJQOX,3.3791099,3.1178632
AQUVIR,2.5208628,2.1811764
JINJAU,2.915428,2.1232252
LAPDEM,4.050959,2.6972861
LETJAW,2.0141869,2.1417882
SUHXAV,2.6748793,2.5706394
SIGFOF,2.8362427,3.0046182
FARDEJ,2.6517496,2.4460697
IGAKEJ,2.406303,2.23107
CIMXIG,2.987266,2.6741645
NAFJIO,1.2182537,2.7838771
DOJJUK,3.094751,3.3529985
RAQYEN,3.2229166,3.0291271
QIFROO,2.880053,2.657299
ZIKXOI,3.2384272,3.1589022
LEFBED,3.28387,3.2654572
SEQSAI,3.3921714,3.0673232
CIXZIT,2.356506,2.9427578
GIRXAJ,3.1940725,2.4906507
BAFWIQ,3.2101274,3.0464468
YUFDEJ,3.3755724,3.3813655
BUJQAY,3.7129936,3.707644
ZELWUI,1.9222124,1.8132594
DODYUT,2.676784,2.9005668
LUNKOV,3.5070035,2.507749
RAJNOI,2.1978636,2.611553
ITAJUI,2.8196437,2.8651028
JETFET,2.941551,2.8825119
JOZRIB,2.8356986,2.528484
NARLIC,3.1516228,2.454805
ULOTEV,3.6025155,2.7066913
BESDOT,2.5009985,2.7792733
UMIDOJ,2.9434557,1.9753963
VORROM,3.8006144,2.7613313
UDIXOX,2.616647,2.3825588
XIRFOU,2.690662,1.9684936
POBPII,3.3608782,2.3841307
HINMAS,3.1516228,3.151246
ALAGOK,3.393804,3.0499508
CPIMRH,3.312714,3.5843267
FIDPUD,4.5130086,3.1364472
BOHHOW,3.0191033,2.5257792
KIBYUR,3.047131,2.3639288
BUBFIO,2.9439998,2.9895122
UGIQEH,1.8228908,1.2023741
ITIGEX,3.8727245,3.60538
INIFIU,3.5867329,3.021802
QEGZOT,1.9929619,2.1306305
GOFVOM,3.7181637,3.4762185
HIYZIY,4.806075,3.9398975
TATWOB,1.7921419,2.6018286
VUFSEW,3.2993805,3.2365134
NADZOK,3.749729,3.3101013
LANTAW,1.6149957,1.2028354
FUVHIN,2.8302562,2.8462503
BADQED,2.3165052,2.5259638
NUTQUQ,3.2444136,2.7346466
BIHWIY,2.4071193,2.74187
AMAZUK,2.2947361,2.4109118
VECDEM,3.36496,4.178085
GUHSIM,2.7118866,2.3168557
NUCHAW,3.362511,3.9834418
KUWPOH,3.8153086,3.074959
REQCUL,3.0936625,2.6295886
GEMXON,1.2158047,1.6623672
OMEKUN,3.7823827,3.4382992
YEHBAP,3.2585635,2.8440945
HERQEA,2.815018,2.5348532
XAXNUG,3.0552945,2.916644
OPIBIA,3.0131168,2.4077783
YOXQAF,3.1818273,3.183321
RAGYOP,3.6621084,1.8691967
HIXZEU,2.7807317,2.939366
HIMVIK,4.093137,3.2413416
XEKMUV,3.754355,2.9119415
YAYLIU,3.0754309,2.3980865
ULOSEU,3.42673,3.1034083
KIDYAX,2.846311,3.2154982
MUGZIY,1.9107835,2.2085462
EGIBUU,2.1303794,1.5851675
WINGAC,4.1377635,3.3873472
ASELAL,2.9358366,2.6191177
ADUYED,2.8473995,2.639431
PEJSIH,2.16521,2.5203686
MOFKEX,3.2985642,2.6437314
LOQWIX,2.8182833,2.7458081
KELQUO,4.0447006,2.5075116
NUTKOC,3.001416,2.9591196
FAYBIS,2.827263,2.9273872
EGEGON,2.7088935,2.6937053
XELPUZ,1.3257388,1.4456614
SIMLOR,3.6104066,2.9218636
WUTNUW,2.5967827,2.3013859
HEHFEF,3.479792,3.0808403
OGOGEX,3.1894467,2.6419413
UROGAK,2.4441266,1.1496675
ADUYIH,2.2740555,2.25371
VEZXAA,3.494214,3.3672795
VIQLAJ,3.5524464,3.3405662
ODIGEN,3.6661901,3.1985524
BEXVOQ,3.4719007,3.135112
RASCUM,2.7695749,2.633702
TACXUR,2.1741898,2.351077
EDEHIE,3.0479474,2.1424115
XAXHUZ,3.2332568,2.6848226
DACTEI,3.940753,3.4335866
MADVAQ,5.104856,3.750521
CTMSRH,2.798147,2.2145522
UXIDAI,3.9080992,2.601644
JAVVIM,3.1467247,3.177627
GOFNAQ,4.861586,4.0125437
QAVSEM,2.8449504,2.2302136
JEBRAJ,3.2087667,2.9837604
CILYAY,3.811771,2.9306636
NALPEW,3.3304017,2.7285542
CIQJIV,3.3069997,3.642724
EQIXIN,3.5625148,2.8316715
XATYOH,3.056383,3.0764756
VUVQEJ,3.8147643,3.445232
RAKRUT,2.3026276,2.633227
MOMDID,1.6928203,1.7776452
OFATEX,3.1434593,2.7423878
QIYMER,3.0503964,2.5996008
LETHIC,2.4721544,2.5042477
XUCRIY,3.4095867,3.6230047
SICKUL,2.6784167,2.6167636
QONXUM,1.9418045,1.5916038
UKUMET,2.791072,2.7711797
FUJMOO,2.4223576,2.4690921
UJUHIQ,2.614198,2.8018482
OFEYEE,3.2218282,3.1442404
YAXYIG,4.1698728,3.7353559
NAMQOH,3.5845559,3.5820022
NADSOC,3.0512128,2.8994422
SORSUN,3.4781594,2.6251435
QETPEK,3.2901287,3.411103
ULUJAN,3.5040102,3.0612533
MIDCAE,3.8912282,3.554616
KUMDUS,2.779643,2.0023794
XODYAR,3.2795162,3.1621163
NIVCOL,3.3143468,2.5848343
FUTLIR,3.1105335,2.5406654
QUVCOB,2.3842616,2.1642728
GEMXUT,1.4525439,1.6301521
IBEWOE,2.535829,2.279681
EFUPUS,3.0797846,2.4639797
BILGUZ,2.9761093,2.9971044
EBAJEX,3.7486405,3.5011222
GALYIB,3.4406078,3.3079782
DEQHEM,2.8898492,2.8113806
REPNAE,3.0871317,2.4037719
KOJLAZ,3.4180222,3.2761176
TUDXOF,3.3796542,3.4901135
MULLAG,3.0903971,2.5050457
HEVBAM,3.5497253,2.9606822
GEZHUO,3.3157074,2.8096745
WEQWIZ,3.300197,3.4306684
KUMGAB,2.939102,2.1850061
UGUFOT,1.6593503,2.1352136
CAMTOB,2.0590856,1.9360803
NEJKOD,3.8700035,3.121011
PIVXIE,3.1508064,2.387805
QIVCII,3.139922,2.775512
NEHBEI,2.3510637,2.9773057
VODZIY,3.1562488,2.572446
RUXQIL,3.1410103,2.7748547
NIQFEA,3.5497253,3.0974126
UDINAW,2.1880677,2.225557
YEHHOJ,2.7118866,2.333798
MOGGAR,3.0305321,2.7217352
ROYCEP,4.445524,3.1330757
XEFHAS,3.307816,2.5990162
ADUYAZ,2.774201,2.4769301
VILYUL,2.2463,2.0336685
WETHOT,2.7132473,2.8048074
DEGRAJ,3.9529982,3.656387
YESGEI,2.6297083,2.2316713
FAJCUQ,3.1140711,2.8815994
QOYBOX,3.0808733,2.5508478
AXIYOX,2.6060345,2.3413846
AYIRUV,3.7347627,3.4113603
DEJVEV,3.252849,3.1170065
SULHIQ,2.9769256,2.8625104
OFOBEQ,1.7847948,2.5419505
QILVIQ,2.28494,2.4341097
HUYPUM,1.5711855,1.7027453
MAMKOC,2.741275,2.8390472
GUDDAK,2.7067165,2.1894236
ECIFII,2.409024,1.5307907
MOKCOF,3.8629284,3.3576303
GEVLOI,3.9034734,3.3180542
XACLIZ,2.874611,3.2359736
JAFVUK,2.8101199,2.6051545
ATIZEK,3.3742118,2.2839727
XIYFOC,3.310265,2.4308095
SASZOB,3.3040066,3.0737033
VEZFAH,4.329876,4.1267147
QETMEK,3.8751736,3.9773178
HINMIA,2.5725644,2.1815019
VIBHUL,2.77665,2.1597345
LAMSUN,4.055585,4.4889174
RICJIX,2.5301147,2.4121933
DIYCET,3.106724,2.6315813
XODXIA,3.2504,2.6962895
FILJUG,3.0487638,2.6550734
XUSHOK,2.6969204,2.0451198
ZEJMUY,2.6079392,1.368477
JABGAV,1.8590819,2.372676
DIZLON,2.9497142,2.9954112
NOCPUT,3.0784242,2.0865378
HUBKUK,3.8604794,2.8383973
YISDIO,3.5557117,3.1033802
OVELAE,3.1589699,2.7980995
MOYQOG,3.3388371,2.9025507
HEVBIU,2.8874002,2.9896307
FOCWEZ,3.1772015,3.4424582
NOPCAY,1.739896,2.4499977
ZATSAQ,2.055276,2.2028375
WANFID,2.8082151,2.0740256
JEQTOP,2.7453568,2.0011458
MIMXOV,3.6202028,4.0847673
COXGUR,3.589454,3.1883247
SIGCOD,3.071077,2.4331686
LILCAL,2.7812757,3.0250602
RECGEO,2.5728366,1.8236225
MENJUN,3.5021055,2.6651652
OMAVED,3.1298537,2.259107
MOWWUS,1.9725534,2.1245303
WIVGOZ,2.5518837,1.9733431
MUPWOK,3.2958431,2.5325034
CIHYOH,2.4204528,2.505525
GAKJOU,3.9973526,2.456073
IFIHIQ,3.7611578,2.5771174
RATQUZ,3.4046886,3.1584544
BUPRUA,4.005516,2.7925544
LUNKIP,3.6090462,2.9061153
LEDSIX,3.082506,2.6773727
TEXQUL,3.240604,2.6926713
BUKCUG,3.3181565,2.8716624
JAHRAM,2.9342039,2.1964874
BOTFIC,2.322764,2.393883
WIHREK,2.9600546,2.4459405
SOFDOH,3.1940725,3.433346
ROBVOV,3.243053,2.3571424
CEQFIO,2.5848095,2.6295464
BIDHED,2.3747377,1.8597233
RITYUO,4.3532777,3.9002328
CEYJAS,3.4392471,2.55855
QUBTUE,2.6041296,1.9174691
ZOVXEN,2.6699812,2.5061965
QEPDAS,3.5905423,3.3514268
ICIXAU,1.6688743,2.2405949
YOPXEH,3.2547538,3.19515
HEDTOA,3.63272,2.7893147
GOFTUQ,3.300197,2.9720588
HUHHAV,2.3535128,1.9035467
DUDYAD,3.300469,3.2113264
RAPSUW,2.982368,2.5325491
FEQXAD,2.4318817,3.0293279
RIVYIG,3.9355829,2.6050441
ABUJEN,2.9325712,2.625431
PARTEH,3.1537998,2.4806218
HAQGAJ,3.6038759,3.287228
PULRIX,3.0512128,3.351086
PENKAV,2.798691,2.7090878
QOPJOU,3.2376108,2.878493
TORFIP,3.3908107,2.6525567
FALSUJ,3.1986985,2.3183537
NEJKIX,3.854765,2.9795399
VALREI,3.1148875,2.7593236
SAKXAD,3.6368017,2.9057083
KIRGUN,3.0114841,2.6511662
UVUCOE,2.4405892,1.0361354
AZOCOI,3.0163822,1.9496975
MASKAU,2.110243,2.164022
XIGFEB,2.7181454,2.049511
QOJXUI,3.7475522,3.6402755
GIBHII,3.0054977,2.6396453
LAXBER,2.6920223,1.3572552
DIZKAY,3.2876797,2.7764723
DIZKEC,3.0689,2.6523006
GUQDUR,2.7494385,3.320524
LURZEF,2.7083492,2.3623338
OJOXAM,3.3116257,3.1082678
KIGJIV,2.5211349,1.0849873
OHAJOW,3.9603453,3.180913
FOPWAI,2.9159722,2.3298347
RIFPOO,2.3510637,2.8807466
MAZLEF,3.6041481,3.3109148
QIVCEE,3.1410103,2.778806
HOQTOX,3.5366638,3.1846197
DOJKEV,2.8291678,3.430744
ULUKES,3.071077,2.1748421
BUPQUZ,2.3431726,2.167646
DAMRAK,2.9404624,2.7317073
XUJTEC,3.3184285,3.2875829
GIPYIN,3.3777494,2.9540503
ZOSYEO,2.3018112,2.218602
FEHJUY,3.0171986,3.0907521
LUGYET,2.444671,2.2071626
NARFAO,2.4416776,0.9720794
WIKTOA,3.1189692,3.0293236
XIVPUO,2.1959589,2.0274835
DOGROJ,2.6163747,2.4310355
QUKKEM,3.1842763,2.6401231
MECSIZ,3.1848207,2.646264
ZAYKUH,2.8737946,2.4163895
AGEMUV,2.5633125,2.257253
PIVMUE,1.8239793,1.6202067
MADXEW,4.093409,2.9789279
TUJPIZ,2.71488,3.0830839
SIYPEY,2.0691538,2.1862187
MEVZAR,1.9600362,1.4772995
YAMQEK,3.6506796,2.756462
PONZOH,3.0337975,2.3142307
FUTYUO,3.0237293,3.3410962
SOFGAW,3.3407419,3.2918134
WIZDIS,3.3154354,2.857649
WUQHUL,3.2767951,2.4834967
IKOBOA,3.2626452,3.2283812
HANKEM,3.4419682,2.5136187
AQOFIX,3.838166,2.834309
OYUGAR,2.167387,2.4785383
BUKYOW,3.7510896,3.3299086
WATLUA,3.432172,2.8695197
FUQQAL,3.1826437,2.6168923
OHIQIH,3.2830536,2.5480971
RUJWEZ,3.99572,2.4544537
FAJDEB,3.0980163,3.0673945
REPNEI,2.636239,1.9863214
CIDHOM,3.840615,2.9739778
ENEWOK,3.5978894,2.9397867
EJUSOR,3.5407455,2.8347237
IHIZEF,3.510269,3.0249624
IQAZOP,2.934476,2.9947214
EJUZIU,3.328769,3.0449374
KUNJIM,3.5957127,3.108477
KIQJAX,2.3649416,1.9705489
WODBIC,2.884407,2.880742
XIDPEH,3.2362502,2.6320422
HOXMOY,2.8030448,3.3685951
IFUWEL,4.0950418,4.03171
DIKFUY,3.226182,2.8608966
KUMGEF,3.0046813,2.2709172
OBELIT,2.7377377,3.1305747
CIZZAM,2.7064445,2.7919703
SIWSAU,3.0484917,2.7277114
RUFSUG,2.9472651,3.170484
SUPMAT,3.6691833,3.0673292
LEVBUJ,2.82046,3.4538918
WIWLUK,2.2718787,2.0009735
TUVBUH,3.111622,2.9107914
TANBUI,2.9521632,3.1292284
NIVCUR,2.8493042,2.526566
JEWNUV,2.588347,2.6279023
FETMOJ,2.592973,2.928322
TEDPAW,2.9274008,2.134666
FIXXOA,3.0667233,2.612124
KIMQAY,3.0950232,3.0345674
XERNUG,2.3314717,2.7266343
NOLPIN,4.1472874,3.3265584
ELUHOI,3.608774,3.4855535
BEXJAR,4.125246,3.0855167
KIXQAK,2.7785547,2.551209
EFULEY,3.2999249,2.9626465
WIWJIV,3.0678117,2.8878226
ODOREF,2.4414055,2.197218
DEGQUC,3.7842875,3.0603118
EGICAB,1.8577213,1.8310422
LEZKOQ,2.5807278,1.185078
NITHIH,3.5499976,2.9556048
DEDXAM,2.8697128,3.1683044
REXROC,2.5301147,1.1130476
KASGEQ,3.0286274,3.0881538
EYICEU,3.8637447,2.6287181
TIVVID,3.034886,3.2936525
DEGVAO,3.4400635,2.3113022
RAGWIH,3.9976246,2.4482172
QIVHOS,3.5423782,3.1996
MUQTID,3.5304053,2.6248226
HINSAZ,3.9257867,3.9222014
LETXEQ,3.1293094,2.3660207
VUJFIR,2.7918882,2.5754056
FEYHOI,3.5698617,3.7197554
MADXAS,4.2447042,2.9547527
MEXWOB,3.0925741,2.4514503
MOKHIF,2.638688,1.3300172
DOWSOY,3.0163822,3.0277784
QALFUF,3.2006032,2.3567564
OBELEP,2.7927046,2.9095104
YIDROS,2.3159611,2.855131
OHIJUK,3.4607441,3.1275086
IBAKAA,2.8977406,2.7519445
ROYCOZ,4.9938335,3.4601274
GIZGAX,2.750799,3.022356
QIXROG,2.6220891,2.698456
FIXCUL,3.3271363,3.174826
NOHPUY,3.1059077,2.5020807
RULMEQ,2.4770525,2.7771537
YANZUL,3.2305357,2.4905047
XOJLIR,2.4890256,2.997021
PUQQOJ,3.635169,3.7220383
GAKXOI,2.8136573,2.6572988
RAGWAZ,4.00606,2.5577672
XEYPUN,2.1880677,2.0246086
LUNHIL,2.9045434,2.9145656
FOYCUR,3.3774772,3.2089772
HULZET,3.7655115,3.673172
HAXJOG,1.809013,2.4146025
NODGIX,2.7755613,2.6318908
ZOYRIO,3.2637336,3.1918988
ROBPIH,3.039512,2.6231005
DAVXOQ,2.6639948,2.0552723
DAHSIQ,3.7576203,2.9952698
IBUBAJ,3.1249557,3.401023
SACHIN,2.8922982,3.1149817
IGAWES,3.5957127,3.3134727
RAKRON,2.2884777,2.753854
ABEJEW,0.26721582,2.0810843
HAYQEF,4.082252,2.9261847
YEPPOB,2.3954184,1.8733811
KEBVUK,2.6329737,3.1146965
ESEBIO,3.5467322,2.5246391
ALAGIE,3.3331227,2.8800611
WIXXAE,2.776922,2.6202776
WOFZUM,2.3975952,2.2923465
HAWSII,2.9521632,2.8452375
KIDBEG,1.6231592,2.206132
GIVWEP,2.0413983,2.8802938
IHUWEN,3.5113573,3.5513525
NUZYEM,3.859391,3.2815895
BOBSIV,2.5869865,2.0980916
PUMNIU,3.7091842,2.9106612
VUFSIA,3.5475485,2.9388223
DADNUS,3.5812905,2.9924197
OMAVUT,2.7902555,2.112109
OMADIP,3.854765,3.2467258
QIHPAA,2.7295742,3.2983215
HINMUM,2.736105,2.5738895
IQAZUV,3.1173365,3.2667434
QIBXUW,2.1850743,2.0517895
LIDKOY,3.2087667,3.5912068
NADSUI,2.6610014,2.6909359
JAWNED,2.7559693,2.0823412
KAMDAE,2.3507917,2.2917295
DURSEP,2.7905276,2.7094047
OHIQON,3.3486333,2.9329724
COFDOR,3.1535275,3.0888455
COSTEJ,3.224005,3.2146919
SUNWAB,2.2773209,1.9147869
ENEXAX,3.2759788,2.2992766
KIMFAP,2.7042675,2.7208707
JUSQAR,2.8234534,2.3379507
VAXNIS,2.9782863,2.2610402
OJIMEZ,3.1279488,3.2325115
HINLUL,3.0972,2.8605213
VUCDED,2.683859,2.2851658
IVEGUN,2.9268568,2.138195
CECPAC,3.7864645,2.3107038
CISDUF,1.6163564,1.9572686
NEKTOP,1.9431651,2.6736016
XOMQEW,2.6449468,2.7547677
ZITHAO,2.7521596,3.7283795
TIXQIC,3.130942,2.4756868
DODDOS,1.5864239,1.7829992
XEPKAF,2.5124273,2.9195
VIGWIU,3.1946168,3.5303016
FEXLUS,3.4036002,3.0816853
PAXYEV,2.8947473,2.4105432
TONPIW,3.281149,3.1094754
KORREO,4.014768,4.471883
ADUJEQ,3.2256377,2.9406872
JUSQEV,3.5048265,2.8031154
LUQMUG,4.3339577,3.3786714
DAMVAQ,3.819118,3.391086
BUKDAN,3.281149,2.7648754
BALERH,3.7067351,3.2042186
VUJFEN,2.8052218,2.6681712
GIXQAF,3.39843,2.0162234
FUNHIF,2.8716176,2.330367
OHAJIQ,3.3899944,2.7966292
ROJFAY,2.755697,1.8389162
FIWKIH,2.758146,2.9783573
NUDSAH,3.250128,3.0513744
UBIFES,2.660185,2.5207894
HUVKEP,2.4242623,2.5622404
EJIDIM,2.7233155,2.316057
TUCGAA,2.593245,2.2681136
FIXYAN,3.2147532,2.688395
IXUTOK,3.4166617,3.179652
UGAXIK,2.2294288,1.9357973
IYATOR,3.5698617,2.7379541
BIMLEP,3.7274158,2.6150224
BAZLIA,3.1037307,2.7916014
JUZSUS,2.6822264,1.5088305
IVEGOH,2.8348823,2.3044465
CIJKAI,3.1837323,2.4013014
BOQQOQ,3.027811,2.7410817
JOCHEO,3.5233302,3.45495
WANGAW,3.223733,2.6564028
CEZSAE,3.899936,3.1506124
QOVNOE,2.9605987,3.2874017
QAHHIR,3.2370665,2.572634
SAQHOJ,4.012319,2.6230016
USESUI,2.9551566,3.3571267
SONNOA,3.283326,2.460716
MIFKOC,3.2762508,2.914136
NAXPOR,3.4547577,2.677745
FEYHIC,3.7529943,3.7711952
NALGUD,2.6672602,3.1484826
OSEHAW,4.326066,3.0506895
HISWEL,3.5225139,2.9223306
MIJKIB,2.5439925,2.4673793
TADHAI,3.4740777,2.6566882
KIKPEZ,2.953796,2.401032
IZOROG,2.1932378,3.0485342
UBIDUG,2.6607294,2.6922836
SAMQIH,3.4601998,2.8502667
IPRHRH,3.39843,3.6272457
MITYOF,2.9864497,2.5871906
HITJAW,2.8718896,2.316871
GOSVAN,2.7902555,2.2730987
CASXUP,3.101826,2.2198997
QIKNIJ,2.7948816,2.2507985
FUJMII,2.3483427,2.6368122
REHKAR,2.7546086,2.4638324
EKOHUI,3.6885035,2.699606
CEZQAZ,2.5083456,2.4177618
POKMOR,1.6928203,2.0005713
LEFCOO,2.7614114,2.8643873
FOGHEO,4.3750467,4.1991997
IDUWUC,3.556528,2.9174838
FACHOH,3.6694555,3.3728747
FUNPOT,2.5897076,2.289487
XUJSOL,3.3690417,3.0316544
NALXUT,2.8778763,2.4495
SAMMUQ,2.8623657,2.3771772
NIRSUD,3.2457743,3.4371016
FOPYIU,2.4509296,1.7892258
ECUCIO,3.183188,2.904122
ICUCAN,4.449606,3.8591862
JUZNEX,3.2738018,2.7089076
VEJFAS,3.6229239,3.2322235
MASVIN,3.4123077,2.910176
MELKEW,3.104547,2.4318573
EKOHOC,3.4144847,2.1535587
NETKUV,3.462921,3.631764
ROHDUP,3.3652322,2.548414
WULCUC,4.2768135,3.846044
KEBNAH,1.7178549,2.636584
VOMBEE,3.6163933,3.1820638
GAKJIO,3.9965363,2.455298
PEVWIZ,2.167659,1.8343848
REJFUJ,2.3214033,2.0928342
CIBNEJ,3.3040066,2.4991083
CALKAC,3.630271,3.1288228
HOYSAP,2.0155473,1.9188092
ZURMUU,2.8830464,2.7841735
WAPSEN,3.2226446,3.1715586
UVUCIY,2.4220855,1.0048879
TIGVEK,3.5736713,3.1135492
WUGJEN,2.805766,2.969144
EXAYOR,2.7488942,2.1651607
BEDCEU,3.0117562,2.4101608
NUVFAN,3.1301258,2.7892547
GOLHOE,2.9497142,2.2945943
TOBTIN,3.1611466,2.9450667
LUNRUH,1.1172996,1.765253
MIVXEV,1.9260219,0.97745764
JUNXAT,3.1050913,2.1856933
XERKAJ,2.8256304,1.9605463
PITROZ,2.4397728,1.1202471
JAGNEK,3.1252277,2.4101171
YOPHAM,2.9072645,1.9443281
QATQEH,2.8337939,2.6889834
WIVCUC,2.1570466,1.6457211
IFASEN,3.8934052,2.6485326
VUDHIM,2.6136537,2.6000228
VAHPID,3.386457,4.2181416
IVUDEI,3.5763924,3.667156
LIXNOX,0.8974315,2.0903847
CIGLAI,3.123867,3.1243117
ZUKCIR,3.5630589,2.4929914
PEVGED,3.1189692,2.8787174
CUXMUF,3.3870013,2.939006
SIWROH,3.2354338,2.8669152
HUPNUB,3.9821143,3.0843766
FIGDOO,3.6441488,3.4082723
RUXPUW,3.1410103,2.7776682
HITDET,3.063458,2.701924
CEZVAH,3.5138063,3.020502
CUWCAY,3.3249593,2.5235481
BUFWUW,1.8868375,2.6342866
RUQVIK,2.54753,3.0478017
COBSES,2.8993733,2.9363756
EKIVIF,3.6049645,3.2059824
FEKJOU,2.8082151,2.1512842
EYADIS,2.0237107,2.1815794
TETKUZ,2.9766536,1.9119763
SOSXOO,3.7276878,3.4245553
ZEJLUX,2.4827669,1.5843354
WAYNAL,3.0936625,2.8579764
GUSXEY,2.631341,2.1121752
COXKEG,2.2931035,1.9418173
SEBDOT,2.4857602,1.2179433
FEVZIQ,3.6860545,3.1753972
GILXEE,2.6664438,2.3166175
GUYJEQ,3.4215598,2.7948208
KUSXED,2.658008,2.389399
VODZOE,2.8482158,2.4568634
BEXJIZ,2.7673979,3.1623943
UJUKIV,2.839236,2.6603305
NIPRAG,3.630271,3.7100248
ILEVIF,3.5412898,2.8863554
PAMZAH,3.3739398,2.8778863
REJFIX,2.2335105,1.9009447
LISPIN,3.513262,2.894326
SUHXOI,3.740477,3.2166166
NACSAL,3.613128,3.0706377
LIRLAZ,3.1328468,2.9582005
YIXTEG,2.9878101,2.5626147
QULYUS,3.169038,2.716922
CAJGAW,2.332832,2.0912044
NADTAP,3.4403355,2.61629
GIZGEB,3.6670065,3.0265665
JOKVOX,2.8887608,2.386006
ACMYCR,3.8506832,2.9606032
POKFAY,3.291217,3.502469
UBOSUB,3.1442757,2.364298
WUPREE,3.632176,3.3429213
PERHEC,3.3176122,2.328148
JAFWET,4.027285,4.147336
PAZNEJ,2.9592383,3.0489244
NUTQOK,3.1143432,2.9330785
IMEPAS,3.0985606,3.0509593
EBUMOG,2.516781,1.9929998
KUNCIF,3.5867329,3.3382154
BIMYOL,3.4008791,2.256713
CIQSON,2.7570577,2.43435
SEKBUF,2.8155622,2.715544
YOCSUE,2.7619557,2.3066168
JOFWUY,2.1848023,0.96889937
GIMCUC,1.8634357,2.252208
NITWIW,2.8517532,3.0556884
ISAPUO,3.309993,3.6108315
TUTPOO,3.0033207,2.0396214
EQISII,2.7905276,2.1035848
AJIFAA,3.4680912,3.8305497
OGOJEZ,3.4392471,2.1555614
FIBGOM,3.0416887,2.729193
FOZLEN,2.8351543,2.3027508
SOFBUL,3.1050913,2.9597766
CEKSET,3.859391,2.8426855
FENYIH,2.401677,2.2972143
WIWJOB,2.8694408,2.7352166
XOMGOV,3.7891855,3.0994616
ESUKOT,3.190807,3.155765
PIQJOR,3.1769292,3.3441262
IBOVUT,2.858556,2.4625335
ZORSIK,2.8302562,2.221419
WATMOV,3.1818273,2.940172
NISLUY,3.716531,2.9412653
KIDBIK,1.8792183,2.4509578
MIJLEY,1.8604425,1.9461174
EMAXAR,2.511883,3.190692
ROBPED,3.0933905,2.3696864
JOSDEC,3.2631896,2.4493537
SEJHOG,2.3831732,3.170054
WUSJAW,2.9736602,2.3628774
METWAM,2.9499865,1.7825925
PUHVET,2.530931,2.6822739
OGUXUJ,3.0098515,2.5489998
RAFCOS,2.872434,3.0205393
VEDGAM,4.22103,2.8862426
RAWKAE,2.8288958,2.8284533
ZASMUE,3.2321684,2.446376
BUYVEX,3.3981578,2.9649925
BIJPEP,3.477615,3.2690024
KEDGAC,2.536101,1.6290226
MECYEZ,3.391627,2.4692478
CISFAN,1.6759493,2.2995613
WINJIM,2.7211387,2.8934011
IKULAC,3.2155695,3.0308566
MUJPEN,1.909695,2.132391
GAVQAY,3.2308078,2.3473716
VIQSUJ,3.333939,3.1817584
EXIXOY,3.4898603,3.4506912
CEMSEU,1.9420767,2.8145351
BUYKIP,3.6199307,3.0595002
BOMFEQ,2.205755,1.8937776
CEWZUA,3.5246909,3.0183983
XOGDAB,3.5342147,2.4405355
ICAGUO,3.1823716,2.474368
MADKEI,3.3235986,2.2588644
LAMTEY,3.5568004,3.6730273
LOLLII,3.2977479,2.5647829
QAVQUB,3.3361158,3.088052
LAZZUI,3.190807,3.0975761
MOFBUH,2.368207,2.180737
NOHKIE,1.4628841,2.6991086
WUHREW,3.5793858,3.3004577
OYUFOE,2.2326941,2.4849687
ZOLXAB,3.255026,2.6672351
LIBHOT,3.0680838,3.1849747
YUWZUM,3.938032,3.0811222
ESAGIP,3.3208776,3.1056705
OGOGAT,3.407682,3.0474048
ATAQAO,3.6659179,3.0713203
WAFYUZ,3.6057808,2.4270716
VOQHOY,3.1826437,3.4411983
ICUHUJ,3.6977553,3.8164306
BIVKUP,2.0955489,2.204677
MOVXIE,2.6680765,2.9989295
MADXIA,4.1813016,3.0920372
XAPNAD,4.290419,2.7272816
AXOTOW,3.8776226,3.304446
YAKFUN,3.1842763,2.1415968
BEDGUO,3.7744913,3.3627014
KIRNAA,2.4278,2.1093268
COCACR,3.7094562,3.0801442
CUHHIW,2.8259025,2.993515
OLOTAL,2.8974683,2.2777388
SAZNAL,3.3589735,3.3414257
HITHUO,2.492835,2.4689956
CAXBOV,3.3973415,2.29733
BUDORH,3.5529907,2.8298872
MUXHAP,2.8816857,2.408042
MADWAR,4.830293,3.3129625
IXEGEY,2.7113426,1.8507155
DOFFOV,4.1045656,2.955532
RABWAO,3.6879592,2.9670856
FEXQAD,2.1298351,1.6378398
RUZJON,2.3238523,2.0179412
NOGTEI,4.339944,4.1264772
LUTQOI,2.5371897,1.8548135
PHETHB,2.6280756,2.5916767
EZAZEK,3.7244225,3.6851945
TAPMIG,3.537208,2.990957
LUKXUK,2.6917503,2.470209
XAFHAO,3.1567929,2.235827
ETIPAZ,3.3565245,2.8690746
NIYJIP,2.8471274,3.100022
ETIQAA,3.3614225,2.8381925
YAPDEB,3.1823716,2.5534117
SETNIQ,3.0196476,2.4888895
RIXMER,3.8093219,3.2761335
FERJIX,2.843862,1.7457097
ZOHYEC,2.535829,2.7342086
UTUGEX,3.4090424,2.6468027
NISGAY,2.98264,2.387429
EHEWUJ,3.446322,3.2685297
GATHIT,2.636239,2.815801
CEXNEA,2.2471163,2.1799417
XIYFES,3.4185665,2.640341
SABFAC,2.552428,2.6887677
TANZIT,2.9293058,2.2594752
JELNEW,2.822637,2.2055826
DABYAH,2.1472504,1.5598814
RAFJAJ,4.8074355,3.851562
JOBLES,3.6580267,3.0008724
MIFKUI,2.8337939,2.9263096
SAZJAG,3.9127252,3.548221
IROXET,2.3785472,2.281567
YECDUG,2.9644084,3.1262417
XEPKIN,3.0656347,2.8096979
HUKNIK,2.8591003,2.3581333
FAYBOY,3.5089083,2.7167318
CEZZAL,2.1880677,2.8727534
TUXZAO,2.3099747,1.5228989
IJAKUZ,2.1233044,2.7168005
REBDIO,2.7143357,2.9188824
WAGJET,3.0811453,3.3930101
ZITFIR,3.4191108,2.9109085
GOTTIU,3.0846827,1.9928174
UDIMUP,2.1420803,2.362057
UKOMOX,2.213102,2.1899242
INIFOA,3.5124457,2.8989787
UTOSIH,3.2416925,2.446794
FEXPUW,2.1091545,1.6942799
HIWNOS,3.0123005,2.9315343
IHUVOW,3.7747636,3.274176
JIYKAE,2.8697128,2.8036351
KEDBAW,3.9529982,2.7834742
NEJLAQ,3.8528602,2.981518
ZOSHAS,3.6577544,3.5113785
CDMPRH,3.5075476,3.5902057
LAVCIV,3.3997905,3.4062982
URORAV,3.735307,3.2031825
FIRHOD,3.0980163,3.03005
PIHFAO,3.7608857,3.3662796
EHEYAT,2.8620937,2.8075428
HOBVUS,3.0599203,2.8216932
USUXOX,3.121418,2.0597248
IBOVON,3.4250972,2.736002
BUKCIU,3.4599278,3.3640263
ASESOG,2.2914708,2.6689885
IROXIX,3.0544782,2.8065667
ROMJIP,3.3592455,2.4575386
ENEWEB,3.0844107,2.6070704
ADEHOI,1.8819395,1.7855939
SEWKOW,3.7358513,3.595659
GEHQEQ,3.5908146,2.7916136
PAZMOS,2.6316133,2.5742207
GIRSIL,2.6112046,2.75198
TEJYUE,2.8079429,3.4288204
MOWRUN,3.2816932,2.7288198
ZIKYAV,3.32632,3.123794
PEGZOQ,3.009035,2.0871425
KIBMOZ,2.7918882,2.441475
JEBREN,3.3399255,3.0444202
LIJHUK,2.6590967,2.6186724
DOFGOW,4.2645683,2.8685195
JOFXOS,2.7810037,2.8627956
CISYEJ,3.5358474,3.5060406
RULRIB,3.1548882,1.9945905
OLOQOW,2.7709355,2.2416766
DOCMOZ,2.846311,2.595755
XEDGIZ,2.2384086,2.0234685
REGTAY,3.9007523,2.352299
JEGKIQ,3.8471458,3.498838
XAFGER,3.283598,2.4921358
YEDZOZ,4.012319,2.6198065
JUNWAQ,4.452055,3.2745082
EBAJIB,3.7227898,3.5753164
FIBJIM,2.2065713,1.9242132
RUBTOY,2.0735075,2.2426407
DOJNAR,2.6114767,2.0068612
QURMIZ,3.2471347,3.3804462
AKOVEC,3.1369286,2.572117
GUYDUZ,3.4351654,3.1387868
DUDTIG,1.6928203,2.4300375
WELTEO,3.4177501,2.6372054
CADSAB,2.5200465,2.1010537
RATPOS,3.620747,3.4041858
MEJXIK,3.3829195,2.83237
HOZCEE,3.740477,3.2678554
IYAKIC,1.9265661,3.3256252
ROMTOC,3.261829,2.597048
EGICIH,2.1012633,2.3515766
NARKOJ,2.574197,2.4165678
XATSIW,3.0988326,2.7489831
ALENIQ,2.0963652,1.8137724
IXUJOB,3.578025,3.9356465
QEHLIY,2.143713,1.9296389
LEYLAC,3.629727,3.9502063
RAYPEP,3.5951684,2.6047473
GAVPUR,3.2966595,2.4644995
UQIJOV,2.9644084,2.1679766
MIJLAU,2.5363734,2.4929984
QIXFIM,3.2147532,3.152482
ZAXZUT,3.1227787,2.3892837
UHIXEO,2.026704,2.7052357
WEQWEV,3.2125762,3.4690385
MIQZES,2.6721582,2.4412065
RONFOS,3.3924434,2.4972296
EKOHAO,3.5491812,2.151425
FUFJAR,4.0523195,3.1553342
AROFAQ,3.5459158,2.5835695
XEMXOC,3.1886303,3.4451318
MIFFIQ,3.7388444,3.186555
HUXJIV,3.6585708,3.3913317
WIBROO,3.1606026,2.7540658
NOJSAH,0.9235544,2.0352728
EHENUA,2.975293,2.8868413
YAXNIU,2.5967827,3.4757314
JUSQOF,4.222935,3.009533
COBQAM,3.0128448,2.8279188
PUQQUP,3.4618325,3.4667597
FEQWUW,2.3053486,2.8125646
XIFVOX,4.0705514,3.8120518
ROCQAC,3.6792514,2.8038032
VUCDAZ,3.2114878,2.630258
OLAJIU,3.8890514,3.6780143
MONXES,3.3587015,3.532032
ROQDUZ,1.828061,1.5007836
JOCHEQ,2.8547466,2.8921468
COTPRH,3.1703987,3.3438475
ZOGGOR,2.7301183,3.0190341
MEFTEW,3.0310764,2.523578
SIGGAS,2.7478058,2.8462784
DOFHEN,3.9845634,3.342213
XOJHIN,3.5976174,3.399413
HOGPIC,2.1230323,2.7418988
LUGRIQ,3.2558424,2.6383028
QICZOU,2.7018185,2.1842072
SUDRUE,4.1358585,3.6620066
HEDWUL,3.0131168,3.1501591
MCPERH,2.6250825,2.7880244
PAGKAL,3.2607405,2.6976156
BEXVUW,4.050959,3.336218
DEYWAH,2.9186933,2.7699137
YEJWIU,2.7377377,2.3491728
GIRSOS,3.7676885,2.3577366
XIWHAO,2.5592308,1.9067986
FUBKOC,3.4656422,3.8670902
SIFFEV,3.0977442,3.225799
YIVLAQ,3.5110853,2.9924142
PUHPAJ,3.46537,3.1879315
AROTUY,3.475166,2.745129
FAJCIE,2.94917,2.0471346
CUJWOV,2.549979,1.7520626
PAZNIN,3.04958,2.8618472
BAXDEJ,3.7467358,2.7723744
QIDKUL,1.574995,1.7445456
JAKVUN,3.1744804,2.486774
MIFHAN,3.1037307,2.7355487
QACYID,2.9902592,2.810506
IRIYUF,3.2498558,2.5625985
PEJXUX,3.807145,3.9210973
OYUWEL,3.3812869,2.4578125
WOHKIN,3.1788342,3.1882548
OGUYIY,3.1815553,2.790732
NUXSEG,2.8702571,2.7748375
YUMXIP,2.3116074,1.8330942
MOVCOP,4.614235,2.8051171
BADQON,2.7050838,2.6603084
SUHLEN,3.1867254,2.298184
LOHTOR,2.2335105,2.1668568
IHOBEN,3.4825132,3.0150971
ZACCUE,2.4223576,2.4541337
BIDXUI,3.3086324,3.5380955
KEWRUZ,2.8675358,2.793519
RUXQAD,3.1407382,2.7769778
KIDROE,0.47619927,1.9087857
CIGJUZ,2.604946,3.1062717
TANJOI,2.8079429,2.9793603
GAWMAV,2.9540682,2.727335
UCAPET,2.6590967,2.9089842
QAQMOL,3.770954,3.7250977
VUMFEO,3.7415657,3.4689593
JATJOE,3.1494458,2.6274495
OLOQEM,2.70073,2.3947318
WIYZOT,3.4308116,3.1290526
QOZRUT,2.3614042,2.9199827
DAKSUF,2.9535239,2.7254012
AFABIS,3.8242881,2.6701646
WANFUP,2.6052182,1.7678545
QUJMUF,3.5431945,2.534484
IFAGED,2.7355607,2.546521
GOSTEP,2.8675358,2.352404
XUZCUQ,3.0147495,2.8495936
NAQDUH,3.1004653,2.9933085
HAVDIS,3.7334023,2.4287586
SIRHUW,2.6697092,2.9508898
TUDLUA,2.387527,2.4572437
BAMROX,3.1148875,2.6572347
NANVOP,3.393532,3.3035212
BUJQEC,3.8066008,3.8186426
JISBIW,3.2386992,2.748979
EDADOD,3.3323064,3.4343503
GIFXOJ,3.2890403,2.6461535
FOSZOD,3.4955747,2.488109
UNADOE,3.3714907,2.6481411
BEJFUT,2.8460388,2.3425665
ZAFFOE,2.8501205,2.0979345
KACWAM,3.372307,2.9987059
NOYKOD,3.372307,2.9507866
RODDOG,3.3437352,3.3197942
VIPVUL,4.980772,4.1618633
RAYQIU,3.376933,3.104104
FEXQIL,2.1135085,1.7186505
ROHFAX,3.2136648,2.696381
BAVNUH,3.1589699,2.2361693
NAXLUT,2.550251,2.642552
BOQCIU,3.6748977,3.1751902
NUSCOV,2.7249482,1.8376937
POJMEH,2.5616798,3.153714
XAMTIQ,3.0939345,3.160066
LIWTIU,3.2340732,2.5741055
DIFKIP,2.800868,2.3397467
IRUYOJ,3.1812832,3.2161632
NUWKIZ,2.8895772,3.0486708
NICJAK,3.372579,2.6360457
CIQHEP,2.4359634,2.3048522
QAVSOW,2.7456288,2.3020356
ZUGCEL,3.152167,3.2836423
CEXNAW,2.0247993,2.3489265
SEJTOS,4.0142236,3.3907406
HOSZOE,2.8090315,3.0885184
OHIJIY,2.7774663,2.644138
TUMLEU,2.117318,2.235035
BOCPOZ,3.957352,3.2390153
GIYNAD,2.3028996,2.4925725
NEVDOI,4.206336,2.9064593
SAKNEZ,3.266727,2.6386476
POTHAH,3.015838,2.866962
DUDXUW,3.4095867,3.0733542
OFEYOO,3.5377524,2.9887862
JAVTUW,3.5793858,3.4194813
YOLRIB,2.4245346,2.3951268
AFECAQ,3.410403,3.303721
DEZTUA,2.7902555,2.6982036
BIHCIH,2.709982,2.1920006
CIBBAT,2.5037196,2.8801231
YECWUA,3.0841386,3.6049516
OHEFIR,3.4038723,2.9988265
CDMSRH,3.7197964,2.8153522
QAHBIK,2.6941993,3.1929116
OZIQIY,3.5146227,3.3380933
TUPPEZ,3.1012816,2.6951752
CERSAV,2.9314826,3.2806792
USETAP,2.8327053,3.3857384
LOCFIV,2.6465795,1.9798353
GIZGIF,4.017217,3.5781596
BUBFAG,2.8161063,3.313013
EXIXIS,3.6531286,2.9550827
UQEHEF,2.631069,2.4007452
ZOPWUY,1.6462889,2.5013766
ZIGLUW,3.3891783,3.8029273
XANTIQ,2.234599,1.8075486
VIDTEI,3.5665965,2.5782843
FOJYAF,3.2629173,1.8774321
YESXAW,3.3540754,2.2910817
YOSNAX,2.5205908,1.8014586
GERJIZ,2.7235878,3.2073812
FAJCOJ,3.0746145,3.1536946
EXIXUE,3.1412823,2.7578647
YEDZUF,4.017217,2.7437272
REQSIP,2.70971,2.703713
SERDOI,3.3421025,4.015163
AKAVIT,2.6593688,2.5955899
NERJEZ,3.1660447,2.497896
UJAKOF,2.8781483,2.4439795
SOHGED,2.8278072,2.4104393
USESES,3.2542098,3.0307157
WOFBEA,4.002523,3.107911
JAWGOD,3.5453715,3.411751
POVRAW,3.9282358,3.3267586
UPOVEC,2.6275315,2.0268316
KETJOJ,3.0082188,2.845014
GIVPIM,3.152439,2.8788037
WAHBEN,3.1157038,2.7968473
QUGXUN,3.3274083,2.6278963
FADHOK,3.0784242,2.5401125
OKEWEI,1.5347222,2.1417353
HEKQIX,2.8479438,2.8597112
HEDWIX,1.9409882,1.8555529
UMUDOW,3.302374,2.9394643
FUTZAV,3.366865,2.4174228
HEXLON,3.403056,2.5921
KUMDOM,2.6835868,2.0940397
MITYUL,3.2441416,2.491977
HIDKEL,3.240332,2.716075
XOYBAP,3.125772,3.0648625
TIWLIU,3.9178953,3.4812636
YIQPIY,2.9268568,3.1894934
CEMVOG,3.4982958,3.3264368
NICZOO,2.5771904,2.9535441
YOLHOX,2.736377,2.602009
QABRES,2.9597826,2.9307685
MEVSEO,2.344533,2.0245662
TEDNAU,1.6354043,2.4244187
YIRBOQ,3.5434668,2.6532223
LETTUC,3.0435936,2.6815238
VUGBUW,3.429451,2.41877
GAGCOH,4.189193,2.610651
NITHON,3.592175,2.768714
HAXSOP,2.5110667,1.9408894
HOFPUQ,3.5461879,2.6034675
UGAXEG,2.2209933,1.9272859
LUGREM,3.2996528,2.2742472
EJUSUX,3.4857786,2.8956535
CUPBUL,3.3252313,2.6018727
TAFFAI,3.3257756,2.52292
LEMTAZ,3.1630516,2.140172
OJIMID,3.0005996,2.9186928
GABWEO,3.5429225,2.6547022
NIFRID,3.243053,3.338559
QOSROF,2.9671295,3.2168696
PAWNAF,2.9894428,2.27519
CENROE,2.367935,2.4088624
GULJOM,2.5799115,2.495729
IHUVIQ,2.129291,3.1220279
EBUREB,3.065907,2.8531492
ADUHIS,3.0920298,2.482798
EQAPOD,3.242509,2.5885768
WENPEL,2.569027,2.888311
DALHIK,4.1793966,3.0446167
CIQPIB,3.5437388,3.2161431
XUSZOB,2.5203185,1.2681175
WABCUX,3.8101382,2.8522646
JINWUB,1.3023369,2.2399044
OHAJEM,3.6392508,2.9613585
YEBWUX,3.326864,2.8176548
DEVSIG,3.862112,2.9635696
ZIKWOH,3.4947584,2.6394153
TAYWIA,3.1603303,2.598099
LAFLIP,3.8313632,2.792316
ZITFEN,3.204413,3.1920743
CEKSUH,3.5285006,3.841513
POFXEN,1.3589367,1.2672111
VUFMUG,4.447157,3.0259688
DAKROY,3.0599203,2.4194794
EGICUT,2.3284783,2.1700397
GIDPIU,2.8686244,3.1070666
XIFXIW,2.8079429,2.5739868
CEKSIV,3.5306773,3.7504058
WEQXIA,3.1333911,3.275637
WUNCIR,3.5200648,2.6479669
TOGNEI,3.3989742,2.6822522
GUDPIE,3.0166543,2.701598
BOWSEM,1.9894245,3.0247402
EGAQAF,2.5018148,2.7821913
RUPYAE,3.3587015,2.946543
CIVFUJ,3.3010132,2.8873482
LIVROX,2.9078088,1.6544197
UMUDAJ,1.4811157,1.0693086
QAHHOX,2.7703912,2.2546175
DUMJIE,2.5031755,2.0928953
IKUFOJ,1.8397619,2.3309531
XAMXAM,3.53748,4.5248766
SOQPIZ,3.926603,3.7249482
LINLAW,2.8980126,2.723092
WEPZUO,3.2332568,2.7199328
EDEMEH,3.505643,3.0677214
ITUHEL,3.6389787,3.2006686
GAZQAB,3.3252313,3.0460463
DOFGUC,3.9045618,3.1728678
RITSIY,2.3614042,3.0595555
KANWUR,2.3388186,2.61889
HIPSUV,2.021534,1.0413475
ZEYMEX,3.7742193,3.0917635
IZUPUP,2.2014012,2.5868733
NAQDIV,3.1551602,2.484357
QIXDEG,3.274074,2.9423232
MAYMII,2.3031716,2.5656977
RAGWED,4.007421,2.5575078
CICCIB,2.555149,2.0585475
HEJCAA,3.3214219,3.1769059
BEDRUZ,2.710254,2.301095
LITNAE,2.9597826,2.8375933
TESFON,3.9663317,3.545694
PEDKAL,3.00196,2.19302
HOGPOI,2.1752782,2.481136
ROBBOZ,2.9649527,2.8041184
DALHOQ,3.123867,2.6814337
VAYDUU,2.64794,2.525416
FERTAA,2.0618067,2.0754514
JEWCIA,2.7105262,2.650085
ROBBEQ,2.5804558,2.6633708
VUKHOA,3.2278147,2.4288735
UNAFOG,3.8095942,2.2878957
UHIXAK,3.4808805,2.7653182
DAQKAH,3.8019748,3.1466162
AZIBES,2.18453,2.1484394
XAXJEL,2.4988215,2.4781394
ARIYUV,3.0601926,2.7406368
DERNET,2.8884885,2.6270192
HIPYAI,3.1192412,3.0369473
DACCOA,3.2610126,2.7911017
DABDAL,3.7317696,3.5054884
KAJXAU,0.8707644,3.492052
SIQMIP,4.4131427,3.384585
VUPJIZ,3.448227,2.620048
YAMGEY,3.020736,3.622777
IYIXUK,2.3643973,2.1091197
CACNAW,3.2689037,3.5343354
NEDQEU,1.8925519,2.4156597
HEDCUO,2.9159722,2.7603707
MADXUM,3.9334059,2.4705324
TILQEK,4.0710955,3.4148417
VULVON,2.9918919,2.9104497
DIJKOW,3.099105,2.9310942
IDEKUY,2.61447,2.8400805
ENEXEB,3.1622353,1.946381
CEWPAV,2.5178695,2.470203
YITSOJ,2.2506537,2.6442175
MAFKOW,2.755153,1.876909
XEPJOS,3.7636068,3.7168794
EMIJIV,2.965769,3.25289
POVREA,3.8591187,3.306722
HOYRUI,2.8359706,2.2598915
GIXBEX,2.8759713,2.5735576
DAWLET,3.5698617,3.2886739
INOPIL,3.3230546,3.1224816
VEKFOG,3.2444136,3.0916207
BEXJEV,4.126607,3.0859485
XIXGUI,2.7260368,3.2139564
ZOTVOT,3.1105335,2.7606883
ALOPOG,2.8876724,2.4107783
ILIBUC,2.9788303,2.652862
UKULUI,2.4816785,3.0018668
DACGEU,2.4422219,2.1490786
UCOREK,3.1742082,2.5907714
XUJYAC,3.7938116,3.5786119
AGODIK,3.881432,3.022043
GUVQOF,3.001688,2.4436224
GOSTUF,3.133119,2.4891608
LEFDUY,2.7469895,2.6142414
UGUSIY,2.0960932,1.8675401
IHONEZ,3.6689112,3.2804394
SIGGEW,2.8805974,2.4694617
HOHZEK,2.6177354,1.2837479
VAFVED,2.0403097,1.9011263
ZIZZIR,3.6765304,3.1430361
XERMIS,3.3352997,2.4219792
JUYCUB,3.242509,3.0422883
GAKXAU,3.8710918,3.0057368
GAKXUO,3.5981617,3.4020605
IZUPID,2.3167775,2.7008972
REZHUZ,3.4332607,2.8169518
ODIFOW,2.9488978,2.6440337
VOGRAL,2.5249445,2.9344776
WUTPAE,2.6343343,2.418586
KIVTEQ,2.5377338,3.0671437
XUTDIZ,3.3061833,2.7877815
VIQYOL,3.2076783,2.6958156
VUGZIH,3.0152936,2.707193
GULJIH,3.5987058,3.2740376
METVEP,2.5913403,2.235422
ARIFIS,2.650389,2.1927195
UMUHIV,1.9880639,0.62548685
RANMID,4.065109,3.0533078
HIWNEI,2.5937893,2.5075426
VAYFEG,2.1480668,2.2857125
FEWRIJ,3.2395155,3.2113218
MAHSUM,3.0283551,3.604319
YAMMAD,2.545081,2.2563655
SUQZOV,2.6280756,3.1391723
TABREV,3.6240125,2.308664
VUKCEL,2.2539191,2.8027387
EDTARH,3.9064667,2.6974363
KUMGIJ,3.0098515,2.2645729
RACDEF,3.3461843,2.6611288
VUDLEL,3.5440109,2.678604
REWXAU,2.7216828,2.3876295
CACZOY,2.3233082,1.5696496
XUMGUI,1.3684607,2.4749415
RETMIO,2.5273936,1.5132422
BOQCAM,3.317068,3.0114474
VORRUS,3.6795237,2.208915
NOYMAR,4.5666146,3.6000917
XUXZIA,2.573653,2.172358
GUKMOQ,3.3388371,2.781298
GULYAP,3.5404735,2.9331946
SOMNAK,2.189156,1.9918857
VAZQET,3.293394,2.8718674
BOKCUA,3.0191033,2.8069458
JEJLOZ,2.784269,2.7013729
DOBPUG,3.4302673,2.516375
WIWJUH,2.0503778,2.2685552
SIFCER,3.009035,2.708891
QEPMUT,2.8212764,2.441159
ITUVUQ,3.223733,2.8583968
FEGGOO,3.32632,2.9393692
WOLYED,3.003865,2.4308815
KUHPAG,4.2876983,3.529653
SUQQOM,3.4874113,2.8219109
QULZAZ,3.171487,2.835263
HEZWOB,1.775815,1.993911
ZENCAW,3.164412,2.841638
LURPUK,1.1738992,1.4394306
BICJEF,2.9785583,2.3740158
YOQTAA,2.2522864,2.5644345
PIVLUD,1.9222124,1.5892603
CERSID,2.5347407,2.8169143
DAQDIJ,3.0544782,2.6857028
FEXQEH,2.127386,1.6197785
QIVHUY,3.2305357,2.797172
AKOVIG,3.393804,3.0311117
FUVRIX,3.7336743,3.5766559
QAHBEG,2.7595067,3.1864522
QOZRED,3.3157074,2.5329263
YATJEI,2.1997685,3.275103
SEZXAW,3.1989706,3.5190203
EDEMIL,3.422104,3.0103905
ALUZAI,2.4381402,2.274465
QAGBOR,3.8482342,3.335065
TAFQOJ,3.3333948,2.6962378
JIYJOR,2.8879445,3.0220737
LETQUZ,3.3157074,2.9007277
XAMTUC,2.3785472,2.9661539
QUBRUA,3.0735261,2.6603696
FACFIA,2.8003237,3.0745685
HOJCUF,3.7317696,2.9681993
EJIDEI,2.5755577,2.4229841
EVURAO,3.3344834,2.700753
LUNMEN,2.6762397,2.4329393
JEPCOX,2.721955,1.9273403
AVIKUN,3.4335327,3.4308004
ZIKYUP,3.2536654,2.9411228
OFEVUR,3.6125836,2.8303254
YIBKIE,3.2705364,3.1896975
FUBCEK,2.609844,2.2977002
ZIKYEZ,2.865359,2.8223631
XIXZOV,3.0171986,3.8341827
FANPEQ,4.6139627,3.3431711
CEZTEJ,3.360062,2.597968
HEDTUG,3.6003385,3.188243
MIJMOI,3.5821068,3.2341948
CUTLUA,2.7031791,2.0321617
GAGCAT,3.2207396,2.5236533
PEDKEP,2.3907924,2.2001667
ECIXOE,3.2101274,3.4644206
KIVPEK,3.2438693,2.6888275
XONZUV,3.2523048,2.627008
SUXJOL,3.0144773,2.5077236
HOBWED,3.1246834,2.7254102
ZEYCOV,3.3976138,3.3156593
SONNUG,2.476236,2.6415215
EDOSAS,3.2084947,2.608201
XEWRAU,3.1750245,3.0280385
GEQZEH,3.080057,3.1655118
MUGZAQ,1.8881981,2.0432487
SUTHOF,3.0547502,2.8207498
ILELIU,3.5007448,3.3280926
ZEVVED,3.572583,2.899582
KILPOK,3.5578887,2.9901202
PUMMUF,3.9538145,3.2949848
XAPYES,2.4180038,2.4242868
HOHZAG,2.6239939,1.1291089
VIKNIN,2.6827705,3.2762518
PEFQOJ,3.5146227,3.1343927
AFAJEX,3.4991121,2.425788
LEGXUQ,3.388362,3.193134
LUZROP,3.608774,3.1297376
CABROP,3.145364,2.936911
IHOMEY,3.4362538,2.547826
ZAYCIL,3.7195244,3.9204712
ELEDAA,2.2242587,2.5705972
MIDCIM,2.733928,2.5281818
OZUDUJ,2.836515,3.0177948
ZABGIS,3.8368053,2.7414882
HELSUP,2.4857602,2.6657836
MAPSIH,3.8231997,3.562696
SULFEK,2.7461731,3.0083737
AFUBAE,3.9059224,3.3122537
DUBTUP,3.3592455,2.8109384
ROJVUK,2.9818237,2.1670926
GATKEU,2.4958284,2.3278737
AHIVIX,3.4114914,2.9783018
ROLJAD,3.369314,2.8710752
WEYDOW,3.943474,2.6288128
HEXFOH,3.1927118,3.0347066
WIKTUG,2.5793674,2.4616342
HILNOH,2.9018223,2.757355
OHEFEN,3.6509516,3.304206
MOMDAV,1.9562266,2.1023858
TAVGAY,2.861005,3.0225372
METVIT,2.896652,2.1168787
MIDCOS,2.7273972,2.5939298
CAJFUP,2.2838516,2.083994
NAQDOB,3.264822,2.9263184
PAGHOV,2.0895624,2.4185255
MUGZOE,0.93960917,2.1452837
OBOJAS,3.6359854,3.8244333
WAPLEH,3.1576092,2.177761
PAMZOV,3.0240014,2.5265682
FOSQEM,2.9701228,2.060031
MIDBUX,4.0463333,3.5431654
CEZJUP,3.223733,2.2321339
GECJAZ,4.065109,3.4738564
FASGUE,2.6865802,2.1555994
YABTOK,3.5788414,3.7469902
XEWSUQ,3.62755,3.287751
ZIKWUN,3.673265,2.8733978
AXOFOI,0.8661384,1.1872395
ZUQFAS,3.4177501,2.8028724
FOGLOE,2.4596372,2.001236
MEHHUC,4.0286455,2.9831018
BUBFEK,2.4109287,3.334671
LANCUA,2.4596372,1.9529915
PUNLEP,4.299671,4.461757
VIFMIH,2.5461695,2.7321417
IQARIB,3.821295,3.69309
MIDBEH,4.1309605,3.3689408
SOMKEM,2.9886265,2.3446941
GERZUZ,3.5010169,3.1036758
MOVDEG,4.273004,2.7464528
KIXXOF,1.9665669,2.596913
YUMWOS,3.187814,2.6169844
CUJFUI,3.6433325,3.9875555
HOBPIX,2.9744766,3.3727603
LETWAL,3.1105335,2.4774313
ULUVED,2.9679458,1.916221
HADJEB,3.3105373,2.6373088
RUMZUU,3.4708123,2.689841
GIZFIE,2.879509,2.7093213
KIBYIF,2.7728403,2.1786845
EXIYAL,3.41258,2.9350817
QAVSAI,2.9883544,2.2561758
VEPZUM,2.7442684,2.540428
VEVVEY,2.7260368,2.3618226
QAMJAP,2.1831696,2.3854203
NUJCIG,2.8841348,1.7907081
KUPVOH,2.2593615,1.6642463
CUQRAI,1.2024711,1.3275169
UCAPAP,2.6011364,3.003572
KILSON,4.178036,3.925085
VOCFOI,3.5848281,3.404842
COSTIN,3.625373,3.1921506
VEZJEQ,3.632448,3.0941553
GACRAE,3.2359781,2.8117392
GERLIZ,3.0811453,3.2646744
YEZXOR,2.007656,2.055381
TIWWOL,3.1347518,3.9841099
OMADEL,3.897759,3.2159154
JIFYIJ,3.9388483,2.6026227
FUDKAR,3.2920334,3.7243013
JUTWAY,1.813911,0.93132615
GEXFEU,3.1061797,2.5787292
NEYVUJ,3.8128595,2.9467156
DEDWAL,2.6484842,2.553999
VIQYUR,3.2131205,2.535048
KEKKUG,1.7377192,2.5765653
HEMYIK,3.445778,2.9693077
AZDCRH,3.5138063,3.5558372
TCEPRH,3.6223798,2.3459096
LECYIC,3.2302637,2.382944
DUJFIZ,2.7488942,2.3346741
DITCIU,2.0299695,2.4091206
FIRGOC,4.1505527,3.8315172
JAPMUJ,3.9832027,4.076601
CITZEN,2.8071265,3.0178404
HEJKEM,4.005244,2.6614573
BOXWOB,3.496663,3.2265027
PIJSAC,2.86291,3.394184
LUTQEY,2.5233119,1.7950194
RECMIW,2.1728292,2.077623
WUPDOA,2.6452188,2.641897
DEFLUY,3.0411446,2.9497535
RHCABO,3.4280903,2.9444675
TUBBEX,2.934748,2.5350633
ECOTEV,3.2582915,2.9391677
TENWIV,2.4770525,1.6761796
CUDLAP,3.6006107,3.2353776
ROBBAM,3.843336,3.3614829
VEDRUU,3.6011548,3.9706073
POMGEE,3.264822,2.5858824
XOMQOG,2.7342,2.7163522
LEDVUM,3.7442868,2.9792657
VUGBIK,3.3358438,2.5156069
GUYYUW,3.4909487,3.272655
DAFTUZ,2.8879445,2.8878033
FADJEZ,3.290945,3.3704839
IVITAK,2.5004542,2.5545835
VETREU,3.1742082,2.8514476
LIWTEQ,1.6334995,1.8901548
KOGKAS,3.0903971,3.3684406
PEKQOO,3.1102614,3.2991824
HATJUI,3.16414,2.3764145
XOSTUW,3.3750281,3.7546515
ZITFUD,3.16931,3.1887193
YAZLAN,3.8093219,3.3824728
HABKIE,2.9488978,2.8512845
RADCAD,3.2174742,2.759155
KUSXIH,2.5565097,2.280393
IVUJIS,3.0169263,2.7821908
CISYAH,2.550251,2.192588
PIVMOY,1.8299657,1.6406364
KIVTIU,2.4860322,2.7678442
DEDZET,4.062388,3.3951266
OMELAU,3.7714982,3.2210271
QOXPIC,3.166317,2.8735735
BOJJUG,2.9053597,2.4195623
TEFYAG,3.2082224,2.879838
TATVAM,3.467547,3.199751
ITOLEK,2.6925666,2.1035933
TUDXEV,3.3908107,3.11679
GUSJOT,3.22591,2.6923993
YODMUB,3.128765,2.392779
GEMXIH,1.9888803,1.8070253
KAMCUX,2.8737946,2.9675407
QORJOY,4.174771,4.517788
GIDYUN,2.9948852,2.7817805
LEDVOG,3.7268715,2.9805126
LEMCAI,3.3178842,2.5565786
EHEPEM,2.9791026,2.394586
MOSGEH,3.7606137,2.810883
HUXJOB,2.8882165,2.8517587
POVQUP,3.8849697,3.371915
DECDUK,2.2269797,2.8690398
JEWCOG,2.6707976,2.7195473
EVEKAR,2.9290335,2.9536202
DAKSAL,3.1301258,2.5400283
VEJFOG,3.3818312,3.4382849
HERKAQ,2.8479438,2.6442142
VIGXER,3.037063,2.8995137
SOWDOY,3.4332607,3.6659474
RANSUX,3.309993,3.1790898
HAQFIQ,3.0672674,2.881704
CITYAI,2.4770525,2.7614632
BEPROE,3.6455095,3.59022
MOGGEV,2.8599167,2.373167
MUHGIG,2.4895697,2.4825404
IMEJER,3.4359818,2.4999301
FECNOQ,3.5002005,2.6031804
ADIRIP,3.31217,3.2287998
SIFCAN,2.9997833,2.892828
PEMKUQ,3.8525882,2.6194355
YAKGIB,3.2128484,2.9015553
DOGNAQ,3.1845486,3.1543055
HEFMAJ,3.018559,3.126214
REDPAT,3.3252313,2.885185
GAGHOL,3.730681,3.6004534
GIPSUW,2.7461731,1.801037
DAFMEC,2.4373238,2.616174
SOWDIS,3.4735334,3.2350419
REVDIF,4.0226593,3.026518
SOLYIE,3.8566697,2.9449778
TOBBER,2.7834527,3.2168114
GAMQUG,3.0887644,3.007617
XIXZUB,3.3728514,3.1312823
NOMMIL,3.5831954,2.5166006
EJISEV,4.0452447,3.54171
VUXFAX,4.224568,3.211289
XEWTAX,3.1845486,3.2806096
DIWBAN,3.2599242,2.789954
RASDAT,2.9031827,2.5743413
FOSZUJ,2.7954257,2.0220518
CEJXUL,3.9453788,3.5595217
OHEFOX,3.4136684,3.4051795
KIZMOV,3.3785658,2.5062358
TURNOK,3.5690453,2.5654678
NIGCUB,3.3714907,2.7065084
NITGOM,2.9840007,2.7235384
EKESUI,2.0947325,1.8661058
KEVMAA,2.535829,2.2056572
IKODIX,2.8833184,1.9797409
IKOBEQ,3.147813,3.1330774
QIQBEA,3.0337975,2.7702434
TACWUQ,3.515983,2.6191156
MERPOP,2.5121553,1.4992598
PIXMEO,3.9162626,4.114895
GAVQOM,3.1290374,2.4253938
BOPSEH,3.1127105,2.445082
QIXFAE,3.2400599,3.2580328
YAZDAF,3.4123077,3.3895493
IKEHIP,2.8493042,2.2797809
ICIXIE,2.2732391,2.20675
SIFHAS,3.271897,1.8135545
BOHSIC,2.6754234,3.2900138
OMEKOH,3.8297305,3.322936
FERKUI,3.2795162,2.9902322
YIMDUV,2.3758261,2.536027
EMOKAU,3.3108094,2.5026696
LAVMIF,2.3905203,1.9209727
MAZVIV,3.6846938,3.1760566
QIXFEI,3.2354338,3.196238
MILSAB,2.432698,2.4878337
NOCPAZ,2.836515,2.8639865
XEDQOO,2.7682142,2.5191185
FAPXUQ,3.161419,3.9229145
WENPIP,3.4136684,2.5937252
VACDUY,3.102098,2.072772
IXEFOH,3.6762583,3.093478
FASGOY,2.576646,2.686811
ZIKBOK,1.7608488,2.8521204
SANWAH,3.3616946,2.3222806
KIVTOA,2.960871,2.609776
CEFCIA,3.448499,3.0809968
MOLPOS,1.9589477,1.3945597
XERPAO,3.2974758,3.1345823
VUMYIM,4.4460683,3.3501573
POXQAW,3.0267224,2.3672082
PUJVEX,3.5665965,2.8236687
REVQAL,3.1230507,2.8034403
RUVWAI,3.0555665,2.1330419
LIRLED,3.056655,3.1881428
HINNEX,2.82046,2.9195054
FELQEU,1.9325527,1.7767352
METTOX,2.8310726,2.0384014
MIZXIF,3.615577,2.833393
SIGFUL,2.8384197,3.0157022
ZIKYID,3.4550297,3.5818658
VUVQIN,3.5929914,3.4167986
OSONOA,3.5459158,2.5289793
XAXNIU,2.9274008,3.3150148
NOXNUL,3.3899944,3.5751705
ALUYUB,3.0454984,1.6589934
DEDWEP,2.678961,2.693577
ULUHOZ,3.133119,3.058249
JIZKAH,3.7921789,3.132167
PIGMOH,4.513825,4.0667233
QAXCAT,1.1450552,1.873263
CEZTOT,3.568229,2.7053955
HUXSIE,3.711361,3.315226
LETROU,3.3377485,2.8264732
YOJFEI,3.0057697,3.0171494
YIGGAX,4.2264724,2.764147
JETFAP,2.9499865,2.953079
CORMOL,4.1478314,3.3640547
QEVBUO,4.5146413,3.893278
DOFCIL,2.901278,2.315871
IPHCIR,5.1032233,4.1533318
IKOCUI,3.2520328,2.943944
VETCIG,3.214481,2.899133
TAVJUW,2.7967863,2.2671096
FAHYUJ,4.1579,3.6228387
TOGHEE,3.7682328,3.1121511
HOZCAA,3.2321684,3.2772002
NOCNOL,2.6231775,2.9121137
WAYKIQ,3.2226446,2.2307494
FANYEA,3.5412898,3.5571165
QABZUP,3.302918,3.013038
JETZIU,3.015838,2.6523845
KIJDIR,2.516509,3.3581257
FEPDEK,3.6914966,2.930785
MUXWEJ,3.6596594,3.439864
QAGBIL,3.9187117,3.4707484
NESMAC,1.8454763,1.1698431
PAWJEC,2.6963763,2.6541204
UQIJEL,3.4680912,2.6879525
ATOZOZ,3.2547538,2.7079313
EQIYEJ,2.657464,3.095423
XAHTIL,3.0683558,3.2248976
QAHHAJ,3.4520364,3.2678843
CEKSOB,3.592175,3.9132075
KIBMIT,2.884951,2.6042018
CITYUC,3.3690417,3.1252472
WONWAA,2.3853502,2.2733397
VOTCUC,2.8906655,2.6414425
YANCOG,3.2615569,2.6309197
REPVUD,2.7026348,2.7802193
WAGVOQ,3.3614225,2.897627
FUQQEP,3.1075404,2.6992416
ZERHOW,2.50889,3.2497637
KEXHIH,2.6563754,2.2789426
WAVDAZ,3.3641436,3.6797872
KEWTOV,3.163868,3.031264
AWAPIZ,3.2852306,3.146179
KUMFII,2.8210044,1.9864168
WOGBAV,2.3456216,2.0602887
HUBTAZ,3.436526,2.9253678
YICPOS,3.443873,2.6867366
GASNOG,3.0033207,2.500464
BARTAR,3.5478206,2.9260151
LEHFUZ,3.3404698,2.8965883
GUVREW,3.4969351,2.8103895
PPOLRH,3.3578851,3.3108163
RUQMAS,3.654217,3.300777
XOMQIA,2.6416814,2.7579749
ORUDAH,3.3946204,3.2116055
MIPXBR,2.3763704,2.331027
MADXEX,3.618026,2.782186
ABEJAS,2.6403208,2.6133947
IWECIX,2.506985,2.1940389
LAFJOU,3.4765267,2.485971
CEFCOG,3.328769,2.79613
ICASEK,3.2052293,3.0124154
GORKIH,3.403056,2.646163
MIJKUN,2.5352848,2.4380643
ICOGEN,2.8539302,2.3243103
XUJWIJ,3.410403,3.230307
HIBQUG,3.1532555,2.370165
JOCHIU,3.6838775,2.993248
VUCQEQ,1.940716,2.4858077
BALWOD,3.5233302,2.5416503
GEQBOT,2.6873965,1.1275141
OYOMEV,2.733656,2.8243906
QOPKIP,3.245502,3.312226
SIFHIA,2.9287615,3.22847
KEJSAT,3.2784278,3.0860882
OZEVAR,2.9001896,2.6782665
WAYPUJ,3.3791099,2.6584444
FIWHEY,4.08198,2.9018772
NAKSUP,3.720885,3.3362567
SATMIL,2.6852195,2.5427032
BAQFUU,3.6006107,3.4002454
MOCLEW,2.9004617,2.4040115
WUVBEU,3.1633236,2.5070548
HIXPEM,2.2503817,1.9653635
REFSAZ,3.099377,3.4226058
RUMYAZ,2.9709392,2.659125
PSRHCP,2.7478058,2.493903
QEGYAD,3.565508,2.9344997
BUFNUN,3.2865913,2.5761383
QEWGOO,3.1918957,2.8115063
FEQHOY,3.5216975,2.9054012
CUQBAR,3.6642852,3.6686702
CAWZUV,4.1091914,3.8176951
TEMYES,2.7325673,1.9410894
HIPXOV,3.266727,2.8182528
SOKDIF,2.2522864,2.8504825
MULLIO,3.8147643,2.677929
CABBUD,3.2767951,2.629933
RERREL,3.372035,3.510735
REWYUO,3.599522,2.6462095
ZEVDOT,4.5326004,3.19752
EKAFUR,2.6675322,2.8105588
ADAMEZ,3.424281,2.4668682
UROFUD,0.11428782,0.10241151
WEWRUM,1.5687364,1.3225272
KUKHUU,2.7584183,2.575443
RAQXOW,2.9480815,3.056536
XOWBAM,3.238155,3.1773052
OLOSEO,3.0759752,2.1978898
IGICAC,3.2958431,2.5826352
ECOCAD,0.49143764,1.888609
WIJBID,2.9459047,3.2735367
ASAJEL,3.1121662,2.6747522
REGHES,1.7559508,2.3789084
DEQGUB,3.3491774,3.717719
SASKIG,3.5146227,3.2775922
ATIZIO,0.7654563,2.3249502
ACUKIU,3.0680838,2.6834958
JEWCUM,2.7897112,2.59871
MIFFOW,2.8158343,2.720789
KASFIT,3.7878249,3.6504755
DIQVOO,3.261829,2.652874
TIYMUL,4.1744986,3.3527632
HIZVUI,2.7105262,2.3789897
VIQZOM,2.865359,2.890277
NADSIW,2.9913478,2.863597
YISSUP,3.6057808,2.9486897
HUBTIH,3.7031975,3.4106271
XEDRAB,3.4947584,2.6034136
SOTJOC,2.9352922,2.47307
QORJIS,4.176676,4.5161653
NEKTUV,3.6879592,2.9732487
HENVUS,3.166589,2.7167559
EJOMEV,4.172594,3.8090682
DUJXIP,3.2574751,2.8722582
SAMRII,3.429451,2.5049672
YALXAK,3.9056504,3.41199
YAMQIO,3.6906803,3.0190833
CUHSEE,2.4476643,1.8798556
DIQVII,3.192984,2.6518729
MAHTAT,3.5072756,3.2629538
KIGPAT,3.0958395,2.800134
XUKTUS,2.6944714,2.8828518
BIMYUR,3.6242845,1.9525557
CIGKEK,3.1989706,3.2072017
WARGAX,3.5197928,3.4756284
MOGQEF,2.8884885,3.533052
KIJCIR,3.2539375,2.6510692
HAZCIV,2.5605915,2.640573
LETWOZ,3.0569272,2.506074
GEDSUE,3.658843,2.9341497
TAFJAM,3.2082224,2.9325306
MAPSED,3.1314864,2.8082693
WODHII,2.7129753,2.6081624
YAYMOB,3.01611,2.292029
IFASAJ,4.000074,2.6374576
PETJUT,3.8400707,2.928926
HOQTIR,3.6452372,3.239882
QIVLUC,3.6553056,2.725389
JEJMAM,2.52821,2.2739458
WIKQEN,2.7459009,2.7896316
NICXEE,3.9108205,3.421123
HAGKIL,3.4607441,2.9862168
CEZSOS,2.8313448,2.5423408
GOSTOZ,2.9295778,2.4820623
GEZZOC,2.8313448,2.3564937
ISINOO,4.127695,3.1589072
FOMLUO,4.6398134,4.1644087
QEKDIV,3.8885071,2.5644867
ZOJLIW,2.927673,2.3235247
GEKCAC,4.017761,2.7467415
ATUTUF,5.067304,4.0012527
UMEMOQ,2.818011,2.6725602
UGELAV,4.11545,3.2455
QOPKOV,3.3178842,3.5062196
ROMTUI,3.0046813,2.7821677
NUWKAS,3.2947547,2.8041947
TAFLUK,3.212304,2.525064
AMIGEJ,2.8969243,1.813109
XUJWEF,3.3540754,3.159104
RUJWAV,3.9959922,2.4560027
YOCTEP,3.2582915,2.4960418
LIBHUZ,2.5850816,2.3164196
RIQCOL,1.9031644,2.1363695
BOHSOH,3.1627793,2.6680243
DADPAA,3.8991196,3.1059506
GAKXIC,3.0523012,3.0920575
JEBPEO,2.8425014,2.873602
LAVCOB,3.355436,2.7692192
TATGED,2.874883,2.0487914
XAXNOA,2.9214144,2.9585037
YEBWOR,3.4550297,2.8496318
CACPAA,3.5821068,3.2431397
ILUZUL,3.1099894,2.973057
DITCAM,2.6133816,2.4947326
XEZVUU,3.004137,2.3836796
NESCET,3.6144884,2.939184
LIBSEV,3.040056,2.9057014
XEWRIC,3.0547502,2.9915173
RECNOC,3.1333911,3.1740243
DOFFAH,4.2906914,3.3876157
NIWPUE,3.6626525,3.0106125
XIXNUQ,1.8362243,1.4178247
YIPJIQ,3.1627793,2.2047143
CIQJER,3.314891,3.509122
GIVPEI,3.1173365,2.6375403
WEGKIF,1.5837027,1.6232442
NERJAV,3.383736,2.5723803
GEMYAA,1.3627462,1.2470909
PERCOE,3.2523048,3.2516406
XIDLAA,3.477071,2.9168637
LOMROX,3.128221,2.5513358
IKIPOI,3.9502769,3.7920432
HOSZIY,2.105617,3.110297
PORGEJ,2.7069888,2.5363848
YIVWIJ,3.0811453,2.7853932
NETKIJ,2.9328432,2.828334
BEDSAG,1.9662948,1.7324749
CUFTAA,2.856107,2.3393216
IPAFIQ,3.2923057,2.5869637
HIXZIY,2.435419,2.4488287
EGEGUT,2.9450884,2.6316376
CIDHAY,3.4305394,2.9641223
GAGMIM,4.0161285,2.7434678
KIBPIV,2.5989594,2.5652
DUSRIU,4.08198,4.067685
XEPKEJ,4.1674237,3.3546968
IMALOZ,3.77558,3.071616
HOMFAT,2.5731087,1.5689712
VEFZOY,2.5061686,1.2146835
XOQSAZ,3.5342147,2.8604293
BOBJIN,1.9943225,2.2860093
EDOBUV,2.6925666,2.905991
BEJTUH,3.757076,3.1187048
BEDGIC,3.6553056,3.4549594
QAHGOW,3.2920334,3.3259125
MONWER,3.4705403,2.8270085
AXEROK,2.167387,2.176549
DACFOD,2.9518912,2.414059
ENEWUQ,3.1772015,1.9816844
BIDQOV,2.7886229,2.7556484
DAKSOZ,1.8490137,2.1189678
MURHIS,3.933678,3.341013
KEDBEA,3.276523,2.6334457
BEDQOQ,3.7181637,3.6057804
RIVQAO,2.2686133,2.0943036
KULPUC,2.6215448,2.5989046
QIXDIK,3.2079504,3.249063
BEDSUY,3.3793821,2.2128944
PIPMUW,2.4512017,3.016499
DEGVIW,3.2174742,2.2843273
BIDGUS,1.9445257,2.2258258
EGASUB,2.5031755,2.6395168
ZELMEL,3.0403283,2.0231988
LETVAK,3.056383,2.7363634
YECFAO,2.917605,2.8689203
KAXBES,4.3470187,3.4905076
SOQQAS,3.4806085,2.8801892
FOJXIM,2.918149,2.5597823
LAMTAU,3.6697276,4.516974
CSBRHB,3.5053709,2.4209647
JEWDAT,3.0324368,2.7205172
AXEYOR,3.6251009,3.029414
CESFUB,4.280079,3.5744581
QEVZUN,3.453669,2.8692446
KIMFET,2.793521,2.7955625
NALYAA,2.996518,2.1893935
KEHXOK,2.8895772,3.0579643
POFHUP,2.925224,2.628714
IHUGAU,2.8506649,2.7089174
NEGFEN,2.5263052,1.3777694
ROCQIK,3.474622,2.6210299
JUMBEY,0.7181085,2.6575112
RUMXUS,3.1532555,3.2251918
POLZUL,2.9350202,2.50359
DAHHEZ,3.598978,3.4330287
HITCUJ,3.0770636,1.7639433
LUNLEM,3.3154354,2.8093343
NUXSIK,2.8408687,2.8834338
XANFEZ,3.5714943,3.3757045
VEZWUT,3.5015612,3.3932095
VEZCIN,3.3954368,3.274083
QIDHEQ,3.44605,2.7502508
HISZIT,2.6082113,2.2199092
TADJUE,2.246844,0.68673897
OPAZOV,2.2234423,2.5587041
DITCEQ,2.3663023,2.5528626
ATUDEA,3.5856445,2.7507033
SIMGOM,3.6509516,3.0476143
PIJPAB,4.484709,2.8477259
FOPWUC,3.6095903,2.8858528
URALAC,3.013661,1.9350917
NODMIF,2.982368,2.4035902
GARWIG,2.368479,2.3766608
XOCRUE,3.6215634,2.969234
VUKXOP,2.7693028,2.522798
POWYAB,2.4536507,2.1281128
GOSVUH,2.6974647,2.4002476
XESLEN,3.3304017,3.442542
OPIQOU,3.7502732,3.2578552
YAKGUN,3.2950268,2.6231778
MUKGUW,3.2637336,3.0272577
RIVQES,2.2903824,2.2451816
AVILAU,3.405233,3.1904085
RATQOT,3.6857822,3.423388
BAFCIW,2.6180074,2.070472
XIVQEZ,2.172557,1.9826629
XUDGIM,2.9306662,2.3744025
CAXFUE,2.540455,2.2191834
WEPZAU,2.3009949,2.8918757
PUBVAJ,2.7921603,2.8149178
VUFXAV,3.615849,2.6750278
SENWAK,3.9578962,4.4358416
SEJPEE,3.326864,2.7120686
NELDAM,3.034886,2.4128036
YILNUF,2.7369213,2.2659395
FUNHAX,3.1812832,2.5706656
GEDYUJ,3.1720314,2.6166294
KOFKAU,3.3704023,2.64055
KAKWAV,4.2237515,4.3080883
NANVUV,3.1219623,3.3609219
EKIVEB,3.9304125,3.1043224
AFELEC,4.0463333,4.017814
CEMJUA,3.5236025,3.40853
KIBPAN,2.6424978,2.4706643
EHEGED,3.8324516,2.9279544
FEQHUE,3.8501391,3.1658163
MUXVUY,3.513262,3.865111
DURBEY,3.331762,2.5131035
KOFJIB,2.6890292,2.7295432
GACLEB,3.597073,3.4747934
WAQXAP,3.5279562,3.0726535
GULVUE,3.2359781,3.169238
HEZBAR,3.3118978,2.2912736
XIRDAF,2.987266,2.132565
ATABOM,3.1957052,2.8971019
FEWBUF,3.711361,3.1828718
FUHXUD,3.0721655,2.6441715
REPMUX,1.8710549,2.787824
HIGZEC,3.08305,2.8063662
WAVXOJ,3.720885,3.1904674
EMAYAS,2.0702422,2.925375
IPAFEM,3.2359781,2.501541
NITMEJ,3.3965251,2.8703203
QUQXAD,3.08305,2.4457886
QEVCAV,2.8542023,4.3661084
WOGXIZ,3.3543475,3.3879273
JELRIC,3.672993,3.802285
METVUF,3.0514848,2.0516796
EVEKIZ,2.9595103,3.2309546
ZOLNIX,3.0025043,2.4109526
JOKNUV,2.2433066,2.156792
FEGKEJ,3.9363992,3.2674074
DEJTOD,3.374756,3.132666
HEYCOF,2.454195,2.364161
NAVPEF,1.8536396,1.7467949
AZEVEG,3.6618361,3.3538196
NEDTAT,3.983747,3.1287599
EHEPAI,1.8520069,2.5564952
GETBAK,2.1360939,2.7162108
ISUKEO,2.3981395,1.3297745
BEWJIX,2.712703,2.7936294
NANWEG,3.6928573,3.2684214
BEJWUI,4.114362,2.8207428
WARGEB,3.8604794,3.3486273
FESKUK,3.6748977,3.1320105
POGVIS,3.350538,3.0229638
POQKEL,2.9684901,2.1260822
NANVAB,3.3973415,3.3514092
YAMCAR,4.0942254,2.8801968
PATBET,3.0291715,2.1764474
AWAPUL,3.2735298,2.506536
FAVCIR,3.0261784,2.7003102
ULOSOE,3.567685,3.3996854
CBYPRH,3.589726,3.379706
REJFET,2.7782826,1.658659
GUYFAH,3.4680912,3.2806463
MIJKOF,2.6898456,2.413002
FEYHUO,3.630271,3.2191384
QIDCEN,3.3260477,2.2486258
XILQAM,3.1867254,2.1808753
LIPQAC,3.3187006,2.5167313
POYFUF,3.1412823,2.5817897
XERPIW,3.3129864,2.3376126
KACFOJ,1.7583997,2.7963233
SUXJIF,3.0093071,2.460802
LUTQIC,2.253647,1.7172575
NARKAV,2.4958284,2.222076
HIJYEH,2.939374,2.1653497
MEQZAJ,3.5668685,3.2791853
DIVWOV,3.568229,3.4700966
FEXREH,3.6868708,2.9758825
FOJYEJ,2.4917467,2.4681666
UROQUO,3.3992465,3.0477564
ESINID,2.303988,2.2422128
NUZFIZ,3.2585635,2.471764
JEGKEM,3.7723145,3.3045826
VOCGAV,3.3110814,3.1994703
GAWPAY,2.922503,2.2955124
MIJKIZ,2.6996417,2.4972088
VECCIP,3.004409,3.6752386
SOQQOG,3.4351654,3.693502
BODZOM,3.8055124,2.4935746
OVELIM,3.3842802,2.6138022
FERJAP,2.717057,2.3328478
KUMFOO,2.7725682,2.1497743
XOGCII,3.551358,2.5024345
QAVRUB,2.9257681,2.5298066
VIGMEG,2.9869938,1.9777944
VOMJOX,3.4822412,2.8440356
ZETXUR,3.7075515,3.3040183
KEDGEG,2.5366454,1.4927466
REPZUJ,2.7782826,2.8060012
QABZAW,3.0792406,2.2252872
OGOGOH,2.7880785,2.029074
FANYAW,3.5116293,4.1332564
CASTIA,3.149718,2.7427745
WOCMEH,3.1336632,2.8935902
XOTLAV,3.737484,2.6995678
HUXSOK,3.9040177,3.3739743
KIRREI,3.5636032,2.7176547
NUZFOF,3.243053,2.507946
MONWIV,2.5758297,2.766961
IHOCEO,3.5023775,3.0760484
OWEBID,3.0354302,2.3385057
BAVMOA,3.152439,2.1589344
VEMTAL,3.2776115,2.711092
CISDOZ,1.7513248,2.2707176
QEFPIA,3.2278147,2.6915524
JORREQ,1.7393517,1.2281612
ROJDOK,3.2057734,1.9948175
DAQDEF,2.6101162,2.527071
YIBFOF,2.8648148,2.1726158
QIGPON,3.4719007,3.0001519
NAMSUP,2.6849475,2.1869998
FERXEF,2.5401828,2.212309
TEXVUP,2.4609978,2.6179852
YUYKOU,2.354329,1.9870203
YEXXIJ,2.6631784,2.7742486
KUPPUI,3.5821068,2.7637186
QIFFET,3.7872808,2.8482933
NOGTOS,4.88009,4.5070944
YIDRIM,3.6104066,2.5809634
SUQZUB,1.6280572,2.018578
GERFAM,2.6612735,2.1814067
BUKCOA,3.1393776,2.93349
OPEZIU,3.2816932,2.324523
DOWFEB,2.841957,2.4634342
DACCUG,3.286319,2.8688211
GUPFOM,3.5796578,2.5606735
HEDDID,3.1562488,2.6773913
UPOVOM,2.9464488,1.8824205
IHECOO,3.120874,2.2913284
RUFLAF,4.4849806,3.042217
ROJWIZ,3.1355681,2.1015007
HEYKEE,3.0890365,2.4332747
KUHCEX,3.5048265,2.9566689
QIDHIU,3.128221,2.6751301
FAVCOX,2.4264393,2.6965594
OKEMUM,2.5605915,2.4674504
QIZMUH,3.4210155,2.8721945
BEDHAV,3.3655043,3.0215573
ZASZIF,3.0283551,2.4566438
SIRGUW,2.52821,2.2712193
SALMUQ,2.9736602,2.8165476
CESKET,2.3687513,2.0247262
FOGLUK,2.4585488,2.0247538
DADNEC,3.8006144,2.891177
ACACEM,3.200059,3.3632572
YUMTIK,2.858284,2.4656975
UTUFOG,3.8923166,2.3762426
GOPQOR,3.4036002,3.9943423
PEYTEV,2.1929655,2.9069479
DEQHIQ,2.9214144,2.761311
ULOTOF,3.587005,2.9070232
FIBPAJ,2.2830353,1.8571837
VUFMOA,4.4588575,2.8982978
NELWEI,3.0220966,2.7944286
MIZXAX,3.2754345,2.9753857
XAPMUW,3.5197928,1.8180176
URAKUV,2.9048154,1.7611752
TENBAR,2.0759566,2.724578
IDIPIV,3.5091803,2.9788923
OFIBAI,2.6539266,2.7349787
LIWTOA,3.130942,2.6664085
KILRIH,3.455574,3.472321
OMEZEL,3.8490505,3.6021962
NACRUE,3.0484917,2.7436666
EJOZIN,3.5913587,3.6635823
RECGIS,2.8291678,2.042968
YIZREH,2.561952,1.7320226
MIMHIZ,2.8136573,2.5629544
MONWUH,3.1518948,3.1619859
HIHRUM,3.7078235,2.6657984
LIZFUV,3.1992426,2.804199
IFIGUB,3.101826,2.2711592
WISTUQ,3.9976246,2.4576364
AVOBAO,2.067521,2.1953833
XEPJIM,3.2204676,3.1257875
ZATSAO,3.2830536,2.9045348
NOJROU,2.4740593,2.128004
UBIFAO,2.6895735,2.8226135
IROXAP,0.95103794,2.475751
DORROR,3.6982994,3.460295
DIQVEE,2.7965143,2.9299738
FIYCAS,3.2172022,2.8494978
WEWROG,2.2024896,1.4440854
JISBOC,3.1320305,2.5278044
AXEYIL,4.3100114,2.968051
GASNUL,4.0849733,2.6200798
SAJNEZ,3.274074,2.594863
KELRAV,2.1377265,2.1639702
QIWYUQ,3.6408834,3.2117722
LIHDIR,4.23001,2.670067
DAMVUJ,3.1967936,2.7048113
QOJRIS,3.0332532,2.3401718
YAFJUM,2.5614078,2.2013133
KUGSUC,2.8884885,2.389903
HOVJAF,1.7434335,1.9400258
CEVTED,2.3194985,2.3861852
ALOZUX,3.0593762,2.7290895
DEYBIU,2.788895,2.0784
LIJBUC,4.2308264,3.1208265
UCUMEM,2.2253473,1.7429564
KEZMIO,3.6166654,2.5120363
IBEWEU,2.9350202,2.3561585
NAZSAL,2.2803142,2.4938564
CUCMOE,4.2150435,3.042967
SIZBOV,3.4259136,2.7253003
PEJGIV,2.3333764,1.5708326
RUBKUW,3.2433252,2.219308
KEHLOZ,2.7657652,2.3647566
XOJPEU,2.3189542,2.064149
WOZWUD,2.4267113,2.0807424
HIDBUS,3.7671442,2.5459561
PAGJEN,2.210653,2.2609787
IFINOA,3.304823,2.47691
CIKTAU,3.2441416,2.433484
WEWNUK,2.2580009,1.9010154
NEGQOF,2.7886229,2.5818503
CESBAF,3.102098,2.1758301
HUXNIX,2.162489,2.2308407
SAZMOW,2.367935,2.4917784
HOGBUA,3.5230582,2.4591382
GOZLOY,2.5048082,2.1780777
IFOYOT,3.718708,2.5143037
RIJKOM,2.506713,2.285955
PAXFEZ,3.204685,2.215699
IQEVOR,2.6370554,2.0534217
GEQYOT,2.772296,2.0401917
CALROX,3.7529943,2.613094
VICPOO,2.7807317,2.5075006
QAVMOP,3.5328543,2.6586568
WUJQEZ,2.561952,2.5852902
ROFDIZ,3.032709,2.1240973
XOQTUU,2.3284783,2.6521502
WOVBAM,3.5821068,2.5330963
JEWFOH,2.982368,2.3507414
POJJOP,3.0389676,2.4070675
WIPJUD,2.5396388,2.3577912
PAQYOY,3.3399255,2.301774
COZHAA,2.043031,2.1593242
EBOROD,1.4479178,1.6690913
PAFTOG,2.303716,2.3322914
FABHIZ,3.8498669,2.7596765
KIJJOD,2.5216792,2.1179008
HUXCIO,2.9113462,2.4497774
LIPCOE,3.4022396,2.9199288
RADVUN,1.6313226,2.1382523
QETTIT,2.311063,1.8045136
RABGUZ,3.708912,3.2687018
NONCIE,3.2308078,2.4900155
KEFKEM,2.4721544,1.7151082
BOJQEX,3.3733954,2.6219218
EYICIY,4.144566,3.66838
ACAPDA,3.3423746,2.913343
SASROW,2.8122969,2.3964677
NONROZ,3.921977,2.4623592
TUJTOI,2.6348786,2.5147219
RAJYUY,3.5265956,2.763195
VUMRAY,3.6982994,2.61134
IXAHIZ,3.3393812,2.7880394
EHOFUD,3.8664658,3.0687916
LIHLOG,3.1508064,3.054565
RUCBIC,3.3665926,2.387224
VIRLAL,2.6441305,2.2475572
AGEVEN,2.8811417,2.3015401
PITPEO,3.011212,2.282066
VEFTEI,3.8757176,3.3194
KUJHAA,3.201964,2.5135958
XILQIT,3.084955,2.1486192
PARBAM,3.2340732,2.235278
YIWPIF,2.8759713,2.244173
HEZDEV,3.1755688,2.9855406
GEFWEW,2.9592383,2.1903043
ZULMEY,3.272169,2.6781402
XIQCAB,3.5769367,2.9735467
VIBDIU,3.6144884,2.7608736
XAYGOW,3.6893198,2.8588884
LEVGIC,2.525761,2.5686636
ULOHUY,2.2675247,2.3442326
YAQRUG,4.147015,3.2392404
YEKTEQ,4.392462,3.1831083
SEKPUV,4.334774,3.0585122
WACHEQ,2.8337939,3.0152493
ZEPRAQ,2.9124346,2.3260727
SEWMEN,3.7260551,2.734619
POJJIJ,3.0620973,2.389915
PDMPDA,3.3987021,2.850555
YAQGOO,2.8193717,2.1210637
LOQPEO,2.8354263,2.314803
PHACPD,3.1078124,2.6234877
ZARMIQ,3.3641436,2.6425989
LASXUY,1.2601593,2.254363
PAFZON,2.8482158,2.6032982
VESQOZ,1.6269687,2.4234726
LOSNAK,2.0694258,1.9544129
QUQVAZ,3.2650943,2.5582218
AHIHOO,3.0240014,2.3065798
JISVIT,2.5186858,2.0719645
XOJRET,3.3652322,2.1230996
EHORID,3.6871428,2.8755984
KIWKAE,3.6114953,1.7438271
MICQEX,3.3094487,2.4950318
BEJHUT,3.833268,3.1185699
HATNIZ,1.500708,2.0224001
DOWJEE,2.3867106,2.1823618
HERWEJ,3.3826475,2.7988377
VOGFEF,2.7946093,1.9881577
LOGKOJ,2.9162443,2.0572383
DIRVEH,1.9235729,2.4080918
KAJXIF,3.2188349,2.8706775
XUWHIG,2.234599,2.2756202
DIXHIE,3.7894576,2.941129
EBAZOW,2.867808,1.895621
LILXEK,3.5924473,2.6858425
MUCGEW,3.4019675,2.5638494
IHOYAH,1.6998953,1.6901134
VUGXOL,3.422104,2.8605247
XUYYIZ,3.3358438,2.4460704
MONFOK,3.011212,2.3748236
HUXSEZ,2.4514737,1.9982398
HESPUR,2.3404512,1.9976026
KADZOF,2.3758261,2.3444932
YOHPEQ,2.17936,1.939852
PIJNUS,2.5480742,2.327256
EQODOF,2.8893049,2.6627975
EGOGOY,2.9197817,2.5108802
BICRIQ,3.6623805,2.799267
TURKUM,2.2071157,2.212635
POLFIG,2.9042714,2.2674315
MIVKOT,3.2242773,2.475464
MAWPAC,3.2101274,2.4620266
ALOQIB,2.6008644,2.3542547
LADHOO,2.7192338,2.0875363
CECTOW,2.9976063,2.423729
DOQSOS,3.2582915,2.6607196
XUVPUB,2.4362354,2.339062
COCXAT,2.4933794,3.0104525
AYACAF,2.3937857,1.9521928
KATTOO,3.1557045,2.7220416
JEKQAS,2.9693065,2.3237998
COTRIN,3.2942104,2.6260633
FISQOO,3.9478278,3.048451
KUHSEM,3.570678,2.171731
VIBJUL,2.0773172,2.3907373
UVOXOT,3.3513544,2.9355748
BEXTII,3.5578887,2.8764944
BAWFOW,2.3883433,2.0431569
INIWUX,1.5363549,1.9762431
BUGWAC,2.955973,2.448921
IYEYUH,2.843862,2.4512098
IJIDAI,3.286047,2.3807526
DOQMEC,3.591903,2.1071646
ZORJOH,3.1791062,2.424442
WAVTIY,2.9742045,2.2563243
RAJMEW,2.1883397,2.0807562
XOSZEL,2.5554214,2.6032338
ROCFOG,2.7812757,2.5377686
NIFZOU,2.6493006,2.023306
PIYWOM,2.7331116,2.2597852
MAWREI,2.4729707,2.0601964
YIXSOP,2.753248,2.4449527
ZOYDAS,3.4615605,2.658804
HAVHIW,2.597599,1.5187566
MAQQIF,2.9320269,2.5564976
CUDQOJ,1.8193533,1.7692754
PUPYAC,3.835717,2.6905491
WUMQEB,3.7238781,2.5357363
QOSHOW,4.155723,2.5746386
FUVKIR,4.287426,3.1103325
MAGDEE,3.4163895,2.8083913
XIVGER,3.558705,2.655597
XIHGOK,3.5377524,2.366375
UHOGOO,3.013661,2.5462713
MUZDAO,3.139922,2.4178274
LUHRIP,3.5314937,3.1177776
XERXAT,2.9641364,2.2326047
MASSAA,3.0512128,2.837022
ROJZOG,3.405505,3.2049508
ETOGUR,3.302374,2.8548284
GERJUK,4.175315,2.6990497
BAQSOC,3.697211,2.2882793
XIYBEN,3.1750245,2.514765
EJIHAH,2.8952916,2.564318
NEZCIG,3.6934013,2.5127509
QIVLIQ,4.1500087,2.7127204
WOBKOP,3.8822484,2.3228478
RUCBEY,3.1752965,2.644572
EWODIF,2.3524244,2.353437
RIRDAX,3.453669,2.5695055
NANFEP,2.5831769,2.3203628
YIWBIQ,3.508092,2.5894747
DUSNIQ,3.6713603,2.6121726
VUSYEP,3.0245457,2.3017874
TIPNEO,2.4316094,2.4470572
HOXBUS,3.219107,1.9412625
PILXEO,2.8884885,2.5329075
GOPMUV,4.073272,2.7823837
QEQWUF,2.9644084,2.7169929
TULRAV,2.853386,2.4060924
QAMHIX,3.5263236,2.9174354
HIQFUI,3.0841386,2.6349483
KASKAQ,2.5347407,2.2537043
QOHXES,2.8122969,2.349145
LANBIL,2.3505197,2.076104
QUDGEC,4.5818534,3.1929889
JAXVOT,3.5002005,2.3174071
PUTTED,2.0299695,1.9860218
CEQHIR,3.181011,2.8830624
TORYUU,2.1118758,2.1760974
WIJVIU,2.471338,1.9998807
OWETOA,2.3287504,1.9976014
FICJUZ,2.7072608,2.2550771
LOQXUK,4.0087814,2.7884364
IJEYED,2.9578776,2.5764742
ROKKUX,2.038677,1.9427671
OWEPIQ,3.2729855,2.5492718
ATASET,2.483039,2.289309
SONLAJ,3.9995296,2.9908743
EYAGUH,3.0887644,2.4548533
ZEQDUU,3.721429,2.832873
JOSYUL,3.0128448,2.29803
XEQSES,1.2484584,1.5194561
QIQDID,3.0751588,2.572203
ICEFIF,4.57369,3.7605155
WOXPOQ,2.9320269,2.5788357
VUBCEC,1.2566218,1.7485257
RURHIX,1.6988069,2.156855
LOXLOZ,3.895582,2.2712753
IZUJUI,4.6349154,2.8636158
PUHKIM,2.8144736,2.377388
PAZJIK,3.6414278,2.7250826
MEFYIH,3.592175,2.6260169
OCUYEQ,3.3094487,2.2710114
CAZIPD,3.309993,2.338767
TIPMIR,2.2811306,2.0853617
IFEPAK,3.5361197,2.2003527
PUSSUT,2.7442684,2.6052468
EGUDEQ,2.2101088,1.6019415
QOVROI,3.1565208,2.4792435
ULUSIE,3.0144773,2.6306913
IGUVUC,4.724713,2.772206
SIYZUY,3.0245457,2.545813
VODXUI,1.6318668,2.8003724
XOZPEI,4.216132,3.1476164
IVAHEU,2.3905203,1.8270369
JOVFOS,2.5652175,2.450853
CERVOM,3.0052254,2.4697733
CAYREB,3.4925814,2.3061717
FEZDET,2.9309385,2.7827244
DEZQAC,3.4003348,2.5496187
USEVOE,2.679505,2.452318
CISYIN,3.6773467,2.9944947
BAXLUI,3.2637336,2.7943726
JUSROG,2.444671,1.9117937
YOZKUU,2.9064481,2.0713692
AKOZAC,3.2713528,2.4160118
DUPGEA,3.3325784,2.4620605
SUQGER,2.4324257,1.9188917
LUGJAY,2.19868,1.4311229
ISOQUD,3.864289,2.4784875
GOCFOT,3.0139332,2.9294634
WARMIO,2.9382856,2.5475159
HONKEB,3.3037343,2.3701572
MOCGAM,4.504845,3.8241215
KIHVIH,4.02919,2.859106
MAYSIO,3.3992465,3.1827228
BEXSUT,3.6498632,2.9085536
PAGKUE,2.406847,2.2572157
LAJNOA,3.0669954,1.8553042
QILLOM,2.592701,2.7472389
QUMKEO,2.5584145,1.6866508
REWPUH,3.3761168,2.979974
SEPQOV,3.192984,2.9094083
KIWPOV,2.4775968,2.4017165
NUSXOO,2.9894428,2.2319868
TUWJUQ,3.9989853,2.7096753
LESVUB,3.539385,2.3413103
WEQFIJ,3.2174742,2.057158
LAMMUH,1.6266967,1.4348865
CERVUS,3.4642816,2.4336169
XIRXAZ,3.240604,2.762908
TEGFUJ,3.5663242,2.8661966
RADTUL,2.0525548,2.0234084
PAFLUD,3.6686392,2.4992034
XOJZOO,3.164412,2.466144
MIMLID,3.2852306,2.6835208
WOMBEH,2.530659,2.4204075
ZIBTAI,3.7265995,2.5897584
BUHRUS,2.7086215,2.2858946
FEYZAK,3.6057808,2.371543
BIBTOX,1.6827521,2.2019095
ILEKIU,2.939374,2.2051651
HURKOV,3.2008753,2.1796823
FUGWEL,1.7796247,2.3974447
FIQLOJ,3.125772,2.3966136
FODPET,4.686073,3.0473168
RONLAJ,3.4427845,2.9131155
DAGMUT,2.6473958,2.4189467
ZOLNAR,2.9679458,2.4052079
UNADOD,3.0746145,2.6917877
YIXWUY,3.7535386,2.5570822
MAYSAJ,3.3918993,2.346444
RAJBOU,3.5546234,2.524
SIWDAE,3.477071,2.4967084
ZOJVAX,3.2460463,2.8831506
VUHCEH,3.5595214,2.6844475
EMOKAS,3.6550333,2.5442827
VEWZUT,3.2106714,2.4444387
ENOWOU,3.6716323,2.1497135
VUGXIF,3.3753004,2.298489
PAGVEA,3.5856445,2.611306
DUGHEU,3.1080844,2.361904
HOVMEL,3.1578813,2.4723437
NEYDIE,3.1124384,2.4375713
POKSUE,2.9361086,2.6137145
YIKVOE,2.9665854,1.838573
KIFCIO,3.4324443,2.3019557
MEFTIB,3.7040138,2.8842971
FUFHIZ,2.8095756,2.468616
WAJNEC,3.4909487,3.0056465
NOGVIQ,3.4808805,2.2515259
QEWFON,2.803589,2.3337624
POLXET,3.9679644,3.227264
REWPIT,3.484418,2.7009296
NORHIL,2.9170606,2.5885398
OCEPIY,3.3516264,2.5363066
YERQAO,4.0359926,2.657633
YAZKEQ,1.737447,2.0512946
LABMEH,1.0381144,1.6678582
HAMLUD,2.409296,2.1869998
IBAGEA,3.061009,2.5254304
QETWAQ,2.8433177,2.2221646
MOKGOK,3.7323136,2.786789
RADVEX,1.6005738,2.0144486
CODQIV,4.33042,3.1202319
DIDLUZ,2.82046,2.4236352
WOPFAI,3.3951647,2.397369
QEKLEA,2.1886117,1.9353139
QEWMEL,2.7638605,2.2582977
XOXMAY,3.0084908,2.4751308
WILVUK,2.0394933,1.7111773
XOSYIO,2.7380097,2.6469364
OTAGUM,4.714645,3.5259876
GIJXOM,3.4906766,1.9920456
KEYCIA,3.4084983,2.926576
SASJUR,3.2169302,2.289024
BOKHAK,2.7537923,1.7538848
XICDOE,2.8852234,2.3254828
WODLEH,1.9861591,1.9984031
KAKKIR,3.3344834,2.7980986
AGICAU,1.4147199,1.6979897
UDOTAJ,3.0909414,2.7231526
ZAFDEP,3.1124384,2.5263424
JESFUJ,3.3897223,2.5099106
VIMGEF,2.5752857,2.1212132
JITCEX,2.3477983,2.2331877
HOTBAV,3.015838,2.1675415
XERXEX,3.020464,2.334566
HUHPIK,2.9997833,2.9644444
RANVAD,3.0944788,2.4830444
WICVUC,2.7464452,2.692729
XEDKIB,3.405233,2.0600119
VEYSAU,2.2566402,2.1015453
ZAXFEL,3.0242734,2.331717
NENPDN,3.7339463,3.1728542
KAMCIL,3.6343527,2.4833314
AYIQOP,3.9355829,2.923717
TOTSAY,2.731751,2.6395292
OYEYIB,3.4947584,2.4232879
CAPRUG,3.1325748,2.2908092
KAQQID,4.2838883,3.041086
UMECOE,3.049308,2.6542346
TIZHIU,3.0463147,2.6593738
EPPTPD,3.116248,2.8914208
ABEVAH,3.369858,2.6881864
MOJPAD,3.3178842,2.2742534
UYEKUG,2.8593724,2.157841
NONXIZ,3.2999249,2.7326093
ZOXQOS,3.0950232,2.2627652
YEZLIY,3.039512,2.2717526
LEZBAW,2.880053,2.2830677
REQGIF,3.5072756,2.6717777
XIJSIT,3.8109546,2.6334448
SOTWII,2.872434,2.849576
TXMPPD,3.0123005,2.2578075
DANQOY,2.428072,2.234735
TIDVIO,2.9333875,1.838625
KIFCAG,3.7344906,2.2204053
XATQEQ,3.1143432,2.942316
IMUYAS,2.8484879,2.3070126
MURKIT,3.510269,2.4959052
CTMORP,0.42667454,2.4921303
PEWZEY,3.5197928,3.0543156
MILGET,2.0106494,1.9893675
SIYLES,2.8073988,2.541964
TUVWOY,2.9143395,2.3629832
REFPUO,3.489316,2.8933625
ROJZIA,3.2027802,3.0370884
SAGJEP,2.6220891,1.9179482
CEZHIY,3.2166579,2.731472
SOHTOA,3.3546197,2.6163409
TUVWEO,2.9456325,2.3579316
EZIVEO,3.3932598,2.366314
IJIDOW,3.2999249,2.4381928
QIZREX,4.096674,3.327011
LABHUS,2.858012,2.580346
VAPYIW,1.9418045,1.8394115
SEPYOC,4.0621157,3.0527575
XAKHAT,3.5151668,2.810754
RUCLAD,2.468889,2.4664488
IHEBAZ,2.6642668,2.1324894
YAMDUM,3.59925,2.3922584
BUCGOX,2.3045323,1.9323927
XAMPIL,4.0106864,3.0702808
FEHMOW,2.757602,2.5400937
TENGAW,1.9377228,1.9381473
MIDCOU,2.0533712,1.8266528
QIGMEA,1.6332273,2.5049834
MORZEA,2.4359634,2.1118984
XULLOG,4.050687,3.3003058
POKSAK,3.3350275,2.4464312
OVEPIP,1.9031644,1.8300762
KAKQAQ,3.2414203,2.5999935
HODMUI,4.23001,2.6159182
ELELEM,2.6952877,2.4049637
DARRIY,1.3042418,0.7376306
YABBEK,3.486595,2.1447058
PEQWAM,2.7875345,2.277947
WEJVUF,3.6256452,3.1638124
FORNAC,3.7818384,2.8245583
BAFSUZ,1.9148653,1.9144593
RUNDIN,2.669165,2.2150667
BUKCER,4.5992684,3.0913632
FOCJOX,1.6103698,1.6359264
ISINII,3.4931257,2.8252065
ALIYIF,4.0008903,2.7918139
PUCZAP,3.4133964,3.0463262
NALBAG,3.1195133,3.4585967
NERLAA,1.2228796,1.9075816
MUGTOZ,2.8718896,2.529937
CMBZPD,3.209583,2.3985348
XIDNAZ,2.7137916,2.7165937
DOGPAS,3.517888,2.8382938
OHUTIV,3.23108,2.2137196
YIVWEG,4.1497364,2.8067207
SEZBEH,2.3385465,2.1302805
NASNEC,3.7486405,3.1268826
DAPVAU,2.645491,2.3341055
JUWDEK,4.1878324,2.8057637
SEZWOL,1.7216644,2.1648405
WUGDIL,2.8242698,1.8243438
PANJUL,2.695832,2.1983008
EJELOW,4.0283737,2.899844
GAGDUP,1.8862933,1.8562826
PIZWIF,4.136947,2.9117708
SUNZOR,2.3311994,2.0114446
ZEJPEL,2.7401867,2.1677718
ZUQXOY,2.4814062,2.0635023
BIMZAZ,2.8705292,2.6640506
OFATIY,1.878402,2.0462518
XIWVIK,2.4933794,2.1025593
UVIKIV,2.2332385,2.1241803
OMEGIW,3.1581535,2.4012127
FICNAH,3.3298573,2.9286838
UHIYUG,1.9140489,2.0621347
NERXAJ,1.787788,1.987932
UQANEG,3.8302748,2.6976528
YATVIB,3.066451,2.3402267
LEZBEA,2.875155,2.2590106
BAGNON,2.858012,2.3767035
QAHDAF,4.225384,2.6009824
GIHFIO,1.6811194,2.009185
HUVFIO,3.1137989,2.526342
ATIKUK,1.16628,2.3506575
NIQYES,3.7037418,3.276256
WAJCIU,2.4705217,2.0563512
UZEBIL,2.9459047,2.848556
OBONEA,2.4912024,2.1493669
AVIQIF,2.760323,2.3558917
BUWPIT,3.4596558,2.6915395
CCENPD,3.2830536,2.7152615
LIVCAX,2.6250825,2.142059
SELMII,2.16004,2.261898
CLOXPD,3.6229239,2.710802
JUZLOH,3.8275535,3.13066
POSTAT,3.2395155,2.2567747
EWOXEU,3.4177501,2.9847596
MIYCIJ,2.4487526,2.2732964
FENTOI,1.6661532,2.4791837
GETPOM,4.545662,3.491966
GOJPUS,3.025634,2.4405787
ETEHEQ,3.0237293,2.2564683
DOJTEC,3.649047,2.7583258
VAQPOS,3.8221114,2.7443504
PEXDUT,2.9597826,2.108685
YIWBEM,2.029153,2.7704935
HAKMAK,3.1537998,2.8073754
HOXCAZ,3.2468626,1.838196
NONXEV,3.7698655,2.5738726
DURLAE,4.1140895,3.058632
JESGAQ,3.104819,2.5369444
LIGGEQ,2.8950193,2.4287977
REHPAY,2.1687474,2.1773283
MIBVOL,2.628892,1.3778812
HAWXEK,2.9295778,2.701385
ZUXROZ,2.4367797,2.5210483
MEFXEB,3.2827816,2.5726068
LUTBOT,3.8827927,3.007369
QOCXAK,3.0816896,2.2932217
UKUGAI,1.5205723,1.810561
EVAVOO,2.2471163,2.15767
VODLAB,3.1850927,2.5753741
YEFLEC,1.6375812,1.9667385
VOFSAL,3.4901323,2.7389586
OBAWIZ,2.4057586,2.1653085
HENZEI,3.133119,2.4435868
DIGMOY,3.3467283,2.833156
UQEZOH,3.178562,2.3101354
MAMYUU,3.3499937,2.1859715
CEQFOV,5.4022765,3.1116095
ROMHEG,3.7663279,2.7417943
KEVNUW,2.4158268,2.1599786
SIWTAU,3.6580267,3.2930214
NEJKAR,2.2985458,2.677866
NERWUD,3.8327239,2.6658263
NISLEI,2.9570613,2.0179253
LACQOX,3.80007,2.5679178
ZIHWAO,3.353259,2.740098
FUTMUD,4.0444283,2.3237267
WATKAF,2.7834527,2.0997245
FERXIM,2.8362427,2.2968416
WEMKII,3.321694,2.288707
REFWAC,2.6585524,2.4061067
NURXON,2.2310615,1.7916765
KAYPEG,2.8327053,1.9983896
HUHQAD,2.7755613,2.6728084
ADINOS,2.5875306,2.1306262
TONTIZ,2.3126957,2.146956
FICRAM,3.037335,2.638094
EDEKUV,1.2971668,1.7819741
DARQAR,2.9102578,2.9247644
PORBAA,2.8019564,2.2363636
QOHXAO,2.4324257,2.2291512
XAHLOH,3.6651015,2.3274913
FAXFIU,1.0011069,1.7974418
BAQLUB,3.0914855,2.5751452
HOZBON,3.5935357,2.6490734
RUZKIH,2.9287615,2.499999
ALUQOO,3.5333984,2.560894
XAMSAG,3.4354374,2.7863393
NIGYEK,3.4280903,2.609045
IKIYIL,2.6416814,2.1568563
SEQVUG,2.7420914,2.386731
MEBXUN,3.329313,3.1570497
XIGVAM,3.4822412,2.709608
AGOGEJ,3.1366565,2.5508528
PABJUA,3.2797885,2.6136308
YIYGAP,3.4933977,2.4267292
KIJROL,3.3641436,2.7341728
DAVZEG,3.1494458,2.5129778
GUFQUT,3.0841386,2.7539115
VIRJUD,3.6555777,2.7196357
GADLAA,3.3396535,2.4851518
XOMFUA,3.3404698,2.6682653
NUCDUM,3.89531,3.22439
QASTEM,3.0272667,2.3033073
CIJBOM,2.3771868,1.8639529
OGOMIH,2.4408615,2.0927672
WUDMOY,3.5782974,2.4126186
WALQAD,3.8349006,3.0371697
HAZYIT,3.9339502,3.122437
WOXPAC,3.7685049,2.3476057
QECVOJ,3.986196,2.8150988
BOJQAT,3.314619,2.8206484
HAQNEV,3.2659106,2.5241327
MEPDIX,2.5556934,2.0890887
BAVPAS,2.3178658,2.281214
TAYKUC,1.9039807,2.314789
PEWYUN,3.8362613,2.613491
OWEXEU,1.8509185,1.9533967
MIYBAZ,3.3518987,2.670431
RIBZIL,2.8049498,2.5885746
WEGHAU,3.9252424,3.264864
GEGHEG,3.6876872,2.963638
WEQTIV,3.3606062,2.452196
NONWOE,3.3551638,2.7866397
GONWEL,3.0517569,2.4876137
LADGON,3.3497217,2.301034
OHENEW,3.152439,2.712482
LOLKON,2.939646,1.9924221
SEZBIL,2.4909303,2.2062345
RUDJAC,3.6199307,3.0374079
NEWVOB,3.4836016,2.543168
FANFUY,3.1921678,2.5763464
ECOZOM,2.7665815,2.6332467
IWUDUB,3.0552945,2.3663156
XUQKIE,2.7878065,3.0184805
PAGMIV,2.6381438,2.2730544
ZATZOJ,5.164449,3.7310853
QEFVOM,3.096928,2.7274604
MAWJUS,3.8485065,2.3959525
YIWBOW,3.3056393,2.3048406
CAXLAO,2.8735223,2.200731
JEJCOR,3.025906,2.5878065
AFAMEB,2.674607,2.2378776
YUTTUD,3.1347518,2.5832226
QEQZOB,2.1314678,2.0296326
ULUNUK,2.7861738,1.3366221
YIXXEJ,3.7910903,2.5637088
JURFIN,2.6977367,2.3139884
UJAGER,4.3271546,3.2335806
VASKEI,4.0433397,2.6744223
EZUYON,3.4182944,2.635672
HUJYUH,4.0142236,2.764844
KUWGUF,2.5891633,2.3896012
AJIXOI,3.1328468,2.308416
NICNUL,2.4416776,2.4248326
YIGVOZ,3.5045545,2.0664911
KIWDOK,3.862112,2.9369936
FUHZUF,3.8822484,2.880148
PUPXUV,3.7753077,2.7768528
VOZMOO,3.5099967,2.2568202
FAPBIH,2.598143,2.786384
GABMOM,2.887128,2.9381685
NBOPDC,3.6202028,2.6749446
WUFGUZ,2.6136537,1.6956018
TOQBEH,4.824579,3.3256137
OYANIM,2.5997758,1.8039427
FUBVAA,2.9703948,2.923496
JOPHIH,2.7567856,2.8300014
RABWEZ,1.9676553,1.8054959
RUNVUR,3.49367,2.9334917
NIMBIW,2.1428967,2.808345
IPOMEF,2.3818126,2.4407432
QAWMEH,3.732586,2.401911
QEJWOU,4.234364,2.5144646
QAYDEZ,4.1461987,2.7826605
DURSUG,3.876534,2.8833988
AGIBUN,1.8049313,2.0071318
VOBJAA,4.1339536,2.8245676
CITGES,3.0025043,2.4265203
HILQIE,2.141264,1.9521161
TCMIPD,3.6667342,2.7860334
AJEHAA,3.9559913,2.162496
FUFZIQ,3.551358,2.4568033
CIMFIO,3.7587087,2.4007478
AMAXOB,3.1815553,2.7443366
WOTZOW,3.4514923,2.4884682
IYEYAN,3.4713566,2.6826482
QEFVUS,4.088511,2.5832925
FIFWOH,3.7203407,2.8103557
BOJQUN,2.9110742,2.2451515
TOKKAG,2.9543402,2.4203613
ZEJQOX,3.2193792,2.0445058
KOMNOP,3.2150252,2.9086795
PEBGOU,3.2952988,2.36356
PIFLIB,1.9676553,2.2744877
KUWKEU,3.0033207,2.3451698
DOXMEI,3.4308116,2.6247482
BOYROX,4.172866,2.6719494
ZOLTOM,3.9032013,2.6292603
GOTPOW,2.6969204,2.4686482
XIXSEC,3.4667306,2.5966725
NIBQUM,3.7181637,2.5145094
AREPUI,4.5418525,3.6540272
RAHVON,3.1543438,2.305439
WECHOE,4.5538254,3.070713
RUCPEL,3.570406,2.6798484
ROGQUZ,3.1050913,2.2938697
QOSJEO,4.3954554,2.8551579
ADUHAJ,2.7712076,2.677933
RATKOO,2.2577288,1.8923471
PANJIZ,2.4128337,2.3409512
YAFLUO,2.2969131,1.9159493
EWUSOE,3.9110925,3.175238
DUFTED,3.505915,2.614602
XEPKEI,2.9167886,2.0116577
DIXZIU,3.4596558,2.345719
YAMFEY,3.4950304,2.4624658
ORUFAK,2.595422,2.600815
HINCIR,3.1706707,2.7823572
AZOQOX,2.8346102,3.0153482
QAFMUG,2.8950193,2.902642
ZABFEN,3.0272667,2.3407035
RURHET,2.052827,2.0364094
UNEYAP,3.541834,2.731917
REVQEO,3.4218318,2.736826
FORPAE,3.6501353,2.942168
EJELUC,3.212032,2.4728649
OKURIV,2.2310615,2.4059246
WECNIE,2.414194,2.1600416
MALPEX,1.0212433,2.2145247
FIPHOE,2.386983,1.8606455
NIQLAD,2.9924362,2.4752505
WECJIA,4.9908404,3.1250217
FULKAA,2.8185554,3.3562205
SEVLEL,3.8324516,2.6898143
VIDYAL,2.9565172,2.105652
SELMOO,4.108375,2.7930162
DEPLUG,3.634625,2.565115
TAPNAC,3.1469967,2.2318294
VOTDAL,2.7521596,2.1917026
KAJMEO,4.2569494,2.773998
BOHREW,3.0046813,2.2987776
DAVZAC,2.8620937,2.2079618
TUVWUE,3.0846827,2.1226435
WUKLOE,2.8308005,2.2393508
TOTKUI,2.4299767,2.181746
EQOFAT,3.2890403,2.7285893
COPYUB,2.5339243,2.6236713
XOLGAJ,1.945342,2.3759215
NAGXOJ,2.9045434,2.9324605
WAWQUG,3.6030598,2.5747313
KABDEX,3.003865,2.0801225
IGUWUC,3.7293205,2.9031498
HAPKEO,3.5421062,2.5521762
KEHWAW,2.9007337,1.9659677
MOXXUU,2.5946057,2.3119936
ATAHUY,2.867808,2.3495884
NABFEC,2.327662,2.5024433
LUKQIR,3.3328507,2.341167
NOYVUU,3.13067,2.8072743
PELWOT,3.388362,2.948078
CENYAX,3.3736677,2.5705829
DATWOM,2.7834527,2.3508375
NIJCOY,2.3290226,2.2699363
GENCUX,1.7200317,2.4961872
AGICUP,3.238155,2.7801592
NAPPIE,2.611749,2.726086
QIHJOI,3.1010096,2.4702013
LIGGEN,3.7271435,2.9757264
QOXNAU,2.4751477,2.0888145
SUNVED,3.0705328,2.4011958
BEZLOJ,3.654217,2.7625113
UMUGUE,3.0490358,2.4136572
JOHLUO,2.5722923,2.5145907
FIWGAU,3.159514,2.379668
DIGSEU,2.7559693,2.0140278
MIXTIW,3.3037343,2.131976
YIKVAQ,2.999239,1.7104934
BOSQOP,2.4996378,2.3409295
MOTSAP,2.6207285,2.431679
CASTUN,3.2223723,2.5420866
VIKPOW,3.3929877,3.399333
XUZWOG,2.7837248,2.6547287
QIJNOP,1.6092814,0.68591833
MEZRIU,3.3929877,2.4439785
TEWQES,3.0169263,2.0209072
NADWOH,3.5883656,2.6400146
UYUYEU,4.0256524,2.9557116
JOPJAB,3.0906692,2.1911387
NULMUD,3.0653627,1.9138689
HIPHUJ,2.8384197,2.861314
DOMSOP,2.9720275,2.2096987
SEQVOA,3.4909487,2.1548817
NIMWAK,3.374756,2.3515694
QAHTEA,3.4729893,2.8118591
REVBAW,3.9100041,2.8847272
OMISUY,1.9739139,2.4605181
FAFBOE,2.7010021,2.2462444
XIYKIZ,3.744831,2.2460396
OVOYII,2.5565097,2.396644
FCACPD,3.2544818,2.6556668
QURNEW,1.6653368,1.5744394
XOVFIX,2.222082,2.0999084
EZEVAG,3.0272667,2.4931026
PEZWOH,3.2640057,2.423029
VIFLEC,2.2367759,1.7552576
XADTUU,3.582379,2.8510628
JARWEF,3.6599314,2.659608
ADUFIQ,1.9804447,2.229537
MOCGEQ,3.6890476,3.0687907
XICCOC,1.5681922,1.4710946
NETZOB,2.6427698,2.721133
FIKCUY,3.0895808,2.4953232
MUSPEW,2.7287579,2.2359645
HEXHUP,2.7344723,2.3891835
UBOBAO,0.09796099,0.083137035
AKOTAW,2.8495765,2.4635806
SEWHAE,2.8884885,1.9305556
NOLDIE,4.114362,3.26143
DIVWUC,3.3573408,2.2478225
IBOBIL,3.03026,2.393857
SOHTEQ,1.8435714,2.0390344
REXLOY,3.1970658,2.9318247
NONYIA,3.1611466,2.4855003
ASEGUB,2.8133852,2.4351997
QUSYOU,3.524963,2.9698822
FIRCIV,3.4705403,2.8217044
IXAFEU,4.3336854,2.503591
MALHOW,3.2172022,2.7155871
DAHNAD,3.1646843,2.2709806
EWUPIV,3.1513507,2.4559946
JUDTAF,3.5331264,2.5007195
EGOBAE,2.4193645,2.0774863
YAYDUA,2.7396424,2.399722
QIWZAX,3.5407455,3.4378068
WIWNUO,3.8316352,2.8721974
ODUDOI,2.3712,2.5115585
BAPCAW,3.5388408,2.6894436
KITQUC,3.085771,2.2162514
PAWJAZ,4.170417,2.588752
KIMPAZ,4.072184,2.7594104
SINHIG,4.225656,2.69645
GATSIG,3.2659106,2.3416207
PAYWOE,2.343989,2.1223195
WILBIE,2.5725644,1.9655292
BUNQEI,2.100175,1.7245997
CEVLEW,2.9167886,2.197598
SEJXOW,2.7260368,2.6248343
JIPGEV,2.8675358,2.4783704
VIWCAG,3.835445,3.0469348
QUFNIQ,3.843336,2.312311
CODBUU,3.6626525,3.204843
XUDNUF,2.2650757,1.8772824
KAJNEQ,2.021534,2.1896248
CUMTUB,2.4795015,2.0893354
NELQEC,1.7627536,1.8707409
UWUJIG,2.8710732,2.5621479
ZOYSUD,2.4865766,1.959956
SIZTEC,2.7635884,2.2788682
BIMSUO,3.0648184,2.5176644
NUKFOQ,3.7706819,2.8547251
NOSQAP,2.9554286,2.5021787
GATJOC,2.7673979,2.4616437
NECSIX,2.3192265,2.3317976
LEXGIF,3.2362502,2.8487453
FAYVEJ,3.568229,3.1019716
OGILUM,2.8591003,2.1341622
QADJUC,3.8468738,2.8709831
YIRXAB,2.0936441,1.9532977
JEGSOE,3.1265883,3.0718524
VUHFAH,2.8615494,2.4120781
VIDXOY,3.1752965,2.4373412
CEZCER,3.9755836,2.9067457
MARZAJ,3.4163895,2.2661371
DAFQEI,3.5287726,3.5882754
GEFWOG,3.0411446,2.0867896
OLIPIJ,4.0759935,2.5333116
LIHYOR,3.6199307,2.7466965
IPOQEL,3.0506685,2.2997315
TUMFAK,2.3769145,2.3558106
QOSREW,1.6318668,1.5745343
PAFVAU,3.578025,2.835318
TORBOT,1.6715955,2.4561548
TUSXOV,1.7842506,2.326502
JISTAH,3.5551677,3.048664
BINDIO,4.014768,2.7979226
XAWHUZ,3.3249593,1.915561
YEGMUS,2.3910644,2.1536434
HAHGUU,2.4626305,2.3004253
WILBEZ,3.9796653,2.8143392
YIGVIT,3.4591115,2.0083013
LERKAX,2.86291,2.170556
ROJNEK,2.6879408,1.8792247
LESVOV,3.5826511,2.2911725
WEMMOQ,4.246337,2.8901615
RENKON,2.8444061,2.290173
RIZKES,2.841685,2.6876442
PUWWOU,2.9788303,1.9821174
TOHGAB,1.918947,1.80388
FOCZUS,2.3641253,2.3269756
ICOXIK,3.5236025,2.7241836
NOFNOM,3.6052365,2.385985
AJOBEH,3.7557156,3.0094981
TAWJUY,3.7644231,2.4412253
KULFUS,3.314891,2.6549487
OTIYOH,0.5787862,0.9820894
ROMQOB,1.1175716,1.6376035
QALMEX,3.589182,3.4167387
UGOGAZ,2.9663131,2.0747213
DAPZIF,2.5671222,2.2058227
SOMDUW,3.161419,2.986632
KITGUS,2.7633162,1.9971929
NOFYOY,4.197356,2.5380404
KULGAZ,3.6939456,2.6597507
PASSEH,3.05856,2.8954563
PIHFUJ,2.8522975,2.6529672
WAPTOY,2.8920262,2.587901
KADQAH,4.3228006,3.1638358
BEPTEV,4.189465,2.8724942
JOHMAV,2.1320121,2.2337942
CENYEB,3.3818312,2.6329873
ATEFEL,3.343463,2.9579136
MAVJID,0.88845176,1.9064677
NOVJOZ,3.1747525,2.6620333
SALCUF,2.6267152,2.1630955
ENEGIN,3.936127,2.6443372
EWORUD,4.4365444,3.4065032
SUHYAV,4.014496,3.166861
XATQIU,2.9127069,3.3286927
MABTIU,2.9075365,2.3902926
QOVRIC,2.9644084,2.3491569
HADSIO,1.8432993,1.75007
GACLOM,3.121146,2.4295192
XENMIM,2.5478022,2.7920718
ONOXIA,3.0054977,2.465262
NIBTIB,2.4944677,2.3204582
TUMPEY,2.906176,2.2338858
MAXCIX,3.4743497,2.7443533
UWUJAY,2.3314717,2.201898
DIXZOA,2.9173326,2.2128613
KUDTIN,2.8615494,3.1037617
MEFTEX,3.6509516,3.040201
FAHQAG,3.4193828,2.617948
EQOYEO,1.3608414,1.8010705
HUMZUM,2.801412,2.2621694
TUWKIF,2.6411371,2.5601566
QELTIK,3.81422,2.4954805
LAJNEQ,2.468617,1.9168787
WOGXAR,4.224568,2.6162117
DOMDEP,3.2980201,3.1794991
KAPZIL,2.576646,2.2885864
SINTUG,4.3938227,3.0763605
ELENEO,3.2539375,2.6014566
RAYBIE,3.22591,2.8007417
BAMBUM,3.4142127,2.6726933
HIJJER,3.8514996,3.626153
MANXIL,4.117899,2.1430967
UDISOQ,3.0604646,2.5717695
WUPYOW,2.5159647,2.0415974
JIYVIY,3.3423746,2.3257945
VARPEL,2.5162368,1.8353773
RIWYIF,3.328769,2.847668
LIXKUA,4.211778,2.746264
XACXAB,2.4128337,2.7983205
SONLOY,3.018015,2.3329735
NONSIU,0.81933486,1.4562218
EGECOI,3.1464527,2.701407
UQUSIJ,2.5646732,2.365057
INOGOI,2.490386,2.1650348
REFPUQ,3.0188313,2.3103197
QUNDUY,3.1317585,2.5805025
CIRFAN,3.2917614,3.3714113
FOYPUG,2.7717519,2.286794
WOJTAR,3.857214,2.2358217
RERZEW,3.821839,3.029206
MICFOT,3.4781594,3.6969485
TEGKOG,4.007693,2.4895573
UXILET,2.8299842,2.299551
DOPGAR,3.7320416,2.3741083
TESZEZ,2.8101199,2.2131245
COLFOY,3.317068,2.0188487
YALLUT,2.4286163,2.1480315
WEPVAR,3.228631,3.2148557
XIMQAO,2.5820885,2.4099133
QOZXAE,4.1709614,2.6639643
DAPBON,3.276523,2.6375039
SIGLOM,2.0226223,1.7532502
RIFTOR,4.124158,2.168562
TOQVOK,3.333939,2.9056542
VOFRIR,3.4289067,2.9946623
IKEZAB,2.1118758,2.0159004
MAJFIP,3.837894,2.251528
HIZJOS,2.6248102,2.4072397
JOPHON,3.7078235,2.881039
WEQDUS,3.3140748,2.5317159
BEPTAS,3.1086287,2.5704787
SONWOJ,3.388906,2.6207871
MOJMIJ,2.9488978,2.354357
SEZVAW,2.6275315,2.3133082
OWEWAP,2.2784095,1.9871211
YOZMAC,3.352987,2.2024713
RATQUA,3.2474067,2.3027854
HAKQES,2.9597826,2.5006852
BUQCEW,3.1244113,3.126604
YAFNAW,2.2038503,1.9365082
OTUBOW,3.020464,2.1176877
WAWKOU,3.101554,2.6223197
PITSUG,2.468617,2.1412263
IHOYUB,1.9793563,1.8883699
NEDHIO,1.9809889,2.421512
XUYYOF,2.9630477,2.8185709
BUPTEL,2.3929694,2.8005404
LUWYEH,3.8294585,2.669341
FUNYUJ,3.0906692,2.8378425
BAXYIK,3.109173,2.3322186
YIXROO,2.9303942,2.604539
XAGYEK,3.8615677,2.801922
MORLAH,3.13067,3.089461
HECXAR,1.6517311,2.6233108
MOCFEQ,4.7135563,3.063085
AVOZOC,2.8667195,2.4193332
LUBRUV,2.0326905,2.0018055
RUKMAN,2.72005,2.3276932
NAVBIW,3.204413,2.555641
ZOTDUH,2.8171947,1.0282459
HIKJAO,3.1366565,2.3565054
RIVMOY,3.6909525,2.5612319
GAKSIX,3.0490358,2.2743714
LASCUE,3.0936625,2.2774122
OPICEW,2.8405967,2.3566341
GUNJUU,2.7695749,2.0435305
MOWSOH,3.2661827,2.805741
FITDIX,3.699388,2.5250366
ZEJBIC,2.5075293,1.7518108
HUHPUW,3.2977479,3.2258036
ADULAN,3.929052,2.8370893
IWAFOB,3.0569272,2.6164014
KIBLIS,3.1295815,2.7965102
YEHTEL,2.9361086,2.3294697
ECUROJ,2.7562413,2.359439
VACGAI,4.941588,3.349206
HODMOC,3.9641547,2.772782
EPOMUS,2.8190997,2.424928
SAGCEJ,2.7020907,2.370958
ULIVES,2.2931035,2.0006354
GIKVOM,2.9788303,2.4356244
HUXCOU,2.9127069,2.533307
ZEJJEF,3.9083714,2.498649
TEHWAG,2.9589663,2.5690086
EFAPUW,3.591903,2.8098445
EJIMEQ,3.721157,3.3465695
ZELFON,3.8302748,2.7436316
FASSIC,3.9546309,2.5621433
SIBSIF,3.2754345,2.427095
QEWZIB,4.5630774,2.2734842
KIWGEE,2.9899871,2.9664726
HAGSAK,3.9448347,2.6835165
ASAQUH,3.3777494,2.5088947
AZISIN,2.0930998,2.4833703
ACOWUM,3.7676885,3.0726256
LISCAR,4.118171,3.351093
SOVBEM,3.5072756,2.538859
PASSIL,3.0523012,2.8788424
HAZCOD,3.6191144,2.5881023
NUXDER,3.2874076,2.5117683
RAJXUX,3.2063177,2.1019216
OWEVUI,1.8884702,1.9393365
SIGHOG,5.011521,3.3365197
QEGQIC,3.4060493,2.3249688
TAPNOQ,3.2030523,2.1404777
COFPIY,3.1181529,2.385669
SUHGUY,2.8699849,2.5374093
QEWFED,1.8492858,2.1527107
NEVBUN,3.6879592,2.6373076
PIYBIL,2.4245346,2.3127093
NICXAA,4.2267447,3.1580276
OREYOA,3.5018332,2.3982472
MECDON,3.3978858,2.229872
JOQQIP,3.3981578,2.645053
XISQIZ,1.6963578,2.5831246
JAYZUH,3.3772051,2.8538656
MEFXIF,3.2147532,2.6222425
AFANEC,3.424281,2.4512525
UJOMAJ,2.8928425,2.004304
KIRYAL,4.1315045,2.8508546
HUJBAP,2.492291,2.0048864
SAFMUK,3.3614225,2.2860928
OLABAG,3.1652284,2.5672064
ISUNIU,3.0678117,2.6726608
QESPOT,2.3423562,2.162462
PEHNUN,2.3973231,2.7745857
BOSJUR,3.199787,2.6062944
GAKTEU,3.5962567,2.7072375
BANMAF,3.869187,2.500232
OZOZOT,2.9565172,2.614417
HAMZUT,4.4106936,3.3507452
HAPWOK,3.2117598,3.118091
SIMBEX,3.4827852,2.5548031
HIPROO,2.9524355,1.6213386
QAFTEY,2.7478058,2.303752
GOJQON,2.7265809,2.5476704
VAZNUG,3.403056,2.3873084
XAMNUV,4.0561295,3.1905522
RUZCEV,3.6378903,3.0119507
IDUFOE,2.8332496,2.285787
KAVFIZ,2.3883433,2.474213
RETZUM,3.5611541,3.0733533
MAGQER,1.5213886,2.1171887
FOKDIU,3.0716212,2.231359
YARMUB,2.6239939,2.6135623
CEHXAP,3.1393776,2.81457
MAQDOZ,3.6988437,2.6101298
FAMYID,2.1785436,1.7916791
DIFQER,2.5061686,2.7711616
IVAWAD,4.0433397,2.7479532
WOGSAO,1.9779956,2.1511486
CAQSAQ,2.607123,2.1801863
POYQEB,1.5502326,2.3209658
VUGDIM,3.802247,2.6225696
MUBYAL,2.9769256,2.2238092
GALLIR,3.802247,2.8909416
XUSYER,2.4890256,2.3394177
QIDWIJ,2.8577397,2.3686051
IGOVEG,3.567957,3.0918791
VEYHEN,3.1671333,2.488756
QARWIS,2.1472504,2.1782906
QIGCIU,3.876534,3.297964
KENTOO,3.2582915,3.2585082
GEKTIA,1.4321352,2.2505417
HERMEW,3.608502,2.399185
QEDGIP,3.5227861,3.055934
DOMDIT,3.1437314,3.0306265
ZIVZUB,2.1766388,2.0650163
DUPNEI,2.1622167,1.9912479
KIWFON,3.1034586,2.8191254
UVOSUU,4.068374,2.1186743
CASQES,3.169038,2.7683403
UJIDUO,2.5222235,2.2754982
FEWXEL,2.100719,2.3517697
YAPHEF,3.0884924,2.272101
FAFCIZ,2.6090276,2.3509526
BOYXOD,2.8158343,2.3173113
SACHOT,3.0860434,2.7182047
WEFZAJ,2.9029107,2.3958478
KEVHID,3.7241504,2.8334165
SEVMAI,3.510813,2.5905743
WAQMEI,3.018015,2.6482117
KUMKIM,3.9274194,3.0834043
ECUSOK,2.7156963,2.19837
SODYUG,3.16414,2.6508822
XUTSEK,2.9973342,2.4411507
ENUVEP,3.0574713,2.2611961
NAXREK,2.346438,2.4241183
WANDUM,3.0299878,2.2448018
FIRPAX,5.724459,3.262952
AKEBEX,4.256405,2.8678968
WECGET,4.3532777,3.0807853
XUQFEV,2.0375886,2.0611
EPABED,2.9788303,2.4492903
HAVPIE,2.9053597,2.9283566
BOKRUO,1.2530843,2.2404985
BOYKEH,2.8093035,2.2753139
VIKZEW,4.0093255,2.8974519
SOFNAC,3.759253,2.3677287
HALZAX,2.6876686,2.4781895
YIYDEQ,2.9309385,2.1669757
KEHNUI,4.61233,2.948337
WEYGAJ,3.5554397,2.4897847
OBASER,2.6343343,2.3655906
PETCUM,2.432698,2.4393845
OTOLAL,2.9350202,2.6711338
PRBXPD,3.7287762,2.7537751
LATNAV,0.16027507,2.0553312
TUMZIM,2.9861774,2.6788104
VOTYOU,2.2718787,1.7936695
QEKTAE,3.362239,2.7114015
RAZCOK,3.3206055,2.3202324
NOMZOG,3.1216903,2.2519562
KULGIH,3.7527223,2.9005039
BUXGUY,3.4593835,2.4833148
BEJKOQ,3.3728514,2.8346944
GELZAB,3.6474142,2.1087186
QASXIR,2.0316021,2.087226
XUNNEA,3.6202028,1.983786
FUFZEM,3.4553018,2.7138584
SOWQIF,3.4161174,2.52667
WABHAL,3.0539339,3.0873442
KIJSUS,3.0240014,2.5022976
QOSBIL,2.2068434,2.3682332
BIWTEH,3.5606098,2.58448
TEVPUG,3.7388444,2.8270624
EPUKUW,2.8716176,2.705393
POYRAY,1.6601666,2.182663
UDETOP,3.634897,2.5238605
BUQCOF,2.057181,1.0793622
TURKIA,2.3143284,2.207589
BAQSUJ,2.0495615,2.6222801
WEDFUG,3.4631932,2.6890922
EREQEY,3.529589,2.3606577
CAYBAG,2.903455,2.0434675
PERVUD,3.1992426,2.8318322
YIJBAV,2.7777383,2.374562
LOJNII,3.3957088,1.6768954
QOPWAT,4.6223984,3.1615407
QUDFEB,1.1940356,2.120612
SEWZAV,3.4259136,2.845117
FANJEM,3.429723,2.952801
FOQHID,2.9869938,2.0287929
WAHBIS,2.5401828,2.3938265
VODXOC,3.0729818,3.0967577
MIYCEF,2.4275277,2.2393122
WEZQIB,2.7815478,2.038903
MULYOH,3.496391,2.8421266
FAYYUA,3.465098,2.237672
PADQIW,2.6215448,2.4779224
RATKII,2.2827632,1.8971071
MEPDAP,2.636239,2.2518096
LATYUB,2.024255,2.3004532
RUHSIY,2.5480742,2.132318
TOQPEV,2.7801874,2.124292
USUQOP,3.0427773,2.55421
SADVUP,3.3211496,2.6574466
ZUXRIT,2.4348748,2.5164924
VORRAY,3.147813,2.6280372
FASSAU,3.9304125,2.9151819
FEYKAY,3.3399255,2.388276
RAZFUU,1.8152716,2.1322708
FIMGAM,3.7674165,2.5331655
VUDHUY,3.4324443,2.3456528
IGUCES,3.8710918,2.9616816
BAQHOR,3.2166579,2.8069134
PIZXON,4.077082,2.8968873
TISFUX,3.2329848,2.7038572
EWESII,3.0054977,2.2722158
PAQSEG,3.964971,2.807213
BAQSUI,3.8392544,2.335106
RONLOX,3.4237366,2.8076124
OWEXAQ,1.8501022,2.0609193
VANWAL,2.7442684,2.5752962
IRIYIS,3.5377524,2.6568494
FUVKOX,4.2272887,3.1732411
VOWWAH,2.8702571,2.5749998
PEYWIB,2.5921566,2.2331645
UHOGAA,3.8800716,2.529694
XIKKIO,2.681682,1.8896962
BODMUC,3.3135304,2.8737206
QUVJOI,3.1793783,2.572876
CIVDER,4.24933,3.0066767
MATMID,3.4172058,3.1841996
WAVMAI,2.365758,2.1836104
IRAXOQ,3.1788342,2.557652
YEMYUL,3.475166,2.0996535
WASVOC,3.5470042,2.2768192
WAWTUJ,3.8202064,2.551075
FUNLEF,1.7034328,1.9005117
VALJOI,4.1715055,2.987005
BUDDOU,1.4334959,1.7650033
CEWGUJ,3.8689148,2.7115438
SUJCIL,3.7475522,2.4587243
YEMYOF,3.2966595,2.6914911
ACUSAS,3.4392471,2.9470632
RILKII,4.4485173,2.726707
KAKCOQ,2.5173254,2.3004901
UXALOV,2.741003,2.075476
NUCFAU,2.3793635,2.4861372
YOZMEG,3.3567965,2.2123632
WOJSUK,3.7842875,2.312099
IJIDEM,3.2980201,2.37366
KAHLUC,1.2939014,0.8677056
LOFJIC,3.5423782,2.824993
CUKROR,2.788895,2.230876
QABSIY,3.1586976,2.559638
LUCXAJ,2.557598,2.2162037
BIKROD,4.105382,2.7817366
FEDDEA,2.2144625,2.3372986
BEJWUL,3.2844143,2.3368518
XATQUG,3.3684976,2.904253
AGELIJ,4.171233,2.371044
YILLUB,2.3954184,1.8279054
PAKLUL,3.9603453,2.927437
HEGZEA,2.7989633,2.3043504
QAQGEX,2.3360975,2.0791228
MUSWIG,2.1959589,2.2880502
WOSJOD,3.7295926,2.8676996
BERKAK,2.8721619,2.7020462
ABAZEK,3.7725866,2.49716
XOZMUU,3.8338122,2.7943227
OSEHIF,1.9782678,1.8758807
DEXDAN,2.822909,2.56068
CAMJIL,3.3184285,2.6217365
FEMSUM,2.8623657,1.8421354
IMULUZ,3.4667306,2.7263556
YOKWON,2.7053561,2.3789787
DIHQES,2.3499753,1.8713847
ZIHHED,1.6076487,2.1465037
GESFIV,3.5981617,2.806253
XUNMOI,2.922775,2.4571054
WEVPIX,3.5831954,2.7442665
XACXEF,2.3747377,2.6270149
XAYPOF,4.057762,3.1207068
LEZYUM,4.6136904,3.2025003
AJIFUU,3.295571,2.3718245
WOMREY,2.9576056,2.4578087
CEVLIA,2.8618214,2.4359338
ECUZEI,3.3323064,2.4643133
YIQSUO,3.6316316,2.6231523
YILDIH,3.0335252,2.4181895
GURMEM,2.3820848,2.1421182
QISHIK,3.1333911,2.768404
REQSOX,3.3878176,2.8967383
HIWHED,1.8574492,1.9097185
YODYAS,4.2545004,2.8211362
OHUSOA,3.2852306,2.432463
JIPCAM,3.6267335,2.1956115
YEJMUW,2.4931073,2.3903732
LIJHUH,3.1676774,2.7013707
SEHPIG,3.0689,2.3154159
ADUKER,3.5570724,2.433112
DUVSOC,2.5644011,2.8970366
DIBVOB,2.9233193,2.461726
YIBBEQ,2.0345953,1.9964089
VARSEN,3.266999,2.486805
CEBTEL,2.1257534,1.4547058
FAVXUV,3.1333911,2.8944871
KAYCET,1.7616651,1.1442941
ZOHJAJ,2.8076708,1.924129
TEJZIT,2.8114805,2.4126775
KUVSUP,2.067521,1.9300201
NAQDEP,1.0043722,1.913363
JOFTIK,1.6065602,2.0187347
ODIHAK,4.5160017,3.0244884
CEVDEO,3.0139332,2.7936714
MORKAH,2.2721508,2.1209548
VAGJOC,3.6623805,2.6859632
SUJCAD,3.3818312,2.3108063
NOKGUR,2.1374543,1.9430975
QOSHEM,4.0607553,2.6951764
WIDLAY,2.4441266,2.4110246
OGOTIP,3.3086324,2.5926194
IZACAO,2.9246798,2.2946718
DAQNEQ,3.212032,2.4944303
QEFWAZ,3.432172,2.4919996
RALVAD,3.5698617,2.7433543
FIMFIR,1.7382634,2.4356604
NOXTUR,2.5782788,2.7780654
YUMYAG,3.2822373,2.9314117
SEDCIO,2.4577324,2.1892636
QANBOX,1.6694186,2.2280633
WIDGUN,3.7921789,2.6515949
SANCUF,3.2106714,2.980764
JOWNAK,2.6710696,1.7718645
WUMJIY,3.8245604,3.1925993
EKIROG,3.064002,2.456707
PORNIU,3.0999212,2.512972
KEPPEC,3.6065972,3.7614636
XIZYAJ,2.8193717,1.9515626
QAZHIL,2.6533823,2.1868703
QEHTAB,1.76357,0.99750435
PAFZUT,3.4027839,3.1820097
MOBSON,2.2876613,2.0089471
QUTHIW,3.6052365,2.4938278
QIDSUS,2.2424903,2.2827182
GOGLOE,3.2395155,2.7447078
VUPDOZ,2.9589663,2.3976197
HOPCUM,3.063458,2.665928
ZATROD,2.7048118,2.118979
ASEBIK,3.73313,2.7893212
SASWUF,2.6057622,2.929427
VIYYOS,2.652838,2.684181
WEFFEU,2.9246798,2.5781753
VUNMIC,3.0909414,2.5302851
PUVLEX,2.7350163,2.0448675
WIYNOJ,3.1967936,2.4133306
BOSTEK,4.8879814,3.3493338
WUFCUV,2.5186858,2.2843428
ULONEQ,2.0939162,2.0164561
JARCEK,2.9616873,2.1965322
EPULIM,3.001416,2.5437407
CIJDII,2.6637225,2.5364268
QUQVED,2.944272,2.5184488
IMALUD,1.4832927,2.3855119
GIQGUK,3.388634,2.8269656
SEVKUA,3.6120393,2.830886
XUYXAQ,3.732858,2.8631108
NAKRAV,3.1385612,2.7328138
RAHXEF,2.6093,2.1948168
BILNEQ,3.6855102,2.5572073
NORJAF,3.1078124,2.5441713
PINLAB,2.3714724,2.1387637
ODOYEM,4.153002,2.7724433
JEWFEX,3.0310764,2.8742852
IBEKUV,2.5314753,2.4764605
ZEFMEF,3.2378829,2.5451934
LUNRIX,3.618026,2.7144313
ECURUP,2.514332,2.2176275
SUXDUL,2.2933757,1.818841
DENRUK,3.5578887,2.9040768
KAHXOH,2.4786851,2.142179
NIHGAO,3.2376108,2.5807629
VAJYIQ,4.0003457,2.5623312
SANCAL,3.5889096,2.5827625
WODWIW,3.1981542,2.2736464
LABHIG,2.6786888,2.724227
XOPZEI,2.456644,2.0990663
ACALOI,3.964971,2.3919544
EWUPAN,3.1325748,2.4517093
DIYPAD,3.3848243,3.2257028
YUQLIH,2.6433141,2.0103977
XUPKAV,2.6784167,2.0861673
NUBCOE,3.424553,1.9823372
DUSGUV,4.2090573,2.8895502
IJEYAZ,3.0093071,2.1446817
TEZWED,3.0988326,2.555647
BEJWIZ,2.6988254,2.2496815
FOWKEH,3.5864606,2.5196419
QOVGEN,2.779099,2.517795
EWOKOQ,2.9497142,2.4236526
AGELAA,3.434349,2.4582515
LIYWUM,3.6430604,2.5722957
OFEGAJ,1.9222124,1.7819622
SALNEY,1.2797515,2.077005
KIGSOJ,3.2082224,2.2674556
SEYJEM,3.102098,2.6421185
SEQTOY,4.1734104,3.086432
KEXMAC,2.8297122,2.737174
FOXFEF,3.3652322,2.4861324
ARAMOW,2.305893,2.3961353
EYEXOV,2.4509296,2.074051
TOPBAD,1.5532259,1.8822011
KAVBIV,3.243053,2.5718155
FANTEV,2.6433141,2.4980063
QUQXIJ,3.8588467,2.4141965
OQAGEU,2.1148689,1.7932583
KIFCOU,3.2030523,2.181643
FIQTOQ,2.2901103,2.195873
SEZVEA,2.6487563,2.3265243
MAHPIW,3.797621,2.530977
WUBNOW,2.5080736,2.1686344
LABJAA,3.293122,2.7701914
YAZJAK,3.5070035,2.2695634
OPEKAX,0.93062943,1.629175
CIGJEK,3.0335252,2.2722116
YEZPUQ,3.3736677,2.092699
XOQTEE,1.0854622,2.1758099
OYAVAM,3.7500012,3.226133
NANFIT,2.5154204,2.2647548
PARPAC,2.2969131,2.5632625
XISQEV,1.6231592,2.611977
GERHOB,3.7197964,3.0288715
QOSHUC,3.7051024,2.4838502
HANRIZ,2.3907924,1.8781972
FUMTUD,3.1891744,2.4759789
CUWBAY,2.7826364,1.9156728
COFYUR,1.9774514,1.9958017
HOQQUB,3.6651015,2.620225
XAKKOM,2.083848,2.5135984
ROGXUH,2.5208628,1.9935949
MARHEV,2.5752857,2.2871704
HEJWUO,2.6272593,2.6194146
LUBREF,1.5298241,1.9571409
LOGWEJ,3.6231961,2.250142
HATTEB,4.139396,3.3437274
ITOZIB,3.5195208,2.5177364
QEGQOI,2.944272,2.3963082
YIYFOC,3.1246834,2.4922352
GEXDEU,2.903999,2.198399
UBIHEU,2.7565134,2.4168975
IRIKAV,2.8305285,2.466019
QABCOM,3.3573408,2.6149626
XAYRIB,3.0604646,2.4157531
GOXGEH,4.127695,2.4448519
LOWVEY,4.0286455,2.6301808
VUGDAE,4.4433475,2.9698389
FOGMEV,2.0656164,1.9499625
XUVQEK,3.1826437,2.8187559
NONXUJ,3.2664547,2.4226825
JECQEO,3.3578851,2.5424159
FEQCOT,3.580202,3.1467657
CIXREH,2.219905,1.7610352
LURMIU,3.133119,1.9675553
WAVBEA,2.370656,2.7541738
RAGHEM,2.1597676,2.2392793
OCIJOA,2.9918919,2.8502018
DUGTAB,3.4240088,2.4291477
AWUKIM,3.1097171,2.428234
SOVFIT,2.200585,1.9294329
GAJMEK,1.1553955,2.1018949
JORLIN,2.8876724,2.299673
DIDMUB,3.0033207,2.4177625
EQAJEN,3.2041407,2.256677
JIFXOL,3.0365186,2.463141
REBWIF,3.9516375,2.7343683
FEZDIX,2.162489,2.435711
DIRSIG,3.0144773,2.5128255
CUJYEL,2.8253582,2.651552
LURSOI,2.738826,3.117321
QAMHAP,3.323871,2.309386
SIHWOX,3.5927193,2.5386548
LEQPUU,2.9981506,2.813666
APOFIW,2.0296974,1.9137781
ELEBEE,3.1437314,2.4857183
WAVLUB,3.4882276,2.6473937
EFIFAD,2.8291678,2.134549
EKURUZ,3.2283587,2.2431252
TEWLEP,2.9331152,2.3316486
LABMIL,1.0280461,1.4941132
FURKUY,2.28494,1.9637694
TOFYAR,3.1864533,2.6517036
APICUY,2.7546086,2.344664
NOQZEA,3.2294474,2.9697647
DEYJEX,2.392697,2.0001297
QUPHAK,3.0599203,2.5858083
MUSRIC,4.1023884,2.8640332
BIVPEE,3.7238781,2.4967346
LOXTEX,2.9532518,2.2267995
UVOSEE,4.134498,2.8472633
LUYDEO,2.5992317,2.9074497
VAPYES,1.9031644,1.998807
QIDCAI,3.8555813,2.9030874
QIDBEL,2.9886265,2.5241213
LENJIX,3.4901323,2.3980925
NANFUF,2.5649452,2.1094794
XATRIV,3.491765,3.1884193
HIZLAE,3.4207435,2.5568163
SOGFOL,2.4563718,2.5905948
QOHWUH,2.8136573,2.3895514
RELWEL,3.5045545,2.6780798
COCWOG,3.2297194,2.8197725
UFIYUG,3.1246834,2.408247
BACYIO,3.2253656,2.4325662
TUPXEJ,2.3619483,2.253197
QOMKEJ,3.3987021,2.4757986
ETUKIP,2.743724,2.3828502
LOKDIZ,2.3739214,2.6072187
DAPZAX,2.4607255,2.0652096
QOLTOD,2.7233155,2.1847603
ZUKQUT,2.4022212,2.168657
REYJEL,3.329041,2.470258
XATPAL,3.317068,2.923268
OJAHEM,3.0985606,2.4583647
XIVQID,3.1415546,2.1881557
WESZEA,2.1265697,2.885866
YOXGIC,3.314619,2.6462238
WUHFUB,2.9859054,2.0672095
UPEBOI,3.450948,2.3861485
KURSAR,3.233529,2.779792
NEPPEF,2.9083529,2.4853797
LOFTIM,3.271897,2.5121732
IRASUP,3.4193828,2.7975674
FOQQAD,2.9355643,2.5798428
YIJFAY,3.4822412,2.7437797
WOGBOK,2.9412787,2.5315704
MOHROS,2.810392,2.31831
DAJPEK,3.1312141,1.9024621
YAWXEA,4.2555885,3.0227766
MORKIP,2.201129,2.4822319
BIVBOZ,2.8098478,2.1146479
KOBTAX,3.7940836,2.6971455
YAKCAP,4.065381,3.0109026
POYRIG,1.7137731,2.0490408
ZUGKOD,1.7164942,1.899916
QIJMII,1.6715955,1.9732548
REDXUW,3.2963874,2.5924609
APUCIX,3.6988437,2.3943985
IYICID,0.9387928,1.657357
WELSIS,3.0795126,2.4066496
ZUNGUK,4.1249743,3.0313828
KUYWOS,3.0985606,3.070354
ZOMVIJ,3.778573,2.604307
ORUKOC,3.0414166,2.1231785
SEKKOK,2.9698508,2.456278
DOJLAP,2.693383,2.1110387
KEZWUI,4.1315045,2.9548063
CUFLOE,1.9992205,2.135394
COBWEW,3.897759,2.9607763
RANDAO,4.162254,2.0031762
PABQEP,2.86291,2.6543007
MINFAT,3.6648295,2.819919
KEVGOI,3.4955747,2.9721923
GOHPOI,2.076773,2.2091653
NEKZEK,2.1929655,2.0759075
LOSTUK,2.079222,1.970366
DODYUQ,2.8335216,2.689204
WECGOA,2.8411407,2.5386088
RAZKOU,1.4326795,1.8773884
OQEKAX,2.5328357,2.5769944
CIHVOF,4.615323,2.9314506
GAVMAU,3.6245565,2.9906259
WARGIF,2.7235878,2.8848274
BEZXEK,2.9214144,2.6914666
LOWVAU,3.8335402,2.5230167
XUBXUP,2.390248,1.4746101
VIQWOH,2.3616762,2.0511117
TISGAE,3.32632,2.6870902
CUGGER,4.634643,2.9022558
JOLBOD,2.7026348,2.1695755
GOXTUK,3.080601,2.4104521
HUBQUS,3.732858,2.4210668
QENLIF,3.3426466,2.2332132
WIKZEX,2.7970583,1.763326
LEKRID,3.7388444,2.908566
GUSSAP,1.6707791,1.8166076
QEJSEG,1.7951351,1.6253839
ADEBUH,2.4512017,2.702978
IXIYAQ,4.4795384,2.7622173
POWJIU,4.335318,3.2965796
DOQTEJ,3.5959847,2.5603724
IHOGES,3.104547,2.423277
KIPBAP,2.411473,2.933558
KIHQUN,2.5048082,2.1725688
TAJQIG,3.804968,2.5114374
BARCAA,4.237085,2.8847206
VOHRUI,3.627822,2.528804
UPEFUS,3.1486294,2.7076488
WULKOD,3.5187044,2.642979
LODGUG,2.8106642,2.471388
JEWFIB,2.365758,2.5997322
ROGZAQ,2.9540682,2.6272786
HERBAI,2.1799042,2.2137456
SOJZAT,2.5834491,2.3793716
PABYOG,2.9940689,2.3082895
TEPWAO,2.533652,1.6552517
TABRAP,2.416371,2.272478
ZOVWOY,3.1801946,2.1899621
ZIPDAF,3.1869977,3.0025344
MARNAU,3.565508,2.8949072
RINLAD,2.985361,2.6520822
NORHEJ,2.669165,2.3121572
WUMKAR,3.3850965,3.187043
WAHRAZ,4.0637484,2.4991612
FUMVAL,3.4471383,2.3160965
VETGOQ,2.3331044,2.4911935
FUDPAW,3.286047,2.7455494
VIFVEL,3.5524464,2.7024057
YIRSIE,3.159242,2.7980843
FIFHIM,3.085227,2.4946337
ACITUB,2.958422,2.5012834
VIYCAI,2.9429114,2.4181447
XAZGAJ,3.202236,2.4689612
HOHBAI,3.6797957,2.5460896
ACOBEA,2.2000406,1.941325
LOLJUT,2.9513469,2.487594
XIMVOF,3.006314,2.3088326
WEPRIU,3.4289067,2.0293775
OMAYEG,1.5826142,1.813778
VIDSOR,3.8079615,2.655796
PIJKOI,5.195742,3.2338943
QEFTUQ,3.969597,2.547542
KEBDAZ,2.5034475,1.8696327
OGOTUB,3.405233,2.5204775
TEGYUB,2.6008644,2.5302439
BOYKEG,3.8656495,3.389457
POTXIF,2.576374,2.409173
SIYBIO,2.346982,2.1622543
WEMLEF,3.8294585,2.569045
PIFPIF,3.0060418,2.5649648
UNAWOV,3.475166,2.6895714
SITXOK,1.7154058,1.7779747
HIXXER,2.7761056,2.53399
XUSYIV,2.6365113,2.2911775
LUPBUU,3.3323064,2.3418102
NEMLUM,2.6084836,1.9420323
AGELOP,4.1910977,2.5461807
JAVMAX,2.7948816,2.2873578
KELFAJ,2.779371,2.3001769
HUHVEM,2.8400524,2.074242
KIDSIA,3.5407455,2.301373
LUYTUW,2.4985495,2.2894676
IDOGOY,3.5761204,2.758383
EZOQUH,2.6125653,2.2443762
DAFQAE,3.515711,2.827611
XANJUT,2.9986947,2.176231
VABLUI,3.8708198,2.6019135
FERGAL,3.0601926,2.7772322
XOQROM,3.8449688,2.873435
WIKXIA,2.3578665,2.246904
ZEJKEG,3.7581646,2.9401925
HEZVAL,2.9725718,2.5270638
SODSIN,2.370656,1.9347539
BINDUA,3.1731198,2.3616433
JURGUY,2.4819505,2.4383793
XEFJAT,1.9314642,2.0836196
QAGBOP,3.1559765,2.7056456
POMZID,2.5839932,1.9160936
DUHNEB,3.594624,2.8376212
VISLOZ,3.8626564,3.0253012
MEQSAF,1.9703765,1.7443669
IRIXUC,2.9706671,2.1207004
SEKPOP,4.228105,2.8004618
AZAPUO,1.8269725,1.3676966
DIFBEB,3.4680912,2.662778
VIHVOZ,3.1845486,2.3802333
MAJBUX,2.8982847,2.0397131
EMAVUL,2.4770525,2.492103
DEPMAN,3.2016916,2.6375175
YEXCUA,3.3576128,3.0236652
HAZLAW,2.865359,2.168138
BIBTEN,2.69556,2.379657
PAJYEE,3.171215,2.1542382
COBXEX,3.7766683,3.0855532
LURZIJ,3.2112157,2.5412486
GOHVIL,3.271897,2.4892023
LICQEW,2.9864497,2.2413063
WOVBEQ,3.527412,2.2867615
MEFTUN,3.3546197,2.7557342
AMEJAD,4.2915077,2.9973223
COSJEB,1.4928167,1.5738581
QELDIU,3.4830575,2.871448
DUJFET,3.6670065,2.3368545
VAPJAZ,2.6566477,2.4524732
CAXJIU,2.612021,1.8016083
FUQNAH,2.752704,2.5437362
AZIKIF,2.874883,2.570208
ELOCEO,3.2112157,2.3809988
RAGGUB,2.36603,2.0253048
MIVJUY,4.047966,2.8094912
LIYGIK,2.946993,2.8454485
FENSAU,2.588347,2.1753254
EPATUL,2.459093,2.0627275
MOGGOE,3.59925,2.6241672
ENOHAS,3.0732539,2.3470867
JUFKUQ,2.7374654,2.8581433
LUQBUW,3.6038759,2.4312503
SEBHIR,2.0560923,2.1372666
GOMYAI,2.8672638,2.460118
HUKWUH,2.7241318,2.1274557
XUPSUW,3.3976138,2.8542862
TOTQEA,2.555149,2.1539013
VUFZED,3.429451,2.965301
XUWGOL,1.7148615,1.9796336
XENMUY,2.4188201,2.552481
AVAMOA,3.4406078,2.4906175
DOMSUV,2.9431834,2.2820227
XIKMIQ,4.2871537,2.8008099
SIXFIO,4.256677,2.5399687
HOYGAD,2.305893,2.4019063
HIJVII,2.9086251,2.749669
LAXHUQ,1.7932303,1.7124292
XUSXEO,3.5815628,2.5527558
FTHBPD,3.2207396,1.9155972
SABQAO,3.2569308,2.714053
JAJBIG,2.8109362,2.4476125
VIHKEE,2.3374581,3.0185385
XIXDOY,3.2226446,2.2358508
ZIJMOX,4.0602107,2.7606304
YAXJUC,2.5622241,1.949784
NEKHIV,2.3614042,2.243704
USUQIJ,3.2193792,2.5957396
EYEDES,2.2340548,2.028874
NAWWEQ,2.497461,1.9849466
DIGLUD,3.5494533,3.1026592
ZELKAE,3.0596483,2.6435008
OWEWUJ,2.6729746,2.3358426
UGAFUF,3.324415,2.4935555
NEHJAL,2.191605,2.2930663
SOTZEH,2.858012,1.6936331
MUSVOL,1.9532334,2.3132205
BIYCIX,3.2272704,2.3349812
KASNEY,2.9426394,2.119966
IKOCIU,1.1880491,1.9026278
CMEPDA,3.2033243,3.0078895
MIFJAM,3.3230546,2.7792752
KAVFAR,2.6999137,2.5818143
FUFBUD,2.8215487,2.8326283
OQIKAB,2.6971927,2.4647737
ITOZOH,4.1848392,2.9130561
OJIKOI,3.0267224,2.3985589
EZEQUV,4.0308228,2.6547809
QIHLEA,2.6016808,2.5139327
ZOSBAK,3.855037,2.531078
ZIJLOW,3.3374765,3.1215255
TAJTEF,3.0672674,2.5929003
EKUTIP,3.6857822,3.0065718
YEKHEC,3.2172022,2.2781005
OZOZIN,3.7347627,2.5524325
CPHCOP,3.6890476,2.840893
DUHFUI,1.703977,2.3071623
FIGNOZ,4.4297414,2.8783207
MISJEE,2.5728366,1.8399042
EWAGAM,1.9086066,1.7782341
WUDNEQ,2.5080736,2.4031682
NOYWAB,3.4947584,2.7119277
RIFWOV,2.8814137,2.259085
DAPYUQ,2.3257573,2.1560147
LEHLAO,2.6805937,1.8599517
UCUMOW,3.0169263,2.2210262
RIJDAR,2.7701192,2.424169
NOCCEP,1.1145784,1.8765665
ROLWAR,3.0367906,2.5962455
YOPZOS,3.317068,2.5362072
GERRIF,2.2857563,2.3659508
XOZQUY,3.8672822,2.3194985
TAFPIA,3.7663279,2.608603
EGUDAM,3.0797846,2.671477
OKENAU,4.5301514,3.2072418
HOQQOV,3.5859165,2.8861182
PIMTOW,2.4656236,1.9099503
QIBCAH,2.0762289,1.6789368
GOJPOM,3.1050913,2.3471448
OJOLEF,2.8933866,2.6065655
PEKMAV,2.6642668,1.8710704
USEJOS,3.5176158,3.0710049
OGOLOM,2.9679458,3.1762083
RUZBUK,3.5812905,3.1236649
RERFUR,3.1752965,2.3652062
QAZXUM,1.1265514,2.261647
MARMUN,3.5758483,2.8400722
XUNLOI,3.2623732,2.098761
SOJNOV,3.324415,2.6248055
LOQGUT,3.6871428,2.836193
NIMYEO,2.9589663,2.4445045
YAFZAH,3.8340843,2.6037621
NEWXOE,3.5431945,2.5568085
OLUKUC,2.6705256,2.2491713
TIMMOR,3.62755,2.9155104
DULZOA,3.4670026,2.8096266
TUHJOV,2.977198,2.2418988
QUYHOJ,2.5023592,2.8362355
XIGDAV,2.172557,2.0917647
FILHUE,3.204685,3.3424604
VIBDOA,2.8920262,2.6334372
PIKCET,2.9951572,2.220722
LUTJIT,3.4993842,2.6538358
KUHKUV,3.1788342,2.4147332
GOJQAZ,3.0939345,2.2422276
HANQUK,2.2590892,2.2289367
REBWUR,3.8144922,2.8186595
KEFCOP,2.3507917,2.495
CIBKIJ,3.1633236,2.2009323
VUFZON,4.1304164,3.6132512
EGOGUE,2.9091692,2.7626584
ZOSRAD,1.8726876,1.8326669
CATBEG,1.8117341,2.4705105
HEDGEF,2.36603,1.6998448
KUDJEZ,3.735035,2.9689758
MAMDIP,2.5624962,2.293861
BAQSAO,2.9159722,2.37221
BEPGUB,2.956245,2.734468
ROLROB,2.411745,2.4845276
XUZWIZ,2.7782826,1.9272205
OGAYUQ,3.427002,3.0162647
YUHREY,3.5497253,2.602962
NOJBOE,4.0517755,3.1223288
NAYNOS,2.8430457,3.0273616
RIFWEL,2.9459047,2.1193614
NESJEB,2.0207176,2.0608997
CAWLER,3.824016,3.0704777
YOYBIY,2.6397765,1.8158497
SOQFOU,3.1298537,2.6454413
MELJUJ,2.8454947,2.2985172
EJOXUX,2.8278072,2.271565
WOQBOU,3.9032013,3.0367126
BORFOF,2.4631746,2.429364
XODKUX,3.2267263,2.7463076
VUJPIB,3.429179,2.7843034
ECOKIT,3.5905423,2.5829964
GURMAI,2.3311994,2.1604993
KUDTUZ,3.2117598,3.295133
JERDIU,2.3546011,2.185958
CIBKOP,2.5799115,2.190603
HENWEC,1.2321316,2.0573087
KOJZEQ,3.0868597,2.6128335
CAGQEH,2.6830428,2.1076193
DANLOV,2.635967,2.3484395
SIGLAY,2.1135085,1.7495881
RIYGUB,3.424553,2.4305248
GIYSEO,3.4199271,2.094317
PANGUI,2.5682106,2.3478107
IKONEB,3.3059113,2.38754
NIGYOU,3.161963,2.5804477
TEYHAH,2.8444061,2.0359383
IBIPOY,3.0465868,2.3008893
PIFZAF,1.1581166,2.1149352
NODCEQ,3.4430566,2.2898462
OHUTOB,3.300469,2.2190366
FEWZAL,3.7225177,2.567511
VARYAO,3.7891855,2.6217809
ONEQII,2.384806,1.9597794
BAQZIF,2.124393,2.0099626
SINHUS,2.289566,2.1930184
VISQOD,2.6852195,2.3196568
VORSAW,2.7948816,1.0372257
RUZGAW,3.5094526,2.8844888
FIRLIC,3.0525732,2.7076101
YUHNUK,3.2199233,2.788721
QIGZIR,2.7056282,2.3707952
CEPPAR,1.9529612,2.0988092
JUJPIN,3.3358438,2.43602
JESRAB,3.9524539,2.2215042
POCJEW,1.8667011,2.012097
TIHFEX,2.4109287,2.096814
WOPLUK,2.9382856,2.8360858
LIDMIV,2.536101,1.8488126
RIVVIC,2.7439961,2.0868378
COJBAF,1.2590709,2.028228
ZEJQEM,2.7733846,2.3179352
SIJQIN,2.4060307,2.5070064
FENLAL,3.599522,2.4928942
LICYIF,3.068628,2.1890993
VIPRAQ,2.6912062,1.8112677
NITNIO,3.9377596,2.6453748
KIWYIB,3.1551602,2.230651
QUNXUT,2.8454947,2.406439
SIBRIG,3.9293242,2.7047472
CAQQIV,3.1219623,2.4543295
LETGIC,3.754355,2.5232353
DESJIX,2.9407346,1.9947959
NEGDUZ,2.9219587,2.6102529
LUTCEK,3.4397914,2.7970893
XIKGOO,2.6582804,2.4801178
YUYBID,4.024292,2.8990555
OLOPOV,2.5205908,2.1864028
LEQTAD,2.8468552,2.592165
TURSUU,3.3214219,2.9396136
FONREF,1.0914487,2.332187
WAJNOM,2.8544743,2.9852402
XIZJEX,2.2122858,2.142886
ZOMVOP,3.7195244,2.5786254
QENMAY,3.7978933,2.3517473
SIXBOQ,3.2400599,2.5414624
BOSJIF,3.513262,2.9684324
XONWAA,3.6642852,2.472648
YELXIW,3.3875456,2.7450538
UJEWIQ,2.6618178,2.3542256
HIHSAU,1.7665632,1.653091
LITYOE,3.0675395,2.3208632
COYDIE,3.3891783,2.8115723
FOZQES,2.201129,1.8214548
IQAZIJ,3.2893124,2.8340244
RODNED,2.4346027,2.1851137
DIFYIA,2.301539,2.0890603
MUVCOW,3.6310873,2.299002
IKENOC,3.2509444,2.3728132
IKIYEH,3.5793858,2.4758797
XOCDEZ,2.3837175,0.75439143
MAKJEQ,2.7344723,2.6248798
XEFTEI,3.2961152,2.6567595
QAYSIV,3.0645463,2.666778
CAWNIY,3.3524427,2.6088085
ONEQUU,2.4833112,2.3451164
ZAQQAM,1.9959552,2.22437
XALHIB,2.1763666,2.1424832
BOYKUW,3.7320416,3.374814
WUMZUZ,3.1445477,1.7850688
SEJXIQ,3.4732614,2.8443737
QUDDUP,2.217728,2.5337155
REFVUV,2.6087556,2.4467676
AHAWIP,2.6460352,2.4098396
MASNEB,2.2593615,2.4779873
YEJBOE,3.721157,3.1024866
SEJTIM,3.3510823,2.7587745
BOMQIG,3.7725866,2.5268312
YAMQOU,0.96627635,1.76418
UBEJEQ,3.1763852,2.2994459
YEKSOZ,2.855835,2.5306072
XEJNEG,2.6395044,2.1790688
QUKQOE,3.5140784,2.6352937
AJIHEH,3.2101274,2.9555235
IZIPAJ,3.9276915,2.7487772
GOJZIO,3.1059077,2.480886
KOMWAK,2.5725644,2.7435749
NIQKOO,2.898829,2.2144916
CUDBUA,1.6876502,1.8701621
GAZZAI,3.5769367,2.789488
JISRIP,2.6495726,1.9967868
VAJYEM,4.408517,3.1124465
YAHNON,3.4931257,2.8431199
YIFRAJ,2.6468515,2.6152542
FELPAP,3.2152975,2.73923
VUBJOT,4.04851,3.3192184
CAVBEH,3.3361158,2.5590198
EFODEI,2.7167847,2.1553144
XADMOH,3.2128484,2.5542464
HOSPEK,2.4509296,2.298783
GUGPON,2.9731162,2.5648463
VIQWIB,1.8767693,2.0638728
HIHGEL,3.4808805,2.8654108
FUNPIO,2.189428,1.8953536
LOQXIA,3.6699996,2.9190955
ITOPEO,3.7981653,2.3919175
LUMSIW,4.0041556,2.9800637
QIVNUH,3.149718,2.602775
KARWAD,3.7793894,3.0897481
FERQOJ,3.5461879,2.4543366
NEPDOB,3.3728514,2.285699
UJUDAF,2.6917503,2.0846052
PORNEQ,3.4920373,2.5240347
NEKXEJ,3.4465942,2.9484515
IJIMIX,3.4882276,2.4679794
BOYLEH,3.8920445,3.4220898
CAWNOE,3.3801985,2.6175146
NUXLOJ,3.4825132,3.735104
MIQVIU,2.2969131,2.0684228
GATJES,2.597871,2.3370285
UHECIU,2.946721,2.099622
AQEVUN,3.6003385,2.5084527
TEXSOG,4.6136904,3.4426298
TIJCAT,4.0542245,2.6502478
NIJSIL,3.199787,2.9084938
COQNUT,3.8966706,2.4196105
FOXGII,3.1157038,2.5776718
FUMXER,3.5524464,2.510822
IFEXOI,2.631341,2.4655652
VICDAO,2.912979,2.5603263
WECJAS,4.5878396,2.632351
KADKIK,2.9698508,2.8492723
KEQWOS,3.6343527,2.928777
WOYFOF,3.640067,2.097037
BUFVOP,2.270518,2.1853323
DEMGAG,3.4003348,2.4571106
AGEBOE,3.8961263,2.869734
WAQLOR,2.557326,2.6597667
PEYWOH,2.6291642,2.1583886
KESVUC,3.1981542,2.4912395
YIYNEA,3.1897187,2.4017975
XUSGEY,4.012319,3.2244697
KIPMOO,3.5113573,2.9480364
BUXHEJ,3.773131,2.4598925
MOYDOV,3.5450995,2.8166502
NOKGUP,1.3719981,2.3241582
LEMQIE,3.0561109,2.5279927
NINWOW,0.305856,2.167339
LAJTEW,3.0035927,2.211021
EHAFAW,4.216676,3.0998871
DANLUB,3.164412,2.5915742
TUPXIN,3.5431945,1.9229405
WEQFOO,4.0226593,3.0303724
UTEQAN,2.2958248,2.1347759
ADUHAL,3.3559802,2.9066718
UKANEB,3.3687696,2.436932
BAZLAS,3.1633236,2.2038147
TECLUK,3.0117562,2.4484956
QEGXAD,2.8237255,2.4057124
YELMOS,3.2778835,2.6302335
IKOCUH,2.861005,2.347551
MOHRIM,2.798419,2.2969296
WAJGEV,3.597073,2.1483917
LEVGUO,5.4760194,3.6911974
CLBUPD,3.625373,2.815964
KASNAU,3.1918957,2.5847197
DONYIR,2.6419535,1.9310486
QELQED,4.0349045,2.7896237
QIWWID,3.8849697,2.7247336
NAVBAO,2.3883433,2.5616057
OZOKIY,3.6934013,2.6649487
VALKEZ,3.46537,2.7779589
XEPFED,2.6781447,2.7877853
XARQIR,3.0580156,1.9371245
VILFUS,3.4425125,2.5989833
JORHON,2.5371897,2.1394556
FARCOS,2.8835907,2.3209176
TAHSAX,4.3940945,3.0777833
EPOLOL,2.2517421,1.9469692
COFPET,3.2890403,2.280978
MICJAM,2.062623,1.9889698
EBEWUD,2.0612626,2.1071248
CAXZUX,2.8487601,2.066432
PIBMUL,3.4634652,2.7851095
LIWPOW,2.4416776,1.8667868
QACFAD,2.8993733,2.940163
TEYXUQ,3.185637,2.6078732
OXETUI,2.8487601,2.1817763
MOQMOW,3.4253693,2.2272797
EDEZOC,3.6215634,2.3032272
PATSIN,2.076501,2.1353908
HUFRUX,3.1010096,2.246274
EGAKAB,3.4299953,2.654539
PAGYIH,3.1970658,2.3575969
RECKUG,3.6025155,3.1037602
JONCEU,2.9663131,2.6894815
ADEBAN,3.3385649,2.6391447
UMAXAJ,2.8005958,2.2651372
IMIZEL,1.658534,2.2540178
QOMKAF,3.2338011,2.6171327
WEZDIO,2.9652247,2.2002056
QOSHAI,4.117627,2.5547638
DUQVOC,3.962794,2.5711555
DAHXOB,2.987266,2.607233
WECHAQ,3.9108205,2.8280835
XACRAW,2.7086215,2.4217885
YIYKAT,2.2163675,2.011629
HIHSOH,2.94917,2.5506032
EHANEH,2.7706633,2.9259791
KUDBES,3.0150216,2.3724046
RUNDOT,2.8520255,2.0537748
UBAYOL,2.167659,2.1274364
ZAXFAH,3.1535275,2.6109552
GAFRIO,3.066451,2.3635912
LUMSAO,3.0435936,2.6378148
NATXEM,4.782401,3.1842763
IJIMET,2.9703948,2.0484338
HUVFUA,3.185909,2.6021056
ZEZTAZ,3.5576167,2.6138415
XIZSAA,3.2776115,2.7294
TERREN,2.1956868,2.3808856
ZALNEI,3.0074024,2.4147015
ZINJIR,3.1750245,2.514666
CIVPUU,1.4117267,1.3393824
FUMXIV,3.7649674,2.777727
PERWIU,2.442494,2.328835
JEFJIO,3.4667306,2.7708766
POKSIS,2.6895735,2.294869
WEXGAJ,3.4261856,2.1556673
KOWHEJ,3.6221075,2.4237657
IRISUZ,3.8653774,2.7810776
NASLEB,3.6550333,2.5205503
OZUJAV,2.884679,2.7955332
IMUMAG,3.553807,2.6747923
HIHSIB,2.941551,2.724308
RALDAK,3.9094598,3.1601014
NOZHUH,3.0093071,2.4158247
OHAKUD,2.4076633,2.21441
KEHMEQ,3.2136648,3.019741
YUJBOV,2.475692,1.832822
WUSDOE,2.3124237,2.3841178
VIFJOL,2.7978747,2.2555609
KAJXOL,3.2169302,2.8863523
CAGNUU,2.999511,2.374622
YAMFIC,3.293394,2.0870686
XOTVOR,2.2087483,2.3991163
GUSRUI,1.909423,1.6916033
PIXROE,3.0748866,2.1866527
ATATUL,2.1145968,2.0106933
FOLLUN,3.5211535,2.5851588
PICTAY,2.6441305,1.8981729
KIKMID,4.755734,3.2048557
IMEQIA,4.1146336,3.1288111
OSUVAB,4.1287837,2.7273562
OLOHIH,2.495284,2.4026244
KEVTOX,3.6117673,2.4278364
HAKQOC,4.679542,3.1543622
FIQMAW,3.3037343,2.4562078
LEQSOQ,2.9605987,2.7684495
WEXPEV,2.8444061,2.6458225
POBNOK,3.5886376,2.6771598
HAZHOH,2.7924325,2.3740664
UWOXOV,4.000618,2.8654437
CETXOP,4.155723,2.951023
REVWAR,3.8014307,2.550078
BOHWUT,2.7924325,2.0695872
KEHWEA,2.944816,2.0887835
ZIVKUN,2.1015353,2.3213823
HIPSAB,3.4136684,1.9901357
SIFBUG,2.9064481,2.4356089
GARRAU,2.5630405,2.091333
LASPAX,2.3257573,2.2959967
LEQSEG,3.1064517,2.603897
OQACOZ,2.6101162,2.32271
ZEJPUB,2.6512053,2.4556465
FUBVUU,3.3973415,2.2657304
RALTAZ,4.265113,3.1567593
ABIDIB,3.2327127,3.0635207
EQEMOD,3.4142127,2.395932
OWEJEH,1.653908,1.9783535
YOLMOC,2.5162368,2.7277029
BEKBAX,2.2558239,2.0205734
BEVMAS,3.0226407,2.7551777
VAGNOH,3.101826,2.594067
BIQYEI,3.9279635,2.59034
SUXQUZ,3.142371,2.7291758
XAJBUF,3.4014232,2.1225097
MOYWIG,2.3186822,1.9713352
OPALOI,1.6832963,2.4974368
XACCUB,3.133119,2.642149
KUXYUX,4.404163,2.3969414
WOYYIU,4.016401,2.283363
BUCQUM,3.9856517,2.518931
YEKSEP,2.8808694,2.515787
NUXMEA,3.3878176,3.18743
NEZRAM,2.8974683,2.329599
CNSBZP,1.397849,2.5420718
RIWZUU,3.2196512,2.2989502
ZOHJIR,3.8340843,2.7419662
AHAWOV,2.5385501,2.432154
YEZPIE,2.8623657,2.1871424
QAKTAX,3.061553,2.1090846
JICBEF,2.4291604,2.018435
EDIGUV,3.4180222,2.1795506
SODYOA,2.9235914,2.425552
LUMRAN,4.0041556,2.9900494
ZILNOZ,2.8193717,2.3613143
EWUNOZ,3.2517607,2.4306717
DIFTES,3.8863301,2.8441014
DANMAI,2.387527,2.216919
ZUCYOL,2.9483538,2.635226
FAFBUK,2.5298426,2.2830307
MEMHUH,4.404435,3.1194074
WOCYOE,3.8846974,3.1322498
JAXCUJ,3.8038797,2.65452
GIQHAR,3.281149,2.6725643
LAMVIE,4.5987244,3.1759949
EKIYAZ,3.5331264,2.676969
UVOLUO,2.7807317,2.1417863
FANQIV,4.2060637,2.6797574
ESUPIR,3.1913514,2.7673655
NIWVIY,3.06373,2.530671
OJEWEF,2.5529723,2.5786378
VUHCAD,4.229466,2.9625828
YANCIB,1.6383976,2.2087
YIQXUR,3.1252277,2.3637054
ZEWBIO,2.8471274,1.9209936
QEGXEF,2.9516191,2.5140297
OBOCUF,2.487937,1.7843608
FICQUF,2.9867218,2.590085
TAJYOU,3.1075404,2.7202406
YEZTEC,4.6991343,3.1814518
BOCPAL,3.4319,2.6645412
SOVFOZ,2.5635848,1.8151046
SOLXUO,2.9105299,2.4822545
GANGAE,3.209855,2.6723099
EWANIB,2.5948777,2.1807072
MAWRIM,2.7439961,2.1622498
BOCPUF,3.188086,2.465131
OWEVES,2.1099708,1.9911754
NOFSOQ,2.7331116,2.30556
KAFDON,2.987538,2.0495124
NETYOB,3.8936772,3.2441158
EDUJEU,4.6768208,3.1599145
AJOYAB,3.0406003,2.1961567
FISTUY,3.348089,2.3887794
BODTEU,2.8354263,2.4650156
SUQXOR,3.7393887,3.1572175
BOFDEI,3.1461804,2.521289
WAKGAT,3.0357022,2.614352
DUQVIW,3.3538034,2.596881
XIWCEM,3.3429189,2.381588
WOYFIZ,2.9820957,2.034226
COTMAZ,4.1954517,2.9946575
FIZJEE,2.975293,2.692786
NASHAT,3.5603378,2.7721937
ODISIG,3.7845595,3.138415
AWIHIZ,2.9859054,2.4877968
YAVCEE,3.393532,2.9119942
VAPSEM,3.4286346,2.5645244
RIWYOL,3.5987058,2.7848806
YEZSOL,2.0237107,2.0332065
MUZRAA,4.139668,3.0132322
BIDGOM,1.931192,2.544839
KESNUU,1.6305063,2.495963
WECHUK,4.990568,2.6040044
IJOHOF,2.549979,2.4728637
MIGFAK,4.381305,2.9590933
XANHUR,3.0025043,2.1752682
WEXDIO,2.7537923,2.2254853
GIXTUE,2.346438,2.1083229
CEPRAR,3.388634,2.4946625
HOLTAD,1.5545865,1.5220244
CERZUW,2.9105299,2.6376984
OVURAA,3.121418,2.364425
BIKRAP,4.019666,2.6893015
PIJMUR,1.694453,2.1278198
IFIGAI,2.7399144,2.4088974
BENVOH,3.6879592,2.5168023
FUGWIP,2.3480706,2.3982682
YATZIE,2.7899835,2.319047
CUDHOZ,2.7178733,2.1361036
ATODIY,2.2174559,2.0566373
ESOTEM,1.6767656,1.0471644
EHORUP,3.6044202,2.8848057
KIWFAY,4.1135454,3.0073152
PIKJAW,2.3173215,2.2809958
NUCDIA,3.575304,2.9001276
IFIJAK,2.5216792,2.1339316
JUPNIT,3.1733918,2.6595798
MEGGUB,2.9978783,2.3262477
GAJREP,3.656394,2.8669639
OKEMOH,3.0574713,2.7118568
NOLGUR,3.3118978,2.4373484
YAZKIU,2.698281,2.0948381
RUHBEC,3.4014232,2.3536248
ZATMEM,3.3663206,3.284103
XIXZUA,3.2204676,2.7047544
ACUCAD,2.0473847,2.0909307
HOYHEI,3.969597,2.7712202
QOVPOG,1.7358143,1.686749
RAPQEG,3.0125725,2.7612565
BOFHUB,2.2193606,2.2966914
OHALEO,2.6343343,2.3113277
OKEMUN,3.8125873,2.7809308
YOSJUM,3.4068656,2.333034
WEYGAK,1.4988031,2.0111136
NOWWIH,1.6030228,2.996651
PIJNAY,2.0258877,2.402921
MILWOT,3.3010132,2.4008012
DAGFEW,3.5004728,2.9081163
JEFJOU,4.271099,3.268579
DEVNOI,3.7799337,3.4364405
FANREU,2.7970583,2.498972
ZEVMOF,3.176113,2.2503307
DUYBOO,3.505915,2.922162
BOGZUT,2.234599,1.5984297
KEHKAK,3.9108205,2.7114592
CONFIX,1.2500911,2.2106388
UWOYAI,4.0033393,2.863272
CUQVUG,3.8879628,2.3898835
CADGIA,3.283598,2.335477
MITFUR,2.6427698,2.570745
YOSWOU,2.822365,2.2828798
YEGCIX,3.2748904,1.7637019
GOCVAX,2.977742,2.5579867
EWAVAZ,4.248786,2.7791934
CISYUZ,3.7010207,2.7935965
LIYZIF,3.3429189,2.3845942
YOMNUK,3.2735298,2.549169
LOSTIY,3.4384308,2.5435002
IGAWOD,2.9244077,2.3636222
TUVXAJ,3.6471422,2.5952463
WOCYIY,3.8909562,3.1601093
XAQFAW,3.0792406,2.238253
EFIHUW,2.860461,3.0189524
KEFXEB,4.073272,2.5782905
LUMRUH,2.9407346,2.714425
WUKGOA,3.352987,2.5902398
TARSUB,4.176676,2.8337784
IWOJEK,2.712159,1.9628971
KAWGOF,3.520337,2.5711844
NISLIM,3.2950268,2.6950815
NIGVOO,3.267271,2.5156975
MOYQIC,3.0958395,2.590568
BAPDAY,3.0740702,2.5826197
WOTZUC,3.0476754,2.2801566
ETESUR,3.5674129,2.8087637
ADEQAC,3.5015612,2.7618997
OREDEV,2.7208664,2.3792865
QACFIL,3.2035966,3.0994046
DUFZEL,2.9127069,2.3588617
LONFOM,2.6585524,2.4131532
LAYWOY,3.1967936,1.6252117
VISXAY,3.5717666,2.8605137
DPMCPD,3.1606026,2.6536608
YILDED,3.03026,2.4010408
KICTAT,3.190263,2.4769135
PERWUG,2.4008605,2.1200047
BOMWAC,3.6534007,2.9544923
YABMEV,2.8122969,2.3649554
CEJYAT,2.757874,2.0522509
AYARIB,3.2373385,2.5827436
UHOGEE,3.5878212,2.8843663
XAHTEF,3.6055086,3.0190732
UFIBOD,3.7725866,2.7081535
QIWCOP,3.434077,2.2442248
MEQROS,3.5314937,2.729148
AGEKON,2.917605,1.9421756
CAQTIY,0.20952767,1.9972436
SOTWOO,2.9170606,2.6184103
BUJFIW,3.5954404,2.2759407
TUYPIM,3.1102614,2.4400449
UKULAN,3.3235986,3.3300965
OHONEF,3.9584403,2.8572297
SUVSEI,3.3676813,2.7459583
NIQKUW,2.968218,2.08952
ONOWEV,3.2006032,2.3694525
XUNMIC,3.9891891,2.4823494
VOZSAE,2.8588283,2.0543213
XAVXUP,2.4871206,2.003738
VAJHEU,2.557326,1.8486794
YIWPAX,3.04958,2.2804673
DEQJOB,2.839236,2.213796
YIDDUL,3.1099894,2.645903
VUXDOH,2.1752782,2.0005212
LADZIA,2.5252166,2.0805244
CIKBUW,3.9412973,2.977196
IWEMEE,4.717094,2.9712427
LUXFER,3.6977553,2.5638509
SEWTEU,1.4873744,1.7264693
EBUJOD,2.5918846,0.6750369
FOGCIN,5.5620074,3.4568367
YEBPAY,3.635169,2.7082224
IYEVUE,2.8705292,2.888856
LEMQOK,2.887128,2.4970436
KEGYOM,3.7652395,2.607967
MEDVIA,3.477071,3.1062446
MEZQUF,3.1312141,2.538824
COBWOG,3.838438,3.0967348
SEKCUI,3.4060493,2.6253695
MEGHOY,1.1744435,1.8634129
NOYCAH,1.8936404,1.8853296
ZUZKIQ,2.9499865,2.3004231
KIJJET,2.2713344,2.2444263
YAKXIU,3.0874038,2.794178
ITIDUL,3.0027764,2.2939544
ITOCUQ,2.2343268,2.5493164
DIBKEF,3.1366565,2.172704
IDAMEF,2.710254,2.6185083
AMALOR,3.2294474,2.4580965
YAKYUE,3.620747,2.6980076
KAMBIM,3.242509,2.7042427
RAMRED,3.5402014,2.1870656
IMAKOX,4.3581758,2.8735104
MILMAW,2.4778688,2.2595725
ZEMTUJ,3.0629137,2.3528214
NATBOZ,3.1352959,2.803941
DEGQOX,1.9584035,1.8929236
HOXKAG,2.3981395,2.6131535
XAYGEM,2.7693028,2.4124928
XOTHOF,3.1312141,2.3706977
PAXGEB,1.8751366,1.6275587
LIQVUD,3.7943556,2.6097007
CUNMON,2.000037,1.8172057
KIHNAQ,4.2335477,2.5606225
UNOPUK,2.7965143,2.54218
DODQAQ,2.8337939,2.000604
BOBLEM,3.1603303,2.7524238
GAKSOD,3.556528,2.5150537
BODWIA,4.1404843,2.8811984
IVUFAG,2.2446673,1.8745886
OFEROI,3.998169,2.9609253
NOVJUF,2.7426357,2.6371863
WIVKEU,3.5116293,2.7629848
PIFCEN,2.5586867,2.1136806
MELRIH,3.2612846,2.4332378
XAGYOU,3.6408834,2.7253816
HICPUE,3.1440036,2.4185014
MAQDIT,3.7793894,2.686614
FIJDOT,3.149718,2.5914388
YATPOB,2.2419462,2.0780807
CUQBOH,3.2166579,2.4474277
CEPXOM,2.4291604,2.0137453
LITYEU,3.0199196,2.3596883
LUJCEY,3.1611466,2.598177
CAXKOE,3.3894503,2.3758967
HOYLUC,3.1254997,2.4463701
KITZES,2.287117,1.9815342
RATQIO,3.3255036,2.5018914
MEFXOL,2.5469859,2.2040648
KEVHOJ,3.7442868,2.7852278
IVISEN,2.2754161,2.262643
EJUWIQ,3.8531322,3.1487527
RAMKEY,2.8971963,2.4693453
OCEPEU,3.4612882,2.7445867
TUHJIP,3.068628,2.1508288
HEPNUM,2.1573186,2.4842558
VIMFOO,2.6389601,2.1518147
VEYTUP,3.4370701,2.9235425
JOPKAC,3.2555702,2.4221008
FUBVII,2.473243,2.4890428
APUCET,3.7442868,2.5056155
DAXZEI,2.9557009,2.3317227
KEHMUG,3.474894,2.7949195
TEXSEW,4.2798066,3.0523703
XAQDUO,3.1344795,2.3324568
NABDOK,2.2928314,2.3508048
MUKBID,2.5181417,2.442177
DAGNOP,2.444671,2.337513
NIJSOR,2.4996378,3.2000844
QODZIS,2.9407346,2.178606
QAHBUX,2.7622278,2.6301863
PEFQAS,2.8784204,2.5109956
BEPGOV,3.4403355,2.7083168
XAGGAP,3.2471347,2.2992
OXAGEA,2.495284,2.1730566
ZIHGEE,3.0362465,2.0213566
KUFJEB,3.42673,2.3972793
YARLUA,2.917605,2.9914443
QEHYAD,1.1094083,2.1470056
ROSQIB,2.1799042,2.181656
TIRCEF,2.2928314,2.124494
GICTIX,3.4816968,2.493316
TEXCAA,2.7230434,2.2966363
VEVCOQ,4.675188,3.5315042
BUPMOQ,2.0326905,2.1860197
VETTOG,1.9545939,1.8779935
HOKSIL,2.243579,1.9767079
NIJHEW,2.1453457,2.2198575
KEMMIZ,3.797077,3.2555804
HEGZOI,2.607395,2.8472164
OFATUK,3.2188349,2.9195797
XIQYAA,3.2789721,2.6995695
FESBEL,2.7322953,2.1052597
TITFIN,2.9214144,2.339372
MUNPEQ,3.1010096,2.5572138
WAJFOC,2.9263124,2.4214659
JEFJUA,2.7110703,3.1460655
CEZVAF,4.167696,2.5821977
HULBOF,3.3763888,3.1956096
XAYHIR,3.4041445,2.9252803
GULPEJ,0.95539176,1.7226201
FAJGED,3.3442793,2.7604654
CABLAU,1.9769073,1.9074807
SUXBAO,2.234599,2.1873333
BIFZEX,3.5663242,3.178534
PIJQII,2.2196329,2.0865371
WACMUJ,1.3105004,2.0745244
RERFIF,3.8479621,2.8015091
VOVDIV,3.1140711,2.8055103
ULONAM,3.2014196,1.9307901
CABMOJ,1.38125,1.9088876
NAKZUX,3.1298537,3.5519896
FELQIY,3.5072756,2.4708116
EPAVIB,2.865631,2.468926
KEHHOU,3.107268,2.9372308
DUZWUQ,2.944272,2.4433153
BIKRUJ,3.6261892,2.8488998
OKOFOJ,3.101554,2.5814373
REDYIL,3.0966558,2.3820546
INELOD,3.8719082,2.7333124
LAXKAW,3.4008791,2.5008907
LUQVOK,2.8974683,2.541401
BUWPEP,2.5135157,2.5435243
ALUXAI,2.7611394,2.1784186
BETJES,3.2011476,2.4446878
WABGUE,3.228903,3.272001
ZELWIW,3.1080844,2.4990196
NONNEK,3.7336743,2.6207278
UYEKIU,2.7799153,2.1646435
PIXRUK,2.9186933,2.2494154
RIDZUZ,2.9948852,2.3878925
EPOLIF,2.4084797,2.2285554
XELDIE,3.2963874,3.0284827
GASPAT,3.3184285,2.7027955
DIXZUG,3.857486,2.5137239
LUMTAP,2.9113462,2.5140853
JOZMIU,1.7649305,1.9825857
BEHQIO,3.8272815,2.7602928
IKEZEF,1.9741861,1.5575746
PEPJEA,2.7105262,2.500923
XUFHAI,2.9894428,2.446127
QOSVUQ,2.9973342,2.3554485
CODYAY,3.3538034,1.8927047
FAJVIX,2.3818126,2.1699853
NUYYIR,3.4577508,2.835357
BICWER,2.8542023,2.3655555
HABQAF,3.317068,2.603273
WODZUN,2.9532518,2.6480799
TOMYIG,2.4718823,2.1858258
JUJGUQ,3.3540754,2.6279547
OKOGIE,3.4514923,2.2701645
SEVLAH,3.8076892,2.8011394
NICPAT,2.574197,2.5674305
KUYMUO,3.59408,2.4035263
PERMUX,2.9222307,2.128695
SEVKOU,3.6795237,2.844126
OYATUE,3.639523,3.2392719
KUKGON,4.811245,3.550443
NURTEA,3.8158526,3.1849947
TIVVEB,3.1010096,2.5892487
LIDMES,2.7010021,2.598785
FANWEX,3.3976138,2.3288355
KEVPEI,2.449841,2.2469482
FISWOV,3.0335252,2.4135432
POQKAH,2.693111,2.3370476
IYUTAX,4.231915,3.191111
WUTYOA,2.8577397,2.4375985
BINBUW,3.200059,2.6116807
AFILUX,3.8098662,2.823209
UHINAB,3.7508175,2.7723126
KESLEC,2.5537887,2.3895772
WATFUU,3.3415582,2.4706273
XUZWEW,3.068628,2.4024773
JOFYOT,3.9769442,3.0552864
ABAFUF,3.1372008,2.6427217
LOMNOQ,3.0482194,2.7619896
TOMCAZ,3.1323028,2.5119154
BELMIQ,3.7206128,2.6968853
OWEVOC,1.8530954,1.9050964
ELEKOV,2.4514737,2.521802
INELIX,4.0142236,2.7848668
ELELAI,2.6971927,2.39151
VOHQUH,3.6844218,2.6730304
WUMJUK,3.4789758,3.1348748
OPOQOA,3.1894467,2.5229897
WUCXUP,3.7578924,2.5907333
BUBKAL,3.4928536,2.6890235
LEDTUK,3.006858,2.629853
COCWUM,3.2327127,2.8740668
VUCZOJ,3.9731345,3.0304701
TUGPAN,4.2931404,3.0382323
UDETAB,3.6215634,2.666558
SADVOJ,2.922503,3.1226645
DEBLIG,2.368207,2.4842856
DELRIW,2.1551418,1.824291
GAJNAH,2.7224991,2.444503
QASHOI,2.9102578,2.4864843
ACXMPD,3.6117673,2.9313364
GIJNOD,2.557598,2.4985056
JOHZUC,2.7777383,2.6658587
DURTUH,3.5570724,3.0867283
IWUFAJ,3.1652284,2.2452269
MOBSIH,2.2805862,1.9642546
VEDQUQ,3.5758483,2.6737301
ZEKKIL,2.243851,2.383995
REDVAA,3.2397876,2.5361369
FANTIZ,3.022913,2.2918262
XUSYAM,3.3540754,2.5162191
HOHNID,2.5608635,2.3004591
KITBIZ,3.068628,2.4549556
TESBEZ,3.3973415,2.5509305
OXAHAX,2.9927082,2.276826
HEHWUO,3.39843,2.543336
SIQWOF,3.0022323,2.282076
OPEREH,3.8509555,2.6502159
FOTBAR,3.6270056,3.064732
DIYBAP,3.5698617,2.4648662
PITZOI,2.8710732,2.435786
QEMFIY,3.6248288,2.6794636
TUJTUO,2.8914819,2.3708155
FAWVAA,3.145092,2.6141653
KEGYEC,3.7320416,2.46806
BITREE,3.3069997,2.0251613
VIWZIK,2.530387,2.607264
LEXDEY,3.2052293,2.392682
LIYZUR,3.0893087,2.6029623
DUXNIT,2.6974647,2.6152725
CEHJIL,3.6332643,3.1638045
GONPUU,2.6215448,2.1906567
QAMHUJ,3.3246872,2.5406
ZELFUT,3.372035,2.8232787
EWOSUE,2.7641325,2.409069
YADLOE,3.898031,3.9770112
TERCUQ,3.7143543,2.5219579
LAFQOY,4.0071487,2.739413
KATREE,2.9244077,2.272183
EVEROM,2.1728292,1.8835961
POYSED,1.7034328,2.1165047
SOTBUY,2.4095683,2.2206297
YOYBAQ,2.6585524,2.2131624
SARSUB,2.7034512,2.1560583
REDTUS,3.3753004,2.4652023
QEWGOQ,3.4378865,2.7143798
WEHLIH,2.7276692,2.184535
PIGZEM,3.0680838,2.677221
MEFYAZ,2.8267188,2.4379404
MUVTAA,1.4043796,1.8499279
LIDLER,3.4517643,2.3678527
QEPHAU,0.13251945,1.9186571
JOPJEF,3.0503964,2.0624063
LUTCIO,3.3921714,2.7791548
XAGYUA,3.677891,2.629196
WEMZIZ,3.943202,3.0747216
KIFYAC,3.8694592,2.2253428
LIHMAT,3.159514,3.0546448
FISKUN,0.1627241,3.2075102
XAZCUX,3.531766,2.5915525
VUKDUC,2.8166506,2.4510918
IMEHAJ,2.9782863,2.2575045
SOJNAH,2.824814,2.4488153
NIKKUP,3.720885,2.6577387
FIWFUN,3.1918957,2.6193566
YOFZID,2.5562377,2.206966
KENPAV,3.2849586,2.758131
WATGEF,3.3850965,2.3680942
YIMFEG,1.969288,2.1870022
QEZFOT,3.0561109,2.4575968
ICOXEG,3.331218,2.3022568
KIKMEZ,3.0629137,2.1995797
ROMRAO,0.52327496,1.2478824
ZIWTAD,3.6890476,2.6392925
FIFJIO,2.3069813,2.6950667
ODUCUM,2.3641253,2.141783
POSDAD,3.4090424,2.7810736
IWAFAN,2.8879445,2.4989767
FAJROX,2.3287504,2.812732
LOPVAO,2.5018148,2.4227908
WEQFEE,4.0904155,2.9918232
EXIYUF,2.25147,2.1031547
OLANUL,3.8123152,2.9429138
AZIFIY,4.1500087,2.7916768
WANYIT,3.594624,2.5402482
UGILIF,3.6716323,2.8501961
BELZIB,0.19782677,2.770095
DUGTEF,2.5058966,2.2041612
JUCCIV,2.937197,2.1968565
IRETIK,1.7744545,1.7897612
YEMCEZ,4.143478,3.0656743
VIHZET,2.9565172,2.775004
KEBDED,3.2555702,2.176607
REBGEK,4.2316427,2.8483734
NESJAX,2.1350055,1.7905747
NOWLEQ,3.3159795,3.017325
MARZUD,3.3908107,2.5664692
ECOLEQ,4.0765376,3.0206835
ESEHIT,3.7475522,2.7237961
DOKZEK,4.2289214,2.9482172
LEGKEO,3.672993,2.767172
KICSUM,3.3551638,2.5749505
RONLUD,3.4191108,2.9286675
QEXRAP,3.3499937,2.343013
MAJCOQ,3.46537,2.7284107
TOMCED,2.384806,2.4697244
MILWUZ,3.1826437,2.267893
CORTIO,4.381305,3.2148523
FONRAB,2.9075365,2.5493734
AJIYAU,3.0974722,2.2926407
LOYKUF,2.3331044,2.515768
XISQUL,2.2522864,2.2167637
BUJDEQ,3.6506796,2.6038404
WEYVIH,3.8792553,2.6736784
REBMER,3.431628,2.6458817
PUXQUU,3.5042822,2.6340916
PIYBEH,2.4607255,2.2145448
WEXSOK,2.3581388,2.0065446
ZICJEA,3.209583,2.8493369
DENSAR,3.59408,3.0289912
NOHLIG,2.430249,2.2162895
HIJWOP,1.9135047,2.1147895
NONWES,3.1222343,3.010789
YOXFUN,3.5554397,2.5136147
COFPEU,3.2468626,2.419253
AFAJAT,1.9681996,2.0033329
AZOYET,2.9162443,2.3646884
MERCAN,2.3080697,2.1715844
ADUFOW,2.8680801,2.209786
MEBFII,4.155723,3.020197
VOSPAW,2.9546123,2.2253857
AMBUPD,3.290945,2.7830548
IQIRIK,3.283326,2.4557736
ELOBUD,2.9078088,2.540053
DONJAS,3.1750245,2.7671173
OKOHAX,2.7382817,2.274216
QUSDUF,1.5173069,1.4844652
VALJUO,4.2974944,2.7304378
SAMBAM,2.877332,2.4639075
ECUCIR,3.1774735,2.4516425
NONZAS,4.1268787,2.6903446
YEJTOX,3.1527112,2.6668785
JOJPII,3.8147643,2.9798222
EYIWOZ,3.7075515,2.5685606
RATQOU,3.245502,2.4375725
KAJXEB,3.2174742,2.883926
XIGCUO,2.1350055,2.06541
PORPES,3.8387103,2.6733193
NIDSAV,2.5638568,1.7405226
UQEPUD,3.0054977,2.4247222
NOBJOE,2.7154243,2.0435534
CINVOM,2.8882165,3.1393466
HACWUF,4.2310987,3.8566902
DOHZEH,3.374484,2.5087767
MOBSED,2.3295667,2.116481
YIYJUM,2.1026237,1.9965557
XEQWIZ,3.0536618,2.6156833
EZEGIZ,1.3164868,1.4072016
CUGNEY,3.3905387,2.8429203
REPQEJ,2.203578,1.8952125
DEQBAC,3.1097171,2.4763198
QUJSEU,2.466168,1.3333404
NONWUK,3.9464674,2.8048508
WIWFEN,2.7834527,2.803873
TEYYAX,3.7845595,2.5131443
WEMLEG,3.3965251,2.9062836
IYITEQ,2.3170495,1.5191715
EMAZEX,3.7742193,2.9573445
XITLUH,3.111622,2.5897186
ACOWIA,3.699388,2.9679463
LURTAV,3.0498521,2.9859307
EJUKAX,2.253647,2.1913385
ULUSEA,2.9883544,2.401144
YEZMUN,3.32632,2.1521933
ADUKIV,3.9799373,2.784716
WUJQOJ,2.6419535,2.2170758
POJKAC,3.1274047,2.3900938
CEVLOG,2.8552907,2.0735154
CUGPUR,3.2789721,2.31173
OJIKIC,2.8131132,2.5235894
HEXJOL,2.4808621,2.3821468
POKSEO,3.3157074,2.467126
LIQNAC,3.9032013,2.7249758
QATFIC,2.6735187,1.9359154
LIJTEG,2.9605987,2.5189586
GEGYAS,3.101554,1.97137
QUHFEF,2.4261672,2.5443046
ZIHFON,3.393532,2.3860803
XAHQUS,2.1861627,2.170863
IDIMIT,3.2294474,2.553568
POVLUI,2.1671147,2.723054
MIRNUW,1.7298279,1.6692909
BOXYUJ,2.373377,2.5199397
DIHJOV,2.2256193,2.5532093
UVADOM,4.6327386,3.179397
UVOTEF,4.427837,3.0339797
SOJNEL,3.1627793,2.7346122
BERLOC,2.495012,2.158384
JICBIJ,2.3502474,2.1864874
WUMBAI,2.5224955,2.4420838
NEVCEY,3.7603414,2.788664
POQKIP,2.8098478,2.4037554
UJEWEM,2.762772,2.3137345
EROGOH,3.701837,3.2782254
CUDFOY,2.9325712,2.3687873
XADSUR,3.372035,2.3020957
NAYNAE,3.816125,2.9282043
RONPOZ,3.51816,2.4491596
KOBPAT,2.6514776,2.130554
XUMJIY,3.0033207,2.4383621
TOPYAZ,4.000074,2.826261
YIXKIA,3.123867,2.8294468
GENYAB,2.6887572,2.3546028
CAQZEA,2.9429114,2.3607166
QOFFIA,1.8623472,1.9537032
XEKFEZ,3.8272815,2.5772605
ZETTEZ,2.4182758,1.986644
VIGZER,3.7676885,2.9070594
MOHGAR,4.5902886,3.0905194
FOMVUB,2.8577397,2.3926663
IHUHAV,2.8218207,2.5543816
ODUDIC,2.8811417,2.6900432
SIWFAG,2.9499865,2.4380143
BICVUG,2.633246,2.3642583
QIDTAZ,2.1516044,2.284682
CASWAV,2.690662,2.5013642
XELSOX,2.4846716,3.0313196
AGAPOO,2.4033096,1.8295629
SIVTOI,3.3736677,2.1501763
UGUXOK,2.9053597,2.60541
UVOXIN,3.042505,3.1593416
LUYTAC,2.3472543,2.082971
TIWRIB,2.289838,2.2369611
FEVQUU,3.7510896,2.3206766
KATRII,2.693111,2.1994317
DIYNAD,1.8198975,2.2581322
CECCOD,3.7875528,2.7586236
AMUNAZ,3.3129864,2.6953182
JEWMEE,3.2370665,2.7324846
PAKJIU,2.9284894,2.452233
JOJJOJ,3.013661,2.3660328
TIHQUY,3.6055086,2.7614024
JIKNEW,4.7189984,3.4581532
IVAMID,3.1625073,2.1374252
FEXDER,4.1086473,3.272016
DIFVEU,3.5467322,2.561572
RUHNEP,2.6419535,1.8310586
XONQOH,4.3608966,2.880044
ECOPEU,3.39843,2.5430994
FIGNUF,4.0210266,2.5073617
LATZAI,2.6555593,2.1616542
KABROV,3.3807425,2.4993021
RERJON,3.219107,1.9544042
HOKTIN,2.805766,2.2285228
LESHUM,3.4280903,2.3536582
QENLOL,3.3380208,2.3169618
EJAQOW,3.317068,3.086077
BIBZAO,2.5641289,2.067999
IVUFEK,3.7704096,2.7857218
GACLIG,3.0501242,2.1916037
NEWXUK,3.1633236,2.8610244
ACIVOA,3.924154,2.7368078
JOQYEW,2.6618178,2.2655175
DIVVAH,3.204413,2.0660744
NOTDIJ,3.2359781,2.4072275
XIXSAY,3.0708048,2.4774308
RATQAG,3.2468626,2.3885655
LEBVIX,4.028918,3.3112803
YIFLAD,2.5276656,1.9985473
GUQFEF,3.128493,2.5350444
QAWQEN,3.1064517,2.230286
NIVRER,3.0914855,1.7256398
BOKREY,2.8484879,2.1077685
NEMYAH,1.3339021,1.9642682
OPASAA,2.0438473,1.8380432
GIVVUD,3.9236097,2.3838506
HINCOX,3.2250936,2.8543727
RAPHOH,4.1116405,3.5893052
YATPEQ,1.9744582,1.7568723
SOYVUY,4.283072,3.0869057
QUFDUS,3.0751588,2.4524167
QULMEP,3.8174853,2.9339805
XATQAM,3.4117637,2.6625974
LIJGAM,3.838438,2.9110014
XOZNIJ,3.8305469,2.4717853
GIYTEP,2.5325637,2.3488135
MEHHEP,3.2634616,2.7061126
JIYRIS,4.303753,2.9767003
EHOKIW,2.1254814,1.8276361
UYOCIV,3.4161174,2.685133
YIWBUC,3.4525807,2.0507324
FUMVEP,3.066451,2.2087865
WEGQIL,3.16414,2.6921287
XONRIC,3.3973415,2.4308913
LIQNEG,3.2041407,2.3615398
FUFMUQ,3.0074024,2.522278
WOGNOV,4.237901,2.738095
ZIMFUY,2.801412,2.51229
ADBPPD,3.778301,2.9980247
OVETAL,3.881432,2.5158362
JOJMEC,2.8599167,2.3326097
VOGCID,2.6917503,2.7212098
TUXRUZ,3.2362502,2.734578
DUHYUA,0.363272,2.1091447
IPORAI,3.1154315,2.2553632
LERQUV,2.6990974,2.186659
WEPYUO,3.694762,2.887045
MAKCIN,3.5932636,2.4668553
QIZJAM,3.242781,2.79816
IWEFUM,3.976672,2.8964798
QOXXAD,2.843862,2.3763735
FIQLID,3.1089008,2.349074
JABDIA,2.820188,2.1831245
NEZCUS,3.5440109,2.2849157
EMOJAR,3.5736713,2.6050706
ZUJDOX,3.0155659,2.5209336
YEDJEY,4.134226,2.6646457
QOPVEW,4.795735,3.7905889
RAFMOD,3.9200723,2.804668
RIFTIJ,3.5984337,2.684263
SIWCAD,3.0737982,2.3811455
CEHTIV,3.3467283,2.9007704
FOTTUF,3.7440147,2.4886615
GAJMIO,1.0555297,1.9092162
TUDSIV,3.8438804,2.647411
OHENIA,3.295571,2.7989094
NOYTOM,3.3165238,2.5258682
CIGCED,2.5630405,2.420528
YEDKEZ,4.425388,2.581253
GAPMOZ,2.9135232,2.4681733
QAHCUY,4.246881,2.6619406
RANTIK,3.0580156,2.575882
NOBGIV,2.3758261,2.5818815
XOSZIP,2.3371859,2.4737377
ZOLHOZ,2.958694,2.2079537
CIVCOA,3.6626525,2.8132098
AFUSOJ,3.4041445,2.9355896
OJAGOV,3.0362465,2.4775696
ULEPUW,4.8262115,2.4476235
TEQHOO,2.7263088,2.51443
YUQSIO,3.9298685,2.6791492
NURKEQ,3.4261856,2.432409
WETLOX,4.094497,3.2345915
LUTBUZ,3.391627,2.8564978
UYESUO,3.8901398,3.195414
NEWHED,3.128493,2.5586154
PIVNOZ,1.8362243,1.6952331
UMOZEC,3.192984,2.3007276
NARDAN,3.018287,2.6885037
SOFBOG,3.243053,2.394683
MIDPOE,2.4726987,2.6343427
HAXXIN,3.8868744,2.8115127
TURKEW,2.3641253,2.2494073
RAZJOT,2.633518,1.8351462
IGOSUS,1.8109177,1.9456527
DIZYAN,2.9837284,2.5534205
PEVKAF,1.797312,2.2978575
OXAFEZ,2.2424903,2.6079338
UHECOA,3.7774847,2.7176266
JUHWIS,3.2125762,2.6210177
KOPSUD,2.595422,1.9752809
VAJYAI,4.7886596,3.1008224
UQUFIW,2.736377,2.425501
FUHSOS,3.856942,2.6274037
NIHVUY,2.9733882,2.4624124
URUGUK,3.8825207,2.8965294
BDPAPD,3.145364,2.716187
IGUVOW,3.16414,2.4419947
LULXOF,2.172285,2.0089767
VIDXUE,3.1222343,2.754209
EYEDIW,2.1758225,1.9383405
MUTSIF,2.621817,2.1272922
NAFTOF,2.54753,2.254452
NAMNIY,2.2454836,2.1306615
MAQHAN,1.89745,2.0704522
EZEQIJ,3.9641547,2.6449077
RINWUI,3.469724,2.7117908
JEFJEK,3.560882,2.7807586
IDOSAX,3.2623732,2.5667467
TOQQAS,2.7739286,2.201615
OXETOC,3.1086287,2.4752066
WIGZER,3.1467247,3.2048936
DUWNUF,2.4767804,1.7963187
XEQQIV,2.186435,2.4404008
RIRMIR,3.3587015,2.369288
EHAQAI,4.151097,3.1962388
CIJROE,2.9086251,2.422889
XOHGEG,2.150788,2.1283522
YEMCID,4.1097355,3.0531988
BETBIN,2.788895,2.166368
XATLOV,2.9641364,2.8181274
XIYLOG,3.2708087,1.9504843
XICTAE,3.1295815,2.4012218
JAQKIV,3.4542134,2.3152556
MIVREQ,3.458295,2.479475
YODXUL,4.091232,2.7495995
QOYZUZ,3.2855027,2.3721962
ECULOE,3.4841459,2.862113
REXMOZ,2.8786926,2.6854963
MIKKEY,1.7347258,1.9491445
LIQNIK,3.6221075,2.691137
BOJRUO,3.6460536,2.8126006
IZIXUM,2.581,2.172776
ODOXUB,3.8204787,2.6738327
WEHLAZ,1.2441046,2.379981
CAVBIL,3.2397876,2.5113382
IWUFIR,2.9358366,2.3810592
TATKIJ,3.534759,2.5074725
ZUQXAM,1.6871059,1.6268057
LEKMEU,3.2689037,2.8735466
KELREZ,2.2770488,2.074001
BETBOT,2.8038611,2.22629
XOFCED,3.4455056,2.7223415
GUKBOF,3.2942104,2.5127013
UNEXOC,3.551358,2.730175
LEQREH,2.3423562,2.2722228
CEBNON,2.024255,2.0204203
IZACES,2.8427734,2.3008888
NOTQIY,5.092611,3.8298717
FUNPUZ,3.5050986,3.2638905
WIDGIB,3.3608782,2.333179
MILDUH,2.0438473,2.2653017
ZIHVUH,3.9614336,3.1435838
OZOHAN,2.944272,2.2426412
EGUFES,2.1910608,1.3742056
BUQBIZ,3.2904007,3.0923336
ODASER,2.2408576,1.9499182
XIRWEC,3.8114989,2.5761185
KIPYOX,2.0544596,2.5190728
ODIHIS,4.200894,2.9984972
FETNEZ,3.634897,2.6282325
FOXFAA,3.763879,3.0467706
HEXJUR,2.841413,2.401286
CACKIA,3.4182944,2.9032671
LALXED,2.083848,2.1947742
EQISAY,3.1992426,2.5160947
CIFCAW,3.4210155,2.5563536
BOYRIR,4.2278333,2.610705
XELVEP,3.6455095,3.1616955
YAZNAQ,3.264278,2.7520647
KAPWIK,2.9535239,2.961039
WUMJOE,3.3551638,2.867225
WORDIQ,3.527412,2.4399028
GELYUU,3.489316,2.5007362
PUDPAF,4.1219807,2.613527
FECWOA,2.7325673,2.3547378
BAWBEI,2.5350127,2.0435772
BUJKUN,2.655015,1.9746854
WUHCUY,4.3247056,2.6291358
COCXEX,3.1812832,2.976058
NOMHUU,3.276523,2.8265705
EFIVAQ,2.977742,2.3089037
EWAMAQ,2.325213,2.2802768
FIVNEE,3.4784315,2.3088074
WUPDIU,3.3965251,2.7640197
TUJQEU,2.423174,2.5441914
RASMAB,2.736377,2.5261133
PAYXEV,3.1097171,2.128017
YANKUU,2.8052218,1.962576
SEKKUQ,4.2811675,3.0656288
TEWZOK,1.99786,2.0854087
QAHDEJ,2.920598,2.5828745
AGUKAP,2.4555554,2.0115774
XIVGOB,2.348887,2.5843732
HENRIB,3.1777456,2.713742
OKAQAU,3.9249704,2.8654287
MAWSAH,3.7793894,2.657124
SEDKIV,4.574778,3.4185321
UCAHUE,2.5793674,2.2018037
FAJREN,3.2338011,3.1091175
ISUHUZ,1.0114472,1.7745295
QELQON,3.9015687,2.5456207
JABLII,3.5434668,2.5255983
ZICLUS,3.6838775,2.5255232
WICGIZ,3.1344795,2.5113158
ENOXAH,3.8158526,2.472347
KAJGAE,3.202508,2.8035862
GOHVOR,3.321966,2.4797776
TEZZOO,3.3380208,2.6505225
WUFQUK,3.2297194,2.4821324
QEHXUW,1.8775856,2.0840545
RATNUX,3.1910794,1.9108778
YOYKOM,2.4726987,2.1139576
SUHGIM,2.2150068,2.2289
XUPSUY,2.9856334,2.327432
TUJTIB,3.2308078,2.305444
KIBXIE,2.3986838,2.061231
VAPSIQ,3.427002,2.5513484
CEJJOQ,3.429451,2.4229379
MILJIB,3.4648259,3.331181
IHOLUN,2.6639948,2.447164
XEKJOM,3.06373,2.1127605
POJPEK,2.6403208,2.941331
NUZLAW,2.858012,2.41528
TERCIE,3.4849622,2.8625753
MORSOB,3.6095903,2.8755476
WUGDOR,0.1844932,1.5529542
UVOTAB,4.275997,2.7658112
DOBCAB,2.356506,2.0749817
PUXYIS,2.6068509,2.5065722
KACMUZ,3.247679,2.3837337
TIJQOS,2.2754161,2.6261363
IWALID,1.8762251,1.8321967
ESIHUJ,2.5083456,0.93424356
YOYKUS,2.4098403,1.9901254
VEXHIR,3.6365297,2.6699688
MUZREE,3.4327164,2.7577982
NOBGER,2.9284894,2.393556
KAJWIE,3.2155695,2.8722117
KIRDEX,1.6830243,2.766293
BODWEW,4.065925,2.9040046
IVAMAV,2.6890292,1.8243402
YEMZEY,3.5788414,2.9230483
JEFJAG,3.8721802,2.893939
PEJMOG,4.0493264,3.3877323
OKAKIU,3.128765,2.499141
ECEXOA,2.696104,2.7169275
KADGOM,3.004137,2.2285476
VAPJED,3.0000553,2.4197783
HIMFUE,2.9641364,2.890651
BUJDIU,3.4694517,2.337572
ZOZFAX,2.6024969,2.1876085
XOSYEK,2.8650868,2.3792162
UMITAM,4.5755944,3.3063211
QADJEM,3.8898678,2.960628
ADULIV,4.074633,2.6954937
POJFEZ,3.7317696,2.6260834
IHOFAN,2.9241357,2.444974
ESISEG,3.037607,2.607186
ZANFOJ,3.7094562,2.7179673
XULQOK,3.6719046,2.9396193
GAGBUO,3.3957088,2.7588944
FICJOT,2.6969204,2.4452262
BERBEH,3.307544,2.5128922
DASMIV,2.4912024,1.7825195
AKEBIB,3.9619777,2.68778
GUNDAV,3.42673,2.435971
POFDAR,3.493942,2.3861804
EHUFUJ,1.9600362,1.8498302
VANFOH,2.5083456,2.4095557
HUJZAO,4.244432,3.071588
BADBIS,3.0933905,2.6681108
BEWYOT,2.5042639,1.9208424
SACQOD,2.0114658,1.7367215
TEHSUX,2.3366418,2.1029027
FASPAT,3.2487674,2.2483037
LESNED,2.2158232,2.0665169
QICGOY,3.9157186,2.790223
NOWXOM,3.0596483,2.5178802
YUNTEI,3.7222455,2.2358027
AGUFOZ,3.4324443,2.9149187
TIMMUX,3.608502,2.8881881
GIPDEQ,2.6563754,2.126514
WUWCUM,3.2509444,2.6793191
CAKVOC,3.157065,2.427554
NUFVUG,2.5352848,2.1352682
WUWHUT,3.4754384,2.5988164
XOQTAA,1.9306479,2.6049685
OCEPOE,3.2057734,2.7101183
JICCAC,2.2759604,2.4210842
IPIREF,3.7587087,2.4722166
FEWWOU,3.8689148,2.7256222
JIYBEZ,2.208204,2.5405574
EDUREC,3.0623693,2.5672927
IZOGOV,4.1592603,3.5395973
PULKAI,2.9325712,2.1128197
YEFREH,3.0384233,2.375529
CIYBAO,2.7837248,2.1716385
HABFAU,3.6120393,2.8473356
COFVOJ,3.183188,2.4170778
HIZJUY,2.8144736,2.5609336
CECJUQ,4.5086546,3.1232975
IGUXEN,4.0305505,2.9426928
BOTHUQ,3.591903,2.8114738
DOPYUC,2.576646,2.4213803
EJOGOA,3.2030523,3.3216207
LAWPIL,1.8318706,1.8934994
DESDOX,3.0226407,2.6109893
HIQVEK,2.7371933,2.348849
MAWYOZ,2.1502438,1.8198228
LIJLEV,1.754046,2.3006206
DAVZOQ,3.0528455,2.2703116
KIHKUJ,3.369858,2.6498227
GOMTEK,3.1984262,2.4157908
HAHTAO,3.8651054,2.6472814
WOMHIP,4.351645,2.9336352
IKENUI,2.8680801,2.4436803
KEGYAY,3.7418377,2.5397522
LOGRUU,3.2223723,2.4832966
CEHJEH,3.9015687,3.3307874
CILFOV,2.8065825,2.5350056
MEVDOG,2.8359706,2.733253
BOXMEH,2.9331152,2.6922848
QODKUS,2.9959736,2.2742145
MALTID,3.6090462,2.4139142
DUGHAQ,2.4795015,2.3642628
OXUZEN,2.7445405,2.3339646
LINNAY,3.9353106,2.678738
IMEHIR,2.9431834,2.210215
CFPYPD,3.448771,2.7774236
XICDUK,2.32739,1.6975405
BOBSEQ,3.7524502,2.642752
HONKIF,3.288224,2.2542176
CAQSEU,2.715152,2.278213
HEXHOJ,3.0623693,2.6000018
AVOBOE,4.61233,2.9678478
LURTEZ,2.884679,2.7653131
JARWIJ,2.6645389,2.3478374
QUMMES,4.5252533,3.2514167
OFEGEN,1.9037086,1.7100034
PORPAO,3.5597935,2.3681552
IPOQIP,3.142915,2.4616897
NOYCEL,1.9015317,1.9735179
FOTWES,2.475964,2.0404923
LUGTAI,3.802791,2.8955402
OHUTAN,3.2487674,2.2884963
KUGVAL,2.43297,2.5526676
ZEHBIZ,3.1657727,2.6363413
QEZRAP,2.9094415,2.4100716
ODOWOV,3.725783,2.7755117
HIGHEN,2.7491663,1.8854853
JEVWUD,2.9908035,3.2162728
QEQXOA,3.4969351,2.3842683
LUQXEB,1.7164942,2.5916202
LUXZAG,2.9742045,1.9464021
LOFTOS,3.0814173,2.4181044
ZOYRIQ,2.5771904,2.1451414
GUTXID,2.4288883,2.109033
XUPTEJ,2.9646804,2.257164
WUVSOX,3.429451,2.5650954
XUWGUR,2.2264357,2.388339
BAXYEG,3.0808733,2.321125
KIJJUJ,2.5295706,2.0042033
XUYPOW,2.4465756,2.3040187
LUCWOW,4.1206203,2.4122891
HUYBEI,3.6689112,2.3380406
WAJFIW,2.4694333,2.6698647
ABIWUE,1.928471,2.0703783
UCUSIX,3.1733918,2.5706666
WEQYAV,3.5723107,3.023722
FANQOD,3.6411555,2.7051928
JOMTUD,3.656122,2.7212405
GUFCAL,2.8120246,2.1669135
QASJIE,3.6735373,2.9629538
WELWAM,2.9075365,2.528821
FUFHOF,2.6414092,2.0852914
CATWOL,2.2027617,1.7448426
TAJKAT,3.905378,2.5170798
QOBJOJ,2.8362427,3.0218213
TEWZIE,2.3997722,2.1194162
BUSHEC,2.571204,2.569702
NEKMUM,3.455574,2.9171689
CIBLAC,2.325485,2.1321151
RILJAZ,3.4795198,2.808965
UFIBIX,3.7698655,2.6504138
RADMEO,2.7344723,2.2739406
MEGKAN,1.9505122,2.0252252
CEQJAK,3.5423782,2.6520357
WAGHUI,2.6653552,2.245192
QAVCAS,3.2359781,1.9727488
MORJUA,2.323036,1.9574927
LEPVAD,2.6887572,2.5825288
NEPDIV,2.6419535,2.3409986
EWINED,2.6008644,2.389029
LETSUA,3.228903,2.2311187
RECDOU,2.8405967,2.589456
DOTXIU,3.2422366,2.4781094
EQIWIK,3.6833332,2.92678
AYABUY,2.9342039,2.2332845
IROKEG,3.6226518,2.8755121
LIVBOK,2.9627757,2.3378308
ACAWOR,3.9976246,2.7402215
CIKWOK,2.7880785,2.4691818
MIDNIW,3.039512,2.1821318
XEFZIS,3.5543513,2.4963229
CIYGUO,3.2101274,2.8759046
NAXZER,3.0988326,2.4746158
WANFAU,2.6188238,2.3692577
RACCOQ,2.860733,2.3344376
ABIFAV,3.166861,2.5804472
YEXZAC,2.367935,2.8615117
GIZREP,2.3097024,1.9904404
UDURIU,2.1548698,2.1897979
QIXSOF,4.79383,3.113551
QUHTOD,3.3946204,2.867914
AMXPPD,3.4392471,2.6324809
QUDDIC,3.5657802,2.5705895
YIPLEO,5.4349303,3.580834
ROSQOH,2.3311994,1.9204472
CMACBP,4.652331,3.317837
HUBNAV,3.2457743,2.5551422
FEYJUR,3.3388371,2.4553144
FIQTUW,2.3698397,2.174657
ZIFGUT,3.5652359,2.5228267
QETXOD,3.1962495,2.6082425
MEGZIH,2.97747,2.7177227
PEZWEX,3.24523,2.4463336
TAJRAZ,3.7622464,2.8757546
SANBEP,3.6229239,2.220338
IGOVOQ,1.9630294,2.2867
IKUTOY,3.4359818,2.5662794
QONDAY,3.080057,2.1189933
NOVKAM,2.8411407,2.4762301
QAZYAT,1.1007006,2.2695327
BOSFEX,2.7475336,2.167797
TIXROI,2.5292983,1.973957
MELJOD,2.8906655,2.2503834
CITFUI,3.3475447,2.6296947
NOHDAP,1.5967641,2.1196392
CEGPOW,3.056655,2.2728763
NANGOA,2.5657616,2.0875292
HUWJAL,3.0433214,2.7439365
EZUXUS,4.2234793,3.2085333
KUBXAH,3.1083567,2.7925897
YIMVUL,3.1312141,2.5077562
GESZEK,3.0248177,1.9004743
HAMTAT,3.615849,3.14429
KUJLIL,2.4348748,2.0190022
FULMEG,2.4512017,1.987263
DARYAZ,1.9077903,2.0220912
GAGWUI,3.3380208,2.6275983
OJIXOU,1.1921308,1.5219907
NEBNUE,4.4583135,3.3642848
XAHYAI,1.6650647,2.08424
YIZLOJ,2.8403244,2.4314182
CTXNPD,3.0114841,2.7950716
AHEFIC,3.348089,2.666007
MIMMAW,2.6133816,2.1628783
MIFSUQ,1.7505084,1.5530972
OHEREY,2.9880824,2.241158
WUFNEQ,3.7742193,2.45511
UJOMOX,3.5589771,2.6189742
LURVOL,2.9167886,2.4278214
JAWYUC,3.0109398,2.496101
XEJXUH,2.5227675,2.2930017
OFARIW,3.2572029,2.180184
RAJBEK,3.4757104,2.506325
KAHBAX,3.5742157,3.0861495
IHEKOW,3.1494458,2.47196
NEJNOF,4.092048,2.955128
CEZLUP,2.8495765,2.4731727
ZOFREU,1.9684716,1.7905697
WONTEZ,3.14999,2.4825258
ODOYUC,2.2958248,2.0794594
BEFCOF,3.096928,2.410303
HICXEY,3.3567965,2.452062
VERCEC,2.3263013,2.2908833
PANFIT,2.2283404,1.6462654
QIHYAJ,2.4993658,1.826689
EZEXEM,3.510269,2.651906
REYNEP,2.2854843,1.951729
QAMHOC,3.470268,2.6468697
WAQVAO,2.5442646,2.2606423
EJUFEV,4.124702,2.7383194
XOJHOW,1.50098,1.694478
RIWTEZ,3.998169,2.3781102
CAPVOE,3.6977553,2.7334225
REVBEA,3.3352997,2.839636
UBIHIY,2.7064445,2.4741793
UCAPAR,3.1684937,2.599617
YEYCEL,3.34564,2.2387147
JASVAD,3.5532627,3.184112
ECICAV,3.7336743,3.0078957
IGOBIP,3.1303978,3.3920283
UWIWUT,3.9366713,2.3427112
GOPMIJ,4.0324554,2.8153338
LIBXOM,3.0552945,2.493095
POMMEJ,3.4218318,2.791464
VOQQAW,4.225656,2.7940164
WECFOC,3.5197928,2.613316
VOMRAR,2.9861774,2.425994
TOFXUK,3.1791062,2.7083461
HAKKIO,3.305095,2.7270842
HIZJOQ,3.6961226,2.6797717
KOZKER,3.0512128,2.2589202
KEFCIJ,2.4000442,2.5952663
FODTOH,1.8389455,1.9777794
TULNEU,3.2348895,2.68104
OKOGOK,2.966041,2.711488
LEZWAO,3.5353034,2.8004816
CEFJEC,3.4044166,3.157119
YAVPAO,2.1565022,2.447012
SEKCOC,3.5138063,2.6908686
NOYDUA,5.210708,3.1887534
FUHZOZ,3.8844254,2.8977013
TOCHAU,2.35188,2.1076481
ZUHCOU,2.7235878,2.8251312
BAMQIP,3.2210119,3.0199773
SEZZIH,3.1527112,3.0561748
IPUSOC,3.350538,2.3010907
WAGCEO,3.9725902,2.8534997
NOZHIV,3.1225066,2.4944227
MIDLAP,3.1891744,2.6828952
JOHDIV,2.7946093,2.8639934
QUKGOT,2.4849439,2.094343
NIKGIY,2.574197,1.9938443
NEKHER,2.7094378,2.3336563
IFUPUU,3.2792442,2.472695
NIDSAU,3.4574788,2.9739802
DUNWAK,3.6419718,2.4066982
NOKDUO,4.1061983,2.7431912
EFUYAF,3.895582,2.2684684
MICYAZ,4.5206275,3.0227404
GAHROY,2.9954295,2.4186168
HIZRUF,2.456916,1.792815
ZOVBUJ,3.8183017,3.019718
ROLHEH,3.730409,2.745344
DEJBUQ,3.0544782,2.4653506
XANJED,3.0011437,2.1758344
NAHBAZ,4.394911,3.8145225
EFOJIV,2.2313337,1.9842651
UHIMUU,3.6237402,2.744362
FOSWEQ,3.5883656,2.4446676
RESSIS,3.431628,2.570012
ZIHBOK,1.9447978,2.0506837
AMUNIH,3.3897223,2.6388514
HEPPEY,3.6852381,2.460131
OJOQOT,3.1684937,2.7276578
PINKOO,2.483039,2.2410505
QOPWIB,4.572329,3.1884987
TUWSEL,4.327971,3.054785
PUQKUJ,3.5483649,2.8841412
YOCWES,4.6169558,3.0252132
LUMQOA,4.0349045,3.000489
MIVJOS,3.7554433,2.4721189
HEFQAM,3.4563904,2.531262
MELHOA,3.2457743,2.0237834
RAKKUM,1.8933682,2.4144573
AJIXUO,3.1657727,2.2018874
VUCQIU,3.388634,2.6448722
GAQWEB,3.0008717,2.5474455
MOFBER,1.9388113,1.9554694
HIGMUH,1.8476532,1.381298
DUFZIP,2.917605,2.3527687
YOGVUN,2.960871,2.2755563
HUXCEJ,3.6689112,2.8839881
CEVLOF,4.1853833,2.4600353
QOPYAX,3.6403391,2.7125287
MOZXOO,2.4857602,2.3083606
NIRXUK,2.9083529,2.6798792
BIBMEH,2.5861702,2.5600266
VOLXAW,3.1513507,1.8320342
FANSUI,2.9211423,2.4497283
REDGAJ,4.044156,2.6120205
POFVEM,2.5641289,2.169589
JECPUD,2.5159647,1.9216022
HUXSOI,2.8267188,2.4595613
IPABUW,2.7464452,2.389378
VERWOF,3.613672,2.7502682
WIBNED,3.1763852,2.9173703
UQABUK,2.6871245,2.4815412
LUGZAP,3.6844218,2.770321
PODHEX,3.0025043,2.6113172
ROHMOR,2.8697128,2.678281
GOPNEG,4.2670174,3.1254323
EMAFIH,2.0511942,1.6719909
NAYNIM,2.8506649,3.0837963
ONALUL,2.9695785,2.3670607
CORKIF,3.3687696,2.19061
AGUXIK,1.9510564,2.4434662
QUBREM,4.0003457,2.7316766
MIBQOE,2.35188,2.334156
FISTOS,3.5255072,2.4833827
XAFRAX,3.3772051,2.3034892
GETPIG,4.6779094,3.6372025
NIMYUE,2.5722923,2.3584323
XAGHOC,2.8743386,2.2321904
AMUNED,3.3135304,2.6701257
FOSHUS,3.2435973,2.3022828
WAPTEO,3.0438657,2.5996966
KIQSIO,3.2544818,2.5022132
FOVHEE,3.918984,2.794084
WIDGOH,3.8044238,2.6891506
GUZJOA,3.2710807,2.7724915
REQWUG,3.145364,2.3511543
RILJIH,4.1715055,2.814342
PEJGAN,2.0201733,1.8832444
NABDUQ,2.397051,2.3642793
JAKPAM,1.7428893,2.097486
QEYJOW,2.0754125,1.9997238
OJUBOK,3.8770783,2.1930451
DESDEN,2.647668,2.4488282
CIVJEZ,2.831889,3.021375
YAGVOS,3.3301294,2.7110329
XEYBAF,4.952472,3.588597
SEWNAK,2.7059002,2.425659
SEPYES,4.571785,3.4599216
CUKPIJ,2.9148836,2.0918853
TOCHEY,3.1752965,2.264727
QIXSEV,4.4825315,2.5771356
JAJHAE,2.4941957,2.4809837
LIWNAI,3.3595178,2.8738759
CEMYEB,3.240604,2.4525337
NOMTIU,3.455846,2.1208682
YISPAT,2.549707,2.091368
XOFTIX,2.2228982,1.9790893
KAQBAG,2.545081,2.2771611
ZINVIE,4.232459,3.681953
XOKBIJ,3.1333911,2.268713
MARVAC,2.8444061,2.3472676
XUSTIP,2.4607255,2.4043593
IHOFUH,3.1554325,2.4250746
EMEPOD,2.234599,2.2891555
ZOLMUK,2.9407346,1.9583641
ODOXAI,3.5693176,2.5581844
YEFRAD,2.8231814,2.2534506
RIYYIJ,3.8370776,2.317431
XOZPEH,3.86184,2.5580542
RAGVUQ,2.2762325,2.0345428
VEGDUH,3.307272,2.7084398
IMEGUC,3.288224,2.449121
WEYGOY,4.081708,3.3413765
SOJNIP,3.2552981,2.5597851
JINGET,3.1075404,2.396279
FOQZOA,2.8171947,2.2472072
GUVMEP,4.6136904,2.536832
VEHQEE,2.8612773,2.3922443
FELPOD,3.3094487,2.811341
HOKBOZ,4.20688,3.092367
KILPUS,2.6490285,2.63132
HAKKOU,3.4305394,2.4394011
UMAHUN,3.6985717,2.7589128
HERQED,3.056383,2.39376
ZIQZAA,3.163868,3.2114897
HOLVOW,2.2887497,2.0473068
YURYIU,4.6232147,3.4457374
RAWPIO,3.037335,2.4263144
IHODIT,3.7323136,2.9503505
HUXQUM,3.7451031,3.034394
CUPVAL,3.22591,2.3039064
ZOXQUA,2.454739,1.9474441
RALSUS,4.619677,3.0514796
FAYHUI,3.3921714,2.9009438
HIBPEN,3.8006144,2.594022
COCWUN,2.1902444,1.8942356
FUPCID,3.88116,2.9004602
ZIWFOA,2.4024932,2.9856048
WICHIA,3.003865,2.6483848
OYOPEY,3.2158415,2.5625796
BIRMAT,3.3608782,2.5499513
EFICOO,3.133119,2.3998046
WOKBUU,3.128493,1.8612883
CUQWAN,4.027829,2.4031413
XIYBAJ,3.05856,2.547018
JOJPOO,4.1576276,3.165995
PEQVUF,3.2855027,2.1331656
BUWDUS,2.318138,2.3796363
ENUVIT,2.5986874,2.1717684
GADKON,3.8305469,2.2557423
PAFFUY,3.2947547,2.7140403
GAWPUS,2.6005921,2.5930023
ZOCYOH,3.7388444,2.929838
ADUMOC,2.7780104,2.8387606
JAFMEJ,2.2835796,1.8606741
DULRUX,4.2302823,2.8512406
LEDDAZ,3.2901287,2.2717223
LUDPOR,2.640865,1.9023955
QIBBIO,2.0969095,1.6850767
LEDTAQ,3.1230507,2.2838397
FONFOD,3.1965215,2.6557732
SUVWIP,3.300197,2.7819364
OGAPOD,2.920054,2.7879481
QIJMOO,1.6520033,2.0397472
YOWGEX,4.3179026,3.2013958
HOHKOF,2.2316058,1.743101
NOCRED,1.5486,2.5384316
OXUZAJ,2.7279415,2.4476943
XOBFIG,3.1290374,2.7657847
GEFWUM,3.1037307,2.1791644
VEJVEN,2.495556,2.5683117
VAPHUR,2.6174634,2.4275239
JEFHOS,3.7260551,3.685166
UMEZAN,0.9670927,1.8798892
IBAGEZ,2.1801763,2.3432457
NIBPOF,2.574197,2.5206902
YOYDUN,3.5184321,2.9527593
XUPTAF,2.946721,2.1854355
LANBAD,3.5301332,2.678389
BUWPUF,3.226182,2.484008
OMEMEY,3.352987,2.3663416
XUSYUH,2.2343268,2.203454
DCAZPD,2.4193645,2.1023703
UYUXES,3.8996637,3.3676405
MIXMIS,2.9679458,2.3204155
TONRUJ,2.906176,1.1465005
NEKGUG,2.7516153,2.375832
HUKWEP,3.353259,2.7082279
TEMCEW,3.6378903,2.675677
QIPCID,2.8852234,2.3752208
LUQWUQ,1.4968984,2.3339512
PETXUK,1.8452041,2.1061368
QOJGOM,3.883609,2.4055574
AHOHUB,1.8642521,1.9773934
QIKQEJ,2.6397765,2.2542007
HUYNAR,2.8982847,2.2774541
KIVTEP,3.1750245,2.9518676
GUSZAV,2.8506649,2.300077
ESOTIQ,2.2381365,1.681894
LIVCEB,3.188086,2.3201482
COMCUC,2.874611,2.1527066
ZAGMEC,1.7978563,1.8926871
SEDRIF,2.913251,2.1570058
VIWFAK,2.2721508,2.3872256
OGAQAO,2.6517496,2.3915884
AQUHID,2.752976,2.3824542
RITPOZ,3.4370701,2.5995018
TAHVIH,1.7047933,2.19638
MOZRIE,3.0604646,2.252528
EGUFAO,2.1665707,1.399852
NOMZAR,2.281947,2.0303993
YIMXIB,2.5820885,1.77316
UFIYAM,2.9459047,2.604721
GIJNUJ,1.4231555,2.1952415
ACORUI,2.7706633,2.4016597
KIBHUY,3.2762508,2.1954234
IHEKEM,3.1589699,2.5031316
XUPVEK,3.9415693,3.1311338
CODDIJ,3.8996637,2.9582376
XAMJED,1.2228796,2.4687502
NADLUB,3.701837,2.4474669
COKNAU,3.0898528,2.428032
RIBXAE,2.1382706,1.9026142
HIZKOR,3.5263236,2.5061693
HETLAU,2.7445405,1.7664484
USUDOD,3.4133964,2.409276
OTEVUG,2.7448125,2.887201
MEFXUR,3.3159795,2.6814203
JUZLIB,4.030278,3.009537
WIZJEW,2.6699812,2.1755185
IFOMOH,1.8683338,2.470194
KADQUB,3.1301258,2.4873722
WUWFUP,1.9924177,1.5452285
UTUQEH,3.9589846,3.1103888
QULLIU,2.8071265,2.815028
QILBUI,3.8471458,2.2719316
MEZROA,3.040056,2.7875092
VODYUJ,3.4226482,2.5356877
BUXHIN,3.575576,2.4048147
ZOPHOD,2.936925,2.5740564
DESDAJ,2.815018,2.3746672
OWETUG,2.138815,1.9819943
ENIBAG,3.0166543,2.3410563
LERKOL,2.8612773,2.1770039
HEFSER,3.3429189,2.4853048
FUVKUD,4.2283773,3.1743534
PEDHOW,3.957352,2.70009
YIFLEH,2.3333764,1.8989455
GOXGAB,2.8068545,3.3062563
WOXQUV,2.5829048,2.3674634
LADGED,3.1050913,2.4126983
GOHYOS,3.6419718,2.5922284
FOKKEW,3.4351654,2.5231352
FUDKIA,2.1230323,1.900449
LUHWOB,3.120874,2.9175186
WAZXAZ,2.0283368,2.5660434
ESARAS,2.3363695,2.07377
VORPEA,2.6457632,2.3229508
XOSZOV,2.9314826,2.7759008
HIGNET,1.6653368,2.0449734
XIGSAK,3.0414166,2.272373
VEGFOD,3.1848207,1.9486635
RIZKUI,2.8835907,2.4452796
TUYPOS,2.9616873,2.3893669
LOQXOG,3.7361233,2.6466258
VIHVUF,3.0490358,2.3857718
BIYJAX,3.95708,2.5745165
KAPZOR,2.6778724,2.2414322
UVOSOO,3.8781667,2.4700625
YIWBAI,2.9788303,2.9932554
RATFOJ,2.4278,2.0727313
VECGOA,1.0236924,1.8176342
AMUNON,3.3450956,2.6584952
DUWJUB,4.2264724,2.6351554
GOZSIX,2.8239977,2.522489
FAMDAZ,4.700767,3.2045078
LUBRAB,1.909423,2.0328147
BAQHIL,3.1630516,2.8641262
JACCEY,3.102098,2.6047053
JAJBOM,3.7263272,2.5647285
KOCQEZ,3.711089,2.6072373
CUDCAH,1.4767619,1.7375618
UWAXUM,3.181011,3.0410764
BUWFAA,2.576646,2.4620562
ILOBIU,4.007421,3.2684238
RIJWOZ,3.204957,2.4286153
XIZJUN,2.1159575,1.77644
VOLJEN,3.2359781,1.8091702
OLOQAI,3.3080883,2.4236279
CIVQAB,1.4002979,1.489713
DAXJUI,3.2895844,2.1602385
ARITEA,2.7595067,2.4192848
AFOQAO,3.0381513,2.7972004
MAQKEX,4.8811784,3.449308
CODNEP,3.8030634,2.8851697
BARCOO,2.6852195,2.5139213
GAKSUJ,3.2210119,2.2039332
VANQOT,2.7924325,2.4781628
COBWUM,3.4468663,2.86322
UBAYUR,1.8209859,2.1616793
HAKKAG,3.4452336,2.7269104
DEFGIF,3.711089,2.4199145
LUZTOR,2.788895,2.1865983
CUGQAY,3.4191108,2.5176322
WOSJIX,3.883881,2.8972268
SIBTOO,4.529335,2.905865
HOBNIX,2.487665,2.2760189
GATBOT,2.9551566,2.39958
BOFFAG,3.05856,2.5779777
JOBJOB,3.5499976,2.9441373
DASLUG,3.302918,2.0686684
MEZREQ,3.1826437,2.6086218
CACZUB,3.4958467,2.868276
VUSSOT,3.8988473,2.4077823
NOKDIC,2.6079392,2.3571386
DIDQIQ,3.3274083,2.8941917
KAGDUT,1.9600362,2.3508396
ARAZUO,4.078715,2.7828126
JOHYUC,2.6996417,2.270147
QUKTEV,2.430793,1.9557068
IRINAZ,2.7271252,2.7229245
MUFJUT,3.7894576,2.6377196
HAWXAG,2.9148836,2.3899794
QEGPIE,2.6871245,2.78621
HAZCAP,4.1195316,2.8891594
HUKWOB,2.6634505,2.183641
SOHTIU,2.3619483,2.2608232
ZUTKEE,2.3600435,2.2802584
QANBIR,1.4498227,2.2706423
FEHJEI,2.084392,2.496067
DEBKAW,3.2275426,2.639053
CAZMAT,3.5758483,2.8058841
NABGIH,3.7891855,3.2076042
PARWAH,3.4585671,2.9682999
TORWEC,2.712703,2.2159297
BOBSAM,3.8106825,2.7608871
UHEBUF,2.9290335,2.0520587
JORMEK,3.244958,2.3520174
KIRXOA,3.5192485,2.539986
VICDES,2.9143395,2.5614233
NODCAM,3.2517607,2.5270927
WECHIY,3.9113646,2.7549171
ROHJUW,3.39843,2.830469
TEGZAI,3.0275388,2.459085
VUGCUX,4.4463406,2.8820004
CIRRIE,1.8495579,2.2978396
NONHUU,3.2392435,2.9289496
FEBRUZ,3.474622,2.6223922
KIJJIX,2.894203,2.4018795
JAJXAT,3.4210155,2.7756662
ELOTOO,3.6387067,2.8968632
AJAQAD,3.888235,3.3899796
HUQJUZ,3.5070035,3.0543792
FIKVOM,3.3135304,2.5477364
DAQRIW,2.999239,1.9580708
KOBLIY,2.8101199,2.1308084
FISVIO,3.8542206,2.8656428
BAQSOD,3.061281,2.691875
SAYQIT,2.597599,1.9984437
ZAZWOO,2.3028996,1.904964
ZUTKII,2.3820848,2.1846526
YILRET,3.5491812,2.3030667
YESFOR,3.597073,2.639105
QAYRIU,3.188358,2.3787174
EQENAQ,3.2664547,2.3358338
UXIFUE,3.6498632,2.7782712
TIDVEK,2.9355643,1.8424935
IZIXEW,2.2735114,1.947531
XOKBUV,3.0977442,2.1489525
HACJAZ,3.0509405,2.000038
GOWXEV,3.2996528,2.3955584
ZEHBOF,3.1505344,2.6509736
LUMQUG,2.9263124,2.6660671
UJIFAW,2.99679,2.3020325
FECKEF,2.9516191,2.3602757
LOGNEA,2.7184174,2.920655
GERVAB,2.1393592,2.270128
WIHYAQ,3.0844107,2.6037736
TIKLIL,3.0533895,2.9766634
PEPJIE,2.4626305,1.8854904
BUJLOI,3.4215598,2.490415
UCUTOE,2.9986947,2.6348305
EQODIZ,2.8503928,2.2526133
YESFEH,3.714082,2.955762
REDTOM,3.4095867,2.457317
HIJJOZ,3.6868708,3.1490602
BEXXOS,3.1739361,2.823011
LUHREL,3.5260515,3.1135907
FEMSOG,3.372579,2.7688005
FIYBUL,2.5015428,2.2789958
REDQOI,2.8754272,2.4152994
VIFVIQ,2.7298462,2.0789144
UXEKUE,2.6506612,1.9927263
OFIKOF,3.3301294,2.7437646
DOFPEU,2.4416776,2.1393096
UWAYOH,3.137745,2.1364071
IBEYUL,3.6074135,3.0412111
VEJLEB,2.555149,2.1184502
YADJOD,2.4871206,2.3007104
BEPHAI,2.8359706,2.637668
RILLIJ,3.8057845,2.7544472
SAFMOE,3.651768,2.3214521
EJOSUR,3.6310873,2.6244874
UROXAB,2.987538,1.9810827
BIXKAV,3.3440073,2.6810818
VEJBEU,3.3706744,2.4840393
VILFOM,3.517888,2.5175965
XIVHIW,3.7203407,2.2835355
HULSIR,3.2332568,2.477371
QEFVAY,3.8876908,2.5570097
TEYSEW,1.1001563,1.314716
NIBNUJ,3.895582,2.9536858
RISTEV,3.056383,1.654154
ATAGIM,4.364162,3.3559694
XUJCAG,2.157863,2.1055236
VEWJEP,1.957315,2.082255
XEJBAQ,2.8528416,2.4301655
KAJWUQ,3.2163858,2.9243698
RILJUT,3.190263,2.451237
GOMXOV,2.662362,2.1011693
OXEVAQ,2.6988254,2.4197328
IFASIR,3.1339355,2.5988522
EZETUY,3.517888,2.6557446
LALMOC,2.7622278,2.6120937
FEFWEU,1.9570429,1.8381181
YATYUO,3.5714943,3.5538013
OWUDUH,2.471066,2.9288785
YIHZUL,5.0632224,3.4360647
HISYUG,2.5823605,2.1497998
TIVHOV,3.3853686,2.813419
SAMBUG,2.9023664,2.2305129
TENYEQ,3.6678228,2.5253136
TOTRIF,3.3932598,2.679607
VOJSAR,3.0003273,2.9608767
ZOJTID,3.2229166,2.804979
ETOGEB,3.4313557,2.640566
HIPBAK,3.5382965,2.437456
TUGNUF,4.329876,2.9950876
VITBUV,4.6920595,3.6863768
YUNPUU,3.2754345,2.094603
XAWHAF,3.3684976,2.5748665
MOWSIB,3.2294474,2.9183676
AJEHEE,3.474622,2.2175403
YESHOW,3.551358,2.7618105
WAVPUH,2.2310615,2.0480802
QEWTOB,2.411201,2.366948
GETNIC,1.8419387,2.4869077
EDONUI,3.3426466,3.0005746
FANSAQ,3.4223762,2.7148762
HOKBOB,2.6634505,2.1766536
SAQXEO,3.6792514,2.7760007
YIKTES,3.2533934,2.4292235
ZIJKEI,3.0337975,3.0262513
BOFPOC,3.0841386,2.3949492
FIPPAV,3.9687808,2.8920217
JANMER,2.1276584,2.419825
NICNOF,2.4014049,2.4896872
VUGNAO,3.4006069,2.7390723
GOPQIL,1.8966336,2.3664508
TUYPUY,2.9007337,2.6466818
POLVER,2.5837212,1.9053605
PALKEU,3.6792514,2.697317
ZIYCIW,2.739098,2.1913066
FABZEP,1.9924177,2.1943562
PEWZUO,3.575576,2.8647263
PENDUI,3.1037307,2.2519872
ZEZDEN,3.3521707,2.6230009
NIXXOI,3.0435936,2.3176167
UYINOH,3.2367945,2.757802
HOTBEZ,3.1078124,2.4661484
ZULLUN,2.8435898,2.2411742
LONMAF,2.6754234,2.5219216
QELVEI,3.773131,2.4752653
IVIQUB,2.148611,2.0052342
ZUTJUT,1.9984043,1.9803586
MUFJON,3.926875,2.6582928
DEXGEU,2.3437166,2.0965383
VIDDOB,0.15592125,2.8808553
CAPVAQ,2.7616837,2.2280977
XOLXAX,4.6855288,3.1307142
UCUMIQ,2.5023592,2.0591936
VOBHUS,4.1334095,2.9524512
PYSALP,2.4705217,2.1830342
ETOHAY,4.227017,2.7285287
AZOTUG,2.8291678,3.0195174
YEHTEN,1.0664142,1.8548275
VALJUP,2.7788267,2.2902489
XAMPOR,4.0057883,3.0221317
UCUTIY,2.7061725,2.3806677
FEHYOJ,1.7009838,1.4911996
EBUPUM,3.4408798,3.2853298
VILTEQ,3.1464527,2.2720122
PUJNAJ,3.601699,3.4821892
IPIRIJ,3.2484953,2.3900945
AVOFAT,3.5029218,2.719693
EVURIY,3.3946204,2.6976633
NUVNAV,3.1418266,2.7651808
LIGGOX,3.587005,2.918973
FOCHOV,1.7608488,1.8314053
QABKUZ,1.335807,1.9333738
HOKSIJ,2.6582804,1.9799161
KAJYEC,3.2136648,2.9178112
FOZPUH,1.6963578,2.1887393
YEZZIO,3.9393923,2.5638268
ODUJON,3.1061797,2.4295955
SEJWUB,3.5652359,2.9035733
LICYOL,3.05856,2.1259785
KACVAO,3.7388444,2.5489771
YEWKER,2.5086176,2.3019366
BAJHUR,2.5992317,2.6228235
YIYHIY,2.4626305,2.2855153
RODKON,2.7241318,1.9892625
YIZHIY,3.9083714,2.9276257
BAGPAB,2.3246686,2.208554
WAJGIZ,3.5851002,2.8979495
BOSCIY,1.644112,1.8962595
FACHOG,3.4231925,2.7562459
HUXGIQ,2.5970547,2.4754424
BUJMEZ,2.6441305,1.9584484
ZEKZEU,3.4895883,2.429542
AREQAP,4.4585857,3.559737
OPEREI,4.1818457,2.7660763
IMUHEE,2.7344723,2.0424283
SANDEQ,4.337495,2.849754
CIJCAZ,2.7031791,2.47838
EKUGAT,3.723334,2.9881618
CECVAK,2.9924362,2.421001
LUYDAK,2.690662,2.9133773
NIHSUS,1.0737613,2.3788161
XUFHEM,3.0275388,2.4503536
NUPROH,2.3959625,1.8371285
VAZZUS,3.2460463,2.4430723
MAZJAB,2.893931,2.378368
SERRIR,3.1113498,2.5380363
WAVMEM,2.463991,2.0592372
OGOVEN,3.4008791,2.6591623
DIZCEV,2.0079281,1.8292619
FUHMOK,4.210962,2.9960265
QIZTOK,3.4446893,2.9422495
SICNOK,2.865631,1.8977643
EGUCOZ,3.1420987,2.6301143
ZENFIK,2.2501094,1.8460655
FIRCUH,4.54158,3.249828
QEWROC,3.1584256,2.3794284
LUDQOS,1.9739139,1.8749824
TAWYIB,3.1529834,2.8328345
YOCQUF,2.2024896,1.9647548
TUQLUO,3.535031,2.5230942
OXECOK,2.430793,2.1076295
NORNUD,2.1042564,1.7189442
QEWRUI,3.9203444,2.8359165
DOMQOM,3.0536618,2.4253564
CLPZPD,0.12789352,2.320722
HEWXAI,2.8025007,2.767333
QAYYOG,3.453397,2.8976245
BUXHAF,3.8199344,2.4534466
MUBQOR,2.7646768,2.4123313
CINWON,4.1091914,2.6722498
SOBFIZ,2.2735114,2.5175955
MALBIK,2.7499826,2.1889179
SIMBIB,3.4825132,2.474129
CAPNOZ,3.5576167,2.459341
IGUFIB,3.567957,2.727742
XAGGET,3.34564,2.3959394
RIFJIZ,2.6974647,2.4438884
XOWVAH,3.6335363,1.9388449
GIYVAN,2.6941993,2.7143395
YIWZAI,3.1314864,2.589876
NESHOJ,2.1178622,1.8849146
GERYIO,2.5426319,1.8979964
NITCIC,2.8522975,2.3987064
HEQHOA,2.5347407,2.4660106
WIHPAE,3.307272,2.7014914
CUGGIV,4.785394,3.134208
FAYVOT,3.9015687,3.072639
GUTZIF,3.3404698,2.2839558
RUNCUY,2.4245346,2.2159429
VAKCAN,3.2302637,3.0487316
RADSUK,2.110515,2.0025105
SAQXIS,4.3668833,2.9899313
PANKUM,3.314619,2.724031
FEHPIT,3.2308078,2.3094974
VIJSOX,3.7791173,2.7854009
GUWKAK,3.4068656,2.5257444
CIVCUG,4.2678337,2.8234894
KUCWUB,3.168766,2.391712
PIGYUB,3.2316241,2.5191002
KUSFIN,3.916807,2.5625033
GIVVAK,2.5009985,2.2596874
WEKTIQ,3.732586,2.9294786
KIRXEQ,2.798691,2.5193472
OVEPOV,1.8792183,1.8753924
CEJBAX,3.6416998,3.182723
NAWMII,3.1031864,2.3692482
GACREH,3.0520291,2.2709198
ECADES,3.269448,2.169263
RUHBIG,3.3255036,2.2825792
OJOBEV,3.6389787,3.059522
ATEGAI,3.2136648,1.7372626
WAVBIE,2.1262977,2.7139962
ECIVET,3.486595,2.7824347
EGUCUF,3.209311,2.650743
YEHGEY,4.110008,3.0533566
XEVPUL,2.1959589,1.9646583
EYEHEV,4.1306887,3.0931225
XUYQEN,4.6732836,3.2694228
HAKGUY,3.9693248,2.631957
SICPIG,2.7010021,1.719721
COFPOE,3.178562,2.230249
UJIFEA,2.8046775,2.4388807
RIYBIK,2.5556934,2.4519157
MORKUB,2.9908035,2.4563663
HOKMID,2.1769109,2.383396
XUPGEV,3.2269983,2.6754193
XIJGED,3.9187117,2.6784332
MIXMUE,3.4003348,2.413345
AGOTOH,3.5053709,2.394394
SIBROM,3.6449652,2.837507
IRUTUL,3.2822373,2.6611025
EGOFOW,3.1840043,2.456331
TARDUL,4.0661974,3.5869641
YAZNEU,3.3791099,3.1259458
TEVLOX,3.173664,2.5682044
EMATOC,3.7429261,2.7011242
VILTOA,2.8220928,2.4875922
TAHQID,1.3997537,3.0048885
BUNQAE,2.1790879,2.0182745
DPPPDC,3.6765304,3.0396934
QISGOP,3.0003273,3.0529828
JECQAK,2.8210044,2.6063375
MIKYUB,2.0775893,1.7985065
EKUFUM,2.9978783,2.8599617
ZUTKAA,1.9290152,1.9735314
VIDYEP,2.980191,2.3840308
HEDXAQ,2.9282172,2.7010107
NORTIZ,2.468889,2.1650367
TEVMEO,3.305095,2.585595
ZEZSUU,4.459946,3.0185041
NANFEQ,3.020736,2.8319814
AJELEG,3.5021055,3.0374289
NOYVAA,3.4514923,2.8679888
JOCJAN,3.6939456,2.5744839
BEPLIS,2.733928,2.2848353
BOHBAC,2.1834416,1.374357
ZOLNUL,3.4689076,2.624384
SIVTUO,3.4193828,2.1433277
XEDROP,3.3682253,2.8448558
ROCFUM,2.3282063,2.3162775
ZEWBAG,3.1513507,2.0109355
BIBSUC,2.6223612,2.1525369
JAWZAJ,3.0735261,2.505451
SIJQUZ,2.647668,2.565669
YIXRII,2.834066,2.5526168
HUSLIR,2.60032,2.2624187
KUDJID,3.659387,3.0467503
KEVGIC,3.5589771,2.6507282
LORDAY,3.599522,2.5663216
PABJOU,3.1812832,2.7654963
KUHLEG,3.19761,2.3624458
EKANEK,1.4114546,2.1575541
BIPGIR,1.4492785,1.7056689
AMAFOL,2.9665854,2.1897774
JAQKUK,3.6958504,3.342884
QIZTIE,3.467547,2.8867419
XADMIB,3.0689,2.3228774
ZEYTEE,3.4204712,2.1260388
WEHWIR,2.9167886,2.497729
QAJQIB,0.15619336,-0.27724004
XENMOS,2.5083456,2.7316065
RONCED,3.304823,3.1042175
ODISEC,3.8150363,3.0221179
GIFPAN,3.3284967,2.9431257
CIXQIJ,2.103168,2.2042696
MILXAG,3.8923166,2.9481015
BAMWAO,2.88223,2.3894074
TECBEL,1.4430199,1.877488
USIWIE,2.9385576,2.386845
NOQZOK,3.2435973,2.948084
KOFMAW,2.4022212,1.9957383
LISBAS,2.6158307,2.2399764
VAZGEK,3.5899982,2.5091803
IJUNOS,3.159242,2.2566104
NACTUH,2.7567856,2.333705
SINTOA,4.4008975,3.3404255
COSNUV,2.822637,2.1677406
ETATOI,2.942367,2.7803428
NAYWOB,3.1796505,2.9293962
VAHQOM,2.5559654,2.5382783
AGELEF,4.1189876,2.1684625
EJEROC,1.1635588,1.8878318
JITZAO,2.9437277,2.3604255
SUHGAE,2.9755652,2.6804583
ZEYLUM,2.8729782,2.4671285
XAMPEH,3.8310912,2.9236605
BEDBIX,2.7450848,2.3022428
BEKHAD,3.5796578,2.8910232
HUGWOW,3.8610237,2.8756337
XAMQEI,3.902385,2.8342972
QEJWEK,3.3132584,2.5039608
TEZWAZ,3.0732539,2.5396204
MUGTEP,3.8471458,2.6271176
NOMHIG,0.16027507,1.6134374
NAQGAQ,2.863454,2.107061
BIFMOV,2.678961,2.6992726
NIJTAE,3.443601,3.083674
XIVFAL,3.1097171,2.6608605
IDUFIY,2.7891672,2.2603328
MIJLEZ,3.6231961,2.4287932
JIJMEX,2.4054866,2.1504433
JOJJEZ,2.6245382,2.1773174
TACVEZ,2.7399144,1.811408
REWWEX,3.859391,2.359986
IKIXOQ,2.8659031,2.4261217
QIYVOJ,3.1766572,2.7684102
LUMRER,3.0046813,2.6382911
XEKXUG,1.1075034,2.7256298
GITXIT,1.6596224,2.4900923
VIGYOA,3.1195133,2.4084158
KOVYEB,2.7592347,2.724697
JIKBIR,3.9282358,2.2603033
VERBAX,2.6381438,2.2385097
IRIVUC,3.6795237,2.9900892
JIZWIZ,3.274074,2.514442
XAZZOO,3.2392435,3.1306686
ECIBOI,3.7295926,3.0955608
FEGVIX,1.8443878,1.4307208
GEVJAS,2.5132437,2.1665373
NUXMIE,4.234364,2.9115167
RIFWIP,3.4585671,2.4155536
ZIDZER,3.2520328,3.018959
GAGGED,3.8185737,2.6204095
RABJAI,3.408226,2.6916773
AZEDEP,2.1826253,2.2589445
DISBIQ,2.9483538,2.4734058
QUQTOL,2.3973231,2.6859496
CUFLUK,1.0623325,1.6954218
IKEDEJ,3.3012853,2.399414
UBIFUI,3.1788342,3.0321932
DUQFIG,3.9260588,2.87801
HAWSUU,3.3325784,2.6521814
GUMHOM,3.78075,2.681172
SOHSOZ,2.0103772,2.085644
LANKEQ,3.2517607,2.7408416
OVELUY,3.2678154,2.5407348
AVUTIU,4.1026607,3.1420279
KEVPOS,1.8530954,2.0044413
REBWEB,4.0452447,2.6905398
SUHHAF,2.7725682,2.4675474
XUPTAD,3.2422366,2.766401
IRIVIQ,3.1396496,2.697446
IQEBIP,4.065109,2.461222
EZITUC,3.7037418,2.68871
QOSJIS,4.029734,2.8721995
WAGJAQ,2.571204,2.069665
EJAPUB,3.9377596,2.8687477
IVISIR,2.129291,1.9820573
FODBAB,2.535829,2.3553395
QIGNUP,4.6259356,2.7209835
XOKVOK,3.3211496,2.1742008
FACVOX,2.4452152,1.2122499
FERFIS,2.985089,2.5631146
TOGNEL,3.1750245,2.7581842
IGOVIK,2.7396424,2.3095987
RATROV,2.8231814,2.1036816
GOHDUF,2.898829,2.6659462
CUCXAB,1.7475152,2.1960378
LUVLIY,3.2795162,2.7384138
DEZPUV,3.4223762,2.2950287
PBPNEP,1.5328174,2.0820456
YATTUL,3.4008791,2.6504753
DISQUT,2.07895,2.281633
XIRWIG,3.446322,2.5141068
BERBIL,3.0928462,2.2577722
LOFKUN,3.5206091,2.7417338
EQODUL,2.9464488,2.7003274
NITKUX,3.3733954,2.7580197
PAQTUW,2.6389601,2.3528035
KUFJAX,3.4275463,2.3860452
WIJKOQ,2.6424978,2.3291383
VEJGEX,3.0411446,2.2680168
NIVBAX,3.5957127,2.5276158
HAJQEO,3.4172058,2.5837178
TAZAPD,2.5807278,2.535768
XANJIH,3.00196,2.1755178
HIMZUY,3.8466015,3.0367727
WUCXOJ,3.058832,2.3834448
OCOPII,2.6180074,2.145947
ZUQXIS,2.7374654,2.152594
CAMGON,4.196812,2.7144396
WIBNON,3.121146,2.923841
QARPOP,3.190263,2.537352
EFAGEX,2.5241282,1.1180074
QOHQAH,2.8571956,2.1977606
GEPQUN,3.1393776,2.5351028
LUSDUA,2.936925,2.3397775
MELDIT,3.0299878,3.254061
EROGUN,3.3401976,3.038531
PANLAT,2.939646,2.5279763
VUSYOZ,3.199787,2.3470442
EHOFAJ,2.9796467,2.3341608
XIMTIZ,3.1486294,2.3598206
SONQET,2.05963,2.1896057
IKAJEL,4.7138286,3.1612308
WIJLEH,2.5026312,2.970459
GOMXUB,2.3630369,2.0062408
BUQDOI,3.4732614,2.375466
YEJDAS,3.6261892,2.6551611
PUYXAJ,3.272169,2.558534
QIBFEP,3.5622425,2.9522474
CIQYOT,3.3206055,2.6403527
HAVYIO,2.7703912,2.00595
LIYFAD,3.4901323,2.336123
XEYBOT,4.433279,3.2667396
NESQEH,2.3480706,2.2044299
IGIMAM,3.082506,1.6988388
YAQYEU,2.0427587,2.0771255
FIYQOV,2.1706524,1.9313326
NEPNED,2.8079429,2.136249
WUMJEU,3.5208812,2.8457901
TIHBER,3.3870013,2.8033636
PABKUZ,3.262101,2.4049826
XOKPES,3.2808769,2.4402835
NOYRUQ,3.2963874,2.3346395
KAMCEH,3.0844107,2.5808547
IVEVUB,3.7929952,2.539793
SOMWOH,4.184023,2.806498
ERURUG,2.8520255,2.3071153
IMUNAF,3.3535311,2.1733327
VIDFAP,3.7391167,2.4210808
HIJPIA,3.4670026,2.7351308
EFUZAG,4.0305505,2.897044
VAMTOS,3.7959883,2.9624584
ACIVIU,3.8226554,2.5458434
LAMVOK,4.131777,2.816395
MOHGIB,2.9018223,2.5705233
CEJBEB,3.8147643,3.1677837
OHUTUH,3.2822373,2.2072992
GELYOO,3.6702719,2.686356
QICNOG,4.2340918,3.228619
YOXGEY,3.331762,2.6049726
WAVDOP,2.3200428,2.2077281
AVOBIY,4.5179067,2.8188963
CEHZUN,3.9018407,3.2337666
KAJGOS,3.2966595,2.777324
TERDAX,3.1442757,2.656042
GENJAK,3.4795198,2.2549024
BEBGAS,3.965243,2.6703537
CATYAY,2.4340584,2.5411115
UNEXUI,3.4397914,2.5831103
VINBUP,2.062623,2.2209244
PERRIP,1.9997648,1.8735018
BIRMEX,2.9861774,2.2327733
TIFVAF,2.7978747,2.4696624
YECXUB,3.6876872,3.4123693
GUQFIJ,3.1355681,2.3596075
XOQBUB,3.157065,2.2050815
FUTHOR,2.6849475,2.301825
CAGWAL,3.4068656,2.6884105
SOPDOS,3.4757104,2.5063577
EVOKEF,3.7870085,2.6456144
FAKWOE,3.5951684,2.61447
GEPGEP,3.0740702,2.8023987
LIYZAX,3.3581572,2.4152093
KEVPAE,2.4392288,2.1327941
AFANIG,3.517888,2.1272297
MAQVUY,2.6182797,2.2437115
KUDQEH,2.2501094,2.0747364
FIBLOU,3.262101,2.1518173
XAVWIB,2.3940578,1.7846189
SIHYOY,2.882502,1.40206
ELUDAS,4.1744986,3.0748436
COJKAO,3.085227,2.69676
TUMCOT,2.4642632,2.0496778
SIGDIV,3.988917,2.72151
YIGPIN,2.7562413,2.405208
VEVREU,3.6577544,2.2861795
BEXTUU,3.634897,2.9425538
DAPZOL,2.414194,2.06374
DIGFAB,2.1358218,2.0558133
RIYDAG,3.661564,2.4173222
HIHREX,1.74942,1.6543493
SISJIO,2.0939162,1.8635126
HITBAO,2.7823641,2.5849397
HESYOW,2.8027728,2.2086353
KIPNIJ,3.515439,2.7980616
CASTEX,3.4925814,2.6759558
XOQBOV,3.0174706,2.2446444
YIYHIX,0.35755762,2.2717729
AZIMEC,2.7214108,2.2064338
OPOJIO,3.039512,2.484495
AHUQEA,4.352189,2.8631477
XIJGAZ,3.6090462,2.9048252
RAZLEJ,2.5072572,2.6442275
IJIMAP,3.680612,2.2644486
EWATUR,4.5848465,2.8492863
KAPWEG,4.973153,3.5658524
RIHNEE,3.0890365,2.3752935
SOHTUG,3.4838738,3.2746916
YADJUJ,2.4702497,2.3508375
REMNUU,3.0414166,2.5683403
MAWHAU,2.9622314,2.5651624
OFIMIA,3.4177501,2.7026966
POXLAS,1.6307784,2.5010788
OPEROS,4.1312327,3.0866652
ZEPVIB,3.6670065,2.217514
UJAVOR,2.3842616,2.425508
ODOGIX,2.248749,2.2295961
ULOSOF,3.5029218,1.877077
LIJHIV,2.690934,2.4234486
QIYVUP,3.343463,2.7058396
OLUGEI,3.037335,2.6905353
ETOBOF,2.8659031,2.7442822
HANXEB,4.4866133,3.0007777
TOGDUQ,2.492563,2.5231943
XACCOV,3.659115,2.7127206
QEZCEE,2.9807353,2.7040176
CAFQIJ,2.8732502,2.176162
HUYBIM,3.5306773,3.0991118
QEWMAH,2.834338,2.2528143
XOZQAE,4.0400743,2.7841563
MITMIN,3.2392435,2.705044
XEVLEQ,3.7246945,3.0554872
UHUDAC,3.1921678,3.596316
DAMWOG,1.8397619,1.8677542
XAGYIO,3.7744913,2.7271516
XUFVUP,2.1314678,1.9636587
QOPVIA,4.911927,3.8761826
CEGGON,3.2204676,2.3741155
XIVGAN,3.4830575,2.5863333
AVOZIW,2.923047,2.3328044
CONZOX,2.0713308,2.1824791
NOZJIX,2.8220928,2.633521
JERDOA,3.5905423,2.5180092
YOSKEX,3.4229202,2.7978966
FELPIX,2.7706633,2.4168282
WEYXAA,3.835717,2.4483724
CAXKUK,3.7464638,2.5488303
HOFNAT,2.9731162,3.0498965
OJIKUO,2.941551,2.3984032
MITMUZ,3.957624,2.67173
OJUYOI,2.966041,2.1273072
UDETUV,3.6188424,2.5315275
CEMYOL,3.272169,2.106379
GACYUE,3.90048,2.864849
YAWXAW,3.429179,2.5930982
ZELMIO,3.8705475,2.6828182
TOCREK,3.1954331,2.9904807
BIBPOU,2.612293,2.4389646
BOLRID,3.6642852,2.662376
QAFMOA,2.860461,2.7154193
IXUCEK,3.943746,3.161167
VIHQEK,3.5402014,2.8110535
POJPIO,2.1643937,2.3846016
YOCWAO,4.7350535,2.9726923
WAQXEU,2.674335,2.0754256
FAHFAW,1.7420729,1.7869776
JOJPEE,3.5366638,2.3792148
GOWCUS,3.46537,2.8552973
KAHXUN,2.1638494,1.9494443
SODSOT,2.536101,1.9936998
TUTDUJ,3.3731234,2.325025
YARMAH,4.6517863,3.1725562
IGUWOW,3.9032013,2.9237416
PAKQIB,2.5151484,2.6074197
MIKQEC,3.7954443,2.8792293
EGOHIT,2.9554286,2.8226786
AYUYAW,4.010142,2.6761599
UNADUJ,3.219107,2.7231374
GIDYOH,0.7472247,1.3011106
ZOLKOC,3.730681,2.7959802
GESPUQ,2.9785583,2.2444532
EQEMUJ,3.4286346,2.5811942
WUZWIZ,3.0547502,3.0965607
YAYDOU,2.8332496,2.2817388
IVAPIG,2.4003165,2.334694
COVFIC,3.6699996,2.671899
ETALUG,3.0030487,2.5378523
CASTIB,3.274346,2.6018639
FELLUF,3.6934013,2.386728
BOJRIC,2.1502438,2.4615867
BEPJOW,1.9205797,1.6669124
NEHHUD,2.631069,2.624395
ECOPIY,3.3924434,2.5367227
ROPXIG,3.4909487,2.274366
BUPMIK,2.2732391,2.2459502
XUWTOZ,2.8335216,2.5395966
YASPAK,2.1203113,1.745541
WECJUM,4.2052474,2.8986726
BOPMOJ,3.1589699,2.4153748
RAVREM,3.4196548,2.9583907
BOFDOS,3.1192412,2.4818377
LORFEE,3.7418377,2.4876456
RELPUV,3.1578813,2.3849285
UDAPAR,3.1108057,2.2786791
HIGGOT,3.3279526,2.199965
QEWHAC,4.2550445,2.6640606
KAVFEV,2.7276692,2.696041
TAWXOG,2.8397803,2.5236337
GELKEP,2.344261,1.6308846
HAZCET,3.4112194,2.7181606
JAWYOW,3.020736,2.6342704
FIQPOK,2.4841275,2.4022195
ECIBIC,3.7285042,3.015222
JAKREV,2.70971,2.1957102
PANNUN,2.0939162,2.2364278
NAWKOM,3.0310764,2.2022266
RINSUE,3.4980237,3.307782
PORNUG,3.3589735,2.5284925
HUBLIA,2.0977259,2.4370723
YILRIV,4.101572,2.7226353
UJAGOB,3.2460463,2.7168965
BANSIU,2.5614078,2.3129387
PAQPED,3.0713491,2.423752
HUTVIC,2.6438582,2.7908096
CIQGEO,3.2841423,2.5774057
LIVBEA,2.7733846,2.199955
VIQVUM,1.9856149,1.9180133
GUQBUQ,2.597599,2.3105195
FOJQEA,2.095821,2.074494
XAMQOS,3.7475522,2.97606
NIGYEH,3.718708,2.723386
HOSZUM,2.9246798,2.2621398
BOFNUG,3.510269,2.2727895
UYOCOB,3.89531,2.5447693
TOJJIM,3.9045618,2.373683
QEFTOK,3.6547613,2.2433352
OQACUF,2.5995038,2.4139895
SONBAZ,3.1548882,2.6096718
RUQVOO,3.345368,2.6106558
XETPOB,1.0724007,1.4784018
HIQVIO,2.7325673,2.3342576
MIXZUQ,3.6748977,2.696748
MEKTAY,3.6931293,2.5723753
QIHJAU,3.4732614,2.4728508
BOFDIM,3.1227787,2.4851663
QAJDIR,2.5448089,2.659186
FECKIJ,3.042233,2.6016097
ZIMWEZ,2.6835868,2.0484831
YULVIL,2.0775893,1.9832178
UZACII,2.4792295,2.4319763
VICPII,2.64794,2.285479
WERCOL,2.6019528,2.407837
QIZRAT,3.6280942,2.8852437
AHAWUB,2.7420914,2.470128
XAYPUL,3.8106825,2.9713476
OCEPER,3.0025043,2.603864
HIPDOZ,2.4931073,2.258954
VUMCUD,3.897487,2.5817592
WEGJIE,3.410403,2.7197301
MEBYAU,3.2079504,3.0940194
MISRAI,2.573653,1.8404033
HIQVOV,4.533145,2.990585
MAJKUG,3.5187044,2.7504416
NADWUN,3.5791137,2.4523997
RAKTIJ,3.620475,2.4943092
WIRHOU,3.2139368,2.8514373
VONWON,1.8922797,2.1186306
SATXOA,3.632448,2.4116037
LIPKIH,3.084955,2.7704275
GOJMAU,2.4049423,2.317794
MELDEP,3.1333911,3.070434
CIPFUE,4.4926,2.857103
NEGFEL,3.2294474,2.6501884
COFPIX,3.2566588,2.331902
ATOLAY,2.3360975,2.1350367
GUTPOB,3.1222343,2.0875177
ITANEW,4.265657,3.1224597
FUDMAU,3.3442793,1.9922122
FASBAE,2.7516153,2.0988488
ABAXUX,3.4977515,2.771378
VIDYEM,2.8544743,2.4371738
YIYNAW,3.938032,2.5445867
NIWVEU,3.7470078,2.3843355
WAHJIY,3.075703,2.5782762
HIJFAI,2.0084724,1.8866315
MOYCAG,3.8898678,2.8001292
EGUFIW,2.1709244,1.3994282
QIKGUO,2.270518,1.9831554
QIPBOG,3.1850927,2.104486
JALGIN,3.7434704,2.555849
POJJUV,3.0408723,2.398688
RIJWIT,3.4049609,2.4429545
CLEPPD,0.19347295,2.2686386
UCODAT,3.166317,2.3429103
CAZTEF,3.5829232,2.5498402
SEPKUU,2.349431,2.259711
OVEPEL,1.9224844,1.8254681
OVETEP,4.041163,2.529502
WUFDAC,2.5151484,2.175744
SIRPIV,3.7475522,2.7393436
UHATAY,4.375319,2.8692324
QELRII,3.4969351,2.6469264
SEVLOV,3.3461843,2.711554
QAJDEN,2.552428,2.623292
LAQGUF,3.2397876,2.567902
PIBWIJ,2.1619446,2.254868
LATJAR,2.2980015,2.1767845
PACLUC,3.2683597,3.0101647
BAQMEM,3.5173438,2.8811784
NOYBUA,2.0530992,2.0117579
SIJPEI,3.2201955,2.6352115
GANLUE,2.9616873,2.299831
MOWRUL,3.0939345,2.2265043
COCNOA,3.6452372,2.6296828
MIYCOP,2.4841275,2.4391317
XOGMOV,3.6738093,2.7970192
CMTPPE,3.6934013,2.8729126
IQAZEF,3.190807,2.53561
VIVYIJ,3.3042786,2.5572288
DEBCES,3.680612,2.8384511
EMOJUL,3.629727,2.6099439
XOCGEE,3.6811564,2.7307525
KAJSEV,3.5206091,2.937094
HINCEN,3.2250936,2.8402002
WILBOJ,3.9856517,3.082868
XAHYAH,2.9731162,1.7859604
VORLOD,2.329839,2.0104785
VUGXUR,3.2952988,2.265675
CEBBIW,2.1518764,2.00002
WEFZAL,4.4438915,3.3149917
UCUHEF,4.0833406,2.8347478
VUFZUT,2.741275,2.5905814
ZOLWIJ,3.8972147,2.5860128
DAJNEJ,3.7178917,3.1322522
XAQVOB,1.9064298,1.9608508
IRIJOI,2.655287,2.2174597
MIHFUF,3.551086,2.8762074
CENXAW,3.4517643,2.2965775
VERCAY,2.5777347,2.3664994
BEVFOY,3.3516264,2.6490831
SIXDIM,2.224803,2.4091377
YOPGOA,2.9042714,2.6807995
ZOHGOV,3.2705364,2.7275276
HIRWOU,2.1189506,2.1691155
TINTUH,4.119804,2.4460225
SURCUF,3.2060456,2.7652326
BAMBOG,3.3676813,2.7672038
LEMDEM,2.717601,2.287169
NOGCUJ,1.8579935,2.0170748
AWIYUC,2.7350163,2.1261663
WECQED,2.200857,1.8754112
SUGKEM,2.3886154,2.154849
BEBGUL,2.7774663,2.1279733
LIMVAE,3.424553,2.9239464
HOKBEP,3.4430566,2.5800457
WOVKOH,1.6147237,1.7865602
TIWHAJ,2.9935246,2.1909482
CIMYAY,0.9045065,2.5014758
SINVAO,4.8819947,3.4963934
HUJYOB,3.1763852,2.544484
VUHBOQ,2.4463036,2.2611012
RELQEG,3.1567929,2.5360935
LAQDAI,3.1195133,2.343612
ASUYAP,3.763879,2.2272773
CIFCOM,3.8019748,2.8430488
OVEPUB,2.0498338,1.8069503
BORMOM,2.2305174,2.128697
EJUWEM,2.863454,2.508052
XELTAM,2.6318853,2.1915312
YIMQOA,4.158444,2.8462486
OCEPAQ,3.3606062,2.6162732
TEVMOY,3.3440073,2.754077
NUMNUG,1.675405,2.1310668
QAYDOJ,3.673265,2.6789386
XAPLUW,3.3755724,2.8044252
BEBJAW,1.4261488,1.3313247
CIJDUU,2.3260293,2.0003386
CESLUH,1.5869681,2.2913888
YOYFEZ,3.372307,2.913768
JOPHED,3.4324443,2.7159696
HUBNEZ,2.6101162,2.4204264
GUWLUF,0.9548475,1.8524418
DIFVIY,3.3967974,2.7154436
ICUZEN,3.0539339,2.3524308
ZUNYOY,3.0057697,2.493
QARCIW,2.8626378,2.421416
POJPAG,2.6068509,2.619693
IVUCUY,1.7984005,2.1142058
PAQPIH,3.3037343,2.092853
QAHDIN,2.7374654,2.4598546
IWADAM,3.6482306,2.1860797
DANBEB,3.873813,2.8548198
YIRCUX,1.3058745,0.33073163
ZOQKIZ,2.0664327,2.0789895
POPZIE,2.341812,2.1520216
CECDAQ,3.7799337,2.336772
CUPPIN,3.2874076,3.3708599
AFOZUQ,3.386185,3.1022432
KABDAT,2.6125653,2.1934948
YIMXEZ,2.6373277,2.746302
CIWQIJ,2.1660264,2.2718246
POMKEJ,2.4403172,2.868766
TOQNIY,1.8971778,2.3817248
QIZVEC,3.1412823,2.743117
GEVDAO,2.8830464,2.368991
MIVJIM,3.6057808,2.4331627
KUDVAH,2.8895772,2.956619
FOSVUF,3.3987021,2.0833125
VUVHOL,2.0661604,2.1331258
AFOGEK,3.7815664,3.187483
QAYROA,3.0381513,2.5532918
VORREC,2.798691,2.4754848
BIBLUW,2.2373202,2.38188
DIVZUE,2.7459009,2.252429
WILBEA,2.3162332,1.9183867
QIDCEM,3.6664622,2.9311998
XEGPOP,3.226454,2.5625684
ONUZON,3.1948888,2.4724123
CIQGOY,1.7483315,1.5728059
RALTIH,4.0234756,2.723453
QOCVAF,3.324415,2.957482
DOLWIN,3.7097282,2.662223
XILYOG,3.3793821,2.3812685
FELPET,3.090125,2.6369166
SEJXEM,3.5633311,2.741492
HIQVIP,4.4207616,2.9658978
GIKVUS,3.2729855,2.27847
MUXYOT,3.517888,3.0125816
ETOGIF,3.5875492,2.703692
XOWVAI,3.0365186,2.3694587
KIWCOJ,3.957624,3.0731604
OFAQUJ,3.3467283,2.5318608
BOSFIB,2.753248,2.15738
WETLUD,3.1916234,2.6191525
JUPMAK,1.9067018,2.0145388
BOHKOZ,3.8536766,2.3377926
GATLES,2.6999137,2.8029137
VEVPOC,3.3584292,2.7100933
XEYBUZ,3.5804741,2.8332884
HAKLUD,3.1706707,2.7429395
VUGCOR,4.461035,3.0037813
NAVTUZ,3.3167958,2.5667496
FUFHAR,3.33149,2.842593
SOTWEE,2.901006,2.9118073
NESNAA,3.182916,2.4314163
ELALIM,2.475692,2.9697995
BEQZUT,3.302374,2.6389704
YOGQAO,2.860461,2.6942334
WOLNOD,3.264822,2.1129608
LABJIK,3.3823752,3.1970255
HAQPEX,3.1540718,2.6463473
CAPPER,3.5793858,2.5509849
NANDAH,3.7576203,2.5728965
FIQLUP,3.147813,2.4087887
VAFPAU,3.2653663,3.0469446
WUHQAS,3.3665926,2.6533232
FANBUU,3.0906692,2.7451835
UNEYIX,3.5328543,2.757656
FULXAM,3.0808733,2.5093503
WOWQIK,3.3981578,3.0775964
OWEVIW,2.1692917,2.0234547
HOJHAP,3.0936625,2.5347168
BAWKAM,3.7418377,2.6211958
KUDTOT,2.7995074,3.1847906
SOQHOV,2.227796,1.611461
CALRUD,3.6800678,2.4216938
XULXUX,3.2751625,2.4551063
IBEZAS,3.6697276,3.121307
JILSEC,3.2942104,2.2991025
IFEFIJ,1.8525512,1.1936828
XOQTII,3.6223798,2.4636905
SAHLUI,3.3635995,2.269759
LIQLEE,4.055313,2.86095
YOHPIV,2.1907887,2.317101
RUJNUH,2.414194,1.830879
VAPHEB,2.6460352,2.4424715
EHUXEM,2.5894356,2.2110982
XIZJOH,2.576374,2.2261243
CEQHOV,3.6163933,2.6328893
EYAGIV,2.1970472,2.2740233
CUPNAD,3.4898603,2.4785411
ECEHUP,3.5353034,2.6789591
UCULAH,3.634897,2.3309305
EKOWIM,3.410675,2.2484684
ISUJAH,0.93198997,1.7541159
DADHOF,3.6544893,2.1167219
JUBZOV,2.9908035,2.2657948
FOZQAO,2.3834453,1.9804962
QAMHET,3.597073,2.8978996
RITLOV,2.351608,2.428006
QIYVID,3.4414241,2.6963918
VESFEE,3.159242,2.0758018
XAMTAH,3.845241,2.6044807
BEXTEE,3.5619705,2.8692777
FOQVAK,2.463719,2.1391816
CIMFEK,3.2610126,2.1065521
WARVUI,3.432172,2.450489
SAWHOO,3.9187117,2.6970243
LEDJEJ,3.2101274,2.8650193
DOJMAT,2.181537,0.82013774
ZASBIE,3.329041,2.79213
NONBID,3.4215598,2.4806483
CIKBOQ,3.8563976,2.8870146
BIWMUP,3.3382928,2.516312
KEMMOF,3.5331264,2.8040173
DURKUX,4.1119127,3.054013
NUFGIF,2.9137952,2.3025558
HAZCIX,4.1788526,3.0574205
QAXCOH,3.9421136,2.9188185
BEJFOM,3.5494533,2.2612095
IHEKUC,2.90155,2.5963087
SIJSEK,3.0705328,2.518249
RERWET,2.3992279,2.1292076
WEJJEB,3.4955747,2.875953
MILJOH,2.9140673,3.3497941
BEMLUA,3.3021016,2.7720747
MARZEN,3.0297158,2.2125874
PAWJED,3.8849697,2.2501307
LERRAD,3.2871354,2.4887843
QAHDOT,2.4563718,2.3797934
SEWZEZ,3.3899944,2.826999
XILFEE,3.1037307,2.419396
BARHIM,2.8473995,2.3230913
HANVEA,3.575576,2.6272695
TOLQAM,3.6574824,3.3613327
RILKEE,3.3042786,2.188302
CIGCON,2.9031827,2.181544
CIJFAC,2.3238523,1.9980152
OTADIY,0.20136426,2.2422428
MABLUZ,3.3543475,2.3984947
HOQBOE,3.9344943,2.7444754
FELQET,3.0150216,2.0901494
PARJAU,3.6640131,2.9044495
MASNIF,3.415029,2.6496243
IGUXAJ,4.130144,2.9710202
KAKCIK,2.6903899,2.3221977
LEZYIA,2.370928,2.342198
ROHJOQ,3.3538034,2.8420231
NABLAG,2.9722998,2.1770728
MUBFIA,3.2947547,2.5000277
RIFTIL,3.9644268,2.5209174
SUQXAD,2.1856186,1.6880819
UNEYOD,3.477343,3.0193748
UCUMAI,2.1475227,1.7751592
RACJEL,4.112457,2.4015455
VEFSUX,3.8512275,3.129676
MIDPAQ,2.1706524,1.7506604
HEZYIX,2.7478058,2.5941145
RATLOO,3.6800678,2.624251
FEQSEC,3.7252388,2.4439778
BUYCIJ,3.331218,2.9292157
MEGHIS,1.6939088,1.9746708
UJELOK,2.7763777,2.209124
ZEJQEN,3.283326,2.099578
LUMSES,2.8969243,2.4651127
QISDAA,3.9252424,2.6360168
YOZKEE,3.6724486,2.078541
MOHDUK,2.5418155,2.4757314
TEJDOE,4.2384458,2.679782
AFABEQ,2.920598,2.8571894
NACJEH,2.78182,2.44936
FENTIC,4.228105,2.8747745
KAYGUN,3.9636104,3.4336452
KAFPAK,2.4574604,2.6222248
ODABED,3.792451,2.7851403
GIMDAH,1.725474,2.3373957
XEKXUJ,3.0667233,2.6396813
EKAPUB,2.8144736,2.6552176
ZOLLET,3.248223,2.5781612
JESTAC,3.759525,2.8392663
HOXBIG,3.450948,2.7018287
ZIGHEE,3.0618253,2.6052103
FARZUV,2.8596447,1.7799736
COBWAS,3.7867365,3.0586045
XEDRUV,3.2852306,2.4054325
QIDBAH,3.3393812,2.3586357
KARSAZ,3.2830536,2.6636531
NADFED,3.4182944,2.5938382
IGIJEO,3.040056,2.427329
QAMYUB,3.0498521,2.7035472
VITCUW,4.423755,3.394196
DIGMEO,3.637074,2.7443597
PUNTOH,2.8982847,2.6414776
UFICAQ,3.7668722,2.677333
NAFQER,3.2514884,2.1850307
GEXZEQ,1.8503742,1.9956989
ADUGAJ,3.102098,2.283053
GAJRAL,3.553807,2.7846668
NUMNOA,1.962213,2.2182124
JOJPAA,3.2735298,2.4479125
GOJSUT,3.3538034,2.5941556
RAHVAZ,3.2076783,2.3945968
CINWUT,4.502668,2.9601018
HAHSER,3.9328616,2.5808842
NEZCEC,3.6661901,2.567694
JUTPAR,3.3796542,2.6498985
SERJUU,3.5459158,2.903089
JIJMOH,2.2950084,2.0365167
ELAZAS,3.7086399,2.4700654
SIRRUH,3.3200612,2.2607875
JUCCOB,3.0378792,2.315769
XUTSAG,3.7894576,2.792306
QUMKOY,3.537208,2.6061878
REKVUZ,4.0378976,2.4426355
NELQIH,3.4659142,2.683639
XANJAZ,3.0027764,2.1749082
ROJKIM,3.4256413,2.6344101
XAJBIW,1.9755466,1.7224919
NEDHUC,2.4237182,1.6845888
YIXXOT,3.721157,2.7334454
MOMTIR,3.792451,2.8817835
TAHBOW,2.963864,2.385734
KEVHAV,3.3333948,2.778879
THPBPD,2.9627757,2.1643004
HUSLEN,3.1657727,2.2058282
HAWSAA,2.2626266,2.0364268
IFOPAW,3.0076745,2.3222241
SUPMIZ,3.1241393,2.614988
LUTGIS,3.926603,3.202676
POXSUR,2.70073,2.3232722
LASXUZ,3.224005,2.4838169
YAQXUJ,2.2182722,1.8979268
RAKKUK,3.6139443,2.7441602
WECFUI,3.797349,2.4806187
NUCDOE,2.6329737,2.3188853
IRAPEW,2.3978674,2.0018458
CUXKOX,2.3243966,2.1865296
QIHJID,3.2041407,2.3841414
EWIDIX,2.782092,2.2291563
IKOCOB,2.53338,2.183234
WOMKAK,3.288496,2.0966473
PIXKEP,1.5521375,1.8244168
IJEVEZ,4.049054,3.148039
ZIJKAE,3.8985753,3.1197047
TAKNOK,3.2444136,2.6624045
QICZIN,2.088746,1.9300458
TUDZOJ,3.3763888,2.416879
NUXDOB,3.04958,2.3435416
QIHJIC,3.4495873,2.4867449
GAJQOY,2.6683486,2.6050563
WAHBAK,2.9894428,2.440179
IBALAA,2.5420878,2.2472892
VERLEL,3.1061797,2.6314735
KODSUR,3.1241393,2.5111363
OFOKAX,2.1706524,2.2480679
UFICEU,3.761702,2.595199
RAJYOS,3.553807,3.2455819
OXEDIF,2.7864459,2.315986
LICPUL,3.0386956,2.0452611
AGUFIT,3.2972038,2.7122657
WIJSOA,3.1584256,2.2422335
LEXWIV,3.5167994,2.8664312
FENKOZ,2.8971963,2.320058
BOPSAD,2.3260293,2.8325179
KIRYEP,3.9393923,2.7645354
IFAYOD,3.0814173,2.423915
VAJBEP,3.8003423,2.851776
CEBTUB,2.124937,1.5697825
PEYXEX,3.713538,2.3943162
CONHOF,1.8699665,2.081717
ZEPGUZ,3.6226518,3.1590884
GAKSET,3.5257792,2.485363
SUHFAD,2.9208703,2.4500618
AZAMOF,3.2890403,2.312631
EYINUW,2.478413,2.1716483
OKUROB,4.4588575,3.2522197
HACHUR,3.101554,1.9720348
NIHWAF,2.9744766,2.5771713
QELSEF,3.3946204,2.759817
XATRER,3.2904007,3.0525198
USEWAR,2.5208628,2.2899456
ODUDEY,2.8484879,2.667015
XOBNEJ,3.1869977,2.5716624
XENXOD,2.961143,2.50911
PABKAH,2.8552907,2.701161
COCTAR,3.1178806,2.5581453
SOQKEQ,3.3333948,2.8431346
RALMIB,2.4180038,2.0921574
CAXQUN,2.3211312,2.207132
ARIZEI,2.0035744,1.6126314
OZALUX,4.236813,2.9908469
UCOMOR,3.3638716,2.4030132
LAZYAO,3.9723182,2.7091708
GOJQED,2.913251,2.253923
CAQYOJ,4.096674,3.1784427
KIWCID,4.112729,2.9993336
YEPDIJ,3.783471,2.2751749
XILZAV,2.5633125,2.2295666
DOLWOT,3.6338086,2.8356469
DAJPAG,2.984817,2.1505132
JUJJAZ,3.2386992,2.2926273
ZEJBEY,2.514604,1.7532511
BAKSIR,2.3918808,2.3430476
ZODQUE,3.2675433,2.6824224
DUBLAP,3.2944825,2.7117763
LEGKAJ,2.5722923,2.631031
DIJXEB,4.4849806,2.6996276
IXIFAX,2.3461657,2.3095443
EDONOC,3.1733918,2.5693295
GANNAL,2.8280795,2.373575
KIJKEU,2.939374,2.39079
OXEDOL,2.9263124,2.4689465
ECOKEP,3.7861922,2.856555
LIPDIY,3.1864533,2.3502076
HIZBOH,3.6811564,2.5473962
FAFCEV,2.6131094,2.448383
NOXMEU,2.373105,2.6070402
VEVCIK,4.564982,3.2821052
XUSSOV,3.372035,2.200704
CINVEC,3.6280942,3.453779
ACTBPD,2.985089,2.630468
VAZFUZ,3.4645536,2.7276769
TOGQEO,2.2963688,2.2156005
AZASEZ,3.0762472,2.2407517
RAHCIN,3.3831916,2.5991743
ABUWEZ,3.8155806,3.479217
RILHEZ,1.8669732,2.4001894
KOWREV,3.761974,2.525754
EBEXAK,1.8081967,1.8088986
BEXTOO,3.548637,2.911292
DIDFOM,2.7154243,2.307791
UVITAV,2.977198,2.3736997
OLUKIP,3.0536618,1.9761891
REMYEQ,4.380489,3.1521006
DIYBIX,3.9274194,2.5098658
WECGOD,4.992473,3.1711512
AZAQAV,1.8642521,1.7241417
GIPXEJ,2.977198,2.453011
ZETPOG,2.9023664,2.2456307
LABJEG,2.8259025,3.1475616
QAXCIB,3.6642852,2.8496892
ZIHBEX,3.2278147,2.278201
XUWHAY,2.5445368,2.1126096
MURBEH,1.9205797,2.0330625
GIMXAC,2.0114658,1.7592647
DOVLEF,1.4773061,3.0751386
AQUXIU,3.5453715,2.0653696
QIWJUC,3.9372156,3.2807934
QOCWAG,1.3390723,1.6859423
HIBXAT,2.4743314,2.269195
ESUPUD,3.2890403,3.0634282
NEZREQ,2.8215487,2.4438858
WUNYUB,2.8514812,1.9462705
NOMZUM,3.1869977,1.7560097
VILTAM,3.14999,2.463554
VALKAV,3.1720314,2.4679575
YOZLOP,3.653673,2.2738996
AHAJEY,3.8996637,2.999302
TAWXEW,2.640865,2.4532804
LUKVES,3.329313,2.7055404
RECTAV,0.97226286,2.1581335
RAYCAX,2.6947436,2.3924065
HENJIU,3.7954443,2.9681907
APADEB,1.976363,2.5626419
MITQIP,1.8658848,2.3378196
ENAXAS,4.108103,2.7810585
FIRDAN,2.5352848,2.4804537
CINVIG,3.353259,3.5612893
VAPYOC,2.1513321,1.9490068
BEQLUE,2.3712,2.8467422
FIJFEL,2.7309346,2.4984384
QAXCUN,3.3282247,2.4616842
KOWRAR,3.3110814,2.4972453
UWAZAU,1.8356801,1.6001102
FIVVEM,3.3606062,2.697597
VUGDOS,3.878439,2.775146
KEGYIG,3.6906803,2.4975414
WOYGAS,3.8180296,2.5656157
XUJXEF,2.3091583,2.1056764
PUMDAD,2.5083456,2.182354
JUCCUH,3.056383,2.1727595
ZEJPOV,2.6661716,2.4021344
XEJXIV,2.5107946,2.152616
NIJHUM,2.14589,2.1299171
DONHOE,3.0297158,2.583495
ENIBEK,3.006586,2.2769728
TUYTAI,4.155451,2.7498202
BOCPEP,2.2027617,2.308018
OJUZAV,3.0193753,2.2061994
YEJVAL,3.1271324,2.2525916
KAJFOR,3.2792442,2.750568
JEHYAW,3.2536654,1.9822578
EFUWAD,3.1132548,2.4830186
REVSAM,2.2141905,2.3540885
YANCOH,2.8476715,2.5347655
DOYTIV,2.157863,1.9455695
JITZES,2.9456325,2.319594
FURGOQ,3.3924434,2.712113
YEKJIJ,2.581,1.8662328
PIFLUN,2.8218207,2.2364032
PAKXAD,3.395981,2.3960931
RESQAK,2.6952877,2.4239824
HEDHAZ,1.8427551,1.6433419
IPUSUI,2.5924287,2.00783
QADFAC,3.0844107,2.7421215
OHALAK,2.473243,2.3455946
VUCQOA,3.575304,2.2311583
KIXLUZ,3.9633384,2.9975045
SIHWIR,3.5938077,2.685513
BEPMIT,2.635695,3.142716
VIRFUZ,2.693111,2.2780943
NIYBEC,1.9698323,2.055868
MAJKAJ,3.7015648,2.695011
GOSPOT,1.7281952,1.5230141
MIDRAS,2.1431687,2.7738018
ICADUL,2.8082151,2.4118369
XONBUX,3.453125,2.595419
YURYEQ,4.3345017,3.2652996
WELFIC,3.4348934,2.7443495
FANJAI,3.0177426,2.8366883
LUMSOC,2.894203,2.5010245
IQEBOV,3.553535,2.7509732
RAVYOC,3.2223723,2.755817
TOTREB,3.3162518,2.6812878
MOQKIN,4.1908255,2.333427
RALMOH,2.4778688,2.192684
WUQRIK,3.45122,2.4343917
TOTSEC,2.793793,2.712934
NEVCUO,3.4384308,2.8865001
ZIWFIU,2.1883397,2.6530263
IBALII,2.5102503,2.404274
OJENIB,3.3366601,2.1521723
AQOGAQ,3.6765304,2.7671828
YAYZUT,2.920326,2.8982613
ICEFUR,3.6104066,2.9059134
WAFYEJ,2.403854,1.6762744
ZADFIT,1.9510564,1.9367135
NITCOI,3.0762472,2.3292165
YEFQUW,3.3870013,2.562472
TEVYAW,4.3179026,2.9901712
OXAFAV,3.2664547,2.699655
NATCAM,2.5510674,2.913887
MEDKOX,2.669437,2.5111837
YUQLUT,2.9216866,2.199329
VEDQOK,3.654217,2.5192778
BEPHOW,2.2378645,2.5823483
BOSKAY,2.8275352,2.4639244
OZOKAQ,3.3445516,2.9947245
HAHQUE,2.3956904,2.3200598
HEBVOZ,3.6101346,2.9602432
MISQIO,2.1804483,2.6401544
MAKBIK,2.8792367,2.4385808
BOCKOU,3.7921789,2.7009017
VUHCIL,4.1867437,2.7048643
XECZAI,1.7752708,1.701811
MATREG,3.6242845,2.3524127
LEDCUS,3.4223762,2.3395007
USEVIY,2.2446673,2.1745124
CISZAG,3.1249557,2.6666355
SAFBAC,2.5812721,2.372207
ULUSAW,3.0267224,2.4786391
ZEJQAI,2.5709317,2.5027971
XORVEH,4.184567,2.9346662
ZEKQIP,3.44605,2.1863544
DEPHUB,3.6256452,3.017015
SAMBEQ,3.8444247,3.0697272
ZIWLUP,3.943202,2.6607404
BESYEG,4.7859387,2.8321524
VEJBIY,3.2057734,2.7451596
UCIFET,1.6484658,1.7778882
NERXAL,2.7897112,2.3502197
VEGDIV,2.7023628,2.8224738
XAHXUB,1.4019306,2.0145495
GONVIO,3.1159759,2.9609346
FEHSOD,2.715152,2.691532
XELQAH,2.8310726,2.4261122
CAHWOX,2.5820885,2.9673064
UWAYEX,3.450948,2.4788792
JOZQUK,3.802247,2.816235
GOXSUJ,3.0618253,2.4084053
ADUNOC,2.8082151,1.38824
DEWLEZ,2.8215487,2.2211294
PAJQEW,4.4057956,2.6238852
HONKUR,3.6631968,2.6000354
LUTBIN,3.890684,2.992589
JAVLUO,3.238155,2.646339
QOBJAV,3.286047,3.3686054
XONRAU,2.944544,2.3490894
SUXXIT,2.9864497,2.5073164
ZUXWIA,2.272967,2.2141488
YOWGUN,3.477071,2.7646797
ROCVUB,3.7108169,2.6836843
NUPRUN,2.475964,1.7835512
ZETDEK,1.0650537,1.4748849
OGARAP,3.4044166,2.1749227
WOCLEF,3.4811525,2.9758728
DAWBEJ,2.6460352,2.3961852
HOGGOZ,3.3192449,2.5960267
HADBOG,3.4324443,2.9677575
BUJDUG,3.436526,2.1452968
POKSOY,2.70971,2.3712358
LIYYUQ,3.137745,2.2948027
AHOCIL,3.3535311,2.7188067
AZUWID,2.8346102,3.0197358
AQAQIU,2.7088935,2.3612666
VINVUL,3.2999249,2.481648
TOCQUZ,3.6272779,2.5920467
JUWDUA,3.446322,2.4897802
XELMUX,4.347291,3.1094952
QAXDUP,2.1151412,2.1854892
TUWKAX,3.2422366,2.6049778
ROLPUF,1.3992095,2.1522684
FAJLAF,4.854239,2.7451987
MOBDEN,3.8231997,2.8038013
YAMFAU,3.436526,2.361207
WIVJUJ,3.477343,2.5742083
ZOQFOA,1.3994817,2.0426369
JADKAB,2.810392,2.411795
PETYUL,2.4604535,2.0346875
IWAFUH,3.0727098,2.7138262
CEQXEC,3.0974722,2.1996865
EMEBUU,2.8512092,2.2873943
TIKLOR,2.946993,2.830002
POPZEA,3.1584256,2.665546
YONNOF,3.4408798,2.484928
CINXAA,4.3745027,2.914596
BOYKIK,4.853151,3.3215268
UWOMEZ,4.5734177,3.2427778
YATQAM,4.112457,2.86411
HOTLOR,2.3170495,2.1018445
SIGLEC,2.4294326,1.9923396
ZIDCUM,2.8329775,2.280418
DAMJAC,2.937197,2.26624
IXELEC,4.0642924,2.898848
GAJMOU,2.086297,2.0398054
XABNIZ,2.8133852,2.2795992
UNOJAJ,3.785648,2.930436
UNABEQ,3.4022396,3.1202743
XARQUD,3.0882201,2.1985018
ATEGEM,4.0689187,2.7592905
FANSOC,3.6465979,3.1149578
BIDHEB,3.730681,2.6891575
NIBTEX,2.5728366,2.5705457
REQDEW,3.039512,3.0455685
ICEGIG,3.1682217,2.797558
LUTGOY,3.116248,3.0899258
HAHSUF,2.9521632,2.324583
RIRTER,2.7562413,2.2947152
CEGGUT,3.491221,2.402146
ESUQAK,3.2808769,3.0343192
YIGYAQ,3.8310912,2.9609108
FICREQ,3.3083603,2.888265
KIXYUM,3.4789758,2.7677448
XOQRIG,3.4376144,2.8912895
SAXDAY,2.1684754,2.5899942
DOPRUY,1.8985385,1.9543749
MPPDBN,2.7859018,2.976316
MUZHIY,3.6427882,3.0735393
DIBKAB,3.025362,2.0315068
BEZWUZ,3.4193828,2.4593344
QIXSIZ,3.874085,2.4643195
ACIWER,3.8104105,2.5738583
TEGDUF,0.5907592,1.9098234
TAFWEF,3.1927118,2.5825093
XAGLUN,3.0297158,2.442629
MARNOI,3.976672,2.8019476
CAQSOE,2.6131094,2.1966765
ZUXWAS,3.111622,2.7213368
TANDUI,3.1850927,2.5908716
RAVYUI,3.4852343,2.8199673
WAHBUE,2.8122969,2.438799
WAZSUO,2.0299695,2.0929387
TPASPD,0.24218133,0.22591758
ARAMIQ,2.3045323,2.3900933
BILDUY,3.0354302,2.153641
WUFDUW,2.597599,2.2062652
DOGKOB,2.3311994,1.9040952
TITFEJ,3.0909414,2.336914
KUFHUP,3.36496,2.241677
LIGFOW,3.5478206,3.1778946
RETNEL,3.6455095,2.7446334
FAYVIN,4.1388516,3.2736611
RAMDEQ,1.9589477,2.0821934
DEXCOA,2.9401903,2.581387
ATUCEY,3.9935431,2.9216578
SEFFOZ,3.6055086,2.336721
HASMEV,2.9959736,2.282401
SOQFUA,3.2114878,2.695881
KAJGIM,3.2819653,2.7530475
CAMTIW,1.9377228,1.9555957
GAFBAQ,4.0131354,2.7744486
NAHMOZ,3.3589735,2.4273217
RADMAK,2.1521485,1.9871888
GADNOP,3.2155695,2.8460636
KEXWES,4.136131,3.1701868
ZIJMEN,4.0215707,2.724255
MISDID,2.4702497,1.3939807
CAXQOH,3.0288994,2.2384114
ROHREO,3.716531,1.940594
BAQJAF,3.3246872,3.0477245
CAPHUW,1.9140489,1.9610252
AMAFAX,2.894203,2.6206799
NEXXAQ,1.6748608,0.8934808
LAFPOA,3.2346175,2.55201
KASTII,3.5094526,2.84508
IPOSAI,4.2531395,2.9460363
VESWUL,1.9951389,2.2061558
LICLOB,3.885786,2.674543
KUZROM,2.3480706,2.008405
XIXGIU,3.4710844,2.671242
OLOBOH,4.1758595,2.9781263
PAGVAW,3.1772015,2.269702
INISIJ,3.4449615,2.9317603
JATLAU,3.7442868,2.7816954
SEVLIP,3.864833,2.579647
LINGEV,3.3061833,2.6581118
BIKRIX,3.9829307,2.786452
PAKLET,2.138815,1.8254892
PUKMAL,3.4612882,2.2319975
UDETIJ,3.4743497,2.6477568
YISPEX,1.9034364,1.9521241
IWEJUR,3.7625184,2.3640137
VESQIT,1.899899,1.9867525
REDYUX,3.0286274,2.3514662
REPBAS,3.8689148,2.756603
WEPVEV,1.6724118,1.6865642
QIHKAV,3.5793858,2.3863647
BABTUT,4.236813,3.4981422
ABAFOZ,1.8076524,2.2661111
BUWPOZ,3.4430566,2.5723755
CUKVIP,2.8999174,2.107441
BEXPOM,1.9725534,2.051326
NIMYAK,2.108066,2.1171515
CIJBOO,3.1012816,2.3627493
KACGEB,2.6229055,2.389305
QICZEJ,2.6038575,2.470974
QEWLUA,2.801412,2.248478
TIQBIF,3.436798,2.4706166
KEKTEZ,3.7040138,3.2632492
ELOTII,3.4250972,2.7249925
QUSZOV,2.3448052,1.9640126
LOFWOT,2.1951425,1.4072069
ZIQWUR,2.4816785,2.152766
MAZJEF,2.7537923,2.4267905
DEZZAJ,4.110552,2.578269
LEDTEU,2.7420914,2.3657026
QASTIQ,1.8901029,2.2872312
ILEPOE,2.8566513,2.582185
LIVTOC,2.3282063,1.705743
BIZHIE,2.5001822,2.062821
ZIFVAO,1.5480558,1.9993919
PATKEC,2.712431,2.2607594
NOLHAY,3.3140748,2.3819861
QELDOA,3.3891783,2.4361095
IMIYIO,1.0424682,1.778361
UWAXIA,1.8631636,1.9245561
GUMHIG,3.701837,2.4821985
TUVXEN,4.0566735,2.5915828
AXUDAY,3.802791,2.8210802
MAHFIN,2.433242,2.01727
LEGTIA,3.7584367,2.6644495
ZIQZOO,2.841957,2.8308039
XOQTOO,3.2650943,2.8022125
KUJHII,2.8196437,2.2124128
CASZIH,3.0359743,2.6441069
IJIFAK,3.2996528,2.3759816
CIJBIH,3.4974794,2.4753878
XEDBUF,2.3807242,2.2557955
GIVTOW,2.8865838,2.6396112
HAKDIJ,3.5197928,2.5605397
OVOYAA,2.8514812,2.2083304
TEWLIT,2.8811417,2.4339106
FETFOB,2.3722887,2.3205204
SEZVUQ,1.6337717,1.9442661
JESFIX,3.6452372,2.5093915
HUKXES,2.466168,2.242864
IPIROP,3.450948,2.3549304
LAJNIU,2.4612699,1.90955
QISHEG,3.1328468,2.839149
SONBON,3.568229,2.5759616
CUXMOZ,3.376933,2.9814446
PUNKEP,2.9834564,2.142023
KAJFIL,3.3110814,2.757308
MERLAW,3.0601926,3.0311978
MAGQOB,4.8145103,3.1851754
XORDUF,3.0699885,2.5564206
KIFCEK,3.2702644,2.3073728
XABZEG,3.2795162,3.4314747
FOKQAX,3.8324516,2.6976027
FOJNOI,3.7241504,2.5294294
YIPLAK,5.3040433,3.5121682
MOTCIH,4.216132,3.0777123
NIQKOQ,2.9404624,2.1173782
TEPWIW,2.6103883,1.8296083
EFUYOT,3.6928573,2.590044
KUYMEY,3.7935393,2.3245275
NEZQUF,2.8299842,2.5689461
MOKJOL,3.242509,2.2895527
IJIDIQ,3.2999249,2.4063637
XODPEL,2.9105299,2.5545464
MEYKOT,1.8101014,1.9485824
WEWJOZ,2.4514737,2.8611255
MITLUY,2.8253582,2.5499017
MECHEK,3.2947547,2.012556
SEPYUI,4.379945,3.1572056
FISYUC,3.555984,3.3068492
FUMSAI,2.6340623,2.7405791
NADXEY,3.668367,2.552085
TUBKIM,2.5733807,2.1151376
QOWNOG,2.5641289,2.4507678
UMUJAP,2.5505233,2.2129667
LUDRAF,2.1145968,2.0098584
EFUWEH,3.1137989,2.4759924
SANBAL,2.5652175,2.471689
HEXJAX,3.6074135,2.6018667
LEZYOG,1.8881981,2.157742
ZOXRIP,2.9616873,2.2967849
WICHEW,3.0324368,2.5107682
IREVIM,2.0895624,1.9285166
JESGEU,3.6368017,2.528143
RANQUU,2.8308005,2.4814057
NEKKAQ,3.4833295,2.2494364
WOLZOP,3.0297158,1.6805185
GUTHAG,3.0520291,2.2264395
SALZEN,2.3292947,2.0327547
MOBBOV,3.3929877,2.4021177
SASMOP,3.386457,2.147941
DIGRUJ,1.9750024,1.6527575
VUPVOT,3.410131,2.3193693
YEFLIH,1.8607146,2.3793879
QASGID,3.448771,2.8075328
QIDGIU,3.8221114,2.7640543
NEGFAH,3.0408723,3.1345804
VOGPAK,4.2308264,2.7426372
BIWYIP,3.4046886,2.789114
PIFNAV,3.4852343,2.8126948
YOWGAT,3.6942177,3.0788002
IGETIZ,3.2920334,2.7512567
ZIHWES,3.4659142,2.3846474
TEVXUP,4.332597,2.8654275
RUCKIK,2.2544634,2.1983058
WETDUW,3.3472726,2.379049
ABUYAX,1.8797625,2.0229034
GAZHUK,3.6387067,2.603154
ZUQFUM,3.348361,2.630999
YEVMES,2.6604571,2.1370776
LOSBAX,3.4806085,2.6709955
BODDON,3.1293094,2.3083804
MUCCUI,2.129563,2.0070734
EFMXPD,0.2179632,1.9482538
EWAMUM,3.0095794,2.7322614
NEPVEL,3.9921825,2.5033977
SEWTAQ,1.768468,1.9533175
TURKOG,2.1965032,2.2612922
ZIRDOV,2.9758372,2.2296834
YIYJOG,2.1924214,1.9860733
IBIWEV,4.516818,2.7364516
RELDAQ,2.4909303,2.228579
PAGRAQ,3.1246834,2.1559932
BEBHUO,2.1513321,1.4422635
HAZVUZ,3.386185,2.6333125
VISWUR,4.523893,2.8315399
YOGPOB,2.968218,2.735643
TABZOL,3.417478,2.8405614
CEZVUB,3.2229166,2.9539812
WUFDEG,2.6901176,2.3116581
EGUDIU,2.222354,1.6349455
BUYWUO,2.7921603,2.0749547
ABAGAM,2.7426357,1.5576825
WAJHUK,3.2378829,3.1057458
ZIBBOE,1.338256,1.9378166
IQISIL,3.6457815,2.4739833
WECFIW,4.0378976,2.9620872
VANRAG,2.78182,2.455205
QABFUW,3.0868597,2.7917058
KAHTOF,2.779643,2.6116061
WIQLIU,2.8814137,2.6220827
VEVCUW,3.6229239,3.3786836
AFOHUY,4.142117,2.6290588
OKALAN,4.027013,2.4172802
ZODQOY,3.2101274,2.6803262
BIBGAX,3.8561256,2.4817648
ENUZOD,2.920054,2.718271
ICEGAY,3.3951647,3.2979069
COWQEL,3.4006069,2.410276
HIGJAI,3.68034,2.676207
EHAWIV,3.1004653,2.2765684
ZAFCUE,3.3045506,2.7093723
TADREY,2.3453493,1.7344056
EPOMOM,3.1717591,2.435512
QEGJIV,2.719506,2.4066517
DUKBER,2.2999063,3.0839157
RAHJAM,2.6253545,2.4115758
DEFGAZ,3.616121,2.53409
JOQYIA,2.9184213,2.563945
YEDKAV,4.1304164,2.6106672
TOKFII,2.8887608,2.0939753
YOGPIV,2.9494421,2.8043973
WAHCAL,2.27079,2.2226884
MPYCPD,3.1622353,2.6660233
QEWNOV,3.4169338,2.6016273
SEZWIF,2.5780067,2.3313985
UMAPAB,3.2283587,2.2483115
ZARQIV,2.1807206,2.1898663
NIYLEM,3.467547,2.8771682
DAVZUW,3.0705328,2.499895
AWIGOC,2.2577288,2.0982027
PAJPEV,3.7625184,2.8191197
ICUWOT,3.244958,3.0152955
AMACAS,4.4942327,3.6619701
EMOJIZ,3.3660486,2.643589
HIQWAI,4.4485173,3.0565724
NONRIT,3.9350386,2.6150134
TISGIM,3.1001933,2.7646952
XEMSOY,3.9021127,2.7445314
MODVIK,3.2084947,2.4372823
RINTAL,3.3978858,3.1673925
YEKSIT,2.8650868,2.5540133
ABUCAC,2.9913478,2.5014083
OQANEB,3.302374,2.4824953
ATOGEW,3.1728477,3.067994
VURJEY,2.6079392,2.3013816
ZAYVEC,3.7791173,2.820731
HUJBET,2.1328285,2.157794
OWEFUS,3.1252277,3.7225282
DOCNOY,2.6762397,2.1979403
AHUDIR,3.773131,2.7893343
HIBVUL,3.783199,2.6124766
SAHZEH,3.9475558,2.8729608
MPMSPD,3.2612846,2.8444371
KEMMUL,3.2076783,2.5190454
AFANAY,3.2523048,2.21318
UXAHAE,2.076501,1.9722412
DAXHES,3.2754345,2.7703862
KENNOH,3.4640095,2.903897
CIJGUY,3.2781558,2.5438342
YABVUU,4.4626675,2.8797355
SEKPIJ,4.1481037,3.0244017
XUNNAV,3.0629137,2.4783084
XIWVEG,2.4971888,2.0986977
LASDEP,3.0939345,2.4507382
DAGMAZ,2.3023553,2.3278522
REDYOR,3.0933905,2.3595092
HUXCEK,2.7184174,2.3365896
UMOYOL,2.6990974,2.542368
IGENOY,2.0901065,1.8588127
HUVGAH,3.1739361,2.503177
UJATAA,2.3282063,1.6610197
WIYNAV,3.578025,2.8453891
SOTZUX,1.7056097,1.9416046
CENXOK,3.1733918,2.3830893
WIWPAW,3.797349,2.7858973
EGOGAJ,2.810392,2.4825542
UFIYEQ,3.3551638,2.697288
KEVHEZ,4.1932745,2.7326543
GOGZIN,3.1608746,2.8293977
GEFWAS,3.0269947,2.274208
XUHVOL,3.133119,2.2818108
AGEBEU,3.4036002,2.939567
USIWOK,2.2841237,2.1580577
KECNIQ,4.2860656,2.9810064
WUFCOP,2.0558202,2.0832562
IBIDOM,3.3853686,2.8449323
IPOQOV,3.009035,2.1915762
QILCAP,2.425623,2.543969
EHONUL,3.7935393,3.1809533
QAVGOK,2.8952916,2.3537798
RABWIW,3.4781594,3.0297616
XOTBEN,0.94151396,1.9947217
EMOKEW,3.6857822,3.1298127
FILBOT,2.5752857,2.2875361
OREYIU,3.5227861,2.6258318
ALAQUA,2.843862,2.198785
TOGRAK,3.625373,2.7173884
FEDPUC,4.173138,3.2661867
VAGKEU,3.4376144,3.1642032
ITOZEX,4.0542245,3.1093597
TATLAB,3.0887644,2.5769966
IVAMOJ,2.3722887,2.1390855
MUZLUP,3.5053709,2.5918741
EGUDOA,2.229973,1.6085664
LAJYEB,3.1127105,2.9765842
IMICOY,2.5023592,1.7551918
HUHSIO,3.6177537,2.3827667
ICEGOO,1.1839675,1.8421623
YILRER,4.581581,2.8549788
HUXGAK,3.9070108,2.6952271
NIVMAI,3.570678,2.8358393
TURWUY,3.4710844,2.796663
GOJTAA,3.326864,2.6781418
NUBBOD,3.200059,2.2401915
HAGTAK,2.081671,2.0767345
CEPKAM,2.511339,1.6164885
XAWGIM,3.6582987,2.8091815
BAZLOG,3.1004653,2.4012012
BEZGEV,1.7989447,2.0626066
LARKAS,3.4743497,2.8043056
ZIJYIA,3.1965215,2.1892273
OGAQOC,3.5222418,2.2393365
IRIMUS,2.9951572,2.460536
AXEJAP,3.0593762,2.4312065
NIYJUB,3.0604646,2.653849
BOCKUA,3.6553056,2.6662867
CUXYEB,1.9739139,1.8510046
RIWTID,3.5222418,2.5281005
IGOVOP,3.6523123,2.5980964
WIJTIS,3.2125762,2.0888767
WODDAW,2.8680801,2.040861
GEFXAT,3.0936625,2.177021
YIXREE,3.1195133,2.4999273
WETFAE,3.4123077,2.0747547
PABKEL,3.1143432,2.9016523
JOJJID,2.6022248,2.191797
WOHSIW,2.4892976,1.7947892
NEWYEV,3.5301332,2.5793397
UDONUW,3.4074097,2.5858016
JAQKER,3.4656422,2.2221422
CEZWUC,3.206862,2.8844078
MIQMIL,1.8699665,1.9080822
HIGZOM,2.5649452,2.4510744
SOPDUY,3.22591,2.7128346
ZIMWOJ,2.6354227,2.07739
MAKWIH,3.8482342,3.0091827
RAYBUQ,2.6128373,2.5356913
RAZJIN,2.4373238,1.880152
TIWJAM,3.8757176,2.830628
PAGWEB,3.271897,2.601531
SOSNOG,4.2836165,3.144914
MAZSOY,3.735307,2.2409844
HECGUS,2.6697092,2.5514562
EFIHEJ,4.0310946,2.927282
OWEVAO,2.1154132,1.9600086
KUSQAS,3.1733918,2.5987093
ZIWFUG,2.4465756,2.3420272
CYSXPD,3.190263,3.0343523
NIKKID,3.737756,2.6852057
CUCNIZ,3.9500048,2.5577
VUMMEV,3.3761168,2.4179757
IKUTIS,3.4376144,2.573265
IVIRAI,2.100719,2.0996294
LEKRUP,3.3235986,2.7111742
QIHKEZ,3.2498558,2.5383255
GIWCOE,3.3763888,2.7999039
WUFNAM,3.8539486,2.4433625
LIHPAU,3.4743497,2.2020726
EBUJUJ,2.5973268,0.7093637
UHODAY,4.3766794,2.6170495
BUCQOG,3.6191144,2.3709939
XEVGAJ,1.9962273,2.317101
QACKEM,3.620747,2.9714797
YOKXOL,3.209583,2.558293
IGIZUT,2.569299,3.0044758
WUMZOT,3.080601,1.9784122
PARPEG,3.176113,3.008698
XATPEP,3.0898528,2.750055
WOMROI,2.918149,2.4433322
TEHWUY,2.296641,2.9963317
DELLAK,2.635967,2.8991745
RINSOY,3.778029,2.8754196
AHONIV,3.0297158,2.451822
NEHFEL,2.9284894,2.4370697
WUFGOT,2.9605987,1.9056844
XAHWAH,2.9148836,2.233875
ZUFWOO,2.6506612,2.4806936
OQOJAG,0.12245124,1.7937368
FOQYAL,3.8536766,3.197818
MIYCAB,2.4827669,2.377866
FILGUD,2.2585452,2.0732014
QIYWAW,3.1137989,2.742875
TORCEK,1.8767693,2.4897323
CUPZOD,3.0577435,2.2546587
YEKMEH,3.4193828,2.724523
JIHMIZ,3.0977442,2.7277777
EMOJOF,4.1353145,3.051316
VUVBOF,2.896108,2.463156
SEDREB,2.8623657,2.189237
MOQMEM,3.7369397,2.2850342
UGACEL,3.1695824,2.6899114
RINSEN,2.5970547,2.3122354
MORKEL,1.7847948,2.1182866
KUYMIC,3.3548918,2.42584
LAMQAT,3.460472,3.1928043
POJKEG,3.152167,2.5166485
XONWII,3.6357133,2.4295292
ZOHJEN,2.9894428,2.0349388
EJERUI,1.0772988,1.9239745
OZUHOH,2.401677,2.8609467
MAQNOK,4.1521854,3.060207
KEQJAR,2.5374618,2.1676128
ROBGIA,3.5603378,2.367115
GUMHEC,3.7663279,2.6804156
IBOBOR,2.3673906,2.365369
ODOXOV,4.184023,2.8712864
DARNAN,1.7075145,2.0407271
LINMOL,3.206862,2.7003615
ZAKHUR,2.311335,2.030771
SISDOQ,3.5480926,3.0736356
EZIVAK,3.2724414,2.2508779
KODGEQ,3.3235986,2.6771193
KUTTOI,2.7611394,2.1000235
ZEKKEH,2.4811342,2.6160574
RISRUH,3.2278147,2.4167752
OJOLIJ,2.997062,2.2587433
LADXOG,2.7886229,1.6202079
YARMEL,2.815018,2.8499098
TUWSOU,3.7255108,2.7943707
DOLWUZ,3.2133925,3.0667973
TAPNIK,3.1679497,2.1101384
TOQBAD,4.8123336,3.2967448
TIMNAE,3.1543438,2.5533543
XUYYEV,3.0163822,2.447888
OZISUM,3.5312216,2.3952575
KUKXOE,2.2863007,2.6147656
CAMSIU,2.8182833,2.588997
AGIWUJ,3.59408,2.832385
JUGMIH,2.7815478,2.174967
QAQGEU,2.3774588,2.2909389
GUXQAT,2.6664438,2.1754994
NIVFIJ,3.212032,2.7905548
XARXEV,2.518958,2.1683202
YEFLAY,1.9260219,1.9231863
DEXLID,4.00987,2.7632816
CEGZUJ,3.7053745,2.2647982
BAFKAW,3.1102614,2.4454093
IBUXOS,2.3075256,2.3205218
LEXWER,2.5867143,2.517826
HESTIL,3.0482194,2.9245253
SICNID,3.4642816,2.620288
VAVHUW,2.5543327,2.2305846
DETCPD,3.2346175,2.8157248
AHAJOI,2.7570577,2.2975311
EMEPUJ,3.1219623,2.4023757
RIWNIV,4.258582,3.5860984
TABSOH,1.7592161,1.7595673
NOQLUB,3.1747525,2.8684509
XOKNUG,2.9714835,2.2450335
GEXGIC,3.5938077,2.5698898
QOPXOK,3.6631968,2.7003357
ZIHBIE,1.98371,2.0039368
GEWYEO,2.937197,2.4599154
YOCNOU,3.8185737,3.2215326
FEMTID,2.6582804,2.050058
QAYDID,4.32008,2.877326
SOCWUE,2.324941,2.130113
YIXRUU,3.1646843,2.548051
MUZLID,3.3684976,2.431583
VUCZUP,4.9404993,3.141661
WEGTUY,2.1135085,2.40327
KEXNOQ,3.1755688,2.9221509
WABRAS,2.7053561,2.6958303
BAQSER,1.947519,2.790226
ERIFIV,2.119495,2.1678917
FAWNIC,3.4215598,1.914899
YAZQEW,4.0838847,2.870226
XIDQEI,3.2397876,3.2479637
MECDED,2.6903899,1.876717
VUGNES,3.4974794,2.832441
KEVQIM,3.443873,2.5838718
SUJBUW,3.7312253,2.5040948
FULWUF,3.2797885,2.7083387
GOMNAX,3.2316241,2.52282
HAXKUN,2.5325637,2.5171785
KIYWEW,2.2370481,2.4017003
PEMVIO,2.4427662,1.8856039
RAJZEJ,3.0482194,2.0964081
QUJBUU,1.8209859,2.4203465
LIVCOL,2.872434,2.25194
VICDIW,2.8754272,2.6211815
HOJDOA,3.5568004,3.0992715
FICBIC,3.8101382,2.8444922
AKETAM,2.25147,2.152804
JIZMUB,3.4084983,2.6121926
GOFKOE,3.1943445,2.6484442
GASNOF,3.6172097,2.531077
CULLIE,5.279009,3.6668024
BEMZAW,2.934476,2.1066275
WEQDIG,3.429723,2.4980164
ROJWOD,2.796242,2.5777051
HUXSID,4.074633,2.6088037
KAKDEH,3.0808733,3.1047578
YABWEF,3.778029,2.902539
NAPZOT,3.1480854,2.7469568
REDKUI,3.4735334,2.9611
SOTBUA,2.9480815,2.253652
FOCMIU,1.5992131,2.1930554
NAXRIO,2.2925594,2.2847917
ZIGDUQ,3.0084908,2.208073
NIBQIA,3.7339463,2.3131354
IZUSAZ,3.6446931,2.217814
ZIHWIW,3.350538,2.7441638
HESTOR,2.752704,3.2440305
HIHRUN,1.6258804,1.8782773
XUWGEB,3.2231886,2.614705
KELRID,1.9575871,1.9762683
VUBXAT,3.4117637,2.2200162
DEYVOT,2.5970547,2.5635815
DIGLEN,3.1053634,2.6999023
LUCWEM,3.5851002,2.3396294
GUQWOE,4.0261965,2.7700865
BAQGUV,3.783471,3.5049472
XUDTUN,1.6188054,2.161872
CUBTIC,2.7752893,2.0658739
ZAFSAA,2.8601887,2.810491
FEHJAE,1.6626157,2.5820496
PEMCIV,3.6582987,2.3856196
VAKWIN,3.366865,3.34811
NIJYAJ,3.1219623,2.4532535
YEDJIC,3.7012928,2.4256546
LENZIQ,3.0196476,2.0966191
SOSRAT,3.161691,2.3236988
CEKKOS,4.3891964,2.5405588
BOFPIW,3.2484953,2.3884585
ONOYAT,2.4822226,2.82007
CEJBIF,1.7537738,2.1931648
MAZTOZ,4.067286,2.3118753
EJUGEW,2.9208703,2.7212858
ASINUL,1.4288698,2.362043
FEGBEA,3.2757068,3.3660002
MORJOU,2.217728,2.0656478
PUBQAE,4.1287837,3.0662258
BOYQEM,4.211234,2.6278155
TIJTUC,2.2242587,2.1280515
YEFNUT,3.4248252,2.229614
LIPDAQ,2.1570466,2.5485134
JEVWOX,3.2378829,2.7755525
EZUYIH,3.408226,2.5369208
HOHJIZ,3.9325895,2.7322395
LALRIB,2.8025007,2.5899837
GUMHUS,3.4827852,2.6900575
QAYDAV,3.9821143,2.756821
DORXUD,3.2180185,3.059892
GEXLIH,3.0294437,2.7182946
KAKCUW,3.4441452,2.516199
XEVBEG,3.6645575,2.952233
KUJKIK,2.9557009,2.3434982
LETTEL,3.6384344,2.7734022
VIVFIR,2.4599092,2.3492904
LIYGAC,3.044954,2.5498042
IJOHOG,3.8904119,2.53996
GOQBEV,2.671342,3.0190775
SAKGAO,3.4465942,3.2943237
YIVFEO,3.3418303,2.2893505
ECIWOF,3.5031939,3.0844636
FUTMOX,4.1268787,2.5752146
BOTBER,3.7576203,2.586537
ODOWIP,4.1592603,2.7430677
GUMKEF,3.1271324,2.6451476
NURJUF,3.150262,2.1343145
ZOJHUB,2.9597826,2.326879
XAHVUA,2.9208703,2.3101094
QOHHOM,2.9883544,2.242527
FOYCUS,3.099105,2.5596488
IGOTAZ,2.9744766,2.399015
QACBIF,3.589726,2.3183079
BUJDOA,3.5214255,1.9730206
PABYUN,2.3853502,1.9882972
FOFVAY,2.4433103,2.157197
YUCFIL,2.7918882,2.5621083
KEYBOG,1.101517,2.4481428
MBZPSP,2.9410067,2.3313704
CONZUD,2.1823533,2.3165927
YIZLUP,3.058832,2.5346048
BAJHEB,3.3284967,2.4793713
POYQOL,1.6383976,2.0832448
NEDXUQ,3.058832,2.3707511
FAJGIH,3.6444209,3.0426488
CASTOH,3.3524427,2.492745
QAGCAE,3.1412823,2.5002189
VEVGEJ,3.4738057,2.542212
IJEVAV,3.6882312,3.2959225
KOCNOH,1.6623436,1.5097251
FOLDOZ,3.7260551,2.4451761
TOQQEW,2.5203185,2.1787066
OMEBAJ,2.16004,2.0929093
YEZNUO,2.8090315,2.3587852
SASWOZ,2.3592272,2.5288086
VIBGIY,1.8658848,2.444121
YOHQAN,1.8356801,1.9311304
POYRUS,1.6998953,2.33419
WAJGOF,3.6095903,2.9186778
OCECAD,3.0762472,2.5464714
MOJHEA,1.9790841,1.9565398
PEQYIV,2.5829048,2.1879177
NUXRUT,2.8612773,2.2594724
BEXPAY,2.9714835,2.4720588
XUPTIN,2.9518912,2.192533
AMEJOR,2.0212617,1.9168141
XUDKUE,3.1551602,2.3014505
IMUKEG,4.588656,3.2973642
DESJOD,3.2087667,2.1280887
XOPZIM,2.4560997,2.2232776
GABSEI,4.010142,2.5902343
GUSTAP,3.59408,3.3003879
MOJYEP,3.6389787,2.6347203
CAMJEF,3.4876833,2.4062576
MUVQUR,3.3611505,2.7527997
XAYPIZ,4.1625257,2.5973065
REVCAX,3.4381588,2.7849371
EHERUG,3.656666,3.0339565
ZUQHEA,2.7785547,2.334376
MIJTUV,3.286047,2.6294708
KUJJAB,2.8476715,2.6024482
ITIDUK,2.6136537,2.3346188
ZIGCOJ,3.0101235,2.4604597
FISVAG,3.3981578,2.2627356
KAWSOS,4.1758595,2.8468301
SAYBEC,3.797349,2.4534667
EYIWIT,3.2392435,2.5144908
FICJIN,2.6966484,2.4310799
JEFHIM,3.8558533,3.5529876
HIZVIV,3.0596483,2.6340997
GEBDUO,3.6626525,2.9773257
SIBXOT,3.0898528,2.6118853
CIVDAN,3.7320416,2.8397818
IDULAV,1.5559471,1.8830118
GOBDEH,3.692041,3.2383227
FIRBUG,3.9015687,3.1957645
POBTUV,2.901278,2.4538398
LIXXEY,3.4313557,2.5710397
NOLROX,2.8163786,2.1114607
ZOSREH,1.8179927,1.920915
PEWZIC,3.3423746,2.6272511
KUXRUR,2.281947,2.319554
VERYOG,3.372579,2.4457395
KAFDOM,3.967148,2.7667887
IDEWAP,1.0288625,1.6239822
IBIDEC,3.3567965,2.820267
BULSAE,4.0958576,2.5595863
HIBXEX,3.2400599,2.5557592
AGIDAW,3.0454984,2.6657538
ZAXFOV,3.3325784,2.8222213
YABPAS,3.4234645,2.866039
UZEVEC,2.9717555,1.7011641
KORSOZ,3.8204787,2.992268
SIYQIA,3.3665926,2.7861016
JEBLIL,3.3908107,2.8343272
UVIKOB,2.289838,2.2693746
WEQFAA,4.153818,2.8708696
QELVAE,3.78075,2.462768
JAVLOI,3.3761168,3.0686603
BEVGIT,2.6974647,1.9883673
VAGSOL,2.8955636,3.101914
JIPGAR,2.2754161,2.0353072
ZOQKOF,2.9840007,2.316524
JOTJEK,2.8158343,2.5820153
NEWYIZ,4.1159945,2.4316096
XEVLUG,4.0493264,3.014284
MUHSUE,3.515439,2.5052922
TAZCPD,2.7273972,2.4767256
WOPKOE,2.8065825,2.596416
QURNIA,3.0084908,2.5329514
BANYIB,2.9121625,2.253524
HAZCUJ,2.8517532,2.2656233
OBUTEL,3.309721,2.426123
WIKWUL,3.1791062,2.1179686
ULOTOE,3.4120357,2.5892534
LIYZEB,3.429451,2.6651027
DUBSOI,0.9401534,1.9426649
TIXSAV,3.534759,2.4757695
EKIRIA,3.0653627,2.4590645
AZOCEY,2.9649527,2.1279018
USUTAE,3.293394,2.7108395
TECLOF,2.538278,2.2964263
RALMUN,3.408226,2.7663178
EFUYIN,3.8678265,2.1324687
SIGTAF,3.456118,2.2877805
EZEWOV,3.6623805,2.6156368
AYEMAS,3.8822484,2.8312693
MOHPOQ,2.6381438,2.1717196
FELNUH,3.3361158,2.77378
ZORZUB,3.8558533,2.5186815
JIFXUU,2.6280756,2.6298904
TOZWOW,3.3069997,2.5464025
JIQKOM,3.2678154,2.3856983
SABTIB,3.424281,2.3312082
MIFHUE,3.290945,2.5373158
DUFYIO,2.6629062,2.5141702
YATVEX,3.1219623,2.6063342
MABTOA,2.9083529,2.4292207
FOTTOZ,4.1244297,2.6667607
SIWCEH,3.7527223,2.5782669
HIJJIT,3.6982994,3.0255105
YEDJAU,4.524165,2.9946406
NUXMAW,3.413124,3.5675619
TAYGOQ,3.1010096,2.7006168
NETHAX,3.0547502,2.5738869
BUJFAO,3.4240088,1.9897854
KADGUS,3.1157038,2.5032527
MARNIC,3.9295962,2.8601158
TUDRUG,3.9992573,2.8681002
SOHSIT,1.859354,2.1729083
OTIYIB,2.3526964,2.4447684
AFUGEQ,2.1981359,2.2447853
BEQFIO,3.6231961,2.1285653
PARHUM,3.2509444,2.624129
DAHPOT,4.6526027,2.7323728
REFROK,4.313549,3.089767
RAMDIU,1.8939124,2.117875
DAFQIM,4.185111,3.0351987
FAWHIV,2.2960968,1.9182856
QELQUT,2.733656,2.580262
EWUCUW,2.1020796,2.0725164
HIPVIN,3.6667342,2.4804177
FEWYUE,3.7470078,2.6089084
RESDUO,2.1145968,2.0106258
LUTCOU,2.7026348,2.4764895
DOQTOT,4.1072865,2.8440323
LUCWAI,3.8958542,2.7721148
PIJNOM,2.478413,1.8452721
OBUYAM,3.6846938,2.3780708
VONKAM,2.6952877,2.1025953
HANVAW,2.2139184,1.8151491
TUNPAT,4.5260696,3.3201084
OTEFUQ,1.5178511,1.9180486
BOFPES,3.3510823,2.377501
EWOWUJ,3.5461879,3.056578
ISELUN,3.0939345,3.030915
UXIKOD,2.917877,2.2120154
FONLAY,2.3173215,2.2229137
KIQSUY,2.284396,1.802083
IKUTUE,3.4838738,2.4795263
QARWEO,2.3102467,2.1443126
QETXIX,3.145364,2.7955418
BEXTAA,3.642244,2.924434
KILLIC,3.5219698,2.8507628
INAJIR,2.903999,2.5184507
WEBLEX,3.5143507,3.2942822
KUXLUM,2.465896,2.2484531
FLVPDA,3.3630552,2.590027
XIZJIB,2.2522864,2.1047652
DIXXEN,3.328769,2.320819
XEXZOQ,3.8106825,2.920375
ZEBBEN,2.9916198,2.593038
ESEWIK,3.120874,2.2629547
ZOLNIZ,2.9434557,2.3712816
PIFYAE,2.899101,2.532954
XOHGAC,2.5434482,2.0417411
TIYPAS,3.5554397,3.0338292
ECAREF,3.4909487,2.5601451
FOLZAI,2.7739286,2.2345219
KAJGEI,3.3059113,2.7600534
QOHVEP,1.6960857,1.5383254
QIHJUO,3.4931257,2.5744581
HIHGOV,3.5010169,2.667967
FISLAU,3.5099967,2.422737
BEQSEV,3.4201992,2.3720565
POKRUD,3.06373,2.3514247
XEJBIX,3.4599278,2.6692295
ASECEH,2.6389601,2.4616868
SUDKIL,3.4528527,2.947588
ALIPAO,2.6944714,1.7347627
EBOGEH,3.945651,2.933875
PIMPOQ,1.9984043,1.7797402
RIYYOP,3.9061944,2.3505366
GOYVIB,2.9064481,2.347474
TEHQON,3.613672,3.0101712
ELOJIA,3.4332607,2.1267931
BOVKON,3.0966558,2.3587952
YUQLON,2.6438582,2.0103815
SOPKAJ,2.057725,2.0748544
ADOFAD,2.2430346,2.175769
YUZZUO,3.8095942,2.4406362
XATPIT,3.565508,3.1399548
QICKUK,2.822637,2.9585152
WEJDUL,3.5244188,2.418044
SUHDOP,2.9214144,2.4658685
POGLON,2.8884885,2.3677614
JUWFIQ,3.8180296,2.5541844
XEYJOB,2.0283368,2.419613
XUNMUO,3.3056393,2.6156201
OTULUL,2.9935246,2.1251268
VUMREC,3.0416887,2.1762996
MOGPEE,2.6234498,2.1313891
ZIGDIE,3.1674054,2.3762975
JEXZAO,3.1469967,2.4747245
QOJNOS,3.0433214,2.3013906
FIVKAZ,2.966041,2.3786182
MAWQIM,3.4169338,2.376765
CUMPOR,2.8503928,2.074401
KATQUS,3.2773395,2.4380255
KAWGIZ,4.0716395,2.1048944
DIRTED,3.0142052,2.565789
KULNEK,3.7611578,3.0061805
YOBWOB,2.712703,2.4151402
AKOZIK,3.1766572,2.2131484
EJAQIQ,3.4520364,3.1424978
ODOWUB,3.6234682,2.5970368
KUJLEH,2.5238562,2.3359659
PALKEV,3.099105,2.5759728
PIFRED,2.6732466,2.275052
FESBAH,2.6762397,2.0852394
CORTOU,3.2762508,2.8523579
FAMYOJ,2.0095608,1.7754633
PIJFET,2.841957,2.4115834
WAPVIU,3.001416,2.3785515
ROBYAJ,1.8601704,2.0319748
DOGKIV,2.4822226,2.0642805
FUVNEQ,3.2710807,2.18229
WEQLUZ,3.541834,2.5910647
MACGON,2.650389,2.2992706
OCOPOO,2.6152864,2.140656
BUJLAU,3.2182906,2.1303766
UVIKAN,2.0465684,1.9078555
NONBEZ,3.1709428,2.0212717
DUHJUN,3.142915,2.527865
LUFHEZ,3.8400707,2.593332
LUMRIV,2.9616873,2.8106253
ZEHBUL,2.9576056,2.5276105
NISFEC,2.660185,2.5370855
CAKVIW,3.3233266,2.7878923
CIRDOX,2.9722998,2.4949872
EXIYIT,2.3782752,2.2004077
AVAMEQ,3.037335,2.497095
DAKJAD,2.3415399,2.0655274
BOXYIX,2.5246725,2.6343493
FAZHIY,2.227524,1.8122467
LUYCUD,2.5698433,3.034474
LUJCUQ,3.3091767,2.527816
PULCUU,2.8503928,2.4566507
SAYZOI,3.2626452,2.9539664
DURRIS,2.172285,1.8783518
BEJJAB,3.0215523,2.713149
ICEBID,2.9820957,2.3633535
YEMGEC,4.6090646,3.2608612
NIXGIN,3.369586,2.4322886
PADVUO,3.3423746,2.372387
URUGOE,3.7880971,2.9477954
FOKJIZ,3.1984262,2.5319793
HAKHAF,3.2384272,2.5595539
IMUKAC,4.5630774,3.1536674
KAVZIR,2.4920187,2.1622162
IGOVAB,2.6269872,2.244732
EDANAB,2.9018223,1.8651158
EBOHAE,3.352987,2.8455215
ROGYAO,2.569299,1.8977294
LIGSEA,3.22591,2.8067436
QACFOR,2.9494421,2.989189
MICJEQ,2.0688818,1.9465189
QIGCOA,3.8460574,3.0309994
OJUYAU,2.9625037,2.169117
IYAHAS,3.1363845,2.206208
ACUSUP,2.858556,2.0309544
PAQSIK,3.8300025,2.9419014
CUDHUF,2.5888913,2.167325
CEPPEV,1.7145895,2.0160098
SIWKUH,2.9703948,2.9491131
HIGGUZ,4.0117745,2.6434345
LORDOM,3.795172,2.61397
ZIDZAN,3.5695896,3.0371451
LITXUJ,3.2917614,2.3307645
WUHGAI,2.7733846,2.120286
APABAV,2.6125653,2.4506502
XENXUJ,2.552156,2.218136
BABVUW,2.8838627,2.1302629
CIMFOU,2.9698508,2.5845146
HALGAD,2.6248102,2.579263
UBONII,2.2503817,1.7805927
CAKYOF,2.7295742,2.199838
MATCPD,3.1268604,2.6617813
LEQPOO,2.9984226,2.8141482
NONCOK,3.4182944,2.5347066
XIMTOF,3.0819616,2.3975995
HENSAV,3.5285006,2.51147
TOTKOC,2.530659,2.198902
GIBWIY,2.3409956,2.198473
IYEYIV,3.7791173,2.7090464
REWQIT,3.6144884,2.4087834
JISVOZ,2.6800494,2.1002216
SOQMEQ,3.859663,2.7720585
NONYUM,3.085771,2.3361309
RUNXEF,3.2923057,3.8348992
MUTSEB,2.8552907,2.4115622
RUJWIE,2.9159722,2.384226
CUXMIT,2.5276656,2.366004
BEXMUP,2.8936589,2.3961234
NEHXAB,1.1771646,1.8276136
OGONUT,3.0577435,3.1334941
REFPAU,3.467275,2.495127
TOQBIL,4.022387,2.8824666
MISYUK,2.9026387,2.4095929
LEWPAG,3.780478,2.8593986
BUWFEE,2.5298426,2.4764082
XIWBIP,3.6177537,2.6725068
CADGOG,3.3157074,2.324577
RATVEO,2.7641325,2.4294667
BERBAD,2.1924214,2.5446486
KARNIA,3.0465868,2.0716627
WOVKUN,1.837585,1.9499428
LUHROV,3.51816,3.1417432
LOMFUQ,3.8506832,2.601042
UKEBAN,2.9475374,1.2796615
TUVWOW,4.2123227,2.829312
FISMEZ,2.3752818,1.8611823
XARPUB,3.2855027,1.9768841
VARXES,3.2082224,2.3081684
GIYWAO,3.187814,2.321254
GOXNEO,3.5306773,2.8096352
AHOPIX,2.0830317,2.2640994
HAKKEK,3.372307,2.7015116
QAJDOX,2.6914783,2.4893718
LULNOW,2.081399,2.2755034
NANFAM,3.1358402,2.9069915
ATEFIP,3.7940836,3.1455503
CEKFEG,3.1241393,3.1012042
KUBGAR,3.4313557,2.137672
HOVMUB,3.2299914,2.4814098
ZENCUT,2.2258914,2.102985
WUCXID,3.759525,2.49057
CAMSUE,3.4618325,2.5792675
DAHPIN,4.9742413,3.625593
MORLEL,3.1957052,3.0871212
PESGUQ,3.0838664,2.8170168
DUYVEY,2.1760945,1.9681122
HIGNIX,1.959764,1.9361851
SEWTOE,1.8432993,1.6965818
QETYEU,3.0074024,2.7279568
TURDAL,2.9094415,2.2573833
MIDPIY,2.9026387,2.6322703
VOLJAJ,3.2308078,1.8271492
TUXSAG,3.0242734,2.1130695
VAVJAE,2.468617,2.1603024
XEGBAN,3.3309457,2.6710582
KOCQOJ,3.5627868,2.7778325
LEYZOH,2.8999174,2.2936401
XUMJUL,2.6637225,2.2920113
KIRXIU,3.4240088,2.6039195
FAJRIR,3.2460463,3.1514256
SEJWOV,2.5214071,2.4659393
KUPRAO,3.715987,2.6496222
VANVOY,3.3467283,2.8437483
XOVNIG,2.650389,1.7412747
ZOCYUN,3.0555665,2.9228828
KUYYAG,3.2438693,2.0388288
PIBYOV,3.352715,2.5064948
XAHVOU,2.4024932,2.1891365
GERJOE,3.539657,3.0053947
BUVNAI,2.9603267,2.669336
UWOGOD,3.4490433,2.611893
RIWZAY,3.3608782,2.6899364
FETXNA,3.180467,2.7381997
CANGIJ,1.641663,1.9694626
VIVXUT,3.185909,2.912828
OJAGIP,2.9165163,2.4255238
XOZNUV,3.8580303,2.7138171
AKUKOG,2.8514812,1.9919755
FISYOX,3.4044166,2.497164
WAQVES,2.729302,2.0729666
UTUQAD,3.821567,3.0672026
UBUCEC,3.0708048,2.887307
LAXGAU,3.1967936,2.1566005
JOXVID,3.2569308,2.6207428
QACFEH,2.9913478,2.8204665
GESFOB,3.5695896,2.9006035
FUZSEZ,3.6765304,2.7514162
XIVFOA,3.0163822,2.63908
TEGFIX,3.635169,3.0490112
LUZMID,3.1350238,2.5898204
JIYVEU,3.2664547,1.9624655
SACDEI,3.5255072,2.9180393
AHEFOI,3.0933905,2.5991585
TAJKEX,3.7788453,2.7230163
HAPMUG,2.6090276,2.1580591
ABIFEZ,3.0765193,2.6002612
FENRAS,2.936925,2.3554733
WABPUK,2.6541986,2.6023018
JOFTOQ,1.6895549,2.2290769
NEKZOU,1.9102393,2.001497
VICPUU,2.803317,2.554089
EFUYUZ,3.7015648,2.2763734
VOLDIL,3.1954331,2.8657374
LULCUR,2.8259025,2.439002
CILYEC,4.323617,2.7952998
XAYREX,3.3407419,2.5576649
OYONOG,3.3108094,2.627257
LIHQOJ,4.1315045,2.8990982
XOLFEM,2.8397803,3.0240877
GUSWAT,3.1763852,2.580612
RAXVUH,2.8506649,1.7885773
IJONAW,2.9399183,2.4366167
GEMNAQ,3.9478278,2.3012447
XERBEE,3.4025118,2.4896767
DESTOL,3.4846902,2.7382407
QABGEH,3.3807425,3.0741804
MASBIT,3.7774847,2.997761
ZOBGAY,2.5826328,1.911155
LAZCOE,1.890375,2.1509428
IWOJAG,2.9116182,2.2459154
RAKKOE,3.6438768,2.9262428
VERFEF,3.1897187,2.4151692
EHUXOW,2.87706,2.5991032
AGUKET,2.5352848,2.1270185
AMAFIF,2.9105299,2.6257315
CEBVAJ,2.081127,1.382306
ZOMHAN,3.2552981,2.5999045
ZIGSAJ,3.3295853,2.5594945
TUDZUP,3.4784315,2.3711185
MUVTEE,1.4329516,1.8767194
EFIMIR,3.0699885,2.7513776
VASVOB,2.432698,2.1736345
OLANIZ,3.534487,2.2587547
DODBII,3.7704096,2.5986266
VERBUR,1.6590782,2.0952263
YOCHIK,3.4591115,2.5305684
HIXDEZ,2.6952877,2.6632924
QUZYEQ,2.437868,2.1055784
FUQMEK,2.1714687,2.5065162
RIXDOR,3.4248252,2.984661
FUWQAQ,2.0903788,2.2719297
FOKDIS,2.430249,2.1331196
UGEJOH,3.8226554,2.9057271
IHODEP,3.6694555,2.8575492
RICWOQ,2.6604571,1.9676269
JUNCEC,2.2454836,2.1391823
PEPCIY,2.7948816,2.2466435
TENGEA,2.186707,1.8599868
ADIJAZ,3.4280903,2.580855
KUCYIR,2.418548,2.3639336
NELHEU,3.5641475,2.656631
MAHZEC,3.7723145,2.5262227
EVUZUR,1.8079245,1.7960658
CEHJUX,3.9924545,3.3177705
LIVVAQ,2.2833073,1.825582
LIJCIR,3.9464674,3.040617
KITSOX,2.16004,2.4718356
IDACUN,3.372035,2.0234904
BATTIB,3.1820996,2.818195
IYOVUN,3.2944825,3.373001
MUZZOX,2.9105299,2.378591
DUFYAE,3.4308116,2.4955735
FUVMOZ,2.9880824,2.5144567
VEBBUZ,2.0449357,2.1703665
CIZBOF,3.0332532,2.99065
RELDIY,2.3818126,2.1687207
BAZTIG,2.9567893,2.4979715
XOQCOV,4.3124604,3.1063466
AVAGEK,2.356506,2.3767118
BEKLOS,3.6272779,2.8667963
NIRGOK,2.5965104,1.9628818
HISSUY,1.3915902,2.347403
DIFMOX,2.956245,2.6055455
LAYGEA,3.326864,2.7008393
MAHNAL,3.6041481,2.8191404
SIDQEC,4.2278333,2.5719316
KIQGIA,0.93716013,2.31741
GOFNIZ,2.306165,2.2989526
KEQFAO,2.1848023,2.2406273
OJOLAB,2.9595103,2.6640432
UPIQER,3.3535311,2.7023232
FUYQEW,4.096674,3.015881
CAPNIT,3.69449,2.640569
QALVII,2.8710732,2.7116456
CUDBOU,1.8963615,1.7221276
PIYBAD,2.72005,2.067255
YOGVOH,3.150262,2.7587683
PEKHUJ,3.0814173,2.4199913
VAPJIH,3.591903,2.5004296
KIFXAZ,3.2152975,2.6982427
SAGBIM,3.59408,2.752245
MAKJIU,4.0106864,2.832611
TAWYOH,3.1910794,2.8329253
FEHDOM,2.9578776,2.520498
KAZKAY,3.0261784,2.8865101
XOQCAI,3.2846863,2.2422135
OGOTAH,3.1815553,2.5425038
RAPQIK,2.9143395,2.2993102
BODTAQ,2.8193717,2.3805218
KUXJAQ,2.0721471,2.136937
BIBNEI,2.614198,2.4498854
TIXXUU,2.7497106,1.5933368
RACNOZ,3.4256413,2.653696
XIFDAU,2.4484806,2.5549562
XANHIF,3.1581535,2.1984696
QUFNEM,2.8699849,2.321948
SACQIX,2.1341891,1.8192441
SUJYAY,2.9665854,2.2658873
PANKIA,2.9736602,2.4944606
CIKTIC,3.0667233,2.456824
CAXFIR,2.896108,2.209014
MIYBED,3.5834675,2.4465818
HOGGUF,3.3614225,2.856991
XUHVIF,3.0321648,2.400013
QOKKAF,3.5595214,2.9998462
UZACOO,3.0171986,2.8312416
JUHDUN,2.186707,2.2895696
IYUJET,3.281149,2.0385158
RINTOX,3.0895808,3.185067
COZYOF,2.5804558,2.5327904
QUQTIF,2.3616762,2.782706
GIBZAU,2.7850854,2.2626665
LUYTOQ,2.5469859,2.0623662
TEXSIA,4.2743645,2.8121593
HIZJUW,3.630271,2.6023226
FEKJUA,1.949968,1.8145628
JOGDOZ,3.3546197,2.5343664
TUHJUB,3.049308,2.4298477
TOPDEI,1.7232971,1.8915055
IVAPEC,2.7927046,2.4358082
FAWQUP,3.3494496,2.5544958
DASLOA,3.663741,2.0821948
ZEHJAA,2.595422,2.3097548
ELEKUB,3.0223687,2.8080225
WEPXAS,3.4185665,2.8149014
OWEJIL,1.4016585,1.7626148
XANHOL,2.4563718,2.1216333
XAHXOV,1.6479216,2.2181654
WUFFEI,2.788895,2.193324
FERXOS,2.5105226,2.462832
CAMCOL,2.9127069,2.4807796
ZISKUJ,1.8177207,1.8847948
BITPIG,3.8098662,2.5904207
JUJHOL,2.7502549,2.3845448
NOTQEU,2.8898492,3.3571067
TUBCUO,3.6256452,2.6824396
UCULEL,2.817467,2.2020056
KIJTAZ,3.3350275,2.48337
GAJNIP,2.636239,2.1305463
JEPGOB,4.055313,2.6692834
PAPMEZ,3.1812832,2.478978
XATPUF,3.6354413,3.1387634
YEJBUK,3.8466015,2.653738
KIWDEA,3.9706855,3.0576742
OCANIP,2.87706,2.7786255
WOPGAJ,3.689864,3.0719469
XUTBAQ,2.473787,1.8816872
SUTFET,3.1197855,2.0335135
WOFWEU,3.4476826,2.9513848
FARZED,2.8433177,2.7856889
XONTUQ,4.0561295,3.004605
NUFGOL,2.8672638,2.2541575
WANNAB,2.958422,2.3295813
DEBPUY,2.3347368,1.5962837
ZEWTIE,2.5916123,2.0904486
BOYKOQ,3.4416962,3.1595347
IWAFER,2.927673,2.473681
XOCGEB,4.1404843,2.6774864
IHUTUA,2.6060345,2.359777
BATNEQ,3.3684976,2.6198566
TEVMAK,3.7181637,2.841611
CERDIN,2.26045,2.1192255
PEZWUN,3.1946168,2.4932346
IGOXAE,3.9344943,2.3918383
HESLOH,1.1801578,2.4153802
TAPWAK,3.4607441,2.3070755
FISKAU,2.925496,2.7223554
QOCWIO,2.146162,2.1802647
ROKKAF,2.5031755,1.5414598
KOBLEU,2.818011,2.178238
NAFZAW,3.4387028,1.976516
YAHNIH,3.484418,2.8571327
IZIXIA,2.6185517,2.089739
YIZHOE,2.8857675,2.3213089
NEKYUZ,2.121944,2.1037111
XUJXIJ,2.4460316,2.0418873
KISPAD,2.9554286,2.4516377
GITXOZ,1.5768999,2.3259807
YAVGOT,3.4928536,2.8568554
CIDLIN,3.6191144,2.4594955
UVOWAE,3.3687696,2.7198758
WEPXEW,3.3758445,2.6880546
JACMOP,2.7731123,2.5216465
TEGFOD,3.5619705,2.8850675
ZIDQAG,2.535829,2.1397226
ZARQOB,3.366865,2.817933
NEDHEK,1.940716,2.1736326
SUZHEC,2.2547355,2.2711992
NEVCOI,2.863454,2.5410752
CINXEE,4.4444356,2.8564146
HUHVAI,2.4022212,1.8874538
RADXOJ,2.2890217,1.637137
DASLIU,3.4248252,2.0208318
HAJBOM,2.4229019,2.570245
JEWLUT,2.9674017,2.7629993
ZAXFUB,3.4631932,2.6689987
CATDEG,3.5597935,2.805075
WIJVEQ,2.2756882,2.5944645
TOTBEL,2.731751,2.415061
LABJUW,3.248223,3.7953806
PUXXIR,2.9600546,3.094966
JEPFIU,3.6865985,3.2988117
JOXREV,3.3660486,2.5289102
ZEJQIR,3.1241393,2.018048
RAWQEM,3.1728477,2.6972895
RIWYEB,3.307544,3.1209445
APAGII,3.0699885,2.577425
GUNVER,3.458023,3.493075
YOGWUP,2.1760945,2.44993
VIHLUW,1.1270956,1.713715
EGONEU,1.5064224,2.0981154
UZIGUH,3.24523,2.4836237
LIVBIE,2.7214108,2.245221
OJAHAI,3.1023703,2.4694517
YILLOV,2.8854954,2.7303545
FIFHEI,3.085227,2.491257
EMOKOI,3.199787,2.9467623
LUCYAK,3.0952952,2.4906445
SOHLUY,2.4487526,2.4864285
DOSDAQ,3.1268604,2.8148925
JURSUM,3.326864,2.7699497
BUPMEG,2.0413983,1.4206731
PERWOA,2.0517385,2.0769658
IYAGOF,3.6166654,2.5224838
DEYVUZ,2.8359706,2.5161786
DARCAB,3.3295853,2.7107918
DATHOV,3.7314973,3.066166
RUGWIA,1.9235729,1.8533689
YOWGIB,3.7859201,2.9189425
HOXBOM,3.44605,2.4361043
UDOPAE,3.0433214,2.3167272
FOSFID,3.2982922,2.4186773
QICLAR,2.7211387,2.8227642
MOHFEW,2.9510748,2.4201014
ZUQXUE,2.9279451,2.7372165
OCOPEE,2.7105262,2.2670326
HOQREM,3.843064,2.789625
HODMIW,4.4349117,2.7084677
YIQSAS,3.4016955,2.4566958
WABPIA,4.366339,2.6887827
KAQBIO,2.2808583,2.2009249
HUWMUI,2.942367,2.637143
YEVFUA,1.3994817,1.7288445
QUKHEJ,3.610951,2.8255844
BIQRUQ,2.2811306,2.6201158
EWUSUK,3.9641547,2.9727654
AJUXIN,3.802791,2.8642693
JOCWAC,2.449841,2.6679976
MIRBEW,2.0555482,2.3699532
LIDMER,2.63379,2.2087967
FAWZAH,2.0343232,2.3060973
TUFSUI,3.4822412,2.772334
BIJPUH,2.719506,2.2919285
ADIXUI,2.3747377,2.6259124
FUVNAM,2.3009949,2.254913
KIXMEK,4.1119127,3.0030992
DCMCPD,2.820188,2.8275836
ORUGAK,3.3875456,2.4091272
OWAFUO,2.5744693,2.298011
RAZXUM,0.12027433,0.0068957806
UWOXUB,3.8123152,2.8338883
IDOCEJ,3.6272779,2.8561575
EGIGUY,3.6076856,2.3808608
CUFQID,2.9312105,2.4623334
VEYSOH,2.5559654,2.1011274
FAYVUZ,3.7987096,3.0656855
MAKCEJ,3.4403355,2.9486501
MAWROU,3.6925852,2.7452276
IYAMIE,4.6604943,2.9219198
HIJWUV,2.630797,2.335114
MAZTUF,4.216676,2.5700889
WUVYET,2.7976027,2.161615
FIDBID,2.9279451,2.2589083
WEYVUT,3.904834,2.8851066
GISNUR,2.9951572,2.2062874
WOMRIC,2.9135232,2.4431696
XOLXIF,3.2346175,2.5290465
HOSZEW,3.0512128,2.3288891
VEXWIE,3.881432,3.2805922
BAWBIM,2.9314826,2.1763978
PECQAP,3.4599278,2.4017158
HOSBAS,3.4762547,2.573678
UDOZET,3.1271324,2.347375
ODAROA,2.1913328,1.9865842
JOZVOJ,3.9393923,2.5392895
XIMHEG,2.6993694,1.921257
UCONAD,3.0392396,2.2808201
XEYBEJ,4.822402,3.5319555
NARPAX,3.087948,2.7232683
HUXBUZ,2.7668538,2.2968485
XATNUD,3.2316241,2.9865332
DITYUA,2.7622278,1.9622076
IFOYIN,4.0044274,2.5608525
IWEDUJ,3.1102614,2.5906773
VIQCII,1.8843884,2.1909428
IRAPIA,2.2601779,1.4587947
IGUWIQ,4.3317804,2.7712295
PACLOW,3.1703987,2.7987604
VERFIJ,3.2052293,2.4092283
HAVQAW,2.1156852,2.4533315
MOQMIQ,2.7186897,2.5420463
NOYVII,3.4027839,2.8717718
RIWYUR,3.238155,2.8520138
HAHQIS,2.7241318,2.41587
JOTPAM,2.7039955,2.22087
EKINIW,2.8310726,2.2764716
SIYZOS,3.304823,2.7834597
CAJNOQ,3.3192449,2.0289369
LANBEH,3.0329812,2.5861168
VIZPIG,2.5943336,2.3419092
ZIGPEN,3.1135268,2.150831
LAJKEO,3.0392396,2.9833634
CEYPIG,3.7051024,3.1991103
ADOFOR,0.96954167,1.9460397
GIYSIS,2.3559618,2.2742803
TOCGUN,2.4531064,2.1560116
COSWUC,3.0792406,2.588401
AWOGAW,2.9097135,1.9999368
TALXOU,3.7508175,2.690455
IMEHEN,3.0384233,2.2498324
OCAZUN,4.3336854,2.9259584
JAJHEI,2.538006,2.538077
XEYBIN,5.0371,3.8866541
FELXOJ,3.4302673,2.395843
VAJBIT,3.7921789,2.8381846
POMZUP,3.4634652,2.2292027
BUNHAT,2.5842655,2.3031335
YIZKEZ,2.810392,2.2282152
TIWHIR,3.0923018,2.3666015
YIKVEU,3.0174706,1.9726427
ENOWUA,3.458023,2.5740647
KOGVUA,2.666988,2.1934218
FIFHAE,3.137745,2.5127716
UNEYET,3.5252352,2.7776222
DAZZOW,4.030278,3.3013058
QUVWUA,3.2786999,2.5930645
TEBKUG,0.5586498,0.8468294
WOYFUL,3.6713603,2.2637095
VULXIL,2.3581388,1.7621844
KIFDIO,1.9325527,1.8635383
POTGIP,2.4174595,2.2291255
SBZMPD,3.1344795,2.2410061
DEWLAT,3.0689,2.6411948
SEHPUS,3.0503964,2.1618726
PENDOC,3.1818273,2.7112882
YADBEM,2.6112046,2.2829106
ECIBEY,2.8356986,3.6386235
WUJQID,2.5129714,2.5297608
QAVGUQ,2.8890328,2.199353
PINKUU,2.4147384,2.2074702
HINMAT,1.9627573,2.051899
FORNUW,3.754627,3.072417
KICSIA,3.4520364,2.8753142
RIPLAE,3.0795126,2.385208
COKFIT,2.8324332,2.1001806
EMAWEW,2.598143,2.4739542
PIPFEB,3.9715018,2.8283226
QICYOR,2.2648036,2.3610766
MIDRIA,2.863454,2.725298
TEBXIK,2.538006,2.2955875
DIFQIU,3.5997944,2.7048028
GONPEE,3.1102614,2.458012
WABTUQ,2.167387,2.4287539
XIGYEU,2.839236,2.449748
OYONIA,3.3031902,2.7295308
FASSEY,3.9187117,2.8118045
KIGSID,3.2357059,2.2692354
XAJSOQ,3.6406114,3.1972632
SEHYAF,4.5758667,3.505346
XANGID,3.4446893,2.4520516
MIWBIF,2.2852123,2.0189867
JIRVEO,3.9353106,2.602758
FULMUV,2.731207,2.3881066
LIVDUQ,2.9235914,2.4054253
UCEWUX,3.4585671,2.6540139
XUHVEB,3.4387028,2.3079915
LEBVUJ,4.949207,3.348537
TUTFEV,3.6814284,2.316848
YAVCAA,3.59408,2.5480385
OGOWIQ,2.7510712,2.3574252
ZIBTEM,3.6618361,2.4326801
OWIPUG,4.056946,3.0209074
HOSKIJ,3.4860506,2.140101
RENKIH,2.8362427,2.2702496
BOXKAC,2.6457632,1.9698273
OPOJEK,3.064002,2.3948166
KEFYEZ,3.6607478,2.8157363
OKEQAY,2.8708012,2.5140963
QAQCOA,3.3233266,2.4824817
VUCVEW,3.341014,2.481131
VIVYEF,3.3812869,2.499639
KANZAA,3.4759824,2.756126
NIVRIV,3.0708048,1.7051855
ULUCIP,2.9570613,2.5173676
YATZAV,3.8060565,3.5265884
PUNJOX,2.084392,1.9678669
QULLEQ,2.882502,2.65766
QEJWAG,3.2523048,2.1423368
ZOPHIX,3.0125725,2.4904425
FISKEY,2.8550186,2.5941668
AGEVAJ,3.5573444,2.4056566
QUGFEE,2.2735114,2.3241022
FOGPIB,4.2223907,2.582805
MAWPEG,3.202508,2.7155397
BUKZIR,2.0487452,2.4604828
UJEWAI,3.3619668,2.5277553
VAGTEF,1.5398923,1.9686651
YARMIP,4.4504223,2.9903808
VEVDEH,4.055585,3.4638238
LIXLEL,3.7791173,2.878385
KIVTIT,2.9475374,2.815994
YOSVOR,3.4683633,2.9788241
WOCZOE,1.9409882,2.231594
PAGJAJ,2.1690197,2.4343297
GIJREW,4.0716395,2.7627373
OJIWUZ,1.1831511,1.5387703
EYICOE,4.216676,3.7627473
FELQIX,2.4634469,1.9923836
VOLHUB,3.2133925,1.8950579
KEFKAI,2.466168,1.6703819
GEBFAW,3.8972147,2.7295575
KAZJUT,2.518958,2.6736727
HAYJUO,1.9091508,1.7846125
JATCEM,2.6280756,2.1233587
RELQAC,3.0952952,2.38196
IREPAX,3.305095,3.0295844
WERFOR,2.7782826,2.3503675
VUTPIL,3.785648,2.6999252
SUHXUO,4.638453,3.2866414
XEVTAV,3.5176158,2.7676058
HULHED,2.4775968,2.0497317
XUPGAR,3.2101274,2.6163177
BENJIP,3.264278,2.2381122
NEKMUO,2.0441194,2.0145772
AKOMIX,2.961143,2.6849422
SAWHUU,3.9132695,2.6593068
NAZZOD,3.1606026,2.043662
REZHOT,2.822909,2.5326955
VERBIF,2.182081,2.1510077
KUNBOK,3.0884924,2.5707698
YIDDOF,2.9219587,2.5436633
BUGCUD,4.0474215,2.9471385
EWAGOA,1.8457483,1.8413823
XUSXAK,3.7124493,2.628759
EQIRIF,3.1268604,2.3716002
UVUZAO,2.7845411,2.3904364
HOSZAS,3.0509405,2.33517
IWEMII,4.6580453,3.070247
SALYUC,2.1826253,2.1196089
VUBXEX,3.4117637,2.2226326
AVACAC,3.4112194,2.5960896
FEDPOW,4.280079,3.256197
ADUGOW,2.8411407,2.5315132
LEBKIP,2.7135193,2.3218372
FEWZEP,4.2066083,2.7219648
VEKJAY,4.620221,3.050735
LUZMOJ,2.7595067,2.3694625
TIWHEN,2.9769256,2.2238894
JESJUN,3.242509,3.14042
LOQHAA,3.6667342,2.8212795
HIQVUB,4.1834784,2.9346232
XEZXEG,3.272169,2.7510424
KEDLUA,1.5842469,2.019919
EYIWUF,3.1818273,2.5269787
HAZDAQ,1.7883323,2.1671717
YEHVOX,3.2599242,2.6064067
JAQKAN,3.7293205,2.5027761
AYIZIR,2.887128,2.3221393
OQALIC,4.257766,3.157451
LURZUV,3.0215523,2.506632
NETZIV,3.2308078,2.4363534
EGUDUG,2.2207212,1.635713
IVAMEZ,2.8694408,2.2139516
UJEWOW,2.776922,2.4374878
IXIGAX,2.6803215,2.1752448
NAKKUF,3.510269,3.0290768
AJOZAC,2.1401756,2.4569387
JEWMAA,2.863182,2.252492
KIBLOY,2.609572,2.3334956
BAQHUX,3.5225139,3.0705295
CEQHUB,3.3323064,2.4481256
LAVLOL,2.9486258,2.5389946
FONFET,3.0952952,2.8436832
OKAPOH,4.285521,2.9169118
AQIMAP,3.116248,2.6337934
CAWTEA,2.25147,2.1908479
FEWROO,1.8392175,2.2081497
QEHJAQ,2.89638,2.4653451
MAQZOW,2.7752893,2.904069
EWUPER,3.1576092,2.4585748
UCIKUO,3.8275535,2.6931837
XAJPEE,2.2977295,2.1518967
XOCGII,3.6455095,2.772191
FUZSIE,2.456644,2.1722665
EYIWAL,3.5581608,2.462999
BEHQEK,3.7929952,2.7840564
CATTEY,3.41258,2.5089355
NORHOR,2.6571918,2.4475958
OQAPIH,3.541834,2.9803789
NEKHAN,2.7184174,2.2680001
LORTIV,4.4653883,2.9419074
GUVNOA,4.099123,2.8799145
CTMOPD,3.0936625,3.0662189
GUZJUG,0.12136278,2.2603092
BINCOT,3.5099967,2.68528
SEPQEK,3.4071376,2.433662
BUGDAK,3.8338122,2.6769958
RUYZUI,2.9905314,2.0675197
RILKAA,3.553807,2.4041145
YEHVUF,3.173664,2.2350335
LIMNEB,2.650389,2.2517438
VUKFEO,4.1829343,2.831023
SIVVOK,3.8003423,2.9954026
BOFPUI,3.2408762,2.4364882
HOGRAW,2.370928,2.3572202
RUNCIM,2.8182833,2.469628
ZIHWOC,3.4686353,2.3901634
EGUSAC,3.266999,2.5169113
LEDTOE,3.811771,3.017549
BEGNAF,1.9967716,1.634728
UHOGII,4.049054,2.8493438
QAQFIX,3.223461,2.62857
DUFYUA,2.9029107,2.3751287
ODABON,3.5606098,2.6078975
UBOYAO,1.2514516,2.2355752
HUMFOK,2.7886229,2.460079
IFOZEI,3.5782974,2.4595404
OLUKOW,3.6991158,2.3941312
SIWCIL,3.539385,2.788225
BEZXIO,3.312442,2.3516867
IGOBEL,2.9918919,2.4815445
NIBPUL,3.9611616,2.2025151
YEBPEC,3.797077,2.6619308
HISWAH,2.169836,2.1750972
LEYZUN,2.8710732,2.2793531
GULSAH,3.1921678,2.2864566
NISKAC,3.8177576,3.0681078
DEGCOI,2.6661716,2.3843176
YOZLAB,2.8740666,2.0656598
RIYYEF,3.8961263,2.3540146
CEPLAL,2.3891597,2.2410371
PIHQUV,3.4729893,3.0167255
QEQXEQ,3.6689112,2.7417138
YOXGAU,3.3565245,2.672025
OVEPAI,3.3042786,2.6324766
TUMLAO,3.3867292,2.6731982
HEDLUX,1.9967716,2.0558233
SAFNAR,3.4014232,2.3630965
XIJXEW,2.738554,2.1898265
LEHMOC,3.4139404,2.8034322
CEWGOD,3.8468738,2.7428901
AKUMOJ,1.8201696,2.1898897
PELNOM,3.6280942,2.8655963
NONZAT,2.9684901,2.5410993
JACBUN,2.2588172,1.7189308
INICAJ,3.4123077,2.5391445
AMIPER,3.7587087,3.0039587
BEJFIG,3.5951684,2.2233508
JAJQOD,1.7352701,1.7437438
ECOZAY,2.4405892,2.3787751
WICDOD,3.4517643,2.8747702
GOBLIT,3.31217,2.3996718
NOTCOQ,3.8275535,3.1174135
SIWDUY,3.1717591,2.5711927
KESVOW,2.9733882,2.504487
TECBOV,1.4737687,1.872488
AYIDOD,1.6258804,2.1345131
FEVQOO,4.3094673,2.9731047
QUMRUL,2.0476568,1.7610052
KIXMAG,3.391083,2.9543033
YIKVUK,2.2332385,2.1769116
YICNIK,3.1744804,2.8412318
HAPNER,2.6520216,2.0256953
DAWBIN,2.814746,2.1733918
SENWIS,1.5883286,1.5591143
SEZTAV,1.9826216,2.2404175
HIKJIW,3.6283662,2.21167
QIDHUI,3.5826511,2.5680058
SIQJAE,3.7393887,2.8513246
CUCKOB,2.1747339,2.1736984
WEYBEJ,1.746971,1.8691012
WEWPAS,2.0960932,1.9141964
RAJYIM,3.5638752,3.2522554
WEYWAA,3.916807,2.847123
MAQTON,3.0367906,2.3933766
CUDJER,2.6495726,2.1616697
SINVOC,4.222935,3.224409
MIXJOV,2.576374,2.2412071
EYAGOB,2.246572,2.414564
VINDEC,3.3973415,2.747127
BILNAM,3.6634688,2.7050557
DOYTOB,2.616919,2.043148
TUVTIN,3.9135416,2.5381205
FUHTAF,2.7695749,2.5555177
UFIBUJ,3.8030634,2.719464
GEQXAC,3.555984,3.3422675
LIYXAT,3.0906692,2.664158
WEPWUL,3.3056393,2.7249753
WUWJIJ,2.9279451,2.3630807
OPIQAH,3.329041,2.642352
VUGDEI,3.8531322,2.733742
NIBQOG,4.01885,2.4632592
XIQBOO,2.5211349,2.0942957
APOFOC,2.0914671,1.8683755
DAPTOG,2.083848,2.2432017
VABMAP,3.945651,2.6029773
RECTIC,3.238155,2.7231684
VAPHIF,2.942095,2.4970653
KAJSIZ,3.3086324,2.753455
VOGHUX,3.8321795,3.1685286
PAQZAL,3.240604,2.1505077
MABHEE,4.171233,2.28685
TAHBEM,2.8490322,2.3691993
PUTTAZ,2.3505197,2.0491161
VAGTEC,2.9880824,3.1156363
CAXFEN,2.8958356,2.4949987
EPUKIK,3.0708048,2.9249074
FISWIP,2.8814137,2.1131074
WOPZEH,3.7573483,3.4948146
UYIPAV,3.929052,2.6079612
LUXWIL,3.3181565,2.355983
WAVQAO,2.2449393,2.2300878
JACTOX,3.4689076,2.8135257
QUVXOV,3.1565208,2.5219712
MORLAI,3.1078124,2.592644
SOSPAU,3.6457815,2.689321
NEKRAX,1.8707829,2.5535965
EVOYOF,2.442494,2.2969663
QAMFIT,3.0454984,2.6601627
OQOHUY,0.12462815,1.5517311
AGEWOY,4.6520586,3.1724606
CIPKPD,3.3976138,2.5199587
NAPPEA,2.8346102,2.3382297
HIPXEJ,3.6569383,2.75936
AYEMEW,2.7358327,2.3530216
HANREV,2.7083492,2.2164664
LICQAS,3.1889024,2.3896759
LIJTIK,2.6971927,2.2753162
UMECUK,3.3377485,2.580393
JAWHIZ,2.6082113,2.5197866
QADJAI,3.8939493,2.8642426
EZANUO,2.9954295,2.5942585
OJENOH,3.1703987,2.2006903
XUBKUB,2.5369174,2.009776
UWUJEC,2.456644,2.2441738
RAJYAE,3.353259,2.1544538
QASGAV,4.518723,3.1212792
FUNRAH,3.5889096,3.3446126
HURKUB,3.176113,2.4103794
LADHEE,2.4245346,2.0873313
VOMSAT,3.87599,3.0464497
XEFZOY,3.5421062,2.774986
PALHUH,3.011212,3.2226512
REBWOL,3.2601962,2.5062385
VANTUA,4.0645647,2.5836484
QEFVIG,3.7500012,2.5677624
OJEYOT,3.4759824,2.8323681
TATTAL,2.4718823,2.470987
XOJROD,3.6795237,3.046017
PIVWUN,2.7521596,2.3180823
RESPUD,2.5295706,2.5160506
PUMDAC,2.7478058,2.1757245
DODLOX,3.7578924,2.93665
OXEVIY,3.190263,2.5762897
QUNYED,3.8651054,2.9263952
AJIHAD,3.212304,2.728191
VIBQUT,3.0604646,2.3802266
VAPHOL,2.80114,2.247231
MBYPPD,0.11592051,1.2904072
ZOPBEL,2.654743,1.4642255
WEQFII,4.1589885,2.888141
BENWUP,2.3388186,2.108653
RATQEK,3.2569308,2.369624
XAJPOP,2.793793,2.4409451
DAYRAZ,1.63486,2.1481328
XINNOA,2.0724192,2.4287944
MAHQIW,3.6452372,2.7687638
PEBKAJ,2.6705256,2.9079921
NUCDOG,3.9252424,3.125396
UGAGAM,3.4944863,2.7884066
PEWZAU,2.8925703,2.1450634
EDUQOJ,2.3497033,2.0849423
JOJMIG,2.6893013,2.274534
RAHDAH,3.8868744,3.1671505
XAMRIN,3.99572,2.9194067
MEGJUG,1.5741787,1.8703046
QESPIN,2.2950084,2.1388881
TIRCOO,3.711361,2.9270546
FILBIN,2.7015464,2.4816062
TOMYUS,2.2754161,1.9715616
RANTOQ,3.0512128,2.5676243
ZIQZEE,2.9788303,3.1779394
QIGDAN,3.6520402,3.1834512
WAPVEQ,3.1059077,2.5747743
XOFKIP,2.598143,2.4825525
REWQES,3.5407455,3.0800254
HUGGAR,3.1010096,2.7415485
FOTTOY,3.2504,2.4351366
LATZEM,2.9652247,2.3782923
TATKUV,4.11545,3.0811145
FASPIB,3.1788342,2.3300393
CUJZIQ,2.654743,2.4817796
ICACUL,1.9020759,2.0910313
JURGAG,2.5973268,2.3974361
BEXQIH,3.7853758,2.9029977
BINDAG,2.8005958,2.7004757
EPALUD,1.5869681,1.7265325
PORBOO,3.152167,2.283808
SIYMAQ,2.7810037,2.2685716
PEJWAD,3.2400599,2.6690128
BOXKEG,3.960073,2.4775743
PAKMAQ,2.7012744,2.2095482
WUVSUD,3.4542134,2.7057807
CUCNAR,4.199261,2.9560645
WIPSAP,2.7657652,1.5616685
DACHIA,2.7924325,2.4033768
CEHYUM,3.816669,3.2188509
SUXGIC,3.3823752,2.5074885
HAHTES,3.9524539,2.5367966
EWAGIU,1.8501022,1.8515521
VASXUI,2.9788303,2.619946
OWEJOR,1.0615162,2.1924934
GEYGEW,2.4362354,2.2780552
XILYUM,2.5649452,1.562676
PIKSUY,3.4120357,2.7681332
ULUDAI,2.5559654,2.4380975
VOFYUL,3.7078235,3.0712106
QODDOF,3.166589,1.9964762
NONRUF,3.166317,1.7287697
RUVKIE,2.4084797,2.3609505
YEGTOU,2.8903935,2.7611709
LEQCOC,3.3611505,2.7084885
BUNNON,2.437596,2.28978
MOHQEG,3.866738,4.270185
MUFDEX,2.3374581,1.6902921
TISGOS,2.6411371,2.3622448
VIQWAT,3.1818273,2.412611
MAJXEB,3.2106714,2.7925081
WEYHUG,2.987538,2.5746417
GERREB,2.2596335,2.2441547
GATTUT,3.6691833,2.6390088
VUJPEX,3.458295,2.4893007
AGAPEG,2.6419535,2.3127394
ZOVWUE,3.1108057,2.2170885
XAGHIW,3.4313557,2.744644
JEKLIX,3.8817043,2.7252905
NIRLEF,2.8278072,2.5879076
KALZOP,3.283598,2.8118222
QEZFEJ,3.250128,2.6190147
DISHEV,2.2027617,1.8287957
LUCXUD,2.7891672,1.8203342
MAMREY,2.3891597,1.7039651
FAWREC,3.1333911,2.178328
DAKTAK,3.4142127,2.661969
YAZXAY,3.5929914,2.2495422
FUMRUB,2.5056245,2.4833689
MOWSUN,3.116248,3.006561
NEZQOZ,2.8710732,2.299979
BERCAE,3.1951609,2.3893633
HIKHUG,3.1508064,2.4221616
IVOVAS,2.7260368,2.449191
WOJTEV,3.8822484,2.4962652
HOKBIT,2.8022285,2.305629
UJOLUC,3.5932636,2.4522285
KOXWAX,2.979919,2.3989275
POVHUE,3.4762547,2.855589
XABNOF,3.085499,2.3949437
MARGAQ,2.5918846,2.3028777
WEJYAM,2.9605987,2.315105
ODOXUC,2.332288,2.6502285
PATGUN,4.2743645,1.9940646
BAGHIB,3.534487,3.1310613
CAGNUT,3.3804705,2.7014253
XAFREB,3.8125873,2.5784545
FAXXIL,2.6952877,2.2398696
VUYFIF,2.0808547,1.9355223
POHKON,3.4901323,2.893982
JIMXAF,2.0133705,1.8370738
ZIGDOK,3.1742082,2.289338
DOFVEB,2.8593724,2.1208777
PIMTIQ,2.492835,1.883717
OFAROC,2.8539302,1.930031
NURKAM,3.2855027,2.7883613
FOHNOI,2.9271288,2.6715448
BUKCAN,4.5739617,3.1288326
FOCJIR,2.2307894,1.9830985
TAJTAB,3.0838664,2.6902606
DIGCUT,2.0403097,1.7433227
NALGEO,3.288496,2.5273564
GESPOK,3.405505,1.9934614
QELTEG,3.7655115,2.4843965
LEQQEF,2.5848095,2.5612183
HESZEN,2.7546086,2.3498976
HUBRED,2.5409992,2.515318
ZANTIT,3.192984,2.849072
HEJDOS,2.095821,1.9454606
LUMWAT,2.3390908,2.0427155
GIBZEY,2.791344,2.2614195
HASYOP,3.1848207,2.7841704
ZAYDIO,2.8101199,2.248312
POXDIS,2.3483427,2.5728106
IMUYIY,2.7309346,2.3037522
QEJSAC,2.265348,1.9902136
VUWBEW,4.375863,2.7713904
DONYOX,2.617191,2.153082
JUDZOZ,3.123323,2.4960003
UDIMAW,2.1284747,1.4645927
ENUVUF,3.1265883,2.3673615
NUXLEZ,3.3184285,3.271596
ZIWFUI,3.515711,2.5787008
HOKBIV,2.8063102,2.240279
XAQFEA,2.9706671,2.2090154
RANTUW,3.044954,2.3938973
ILISUS,4.2833443,3.0204928
HOVMOV,3.0193753,2.5512722
BIYRUZ,3.9557192,2.6738675
XUVQAI,2.6569197,2.2414536
XOSZUB,2.793521,2.170911
PASSAD,2.9551566,2.6460845
ALITUM,2.9529796,2.7836156
QOJHIG,2.8520255,2.4914312
QODJOI,2.1241207,1.8254515
KABCOG,2.3431726,1.7979574
XEMSUE,3.9755836,2.8476348
VITQOH,2.0234387,1.8050182
HODNAP,3.659115,2.522424
ODUKOO,4.3083787,2.6019332
QEBQOF,2.3214033,2.1991868
XIRWOM,2.7268531,2.766777
RANQOO,3.240604,2.6012828
QOKKOT,3.3772051,2.7217638
HEYYER,3.104275,2.4423907
BARHAE,2.901006,2.5716307
NEKLIZ,3.9154463,2.938737
NEFBIJ,3.6797957,2.585594
DIHPOZ,3.0299878,2.3637547
WEJKUS,3.902657,3.6215925
KEDMEM,2.3388186,2.0134885
MAPMUO,3.7916346,2.0234046
GADKUT,3.2830536,1.9222189
INIXEI,1.6013901,1.8947251
BEPMEP,2.9374692,2.9175274
XOWGUM,4.215316,3.165061
ITOBOJ,4.8237624,3.703361
DAPRES,4.038714,2.6852229
CIGDAA,2.913251,1.9046278
MUBQUX,3.2011476,2.5426157
GOJLUN,2.4726987,2.2574258
VOVDOB,3.111622,2.5067976
QIDCIQ,3.764151,2.7855113
ELOSUT,3.5834675,3.0264614
WEYGIS,3.9415693,3.0760634
VOHROC,1.5524095,1.9827251
NATCEQ,3.2084947,2.7973285
EQIROL,3.00196,2.199012
YEKHAY,2.7491663,2.494147
ZETSUO,3.0411446,2.1925566
QUVZEN,3.6177537,2.7422032
UGAGEQ,3.274074,2.9472475
MATXUB,4.1872883,2.6517422
NIYTUM,2.4348748,2.089261
GIBWEU,3.7470078,2.8757675
OJUYUO,3.2367945,2.2668395
SEQVEQ,3.8338122,2.5528865
GEFWIA,3.0169263,2.1358886
ICEGOM,4.2553167,3.6257865
LUYTEG,1.6617993,1.9014435
QOYFIU,3.5497253,2.8363092
HIFQAP,3.7796617,2.8154871
QABGAD,2.7619557,2.282123
RAVCAS,3.489316,2.8748014
NOQZIE,3.2297194,2.9704056
JOCCOV,2.2756882,2.0347533
QABFOQ,3.3344834,3.0996928
WUHFOV,1.6196218,2.3074467
KIRXAM,3.4879556,2.526883
UCOGUQ,3.8101382,2.4925551
FOQSOV,2.2316058,2.1171331
PUNJIR,1.4370333,1.6421188
IPUJAG,3.2324405,2.1107292
KAJFUX,3.300469,2.7778401
BEJXIY,3.2879517,2.5107026
LAMWAX,3.8286421,2.9117336
VEKDUM,3.4634652,2.274055
XABLOD,2.8468552,1.8540409
XUWTIT,2.982912,2.7056203
ECIWEV,3.4754384,2.9983206
ZUJDUD,3.061281,2.5526278
AFURAU,2.6215448,1.8607193
BEXHAP,3.6419718,3.3806834
PIKPIK,4.7424,3.4628499
CICSIQ,3.5548954,2.4348965
BIKRET,4.0517755,2.7081566
UDOPEI,5.2945194,3.8908
DIYMOQ,3.166589,2.424559
ACOSOD,3.0406003,2.4421308
KIFWEB,3.286047,2.9636486
BAQHEH,3.1630516,2.9478922
OGOTOV,3.4264576,2.5040665
PECQET,3.4449615,2.3198571
ONIMII,1.6468331,1.9975326
SOYQOM,2.8501205,2.5448768
CAPNUF,3.807145,2.7761822
JAZFIA,2.6484842,2.2728696
SEHPOM,3.0539339,2.2690687
PARHOG,3.304823,2.6597571
USAXAP,2.4629025,2.0232966
NAYNEI,2.8041334,2.9690807
DUHJOH,3.309721,2.7866514
DUHJEW,2.1145968,2.0102487
DANLIP,2.958694,2.507437
IZURUS,2.8754272,2.2006853
XIJVES,3.7094562,3.0737076
FEKDEG,3.410403,2.5666745
AJIXUN,3.8686428,2.5511358
XANHEB,2.4789572,2.1306884
KAVYUC,2.3766425,2.084293
LUMSUI,3.957352,2.9200177
OWEWOD,1.9233007,1.994571
SILLAC,4.0993953,3.4041052
COCHIO,2.5910683,2.0747597
LEWVOZ,3.4060493,2.341533
YAKCUK,3.3965251,3.5037098
KEYVIU,2.0773172,2.1354375
YATXIB,3.4498596,3.0576138
LIJSIJ,3.159514,2.6434402
GILZOQ,2.3333764,1.7065498
DEBNAB,3.9663317,3.035519
IJOSAC,3.271625,2.0635793
REDYAD,3.739933,2.6945536
ESUPOX,3.1750245,2.8387475
ROGDAV,2.9717555,2.3645627
LIHZAE,2.0011253,2.1948216
FAJVUK,3.4006069,2.3916707
HIZKAD,3.6819727,2.7351081
QISHAC,3.1181529,2.7388911
EWALOD,2.6751513,2.4258986
MEHHIT,3.1989706,2.6407928
PDTPOR,2.5121553,1.7743305
VIHXER,3.2914894,2.576648
LAFQIV,3.281149,2.5931132
AHACES,3.2185628,2.5882936
NESHUP,2.1129642,1.9874719
IKUSEN,3.467275,2.4746516
QAXXEU,3.44605,2.1688392
GAPRIZ,3.8280978,3.30608
FEWZIT,3.9271472,2.461668
QAFSUN,3.3924434,2.5014544
PIXREU,2.9279451,2.4317112
GAGGIH,4.012047,2.784123
TIQZEZ,2.9162443,2.5648892
LEVWUF,3.661292,2.539733
BAJXOA,3.0923018,2.597628
DEJCAX,2.8425014,2.4309988
PIVWOH,2.7535203,2.250825
SULVAW,3.4063213,3.0785112
AGINIP,2.8386917,2.1957078
CUDJAN,2.7241318,2.186436
YAYMAN,3.090125,2.50493
COFTIB,3.0523012,2.9086945
XEKSAH,2.8882165,2.5936441
KABCUM,3.0005996,2.0956614
RANQEE,2.95815,2.442051
ASECOR,3.099105,2.6099584
LECNEM,3.8087778,3.0953512
NOZJAP,2.8743386,2.660106
HIKYAC,4.2188535,2.8797734
WOXQOP,2.760595,2.5540466
FELQOE,3.333939,2.100213
TIXTEA,3.0144773,2.061705
RABWID,2.1124198,1.8687757
VADTEA,3.5927193,2.9592354
EZAMOH,2.2854843,1.5128859
AFAMIF,2.7064445,2.1088154
TEBYEH,2.1121478,1.9553416
QEGQUO,2.3581388,2.4477725
GENSOK,1.7962236,2.02135
EFUYEJ,3.7766683,2.2265515
FEKXAW,3.161963,1.8967254
RONLIR,3.4036002,2.9241533
HAKQUI,4.158172,2.9639037
IGANOT,1.737447,2.128181
TOQHUC,3.2060456,1.723517
NIVBOK,2.8259025,2.311717
GUWJUD,3.4348934,2.4698184
TOTQUQ,2.7728403,2.2471879
MABDEB,3.1793783,2.9550922
DIFBUR,2.5238562,2.3706708
DUJFIX,3.5597935,2.846056
RAZLAF,2.7061725,2.6360555
SEMDEU,3.369858,2.466004
ZEJKAC,3.5067313,2.5467935
MICJIU,1.9317364,1.8741612
GOZVIA,3.0550222,2.563923
DICPPD,2.9303942,2.6611607
XIMPIV,3.792451,3.3059707
LONZEU,2.3186822,2.0068486
QOWXUW,3.2166579,2.5883892
KENNUN,3.8490505,2.7925599
MEJYUW,3.7763963,2.9088683
AZISAE,3.826193,2.8316836
PORBEE,3.496391,2.459304
CAMFIF,3.3573408,2.2143292
ZOZFOJ,2.3140564,2.0507958
MIKLOH,3.616121,2.8356524
TURDOZ,3.2738018,2.8963249
YARMOV,4.4479733,2.9922104
NIZRAR,2.2590892,2.2456841
BINPOE,3.1061797,2.284777
FAJLIN,4.8673005,2.7790728
OLOPAH,2.3676627,2.0948298
OZUGEX,0.9406976,1.7941539
KATJEV,2.483039,2.3328714
FEHJIM,2.801412,2.438687
DEXLOJ,4.390285,2.8638165
TELDUJ,2.5268493,2.1729584
TUWSUB,3.8183017,2.7963455
NAXWIT,2.3834453,2.0241134
EFOJUH,2.4158268,1.8350934
ZELPUE,3.918984,2.9873145
XIMTUL,3.0795126,2.297029
RODNON,2.3929694,2.2913036
UVOXUZ,3.5165274,2.7183776
QAKWIJ,2.0277925,2.625756
UMEBEU,3.7606137,2.5399022
SUHDUV,2.795698,2.3689995
ABEVEL,3.201964,2.6321697
OJATEZ,2.6035855,2.1251917
EJOJAO,2.8841348,2.6378574
EKATEP,3.1203296,2.3270173
EHOJOB,2.2781372,2.034945
OQIKEF,2.3505197,2.1666768
XEPXOH,3.3750281,2.166088
NEZCOM,3.5475485,2.103295
TEBZOS,2.0694258,2.0851893
WELZAR,3.1973379,2.3873758
YATGUV,2.8898492,2.4368436
QICDEN,2.941823,2.5948842
EDACEU,2.6484842,2.2751076
EFUXUY,3.424553,2.3960888
SEWCOO,3.0332532,2.676046
RALMEX,2.52821,2.4745095
XOSYAG,2.922503,2.3884335
UPEGAZ,3.18346,2.8161826
DACYOW,2.1959589,2.117496
MOTCUT,3.4874113,2.4850318
NESJIF,1.9687438,2.016687
DEXCUG,2.8767877,2.6224532
KAJXUR,3.2199233,2.9071987
LONFIG,2.7192338,2.5334306
CMPTZP,3.9973526,3.043537
HAXXOT,3.6504076,2.4823833
CALDIF,0.9831474,2.3032112
QOSHIQ,4.062932,2.5658257
EBEYAO,2.6830428,2.3633633
JIKBEN,3.8359892,2.8619196
SIXNUJ,4.122525,2.8650842
FAHGAX,3.9913661,2.9179776
BUWJUY,2.535557,2.269455
SIGDOB,3.979121,2.407136
ULOJEK,2.3499753,2.3247159
YEKTAM,3.326592,2.3440485
MOHFAS,2.9815516,2.373218
PARCAN,2.958694,2.4448473
QIGZUD,3.8520439,3.0504801
DALDOL,2.3023553,2.075755
FIRCAN,3.9660594,2.8434346
CUQVOA,2.2310615,2.0325847
XUSMUT,2.5600471,1.9820446
JEFKIP,4.337767,3.0363278
WUSBIV,3.2844143,2.5080118
VOGYIA,3.2895844,3.3129034
SAJDUF,1.8637079,2.0744643
TOSTIE,2.8729782,2.6288714
VANVIS,2.683859,2.3056297
PULDAB,2.7584183,2.4629035
RUDCAW,3.759525,2.814318
BIXJOI,3.3320343,2.303236
MARPOM,2.4868486,2.0209532
KUHVIT,2.5412714,2.762619
HUBGUI,1.5611172,2.116665
NEBCOP,2.4392288,2.1546226
XIJGIH,3.6906803,2.4797182
TAJKIB,3.7772126,2.072598
QAVQAG,3.3301294,2.6133893
YADZIM,3.126316,2.623444
WILBID,4.0286455,2.9093678
LEXWAN,2.8114805,2.1107776
ULEPOQ,4.6629434,2.3392558
NOHCUI,2.923047,2.3242664
PERROV,1.9875196,1.8022295
LEVWIT,3.7334023,2.4785023
TEYMEP,1.4607072,2.1567364
QUCCOI,2.8473995,2.04037
WICTAF,2.4133778,1.9038035
TENFUP,1.9741861,1.9120908
BIDDAV,3.3521707,2.189791
LARJOF,3.3031902,3.0480888
NOYROK,3.1938004,2.3734295
GAJMUA,2.6833148,2.4755714
EJUFAR,4.2291937,3.1799588
GUCNUN,3.4577508,2.2072513
HAZKID,2.690662,2.311339
CEZCIV,3.8591187,2.6883855
UJIYIW,3.0329812,2.4248269
WEYGEO,4.21586,3.0437047
BILPAP,2.119767,1.9534166
QIGCUG,3.613128,2.858515
ZIJMIR,4.027829,2.8444116
YILLIP,3.023457,2.82363
XIWVOQ,2.49991,2.087429
FIRCOB,4.5609,3.475316
OKAMES,4.1026607,2.2332516
EPOWUC,3.8231997,2.788554
YOBPAH,3.0754309,1.8205754
UFIYOA,3.0716212,2.4337463
IFIJIS,2.7344723,2.086188
LUKCUQ,2.3526964,2.1382034
KIXVOE,3.682789,2.291113
XOJRAP,3.6667342,2.4855037
ZIYTOT,3.0604646,2.3946304
CUKGUK,3.0963836,2.1527581
EYIWEP,2.7380097,1.9327002
NUPTOH,3.3369322,2.7884324
SOBFEV,2.4656236,2.3107595
RIJJEB,3.05856,2.1917372
FORPEI,3.6335363,2.7026987
TUWSOV,3.7230618,3.0158432
DEDRUB,3.2593799,2.3429224
HIDZID,3.3162518,2.5646896
BOBRUF,3.8093219,2.7642238
VEYHIR,3.5227861,2.2549803
QAMJAR,2.884951,2.4206123
ONOXEW,3.0740702,2.468474
JIFXUR,2.9820957,2.179993
COJHEQ,3.19761,2.296894
HISYIU,2.527938,2.0789685
KUXKEV,3.0988326,2.4449658
EFUXAF,4.1804852,2.5590115
HIPTOR,3.974223,2.457752
HIZQAI,2.658008,2.498178
DEKRAN,4.819953,3.060019
KIRXUG,3.3012853,2.6327474
MILGIX,1.9423487,1.6486535
DEDCOG,3.147269,2.445758
IRAXIK,3.7309532,2.7829993
TUNHIV,2.3554175,2.2787006
IPUSIW,3.2057734,2.0955582
QAHCAE,2.7271252,2.5337262
MAMDEL,3.1323028,2.5247972
IBEPOW,2.1711965,1.9581068
TUXTOV,4.5059333,3.504295
VOCCOG,2.903727,2.8415723
BOPQAZ,2.8473995,2.0605407
YACKET,3.943202,2.8451746
SIXFAG,2.26045,2.319231
ODUJEC,3.4286346,2.6346693
QELROO,2.8093035,2.3622525
JOGDIT,3.4972074,2.6993077
IVAJOF,2.6253545,2.085191
ZEVMUL,2.743452,2.1943765
KEYRUB,1.6492821,2.4095685
CUMSUZ,3.577753,3.2795808
FEQSIG,3.5976174,2.5211089
YOZLIJ,2.9837284,2.1790257
DOQSIM,4.3219843,2.8351724
QAMHOD,3.084955,2.333138
HUHQIL,2.61964,2.6552072
FMSEPD,2.3311994,2.820085
VOXJUP,3.321966,2.4373512
NOHPOP,2.0416703,1.8820223
AFABOA,3.0435936,2.8359072
ZEPNEQ,3.1195133,2.467794
QAPMOJ,3.1551602,2.6008277
NEBCUV,2.8737946,2.2143612
NEXXEU,2.9363806,1.851392
INOKED,2.1695638,2.1811879
LUDPAD,3.5646915,2.1604927
NIJGUL,2.1812646,2.2497478
QAJSEA,2.3165052,1.7432847
CISYOT,3.3282247,2.8090613
OZUYUE,2.143441,1.547885
QUMMAO,4.352733,3.1620312
WIKXOG,3.2305357,1.8080186
XOQVEG,2.9317548,2.3470466
VIHZUH,1.6884665,2.104404
CAQSIY,2.6710696,2.2790096
NESMII,4.2466087,3.1924033
KIWDUQ,3.3948925,2.9488938
DEBFOF,2.4024932,2.2057648
BOXYET,2.578823,2.514666
CAQRAO,3.5407455,2.9771621
GEXGOI,3.9042897,2.4490175
LEXLAC,3.3712187,2.8305047
ELEMIR,3.0604646,2.2783127
UNAFAR,2.9597826,2.4450083
YIKVIY,2.977198,1.6915836
TUWTAI,4.0566735,2.7539365
SEVVUL,2.9878101,2.54996
RUSWIL,2.5192301,2.5115995
IJEQOE,3.087948,2.3792794
BEJWOF,3.1984262,2.3442118
DIPPAW,3.0106678,2.9856372
MOWTAU,3.3785658,2.7373648
QEWFIH,2.1559582,2.2006273
COFTOH,3.3208776,2.693516
LUMROB,3.864561,2.9798782
SUHQAP,3.771226,2.496163
RAKWUY,3.455846,2.7104337
CIPGIT,3.1703987,3.4820192
YUMYEK,3.4237366,2.9242678
DEGWAO,3.661292,2.9498487
LUCXIR,2.0182686,2.1209228
ILOPAB,4.5799484,2.846662
WOMQOH,3.8362613,2.5801282
YASRIW,2.2699738,2.0067778
NONSAM,3.1766572,2.5866942
YEZQAX,3.4057772,1.87113
PUZVUD,3.0057697,2.4600255
ITIFIB,2.3426282,2.1968274
YAZPAR,2.5048082,1.755999
QOPYIF,3.6305432,2.782432
YEWBUY,3.845513,2.9770494
ARITAW,3.2435973,2.8491802
FONKOL,2.5703876,2.248948
OPOKAG,2.5946057,2.0475621
QUDVIU,3.5064592,2.2980351
EGOHEP,4.0082374,2.7475235
NUBLUT,1.880851,2.4917603
PIXSIZ,1.9984043,2.1521485
XAYHUD,2.9529796,2.4902537
EXIYOZ,2.361132,2.2285624
JESFOD,3.1750245,2.388444
DAYMEY,2.5652175,2.1506095
YOPSOL,2.6585524,2.2724063
ABAZIO,3.5508137,2.8264976
KAJXAX,3.2188349,2.8506382
TEZWUT,2.8735223,2.5506463
BILTEW,2.6272593,2.2263768
ZEJJIJ,3.8389823,2.553574
RASYER,3.4074097,2.748158
XONQIB,4.3094673,2.993549
TELPUX,2.8931146,2.2964082
QETXET,3.0237293,2.6781225
PIGZAI,3.1137989,2.3318691
EBARUW,2.105617,2.5320837
WEYVON,3.8993917,2.75411
XETSAQ,2.423446,1.8950889
DOGKER,2.5614078,2.253196
VEGNUT,3.7459195,2.9198778
DUHKUN,3.0607367,2.6980433
LISCIZ,4.4814434,3.5057788
YEMCOJ,4.1413007,3.0660675
PAGYON,3.3951647,2.5591202
SIJSAG,3.1170642,2.3471737
HUVFOU,3.0977442,2.5705671
RABJIQ,3.0678117,2.5925937
FOJLIA,2.8482158,2.4174204
YUXFAZ,1.8362243,1.495075
KEZMOU,3.6501353,2.6019392
MEHKAM,3.22591,2.9883249
DIMWIH,2.177183,2.3996847
FAMCUS,4.762809,3.3024323
SUXKUS,3.9660594,2.72599
HAWQIG,2.05963,2.4315736
BIXFET,3.6210191,3.2202017
BEWRED,3.372307,2.7203243
CEHSEQ,1.837585,1.9856441
WIKXAS,2.3589551,2.1745982
QODDOD,2.8084872,2.5079386
GERKAR,3.7486405,2.8635626
JAVXIO,3.3848243,2.5316246
XUSMED,3.732586,2.6230617
SOLYID,2.4539227,2.3268175
VAZZOM,2.8854954,2.850669
FUHXIQ,2.3309274,2.5010595
PIFMAU,2.7298462,2.188014
KIBLUE,2.4969168,2.274921
PIKYAK,3.1195133,2.6935046
XUSMIH,2.9118905,1.9216825
KUBFOE,3.4289067,2.2745228
MASDIW,2.752704,1.9750626
QUMKIS,3.445778,2.497377
YIYNIE,2.4931073,2.1482704
GAJVET,3.7821107,3.5677035
CEGLEG,3.4468663,2.718946
DEFFUS,3.888235,2.4815054
HAKGOP,3.838166,3.3179882
FOSHOM,2.8901212,2.075363
EHAMAC,3.577481,2.902402
LEBVET,4.2025266,3.3759317
ZIWTEH,3.5233302,2.417719
HUGWUC,3.2348895,2.3185034
WEZQEX,2.8449504,2.218431
NIKKOJ,3.6852381,2.7369273
YAWCAB,2.6343343,2.550096
FILGOX,2.3233082,2.0077653
FAPMIU,3.2201955,2.4468427
XUWTUF,2.8327053,2.5390902
VIGYUG,2.8321612,2.5356295
GEVPEC,2.8490322,2.4646168
IHEKIP,3.221556,2.7830093
HUPFAA,2.9815516,2.50503
YIDZUH,2.26562,1.9701991
TUTFAR,3.3037343,2.3324926
SAJSAZ,2.8596447,2.5081012
MAQNIE,4.7018557,3.252104
UXIKUI,2.122216,2.0707798
YACVUV,4.0166726,2.51745
BELMEM,3.7222455,2.6971412
GODGIP,2.8569233,2.364463
KEVGEY,3.6191144,2.899369
QAYCUO,3.9225214,2.6921556
BOFDUY,3.0528455,2.5050802
KIWDAW,4.1135454,3.0003803
QUMROF,1.8800347,1.9386995
TUCSEQ,2.6005921,2.6060839
NAKKEQ,2.5344684,2.1271195
ADUGOY,3.4112194,2.9533262
OMEGES,3.4904046,2.50395
YUTQAG,3.5404735,2.5604484
WELWEQ,3.0789683,2.5046377
HOVMIP,3.31217,2.5768921
MAQQAX,2.6452188,2.0821562
FODDEK,3.2250936,2.4735603
XIVTOO,3.577753,2.7920074
YOXGOI,3.305095,2.414051
QUNCUZ,3.3249593,2.3470263
AREQET,4.252323,3.5296414
HABFUO,1.6974462,2.371225
ATAHOS,2.9867218,2.4338048
ABORIV,3.2139368,2.7029579
HUXCAG,2.8054938,2.2753074
RIFXAI,2.2152789,2.192235
PIZXAZ,3.7078235,2.7583592
FOSFOJ,3.7342186,2.6086392
FANBAA,3.450676,2.609685
GENVIE,3.5853722,2.872809
UVOSII,4.1475596,2.8539987
OKOHEB,2.839236,2.469633
VEQPAL,2.9845448,2.3393116
OFAYAY,3.204685,2.2469954
VOGYEW,2.9483538,3.137959
NONCAW,2.856107,2.6335728
GOSKEE,4.404979,3.3152697
WEMGOM,3.7611578,2.560007
GIVDAR,3.3249593,2.2817628
TOPYED,4.72308,2.9757533
SIGHIA,4.648521,3.1834784
HEFPUF,3.4172058,2.7282052
QEMVEK,3.587277,2.6578982
BAYZUZ,2.465896,2.6587815
JATJUM,3.3796542,2.9257843
MOBSUT,2.2903824,2.0454326
IBUNEB,3.9489164,2.6266496
BUGVOP,2.9303942,2.3289404
GASPIB,3.7815664,2.4266453
MAJJOW,3.5840118,2.6901224
ETUHIL,2.7045398,2.5031955
DIGMIS,3.1140711,2.6228456
NUNHAH,3.3965251,2.4260273
NAVBES,1.9643899,2.3264213
SONLIS,3.099377,2.3929539
WUZPOW,4.235452,3.7160025
RETNAH,3.5353034,2.0384095
EVUWUO,3.869187,2.1228614
KASJUJ,2.1216717,2.124299
ZOLKAO,3.1505344,2.7012095
HUNHOP,1.9363623,2.2391286
EMEPAO,4.21586,3.023752
RIPLEI,2.511339,2.212131
ADUMUJ,4.896961,2.8620763
WUMLIZ,2.1260257,2.5007918
JOHQIG,3.4759824,2.1172452
ZUBNAL,3.826193,2.6295485
AXIQIJ,4.4920554,3.1077566
OKOGEA,3.5578887,2.702507
ASEHEM,3.1970658,2.3723092
MADZID,3.238155,2.0904748
GUWLIT,1.8076524,1.9300554
CETDUD,1.9543217,1.9698415
EZUXAZ,2.6593688,2.3530788
YIYGIX,2.6860359,2.516078
WUBPAK,2.1907887,2.0995579
ENEGAF,3.1540718,2.4032872
EFINAL,1.9107835,2.3560123
EPULEI,2.9173326,2.4784832
PIBYUU,3.3056393,2.57525
BAMXIZ,2.760323,2.7770877
LULNIQ,2.9516191,2.352599
AFOHIM,3.572583,2.712754
PORNOA,2.903455,2.4694233
FANQOB,3.4991121,2.692667
EPEDUA,2.2814026,2.0813866
FAJSAM,2.2340548,1.9152899
MUZQUT,3.8221114,3.0569508
LEHQIA,2.533652,2.1870322
XISCEJ,2.841685,2.4580405
ZIHFUT,3.3717628,2.0850818
HONJIE,2.944816,2.1668997
CAMSAM,2.5377338,2.1654556
ZIDQIO,2.6517496,1.9582176
VOZNEF,3.5932636,2.2789733
EFUWIL,2.9899871,2.5139265
ZEYWOP,2.0930998,2.4263225
LOSTOE,3.4996564,2.4066882
MOBTPD,3.6027875,2.812093
PIFGAM,2.803589,2.382724
XONKIW,2.0340512,2.0091019
BDMIUP,3.3627832,3.0629997
WASVUI,3.231352,2.395471
SARVOY,3.1154315,2.9883027
BEWRIH,3.3704023,2.6858623
SOHHUT,2.2335105,2.0183387
TAHRAW,3.51816,2.8343782
EJESET,1.1540349,1.8157027
AZITAE,3.878711,2.855412
BOYXUJ,2.6988254,1.7358477
TIHDUL,2.287389,1.9409537
QEWGEG,3.2158415,2.404899
YAQNUC,4.7453938,3.192522
KUXSUR,4.3388557,2.9955113
JEYWUI,3.6139443,2.681915
WOKYIE,2.9883544,2.0106754
EHOPAT,3.350538,2.8884692
PAGKIS,2.5491626,2.1524792
AZELOI,2.8405967,2.8244581
YEKGIH,3.9513655,2.9237354
AZOKUV,3.2601962,1.6541433
GIYWES,3.5208812,2.8739421
GASPUN,4.4370885,2.9026275
COFTUN,2.9644084,2.147633
CIRQEZ,2.4512017,2.466471
WIGGEY,3.9423857,3.0806324
IYUGUF,3.1989706,2.221156
FOGPUN,3.0874038,2.471017
AFAMOL,2.6922946,2.229833
ECOKAL,3.4754384,2.6634867
ROBHIZ,2.5018148,2.4434767
JAKWEY,3.8400707,2.7241085
CAZMEX,3.4142127,2.542094
HEFSAN,2.4596372,2.301135
QOFKON,2.6011364,2.2099516
NONSEQ,3.6748977,2.8990235
NAVZUF,2.7693028,2.7165644
GEXPEG,2.8049498,2.5054636
IXIXUJ,3.629999,2.176746
NADMEM,3.4498596,2.4477148
XOFSOC,3.749457,2.6361296
BOFFEK,3.0759752,2.6031795
FOKDER,2.6253545,1.8630679
KENTAA,3.2944825,2.3349252
LAYJIG,2.2648036,2.7390664
CALRIR,2.8591003,2.387713
SASJOL,2.8120246,2.1762922
YOJMEQ,3.6890476,2.960523
KEHWIE,3.0384233,2.1886091
NOMTUG,3.620747,2.572539
ZETSIC,3.4806085,2.3843832
HIZLOS,3.591903,2.549862
KIMNUR,2.506713,2.489396
XEVFUA,1.8408502,1.4268814
NOCFEQ,3.55163,2.4568462
INOZOC,2.8310726,2.392764
FOKLIB,3.0531175,3.3956695
JAZFOG,3.0523012,2.4136114
QEZFIN,3.2841423,2.611207
GIQTOP,2.7374654,2.4839134
ZENCIH,2.1611283,2.100357
REXZEC,2.6188238,2.2726054
CUDFUE,1.8696944,2.0858874
ERACEF,3.1527112,2.5860357
SAVREP,2.0585413,1.9683487
GIQJIZ,2.7107983,2.2248766
PEMFIY,3.1437314,2.8602293
JOBTOL,2.7355607,2.4189448
APUCOD,3.1864533,2.3479457
LORDIG,3.8563976,2.7326925
WUWCIA,3.1611466,2.6721601
DAGNUV,2.3673906,2.2023044
FURHEH,3.6689112,2.7982614
XAWGUY,3.126316,2.345599
CODSIA,3.288224,2.5539067
IQUFAB,3.4601998,2.9267464
JEPMAV,1.61554,1.8031051
IDOBOS,3.5744877,3.2692742
ILISOM,3.4049609,2.6638892
POCDUG,3.1935282,1.7579277
KUJJEF,2.5646732,2.289445
YAPZAS,3.2604682,2.7614136
YOYBOE,3.1720314,2.8319159
OXAGOK,3.4547577,2.365602
DEZPOP,3.3987021,2.437791
KAFNUC,3.5848281,2.8184834
FUGJEX,3.8468738,3.674911
ITONUC,3.1241393,2.7282972
EHESER,3.5255072,2.939578
XOCZUN,2.4778688,2.38434
QIJMUU,1.6356764,2.1148446
NUXDIV,3.212304,2.346175
HUCBEO,3.35081,2.2997048
XISHUF,2.8841348,2.2089484
CIXJAW,2.4389565,2.7050464
TELQAE,2.5676663,2.397947
LEZWES,3.802519,2.2169292
RODMEC,2.2637153,2.1831093
EPIDOY,3.300197,2.3566186
XOWMUT,3.453397,2.535948
USEVUK,2.5488906,2.1467702
XOGMIP,3.5733993,2.9104393
MAKJAM,2.5494347,2.8063688
NASMUQ,3.8300025,2.77026
NATXIQ,3.8770783,3.1112525
UJOKEK,2.9671295,2.231731
XUFHOW,2.891754,2.3044271
XAHVIO,2.3309274,2.21315
YAFPUS,2.5086176,2.4184678
NONFON,3.1486294,2.4918377
FOSHIG,2.4433103,2.0020442
SAKHIW,3.1105335,2.105838
TEHBEO,4.203887,2.5441573
UDAMAN,3.7222455,2.517862
MORZAW,2.5986874,2.2890327
XISHOZ,1.4139036,1.9225659
BULBAM,3.3821032,2.6940742
GACLEC,2.3556898,2.5116649
GIDYIB,0.7483131,1.2992588
FAMJAG,3.8825207,2.6923177
CEWBUD,3.2463183,2.7868574
UCUVIZ,3.892861,3.1883743
WUTREJ,2.4618142,1.8714004
KOSROB,3.3374765,2.1255972
WONTOK,3.2996528,2.351811
DUWJOV,3.9633384,2.4296317
IVUFIO,3.3804705,2.497613
PESSAH,2.2609942,1.9495447
VIYFOZ,2.433242,2.558772
SAJFAN,1.8443878,2.0647116
NOKKOQ,2.4748757,2.4015021
QUHTUI,2.7709355,2.3452678
FOMLOI,3.7777567,2.842888
IKITEC,4.7451215,3.150205
NEDMEO,3.732586,3.1740422
COSXUD,3.1372008,2.5099778
QUQTUR,2.4264393,2.6236153
SONQAP,2.4593651,2.2315235
FOKDOB,2.5682106,1.8963581
QUVXEL,3.467275,2.5296135
KEVSOU,2.963864,2.4446745
IHOFER,2.8952916,2.4800656
PIGBIT,2.6990974,2.579046
ACOSAP,3.1059077,2.1960459
UMODUV,3.2572029,2.4636996
BIXJUO,3.46537,2.3289738
VUYMAE,4.005244,2.990131
RILFUN,2.0830317,2.296966
FAGSAJ,3.470268,2.288525
ZIBBUK,1.3284599,2.0162072
DECWOA,4.0710955,2.720247
GAQNIV,3.5633311,2.4510117
DAWBOT,2.7284856,1.768484
QEWDUR,3.8006144,2.4603312
HIFHUA,1.7450662,1.9131281
KEHVID,3.5012891,2.94301
OCIWON,2.4789572,2.574857
XURDET,3.5342147,2.4867077
WULSIH,3.4735334,2.441957
BIXROQ,3.5910866,2.4644854
DAKHUV,2.1379986,2.13305
WIYWOR,2.6403208,2.2290874
YEHGOI,4.07681,3.2152054
JEKCAE,3.326592,2.983354
EYIQAE,4.275453,2.9463606
FISWAH,3.1943445,2.3228288
COSXIR,3.7584367,2.559472
IKUVIU,3.4324443,2.5147996
SUXGEY,3.1170642,2.6517086
SUJLAK,3.778573,2.5530746
SAYHEF,2.6735187,2.6999118
SANDAM,3.1801946,2.9781256
FACFUM,3.2925777,2.5099723
NEWHAZ,3.166317,2.5157094
YIXWOS,3.695034,2.7892706
FISXAI,3.6642852,2.6841407
BUZZIG,2.1744618,2.103509
HEZYOD,3.2865913,2.8854046
ATIHUG,2.310791,2.1229486
PADMEM,3.1396496,2.4944885
GIRQIJ,2.9505305,2.171781
ICEFOL,4.557907,3.705137
VABMIX,3.7837431,2.3480961
UZEZEF,3.6928573,2.583239
NOYREA,3.2675433,2.2621403
TOFCOI,2.2531028,1.9180689
RAYBOK,3.1600583,2.6884866
RODNAZ,2.3605878,2.2647192
SAKGUI,2.2209933,2.0300784
GIJWUT,2.036228,2.0600257
WAJCEQ,2.352152,2.0714161
HIZLIM,3.295571,2.4429727
FAGTOY,2.700458,2.3972623
TEBWON,3.388634,2.5825305
AMAYAO,2.451746,2.195862
IMULIN,3.5200648,3.0496294
YEWGOX,3.250672,2.5515797
KABPIP,3.3320343,2.0822062
IJAXUM,4.013407,2.5407915
XIXNIE,2.0732355,1.7263625
JAKVOH,4.175315,2.6292067
ENUNAD,1.4824764,2.3426151
SOHSUF,2.129563,2.1015956
UROGIS,2.7875345,2.6679142
ZIMWID,2.5733807,2.0120916
TUVWUC,4.158444,2.7482927
NANGEQ,2.4599092,2.1168098
ICIDED,3.0754309,2.268589
KIHDIQ,4.013952,2.6883893
IDUGAR,2.9064481,2.5257807
MPTCPD,3.2332568,2.0390193
EMOJEV,4.158444,2.9859598
SAFDAG,2.179632,1.8688776
SONPUI,1.063421,1.4735719
EFUVUW,2.8482158,2.4139717
YIYJIA,2.0955489,1.8863833
XIYLAS,2.7701192,1.9852847
ROMGEF,2.4909303,1.8442589
FUHXEN,3.226454,2.867356
ZELJUX,3.4539413,2.380049
VANQUZ,2.7763777,2.4245396
MEPDET,2.5818164,2.215959
KATFIV,1.4713197,1.9224956
CAFQEF,2.918149,2.082711
GUYDUB,2.6215448,2.2378829
PUXXUD,2.5747414,2.8694339
PUCREM,1.9853427,1.4299331
BOFPAO,3.4656422,2.3503442
LITYIY,3.4547577,2.4325893
JIZWEV,3.7793894,2.4793386
LUXYUZ,2.9374692,2.321355
XAMTEL,3.735035,2.89017
GUVVID,3.0346138,2.6307664
XUNMEZ,3.1649563,2.1811867
HUXBOT,2.7595067,2.3406725
CATQEW,4.0814357,2.7960663
KEDTIZ,2.2786815,1.7296579
EXOLAE,2.9793746,2.6075203
NONBAV,3.2210119,1.9335217
UXICUB,3.6738093,2.1352596
DEMWEY,2.7295742,2.6075003
MUPDUX,3.5548954,2.867774
LIFLAN,3.536936,2.917879
BERCEI,2.6201844,2.5761445
VEJBAQ,3.469996,2.5771062
TILWOA,3.128765,2.6405222
VUGWIE,3.4803362,2.8736582
DOMTAC,2.7780104,2.3679786
REVQEP,3.1132548,2.4990945
MIJJEV,2.282491,2.443268
UXULIK,2.7763777,2.2217803
OHONIJ,2.9412787,2.5274665
CUTDAW,3.4471383,2.8745446
YECKOI,4.596003,2.8787498
LURMUH,1.8911914,1.8534336
HUKSEL,3.305095,2.7024462
VIFVEM,2.6201844,2.1051636
NOKDEY,3.121418,2.4744802
NANCUA,3.9875565,2.5516906
XABPEX,3.1143432,2.5452974
DUJCUG,3.2759788,2.63281
UHADUC,3.90048,3.2101
ETOHEC,3.7467358,2.6075823
AGEWEO,3.943746,3.0774698
HADBIA,3.274346,2.9518661
WETMUF,2.9878101,2.286491
XEPCIE,3.8531322,2.8530226
HAHTIW,3.9298685,2.7096982
SASTAK,2.7853575,2.3202791
XUYWUJ,3.5861886,2.591971
XUVQIO,3.2754345,2.7627804
ENPDBN,2.4223576,2.7597115
ARANAJ,2.308614,2.3796334
HICRAN,2.0800383,1.946672
VOLKAK,3.1554325,1.8718448
SEMKUS,3.042233,2.4768898
TAWNOU,3.8400707,2.6352677
CUKFOD,2.7039955,2.174435
YATVAT,3.0795126,2.8324776
DARPUK,2.8479438,3.1459417
TISGEI,3.862112,2.7713597
YEXYUV,2.0637116,2.4284072
IGOBAH,2.776922,2.4272237
AJICAZ,2.203578,2.032704
HOQHOK,3.0125725,2.5856402
FAWNOI,3.4049609,1.8366231
GAJMIP,2.4267113,2.305227
FIYYUI,3.570678,2.311231
MPSOPD,3.8063288,2.939602
SODYIU,3.2163858,2.5436218
PDBZOM,2.9834564,1.9785278
HAJRUI,2.8980126,2.9704762
VISRAQ,2.8299842,2.363946
CIJZEC,3.5576167,3.0547345
OHEDOW,3.2057734,2.9596589
KENTEE,2.6661716,2.4508731
XULVEH,2.3050766,1.9538575
ECIVAP,3.7772126,2.70082
LADZUM,2.3861666,1.7241367
RACNUF,3.4710844,2.6060357
ODUNIM,3.6212914,2.647213
SANFIW,4.2915077,2.7548337
DUPTEO,2.3143284,2.0268278
HAWXIO,2.8792367,2.49819
MIMLUP,3.0117562,2.4326615
GIQBUF,2.7976027,2.60377
DENKOZ,1.5812536,1.2704536
SEWLUC,3.7097282,2.7905397
MUTSOL,2.4819505,2.4407833
EVESED,4.1546345,3.3663359
RAGHAI,2.0917392,1.825966
WANYUF,3.81422,2.894323
XOQSUT,3.9279635,2.7914813
WIKZIB,2.2947361,1.1614472
UJOKEJ,3.3401976,2.4973698
NOPXOF,2.652294,1.8457668
TEXWEY,3.343463,2.6154234
WEQDOM,3.2816932,2.689591
XIXZIO,3.0166543,2.5376983
MIVXAR,1.3431541,1.7321055
TUDSAN,3.6770747,1.9072442
WILVOE,2.6405928,1.9153397
HERVUY,3.2952988,2.631358
ECOYIF,3.2683597,2.5408654
ABOFAZ,3.1731198,2.4049704
XIVHES,3.33149,2.7993994
LEHRIZ,1.8950009,2.2871566
XEZVEF,3.0838664,2.3005164
OLUJAG,3.4147568,2.744292
MIKKIC,3.1701264,2.633157
CUZGAF,1.7292836,2.1795993
YIVYAE,2.7116146,2.3273673
YANVEP,3.6634688,2.9583256
LUBRIJ,1.5842469,1.7678736
BISKIX,3.4933977,2.8756995
GOBDIM,3.484418,2.5589654
GEQKAO,3.5987058,2.907741
CIYWIS,2.8860397,2.430376
CERWIH,2.8003237,2.683599
NOSPUI,2.9962456,2.6724408
MAVJEB,3.845241,2.8014393
LUGHUQ,2.454195,2.415584
DEZTEI,2.7355607,2.113483
IYADAN,4.203887,3.0423782
DIGFIJ,2.0773172,2.0565152
PARHIA,3.126044,2.6004438
QUWJOI,2.865359,1.8613857
IMTOPD,2.5578704,2.122249
KULGED,3.486867,2.7674472
RADLUD,2.4335144,2.0920746
MAQQOL,2.7303905,2.4993844
ROHMAD,2.6688929,2.39541
UVOSAA,3.3927157,2.4317756
WUFFOS,2.4177318,1.9855845
EDUCUD,3.1818273,2.4769115
LUYSUV,2.3184102,2.0442352
OBEXIF,2.7622278,2.120433
XIRVUP,2.6297083,2.2622733
NIZQUK,2.7635884,2.3364453
HONHUO,3.6329923,2.436012
PAKBUZ,2.165482,2.3900921
XEXLIV,3.467275,2.8101134
AGAKIC,4.069463,2.7374969
LEVCIB,3.2746181,3.1998174
OWODEK,2.4933794,1.2415308
OZOJUJ,3.329041,2.9626412
EXOBOI,3.1276767,2.5465736
KUHSIQ,2.1790879,2.4715242
MOHPUW,2.8044055,2.354213
COSPAD,2.6539266,1.9308836
BIBTUD,1.6775819,2.0601096
WICGOF,3.14482,2.3483224
EQISEC,2.9113462,2.4008536
WIBQOO,2.2778652,2.4229548
YEWYEF,3.3704023,2.9588697
BAJCIA,3.3652322,2.6579328
HOKZOX,2.325485,2.1828346
OPEKOL,3.8539486,2.5996592
YUVLUX,2.5807278,2.7437754
OVURUU,3.2819653,2.3778534
EMUQAG,2.9589663,2.3738055
YAYMER,3.393532,2.5432587
LUYNIC,3.0003273,2.4407067
ADEBET,3.2188349,2.8084064
OXECIE,2.5467136,2.1828043
HUJRUB,2.791072,2.2437901
QONGOR,2.6324296,1.9643387
TIHDAP,1.8990827,2.3827038
VUYGEC,3.1731198,2.7513638
FOSFEZ,3.6789794,2.6648748
BEJKUW,1.8743203,1.5712597
PETPDC,2.595694,2.0245388
WOXFEU,2.736377,2.4918907
YOGWAU,2.8030448,2.5686073
HAHQOY,2.7374654,2.3289013
DOYBEZ,1.1480484,1.3714978
INUQIS,2.9257681,2.4887838
LIYDUV,3.42673,2.5615344
PAJQAS,3.773403,2.7420394
POJKIK,3.065907,2.3971152
LUQWOK,2.4748757,3.0396235
APACUQ,1.7409844,2.6244693
IGENUE,2.2207212,2.2298994
WOCWAO,3.6550333,2.8390408
XALHEX,2.0694258,1.8867003
XODPUC,3.6104066,2.5627801
MINFEX,3.4155731,2.5966597
XOFKEL,3.219107,2.4809265
HOWXEW,3.2150252,2.546078
ITUCUW,2.2974575,1.9974766
PEJGUG,2.5861702,1.8293766
QOVRUO,3.2626452,2.4883533
QAYSER,3.0144773,2.2980323
GODREX,4.1184435,2.8204222
CEVJAP,3.713538,2.7534788
KIYWOG,3.3494496,2.4863157
DEQSEY,3.1165202,2.7443104
GADKUR,3.8210227,2.951509
XAQFOK,3.24523,2.3553095
QUNXUS,3.8411593,2.9973547
KAWSEI,4.160893,2.8534503
QEJWUA,3.8555813,2.2124298
YOLCAE,1.9834379,2.1676278
CAMCIF,2.810392,2.5284107
TECQOI,3.0193753,2.412702
NONLIN,2.9946132,2.3496985
OCIDAH,5.112747,3.3328755
BEPLUE,3.307816,3.0187411
NOYBOU,1.952417,2.1231303
IHEKIQ,3.0626416,2.78434
RIXFEK,2.103168,1.5937135
DAHNEH,4.0046997,2.6893923
FIJDIN,3.1584256,2.6824944
WEFZEN,2.9094415,2.3228326
VOSNOI,3.6912246,2.1513634
EZICUL,2.35188,2.0354881
NOHNOP,1.4462851,2.4152763
LAJMUF,2.301539,1.7889189
TERCOK,3.2493117,2.7828343
EFIPEQ,3.2509444,2.6225038
DISVIL,2.9878101,2.3739889
ZOWQOT,3.5363917,3.0010195
FIGGUY,3.8422477,2.798549
PAGWIF,3.2776115,2.695171
OPOJAG,3.0340695,2.4313436
YURYAM,4.5902886,3.5727649
OKOFID,3.1608746,2.6033585
IGOWOR,3.2199233,2.3290262
CASZAZ,3.0939345,2.5646822
IRIXEM,2.9630477,2.464929
FITDOD,3.5200648,2.6546214
JUDLOJ,1.8993548,2.1228971
EDIZAV,3.556256,2.3194113
LIHNUM,3.5622425,2.5056903
TUCSAM,2.696104,2.5722866
BOFXOK,3.1682217,2.827436
FAMPPD,3.6163933,2.6109083
TAFNET,2.7037234,2.0776668
AFIXUJ,2.99679,2.589754
TOLVUN,1.9037086,2.3108954
OCIXAZ,4.1878324,2.6806154
OFENOC,3.04958,2.185003
VIMFUU,2.587803,2.0760808
DEJBOK,3.0963836,2.4158986
UXUMIL,2.7970583,2.303369
WOCZUK,2.4550114,2.3195705
DIBRIQ,2.4716103,2.3770058
TORCAG,1.6843848,2.4869328
ORECUK,3.5206091,2.6195102
FAFBEU,2.5205908,2.0317078
XIVREA,3.1350238,2.707037
DECSIO,2.4988215,1.8668418
IJEVID,3.453669,2.8415265
BUJKIB,2.887128,2.3745925
CEQJAJ,3.7102726,2.7584922
GOHQID,3.5592494,2.8417633
GUQDIG,3.032709,2.3504417
WODCAV,3.1611466,2.478189
NAKQUO,2.8433177,2.4341712
WOWDIX,2.3562338,2.2811472
SEVWAS,3.2318964,2.6019692
RONKUC,3.3393812,2.8374667
BUJKOH,2.9791026,2.3492334
PALJAP,3.4593835,3.4078546
TAWYUN,2.8425014,2.1777537
WETDAC,3.8264651,2.3009992
LUCXOX,2.9309385,2.110089
LIJCAJ,3.3486333,3.3109274
EMEJOV,2.7755613,2.499899
MOZROK,3.2509444,2.4338315
QOPWOH,3.23108,2.3752909
EHESIV,3.6789794,2.9426708
QUVXAH,0.45443016,2.5159307
GUQCAX,2.5399108,2.1393898
HATRAV,2.955973,2.3978665
FAWSAX,3.3222382,2.589193
TEKZUE,2.6327016,2.4983265
HONJEA,3.945651,2.6279266
EMAWAS,2.1728292,2.5293963
GUXHOX,1.8892865,2.0700288
BEPMAL,2.9121625,2.8423977
AREWEB,3.0863154,2.4676902
KEHGOW,3.3595178,2.4376764
JOJBAM,3.286319,2.8790424
LIHPUN,2.0348675,1.3788011
EJUWAI,2.8667195,2.3643837
QIHJOJ,3.2169302,2.4630673
NAPPOK,3.4642816,2.6829586
SOGMOR,3.183188,2.818691
CIWPOO,2.3211312,2.4957104
XIDKAW,3.670544,2.8008878
IHAZUN,2.9918919,2.2409751
LOGNUQ,3.1151595,2.4047885
XAMQIM,4.0449724,2.9560618
BOMFEP,2.7864459,2.6512065
ODUDUO,3.405233,2.9362264
VOZHEZ,2.9864497,2.458681
YAKCIY,3.6980274,3.535004
LIDMOB,2.5600471,1.9545947
SIXLOC,4.01504,2.8201954
FOGQAU,3.18346,2.4096646
OYOPIC,3.2204676,2.2385764
RAPRAD,2.497733,2.4188128
HEZCOE,3.8901398,3.0424018
KEQHUJ,3.714082,2.6039178
ETAMAN,2.7973306,2.8937907
OGULEH,3.1173365,2.2437043
XUKBEL,3.2846863,2.5006251
PECHIO,2.5107946,2.4326317
OTEFOJ,2.0920115,1.8832961
SOVMUN,2.3360975,2.036463
WIVKAQ,3.4710844,2.878764
DIRXUX,3.3989742,2.358158
PIMTUC,2.485488,1.9720137
AMAXUH,3.35081,2.7129962
XIVHOC,4.0090537,2.6466336
WUXJOP,4.167152,2.6367478
LIHPEY,3.1921678,2.1368484
ATIKOE,3.6830611,2.7654634
NELPUR,1.7175827,1.9541557
DEWKUO,2.8324332,2.2409708
JOHZOW,2.2155511,2.0424824
JOWNIS,2.3600435,2.0031025
CAMTUI,2.8952916,2.7569644
AFIJII,0.6258619,1.9635457
WEHNEE,2.4941957,2.2523906
XOZQOS,4.029734,2.6823575
ZOFROE,2.5638568,2.1457276
OGOVAH,1.7989447,2.1733909
NOVJIT,3.5603378,2.7342768
FUMROV,2.4452152,2.4499578
DEPWUQ,3.4808805,2.8762577
MIXLIQ,1.6620715,2.2672524
DONHIY,2.88223,2.4190583
NELQAY,1.1956683,2.031314
SAYHIJ,0.39755836,1.9641864
OBOBOY,3.8751736,2.5160193
ZANZUJ,2.999511,2.311129
MIBQUK,2.265348,2.5589335
FUHQUW,5.188939,2.9282794
QUZTUB,2.7257645,2.3896158
HECXEV,1.5962199,2.4564548
AGICOJ,3.104547,2.4016397
UGUXUQ,3.4283626,2.5443678
AWORUZ,3.307272,2.5093977
AMAFEB,2.9388297,2.5436733
QAHQUN,2.8193717,2.46896
RUHPIU,3.6259172,2.610625
RUHPOA,3.832996,2.6514368
DOQTIN,3.6607478,2.7030826
SOFBEW,3.245502,2.4671183
BAJBAR,3.3497217,2.5215955
GUQPOX,2.8637264,2.4560375
BUSVUG,2.9703948,2.4683194
WIKZUN,3.0479474,1.8090065
QACFUX,3.1567929,2.9603784
WAZTAV,2.0539155,2.0867214
TUWKEB,3.1059077,2.4881186
BAZTEC,2.9380133,2.7236333
SEQVIU,3.838166,2.5428338
LUYTIK,2.571748,2.1651173
IVUFOU,3.2125762,2.1434736
GAPBII,0.20000368,2.6840804
DEPXAX,3.3981578,2.9806092
ZOJYEC,1.6988069,2.2370954
GOJQUT,2.9693065,2.1689863
CAQPUG,3.0479474,2.655951
HADMAB,2.1042564,2.0016856
QAHXEE,2.6125653,2.4961026
FAJQOY,2.8950193,2.8687253
IZODAC,2.6343343,2.2977512
GAGKEE,3.1459084,2.551998
TAWYEX,3.1508064,2.8131995
HESGIW,3.5606098,2.7385778
HAKGIM,3.8895955,2.7209609
HEXJEB,3.701837,2.518423
NAKNOE,3.6890476,2.5613644
ZIJYAS,3.2174742,2.9207532
WAPJIJ,3.4114914,2.358178
MEGFIO,3.061281,2.2729132
QIBLUJ,3.4612882,2.6345937
DEPLOA,3.080601,2.6986587
UROXIJ,3.3140748,2.9623992
UFUVUM,3.9935431,3.2769632
NEMYIP,4.028918,2.274187
LUGXOA,3.5491812,2.2069945
ANOJOD,2.6977367,2.401197
CAWLIV,3.360062,2.8862119
BAGNUT,2.4920187,2.2568293
BIXJIC,3.142643,2.602619
PULCOO,2.977742,2.2357705
BETBUZ,2.258273,2.0615296
NAZJED,4.359536,2.8186545
LIPSAG,4.0517755,2.862094
XAYJUF,3.9113646,2.942627
WATYEX,3.7763963,2.0429876
MIDLIX,2.774201,2.597683
CIYWOZ,3.0392396,2.6755543
KILQON,2.6471236,2.524328
FIJFAH,2.8639984,2.4592664
NIHGES,2.6822264,2.644689
ROGHAW,2.182081,2.166653
EPOJUQ,3.3404698,2.963601
GUKDEW,3.0656347,2.3427982
MAQPUQ,2.7393703,2.7505004
LEQQAB,2.5837212,2.5532286
YUFRIA,3.0972,2.348667
WANDOG,3.0479474,2.2640142
ZOQFIU,1.0642374,2.1711211
LEHJAL,4.29695,2.4200923
QOKRIR,3.4550297,2.871366
FIJTAU,3.1600583,2.7926292
NANYOR,2.5399108,2.5799417
WUHDAF,4.1230693,2.7677643
YEGBAN,2.2879333,2.0705192
LIXKOU,4.2025266,2.7100668
FOCJEN,2.2520144,1.857765
QOFTEL,2.936653,2.5294068
SAYGOO,2.8131132,2.4105566
FEHPAL,3.3799262,2.4836996
XESBEE,3.5167994,2.2106328
PAFPEU,2.5940614,2.3251376
TINTOB,3.515983,2.6569128
CESREZ,3.4680912,2.6273344
DABZIS,2.7371933,2.2997
CUPTUD,3.350538,2.8139715
DEDDAT,2.635695,2.8928225
DIFMIR,2.9505305,2.527463
HAWXOU,2.841413,2.4068027
AKETIU,2.23215,2.1451652
IWIZOF,2.7203224,2.0807083
ACIWUH,2.9303942,2.2186036
JURSOG,2.5132437,2.0018697
FEJKUB,0.64681464,2.132399
SERPAH,4.686617,2.9608147
TURDUF,3.2275426,2.9751809
DAHXIV,2.8278072,2.663492
JOKXUD,3.4819689,2.5455477
XAYKAM,4.121709,2.5498724
EBEMUT,3.2991085,2.3376694
TURJAS,2.4860322,2.3081236
DISQON,2.203034,2.161683
ATAGOS,3.6125836,3.2084732
GIYWIW,3.0539339,2.672495
FISVUA,3.312442,2.6565974
NABDAW,2.893931,2.746504
XOZPAD,3.8607514,2.7068849
ENOYEN,3.3714907,2.371823
XEPVIY,2.0473847,2.000126
AKUZIR,2.6433141,2.0154736
OLAJOA,4.5274305,3.182322
UMEBAQ,3.2272704,2.4974682
SUQTIH,2.9184213,2.079379
RAKTAB,3.467275,2.397555
LILXAG,3.919528,2.8103573
MOCXIN,3.8090498,2.4076588
IMUHAA,3.0441377,2.4472978
BESHAL,2.9951572,2.2920966
NEFYII,2.7586904,2.6167915
GARRIC,1.6438398,2.0986495
EKAVAN,3.4264576,2.7003317
FAVHUF,3.4909487,2.341538
HIGBOO,3.4683633,2.643087
RIDVOP,3.348089,2.30811
GETMEA,2.8931146,2.2751575
GUSVEX,1.3450588,1.8861947
GIVYIV,2.810392,2.3092701
FOTWAO,2.738554,2.1472223
LEGZOM,3.508092,2.0804033
CIPGAL,3.2133925,3.4324896
JOPJUV,2.9148836,3.0199158
NUVPAV,2.7420914,2.4955492
BEVGAL,2.6253545,2.2893014
MAWFIZ,3.1742082,2.533679
OLOPEL,2.3260293,2.1670575
SOCJUS,3.9102762,2.8467994
VABMET,3.9513655,2.6749587
KICSOG,3.3538034,2.7734036
YABVOO,4.3511004,2.708771
YATPAN,2.3056207,2.123678
WUWCOG,4.521444,2.814682
YEJHON,3.403056,2.7187347
AHODAE,3.5984337,2.7786381
IMIBOV,3.4338048,2.2081914
XAQFIE,3.0011437,2.0259326
JACBOH,2.552428,2.2546124
ALETPD,3.5048265,2.5895736
WOKPOB,3.7217014,2.602859
CAMJUX,3.794628,2.2285721
WONBEG,3.8460574,3.2949567
XOWHAT,3.565508,3.1184034
ZOMGOZ,3.334211,2.5871587
QEWBOM,2.6231775,2.0580258
TEMCIA,4.084157,2.9689302
GEQYIN,2.7426357,2.1549227
FULXIU,4.3217125,3.3755856
GEXGUO,4.2079687,2.392427
XOCKOS,3.6928573,2.7959986
XEWLOC,4.5940986,2.9453099
QEWZOH,4.249058,2.458574
OHEQUN,2.998967,2.325255
FIFHOS,3.0944788,2.5028121
TAHVED,1.2933571,2.3335972
XOBFEC,3.2484953,2.7308996
YILDON,3.1540718,2.3127642
JUCNEA,4.495593,2.8039033
LADXIA,2.8974683,1.8206284
UWAXOG,2.97747,2.6658547
TEGFET,3.5170717,3.0441198
KEHKEQ,3.6555777,2.4606342
VOVDUH,2.9314826,2.3848119
FOBSOH,2.6327016,2.2970781
FISVEK,3.5042822,2.5502498
PIXDIK,2.9137952,3.116081
LURMOB,2.7494385,2.3698156
YALNEH,3.6740813,2.8319242
CARJOU,3.5472763,2.460839
REFVOP,2.303444,2.3608415
OCUTUC,3.4229202,2.5580392
MAVLAX,0.9594735,1.9402852
VAPYUI,2.0103772,1.8322749
SIZSUR,3.3040066,2.322288
RAYLEJ,2.7622278,2.135647
VEGNAZ,3.0237293,2.3320255
QERTAL,3.2705364,2.5094247
KOKZOA,3.1159759,2.2345362
IPIRAB,3.7072792,2.4574172
HUNWET,2.5755577,2.7356617
AWIZEL,3.3616946,2.6038833
ERAQOE,3.4550297,2.738492
TIQTAO,3.36496,2.4977205
FAPMEQ,2.8710732,2.5064006
VIDDUH,3.6661901,2.5374985
CODTOH,2.203034,1.9332763
VOQMEV,3.9399366,2.9540854
TIZJAO,2.6090276,2.543968
NOYBIO,2.0201733,1.988995
IGAPUB,2.9091692,2.4791458
BIYCET,3.3069997,2.4318662
TIHFAT,2.267797,1.9588671
FEGVOD,1.8794905,1.3889072
TIKWAO,2.8737946,2.1946428
IGERIW,3.2977479,2.313075
UJIFOK,2.346438,2.3734896
YEHGIC,3.9690528,3.0671353
VODYAP,2.3235803,2.921883
NONYEW,3.231352,2.5670936
NIZTOF,3.3709466,2.604102
CIGCIH,2.8778763,2.1796584
ZETCUZ,2.7625,2.435525
RISRIX,2.7056282,2.195941
PEDNAO,1.4639726,2.1262577
BIFZIB,3.6381624,2.929282
FOKXEJ,2.4939237,2.292697
ZOGKOX,2.6057622,2.5546947
RIXTUO,1.8669732,2.0214972
AXOBUK,4.0588503,3.049516
NAWMOO,3.080329,2.279305
HIPVOT,3.649047,2.5275598
DAYKUJ,3.1684937,2.0208561
LAXWIQ,2.7584183,2.7202663
HUJYER,3.3309457,2.6855156
RUNDEJ,2.681682,2.4282148
SOSNUM,3.751906,2.642824
MEYLAF,2.352152,2.3098712
NISKEG,4.3494678,2.9575818
FIRCER,3.448499,3.1280906
BEHHON,3.111622,2.705482
JADHOO,3.1946168,2.426752
SEKKEA,2.999511,1.9294572
IPUSES,3.4016955,2.4174166
CIXVIR,2.3771868,2.5403001
HANTUO,2.1562302,1.9898098
NEBTAP,3.2367945,2.9731066
OHUSUG,3.3067276,2.5249014
TAWXAS,2.717329,2.3357415
TECMAR,2.8302562,2.5096562
OPALEY,2.0179963,2.446278
IZINUB,3.6485026,2.6541147
VIHZAP,2.7331116,2.3548145
LINMUR,3.2242773,2.948516
HOZBUT,3.5935357,2.6618826
CIVSEH,4.9260774,3.5932915
MIXTOC,3.2952988,2.2403345
XAQKAB,2.4694333,2.432866
REQSUD,3.477071,3.036784
FEHPEP,3.066179,2.5806398
SEQVAM,3.804696,2.7623534
FUFGUK,2.5001822,2.0906549
LOSRIW,2.2332385,2.1015708
GUVJOY,2.649845,2.074413
RAJBIO,3.1372008,2.3906956
SINVUI,4.7900205,3.1392128
IKEPAQ,3.2065897,2.6474385
BUQCAS,3.0139332,3.1498702
ADOPUE,3.3548918,3.3117235
RUNFIP,4.275181,3.478755
WOPFOW,2.5614078,2.3448696
RIBHEQ,4.030278,3.386707
JOPFEC,1.7613931,2.1089282
YAWXIE,3.2566588,2.5438073
LIHDAJ,3.9529982,2.6721852
YADBAI,2.7701192,2.315571
OHOJEA,3.4781594,2.2674112
OYABOG,3.515983,3.0550368
KAMCAD,3.5671406,2.6031826
PAYWUK,2.2046666,2.2459774
GICRAM,3.1189692,3.3636997
SICKIY,3.7660558,2.3454084
QEWGIK,2.6857638,2.3807583
HEGZUO,3.0776079,2.5531602
SOXSED,2.5728366,2.0902607
HOHSEF,2.7371933,2.1626353
JEFKAH,4.43083,3.544508
HAVYEK,3.1026423,1.9078149
MAZJIJ,2.9018223,2.4809525
WUFDIK,2.6305246,2.2310839
VANMOM,2.70073,2.2168717
WAHCUD,1.8558165,1.7558402
UCOBAQ,3.512718,3.0343544
TAYROB,3.642244,2.142549
NOZHOB,3.0765193,2.4474015
BATTIZ,2.6844032,2.392724
FIFJOU,2.3045323,2.8176646
CAQQAN,3.1143432,2.6987777
OFATOE,2.9303942,2.595236
BANYOE,3.2759788,2.9298453
OJIKAU,3.5233302,2.6223702
PIXTUN,2.2552798,2.4751763
CIGCAZ,2.9812794,2.4864688
JUZPUR,1.7232971,2.2933054
TEBMES,2.8699849,2.463478
TOGRIS,3.224005,2.615336
EKUFAS,3.2904007,2.2719846
WOMXAZ,3.0128448,2.409532
LIGGAJ,3.6980274,3.087387
XEGPUV,3.168766,2.563654
HEBMUX,5.029208,3.1944091
KEHJUE,5.8183384,3.1908321
YAHYAI,3.955175,2.728204
SOLYEZ,1.8979942,2.1824858
SIDRED,5.1862183,3.212726
HEVXUC,3.034886,2.2256606
OTZPAG,4.3241615,2.9019778
KUMLEK,3.917079,2.8419333
HUPBAV,3.4025118,2.3451204
KEYPIN,4.952472,2.5327957
NASBER,3.3853686,2.2130654
BEGTOY,3.8713639,2.37707
ITAZEK,4.0158563,3.07945
LEJKOD,3.202508,2.24601
RUJSUL,2.944544,2.1622527
SACQOF,4.8809066,3.3377512
HIPVEH,3.3587015,2.5846004
JOCCOW,3.1799226,2.106865
BOJFUB,5.3494864,3.7604291
ABENIH,4.168784,2.7158027
HOPDUL,4.705393,2.7584696
GUXNAO,3.2735298,2.4580681
YOWTAG,3.7630627,3.0399044
TOKYOJ,3.7502732,2.526079
MAWNOP,4.2071524,2.4527845
KILCEN,4.569336,2.7638142
VIMSIU,3.6495912,3.0612001
NOSSIZ,1.9725534,2.1218905
EXIBAQ,2.8327053,2.0386195
RUKTEY,3.8074172,2.7749991
KIGHEO,3.2950268,2.3278828
TAVROZ,4.029734,2.8673017
REYRUL,4.59818,2.9481091
AZEPAX,4.942676,2.8839388
ASAVUM,5.4501686,3.1720243
MIGFOZ,0.34068656,2.037139
MASKEZ,5.230845,2.9031231
LUCQAD,4.2479696,2.5760357
ZIYXOU,5.025127,2.8074358
PAWLUU,4.311644,3.120429
MODQEE,2.5986874,1.9032316
EWIHOJ,2.2003126,1.4628286
LIJZOU,2.1807206,2.1335468
REXSAO,3.761702,2.2339916
SAZXUN,3.9693248,2.3182259
WABRID,4.306474,2.5507157
OPEFIA,3.9900055,2.2923045
SOXKIC,3.8085055,2.9297223
TOLCON,3.6240125,2.6589727
BEGSOX,4.1478314,2.89355
FEQHUG,3.9227934,2.3418877
TURFES,4.780496,2.7304556
LIFYOO,3.5905423,2.7693853
AVISUV,2.855835,2.0288372
MUTHAK,3.653673,2.6300035
DUSZUM,4.3173585,2.333024
COQRAC,5.0792775,3.018183
ODAYOH,3.7842875,2.193387
HIKREY,3.6553056,2.2251444
MACVES,4.4291973,2.8888385
HUPBUP,3.286047,3.4735696
UFUDAD,4.4686537,2.572798
XIQCEI,4.6466165,2.9367132
SIWRUN,3.4857786,2.6926136
TAHMIA,3.2653663,1.6696591
EJAGOL,4.2291937,2.4674788
DUDRIF,5.030841,3.169007
GISHUN,3.9619777,2.573627
PUNVOJ,3.469724,2.6239564
CAJHUT,3.3421025,2.424272
ZELLUZ,4.2125945,2.362345
TIRMOZ,3.458295,2.2458947
HEWCIW,4.550288,3.002491
QIPXUK,2.61447,0.9796765
YERMAK,4.1764035,3.0712695
BEQSUN,2.2661643,2.6634426
ASOWIO,2.872706,1.5578157
EBUROI,4.3505564,2.8832774
VIBHAS,4.171233,2.4958987
ZUGYOP,2.9652247,2.4140449
JEPCIT,3.2708087,2.2383323
DEFTOY,1.3279157,1.7543743
IWIYUI,3.4765267,2.6096456
MEVMOP,2.7494385,1.6902581
NEVXET,3.2544818,2.4270697
BEGTEO,3.5812905,1.9118769
ZOWSAI,2.812569,2.2213092
XOFDED,4.0283737,2.3552194
FOZYAW,3.9851074,2.7447524
WIBZIT,4.769612,2.227777
VASZUL,5.261594,3.1109653
IQAHIS,3.5782974,2.3602357
DELJIP,5.766637,3.2118475
AZEYOV,3.9690528,2.6826963
JOCVIJ,3.4767988,1.9991986
TUQVUW,2.6065786,2.753519
CILJIR,3.2133925,2.3031363
HATLAR,4.949479,3.167812
QUCJIH,2.8721619,2.06253
EQEQEX,4.1715055,2.0232162
MIGFAL,4.3559985,3.2116075
XOVXOX,4.3453865,3.160487
DUCQOI,3.446322,2.0054572
YADBIO,5.503775,3.1336894
RUZWAL,4.3459306,3.0130968
WOPBAG,3.7317696,1.9804559
LUZKOG,5.761739,3.647925
VAKXEN,4.7717886,2.8219705
ASIZIL,4.1769476,2.3782415
XIRJOY,1.7007116,2.106675
PIJNAA,3.5176158,2.3555162
HIJKUG,3.3543475,1.8938187
CEJHUX,3.6142163,2.5598137
EGUZIS,3.0552945,2.230979
DEYMEC,2.1341891,2.0870905
MAFGEH,1.8468368,1.0337136
WAGFOC,1.9750024,1.9789622
TOFRIS,2.3829012,2.2243748
JELMOF,1.6781262,1.5868425
BILQUJ,4.270011,2.6118193
LUHRAJ,2.5861702,2.1730256
CASQAO,2.146434,2.0359359
JAGFAB,4.8267555,3.3490143
XULPUP,4.2019825,2.5686116
WILYIB,2.7263088,2.4954662
MOCRIH,3.634625,2.626814
SIQSIU,4.149464,2.5964103
WOZQOT,4.1075587,2.7747436
LOFROQ,1.706426,1.8288795
LUZKIA,4.813694,3.5618079
YECWOU,3.988645,2.8843136
NAQZAH,3.0384233,2.1466231
AVUSUF,3.962522,2.5051174
LEMCUB,4.215316,2.6347256
DEMKEO,2.937197,2.013525
KOKQIL,3.6776187,2.473628
REVHEH,2.6139257,1.8030238
XOVYAK,4.1976285,2.9281762
GINSED,2.5320194,2.134066
QAFGIQ,2.4988215,1.8237246
ODUMOS,3.859663,2.3625166
MOFDEQ,3.3331227,2.1809506
TECCIO,4.3532777,2.8687146
DIDZOH,2.8835907,2.4929924
OPEWUD,4.285249,3.0451887
LOHHEX,2.3937857,2.1160295
QOWGEP,0.16789426,1.8445613
PUNHOX,3.4226482,2.5123706
VIBQIG,3.3638716,2.6499546
DARVEY,3.5698617,1.7656767
QEGSIE,3.2351618,2.373515
ORUHIT,5.4428215,3.1534083
BUGYOT,4.404163,2.2670848
MOBSUS,1.8862933,1.5116037
QIGHIX,5.651261,3.0628624
REBQIY,3.9668758,2.2150888
QETDIF,4.1086473,2.8441536
LEZDEA,3.4264576,2.5757003
TASFEA,4.791653,2.9988058
WAFWEH,3.9067388,2.6799319
EYEXAI,3.7666001,2.4439712
JOBVIH,4.101572,2.3692245
XIJWET,4.970976,2.3787425
FUJTIP,4.0117745,2.398463
AVINUQ,4.800633,3.0890198
LEZFIG,3.1080844,2.0100143
ADASOQ,4.554914,2.7572007
KAYLEC,4.773966,3.305317
MOHNED,3.3763888,2.8029494
WIFFOH,4.256405,2.7444906
VATBUN,3.4142127,2.1361325
DIFMUC,3.6572104,1.8874797
IBEJAD,3.959529,2.966315
NIPTIS,5.197647,2.4321647
RIGCIV,3.3796542,2.8164768
SOLHIK,4.931247,3.0165257
WEFGOG,4.672739,3.1250627
PURVIJ,3.3633273,2.2801437
ULOHIN,3.5042822,2.3614783
MITYOD,5.5119386,3.7065876
CENHUA,3.0944788,2.227908
TIQRAM,1.6596224,1.5665904
SUDQEN,4.493688,2.7554994
FOZXUP,3.8251045,2.465658
JELXIK,3.572583,2.2965343
HATSAZ,3.4476826,2.1421103
ZUZRER,2.346438,2.2297382
RAQWUD,1.823435,2.3593404
SIQSUG,4.7788634,2.3912566
ITADUE,2.430793,2.1026282
MAYBIY,3.4762547,1.9524229
DAQLOY,2.0691538,1.9573483
TARNAB,3.5929914,2.30059
VICLID,3.4433289,2.0420964
KAQKOD,3.309993,1.6281222
DEKGAC,2.1567745,1.9955628
LIHLAP,2.289294,1.8387706
LEVMOO,2.4729707,1.8374509
CASWEA,3.321966,2.4581356
FIXMIJ,6.4205265,4.2805715
GECBOH,3.5851002,2.3909507
KAWNIH,1.5594846,2.5072575
WOTJUK,3.307816,2.735601
XUNMUQ,4.5034842,2.4721856
IGEDAA,4.284433,2.1731706
ZOBHOP,5.035467,2.982227
ZIDZET,1.467238,1.4014776
NETFID,4.122525,2.6290472
TAJJUM,4.151913,2.7319977
CUMBIX,5.118734,3.2647488
DOQWOV,4.8762803,3.084436
GEGNIQ,3.3255036,2.6216383
TIPKUY,4.6471605,3.0307288
AVIPEC,4.619405,3.039233
BIJLEN,2.0928278,1.81293
HARNIA,3.3110814,2.5690613
MABQUD,3.7910903,2.8706708
SOYXIP,3.4754384,2.2412126
LUXHOB,4.3701487,3.0374024
FUJTEL,3.3782935,2.618742
BUBVAX,2.6414092,1.927707
ADUSAT,3.2199233,2.1119413
BUWQAM,2.7464452,1.8972212
PAWLOO,4.5418525,3.236699
NOLMEH,3.4155731,2.3609743
PIQQOY,3.7154427,2.463852
XOJJUE,4.0898714,1.945077
VIFKUQ,4.841722,3.7347124
NTPAAG,1.6158121,2.1079865
TIPKOS,4.733965,3.0395641
HIBNOY,3.8996637,2.5164964
OQOWAT,3.1410103,2.6916947
CUYGIN,3.8006144,2.5679371
QUGGOP,4.1785803,2.9086227
IHUPOS,3.926875,2.6338835
NUHPEL,3.5867329,3.088408
GALKIQ,2.162761,2.5175664
HUHXEP,1.8705107,1.8929782
SIYMEU,3.17829,2.6441395
SEGYIN,3.2825096,1.9609902
WIBLAU,4.64063,2.733851
UNIDAX,3.8863301,2.5131369
NEHBAE,4.979684,2.9113057
JELXOQ,2.8792367,2.236206
GAJHUV,3.2876797,2.4532628
RUWCUJ,3.4612882,2.301241
LEZFEC,3.7263272,2.3785958
ZEDDAP,3.6817005,2.6071033
YONBIO,2.612293,2.283254
RIVTUM,3.5312216,2.2867565
NEYTAP,2.8335216,2.5201871
AWOSOV,4.736958,2.947654
XAWHUA,3.7086399,2.282817
RACZIF,3.7010207,2.7291133
UKEHAT,4.77968,3.9163837
KUQPOC,4.0969462,2.2715063
PIQBEZ,1.9856149,1.7066115
UNONER,5.5413265,3.0943134
FILSEZ,5.3562894,3.2890863
MARHUJ,4.586479,2.7528517
RITYID,3.221284,2.110734
JARQOL,3.5086362,2.7379262
IGUXAK,4.0063324,2.854011
LEYBEX,2.3820848,2.400337
VAPXIV,2.7208664,2.69419
JEYDOH,5.5190134,3.5019894
FUJMAA,3.1489017,2.5579054
VICLOJ,3.6093183,1.8385323
VAKDES,2.5227675,2.5138526
PIDDUE,3.6792514,2.545234
BEMLAH,3.5475485,2.3654044
DEQMOB,4.1861997,2.584159
TILLAC,3.5878212,2.454965
PAWYOE,4.359536,2.857149
WUZBIC,4.2471533,2.4593287
REKDOA,2.8313448,1.8325193
OJAPUL,3.5276842,2.3244252
GIRVAH,3.2738018,2.2661314
OPEWIR,5.3900313,3.4011455
LUQMOB,2.923047,1.7409285
WIBNUQ,4.662671,2.73159
LAFZIC,4.6354594,3.118149
AFEYER,2.9570613,1.7252485
WACGAL,4.459946,2.626082
NANNIC,3.2365222,2.1608272
XEBZEK,4.8934236,3.2059212
KEQWOT,3.7875528,3.285528
DOCNER,4.5690637,2.9493814
ZIBGAS,4.959003,2.9951153
LADGIJ,4.3940945,2.6451573
LADGEF,4.476817,2.6241693
VEXKAM,3.9799373,2.348156
UTAWAO,2.8337939,1.4763931
IXEGUO,4.3440256,2.9308114
BOHDEI,4.050415,2.8571084
EQAGIO,2.934476,2.4505754
ETUCEC,1.3524059,2.0237713
ASAVAS,5.5116663,2.7873034
KEYNUY,2.5622241,1.808454
UBOQEK,1.8332311,2.6903934
XOVXUD,4.4433475,2.795199
NIWLOV,0.37932673,1.2937506
MEVMIJ,2.638416,1.901439
VAKXUD,3.6166654,2.4725502
ZAQYUL,4.013952,2.428538
OWEPAJ,3.510813,2.6330395
KANXUS,4.4419866,2.8005033
LEJZOR,5.181048,2.557073
DACYEO,5.652349,3.0642922
TIPLEJ,4.941588,2.9805424
HOTRUF,2.6939273,1.893368
VUDGUX,4.4349117,2.9030805
MEXKUX,2.8482158,1.94473
SECCUZ,2.9464488,2.0106738
CIBYEU,3.1181529,1.6807338
LUHQUC,2.6944714,2.1377547
AWENEW,4.093137,2.3156328
TASFOK,4.772877,2.9833658
WOBKUW,2.5605915,1.8128643
TULTID,3.732586,2.4288044
EJEZOK,3.413124,2.7289758
FOSVOZ,3.7178917,2.3760233
BECCET,5.255335,3.1716802
YUBNUG,3.4000628,1.9991722
KUVSUQ,4.7783194,2.8942378
HAJROC,3.5339427,2.6363797
SABHOT,3.0942068,1.947945
GAJQOZ,3.9750392,2.7654264
XOJKEP,4.3549104,2.604496
YEKSAL,3.1323028,2.5493681
MUVJES,5.0795493,2.9683554
EZOZIE,5.525272,3.6418993
AMANOS,3.4226482,2.5325239
EYEXEM,5.055876,3.5974576
SORCIM,3.86184,2.3688254
VASYEV,3.0569272,2.364162
LEZDOK,3.8721802,2.4673963
UZUTOZ,2.6490285,1.7743927
HAYWOV,5.7892222,3.4926665
MUZKUN,3.9206166,2.1609383
VUCJEK,5.1056724,2.4258828
SADCEI,4.8428106,3.3521204
QADROF,2.5807278,1.979393
BERJEP,3.434349,2.3793547
AGOCOP,3.0046813,2.5516846
RUBCUN,3.130942,2.4488482
SOLFIL,3.8278258,2.59593
OGELAN,5.5124826,3.279885
JIMBUD,5.836026,3.5775092
ITAFAM,2.9380133,2.2893307
RUZVOY,3.9021127,2.956141
GEFVUJ,3.6082299,2.3258464
YECVEI,2.4912024,2.3736224
FUPMOS,3.654217,2.6883595
YEGXOY,4.8738313,3.3374257
KELKIW,2.6833148,2.0662363
ASAVEW,3.8343565,2.7234547
SUXFUO,4.6392694,3.28872
WENKOQ,3.8607514,2.8274105
USUMAY,4.4343677,2.648704
IDOTUT,3.5772088,2.5804753
RIGBIU,3.288224,2.7720876
ESERUQ,2.9652247,2.0614474
IFEVEX,3.5782974,2.5781474
DISHET,4.6368203,3.2730565
RIPNUA,4.43083,3.4596305
TEBDOV,1.5230213,1.8238178
WAXKIR,5.1203666,3.1694794
LICDAE,4.3219843,2.8907304
EHABAT,3.8283699,2.6225488
CEWBIR,4.5897446,2.8547173
IYIQOW,2.6797774,1.7169539
SIQREP,4.2476974,2.4020767
TECJUJ,4.7875714,2.7026844
WOBTEM,2.8332496,1.7920624
XEBZUA,4.2272887,2.5907676
FIDKAH,3.9461951,2.3774884
COQKAV,3.629727,2.239503
GODMOC,3.8651054,2.3467596
PITKUA,3.2735298,3.0802205
FAHCOJ,2.5671222,2.5383432
PURVEF,3.597073,2.2853112
GODMUI,3.8588467,2.3184745
TURDUG,4.638453,2.6816938
HAYGEV,3.6033318,2.6225588
JAWCAO,2.0607183,1.1699051
KIGHIS,3.8275535,2.3200977
EXAXIL,3.757076,2.7382605
XOCREO,4.571241,3.052565
VUCKEL,4.9853983,2.9055417
SUCKOQ,3.8387103,2.3071887
QOWGAL,0.16653368,1.7716336
PAGMNT,4.350284,2.6560683
VEJRUY,4.7736936,3.1088185
SEBNET,3.3034623,2.7787018
MICNIY,3.5499976,2.4166462
EPADAC,4.57369,3.085714
XILKAF,3.6036038,3.460975
GIYZOG,5.016419,2.7158017
WEPLIO,3.4065936,2.7472506
DAKXIZ,4.40117,2.7509868
QAHNOD,5.160095,2.7550693
RILGEB,3.1799226,2.0681152
YOKQOF,3.886058,3.083674
BILQET,5.860516,2.8621628
LISKAA,4.697774,2.6324153
EFIYIC,3.2199233,2.248405
UQIWAT,4.098579,2.181522
SOLFUX,2.0667048,1.9681295
NIZHUB,3.964699,2.4003367
HIBPAK,4.4324627,3.1636243
BEQRIA,4.2569494,2.4732156
PUXDUH,3.448227,2.5412297
YOCKEI,3.5867329,2.6653466
EMERIY,2.9450884,2.197207
MUNPAM,3.4231925,2.896721
GINSIH,2.9589663,2.573285
HIJPAT,4.370421,3.2503955
NETDIB,3.830819,2.41558
KUBGEV,3.611223,2.2838848
NUCNIJ,4.5589957,3.0752196
NOLMIL,3.7486405,2.6201916
XUFLEQ,3.142915,2.0043178
ZEWRAW,3.185909,2.652339
ZISREB,2.977742,2.3115957
FUFZUC,3.5603378,2.571111
TEFJOE,3.4871392,2.355811
PEBREU,3.5736713,2.480584
LASWOU,4.0305505,2.5967865
VUDKOV,3.1581535,2.13116
TARRAI,4.6471605,2.5302854
QAFFAE,4.9943776,2.8024988
MEWCOG,3.9184396,2.3814921
ZAVNIV,2.7284856,1.5408643
ICIGOQ,4.9100227,2.8470535
FORKUT,5.76446,3.2117906
KUVVED,2.9709392,2.8547375
ZIDZAP,1.30016,1.2575939
CAZGUG,3.4172058,2.5950837
VICKUO,3.201964,2.2810404
IZACER,3.2438693,2.2234585
PEQHAW,3.3870013,2.1774654
UHANOI,4.449606,2.3429415
POFNEF,3.477071,2.106896
CUBDOT,2.495556,2.763838
VUGLAK,3.5837395,3.0200515
NEKWUV,4.4798107,2.5098
FOKDAM,4.1287837,2.2183611
FAQSEY,2.4969168,2.3815556
ZUJSOO,3.527412,2.4873354
QAZKAG,5.870312,3.0198314
QIPYOF,2.616919,0.9835669
QARDEU,5.4180593,2.87459
BIMBAD,3.5633311,2.4151964
ODUQUZ,3.3965251,2.518012
BAHZAN,5.3358808,3.1231658
AXOGOL,5.08989,3.0541885
UNOLOZ,5.4028206,2.7428021
IXUTAY,3.0294437,2.2768257
PIQBID,2.0354116,1.6671365
GIPTIL,2.8142016,2.3230839
PEBDEH,3.5448272,2.3758144
JACDEX,5.1320677,3.1384254
AJIBUR,5.651261,3.0678487
YOCPOX,3.2572029,2.6196887
ZAXPAR,2.795698,2.069466
ITAHOC,2.7165127,2.239106
DOMJAR,2.9940689,1.7830113
YIZQEE,3.064002,2.0511155
PIMCET,3.6332643,2.2630095
YIJLAF,4.670018,3.206118
HACWOZ,3.4686353,2.3764012
PAWBEV,4.9775066,2.3533614
AKURON,4.4365444,2.4148264
BOQGOE,3.240332,3.0176992
XIJWIX,4.904036,2.3268008
UHEZIR,2.138543,1.8972523
BAQROB,2.172557,1.9628536
PAWHAW,3.9736788,2.2994108
EBOYUS,1.8911914,1.4362814
RAKGEQ,0.15183954,2.0621867
YADQEB,4.4438915,2.6969283
HUMFUQ,3.6735373,1.9060686
LIBWOJ,4.610153,2.6562777
EJENEN,3.224005,2.772454
XAPQOX,2.592701,1.433902
WOCZEW,4.167152,2.376736
QERQOW,2.0261598,2.3777676
EMEQUJ,2.8816857,2.0721233
WAZREX,2.936925,1.8098347
QUWVEK,2.3894317,1.8440516
DIZPIN,4.2939568,2.678304
FORLAA,5.6216,3.181232
SATJIJ,2.7249482,1.6429826
RICYUA,3.6343527,2.1033711
JOBQAS,4.3108277,2.3124702
OVAVEN,3.9807537,2.5014708
EYOWOF,4.973153,2.8133843
RISVIB,2.014731,1.8790135
BOHDAE,4.1649747,2.9246142
AWACUY,3.448771,2.5297053
NILWUC,3.1445477,2.3616667
RAZBOK,4.00606,2.5684361
LAFQOZ,3.7053745,2.5899673
IZEYAP,6.066234,3.9175813
AGOBAA,2.9646804,2.4508164
SIQRIT,4.3154535,2.6401556
PIQPIR,3.7124493,2.2063608
GETNOL,4.1883764,2.3187866
MUSQIA,1.9222124,2.4791763
TILLEG,3.534487,2.1092954
SIXPIZ,3.6476862,2.6244042
FOYJOS,3.2936661,1.9542928
MAMLUK,5.0615897,2.8163476
YOBRAJ,4.6711063,3.4016361
MAYBEU,2.4503853,1.7628006
JAJPES,1.7502364,1.471285
QOZGES,3.6686392,2.7055414
JELMEV,1.9744582,1.7588105
TIWBOR,3.491221,1.9955189
LEBDOM,3.606325,2.2931836
NUNHOV,4.275453,2.716301
PIMTOX,3.4953027,2.3706403
TEQYEV,3.161963,2.1539583
MIGGAM,2.6215448,2.1524444
UHAPAW,5.965008,3.465551
NEYSIW,3.1323028,2.8
JAWXOX,3.9045618,2.7762976
JICZAZ,4.9211793,2.9563735
DEHDIE,5.852081,3.0196645
EMEREU,2.9097135,2.00951
JAJNIU,1.8754088,1.6160206
SOYXUB,2.700458,2.187684
PICPEX,4.700223,2.7382488
GIPQAA,2.772296,2.389225
RANDES,3.7750356,2.433803
QUXTOU,3.0482194,1.9417799
EZIWAN,4.733965,3.3731003
COQQUV,5.0485287,3.0114272
MELYOR,4.0950418,3.2092052
KOKKUT,2.738554,3.0006282
IFASOA,3.3733954,2.5164518
VEJTEK,4.5867515,2.6691213
GITDIY,4.3745027,2.919967
XABMIY,1.9613967,2.0621605
RIPPUC,4.585119,2.9456751
TELHID,2.8909376,2.6246912
DUPMIL,4.5271583,2.578699
FILSID,5.3856773,3.2844198
LADGAB,4.4324627,3.005681
HEKDEG,3.0982885,1.8496884
LEJKUJ,3.190263,2.2466693
VERWAT,4.0993953,2.4376578
AFATOQ,5.594389,3.166249
VIJZEU,2.6468515,2.0218937
OTAHUN,3.7255108,2.741156
LAHCII,4.155723,2.8957374
WAPXAO,2.8599167,2.2554986
TUQVOQ,2.5701153,2.6674848
KAWSAE,4.158172,3.02125
SIHKEZ,3.1986985,2.289911
CIFYEY,3.5543513,2.1839533
NODBUE,2.4103847,1.8323078
EGUZEO,3.7007484,2.5690742
ATODIW,2.6735187,2.0059428
PASBOC,3.587005,2.8460417
QOZYEL,5.0452633,2.6320062
WODCIC,3.6272779,2.1522136
RIKQAD,2.6808658,1.794228
FARXIH,3.0406003,2.1024356
OFOTOU,4.7709723,3.2366827
CAKJUT,5.1639047,3.61598
TARSOU,3.3470006,2.167558
GECBAT,3.8694592,2.944849
EHAKIH,3.9486442,2.2462425
GANXIE,0.7270882,1.6436772
QONGEH,4.2931404,2.5529761
KOKQUX,3.7255108,2.325959
RUGYIC,3.5053709,2.3262942
IXUTEC,3.0454984,2.2444
PANVUY,3.6463258,2.0941896
BIKCUW,3.5187044,2.1856778
ZATZIF,3.4738057,2.98497
TESQIS,2.1213996,0.96975136
BAFTOU,4.057762,2.7664711
IDABIA,3.269448,2.2470868
MEKFUE,3.0299878,1.6459445
ZINJIS,3.042505,2.0751913
GUKGOK,3.4207435,2.3862123
PEFMIZ,4.0615716,2.455986
IFUGEY,3.8713639,2.5416427
GUKHOL,3.1344795,2.541551
VAKXAJ,4.2501464,2.7949512
NOZMUK,3.3614225,2.5946066
BERHUD,2.6969204,1.9205827
KILQAX,0.6655905,2.0158305
WAHHEU,3.9701412,2.4066944
MIXMAI,2.899101,2.0363035
LOGCOB,3.555984,2.5648065
HIRKAX,3.895582,2.4028978
COVBEU,5.488537,2.6996195
ZAZYAD,3.8373497,2.8763075
NUCRIO,3.49367,2.632473
NIWGOR,4.2213025,2.8360374
LEXYOD,1.6435677,1.8266553
ROLYEX,2.8460388,2.3452067
TARMUU,3.560882,2.322981
GECVOC,2.719506,2.051395
OBIWIG,4.9848537,2.308887
FOBYOM,4.3905573,2.587655
REHHUI,1.7404402,2.1415012
BOKWEE,4.5252533,3.4990675
MASSOR,2.9508028,2.294499
TEJKOL,3.455574,2.7336442
JOJMOL,1.9959552,2.2638717
VUCJUA,5.2213206,3.284983
QANWAG,2.0718749,1.7116866
ADURUM,3.458023,2.4659338
OXIPIV,2.5752857,1.5616757
UKEHAV,3.39843,2.3213768
QIPYAR,1.8326869,1.0190731
GAJRAM,3.1543438,2.692905
TUNNOH,4.3315086,2.757776
CABMAU,4.413415,2.6484776
TUSKUP,3.2142088,2.2398696
YECWIO,4.0378976,2.8102205
WACFOY,4.686889,2.757935
PRZBAG,4.094497,2.3089697
LARRAZ,3.6629248,2.6783888
MIWKEJ,4.03436,2.2465734
LUTPUL,5.7130303,3.0300245
COBPIT,2.8833184,1.4862748
WOMZAA,2.0443914,2.673537
LALMOB,3.1489017,1.7588795
HOPDOF,4.156267,2.2905686
MIBBEG,5.414794,3.16177
RIJCAR,4.2553167,2.3244812
COHJAM,2.7755613,2.2017322
NIZJIR,4.1540904,2.1892254
NINWEM,3.8607514,2.451261
RAZBIE,3.3970695,2.6776664
LUXPUR,4.150825,2.707728
EMEQOD,2.934748,1.9562519
KISMUW,5.1377816,3.551262
DIWNIJ,3.905106,3.0233865
ZATZEB,3.1842763,2.6334348
GAFZIX,3.921705,2.869839
SAHSUQ,3.965243,2.5047414
GEKTUN,4.292324,2.9069846
NOBNIB,4.3059297,2.6577344
KUVVUT,5.2496204,2.3592706
UDONUZ,3.9723182,2.6365707
ZIJBOJ,5.006623,2.9335098
NETDUN,4.313277,2.5196404
REDNAR,2.898829,2.4865146
SINPUD,3.2675433,2.5240011
AFUSAY,4.435728,3.3732445
ISIXOZ,3.3635995,2.4571338
NANNOI,3.2746181,2.1701689
BAFMIH,5.442549,3.1493707
SUTPED,2.8073988,1.9971262
EJAMAE,4.455592,2.9459212
TEKKAX,5.551667,3.2220726
QAFDAD,3.610951,2.5952284
ODOYAK,2.265892,1.620645
JIQWEM,3.5450995,2.3146343
OROQAO,3.515983,2.0703511
QAWSEN,3.9279635,2.291155
VUCKAH,5.142408,2.6899812
COXSUF,2.578551,2.0872183
IPADIM,4.8117895,3.2097287
VEBKOD,4.614779,3.0100017
ZUVDOJ,3.7219734,2.4905515
ITONIP,3.6868708,2.804792
RAYSOZ,2.5722923,1.9100115
LUGLOP,3.5048265,2.4414728
ITADAK,2.6754234,2.29296
WOMYIH,3.842792,2.8584254
KEMJIY,2.9731162,2.1864495
EREWOP,3.9315012,2.6749403
MEZLIP,4.323073,3.437244
KOGCUH,2.8286235,2.2631197
HUNZUL,3.7260551,2.67344
FOKFAM,3.6335363,2.502629
HITQEH,3.8202064,2.662364
SATGUS,4.382394,3.0832458
AMEVEU,3.7693212,2.8387947
RAYYIA,5.518197,2.961853
FIVSIN,2.0316021,2.6453135
BAHKOL,3.866738,2.670613
KUVVAZ,4.247425,2.9349904
PIHBOA,3.2708087,2.339341
TECSOK,1.5118647,2.2014642
TESQUE,2.1151412,1.0064005
YAYCIN,1.2966225,1.4416051
SAHTEB,3.445778,2.4649017
MARHIX,4.5657983,2.8447478
IZILOU,4.6278405,3.4804108
FUDFIU,3.6985717,2.7730608
YIJMEK,3.3704023,2.1339097
XONHIU,3.2229166,1.7818227
SIQTER,5.7133026,2.818691
SILYAO,3.8174853,2.6002038
BULZOY,4.1908255,2.740039
NEYSUI,2.80114,2.5674336
DOXZIB,5.3538404,2.8669941
XOWTOT,3.8885071,2.6028128
PIBVON,3.6199307,1.5620772
MASSUX,3.2269983,2.4595013
ZOGJEK,0.7643678,1.9856843
QAHPAR,3.840887,2.3040357
JAVWIM,4.604439,2.968452
CIBXUJ,3.2468626,1.7668126
EWOJOR,2.4180038,1.8337657
IGECUT,4.2738204,2.115293
COHJUG,3.6095903,2.8631015
YUXWEU,4.530696,3.0394337
RIGCOB,3.3755724,2.8049815
ORUBAF,5.0868964,2.7516167
LEYDAV,1.9747303,2.0570486
EJIPIY,4.239806,2.5192509
DUBBEJ,2.755425,2.3500369
REVHAD,2.2479327,1.8306643
ULOJOV,3.6713603,2.328702
PEHWEH,3.9037454,3.0842073
XIPZAA,3.794628,2.8146513
FEGBOK,3.4357097,2.0540464
ZETCIN,3.1772015,2.154931
SOYXOV,3.429179,2.196034
FADNUT,0.5300778,1.7274252
ZUVREN,4.8624024,2.3545547
UNOSUM,4.652331,2.2395375
QOGCUL,4.6493373,2.4455247
CISKEU,3.1763852,2.6010227
YAFXEL,4.2452483,3.2299747
FELGAF,3.2055013,2.6876225
RIKPUZ,3.531766,2.5512803
LUZHUJ,3.3513544,2.4043047
MOYGUE,4.2504187,2.8966029
CELJEI,5.1244483,2.8758943
ADUQEV,2.7342,2.8335006
HIPTAC,2.5478022,1.1738969
DEKXID,3.3538034,2.3876739
IXODOO,1.8756808,1.9993681
KEWZIW,2.021534,1.8621941
QERREN,1.7420729,2.2354898
ESESAX,3.1769292,1.5559396
ADURAS,4.055857,2.5901618
TEXXEA,2.1428967,1.92496
HIMWUX,2.7154243,2.0295467
XUFLIU,4.660222,2.6396837
GAJHEF,3.1154315,2.5344405
ADUROG,3.126044,2.0029287
BUZNOB,3.7796617,2.5230966
KAMCIN,2.1039844,1.7427871
ICIGIK,4.6180444,2.5071523
SERPEL,4.1268787,2.6641102
MAYBOE,2.6721582,2.2437057
JOHLEY,2.7061725,2.8190901
NITJIM,4.827572,2.823641
DEKXOJ,3.3083603,2.238197
LUTDUA,5.897524,3.1372623
WEFHUM,1.0857344,1.7876545
MAVXIR,3.0133889,2.0404756
JEYDIB,5.3187375,3.3951726
WOQBUA,4.377496,3.454715
KANPAS,2.78182,2.3166642
QAFSAS,4.9007707,3.0308142
RATRAH,3.5527186,2.3250368
BOYGIG,4.1086473,2.427687
XIWSON,2.9257681,1.9055033
UTOQAW,2.0473847,1.6483985
DARVOI,3.2082224,1.937607
EXIBEU,2.9703948,2.0864925
QOFCAQ,3.443873,2.5483208
ZAVHUC,4.07681,2.653364
ROQPUK,3.4414241,2.6111655
AGEKUT,3.5050986,2.7216709
ADAKAT,2.8087592,2.2261934
OPEVAH,1.931192,2.163385
RIQYAU,6.6186256,3.1065488
CIBPIP,2.814746,2.13469
LEYCUO,3.716259,2.3912635
AVIJIZ,1.7224808,1.9345539
FOBYUS,2.2732391,2.3401725
IYIQUC,2.5755577,1.8015314
NEYSOC,2.9600546,2.5736651
WIVVOO,3.6482306,2.6219091
GEFJIL,3.5113573,2.1035168
TOKXUO,4.3652506,2.7179637
BOHDIM,3.6795237,2.7858224
CACGIY,5.346221,3.102331
EJEMOW,3.1551602,2.4670775
FISRAB,4.2262006,2.4766035
RAYYOG,5.5173807,2.7364423
HEBMAD,4.5538254,3.2033741
XOWTEK,4.528247,2.734996
TUMYUX,3.4182944,2.413707
MECYUR,2.779643,2.1070669
HAWPIF,4.072184,2.5761814
GIDCIG,5.226491,2.980242
LEYCAU,1.6046555,2.0395517
XOVBAN,4.577227,2.8055303
FIHJUD,3.4166617,3.05003
NUPVUP,3.1312141,2.0132227
RETHUU,3.9157186,2.2584817
JAFDAY,3.840615,2.995665
TUWZUI,3.7897298,2.868844
BEMWIB,2.409024,2.231679
TEGQOL,2.8076708,2.0173013
DAKYUM,4.2457924,3.0269096
MAKJUF,2.5616798,2.8700163
GUHZAK,4.0046997,2.7751482
GOXTAO,5.721194,3.5285711
KUMGAA,4.286882,2.5137053
IYALAW,3.5861886,2.259031
RUWDAQ,3.4193828,2.0525906
KUMFUT,4.260759,2.540605
NOBJIY,2.8362427,1.8255463
WIMGIL,2.5965104,1.9685233
SACRIA,5.3309827,3.41456
EZONUE,3.7704096,3.2834067
EKIKEQ,3.2950268,2.7199054
KORGOP,2.495284,2.277065
XAJGUL,3.6000664,2.3439975
YUXWAQ,4.1296,2.900257
TEQQOW,2.903727,2.580405
VUMXIM,3.4923093,2.3698404
MULDAZ,4.8673005,2.7369747
HEBLUW,4.487974,3.0662322
DAYTII,3.0152936,2.3038175
RITRUH,5.604185,2.5126514
WOZRIO,4.2338195,3.1047032
SOXKEY,4.1399403,2.7870471
XIXREE,3.6604757,2.2924683
OFOSUZ,3.6942177,2.4118931
ORUBEJ,4.767435,2.7913544
ADAHOD,5.6749344,3.0526507
SIQTAN,4.194363,2.7515967
CEVLIZ,3.4838738,2.1107883
XAFFEP,5.0839033,2.5788047
QIPXEU,2.456916,0.97982454
LEZDIE,4.015312,2.660861
CUYGOT,3.0384233,2.174766
PUHNEM,2.0569086,1.6691635
ISOKEH,4.534233,3.018591
JOTTEU,1.6163564,1.7160572
KEMGIV,3.4765267,2.2283816
UKEBAO,4.2501464,2.7453804
JIWCIC,2.016908,1.7179354
CANNIP,2.903727,2.1402054
LATTEG,2.2280684,1.6836126
MELHEQ,1.2503632,2.563775
LEYBOH,1.68248,1.923435
DOPTOS,5.370439,3.1167328
KAMCEJ,3.0683558,1.3197796
POXREC,4.516274,2.5365973
ARUDOH,3.8925889,2.3195765
KOKKON,4.979684,2.7926989
RIQSOA,2.7763777,2.3602366
UMIPEL,3.9353106,2.7083607
OPEJAW,3.9198003,2.9903932
QAFSEW,4.9385943,2.729063
WOQMOF,2.9703948,1.8463423
NOLGED,1.2549891,2.0863783
TIPLAF,4.3943667,2.8681984
CARBUU,3.0052254,2.0767174
PEHWOR,3.6229239,3.2311633
ULOJAH,3.3687696,2.144087
CEDQOS,4.317631,3.0110154
ZIWCIU,2.920598,1.8895924
DUJZAK,3.708912,1.9318304
DALLUA,4.4542317,3.0245228
DIWYOZ,3.78075,2.44311
CRETAG,4.812606,3.2607315
WOBJOP,2.805766,1.9557223
ULIFAW,3.376933,3.1139312
ULOGUY,2.0732355,0.87861204
MAYCAR,4.0275574,2.4093626
ICAFUN,4.3745027,2.5741503
DIBHEC,4.0814357,2.6943376
DEFJON,3.5263236,3.2028482
MIBVOJ,3.1012816,2.534579
QOWFUE,0.22830354,1.9120544
TAMTUX,4.3603525,2.638936
SIJMUU,2.6901176,1.9004672
NIWKOU,3.8324516,2.5492563
GIYVEQ,3.9086435,2.2423663
IYALUQ,3.597073,2.3141687
GEFYEY,3.4163895,2.0884738
PIQQEO,3.7489126,2.3004742
KEKHUF,0.2492563,1.9945991
ZUFLUJ,3.5948963,2.5564551
ROBSUY,3.7206128,2.341598
SOFKEE,5.1892114,3.0348682
UPAMAB,4.4087887,2.8356032
TUDTIW,2.9927082,2.5854616
LEYBIB,2.449841,2.4421556
POPCUV,2.874611,2.011642
LEHNIV,2.9788303,1.7360265
HECYAQ,2.822365,2.387267
XEXDIO,3.6142163,2.1616764
UCIWIN,3.708912,2.5878682
TEJKUR,3.5048265,2.5899243
FIBQAL,2.717057,1.8806539
XEXZEH,3.8664658,3.1231453
IXIVEQ,5.135877,3.0895548
RAWVIV,1.5679201,2.396509
SAXLIN,4.3124604,2.3305228
REKFES,2.8324332,1.6448135
XEBZOU,4.980772,2.8910754
SANNIH,2.461542,2.547598
YEZQOK,3.4525807,2.977942
NOPHIM,1.5491443,1.920678
JUJKIK,1.2568939,1.5674598
VELJOO,0.1510232,2.455544
OPUHIS,2.4005885,2.2138956
QORJUD,4.1328654,2.3944068
ITARIE,2.9374692,2.0231757
VEXJUF,3.7230618,2.6237562
SICBUC,3.0786963,1.9418378
NABGEE,3.5184321,2.3488426
HITQIL,3.6939456,2.588749
NIRJAZ,3.4596558,2.5706048
ZIFBOF,5.049617,2.714789
QOKJOR,2.724404,2.6374967
DEHDOK,3.1932561,2.2611597
DUSZOG,3.2531211,2.8345876
OWENUB,3.536936,2.7593834
RAFXIG,3.0629137,2.4776263
XELYAP,4.1981726,2.549326
ZUFPUN,3.472717,2.471865
VIBQUS,3.1486294,2.3402393
NOBMOG,4.373142,2.6522264
GIKXII,3.2365222,2.8604515
TIQDIH,3.1581535,2.3085687
SIQRUF,5.766909,2.7451687
RUJCAA,3.8109546,2.4465013
CABJUL,4.879274,3.078874
JIQDUL,1.6579897,2.251823
CIBXOD,3.1559765,1.8343111
PURYOR,3.5140784,2.1947405
DALLOU,4.155723,2.820786
AFURIF,4.8014493,3.3019872
SIQQUE,4.3149095,2.4952605
LALMUH,3.1467247,1.7612818
OFUMAG,3.5099967,2.2497835
MODQAA,2.5020869,1.9076028
GEFJOR,3.4920373,2.0735025
OQAGOD,3.6942177,2.5933795
IGECON,4.242527,1.9697807
BAFMED,5.442549,3.1496403
SEYLEP,2.4808621,2.393271
HUQDUU,3.7766683,1.9979873
QOWLOD,3.8493228,2.183221
TURZAI,3.4857786,2.052027
GIJZAC,2.858012,2.588847
SUFHOQ,3.8934052,2.484403
DARTEY,4.049054,2.981187
RAYYUM,5.341323,2.9045672
EPUDEZ,4.8697495,2.6522741
WOBMEI,4.073817,1.9331338
AMETUI,5.157102,3.15952
BOJGAI,4.7826734,3.4825623
UBEZUW,3.5353034,2.3174517
TEZGEM,3.3108094,2.1839728
XIJWOD,4.7990003,2.2553723
LUTDOU,4.4686537,2.5787556
HAXQOP,3.8003423,2.3877177
REPYER,3.5072756,2.249435
NUSDIP,3.615849,2.5008397
NUHPIP,3.3494496,3.0857656
BIWNOL,4.619677,2.9229057
AHEBAQ,4.214227,3.046671
PAYFUS,4.6972294,3.48911
YUXVUJ,4.3301477,3.0236254
HAYWIP,5.613165,3.5944905
XUBSOE,4.306746,2.8599255
FIWLII,5.3285336,3.1238034
VIXZIN,3.6128557,2.5743914
YEKGUR,2.7810037,2.549412
MIDDEK,5.1277137,2.6339676
CEYXEL,4.5957313,2.9349062
ARAXAT,2.1431687,2.1867592
ZUJSEE,3.7225177,2.4175587
QARDAQ,4.312188,2.6523526
CEZBUE,4.705393,2.9939704
CASHEK,2.5211349,2.276941
TETKIN,3.9347665,2.75568
OJENAT,3.4999285,2.611427
JADQOX,5.3737044,2.947123
WAMLAX,3.3385649,2.484173
ORUHOZ,4.864035,3.052312
QODVIP,5.0088,3.128825
IDAMEH,4.7832174,2.826727
SACRAS,4.888253,3.354762
KIZPIT,2.8732502,2.0370274
TOPGAH,3.9611616,2.390048
GUBYIM,3.6036038,2.5380673
ALUNUR,1.3654673,2.3429701
CISLEV,4.329876,2.917836
GIQNUP,3.639523,2.5679352
IVUYEE,3.5448272,2.21005
EDUHIW,3.8128595,2.5791717
HIJHEP,2.389976,2.2018714
QIXLEP,4.187016,2.5125103
AMEVUJ,2.956245,2.6800797
EHOHUF,3.3758445,2.670062
SONMEQ,4.867573,2.732924
REPZAO,3.9992573,2.316401
IHASIU,3.4920373,2.1050234
RAYXUL,3.1159759,2.4476247
WACWIJ,3.5246909,2.3399525
FIMNUM,5.39112,3.4601953
TIQQUF,3.1246834,2.2169225
RAWTIT,4.3693323,2.6980324
QEPZIV,3.394076,2.567648
MEWCIA,3.783199,2.5308037
RITYOJ,3.221556,2.1161432
TUWZOC,4.213139,2.914955
GUHZEO,3.8724523,2.4306002
GIMKIY,4.0857897,2.977065
COQNUU,2.714608,2.4769182
WAFWAD,3.577753,2.3863366
UDOMIM,4.3696046,2.539487
BUKROP,3.9119089,3.1334932
OBIWEC,3.5524464,2.569585
LAPCIR,2.8506649,1.6790267
IPECUC,2.272695,2.4569619
CISHIV,4.425388,2.6401212
TIJNIK,4.736686,3.1486084
UWUKUT,4.1306887,3.1590023
KEFHUZ,5.618063,3.1999896
TASGAX,4.794374,2.9997942
DALLIO,3.98674,2.7108905
OYAYAQ,5.3282614,3.3479445
WUWYAO,3.1192412,2.2672875
LAFDII,3.5660522,2.719076
RASGUO,3.1167922,2.5965836
KUVTUR,3.2226446,2.8449228
TUDNIR,3.0912135,2.1666377
ZIGHUV,3.5597935,3.5435753
MAWPOR,4.3818493,2.59783
JEYDUN,4.3464746,3.0754218
QOHBAS,2.3363695,2.1254287
POQWIB,2.8218207,1.8678069
RUKRAR,3.524963,2.3974192
XAVVEY,3.489316,2.4243226
TURFIW,4.421034,2.5565724
SICNIC,2.0424867,1.4079981
ZIWFAM,5.0289364,2.8757367
VUBYEX,4.0115027,2.8238328
YAMPEJ,5.1298904,3.0562513
PITKOU,3.732586,2.8327563
OYIVAU,4.3317804,2.5600286
MELYUX,5.29588,3.2386525
FUQHIJ,2.8517532,2.585474
YUXXEV,4.9671664,3.0220113
JAXKOL,5.4923463,2.9453506
GAZCAO,2.4419498,2.0860853
VERWIB,4.1848392,2.6136398
AMETOC,3.5772088,2.609847
PELWEL,2.26045,1.6090517
LEYCIC,2.0155473,2.0391629
CILTOJ,2.8185554,2.327233
YIJJOR,2.9701228,2.4000611
HEBNEI,4.932336,3.346671
LESQIM,3.044954,2.4913507
ODABUQ,2.060174,2.1600327
RODQUZ,3.7176197,2.5527363
JORXET,2.6052182,2.5338168
RACGUZ,2.7039955,2.2628539
FUFZAJ,2.9342039,2.5301669
AMOVOP,2.13174,1.7775952
BEQTAU,4.268106,2.4020739
ELETOG,2.7761056,3.9857478
QIPXOE,2.4571881,0.9714683
GUKGAW,3.0220966,2.2567878
CENHOU,3.0958395,2.193477
LOLTUC,3.9184396,2.772272
INULIM,4.174771,2.1605592
YAHYIQ,4.6204934,2.6831644
PURZIM,4.027829,2.4133353
GIMWIJ,2.1834416,1.9194267
ISAKAP,3.7230618,2.606303
HEBLOQ,4.404163,2.9733453
BESLES,3.531766,2.4883695
CIFTAP,2.8588283,1.8008434
RIHQIL,3.4280903,2.400033
WOHLAG,5.2395525,3.1920092
JOBQEW,2.0988142,2.169343
NERWUE,4.1829343,3.0957866
ABEFOF,3.6789794,2.893756
BOHDOS,3.6795237,2.6110263
KOJRIK,4.27246,2.509228
FIRKEY,3.699932,2.2734385
HOJDIV,4.1546345,2.398585
PIHTOS,2.0109215,2.012569
OFASAQ,2.7478058,2.0808787
EXEZUE,3.3140748,2.1438198
ULOGOS,2.079222,0.8766136
KAQGOZ,4.7203593,2.887712
CUDNAS,4.5170903,2.969287
GATFEM,3.637346,2.5134897
HAYWEL,5.783508,3.2067358
YOZCEX,2.9712112,3.0549397
OFOYAJ,4.444164,2.3397465
WAVBAX,4.3693323,2.694229
MIMCOB,4.705665,3.150076
VUKTIF,4.843899,3.5209637
WONYEE,3.8514996,2.8500824
RIBREC,3.7078235,2.408345
EMALOU,2.8569233,2.4483998
BOYWUI,4.2691946,2.884638
SANNED,2.4767804,2.1437473
LEXZAQ,1.4261488,2.2664354
HUJFIC,3.3042786,2.4314392
IYAMAX,3.692041,2.7650232
ZEKCAV,4.550288,2.6182425
OJENEX,3.1826437,2.4547107
ODAJIN,2.6658995,1.9864467
FAXGIX,2.8906655,1.7994385
MIWKIN,3.099377,1.9740016
HOVGOQ,2.0539155,2.1888347
CIXYUD,2.2615383,2.117951
ZAVNUH,2.8484879,1.3841107
NEHBIM,4.488246,3.0567846
XANLEG,2.6367834,2.693582
MEQWEL,3.4836016,2.1203074
NIYTIZ,3.4261856,2.4191208
CIQWIJ,3.5244188,2.4018874
SIFPUU,5.442549,3.1489754
GAWYUB,3.8876908,2.5128818
TIFZOY,4.079531,2.4911292
JOVMOY,4.361713,3.0234559
OXIPER,3.938576,1.9587042
PELNIG,3.4112194,2.040764
COCJUA,0.418239,0.515779
TEXZUR,3.6610198,1.87607
TINNIO,4.5277023,3.1628451
ULOHAF,2.0748682,0.876369
MUQPOE,3.8291862,2.696087
BIBXIU,4.516546,3.0355027
RILFOK,3.565508,2.6771047
BILQIX,5.8705845,3.1417258
NOPCAZ,1.9322805,1.9122097
SAQJEB,4.4945045,2.5234337
MIKCIU,3.4664586,2.2367263
PAWMEF,4.641446,3.3921328
XEHCEU,2.9888988,2.6622133
GUSRIW,3.6036038,2.515894
YEHJOL,4.6735554,3.3000257
ZAVHOW,4.206336,2.5224764
VISNAN,3.4816968,2.203231
MAYBAQ,2.5633125,2.0199485
FIJTOH,5.2493486,2.7746606
EXIBOE,3.1059077,2.4405072
YEGNAA,3.46537,2.316357
TEXZOM,2.8993733,2.249625
NAMKUI,4.662127,2.641016
TUDROA,3.921977,2.5023263
ZOMCIP,3.3494496,2.6797264
IPEPAU,3.1943445,2.7875657
XOWTAG,4.507566,2.774405
XAWHOU,3.8008864,2.2836418
COQKEZ,3.5312216,2.360603
OSAJID,2.4052145,2.988194
WASQUC,1.9853427,2.3335936
NUHNIN,3.6319036,3.2970705
IDUROR,2.9257681,2.2842398
BEGTAK,4.058306,2.821556
EDEXIX,4.8994102,2.4835937
SIQSOA,4.2596703,2.4268906
SIGCAP,3.881432,2.470321
TOLCUT,3.7649674,2.7562556
FIGRUJ,3.0939345,2.2459655
COQQAB,4.935601,2.7591672
YINFIL,3.6982994,2.3855658
HEYMEF,3.7045581,2.4629292
TORPAT,4.241439,2.8091922
EZUXEE,2.7763777,1.8222388
FULTAJ,4.655868,3.120141
VAFTIF,3.013661,2.358656
LINVOU,2.177183,2.2897048
PEBQOE,2.2803142,2.0527308
TUDPAL,2.6863081,2.0865102
HEKDUW,3.8708198,2.612973
DAHYIV,4.440082,2.8873966
PITGUW,3.4977515,2.654059
DAHYER,4.4300137,2.8252623
DAPVUL,2.8708012,2.4032888
JIPTIO,1.6435677,2.3861692
JABBIY,2.5254889,1.7401873
QOXYOR,4.9051247,2.5988545
EFAXEP,4.9603634,2.9186442
COQQIJ,4.996555,2.913855
ACIVAL,3.2158415,2.5537946
PAWLII,4.6199493,3.4497986
FIHJOX,3.4177501,3.0399415
MIXFIK,6.457262,4.517296
JANFIQ,3.3573408,2.6207047
EGUZUE,3.0498521,2.307385
KACQOW,2.8884885,2.5425973
GAJHOP,3.5660522,2.5219033
ODACAX,4.0958576,2.309803
EGETOB,2.1709244,1.8535159
EHINEO,5.5233674,3.0012944
MUZKOH,3.4308116,2.2234602
OZIKEP,4.622126,2.3849554
IBAYUF,2.698553,2.520101
ISIYEQ,3.3208776,2.4921227
UFEYIQ,2.8190997,2.1217017
PENJIC,4.1244297,1.9322397
XEDJUM,2.631341,2.4682107
PICVII,1.5777162,2.437938
QOXYIL,4.9225397,2.7150133
AXESAY,3.4155731,2.0963852
BUQCOH,3.6294546,2.3749537
MAHLOY,3.5630589,2.3166616
PELLAV,2.977742,2.468303
ELETIA,3.7949,4.33058
QIZMEU,2.9527075,2.3055844
VUMCEN,4.314637,2.3238554
YATVIZ,3.6689112,2.3834631
QOXYUX,4.449606,2.5931728
GUWBOR,2.5842655,1.5358806
DAWHIS,4.296678,2.3801036
DUHBIT,3.7031975,2.7593498
CUYGEJ,3.7440147,2.434691
RIHYAL,4.2672896,2.1374214
FIJWIH,4.3818493,2.4939435
WABSAW,3.8506832,2.5081394
ERIDIT,3.7334023,2.2836668
OPUHUD,4.1481037,2.8786745
TEXYUR,3.797349,2.4832013
VUBYUN,4.6066155,2.8764565
LEZDUQ,3.2207396,2.2427347
WOBKIK,2.958422,2.089099
HAGHAA,3.620747,2.608937
OGUQEM,4.1592603,2.5220997
ASIZOR,4.8504295,2.696438
RABFOS,3.272169,2.8797774
OGUQAI,3.4109473,2.6950698
ONUJIS,5.095876,2.5107517
RUMPIA,3.139922,2.0960848
QAJKER,4.0202103,2.1928248
NIYTOF,2.7439961,2.3646715
GUFDIV,2.1899724,1.3742875
LEBDIG,3.7720423,2.2892418
EMEQIX,2.9867218,1.9998121
CABJOF,4.8765526,3.0805302
LUKZUO,3.6855102,2.7262387
WACWOP,3.395981,2.3674326
ENALUB,2.8547466,2.501373
PANVOS,2.7826364,2.5325642
WOZRAG,4.031367,3.2156866
SORCEI,3.8871465,2.3888698
SODYUF,3.1812832,2.4577599
DEJPUE,3.0414166,2.107486
DERREY,4.5957313,2.869032
LOGGUM,1.8337753,2.3652916
RIRPAM,3.383736,1.9477794
CIKSUN,3.367409,2.30532
WEFGUM,4.664848,3.1403372
HIMXIM,3.7026534,2.726867
SAVBIA,4.5377707,2.6473546
ZOWZUI,2.5129714,2.385426
TEXZEC,2.2609942,1.6763295
GAMHIO,2.9976063,2.6592717
OVAVUD,3.9442904,2.469967
JOCCIQ,3.9298685,2.040329
XERGIL,4.7217197,2.8464015
KOKLAA,3.0215523,2.5988126
QECZIH,4.581309,2.490477
TEJKIF,3.383736,2.7506912
DALLEK,3.9279635,2.8128755
TEXXUQ,2.6346064,1.911273
KEYPEJ,5.633029,3.034202
QIFPAW,5.1530204,3.5817316
KUVVIH,3.9110925,2.8940015
AZEQIH,3.4147568,2.8737488
HAYZIS,2.4642632,2.1483378
JIKYAD,5.1451287,3.0321681
LEYDID,2.9654968,1.7362416
GIMHIT,3.7668722,2.3197863
QOZGAO,3.6680949,2.542234
NUHPOV,3.67517,3.1286259
UPAFAU,4.574234,2.7224026
XEQVAS,1.3962163,2.091967
XEBZAG,5.277376,3.0947294
TEYBOP,3.3355718,2.200639
JABBEU,3.1695824,2.1158268
JAGWIY,5.8586116,3.2256336
BOJYUX,2.332832,1.8821477
APIRAU,5.8322163,3.0367303
SUDQAJ,4.4014416,2.658528
QOXWEH,2.9962456,2.1379097
POHPUY,3.9481,2.3071494
OSOHEL,3.9589846,3.48961
DICFAX,4.0901437,2.6965322
JIQWIQ,3.4490433,2.3590217
DOPTUY,4.9674387,3.2980077
DIDXIZ,3.9508212,2.1655598
BAYSUR,2.0354116,1.4842063
TEXYOL,4.189193,2.195193
KENRIF,4.956554,2.7834177
MELYIL,3.6237402,2.5717273
DEYJOH,2.750799,2.325582
FAZTEH,2.5023592,2.5264323
UFAVEC,4.5181785,2.9951751
IGUXEO,3.1118941,2.2100322
VOZNIH,4.076266,2.7976224
OCUGIC,4.093409,2.8259284
TIRMIT,2.08412,1.954484
KAXNOM,1.8835721,1.4561005
CEYMIC,4.8934236,2.7397707
VISNER,3.4999285,2.2074928
VIYBUC,1.7823458,1.8035945
YUMTEG,3.9619777,2.3442652
XUKWAC,3.180739,1.619154
DOYREQ,1.7303721,1.7351105
VEFHEU,3.0596483,1.6699368
ADUJOB,2.3067093,2.0739954
MODZUA,4.192458,2.6593413
SIZHUH,4.6452556,2.8753083
BILRAQ,4.6781816,2.2404408
UDUHUZ,4.4602184,2.3868802
JEPCEP,2.1801763,2.1322227
DUFFER,3.8044238,2.75092
LUKQOX,2.1475227,2.4830084
LAXBIV,4.9630847,2.9202197
AFUREB,4.6830797,3.1861598
CAMRIR,3.027811,2.4590821
FEGCEB,2.9464488,1.9327402
FOJLAS,4.0008903,2.8630075
VARVIT,1.940444,2.4218218
XAVVIC,3.7383003,2.538206
SELPUX,2.834338,2.1023045
INOHUQ,2.595694,2.152772
COFKEQ,2.3336484,2.6781785
WUJRID,3.8479621,2.4958718
MEVSAH,1.7086029,2.0421724
FOKNUQ,3.8327239,2.403575
INEWEE,3.3714907,1.9995165
LILBIS,2.5940614,1.8295232
SELRIN,4.686617,2.7257912
TETJEK,2.8210044,1.7339276
VUXGAY,3.474622,2.2848415
XIKYOH,3.3638716,2.0616283
EDADOE,1.9725534,1.3935454
KAGLEK,2.1848023,2.4496288
MAJFUA,1.3856038,2.1512604
BOQWOU,3.2923057,2.4736
PEDYAY,4.157356,2.3773086
QIYMET,3.8528602,2.624289
PUHXUM,4.9666224,2.6936746
KEQGAP,3.4093146,2.478146
FAHPOW,3.03026,2.018365
NIMCOC,2.9755652,2.6392488
BENDII,2.1913328,1.7114925
HOCLOA,2.690662,2.050396
TITMIT,2.7301183,1.2627717
OHEQOI,2.463991,2.0020041
QOTWAY,3.8727245,2.6412106
VUDKEM,3.5796578,2.588422
GOCSIC,3.675442,2.365913
NEPQUW,2.7091656,2.0582366
DASSUL,4.0308228,1.8911706
AROXAG,2.7869902,2.892714
YEMGAZ,4.543213,2.5586982
NETYUJ,4.0044274,2.6756253
KEGLIS,3.388362,2.835192
DURWOD,4.11926,3.0566957
FOBFAG,3.6076856,2.3857079
MIMHEY,3.1780179,2.833955
PERJAY,3.1244113,2.293303
HUKPAE,4.9478464,3.8608062
QAGFEJ,2.6321573,2.0773656
KIVMIM,3.6011548,2.4031293
MOPSAN,5.210708,2.9997566
BERKUH,2.8054938,2.1859179
COFNOD,5.009888,3.229844
RIBMAR,2.6057622,1.8157878
CASMIS,3.7674165,2.699801
SOLYUP,2.7970583,1.985306
SASVEQ,3.147813,2.4083862
MAKPOF,4.9527445,3.1738224
FITLUQ,4.5540977,3.2423472
VONPOF,3.484418,2.4513862
HELZOQ,3.5363917,2.693719
DEFTUE,1.7083309,1.6455487
QEBPEV,3.394076,2.3543682
VONPEV,3.0645463,2.5361087
ECOZEE,3.7578924,2.2696533
ZESSUN,2.5899796,1.7258623
YACGEP,3.4601998,2.295485
EBIYIY,4.017761,2.5512671
NEBSIY,5.8855505,3.4040062
NENVAG,3.4615605,2.429389
OTIYAT,3.9304125,2.601712
PAFHOT,5.379691,3.3706317
VAXKOV,1.226145,1.6054791
FAVTUR,3.6267335,2.5184662
FUHXAH,5.0196843,2.6941206
UQUKEX,2.0332348,1.6875494
BEYGAO,4.8721986,3.417399
GEZXOY,3.6914966,3.0091758
UYAXIC,4.072184,2.9457645
YAQQIS,3.1189692,2.2188547
DIHRIX,0.16326831,1.4987965
LIVKIM,2.0745962,1.8166697
JIVROV,2.392153,1.8325577
MICGUA,2.8841348,1.8724871
ULUDUB,2.6558313,2.4990373
JEDCUR,3.3129864,2.8075294
GAJFUT,6.000383,3.4745488
QAJBUA,3.3976138,2.4102514
KASRIG,4.170145,2.8791964
RUMRAS,4.686617,3.305049
MIKCEQ,0.36027876,1.9742818
EGUSUU,2.671614,1.7849499
IMESEA,5.088529,3.0765965
HIQWUA,3.4735334,2.6998153
LEVVEO,5.871673,3.7995224
PEKSUT,3.914358,3.0599396
DEGJIJ,3.2601962,2.3071494
TUZZUJ,4.3247056,2.6958644
YAWSAR,2.2522864,1.9831693
LEVVUE,5.746228,3.3839374
TAJDOZ,2.454739,1.9419632
QOKYAQ,3.4765267,2.6456122
QITFIK,3.223461,2.4489694
BIMLEO,4.404707,2.546671
FANGAC,2.3401792,1.4277384
PEMGIA,2.6033132,2.1124892
JESQII,4.308651,2.4116356
WOVWIP,2.554605,1.9154825
QEZGAG,0.097688876,1.0695678
XIFHEB,2.825086,2.2867186
TIGREI,5.7603784,2.849207
WAPGIG,3.1796505,1.7802161
FUYGAH,5.033562,2.7755876
TIBLIB,2.8278072,1.9522371
HUVQEU,5.0006366,3.4994059
OVUBAJ,3.4789758,1.8805994
WIHTUF,4.4028025,2.6234217
SEZYIG,4.545118,2.8476934
WUQHAR,0.131431,2.1736135
COCHOU,3.8223834,2.5369873
EMUSEK,2.7644048,2.430051
JOGRAZ,3.8536766,2.482805
YEBFUJ,4.0112305,2.1749766
DISDAK,2.6201844,1.997304
BEGGEA,2.4577324,2.3983366
OPAXAF,3.9608893,2.3070765
ZUTNAF,4.8863487,3.0959222
BOKWOO,2.5102503,2.2010496
ROCZAN,2.6533823,1.7046969
MOZGUE,2.5175974,2.179474
RALLUN,3.6000664,2.7145622
WEDVUW,3.145364,2.5538363
ZENHOS,2.6204565,2.1961908
WUJYOQ,3.3165238,2.055487
GEKWID,5.448536,2.9338555
NOQSOC,3.047131,1.4219738
HAQFOX,3.8038797,1.7167525
IDUVEK,2.917877,2.2143135
TUHNIU,3.981298,2.4685037
DIPLIA,2.7464452,1.9437568
HALXIB,2.2800422,1.7882253
HOSRAJ,3.5693176,2.2018776
RACYOM,2.9546123,2.4227192
OJUJUY,2.731751,1.7900647
ICAKEE,1.9646621,1.2780747
QAFLUF,2.6517496,2.1946056
HENLIW,4.3579035,1.9259067
FIYDIB,3.4972074,2.277441
NENJAS,2.898557,2.1408153
UKIGIF,2.6052182,1.9062485
ZUDGIQ,4.1946354,2.998365
VEYFUB,3.1080844,2.189416
RAMCUE,1.6743166,2.011548
VOTPUR,3.9129972,3.1038141
IGAPIP,2.7249482,2.6962888
QANZOV,3.5807464,2.8748827
WIMTOC,4.1146336,2.925453
BAFTEJ,0.30748865,1.3756477
NULVOF,3.8373497,2.4250484
FIJZUV,3.2329848,1.991061
WOPTIF,3.0914855,2.0322554
XUDHIN,4.2191253,2.2803352
FEBHAW,2.8283515,1.955349
TUTCAM,4.273548,2.2727814
XORVOP,4.45913,2.789089
CEPMAM,3.797077,2.6304708
NULVUL,3.6659179,2.5339384
ISIPIK,5.81208,3.7690766
VIZHAO,3.3352997,2.7065346
MAYQAF,4.457497,2.6752613
QIYFEL,3.52714,2.5582232
COFPEV,5.161184,3.2702515
XAKDUK,2.8237255,2.0958946
NASZOY,1.8435714,1.5115346
GOGFUE,4.9641733,2.9892416
TOFJEG,2.3355532,2.1190221
PAKXAC,3.3391092,2.4155638
OBOGET,2.9891708,2.1751764
GAQYEC,4.476273,3.0042045
SISXAU,4.851246,2.8954103
WAPGAY,3.6406114,1.8650104
FIQJIZ,3.1766572,2.2213864
HUBDOZ,3.7910903,2.5008621
NIDKAO,2.3371859,1.9355576
RABCUU,2.985361,2.4692404
RUSFAM,3.0868597,2.455614
QORVAV,2.344261,1.8155413
MIGBOU,2.5029032,1.5964732
EDUGAN,2.8112082,2.0925713
BOWVEO,4.1878324,3.4687042
XOZJON,3.5600657,2.3126383
ECOWUR,2.3388186,1.9780548
UJIKAA,2.2637153,1.572651
PAPTIL,4.0191216,2.5994935
IVOFOP,3.0218244,1.9084197
XAVXAW,3.6174817,2.5390563
HIFMEO,5.592484,2.4871528
DIFRAL,4.2550445,2.6200826
BEVMEV,3.5361197,2.4897885
LEDNAL,1.7902371,2.3012881
CEFZOF,3.2079504,2.3498158
GIQPEC,2.676784,2.2632809
EHIBUS,3.1456363,2.6017394
WECVAE,3.6245565,2.445024
BUSRIR,4.2838883,2.912852
UYOGIA,3.5641475,2.7747912
DONWEI,4.1021166,2.5385418
XOGVOG,3.5219698,2.5295177
HOSNIN,3.6547613,1.8251476
EKOCOX,3.560882,2.183016
YUMWUZ,4.8735595,2.8728309
CEJCIE,4.153546,1.9536898
LEDZOM,4.7277064,2.7658982
VOGKUZ,1.9396276,2.4169981
DAVHUE,5.0441747,3.0733073
PAYSEP,4.461579,2.546643
COBVAT,3.8291862,2.499411
XAKHUO,4.2496023,2.685747
DUHCAL,2.612021,1.8670247
PESJAB,3.4683633,2.8607826
REPFID,3.5402014,2.7271996
HAQDOV,3.6030598,1.6966566
BULYUD,4.5516486,2.51265
UMOBED,4.4291973,2.7570302
FOPSIN,3.1461804,2.0803938
LAQFOY,2.884679,2.2506495
ZEMNIR,3.7334023,2.8695557
SOVLUL,3.2465904,2.4652524
HAQFEN,3.553535,1.7185498
IRIWAJ,3.1995149,2.3409944
GEYPEH,2.0452077,1.8151965
HIQFAP,3.9965363,2.8323019
RIMVEO,1.8476532,2.3482552
QITSES,3.2133925,2.5322063
HEWCET,3.2308078,2.2450325
PONYEY,3.099649,2.444819
ABIZIW,2.535829,1.7511199
GODRAT,2.6707976,2.2921205
LOCHOD,3.1391056,2.2267451
QUJSOE,3.0074024,2.4474316
DEZPEE,4.2262006,2.1937106
KITKIK,3.8441525,2.36863
REPBAP,2.5562377,2.3331187
HADJAA,3.7968047,2.4286697
PATSUZ,1.9233007,1.9027321
ZASVOH,2.9548845,1.79502
VEVRAR,3.1540718,2.2146235
LUSPAR,3.0406003,2.1447556
QAHTUQ,2.456644,1.7088726
WABWAZ,3.0860434,1.9124322
KOCYAF,2.6653552,1.7199633
GIHLIU,3.3366601,2.5186412
SODWUD,3.9935431,2.7027473
ERESIE,3.453669,1.7815354
EYESOR,3.8063288,2.6266768
AFEJIF,4.127151,2.6988854
JUDXAJ,6.5707335,2.671872
ELAWOE,3.1007376,1.8958807
JAMJEN,3.8425198,2.4346852
ULAMUQ,2.700458,2.1134143
WOWBOB,2.6280756,2.7321763
MOBJES,4.309195,2.9484375
ULAJEX,6.2178016,3.1633947
EQOJOK,2.8808694,2.0767963
EYEGOF,2.2661643,1.7281137
UHOKUZ,4.181574,1.9268835
DURWET,4.0351763,2.9663987
NEPSIM,3.5072756,2.4617145
MEMVIK,4.864035,2.633494
CEBPAB,2.0397656,1.5279607
RUJJEN,4.5091987,2.7309828
HEFWIA,1.9314642,1.4995965
HADZOC,4.8983216,2.771531
JAGLAF,2.616919,1.885326
JIRLIG,2.7948816,1.309917
BUDGUD,2.9940689,2.1360893
XECHUK,2.63379,2.0182393
ZENFUT,4.136947,2.6007695
UVUVUE,2.549707,1.6033171
VORQUQ,3.3225102,2.6035075
LIGWEE,4.019394,2.358886
CDBZPN,2.8645427,1.5316447
JEDDUS,2.7845411,2.5640488
LARCAJ,1.940716,1.7104093
DEBMAA,1.4310468,1.6737578
EFAGEA,3.0746145,2.432646
AFAQAZ,3.8095942,2.399979
VICHIZ,2.5962384,1.846117
UVUKON,3.307544,1.7425172
COZRIT,4.612602,2.9893918
KOHZIT,3.374484,2.5107784
HENLUI,3.5568004,1.7465975
NOCCIT,2.121944,1.7991663
SELPOR,2.3219476,2.2627604
NOGPOR,2.7396424,2.3289704
VOLVOI,3.3742118,2.5249383
LERSEG,4.911927,2.6127734
JAYGAS,1.2016548,2.042081
UGOPOX,3.2561145,2.9057136
AGOVUO,2.8903935,1.8947688
FINQUP,2.9211423,2.2884386
UGEXAG,4.643895,2.9941084
UTIHAI,1.2699554,1.7571675
COFNUJ,5.176422,3.6244462
LOFBUE,3.4670026,2.8508246
WOGROA,2.4552834,3.0034115
SAQFEY,2.5556934,2.0086017
TESSEQ,4.562261,2.9678142
TUXJAY,3.407682,2.546844
EKAPIR,3.6283662,2.4590497
EMAXAS,3.783471,2.7321851
MIRWEQ,3.391355,2.6888282
COWJOP,2.1902444,1.6847608
EMUQAE,2.8882165,2.0606046
SEYKUC,3.7034698,2.5247612
GAJFON,6.0640574,2.8383055
RUSFOA,3.0909414,2.2512243
FOMQII,3.472717,2.47061
DAJMOT,1.8694222,1.1229469
SIJBES,5.0240383,3.269346
KABPEI,3.5195208,2.5499544
JOXCIK,2.9094415,2.3305874
EYESEH,2.9649527,2.1693337
VIMDEC,2.0109215,1.8604298
GAYPOL,5.637383,3.0989945
BENDOO,2.1959589,1.9040002
BOKYAC,3.4351654,2.3025613
CEMBUU,2.6177354,1.8834623
QIVFEI,2.822909,2.1745522
WAKLAY,2.8435898,2.1328282
MIHWAB,3.3491774,2.2835774
XATBEA,4.395727,2.5477734
DURYIZ,3.0699885,2.1919408
HUTWAU,4.007421,2.598061
WUQGAS,3.353259,2.149506
OFAHUY,3.011212,1.9018122
JERCEP,3.0773356,1.9155397
FOPFUM,3.2574751,2.3429053
GAJHAB,4.153546,2.917039
PEMGOG,2.8903935,2.2122855
XIWCOX,3.2561145,1.9715096
RUKGAF,5.1565576,3.4351552
QALJAR,3.3987021,2.4800537
OFAHEI,2.6912062,2.4536777
CEFJII,3.5053709,2.4285588
YUSZOD,3.6147606,2.369783
LOTYEA,0.164901,1.173731
XABRID,5.3878546,2.951724
XUYNEM,3.8120432,2.380762
HEGJAG,3.2686317,2.3014247
ALAKON,3.8841534,2.2445064
VAVCUS,3.3704023,3.0052984
ZESTAU,2.5913403,1.7130861
VILWAP,2.7693028,1.8700179
NITWET,2.898557,2.6989923
TUTCOA,3.0699885,1.5430033
LUQWAV,2.4778688,1.8102396
IPEBAG,3.8316352,2.6519814
DUHCEP,2.7548807,2.368538
VECBAG,3.0386956,2.3893626
FEMFOV,2.4073913,2.077441
MEJROI,3.8123152,2.822528
WUSHAV,2.9717555,1.8653917
WUKBIP,2.3608599,1.4462183
JAMHOV,3.2950268,2.2974524
DILHAH,3.3369322,2.17104
LAFXEX,3.5279562,2.4577584
SODXIS,3.9344943,3.0316648
MIYWAT,2.4294326,2.0765848
DOWYIX,1.658534,2.6243439
FEBGOJ,2.6210008,1.9799416
QOHNEH,3.0958395,2.0201042
IDAXES,3.9807537,2.5702763
JERWOT,2.9004617,2.1867597
KIBTEV,4.124158,1.949017
AJUBIS,4.0656533,2.4218357
PESHUT,2.5480742,1.5350952
HIWJON,4.664304,2.7775664
HOPFIB,4.968799,3.4618456
TICMID,3.608502,2.7358398
CIYQUW,3.8893235,2.7645786
BOJWUT,4.9551935,3.2763844
CICBIC,4.932608,2.4343462
ZIBCIZ,2.6422255,1.9589738
DUQPOW,2.5935173,2.2001007
QUMXAZ,5.332343,2.2534842
YELHEF,2.8278072,2.3057957
EFOXUU,2.989715,1.9010098
CANFAB,5.0017247,2.6168363
AHAPEF,2.918149,2.2872064
IDAVUG,3.1181529,2.390496
FAYKIA,2.4223576,2.0735435
JOWHAE,5.6341176,2.4326458
TURMAV,1.7858833,1.8128036
KUYWAE,2.955973,2.373213
IZIDAW,4.153002,2.518769
UCITIJ,5.5410547,2.7493691
HENMOD,3.5581608,1.8563803
ZESTEY,2.5246725,1.8366642
FOGQEX,2.9679458,2.1262238
TIBLAT,2.698281,1.8380234
SEZYEE,3.2278147,1.810748
NUNMUF,2.6329737,1.9017375
UHOKEJ,4.165247,1.8753759
UHOLAG,3.924426,1.7912806
ECAJIB,3.106724,2.1911705
RUQLOG,2.9148836,2.5002627
AXUDAA,2.5080736,2.1160488
CESZUV,6.287735,3.7781005
EHAZAP,2.5516117,2.1069994
QEQFIC,4.5301514,2.9564836
DIPMAT,2.7113426,1.9851699
FOJNUP,5.102951,2.94198
SACQIZ,4.643895,2.884033
TAZYEA,3.4860506,2.6567397
AFIBOH,2.0805826,2.085167
PULYIF,3.0171986,2.1484385
HENMET,3.331218,1.2199756
ODADUS,1.6008458,2.9637964
HUCFUH,0.13306367,1.7907741
QIPYET,3.8672822,2.7715898
CUCREY,3.2972038,2.7859778
DURWAP,4.193547,3.0078554
DAYTOM,4.5614448,3.2677302
ZASVIB,2.6318853,2.2510285
ZEQMOZ,4.495049,2.7272654
HEJSUK,3.7470078,2.406071
CEHFIH,2.8977406,1.8127701
FELHIN,3.7388444,2.575994
UQAFUO,4.170689,2.6289856
SULVIE,5.198191,3.6336777
MAHVEZ,2.3140564,1.7189937
HIJWAB,3.1606026,1.9634169
IVOGAC,2.146434,2.1000636
WUPGOD,2.9769256,2.0968137
TICXUA,2.2351432,1.2017348
XIWBUC,2.5940614,1.7980437
CASMEO,3.4319,2.532537
DADHIC,3.1274047,1.9472556
LOMZOE,2.7328396,2.2123055
SUSXAG,2.2389529,2.147444
OWOFUD,2.719778,1.8672277
NUGGED,3.629727,3.1291323
XAKFAS,3.331218,2.3069997
MABTUF,4.3720536,2.242034
RIPJEF,3.2928498,2.5312564
PIHLUQ,2.9981506,2.2374997
WIHMOQ,4.0667415,2.3645048
DEHKUY,3.7578924,2.745558
OBITAX,4.0275574,1.8514549
DOZTOC,2.3369138,1.5012325
NANPOH,7.497825,4.261615
INOCUK,0.5730718,2.2782607
ZUGXEE,3.9704134,2.447087
TIBFUH,2.3722887,1.1590327
UHOLEK,4.592466,1.9374881
XOMSOH,4.038986,3.0640154
DULVUC,3.2248213,2.2037473
CICGUR,3.2324405,2.503459
SOPNUH,4.3573594,2.9174836
IZIFAY,4.0950418,2.4299407
QUKLUE,4.569336,2.589458
FEXVUB,2.514604,2.240044
DAHHAX,3.7625184,2.330032
BIHTAQ,2.633518,1.5123081
VEJGAU,3.8885071,2.5122516
QUYPUX,3.3823752,2.0045924
HICVIZ,4.585119,3.2942607
NEBWID,2.5921566,1.1401284
COSMAA,4.21967,2.7460833
DAHSUB,2.2329664,1.6375475
BOTYAM,2.9124346,1.9547418
RIPDEA,2.9679458,2.7655118
SOFGUQ,2.1657543,2.3760977
AFAPUS,3.4944863,2.54402
DAFVAH,2.917605,2.4216175
CASNAL,2.4843996,1.345427
UVUKED,2.8713455,2.2573235
TIQXAS,3.8983033,2.156863
RUSFIU,3.027811,2.5229201
DIYQUX,2.6895735,2.0599916
ALIZIG,2.898829,2.13415
QOKGAZ,5.3435,2.5797153
BOFYOM,4.1257906,2.393224
RIFQEE,3.4204712,1.9712129
SODZAO,3.2841423,2.1217904
JADXOB,3.8936772,1.8355577
DINBIN,3.5040102,1.9459466
WEZPUN,2.121944,1.6208267
KESSUX,5.2177835,5.8539925
COLFIU,3.8525882,2.1226807
ZABDOV,3.9355829,2.8645098
LECYAU,2.9494421,2.1780562
ACUJEP,3.8210227,2.6521845
SEQJAA,2.1807206,1.7975348
CANJAE,0.11483205,-1.2556362
DICMIN,1.3853316,1.2677369
AYAZOQ,2.7712076,1.9136573
AQOKOG,2.8025007,2.381969
DIPLUM,2.837059,2.179718
SAFJUG,2.9837284,2.455338
CIJYUR,3.4765267,2.4331255
KENZAG,2.585898,1.9603336
CEGBOI,3.1812832,2.2188044
DETRIE,2.6876686,1.3283278
WUPGET,2.7023628,2.0571918
NEDRAQ,2.428072,2.0598502
BUZLAL,2.3687513,2.3051581
FUFXIP,1.8819395,1.4716727
VIFVEN,3.2275426,2.0585923
RALLOH,3.4256413,2.9276612
XETGUA,2.1902444,1.927957
VUSZUF,3.3301294,1.4809754
HOTFIH,4.5551863,2.7128632
JAQPIB,3.5475485,2.0347774
GINGAN,2.880053,2.5714524
EQOJUQ,2.8697128,2.0904026
LAJXAW,4.3108277,3.2530928
WIKFAY,3.2297194,2.0534086
BIYQIK,2.5037196,2.7103581
FAJSUG,4.697774,3.0133402
WOYPAD,2.181537,1.9206324
WEZQAU,2.1662984,1.9063959
NUVCEN,3.7796617,2.7738922
JEVVUB,2.0237107,1.6742854
EGUGET,4.452599,2.7627509
LAJBIJ,5.1282578,3.3819182
HOSCUP,3.532582,2.0322073
SULVEA,5.030569,3.5245445
HUWYON,4.5491996,3.081928
MUWDEN,2.2931035,1.7714528
ZABDIP,4.108103,2.8707163
TOKKUA,1.5586683,1.9844364
GEDKOR,0.8906287,1.5298058
HENMUJ,3.488772,1.706816
UGOPUD,3.2947547,2.7695374
NOBYIM,3.5578887,2.0397816
UHOLIO,4.607976,2.189418
ACITEO,3.1167922,2.0232759
DAZKUL,3.4846902,2.412222
HOHHOD,3.3750281,2.7887542
HAQDUB,3.2901287,1.7035514
VATHUW,3.2773395,2.5017755
HISSAE,3.276523,2.707414
MIRSOW,2.850937,2.1464255
XEMHEE,2.7429078,1.9112442
LEHPUL,2.7023628,1.9917037
MEVMAB,4.2215743,2.708575
AJOCIM,1.4114546,1.7800939
VEVFEJ,4.190009,1.9252325
GAKMOV,3.6830611,2.4675014
BOFMOA,3.534759,2.4170206
XORVOR,2.44712,1.8912148
ULUDOV,2.9083529,2.3092818
EFOPUK,3.4163895,2.1528
BUWWUL,2.9744766,1.8721037
PILCOD,2.6561034,1.8901291
TUXLEE,3.737756,2.1995978
LALMER,3.3875456,2.2862065
KAMCIM,3.3976138,2.446125
YIYJAU,4.628113,2.8077476
XINTOD,2.8313448,2.7085314
RALLAT,3.2354338,2.5185814
FOCMIW,2.8193717,2.7004638
TUXHOK,3.6985717,2.4789152
UYUTOY,0.14585303,-2.484342
DEFJED,6.3323617,3.073361
LIQCET,2.9244077,1.9281018
XUDHOT,2.5725644,1.9272377
EKEHUY,3.8256488,2.169098
RODXIS,5.0833592,2.9038951
NIWKUA,2.3548734,2.122865
TURNAW,1.6696906,2.0904365
IDAXAO,3.6928573,2.085054
NOBYUA,2.19868,1.9396375
TUSTOR,2.0103772,1.7049861
YEKWOA,3.864289,2.5979795
NIPMIL,5.86487,3.456449
TIDWEJ,3.7826548,1.9681256
MEGJEO,0.17714612,1.3652645
BUXFIK,4.593554,2.5786924
XEDSAA,2.7799153,2.1359484
JERZIQ,3.123323,2.2010882
ADAWIO,2.263443,1.9465026
VOHDIG,2.5162368,1.9857755
XOBCIC,2.1135085,2.0657659
KOKHEY,2.3766425,2.902469
LIGWOO,5.059685,3.2888725
LAZDOF,2.9064481,1.2369202
FUZGAJ,1.2103624,1.3587161
RUDVIW,2.2449393,1.9356797
TORNIY,4.956826,2.8527007
POWPIA,4.421578,2.6777532
JIYTIW,4.951384,3.0145833
MUSHUF,3.4667306,2.524779
WUBCAX,1.9219402,1.3461263
COFKIU,2.614742,2.0719323
KIJQOL,2.9597826,2.0670822
COBSAP,2.557326,1.8829477
RODQIL,2.6109326,2.0263681
SOFHAX,2.7306626,2.947001
IBEWIW,2.7420914,1.8928685
RUKFUY,5.1421356,3.0653372
VETHIM,2.903727,1.7515451
WUZLAF,3.7094562,2.8829348
DOTLAB,2.7374654,2.2430496
ABUSAU,3.5611541,2.234672
REFNUM,3.4471383,2.2818694
IFUMUS,2.7399144,2.4795418
WAPLAB,4.095586,2.9316936
WIHTOZ,4.4319186,2.8540306
WITKUI,2.8909376,1.900578
IFUJUP,2.3891597,1.9621718
BUTYEV,3.5712223,2.286563
ZINPUJ,2.3573225,1.5270008
FIBJAC,4.5562744,2.7129705
EYEROQ,4.0898714,2.5612323
MAJFIO,1.7020723,1.814767
CEDVIT,6.0071855,2.9784327
WUJRAV,4.1121845,2.8951313
EREJES,4.928798,2.728017
XEKHOM,2.6759677,2.0194733
CURCUP,3.3834639,2.6251621
CECFIA,3.0914855,2.8740063
BUSSAK,3.876262,2.2495508
LAXSAE,5.809359,2.950045
LIKWUY,3.811771,2.6631145
LAJNAL,5.3690786,3.0771239
OHEFUE,4.2525954,2.6578624
TORNOE,4.8602257,2.7255278
VIKMOR,3.0490358,1.8690326
OMUVAU,2.5793674,2.2791517
KOCXUY,2.7059002,1.890888
CIGVOD,2.5290263,1.8345629
HOTSEP,3.510269,2.3734837
VONSOI,4.0874224,2.5035222
YEBBAJ,4.42049,3.1936622
QAJDIQ,3.0025043,2.2412994
XANFUO,3.7766683,2.0566173
UHIMED,2.942367,1.6429926
XIHCUO,2.8071265,2.2627347
UYOGOG,3.6980274,2.6319928
OGAVEA,3.020464,2.5110285
MAKNOE,2.5026312,2.0143797
WASCAX,2.5782788,2.2822914
TEQFEC,2.8278072,1.4057039
QIWWAW,3.8302748,2.198095
KAKNOC,3.2536654,1.605
VERXIA,2.8740666,2.0776176
GIJHEN,4.7304273,3.163082
AJIPEO,4.8830833,2.4473567
LICBOP,3.9829307,2.3752358
KAFFED,2.5731087,2.2906725
OQEDEU,3.6876872,2.3902268
GOKYIO,1.9028922,1.496649
LEHJUF,3.348361,2.176602
GAMVIZ,3.3415582,2.3618662
QIHPIG,2.4237182,1.5550185
EDABUI,2.7439961,2.1957338
MOZFAJ,5.9663687,3.6822968
TIBQUR,3.4044166,2.7307274
UBURUG,0.106668636,1.4694337
RENZUF,2.4405892,2.6177044
GIMWEF,3.0128448,2.3329506
FIKBAE,3.5793858,2.336483
QODKOM,3.5004728,2.3533862
QEBPAR,2.2884777,1.9897681
KAFVAO,5.0458074,2.8254783
UGARIF,3.5021055,2.4039404
XEDRUT,3.2563865,2.307042
MAJFOU,1.3896855,2.4205625
GOMPAA,2.5644011,2.0731435
KAPVIG,5.2213206,2.9308805
KITLOR,3.5450995,2.7094314
SUJZAZ,4.8009048,2.7492936
HIRLOJ,3.4332607,2.4322066
YAVFOS,4.9592752,3.1242235
PIKTEL,2.4250786,2.327417
WESPUF,5.0313854,3.068485
WEHSIM,4.3532777,2.4800162
VONGOV,4.31627,2.2358391
LIFFAJ,2.0533712,1.6645155
DOVDEZ,3.4016955,2.1814885
OFAHOS,2.5627685,1.698534
JITDOG,2.325213,1.824786
QOBGAS,3.0729818,2.3293266
FOKXEK,3.5818348,2.526917
IFAWIV,3.3113537,2.4446905
LIGXAB,4.8550553,2.882137
GUYHUD,2.2498374,1.8166715
QUGFUU,3.9421136,2.7714484
LOPKOR,4.705937,2.732664
MEMVAC,2.2590892,1.4814438
QIMTEO,2.7254925,2.3056798
VOLVIC,3.33149,2.3835006
CEMBEE,2.294192,2.602963
BUVHAC,3.81422,2.793578
TOGSOZ,3.5627868,3.17307
ZUBZUR,2.8435898,2.4358883
BOFQUK,5.554388,2.8706622
NALHOZ,3.3021016,2.1798766
GETZIQ,2.9714835,2.4189818
NERGAU,6.9462504,3.7250156
YACGAL,2.4536507,1.8184001
TUNGEQ,2.5834491,2.3470807
COKZAF,2.4623582,2.323546
UJUHEN,2.9932525,1.9524539
SUTPON,0.27619556,1.0224328
FOVGON,3.539385,2.1540933
XUJLOF,3.1320305,2.2891474
PILHIE,3.9973526,2.143136
ULALEZ,1.9254777,1.540992
IZADOC,2.4912024,1.8972032
YOCJIK,2.9739325,1.8170954
HAYLOK,2.738554,1.7469093
EJUJAU,4.524165,2.6621342
RALCUE,4.6210375,2.9729285
PAHWIE,2.2664363,2.0810184
ABIDOE,4.139668,2.4649973
PORTOH,2.7276692,2.0339615
WOGFEF,3.4683633,2.3396382
UDIJOG,3.2204676,2.3971188
YOHFEI,3.4250972,2.3975878
TETJUY,2.5249445,2.4114268
LOGTEJ,3.274346,1.9121184
UGOFAY,3.2332568,2.072449
ZUGXAA,3.9535422,2.450269
VUYKIK,2.7635884,2.0450034
DOHQOI,2.9589663,2.130341
GIFQAO,4.7328763,2.4099934
DIXBES,4.179125,2.7967117
AKANUW,4.588656,2.7276833
VAGDEP,4.121709,2.1863656
YIHVUH,2.0438473,2.2627697
WAPFOL,3.4332607,1.336174
ZIBCOF,3.6577544,2.7380195
TERTUG,2.805766,1.8515109
VOSYOR,3.713538,2.3378823
MALMIV,0.59348035,1.0736862
MAJFAG,1.371726,2.5975811
XUWRUC,2.5924287,2.2987018
UXUJOO,4.5464783,2.8493602
ZIBHUQ,2.475964,1.7383896
VEGHAR,3.945923,2.4060638
OHEGAL,4.3271546,2.6373298
EHUJEW,3.2011476,2.1466632
RIXCEH,3.8365333,2.5890913
UNIYIA,3.8490505,2.6849437
KITKUW,3.7538106,2.5924742
YOCYUL,3.9252424,3.0672684
CORLUS,2.6433141,2.0347407
WIMXEW,3.2229166,1.7662151
NAQWUZ,2.912979,2.459663
MALMER,3.6792514,2.2106433
GUHPOO,4.1878324,2.882582
UMETOW,3.8944936,2.5154262
BURWUH,4.7783194,3.0074089
WOVPUS,2.6493006,1.7981113
GICBID,1.8081967,1.547914
XAMFAT,2.822637,2.1321907
TABBAA,4.0942254,2.8305206
DISFIU,3.5124457,2.4595475
ZUMFAQ,3.5040102,2.608922
JOWMAJ,3.0337975,1.4872853
ADAVUZ,2.138543,1.8996363
GAYPUR,4.9078455,2.9602077
KAMSAT,3.8629284,2.3636656
TUXHUQ,3.6702719,2.2845635
VEHMEC,2.635695,1.6840192
DOHQIC,2.6038575,2.004168
UHOKOT,3.4523087,1.7269586
XIFHAX,2.9195096,1.6351345
HEFWOG,1.9945946,1.8997953
ADABUC,2.7929766,2.1752317
COPGOD,3.749457,2.4241066
JAYGOG,4.355182,2.3558881
FOWFED,2.6844032,1.6152732
QIMTAK,2.8593724,2.1473675
MEMJAS,3.4027839,2.0836973
DIPLOG,2.8161063,2.1133287
WOCNAD,3.505643,2.8144748
RISXEX,2.0808547,2.0843902
MIKGAQ,3.3897223,1.7511339
POHKAZ,3.7393887,2.7286184
GATYUW,3.3785658,2.4017062
PULHUA,2.241402,2.6800685
WUTMIH,3.7295926,2.3797512
LAJBEF,5.4879923,3.5224676
WAPKUU,3.4664586,2.4775758
KIBTAR,3.1826437,1.7658521
XAKVOU,2.901278,2.173557
ELIGIQ,0.41660634,1.8446013
FOJNOJ,5.2224092,3.1496272
IFAXIW,4.8547835,2.757617
VILBEX,5.096965,2.8174915
HEPBIN,3.835717,2.5592818
PAVZOC,2.9744766,2.5045516
AKEHII,3.0539339,2.9286487
MILXUD,3.2359781,2.173629
AGOPCD,0.4713012,2.4371924
GORFUQ,2.341812,2.2274227
PIZZAA,3.2055013,2.0076337
VOWSUV,3.692041,2.1946948
RATLIJ,3.8876908,2.6688154
ORESIO,2.3306553,2.1524327
HOSXOD,2.8185554,1.9777668
RACWUO,2.8626378,2.1135798
VOPZOR,3.4027839,2.6119018
HOKFUI,3.74728,2.222722
NEYRER,0.22503817,2.4747632
MIGLIY,3.0601926,2.0187979
JIVRUB,2.392425,1.8329157
QEBRIA,0.29605988,1.9462763
QITSAO,2.7976027,2.7392707
BEGPAE,4.741312,3.0746064
RAGBEG,2.998967,1.9938549
AFEDAS,2.3526964,1.774988
NEMJEU,3.8700035,3.1427822
VIDDOC,2.8999174,2.230898
HIQTEH,4.608248,2.6466434
TERQIR,3.7064629,2.9508078
BUNNEF,4.791925,3.2511475
XIYNEZ,3.9693248,2.484872
YASGEF,3.486867,2.5929432
ZESVEA,2.6653552,1.7639711
VABSUP,0.8952546,1.9827561
LEWBIA,3.9042897,2.611832
DAYQAY,3.1872697,2.737707
MAHVOJ,2.4297047,1.7582848
HIQPUT,4.407156,2.7856793
AZIPEF,3.3200612,2.1570709
WOVWAH,2.6261709,2.0493565
ROKRUF,2.17038,1.6301423
GANVAU,4.638725,2.5503783
WILMUB,2.1992242,1.2328191
NOLBOH,3.5529907,2.5210106
VUYCEY,3.8392544,2.5293405
NOBZUB,2.3829012,1.8228655
CATKUD,4.911927,2.7838726
DAJZIA,1.9633015,1.6106454
BEPJUE,2.165482,1.8025532
PADWIB,4.9141045,2.888916
EWONIN,2.9763815,1.6183308
EREVUT,2.4841275,1.7734149
HEBDOI,2.7252204,2.0639052
NAKVIG,3.025362,2.2235754
DAYTOP,5.2229533,2.6375682
LALSOI,2.7518876,2.3141196
HAQFAJ,3.529589,1.6423956
XEMZEX,2.4599092,1.9135323
IBASUC,3.1486294,2.4095938
ULAQUU,3.242509,2.4149258
ORUJOC,4.7385907,2.9801526
KAVFOF,2.363581,2.0026546
JARNOG,3.596529,2.2202811
KOLYEQ,2.4539227,2.145557
NEWZOH,2.5801837,2.10222
CAXVEF,3.933678,2.578221
DEFJAZ,6.321477,3.167055
DUFRAY,2.1333728,1.9289322
EYAQOL,3.8468738,2.3860567
DUHCIT,2.0718749,1.6718855
ECUBEM,3.8972147,2.341437
HOCLIU,3.1361122,2.1422658
XEDDER,2.8253582,1.9925048
JIVSOW,2.390248,1.8290876
ALAKUT,4.0142236,2.5162604
QEZGEI,2.27079,1.5119125
WAZZEF,3.876534,2.4908326
LOFKAT,4.3557267,2.6207232
FIPFEQ,3.3361158,2.2745156
DUCPOH,3.0272667,1.8814949
COBXEY,4.8267555,2.9621613
AYADIN,2.800868,2.4690833
RAHLEU,5.158735,2.8475614
XIRDAE,4.601445,2.8097305
AGEZOB,4.529335,2.7866213
TEJCIX,3.2754345,2.143425
TAFTIG,3.9747672,2.0512733
UJIBAQ,4.8509736,3.2948694
TIBHEU,3.7464638,2.3225002
AJILUB,2.0754125,1.6785569
XOQZIN,4.681991,2.7610993
YEMFUS,3.751634,2.7561963
SEBXUU,4.8931513,2.9127626
AFAVUB,2.6637225,1.6239719
ROJXIZ,1.3690048,1.9525099
NUPQOG,2.2237146,1.7972901
YIHNEK,3.171215,2.172037
NIDTAV,3.1143432,2.278668
BORBOB,2.9788303,2.450733
RIHMOM,4.345114,2.821193
HUTVUN,3.976672,2.2749836
IJOCOB,4.468926,2.9517407
XINXUP,2.294464,1.9496127
GACWAL,2.7761056,1.7473207
GEBKUT,2.5015428,2.200332
ISEPOM,3.118425,1.9106545
KEQKAT,3.448771,1.9962306
WESXUN,4.3913736,2.1746774
CERPIZ,2.0925555,2.5465848
HOPFOH,5.2055383,4.0226088
YABQUP,3.2582915,2.2541559
KASWOQ,0.39728624,2.093689
PERBIZ,2.7189617,2.5612702
SONPOA,4.664576,3.5676126
KAYZAM,2.1018074,1.2638837
CEKWEX,2.998967,2.7868686
ETAMIW,0.12816563,1.8674529
MIJNIF,1.9224844,1.8378856
XAQNEI,2.1151412,1.7876079
TILCAT,4.1491923,2.506872
YACGOZ,2.9195096,2.3590653
XIRZOO,4.416136,3.1745763
IHEWIC,4.9146485,2.567826
ZAHYIT,3.396253,3.19385
LUSPUL,4.013952,2.5154467
PAZVUI,2.268069,1.9184878
BOKWUU,2.6182797,2.2204595
UNAMED,3.185909,2.4784377
XIRLOA,3.0476754,2.0978508
QEFXEE,3.824016,2.9844356
XEKJAA,2.3404512,1.4393442
SIVBIK,2.626443,2.3783545
SISKUD,3.2321684,2.3765407
RAZWAR,3.2806048,2.5378902
ZITBAH,4.422939,2.2757883
ZAYPEW,3.3967974,2.5775337
MUSQAS,4.8196807,3.2395694
MIYHUY,5.41044,2.8881
QOVGIR,3.5472763,2.123699
LISDIB,3.634897,2.7370331
MAHPAN,3.539657,2.3845572
GORJOO,2.6234498,1.8626195
HOXZID,3.0392396,2.507063
ZACHUG,4.646344,2.8578222
MIMMAY,2.3690233,1.9019613
FAVSIH,4.456681,3.1523557
OWOJAM,3.2003312,2.5468183
OGAVIE,3.0936625,2.4770954
LUXVAD,2.9578776,1.828699
BEPZAY,4.604983,2.8379474
LEZFOL,2.2544634,2.042894
VEZVAA,4.541036,2.4937146
PIVFUY,2.3309274,1.7218118
NAGSOE,0.95267063,1.3300648
SAXSOB,3.3260477,1.757772
KEZCEY,3.960073,3.417772
JAVCIT,3.004137,2.595937
GEVJID,4.122797,2.7154808
XEHYIV,4.4672933,3.0344274
MEPCEQ,2.597871,2.1449761
KABLIL,1.3496847,2.160664
YEDYUC,5.0656714,2.737769
QUJPIV,2.9439998,2.8101134
HILKAQ,2.9924362,2.183307
AYONIN,3.391627,1.8362052
NEQVUD,3.347817,2.4250364
TAMQIH,5.20064,3.1600423
WAPFUR,3.434621,2.8305316
LASRED,2.485488,2.0770628
MEKFIS,2.6759677,2.0155008
WIPROF,2.5654895,2.0816352
COSMEE,4.6087923,2.7762067
HAQFIR,3.5301332,1.7230808
QITQIV,3.2822373,2.7879882
FUMZEU,3.3295853,1.7766062
ISOWUK,2.7815478,2.005892
JEJMIU,3.7124493,2.706028
PIHLIE,3.0452263,2.2110386
WOHPUE,3.618026,2.7593505
OBISAT,3.6436045,2.0222144
UGAMUL,3.250672,2.1979406
UQUWEJ,2.5080736,2.2442398
VAZSUM,4.0803475,2.6194
MUDZEQ,4.0754495,2.853913
XEDDIV,2.9197817,2.579101
JIRLOM,2.7948816,1.3117152
QEKHUJ,2.7641325,2.0876963
XUDHUZ,2.540455,2.3522701
BANQIS,3.2895844,2.1797798
RUXHAT,2.1124198,1.9770825
AZIYAK,2.9265845,1.9741423
GARPUL,4.0670137,2.5895505
MOXDEK,2.4071193,1.9719014
FOBYOL,4.1717777,2.9455376
ETOXOB,2.7750173,2.2325184
HIWJED,4.8686614,2.7107053
TOKKOU,2.1638494,2.1001682
JEVWAI,2.1189506,1.7301275
UGOWES,1.5828863,2.0582588
LOGTAC,4.3943667,3.0518458
NOJCEX,2.757874,1.6646755
WUQHAT,4.66512,2.7844124
RUPGAK,4.5339613,2.5490415
KEHTAU,0.16381255,1.1793461
BOMHUI,3.7949,2.7306988
FAXKEX,2.2533748,1.8862389
EHIBOM,3.372307,2.6535366
BOYQAH,3.472717,2.344974
GEKWOJ,4.7815847,2.8247638
TIGWIR,3.28387,2.6494062
AJIDOM,2.1575909,1.5044233
BAPZOI,4.153274,2.468759
DIPXAB,2.241402,1.8265182
XUFPOF,0.3395981,1.4413832
MEXLIM,3.0147495,2.342348
DAXWEF,4.6447115,3.326316
SOVHAN,5.40146,2.8710954
BERLAO,2.3126957,2.0986843
MAJZUU,2.3937857,1.9438977
BUCZOP,3.1981542,2.0759876
RUZMAA,3.3437352,2.427662
HITJUS,3.7366676,2.3660436
GATZOR,4.7277064,2.512889
BATPIY,2.8688965,1.7269715
EBIYOE,3.898031,2.7928703
ISACEL,4.6713786,3.172948
PESSAI,3.6008828,2.4760177
WESPEP,5.3513913,3.3011386
DOHQUO,2.4789572,1.9711359
ODOSIM,1.9956831,2.0566142
AKIKIQ,3.9720461,2.6788566
UVAJUX,4.2248397,2.8753738
DAJCEX,0.3121146,0.92801094
BUSROX,3.4825132,2.5767448
BIPCOT,3.8052402,2.6422505
YEBSIK,4.9285264,2.9386132
XAKFEW,3.2318964,2.662139
COXWIW,3.0893087,1.4147931
PODVOW,2.6966484,2.0407832
IDAPAG,2.7159684,2.0379727
YACGIT,3.31217,2.4094632
YOMGEO,3.2152975,3.0429497
OMODAX,2.915428,2.130887
JEVCUJ,0.7406939,1.0619612
POBRIH,4.0398026,3.04405
HAVFEQ,2.509434,2.3888931
OJITEG,2.1276584,1.6903883
WOMVUS,3.5339427,2.5537212
EFUGES,4.141573,3.0604334
RIPJIJ,3.2754345,2.4877834
RAJKUJ,3.6329923,2.7717185
BIPBUZ,3.0582876,1.717233
SAWTOC,2.2560961,1.6547732
LAYMAA,2.4177318,2.4453518
NEDQUJ,2.8952916,2.1032782
HAJJIO,3.5851002,2.819828
GAHRIT,2.0664327,1.9206729
WORNOI,3.8822484,2.164613
HABNAC,3.8457851,3.0175333
JOWXEA,3.560882,2.6516743
VUYTEP,4.7731495,2.428181
NALNAR,3.1012816,2.6359715
CEMBAA,2.026704,2.39673
COBWOH,4.5225325,2.7193947
MAQZIN,3.2201955,2.272352
OMEFOD,2.181537,2.1043806
QISLAI,4.634643,2.7750986
QIPDEA,4.352733,2.9058876
TUGNEQ,4.581309,2.8835065
DAGHEY,5.193021,3.206306
FUDZAH,3.8482342,2.480908
CAYJAN,2.1205833,1.7724371
FOJWIK,2.6819541,2.0280342
NOWHEM,0.31483573,2.6643434
XIBQUV,4.894512,2.5746012
OHEFOY,4.3796725,2.7988715
NAVREH,3.9513655,2.82595
PAPTOR,3.7529943,2.512985
GALWAS,5.118734,2.553189
WIKQOZ,2.8161063,2.14769
XESHUY,2.3842616,2.3416874
QOKWIW,3.9679644,2.4926584
XIWBOU,3.8229277,3.3299365
HATWIL,3.0571992,1.7256984
HUPDAX,2.7638605,2.8314297
BUBCEI,3.8256488,2.388094
YAQQOY,3.594624,2.434233
SEKMIF,3.565508,2.5209386
IFELIP,4.6515145,2.9023674
SAQCIW,3.2041407,2.3592365
OPECET,2.2016733,2.1809032
HOQBIA,6.1459637,3.3357449
COBXIC,4.5818534,2.8485494
ZIBJAY,2.406847,1.6358517
FEBHEA,2.7464452,1.9791983
YAFNEA,3.962522,2.6037748
WIKQIT,2.6188238,2.2220545
MEBLOX,1.7986727,1.6625038
RAMDAL,2.5031755,1.8879745
JUJSUC,2.858284,2.1512737
RIHXUD,3.9129972,2.4014401
ERUVOE,6.031948,3.2108126
YIHNUA,1.6909156,1.6821581
IKACOO,1.9905128,1.7723767
PEKWOS,3.2901287,2.1736546
GUZXEG,3.07788,2.2276459
BOLXOR,4.2939568,2.5986516
ASEKEQ,4.4991307,2.1844525
YOHHIM,3.9881008,3.2278872
QAYCEB,2.0011253,2.5056577
KOMVUG,2.8599167,2.149773
FULWOA,2.3799078,2.3153267
ZETCAF,3.6378903,2.5107424
HABPIM,3.259652,2.1216457
MIDLAM,2.062079,1.8967886
PIBZOR,3.7094562,2.5535185
WAPGEC,3.577753,1.9267883
KESMEB,4.8009048,3.028209
YUNTIM,3.3584292,2.2866535
NUJSIV,3.8444247,2.9207895
NOLYIY,2.9494421,2.1191351
ERIKUM,3.7886412,2.313248
OBAPUF,5.1271696,2.9180467
WOLKUG,2.191605,1.6477299
IPETAA,4.659678,2.971768
FUYFUA,5.778882,3.094768
EBAYAK,2.1682034,2.0327241
TUTCEQ,2.7061725,2.3208718
FEVDIW,2.8294399,1.9873765
RETPAI,4.4866133,2.754852
NAVNOO,4.190009,2.805042
VEHMOM,2.3526964,1.5222143
XUVWIW,2.8909376,2.3606434
BIKDUU,3.7314973,2.4899387
HAKBUS,2.9529796,1.8996909
AGIZIA,3.6416998,2.4014919
IHEYAW,4.917914,2.6356368
QEBQIZ,2.9815516,2.2079196
HENLOC,3.4210155,1.806547
NULWAS,2.3643973,2.2698164
UKOTET,3.262101,2.690586
TUTCIU,2.6531103,2.3632987
ZUQGAV,3.362239,2.4186807
VAJTAB,4.8692055,3.6783683
IBATAJ,2.1948705,1.7865623
LOQGUV,3.658843,2.3459034
BUYZOL,2.8101199,2.91732
LOHLEB,3.9475558,2.5262463
JEPWAF,3.021008,2.803514
HOXLEL,2.8922982,2.1872663
GABCES,2.8740666,2.028764
IVOFIJ,3.3497217,1.9629662
EZAJOE,3.0144773,2.093503
VAPBAQ,3.310265,1.9738562
CIYQOQ,4.887165,2.8160803
WUVGOK,4.0661974,2.7471447
DEYQUU,2.8313448,1.9348007
FOLTOR,4.9962826,3.2771297
AWOPAD,4.364162,2.9862185
WAPRIR,2.6351507,2.0544343
LEZPUE,2.3437166,2.1180882
MUNRUK,3.226182,2.6297128
OJEREC,2.0370443,1.7487323
HATCAG,3.4800642,1.7577446
TASXAN,5.224042,3.1683037
COBXAU,4.90839,3.1339655
AFAVOV,2.6650832,2.0316026
SISWEY,3.0267224,2.5216548
HAYGOE,2.7878065,1.6655276
HEGKUA,2.6626341,2.5371907
ETOZAP,4.746754,3.1261134
CALCAV,4.115722,3.1603441
BALMIL,3.2993805,2.4604664
ZOLMAO,4.1881046,2.4132593
OWAJIG,2.0158195,1.3658456
LERWAJ,4.3048415,2.8910754
YIDLUT,3.5445552,2.911001
SAQFOI,2.2909267,2.4479077
QOHLOP,3.1181529,2.5433874
ABARUT,2.5850816,2.2404037
BOVGUP,2.805766,1.9301596
ROFQEK,2.4381402,1.7562249
OBACOM,2.2169116,0.72342443
XOTPEB,4.502668,2.069758
FONKOJ,2.9053597,1.5550442
CIWKAX,3.7475522,3.0499554
LIVZEV,3.5456436,2.4642944
OHETAY,4.2297378,2.5659668
TAVQEM,3.1097171,2.2936773
UYEMIV,2.1064334,2.2286203
OXEXEW,3.1268604,1.9910091
QEHKOE,2.6125653,2.2862265
EFEFAZ,3.7078235,2.7497888
ORUJUI,1.7818016,2.096992
SADFEL,4.409333,2.8550918
FABQUW,0.39374876,2.0275733
JAMHUB,2.7306626,2.073317
WAZTOJ,2.6637225,1.9191675
UYEMER,2.19868,2.2799792
UXELAL,3.018015,2.0772357
SIDVEH,1.8155437,1.1789258
RAJVEE,4.4360003,2.7650504
KAMQEU,4.7584553,3.1576083
BEPWUO,0.15020685,3.3817205
ODERAQ,3.8373497,2.5406053
JUQYAV,3.7181637,2.2920856
ADIHEA,3.4207435,2.54981
GARTAW,2.7320232,1.4038708
EDIXUL,4.4493337,2.652932
IPAYAZ,3.8074172,2.633901
PERRUB,5.058869,3.0517824
DOFXOL,2.2446673,1.6180844
OHBZCD,0.14068286,2.4899645
ADEQUX,2.9244077,2.0228317
ZAHYEP,2.844134,2.140782
WAPKEE,3.2604682,2.4471843
NEDQOD,2.8016844,2.4108
XEKHUS,2.6495726,1.9896998
EXACOV,2.0628953,1.2194434
NUGSIT,4.2403502,3.5962844
DAVJEQ,4.920363,3.241468
TARLUV,3.9881008,2.6475053
MUJJEG,2.6873965,1.17627
WEHWEL,4.108375,2.071893
WIZRIJ,3.3235986,1.9445283
LADKIM,5.033562,2.77747
MUTKAO,3.876262,2.696144
TEDSEC,2.3758261,1.7705896
HOXZOJ,2.733928,2.5504856
LERSAC,4.6477046,2.4489899
DUMCIX,4.8166876,3.6070428
MILYEO,2.9962456,2.2745485
WUJYIK,3.3110814,2.7142954
TIGWEN,3.4874113,2.859589
FARXAA,3.1118941,2.1212204
KOXQUL,4.1614375,2.9640021
MIHPAW,3.16931,1.724399
ETOFAV,3.6825168,2.2263606
VAVJOT,3.7861922,2.941609
HIWJIH,4.6659365,2.5594027
WAPROX,2.8071265,2.2591136
IPIPUS,0.628583,3.2951238
TIBHAQ,3.8438804,2.1585612
ICAJIH,1.9831659,1.3598304
COBWUN,4.875464,2.8662632
JERCAL,2.619096,2.448835
ALODIQ,2.936925,1.9658837
PIHMOL,2.9380133,2.0047388
JOWMEN,1.7268345,1.1025143
GEJQAQ,3.7720423,1.7272865
QEGVEF,3.2125762,2.2260704
AXUDEE,2.289566,1.9638513
MEYMEI,4.714645,3.4205015
OQIDEY,4.073272,2.7261364
GUWXEC,2.386983,1.8405416
FOJTOP,2.9116182,1.9708558
PEBTUN,3.8319075,2.7589662
VIBVAF,2.6128373,2.209128
CIDHAA,2.8982847,3.608012
VAVJIN,3.8534045,2.448169
WIKQEP,2.9121625,2.2277417
QUPPUN,3.6955783,3.2326798
GAYPIF,6.221067,3.2095962
XEKJEE,2.5654895,1.5555485
ACAQOK,4.236541,2.965597
OFAHAE,0.4908934,2.204734
QIVQET,2.8196437,1.985265
FASRIC,2.344261,1.8425468
IQUBUR,4.5565467,2.7205124
XIMRER,5.374249,3.0697763
SEYLIR,4.031911,2.4003446
MEJQUN,2.3600435,2.2056258
RIZLIV,3.9538145,2.4600873
IVOFUV,2.5537887,1.787125
DUXQUJ,2.6944714,2.0198283
QEBNUJ,3.391627,2.26433
XUJDOW,5.430304,3.3283195
FEBGUP,2.7499826,1.9799681
RAGDIM,3.8082335,2.5197012
BOPBOY,2.9935246,2.0457313
VEJVUC,2.8237255,2.015632
CIHNEM,3.7535386,2.9567528
POMQEO,2.839236,1.6140902
DUPPEK,4.7573667,2.8442378
IVOGEG,2.7845411,1.9545597
YATXEY,5.3598266,2.9675164
YOCSOA,3.24523,2.0055027
EFOGUE,3.6890476,2.8272064
QAWHII,3.6865985,2.381003
TEBFAI,3.295571,1.979773
YUNSUX,2.9298499,2.295987
CEJLEJ,2.5287542,2.310589
PEFXIK,2.9665854,2.362936
ETNTCD,4.13858,2.2373443
NEPLUQ,2.6971927,1.7899904
UFUGIM,2.6759677,2.072401
DEGPIR,3.4006069,2.1816075
YUFDOS,4.607432,2.8020878
TARLOP,4.3842983,3.0829847
RUTXIN,5.5884023,3.220637
YOGQAM,2.6441305,2.4026701
RALQAY,3.0465868,2.6223183
SAYNEO,2.5393665,2.2655618
DUFRAZ,4.861586,3.0283263
BUYWEZ,2.6103883,2.1144981
QIPXOC,4.1380353,2.663358
ADEBIV,2.7010021,1.8468313
GOLTOR,3.0354302,2.5973072
YOJHEN,2.3916087,1.3321943
XATMEK,4.60335,3.1605983
NOTLOZ,3.5048265,1.9457102
SAMDEQ,2.5480742,1.896004
KUJTEP,0.29932526,2.6770172
XUJDUC,4.753285,2.9782794
IPAGUB,5.204722,2.6001053
LAJCEF,2.724404,2.1008081
VIWKIW,4.2441597,2.815561
KEHBUV,4.2471533,2.8239467
LUSPOF,3.9796653,2.5086591
WIXPIE,2.6697092,2.04596
FAXSEF,3.4977515,2.7476616
QIXSEY,2.4229019,1.8256747
WOCWAP,5.5184693,3.0030825
XEHVAJ,4.163342,2.7305198
AGOXIE,4.9418597,3.1326385
KESTEJ,2.9157,2.1514246
TITGAF,2.0111935,1.4165821
QEXPUF,2.5986874,1.9489863
FIHWAW,1.9145931,1.9485494
GOCWIF,0.1333358,1.678414
CICXIW,2.4403172,1.8288468
KUWTAY,3.7606137,2.4883442
VORNOI,1.9613967,2.0641797
CABQAY,3.432172,2.715114
GATTEB,3.5935357,2.7164621
ACUDOT,2.7513433,2.190786
JOPHOO,3.6925852,2.8533926
CUCTEZ,5.166082,2.863302
TIPDAY,3.6901362,2.365477
TIBGOB,2.9146116,2.0572796
KAFVEU,3.388906,2.4609737
USAQUC,3.391355,1.9489489
UZENET,3.5889096,2.6035244
IJOTAE,3.6169374,2.5539536
WEHSOS,3.4607441,2.1978817
KIWHOO,3.2027802,2.0547206
SICHEU,2.645491,1.791618
QUGYOH,2.8650868,2.0285795
KESLIE,4.937778,3.6588135
VAGMOI,4.162254,2.7245102
QAGSIB,2.5532444,1.4250865
FOLTIL,4.6324663,3.0045264
TENMUW,2.0762289,1.7603761
TIGJID,3.9464674,2.5356667
KAFVAQ,3.0980163,2.5482738
LABGUT,3.1001933,2.1826367
OHETEC,4.0958576,2.8418589
HAJKEL,3.3361158,2.3143349
VIYMUL,2.1910608,2.0878417
FEMFAH,2.430521,2.1288865
HOKSAD,2.8623657,1.8428618
XETHAH,2.0256157,1.9166741
QALHUJ,3.8732686,2.6160784
RIRTIW,2.413922,1.8272078
RINLEI,0.4555186,1.9525751
XEPVIZ,0.20109214,1.9656205
ECEJUT,2.2408576,1.6615864
SUPFAK,5.5840487,3.042696
KIBSUK,3.4313557,2.240219
SAWTUI,2.3211312,1.5373815
RUZSAI,2.3243966,2.0578878
QECVIG,2.9769256,2.0110033
FOJVEH,2.9842727,2.2006552
IFAXES,2.4961004,1.9038947
UXOVOU,0.13034254,1.6626012
YADNIC,3.730409,2.8174505
NEBWEZ,2.630797,1.4138038
LIGXOP,4.3772235,2.4520679
KATKEX,3.9568076,2.0071948
TOFZAR,4.4539595,2.4825907
MUJJIK,2.7619557,1.3229364
DILFOU,2.7488942,2.0608897
OQAJOG,2.1910608,1.6063671
PIGYUA,2.4101124,2.0222545
DUHCOZ,2.679233,2.0443053
JAMHIP,2.56685,1.879016
IYEKUU,2.920326,1.9263904
FUZZIK,3.5932636,2.715047
IJUXOA,3.3777494,2.2541409
DUFNAV,2.4133778,2.320259
FIKBEI,2.9301221,1.7143064
WIRKEN,2.9173326,2.0575747
SAQFIC,2.4433103,2.0374117
INEVIH,0.9970252,1.4148806
PENQEG,2.7083492,2.105054
MAVTEJ,3.6928573,2.3485436
MASYUD,2.676512,2.020691
BALMEH,3.3067276,2.4380546
RALLEX,3.496119,2.6773303
UJECUJ,2.3360975,1.8997068
ULAWIO,2.1113315,1.6705484
