CSD_code,y,pred
XEGZEO,2.0487452,2.069566
VUCBUS,3.9203444,3.8546069
MEWXAQ,2.822637,2.6548798
TOXJAU,2.2024896,2.1632938
KEMHOA,3.0762472,3.282391
VOWFUI,3.7799337,3.6637313
ULUDEK,2.7897112,2.6275558
KUPGEI,2.633246,2.3951976
DOZSIX,2.619096,2.7537072
HIWGOM,3.2871354,3.85751
OREHAV,3.085499,2.9042737
HATLIY,1.6049275,1.6582559
DIWYUG,3.214481,3.4317815
HOVPUG,3.535031,3.0642943
COBFEI,3.9755836,4.7991366
GALZAU,1.1023333,3.3133297
ZIVNEZ,2.4433103,2.8744745
ZAFSII,3.8041518,3.631503
TIGXIS,2.8327053,3.055009
TENYEQ,3.6678228,3.2598572
HERBAI,2.1799042,2.010007
GIFXEB,4.0066047,3.7496982
ADUHOY,3.0708048,3.047279
QATMAB,2.5238562,2.1564212
HITSOT,2.774473,2.694318
DISXEJ,3.5758483,3.2946882
ULIFAW,3.376933,3.8822842
RAHHUG,3.5026495,3.7224183
TACCRC,2.7548807,3.4129612
JUZLIB,4.030278,4.019073
VOLRIY,1.919219,2.2114196
SESWIW,2.7107983,3.0005808
SUMNAQ,3.486867,3.3487449
CMXPFE,4.8455315,4.7297945
FUHZOZ,3.8844254,4.1460333
AFAKAW,3.8920445,3.2513745
ETEDIS,2.143713,2.2798338
AGOZIJ,2.7486222,2.3606095
KIWTIU,2.294464,2.1954374
QEWHIK,0.5581055,1.5512881
ZADSAC,4.048238,3.5132852
JONCAQ,5.018324,4.553443
ODELAN,2.1812646,2.2716322
PUNKEP,2.9834564,3.177159
BIPMAO,2.2000406,2.7928755
RATWAK,2.8522975,2.9857671
XALGOJ,1.7105078,1.4722873
MIZJUA,3.2808769,3.1482112
ZAHYEP,2.844134,3.3780515
TAHVEG,3.8204787,3.4208474
PEXSER,3.3772051,3.0446656
SOQXAZ,3.7821107,3.5600152
COCXEX,3.1812832,3.3374915
RIFKAV,3.3467283,2.8574862
XISNUM,3.310265,3.2569022
QIZQUP,0.66069245,0.029810429
DEPWAW,3.9287798,4.0386834
QATLII,2.5121553,2.7987955
HUHDEW,2.9235914,2.7925467
MIKCIU,3.4664586,3.212853
ZIVKIA,2.2955525,2.6884077
QIXVIE,2.463719,3.0722625
LUXMUP,3.1105335,2.7251592
LAYLAB,3.3856406,3.1017973
PETPTE,1.6315948,1.6736802
IQETED,3.6193864,3.3953452
EROTIO,2.9929805,3.2767315
UJOWIZ,2.4536507,3.212738
GUCJOF,1.9899687,1.8455154
PALJET,3.9230657,3.7847795
LUBJOK,2.9018223,2.6888835
ECOTAR,3.2142088,3.1477728
DEDMIM,3.6906803,3.3716917
QAWXAO,2.3105187,3.057942
NONJEG,2.2977295,1.8271879
RALQAY,3.0465868,3.3130226
HESNOL,3.6735373,3.9786353
XAQYET,2.6014085,2.581674
BEHQUB,3.209855,3.6878357
WIDSAE,2.4346027,2.7952662
HIKFEN,3.5472763,4.007968
EPUYEV,3.0150216,3.0939245
TOSZOQ,2.189156,2.2026978
UZEFOV,2.1537812,2.6707249
OBIBAD,2.2400413,2.7168903
BABSED,2.678961,2.6741867
EQEZIM,2.1747339,2.4735014
TIVNIY,2.3151448,2.4093995
VAWXAU,2.5622241,3.0341444
SONGUY,3.539657,3.756958
ONIQIM,2.6114767,2.2272365
KODGOA,2.282491,1.9554517
PABPUE,3.8006144,4.0056863
CUBTIC,2.7752893,2.2242708
VUCKEL,4.9853983,4.72313
CISNUO,3.4566624,3.0589836
ENOPII,1.5763556,2.6720455
TEWMEP,1.7213923,1.7500424
VAKDIW,2.51406,3.0950313
VITKIW,0.14558092,0.98989713
EMEHEJ,3.9018407,3.9738045
YAQGUT,4.130144,4.0399
OBAQOX,2.5605915,2.8238933
QAPDER,2.8765156,2.5639882
BEYQUV,3.341014,3.3989503
GUDQEB,3.3753004,2.8372397
KUMJEI,2.8207324,2.8607633
LUSPUK,2.5456252,2.788603
ZARQUG,3.0416887,3.19634
NETDEX,3.8221114,4.1425147
BECDAQ,4.08715,4.054348
HOSLIM,2.5660338,2.6230392
VACLUH,3.613672,3.9787197
KAPVIG,5.2213206,5.0067005
NEPLOJ,3.5978894,3.7789378
GEQZAG,3.0735261,3.064709
TATTEP,4.5279746,4.3127027
OXACUN,3.9451067,3.2459767
HEQCAI,5.0749235,5.696295
TOGXAO,3.3551638,3.3637035
GILKIV,3.3499937,3.4431126
REQDEW,3.039512,4.004191
TIXLIX,2.2933757,2.489959
DAFXIT,3.9323175,3.9155612
FEGXIC,3.427002,3.2574394
ZAMBAQ,3.5508137,3.745316
BEJXOE,2.755425,3.2215226
QENJAV,3.415029,3.0533192
MAXGIC,2.5132437,2.4534097
EKOQUT,1.9981321,0.8590963
NITHEE,2.4958284,3.1547272
POCXOW,2.650117,2.5776398
UHINAB,3.7508175,3.2619007
FUQHEG,2.141264,2.1245494
QAKWIJ,2.0277925,2.7241158
TIKRUC,2.5287542,2.4257145
XURKUR,3.1192412,3.7146611
FOSJUS,2.6136537,2.8509035
JIPGEV,2.8675358,2.6022253
COZJEH,4.158444,3.9476194
TOWFUI,0.23728329,2.1506467
WIXJUM,2.6729746,2.9669244
XEZFAJ,3.4376144,2.9760501
HITKIH,3.7407494,3.351058
GECZET,1.1641032,1.5153354
ESODEW,3.288224,3.690781
JASYEI,3.229175,3.0732298
FOPROT,3.2174742,3.456224
XURDET,3.5342147,3.21845
HIMMUO,2.0490174,2.2845156
ETOSIQ,3.0792406,3.0196135
ADIZIW,4.0863338,4.1861906
SENWIS,1.5883286,2.0841477
POMGII,3.1143432,2.8277497
GIFHIN,2.631341,2.6212943
ZASZIF,3.0283551,3.0121632
VONSOI,4.0874224,4.574419
RAMVAC,3.8134036,4.018908
DITPUS,3.1007376,3.40967
JEPGOB,4.055313,3.848384
DAPJOX,2.960871,2.582024
XELQOU,4.831382,4.391809
GUWKUE,2.4403172,2.5613217
BUJBOZ,3.8983033,2.7917318
QIBSIF,2.8460388,2.961918
CIJFIL,2.979919,3.3282118
UDOSOX,2.186707,2.3340604
HIQBIS,2.963864,2.8245556
IMUKOT,1.2275057,2.0088816
ADOKIO,4.587568,4.3608856
MIQCAT,4.6381807,4.62372
ZUJMAU,1.2084577,1.1314129
XAVBII,3.7714982,3.4774995
SUQPAY,3.096928,3.3897595
JOWYEC,3.4261856,3.4180286
WIZQIH,2.7249482,3.1850736
YAXWEA,3.0441377,3.1849375
DAWHOZ,1.5377154,1.6330726
CUQPEK,3.2256377,3.3349383
EWASAX,2.8884885,2.817696
COLWOQ,3.3445516,3.1833766
KAXFOF,3.244958,3.2892256
HAJDEF,4.5682473,4.698001
HOYHOS,2.2887497,2.0775156
ZOLWAA,2.1086104,2.2495313
XESLUC,0.1020427,0.96797645
UVAHUX,2.4052145,2.3895843
BEWPIE,3.5573444,3.8827965
RUVHIZ,1.8427551,2.240715
QIFYAF,3.98157,4.0321913
HOKCEQ,3.802791,4.047726
TIKGUQ,2.7695749,3.247492
LUNJIN,3.5690453,3.6364207
DASPIA,3.6509516,3.4921324
WOMXAZ,3.0128448,3.2168794
TARMAE,2.6648111,3.0545065
WOPFOW,2.5614078,2.7517247
SUGNOA,3.553535,4.666203
HIMDOZ,3.0414166,2.9865475
PAGLUE,2.3390908,2.5256314
BEQPAS,0.34612882,3.0166328
MIMXIP,3.797077,4.3761945
ZUQNAA,2.7586904,2.8075566
VUFPET,2.8501205,3.317002
NAYNEI,2.8041334,3.383491
DAMVUJ,3.1967936,3.434802
BENQOB,3.0835943,3.4417608
TUNHER,2.0022137,2.260068
EZOQAN,2.0879297,1.7312642
LIHZAE,2.0011253,2.8481708
OWUQAZ,3.8150363,3.985752
KIHJEQ,2.1045287,2.0562906
TOLVIZ,3.309993,3.353533
MOYFEM,2.0612626,2.0303037
AGUZIM,4.7807684,4.5092688
TEQYIZ,3.328769,3.481349
ODUMOS,3.859663,3.2761214
MIMPUV,3.720885,3.1979647
ULANIF,3.6678228,3.3701656
CIJKAI,3.1837323,3.2737937
MELHAQ,2.102896,2.1913872
GUPGEF,2.0177243,1.5052274
RATXOB,2.0686095,2.021335
ZEJMUY,2.6079392,2.8017151
HOCKAO,3.0601926,3.7360165
TEFKIZ,2.6106603,2.678966
TAPXOY,4.308651,4.4469066
IGEVIA,3.2593799,3.355881
VUQNOL,2.203306,2.5573227
TAWMEM,4.356271,3.822297
AHEBIZ,2.9290335,3.5099363
SARKOM,3.2201955,3.9244368
XILLEN,2.595422,3.0098062
KAVYUC,2.3766425,2.3605962
VEZFAH,4.329876,4.3015943
USARAI,3.0147495,3.2857275
NEPPOP,3.3856406,3.2595212
KIYSOA,3.6485026,3.8269045
DAJCEX,0.3121146,2.403043
WEPMIP,3.14999,3.410345
CEGVIU,2.8185554,3.3976922
FUGTUY,3.422104,2.8989124
CPFEHQ,3.7725866,4.0142083
USANAG,3.3595178,3.0366268
XUHRAV,3.95708,3.3320394
TASGAV,2.9959736,3.1285093
ROWTUU,2.8444061,2.781804
EKINOC,3.4416962,3.0546155
IBUSUW,3.1317585,2.9892054
NAVGEW,2.3007226,2.965764
BAQPOY,2.6590967,2.581445
QACBOM,3.6479585,3.7910674
IRIXIS,1.2996159,1.5243356
JAWMUS,2.679233,2.6699178
DENPIW,3.4849622,3.5062408
YIGKII,2.917877,3.2613811
NIQWUF,3.3086324,3.3640118
EVUZUR,1.8079245,1.8452551
MOXDUY,2.3243966,3.1659765
THMPNI,0.22449394,2.3227253
CIFBOJ,1.787788,2.4157038
RUGXUN,2.880053,3.0185947
WONQAU,1.7369028,1.5436223
GITQIJ,4.572329,4.1751766
QUBREM,4.0003457,3.70094
GOHCEL,2.0960932,3.5103111
FICJEH,2.941551,3.0979154
MUHFOL,3.063458,2.8951328
JEWCIA,2.7105262,3.2303696
FAHYUJ,4.1579,4.2161064
AQESUL,2.7497106,2.7368245
YICNIK,3.1744804,3.3533487
ROLXIZ,3.018559,2.90575
HIMMIB,3.1328468,2.7957983
YOZDUN,3.721429,3.7356083
IFEHAE,2.8027728,2.9931316
CAZHUK,2.5652175,2.3204803
HEHJIN,2.4229019,3.4978817
COTKEE,1.7241135,2.5041983
DACGEU,2.4422219,2.166759
CAHHEY,2.8337939,2.8655832
VOSLOH,3.52714,3.4488568
GOQYEQ,2.6473958,2.6040354
SONLAJ,3.9995296,3.9415023
JIZKAH,3.7921789,3.3684645
ZOSKOK,1.866429,1.9664732
REWSIZ,3.6607478,3.604209
POTGEK,3.3823752,3.8549447
JOPKAC,3.2555702,3.2755632
UVOKOI,3.577481,3.7141097
EGUMEZ,0.40191218,2.7100806
YIGLOR,3.8604794,3.8792014
NEXCEZ,3.9021127,3.7715745
IKIQUP,3.2947547,3.2802997
LICDIN,2.1633053,2.1893482
IPOMEF,2.3818126,2.7733984
KUMXEX,0.3300741,1.6423116
NAJWUQ,2.497461,2.470192
OGAYUQ,3.427002,3.9127371
OPALOH,3.0977442,3.0303304
CABRAB,4.6545076,4.217041
JEMCAG,3.3823752,2.9844735
YUGHIT,3.4855065,3.1459527
NEVROX,5.5244555,3.5322776
BONSIH,3.594624,3.9129753
JATLAV,1.7526854,1.7088842
WUBBEA,3.794628,3.745256
PEBJIQ,1.6471052,2.2046983
ZEKLEJ,3.5459158,3.2303197
FINVUU,2.944544,3.387093
BAFWEO,3.0079467,2.4847984
UPIPAL,3.3407419,3.5306633
YAJYOB,2.0468404,1.7189577
PEBZUT,3.2033243,3.3815253
OYOPIC,3.2204676,2.8795662
SEDZUA,0.81552523,0.789788
BAZTEC,2.9380133,3.0153825
RIVFEL,2.1641216,3.1540565
MUNMUG,1.2917246,2.2113316
SUMTAW,2.287389,1.9388962
WETHEJ,2.7369213,2.7127304
MAHYAV,3.3132584,3.2871614
DILXOO,3.4612882,3.1496198
CABVOS,2.688485,2.8007834
VITYON,4.164703,4.0729156
TOMJUA,4.0264688,4.0614023
YEDSEG,2.9488978,2.5633504
XEWLOC,4.5940986,4.3897853
QOWGAK,3.7279599,3.104263
WOLBAA,2.38018,2.792977
AYEWOQ,4.0972185,2.9253683
XEZWOS,3.0318925,3.1342638
TURCOZ,4.299399,3.9089942
DAHLUV,4.3845706,3.792856
YIXSON,4.698318,4.860532
RIWYIF,3.328769,3.2979379
KULQAM,3.9132695,2.8598812
HABQAF,3.317068,3.6125824
RIVQUI,1.0519922,0.88674855
ZEVVOL,2.0022137,2.1245909
UFAHUH,3.627822,3.3426147
FIPKOE,3.004409,2.9932418
FOBVIB,2.9431834,3.489233
NEWDOI,3.1099894,2.8014398
PICNUL,4.744033,4.202834
SIWXEC,3.9448347,3.8139324
IYIJIM,3.353259,3.646633
ECOPEU,3.39843,3.256405
WIWPAT,2.8814137,3.009022
IVENIG,3.5840118,3.667615
AJEXOC,2.8302562,2.8893867
ZIYYEO,2.6517496,2.5472026
WEHNAC,3.3965251,3.3340127
BEDMIH,3.6166654,2.4533815
NUTHOA,3.2961152,3.3456652
MUWDOX,3.6251009,3.6435819
RUGCAX,1.3075072,2.3293676
KEFXAV,1.2073692,1.6163431
RISYUQ,2.738554,2.695876
ITECIW,2.5420878,2.7562904
VAQCUL,2.029153,2.5294914
MALMEV,2.673791,2.9558108
KAFFED,2.5731087,2.781986
IWEPIM,2.8313448,2.829151
HIPMAV,3.3222382,3.5804303
MAJMOD,2.2914708,2.1523886
RIXTUP,2.8321612,3.2182183
KEBMOT,3.4199271,3.1538866
YOLQAS,4.051503,3.9347973
KIMDUI,3.620747,4.072688
VONKEQ,2.64794,2.4005446
IMELOC,3.4000628,3.776438
GUXCEK,3.5984337,3.7593617
QOPKOX,3.331762,3.3070676
LAVMOL,2.3967788,2.2041132
ZEYLUM,2.8729782,2.8342254
YUFXIH,3.8038797,3.6779742
WAYJAK,2.8155622,2.5916882
ERASOH,4.817504,4.4860296
OLEVOQ,3.094751,3.2819924
GIQVOU,2.4438546,2.071597
TUTCOA,3.0699885,2.505303
PAYSUD,2.5997758,2.6399162
YIBVIO,2.855563,2.8557918
QAVHEB,3.9127252,3.7281876
AJODEK,3.376933,2.9793742
VERYOG,3.372579,3.2776754
CEHXAP,3.1393776,3.099424
UDIVAG,2.9382856,2.7062678
NEWRAJ,2.961143,3.3569238
WOSKOG,3.9097319,3.332676
GAFCID,3.3535311,3.4268146
DEZQAC,3.4003348,3.2961464
OKAGOZ,2.1856186,2.44817
TIQZEZ,2.9162443,2.6987784
HELGEM,3.037607,3.1323085
MIBZEF,3.2174742,3.4104898
NEMZEN,3.4593835,3.1773105
XOLKOY,1.8560886,1.8390465
XOXTOU,3.907555,3.6874416
CALPAK,1.221247,1.5732954
CIRQIH,2.9352922,2.7609644
JACCIA,3.0049534,2.5250537
SAJTUU,1.2745813,2.4875038
YACLOF,2.5733807,2.6264474
QARBAQ,2.323036,2.5742626
KASJUN,2.459093,2.5082293
TOWSIH,2.354329,2.4521632
YAQQAK,3.1551602,3.210322
MEBSIW,3.412852,3.2987282
DODXON,3.6716323,3.6170394
BARKIR,2.6762397,2.677354
YODZAU,3.0944788,3.0209212
AKANEG,4.729067,4.333148
FUYYUV,3.1268604,3.27116
HAMZIG,3.1695824,3.5651963
SEVBEC,3.472445,3.4302351
KEXHAZ,2.4109287,2.9454925
DAJKUX,4.6855288,4.2301836
UPEGAZ,3.18346,3.2904959
HUBMIC,3.085499,3.191583
BUKYEM,3.3924434,3.9960082
NINQEK,3.180739,2.7817345
GAMFOS,2.177183,2.20995
QIJQAB,3.6901362,3.0038946
HITJAY,2.3388186,2.56965
TAFRAT,1.9997648,3.4298928
TISHIM,3.182916,2.7163153
YANLIK,1.5643826,1.3598586
NIDCOV,2.8571956,3.3098576
TEFPOK,5.030841,5.259776
XUVCUP,3.9592566,3.945446
NAGBUW,3.7489126,3.6612976
XOTVUX,4.121709,4.224962
LUZBEP,2.8182833,2.7177992
ROBHOF,2.1782715,2.6479836
NEFSIC,3.7845595,3.4264133
ODUWUI,2.203306,2.6169991
CIGTEV,3.6825168,2.7720685
EFEWUI,3.9859238,3.9772017
TOMLEN,3.0125725,2.815
QEQNAF,2.401677,1.7702969
WONKOZ,3.8542206,3.3519554
JEFWUP,3.5649638,3.4169142
OGEQOK,2.8691685,2.698675
VONTEA,2.2648036,1.7828869
YONWIJ,2.3461657,2.1878083
CAKGAZ,0.48354635,3.4348173
EFELOR,2.80114,3.0649095
TOZDUK,2.9127069,2.6820076
ILEPOE,2.8566513,3.1255536
CUVDIJ,2.9497142,3.2198627
EGASEO,2.6593688,3.0986686
YAPHEF,3.0884924,3.010087
WIQSUO,2.1009912,2.4110072
HUJKIH,2.308886,2.452323
RECKET,1.9194912,2.0401754
FEVQEG,3.9774883,4.3565283
HUHDUJ,3.0267224,3.1736548
HELREV,4.1810293,4.2226286
SODYOA,2.9235914,2.9514482
YEGGOJ,2.1303794,3.0408392
IKULAC,3.2155695,3.4376447
VOLGUB,4.0645647,4.03664
DUPKUW,2.3154168,2.5147355
GIZFUS,3.5113573,3.3434994
PADFIJ,2.6724303,3.125361
LIRWIV,3.7766683,3.3557765
YAPVUH,3.5312216,3.2000697
CASZOM,0.31510785,1.9257042
BIJMEN,3.025906,3.0754597
NEXTAO,2.9048154,2.7527905
ONIGID,2.0971816,1.8232377
XONRIC,3.3973415,3.3767278
UHIFUP,2.385078,2.9809048
OFIJUK,0.1883028,2.4011173
XATSIW,3.0988326,3.1193027
HAGXUI,2.7717519,2.7601411
JUBYEM,1.6541802,1.6505784
ROFGEC,2.8737946,3.2405741
GEFLOS,1.8356801,2.614785
MECFAD,2.346438,2.0624738
HUWTAW,2.633246,2.7093089
YUPZOY,3.469996,3.570478
LAGJIP,3.26455,3.0956833
OKAGUF,2.1766388,2.4957469
QORVAV,2.344261,1.9128942
YAVJOV,3.8803437,3.9563203
WUPYOW,2.5159647,2.6537027
CIWRUX,2.62862,2.9995685
HECDAX,2.6008644,2.7244358
HEDVIV,4.2847047,3.8895764
WUPJUP,2.0375886,2.7766824
YOWPIJ,2.7687585,2.8809867
YAQTIX,4.2569494,4.3923497
CEPHUA,2.057725,2.2269447
CILFEI,3.314891,3.451154
EWEYAG,3.711633,3.4241414
HOFKOE,1.9673833,2.2408288
ICERIR,3.386185,3.5908015
ASAVOH,2.7154243,2.317262
ZAQQIU,3.5938077,3.1890182
YAVFEG,3.8457851,3.5736125
OBOQAZ,3.4980237,2.7956955
SADNIX,2.3105187,2.94939
GABGOG,3.212032,3.0831866
HERREB,2.6063066,2.0895627
COWZUK,2.6634505,3.1539407
CAHQAF,2.5627685,3.073606
ISOJIL,3.883609,3.8952816
LEHZAC,2.119767,2.4970973
WEGXAK,2.3954184,2.885025
DACKEB,3.455574,3.7126172
FECTUF,1.8996269,2.0381062
MOKDEX,3.1037307,2.1841054
KOZPUK,3.723606,3.5514731
ALAVIV,1.5567634,1.5504797
FEQLEW,1.8520069,2.0203252
FAQBAD,2.3048043,2.7256603
NESRUA,3.228903,3.672701
UQEPEO,4.695325,4.5806723
KEFMEN,4.9837656,4.3116274
VEGCUG,3.9083714,3.4835072
BEJFUT,2.8460388,2.6675453
DANRER,4.1432056,4.2850027
JAZNIL,2.6588244,2.34311
XOVZOX,2.3589551,2.286718
KEBXIA,1.4743129,2.2433968
TIWVON,0.6024601,1.0103779
FELVOL,1.9665669,2.550313
NOBYOV,3.2855027,3.1142209
LEJJOC,3.405505,3.9014359
BATDOS,3.142915,2.8251698
TETGAA,1.1744435,1.5137428
EQOJUQ,2.8697128,3.0621634
ELUFUP,2.8288958,2.996634
BONJEU,3.3235986,3.3266282
TIYVIG,3.7791173,3.7017953
DIQVOS,2.167931,2.011965
CADMIH,3.6961226,3.4462192
OKUTAQ,1.940716,2.1712666
XEYHAO,2.6531103,2.5133023
XEBWEK,2.451746,2.5007372
IXEGOI,4.525798,4.520322
BASTAT,2.6762397,2.2034636
YOGVIA,1.6196218,1.8081697
WAJMUP,4.5255256,4.3936567
GOXKOV,2.6131094,2.629811
BEQSIZ,2.6046739,2.7255847
SAYGEG,2.1665707,2.248239
KIHQOH,2.4857602,2.599668
HOSWIX,1.7733661,1.8638799
WEHMAB,3.6931293,3.6773891
LUNHUX,3.5649638,3.7196493
FAXJIX,4.2125945,4.261689
RURKOE,3.3965251,3.3962815
QEGMOH,2.7078052,3.1748102
UZEGAJ,3.4253693,3.9409618
PUBTUB,2.946721,3.0434775
DIXWUF,2.5698433,2.4159658
EBAMEA,3.1061797,3.3642507
BULKAV,3.5633311,4.2529984
CIGTOF,2.6963763,2.8591385
TAMZUC,3.3007412,3.5465693
MIFSEC,2.710254,3.1403291
RIVWEY,3.190535,3.3472319
IHOMAW,4.141845,4.290349
XOTCIT,4.1837506,4.1737075
HUFNIF,1.9649342,2.1735594
OWOHUE,3.2414203,3.5137491
EDIMEK,3.6482306,3.6363423
DIHZUR,1.909695,2.580473
GUFFUI,3.7600694,3.9658487
QAXHUT,1.5564913,2.8157363
ICICUT,2.514332,3.118574
INIBIS,1.9301037,2.9545054
MELXUA,2.6582804,2.8256466
ERIZOU,1.1597493,3.6019428
XOQYOS,2.3072534,2.2651367
MUHDIE,1.4726802,2.4439938
CEMQOE,3.1140711,3.6016622
VIDGEV,3.0751588,3.1656582
GACHAT,3.362511,3.6710358
DALFUT,2.1959589,2.2976868
UPAMUW,2.0854807,1.4933223
SIXPUO,3.1129825,3.6256435
HOKSIL,2.243579,2.3355732
VETBUT,2.024255,2.483644
PUMFUZ,1.7020723,2.6940603
YEDMEB,4.1170826,3.3822374
SOTLIX,2.8737946,2.9610708
IWUPUM,2.6256266,3.271936
ZAVJIR,0.53116626,2.192748
PEDVUP,1.7739103,3.019353
NOMCEA,1.8868375,2.0741034
MEJPAV,2.3018112,2.4193366
HEDXIA,2.5341964,2.6120884
MAXBIY,1.1298168,0.8131499
IDOGOY,3.5761204,3.8580983
KOHHAQ,2.6275315,2.5713136
NEZCIH,5.4602365,5.213503
EDOWUQ,2.112692,2.7350245
SIJWAJ,2.979919,2.9391775
FEJYOM,3.7173474,3.9949517
MILSAB,2.432698,2.8526573
LAMMER,2.0778615,2.832454
AMAWEQ,2.6316133,2.762871
FOVKIN,3.2367945,3.567292
JOFXAH,2.313512,2.4976351
GOVLUY,5.587858,4.678211
MEPCEQ,2.597871,2.74528
VANZIX,3.0699885,2.8375893
BAPPOB,2.9342039,2.8343623
HOYGEK,4.9315195,4.2318068
DECKUU,1.2364854,1.3820523
ROHHAY,2.557598,2.6011941
EPEQEY,3.6689112,3.3164606
EHANEI,2.9110742,3.0686684
YESDAC,1.029951,1.2399427
LEDWEX,2.9146116,4.5237427
BEHFUT,2.8547466,2.942775
DACTEI,3.940753,3.9119933
UTAYIY,3.2920334,3.32978
OHAQIY,3.8313632,3.7194812
MITTUE,3.204957,3.4856882
BUKZOZ,1.5333617,1.6822935
UJOKEJ,3.3401976,3.8078113
WOZRAG,4.031367,4.919729
FEVWEL,3.3782935,3.2580626
NASJAT,1.3905019,1.893903
EVURIW,3.735579,3.702418
BEDGAS,3.5532627,2.5783389
CUXGEK,3.3325784,3.5304523
OVILOX,2.9091692,2.825877
LEHMAO,4.5285187,4.627579
XADVUU,3.6631968,3.519146
NAXVIT,4.78485,4.6991463
LEZBAW,2.880053,2.9561737
QUKHAI,0.17061539,1.044522
RIVVEX,2.409024,3.1414216
DIDPAK,2.6278036,2.3585806
IGUPIJ,3.4016955,3.5655274
PETGAY,1.909695,2.1713643
PEKRAB,2.8852234,3.7813346
UNAMIF,3.4920373,3.5660732
TIWJIT,3.5445552,3.525051
QEWFON,2.803589,3.3161483
LIHLOG,3.1508064,3.6701767
OCOYEL,1.2340363,1.7642008
WURFOH,3.6319036,3.9427056
HIVCUN,3.3867292,3.5433266
AVEMIZ,4.690427,3.8497124
BEFNIM,1.5611172,1.7757802
TIXSOM,2.3698397,2.3969526
LAQLOH,1.3420656,1.351388
IGOSOP,2.9167886,2.4943805
WABSEY,1.3510454,2.0575774
CEZVUB,3.2229166,3.5496674
HOYNIS,1.7962236,2.0691104
HOSFAX,0.877023,1.496507
LIBWIE,2.41365,2.9008274
JETZIU,3.015838,3.678812
KEHDAE,1.692004,2.3809402
MATLIF,2.9510748,3.1964724
HOCLER,2.8457668,2.5723236
ROLMUB,2.203034,2.1983132
IQAXON,3.0944788,2.8886006
KUNQIU,3.4207435,3.1584053
JELRIC,3.672993,3.9085104
QOHZUI,2.961143,2.9754233
IFEHEI,2.9064481,2.9427705
XIXHIW,3.8746293,4.1676607
AJUVUY,3.5763924,3.735207
OHOFIC,2.5053523,2.8973157
EYEDIW,2.1758225,2.2905407
VORSAW,2.7948816,2.7567413
PAPSEE,3.9970806,3.640829
NOWQOF,4.4539595,4.0416975
SAKFOB,3.9546309,3.6294112
YEWDAF,4.092048,4.2476864
QANHAS,2.205483,2.1628094
RAXCUO,4.301304,4.1987877
LOHJOH,3.816669,3.836583
WAWMEM,2.9086251,3.4851844
MATFIX,1.9584035,2.1503358
XELJIJ,3.264278,3.0911105
QENNUT,1.727923,2.3657436
JENQEZ,5.2039056,5.343584
XERBEE,3.4025118,3.3286862
TUKQEX,4.4419866,4.0851398
PIGQIG,2.6626341,2.672413
VEFTEI,3.8757176,4.0539074
BEKRIU,2.934476,2.8242466
CUGPUR,3.2789721,3.2120717
UGACEL,3.1695824,3.5223324
KEVPOS,1.8530954,1.5986619
YASVEX,2.0683374,1.9589968
KAYCET,1.7616651,2.1415877
GUWJUD,3.4348934,3.2187245
QOXXIN,2.7031791,2.9896803
WUFNOD,3.446322,3.005419
ADOQEP,2.4340584,1.7030288
OWELAF,1.0775709,2.4148424
GERWEG,2.5970547,3.4604387
BUPJUT,4.029462,4.429858
HOTPAJ,3.8019748,3.7691932
CUTZIC,4.0161285,4.075445
FIVKAZ,2.966041,2.9317586
QABNEO,2.6231775,2.675872
HOZNOZ,3.7584367,3.226021
QIXHEM,3.4563904,3.7535095
FUDLEW,0.95675236,0.8005576
FODTOH,1.8389455,2.6089363
IBENIO,2.268341,2.2380323
ECOSAL,2.6482122,2.2967968
NOMGII,3.0539339,3.0434098
SAFGAI,3.50782,3.3750567
OZAGUT,2.8699849,2.760809
KIVFUQ,3.749729,3.8181329
HIHQOI,3.895582,4.005729
PIMBOG,3.8297305,3.7079697
FUQXEW,3.209311,3.4103334
TAQLOM,2.7978747,2.4201622
RINSUD,3.1840043,2.6481183
VUTSEK,2.5818164,2.3184943
ZARYIC,1.6841127,1.4798199
LOPYOE,3.7889135,4.1305494
SOKPEO,4.1121845,4.279701
ODOGOF,4.5105596,3.9057202
KIMFEU,3.3614225,3.5528245
XABLOD,2.8468552,2.5359068
APUTOW,2.576102,2.594767
WICGIZ,3.1344795,3.3276775
LUXZIP,4.9290705,4.9538484
DOZTET,2.8830464,2.8365717
PAKXAD,3.395981,3.60922
JARPAT,2.8784204,3.5303524
BIPJAN,3.1437314,3.4443777
BOFPUI,3.2408762,3.1558356
MUYTIJ,2.4101124,2.400073
JEDUIW,3.1935282,3.2631848
PURNIA,3.3304017,3.2825675
FACVOX,2.4452152,1.8168738
PIYZAY,1.3118609,1.5446093
TOKBOL,2.942367,3.4660134
APIYUW,3.229175,3.4866388
TAJSUT,5.377242,4.9903097
JANHAK,3.4694517,3.5791972
BAMRAL,1.8952731,2.8043768
UJEHUM,2.3820848,2.6234114
KATDAK,3.531766,3.4030552
ITOZIB,3.5195208,3.339501
TUPPEZ,3.1012816,3.2933047
VOPLUH,2.7948816,3.0010078
MUBXUC,4.7160053,4.214901
JUPYUQ,3.0844107,3.7854378
JEPXOR,2.4748757,2.205457
ENOJID,2.9431834,3.0547242
PAXVEQ,0.9123978,0.8225484
YAHSOP,2.5567818,2.420446
DIRNOK,4.3004875,4.370537
LAXLOL,0.6269503,1.7401965
ICUDOA,4.76036,4.7635407
OZAKIK,2.5614078,2.8349285
MOPTAM,3.085771,3.4466295
WIHYAQ,3.0844107,2.751414
VAWWAV,1.770917,2.5276787
KOTJEL,2.695832,2.8047037
YAYBEI,2.1516044,2.4056513
SUKBOS,4.050959,4.2045126
VIWPIB,3.4694517,3.4237514
SIPLOT,1.63486,2.1972442
RALNOL,2.3282063,2.5704508
IXELEC,4.0642924,4.2946053
OMOBEA,3.721429,2.920893
BADGOG,2.1233044,2.392836
NIHCAL,3.6343527,3.5254881
WAQHII,1.8656126,2.2985187
QEFWAZ,3.432172,3.4944687
FEXXEM,2.0071118,1.9120005
ECEZIZ,2.958422,2.6283662
LUTCEK,3.4397914,3.6513789
ODEBII,2.416099,2.2972383
BEHJIK,4.192458,3.974528
LAQGOZ,0.9733513,1.5300729
UQUTUW,1.7339095,1.5416214
LIJTEG,2.9605987,3.3969114
RODQUW,2.5208628,2.6992195
JEFJUZ,1.8707829,2.9059234
HISWEL,3.5225139,3.7237935
YOQLUM,2.8898492,3.4043603
LEVMII,3.5614262,3.7451572
SOTZEH,2.858012,2.1738002
DUDSEC,1.491184,1.5511965
VEVBOR,3.0531175,3.2033749
FAPPUH,3.2547538,2.2895837
OBOHOD,3.1565208,3.3616407
YULCOY,2.7739286,2.4889154
AJUJUM,3.1957052,2.897532
SUDHUW,3.209583,3.3136857
FUDVIK,3.1777456,3.305232
TAFHAL,3.2498558,3.2370193
MIMSAC,3.5646915,3.6914022
TUDRES,1.7668353,2.012938
QASGOK,2.5518837,3.0101612
WUXQAK,3.5195208,3.5595665
DOQSOS,3.2582915,3.4943426
XUYWUJ,3.5861886,3.5169644
KIVTEQ,2.5377338,3.1101913
QOSGUB,1.8773135,2.0451338
MIRQAG,2.777194,2.7010033
FAKJOR,4.5589957,4.391498
TIRKAG,2.538006,2.7343779
OFAQUJ,3.3467283,3.1013968
XOSPIG,2.0873854,3.194749
TEPDUP,3.4177501,3.0169454
HEFQIU,3.4155731,3.1871216
FURLOT,3.917079,4.5305023
KEKKUH,3.3614225,3.5690918
ZUWSAN,3.4754384,3.2741544
FEKJEK,0.66395783,2.6869912
BAPLEL,1.8405782,1.6241804
MIKLOK,3.2800605,3.2484012
OVILEL,3.570134,3.8274128
BENLEM,2.0019417,1.9824152
YOTJEW,3.085771,3.0567622
QAHDEJ,2.920598,3.1183953
XOCDEC,2.2343268,2.174742
TAYKUD,3.9810257,3.8035061
LUTNUL,2.8865838,2.7069721
RAZKOU,1.4326795,1.6660222
KEZNAI,3.3162518,2.9412918
PAQFOF,2.7037234,2.788212
PIMPEJ,2.1823533,2.3514154
WINJIO,1.6949972,1.542411
LILYOW,2.1575909,1.9087019
XUNGOF,4.0283737,4.533774
ZELGEE,3.8825207,3.6776254
YIGTOX,3.8640168,3.5224528
EKORAX,2.896652,3.146606
RABXAU,1.928471,2.2317183
EBUZAG,1.5717297,1.3811604
NITBUP,2.4008605,3.0110857
XOXYUF,4.397632,3.6368306
EYEXAI,3.7666001,3.808624
HOSHII,2.966041,3.1100316
YUFGAK,2.349159,2.2311475
POLZAU,2.7497106,3.3863404
VUVDUM,3.694762,4.1303983
FUSDUV,2.7924325,2.7897732
UNOGOW,2.9388297,2.9438677
DOQNOO,2.9957016,2.6485388
BACGIX,2.669165,2.7423787
CEXVUW,3.554079,3.4849143
MANDAK,3.1004653,3.3405933
BOJVUR,5.5239115,5.339398
OCESIZ,2.6030412,2.7562082
SEDHUI,4.0433397,3.6560228
RILGAW,3.4319,3.393776
IGEKIP,2.0656164,2.0945687
COGWOO,3.6914966,3.1260326
EDAYAL,3.7717702,4.3163424
YAQHII,3.7369397,3.9306579
LEKJOB,3.085771,3.2624226
KOQXEW,3.9532702,4.7161355
JEBZOJ,1.6092814,1.6756417
CUSCOI,2.9086251,2.6790063
YEJGOL,3.496663,3.5944743
NEGGAI,3.2055013,2.8999145
OGIWUX,5.054787,4.4017086
TONKUC,1.2326758,1.5485528
DAQYAX,3.450948,2.5218124
MEPDER,1.1371639,0.9889262
POXGUF,1.651459,1.7595721
ZOMPOI,1.4922724,3.154305
RUTPEB,2.1499717,2.2813163
YUXHUU,5.1040397,4.724301
VIKQAI,3.2441416,3.0739696
WUJJUI,2.225075,2.7184038
ZIDHUS,3.959529,4.4281325
JEMVEG,4.0444283,3.2093952
QERNOQ,1.4637004,1.5818496
YIGHOL,2.8337939,3.8989086
GUYJEQ,3.4215598,3.5281763
LAZTEM,2.8196437,3.646233
XIHXUL,3.2490394,2.6244366
TEXJAK,2.3399072,2.4784055
UDOCUM,4.107831,3.9531255
TIQRAM,1.6596224,2.4779422
HAZJEY,2.7488942,3.6793704
NOVCUZ,3.2090387,3.3290422
LEXWOC,2.7665815,3.3147206
POSQOF,3.4977515,3.4417822
RADSEU,4.4740963,4.375393
QIVVEX,2.454739,2.9469626
WEPFOM,2.9116182,3.19614
PEBQUJ,2.9497142,2.7476315
UGOWES,1.5828863,3.040632
BECGID,2.2073877,2.206067
KUPMOA,3.4550297,3.6267836
QAWGUR,3.6027875,3.3377376
WIJVIX,1.2182537,1.2498034
HEDCEZ,3.1581535,3.2873046
BUWSUI,3.3777494,3.4782774
ZIDNOT,2.511883,2.557244
WIZYAJ,2.065072,1.5654602
ZULYAG,3.8109546,3.6237707
PARCET,2.7132473,2.7738032
JOBMAR,3.1489017,3.4171274
FINVOO,3.1872697,2.981123
GADSUZ,5.3211865,5.6993194
BEXVUW,4.050959,3.8767545
POTVID,3.6887755,3.637597
BOKQAT,1.323834,3.614654
QUXKIE,3.3946204,3.0943666
WILDIH,2.649845,2.6321375
IQUCAA,0.5692622,1.2993605
BOTZUI,3.7905462,4.0479603
ECACIY,2.7238598,2.3799062
AVIZOW,2.8789647,2.7214234
LOGTEJ,3.274346,3.0364394
BOQKAU,3.826193,3.8134787
RAXZEV,2.3532407,2.5892663
FAFHID,1.8596262,2.4371014
IZEYAP,6.066234,5.8657856
YOTGEW,2.339635,2.0906878
MAJJOW,3.5840118,3.321052
UFEYOW,1.632411,1.4732567
COYLOS,4.19654,4.0697145
BUQHIF,3.3633273,2.3934731
XIVTUV,2.2901103,2.1790779
JIHLIY,3.7151706,3.4060018
MIMFIX,0.39973527,2.6998823
DOSWEN,3.6196587,3.4642081
YECGAP,4.4365444,4.126306
ICIGUY,2.530387,2.3309436
MOZKET,2.7644048,2.6944153
REFCIS,4.280351,4.1445427
ROWWAD,2.2117414,2.67219
SOXVAD,2.922775,3.9906363
LIFFAJ,2.0533712,1.5126467
GEXXOY,2.6487563,2.1589646
RUFWAQ,3.0079467,3.2867398
LEGFIQ,3.8060565,3.7416606
OFEYEE,3.2218282,3.4497015
IHIKAM,4.5472946,3.9929833
WAHTII,3.6482306,3.6299968
RAYTIU,1.8620752,2.0755382
OKEQAY,2.8708012,3.1302516
HOGZUA,2.3480706,2.4131708
VUWTUD,3.7891855,3.6565468
SASWOB,2.2092924,2.2049
DIPLOG,2.8161063,2.8424675
INACAE,3.207134,3.235383
WUHJER,2.6653552,2.8666458
KARQUQ,1.3807057,1.9137911
NAYVUG,3.168766,3.0226316
ZITGAK,3.1034586,3.1342738
KEKVOO,2.87706,2.4560225
GUYJES,2.934476,2.8207374
CUMBOD,3.2419646,3.2279196
GEBYOB,3.8588467,3.9012544
AKIMEN,3.7383003,2.965836
MIFJAM,3.3230546,3.2123392
ESOGIE,3.5342147,3.829813
SIMHUT,2.772024,3.1316333
OBIQAS,2.5600471,3.2254813
TUTPIJ,3.4719007,3.2556906
ZAJJOJ,4.190009,4.507457
UJAWUA,2.9072645,3.145338
TEHWUY,2.296641,2.2326128
CUHWAD,2.5233119,2.5944684
SOTHOA,4.015312,3.6987832
MUFKAZ,3.0343416,2.7192962
ADUHAJ,2.7712076,2.934177
JUKMAG,4.6087923,4.7056217
SIMQOU,3.3551638,3.4285736
CUHBOX,4.6379085,4.3137655
HITNOQ,2.009833,2.2206755
XEZRID,4.239806,4.1303625
PIVTAQ,3.1137989,2.9242556
CAKYOF,2.7295742,3.0241783
FEDFON,1.2827448,1.3477371
METCAQ,4.2213025,4.0688696
QOCJEB,2.8044055,2.6037235
XIPSEV,2.9524355,2.756696
FAXBIQ,4.2335477,5.031234
EGUFIV,2.6803215,2.939708
BAZKUI,3.8841534,4.083702
AYAMAQ,4.2985826,2.9236963
IKODIX,2.8833184,2.6879084
FOLNAW,4.351917,3.8882842
HAXZUD,1.4046518,1.6047531
SEZHIP,3.8689148,3.4974217
TUHMOA,3.6501353,3.4175904
JATFAM,2.9532518,2.9414155
KIZBIH,2.78182,2.1547525
BUVSAN,2.46644,2.5276294
VERMOX,3.5864606,3.6789606
WEXMIW,2.368207,2.5133982
ALOSAY,1.2479142,1.5273308
UDEPID,2.0936441,2.4399452
MOXWUU,2.4892976,2.5827606
JETFUN,3.1418266,2.9894433
POPWIA,2.0525548,2.0623806
FANYEA,3.5412898,3.4046164
PYTCIR,3.8319075,2.9264252
ZEWCAJ,3.4286346,2.9999034
WOZQUZ,4.137491,4.987879
VOYCOB,2.8245418,3.0255451
ICAMOS,2.743452,2.5125525
KAPPEA,2.9510748,2.3993852
RAYSUI,2.7679422,2.816073
SEPVAK,0.96546,1.882136
BODWIA,4.1404843,4.05818
IWIFIE,2.9431834,2.8731482
SIFYOX,2.709982,2.7518055
YICSEJ,4.605255,3.8793314
POFGIC,3.6621084,4.0795913
SOQPIZ,3.926603,4.2331896
TIXRAU,2.9029107,2.8366792
COGWEE,2.607123,2.7016225
TORBAF,2.925496,2.9974535
KUYFUG,2.8683522,2.8015583
IBOKEQ,1.500708,2.030118
IRARAU,0.8751182,1.5553391
CUBXED,2.6250825,2.841911
ZAQFUS,4.276541,3.066047
ABAWIN,3.7559876,3.5538263
HISDUI,2.2977295,1.710555
GOZGOT,3.1412823,2.809199
KUYDAJ,3.4476826,3.3590424
QEDLIY,4.4493337,4.209116
RAWCAU,2.4726987,2.4432344
JAZBUH,2.733928,3.0398295
IKEXAX,2.7249482,2.4461737
QADFEJ,1.6707791,1.6537088
TATXET,1.3934951,0.9857751
SOFHAX,2.7306626,3.721902
JEBSOY,3.661292,3.826189
SEQVUF,2.5181417,2.4267073
ZOLQUQ,1.5907776,1.5568008
OJIGAR,2.406847,2.384279
QIXJEN,1.8514627,1.8944571
XOCMEJ,2.4073913,2.966259
AKEGEC,3.0109398,3.2553253
OKOKII,2.8259025,2.8864965
VIPKAK,3.9489164,3.9239693
ZEHYAM,2.977742,3.742754
MIKWEK,1.2266893,0.17144108
IWUGUD,4.321168,4.3894963
SADLOB,3.1611466,3.3076725
CIMLOA,3.9402087,3.932733
RUZFUP,3.2272704,3.56957
WAMXOY,1.5401645,1.8652245
GASKOC,3.8577583,3.5738716
VAXNUE,2.7924325,2.901893
UCUJUZ,2.5020869,2.5683272
FUJSAF,3.7151706,3.0252903
DIBCOK,1.4824764,1.9783214
TUFVEV,3.0748866,2.6590395
BOWVOA,3.8855138,4.102097
XUXJUV,3.0561109,3.1848521
CIZHUR,1.374175,1.5178035
WUHDAF,4.1230693,4.166541
NUZVIN,1.0702238,1.6645944
HACTOY,2.7344723,2.6412444
ADOCUR,3.3592455,3.3148944
QICSEB,2.555149,2.7852454
KIHWIJ,2.6993694,3.1932173
FACGUN,2.7486222,2.663893
VUKVOP,2.6261709,2.9008775
NULKUC,3.2210119,2.604298
MIYQUH,2.0234387,2.0226116
HIFTOJ,2.6457632,2.3654704
IHUGOI,2.3728328,3.7030787
IWEMAA,2.8117526,2.6442676
DAXJUI,3.2895844,3.4538789
QOZDIV,3.0846827,3.5792701
OTOYON,3.1657727,2.8531134
OJOXEQ,3.2754345,3.2681978
DULVAK,2.4373238,3.08902
UDUDII,3.1559765,3.1354468
MUXPUT,2.1921492,2.6125364
NATBOZ,3.1352959,3.5333385
HIPCOZ,1.2253287,1.7569535
KIHDEO,2.70971,2.5441732
RALKOG,3.1328468,2.8608363
EWIHOJ,2.2003126,2.5863774
OTEVEP,2.4773245,2.2903159
KUKCIE,1.651459,1.82555
SAYZAT,3.4090424,3.1061776
OKOFOJ,3.101554,3.3090339
BOHBAF,4.2098737,4.1702137
HOSDUP,1.8141831,2.1104507
EKOKIZ,2.6618178,2.7781982
GIZSIU,4.262664,3.3368602
RADYAW,3.9132695,3.3958874
MEMDOX,3.6819727,3.7090676
OMAHOZ,0.44626674,0.6800692
FAGREO,2.6993694,2.4548926
RIZREZ,1.8223466,2.5207143
ONIKON,3.0724375,3.3311727
XUPVEK,3.9415693,3.6996515
XANWUF,1.7257462,1.6442591
QOWYIL,1.197301,1.6135118
FOWJUX,3.2830536,3.170329
VEFZOY,2.5061686,2.8314912
MIQVEP,5.28173,4.8151045
NAHPUI,3.9064667,3.9303045
EKIHUB,3.795172,3.8976932
EZAHIW,4.371509,4.7683034
SONJUC,3.133119,3.5534797
ILUNAE,2.1924214,2.5819006
YIXWEH,3.1565208,3.1126475
CIVPIH,3.229175,3.3357406
ITOLIP,4.7614484,4.3966465
DANWUN,3.3132584,3.316535
MIHHES,2.8550186,2.9471936
AXAGAJ,2.7429078,2.9565413
SUJCAB,4.9859424,4.128091
NOPTES,1.0193385,1.4086319
UZUWAQ,3.0923018,3.05226
FUGMOM,2.8120246,2.360611
FUSNAK,3.8661938,3.44019
TUYVAK,3.7478242,3.8993511
ADEKAX,2.9674017,2.4847312
OMAWUU,2.9488978,2.8459938
LAKWOK,2.451746,3.0379536
YEMFUU,3.0596483,2.9485729
RIWKAK,1.9951389,2.2716663
FIXHAW,1.625064,1.8323903
COHTEZ,2.7116146,2.6130786
XOLPUJ,3.2474067,2.4537153
AGAXUC,2.1262977,2.3417516
LEWWUF,3.2006032,3.3980772
HAXBAN,3.1431873,3.3760202
GUYREA,3.3233266,3.9223278
NAXNOR,1.3605694,1.5962762
GERLOG,3.998441,3.7407827
DAGVOA,2.0756845,2.108281
NOLBAS,1.3151263,1.58054
ASOVIN,3.0865874,3.2138588
MOHWIR,2.760051,2.8886132
LASNUP,3.0923018,3.2924378
NINBUL,2.4223576,2.5715003
MUNTIY,3.6381624,4.1747036
XOVPEF,3.6474142,3.5242724
TUGQIW,3.720885,3.4113092
LILPAA,4.3979044,3.8590598
NAGJIP,4.5067496,3.781023
UVIQIA,1.5967641,1.5165881
QOBFEV,2.406303,2.824285
TOYVOU,1.7037048,1.9647379
JEDWOF,2.3390908,2.393133
UMETOW,3.8944936,3.9407284
SIBREC,2.1499717,2.3140175
DAWWUX,2.4577324,2.4811347
TOZKAX,0.38776225,0.5511358
ENEHIO,2.7467172,2.9890401
SATXOA,3.632448,3.7842638
ZUJHIX,2.7216828,2.6273055
SENYOC,3.1412823,3.2691417
AXEREA,3.4999285,3.1535544
ROWNOI,3.5135343,3.6185865
WEPHAC,1.9877918,1.5315936
SIYCOU,2.392153,2.8630493
CIGNEN,5.6762953,4.165199
PETCEW,5.8395634,4.323128
KAXGUP,2.4577324,3.0979304
IHUZUJ,3.4553018,3.629364
FUFHOF,2.6414092,2.276277
KAKCOQ,2.5173254,2.5163808
UZEYAC,2.7203224,2.5647728
ITAJUI,2.8196437,3.1147668
QEKPAX,2.9508028,2.9595053
FILDIR,1.6340437,1.3817891
PIJQII,2.2196329,2.6120949
KOYJEN,3.7127216,4.0237513
CEWBIR,4.5897446,4.281787
VIGYEQ,3.3992465,3.5023422
IJINUL,3.1342075,3.379329
HURYUR,2.8626378,1.7468724
GENYIJ,2.9233193,2.6281424
HEFJIN,5.2444506,4.873098
RATQAG,3.2468626,3.1344092
EADJEY,4.055857,3.9482608
ELOMEX,0.9714465,1.5428551
ITACIP,2.3853502,2.2594159
ZODDUR,2.8182833,2.8852882
PAXHEB,3.0844107,3.211499
COBVUL,2.527938,2.814544
UWOVEI,3.651224,0.050277233
BEYMUP,4.725529,4.334213
SADMIW,2.715152,2.9110441
WECRAB,3.5499976,3.1014185
ISUQUL,2.0413983,2.0893912
NUZFUL,4.486069,4.0227747
LERLAY,2.8405967,2.9034514
TOKNOY,2.7205944,2.8145673
CINXEE,4.4444356,3.8134038
EBAYAL,3.1861813,3.0047274
NOMVEQ,2.5004542,3.0891266
LOSFAC,3.7086399,3.5664248
SUHQIW,4.1878324,4.4473476
REVBAW,3.9100041,3.9046497
TIVREW,3.3421025,2.861215
INENIZ,2.7712076,3.262135
HUHPUW,3.2977479,3.6886883
LAPXEJ,2.1472504,2.2410717
COFPET,3.2890403,3.2945168
DIHBUS,1.1036938,0.43079782
JOJPIL,3.5268679,3.423476
DEBQOS,2.7687585,2.9771776
TUYNUZ,3.1075404,3.0776844
LIHSOK,1.7336375,1.5413667
YERZED,4.1886487,4.1907988
HEBGON,2.5627685,2.884407
RURWOQ,1.7896929,2.4512131
BUCSAV,2.6781447,2.8843734
TAWJIM,3.9913661,3.9224951
EGUFES,2.1910608,2.2263746
BERVIG,2.60032,2.8776436
PELSEE,2.975293,3.1304848
DIVKEA,5.780787,5.0211596
MIYVUM,2.2305174,2.2353342
ROLHEH,3.730409,3.7703955
GIBLUA,2.863182,2.8517282
XOCZAS,1.5657432,1.6034436
MEDSIB,2.1545975,2.0921361
SOJTUH,3.3704023,3.5007238
MUJRIS,2.433242,2.4435906
XUGGEO,2.1755502,2.2258315
SAVFED,3.532038,3.4412014
VECDEM,3.36496,3.4413788
KIQDAP,3.4114914,3.086317
TAYFUY,3.0027764,2.6962824
FELTAU,3.3007412,3.4977977
DUYZUU,2.7831805,2.542508
ZOTVOT,3.1105335,2.9982715
BAKGIE,1.861803,1.9207237
TUWQUY,2.4403172,2.403707
VAYQIX,2.6343343,2.9576235
ZEQFEG,2.344261,2.2449877
KUKGON,4.811245,4.675441
EHEPIT,2.6841311,2.9260411
SAWMAF,3.959801,4.1132526
POQKEL,2.9684901,2.2567432
WULKIX,2.5339243,2.8718
ZUWMUC,3.3448236,3.8524077
OBIBEK,2.1875234,2.0769246
UWAQIT,4.455592,4.3435054
KULLUZ,2.389976,2.6738608
VALHAV,3.424553,3.0108874
SOWHAO,2.9404624,2.5482898
CEMWUO,3.3192449,2.3303406
BUWKEK,0.82314444,1.000128
BAHWAM,2.253647,2.2576947
QEFKUL,2.5916123,3.1164975
XOVDIX,2.456916,2.1608696
JUZXOT,2.2114694,2.1485398
HOLHUN,2.8299842,2.914886
GELNIW,2.411201,3.036445
XAVLIT,1.7442498,2.2310593
PAXTAN,3.8607514,3.8487434
BEBWUC,2.9510748,2.9169104
SESVUJ,2.538278,2.6120894
ZANMOQ,3.080601,2.2470288
UWEPUJ,2.7459009,2.6760564
NAPXIN,2.4057586,2.280411
BIGQIU,4.0928645,4.0407176
PAKFOX,3.5668685,3.4658973
FIBCAW,3.2035966,2.885314
IPAZEF,4.2025266,3.9291124
ZEYYIL,3.4838738,4.273147
XANJIH,3.00196,2.8923655
RAMWIN,3.224005,3.2610693
JETLUQ,3.5521743,3.6840193
WOLZOP,3.0297158,2.308729
MAPSIH,3.8231997,4.1864724
CAPLOV,3.7627904,4.2521105
KIWSEP,2.1186786,1.4808578
WACGIU,2.4697053,2.6062438
PUXDUH,3.448227,3.313819
DOXQMO,2.7831805,2.798577
USOPEA,1.6797589,1.8138405
REHMOJ,3.9309568,3.857894
UDARAU,3.14999,3.178812
YARMOV,4.4479733,4.3456364
HIQCOC,1.4188017,2.0947397
XETVOL,2.3371859,1.9608225
VOHLOV,1.680031,1.9900718
JUFDAR,2.3894317,2.7538793
LAXMIG,3.075703,2.8835325
PIQTOY,2.4629025,2.3004014
NOPCAY,1.739896,2.2066143
OBAPUF,5.1271696,4.930364
COTWIS,2.604946,3.0368674
UBOTIO,4.559268,4.71405
KILWEJ,2.652294,3.1362162
OHALAK,2.473243,2.7144892
EXEDEQ,3.2147532,2.6708994
UGUDOQ,0.9379765,1.5300632
CEFZIA,4.5372267,4.2952547
PAVMUV,2.4577324,2.2223132
FEHRUG,3.8169413,4.3482084
VOHBAW,4.0825243,3.6973014
DETBIQ,2.2354155,2.7024014
ENCYCO,1.7077866,2.6039214
CEBKIE,2.5254889,2.8349442
QEXFAD,3.2395155,3.8984385
QELZOX,2.3548734,2.3777766
NEZPER,3.2248213,2.7569177
OMAXOP,2.4841275,2.5887825
IVUBAD,2.5646732,2.2377665
XARHAC,1.0413798,1.4765323
MIFHEP,2.14589,2.4092264
AFEKOP,1.7018001,1.9195682
XAGJEX,2.0824873,2.3889132
LERXEO,2.6444025,2.7945197
ITAVAA,3.1899908,3.4425898
PICWAA,2.4128337,2.195253
POQKOY,4.1565394,3.7375183
TILBAU,3.3235986,2.8802018
SIKQAG,3.159514,3.49119
JUZMAV,1.7943188,2.0800893
ADUFIR,2.0150032,1.9374874
JEZVAL,2.1837137,2.9884732
ODOVUA,2.8969243,2.5187557
CEBHUP,2.4588208,2.58482
SEMDUL,1.8182648,2.1050959
MEDGIO,2.6487563,2.6140244
LEKTOL,3.3257756,3.6991262
UGUNAL,3.558705,3.5322843
TUKPEU,1.8841164,2.109609
ZACHUJ,2.2318778,2.0412533
TUTNUT,3.4112194,3.3046312
LIFRAX,4.0705514,3.444633
POFRAG,3.1840043,2.7859552
CIXMII,2.865631,2.9282072
TUXRUZ,3.2362502,3.4897785
BUXFIK,4.593554,3.4721303
KOLCOE,2.1951425,2.7759426
HAVHIW,2.597599,2.9457233
KOXQIZ,5.5165644,5.306975
WURKIE,2.052827,1.7561849
MIRBEW,2.0555482,2.3853757
FAJFOM,3.5018332,3.0912998
ETETOO,3.1303978,3.1835866
VEMRIR,1.6405745,2.5193255
ERUPOX,3.938304,3.7286968
YOGSUJ,1.4800273,1.4724368
FISPAC,2.6109326,2.6356695
OGAZEB,3.9347665,3.362241
SESPAJ,4.303209,3.6663384
LEXHUS,3.0678117,3.3418028
HAGKIK,3.2789721,3.2763565
ZOSBIU,2.048201,2.162994
SACKAL,3.3763888,3.4047039
DAMDAW,3.6912246,3.488952
DUYYIF,1.6571734,2.4346478
EKEJEK,3.3616946,3.6661923
KUVMUM,2.8762436,2.8355365
AROJIA,2.406575,2.8376417
NEMMAX,1.9869754,2.7082245
XELGEA,3.037607,2.9464579
EZEXEM,3.510269,3.533076
AHAWOV,2.5385501,2.80679
PETKAA,4.8809066,4.0574446
DANMAI,2.387527,2.182419
WOXHAV,2.4457593,2.370335
VUGDIM,3.802247,3.648178
DEPBIM,2.5039918,3.3012066
RUKBAA,2.318138,2.3101468
PEZQUI,3.7587087,3.7490683
LIGBAE,3.890684,3.520576
XUXBOK,4.6732836,4.5328045
ILEXII,2.2068434,2.2647872
CESNAP,1.966839,2.5151021
AKOZEI,1.9039807,2.2178802
CIDTOA,2.7238598,2.8376627
PUMDAC,2.7478058,2.8508718
HILJUH,5.7339835,5.0925217
SIFQEE,4.7900205,4.23854
CAVNAP,2.7657652,3.0426114
YEKKEF,4.1067424,3.705916
TIFBUG,3.03026,2.830591
LACKUZ,3.629727,3.9665499
BOFPIW,3.2484953,3.2611115
RAWTIT,4.3693323,4.197976
KELPIB,3.111622,3.1759224
VERJEL,1.4177132,1.3100793
QERXET,1.5134974,2.045749
HOKZOX,2.325485,2.537036
IFODEN,2.6329737,2.5774825
BICXAQ,0.9235544,1.8260952
CPDRUB,3.8234718,4.07473
PEFXIK,2.9665854,2.9115071
QICZIO,2.497733,2.8291693
CERYUU,2.9714835,2.9830885
RODHAT,2.2076597,2.470538
QAVSEM,2.8449504,2.8969133
VEJDEW,2.7135193,2.646697
QARYOB,3.4925814,3.3819985
BIDHAZ,2.471338,2.3469398
XEBZOU,4.980772,4.2966413
SATKOO,4.344842,4.481603
BIMGUB,4.1690564,4.409949
FANTOF,2.1469784,1.9155796
EHOYIK,4.862947,4.5964236
PUBSAJ,4.660766,4.1577682
BOLPOI,3.7268715,4.020985
BUYWUQ,2.2754161,2.7559571
DOVZOG,3.0762472,3.4843173
NONWAO,4.153274,4.336108
DAMWUL,1.493633,2.2458627
WUYREN,2.7654932,2.8781097
WEMJEH,3.4977515,3.9893036
PIYTUN,3.3796542,3.3824391
CERSUO,2.244123,1.8738155
BEVKIZ,2.994341,3.441987
HINDOB,2.2332385,2.4155345
COHJEQ,3.9442904,3.7710614
QOHXES,2.8122969,2.9119334
ZIJJUA,3.386185,3.3354342
TURSIJ,2.6378717,2.6418488
TOBTIN,3.1611466,3.7026808
KILKAR,3.223461,2.806189
WIMFUV,3.262101,3.0741167
FOPWAI,2.9159722,3.3736246
FUGRAC,3.2460463,3.064537
ROLXOG,2.7502549,2.6185408
VUCFUW,2.9088972,2.8764195
HATRAV,2.955973,3.442859
FEBNAF,1.8751366,2.010291
OFODUI,2.0966372,2.1299615
FAQPUK,1.7028886,2.711974
JAYDIA,2.7869902,2.7416382
QOHLOP,3.1181529,3.3733017
BUZRUM,1.5537702,2.4275393
WUTROV,2.996518,2.92371
WIZWOT,2.7826364,3.2073312
FUZKET,3.244958,3.6409426
OFILEU,2.0607183,2.0007832
WENQOV,3.1105335,3.411541
XITRAV,2.8971963,2.834993
JILVAB,4.400081,4.6013756
TUPWEG,0.8756624,1.7519517
SOVZEL,3.5089083,3.3813672
TAKBEQ,3.7197964,3.7658207
AGOKEN,3.5353034,3.2211804
LAGYOJ,3.348089,3.2318723
QUHDIJ,2.9557009,3.6754723
XOHMIR,2.8732502,3.1584291
NIHYIP,1.4060123,2.0380235
OMIKUR,2.07895,2.2072659
BOYKIM,3.1097171,2.734527
MONWIW,2.100719,2.692383
NEMVAD,3.582379,4.0017037
LUZRAA,2.4487526,2.658219
VUVHUQ,3.4501317,2.793497
DIDSEQ,3.5821068,3.894445
AJIXUN,3.8686428,3.8780503
NUNRUK,1.3475078,1.433486
FECTUG,2.674335,2.867889
DUNJAA,1.8008496,1.9627495
FITFUL,3.8196623,3.8600059
QULMUI,4.127695,4.267818
ISUZAY,2.3429003,2.7609801
WIJVEQ,2.2756882,2.2856832
EFOYEG,3.7097282,3.6826382
GUTDUV,2.8835907,2.1023006
TOVZUC,2.2003126,2.4291842
NIJRUW,3.0316205,3.9445362
COFDIN,4.21069,3.8407211
SIDMIB,2.9567893,2.8604095
EJAPUC,3.0237293,3.510921
WOCDUN,2.8615494,2.7327356
GUKLOP,3.3704023,3.4417975
OXEPUE,2.2117414,2.7296472
TESNUD,3.1216903,3.4074087
SUMGEP,3.1965215,3.5004082
NEDQUK,2.7015464,3.0338051
UFONEJ,2.9796467,3.0881615
PAVRAJ,3.4895883,3.4585059
LIJFIT,0.8756624,1.3065175
CITSAD,2.8675358,2.9837122
GOHDAI,2.6275315,2.5692508
NEWYAR,3.632176,4.1207695
POVMUJ,2.4014049,2.2525983
CUQNEI,3.3407419,3.479184
QEYTEW,2.062623,2.5025547
POHCUL,2.6305246,2.6409645
TILJOO,2.78182,3.2898812
MURMOB,2.016908,2.547501
VAGSIH,2.4792295,2.9252262
XANLAD,2.6920223,3.081615
MUFVUG,2.9535239,1.9273162
BUYBED,0.6081745,2.482545
XAWZEA,2.6678042,2.977169
HUDGEU,3.6476862,3.3900373
KEHTEY,1.8892865,2.1374826
DOSDUN,1.6479216,1.4120913
KASTEH,3.1554325,3.3198905
NIDNEV,2.086841,1.9113873
ZIPKAN,1.7796247,1.9655077
MUGMEI,1.7562228,2.3231063
HOWWAS,2.5423598,2.5083745
YIBCIW,3.4057772,3.1529443
VODYAO,0.5183769,0.9087937
SUQSUT,4.1897373,4.3868413
GEKVIE,1.3080513,1.3574097
QAXMEJ,2.6808658,2.5124896
SEHCEO,2.1752782,2.1957169
GULZOD,1.2528123,0.91738415
ALESUG,1.8751366,1.8627646
AYAPEX,3.7002044,3.5453272
KOSJIL,1.734998,1.4832832
IXEDAS,3.0482194,2.9183912
XEZPEA,4.0874224,3.931261
FUTLIR,3.1105335,2.7583954
CUMQIN,1.7407124,2.118844
QAMHET,3.597073,3.6917262
OWONAQ,3.6555777,3.7254448
RELFEW,2.263443,3.1670609
XISGAL,2.8974683,3.137345
DAMWOG,1.8397619,2.143499
MEJZUW,3.0147495,3.2767065
OSIVAQ,2.7461731,2.6403828
ZEPQEQ,2.6920223,3.10413
QAHGUC,2.8433177,3.2008255
DIDXIZ,3.9508212,3.9631166
VIXTEE,2.8958356,2.886606
JAXXEM,2.6754234,2.6320314
LAPTEB,3.616121,3.8294654
ZIHFUT,3.3717628,2.8662212
XURYIV,2.8482158,2.3886313
EFUWIM,3.5826511,4.0760117
EGUDIX,1.9554102,2.025692
NAGGIP,1.4022027,3.464474
IJERUN,2.6457632,1.0747093
BIFHII,2.2525585,2.236937
ANECUS,3.6444209,3.3956227
AVAMOA,3.4406078,2.970792
TOFYOC,2.444671,2.6792076
MIDRUO,2.5916123,2.4360962
EJAROW,1.7401681,2.180337
SUVWEO,3.7265995,3.9973164
BAQDAY,1.195124,1.1885445
OKEBEL,3.9764,3.5295894
VIXSUR,3.6193864,3.5393333
HUFNUR,2.6220891,2.3446088
HUWJAL,3.0433214,2.6457725
QEPXIT,3.7342186,3.6626942
EYEQIK,4.0373535,3.8458562
UREKIN,3.8090498,3.9943926
BABNAV,4.064837,4.172347
MOWNIY,3.185365,3.6515627
TIZLOE,2.3975952,2.3165798
POPTUL,2.2160952,2.384344
YEJXOB,1.4854696,1.9211987
XEXDIO,3.6142163,3.1477447
JEJNUK,4.1546345,4.115674
KAZWUG,2.5992317,3.1507432
LOKSUB,2.019085,1.9316585
POMKIL,2.8093035,3.5799584
GENRIE,5.009888,4.2384806
VEWQUK,1.6808473,1.9884814
ZUTKII,2.3820848,2.1627789
ULEVUF,3.751906,3.4380665
VIXZOS,2.0441194,2.1359694
ZAQJUW,3.0305321,3.314349
NOYFAL,4.1334095,4.030465
MECHOV,2.8683522,2.8731444
SIFHAS,3.271897,3.4432254
QURHUG,2.5660338,2.62862
BEVZAD,2.4729707,2.9432948
RUMZEG,2.466168,2.5033815
YOTCUG,2.4389565,2.6045449
JAJMUG,4.4751844,4.0373015
HOVTEU,2.8898492,2.8584328
EMEBUU,2.8512092,2.9337428
HUCROP,4.0215707,3.4637647
TOMHIP,2.3154168,2.5134275
RUGWUO,3.0490358,2.9887106
QOFFUM,1.4136316,1.4237616
NOCZIO,2.6068509,2.1001034
NEZHIK,1.1869607,2.7980626
OJUBOK,3.8770783,3.4577436
UNOJAJ,3.785648,3.4868166
UNUCOY,1.1145784,1.3481435
BAGHOH,3.575304,3.8978152
REFVUV,2.6087556,2.3686101
DIFHAC,4.653419,5.0043044
NEXCOK,1.5853354,1.4834497
KUPPET,3.4621046,3.3930075
YEWFAI,2.1954145,2.9405386
XELWUG,3.453125,3.1980882
VUPVIM,2.3175938,1.906671
BUXJEK,2.265348,2.3901377
GUVYEB,2.9303942,3.120922
NEPNED,2.8079429,2.7253907
GOGNUO,3.3633273,3.6154437
OLUKEM,4.1159945,4.093264
HUCBEO,3.35081,3.3890529
IVEDOD,4.0517755,4.191579
OSEVAM,3.3676813,3.0028331
POZVAC,2.966041,3.0627048
UBOXER,2.893931,2.8500018
RURHOB,3.028083,2.9291148
DARCAC,2.2155511,2.406137
CIPFOX,3.9423857,4.054858
FEZQOQ,2.934748,2.8984838
RAPKUQ,1.8120062,1.437219
FERFAK,3.5467322,3.2117138
HUSTIA,3.248223,3.1853387
EXEBUF,2.2928314,2.29372
OLUCEF,2.2397692,2.4646773
NEPVEM,5.3024106,5.513532
TUFNAK,2.6661716,2.4901109
RARHAT,2.7755613,2.5536485
UBOMUW,4.5853906,4.1051197
EFEZOG,3.2591078,2.6225674
LIVCAX,2.6250825,2.6888847
SIGDOB,3.979121,3.556211
BIHYOI,4.0661974,4.195498
EWAQIC,4.108919,4.377899
VEXSIA,3.188086,3.2777944
IGEXID,2.843862,2.6735218
ZAWGUD,3.1842763,3.1677706
IFEDEC,2.5603194,3.4209077
UREPOZ,3.027811,2.997932
WUBZUQ,2.0283368,2.1504395
HEFHOR,5.054515,4.2677994
GOSQOW,1.9516007,1.9595332
HOHFUI,1.6299621,2.0080228
QIDTII,3.1320305,3.4274626
WAVTOF,3.8656495,3.7345967
CELKIN,1.8158158,1.806211
WUVREN,2.4237182,2.4293714
UFITAE,2.4580045,2.6325507
UFOGAY,2.1804483,2.0539572
GUHSUX,2.0223503,1.9997898
TONMUE,3.2659106,3.5151405
RIXWAX,2.7614114,3.0117033
XAMLAA,2.3774588,2.1984568
PABZIE,3.5148947,3.2383094
VORYOS,2.9742045,2.869688
AJUYAH,2.9761093,2.9363043
TIPDUR,1.4375775,2.1679003
KEKLAN,4.0906878,4.1076283
DEWKUO,2.8324332,2.7039666
GASBAH,2.306165,2.64721
CUMYOB,3.3192449,3.2530196
NARLAU,3.4416962,3.3683124
UPOQAU,1.5077829,1.5612936
COGXOM,1.7004396,1.5575676
BACGUL,3.2386992,3.5677595
UMISEO,1.9355459,2.3110507
EJOWOQ,3.1897187,3.4027529
YOCYOF,4.268106,4.606969
CAZMAT,3.5758483,3.653941
IPIZOY,4.536682,3.9400835
COPTIL,2.3448052,2.52682
YADBIO,5.503775,4.8805084
FODNOB,4.156811,4.0843124
LAXGAU,3.1967936,2.664962
ZOPTUV,3.5002005,3.5004563
ATUPEM,3.1181529,3.2721822
KIJQAV,2.4321537,2.6195357
PUHDIF,1.9782678,2.124223
ADUZAC,1.8634357,3.1852145
ZOPKOG,3.4278183,4.0696974
UBOHAY,1.9994926,1.8653815
YUNPOM,2.6321573,2.5076013
QIJMII,1.6715955,2.0344262
FIHBAA,3.3690417,3.53811
TORLIV,3.1274047,3.2914722
QIHWUB,3.5208812,3.2947807
CUFTEE,2.8386917,3.0096571
LIGRIE,2.8506649,2.821754
HEGKAI,1.7415287,1.4595037
KOBPEA,3.486595,3.4052682
KINHUN,2.8993733,3.0175633
POBXAH,2.0615346,2.406967
SUQZOW,2.994341,3.1700077
GAKRER,3.6934013,3.4011426
IKIYEI,2.143985,2.1476893
BIYLUR,3.4738057,3.6740909
WARLIK,3.5219698,2.955731
ROCCIV,3.732586,3.3410347
RUZCAT,2.459093,2.4430556
XIBHIB,3.2147532,3.4515812
FEQGOA,3.7195244,3.482798
HARXAB,3.6074135,3.6730242
ZARVIX,1.9856149,2.1551445
YAYYOQ,1.8620752,2.2685392
XUQDUJ,3.0536618,2.9388924
WAPLAD,3.302646,3.1847386
TEYSOG,1.596492,1.5235717
TARQOT,2.5350127,3.1027668
EGIGIO,2.0117378,2.2656946
DAXDOX,2.7450848,2.1906075
DAHSIQ,3.7576203,3.9809813
GUBQUP,1.9303757,2.043928
BEMBED,1.6408466,1.4659168
QIGYEM,2.6329737,2.788506
HISLOM,2.6065786,2.522936
OTIXAT,2.681682,2.9377794
CUCMOE,4.2150435,4.164858
OCISEC,3.2487674,3.3996294
VILMEL,3.9366713,3.4693341
YUDPET,3.8512275,3.6872442
PALBOV,3.4591115,3.389679
FEFZOG,2.1061614,1.8195174
COGWAA,2.5948777,2.6203449
YEDLOJ,2.7695749,2.8598878
CUBYUV,3.1660447,3.0108423
RAHLEU,5.158735,4.811343
ONOWEV,3.2006032,2.8645656
TECWEE,3.1554325,3.0333235
HATCAJ,2.9162443,2.9715803
SOQREX,2.917877,2.9757795
NICDUY,3.152439,3.3041847
ZEYGUH,1.8149995,2.6052496
GACMEE,1.8169043,1.8634796
HOCCUA,1.4623399,1.5672365
LUXTIK,3.2365222,3.3483531
ELISAV,2.8294399,2.8344905
MAQNEY,3.462921,3.1356182
XUQCIW,3.0093071,3.161739
JARQOL,3.5086362,3.187235
QIBXOQ,2.1181343,2.1145077
XEXQOG,4.101572,3.7766476
VAPTAL,2.2090204,2.337018
PADGIM,3.23108,3.2161632
VIZMEW,3.1369286,2.8450732
PIHVOS,3.6912246,3.410544
ZOQQOL,3.7600694,3.892614
EBUJIU,2.3018112,2.3853064
YUJFAL,3.455846,3.696145
CAMJEF,3.4876833,3.4333582
ZUHQOL,2.588075,3.0541973
RISZUO,2.1526928,2.0942628
FEPQOH,2.1717408,2.092585
WEMJUX,2.2563682,2.5888257
WATMAH,3.8425198,3.6262197
MASYIR,2.944816,3.5347755
NOGVAH,2.3505197,2.303462
UDOCIA,4.4866133,4.49883
FUTLUB,3.0378792,3.0898254
INOGOI,2.490386,2.7924707
RAPTAG,2.127386,2.7740476
WEHVEL,1.8207139,1.7336015
FEQCEK,4.0713677,3.8956256
FOXMIP,1.2511796,1.3537042
YATGUZ,4.065109,3.9805775
BEJJAF,3.675442,3.150717
ODALEL,1.9067018,2.073943
TIRKAH,1.8607146,1.9906216
ROMJIP,3.3592455,2.8733115
FAYKEW,3.434077,3.0657334
AJIFEE,4.5260696,3.3624403
TAJZEJ,3.8466015,3.897713
NUDVOA,3.5532627,3.6517715
CUJZIQ,2.654743,3.0568588
GAHJAD,3.6231961,3.2235765
CISFAN,1.6759493,1.3494997
PESXEQ,3.8294585,3.7065039
XUXRUF,3.6985717,3.6416998
ILUWER,3.2808769,3.6094704
EJIDIM,2.7233155,2.9744964
YIGVIT,3.4591115,3.41813
ODUGUP,4.2531395,3.970211
BAHGUP,1.7363585,1.8740656
FEMDUY,2.8865838,2.7197845
LUMWUO,2.382629,2.5521445
ZEMDAZ,4.33042,4.2220554
DOFHIT,2.7450848,3.5821187
PAMZEL,2.944816,2.8691642
DEWPIH,3.034886,3.5633326
FUQTET,1.8310542,2.1756048
HOHZUA,2.5135157,2.1518023
NONNAH,3.6659179,4.0759225
WIVHOA,2.8512092,2.7363188
GULSAH,3.1921678,3.1306279
OLUBAY,4.9766903,4.3528056
QEPCAP,2.8732502,2.6908085
XUSYUH,2.2343268,2.2344112
YEFJEY,3.1380172,3.0348787
WULRIG,2.0011253,1.8713809
IVUDEI,3.5763924,3.7860224
XEYPAS,4.945125,4.2742333
HUBDAK,2.8460388,2.8600209
NAXWIT,2.3834453,2.1312222
TIDQAY,3.3404698,3.3122826
IMEKIV,2.6520216,2.7959828
MESNOQ,3.2065897,3.883612
EXEMIF,1.2446488,1.2211792
UCOLIJ,4.803626,4.777832
AMOXEF,2.3080697,2.5564334
GUWKUG,3.2991085,3.5938473
WUMZOT,3.080601,3.0370362
MEJKUK,3.0909414,2.9798527
KUNNOX,2.9274008,2.7741246
ZOYPAH,3.8514996,3.787304
COWVOB,1.6740445,1.6084441
ARUWAN,2.7295742,2.9054444
HERRIF,3.1850927,3.1241727
FUPKIL,3.118697,3.2301085
FOLFAN,3.6857822,3.9484088
CEQPUN,4.3736863,4.045059
NIHPIE,2.3214033,2.0445743
QATFIE,2.3121514,2.884622
EDEKUV,1.2971668,1.9143057
OXATUD,3.1889024,3.3021336
YODBEZ,4.5195394,4.3947916
JIFDIP,2.0468404,2.7860026
NUVFAN,3.1301258,3.079078
FONFOD,3.1965215,3.118475
ZOYYOD,1.976363,2.1856546
WESRAN,3.721429,3.9156299
YOHBUS,2.461542,2.8541863
XELGEB,1.9962273,2.573471
HOLFEV,3.0324368,3.0166004
JUJLUX,3.6264615,3.2428138
HAMSOD,3.16414,2.9671814
UBABAE,2.9235914,3.1071928
TOBBOE,3.7636068,3.7261407
GAZPOP,1.931192,3.1836965
PADYID,2.597599,3.0998104
MOFCIT,2.5007265,2.7915468
BOBVOH,2.9127069,2.5709856
BEMDOO,0.8326684,1.6402652
WEKPIM,3.1679497,3.099116
HITKAZ,3.1010096,3.1144688
DENMER,2.0955489,2.2503066
YEWMET,4.2403502,4.6505175
ALENIQ,2.0963652,2.2252088
CIGVEV,2.181537,1.8632076
WUPWEJ,2.9127069,2.368803
AYADIN,2.800868,1.6124582
CUJYOX,2.2150068,2.2167265
BEDWUG,3.3850965,3.1344554
NECVID,3.9826584,3.6282077
PUCCOI,3.8661938,3.6094956
LIXHAD,1.7379912,1.7562727
HEZBUL,1.7224808,2.4043756
LICCOP,2.7306626,2.9650772
WIWSOL,2.7380097,2.5413852
MOWVOK,1.9660226,2.8261328
VOXZIU,3.637618,3.619337
TENCUM,1.2228796,1.5284195
YAQRUD,3.3034623,3.3401308
QURGIV,0.33333948,1.1455252
VAYKEL,2.743724,2.914631
LEHPUL,2.7023628,3.0990531
BEJSEO,0.8566144,1.5169183
JIMCAK,4.175043,3.8818955
TAYDUT,2.6427698,2.7435238
FIMBAF,2.9510748,2.1119688
CIKFUY,1.9086066,2.772548
ALEMAG,3.3404698,2.8282597
FIKCAF,1.770917,2.9371746
LABFON,1.0977073,1.6412013
NETPUX,4.6923313,4.093308
TEVCUU,2.2160952,2.646624
ZOWKOL,3.3369322,3.445761
KOTMOY,2.9219587,2.8863873
BUBMAM,0.17769036,3.7384229
AMIPIW,3.7622464,3.716904
BELPEO,2.0038464,2.177977
GERBIO,2.1924214,2.3660362
XELPUZ,1.3257388,1.3938187
KOTFAA,3.2457743,3.167344
TUSSIK,2.1467063,1.9900391
QUVVAF,2.2185442,3.7343616
SOTWEE,2.901006,2.9067945
BAFMIE,4.013407,4.1970444
VERPAJ,3.637618,3.689932
CUVFUX,3.0191033,2.808075
NAYRIQ,2.2117414,2.13171
VURFAP,3.9315012,3.7242765
VUDHOS,2.5600471,2.4570308
NUDGOI,3.1295815,3.2918122
ETODOJ,1.7434335,1.8496586
VUBSIW,3.4144847,3.4411025
DAFNAA,2.8332496,3.3711748
YOSPAA,2.1023517,2.1848056
XEFNAY,2.8114805,2.8375163
UKULAP,1.8019379,1.8625121
NIHSAB,1.3913182,1.5603666
AFIJII,0.6258619,2.1036248
EFASAJ,2.7233155,3.6660166
SOJNEL,3.1627793,3.398662
NENQEC,1.9918735,2.1933002
IGEDEG,2.0925555,1.9420648
JISROS,3.0689,3.1461473
QENPOS,3.2773395,3.1910906
ICEZUO,3.204413,2.6006534
CAXFUE,2.540455,2.5666246
ECOXIG,3.2299914,3.2125819
RUBVES,3.1486294,3.1620717
XONBIL,4.8351912,4.6722136
WAQMEI,3.018015,3.1451924
HINBIS,2.6033132,2.504253
AFAJAS,3.2359781,3.4452593
PEWCIH,2.046024,2.8274276
GIZPAI,2.7257645,3.2296007
ITEXIO,1.3450588,1.944312
KEVLUT,2.566578,2.9220054
FEJFIL,6.359845,5.82995
ROLYEX,2.8460388,2.998552
HEFSUG,2.89638,2.5428944
TONKOW,1.7265625,1.9572322
PULZAA,1.7219365,1.5240355
OJIKAU,3.5233302,3.5937772
DAHXIV,2.8278072,3.6694622
FUPXEW,3.047403,3.2169333
GIYDUO,2.972844,3.2910008
JAWCAO,2.0607183,1.0627439
GASBIN,3.5195208,3.2903016
GIWLUX,3.469996,3.355462
AGUFIT,3.2972038,3.1852891
JEBWUL,2.0484731,1.8748261
HEBBIA,2.0487452,2.7151096
NEBCOP,2.4392288,2.5062022
VOLXAW,3.1513507,3.0368521
LADZUM,2.3861666,2.191389
NAYHIF,3.601427,4.1033144
COFSUO,3.658843,3.5287948
LINMUR,3.2242773,3.2586164
PULLEN,1.962213,2.2326453
BEYHAO,4.21586,4.0071745
TIJKUV,2.7129753,2.86297
EFUXUY,3.424553,3.1930864
DUDREA,2.666988,2.867848
QUWPOO,3.2441416,3.1971316
LEMCUB,4.215316,4.197446
FOPNEG,3.4999285,3.098802
MUJKEK,2.6993694,2.4686928
NEWPUD,3.1527112,3.0188885
VOLRUK,2.9165163,3.1855664
ONACAI,4.32008,4.1622877
SIKTEN,3.5450995,3.589403
QOBGAS,3.0729818,3.4162457
SOQLOZ,2.9684901,2.746035
GIDSIV,2.8218207,2.3944318
ZEFPOP,3.3470006,3.469051
VAHJIX,3.2035966,3.1924014
APECUV,3.792723,3.7944217
LUXPUR,4.150825,3.853294
BUBVAX,2.6414092,2.2575428
LAZGAX,2.5099783,1.1231177
EZIKAC,3.8770783,3.679189
GUGBIT,5.2226815,4.4254293
KICSOG,3.3538034,3.644298
FEJZOJ,2.6389601,2.4626324
HYXMOB,4.275997,4.2025094
JEWPUA,3.7146263,3.5669208
FUNHIF,2.8716176,2.6352005
GOLVAF,1.4849254,1.7824416
PAFCOP,3.5339427,3.643123
BIKLIT,3.2386992,2.8133447
SAHTEB,3.445778,3.3215816
TOWXIP,2.779099,2.8070493
KIFWEB,3.286047,4.448605
UVOKIC,3.352715,3.4482622
MINHAS,3.0093071,3.1055992
GEBVIS,0.27782825,1.2558104
PUDDIE,2.8852234,3.2119603
ACUFOW,2.2367759,2.4989877
JEWRAI,3.8683708,3.6553364
NIMJUR,2.8376033,2.8741295
NISGAY,2.98264,2.2696013
UQEPAK,5.066488,5.238816
GAZQIK,3.7475522,3.3450146
ZISPIA,3.2348895,3.4112473
MEVZAR,1.9600362,2.2304745
EVETUW,2.2174559,1.9233296
NIRXIX,5.233838,5.6110907
IJALIR,2.88223,3.209326
FEVSIJ,2.27977,2.4741933
HEBPAI,3.3731234,2.33789
URUJOI,2.7918882,3.0350258
MOMXOC,3.0509405,2.9516373
CEXLIC,1.7115963,1.7166753
YUCFIL,2.7918882,3.2424884
JINMUP,3.7127216,3.6274025
OSIPUC,2.9222307,2.979166
QATKUT,3.3086324,2.9629674
VIZNOI,0.74477565,0.52344894
FUVHAF,2.107794,2.6228573
TURZOW,3.824016,3.096635
NEXJEG,2.712431,3.0354476
PUFJEI,3.3733954,3.1971562
QAWZOG,1.9994926,2.6076586
QURTED,3.2942104,3.3365827
VOTCUC,2.8906655,3.0838783
VAFMAS,3.8509555,3.487709
HEBYOG,2.4014049,2.9793258
IPIYEM,2.224531,2.3551173
OGUWUJ,3.286047,3.0819635
KEYPIN,4.952472,4.598589
GOMXAH,0.6103514,1.707767
HITSUZ,1.9154094,2.248237
YASGEF,3.486867,3.9334931
XEZWIM,2.6721582,2.8267677
MIKFAO,2.6457632,2.9132779
EMEZUT,3.4335327,3.3526788
ISEGAQ,5.6988807,3.6299162
KEQHAS,3.3377485,3.3963962
OSIDIF,3.0773356,3.023877
PAHBOP,3.2329848,3.6153047
PIBWIJ,2.1619446,2.540574
TEMHAX,2.913251,2.8357356
ANAQUC,1.4084613,1.9566965
MOMCIC,3.532038,3.0098877
CEFGEA,4.043612,4.2481956
QESRUB,3.393804,4.085837
IRAXAC,3.7989817,4.0588117
COHDEM,1.8892865,1.5055583
PEKTEF,2.8539302,2.7096264
WIYCAK,3.0884924,3.1937733
ZANDIB,2.6841311,3.0079942
TAWXIA,0.418239,2.4862561
SOBKAX,2.5682106,2.637218
IQIKAV,2.5709317,2.7230713
ODIRUP,2.1494274,2.2653215
BUJHAS,2.8052218,3.1576836
EDUTAZ,3.7342186,3.4521234
OKUZAY,2.800868,3.0716746
IQEGER,2.5622241,2.5928319
KASREF,1.4158084,1.5705016
NUYFEU,2.5341964,2.6553886
FAWZIN,3.935855,4.570033
QEZREV,3.3793821,3.3420517
ONUMUG,3.6019711,3.3629534
ENEJEP,3.188358,2.7540703
ETIRIJ,1.9771793,1.9861808
DOBLOZ,3.4411519,3.1222012
VANHOJ,2.855835,2.8527942
UNIMIN,3.8615677,3.5111794
AFESEM,3.3853686,3.405126
GENNUK,4.0155845,3.7608802
TEHSEG,3.4588394,4.2797804
NIMNIH,2.659913,2.3945265
XOSVAC,2.5159647,3.1478603
WIZXOW,2.1216717,1.9046794
CONGUH,2.0226223,2.3799813
EJIXIG,2.87706,2.9416165
ZANVIX,2.4694333,2.3200529
SOSHOY,3.8057845,4.4529815
WEYTUQ,2.6664438,2.849154
UBUCED,3.142915,3.3438935
AGECOE,1.4141757,1.4672176
WURGAU,2.657464,2.5679722
LUYLUP,2.8993733,3.6736946
SILHII,1.4422035,1.1916229
HECCEX,4.375591,4.1678886
HAMMEN,2.282491,2.1490989
DUSROA,3.1962495,3.5590162
TECFUE,2.38018,2.6740866
PAGMIV,2.6381438,2.4266958
MUVQUR,3.3611505,3.495431
LAFQAN,3.3750281,3.6281204
CAMTES,2.3780031,2.5987449
PITKUA,3.2735298,3.2430227
VUQPON,3.5021055,3.837094
ZUBCIK,3.231352,3.6216712
WULKEW,2.9937968,2.9295723
XIMPIV,3.792451,3.7269075
COFXEC,2.5837212,2.6351573
QACKOV,2.4316094,2.9056146
DAFFUN,3.4501317,2.7311828
REGJES,3.1230507,3.0442324
FAVLET,3.938304,4.4888124
LASSEG,3.6482306,4.179442
REKFIX,2.8280795,2.6871312
DIJDEH,1.4955378,1.3095534
ZURLOQ,2.6637225,2.7828982
VUFBUT,3.570678,3.8226397
POVMET,3.539657,3.4278307
HUHRUA,3.6808841,3.7190754
QUHVOF,3.7853758,3.8066561
SOMDUW,3.161419,3.1598449
VAPBUL,2.6852195,2.6322377
FOKGER,2.953796,2.8785288
LUSJIV,3.0218244,3.0264459
RESYIB,2.7442684,2.583053
VUWJIH,3.6231961,3.6443553
LIVBIE,2.7214108,2.851698
SUDQAJ,4.4014416,4.1584954
NEVKIK,4.396816,4.1643558
IVANAU,2.765221,3.0052042
VEWHOY,2.4109287,3.0260458
ABAXOS,2.5624962,1.9803022
FIYBEX,3.4542134,3.503728
KEYKUV,3.967148,3.58884
MIDMES,3.510269,3.4288087
ZOMLES,4.117627,4.200759
DESTEA,3.5304053,2.9770994
ZUSVER,2.6155584,2.3914695
CUXKIR,3.6691833,3.028438
XOVFIX,2.222082,2.130793
LIYVEV,2.2996342,2.0694385
DOWJEH,1.0122635,0.9568219
REJFET,2.7782826,2.4609857
OBAHUW,2.5429041,3.0613642
NEVKIJ,1.2949898,2.2775443
LAMNOE,2.1641216,2.7947998
YEWTOK,2.8506649,2.4317627
NAZCUM,2.944816,3.4937892
HIPVEH,3.3587015,3.4846723
BOXYOC,2.3638532,2.5149245
WEBGUF,2.9148836,2.9692185
GAJMEL,3.0482194,3.3583398
KOPGOO,1.7496921,2.0945756
DUJQAA,2.6827705,3.2314558
MIDQEY,3.0506685,3.3127341
ZOBKAF,3.9293242,3.5684032
GAQSEZ,3.5404735,3.5907571
WIHVIU,3.1195133,3.510829
GOMXEL,0.61688215,1.3542054
WOMROI,2.918149,2.9664261
IZUHIX,2.7369213,2.3446097
JUGFOJ,1.1295446,1.556516
BUNMAZ,1.8552723,1.1782765
DAPLUF,0.64490986,0.34623957
QAYJUV,0.74341506,0.77515197
ZIJDUV,5.0792775,5.730871
GIZLOS,2.7328396,3.040513
DIPPAW,3.0106678,3.273316
SIQNEO,2.5238562,2.6395183
MAHZIG,4.528791,3.5768602
ZEHHED,3.0933905,2.9643254
PUXQEG,1.6841127,1.4846035
DOKCEL,3.6319036,3.1396277
DUHGAP,3.0599203,2.962651
TUCVIY,3.572583,3.618556
YILZOM,4.2925963,3.928102
BITHEV,2.435419,2.5481985
KUVTUR,3.2226446,3.821183
ROMVOE,3.893133,3.6746144
OFUFAW,1.7203039,1.6557354
GOFTIG,2.7480779,2.64437
ENENES,1.6715955,1.5766555
KEDGAC,2.536101,2.9019177
NOWCIO,2.7399144,2.680132
ZENHOS,2.6204565,2.4061928
XISCEJ,2.841685,3.1854208
CEWBOV,2.7023628,2.9977455
ESIZOW,2.8694408,2.7072566
PUXYEO,2.0473847,2.568985
CELCON,1.3251945,1.1815423
DIRFIW,3.2612846,3.5519981
GUXFAH,3.9535422,3.6823854
MITMIP,2.7516153,2.9330177
HAFQAI,2.893931,3.0256615
LOTSAO,4.19137,4.3805647
DOHNEX,2.4150105,2.228518
GABFUK,3.807145,3.8641171
GESMEA,3.2523048,2.9190536
REXYOM,2.5616798,2.4286938
LOLLIH,2.6405928,2.2174788
JUBLAW,3.305367,3.706143
OHICAL,3.2416925,3.152065
ETIWIQ,2.8220928,2.7409446
MABTIU,2.9075365,2.795659
LEVBOD,2.905904,3.972038
VUMSON,1.1279119,0.6141434
WUWHUR,3.776124,3.849389
UWIPOG,1.7554065,2.0698876
QIZBEH,1.3970326,1.3757819
RULCIM,4.0621157,3.2546525
WOGTOB,3.264278,3.4493012
VEJRUA,4.215316,3.3112817
COFKUF,3.4833295,3.5877357
XABTUR,3.986468,3.5403624
GIKJUG,2.2071157,2.3380218
LADDUS,2.4452152,2.6038592
WILFOP,2.4648073,2.3777928
DADGUO,2.3703837,2.4941015
OGIDOY,3.0460427,2.890424
YOPGEP,1.8122783,2.1630418
WUYKOQ,3.8632004,3.4990904
VAJHEU,2.557326,2.5919123
EHITIB,3.047131,3.1258614
QOXSOL,3.6465979,3.732336
FUGPIG,3.8112268,3.668247
REDQAS,3.1608746,3.029727
UHUXEA,2.3007226,1.7474885
QEWJOS,3.1440036,3.761321
AQICAF,4.184023,3.7259922
CAQBOM,2.7671258,3.0973244
EJIMAM,4.0142236,4.030518
ISOTER,2.5418155,2.3158588
EHOGOY,2.80114,3.3634794
BOQSAC,2.953796,2.6852298
MEVHON,2.853114,3.0501761
ZIDWER,2.5121553,2.447346
PIMCAT,2.4457593,2.435092
PIKRAD,3.5173438,2.5532622
QUMREV,3.3162518,3.4217165
ROWMEX,2.2596335,2.98227
ZUGCEL,3.152167,2.976956
ZIWCIU,2.920598,2.6128094
MONFEB,2.16521,2.2331793
JIHZUY,3.9606173,4.366406
JECBOJ,4.3628016,4.5022798
SAGVUS,3.4623768,3.8521316
MOXWUR,3.1622353,3.419788
MAYMAA,3.0694444,3.1268456
HAHKIO,3.0316205,3.593935
MUYYIR,4.043612,3.935389
SOFBOG,3.243053,3.358844
JOCBAE,5.202273,4.946889
NOXMIW,2.367935,2.6199164
WEKDEZ,2.36603,2.5657327
BUKRII,2.6463072,3.617447
YISFAH,1.0457336,1.3750001
PITWEU,4.3584476,4.2758446
RIWPEV,4.5853906,4.986473
UKUXEE,3.1965215,3.0752814
YUDNUG,2.4152827,2.1914253
BOQFIY,2.9284894,3.163913
EKETUK,2.8593724,2.5396523
ULOHUY,2.2675247,2.4063551
IGUMUV,2.8411407,3.018025
OBAGAD,2.8659031,2.689904
JODWOO,1.2536286,2.1405153
SISRET,1.5864239,1.4478142
KIJFOZ,2.3546011,2.5488205
XERHOV,3.9295962,3.1953754
KITLIL,3.876534,4.1708174
COCTOD,2.860733,3.202844
LUVVIK,3.9176233,4.5045757
HOCBAF,0.5635478,0.14194417
RIRNUB,1.7464268,1.4574194
QAPMUR,2.9725718,3.433161
BOGPIW,4.137219,3.9844685
EJUDOF,3.085227,3.337041
SAYJEJ,3.0748866,3.313233
XIQHUB,2.2852123,2.23609
ILERUP,2.1393592,2.2464817
QUFTAN,4.1595325,3.8707206
TOGWUK,2.9622314,3.5999596
OTUWEI,1.701528,1.8384266
MERQAB,1.2514516,1.9046125
GALZEY,4.0106864,3.93192
GIRLEB,4.1674237,3.8210855
GUCXIL,1.8337753,1.6426767
AFAPEC,3.4683633,3.494692
LIVDUT,2.5826328,2.6243267
IXOMEP,2.8484879,3.1317916
BEXNAV,1.7045212,1.6257442
IGECOP,1.9864312,1.8805454
XARKAF,3.7875528,3.6609564
LUQMUI,1.6680579,1.5852742
ECIGAZ,3.4708123,3.5391839
LIPDEW,2.2558239,1.8208743
KUBPOO,1.3703654,1.7460965
SUQXIL,2.9916198,3.1893852
XOMFIR,2.9478095,3.2970262
ELIWAY,1.053897,2.8261497
NENMIE,1.5551307,1.9462357
OXAKUW,2.8786926,3.1064398
WUFZON,3.2367945,3.671393
RAZNUC,1.2158047,2.0949256
FURFUU,3.4680912,3.3279989
ZOSDOC,2.9374692,2.5508137
PUXGUN,2.294192,2.4251678
ORUFAK,2.595422,2.5445678
QEVCEA,2.2111971,1.7097212
HOZREU,2.2835796,2.7998848
OSIBEZ,3.448499,3.6085553
IGECUV,2.0120099,1.8612292
SOTSAW,4.4349117,4.068954
URAWES,3.1516228,2.841951
KAVJAS,3.8852417,3.4785204
ZIVJEX,2.9761093,2.828884
SODPUW,4.0661974,3.9632435
GIVYOB,2.5660338,2.9077997
FEJKUB,0.64681464,2.6232817
WOPKIY,2.2675247,2.122972
MUFJON,3.926875,4.1175356
LESHUM,3.4280903,3.7943993
YIWMIB,3.5227861,3.4812615
LUZMAX,3.2030523,2.7979307
RAYQEQ,2.574197,1.9433855
DEHKEK,2.0860248,2.33295
QEZYAX,3.6825168,3.334693
KOFGET,2.2988179,2.5136216
WESZED,3.4378865,3.336279
RORXEB,1.0226039,2.285581
HOBPEU,2.0511942,1.8490549
MUGCUM,3.0482194,3.4028416
YOCWES,4.6169558,4.393158
VIQVUO,2.774201,3.3749917
ONOREP,3.4231925,3.2105865
HIHSUQ,2.3099747,2.7575438
FAGTOY,2.700458,2.9467251
VEMVAM,2.2384086,2.3913982
FONCES,3.0547502,3.2713273
LEMDOW,3.259652,3.3693073
PEYBOK,2.9725718,3.2518754
LEXYOD,1.6435677,1.788702
VAZHIP,3.3380208,3.467292
QIXGIQ,1.7864275,2.3128276
ZORDIW,2.3458936,2.3236446
BEQQEV,1.9181306,1.796104
VUMXIM,3.4923093,3.5576541
UWIKET,4.1306887,4.1767907
LEKRAV,3.5603378,3.188483
GEYWEO,2.4370518,2.5187511
FOLXOW,1.326283,1.3455
XUXROY,2.8299842,2.8766346
EQEPEX,2.406847,2.7106428
VOVYEN,1.6881944,1.9378328
BAWPEU,2.0307858,1.7955827
GIRDIX,2.208476,2.5023649
VAGJOC,3.6623805,2.9293168
PARBAM,3.2340732,2.9335885
XEYBOT,4.433279,4.1687927
KOJKUS,2.5186858,3.2243605
OJEZIM,2.1967752,2.9546487
DIZDEW,3.5048265,3.446206
UJIZOC,2.6245382,2.9300063
GUNXIY,3.5987058,3.4097636
NOWNUK,2.8705292,2.68697
JOPHIH,2.7567856,2.825226
NACHIJ,2.6433141,3.0307436
BOJFUB,5.3494864,5.726507
GUJCUJ,1.2405671,2.2436123
NUCSEL,2.1186786,2.1217163
YOZKEF,2.4699776,2.530849
NILWUC,3.1445477,3.3612452
LOFLUO,3.0767915,3.0012803
OMIWEP,2.9793746,3.3997672
HIFKAI,2.9339316,2.9752953
KAVCAO,2.9880824,3.157255
XOVDEU,2.657736,2.5610301
LEHLAN,2.6103883,2.7002628
DODXOK,3.653945,3.2068658
WIXFAK,3.1747525,3.4237783
ILAYIG,2.8778763,3.4239435
UGEBEO,3.1861813,3.1114743
WILXEV,0.92899674,2.1409228
EHAZOD,1.0838295,2.1427312
XOZWIS,1.2851938,1.8358359
NIJJUO,1.6256082,1.3174111
INEHIT,2.3404512,2.095026
PAMYAD,3.5619705,3.8129053
PUJNEP,2.569299,2.794776
LAFPOA,3.2346175,3.3222122
DAQRIW,2.999239,3.2718382
HEZDEV,3.1755688,3.2091208
ZIDNIN,2.435691,2.4300122
NECROD,1.6177169,1.5022776
GUPWIZ,2.5654895,2.912102
WONMIV,2.4346027,0.9346206
RECTOI,3.2498558,3.451668
TITSOH,2.1548698,2.2397077
NOCLOJ,1.453088,1.823287
DOZTOD,2.8637264,2.8142529
FAWJAS,1.6569014,1.7338297
SESGAZ,1.1366196,1.4945605
RURZIO,3.8411593,3.7889886
WUQTOR,2.612293,2.615126
EMAVUL,2.4770525,2.5526843
XIKZIC,3.7954443,3.554282
WOGFOO,3.7554433,3.6948512
FEXDEU,2.6555593,2.8467007
LOKCAS,2.5556934,2.7164621
TAHXEH,4.2000775,3.542103
GUVQIZ,3.4025118,2.9752142
GASVED,2.8381476,3.186955
RERGOM,4.3306923,4.037465
XOLGIQ,2.7562413,2.9073818
NENJAS,2.898557,2.7723267
MESDIY,2.325485,2.8237264
HORWOA,4.3573594,4.1492023
DAGGEX,2.858284,2.1127074
YIQSEW,3.0245457,3.0847974
MIWWIA,3.5461879,3.0294263
PIMVOZ,2.0530992,2.082725
ZUJMEZ,2.9565172,2.96976
PAKXEF,2.8269908,3.478899
WAHREG,2.27977,3.5126991
GEGQIW,3.5301332,3.4238603
UPOVOM,2.9464488,2.7790189
ENOWUA,3.458023,3.6660075
SAPPIL,4.3168144,4.2041097
ISEFAN,3.7478242,3.8974795
CAWSIE,2.2599056,2.6056573
YOSXAF,3.3687696,3.0042477
RAYHEE,4.4248433,3.9302385
GIRWOW,3.2463183,3.2650528
JIVFID,1.6710513,2.137287
RAGFIS,3.7086399,3.68522
FEMFAG,3.0846827,2.8154342
WUFNAM,3.8539486,3.9173098
XOVMIG,3.2735298,3.3021123
USELIO,4.0493264,3.6919572
YAYJAM,2.3630369,2.274164
HAVMOK,0.23864385,3.4512887
YAQLEK,3.1946168,3.4376874
EZOSIX,2.942367,3.0747643
DANXID,2.7233155,2.9761434
BEHHEC,3.9412973,3.9515328
IWEZOA,2.5984154,2.8107526
TORJIW,2.2422183,2.2115269
LIYJOT,2.8675358,3.3261032
ATEGAI,3.2136648,2.877534
UVOTEF,4.427837,4.0114136
KIGQAT,2.470794,2.6350195
KANREW,3.6569383,3.4819965
LETKAX,2.657736,2.8114216
FEJVOG,3.348361,2.9601758
AZIBIX,2.3339207,1.9346982
JETXEP,2.6561034,3.125388
EYEFIA,2.365486,2.4384623
IZUKAQ,3.0697165,3.624653
OZETOD,2.1828973,2.4989667
XIWKEV,3.4117637,2.7916362
VASTUI,2.6563754,2.6752877
ZABPAX,4.0637484,4.1244984
GEQMAR,4.2147717,3.8771753
DAKFII,4.6678414,3.296698
SOWHUH,3.0321648,2.6961296
UTIJOX,3.9807537,3.6179314
BUZQUK,3.5301332,3.2599163
MASYIO,3.5391128,3.997425
PIWLOA,4.0354486,3.8292756
HAYRAE,2.6321573,2.3385377
NIDFEM,2.305893,2.8129337
WEQFAA,4.153818,3.8243966
YENCEA,3.723606,3.7009258
OFATOE,2.9303942,3.1999054
XUBKAG,2.741275,2.3738074
XUWSUG,3.0174706,2.894613
DIVVAH,3.204413,3.1514223
QURFAK,3.0882201,2.958726
HAKYOL,2.3739214,2.6734502
UFEQED,4.5462065,4.3197737
SORMUH,1.7336375,2.0200636
IKOWAH,2.3793635,2.9609427
CUMWIT,1.1143062,1.2386932
BAHQIM,3.150262,3.0296235
COTWOX,2.4416776,3.2647793
COGTOJ,2.858556,2.7930505
GOZYAX,3.1431873,3.4511867
CUXBIG,3.2400599,3.3744798
TEJYUE,2.8079429,3.5331428
SAJZUZ,3.1491737,3.2949815
NIVXIA,2.8095756,3.4133196
SOPHIP,2.341812,2.7311487
MOYXUT,2.9976063,3.063453
VUDFUW,4.2580376,4.3912964
SEWPAM,1.8890145,2.6625307
IZUGOC,2.7303905,2.647447
IKOFIA,3.4569345,3.5418189
WIRVIF,3.142915,3.0017636
JOHFAR,1.0326722,1.4141598
HUDPIH,3.2395155,3.31637
OHIQON,3.3486333,3.4277487
KIGFOW,2.6318853,2.763397
NUZTEH,3.0841386,3.7935145
EFOXUU,2.989715,3.2097545
IFOTIK,3.1023703,3.0343177
AQASER,1.9437094,1.993891
FANJAI,3.0177426,3.0390944
NUGJOQ,3.591631,3.5494187
GIFQEV,2.0354116,2.2241268
DATFEJ,4.621582,4.494708
AMOGOA,3.761702,3.7580137
SAJDEO,6.310865,3.7574058
LOJYAN,2.0667048,1.976507
LIYGEG,3.4670026,3.3755214
IBIPAO,3.3872733,3.4041948
EQAGIO,2.934476,3.1459568
RULBOR,4.027013,3.1749768
JOJWEK,3.4142127,2.9932415
VUMYIM,4.4460683,4.6278143
YESBOR,4.395183,3.8094487
PUJCAY,4.6232147,4.912428
QITXIC,2.2076597,2.4139037
TIMVOC,3.3489053,3.1807315
KEZZOH,2.903455,3.062997
LIJBIR,2.8599167,2.6542523
KUDLEB,1.871327,2.132707
NERGAU,6.9462504,4.567439
COJQIC,2.798691,2.5749397
WANYIT,3.594624,3.3604844
SIBKUK,1.5777162,1.5771114
CUSDEC,3.085499,3.0427532
TAWJOS,3.714082,3.818995
BAJGOK,3.6036038,3.1727998
QUMMAO,4.352733,4.132886
NAPSOQ,1.2424719,1.7988579
RUSKOH,2.8860397,2.89134
BODPER,3.0476754,3.0940318
FOKXIN,3.9481,3.8880043
NUPFAH,2.5156927,2.388987
ODOWIP,4.1592603,3.9111915
QAFSAS,4.9007707,4.646592
VENWIX,2.0533712,2.3394747
JELFOW,3.1086287,3.2319028
QIBSOL,2.8792367,3.0400224
PAJPEV,3.7625184,3.7429821
OKUVOI,2.5200465,2.6191804
LURGAG,2.423446,2.4603372
YIKDOO,2.0136425,2.0013568
QETKIK,1.7118683,2.5741425
FOHLAR,1.3115888,1.765321
AZCDCO,3.326592,3.5439415
LUCMUU,2.652838,2.8507247
KUNJUB,2.222082,2.3519347
PIHZUC,3.0833223,3.7957904
CIWMUU,3.6966667,3.5404077
VOSDAL,3.795172,3.503443
QAYGOM,3.3083603,3.014164
TIXNAQ,1.4111825,1.5252116
DEGZAR,4.724713,4.580776
ZIBJOL,4.9168253,4.3934145
BIJKEM,1.6596224,2.3697143
OFINIC,2.860461,2.866874
SUNZOR,2.3311994,2.4434693
BIRMAT,3.3608782,3.4603572
BIGBUQ,3.0109398,2.966421
EYUSOG,3.8030634,2.78648
NOVRIC,3.5742157,3.4797926
MAQNUO,3.221284,3.4842277
USAFUS,3.032709,3.0558312
FUTHIN,4.1696005,4.3732615
AHOHUB,1.8642521,1.7723448
PETMEH,5.321459,4.736893
NIYTOI,3.6746256,3.5360017
GECKAE,2.3211312,3.0661247
SEPMOT,2.8683522,2.8285387
GAQHIQ,3.025634,3.1335886
TCAMPT,4.030278,3.6945937
KUFKIG,1.4035633,2.2693863
OGAHOT,3.833268,3.6408367
LILPIH,2.8620937,2.7384186
QUGCIE,3.247679,3.4161336
LUGRIR,2.5758297,2.795398
NOYJUI,4.119804,4.1724277
UYOGOH,3.140194,3.4435315
XOJNAO,3.0974722,3.2406144
BAXLUI,3.2637336,3.1347551
TUCQEQ,2.088746,2.8774662
XADWEF,3.9369433,3.7652712
IPOSEO,2.671614,2.6312864
AHOLOA,3.1543438,3.4927645
ZAPQOZ,2.2533748,2.1327682
QERKON,4.40117,2.6471007
CAJKEF,4.003067,3.5482259
NUDNIK,3.3976138,3.9501646
NEWYEV,3.5301332,4.2257667
ETEFUG,2.9769256,3.0877368
WEYPUO,3.470268,3.0368493
EGAYUJ,3.3619668,3.7959876
KUFLED,2.1877954,2.310677
NOMJOP,2.2193606,2.3607068
DICQUE,2.9701228,2.8611255
EVOLEG,4.5894723,4.4930696
COBRAN,4.8643074,4.415216
YEJGEZ,3.4950304,3.4166293
GOMSEJ,3.33149,3.0897424
HIDGIL,1.6237034,1.8049932
SAXCUQ,2.9235914,2.792396
DUVKOU,4.906213,4.4173994
PEGXOP,2.612293,3.045412
FOYYOJ,3.4403355,3.821873
KIVXOE,3.9908218,4.2025347
PUWWUZ,3.8653774,3.7025247
PEVKAF,1.797312,2.1401043
DEWDES,0.9828753,1.2673432
WOYDOF,2.3728328,2.3106086
ALUVUB,2.3760982,2.0863411
NEPSIO,3.6052365,3.5010755
GICKOS,3.7717702,3.7615192
YUQCIY,3.3448236,2.8920572
XELVUF,4.0879664,3.673366
PICTIH,2.3282063,2.060831
BUNTOU,4.1505527,3.994577
OJIKIC,2.8131132,2.91611
REVDOL,3.5257792,3.726595
ACOMIP,3.9731345,3.8235276
SIQCEC,0.13034254,0.19956136
SOZDEQ,4.1957235,3.6837988
MUYYUD,3.4275463,3.7452276
UGAGAL,2.7396424,2.6987653
FONMED,3.1984262,2.7609463
HEXLEB,3.272169,3.7807236
WAGLOF,3.7587087,4.239229
WALNAB,2.6373277,2.669292
VELHEZ,3.0669954,3.4204497
PUJWAS,2.43297,2.8852916
AGULOG,3.4566624,4.528565
XAWKOV,3.0623693,3.322905
YOPHAM,2.9072645,2.8912039
VEYXOQ,1.3428819,1.5471214
WOXWUB,3.5573444,3.3444545
JAPLUI,1.4008422,1.3751642
PEMXOV,3.8316352,3.5157776
WIDHAT,2.3837175,2.8466725
BOSFOF,1.6645205,1.6464484
TUBWIY,1.0949862,1.4050596
TICFOD,2.2014012,2.4506836
LORSUH,2.1350055,2.6068163
QAMSAA,4.256677,4.4512653
QIFJEX,2.590796,3.0196354
GAQLOC,3.53231,3.7242901
EPOLAX,2.8267188,2.7723315
LAWTIP,3.3997905,3.2258906
TAZQUH,2.1682034,2.4624724
JAWDUG,0.6299436,3.0232184
WEHBEU,4.8583207,3.3865566
FOGXUW,3.4313557,3.9215355
FEZMIK,3.3110814,2.7866364
YUWHUU,2.820188,3.0113273
TITVID,3.1657727,3.0243967
SIKGOL,3.2329848,3.2557518
SAHLIZ,4.091504,4.2668843
XIWXUZ,4.6882496,4.608395
LINYAJ,3.3894503,2.884092
GEQWUV,2.9921641,3.1776626
WEKSUB,3.2792442,3.0141745
JAYYOB,3.6237402,3.639166
COLWIL,2.1584072,2.3966217
VEKGAW,1.3102282,1.2637378
UHAQEA,4.1214366,3.7881641
DAFGIC,3.4830575,2.9675486
YICZUG,2.6620898,2.8361876
LELGUF,3.7584367,4.0958376
DEXRII,5.5856814,4.937455
REYFAD,3.3105373,2.6384313
ZAQNAK,3.4498596,3.0025144
DEDHEA,3.98157,3.2484062
HOQBAS,0.42721877,0.64588475
YATXIC,2.7284856,2.769417
IKORAC,2.3097024,1.6802529
ZEPXUQ,5.5435038,5.1602535
QIVHEK,3.4574788,3.696151
YAKFAU,2.6465795,2.622066
HAYDIW,2.9693065,2.8779955
BUNZIW,1.8315984,2.2599359
GUWZOO,2.7943373,2.082364
IVOYEY,2.1379986,2.5794578
YOXGIC,3.314619,3.3958187
VARHUV,3.1173365,2.846942
OFITOO,3.1850927,3.400587
UCOFAU,2.2620826,2.3638291
RUDMAF,3.13067,2.9510968
GOTHUU,3.4275463,3.669818
BOLTIG,3.8768063,4.9543695
VUYDEA,3.5573444,3.2625823
COTQUX,1.7486037,1.8228393
ZEBBEN,2.9916198,3.4732847
RILKOM,3.2033243,2.7898793
BUZTAU,4.3717813,4.6315274
POWVIG,2.5559654,2.740437
ROMFEE,3.5519023,3.6102743
KOBXOQ,3.4626489,3.3628638
XOYKUR,3.508092,3.9723458
QISZID,2.8977406,2.9164445
WEDMUN,3.670544,4.021518
TIWQIC,1.5434299,2.295126
OYULEA,1.5918661,2.1178832
IMELIW,2.9165163,3.4081678
QUKTEW,2.8952916,3.1489093
BUFKAR,1.520028,1.6976106
WINFAA,3.53231,3.5604222
WOLBUU,1.5458789,1.7269354
ETAPUK,4.4479733,4.6543636
JARRIH,3.776124,3.8242989
YIFROY,2.1377265,2.125915
UCEDEN,2.5586867,2.4181898
TUSFAP,4.0261965,3.9970124
ISAPIB,3.5113573,3.2337403
NUGPOU,2.2022176,2.7681608
LAFZIC,4.6354594,4.966633
YEMSAK,1.0672306,2.145771
UJASEG,3.9094598,3.8856614
KAWSAD,3.7668722,3.531534
HUGKIF,2.0011253,1.7365094
WEYGAK,1.4988031,1.4500087
KUVMET,1.9151374,2.068985
TORHOX,3.8324516,3.6973531
INUMAF,3.044954,3.1527684
TOZVUB,2.604946,2.4369154
FEQWOQ,3.1554325,2.907861
DOSSOV,2.8087592,2.6795676
DIHLOX,2.2936478,2.0456257
DADWAK,2.222626,2.3862514
KAFLAG,1.4541764,1.6898369
GEVMUP,3.3301294,3.0102785
HADQIM,2.8267188,3.1983285
FOKTAC,2.2541912,2.459801
YUQCUK,3.9946315,3.6713686
PIBYOO,3.5119016,4.023287
AMINUG,2.2237146,2.6045136
GINMEX,3.5070035,3.9169703
VUWPOV,3.3576128,3.5335484
PUYXAJ,3.272169,3.2332253
ICEWOD,2.2147348,3.0170019
EFOTUO,4.306746,4.174301
KOLRAE,1.8775856,1.9171276
JASGEQ,2.2389529,2.7551315
KILTEE,2.9551566,3.1738503
ROCWAJ,2.6204565,3.674557
NAGXOJ,2.9045434,3.2676167
QUGBUP,2.6841311,2.986944
GUTVEW,3.008763,3.4313178
JEHBII,0.6364743,0.9712273
WURKEZ,2.1853464,2.2063115
ZIMKOV,3.152167,3.1232488
BOQBOZ,4.2019825,3.8126612
KAPZIL,2.576646,3.1141593
QAJGER,3.305367,4.295203
BEPSUN,3.1581535,3.1433356
LERTIN,4.162254,4.716208
MUBNEC,1.9856149,2.195586
CIDMOT,3.1872697,2.6230848
VUYFON,3.477071,3.307327
RAMDOY,4.5151854,4.5918226
INEWUV,2.879509,2.8086836
KARWEF,4.461035,2.8248572
VALFET,4.813422,4.347723
MECCOQ,2.6626341,2.1549132
YOXRIN,2.800868,2.8738391
WAWQAN,4.413415,4.5253215
NEZGAA,3.8863301,3.4853423
ULUVUU,3.1573372,3.4637735
IJUXOA,3.3777494,3.579038
DELDIL,3.5399292,3.4590986
QABKIP,1.8321426,2.1629615
ZURFOH,2.5507953,2.520072
QOTBOR,2.7616837,2.6803281
YAZVOK,2.078678,2.3067608
MIYVOG,2.1823533,2.3257365
UMOYEA,4.0449724,3.778973
YAFDEQ,3.716259,3.394975
OGIWEG,3.0008717,3.5474062
KOWYUT,3.3902667,3.513859
BOGHEK,2.385078,2.7282264
MITFAY,3.2686317,3.4565778
FEXVUB,2.514604,2.7568824
KANROJ,1.2250566,1.2838811
GIWPAF,3.288768,2.9809346
YEXKUJ,1.8296936,2.047341
NEMCOX,2.2242587,2.2267628
VICTUX,1.467238,1.0477622
SUKBAD,1.2756698,1.9977701
AZUDAA,4.0754495,3.9417307
XAJHEV,3.4351654,4.3439317
PEXKIP,1.7486037,1.9060986
CAMSAK,3.3755724,4.1025405
QILWIR,3.7717702,3.6529083
KIBWAU,3.3423746,3.052242
RIPHEH,2.2027617,1.6709917
MITGED,3.2689037,3.269399
CIWDOC,4.8964167,4.19403
GAKBIF,3.0250897,2.753394
VAQXAN,3.678435,3.5800061
WEPVAS,2.5537887,2.67792
SACMEQ,2.6555593,2.5783646
QIWDIM,2.74835,2.1842246
LOLSEL,2.3200428,2.668101
QAXXET,4.036537,3.4246254
LIXNAH,1.9004432,2.8288085
LOQRUF,3.721429,3.831144
ZIJHAB,2.8373313,2.3842955
TAWJAE,3.515439,3.757788
SUKPOF,1.3050581,2.1788144
IFUPOR,2.183986,1.7065523
YASWEU,3.9693248,4.096035
XIMRER,5.374249,4.7675166
ZOSHIA,2.557598,3.1745973
VURJUO,2.9426394,2.9110813
SEWQOC,3.4514923,4.6701245
GEDKOR,0.8906287,1.9196504
KIPVEK,2.8425014,3.3237336
TIVVEZ,3.0193753,2.891332
CECCOD,3.7875528,3.7104907
QEYROC,2.385078,2.5392263
CEPMAM,3.797077,3.178902
MIKYAH,4.311644,4.0424595
PERPIM,4.0476937,4.3209333
TEGHAR,3.1200576,3.1723704
GEVXEK,0.21224882,2.7571836
SUXQUZ,3.142371,3.4067905
ADEQAC,3.5015612,3.7510762
VOZWIS,2.709982,2.8155699
QIMNOR,2.9426394,3.1497107
KIVSUD,3.329313,3.5663943
SIQKUZ,2.4005885,3.194542
HUBKOH,2.0517385,1.6733698
YAKZAN,2.262899,2.916157
VEYZIK,3.5543513,3.1814058
ZUWYAU,3.4215598,3.4445858
KEKQEX,3.494214,2.75197
QOJZEU,1.878402,2.8259306
HOQQUB,3.6651015,3.55689
UDIKEX,3.104275,3.277341
ZIFFOL,2.3186822,2.291932
NEFSIA,2.0365002,2.0495117
CEPLUE,1.8830279,2.2114534
QAXHON,2.6381438,2.5347114
LIMFEU,2.8944752,3.407376
SIWQUL,3.190807,2.9255252
ADUMIV,3.0479474,3.3240678
SUFDOM,4.1013002,3.8397086
CUJWIO,2.90155,2.7043767
MPMSPD,3.2612846,3.4189057
MOKCUM,2.5170531,2.206979
YAMPAH,5.0041738,4.517992
KUDKEA,4.0542245,4.72112
XAVMIU,5.5269046,5.2486534
QITZAU,3.2610126,3.1431777
QAVVEO,3.984019,3.043391
EBUFIR,3.7372117,3.5575278
VIDTUY,3.8425198,3.1036773
FIMDUE,3.1012816,4.255282
COVSOV,0.25850818,1.3229412
AJIMOV,3.7168033,3.5516717
REQSUD,3.477071,3.5581057
HOVGOR,1.7314605,2.075341
MAJFIP,3.837894,3.7170033
KITCOF,3.064002,3.1451433
NUDKEE,3.658843,5.541528
JISGAU,3.2504,3.509498
ACIROX,3.6460536,3.8799284
DAYLUM,1.201927,1.6427041
NIBROG,2.8912098,2.9803407
YIDDOF,2.9219587,3.1906395
WAHKEX,2.0389493,2.2727983
POTXIF,2.576374,2.5660508
ZOFTET,4.8038983,5.7372866
DODTIA,2.645491,2.8131075
AQOCUF,2.853114,2.992644
REJFAR,2.698553,2.9406385
DOFBAC,3.7007484,3.8245118
GIMDAH,1.725474,2.4942617
POBWIP,4.378312,3.691675
GEPHOZ,1.3015206,1.5072416
PAKTUS,3.7880971,3.4967666
INOXOZ,4.048238,3.7595935
DIWDET,2.8876724,3.5200453
MOQPAJ,4.01885,3.8601475
MIVQIT,2.8133852,2.9277763
IFEZEA,2.540455,2.5110643
GANGAE,3.209855,3.4708998
SUDKOT,2.7755613,2.6632013
BEVCUC,3.085499,3.1109514
KIQKUS,3.682789,3.0154502
YOYHAV,3.6871428,3.4653633
FISWEN,2.5137877,2.8828025
GUSMAI,3.7461915,3.940226
IWICEX,3.5551677,3.530952
CEGREM,3.8800716,3.4830673
BAFQEH,3.474894,3.8068826
MUXXAE,3.1053634,3.1487646
YIBFAQ,2.14589,1.7415854
SEWZUS,3.496663,2.885543
XEXFIR,1.412543,2.0857189
OHUVUI,2.6046739,2.937286
TORXUT,2.965769,3.2801347
CIJJIP,3.206862,3.291566
HEYKOL,3.9225214,3.8279543
ZIDVAN,3.2512164,3.0569446
OJIMUQ,3.321694,2.9786074
DIHLIR,2.2212656,2.2643695
ALIQIV,2.1720128,2.178928
GANBOQ,3.3641436,3.24957
MOJMUV,2.294192,2.568869
YAXJUD,3.2868633,3.4218817
GIXFEY,3.9255147,4.5100284
NOFTUA,1.553498,2.0070624
PUTZIO,3.5099967,3.6734996
YESGIP,3.8651054,3.0285304
YELJUX,1.7986727,2.163855
OZOTUT,2.4580045,2.4795127
OVIHUY,4.0928645,4.124666
CAYBAG,2.903455,2.7848132
KECFIK,2.3154168,1.9269898
VIWPID,3.0074024,1.9889302
RALNAX,2.6490285,2.6389709
TEPGEC,2.1039844,1.9646096
YOWZES,4.1328654,3.9650164
SUWMAZ,3.695034,3.6241398
HISYIR,3.2283587,3.229633
MOWCEH,2.554877,2.6981096
SUNYUW,3.2659106,3.8248577
YOHNUE,3.6585708,3.652546
JIRJIG,3.2659106,3.2282922
JOGVAG,4.6308336,4.4956284
ZARVOH,3.7271435,3.9762425
EWAJIV,1.7393517,2.0319724
GAVQOM,3.1290374,3.317434
XEHKIH,2.3981395,2.1816697
AKIKOV,3.004409,3.1817052
WIVVUS,2.9921641,3.3161101
ZIHWAO,3.353259,3.8395662
HACHUR,3.101554,2.785955
YOCVAN,3.9513655,4.491288
BUFWAC,3.3399255,3.1575015
MECLZR,3.0337975,3.663494
QEKHUN,2.733928,2.9035478
BOFBUX,2.3344648,2.5663176
XOVKAW,1.8076524,1.6132692
VALDIX,2.5995038,3.178929
SOTBEK,1.9556823,2.1698294
VEBSIE,3.6495912,3.5213933
NIFMOI,2.7257645,2.942024
MANVEC,2.09827,2.9074576
LEYGAZ,2.5301147,2.4847453
BELLOX,3.0754309,3.348842
OCODER,4.734509,4.88714
VIWKIW,4.2441597,3.9657483
XOSYUA,2.896108,3.0419068
DEJZAW,2.8139296,2.9589853
LEPYUC,2.5995038,2.8062506
OGONUV,2.9053597,3.3481069
GORJOO,2.6234498,2.3618202
RICPIE,3.3206055,3.7107494
XIPGAH,3.1603303,3.2001545
XAYRIB,3.0604646,3.4146748
CPFPEY,2.7649488,3.3259711
FASGOY,2.576646,3.2031178
MAYBEU,2.4503853,1.978981
EXUFOT,3.5889096,3.4165523
EWUSAS,1.8833001,1.7045711
OYOQUQ,5.1513877,4.9427223
GEXXAK,2.0628953,1.912845
FISFAQ,4.526886,3.6420486
FONGOH,2.5959663,3.426281
MEGMIW,3.034886,3.037508
BIKMAM,2.514604,2.3995268
PUJFUV,3.1864533,2.788204
TATLAE,3.2498558,3.0658898
KOLTIQ,1.6936367,2.5131452
NUMXEB,2.796242,2.4114006
QENPOP,2.3763704,2.2333565
OSOYIG,3.3766608,2.6816494
EKEDEF,2.311335,2.459664
YAJZOZ,3.508364,3.4877348
SIYQOI,4.387292,3.9396317
PUVGUI,1.1641032,1.2356025
IMEQOI,2.8476715,3.099649
BAVKIW,2.5565097,2.894553
MORTAO,3.6939456,3.3815305
SONKAJ,3.9138136,4.0707173
FIDWOF,3.9018407,4.08134
FADCEU,1.0533527,1.7225839
NIRHUS,2.4422219,2.933773
TOYHAT,2.1959589,3.3602858
SOVBEL,2.5627685,2.662306
OMIJEC,2.2473884,2.4406378
IMIRAX,3.1137989,2.8234792
OTUTII,1.4430199,1.3642459
LOQMUZ,2.3984115,3.1808336
GITNIH,2.7616837,2.8282413
PIYSEV,2.6430418,3.2444127
XOKNUG,2.9714835,2.8926702
CIKBUW,3.9412973,3.9411128
NAFGEK,2.4196365,2.6500525
RENFOI,1.0938977,2.379387
NAKJUH,2.2479327,2.0903707
ZUSLUW,3.1241393,3.2182298
YOKRUL,3.2914894,3.070593
PITTIY,2.4242623,2.3290486
OFADEF,2.7755613,3.2246275
JACGAV,3.0084908,3.5803652
NOBYIM,3.5578887,3.5694304
GARWIG,2.368479,2.4589021
CESBAF,3.102098,3.2612238
IKUKAB,2.9298499,3.090107
SODXIT,2.284668,2.7784817
OZEQER,3.5456436,3.3327844
MALBEG,2.6805937,2.4965954
WUPWAH,0.44871575,1.0460669
WOBKUW,2.5605915,3.089032
LALVAW,2.7252204,2.768992
ADEVEM,3.6245565,3.6138322
NEFZAD,4.3511004,4.1973333
AXELIB,1.2998879,0.9239991
WATTAO,4.7160053,4.2313414
CUGSEF,0.9006969,1.0711663
RIQKUZ,4.5600843,4.257916
YAXLES,2.8528416,2.8369298
DEXFOB,2.2884777,2.0218935
ZURHIG,4.205792,3.8935237
RECYEG,2.6520216,2.7010963
CAHZAP,1.5594846,1.7544218
LAXGIE,3.5519023,3.6580129
KOJVOX,1.5766277,2.1398814
DAWZIK,3.3701303,3.1786976
BEHGEE,2.7012744,2.9712443
RIFMIC,2.7257645,2.5337415
YADJUI,1.6710513,1.3504231
LIFTON,2.2827632,2.2379858
SEKDES,2.72903,2.953405
FOZLIR,3.2531211,3.368492
AFEYET,3.714082,3.1762638
IVAPIG,2.4003165,2.921538
JOHQOO,2.9554286,2.7911465
UROFAJ,2.181537,2.4132063
DIVHIZ,0.9387928,1.7039813
KURKOX,3.4980237,3.2849727
HEYYEQ,3.305367,3.2838347
WIPJUD,2.5396388,3.1476326
DUGMIC,3.9032013,4.131462
ZIPPOD,6.5397124,5.710131
NIQLAD,2.9924362,2.8265936
WOSMOG,3.2746181,3.239463
BAQSOC,3.697211,3.8985457
GAJGUU,4.38321,4.2642646
TAWQIS,3.03026,2.9066496
MEKWEE,3.2561145,3.2214715
IVOMOV,1.9948667,2.491012
RIWYUV,3.1061797,3.4060786
COWFUS,5.0017247,3.8455539
WOQNUN,2.35188,2.8205516
YISNOF,1.9328247,1.932725
LUNKIR,4.009598,4.156958
NOQZIE,3.2297194,3.387706
OHEJOC,3.7524502,2.7288783
CURWOC,3.2487674,2.9482317
NUNTUM,2.9480815,2.491159
SOHSAL,4.1872883,3.8032732
YEJJII,2.62862,2.7081118
OCUPIP,3.0977442,3.486856
TEZDEH,2.8993733,2.9613042
NEMYIP,4.028918,2.403098
CIPGIT,3.1703987,4.096201
VUNWIL,2.9551566,3.3539371
YAPJUY,2.7567856,2.884743
SUTXIR,3.4280903,3.603034
IBONUL,2.4272556,2.3010473
APUDUM,2.1739175,1.8756771
AKIZOK,3.613128,3.6455817
KAQKOG,3.6308153,4.155904
AJIGAC,3.3676813,3.3767083
XADBUA,1.5456067,2.5141616
WIBCES,2.1535091,2.0863705
QEBDOU,2.4103847,3.28882
FILDUB,2.3532407,2.5441415
FOJHOC,3.3584292,3.1826398
TUBYUM,3.7657838,2.8097694
GELSAS,2.7010021,2.7642307
HOJWUZ,3.6169374,3.336483
YOJFUZ,2.2043943,2.2711902
SATJOQ,2.511611,2.708041
LENPUR,2.4550114,2.8143382
SIWDAE,3.477071,3.4425783
BABYEL,6.4986234,5.27785
YIKVIY,2.977198,2.5704954
NAPPON,3.1012816,3.7240844
MELYAE,2.9186933,2.4884944
UVOVOS,3.7238781,3.2497883
GULQIO,2.3752818,2.6350973
DOLHUK,1.7975842,1.7940605
WIQDOS,3.3222382,2.8652384
POJQUA,2.4963725,2.037852
QIRLOS,3.7848318,3.766896
XILPUH,5.2158785,4.5893593
ROGYEV,2.6201844,2.4246898
VISNAN,3.4816968,3.0246449
UFUHEL,2.5186858,3.589439
MADVUL,1.6163564,1.4207335
XONHIU,3.2229166,3.18669
JAHGEF,3.6721766,3.5861962
HACPOQ,2.4514737,2.5230293
TUTBAL,2.5603194,2.583187
NEXJIK,2.571476,2.6000106
UKUYEE,4.1442943,3.7263956
KACJAZ,3.221284,3.3404531
ZIXFIX,2.456644,2.6451354
IJUBAQ,4.719815,3.0144906
UTERET,2.3839896,2.5602973
ESOJAY,2.8710732,3.4677577
SOFGOL,2.0013974,2.1487718
BIXQEE,2.5461695,2.617202
FICHAD,4.234908,4.411836
OZUHOH,2.401677,3.7603111
ACOFAZ,3.833268,3.8653314
LEWPEM,2.6667159,2.9701672
IQIJAU,3.9804816,3.9897516
OMEFOD,2.181537,2.6806276
RIFVUX,3.5361197,3.3667119
AJUTIK,3.350538,3.4355369
CIVLID,1.7967678,1.7343527
ROLSET,1.5434299,1.6714303
ZERTUP,4.225384,4.170266
YIXRII,2.834066,2.9825528
RAQNUT,1.8993548,2.134086
ZEFXUG,3.24523,3.005752
EGITUJ,2.9102578,2.896477
XEZVED,2.10344,1.8504614
KIBYOL,2.9600546,2.7894194
WELBEX,2.1921492,2.0395293
ISEZOX,2.1456177,2.3396103
NALXOQ,1.5812536,2.21593
GABFUN,3.6343527,3.8690376
VAQHOO,3.0264504,3.518032
KAGPUE,1.940444,2.0509622
XIXXUZ,3.6169374,3.4077759
BIYQIJ,2.717057,2.578195
MBPAPD,3.45122,3.5240078
IRESEE,2.475964,2.5956638
ZIGKUY,3.6740813,3.9057326
RIGDUG,2.3366418,2.1243021
AKAYET,2.7687585,2.7182639
JELWAZ,2.320587,2.6107917
GOKXOT,3.5072756,3.7895732
MONHEF,2.585898,2.7531326
DIDTOC,3.2384272,2.4245656
PITREP,3.534487,3.4152122
YOXHAV,3.5021055,3.1035683
TUFNEO,2.540455,2.7710588
UGAVAB,1.9328247,1.8388221
UYEPEU,3.510813,5.606333
WELHON,5.252886,5.0981593
MOMNEH,3.245502,3.1333947
YOXFAT,2.9567893,3.3099885
MACVAO,3.1780179,3.0699122
RIPXAS,3.8874187,4.048113
XEFSIO,1.481932,1.4695059
XEMYAR,2.6063066,3.4808407
ANOZEL,1.93092,2.1472754
IRESAC,1.6111861,2.3681917
QOBQUX,3.1529834,3.3814309
NOGTEI,4.339944,4.2713766
CIJQIX,2.6593688,2.755494
JIVPUZ,2.4365075,2.3557696
HUYFIT,3.0555665,2.9005442
ATOPOO,2.13174,2.5106053
SEVDEF,2.523584,2.8899047
HUFBAL,4.493688,4.331315
MACXIY,4.301848,4.3314214
LASKIZ,2.6220891,2.260672
TACOMO,3.040056,3.0363753
MEBWOG,2.9554286,2.9740639
QUHKEK,2.239225,1.9506224
MEZXAS,1.7124126,3.451414
DOQNUU,2.4128337,2.5615273
FOWZUM,1.644384,1.7978874
FINTEC,3.0196476,3.289399
XAWWID,2.944272,3.1043499
FEGJOR,4.0901437,4.005015
YATDUT,2.6427698,2.7145405
HENJIU,3.7954443,3.7945247
EBOVAU,1.9730976,1.967248
MOPPOY,3.3138027,3.2868261
TUMNEV,3.6368017,2.4006853
LACPOW,3.689864,3.9895675
DEGKIK,1.8550003,2.1216812
KEHQOD,3.9494605,3.372721
JEZLUV,2.433242,3.6304986
QESYOC,2.941551,3.1141133
WOFQOZ,2.222626,2.3469484
MUWBUE,3.1369286,3.1168234
ROBBAM,3.843336,3.8421912
SINZOG,2.3967788,1.8272756
UQUJAS,3.5959847,3.8954394
GOSJEF,3.3045506,3.2167094
SUZSUB,0.9360717,1.0580064
BOLVOO,3.9159906,3.6606047
TIVVAV,3.3203332,2.9862247
LEKXAB,4.590833,4.225478
PASJIF,3.5236025,3.3968654
YIQVOJ,3.2615569,3.5316985
FEWNEE,1.8658848,1.4728688
BAWKUI,3.5954404,3.5624318
EBUBUZ,1.5826142,1.2403847
CIDHEC,2.7641325,2.8473296
FEFVOF,1.3270993,2.4714441
KEBHUU,1.4737687,1.8001482
JACQAI,3.8376217,3.6079385
XOYLIH,2.9263124,3.4795651
HIJWOP,1.9135047,2.5440454
IRIXAI,2.817739,3.1476936
VIJJIJ,2.717057,2.9212253
CILTOJ,2.8185554,3.0127919
MECFAB,4.050687,4.3417625
ZIHBIB,3.0982885,3.2168095
QOTDAF,5.3764257,4.857436
WEJBEU,1.713501,2.1349502
CEMJEN,2.7448125,2.7637482
NOCRIH,3.1391056,3.0227687
UHIJIF,3.3682253,3.0795078
KUZRUV,3.6463258,3.8160293
QIRWUJ,2.9309385,2.9114032
ULULAP,4.095586,4.0493746
RIQYOF,2.7965143,2.6089342
NAPJUL,3.0814173,3.652382
QUHZAV,1.8299657,1.8035156
UWUZAQ,3.1630516,2.9275048
REZCOS,1.9325527,2.722547
DEDHOK,4.0917764,3.5725133
MOGSAC,4.4602184,4.3028383
PEXWEY,2.0103772,1.7825404
AMIWAX,4.5154576,4.5843406
GEBFOI,2.963864,2.607352
LODLEY,3.0318925,2.922925
CEMQEU,3.207134,3.2177598
HOMLIF,2.633518,2.4842293
KUVSUP,2.067521,2.2457247
MODYEN,2.5554214,2.9098477
ELIFUB,2.7132473,1.9501739
ZITYAC,1.4811157,1.4019853
ETACOR,3.229175,3.3309216
BEGNEG,2.466168,2.5409071
VINRAN,3.9554472,3.9176714
AJUTOQ,3.2789721,3.8979766
KAPJAM,3.835717,3.2385993
ROKKUX,2.038677,2.3934953
YUYTIX,4.1042933,3.9531384
JUDLOJ,1.8993548,2.1061683
HECTUG,2.7706633,2.8393397
HUPNUB,3.9821143,3.6577165
DEMKEO,2.937197,2.7493734
BONGUG,4.54539,3.3606327
FEXDIV,3.8874187,3.4065466
YEFJEA,2.8762436,3.3740656
ZOYRIQ,2.5771904,2.8427606
REPFOJ,3.3018296,3.5287292
JOXRIX,2.3937857,2.2509627
HEJJUF,2.7671258,2.501393
DAJCEZ,4.693692,4.3616886
OXORIE,2.100447,2.12277
VEGHAR,3.945923,3.9948795
DOVTUD,1.2658737,1.9963187
KEGQOD,5.6703086,5.1582184
IRISIM,2.8612773,2.7586856
AZUVIA,2.6389601,2.559703
PAFXUP,3.6656458,3.4439363
ADORUG,0.8536212,1.6891888
WAJFIX,2.6327016,2.3913767
TUTLIE,4.129056,4.3362103
BOKCUA,3.0191033,3.1944187
BUYKIP,3.6199307,3.4121332
APUCOD,3.1864533,3.262514
MITLOR,4.290419,3.810034
PANCUF,2.4884813,2.809777
JUPNIT,3.1733918,3.3121133
HIXGEB,2.0326905,2.1026292
CAXFAK,2.5110667,2.566864
YIXDAO,1.2947178,1.646926
JUHFID,1.5899613,1.7828645
LETQEG,3.6427882,3.4298182
VAGGIX,2.5314753,2.5903978
GIZNEK,1.7763593,2.1147318
RULBUX,3.8441525,3.5354898
TOBHOK,4.794102,3.769186
KEPLAT,3.1747525,2.9667747
KUBHOF,1.7562228,2.0817933
ISAPOH,3.0767915,3.0355408
DIDWIW,3.3491774,3.0168507
INOZAN,1.6332273,1.6666404
FOVTOC,1.2539006,0.25973272
BUHFEQ,4.236541,3.595678
PINKUU,2.4147384,2.8069441
UROFUD,0.11428782,-0.49645305
YEBFUH,3.0626416,3.9335344
VOLCUW,2.5151484,2.2668147
VOPCIM,2.774473,2.7706313
BAYRAW,2.4024932,3.1793206
ACEFAP,3.9630663,3.6512098
FURKUY,2.28494,2.32901
TONNAL,2.6990974,2.9038048
BURCUM,1.3461473,1.3003641
EFOMUK,1.7978563,1.8684884
JUKRIQ,2.0990863,3.1109283
SINZOF,2.8669918,2.7355967
JOHSII,3.5978894,4.137945
LIFVUS,3.1140711,3.161618
MUBBAO,3.9113646,4.1439285
QUWMON,3.8708198,3.653443
FEHKOT,3.109173,3.435475
SIFJUO,1.0103588,1.9664655
DUGHEU,3.1080844,3.893887
LOMWIV,2.879781,2.5633748
NIKDIX,3.0392396,3.2709093
ECEKAA,1.2745813,1.250821
MEKBUC,3.352987,3.4973614
IZIRIV,3.9619777,3.570961
HULKOR,3.304823,3.1857443
ABAYUB,3.0547502,2.8907793
MOZRUP,2.7559693,2.4998674
IFAVUG,2.7918882,3.0287726
FUMKIH,1.0560739,0.9650984
GAVDIS,3.386185,3.3446844
QOPKOV,3.3178842,3.5065641
YEQZUQ,4.118171,3.8195705
BOFJEM,2.3834453,2.473524
NONGEE,2.9159722,3.4645915
FELPET,3.090125,3.0195563
UCECIP,3.1113498,2.916777
OGUBOH,2.0830317,3.3499658
YIPSUL,3.754627,3.1883452
BIGREP,3.252577,3.2221723
NEYPAI,3.405505,3.9759028
KIQREK,2.5867143,2.6251845
XIPJEO,1.2269614,1.5581516
JURGUY,2.4819505,2.5585442
GAJGEE,4.9720645,5.690074
HUKSEL,3.305095,3.7233045
UZUJUX,2.6008644,2.7922945
KAMRIA,3.5717666,3.7372916
QUMFIN,2.1643937,3.5488563
WEZQEX,2.8449504,2.8204744
GIHVEY,3.9734066,3.4724674
LAGLEL,4.7375026,4.795231
VEFDUF,4.6637597,3.6932147
VIZZAH,1.737447,1.9701514
JEMCOU,1.1445109,1.0303653
GEYZER,1.945342,1.6578472
HISRUX,3.14482,3.0184004
TIXXUU,2.7497106,2.1285706
KEZYIA,2.7880785,2.8068466
DEPPUK,4.2896028,3.9139578
IWIWAO,4.0422516,3.9650707
SAMHUK,2.308342,2.2223186
TUJWIH,2.5995038,2.4760942
HABHUP,1.5646547,1.7105103
OBIJIU,2.9840007,3.1338518
GOYHUZ,1.6936367,1.833791
CUVXAU,4.031639,4.218111
ROCVIQ,3.0476754,2.6564229
HUGTUA,3.0438657,2.8118594
XUTTEM,3.9636104,3.926352
PIXYEA,3.3355718,3.387696
REQCAR,3.6906803,3.7665277
YAGNEZ,5.255063,5.122509
PUPHUF,2.0043907,2.3605645
AKIMIR,3.3831916,2.989852
USEDIH,2.6805937,3.3095043
CPMXNI,2.6291642,2.923813
YICZAM,2.7039955,2.4346259
EWIHIE,3.4933977,3.830483
NEZQUF,2.8299842,2.807253
BETDIO,3.4648259,3.477455
QIMTEL,3.1788342,2.9012747
YOCSOA,3.24523,3.5422482
MERPIM,2.999239,3.0643964
NOSBUS,3.3823752,2.6209192
JABDID,3.1467247,3.3649185
CEXNEA,2.2471163,2.2420847
BIQCUB,1.4008422,2.6774654
GOSMUW,2.7178733,2.532139
XAQDUO,3.1344795,2.7990806
TEQNIP,3.004409,2.4579291
HIVMEI,2.7927046,3.0307126
GIYGIH,2.4362354,2.5858858
POGJOO,2.2430346,2.5492983
ZUJLUN,1.2174374,1.2799996
BEBHUO,2.1513321,1.8017597
YEMZUM,4.2096014,4.2286053
ODISUS,2.038133,2.521255
OFAHEJ,2.6615458,2.8757863
ODAFIK,2.5630405,2.9586053
LESNAY,2.2087483,1.8652682
SICBUE,3.5782974,3.4813073
FEVZAH,2.678961,3.4271994
VARFAW,3.8819764,3.9483826
EXUZUT,3.2961152,3.0068781
CEZCER,3.9755836,4.120882
YENTOE,2.88223,2.8549426
QICLOE,1.8944567,1.9400866
POYFEP,3.5497253,3.2545624
HIJXED,3.6651015,3.7786274
YEMROY,3.5113573,3.698947
RATNAC,2.9140673,2.8030107
TIPXUL,1.304786,1.2197801
UDIKEY,3.1347518,3.189904
OGIMOG,2.573925,3.060485
ULATIM,3.7791173,3.3863525
YOJDEG,2.669165,3.095506
LUQXON,2.3829012,1.8735611
XETTAV,2.2509258,2.117498
YUYSES,2.4775968,2.3700833
KOBSAW,3.6172097,3.1050637
EFOCEK,3.489316,3.0584896
WUDXUR,3.5763924,2.8191202
REBKIV,3.4955747,3.3403502
ZULJOI,2.7303905,2.8221622
UZUFOM,3.2065897,2.894217
PAGLUI,3.0171986,3.140398
SOFNAC,3.759253,3.5018039
COTPIM,3.9157186,3.6331432
ZOTRUX,1.8147273,1.5012391
CATBOO,3.5170717,3.8219833
BIBJUS,1.9086066,2.2830145
QAXCIB,3.6642852,4.005865
NIMSOT,4.136947,4.4976864
NEJXIK,2.0944605,1.6056057
QALYUB,2.9908035,2.49148
JUWKUJ,3.7252388,1.6559608
DAQXIE,3.0049534,3.1440616
XOKGUA,1.9279267,2.2305756
DILGUA,3.2460463,3.2103999
SADXON,2.9007337,2.961901
IPOPUZ,2.736105,4.07759
HOLGUK,3.1407382,3.3727734
ULUGEP,4.2847047,4.4346952
LIZCIJ,2.1230323,2.2666705
UGEYOV,2.29909,1.9515051
ERULUZ,3.3401976,3.5883248
BOVLUU,3.4112194,3.209415
XULREC,1.8566328,2.455103
XOVTIM,4.5135527,4.784337
FATCAG,2.9184213,2.896164
JUBZIR,2.6667159,2.8871891
LASYAF,2.7559693,2.9193664
LURZEF,2.7083492,3.029096
VASQIS,3.7695932,3.996037
GEVFIX,3.1725755,3.4519029
FIBQAL,2.717057,2.5053885
ZAVWEY,1.6884665,1.6974512
RIFFIY,3.0465868,2.869627
FAHJIH,2.8003237,3.3304772
OTIWOG,2.9029107,3.0796905
IGIWAX,2.8694408,3.0013936
LOHTOR,2.2335105,2.5613623
BEWDOY,4.4166803,4.289409
ZEKHUU,3.6738093,4.914165
NIQXAP,3.9032013,4.360574
ZIDJEE,4.743761,4.818514
PULKUF,3.3423746,3.1787765
MIBROH,1.8705107,3.1443496
LIPDIY,3.1864533,2.789131
FODJAK,1.947791,2.1178846
MUSWEF,3.0732539,2.5982232
SOQYEF,3.0166543,2.8604586
SERDOI,3.3421025,3.794518
YIHYOD,3.5804741,3.9146147
QIBSEB,3.6030598,3.5079167
BIDHEB,3.730681,3.6104481
CEKCOL,2.349431,3.1968691
VUZVEU,3.5042822,3.5564682
NOQTAP,1.1360754,1.3366877
YIVTUS,3.1679497,2.988944
ROBHUL,3.716259,3.609596
YOZVOZ,3.176113,3.4187891
CIHQUF,2.8982847,2.8714457
KIWNUB,4.4934163,4.2226887
TEFQAA,2.9529796,2.9592798
RINTEO,3.06373,3.4294565
DUKBIW,1.6819358,2.2953188
USEYOH,4.096402,3.9815087
SASKED,2.698009,2.880444
LAWKON,4.105382,4.0193253
BIKINI,3.7383003,3.158667
MUTCIN,2.7399144,2.8871336
MUQLAL,2.363581,2.952853
YOZFAX,2.920326,2.8035748
TUJREY,1.3736308,1.5179461
IMESUP,4.6422625,3.9135442
TUXSAG,3.0242734,3.199145
EFOSOI,2.1355495,2.5775337
LILCEP,2.6977367,2.7901316
GESVIM,2.1042564,2.094807
SOQGUB,2.7309346,2.7237759
JAYFOE,3.8057845,3.6604905
DIWZEQ,2.578823,2.2516322
QARJID,1.5371712,1.4585363
DIHSUK,3.6457815,3.300571
HOVWUL,2.5445368,3.0640192
AYAPEV,3.1059077,3.6454506
NIZMAN,1.0770267,1.2623652
EHEPAK,3.5440109,3.4261935
QIBTUR,3.7989817,3.8551412
QOSSOJ,2.329839,3.1191978
HIGNIX,1.959764,2.1093247
AJAPOT,2.741547,2.53566
TARWIT,2.021806,2.496884
IMIMAU,1.3390723,1.4430144
KUFJAX,3.4275463,3.527643
PABWOF,3.1867254,2.9290986
ULARAB,3.1842763,3.0594075
KUSNAP,3.8289142,4.6162424
RUGXAV,2.7230434,2.6133568
HEPPOH,2.3105187,2.532021
OYEYIB,3.4947584,3.4557905
BODPIU,3.489316,3.172922
TEGKUL,2.3951461,2.8093412
AMIKEO,2.9146116,3.1083534
XIKKIO,2.681682,2.5354264
TAFQUP,3.4656422,3.5568655
TANSIO,1.9627573,2.0230565
HAVLEZ,2.143441,1.973747
SIDNIE,4.2642965,3.5479794
BEFMUX,3.5358474,3.574327
TARFAT,3.8602073,3.5339303
KEVSAJ,2.6030412,2.8365526
OYASOZ,2.141264,2.6747675
APIRAU,5.8322163,5.787524
BEQSEY,3.0784242,3.7473168
OWAHAX,3.558705,3.258246
SITWAU,0.75892556,1.2665672
AGAWUB,3.154616,3.3133519
LUZTIK,3.6041481,3.7726645
CUHXUY,1.7929583,1.8552814
COHCOV,1.9586756,2.3742208
SOZKAT,4.3094673,3.6142008
NANVIH,4.4697423,4.1092544
EKEDEG,2.057453,2.6961207
SOKVET,2.5815442,2.7433193
VANZUG,1.0615162,1.1036454
GASPIB,3.7815664,3.7250967
CICSIQ,3.5548954,3.5250175
UWOQON,3.3516264,2.8314228
XOFXAR,3.6849658,3.8033667
GULVUG,3.396253,3.2965474
ISIPEF,2.5363734,2.7899785
WIXQUP,3.8961263,3.7311316
RANSOP,2.7703912,3.0121357
HAHQEN,5.170163,4.7546477
PODVAH,3.0708048,3.3046763
RODKON,2.7241318,2.7776191
HAGTAL,1.0881833,0.6150217
TURHUJ,3.5197928,3.750919
ALIQAN,2.6327016,2.6254163
FUJQOQ,1.7211202,2.1130173
OKOHAX,2.7382817,3.0052571
QINXAM,3.3799262,3.2785542
YEDSOR,1.5145857,2.0601003
VIWKOB,0.9401534,3.2327776
ZAFWOS,3.4038723,3.2749329
QAMMIA,2.8827744,2.6345572
RIJFOI,1.0930814,3.1583762
UFIZAM,1.961941,2.2035003
ICONUJ,3.8397987,3.4222414
XIHNUB,3.3325784,2.4864438
LURMIU,3.133119,2.8139863
WIXMOF,3.0215523,2.087669
RENJAW,2.8259025,2.6887236
HUXBIM,4.151913,3.8773365
LUTHUG,2.158135,2.1138625
MURBIM,3.3140748,3.1852365
PACLIR,2.9143395,2.9521449
TETGEF,2.9317548,3.611351
ICIYIC,2.007656,1.5892282
JAKWOL,1.7856112,2.9187937
MIRXOA,1.9649342,2.2284935
KOLFUO,1.756495,2.0036802
PEKXAF,1.278663,1.0185512
EMAYIA,3.0362465,3.0285492
JUYHES,4.045517,4.010781
COLPEY,2.3554175,2.3615558
QOSDIO,1.6427513,2.5315123
BEBZIT,3.0944788,3.1369457
CARROF,2.6895735,2.7517934
YEVJEO,4.0974903,4.314023
WEQXOI,3.2599242,3.5504198
QUPPUN,3.6955783,4.1970835
QIHJIC,3.4495873,3.344266
HOLROS,2.72005,2.7629585
OJEVOQ,3.55163,3.8448281
GAZRUX,2.043575,2.465718
RIBWAD,2.2781372,2.7018552
NUCTEK,2.7355607,1.7980939
FOPDAP,0.5929361,2.8985653
IBELAC,3.039512,3.2374032
FATJUG,4.0259247,3.818214
VACFOX,2.645491,2.9880512
MOMLOQ,2.129563,2.5344768
BIZQIK,2.3001785,2.2616334
VOVDIT,2.5845375,2.69367
AGAYAJ,2.1480668,2.3579175
NOYQID,4.3508286,4.037709
DOHLUI,3.3736677,3.177289
UBEKIY,1.6541802,1.6867008
PEZSUK,4.3913736,4.841407
PALWAB,2.062351,2.0374086
UCAFUD,3.2166579,3.6318064
QIFXUY,3.986196,4.0686517
LUNYOJ,2.6541986,2.5914907
QOXZEK,2.2335105,1.3416051
ISACEM,2.985361,3.1310782
QASKAX,2.2952805,2.2192357
RASLII,3.7143543,3.2900662
SIMXOD,2.349431,2.649743
JEDNUB,1.6484658,2.4417775
DEYKOH,3.7666001,3.5394573
QEVCAV,2.8542023,3.2168503
MEFTIB,3.7040138,4.0343723
QIDWIJ,2.8577397,2.9007142
GIVPOQ,3.752178,3.8530054
BUGFIT,2.614742,2.7793272
RIKXUH,1.4832927,1.8723615
CUHTIK,1.7276509,1.7502614
RIZJEQ,2.029153,1.7859508
KEMBOV,2.4209971,2.2271075
UROFOX,2.6375997,2.658494
RUPYAD,0.13034254,-0.2537775
BERYAY,1.0884554,2.2118216
OFEKAL,2.2993622,2.631225
LOMROX,3.128221,3.3526351
KICTID,2.6340623,2.4133837
TAVROZ,4.029734,4.2901096
KIDPES,2.361132,3.0855796
DOMMUN,3.121146,3.2344592
LIJLID,3.6819727,3.602572
FIRPEE,2.4846716,2.54815
SOVBIP,3.2052293,3.2147634
EREJOA,3.202508,3.1059694
HAJROC,3.5339427,3.6854343
QOWRAX,2.2365038,2.0884173
ILIHAM,2.4408615,3.022229
AFIVUH,3.6057808,3.0300868
REKBOY,2.8356986,2.9945211
NOWXOM,3.0596483,2.9801471
JECSUG,3.6305432,3.2829087
WAPTOA,3.5720387,3.426771
YAKFEX,2.9298499,2.6998777
SOZLAX,3.3578851,3.4945278
UHAGOC,3.025634,3.1491592
MIDKUF,2.0805826,2.302096
WAJCEP,3.4735334,2.6693351
ROBMOK,3.0503964,3.3142333
SUSBIU,3.3157074,3.1822958
POBBIU,2.000037,2.1914887
OLUZIE,3.0460427,3.157546
OREDEV,2.7208664,2.9207435
CAFNON,2.8732502,2.716973
YEFJUS,0.24789573,-0.14044428
DAVGOY,3.8969426,3.8765771
MESTCR,2.875155,3.1456559
RATFIB,2.9233193,2.8807845
GACMIH,3.5976174,3.407844
GUQPUD,3.405233,4.265828
ZEJNIN,2.9676738,3.198348
KIJTAY,3.484418,3.5176392
KUFJEB,3.42673,3.2056923
IQARIB,3.821295,4.0587616
GUKBOF,3.2942104,3.0922303
LIXPAN,2.310791,2.2698498
WAJPAA,3.068628,3.4840856
CEGZOE,2.1265697,2.5349019
MAXQUX,2.6922946,2.6492603
AHAXAI,2.5943336,3.059981
IZIPIT,2.7042675,2.888898
KACMEJ,3.1916234,3.7129233
KAGNEO,2.736377,2.2908392
YIQPAS,2.022078,2.5498662
PUCKAB,3.0550222,2.83003
SECXUX,2.057453,1.6575726
GETTOO,4.0781703,4.561325
XEYHEP,4.4008975,3.87592
OVEVAN,1.4400265,0.05427289
MIYCOP,2.4841275,2.9236991
XATBEA,4.395727,3.8785863
LASGER,3.1603303,3.1876194
SIWCUX,3.2942104,3.2460515
TEHLEA,2.143713,2.00049
JEBPOY,2.980191,2.967123
LOPTEQ,1.993234,1.8756495
XAWJOV,3.4223762,2.8001287
ZOHXIH,2.9165163,2.730801
ORIYIZ,3.0784242,3.379192
DUMMUT,2.4716103,2.9743948
GIVQOS,3.4490433,3.3736973
XANHEB,2.4789572,2.793168
FIYRIP,2.6678042,3.0632212
BIBXIW,2.3701117,2.2450993
TIBPEB,3.4120357,3.5632062
UDACAH,3.8678265,3.6344244
HAJWOE,3.7695932,4.040694
ESARUM,2.2326941,3.0624137
FUSROA,1.472408,1.3148528
BEKZIC,4.447429,4.0471277
AMEYUO,3.0316205,3.2581577
NOKQIP,4.144022,4.1629047
XEDGEV,3.1584256,3.3656192
LIXDUT,3.8425198,3.8351595
NAJGEO,2.7927046,2.888341
KEHJOY,2.836787,2.9299846
ADEZUE,1.2250566,1.383139
ESERUQ,2.9652247,2.4631076
ARIFIS,2.650389,2.9560704
RICJIX,2.5301147,2.644693
XUHCOS,3.3323064,3.2926803
JUQXEB,3.7872808,3.8342052
XIPWAW,0.9069555,1.1707284
HAGXOE,3.1576092,3.129885
LETVAK,3.056383,3.2518437
DEPREZ,2.394874,2.71933
YATSAR,2.6759677,2.9097488
GOPXUH,3.589182,3.3646865
PIGQIH,2.5048082,2.7220976
WAWLEL,2.8865838,3.0461926
HILDIQ,1.5934988,1.3852223
WAWBAX,2.7886229,2.8994462
JOXXID,4.043068,3.9908183
QIWKOX,3.5557117,3.5207489
WOKYIE,2.9883544,3.1521633
IPEGOC,3.064002,3.501019
LIZCUV,2.2577288,2.2316527
DADPAA,3.8991196,4.1697483
PERXIV,2.2639873,3.0172327
FOPYOA,2.332832,2.4453936
VOHNEN,2.8980126,2.982109
GAPNAN,1.8835721,2.2451649
TURMIC,0.427763,0.38399506
FUYWAY,3.2109435,3.4254093
YAKGOI,3.066179,2.8518057
TECNOH,2.5921566,2.743495
XAMXAN,1.1934915,1.4145912
HIXBOF,2.3257573,2.2944095
KEKJUG,4.356271,4.154923
POBPEE,3.6446931,3.6937919
GOYHOT,1.6520033,1.6142359
PULCOR,2.7774663,2.8579652
GOLQUU,4.0112305,4.0879364
FIRJEW,3.0011437,3.091352
LALVUT,3.7029254,3.9494083
SOPBEG,0.9311736,1.200922
XELBEY,2.3382745,2.3419216
BUKYEN,2.8044055,3.0376763
DAWFOX,3.718436,3.2164552
YASGOO,4.96635,5.2787104
ETORAH,1.806836,1.6036597
KIGKAO,2.382629,2.2043335
PEZNIS,3.004137,2.9939377
DAPZIF,2.5671222,2.3466744
RUMPUL,1.9886081,1.819156
MIBQOE,2.35188,2.524347
IMAQIZ,4.077082,4.139808
JIJVIK,3.5189764,3.5692444
YUKLEX,3.023185,2.9073775
FEFTUH,3.4637372,3.6070704
ZIHNEM,4.999548,4.866028
DILQUK,3.3080883,3.2645648
KAJWIE,3.2155695,3.2159214
SEGSED,2.1880677,1.9958214
VEHGAR,3.290945,3.183416
TEFZOW,4.2049756,3.6822948
TORKEQ,3.384008,3.379323
DOXRAJ,2.303716,2.8401062
VECGOA,1.0236924,2.3067627
INIJUK,3.9320452,3.7202818
HIQCIU,1.2751255,1.3463585
ALEKEK,3.2280867,3.3717995
IQUWUM,3.1434593,2.535777
PUPPAT,2.6180074,2.7916975
KUYXAG,1.8120062,1.6741672
ISAPIC,3.69966,3.7274737
GIGSUL,2.6727023,3.7558482
SAMMAY,2.0506501,2.1750555
MEGKOZ,3.904834,3.909916
HEFQIS,2.404126,2.232782
ZOMYIJ,3.5636032,3.611717
VENMEI,2.483039,2.5721867
IGOCAI,3.9198003,3.6290963
WEQHEH,3.1227787,2.4582076
XIYJEW,4.05749,4.0021105
UTUFIB,2.5578704,2.234116
QOCZIR,1.0498153,0.9766375
DIFRAL,4.2550445,3.8755016
NUMJOX,3.6174817,2.8474798
ALUXOU,2.246572,2.9847834
SULCIO,3.2218282,3.230171
KUWSEA,1.1899539,1.7107345
YIXYUZ,3.749457,3.8462567
NUTQOK,3.1143432,3.0305266
YONYOR,3.9516375,3.971025
QOCKAY,2.6024969,2.4545894
XOYLUT,3.403056,3.470788
ACUGIP,3.304823,3.3077176
KOSSAP,2.2691574,2.8775213
CNPLPT,2.2520144,1.970484
UYANUG,2.8876724,2.574491
YOQVIM,3.8120432,3.4245968
EBAYOW,1.9551381,3.8006444
BAFLUQ,3.4218318,3.582813
ACUKOB,2.246844,2.2888935
EFUDAL,2.920054,2.1800663
JAFKAF,3.6095903,3.5412467
HIGCUZ,6.8458405,6.208688
WEPMOV,1.9086066,2.501704
SEVCON,3.0509405,3.4095461
JUVVOL,2.0707865,2.0428946
QOLDAZ,2.0784056,2.2558177
WAPKEE,3.2604682,3.1148162
LALTUO,3.0248177,2.9656758
QUSNEX,3.2795162,3.569658
FASBOS,1.4876465,1.6405196
CEJLEJ,2.5287542,2.7669823
MEGKEP,3.0286274,3.3628123
XEMDEZ,2.6721582,3.025744
NIWTOE,3.3178842,3.8223164
GEQXUW,2.903727,3.620016
SONHAF,4.4030743,4.056333
NETFOJ,3.9987133,3.6736135
HIXJUT,4.1734104,3.7032218
ZAYGAL,3.4517643,3.4278684
MIXLUB,3.0482194,3.0231059
CEJBEZ,3.1995149,3.1521502
GORLOR,2.8860397,2.8162615
MOTCRH,3.6308153,3.3264415
KIHCIP,2.779371,2.6936073
NESLIG,3.6357133,3.723368
SUQRAX,3.4212875,3.4302156
TADZON,2.8019564,2.8764415
FOWKAE,2.6024969,2.7795749
IDEYIC,2.387799,2.5495977
NOPHAD,3.1597862,3.3254797
DIRVIN,1.2702276,1.2987531
QUSTIH,3.4226482,3.724546
NITKUX,3.3733954,3.605225
VUPGUL,3.0501242,2.819844
BOMVUV,3.3110814,3.2324238
JUNGEE,2.9159722,2.79443
HIXLUZ,2.33256,2.228932
JEPXUX,3.2340732,3.3487763
JEKLOB,3.0177426,3.3854997
XANLOQ,2.7276692,3.0828636
HANWIE,2.6656275,3.4305346
HOVQOB,2.0174522,2.394832
NOJBEW,2.7597787,2.4688823
BESYOQ,4.819953,4.8163652
LULNEL,3.5170717,3.5595994
YIXTOQ,1.9374506,2.0415483
DARTIC,4.1146336,4.27084
IFAHUV,2.825086,2.839491
UJEDOD,0.7363401,0.44290614
CIGVIY,1.7080587,2.2308946
RUZZAN,3.9181676,4.3369646
ZEPMOW,3.1393776,3.092554
YANFEZ,3.1118941,3.392161
LONFOM,2.6585524,2.8806045
WOBWIU,2.5733807,2.3920555
FEPSAX,2.4653516,2.7908006
SIMCUO,2.855835,2.6831608
REXRAR,3.104547,3.299927
RESZUL,1.584519,1.7549113
FUZSEZ,3.6765304,3.6606512
KIBTIZ,4.038714,3.869907
KURNER,3.8514996,3.7239292
VATWIY,2.8977406,2.7050123
EVAVAY,1.044373,2.391963
GUKKII,3.056655,3.0130858
GUSZUQ,3.353259,3.7189171
PAQSIK,3.8300025,4.1075974
FEBWAK,2.3760982,2.7760956
WOBVUI,3.084955,2.9150445
IGUGAS,2.70073,2.8092852
ICCTMO,3.0582876,3.1870754
WIDHEY,4.19137,4.1432824
IQAKAM,3.22591,3.6922395
RAQFEV,3.936127,3.5121307
FAFWUE,4.772877,4.381476
JENPOI,3.250672,3.1882322
ZOTZUF,2.4144664,2.3359036
TENLAD,2.6805937,3.1848464
SAQGUO,3.7981653,3.617708
HUYHUE,2.5426319,2.8815203
SIGDAP,2.2664363,2.1208105
AXUCON,2.2062993,2.089064
ZAFHUN,4.5372267,4.814702
AJUXIN,3.802791,3.6121342
RULRAT,3.4414241,3.183912
RIKDAQ,2.1592236,1.8746465
BOGBIK,3.0123005,2.962735
SOJBUO,3.1578813,2.8493285
JOFXIO,1.8144553,2.385188
XUVDOK,4.112457,3.8906553
WEZFAK,3.3260477,3.2837598
HIKQAW,1.6794868,1.735558
ICUBUG,3.954903,3.5419016
ZOQKEV,2.8512092,2.79997
FOYZEB,2.3097024,2.923698
DONQOP,1.3189359,1.5559256
JECPUD,2.5159647,2.4515266
SISBEC,2.1216717,2.7775245
QISDON,1.2313153,1.7184657
GUGVOW,1.9374506,2.4246688
NORCII,2.8095756,2.054634
EBOYUS,1.8911914,1.5024292
UJECUJ,2.3360975,2.6305952
IJALEN,3.0378792,3.1035254
SEGKIC,3.5301332,3.9161563
CAMFIF,3.3573408,3.0683434
QIXRUM,2.4525623,2.6288242
PASCES,1.5039734,1.5934492
LANMIW,4.7998166,4.9205623
TUVWUC,4.158444,4.0518484
NAPQEA,3.2185628,3.278041
LOVBOP,2.3646696,2.273095
PICMOE,4.0438843,4.366
SAFDIN,1.1956683,0.93962526
OSALEA,2.798691,2.5240889
VUVFOK,3.3012853,3.5605361
BEWNUO,3.5508137,3.5828514
MATFUL,2.1665707,2.3532052
KIMWUY,4.5157294,4.735833
PILBOC,2.46644,2.5168498
LUZMUR,1.988336,2.7161598
ICUXOV,1.6786704,1.8622515
OQIGAZ,1.775815,1.8624638
KIFFAG,4.576411,4.528365
EHIXUP,2.7867181,2.7702227
WASHON,1.4419314,1.7775525
QENJUS,2.1350055,2.0638378
RADNEP,2.9698508,3.2030597
NOJROU,2.4740593,2.215049
LUGQUA,2.6424978,2.632136
OQEWOZ,3.5453715,3.475089
BOFWEB,1.8326869,1.6271979
RUMSUO,4.2218466,5.703827
BUYWEY,2.0057514,2.2885246
LIGXUV,1.785067,2.8616364
FOKGIW,3.477071,3.245147
YINNUE,4.378856,3.942528
ZANWOA,4.1257906,4.0465193
XUVYOD,1.8128226,1.8238846
SUTVAH,3.5622425,3.761108
ISUBON,0.16626157,0.114482164
XUBYOL,3.95708,3.4067886
SOXCUF,2.9810073,2.8435457
NESHUP,2.1129642,2.0200248
GAFCOJ,3.3116257,3.3239594
LUJBEX,3.9709575,3.8061848
RUNLUI,2.7867181,2.65925
SEDFUG,2.8550186,2.32524
UMOFUX,4.1206203,3.928086
LIYJUZ,2.8903935,3.002664
BIZVAL,3.1464527,2.9276118
ODOVOU,1.7807131,2.302661
EYOLUZ,4.1565394,3.7806816
QEWROZ,2.9121625,3.179189
TAHWOR,3.252577,2.8221788
XAFVOT,3.988917,3.9621222
NAGXIF,2.3165052,2.2916467
FOLCIU,2.872706,2.4861984
NIWPER,2.3663023,2.2296352
CUQPAG,3.3306737,3.3479056
USIVAV,2.86291,3.056959
XIZXIN,3.6963947,3.7137609
SISJIO,2.0939162,2.170935
DOHJOD,2.6928387,3.0448275
RITFOT,2.3676627,2.5494206
ZOGZUT,1.6299621,1.7236497
MOHPIJ,3.9660594,3.7560573
DIWJAW,2.6990974,2.3756526
ZICMIK,2.7159684,2.1425054
XUCYAV,4.859137,4.3638544
ZEWSIG,2.9238634,2.9555776
LOVZII,1.417169,1.1192927
RINZIB,3.087676,3.5866761
HOZGOT,5.1916604,4.8010063
KAWGOF,3.520337,3.7707372
WEWZIH,4.263752,4.026304
GIZJOQ,2.9548845,2.8994985
VIMCUR,1.6528196,1.7867773
XEYNUK,3.7742193,3.9507878
LOPSOB,2.5986874,1.8223655
FORJUS,3.7279599,4.4175034
ISNBZP,2.5244002,2.6452742
LARLOI,2.6084836,2.6624932
IKOCOB,2.53338,2.5900009
KOGVUA,2.666988,2.6863275
HURXAU,1.4544486,2.09519
POCNEE,1.6509148,1.306866
JUYTEC,2.3562338,2.578827
VUDBOM,2.267797,1.8134682
JEDOOW,4.6330104,3.0797372
AWAGEN,3.2942104,2.8722963
KEHKOX,1.8767693,3.054462
MALLIW,1.8397619,2.3191032
PIBKET,2.961143,3.330378
IHODUE,1.8081967,2.0285869
XAJWOX,3.4836016,3.2520602
UGAQEA,4.24933,3.9191723
PAYLEH,4.2762694,4.306107
ASUHOO,3.5984337,3.6786225
GOPYUF,3.697483,3.5141087
GAHRIT,2.0664327,2.138043
ETUCAX,3.240604,3.4952507
IQUGEH,1.0650537,1.2786901
KALTEY,1.8824837,1.4980634
QEWPIV,4.278174,4.1675944
DOCGUZ,3.2555702,3.2062428
KAHBOO,2.9567893,3.2953236
AMAVIU,3.9706855,3.760481
KEYVOZ,2.4909303,3.1135411
FAMGEG,2.2876613,1.8796235
WEHTUC,2.3918808,2.598024
MOJROT,1.8952731,2.3447764
YEWGUD,3.1576092,2.9794524
EPOJUQ,3.3404698,3.44259
YAYCUX,3.0561109,3.8258562
QAQYOX,2.4944677,2.3527637
GIQGAO,2.7850854,2.9499264
QORDEH,3.9538145,4.0402174
IQEVOS,2.2743278,2.7189424
MEBKOV,3.838166,3.991387
UHAGAO,2.6903899,2.9084437
SIGLEC,2.4294326,2.3199284
EZUTAX,3.2125762,3.1298137
TEYKAN,3.2250936,3.1381707
QEHKEV,3.2180185,3.6947608
CESMAQ,3.3704023,4.035814
AQUHID,2.752976,3.3779044
NAFJAF,2.3712,2.7387679
GEYXEP,2.3314717,1.9496138
DUFTED,3.505915,3.6382475
TERWET,2.877332,3.1939068
SUXVOX,3.7143543,3.7076328
WARVAM,2.4152827,2.9283907
KIZWUP,2.8286235,2.2479334
NOZHOB,3.0765193,2.7014139
RAFWOM,2.7429078,2.501725
NOWXAY,2.0579972,3.2506378
FAJYOF,3.7366676,4.297289
WUNCEO,1.9554102,1.7919412
VOXMOM,2.836515,3.0243812
NOMFAY,3.369314,3.0178533
MERWIS,3.3040066,3.3175344
EGEBUQ,2.8637264,3.3179278
CELJEK,4.7328763,4.6657624
SPPEIR,2.4550114,3.4497066
XEQSOC,1.1385244,1.3407192
YAKYUG,3.1480854,2.891121
LUPXUS,2.1643937,3.143514
LUKNOV,2.4030375,2.8360374
NOQDUV,3.7007484,3.8311286
UBAHUE,3.659387,3.9831364
LOTRUH,4.561989,4.1308904
DOCPOD,3.1078124,2.2755828
PAWROV,3.3782935,3.194728
YOMXEF,1.3967605,1.091311
REHROP,3.5763924,3.2680805
DEDSEO,2.0506501,1.7485183
XURRIL,3.9660594,4.5236974
XUCYOM,2.5195022,3.2431653
KUMLEK,3.917079,3.6992493
XULLOG,4.050687,4.0594587
OPUCUZ,3.293394,3.2054298
SUXSIO,2.2305174,2.303009
FIRPAA,1.8351359,2.047061
GOSFUR,3.9608893,3.4314954
XUYVUJ,1.981261,2.1026163
YOBZIZ,2.5483463,2.4507506
MELLUN,2.5401828,3.3417902
TOCREK,3.1954331,3.71864
HINMAS,3.1516228,3.3770177
YEVTOJ,2.774745,2.8607206
HEXXEP,4.846348,4.730834
MOYZOP,2.0256157,3.0187042
COGHUD,3.4953027,3.323705
FIYVEQ,2.509162,2.8683512
COGWII,2.5671222,2.7813516
XAHRON,2.6721582,2.5441132
DIGQAP,3.2302637,3.5734937
SOPDOS,3.4757104,3.0831602
MUMBAA,3.283598,3.0317142
LENFOB,2.6664438,3.3412755
JUPTAP,3.802791,3.9313192
XALREH,3.7603414,3.742315
LOPSUE,3.632448,3.4885638
HEWXEM,3.0650907,3.333078
NUTKUI,1.6484658,1.4942521
FOLZEM,3.7238781,3.2299871
CIPFUE,4.4926,3.8851252
TIRROB,4.2340918,4.5484037
HADHEB,1.9222124,1.8084619
DEBMEE,3.7361233,3.8867314
FURLAF,3.6721766,3.7291083
FUJZAL,4.476001,5.2564583
GIMWAC,6.4344044,5.142145
PUCREM,1.9853427,1.9661722
IFIHEM,3.2435973,3.25468
ESEBOT,2.311063,2.0344677
IBEDOM,2.0517385,3.1611443
EKACUR,3.204957,3.605215
AGITOA,3.596529,2.9967475
KAHBEA,2.1262977,2.8527586
XAMJUQ,3.326592,3.2615209
DEQGUB,3.3491774,3.7544682
UJUYEF,2.905904,3.15177
CAHQOT,1.596492,2.8858995
WOGFII,4.153274,5.3379517
DUZGEN,2.1328285,2.2621856
QASREK,3.639795,3.217626
EGUXEJ,2.2805862,2.7834187
WOMTOJ,2.7693028,2.9991941
RELDIY,2.3818126,2.2230597
QIZREZ,2.425623,2.5348582
MIYQOB,2.2139184,2.1348448
SUGXEY,2.630797,2.7390242
JEDLEM,2.865631,3.1910298
TILJIH,2.9260404,3.5820694
UKEQOQ,2.7129753,2.7312062
MECKAG,3.0865874,3.245642
QEJRUS,2.8501205,2.7701316
JOPVUI,2.906176,2.6163933
SUQLAU,3.128765,3.707222
XUWPOV,2.387527,3.3420422
KAFCAZ,2.3360975,2.4596405
PESHEE,1.6100978,1.160014
TAJZAI,2.879509,2.9677377
PEDCOR,2.8596447,3.1295474
VAWLIR,2.795698,3.1308591
LUTJEQ,3.773131,4.14268
DEDZIX,3.9592566,3.9376326
PIVNAL,1.8408502,2.209661
CMAPPT,3.9823864,4.1745663
CEWPOL,3.4218318,3.4924016
WAWGEG,3.874085,3.6669703
ROQNEQ,2.8079429,3.988164
KUXZAE,3.0346138,2.9933774
ELEYAW,2.3067093,1.7816039
MOSPEP,3.2539375,3.2211483
NINCAS,3.4191108,3.302346
GOPROU,4.1478314,3.817259
ANISUO,2.5467136,2.390664
WODWOC,2.9812794,3.3979383
ZOVZOC,3.8735409,3.8140805
DOKBIS,2.6248102,2.8905957
REDLAQ,1.8032986,2.0642395
CUQSUD,1.6185333,2.0413208
XOCTUI,2.5556934,2.6733942
FPASMO,2.6019528,3.3465605
XAHTEJ,3.1148875,3.2499328
QUNYAA,1.4612515,1.4653752
AQOYIQ,2.731207,2.9416065
QOTTAW,2.5105226,2.4758449
FIGHOT,4.2509627,3.8274627
TAYDOP,1.7632978,2.0678775
ATODIY,2.2174559,2.00857
PEGZAC,3.986196,4.0733886
OCUHID,3.7143543,3.8788338
ZAKFEZ,4.173682,3.8519025
WUCCAY,1.8052033,2.582815
AYALUJ,2.6827705,2.6442456
DODWUQ,2.0658884,2.1365857
PAWRAH,2.9595103,3.0077999
LIYXOJ,3.4161174,3.2472796
CEJNUC,4.350284,4.3562355
YAVFEJ,2.186707,2.436274
WISKUG,2.9279451,3.051516
XOQTUU,2.3284783,2.765853
IJUNOS,3.159242,3.3025997
OYUYUF,5.157374,4.385542
BCOCFE,4.041163,3.322369
JOBKUG,2.5703876,3.5309765
XOZVEO,3.7848318,3.8824577
YECCAO,2.4814062,2.5380666
POWJIU,4.335318,4.267408
XILYOG,3.3793821,2.9223363
GALSIV,3.455574,2.9834638
SOTYEF,3.3380208,3.5354903
YEDVOV,2.712159,2.414179
QAKTEE,3.168766,3.3766236
YEXVAA,3.9222493,3.969344
GABFIZ,0.8400155,0.8047843
UKEJAW,3.5072756,3.2991607
DEWDOC,2.6150143,2.410171
TINPEO,4.082252,3.6368768
FAJGED,3.3442793,3.2037938
EJAYOE,3.2057734,2.3841298
WEFNII,2.1897004,2.1037047
MIKQUV,2.7129753,2.5755413
JOCBUY,3.2786999,3.3050478
NAYYOC,3.0963836,2.5380273
OFENAO,4.00606,4.3977976
ZUXFEG,3.6716323,3.6878786
DUXWIE,2.3208592,2.371317
PABNOV,3.1225066,2.9963222
YOBNIN,2.6607294,3.1785254
BENGAG,2.4019492,2.3705711
EKAKEG,3.9725902,3.523061
KODCOV,3.1948888,2.9742346
NIHPOK,0.71538734,1.6955
TEKVAI,2.6688929,3.1822753
JAYGAS,1.2016548,2.4536138
YACGEP,3.4601998,3.3105884
TOZTIL,2.7358327,3.4276063
CEJXUM,2.633518,2.192858
JUTJAL,5.0365553,4.359928
HOBJAJ,2.9121625,2.9870944
BORGIY,2.2876613,2.6519334
REHGIU,3.9725902,3.617117
HAFJAD,2.9464488,3.2493072
VUFXIF,3.2400599,2.9153335
FIHTOF,3.2346175,3.0724952
WIWNAR,2.1524208,2.0746279
NERHIC,3.2879517,3.530146
DEGMEH,2.4343307,2.4768708
FOTWUH,3.128493,3.3200066
VUGBUW,3.429451,3.0257542
FUPGUV,2.752976,2.7330747
ODASER,2.2408576,2.1861737
PAFXAW,2.8699849,3.5225048
RIPWAQ,1.8745924,1.5597684
DIGZEY,3.0895808,3.6163504
SIKBIA,2.985361,3.2590868
KEQCUE,3.6955783,3.353474
AQUTEM,1.8212581,1.934046
MOWRUN,3.2816932,3.2999744
IYONIW,0.9077718,1.7870195
VABMIU,1.9649342,1.9229437
KIMJUL,3.2993805,3.9269009
POVLUI,2.1671147,3.311954
EJEPER,4.944037,3.912466
LIMXIO,3.9554472,3.577032
BIJKEL,1.1556675,1.5863868
AQACNJ,1.1548512,2.7907212
LUXJUL,1.3828826,1.3339388
HPIACU,2.2160952,1.1761566
NIJXAF,3.4395192,3.0685947
HEWPAA,4.3394,3.983402
LETJED,2.912979,3.0981655
TASNIO,4.343754,4.153422
OBOSED,2.2052107,2.2409825
QAMSOP,2.7254925,2.8347678
PEYWOJ,3.5772088,3.2744148
TAWVOC,2.1516044,2.0060718
COGZUW,2.6683486,2.6359959
WISBUY,2.8000517,2.6907368
GORHIH,1.5091435,1.624607
DUVTEU,3.5007448,3.675967
EHERIV,2.2171838,2.6433733
FAPNOB,2.354057,2.455336
XOCGIJ,2.7478058,2.350831
WOPYAC,3.7826548,3.60462
UKEDAR,3.0653627,2.746408
ODUGON,3.453669,3.514359
HUBDEO,2.8449504,2.9516246
UDUQUF,4.29178,4.9351845
FIVLAY,3.7053745,3.4373317
XAWLOZ,3.7157147,3.6528802
ZECFEV,3.2566588,3.206546
VEZNAQ,3.8008864,4.0884967
BUQCOH,3.6294546,3.6847866
EZIGOK,4.2408943,4.2141185
HIBRIU,3.4123077,3.5185127
DIFKIO,4.452599,4.7184925
OHUZIC,3.3230546,2.4829774
VOGWOF,4.501035,4.2255735
LIBQUJ,2.60032,2.7058525
YIYHIX,0.35755762,2.3111672
RIXXUR,5.1581903,4.734264
DOZQUE,3.7772126,3.6590521
HIMKIY,2.0394933,2.2254071
MAQPIG,3.32632,3.3488138
VIBXIO,1.9779956,2.1536846
ULUDAG,2.7712076,2.982224
UYOCER,3.157065,3.3264725
QOJRIQ,1.3760798,1.4124343
XUSYER,2.4890256,2.615654
OCOCIT,2.33256,2.2208633
VIFYEQ,3.145092,3.1885462
KISTUB,2.9908035,2.8795633
PILHIE,3.9973526,3.8522139
FITQAD,2.597599,2.7556183
JUWDUA,3.446322,3.554557
HATGUH,1.6220708,1.503615
MEZBOM,3.2569308,3.1864007
IPOSAI,4.2531395,4.645009
QODKUS,2.9959736,3.0791743
IQELIA,4.3342295,4.732604
KIJHAO,3.1967936,3.042118
WEXVIH,1.8598982,2.209958
XOTKUN,3.5614262,3.9230866
SOTDEK,3.84769,3.8914332
DAWHIT,2.1744618,2.0046065
LISPIN,3.513262,3.6979575
TEQFEE,3.0871317,3.255798
SUGVIC,2.7015464,2.8782732
IGOWUX,2.2092924,3.0299544
WAMZAM,3.5521743,3.739245
XOFKIP,2.598143,3.12913
DEJBIE,2.7714796,2.8237147
FODJEO,1.9507843,2.1280432
CAKSUC,0.5298057,3.6668725
OSISOB,2.2212656,2.313764
WEVQEW,2.1731012,2.1531634
HUXGIQ,2.5970547,2.302664
HETDAL,2.384534,2.031502
VABYAB,5.451529,4.180548
CESHUF,4.789476,5.150112
OXEXAS,1.7360865,1.9411714
MAHSUM,3.0283551,3.5291843
KOMBUJ,3.627822,3.741282
HEHSAO,2.230245,2.4419746
SEHZUA,2.7929766,3.3350472
ACENEF,2.7946093,2.835131
CEGZUK,2.56685,2.3392997
BARLAJ,1.3371675,1.2884934
LEMVAB,1.7268345,2.6370718
XIMGEG,2.8882165,2.8531287
YASDOO,2.27977,2.1328387
JOMLEC,2.1037123,2.6865454
GIJHEN,4.7304273,5.1716795
QESMAC,4.2447042,4.315426
FATFIT,2.6242661,2.5892072
HERPAZ,4.4749126,3.5319104
UTAQAK,2.186435,2.2104769
FUPMIN,3.3118978,3.470582
XALFEY,4.8096128,4.723113
WIXQID,4.220486,4.516694
HALKOV,2.2724228,2.6164582
UQEHUV,3.1029143,2.9813714
CATZED,2.9135232,2.9349494
WURNII,0.44572252,2.970897
ZEGZAM,3.221284,3.9322507
PEBJOV,3.326864,3.4950309
UQUKUP,4.572329,5.142602
AZIKEZ,3.9810257,4.2065263
FIJBOQ,2.882502,2.7855597
UCODID,3.78075,3.864186
YANSOW,3.7037418,3.5333996
DOKLUM,1.6403024,2.2096007
IZUHAM,3.701837,3.5123622
QEPHAW,3.1467247,3.3569891
BIDSOZ,4.2702827,4.0105305
AFEGAU,2.7940652,2.538982
UCUKEK,2.8185554,2.1803637
OHEHEP,3.4599278,4.1057787
MUCWUD,3.6525843,4.128047
QOGJUR,3.2735298,3.8220096
FEZVUB,2.977742,3.1462545
PEKVIN,3.1314864,3.2950222
XIRGIQ,1.6160842,1.8817328
JALWUP,2.619368,2.7014687
RIQSIX,4.6730113,4.613516
TAFDEM,4.237901,4.134996
FIGGUY,3.8422477,3.906835
DOFWUS,2.4367797,2.7633386
NIWJAG,2.8827744,2.8430026
TIZRIE,3.2871354,3.2271378
SOBPIK,2.9997833,2.8174014
ACISUC,2.8522975,2.8088808
METTAG,3.0454984,2.8882499
FOYDUS,3.49367,3.9529595
HOZQUJ,2.2716064,2.7478013
DOCZAY,1.4370333,1.4639924
GAJHIK,3.488772,3.3177862
HOTWAP,3.8245604,3.890038
LURTEZ,2.884679,2.9865632
GIRMAW,5.5952053,5.5564165
IYUXOP,3.6863265,2.2110434
EXEVEJ,2.2533748,2.237269
OHOCIY,4.4324627,3.5930998
NAPJET,3.596801,3.8615642
CUGQAY,3.4191108,3.3946307
YIMVUL,3.1312141,2.8864136
KEZDAY,2.9031827,3.4595335
AQIHOA,2.9769256,3.0213623
SUTPED,2.8073988,3.0706792
HAXBOB,2.9064481,3.5395386
ELUSAF,2.2539191,1.8923588
DICTUE,4.1230693,4.122373
EHEYAT,2.8620937,3.6520603
HOFPUQ,3.5461879,3.400603
ZEXDOV,3.596529,3.7083855
VAQJEE,2.3437166,2.0066242
DAYQAY,3.1872697,3.9939127
PAHSIA,2.6639948,3.0259616
CEHYUM,3.816669,3.5120864
TOGXOE,3.023185,2.7607894
ZAKSUC,3.2340732,2.7770934
ZEVNUJ,3.692041,3.282958
VEXKAM,3.9799373,3.220589
HAMKEL,2.4340584,2.3501964
PUVHOD,2.549707,3.0006835
WIFQEK,3.17829,2.8766518
KURYOM,1.5077829,1.3972431
GERJIZ,2.7235878,3.127256
JAQSID,1.3009764,1.2486712
COZFUS,3.2163858,3.1176336
DOHFAJ,2.8220928,2.8735356
BEWREA,1.940444,3.5628855
UKEZUI,2.148339,2.3427653
XERHIO,2.2506537,1.4781128
HIJDEL,3.3573408,3.1167173
ITERAB,2.081399,2.0744867
OLUGUY,2.6424978,2.2677488
XAHXOV,1.6479216,1.3372871
TIQZOL,2.3080697,1.7378912
OQOKUB,2.9222307,3.0579243
VEDCIR,2.9113462,2.7250445
QUBKAC,2.590796,2.5278816
PAGHOV,2.0895624,2.559287
YUCLOX,2.865631,3.7111664
JOYSAT,1.8824837,2.639178
FECPOT,4.26348,4.1971555
FUZSIF,2.696104,3.3594756
ROSQOH,2.3311994,2.606626
LAZGID,2.4822226,2.549769
NEBCAA,3.9355829,4.2048793
JINGET,3.1075404,2.9086149
YOLHOX,2.736377,2.8656454
ZEFRAD,4.36906,4.285333
NONQUE,2.8182833,3.036313
JIWYOE,2.322492,2.4919086
BISKIX,3.4933977,3.6322918
JELWED,3.3736677,3.4755793
ZIDFEA,3.9608893,3.285878
KICZUT,3.790274,3.435171
OLOWAN,2.1695638,2.1278985
KEMCUA,3.9538145,3.5218472
HABQEG,3.0765193,3.0277944
QEZPIY,3.7181637,4.285713
FEHJEK,2.7673979,2.9047768
YOMBIN,2.5350127,2.5166423
PILBIW,1.9480631,2.0434475
GODJAK,3.3235986,3.106449
PODSAE,2.6506612,3.9487963
EKATEP,3.1203296,3.1873753
GIQSUW,3.7347627,3.7328267
ROYJIB,4.203887,3.5283613
OPIVOZ,3.190807,3.6826694
TUZSOY,2.14589,2.1638985
DODDEG,3.9257867,2.9330053
NEQLUU,2.884951,3.5837646
EMEZIH,3.5616984,3.356388
DEGLIL,1.8560886,2.0897646
EGABIA,2.8052218,3.0059183
UDELEY,3.4256413,3.2373128
SAKVUY,1.4895513,1.3687406
LIJDEN,3.6036038,3.9229493
KUJSIU,2.5151484,2.4951339
UGUHUB,2.205483,2.3855674
JUTQOH,3.740477,3.173385
KASFIW,2.0745962,2.1439404
AMETOC,3.5772088,3.6276197
NOHKOK,0.5227307,2.146258
DIBCUQ,2.4767804,2.4465842
ICBICW,1.9415324,2.4063547
FUGWAH,2.8661754,3.505444
UCOHAV,2.9197817,3.3605716
NILFIX,3.0033207,2.8933582
FEKYUQ,2.0509222,1.7739428
MOYMAO,3.9823864,4.017274
XOWGUL,3.4199271,2.8920739
SUBCEX,1.6555407,1.5801363
XIWKOF,2.655287,2.7356303
VEWDAD,2.28494,2.3765345
FACCUH,3.6245565,3.2674112
NOYSIF,2.0065677,2.0554852
MOKRUZ,3.6368017,3.582128
OZEDEE,2.5265772,2.5028305
ZUXWEW,2.963592,3.1106606
BETBUZ,2.258273,2.1740682
QIKSOV,3.255026,3.0970628
KIGXED,2.2509258,2.0763829
FAKJUX,4.5421247,4.61924
OWIWUP,2.7894392,2.9120908
XOGMOW,2.6966484,2.9078386
FUTWID,6.3797097,5.1046953
ILEFEM,2.0188127,2.0486772
HOGNEX,2.2242587,2.0529602
ISEJEW,3.3878176,3.5257478
GOTWET,3.7048302,4.085067
FATVIH,1.8947288,2.7789035
ROKWEW,2.855563,2.6408992
JELMAR,3.080601,3.1158876
REJWAF,3.6264615,3.44551
FUDJOD,4.1764035,3.771876
EYICOE,4.216676,4.061764
NEBHUX,2.8210044,3.1554632
COSBOE,3.453125,3.3498433
QAYROX,1.7880602,1.758204
QIFFET,3.7872808,3.1355455
NITBID,3.8520439,3.600604
TURKIB,2.4849439,2.464262
UDIWAG,5.219688,4.828199
JINMEB,2.5622241,2.336254
VESMIP,2.7750173,3.2849607
XUZMUC,2.555149,2.3239543
OJIRAD,2.7946093,3.0333953
NEBFIL,1.8261561,1.5430307
KIJYEI,2.035956,1.8626596
ESIRII,4.1981726,4.1650686
GIVYIV,2.810392,3.1536427
AGIVOC,3.3423746,3.4321907
ROBJIC,2.9676738,3.1905437
CUGVEH,3.0313485,2.922717
EJIYIG,1.6735003,1.0927979
VUKWEG,2.2291567,2.9308426
TEHXEJ,1.5235655,2.290071
XOXZOB,3.259652,2.7429793
ZASHEI,3.9467394,3.7702088
JEBDOJ,3.6838775,3.4453728
RAPJEZ,2.0699701,2.197827
FEQFOY,3.046859,3.7335944
IKUNIN,1.4334959,1.9687591
SOYHEW,1.6117305,1.7721419
BUSKAD,2.77665,2.8856895
NIYLIU,3.6762583,4.340451
CMTPCU,1.0558017,2.0994287
EHIDAB,3.283598,3.2720032
LEXLOQ,2.342084,2.523721
HIVTOV,3.1127105,3.115075
HICMIP,3.2471347,3.4864354
XELWAO,1.887926,2.1443884
HEWDAO,2.4501133,1.9208227
YAKCUK,3.3965251,3.788356
BUPZEU,2.619096,2.8834102
QILYET,2.2141905,2.7098916
POMLUB,1.2598872,1.2398499
KODGAL,3.4999285,3.0770257
ZOTBAN,3.7867365,3.877308
REFCOY,2.5448089,2.2777977
VOBJUS,3.8319075,3.3238971
KOJBUI,2.8348823,2.9460704
LUZYAI,4.6858006,4.3954296
TOXPOO,2.6011364,2.5717719
VEGFIX,1.8041149,1.5426955
BUQZUI,2.6650832,2.533147
PIDTIF,4.5916495,4.669609
TEQFEC,2.8278072,2.5442364
IYUBAF,1.6288736,1.820281
MONVIW,2.9508028,2.687104
LUHWOC,2.803317,3.1700187
BIPFEN,1.1526743,1.472011
SEJNAX,2.514604,2.4442625
BUFTIH,4.5636215,4.487769
UQENUC,4.78485,4.8050065
YOZMOQ,4.305658,3.8940034
LODJAP,3.128221,3.4107285
EKEXEZ,2.7056282,2.579746
UHABUA,3.4615605,3.4851747
LUJDIG,3.247951,3.2698054
SEHPUS,3.0503964,2.2089708
GERMOG,3.059104,3.7788422
UZUGIG,1.4574418,1.1454494
XORSOO,2.4969168,2.425139
DUXXAW,3.776124,3.917996
FEFCOK,2.7954257,2.298224
ZEQJAG,4.027285,3.6247613
EWISOS,4.062932,3.8296876
OLOPAH,2.3676627,2.359743
EKAHUT,1.1986616,2.171707
EVOXUI,3.3761168,3.7863154
JISJUU,1.5641105,1.9017855
NEYRAL,2.9578776,2.9692893
RITKEN,2.1502438,2.0406144
HIRYEP,2.9499865,3.1695042
YOJMIT,3.2302637,3.2932596
FOJWEH,4.628929,4.8106337
DAMBUO,3.3989742,3.6534069
QUFSOA,2.822365,2.8643405
ZASCEB,2.9342039,3.1355622
KUBVOT,3.854493,3.5056899
ZUBJOV,1.6879222,1.3108534
MIBDAE,3.8460574,3.3764868
RAQTUB,3.4403355,3.2275465
VOSYOR,3.713538,3.6576648
VEZCUC,1.9611247,2.1340065
BAWPAR,3.6231961,4.01732
OGOLAX,2.593245,2.9940114
JUXCUD,3.1105335,2.9931688
DIBYEW,1.6258804,1.7347587
UTAYOE,2.057453,2.1582613
PUMFOS,4.511376,4.184394
AROHOF,3.740477,3.3706536
VEXLUJ,3.5363917,3.5261173
MADRER,1.7290115,2.1834464
WIVCUC,2.1570466,1.9491671
TESLUA,1.3042418,1.8157464
XECFAO,2.292015,2.4027221
VEZJEP,2.4863043,2.8724155
VOZHEZ,2.9864497,3.0243497
OBOBAM,2.5399108,2.7182102
NAJQUK,3.9538145,3.6772895
NUPVUP,3.1312141,3.0279484
UROTEB,4.224568,4.11228
ASASOF,2.2231703,2.2177439
WECPAW,4.14892,4.1966524
ZUHWAC,3.161963,3.774272
POVQAT,3.69966,3.3955085
GUQDIG,3.032709,2.8351226
LUXPIF,2.7246761,2.4314191
GAGHOL,3.730681,3.5731466
FOBKOX,3.813948,4.289793
NOWDEI,3.5306773,3.6586366
LANMOC,3.7075515,3.519356
KISNOR,3.171215,3.0823455
XEDKEX,1.2623363,1.4232684
LEDHUZ,1.692004,1.7934474
ZOLHAL,2.6512053,2.3230467
ERAZOM,2.272695,2.6763794
OMAVIK,3.5361197,3.3768594
ZIKPUH,2.7399144,3.043416
RUZCEV,3.6378903,3.676764
SATWAN,2.927673,2.8813524
GOCWOK,3.0528455,3.393814
SAYHIL,1.9001712,2.253522
UDEGEP,2.755153,3.6761532
WIXKOE,3.5668685,3.432487
LAGJIM,3.0406003,3.3766408
OYUJIC,2.968218,3.174623
QEGQUO,2.3581388,3.1087284
GABQOR,1.9771793,1.9777899
FASPAT,3.2487674,2.929005
LEYXUL,2.8313448,2.5162947
BAJJAB,2.4147384,2.723892
XUFTIC,2.917605,2.9257114
EZATAA,4.4360003,4.276556
MAXYOA,3.4427845,3.3510828
YIYGUM,2.294464,3.4498498
RASZOC,3.0835943,2.8201783
HIJKAO,3.2650943,3.3718834
REFFIV,2.4648073,2.5121787
YASPOY,2.4318817,2.5472653
VISXOL,4.2120504,4.1644955
CERBIK,2.5159647,2.635569
OBUNIL,2.143441,2.403819
ZICJEA,3.209583,2.976711
HAQFEM,3.1548882,3.5994263
GEDJOS,3.0822337,3.265582
SIRCOP,4.2000775,3.9113967
YAQYOE,2.0748682,2.5694065
RUWSOR,2.8335216,3.1160722
FUDJIY,2.7521596,3.1158202
ELENEO,3.2539375,3.3544633
XIBQUV,4.894512,4.6646338
GIJFEL,3.0607367,2.9976993
BAYTIG,2.671614,2.5087023
GIFGAF,1.3026091,1.949828
GAXRIG,3.123595,2.6561072
JISHID,1.0495431,1.4125446
TEHSIM,1.7434335,2.2747343
GUWKAK,3.4068656,3.2744143
SORWEC,3.3331227,3.6239574
WECYUB,2.444943,2.6271744
MAJBOR,2.7162406,2.5010269
DIPNIP,1.4947214,1.6340543
MUSSIC,1.947791,2.3894777
LATJAS,2.803589,2.9259255
LUCXOX,2.9309385,2.6916604
RIKCOC,4.298855,4.391744
LEYGED,2.4773245,2.4738579
NADLEN,0.44082445,1.4031899
UPIGAC,1.7118683,2.299931
RAJZAG,3.126316,3.0479658
YEZWEH,3.0482194,2.9919517
HINGET,4.1807575,4.2490044
ZUZJEJ,2.9687622,2.8266315
JUTFIQ,2.884679,3.244419
ECUVUU,3.0329812,2.6333725
TASYAQ,4.4408984,4.37317
LANQUM,3.692041,3.3607578
TURDOZ,3.2738018,3.807815
CILXOL,2.7431798,3.5209322
CUNYUF,2.6762397,2.6253219
SUWTAH,4.37287,4.1720448
LOGNUQ,3.1151595,3.103038
PIXWOL,2.545081,2.309785
TAPPOR,3.2155695,4.3213096
MEHBAC,3.209583,2.8831801
TUNDIQ,4.3168144,4.4969597
ICUFAO,4.688794,4.8900447
ESEJER,4.9268937,4.229577
SACGIO,3.3834639,3.6011646
ZUHKAQ,3.1840043,3.4055843
NEYKUB,1.9469746,2.134409
KUJLAE,2.9742045,3.2909918
JALMAN,3.5957127,2.986022
WUMQEC,4.5560026,4.3869505
NESXUE,1.8335032,2.233478
KULMIQ,2.322764,2.8794172
FUJKED,2.4596372,2.6119032
SURQAX,2.6620898,3.1155074
PIVMAK,1.856905,2.0190291
QICREA,2.4961004,2.0879548
EDIDUT,0.91321415,2.4302218
CEPDEG,1.218798,2.2765148
TUTFAR,3.3037343,3.2412434
WAMYUH,3.2599242,3.2454152
LIHXIL,3.5742157,3.6246924
KUJNOV,1.9779956,2.4571228
ONEZAK,2.8052218,2.9577858
CEFROU,2.16521,2.1923432
CIDNAG,3.1951609,2.8672364
LIGBEL,1.3368955,2.0173883
GOXBAW,1.5445182,1.4839928
OKOLEF,3.491221,3.5281017
IRELEZ,2.917877,2.9974573
NIWLAH,1.5676479,2.2048202
PIJMUR,1.694453,2.3774319
SONKOX,2.7331116,2.507917
UNAMOO,2.7186897,2.8007293
AQILAP,2.0547318,2.4582608
TOMLOX,2.9053597,2.8193557
CENMIT,2.8359706,2.161153
COFQIX,3.713538,3.9254498
QAFYUU,2.2419462,2.6338506
UHARON,2.3820848,2.738467
FAGSEP,3.7532666,3.8580315
LUHLEI,3.314891,3.3352041
OGOLEC,3.8134036,3.6399243
ROKFUS,5.0245824,5.214517
METVIR,5.094516,5.588929
GABSEI,4.010142,3.28271
FEFWEU,1.9570429,1.9145788
NIKGAQ,3.1431873,3.0729795
WENDAV,3.0389676,3.097365
XAHWAH,2.9148836,3.150709
IBTCNI,2.5673943,2.1804683
DISBUD,2.227796,2.1266901
YAPQAI,2.3045323,2.3409495
APONAX,1.6109141,2.1213171
QUJGUA,4.719815,4.4928117
ASUMIN,2.8501205,3.046794
IFETEV,1.8209859,1.970303
DEBWEN,3.527412,3.663925
MAQNOJ,3.5091803,3.1527948
HOPQIN,3.7968047,3.5612266
YUBFIM,1.1181159,1.9697628
XAGSUW,2.016636,2.2923608
NAQTUW,3.2226446,3.3002179
CORFOF,3.3660486,2.8564835
CEQWEC,3.5837395,3.767858
TOYREG,2.533652,2.4049294
UCAPAP,2.6011364,3.1722105
IRAQUO,0.9453236,2.5420997
BOTKUT,2.8269908,3.1491232
AJADEV,2.9088972,3.294591
JERYOV,4.6087923,4.604508
EWASIF,2.8637264,2.8206084
TAVCOK,3.3064556,3.0970273
BOXQEL,2.9693065,3.2291996
CEQROF,3.8291862,3.7790625
LIYXAT,3.0906692,2.9214795
SAENNI,2.7731123,2.7250156
RECXON,3.2362502,2.7549505
EHEQAL,3.6098626,3.6359782
VORCIR,4.0204825,4.1279507
OMITUZ,3.4686353,3.5461125
TEDJIY,2.860461,2.723806
ZANXOE,1.3641068,2.7337337
XULGAO,2.5592308,2.6262345
CUXNEQ,3.3905387,3.4696548
AKIRES,3.3295853,3.4337945
LUTGOY,3.116248,4.1941605
ABIROU,3.7633348,3.9560084
ULOWOH,4.330964,4.177838
EFICOO,3.133119,3.1702483
SEFMEW,4.8316536,4.0337524
EVEWIL,1.4802994,2.1148894
PIHRUX,2.7965143,2.5427277
CESDAH,3.4493153,3.500524
HAWNOK,3.7910903,3.3789353
EGAYAN,2.2182722,2.4414253
DOYGAZ,3.2231886,2.9800355
PAPWAF,5.5772457,5.2105093
XOGQIU,3.0689,3.3142762
PANGUI,2.5682106,2.812483
IZIFEE,2.7478058,2.7265728
OTEYAQ,3.4068656,3.2728808
WAFYUZ,3.6057808,3.2358057
NAHGIQ,2.1880677,1.8570552
QEYTIY,2.6487563,3.287725
YEZZAI,3.3567965,3.2057827
GIZRAL,2.143985,1.7562197
ROCFOG,2.7812757,2.689884
SIXPOI,3.1543438,4.0304756
GEKZUU,3.041961,3.1923485
KEHXAX,0.35402015,3.5877075
HIBVOG,3.9116368,3.9794326
WUBGAE,2.3687513,2.2248554
ICUZAJ,2.7559693,2.8497994
QATDAU,2.122216,2.3211067
WATSOB,3.7603414,3.3432934
QAGBEG,4.2335477,4.355695
QAGBOS,2.7107983,2.8046863
NAHMUI,3.0332532,3.0163438
PIVPER,4.6343713,4.1457233
WOJFEI,1.7502364,1.8121907
QELPAZ,2.1662984,2.3368244
FORGUR,2.9377413,2.8825817
FIBZOG,3.6836054,3.9465537
PUJYOI,4.389741,3.7653456
HOVKEL,3.8819764,3.9186943
YIMXIB,2.5820885,2.7856164
NOKQEL,4.718182,4.3835735
BULSAE,4.0958576,4.417164
LIDMIU,3.594352,3.0811489
VUJZAD,3.594352,3.3475637
FOVLAG,3.190807,2.916417
SEYCEH,2.2971852,2.4496462
WUPLOK,2.370656,2.7703676
CIGNEO,2.1467063,2.5263197
JEQFEU,2.9257681,3.1276467
DIGLEN,3.1053634,3.4039052
WUJKAN,3.1410103,3.0805523
BABQUR,2.0041187,1.7920381
NELLOG,1.6503706,1.6076936
FILFIR,2.578551,2.6383162
DIYXAK,2.5211349,2.7805035
WELROW,3.3927157,3.0014582
WIQQAS,2.2362318,2.1564665
KEPLOI,3.6558497,3.4410453
ESOWOY,2.167387,2.805366
QOLWOF,1.1290004,1.383203
EJEYUO,1.5026127,1.5734799
IYOGEL,4.137491,3.7439857
ZAFVIP,1.4356728,1.3803116
EYEYOZ,1.9020759,1.9403177
NAPRIJ,3.9489164,3.9615135
HECDEC,3.7987096,3.2527966
SOFFEZ,1.6174448,2.0817673
MASWUY,0.55919397,0.34877348
DEKFOS,4.093137,3.8036206
COQLOL,3.317068,3.6379476
ECAQEH,1.809285,1.9414991
XERTUK,2.636239,2.8777957
FUVCOO,2.8571956,2.6447554
RUVZUG,2.927673,3.1260884
TEGTIJ,1.8996269,2.4186797
FUJWUC,3.8890514,4.232119
LISNUW,3.9151742,3.3770154
EBOYOM,0.9480447,0.45232892
WISBOS,1.3183917,2.940304
UZAVAU,4.7570944,4.289587
SOWBAK,3.472445,3.4311554
QUCBEX,2.8980126,2.864836
GIYZOG,5.016419,4.5771246
MIDRAS,2.1431687,2.8928435
OVEXEV,2.927673,3.128318
BICCIB,1.9507843,2.623958
KAMCEJ,3.0683558,2.6123314
CIMMOB,1.323834,1.6708754
ROHKAD,3.3850965,3.2553973
UKEPAB,2.5208628,2.4536827
OJOCAS,3.2890403,3.6056268
YAWPAO,1.8639799,1.6889281
SADZUS,2.683859,3.2078347
GAHCOH,3.247951,3.1287022
QIDTEE,3.573127,3.4377391
UCUSIU,3.6479585,3.82369
RUMPIA,3.139922,3.4869256
HOKKIE,2.038405,1.8540711
VEFPUU,2.5935173,2.7998137
TEBREX,4.332325,3.9949021
PUBJUR,2.5970547,2.2702804
CEFQOX,1.603567,2.4562294
ACIPOV,2.0087445,2.0553212
VUPMEY,2.9527075,3.1115718
NEFTUN,2.183986,2.4998121
FOCNER,4.211234,3.950972
AXUXOG,3.1102614,3.1347268
PULKEO,1.2479142,1.7241064
TOGMOT,3.1581535,3.1329608
BIMBAD,3.5633311,3.3844092
VAQFAX,3.0025043,3.502822
VOZRIN,2.6297083,2.7855234
TANVEJ,2.3194985,2.3865328
MOYDIN,2.4996378,2.0254261
REBDAG,2.693111,3.0052948
TIRTIX,2.492563,3.5975306
NAWCAR,2.817467,2.594426
UKAZOW,4.5209,4.4087152
WIZRIJ,3.3235986,3.5342627
BEHKOQ,0.3042233,0.45498204
SUTVUB,3.9584403,3.5443485
LELJAO,3.2269983,2.9757376
VUFQIX,3.2136648,3.1918185
BAVWIH,2.8435898,3.2055478
YUQCOE,3.281149,3.0750723
GENKUH,3.1861813,2.9456575
DAZZOW,4.030278,4.52335
MAJFUA,1.3856038,1.607377
TICJAR,1.6767656,2.0103025
AHIBUR,3.3450956,3.576682
TORNUK,4.280623,3.961566
QEBLOB,0.22721508,-0.009467602
SATWUH,3.5244188,2.9043386
RUKJIS,4.2387176,4.329194
SUYPEH,3.5119016,4.0012283
OSETAK,1.5045176,2.9836178
RIKGEZ,3.224005,3.3654566
JALSEY,2.1633053,2.574363
XILGIJ,4.363618,5.2003646
IZORIZ,2.8827744,2.5632803
ZIBFOH,1.8898308,2.3398967
ZOMNIB,4.064837,3.9782777
FOGXEG,3.429723,3.9796836
WAFZEI,2.7303905,3.3170586
DEDROX,2.442494,1.528069
NAGDAE,3.0144773,3.5124245
MUQMAN,4.7111073,4.125986
FAMQUI,3.181011,3.2762432
ZODBEZ,2.8060381,3.016072
BEZPAB,3.14999,2.646442
FITJUR,2.3159611,2.130385
FAHNEL,2.2580009,2.3544722
QEMDOB,2.9834564,3.191533
SERGUT,3.3187006,3.334557
JELMEV,1.9744582,2.4832518
NOJSIP,3.4182944,3.3951688
PUBCUN,3.7344906,3.7244782
GIQVAG,1.0865506,2.2582207
DINMUM,2.253647,3.0432339
LEYHAA,3.5415618,3.6693769
UKAHEW,3.7535386,3.6101105
LICCEF,3.1725755,3.4957128
SACYUS,3.2675433,2.8680274
NUNKIR,5.504047,5.1125307
PARFOD,3.5829232,3.399648
ZOVLUR,2.5341964,2.6117861
VIHREJ,1.3660116,2.4172938
JUBZOX,1.7047933,1.7005502
KIFXAZ,3.2152975,3.034777
TEBRIB,4.229466,3.920983
GAGGEA,3.7241504,3.5815198
TABXOJ,3.4713566,3.6891785
YUMNOK,5.6580634,6.068716
FIGLAJ,3.1540718,2.8173327
CFPFIN,4.59301,4.199272
BABWAE,3.7094562,3.7422955
JIDTUO,3.9034734,3.509122
OWANOR,3.2373385,3.6986113
FABJUR,2.5099783,2.833767
EBAPOP,3.1565208,3.1503432
DUQDAW,1.4740407,2.3141956
NOLQOW,2.7113426,2.8709905
XALSIQ,3.8531322,4.0827665
HAHRAM,3.8797994,3.9170547
MEGDAH,2.576646,2.5255058
RARJEA,3.0601926,3.3947206
COSJOJ,2.0618067,2.1284244
UVOXOT,3.3513544,2.9731472
YACLEV,2.403854,2.4860759
LAJPAP,4.4128704,4.265411
TARSOX,2.9219587,2.9675982
BIKTAR,3.5698617,3.687008
KIKBEM,2.4411335,2.1105738
HIXRAI,2.9312105,2.774938
YOZFEB,2.7859018,2.7297986
WAKGAT,3.0357022,2.7171662
CAPDIG,3.3608782,3.7491312
KUHCOH,2.9791026,2.868237
YUBJOU,2.6316133,2.22455
MECBOM,2.286845,2.2478144
ZESXIG,1.2495469,1.5864146
GIFBON,5.246355,4.200516
UYOTEJ,3.4767988,3.3928206
MAFSIY,2.8691685,2.6366186
CAJZOC,4.275997,4.1838884
KASYEL,3.04958,2.4898908
IVAKIB,2.5527,2.6837628
RAMJAT,3.276523,3.1953547
ORORUJ,3.768777,3.7278414
CAHBOC,2.8683522,2.7761762
IZOSIC,3.0463147,3.209477
FUPRAM,2.5970547,2.6194677
QONXUM,1.9418045,1.5324272
FEYGEW,2.9937968,3.5864348
BAMYAT,2.8025007,2.8615773
BEFXET,2.0658884,2.9292238
QETXOD,3.1962495,3.2507691
WIWTOO,2.4729707,2.4378
LOFWOT,2.1951425,1.8983597
NICKAP,1.8751366,1.902775
AWIHIX,1.9110557,1.4984618
SEVZAW,1.5115925,1.5544363
QULRAQ,4.5274305,4.5076675
FOJMUN,3.394076,2.8726497
JUKXAQ,2.7940652,3.1032217
VAFSUU,1.5273751,1.2551725
KAZMEF,3.2321684,2.8818128
AMAGUR,1.9989485,2.2096057
BOPQEE,1.8909192,2.084236
KITDIA,4.1429334,4.15185
FIZZIY,3.348361,3.3975463
VUCJIN,1.5020685,1.6388199
CIFCOM,3.8019748,3.9441257
SILHOO,1.4422035,1.1970277
YOJYAY,5.028392,5.5166616
MPPDBN,2.7859018,3.1937153
UCUGAA,2.5086176,2.3723004
LEHHUF,3.71898,4.5818424
MOJMIH,1.7989447,2.1012845
DUDVEG,3.5791137,3.203626
BEZCAN,1.8751366,2.2406392
LUTQOI,2.5371897,2.7037933
JAHLIQ,3.1418266,3.0186975
HOJDEQ,3.4980237,3.5011573
LANBUZ,1.3964883,1.6273006
BINCEH,2.323036,2.886335
ROBHEV,1.9129604,2.2593026
NEDZAA,4.247425,3.9696016
RUMGIP,2.3137841,2.4422956
FEBGUP,2.7499826,2.686943
CAMZIB,3.0286274,2.7838933
IZUDUD,2.8019564,3.052837
GOFDAG,2.8528416,2.9932485
QINHUU,2.9684901,3.1929312
TOLTIX,3.4308116,3.8124552
LESSAE,1.1300889,1.4980495
APXCBU,3.8577583,3.4001288
MECFIL,4.3505564,3.9789217
WUGNIY,3.5459158,3.7121644
ECAFIZ,2.291743,2.042476
BELRIT,1.0911766,1.7145544
NOGNOM,3.7728586,3.934134
GACMII,1.7733661,1.9882375
KOTHAF,2.8457668,2.4083955
FENSAT,4.08198,4.3466687
VOLKAI,0.30721655,2.8664668
XAYNUK,2.0933719,2.1411061
BENVOH,3.6879592,3.6996217
NEQZOC,2.7714796,2.8911922
WUJQOJ,2.6419535,2.5135002
MUFCEY,3.080601,2.995561
FEYVEL,2.7886229,2.7676601
COMPAV,1.1845117,3.5749757
BEYHEU,3.0882201,2.765673
MUBCIY,2.6324296,2.593287
YEYSAW,3.573127,4.142548
HACDIY,2.741003,2.663017
GOJZIP,2.5747414,2.9861758
XAVNOX,4.390829,4.1516056
ACAWOR,3.9976246,4.0342484
MELHEQ,1.2503632,2.6991389
QASYIS,2.263443,2.5813062
ARITAZ,2.920598,2.9416504
AFUMOD,3.0884924,3.7805176
QIMRAJ,3.8302748,3.3821378
QUTVEJ,3.467547,3.0464962
RAMSUV,2.6890292,3.1039243
RIHFOD,2.4838552,2.5715983
CUZHEN,2.1665707,2.2175698
WOYPAD,2.181537,2.7306964
YOXLEE,3.5423782,2.7473958
ZUZJAF,3.3551638,3.122846
HAKQOD,2.5467136,2.5466416
FILSEY,2.9274008,3.602915
DARMAM,1.6405745,2.5680199
XENDAY,2.7671258,2.57412
AREPUK,2.7633162,3.1557846
KOCXUY,2.7059002,2.5721574
CIPLUL,2.330383,2.2025862
CIPDIO,3.7968047,3.2177134
LUTPAT,2.0514665,2.3844304
VISCUY,3.6558497,4.0152345
HIBVOE,3.2773395,3.5256894
CAJFOL,4.1110964,4.1048408
YIQCAC,3.7010207,2.9843078
BAHKEE,3.336388,3.0794675
GIGBUW,3.061553,2.4298294
PABYUN,2.3853502,2.4260755
DERLEU,2.0536432,2.3546574
POTFOW,2.33256,2.374378
SOQHAI,3.8686428,4.2551513
FULPAF,3.1176085,3.0531118
OSEKUU,2.8740666,3.2422822
TAYYEY,1.2941735,1.411177
DOYTIV,2.157863,2.5045652
QUTMOK,3.101554,3.043224
POKSOY,2.70971,2.5667877
FOXTES,0.8070897,1.3084271
RAVVUI,2.9293058,3.0173419
IRUMOY,3.7260551,3.3735895
CASHOW,1.0737613,0.5118253
MUZNIG,3.1110778,2.8829055
WEMGUU,4.193819,4.0160303
CALBEW,1.7309163,2.0514145
UBOGOL,4.4117823,3.8651671
SEWMUD,2.514332,3.267281
IJORUW,1.7559508,1.908172
UNOSUM,4.652331,3.6803582
DERMUJ,2.5385501,2.4106963
IFAREM,3.0438657,3.293058
MASWEI,1.7902371,1.8095785
POGSOU,2.8664474,2.9229743
MEHNIW,2.038133,2.211868
HIJXIL,1.5265588,1.4998872
GETWEI,3.6572104,3.6259518
BONWOR,2.9508028,2.8513076
EMUTEN,4.2297378,4.312002
TIRSIZ,3.9543586,4.0975704
SIKNIM,3.2204676,3.2866552
XIGDAV,2.172557,2.4138958
ESANES,1.3518617,2.2107737
YABNAS,2.8280795,3.0446684
ACUSAT,1.8966336,2.134664
TOZTUZ,1.8525512,1.9270258
WIGSOV,1.1787972,1.4650718
KAKBIH,2.5170531,2.7885194
BOQREF,3.1355681,3.0215564
VEGXOY,1.8272446,2.0745764
XUDVIC,1.8884702,1.8645115
LARQIG,2.4775968,2.5599434
GOFROL,3.1029143,3.384254
QUQVED,2.944272,3.07224
ABESAD,2.8166506,3.2652137
VIKLEH,2.7203224,2.2056315
KENTII,2.887128,3.0230021
NUJCIG,2.8841348,2.9184086
FATHAK,2.676512,5.089873
FIDNUB,2.4250786,2.280653
RIVFAH,2.8648148,3.0896478
LEKRAX,2.9543402,3.028773
HEFPUF,3.4172058,3.3013666
YOZFID,3.4188385,3.469583
GUCBAJ,1.9799005,2.2113974
AGOPCD,0.4713012,3.4464297
VUFMOA,4.4588575,4.163449
HAFVAN,4.227561,4.5288258
ADUFUD,2.492291,2.5735707
IZICUQ,4.3608966,4.450612
TODMAC,4.062388,4.4016347
KELZUZ,2.8460388,2.8747053
YUDRIY,3.0392396,2.8793378
JIVREL,2.4348748,2.3519766
HEBPUZ,3.2533934,3.244167
NINFUL,1.9633015,1.7101796
XIDKOL,3.5282283,3.5824478
ONIYIU,3.8044238,3.9045596
QESMIK,0.552119,0.764997
MOHNII,2.8329775,2.8037522
ICOGUD,3.403056,3.2850113
QASWAJ,0.6125283,1.6176509
MAWNOP,4.2071524,4.1105084
JOXPIY,3.1391056,3.2713413
ASUBEV,2.6400487,2.3405504
BENQIW,3.4351654,3.6095736
JOGJOF,4.164703,3.5561528
FAHCIC,3.816397,3.854647
VEHSUW,3.589454,3.2244303
HOBPUN,1.6936367,1.6523354
BAGNUT,2.4920187,2.6529346
TAVDOM,1.8487415,1.9383547
YEZXAG,2.965769,3.0735416
VEBYIM,2.9031827,3.1488788
ELEGUA,3.759525,3.6135051
SAKGAO,3.4465942,3.7933297
UCOZUI,2.9698508,2.5209525
OBEROC,2.3497033,2.566404
MOMZIX,1.5466952,1.4572082
BOHBAD,3.025634,2.6119184
GUKKOO,3.6280942,3.2755532
MAHSOG,2.2590892,2.3674593
YEZQON,2.1371822,1.81947
TUNKOD,5.088529,5.5633116
EXECIU,2.1945982,2.358986
NETZAN,3.3189728,2.9243376
VEJLEB,2.555149,2.5009742
SIKKAZ,3.9617057,3.822939
NEYDOM,3.472445,2.8516905
SEJMAW,2.8471274,3.1125894
PUDTAM,3.9734066,3.4074233
YUWFOL,3.3374765,3.0593088
REHQED,2.8756993,3.001671
POYTUV,2.896108,2.2075357
VEJXAL,3.1431873,2.9304376
KAGNAK,2.0794942,2.755046
RAZFUU,1.8152716,2.0506017
PUNGAH,3.1573372,3.2952967
DEXCIT,4.4947767,3.3520162
JOPCOG,3.1508064,2.783811
ODEKUG,2.313512,2.408617
XUBBAX,1.2049202,1.2140917
LOPDAY,3.05856,2.8427162
OBOCAK,3.1489017,3.3087995
ZATTOG,2.1717408,1.9780941
EWANIB,2.5948777,2.7018552
KIHDIQ,4.013952,3.7174344
WUJSOL,3.2710807,3.2919695
AVIKOH,3.448771,3.2559118
SECTUS,2.2294288,2.2790844
WELJUS,3.515711,2.8604317
TONBON,2.6490285,2.7516627
NEVSIQ,2.7921603,3.044289
QADJUC,3.8468738,3.7745664
NIDCUA,4.3010316,3.9478965
SELWUB,0.36191145,1.9430374
UMOYOK,1.658534,2.313934
ODOZAM,2.6471236,2.6924706
ONIWIS,3.2988365,2.9921925
JAGNEK,3.1252277,3.212115
YIJVOD,2.4174595,2.7726715
REYHOS,5.228396,4.564423
ZUQDUK,3.276523,3.1985476
SINKAF,2.2343268,2.7636824
KIBBON,3.0152936,3.0034225
VATQEQ,1.9532334,1.707123
MITJIM,3.2591078,2.8401828
YEBHOD,2.1309237,2.2935321
FUDJAQ,2.980191,3.5073364
FONGEX,3.6079576,3.21788
NAVBUI,1.0772988,3.2938924
BIJLIQ,3.5636032,3.5536857
ETEHEQ,3.0237293,2.6149805
LAHRAP,1.3698212,1.6762117
HOLBUF,4.3078346,4.1254025
AFUJOD,1.8819395,2.0405114
WEKREJ,2.2400413,2.7680748
CUHDUF,3.1973379,3.2950046
KASPEB,3.852316,3.7621944
FASGAJ,2.2400413,2.1559625
WUWMUY,2.367935,1.7982796
OGOPOR,2.6841311,2.8087306
BERFEN,1.9790841,2.0649896
GUCRAY,4.034632,4.3507214
PELNAV,3.5957127,3.843723
JASWEG,3.434349,3.9650083
QOWFUE,0.22830354,2.9389446
EYOHAD,2.6642668,2.6238835
FUNLEG,1.7545902,2.8673418
ROJDAW,2.696104,2.7951207
QAYRIU,3.188358,3.0679996
QITTOE,2.2196329,2.646303
AJUVUZ,3.1576092,3.2616827
IZUQAX,2.6890292,2.840791
ILIWAD,1.8658848,1.932901
HICMAH,3.1769292,3.3626668
KUZYUZ,2.753248,2.8477168
BABXOV,3.243053,3.2779598
KIGTID,3.840887,3.76088
HOYHEI,3.969597,3.8854616
CIFTOB,3.4765267,3.1764648
NUGDOI,3.1606026,2.9555783
EROLUU,3.3597898,3.1298866
LOFLAT,3.2169302,3.645847
ISONEJ,3.3499937,3.3840866
ZUHZIL,2.7573297,2.865397
CABLIC,3.324143,3.2694588
GOZHIO,3.376933,3.603203
YIWKUK,1.7886044,1.9874129
POMMOV,4.418585,4.4952426
MOBSED,2.3295667,2.4165943
DIYJOO,3.252849,2.8976762
ZEZMIC,2.6890292,2.6248074
XOXROS,3.290945,3.3688896
VOGHEG,2.8465831,2.6991968
MOQYEW,2.6618178,2.2416658
AJEKUX,2.430521,2.5168598
SIVDAC,5.0414534,4.529419
PATHAX,4.8164153,4.723419
BENKOU,4.605799,5.4808044
QEHPIC,3.0944788,3.0910301
ZAHHOI,2.0446637,2.3294733
QAZFII,2.955973,3.3864582
LILNAX,3.4490433,3.2844484
IZACAO,2.9246798,2.9798257
REDDEL,4.3723254,4.063914
ODADOP,3.5040102,3.206533
KUHJON,3.8199344,3.9750082
OBOXUZ,2.8022285,3.1364794
GOPQIL,1.8966336,2.6850042
SADKAM,4.4773617,3.957756
LAYJIG,2.2648036,2.5355437
VACFUA,3.1597862,4.1344748
RODHAV,3.192984,3.2724872
YEXHAL,1.8925519,1.8846979
QAQNAZ,2.3554175,2.3933868
UWULEE,1.8631636,1.8083241
BESHOX,1.9077903,1.4203798
GOLFOF,2.2827632,2.5515444
TENDUL,4.022387,4.114648
FOXNIS,3.4289067,3.1422966
ENEQIA,2.750799,2.2102065
NOKWAN,2.9834564,3.439557
ZUKGOB,3.5459158,3.1774895
HULSIR,3.2332568,3.0882401
BAXLIX,1.2781188,1.5414405
ODOQIL,1.5747229,1.5524038
UCUNIS,3.247679,3.0626502
GOHVOR,3.321966,2.9537277
SIFVOT,0.688176,1.8044027
XAKSUY,2.170108,2.3345222
IHIRIC,2.1902444,2.7940392
JOKWUC,3.8106825,3.5431046
GUXTOK,1.74942,2.2312326
WUZGUV,3.228903,2.8791652
FEKMOA,0.86015195,2.0482945
AFABIS,3.8242881,3.416288
FACHIC,3.3761168,3.1877153
TIKLOR,2.946993,3.5956647
XUXLEJ,3.3965251,3.01613
JIZMUE,3.4493153,3.5020833
LEZTIT,4.2642965,4.5986524
LOQSIV,4.222119,3.8558455
XEQSES,1.2484584,1.4773682
FAWZAH,2.0343232,2.6341226
BOBSUG,3.240604,3.0272462
NONWIW,4.9848537,5.3402576
IBUDOA,2.239225,1.744844
JIRMUS,4.306202,4.434507
PEZTIZ,4.5140967,4.249195
QUBVUG,3.121146,2.848043
MOSCEE,4.079531,3.4095142
WOJNAM,2.858556,2.8145978
NARSOQ,0.8321242,1.1644105
XUGREW,0.9162074,2.203582
HEMMUH,2.2577288,2.1927276
DEXSOQ,3.6261892,3.6057582
HIKMIZ,3.271897,3.8439002
TUPXIN,3.5431945,2.6420245
UKEZUF,3.4792478,3.4723465
QIGLEZ,3.1886303,3.5074239
COFLAM,2.7878065,2.2863867
SEDXUX,2.8786926,2.8922224
MEWTIU,2.6180074,2.9200926
PUFWOD,1.3450588,1.5656596
XIKCOK,3.797349,4.036618
KAFZEY,5.0912504,4.707903
AJIZAW,1.6084651,1.3064142
IPESII,0.5942967,2.1762047
DAPQIU,2.8525696,3.1542416
VAFNUL,3.3587015,3.1191568
HINDUF,3.5015612,3.5207672
TILGOM,3.9807537,3.5498183
OVOKAM,3.7875528,3.746541
NIGYOU,3.161963,2.9642076
BIWLAY,1.4155363,2.7257912
HEZKUW,4.0977626,3.9475613
COGTEY,3.407682,3.3890061
RAXQEM,2.7399144,3.086365
RAMFOC,3.094751,3.2914202
KALDIK,1.4288698,1.5474111
WEHGOH,3.0000553,3.1039023
WIGFUN,2.2190886,2.8272586
VAWGIL,3.3464563,3.119914
TOMCAZ,3.1323028,2.8938727
ZAVZAA,2.8539302,2.8468785
CAJKOP,4.513825,4.378335
UPEXIZ,4.3989925,2.7667525
UCOLOP,4.6999507,4.230641
GOXGIL,3.448227,3.4935145
RIXCEH,3.8365333,3.554886
UKASUU,3.3997905,3.2623343
HOTVIY,2.571748,3.258895
KAHJIM,4.1461987,4.0827866
FOJXAE,3.8359892,3.7143366
DAQCEF,0.64980793,1.8404956
KOBJIY,2.0041187,2.3355527
TOJMOV,2.915156,3.0830088
CAVYAA,4.019394,3.9608896
ENURUC,2.791072,2.375928
GELGAH,2.7246761,2.54446
JUQMEN,2.3347368,1.5780615
APUDUL,4.0974903,3.9785757
ROKJAE,2.2092924,1.4309866
SOYMEY,3.7989817,3.8735504
VUJYIK,3.247951,3.2400308
ANABAU,2.8577397,2.7365742
REJQOM,2.2144625,2.4414573
IPEJAR,2.8430457,2.8858259
AJADIZ,2.6405928,2.6943665
YILKIQ,3.3965251,3.5058236
DICFAX,4.0901437,4.2352033
EPUCOK,2.8686244,2.8070602
GAPWAY,2.5897076,2.6153522
MALTID,3.6090462,3.3963292
KONBUK,1.16628,0.97670686
YUTZES,2.8713455,2.970502
FAMTUK,1.5368991,2.3228192
RIWJOY,2.1148689,1.8641139
KADYOG,1.665609,2.7895994
LUMDON,0.89198923,0.19372272
JIZZIC,1.2743092,1.2181385
KARHOC,1.7257462,1.5498465
ROWPAW,2.9233193,3.0535169
RESKOR,2.2147348,1.9119776
QANJIY,3.9897335,3.608243
TOBBUJ,3.5508137,3.0846343
JEFXAW,2.598143,3.0105584
JOCDEK,3.1459084,3.2758088
UVIJAN,2.5132437,2.6768653
MIKFUJ,3.054206,3.2976084
VAYNOC,3.3788378,3.6510136
ZURMUU,2.8830464,2.8326287
CIVMEA,1.9937782,2.241836
JASKOD,4.0259247,3.6909688
CIZBET,3.0909414,2.7755384
ZAQYUL,4.013952,3.805319
CIJPER,3.2131205,3.9995744
GOTDAW,3.1927118,3.4194283
LEDGIK,2.918149,2.8981082
POHFIE,4.2485137,3.885345
OVAGUP,1.6084651,1.7168205
TARJON,1.847381,1.7493767
QARNED,0.24054866,0.13924074
QINFOK,2.6329737,2.8594768
NAQFAP,3.3791099,3.7434459
XUZDUT,2.5682106,2.4673421
REKBUI,2.5916123,2.65281
EZIWAM,3.4237366,3.3451126
LUFLED,2.3573225,2.733193
BUZCOP,2.6229055,2.6718917
QOPHEJ,2.2794979,2.3692765
RIZTOK,2.968218,2.7848117
TISVAT,3.1886303,3.6017566
SOFYAO,2.5396388,2.6165254
RIHHAT,1.3586645,1.9312271
EBOMAM,2.00303,2.145207
TOLHEJ,2.5894356,2.524673
BOQZOW,1.6212544,1.8351921
BUWKAG,0.924915,1.2046417
MEPHUL,6.056166,5.156271
VEMQEL,2.062351,1.8417778
GOGLAP,3.8417034,3.7203681
PIVMOY,1.8299657,1.9880471
QOFMOR,3.7078235,3.345438
CAXLAO,2.8735223,2.6601202
IQEFOA,2.6707976,2.6266642
NIMTIM,3.479792,3.6099067
IJIDOW,3.2999249,3.328421
VANZEQ,2.8112082,2.9441493
KIHTAX,2.160584,2.3288732
GAKBID,1.2827448,2.0532217
YIJLAE,3.5094526,3.0252807
EJUXAJ,3.150262,2.733427
SURDOB,3.1657727,2.8441544
JIWYEU,2.7831805,2.8460748
YOMHUF,3.0128448,2.9936779
YINGIL,0.7537554,1.0420381
ZEPXOH,3.524963,3.7048373
UTOQAX,3.6509516,3.738289
VEFRII,2.27079,2.1182866
YUTRIQ,1.5886008,1.5253237
EYODED,3.945651,4.3601274
XUZMOX,3.1434593,3.6585329
RAMDEP,1.3023369,1.9076076
KAZNII,3.9276915,3.763911
YOJXEB,3.5981617,3.6146195
GIMZIP,2.3192265,2.343623
FOHYAD,1.734998,1.4948546
YEBWAE,3.5070035,3.4626503
XAQFIE,3.0011437,2.6557827
QAVMEG,1.5641105,1.7683005
YADDEQ,3.3393812,3.1802769
RIDNEZ,3.3284967,3.2531972
SOBTIM,3.4694517,2.6589835
DEGBIB,1.6745887,1.6002994
FIGROF,0.8457299,1.1908474
UZIFAM,2.5673943,2.8205793
MIKQAC,3.467819,3.5219665
KEZVIU,3.8702755,3.9707217
FTACNI,2.6800494,2.4781618
AFUGEQ,2.1981359,2.0346084
FURHUW,4.1244297,3.6609144
REJKUM,3.9717739,3.9197555
FIWKIH,2.758146,2.7248025
KALTUP,2.525761,2.5881252
SIKTOX,3.1608746,3.350722
MAXTIO,3.553535,3.6577919
NAGCOR,3.9704134,4.319272
DUMHOI,2.8650868,3.0931487
MIRDUQ,1.2201586,1.6128799
BOWVUG,3.453397,2.9267352
GOPMIJ,4.0324554,3.998098
VEHWUA,3.88116,3.9505684
IMAZUR,3.9064667,4.365554
HAZPAD,2.2419462,2.2670693
BOSTEK,4.8879814,4.5836844
YIWFIX,2.8854954,3.101633
DEQKIX,2.9592383,2.8702352
RUNXAB,3.247679,4.7435865
UFICAQ,3.7668722,3.6260183
SUVBIX,4.1334095,4.266103
DUSPIT,2.497461,2.2239966
MUXWAF,3.9587126,3.6283731
UTAHED,3.405505,3.0703948
FAXZUD,2.53338,2.601919
NEJJUI,3.321694,3.1018748
HOPZAP,4.108375,3.8686223
JEBFIF,2.0702422,3.0633776
DUHJEW,2.1145968,2.128939
HIJXOQ,2.9674017,2.7225356
LACNOS,3.5568004,3.1564586
DENRAS,3.3129864,3.372209
YATNAJ,3.4280903,3.7937102
HIMHUG,1.9377228,2.463267
QAZYAT,1.1007006,1.9904225
CIXQIJ,2.103168,2.559484
PYAZMO,2.9195096,2.7249556
ETIVUZ,2.0283368,2.1693454
WUYGAY,2.390248,1.8472672
XUWHON,4.4866133,3.7560284
BOHWEC,3.200059,2.3384893
FOCHOV,1.7608488,2.2326717
OTEWIW,2.0988142,2.4456751
UVUJED,2.8256304,2.6485136
ESISOQ,1.2136278,2.2285376
FETBIS,3.8172133,3.9238892
AZUGOU,4.521444,4.016222
RAKLIB,3.7603414,3.8095725
EGEDOJ,1.8607146,1.875374
ASIGEP,3.2133925,2.9840627
UHARAY,3.3856406,3.5101562
JEWLUT,2.9674017,2.7721803
YENMAG,2.8122969,2.3641918
ELEBEF,3.940753,3.6816254
BENBII,3.3246872,3.3714902
BAZPUQ,3.0128448,5.130304
HATBEL,1.3913182,2.188215
NOKREM,3.3679533,3.2689176
NIMZAL,0.96954167,0.6523235
OCUTUB,3.3927157,2.9186616
BACCEP,2.901006,2.8186667
GUMDOI,4.1663356,3.7018037
SEYWUQ,3.147813,3.6186666
DOSWOX,0.44300136,0.6578226
DEBXIV,3.5627868,3.5249524
QEHBIR,2.8449504,3.051902
FATLEV,2.7129753,3.04516
EWOFIF,2.8049498,2.7663965
GARTAW,2.7320232,2.1316862
JUKPIO,0.77416396,0.2601571
FIJWIH,4.3818493,3.910254
YILYIB,1.6879222,2.4387426
FEKFEH,3.81422,3.8962696
XARLEK,3.7891855,3.7999783
VUKTIF,4.843899,4.776684
ALUSEI,2.3363695,2.7215848
RAJNUO,2.4155548,2.8934991
YOQWUZ,3.1913514,3.08832
POJHON,1.4884628,1.7353754
VAVCIF,2.5015428,2.0876234
WOWDOE,3.1676774,3.0773776
YAWMAO,1.6691464,1.5960369
VIKHOO,3.7323136,3.6248248
SIBRIG,3.9293242,3.7345076
YANCAV,2.0043907,2.143929
WELGIE,3.3799262,3.2485378
KIZROE,4.3579035,3.9669626
WAYNAN,1.5028849,1.5690532
QUHTUK,1.1700896,1.7378528
AYONIN,3.391627,2.9551206
MATXEL,2.26045,2.2760794
HOQXUI,2.4011328,3.096373
GEFMAJ,2.19868,1.8883613
IMUSIU,3.8264651,4.1969004
JAVTUW,3.5793858,3.256814
GUTXID,2.4288883,2.597128
EVOKEF,3.7870085,3.6796865
SAYLUD,3.6335363,3.9716535
UPONIX,2.7695749,2.9115987
FAJPEN,2.5649452,2.7831762
EJEZAV,1.8506464,1.8171486
ZEJQUC,3.9187117,3.5752335
VANGIE,2.5273936,2.5131419
LOTZEB,3.4381588,3.3574085
GERYIO,2.5426319,2.5629952
GUJFOH,2.103168,2.1425905
RIWJOX,3.7660558,3.407886
KARPEZ,2.2446673,2.4722536
KOVYEB,2.7592347,3.575132
ATADEE,3.5407455,3.4345455
CCENPD,3.2830536,3.4578269
YIYBAK,2.6468515,2.6463833
XIJQUC,2.9883544,2.332548
INOWOY,3.658843,3.9888964
GEYROU,3.5113573,3.5262334
IVALAV,3.4955747,3.6275039
REJZEM,2.9937968,3.4857807
XOKTEX,3.5714943,3.6442156
FEMSUN,2.7619557,2.4113803
OGITUV,2.607123,2.689912
XITZAD,3.1684937,2.8914557
AZUNAK,3.721429,3.7740374
ZAWPIW,2.6805937,2.952974
YEZSIH,1.2626083,1.6063676
BUBSEW,2.5888913,2.5855696
RACHOV,2.36603,2.4764721
CEYBAJ,3.659115,3.6083312
KEHNUI,4.61233,3.8197546
BECCET,5.255335,4.6700077
JUFXEN,3.4348934,3.3923693
JAGMEK,1.5613893,1.568968
XECLAU,4.1592603,4.0929155
POQNAK,2.2351432,2.2163758
GUWJEN,3.0702608,3.2174697
RAHXUU,3.8495948,3.6033251
ESOLUT,3.2748904,3.3461215
KUWTEE,2.6727023,2.6310213
VIMQAK,1.5679201,2.3286905
WIHTUC,3.9042897,3.7539287
CAJYAQ,1.3581203,1.351751
LUZPII,2.4912024,2.9979851
AQIYEF,4.457497,4.3915653
DOHHUG,3.8036075,3.7049344
NANVEF,3.3214219,3.3110044
OMUDAE,3.345912,3.3923979
PIJLAZ,3.3796542,4.1249266
DUZGAJ,2.2003126,2.2276835
ROKDOK,3.840343,3.7324178
IBUZUE,2.5314753,2.4075642
WABPIA,4.366339,4.2172604
EWAGIU,1.8501022,1.9912436
AXOVEQ,2.3260293,1.8135015
ACUQAU,3.4275463,3.2369144
HECZEV,3.6218355,3.6622264
KULMOT,1.7597604,2.0995576
QAHTUQ,2.456644,2.4555607
AQEKOZ,2.6430418,2.8103037
FASCIL,0.8345732,4.0347495
BAMJAB,1.553498,2.0233626
ZEBPOL,3.6387067,3.9274888
QONJIN,2.097998,2.5897133
TEFWUA,1.0307673,1.16538
YESKEM,2.9219587,2.7484524
YOZFUP,3.1918957,3.2165356
TAJWUA,3.7265995,4.2162094
DIPVIH,2.5660338,2.613682
QEGZEJ,1.8177207,1.5908151
NOZLAR,4.337495,3.9735618
ODAXEY,2.1374543,2.790141
XAXTID,1.766291,1.8775808
BACWOT,4.885804,4.80486
CABJOF,4.8765526,4.365836
EBEVIT,2.538006,2.874249
KOKDUK,3.1075404,2.9004862
REJTIJ,2.9137952,3.6420367
YEZXOR,2.007656,2.346218
VOHBOK,2.2980015,2.1533797
LIGMET,3.8106825,4.187847
XEBHAQ,3.2346175,3.0443225
HUBWEJ,1.5717297,1.4452955
ZAMWUJ,4.824851,4.9222946
BISLAT,2.6607294,2.856035
OQOGEH,2.5184138,2.8859806
NEDFUY,3.3094487,2.4909086
YOJHEL,2.040582,2.1892893
BIFTIU,3.4708123,3.226735
NESQEH,2.3480706,2.830871
POWVON,2.891754,2.9081135
QAKXAE,2.9978783,3.1479878
FEDQIR,2.6258988,2.3571815
RUFLIO,1.5861517,2.3818216
HAFJIK,2.1929655,1.8259346
MANQUP,3.4879556,3.3022952
IPUFUX,2.853658,3.3951824
KATXAH,3.3061833,3.3396816
NOCQEE,2.8852234,2.928455
DAFSEK,2.9576056,3.4206505
DAFNIL,2.9984226,3.126165
AFAFIA,2.9222307,2.3342593
SOPWEA,3.262101,3.7479796
OFIFEQ,1.9730976,2.3209362
IZIDUQ,3.7146263,3.845944
JEJDUA,2.896652,3.030571
YUVVET,2.095821,3.534925
WUCWAT,4.0256524,4.440903
GEQLUJ,2.999239,3.567388
HIGVUR,2.0117378,2.1874948
TOKGIK,2.9358366,2.766336
RILSUC,4.3745027,4.56431
YURXIS,3.7799337,3.6033547
ZOTMIE,4.5472946,3.9051056
RERREO,0.960834,0.70375013
NETSEN,3.6661901,3.6263182
UMIBUP,3.2531211,3.1489959
ZUWRIV,2.143985,2.9011319
VIQLOX,2.891754,2.6437912
PAWLUU,4.311644,4.3119287
GADLAC,2.97747,2.9548
VISRUM,2.1366382,2.2003717
AVOCET,3.553807,3.0234213
RUZJED,2.2362318,2.5818455
XAFJUJ,1.7205759,1.6653042
QOWVUU,2.860461,2.712335
FIBJIM,2.2065713,1.9365618
ASIMEX,3.9080992,3.9693685
QALXOQ,5.482278,4.9818993
HOBKEP,2.7469895,2.81881
IWIJAC,3.4661863,3.3928924
KITXUG,2.2027617,2.0913918
BIYLIF,3.223461,3.8040128
LOLLII,3.2977479,3.5373704
NORNEN,3.6702719,3.608792
NIKFAR,3.312714,3.3519015
OYUQEH,1.8683338,2.0809245
ZESYAZ,1.2685949,1.5297036
DIRJIX,3.4985678,3.105038
LEQRIL,3.9399366,3.4926264
DODNOC,3.300469,3.2510762
YUJLAS,3.876262,3.8188586
NOKJOO,2.9350202,2.741507
SINZEV,3.7475522,3.7994838
LUWDAI,1.371726,1.0537498
XESGAD,1.2955341,1.9847693
XEDNEC,3.1165202,3.2581227
IHEZUR,2.7167847,2.6923695
ODAWOF,2.676784,2.142438
FOHTUR,3.0174706,3.429936
GOJJUL,4.6858006,3.9432533
MASXAH,1.2645131,1.240068
DENVOH,0.25415435,4.752916
SOVQUP,3.6036038,3.5771413
DODVUP,3.1720314,2.753421
ISUYAW,3.068628,2.870365
YIHZUO,2.1804483,2.3552697
OREDOF,1.7088751,2.305781
JUVTAV,3.6936736,3.7255838
PEVWIZ,2.167659,2.118424
PIWHAF,4.6515145,4.7167416
YAXNIU,2.5967827,4.0648212
NIRGOK,2.5965104,2.6485806
EKOCAJ,4.3736863,4.543448
KEJDIO,3.1344795,2.8478065
NISQAI,3.4689076,3.8311076
ACUSUP,2.858556,2.403746
SOPTUO,2.9916198,3.176156
TEZWEA,2.4261672,2.4922514
YIQQAR,2.7374654,2.6923466
YEMGAB,3.5309496,3.1394286
OZOZOT,2.9565172,3.133936
HIBNAI,3.267271,3.0017993
DANPAL,3.226454,3.2822104
SIHHOI,3.3665926,3.08063
MALMIV,0.59348035,2.4680862
LAXLAY,5.5334353,4.075971
RIWREX,4.270555,4.6013765
BOHTEB,3.140466,3.2133298
KIMJOJ,4.053136,4.490426
HOSRUD,2.8542023,2.8167381
EHEGIJ,3.51816,3.6515265
XIYQOM,1.4604352,1.8721969
BEGRAJ,1.307235,2.2684588
JAYHEW,3.8251045,3.804408
RAWYIY,2.2661643,2.1625621
GUKDAS,2.5654895,2.444862
ETOHEB,2.2762325,2.2765083
BURNUA,2.5516117,2.448942
RIFVOT,4.7051206,4.732282
KARQAW,2.4190922,2.2830555
PIFXUX,3.5328543,3.97346
EMEKOW,3.0792406,2.6794233
LEPXAI,4.347291,3.9194174
OGITIJ,2.6035855,2.7524943
WODTIT,2.977198,3.328224
GEQNUN,2.9888988,2.916124
JORLIN,2.8876724,2.9607866
GUSKOU,3.0732539,3.2214775
YOFLOV,3.1148875,2.9452193
FOZCEC,4.108375,4.2786293
CODWAU,3.1820996,2.5351443
ATPONI,1.4332237,2.096788
CODTOG,2.492563,1.7508271
LOQHII,2.638688,3.0589366
HIJNAQ,4.3701487,3.6369843
IFILAO,2.82046,3.1288385
HIYHUT,4.171233,4.094223
IWUCIN,2.8435898,2.3876848
ZAQFOM,2.7282135,3.4884038
QAPRAE,4.015312,3.8776202
AMOVAB,4.113001,4.2245946
AJALIH,2.3235803,2.5446246
EMEQOD,2.934748,3.0862188
MOSVAR,3.0874038,3.0154545
WIRNUI,2.9981506,2.9011881
VEJKUQ,4.126607,3.7437525
IFONIB,4.2885146,4.1814356
PIBVIJ,2.105889,3.1866636
BOJLOD,4.213683,3.5348573
BOLMEU,1.9649342,3.120386
HOVRIW,2.004935,2.083086
XUSWUD,3.6936736,3.6469064
QONSES,2.4892976,2.7052689
FUGRAD,1.6476494,1.4634413
BENDII,2.1913328,1.9833585
OHERAX,2.394602,2.6007347
ZAMDUQ,1.5657432,1.5088699
FURBOL,3.126044,3.0567715
LALYON,3.81422,3.8563194
BOFYOM,4.1257906,3.5186574
UJOFIK,2.557054,2.68367
EZIQIN,4.333413,3.478986
SISLAH,4.3772235,3.9816146
BACMAU,2.5412714,2.8868818
YOHZOL,2.707533,2.8835874
CUKGOG,3.7287762,3.492444
LOHBUF,5.236015,4.355182
CORHOG,1.7222086,2.6032112
XEFXUC,2.2424903,3.071394
BAPLAG,2.157863,1.9548897
QAFTIE,1.6813916,1.5992396
TUTSUW,3.3344834,4.2045703
POFFOF,3.1655006,2.9530013
CMPHSC,3.4969351,4.0244446
MUCHOK,2.0925555,1.8657773
APIZIJ,2.471066,2.5968256
TOWXUB,2.62862,2.7514923
XAVVIC,3.7383003,3.6009579
BEBGAS,3.965243,4.1794443
IPIRUW,1.971737,1.9882231
DAZFAO,2.0661604,2.4267185
HUJBET,2.1328285,2.649534
HOSYOF,2.6231775,2.7213783
EJIBIJ,2.7521596,2.825958
GOFYUW,4.172866,2.9203312
BECSOS,4.1306887,3.5800364
SADWEZ,3.7480962,3.5855393
QEXZUP,3.4778874,3.756764
VURJEY,2.6079392,2.6912065
SEQYET,4.8735595,4.7113695
SANYUF,3.183188,3.0985844
LIVJUZ,2.5110667,2.5752516
MOJCAQ,2.8525696,3.344679
YOXDUN,3.4378865,3.8877683
GAQVOK,1.6139073,1.7757883
ZITLIA,2.9189653,3.2315798
EJOQAV,3.0974722,3.835395
OFEFUA,3.7676885,4.054473
VIZXIL,3.5029218,3.1494622
WARWUI,1.4144479,2.7583547
GEQBOT,2.6873965,2.5007539
ZETRUP,1.1932193,1.0996314
AKOWAB,1.7924141,2.5799322
PUMRAQ,4.7456656,4.806531
JAQKIV,3.4542134,3.5054078
BUZLAL,2.3687513,2.385811
LOXHIS,3.5276842,3.3608074
DABVOR,3.4732614,3.2600822
ROQSEV,2.0498338,2.2422638
ZOLLET,3.248223,3.5607147
ASABUT,2.650389,2.6038783
KODQUP,2.8740666,2.9237204
UWOYOW,4.78485,4.8493586
KAFZOK,2.944544,2.9227092
YAVTOE,3.3543475,2.7903917
BAXKAO,3.2008753,3.9749353
ZOJVAX,3.2460463,3.3283331
PIKBOB,2.906176,3.1004102
XAYVOJ,2.079222,1.9872476
PUZHOH,0.31674054,1.2582546
GUTMAM,3.3948925,3.4821749
LIJJAS,3.3069997,3.4623551
BUBFIO,2.9439998,2.813499
JOKWEP,2.3336484,2.5041056
GABCES,2.8740666,3.0941982
XEJRIN,2.8544743,2.9928908
BOXTUD,0.44626674,1.9352534
DIHBOM,2.060174,2.3642867
HEHRUK,1.7265625,1.1887096
EDIGIH,2.249021,2.9768877
NIMJAW,2.4365075,2.7138836
IWALEZ,1.8117341,1.5378891
HONLIG,3.8180296,3.8020887
ZOKMIZ,4.165247,4.0972757
GERJAP,2.669437,3.1461117
GUTXUR,1.9257498,2.2688591
KOCCAJ,3.1967936,3.1253133
JOHQUV,3.6427882,3.0477366
ONUGOU,3.9666038,4.1669774
TENBEV,1.6876502,2.2279763
FAZMUO,3.9344943,3.6489468
BOSCOC,4.068374,3.6108882
PIJLON,4.2476974,4.686614
YOLFUB,1.7597604,1.704831
RAYNOX,2.8563793,3.1630015
LUVLOF,2.631069,2.176058
JUJGUQ,3.3540754,3.3390443
OFIMIA,3.4177501,3.776897
WULSIH,3.4735334,3.1201544
TULKUJ,3.8561256,3.9112868
VILZOJ,3.0283551,3.0610778
TOXYAG,2.1899724,1.9538678
BACDER,2.856107,3.3486285
NITKAD,2.0702422,1.9198216
EWUPAN,3.1325748,2.9462514
UGUDEG,0.91158146,1.6243801
XATCIE,2.3793635,2.8860354
SURBEO,3.7004764,4.656323
NIBYAB,2.489842,2.29364
PAQDOB,4.232187,3.643468
OVEQAI,2.8237255,2.6707268
SATJUW,3.362239,3.4670541
POZYUA,3.7301369,3.718748
BEJPAL,2.1469784,2.5114172
POWKAP,2.0955489,1.7504414
REWDAB,2.1260257,2.673371
PORMAK,1.5352664,2.537248
RARTEN,3.689864,2.9625323
HEDQUF,2.1358218,2.5173001
JIRTUC,3.7244225,3.419918
GIQHIZ,3.570678,3.6819482
HUMDUR,1.837857,1.8921391
OKIKEY,4.567431,4.91778
GETXAE,2.4237182,1.822414
CIBBEV,4.191914,3.3404136
ZICTEK,3.5434668,3.1536565
UCINIE,4.6085205,4.2114286
QIYPUL,0.92954093,1.3876672
GIMVOQ,2.4729707,2.6098492
XOKMEQ,2.6963763,1.9830092
QISBOK,3.7407494,3.3945656
LAMRAT,2.5532444,2.903351
HOWRUG,3.6963947,3.0437667
CAPHUW,1.9140489,1.8271047
TAZPEQ,4.192458,3.6619468
NOQLAJ,3.1747525,2.9501665
QICYEH,2.3056207,2.846613
NIZGUA,1.4158084,2.2277746
VUBHEH,3.5742157,3.548523
INELAP,2.2988179,2.1536298
SEKPOQ,3.3010132,3.3207266
KOJSAG,4.375591,4.1349125
CIJXUQ,2.7382817,2.671006
HASGIT,3.6368017,3.5248837
XEDLAW,3.1113498,3.5256033
RAMVOR,1.4925445,1.7064444
OCUJAX,2.8452225,2.876278
QITREQ,2.9736602,3.318279
NOKDIC,2.6079392,2.4461448
IQEBOY,3.9059224,3.873497
MAHVUP,2.15106,2.3331676
POLZOH,2.2830353,2.2315779
VOCHAX,2.0253434,2.6530528
IFUVEK,2.9671295,2.9444335
QIFCAK,1.357304,2.1312096
GULJOM,2.5799115,2.8415337
DERZIJ,0.8598798,0.24392438
BOTYER,2.425895,2.4356678
REDWUU,3.047131,3.3912776
MIMXIT,3.6414278,3.1967428
BAXFIT,1.9301037,1.9476384
IZIMOW,4.261575,3.5929072
GEYXOZ,1.4958099,1.9728589
OCUWIS,3.5309496,3.7350185
UBAYIJ,3.1717591,3.2161374
DUHKAT,4.136675,4.0353837
ACUXEC,2.509162,2.3486485
UQEJIM,2.1331005,2.2069468
OTUQAX,1.5281914,1.6967685
TISHOV,4.1742268,3.9326987
BAXBOT,1.8264283,1.9466792
RODFIC,3.0220966,3.3323197
UCIYOX,3.1127105,3.2920241
ALODIQ,2.936925,2.841448
VENLOR,2.6971927,2.5320275
PAKCIR,1.9916013,1.9171945
FEGHEF,3.529317,3.2305317
JINZIT,2.2234423,2.646407
RECZEI,3.0000553,2.9614666
LAHVUO,1.0620604,0.93299794
YEZPIE,2.8623657,2.9387333
LUVVEG,3.78075,3.1852987
CAPNIT,3.69449,3.2806392
VAVCUR,2.0634394,2.25744
CEFWEP,3.5382965,3.4074907
NAZDIB,3.6863265,3.6816902
DUTNEO,2.53338,3.400702
PEMJOI,1.4800273,1.7348669
FAMMIR,1.9703765,2.6707568
MICWAX,3.7883692,4.584077
XULVUX,2.6604571,2.6231706
JATDOX,1.2498189,1.4657573
UTOWAD,3.410403,3.3351336
IFIBEG,3.3110814,2.1774406
REJTUV,2.418548,1.547954
JAVLOI,3.3761168,3.830317
QEJSAC,2.265348,2.3575895
OCOPII,2.6180074,2.4753146
ZIMXEC,1.7431614,2.2607007
XUDHOT,2.5725644,2.4524002
VUQBOB,3.3918993,3.9557867
EJANAE,2.942367,2.979328
OMEHAS,2.7499826,2.6512277
REHXAD,2.9350202,2.4759817
VOTBIS,3.5769367,3.5447547
BASBEE,1.7866997,1.8454363
DEJJIM,2.2014012,1.8412416
RUNPUM,2.509434,2.2320735
AVOROS,3.8827927,3.8455718
POJMEH,2.5616798,1.9894338
COVGUQ,2.5322917,2.640926
KAHQOC,2.5072572,3.158436
EDIHAA,3.857214,3.9036605
YIGPEJ,2.858556,2.5929456
VOXZIR,2.5401828,2.6967075
ARAMIQ,2.3045323,2.2836976
AHODAE,3.5984337,3.493522
VIQGEJ,4.0351763,3.662553
YEJTIU,1.9352738,1.877937
FESFIV,2.812841,2.4741893
YEFFUM,3.094751,2.9595401
LIBBIJ,4.06783,4.5125237
XONCUZ,0.9687253,1.5979164
ZAGRUU,4.0041556,4.44855
LAJWEY,3.8365333,4.228195
ADUHIR,4.4112377,4.4966197
BOYQEM,4.211234,4.212219
QODJOI,2.1241207,1.9521568
WIRROG,3.4446893,3.551898
QICZAG,3.0656347,2.740282
UMIVIW,4.1051097,4.226759
XAJHIZ,3.5140784,4.343026
QEMXOV,2.4419498,3.045211
JEDMIR,3.6340806,3.4623537
AGANIF,3.8324516,3.5159001
WAFXUZ,4.0996675,3.9303858
KIVKEH,1.9132326,2.2064724
FISBED,3.7012928,3.2174206
SETNIQ,3.0196476,3.1455693
XUSVAI,4.769612,4.359938
NINPEJ,3.1769292,3.4066396
NADYUO,2.7072608,2.7797503
MUBPII,1.9390833,2.3447647
OBARAO,3.4237366,3.44954
MIPGEX,2.9148836,2.7720585
SAFYOQ,3.620475,3.6777635
FUPMOS,3.654217,3.5129523
MOZYUX,2.0103772,1.8287648
BMBUFE,2.8615494,3.5965233
HOBVOL,2.9834564,3.0528345
LIPDAQ,2.1570466,2.0508223
LUQWUQ,1.4968984,1.8371508
ABEPAA,3.98157,3.8376224
BIRHIV,1.7521411,1.9744158
KEBLIN,2.5102503,2.8471549
UVUCAR,1.5137694,0.73866916
FOTNUA,3.4068656,2.8317475
XEZXEG,3.272169,3.6759956
KORLUB,2.3605878,2.2749763
XIVNEW,3.9535422,3.2384982
JAVYEO,2.1948705,2.6401272
JOCKIV,3.7704096,3.4355748
QESXUH,2.5989594,2.9963033
GECWAP,2.8131132,2.9119701
KAQJIY,1.7698286,2.3788497
ORUXIK,2.5818164,2.8697822
VOBBUK,1.2313153,1.4552565
DOWJEE,2.3867106,2.1725948
DEDGAU,0.7986542,1.7323265
RINWER,2.953796,3.137735
SAYNOV,1.5583961,1.7056211
EQULIM,2.2759604,2.4620094
LONBAU,2.669165,3.3895226
IYOQES,3.969597,4.100597
RIWWEB,2.3502474,2.246161
QOSDOU,2.2650757,2.0002208
KOXWOJ,2.8215487,2.8366952
WIRVOL,3.59408,3.5856123
DICMUZ,1.3284599,1.2991444
VOQZIN,3.0237293,3.1773376
OCUKAA,2.062079,2.1814036
AWAMAP,2.8936589,3.1643856
ZALQAI,2.8346102,3.377997
BARROB,2.8193717,3.149217
PUDYOD,1.4081893,2.1148813
TATGED,2.874883,3.0727472
FUSSOB,3.5363917,3.7743342
LIPKIH,3.084955,3.0723855
CIXQOP,2.49474,2.475988
YILQES,2.1766388,2.0456977
FISKUN,0.1627241,3.753004
EZIGIG,2.308886,2.2239985
FACJOI,3.8773503,3.0694923
SOTBUZ,3.0580156,2.962005
DETBUD,4.445524,4.1994534
RANFOE,3.350538,3.7666368
GEWPOQ,2.3842616,2.8014805
GABSOT,2.5703876,3.1753848
WUVYET,2.7976027,2.766144
XEDSAA,2.7799153,2.8013806
QOCZAJ,3.2305357,3.1297834
VIQDEI,2.4408615,2.4678266
JUXLUL,3.1869977,2.8990753
NEMGIW,2.8063102,3.1127963
XIGFEB,2.7181454,2.6433556
NOEPOR,2.6297083,2.1417804
NERMOQ,3.9067388,3.7408078
JIKSEB,2.1165016,2.4929404
UVADOM,4.6327386,3.796916
WAFCUE,2.3116074,2.3753424
SECTEA,3.7023811,3.4675477
JAKMEO,3.912181,3.712532
BAGYAM,2.1445293,2.0510247
NICHAJ,4.6213098,4.2097836
LAGBEC,2.712159,2.999814
GEBVER,2.679233,2.3816853
NOZYEI,4.154362,3.7500935
BIHCAX,3.7094562,3.6012173
MAQBUB,2.1420803,1.6552597
LAMYEF,4.3173585,4.329234
BOMFUE,3.570678,3.831223
KUYNID,2.370928,2.5233424
FARPAS,2.609572,3.0190272
MAVXIR,3.0133889,2.7882895
IYEWUF,3.4044166,2.7968574
JEQLEZ,2.6125653,3.0477827
ZELZAV,2.0446637,1.8391736
VOZHIB,2.4022212,2.4812422
CAFWUC,1.522205,0.936857
CILKAK,3.372035,3.6138477
FIRHOF,1.3328137,2.090934
NUBQIM,3.2914894,3.2590299
ZEZDEN,3.3521707,3.0694492
NELQIH,3.4659142,3.5207577
GEGPAK,3.410675,3.2069294
WUPFIZ,2.7902555,2.7918334
XIYBAJ,3.05856,3.0765042
UXEKUE,2.6506612,2.378752
IGAVER,4.538315,4.7935147
RUNMUJ,3.0795126,3.2852035
UZAKEM,2.659913,2.8048375
ETAZAA,3.2133925,3.2623885
WAJGOF,3.6095903,3.6506877
ENEGIN,3.936127,3.405464
VOQFUE,3.0191033,2.7702656
EVETAA,3.4370701,3.5456772
UTADEZ,3.9823864,3.7443833
HALRAR,3.1788342,4.347299
YAGGUJ,2.0495615,1.8600647
WAVLUA,2.4563718,2.363379
GEDVIX,2.3820848,2.617302
ZEQMIV,2.6996417,2.439344
AKAKAA,1.2933571,2.5848806
ZEGYEP,4.0161285,3.768686
DISPUR,3.2106714,4.148333
JIQNEC,2.6645389,2.712686
TUMKES,2.7826364,3.0936453
NERDEV,3.3489053,3.1639493
BUSZAS,3.2816932,3.3282573
OFIKIX,4.3293314,3.7976525
VUTXOA,3.3592455,3.6037593
KIZPIT,2.8732502,3.0106597
CEHPAG,0.9956646,2.1000638
GEQVEH,2.4607255,2.812173
CILPEV,2.9812794,3.0551593
JEXZAO,3.1469967,2.9944646
IDEYAU,2.3271177,2.4676745
DECKIH,2.0452077,1.7538717
FOCPOC,3.4708123,3.0237067
XAVZIH,2.102896,1.9679557
IBETUF,2.7282135,2.4171329
BAZMUM,2.5652175,2.6153803
AQHPRV,3.659387,3.2310696
WIZTOR,2.5494347,2.7465034
IZATAH,1.3162148,1.501978
PUTVEF,2.8468552,3.085324
OJAWOL,3.1154315,2.7117004
XEKGOL,3.651768,3.2740138
VOGZOH,3.2808769,3.368457
EPADOQ,3.5075476,3.2469485
XIQDOS,4.139668,4.275524
GIRLOL,3.7799337,3.738588
ADUMAP,3.699388,3.4369507
RIJWIT,3.4049609,3.1538372
INISIJ,3.4449615,3.6493373
XINMEN,4.0419793,3.6883402
LUHYIW,3.529861,3.6810122
HIGVIF,3.7486405,3.3405328
RUQJIW,2.592701,2.337957
DUXLEN,3.7646954,3.928631
CORQEI,3.6931293,3.7418103
UFIBOD,3.7725866,3.6088834
FUBQUP,2.9929805,2.9051013
LAHGIO,5.1301627,4.9388447
YUPCIV,2.2830353,2.4962745
JAQXUU,4.2403502,4.0951905
PUBRIO,1.9733697,2.880803
REWNAI,3.6033318,3.2448964
LUVTUT,2.0547318,2.3515115
PIVRUL,3.7559876,3.5290217
PUVLEX,2.7350163,2.7311816
JIBHOV,1.5205723,1.3596438
SOXVEJ,2.456644,1.9390801
BUQKAA,3.3905387,3.204896
RIHDUJ,4.285249,3.8095741
QEJLUO,3.2982922,2.787906
BEBXAI,2.961143,3.4311457
KOXPIY,2.465896,2.2359672
UYAJIO,3.5241466,3.4146647
AGOHUD,4.753829,3.8579144
LEXYIX,2.468345,2.5408769
VIGXAM,4.1238856,3.8039336
QOCDEV,3.4406078,3.0204937
SIGQEE,3.5886376,3.5543246
TIMZIA,1.8598982,2.607971
ZEKLEG,3.6446931,3.3427496
BUKCUG,3.3181565,3.2632554
NUMBEC,2.110515,2.317408
GURZOJ,3.6095903,3.5269613
OGOFOG,3.5848281,3.8940172
YEQYUR,3.9233377,4.0726857
LOLKOO,4.088511,4.414278
JAHXEY,4.636004,4.1517334
WOLQET,3.2544818,3.2413535
YEYNOG,3.1981542,3.066898
VULBOV,4.181574,3.999561
MIHBUC,2.1442573,1.9757383
LOJVEN,1.2310431,1.7907759
FAPDOR,3.0601926,4.041352
QAWKUW,4.0142236,3.9322035
KEZBIC,2.7380097,2.8313236
HEYRIQ,2.841413,2.9324067
VOXTOR,3.677891,3.6947374
WOBKIK,2.958422,2.9671774
FUTYUO,3.0237293,2.620325
QAHBUX,2.7622278,3.2895534
UTOCEO,1.7815294,1.9325694
WUPKEX,2.5396388,2.2004313
AKIHOT,3.0985606,3.338432
NOLTAJ,3.8656495,3.805454
REFTOO,3.8234718,3.52573
ASABUS,3.4909487,3.471295
QABSUK,3.7597973,4.4146476
NONSEP,3.8825207,3.8716543
QUNBAC,4.0071487,3.722101
PIZCEH,3.3540754,3.3091962
LAZGAU,1.799761,2.2085905
XACYUY,3.006858,2.8310885
SECVOO,2.2234423,1.970272
DIXCIZ,2.2737834,1.4445076
KOMFIB,2.731479,3.1611156
NIQWIW,4.5078382,4.5043373
QAHYAZ,2.989715,3.5204978
LIZNUF,2.7736566,2.8133907
WAVPOZ,0.9192006,0.9990357
LIGJAO,3.085227,3.15866
SAFQIA,3.0874038,3.468358
NUCSAI,2.7469895,2.4811373
PODKOI,3.6452372,4.1105795
TADSAV,2.7799153,2.9426425
LAVFEU,3.7227898,3.552678
ROCYOB,3.8234718,3.6112428
LABFUT,3.943202,3.348153
MONVOB,2.0781336,2.5562196
VITJUH,3.190807,3.13201
CORDAP,2.8922982,2.7576175
GAMLOX,3.4544854,3.134911
RUDVIX,3.2117598,3.276122
QINZIY,4.3649783,4.9766264
APAFEF,3.5040102,3.2117465
VEZCAI,1.7638421,2.1235795
IXUZUZ,2.5439925,2.8543818
RIDVOP,3.348089,3.1493227
JOXPEU,2.6161027,3.037304
QIGCIU,3.876534,4.1378627
SOBPAC,2.722227,2.6474786
GANCIK,4.698862,4.66907
TIRQEU,2.146162,2.3430853
IBECIF,3.1603303,3.3030016
DAMYEY,4.0256524,3.1252108
NALBAG,3.1195133,3.3522499
NAYCUL,2.5780067,2.1341457
AQUROT,4.077082,4.097515
VISROG,2.6604571,2.7708547
SIHLIG,2.9116182,3.0776126
COFXOM,2.3867106,2.836867
SERXEV,3.0514848,3.2801356
NUWFOA,3.2732577,2.7670293
JASPUO,0.5864054,1.517133
JUJJAZ,3.2386992,3.1086457
FIRPUS,4.8879814,4.9145174
KEMQUQ,2.2261636,2.3344607
DOLZEM,4.031639,3.8389957
WUWBAS,1.9984043,1.9299854
VAVJOT,3.7861922,4.4346943
BERTAU,2.6642668,2.5828378
MODVIM,3.926603,4.3368797
ZAKFAV,4.562805,4.3102965
GEPZAC,2.880053,2.5865722
VEYMIV,1.84983,1.5352788
HIHCIM,0.9858685,1.8295482
TOBKEE,3.2634616,3.1794424
TAZRUJ,3.716531,3.7177365
ZOMNOH,3.4253693,3.3190439
SEVVUL,2.9878101,3.4166133
KIJDIR,2.516509,3.1349308
QOBFOF,2.3243966,2.733264
IZUQOL,3.2748904,3.4048638
FEVHAT,4.182118,3.7501695
TAJKAT,3.905378,3.5972526
YORGOE,2.882502,3.28321
IZIXEV,2.3780031,2.5950696
IXAXUA,1.9031644,2.2303548
OJIYEN,2.3007226,2.3272753
AJAZUG,3.8876908,3.8154564
VEZJOC,3.6645575,3.680706
YIWDIT,1.9529612,3.6509955
DOSNUW,2.0637116,2.572318
LIZPIV,3.2433252,3.1578984
ECAXIQ,3.2566588,3.0853593
NAZNUA,3.2517607,3.543799
OVICUT,1.5088713,1.7066387
HIKCEM,2.8084872,3.4070857
XEDJUL,3.876534,3.92157
SAWPIQ,2.5937893,2.9989767
WUTZAN,1.9834379,2.372956
MIWWUO,3.6310873,2.880357
FULKAA,2.8185554,3.6471148
GIFJAH,3.6580267,3.9841971
ENEJOZ,2.4182758,2.392034
HIMGAP,2.996518,2.9457707
AKINAJ,3.86701,3.4183788
GITNOQ,1.5363549,1.0304799
HURKUB,3.176113,2.9252052
ZANPIQ,3.0680838,2.8159392
CITFOB,1.9219402,1.9579874
JIJJUL,1.8525512,1.6055427
XULXOR,2.9361086,3.0721483
DIJBEF,2.2269797,3.4512837
IPAMUI,3.8008864,3.9065
VAQVIV,2.5799115,2.368693
LEJBIL,3.106724,3.512252
QASNUU,0.45905608,1.5248212
LUMNIS,2.99679,2.8621042
KIDROE,0.47619927,2.534951
HUQMEM,2.5657616,2.6207416
PAXQIR,2.6903899,3.1212878
BEFBUN,3.4947584,3.4570088
XAJGUK,3.5151668,3.9918294
TIFLIH,3.926875,3.9891267
YEKWOE,2.7516153,2.5866325
GALPIV,3.025634,2.9200072
WUXZIA,1.1439667,1.2954637
ICUWOV,2.7420914,2.541086
UNODOR,4.9794116,4.3634777
TTRPNI,1.785067,1.2247542
VITYUT,3.512718,3.5133483
KUVNEX,2.839508,2.8732643
SEPKAB,3.8003423,3.387938
NEBJAF,2.9502585,2.634685
TATWOD,3.5456436,3.4228663
GEFHOR,3.8340843,3.0743
JAHKIN,1.7219365,2.2372417
POJNUB,2.0906508,3.1176736
IHAVUK,4.047966,3.715662
UYACAZ,3.2874076,3.820993
CUTTIX,2.289566,2.2536132
OHOZER,3.0030487,3.2594807
LEGZUS,3.1652284,3.435471
KURREX,2.7396424,3.7181308
FIHNOC,2.2563682,2.342845
ZOKMAR,3.524963,3.697774
RAGVUQ,2.2762325,2.2365735
SEJYAJ,2.576374,2.9877799
OCADAY,2.638688,2.7909756
QETJAB,1.5099598,1.6509793
BUJDUG,3.436526,3.6845202
KAMWAX,2.9244077,3.30986
PIKHIE,2.2980015,2.1255367
KOHSAC,3.4827852,3.6240478
UQAXES,3.2267263,3.318164
DAXVAZ,3.3331227,3.3260837
GUFDEQ,2.7921603,2.7951899
SAMMUQ,2.8623657,3.0698612
FIGNOZ,4.4297414,4.393135
LEPZIQ,1.3872365,1.6343724
LIBHUZ,2.5850816,2.4064956
TETJUY,2.5249445,2.7605302
TICQOM,2.6397765,2.3300028
UZIYAG,1.5417972,1.6444807
ZAYLOC,1.4906397,1.5977104
GOFFIQ,3.040056,2.6616433
WIWLUN,2.5888913,2.5283866
DECDUK,2.2269797,2.8206196
RASCUM,2.7695749,2.8407862
PEHKUL,2.757602,2.9224162
GAMMIS,3.6169374,3.5404768
APEKUE,1.7012559,1.5826797
GOZXUQ,2.7924325,2.878997
NEYJAE,2.3951461,2.4362836
GEMYUW,2.8327053,2.980138
XEFREF,3.2231886,3.059884
VERXOJ,2.5673943,2.5562296
GUTHUZ,2.6493006,2.7355769
TUCPOY,3.5415618,3.6417818
FOTPAF,1.5181233,3.5118299
LANBEH,3.0329812,2.966432
NIQJIH,3.7197964,3.7701936
TIWJOZ,3.6738093,3.5765843
OBASAL,1.9733697,2.5487924
LOWKAM,1.7423451,2.1560874
QIFBUF,2.7088935,3.1549551
VUSJAW,3.4849622,3.6355891
PROPTC,3.9965363,4.0958195
DOBQAN,3.4849622,3.3346157
WUFDOQ,2.5126994,2.4021893
BORCET,2.3804522,2.486716
MEPWIN,2.9761093,3.5607562
VUHWOM,2.022078,2.1597962
OLEVUW,2.934476,3.069066
HOMRUW,4.20171,4.5199428
POZJUK,3.243053,3.4340966
NASLUO,3.7491848,4.046692
MEHYEE,2.9535239,3.4109592
OZOQUR,4.079531,3.737784
IGUHIB,3.1891744,3.023792
XOYDAR,1.9205797,1.8695335
WEBVIL,2.2411299,2.3071313
WATDUQ,5.3614593,5.414774
TOPCIK,3.2991085,3.1440465
MACVET,2.812569,2.805316
ZITDUE,3.085771,3.2036164
YUHVII,3.7475522,3.7380128
SOVVUX,3.548909,3.711726
MUFVIS,1.0021954,0.9503529
TEZSAV,1.5336337,1.9675119
VELKUS,3.293394,3.555941
JOPZUL,2.8928425,2.9272985
LEQJOH,3.5747597,3.729615
ZEJLUX,2.4827669,2.8112662
DOQWOV,4.8762803,4.3703737
JICBOQ,2.428072,1.943564
JIKZOV,3.1293094,4.407914
PIBYOQ,1.1415176,2.3183389
EPUXOE,2.6776004,2.6715817
GUCQEA,2.8718896,3.472882
HISYAK,4.997099,4.461337
SIGBAP,2.9167886,2.8403592
CIPDOV,3.300469,3.4003806
LELNUM,3.022913,3.0864413
DIVVOW,2.765221,2.962756
AGEDEZ,3.2174742,3.3255947
BOHKIS,1.4441082,2.3881824
TEDXEG,2.6411371,3.2473397
FEKJIR,2.8710732,2.7056482
TOQJEO,3.6876872,3.4814281
XOFTIX,2.2228982,2.345259
YUGVUU,2.9086251,3.0179062
SALYUC,2.1826253,2.043775
WEBDIT,3.6819727,3.6004968
CIJBIH,3.4974794,3.6720142
PAYMAG,2.906176,3.0685349
REPPIL,3.328769,3.5390224
WALZAM,3.4972074,3.6800804
OROGUY,2.717329,3.0136745
RUFXIZ,4.165791,4.0316973
AFAXIO,1.5594846,1.5653048
EVAHIS,2.9557009,2.914516
RAXBEA,3.7769403,3.8247035
JAZHAX,3.0669954,3.4546123
DANWOI,2.1162295,2.3556023
AGUMAQ,2.8811417,2.8493803
RUQZOV,1.5986689,1.605546
QAVCAR,1.4468294,1.0244997
HOBWIF,2.086297,2.655875
XOFHUY,1.9045249,1.9425544
ENIDUD,2.8672638,2.884009
TOXLEX,3.207406,3.1082222
BOWKII,4.7810407,4.1919913
QOTKOZ,2.7178733,2.4126375
UVEQUK,2.939102,2.826487
WEFQEH,3.0773356,3.1987348
MOBNUN,0.7159316,2.4104638
GODHOW,1.2577102,1.7581176
EQEYIL,2.2207212,2.4377394
ODEFOU,3.8019748,3.705264
SIRVIC,2.7418194,2.8922453
GUGJID,4.0433397,3.7878716
BUJLOI,3.4215598,3.5340695
LEYJOR,3.0011437,3.0922406
BIBHAV,3.137745,3.2333348
VIXSIF,4.1119127,4.185921
LAYDAS,2.8256304,2.3701138
GURLOX,2.5505233,2.2873383
PEKQUU,3.695034,3.414287
PUCVUF,3.1391056,3.1299658
ROFSOU,5.649628,5.7723374
KOPTOY,3.0762472,3.565528
BONSED,3.4419682,3.2589452
NICNOD,3.4811525,3.4266458
MUTZAD,0.97090226,1.3209294
MUQZAB,3.2441416,3.0496242
SILCEY,3.1889024,3.1634037
LALTOI,2.9766536,2.994523
FOQZIU,3.071077,3.183339
EDICED,2.3829012,2.1585586
KEQJAR,2.5374618,2.9143214
WEGXUE,1.7339095,1.3292478
EFIKEJ,2.7668538,2.79405
OHEBIM,3.1295815,3.2950866
ASECOQ,5.5990148,3.6067808
CIGKEL,2.4838552,2.3965075
QETYEU,3.0074024,3.2560556
QIMLUW,2.6895735,2.7189302
TOMNAL,3.2969315,3.5273504
NULMUC,3.013661,3.0807748
UDUPUE,0.3670816,1.7684636
XONWED,2.5584145,3.2426023
POSXEB,3.3513544,3.6856053
BAYLOE,2.4269836,2.2043238
MERZOB,3.4634652,3.7821364
JIPJAU,3.1434593,2.050945
ALERAM,2.6969204,3.061616
ASOWUA,1.8585377,1.8542264
BIWDER,2.925224,2.8192482
PIPNEJ,5.6001034,4.855518
ZIRNAT,1.3091398,1.6472242
WEQCUS,2.8860397,2.6264343
ZUNDIN,2.3959625,2.8940918
QUCJOP,1.7428893,1.8434021
VAWSEU,3.2610126,3.1139274
GUSRIY,4.8264837,5.670643
XOXXIT,3.049308,3.1771212
WAZWAZ,2.5061686,2.6897101
APUDIA,2.6283479,2.5911412
QAHGOW,3.2920334,3.39407
MEJLAO,3.3676813,3.5445979
YIWTEE,2.955973,3.12392
FIBCUO,2.029153,1.739786
AMINOA,3.5222418,3.4065013
OCUGUQ,3.9138136,3.8407505
OVAFEZ,2.8925703,2.7648337
XUHXII,2.0509222,1.8750728
CASVUQ,1.5962199,1.3862728
BUPHID,2.886856,3.0578225
JOBWIJ,2.8397803,2.5922463
OQUBAF,1.6588061,2.202268
BAGYEQ,2.1774552,1.9910792
BOHPUK,3.7456474,3.8694882
GAKRIV,3.6550333,3.6550245
MUYRUW,3.3712187,3.048255
ZOCCAV,3.374756,2.9524276
OJOLOP,2.8280795,2.9211786
VIYBIP,2.2155511,2.1571732
NIBNUJ,3.895582,3.8115656
RAPJAT,1.3567597,1.9217334
NOXSAX,2.757602,2.5749948
OBOJOE,1.1159389,1.3275436
FEXSAC,2.4729707,2.8471172
XAYQAS,3.3660486,3.0859683
OTIXOF,4.01504,4.350746
WIWRUQ,3.415301,2.9890838
FEQDOU,5.6975203,4.965372
VAWVUO,1.9535054,2.332262
QEZYUP,3.532582,3.8008924
ZUWLOV,3.061009,3.0825694
MAXGUQ,2.4786851,2.2755926
CEGQIP,3.3559802,3.3481374
FOGQOI,1.0160731,1.9120266
FETBUE,3.111622,3.435617
KUPJOW,3.907283,3.8713496
LAWRUA,3.4852343,3.3671465
WOBGAY,3.410403,3.0920007
DOCTUM,2.6324296,2.2102954
VAZWAY,2.822637,3.0549107
XACRIF,5.3304386,5.12465
BUSWUJ,2.6890292,3.6692958
CUCXED,2.5581424,1.3980436
FUVPAN,3.570406,3.4796302
QICYAD,2.1608562,2.6976612
QATGIF,1.7099636,1.7912216
DITVOS,2.4884813,2.6132302
QOCVAF,3.324415,2.8820446
BOKMUN,3.374756,3.4122872
FEKNIV,1.4408429,1.8517643
NIPNIJ,2.841413,2.859899
IHIDOT,3.26972,3.5782576
COYDIE,3.3891783,3.2844474
BUTWUK,4.2457924,3.771277
TUKYUW,2.3194985,1.9842918
KEZCEY,3.960073,3.406854
OBILEQ,3.723334,3.681253
HOVTER,3.505915,3.9233468
XAHYAH,2.9731162,2.7599826
LAXNIL,4.3693323,3.8215292
PALCUC,3.5314937,3.4856482
NAQYEL,2.8814137,3.1804693
WEJTEM,3.2324405,3.138267
BAMVUI,3.6153047,3.0893476
CUHXEJ,3.5222418,3.178233
OVOKIU,3.8702755,4.110993
GISHUN,3.9619777,3.6880782
QUXROT,3.8778946,4.432117
XOHMUD,3.6229239,3.601199
BIPQUP,2.38018,1.8398296
FICQUF,2.9867218,3.4026046
TOQZIK,2.8346102,3.0232356
CUVFAD,2.6242661,2.8214028
FUWXEC,2.007656,2.2737393
MAXKAY,0.6650463,2.9881947
HAGZAS,4.065925,3.6426048
TIRDIJ,2.13174,1.897181
IFASOB,4.105382,4.0758157
NUSHOY,2.9886265,2.8921695
DEKSET,2.6185517,2.2281706
AQIBEH,3.998441,3.402572
BASACO,2.9263124,2.7877402
DUPLIM,3.2841423,3.6418502
KADGUS,3.1157038,3.0919821
KIWWOG,3.3031902,3.2073264
HOSRAJ,3.5693176,3.3156557
FUBPEX,3.3603342,3.2226024
RIJYER,2.4199085,2.5453238
TULHOX,2.6245382,2.2240043
KICFOS,2.69556,2.4669833
HEBGOO,3.1034586,2.6548882
MOMQOU,2.0101051,2.971672
INATAT,3.2147532,3.2440605
UVUMAB,5.181048,4.355685
GOBPOG,1.0762104,1.4382045
FAHFAW,1.7420729,2.0939999
OBOJOI,1.3317252,2.0409985
POXHAL,3.004409,3.0791526
ZONTIH,3.07788,2.770988
HOSGUS,2.8920262,2.9213696
ZOTBER,2.9859054,2.9788852
USAGED,2.7426357,2.6230721
ADACUD,2.7641325,3.085788
YOBCIB,3.4185665,3.4066472
DAQHUA,2.4819505,2.7751482
NUQREW,2.7731123,2.351462
XELXIW,1.5981247,1.7058644
NEZBUQ,3.1981542,2.862387
GIVBUK,2.2174559,2.6353147
POFKOL,2.841413,2.9824834
MANLEU,3.2604682,3.2512362
QEHSUT,0.65443385,0.9547062
DACYOW,2.1959589,2.262585
MUXTAB,3.0656347,2.2627542
LOQZAS,2.5086176,2.7683432
JIDBUX,3.792723,3.4987926
GOYGOQ,2.5227675,2.759999
XUKMUM,4.251779,4.3999796
GIXMOP,2.9314826,3.3929899
FODJIT,2.875155,2.8877418
RIQGIJ,2.2686133,2.3204365
QAMHAO,3.3255036,3.514762
KUCWUC,3.0844107,2.7085786
FIJFAH,2.8639984,3.1314256
TEVJEM,2.1445293,2.4114516
GEDZAQ,3.1780179,3.1702335
OCUMUW,3.5116293,3.3192632
CESNET,2.5031755,2.4924152
KIKHOE,2.2397692,2.2750564
SAWMIP,3.331218,3.5664966
CIBTUF,2.0661604,2.0949602
BONKUM,3.2283587,3.436833
GETSII,3.7989817,3.6769598
WIYVIK,2.4892976,2.2421327
YOZSUE,3.0125725,2.5917897
KUPMOX,2.7189617,2.4549348
JIRVEO,3.9353106,3.1235025
GUPREO,2.814746,3.001418
UMUDAJ,1.4811157,2.2076194
XEBJEW,4.354094,4.6248765
FOVGUV,3.054206,3.0650702
MIDNOD,2.4536507,2.6304631
JUCQIH,4.579132,4.800397
QESPOT,2.3423562,2.4167607
ULUQEY,3.071077,3.3318782
HIGLUE,2.8256304,2.8502579
NICVIF,3.4406078,3.7987728
XECTUU,2.6672602,2.3054674
GOZXUO,3.45122,3.5827131
UCEYIL,3.4283626,3.369362
MEDRIA,3.4762547,3.5837035
MERJAV,2.3243966,2.5258093
BIKLIQ,1.6231592,2.548865
FUTCEE,3.157065,2.643818
LUGRAJ,1.823435,2.3900988
MOMCEX,1.4754014,1.3713434
CEQQAT,3.5023775,3.4226747
WAMQAE,2.844134,2.632249
RAJSIE,4.33042,3.7224016
VELTUE,1.6400303,2.0581055
JAFFIJ,2.3962348,2.7208736
FIVJOM,2.454739,2.8605657
JENSOK,4.0906878,4.4333797
RUHWUO,2.710254,2.8130107
AFOZEA,3.754355,3.6090825
REVFON,2.1616726,2.137728
VELZIY,2.8686244,2.4989228
JIQVUD,3.061553,3.2665057
QUGVAP,1.4756734,3.220125
ZIPYEF,1.3994817,1.5267314
SUYSEK,3.2242773,3.5937457
MOZYAB,2.8435898,2.4906378
IRECUE,2.894203,2.8588004
MAVWIR,1.1861444,1.3093348
ILEKOA,3.9472837,3.9764757
NIGWOT,2.6680765,2.7830682
LUCQAD,4.2479696,4.118841
QIXDEI,2.148883,2.3934002
RAKROL,3.7875528,3.226616
QAHNOD,5.160095,5.296027
LUHLAD,3.1660447,3.0023477
FICCEA,1.7730939,3.4254045
ZUDNOB,3.6378903,3.822325
KIRXIW,3.1178806,2.821708
WAVLOW,3.4822412,3.3174057
FONWOW,4.538315,4.1370397
VIKXAO,1.8277888,2.0722291
XOCCAX,3.0131168,3.6881018
FERJAN,2.5031755,3.1197667
XAKDOD,2.8256304,3.6835656
BOZPIQ,1.3175753,1.3406196
HABWAM,2.6778724,2.9147189
COBRUJ,1.7050655,1.80943
SACPAP,1.8016659,1.6484839
JUZMAS,4.0852456,4.1952467
XEMPAK,2.4509296,2.13437
XAQBAS,3.7255108,3.7007525
XECNUQ,2.8737946,2.8510067
KIMLUN,2.4269836,2.974757
UQISOF,1.235669,1.1781714
POZNEX,3.0691721,4.008537
NOFSUZ,1.2405671,1.2266878
XOGBUT,3.5842838,3.4935374
WODQIQ,3.1034586,3.0690827
LAVPEE,4.317631,4.1604614
XELLEG,2.6585524,2.9419508
FIQGOD,2.9401903,3.228459
ASUCEW,2.7380097,2.845131
IGEZEB,3.4357097,3.3160977
JUCHIY,3.8716362,3.939754
ONUHAH,3.9608893,4.102212
NUCYOA,3.147541,3.2031994
TENZUL,2.901006,3.5458403
JUQSIA,3.7763963,3.1263647
VUGCUW,3.7987096,3.1900795
UMIGAY,3.9325895,3.946203
KOCNOH,1.6623436,1.4803333
YOTBIV,2.8082151,2.7006059
NUZZOY,3.8993917,3.8589392
ILOKEZ,1.6008458,1.3693466
VAPHUR,2.6174634,2.752701
JOJFAS,2.210925,2.2122912
GUZZEI,1.5951315,1.84653
ODAKAI,3.250128,3.2979865
DIYSIO,3.496663,3.3238966
ZOGGOR,2.7301183,3.1812363
DERMAO,3.6814284,3.89612
SEDGIR,3.7241504,3.5214128
XIYHIX,2.198408,2.5385585
ZIQMER,1.9562266,1.689102
PAYCUN,1.9673833,2.0807843
YUTTAL,4.0395303,3.6640704
DONQUV,1.7186712,2.1339414
DIVDUH,2.8256304,2.627304
HIQQAD,3.6093183,3.2003572
CUXZEA,3.8727245,3.6542983
ZAXCUW,2.2563682,2.432343
WEYTUT,1.3173032,1.5521152
YEMSAL,2.8699849,2.6383092
BAWMAO,2.8805974,2.8194785
FAXQOO,2.4386845,2.5138505
RUWZIS,3.410131,3.4569874
BOFLOZ,1.2604314,1.4105073
UHERAC,3.047131,2.7613811
QILCAP,2.425623,3.2668889
FAJSUG,4.697774,3.9167786
VOBGUR,2.2977295,3.1032393
IPOVAL,1.6432956,1.6037163
UGINII,2.679233,2.6482832
ITOHIJ,0.9156631,2.0027528
ZANKAA,2.3475263,2.446833
LUHJUW,1.7151337,1.9087969
CIGBID,3.7061908,3.5234118
XUWSIT,3.594352,3.713871
TAZREU,2.3967788,2.6014204
MIVGUU,4.02919,4.3242235
IZIFAY,4.0950418,3.2653022
NOGPOR,2.7396424,3.6006207
NEDHIO,1.9809889,1.9612243
REWNEM,3.4588394,3.6103888
KIFKEP,3.1418266,3.41036
BEHYIW,2.6174634,2.4902146
MIJCAK,3.5440109,3.352075
COCLUF,3.4324443,3.27626
WILFAB,2.2062993,2.590191
IDONAT,4.059939,4.219059
UGUBAZ,0.5442277,0.47900176
SISQIU,3.5932636,3.1849198
COHMIW,5.010977,5.4059105
ZEQLAK,2.3551455,2.8237236
EDILUC,3.4585671,3.2038403
UGOVIW,2.6639948,2.6269016
SERQIR,3.754355,3.9681695
GUKYIX,2.9410067,2.8797626
LAXCOF,3.261829,3.1581247
KALXEE,1.8941846,2.3187864
FITXAI,2.6974647,3.0557227
FAXDOZ,3.128493,2.524118
AGOJUC,2.3981395,2.416514
AQIPIB,2.6797774,2.5861816
XASDOL,2.6152864,3.585771
PATZIT,1.235397,1.2284068
GADSIQ,1.8427551,2.1346602
GESHUJ,2.5453532,2.5983846
CIKWOI,3.4264576,3.4964879
VIDFAP,3.7391167,3.3365963
IXIBOG,3.36496,3.5525799
TOWMOH,3.8297305,4.2410645
XARJEI,3.8291862,3.5151393
LADJOR,3.649319,3.852076
EDALIF,2.9616873,3.0438612
PIPPUD,3.3946204,3.400052
UYEKUG,2.8593724,2.761574
DADVUD,2.4082077,2.778574
CECBUL,4.5538254,5.2120786
COKNAR,4.636276,4.5593386
TAKYIO,2.774745,2.6830173
ZIJHEF,2.6316133,2.4384227
JEXHUT,2.578551,2.4277616
JOPREO,1.7720054,3.4168985
LUWSUS,1.9875196,1.9681159
DPCBWC,2.2090204,2.548507
KUNBOM,2.7178733,3.2381158
NILLIE,1.71595,2.0582454
AXINIE,3.560882,3.3326528
NEGVUS,3.554079,3.3193903
BUVVIY,2.805766,2.959961
KIJLOE,2.8667195,2.9414244
BEJXIZ,2.3352811,2.4772336
ILEFOW,2.4011328,2.1553807
TILXER,2.5559654,2.329064
RUNDIN,2.669165,2.2142465
DIJFAD,2.8928425,3.5239458
KIQMAB,1.5888728,1.9301486
BEDQEH,4.3124604,4.1626244
IHITEA,2.2073877,2.398089
TUFFUY,2.4971888,2.5415156
BUPFEA,2.1502438,2.6303527
QODWOZ,2.8245418,2.906695
MIGHIV,3.5377524,3.7174792
GISXOY,1.7170385,1.803615
NAKSUP,3.720885,3.503664
GIDYUN,2.9948852,2.9807284
WOJGAD,2.9742045,3.3154519
VUCQOA,3.575304,3.3170152
LANMUM,1.2509074,1.342472
NIRGIE,3.2495837,3.5422878
AGEFIF,3.0123005,3.1301177
NEVMIM,2.9208703,2.989839
AYOCIB,2.8672638,2.8037653
ECISEO,1.5374433,1.5831872
LOKTAI,1.988336,1.6238952
QIWTEV,2.2794979,2.244664
JISJOK,2.7469895,2.4532652
FOTXAN,3.6231961,3.461361
GIGGIM,3.7524502,3.5375254
TIVRAS,2.793521,3.0039363
GUQJUX,2.6199124,2.9596314
YAPGOL,4.323345,3.8548357
DEQDIM,4.02538,4.051974
MEDCUU,2.25147,1.9872733
COKZAF,2.4623582,2.8008301
WIRGUB,2.057453,2.6667583
CAWDAI,1.8144553,1.9166255
EKECUU,2.9791026,3.046801
TALRON,3.7143543,3.6769123
SIYZUY,3.0245457,3.1203892
WEBDUF,3.0871317,2.9096076
IBOCIM,3.6482306,3.8164659
ROGYAP,2.2389529,2.4606273
ITOGEF,1.6566292,2.2101698
TISYAV,3.328769,3.2630134
XOTMUP,4.569336,4.5572314
TISVUN,3.9676921,4.2046113
MEBLEM,3.8017027,3.7943273
LOYZUW,3.049308,2.687618
ELEJEK,3.3010132,2.9354937
SEZQUJ,2.4580045,2.318155
XALSEI,4.336951,4.0719733
OLOHIH,2.495284,2.537294
WOTSUW,3.520337,4.0427494
HEQVOP,1.8291494,2.1953714
FENCUZ,1.8109177,1.9601144
HOQQOV,3.5859165,3.6377335
AXOSOY,2.1897004,2.3759542
PORGEJ,2.7069888,2.8895051
FUBVAA,2.9703948,3.2587311
DORYAN,2.119767,1.9301895
VURCUJ,1.5194838,1.7042252
KILXOW,2.1276584,2.1643407
RAYDUR,1.08519,1.9870756
EJUZIU,3.328769,3.317908
PUWWIN,3.9467394,3.8874872
AFIHAC,2.2024896,2.275844
EPULIL,3.1869977,3.1890864
RISJAE,4.4136868,4.599444
DOWFEB,2.841957,3.191923
RUWHID,2.731207,2.4305775
MEVMAB,4.2215743,4.1686
FAJGEG,4.5157294,3.8080142
MAQPIF,2.696104,2.7152512
LIYHAD,1.195124,1.092861
HIWVOA,3.3592455,3.413784
YAWWEZ,2.6571918,2.7512915
XOTLIC,2.136366,3.1271825
TUCTUG,3.5557117,4.0812583
TUZJEE,2.8852234,2.8579824
WUMMAV,4.885804,4.4163785
BAGPEF,1.835408,1.9473753
JIVNAD,2.4343307,2.3511517
OWULEY,3.037063,3.063898
HEJWUO,2.6272593,2.9610052
KANZAD,3.50782,3.6167831
MIFROL,2.112692,2.4118218
ADAMEZ,3.424281,3.3043752
DAVHIR,3.145092,2.797703
BUJNAX,2.1156852,2.2228727
TOSYEF,2.9548845,3.1613367
OQILAE,3.0571992,2.8434465
FOBCOS,2.3461657,2.75447
BEHYOF,3.2963874,3.2313619
DUSRER,4.366067,4.354781
VUYWIX,2.6566477,2.5746975
ESUNUC,3.1056354,3.4020784
UZOCAQ,2.143713,2.4481912
YOMPIZ,1.6046555,1.6383444
VAPYES,1.9031644,2.118604
JEFVOI,3.5023775,3.5450127
BIJPUH,2.719506,2.7008257
MIFNOE,3.840615,3.9511807
BERTEB,2.5744693,2.3669834
VUBLOV,3.2727134,3.1680875
EQAXUR,4.4629393,4.734002
ESUNUD,1.8988105,1.7752014
OSEJAA,3.0642743,3.1792848
WICQUW,2.571204,2.5858507
KAQLIZ,1.8933682,2.3018923
SOHSIT,1.859354,2.1364655
AZEMOJ,4.234364,4.27268
DESDOX,3.0226407,3.167368
RIDDAN,2.616647,2.4680781
HACSIR,3.3227823,3.3547635
GADLAA,3.3396535,3.432096
TISWEA,2.8909376,3.1708508
RADQOF,2.3703837,2.8546715
FABZIR,4.456953,4.582764
SOKHUW,3.9587126,3.188237
TEMNIM,3.8925889,3.953049
VECLOH,2.5673943,2.9721372
ARUNUX,1.2411113,2.398736
GILXEE,2.6664438,2.637332
ICAVAK,3.1442757,3.4011495
OXIPUI,1.613091,1.7182018
MEMGIV,3.5480926,3.7654386
DOFXON,2.6863081,2.722458
JIXROX,3.3015575,2.5721931
HAHDUP,5.1337,4.4783764
QIPPEM,2.2454836,2.719948
DOMRAZ,2.8384197,2.8360264
VITSUP,2.249021,2.2721262
SABBIG,2.4073913,2.8735757
WEBRUU,2.915156,2.547201
JUXRAV,3.0762472,3.2818382
NEFJIV,2.0378606,1.8332282
MOYCIO,4.464844,4.58731
NIFMEV,3.1869977,3.1806636
XAKYAJ,5.6036406,3.7830915
HUBSUV,4.2653847,4.083563
KUMDEE,1.8827558,2.44148
EGEVIV,3.802519,3.654769
KOTZOL,1.0579787,1.1988761
ESAJEN,3.4147568,3.2983007
SOVLUL,3.2465904,2.5575883
CUQDUQ,2.8495765,2.9717672
LAWDUL,2.0465684,2.1502995
BERPUL,3.219107,3.0479555
WEGQIL,3.16414,3.2761264
OMEMEY,3.352987,3.0837786
RUZBUK,3.5812905,3.8172047
LOTHUX,2.49991,2.7128057
FIGZOL,6.0504518,5.5877767
JAPREB,3.7334023,4.252517
BIMLIT,3.5382965,3.6858218
BADHIZ,2.3426282,1.8052958
BIXGEW,1.1850559,0.45292187
OCEHIQ,3.8735409,3.8580153
DIRTUU,1.9004432,2.4487238
SUFJUA,3.3742118,3.6403077
CEPKAM,2.511339,2.5771413
PUQQOJ,3.635169,4.1696005
METMEE,1.6188054,1.5592586
LADNOW,4.19137,4.482365
DUHCOZ,2.679233,2.7872705
ROLSOB,3.6430604,3.7648144
VAVMEO,3.8585746,4.2898846
NETDIB,3.830819,3.6238399
GEQZOS,2.5872586,2.2726517
WEYJIT,2.9478095,3.6282036
AZOQOX,2.8346102,2.9695303
BUWFOR,5.594661,5.9049454
LOJBAQ,2.9916198,3.267672
QAHHEN,2.8781483,2.8173087
XIYXOW,3.219107,3.356636
QEGCEN,2.163033,2.0881495
YURYAM,4.5902886,5.14261
EBIYIA,2.5853539,2.2575474
WUHQEV,2.4604535,1.9793141
GALYOL,2.1401756,1.7780621
GAVYUA,3.0618253,2.8809872
ROGCEZ,2.8969243,2.512732
LETXUG,2.7951536,2.9820127
TOCPEK,2.1341891,2.0097177
VUZFON,2.2667084,1.7727479
TOQPOG,2.3222196,2.3142693
EKEYOK,2.5834491,2.330772
ZEHNOS,2.3894317,2.49565
VADTIH,1.7866997,1.9354454
JITGEY,4.6768208,4.7001452
XUVCAS,3.4433289,3.110926
YEBTUU,3.201964,3.0353518
NELZEJ,3.3875456,3.544877
XUJXUV,3.417478,3.0984623
TEYMEP,1.4607072,2.0405908
ZIZKAW,3.9832027,3.7159173
JESDUK,3.185637,2.6109703
UXILOF,3.2199233,3.1518726
NEMFOB,3.2580192,3.2721977
MUSHUF,3.4667306,3.9561083
XAMVUE,1.7124126,2.2082393
ATAQUJ,2.385078,2.8726728
GEJWIE,2.7622278,2.4528718
ISIFAT,2.3880713,2.5894992
FULLAC,3.8302748,3.8059208
QAFMAL,3.6885035,3.7638884
XUTNEG,3.3513544,3.674984
GANQUJ,3.305367,2.4468334
HEDGII,4.399265,4.3503323
WOHZEB,1.2090019,1.2031558
DEYTEJ,2.0394933,2.0603757
DEYJEX,2.392697,2.6117535
LUMZAX,3.9611616,3.7508316
SIGRUX,3.8866024,3.4453573
AYIFUM,1.4310468,1.2710104
MOTZOL,2.8079429,2.3243115
GILHUE,2.2152789,2.020257
PEZTUM,3.0558386,3.2427971
LILHEW,2.1442573,1.8698617
TOTQUQ,2.7728403,2.7663527
RATHUR,2.6318853,2.5369081
GAKTAR,3.1780179,2.8706741
ECIFII,2.409024,1.8341659
CORCUI,2.752704,2.7326097
SOSPAU,3.6457815,3.6490798
CAJJEC,2.946993,2.8429675
AZOWUK,3.188086,3.2804792
WUMQOM,4.4643,4.080477
JUYFOY,2.533108,2.6688342
SOLYID,2.4539227,2.446577
YIYPIF,0.3515711,1.7402831
YUVKUY,3.2117598,3.6763437
BENPAL,1.2677785,2.4741776
DIWYEQ,5.1775103,4.755928
BABBOY,3.811771,3.8060813
ASANIS,3.9940872,3.7918932
VORCEN,4.1921864,4.3028736
SOWBEO,1.8057476,1.4621513
ZUHZUZ,3.4142127,3.5812125
FICJIN,2.6966484,2.6497586
KIGTOK,3.9505491,3.2912643
USIYIH,2.5584145,2.804398
GUBQUQ,2.7875345,3.101295
CUTHOP,3.721429,3.5420637
KEWLUU,4.073817,4.4061155
BUXXEX,3.0520291,2.7961943
LAMWIF,2.9785583,2.8791716
WIQYIG,2.6805937,2.679853
AQOFIX,3.838166,3.7074225
DAMKOS,2.6653552,2.2716093
DESRAY,3.0435936,3.170475
LUQYUS,2.7118866,2.3770993
MEDBUT,2.4909303,2.284233
VUDCOP,2.473515,3.0148616
OTUWAE,1.6977184,1.819818
RUXQIL,3.1410103,3.3250654
IGIRIC,2.5581424,2.4795911
HONJUS,1.937995,2.639346
TOTSAY,2.731751,3.0611064
ABUFIM,2.0179963,2.7563837
VASHIK,2.6773283,2.870478
UMOXEA,2.1932378,2.186895
EYUPAR,2.4909303,2.1587203
WAQMOQ,3.738028,3.014804
GORPIO,3.0520291,2.8905718
NIHLIZ,3.5810184,3.5145535
BAPTIY,0.43048412,0.76878166
FOZRUK,2.827263,3.3859746
TICCOA,1.3249224,1.9167241
XAPRUE,3.4087703,3.7735918
KIRMAC,3.353259,2.7821379
BIXFOG,1.9431651,1.2303433
JEWDUL,3.453397,3.5982585
KUZYIN,4.447429,3.9776747
UBOWAN,2.8547466,2.82236
NUHCUO,2.88223,3.294584
FOHJAN,3.5978894,4.0723376
LAFVAR,2.4297047,2.511366
SULTEB,3.0408723,2.9849186
ZUYHEG,3.7837431,4.191552
DESTUR,2.5344684,3.1636329
PIQHUS,2.2808583,2.2519739
FOFXOO,3.2484953,3.0710058
IKOCOA,1.4778504,1.2052706
TATDAV,2.160584,2.0643303
ZEDGOE,2.8857675,3.1754506
KUBJID,3.6762583,3.4384596
HEBZAQ,2.4245346,2.8548365
BEDBOD,2.8688965,2.822558
ABAJIZ,2.99679,3.093431
QAJDOX,2.6914783,3.121746
WAPFIE,3.2332568,3.6905088
MEKCUE,3.8019748,3.7367048
XEVGOU,5.826774,6.1692924
VEZWUU,2.9456325,2.7779365
JEGKOW,4.010414,3.2139513
XEZBUA,4.0898714,4.10417
TAXNEL,3.7625184,3.7543163
MUJDIH,3.5363917,3.5523815
ABEZAJ,3.5938077,3.1429088
VIFLEC,2.2367759,2.279721
CABNAX,1.7418008,1.4263779
YIMDOP,2.4343307,2.8614635
VIVMIW,3.8942215,3.7217402
EBTHCU,2.112692,1.042647
LIYJUY,3.3475447,3.886549
WEMDUO,3.2574751,3.4128916
XEMKAD,2.38018,2.5524454
XUDLOY,2.468345,2.1167016
FISNUS,2.8275352,2.746528
VEVTOH,3.537208,3.4574099
GEXLAY,3.764151,3.8056545
CANFOO,2.7717519,2.6333084
QIJZAN,3.3372045,4.0149817
KIDMEQ,1.5744509,2.2660317
TUSNOL,2.936653,2.4427764
CEYVOT,3.3780215,3.6068532
KASZOW,2.1453457,2.1880407
QIWYOO,3.6509516,3.7236733
LACMOV,3.2827816,3.6803908
ZEDGUK,2.8931146,3.05501
ZENCIH,2.1611283,2.2009203
WOLBAB,3.3214219,3.2629962
AZEGIV,3.4713566,3.563247
AGICEY,2.5026312,2.691731
PDMPDA,3.3987021,3.6501622
IGAYAT,1.3662837,1.9257547
MOFMAW,3.9246984,3.8687987
BOHVUS,2.4846716,2.547166
EMEJUB,3.3018296,3.19194
KELFIQ,4.361713,4.4017406
VEKZEQ,3.0027764,3.1545918
RAYFUT,3.3513544,3.0399156
NOZBEL,3.7461915,3.94007
XEDRAZ,2.5842655,2.554156
FUNNOR,4.3671556,3.4015393
OMOROA,2.6683486,2.6406004
CIFTAN,3.6193864,3.4627218
HOYFOQ,2.127386,2.0608792
OJIMIF,3.3581572,3.4896445
XILLAJ,3.0705328,3.023895
DACCUG,3.286319,3.0195374
QAGGUA,4.616684,4.361252
KEMREA,3.69966,3.8000102
XUTRUC,3.2498558,3.379758
HAPFIR,1.1426061,1.1916888
BIQCOV,2.7333837,2.9632337
MOCLIB,2.9535239,2.7870054
ROCFUM,2.3282063,2.1027963
XAWTIC,2.4936514,2.1915057
MEBXEX,2.219905,2.3078365
HIDQIY,3.0435936,2.71121
LAQSAX,2.4827669,2.7132914
KANRAS,2.782092,2.6808424
IDACEX,3.328769,3.224069
ICOLOD,2.8506649,2.8993778
AJOXIH,2.7306626,2.5577579
PELNUQ,3.1358402,2.2956343
RICSUR,2.8460388,2.452831
LIRCUK,3.0482194,2.9333355
IZUFIT,2.7807317,3.0083206
RADDIM,2.8865838,3.1539378
WOMJUG,2.5181417,2.712142
VAPYOC,2.1513321,2.5829804
IMILAS,2.0152752,2.330552
NAKKIU,4.11028,4.398552
XICPUY,3.025634,3.270832
AVUVIX,3.4109473,3.1542845
WEDXOS,2.8188274,2.4739194
DOVTAL,2.5374618,2.7296777
AYEFUI,2.894203,3.4264965
DAJPAG,2.984817,2.9550245
ZAPXIA,4.3881083,3.8575072
CUSGEE,2.8835907,2.8454185
OHAJIQ,3.3899944,3.1152964
XEGPOP,3.226454,3.204408
TUTPOO,3.0033207,2.7996104
FEKJOU,2.8082151,2.663531
CUJCIW,1.8950009,1.9431684
VEFGIZ,2.1559582,2.3980174
YOQJOE,3.0242734,3.2594635
YAVFIM,4.886893,3.894549
SORDUY,1.3613857,1.7349701
RATJIH,2.6588244,2.9963603
PEMNAZ,3.152439,3.5584195
BURCAV,3.202236,2.929576
DADHEV,3.6498632,3.7310386
KUJLEH,2.5238562,2.7235274
WARQEO,3.228903,2.856733
EJOBAG,4.4196734,4.0411158
JASRIF,4.466749,4.020094
VAZWUP,2.7614114,2.7280958
CEBPAB,2.0397656,1.9157356
REBZEG,4.373142,3.183735
FICYOF,3.4947584,3.7245414
CIHVEV,3.7227898,3.84075
OWAHEC,1.9902408,1.228368
NOJXOA,2.1344612,2.4668398
NUMYAW,2.0849364,1.7482679
FIBJOQ,2.0960932,2.121837
XILKAF,3.6036038,3.5874348
DOWSOY,3.0163822,3.0237308
MPEYCR,0.71402675,1.196867
VEDSEE,3.0416887,2.879927
CUGDAL,4.29695,3.9342306
OZIWIF,2.788895,3.039599
CLCBCR,2.4392288,2.5941775
MUBTOS,1.9856149,2.0935063
GOJSUT,3.3538034,3.077979
RAMNUR,3.082506,3.0098534
XUJXEF,2.3091583,2.3906457
PABZUN,3.4223762,3.5668826
OLOXEV,3.484418,3.5754685
HUJZAN,3.5649638,3.0518658
IYOVUN,3.2944825,4.4677815
OMOCAW,2.3219476,2.3708491
XEPVAQ,3.2582915,3.3243692
FENYUW,2.576374,2.6562414
AXOYES,2.1309237,2.3784256
MEZWAP,3.2942104,3.1623352
FIDLUD,3.233529,3.4900706
MUTTAY,2.917877,2.6776342
PAFXIF,3.415301,3.3380764
ZOKKUJ,3.0884924,3.214612
WOXNIJ,4.0523195,3.9163475
TITFEJ,3.0909414,2.6176486
NONBEZ,3.1709428,2.8252268
PIQTER,3.0819616,3.2466729
XEKGIH,2.3799078,3.6080027
VEJGIB,3.8259208,3.6981368
ZANRIR,3.2675433,3.056558
MIJVEG,3.1899908,3.4640362
AVINUQ,4.800633,5.0734196
NUHKOS,2.4751477,2.671832
UCIBIT,2.984817,2.485773
SUQDEQ,3.1948888,3.104947
NESPOQ,3.3753004,3.1629627
YATVEX,3.1219623,3.4379952
COBJAE,3.3570688,2.5907216
PUKWIB,3.0139332,3.1970747
VAKPAA,2.1309237,2.8284304
GENZOQ,1.8890145,2.4811966
NIGVEI,1.3943114,1.4217974
SOSJAM,3.1040027,3.2139046
SOMTAP,2.4533787,2.7313993
UWUNUX,2.1747339,2.0789037
POZMIA,1.7763593,2.086371
METLAY,5.049617,5.060107
GIFXEZ,3.3421025,3.4443746
MAQVOQ,3.7578924,3.7568665
BOPZAI,2.9957016,3.0625224
PAXVAM,0.87620664,0.86092854
BUKXIQ,2.471066,2.7247486
FERMUM,2.8792367,2.9429328
XERVAS,3.6710882,3.9272742
YOGMUC,3.6202028,3.457893
RACHUB,1.6152679,2.0019155
EYOYIC,1.8960894,2.2260404
WUHWOL,3.0261784,3.2663262
UVUSAI,3.3472726,3.973951
COJSED,4.060483,4.4107504
GETQOL,2.1684754,3.1990921
BEKPOZ,6.135351,5.20451
NICJEQ,3.1527112,3.3742104
DETCIP,3.302374,3.4122417
EZEXIQ,3.6030598,3.730287
ACAQOK,4.236541,4.4887943
ITEGIY,2.774473,2.419723
MOPVOE,3.6819727,3.3590662
CAQRES,3.2033243,2.8455248
ONIYAM,4.649882,4.1734242
YIFFUO,3.869187,4.124501
DIXLEE,3.5124457,3.546665
BAKKUX,2.6370554,2.0392797
ALEYIA,3.0506685,3.3835957
DODZAY,3.6125836,3.7607658
BATFEK,2.8680801,2.8580363
VUMFEO,3.7415657,3.987523
YOQJAR,3.3227823,3.2913017
SIKQEL,3.133119,3.0907538
KIVDIE,2.9859054,2.90049
ROCVUA,3.2686317,2.9559882
AMOVOP,2.13174,2.1431239
AWIZUE,1.2860101,0.6317916
NUFWAO,2.760323,2.3322403
ZUZBOO,3.8280978,3.765369
POLBIC,2.6419535,2.9149306
ZITYOQ,2.2999063,1.8647102
IMEXOQ,2.635695,2.7643757
HIYKOQ,2.3404512,2.5977771
CUQMIL,3.6547613,3.3759532
WEGCET,3.4623768,3.2862577
YEHJOL,4.6735554,4.4691234
DAPJEN,2.9105299,2.576058
NOJXOZ,1.3249224,1.8500603
IYUKAQ,2.1907887,2.7326307
RUNMAP,3.2640057,3.2530587
REGSAX,4.01885,3.7196145
LAQBIP,3.3276803,3.32325
EXACOV,2.0628953,2.1327088
ZEDGIY,2.9216866,3.454943
EGUDEQ,2.2101088,2.299427
CUVCUU,2.89638,3.3574586
ITIQOU,3.5021055,2.9599845
FEQTUS,2.9382856,4.147727
QELSEI,3.2125762,2.9829075
SEQYES,2.3905203,3.2258148
XERDON,2.3246686,2.4036303
BISLOH,2.5399108,2.8216934
WEJQAG,2.5031755,2.6080186
HUMFOK,2.7886229,2.8491323
OBONEA,2.4912024,2.3054373
IKUJOO,2.9888988,2.5350122
NETJON,2.9279451,3.8374152
MIBZEG,2.1037123,2.1686954
BOMNEZ,2.5943336,2.1455927
KEQHUJ,3.714082,4.0489006
VEZSOK,2.9747488,2.68045
QORJOW,2.659913,2.6728296
QIGWUA,1.7869717,2.8301263
IRAFIQ,3.4806085,3.2379937
SOBHAT,3.00196,3.2683294
JUXSAW,2.6291642,3.1974761
ECOQIW,2.3154168,2.2990994
YAXCUZ,2.062079,2.099776
IKACOO,1.9905128,2.7129316
LURVAX,2.822909,2.874137
SEWZAV,3.4259136,3.7648687
KAVQUX,3.3450956,3.584909
EJUGUM,2.7709355,2.3833022
RISLUB,4.6926036,3.755591
CBCNFE,4.7521963,4.5848536
CACXIR,1.6019343,1.9630793
JUVBEJ,2.7276692,2.7287774
OMATEB,3.635169,3.5916533
PIFSEE,2.1717408,2.3385983
WIHJEF,2.9404624,2.7241042
EZAGES,3.3464563,3.258587
BEMWIB,2.409024,1.9736512
EKURIM,4.019666,4.487606
XODRIS,2.2449393,2.1917992
YELMOU,3.7170753,3.4910624
XUPFEV,1.572546,1.7065158
OGOMOM,3.448499,3.925984
NIMSIM,3.9709575,3.8761892
IBUVAF,1.0868227,1.2702614
CNBRUA,3.3154354,3.1508536
IFOGET,3.53748,3.373475
MEYHIH,3.2631896,3.420344
LAFJOU,3.4765267,3.1738467
PAQFIZ,2.7162406,2.7512312
EGAKAB,3.4299953,3.2845817
DAFJED,6.450187,6.0338187
FOJWOR,4.0572176,3.9740806
COCLOZ,3.3499937,3.1796105
DEQJOB,2.839236,2.5826688
VIPRAQ,2.6912062,2.6749194
WICWAI,3.5709503,3.5158353
AXUYIE,3.4501317,3.3612707
IYOLEQ,3.8030634,3.6074352
FANFEJ,2.384534,2.1832561
XOPHUF,3.1121662,3.0113566
UDODOJ,3.9913661,3.947484
EYEPOO,3.1246834,3.2014613
OVAZET,2.8539302,3.1925857
BAHGEX,4.117899,3.4046094
AFOKOZ,1.8563608,2.1231592
BILZAB,3.1146152,2.8197129
MASMIE,2.8060381,3.0387597
GIJBOR,4.254772,5.080163
DIVCAO,1.0683191,1.1628458
XUJKEV,2.9864497,2.9342847
YINDUW,3.3064556,3.3324246
WIRJOW,4.481715,4.247307
BAMPAG,3.2923057,3.6172838
PUSSOL,3.084955,2.8693976
WEYGOX,1.8849328,2.3561344
GODCIN,2.1548698,1.1998166
QUSXUY,1.6196218,1.82669
SOVVOR,3.661292,3.96788
ETALAP,2.8490322,3.2754736
XEVSUQ,2.5434482,2.2761133
WOCMOR,3.4036002,3.4044974
REBJIR,0.64817524,2.2357473
KEBZIA,2.5967827,2.4304302
IHIROI,2.7380097,2.9851441
MEQYUC,2.7976027,3.0746741
YOHRAO,2.7214108,2.5539224
KADPUD,3.0223687,3.5655422
SAGSAU,2.5559654,3.354239
SICKUK,3.8729966,3.9810147
TEXQIY,2.2443953,2.0960903
WENDOJ,3.1225066,3.136563
IQEMUP,3.8504112,3.6521764
SACJEO,2.8460388,3.0367007
EHIRIY,2.4128337,2.5710292
YUHRAX,2.5271215,2.4565454
UNOFOT,1.7573113,1.980303
MUPFIM,4.2672896,4.0920925
PAGFOS,2.7224991,2.5500374
HAGQIT,2.9782863,2.8004541
EYUNUJ,1.8778578,2.2060516
CUZFUB,1.1175716,1.63585
XAMRIN,3.99572,3.999092
GAHROW,3.2770672,3.52943
EQAVUO,1.3298204,1.2153808
ULAWEK,3.7859201,3.581119
PIFGAM,2.803589,2.7735806
NIBHIQ,2.0784056,2.0773246
ASUJAC,1.9769073,1.996391
LOPMAE,2.1151412,2.1468208
SAWMEK,3.5037382,3.9784894
IGOLAU,2.0873854,2.0161035
FIPMIC,4.8196807,4.7191463
TADLOD,3.7045581,3.794341
GACNIJ,1.3736308,1.5938971
AKUGOD,4.280623,4.473041
QEWZIC,3.0833223,3.4548402
OQIDIC,4.156811,3.72474
QIJGIZ,2.0593576,3.0717661
OSOHEL,3.9589846,4.932564
PUJWIA,3.1293094,3.2505302
SOLYOK,3.7772126,3.4128475
KUTRUP,2.3341928,2.366866
QIZDUZ,3.2773395,3.2067494
QIRWEW,1.9752746,2.5390978
AROFAQ,3.5459158,3.0134401
GEKFAE,3.6264615,3.644535
IDADEY,2.2498374,1.7466037
PUHMIP,2.4754198,2.735487
COXRAI,3.2762508,3.530167
SUQDIT,1.1453272,1.3219063
VAKKEZ,3.6697276,3.693172
HORLEF,2.7633162,2.8229291
MAHPIW,3.797621,3.448318
ZURLON,2.043031,2.6084538
WETHOT,2.7132473,2.9213831
WUKCEN,4.1619816,4.223817
ONOJEH,4.4779058,4.404524
LAKYEC,3.250128,3.328587
ABIWUD,3.9320452,3.7498715
ASIHUG,2.8882165,2.7906997
GIXMIK,2.972844,4.31872
HILDOW,1.5907776,1.4205317
BOJGEQ,2.1401756,2.216905
UKOHIO,3.261829,2.972864
IQEVUX,3.4841459,2.9942977
FIMGAM,3.7674165,3.572957
QAQWOX,1.7140452,1.9871025
SEQVEQ,3.8338122,3.9329464
KOVXIE,2.3412676,2.3832285
FAXSEF,3.4977515,3.041678
OFEYAA,3.5695896,3.7771013
EJOGOA,3.2030523,3.8521376
TAJNEY,3.59925,3.557792
FECBOH,3.3252313,2.57161
QEYTIX,2.27079,2.308967
PEBJAK,1.1221976,1.5456928
NORSAO,3.4003348,4.062739
JOXVID,3.2569308,3.0957954
VUFZUT,2.741275,2.9474323
REXTUL,3.0539339,3.1879609
IPOVEP,1.7545902,1.7189491
JIZGAB,3.821567,3.4068644
WAPMEH,2.1750062,2.078524
XUTSEK,2.9973342,3.09527
PAYHIG,1.5524095,1.6237164
YOCHIK,3.4591115,3.3451533
HAMHIM,2.3548734,2.2521355
YUMWOS,3.187814,3.1315124
ZOKFAK,3.3565245,3.341278
EJUBIV,2.674335,3.0409663
CICDAX,2.9271288,2.8251648
DUKMIH,2.418548,2.1567657
FUBPOH,0.7208296,2.8076382
FUVLOZ,2.7192338,2.8289666
NORMEM,3.4950304,3.5069401
IDIKIR,2.265348,2.4915576
DAWHEP,2.2133741,2.1667001
KABZUJ,2.7418194,2.6499636
DUYHAG,1.6805753,3.2379
BIWBIW,2.693383,2.8393927
PEQXIU,2.4906583,2.9262638
EYEPEG,2.5325637,2.7055135
QUQXEH,3.1684937,3.4161038
AQIDUB,3.4223762,3.5554001
JUHQAE,2.2555518,2.7650447
NAZKUU,3.140466,2.9269493
DAPQAN,2.8683522,2.529975
LUFTOY,2.8084872,2.5195076
DUQPAJ,2.844134,3.0291584
FAGKEE,0.946412,1.1830562
GODNOE,4.043612,4.1915846
IYUGUE,3.9293242,3.6323032
GOFGAJ,2.1611283,2.497572
LOXSAU,2.8928425,3.94873
HIVFAW,3.4022396,3.5099854
LIQNAC,3.9032013,3.8054478
IDOSUS,2.2340548,2.3277557
YAPKAC,2.411745,2.5148027
PIMBOF,4.734237,4.3468356
IXOGIO,2.7091656,2.9918883
WOCMEH,3.1336632,2.8018022
XEKKUX,2.8316169,3.9637117
PIZKAO,2.8068545,2.4858057
UKOBIH,3.6022434,3.3042536
HEBPIN,2.9001896,2.6969151
JEDSAQ,3.3298573,3.0924084
XESBUU,3.4041445,3.316025
PIFLOF,3.2754345,3.2560568
LACSAJ,2.9450884,2.9130046
ODUHEA,3.81422,4.022206
VUQFOF,4.4686537,4.3261914
JOCFAL,3.2384272,3.4609902
TURKIA,2.3143284,2.2259781
UXIREZ,2.559503,2.8080215
TOFYAR,3.1864533,3.0326247
GAVXIN,3.9304125,3.4624195
LECFAE,3.350266,3.213606
RAKTAB,3.467275,2.8734574
KAVGIX,3.496119,3.4409914
YISQEZ,0.79783785,2.0249214
VUTTIO,2.9859054,3.01739
DAFQIM,4.185111,4.025259
TOVQEA,0.9515822,1.0589607
TIYMUJ,3.7127216,4.036045
VEXWIG,2.342084,2.259501
DUCBUZ,2.6180074,2.3640366
GIQFEV,3.1113498,3.2632163
QEQMUY,2.3165052,2.0372906
WIGJIF,2.86291,3.832079
QORLEO,2.4465756,2.4408317
ULOCIH,2.2876613,2.618083
ACIZIW,3.0103958,4.2163877
OGEKOD,2.4427662,2.095219
HIHGIP,6.729648,5.3039923
ZUBGAE,4.4874296,4.40163
QAPTEI,2.9494421,2.98853
MUSNUJ,3.1875417,3.0578961
DOGZII,3.362239,3.7258992
HUPNAH,2.5339243,2.6247146
ILEJEO,2.172557,3.994989
FEJLAH,3.1227787,2.7583086
QONHAC,1.6163564,2.372129
GOJQIH,2.8182833,2.69619
JEFRAO,2.2884777,2.310336
UGEJOH,3.8226554,3.8204005
CEDSAI,3.385913,3.1620898
QAKYUZ,3.0261784,2.3514943
LEMTUU,1.651187,1.5487128
XENLUX,3.7010207,3.6840546
TESTUK,2.7401867,2.741794
NOBYUC,2.607123,2.292366
RADPES,1.5284636,1.519021
TORKOA,3.6795237,3.6568434
ZEPMOA,2.7755613,2.955065
GUNJUX,3.7763963,3.3646288
PANNAU,2.8493042,2.831321
FOTREL,3.4117637,2.928785
REDZAB,3.8319075,3.9278078
DAVZOQ,3.0528455,3.1657162
DAJPIP,3.740477,3.9448535
SICKUL,2.6784167,2.6425455
EQESUP,3.5475485,4.171547
FIWKIG,2.222082,2.4362817
TOXFUH,3.0008717,2.9083724
ONOHAB,3.6691833,3.738831
MIDSUR,2.8980126,3.0849361
TEKDOE,3.854493,3.3828886
PATJAV,3.3412862,3.323229
LISPOS,4.1859274,3.9661765
IBOGOX,0.9613783,1.3529046
EDEGOJ,0.73144203,2.025791
HASLAQ,0.18721434,3.2026658
ERAYAZ,4.204431,4.134064
WOCYOE,3.8846974,4.3949413
JALGIN,3.7434704,3.8013942
WUQTUY,2.244123,2.8551884
JELGIR,2.4174595,2.6716435
WOMHEO,2.1668427,2.1360984
RAKZAF,3.7415657,3.2066507
MEPGEW,1.3556713,1.5531416
WISBAE,3.5423782,3.4422414
YECFAO,2.917605,3.3543243
UWEFIM,3.2827816,3.209024
NIDKAO,2.3371859,2.7490883
PUFVUI,3.3829195,3.7502418
UKIXOE,3.575032,2.966963
GUYSEB,3.3761168,3.199382
VICGIB,3.6104066,3.6486359
QUFVEU,3.1219623,3.362155
HOTBEX,4.058034,3.5430827
GIKGIT,2.3458936,2.115587
VUGNUI,2.9197817,3.426879
VUQPED,1.2925408,2.637774
XUCPAP,3.5287726,3.5051286
CUGSII,3.4172058,3.9218569
CAHZUG,3.7037418,3.3645098
MEFZAC,6.469507,6.2105484
MAXZOC,1.7962236,1.7446539
QUMKIS,3.445778,3.3214254
FEQHUF,3.8844254,4.360535
USELUC,2.2664363,1.9732025
YAXVAV,3.6553056,3.5628033
VIQXOK,3.7935393,3.848836
COZQAJ,3.5938077,3.8439512
PEWVAR,1.077843,2.0996482
TARZIX,1.2724044,2.0454535
LALCAC,1.5099598,1.7442286
FUZYEH,2.4509296,2.9081113
CIVCOA,3.6626525,3.7946246
OMOFAZ,2.6615458,2.640317
NIWTUK,1.7847948,1.9078888
CEZTIN,3.3295853,3.4754622
WUGMER,1.5374433,1.5886111
BOYVIV,2.989715,3.4307323
MANWIL,2.9796467,2.9022622
QOBFIZ,2.320315,2.6476378
SIVMUG,2.8876724,2.866235
MICWOL,3.9734066,3.6157959
SEJVUA,2.5053523,2.6433263
MICHAK,1.4190738,1.6425649
POYHOB,3.0642743,3.2073925
ONOQOY,1.1556675,1.8052322
YUDWID,1.3026091,1.5411764
UNAKAY,4.9168253,4.0354357
KEHTIC,1.8302379,1.8837438
HETYUA,3.7241504,4.077421
AXAVUQ,4.295317,4.211729
YOVPII,0.43864754,1.6699444
XIYFUI,3.2441416,3.218205
PAYFUS,4.6972294,3.8005433
MOVCOP,4.614235,4.4189663
QEHKAQ,3.8602073,4.2225065
FULSOX,4.648521,4.493644
GAVLUN,3.6691833,3.7831354
QUHDON,2.9140673,2.72295
WOMYEF,3.347817,3.456222
LETTEL,3.6384344,3.8002052
SOJMIO,5.5650005,5.3082895
SAWMUY,3.417478,3.4352975
ECIGUT,4.218581,4.358885
TAYXOK,2.3456216,2.4863584
HUCRUV,3.352715,3.1681435
HIPLIB,2.8571956,3.3793912
FEQQID,2.8348823,2.949923
FIWFUN,3.1918957,3.5012698
OWOJAM,3.2003312,3.4916143
TOPFIQ,2.6234498,2.9622443
BUNVAI,3.9230657,4.151926
DEBQIM,2.7693028,2.9755878
GONHAS,1.7556787,1.5448624
DIVXAK,2.7668538,2.7057443
TEMNOS,3.2090387,3.2934327
ROSNAR,3.4468663,3.483024
XIXDAL,3.9755836,3.6787977
PUHPAJ,3.46537,3.5337691
CAFNEG,1.7929583,2.319951
KAFDOM,3.967148,4.2712007
FIZCAU,1.7360865,1.9921966
SAXZEW,0.6960673,0.55494857
EYOSUH,2.3091583,2.1680179
AVAYEB,1.4808437,1.0029274
AYIROP,2.4822226,2.705271
WOGZIB,3.2950268,2.8821754
DIGRUK,3.5252352,2.1812296
GEWHEZ,2.7924325,2.7474506
EYIRAG,1.9456141,1.9166503
DURWUL,2.7450848,2.8312392
XUKWUX,2.791072,2.7860425
XAJBIW,1.9755466,1.9850876
ESEWUU,3.31217,3.6539636
UVOWOT,2.1469784,2.7891896
LAHYAV,2.8691685,3.166935
WEXVAW,3.314891,3.4105334
MAHXOJ,2.6754234,2.2959828
ABICIX,2.0375886,2.3437045
DEKFEH,3.1837323,2.8078332
GEZQIO,2.660185,2.993147
QACCUT,3.1031864,2.9163153
NIPXUH,1.9447978,2.1991742
BAMQEM,3.448499,3.2014441
KUGXOA,2.0139146,2.4528124
SIRRAN,3.161691,3.6383672
YIRFUE,2.590524,2.446033
BONRAY,2.1156852,1.861833
ZODQOY,3.2101274,3.1994865
PEBQOC,2.3380022,2.8467312
UDUDAA,2.2003126,2.9522295
FOMKOH,3.3616946,3.037405
FOBTIA,3.51299,4.0738053
UGEXOW,3.9070108,3.8121743
SOSWIH,3.63272,3.723545
POYPIC,1.8275167,1.794034
NAPWIM,2.7344723,2.887644
HIVPOS,2.3910644,2.6858587
SURMUO,3.9274194,4.089183
WUPZEN,3.362239,3.2330427
TIQQUJ,3.142371,2.8843634
NUCCIX,2.8231814,2.91912
ATIJIW,2.6392324,2.8712564
SIKTAJ,3.6936736,3.776544
SARYIV,2.2389529,2.087254
VUHHAJ,3.7437425,3.4613378
DEBXEO,4.012591,3.7956643
QAFFIO,2.6427698,3.2990255
QUGQAL,2.1290188,2.3082747
WOJQUK,2.9173326,3.0495553
GEGMEM,3.4381588,3.565198
RUKGIN,5.2292123,4.315854
VICJOH,2.229701,2.378643
TAJWEI,1.5143137,1.2772171
DIVLUQ,3.7064629,3.3858523
EGAJAY,3.4501317,3.206811
AJAFEX,3.510813,2.8289654
JARSEB,4.285249,3.5557985
BOQHUM,2.7380097,2.5189362
KISZOD,1.8609867,2.4965763
YIQSUO,3.6316316,3.5683725
SOHHUT,2.2335105,2.4340346
YEDVAG,1.606016,1.4365226
TALQEG,1.8715992,2.0779762
HAZYUF,4.206336,3.89229
BEYBIU,3.0517569,3.3751307
DEJXAS,5.1219993,5.5913973
EHAQIO,2.8639984,2.8112943
REXDIH,4.6732836,4.4315104
SAWMEJ,3.9116368,4.617024
QAYYEU,1.2370297,1.4925401
KAWSEI,4.160893,3.9316783
DOXDOK,3.3358438,3.583015
KABROV,3.3807425,3.3146799
SICRUV,2.8618214,3.2952502
TUMZOQ,2.8454947,3.1480052
WIQQAQ,3.5557117,3.6024628
YOKBAB,4.4207616,4.0774293
NESNAA,3.182916,2.9579597
FALFAZ,3.0678117,2.8452485
SUNXAB,2.108066,2.1785846
EXUBAA,4.21069,4.325766
FEPZIK,2.872434,2.8624504
PEWZAU,2.8925703,2.4788108
WITCOR,4.0596666,4.0974803
FEVFIZ,3.7154427,3.7901073
AXUGAB,3.0359743,1.9134238
YIMLAH,3.099377,2.7646132
HAJYOK,1.785067,1.6371632
POVMOD,3.2563865,2.9469168
FERHOZ,3.331762,2.7377167
UMANOM,3.9176233,3.513154
YUCKUC,0.7657284,2.1133447
MIZJIO,3.751634,2.9114807
HUTTUL,3.7491848,3.394053
RAMFUI,3.1358402,3.0903826
NINFOG,3.0898528,2.8615372
EDIPIT,1.4054681,1.0099813
PUNFIN,2.5464416,2.551278
FIXXEQ,3.121146,3.183421
UFUDEF,2.468617,2.0807755
REYJAG,3.7622464,3.9509053
XOVDAQ,2.6585524,2.671512
TUHRAQ,3.7067351,4.2278666
WICSAE,4.3862033,3.9576032
ADOZIG,2.6441305,2.726973
ICUMIC,3.1197855,3.487837
EGICIH,2.1012633,1.8400152
TURJEW,3.3108094,3.5801296
TILQEK,4.0710955,4.4292793
GAFZIZ,2.6237218,2.393212
PAQRAB,2.0141869,2.1690853
YIMXUQ,3.3295853,3.530893
LUWTED,1.9970436,1.9540888
EGUKOK,2.736377,2.7498915
ETUWAR,4.7783194,4.2041473
BELRUJ,1.6449283,1.6517273
XAPSAI,3.6623805,3.835093
ZIXVUA,2.2509258,2.2984266
KUFMUU,1.959764,3.1978798
BAJHOL,2.9725718,2.9391985
YILQIW,2.1657543,2.1102018
VEKCIZ,2.394874,2.2353315
YEDYAH,2.5842655,3.0259125
ZOHYAY,2.941823,3.0256848
WEXCUA,3.7984374,3.3451772
FIVKOL,0.7303536,1.5382969
HIVPOT,4.1304164,3.6120028
WEKZUH,2.27079,3.0396678
ENOPUV,2.108338,2.2885334
GEKLER,1.4035633,1.6473473
KAZQAF,3.0789683,3.077736
DEZTEI,2.7355607,2.7505066
TACDIO,1.1080476,1.3503984
KATFOC,2.5684826,2.709711
KETKEZ,3.2713528,3.0999517
POLKUW,4.3301477,4.376072
WURTEL,2.903727,3.0679982
JUSVOK,1.4280535,1.4236603
TUXDEX,3.1744804,3.1093707
DAVLIW,2.877332,2.3842435
BENDOP,2.7992353,2.5021527
TAWWAP,2.089018,2.2390952
OROXOL,3.795172,3.227212
XIBQII,3.7690492,3.8331347
FIFJUA,1.5469673,1.4220117
DEXGAO,3.2569308,3.3368917
DAWBEJ,2.6460352,2.7468045
YUQZER,3.738028,2.8614035
PUJMIS,2.5363734,2.7616096
YIRBOQ,3.5434668,3.8460765
XIZPIH,2.7845411,2.579564
JATMOG,3.2397876,3.1140578
PEDYON,2.4571881,2.501872
WIKJUX,1.9940504,2.2809105
VEHZIU,2.2171838,2.5031247
ZAVKIS,4.0082374,3.6302855
BACKUN,3.4601998,3.721561
WIXPEB,3.1529834,3.246965
HACDEV,4.027285,3.8123257
VEBJEU,2.7352886,3.0800862
XEKKAB,2.5434482,2.5406559
HOHGEQ,3.0631857,2.9581747
LIYYAV,2.5110667,2.507155
PANZUD,3.4376144,3.432582
DEMSAQ,4.3736863,3.711885
EZIKON,4.1589885,4.4503016
CORZOZ,2.9080808,3.4772496
PULTIZ,3.0893087,3.1794927
SOCWUE,2.324941,2.5228012
RILKAA,3.553807,3.29752
CUWMIT,2.0120099,1.911452
XEKHAW,2.6903899,3.2079966
KARRED,2.076773,2.089619
JIMPUR,0.45198113,2.5181332
BIYYAJ,4.0814357,4.0447645
TOLQAM,3.6574824,3.7880902
DELCOO,2.4095683,2.1433353
AXEWEH,2.2370481,2.3378944
JEFHAE,3.2539375,3.461176
RESWOF,1.6005738,1.4660902
DELBUS,1.8963615,1.7951586
HAXNEZ,3.415029,3.1316185
UNACET,3.0000553,3.1112587
OVALUT,2.3374581,1.7302829
MUHFUR,2.733928,2.9273615
HUBMUM,3.3551638,3.189136
LOMVIT,3.3750281,2.7903485
RUTMEY,4.2863374,4.34365
HAZHIC,2.5252166,2.5679584
TEZXON,3.6049645,3.436087
RACJUD,1.6457447,1.9479821
KAPQOI,2.8335216,3.0822515
WECTEH,2.9113462,3.0906456
XIPMOA,2.927673,2.802626
AQASIX,2.6678042,2.5540051
XICPUV,3.649319,3.8789277
NETJED,2.7608674,3.2476895
YUVLUX,2.5807278,2.5984564
RABJAI,3.408226,3.4181342
AYEWAC,1.6476494,1.7964216
BOQTIL,2.9714835,3.4872508
FOCJIR,2.2307894,2.3751204
KEFKIR,3.9176233,4.080321
QAPDIV,2.846311,2.8888514
FELSAU,2.4650795,2.756234
MORKEL,1.7847948,1.9220538
RIZNEW,3.4933977,3.544494
ZIPLOZ,3.534487,3.5702968
BIFNEN,2.2928314,1.9271365
SEGLAS,2.6199124,2.8472035
OVOVUT,3.4112194,3.4522924
VAMRIK,3.589182,3.848405
YIKLEM,1.7720054,1.6676903
WIVCIP,2.865631,3.5912151
ATUSEO,2.8672638,2.9124079
BUJNUQ,2.8952916,2.9299185
DEYNUQ,3.8400707,3.5872471
PECKOX,2.9064481,2.9838414
TOQBUZ,2.3099747,1.6416955
CILYOL,2.8430457,2.9481194
BUSWOB,1.5426135,2.4673102
OTIXIB,3.7554433,3.6995454
QUGJAD,2.246572,2.2083733
HUPFAZ,2.1929655,1.9356735
ETUDOP,2.2228982,2.3559422
ZIXWAG,3.3151631,3.2067637
USADAV,1.2373017,1.2143263
IJEJAI,3.3872733,3.3108552
CERLIU,2.5921566,2.3054655
LEZCUR,4.1614375,3.207226
QUGQUE,3.6150327,4.0497212
PUGBAV,3.4136684,3.320924
OJUHOR,3.651224,3.8693361
CURCEY,3.6849658,3.6537597
LAJTEW,3.0035927,3.2618701
MIBPEW,2.4716103,2.550344
KAPKOB,3.3655043,2.9224675
DOSJAZ,2.346982,2.96946
TAQFUM,2.1132362,2.147384
QUGHAB,1.2609756,1.5419681
OPEHIC,2.5872586,2.4304185
QOPWAT,4.6223984,4.141796
PERNIM,2.0914671,2.4775321
HONCAP,2.861005,2.5122828
JAFNEM,3.2008753,3.069294
CAHBIA,2.8359706,2.6090713
AYOXIV,3.0218244,3.084509
GEVDEQ,3.8985753,3.376885
EJURUX,4.218581,4.0186834
BOGXUS,3.3184285,3.25438
OYUPEG,1.8971778,2.1668477
MECCAB,3.087948,3.446893
QOWGOY,2.5815442,2.63518
NEXSOZ,2.7162406,2.7107337
GIVMAB,2.5273936,2.3945506
PUCHOL,1.5194838,1.2247002
TIRFUV,3.8185737,3.8778064
VAYWUN,2.834338,2.6167276
YAJCIZ,2.932299,2.6742268
RINSIR,3.3951647,3.6195686
ADAHOF,3.006586,2.766092
SETNEN,4.693692,4.6552305
DEXTEH,1.9687438,2.2762024
CURTAK,1.369277,2.3927195
SOSXAZ,5.8754826,5.7006903
MORCNI,0.22095646,2.7236032
NEVMUY,2.9548845,2.8604028
XOQSAX,2.9927082,2.7643838
UYATOG,2.9698508,2.808291
UFULUF,1.4090055,1.405453
PEPSEK,3.4376144,3.3464823
VEKRAE,2.9766536,3.789753
TUNSAY,2.6686206,3.8790493
XAKVEO,3.7921789,3.3248298
UBIFIX,1.8111899,2.4026954
BESLIY,1.9461583,2.1877024
POPZIE,2.341812,2.560233
GATJES,2.597871,2.695563
FALFAA,2.9546123,2.5846457
CERDAG,2.4095683,2.3506484
LARCUG,3.6808841,3.5188322
GULWEP,3.422104,3.9041002
QEBBIL,1.6650647,1.5342906
COSCAR,3.565508,3.236259
BESVIF,4.1094637,3.6809456
MOQFAB,5.350575,5.1824117
METVAL,3.084955,3.0727959
FONGEV,1.7673795,1.8375409
FOFKOD,3.7796617,3.509536
XUGVON,3.5252352,3.523763
MOSWOI,2.4705217,2.4193382
DORXUG,2.1937819,2.0996938
BTZANJ,2.5320194,2.374898
PAFWAV,3.5505416,2.75356
ACIVAN,2.0773172,2.0480316
GAVXEJ,3.2517607,3.6231623
KUKNAG,4.9456697,4.6903515
XOFKOS,1.799761,1.7003313
PUVDUF,5.5764294,5.62329
NUNWEZ,1.5894171,2.1327252
MOPXIZ,3.778301,3.3799758
CONGER,3.8324516,3.8167326
VIFPUW,1.6988069,1.619531
JIRFOG,2.633518,2.4753594
PUBCOH,3.362239,3.3382099
OQACUF,2.5995038,2.9399662
RUGZEB,3.2808769,3.1635919
COPSOQ,2.901278,3.051234
SUKHEO,2.936925,3.3110702
GIYVIV,3.5597935,3.4571984
PAKDOU,3.0381513,2.834773
KAXFOE,3.489316,3.6827376
SIQRUF,5.766909,4.9763756
CUHNUQ,1.3439704,1.6335936
YIPGUD,3.2969315,3.0195217
LITYEU,3.0199196,3.3169034
NUWGIV,5.766365,4.595204
NOMMAD,3.4640095,3.189031
TILJAD,2.8852234,3.1087635
MEDGIP,3.4310837,3.5769274
ROWQEB,3.166589,3.1849222
BUGQAY,2.1445293,2.0119336
RIZJIW,1.2318594,1.7525555
VAFXOP,4.196268,4.017608
SACROE,3.188358,2.6322153
GUSLUB,3.9306848,3.698237
GUNXEU,2.9951572,3.269067
TANGOG,2.8362427,1.6920949
VEXXAA,4.072728,3.924714
AHAWIP,2.6460352,2.833112
NAGDOS,3.9132695,4.28704
PURNAS,4.6985903,4.7481747
WUTFUN,2.057181,2.202191
VIBGIW,3.5529907,2.9955392
WEXDEM,0.79021865,1.1375098
LEDTOE,3.811771,3.164004
WEHJAX,2.8623657,2.8248982
KECVUJ,2.4816785,3.3437905
DUSTAO,3.2961152,3.5196295
NETLAD,3.4264576,3.2451599
TORGOY,3.691769,3.8715084
FODLEP,3.24523,3.1148071
VOLTAS,1.9061576,2.6847825
GEDSUE,3.658843,3.4926062
POGMAB,1.9956831,1.0866433
JELYEI,2.843862,2.7796037
RAPQEG,3.0125725,2.885528
MAVTOU,2.7995074,2.8461814
XOCSUH,1.8492858,2.3876085
AFOSUM,1.6767656,2.4720693
IYUWEG,1.1777087,1.2384765
QUJDUX,1.9412603,2.2933793
NIJWAF,2.2784095,2.238392
GUCMOG,2.9867218,3.4619794
GUYNAP,1.5132252,2.2913423
HIJSOI,2.244123,2.6540499
AFUFIQ,2.7423635,3.3000724
FIJDAF,2.72903,3.1901643
SIRLEN,4.251507,4.11618
NAMSIG,3.0917578,2.9036124
RERROV,2.4335144,2.4769943
IYUZUZ,2.268341,2.2605906
ETUSAO,3.0963836,3.372587
YIMXEB,3.4041445,3.2047343
XUTDAT,2.9725718,2.2487907
PAGYOL,0.25252166,2.0943644
YIYQEC,2.712159,3.4023829
LAJJEN,2.944544,3.9520538
REYFEK,2.069698,2.7728713
YUTLUW,2.647668,2.4117103
QEDFOU,2.9374692,3.5621786
FIGROC,1.6909156,2.216866
KOHCIW,2.8705292,2.6619895
AHIFUV,3.300197,3.166834
EVEWAD,2.4223576,2.4607286
ICONOE,4.1981726,4.216389
SERROW,3.618298,3.6259143
TOCCOF,1.3722702,1.6773108
WOVTEJ,2.5431762,2.885011
VAHLOJ,2.4133778,2.6468685
UVUKAA,2.9382856,3.0120769
BEKZUP,2.5532444,2.3735037
SUPMAT,3.6691833,3.5339506
ZUZNOA,3.4972074,3.1891067
BAPGOO,0.21306515,2.6815925
FUBWUU,3.1157038,3.4296005
ONUJEO,3.9761279,4.338741
OYOJEU,2.0389493,2.040676
QIDNEX,3.773675,3.584931
JECQAK,2.8210044,2.634217
MAGFOT,3.8680985,3.7496896
IBEQAL,2.1042564,2.2760677
XACGEN,2.54753,2.9057364
GALTOF,1.7823458,1.7239406
RIVQUM,2.9543402,3.3292768
IJOBOA,2.3344648,2.4319332
TIQHAE,3.0414166,2.5678532
PIWZEB,2.966041,2.7547672
HEXROS,1.9654784,2.9118195
FIQMUR,2.9886265,2.4085064
JEBTAM,1.7739103,2.449809
LOLROW,1.8479252,1.8698875
EZAZEK,3.7244225,3.9066696
YIKXIA,2.9899871,3.9157033
JILJIA,3.9875565,3.792878
FILSIE,1.4517275,1.5916988
MESRIL,3.5094526,3.7988605
AWICIU,2.8487601,2.934881
SODXIS,3.9344943,4.339113
NIRHIF,3.9617057,3.3463626
PULGEK,1.5404366,1.5090181
HAWTEG,1.9790841,2.2638674
TUYCIA,4.0261965,3.5323896
IDUJIE,2.2212656,1.9293925
ROHBIC,2.9859054,3.471616
WUSTIN,2.9004617,2.999977
TETXID,2.805766,2.067763
EBIREP,1.5143137,1.6143683
MUPGEJ,3.8561256,3.9438658
IGIKOZ,2.306437,2.52324
JEGZAW,2.0011253,1.7814922
REYYEZ,4.198717,4.394016
LIXSAO,2.8373313,2.9967847
LECNEM,3.8087778,3.5783772
OZEXEX,2.294464,2.8567076
BUFXOR,3.749457,3.5213985
WIZMIF,2.77665,3.2941775
GIRLIG,3.8479621,4.092675
EBUMAS,2.9026387,3.1188877
KAPZIN,3.754355,3.7277293
BAMLUA,2.5657616,2.8474684
NAQZIP,2.654743,2.9161243
ADUKER,3.5570724,3.4776688
IYIQIR,2.0125542,1.5974993
HIFMAL,2.140992,2.2617452
ERECAI,1.9809889,2.283516
HAWGES,2.6269872,2.7851896
QAVMOP,3.5328543,3.501193
IFUWUF,3.9657874,3.6716871
IXEHAV,2.621817,2.8820982
CONAEN,3.3225102,3.980095
ZOWSEM,2.7208664,3.228849
HGCETS,2.2316058,3.1824303
BIQZUW,3.118425,3.742
RAVGAW,3.264278,3.3740265
HITBUI,2.958422,3.3201337
VAYHUB,1.7986727,2.7709813
HUFCUG,3.575576,3.2830265
IKECIM,3.4517643,3.572524
UTAWUJ,1.6552687,1.5785195
TANGAU,2.189428,1.8483822
ZIMYID,2.3641253,3.0837321
ROJQOY,2.4863043,2.3834171
MODWAH,2.5875306,2.9433897
DADKEA,0.94913316,1.0419879
MIJLUP,3.6830611,4.672646
PUWWOU,2.9788303,2.2187788
EMEPAO,4.21586,3.796009
HAJDAZ,2.8925703,2.9193003
ILIBUC,2.9788303,2.813392
LOYXUV,3.1516228,3.433976
OXYLDW,3.121146,3.060459
TEXYUQ,3.2373385,3.5304081
DEDTEO,3.0226407,3.3539205
BUWVIB,0.52681243,1.6501875
LICPAP,6.4945416,5.565787
MIKXOV,3.271625,3.5343454
RANJIA,1.1322658,2.7197418
GELWAX,3.018287,2.8835156
OSOHUB,3.4569345,3.7864892
NEBWEZ,2.630797,2.3916872
PAJTAZ,3.0958395,3.0101676
LEKWEE,3.2136648,3.222683
NIWGUY,3.2729855,3.2990398
IKOZIS,2.547258,2.4673393
UZEWAY,1.3785288,1.3501561
AXEBAG,2.8487601,2.885491
TIRLEL,4.5584517,4.1413755
HOKBUE,3.049308,3.06627
FERHOB,2.4419498,2.5740612
VIDNAB,3.9448347,3.5449464
FOFYAA,2.2422183,3.4853115
MIVWAQ,2.7467172,2.6035182
WITZAE,4.9380503,4.140471
MAVGUL,2.955973,3.422472
RERHAZ,2.2756882,3.511121
XALNOR,2.573653,2.6554203
CEKCOM,2.7649488,2.6770356
SEYHUA,2.3663023,2.78672
VUTFUL,3.4136684,3.658481
XOQTII,3.6223798,3.17577
YAXJUC,2.5622241,2.8790176
KIWFAY,4.1135454,4.29212
DAHHEZ,3.598978,3.3239548
FOTZET,4.617772,4.18946
QOGBEU,3.9973526,3.8024144
PEWZEA,1.9826216,2.4737244
NIZNOA,3.5616984,3.5229158
QINDUO,3.0490358,2.7607613
DACROP,3.5407455,3.5313451
QAXLEI,3.0890365,3.0012236
ILIHUG,3.84769,4.317651
HAGXAQ,2.9325712,3.0682323
JACKON,3.271897,2.5687308
AQESEU,0.77416396,1.2830833
KUYTUU,3.3279526,3.4262383
TUGTEW,3.7170753,4.077503
AJOXED,2.676784,2.4973583
WOKGUZ,2.8874002,2.3348365
FOHWIJ,2.249021,1.7085924
FIJZUV,3.2329848,2.672203
KELSAZ,2.0226223,2.0900025
RIRRER,2.4795015,2.3612163
SIGTUY,3.9453788,3.2955909
ODADEF,3.272169,2.9858449
GEGYUO,2.9948852,2.8745542
TIYDEO,0.27565134,2.4880698
FETLEW,2.5992317,2.9233508
VUYWET,2.8190997,2.817762
HIZVER,3.185365,3.567089
YUGRUN,3.6378903,3.6995075
KADFAA,2.048201,2.7616036
AVAQUK,2.8471274,2.8679183
SEMWUE,3.0645463,3.1025856
OTOSIC,1.3306367,1.4672705
LULPAJ,4.2909636,4.347183
IZOTID,4.7859387,3.8294096
YEHTAG,4.024564,4.326399
GEKSIY,1.8141831,2.5406444
JESWIN,3.9540865,3.7178082
XALVEN,0.44789943,0.58085656
ZEHLIL,2.2286124,2.5983732
LAPMEV,3.2035966,3.3307197
FIRBOZ,2.6327016,2.5143347
WUKQID,3.104819,2.939536
JEPQUT,1.5360827,1.8371831
SOGJII,3.0005996,3.2662292
KEVTOX,3.6117673,3.6986244
PEXKUC,2.1744618,2.2720413
UYUWES,3.5842838,3.4480643
FIMQEA,1.9801726,1.7415494
JITPUX,3.4229202,3.407288
YIDBOD,3.4767988,2.6629333
GAKXUO,3.5981617,3.6762362
KAZPOS,3.680612,3.4773073
DOBXUO,2.880053,2.9325824
BEXWAD,3.6865985,3.43073
SUYCAQ,2.774473,2.8805292
NASJEA,3.4615605,3.6563091
IXORUI,2.8234534,2.9051526
PEKTOR,3.4819689,3.3057823
SIHWIR,3.5938077,3.8818207
JEXYUJ,2.8756993,2.326325
JIWBOH,3.1089008,3.194627
XIGWOA,4.2857933,4.250928
JAZCAS,1.3368955,1.6641684
BIMMES,2.8471274,3.1157005
SIQTIZ,4.2362685,4.096355
BOWWUH,1.9826216,2.469434
PENZOX,3.395981,3.4738457
MUQNIW,1.3036975,1.5931743
FADLIH,1.9197633,0.8511553
PUSNID,2.2762325,2.245932
TUDQUH,2.002758,1.7268069
REFVAC,3.8558533,3.537074
FOXGII,3.1157038,3.1823094
TOQZOR,0.71729213,0.42072153
DAMJEJ,1.1363475,1.8578032
EMEYIE,3.5660522,3.5711217
ADANEB,3.2196512,3.1986039
WIJXUJ,2.3962348,2.439243
VAYLAJ,3.6060529,2.9445436
DUHBIT,3.7031975,3.9718957
LIBPUJ,2.0988142,2.5564427
LEMNEX,1.9793563,2.1043937
MOHSIM,3.4618325,3.019021
YIDHAX,3.5456436,3.72387
VUTFAT,3.4308116,4.0611744
QASNUV,3.0196476,3.3460155
BARRES,3.3396535,3.5575418
LEMJEV,2.855835,2.9255078
NOXVUU,2.5605915,2.6903033
ODUFOK,3.7679605,3.7421942
TIMDEZ,1.8196254,1.8460302
DEDREJ,3.3521707,2.90895
HACRUC,3.1230507,3.5419421
DOFLIV,3.1222343,2.8332586
CARTUK,3.1010096,3.4790916
NALQIE,3.3157074,3.3883424
CIVZAJ,2.571204,3.4391887
BAPBEA,2.7186897,2.337935
HOCZEE,1.8770415,2.151717
LAJHUZ,3.3497217,3.141296
ICEQOW,3.1314864,3.2048097
HAHLAH,3.1981542,3.2769473
BAHPEJ,3.1752965,3.437774
DAYRAZ,1.63486,3.1399944
KASYOV,2.9004617,2.484912
UCUSIX,3.1733918,3.1673808
SASREM,3.2373385,2.9292378
BUHXAE,2.339635,2.229009
OTEVIT,2.4773245,2.4320817
OGEHAM,2.0748682,2.2071998
QAHZII,3.6642852,3.2389073
ONEZUE,2.2305174,2.3220248
PELGIU,2.874611,2.8492458
VUXTOZ,1.7548623,2.5578344
OXOPAV,3.6267335,3.327776
NAMSEC,4.966078,4.887258
XECXAE,2.148883,3.0099776
WAHVAG,4.32008,3.7861423
BELJEH,2.8101199,3.0632117
BOXKIJ,3.1655006,2.8151364
BADBAL,3.331762,2.9725213
UMAJID,2.6471236,2.7481098
JUPHIL,4.5154576,4.423092
GAXXUB,1.4645168,1.4865628
FEYWEM,2.714608,2.685208
ZURXAL,1.8103735,3.4412673
GEKGOS,3.2106714,2.8191662
MITVIW,3.044682,2.9231722
RAJPAU,1.4773061,2.1070962
CENFUA,2.590252,2.2282395
BERGUD,3.7652395,3.7807817
AXOFOI,0.8661384,1.7624264
MOPVEU,2.6139257,2.9788163
YANBAU,2.2882054,2.1707
FUHQUW,5.188939,5.046709
BIKSUM,2.3178658,1.8718741
SOTNOF,2.6536543,2.76046
RAZVAQ,1.7238413,1.8735805
NBOPNI,0.7953888,0.8479576
TOSZEG,1.5300963,1.7175652
CUJLUR,2.7257645,2.5532372
DEDHON,1.7061539,2.033964
KEHKEQ,3.6555777,3.3459313
AKIZUQ,3.5380244,3.7105205
GUTQAN,4.0523195,3.5927854
COPLOK,2.5589588,2.1076238
AJIHEH,3.2101274,3.3067677
DAKHOO,1.3747193,1.2468771
SIQTUJ,3.2563865,3.09464
WEQBIF,3.472717,3.7865572
DAGXUE,1.7562228,1.5587142
RITRUH,5.604185,4.899978
VUGJOY,2.342084,2.6531663
WETDAC,3.8264651,3.6679068
MINGIC,4.8795457,4.4517775
PEFXAC,4.442531,4.119458
TIVVEB,3.1010096,2.9152727
LIDPIX,1.1466879,1.3879288
MEGWEB,3.4120357,3.3744292
QUXPIJ,4.13858,4.355317
DAQSIX,1.8114619,2.4532306
GOYCII,1.2607036,2.608189
PILPUV,2.4209971,2.56885
BEHFOL,3.458023,3.250667
WAYMAK,3.2242773,3.5044246
RICDIU,1.7061539,1.6102238
EJAQOW,3.317068,3.532696
TIDXEL,1.6090093,1.8715202
LEQWEK,1.6666974,1.5695182
FELLEP,2.8131132,3.1930418
UGEDOZ,3.0237293,2.9978497
UREZOJ,3.3429189,3.0951068
BIMGOV,4.1540904,4.396259
DISHEW,1.2424719,1.4578855
TIGMIH,3.1986985,3.0144715
INOYAN,2.1148689,2.589906
MIRHUS,3.3891783,3.2491941
ALPHNI,3.9423857,3.900012
REPYIW,3.8849697,3.4235783
HEDRUG,2.4438546,3.0478132
ZIXMOI,3.266727,3.4427657
OHUNAG,2.6612735,3.1370504
ILAYOK,2.9086251,3.7858837
UMIJOS,2.4158268,2.5913522
ZENLUD,1.8533676,1.7535725
SABPER,4.5298796,3.9188108
MOWBEI,3.5143507,3.0747957
ZAYBUA,3.0792406,3.148929
NAFQER,3.2514884,3.0132542
UJAFAP,1.4968984,1.4167299
RECNET,2.0392213,2.091792
QAFKIU,2.669437,2.8335593
ODIGAK,2.8337939,2.6642175
AFERIO,2.9026387,2.789326
VINYAS,3.830819,3.348079
BEGSUE,3.1510785,3.6168032
EPIBOW,3.04441,3.1705546
UDIWOU,2.966041,3.0199115
XOPJOB,2.9951572,2.83136
ITALIB,1.591594,1.6040794
IDADUO,2.219905,2.259588
LOPDIE,2.2745998,1.4976251
IDEBOM,2.7023628,3.168099
ZIDZER,3.2520328,3.5853078
SICKUM,2.7954257,3.8494792
UXOVOU,0.13034254,1.9191974
NOLGAZ,1.4794831,1.6832641
UQEPUD,3.0054977,2.779153
ZECVEI,3.7766683,4.1116557
QODZIS,2.9407346,2.847014
UHOYIA,2.1333728,2.6395905
BEVDEN,3.0460427,3.0693996
VOFXEU,4.1734104,4.113151
MESJOJ,2.1682034,2.1091578
VUPYIR,4.588384,4.505068
UCISIL,2.8901212,3.2116833
LEHMIW,3.0171986,2.9838772
DORNIK,3.589726,3.8407743
BEHBAV,1.1741713,0.33535528
TUDPAL,2.6863081,2.4889498
BETLIX,3.1774735,3.3435464
MOHWUC,3.307544,3.6959605
VOQWUT,2.752976,3.1656337
ZOKDUC,4.2689223,3.905215
SOKSOC,3.52714,3.9509184
LEWQOU,2.0664327,2.1534197
DECNUV,3.6476862,3.8401136
VUSDUI,6.4676023,5.5497756
LOBYOR,3.3377485,3.22153
AHEKEG,2.7625,2.960882
LUPMIU,3.6368017,4.0017023
WACJET,2.8539302,3.1222708
NANTUT,3.405505,3.3519697
TEQVUK,1.4868301,1.1101152
PIHYIQ,5.7875896,4.8019376
DIDSUE,3.3385649,3.5080855
QAZYAV,1.6182611,2.719228
FIQMEB,2.444671,2.7983913
COXMIN,2.6389601,2.791009
XAXGEJ,2.4120173,2.0990777
TULROI,3.2487674,2.9722948
PEYHGP,2.8305285,2.9174054
LAWDAR,2.3739214,2.4633605
LODQEC,3.6640131,3.962569
AYOZET,3.2980201,2.9097352
TISGUA,3.675714,3.2632113
NUMLEM,2.8786926,3.0031416
UGIDUM,3.9744952,4.2969666
KAXSUB,2.143713,2.3431797
ODINIZ,2.1404476,2.222615
UVEREV,2.8950193,2.94304
LODXEK,4.0691905,3.8347626
XUJVON,2.268341,2.1662848
GEYCEV,2.2601779,2.836393
WAVFUV,5.133428,4.63736
FUQLEK,1.8430272,1.7428069
TACVIG,2.065072,2.2145245
DURVOB,3.4177501,3.6163013
QOFTOY,2.8063102,2.785913
KERDUI,3.71898,2.7738996
LANBIN,3.2656384,3.345707
XIQSUM,3.9701412,3.562407
CUNVIT,3.675986,4.2371902
QIGQUS,2.8163786,2.6491902
EQANES,2.5007265,2.5097346
LAXJID,3.7959883,4.1595135
CUDHOZ,2.7178733,2.5305347
HISBOA,3.2547538,3.0842702
HOCREX,1.1510416,1.2996237
IMOHIE,0.80001473,1.6682266
HAFQIS,3.883337,4.0198197
INUWUK,1.9676553,1.9413191
FAPPAP,2.5431762,2.3143797
SAGZAB,2.9693065,3.0625055
XUFYOM,3.068628,2.8383217
AQEXOK,2.4299767,2.4364562
HOBBOS,3.0667233,2.8405623
HADZAQ,2.1382706,2.998429
RIBMEV,2.7105262,3.4769058
IDIGUA,3.0095794,2.6712701
FIRXOW,2.7230434,3.0258727
JASWUY,2.94917,3.1991298
EMAGUU,2.5948777,3.4700594
FOBRAS,1.5592124,1.8278956
DETDIT,2.430793,2.5312688
XUZTUJ,4.133682,3.8820672
XEVZOP,3.1600583,3.0193443
TOHNUZ,3.6504076,3.5081139
DECWIU,3.640067,2.7873414
FAMLOY,2.5897076,2.495604
ROGSEP,2.3891597,2.316245
AHEXAM,3.3393812,3.2686522
IWELON,2.6639948,3.0147216
SOHZIZ,3.4278183,3.4769137
CALXUM,0.44272926,0.6376648
KEMKIW,2.942367,3.0499616
GINXAC,3.0593762,2.96369
WUNBAL,1.1891376,1.8801141
JIJDEP,4.1051097,4.307819
PILPUX,3.0903971,3.3272884
YANSEM,2.8215487,2.772364
COKWOO,2.3703837,2.210163
AXAWAX,4.337495,4.042338
TOCCOH,4.252323,3.8995304
TITKIU,2.6212728,2.3828804
PASPEE,3.5208812,3.4889305
JUMVEV,2.1067054,2.7885842
TEHBIT,2.060174,1.8926849
FILZUV,4.098851,3.9791005
CAPQOZ,1.9058855,2.3924737
NIKZAL,3.883337,3.407561
GIXRIO,3.7285042,3.9565687
MEFTUN,3.3546197,3.4144344
QASVUD,2.693655,2.8033087
LAHCEF,4.1837506,3.3376067
UQOWIH,3.5021055,3.532275
ARUDIB,3.4610162,3.7152205
BUQGEB,4.559268,4.574232
FIZSAJ,3.3083603,3.8632443
RAFGUC,2.8288958,2.8879173
QELQON,3.9015687,3.638507
CEVQOJ,1.2304989,0.6301222
MIPBAQ,2.045752,1.9801818
JIQTEL,2.8996453,2.665549
NUWFUH,4.177764,3.3926997
QIGBUF,2.8299842,3.000075
WETFEH,2.4463036,2.2854156
POFJUP,2.465896,3.1462288
CUJMAY,2.7472615,2.5157237
CORKID,3.1420987,3.135023
OXALAD,2.9641364,3.2508729
ZIFVAO,1.5480558,2.268721
HENLOC,3.4210155,3.4790506
VIKPEL,3.515711,3.8139887
BAJHIF,3.2128484,3.1990674
UZANIU,4.2838883,4.1306524
TUWGUQ,2.8514812,2.7770083
YOYBOE,3.1720314,3.0900273
KUHJED,3.0923018,3.3713255
QEQYUG,1.232948,1.5493442
AXUXEW,1.2645131,2.4701562
ISUYON,2.3790915,2.3138862
YAVHAF,2.7954257,2.5718715
TENWIV,2.4770525,2.9699051
ZUGGEP,1.5183953,1.4076235
ZEXVOP,2.406847,2.4869564
XAMGOH,2.4182758,2.3315492
PEBMAL,3.6713603,3.1317284
YIHZUL,5.0632224,5.029517
SACBEF,3.4993842,3.622656
VITQUK,2.9548845,2.603735
ZUZMUE,2.0422146,1.9634569
KAZJON,3.3135304,3.1889067
ECANUS,2.1744618,2.273906
HETJUL,4.6588616,4.59851
DECKON,2.6988254,2.2277703
COSGEW,3.8474178,3.696115
PUPGOY,2.4868486,2.8927472
VOMKUF,3.4713566,3.2918837
NIPCOH,4.569608,4.455102
PEWDON,1.5986689,2.270386
TUHNIU,3.981298,3.5571015
IWEFEW,3.5385687,3.4755592
WEQXOG,1.5790768,1.5761697
IFOMOH,1.8683338,1.7724655
QASLAB,7.019449,5.388829
MIXRAO,2.2775931,1.9954473
QOZMUP,2.9981506,3.0596263
PIJWUB,1.5124089,1.3834157
IXITUG,2.6865802,2.7378526
YUKBOW,2.9216866,2.7485073
HEXXOX,2.0133705,2.1287374
WOCGAA,2.3450773,2.1543198
HAMFIK,2.4348748,2.358105
YAMDAR,3.3187006,3.143679
EDOBIK,1.4522717,1.2852021
RAFJOY,1.8982663,1.837138
KOYDOT,2.4103847,3.2434468
BEGXOB,1.61554,1.2497481
AQINOG,2.7728403,2.614933
NOXGEM,2.4411335,2.3190846
RECLAO,3.5437388,3.0411441
XUSXAK,3.7124493,3.6256545
RALLOH,3.4256413,3.7255893
FINYAD,3.271625,3.3184261
GACLAX,2.9573336,3.618847
OVULOJ,3.3154354,3.4306958
XUNWAH,3.5426505,3.587596
XACHAN,2.2675247,1.9589627
YIXTIK,1.9796283,2.024448
TIHDAR,2.5973268,2.5649462
XULFUG,2.7159684,2.7364688
SOHBEW,3.0196476,2.6386778
YIWSED,4.3687882,3.8456178
WICJEX,0.11510416,-0.18658543
FOJJUM,2.0356839,1.8581027
NECSIX,2.3192265,2.6981254
CORTIP,1.8979942,2.0377173
XOTYOU,3.5285006,2.7960267
AZIXEO,3.283598,3.1050584
NALHEP,1.4119989,1.7675482
PANVOS,2.7826364,3.7243855
REMBAN,2.5078013,2.4110823
REMYEQ,4.380489,3.9753022
ISUMEO,3.5864606,3.6898022
SOYNUP,3.264822,3.575229
EWAMAQ,2.325213,2.781289
JAYMUR,3.46537,3.4756393
YAZZOP,1.3733586,1.0188957
ZOYQEL,3.5478206,3.449249
EMEDOR,2.5671222,2.462306
VAQVIT,3.5391128,3.3097818
SOCHAW,2.5812721,2.4868705
WIKHUV,2.040854,1.9939096
AQUVIR,2.5208628,2.288916
MAPDUD,2.61964,2.3582134
RACSIA,1.8846606,1.8752036
NIXFEI,2.9948852,3.0690506
VAQZOC,1.5502326,2.3809745
WONTEZ,3.14999,3.0941474
FISDAM,5.029208,4.2423425
EGEHIJ,3.24523,3.2401893
WELNAC,2.2495654,2.5357494
AYUTAP,3.147813,2.9515676
YAVFIN,2.1208553,2.066022
UFIKAY,1.7020723,1.9484961
BUHRUS,2.7086215,2.7168467
XILZOH,4.2509627,4.6193004
UBIGAP,4.258582,5.132051
QIYMET,3.8528602,4.1832247
LENZIQ,3.0196476,2.8125813
OGELAN,5.5124826,5.7076554
JIMKOI,3.575032,4.4673796
FECCAU,1.5159463,1.2332503
VOPKUG,2.4931073,2.9640665
ACAPON,2.9902592,2.843567
XUHWIG,2.7456288,2.885426
PIHMOK,1.8147273,2.1013496
ESOGOK,3.53748,3.786605
RASKIG,2.430793,2.9639802
UFULAJ,2.5244002,2.0202265
DIHKOW,3.2177465,3.51533
VUTXUF,1.7486037,2.463428
GUZCIP,3.3407419,3.7169771
UMEMOQ,2.818011,2.7049718
JUFGOJ,0.25442645,1.5232923
OLOHEE,2.129291,2.4577434
POZROO,1.1132178,2.6254115
QIGCUG,3.613128,3.6527917
XIMXOH,3.7176197,3.2029667
RICDOA,1.8541839,2.2646859
NAXXUH,3.4618325,3.2075546
KIGSAV,2.8547466,2.6548405
WUBFAD,2.1548698,2.1968198
FARQUN,2.282219,2.6564832
LASVUZ,3.2008753,3.25021
DOQZAK,3.3034623,3.234626
GAGMEH,3.6740813,3.7118905
VAMYUF,3.8694592,3.7772756
AWEMAQ,2.0533712,2.7326999
HIKSUQ,1.543974,1.4332286
FOCJEO,3.2133925,2.79522
ZIHRAL,2.7946093,2.7937083
KAYYUG,6.1446033,7.127238
SIRGUW,2.52821,2.3913856
AHUKEV,3.472717,3.4067345
DALLOU,4.155723,4.068046
RULTUP,3.3973415,2.926535
DOFZAA,3.768777,3.7317116
FEJRUI,3.0054977,2.6346817
SIHLAY,3.1440036,2.4464712
SURCUF,3.2060456,3.4018698
OZADAW,1.7058818,1.5992687
HOTQAJ,2.2196329,2.0866194
OXEZUO,3.0667233,3.017679
MUZRAA,4.139668,4.319598
GAFPEM,4.5584517,5.0843573
SINVAO,4.8819947,4.088806
EYECAO,2.9238634,2.6321797
SULXIH,2.487393,2.5370014
GUZPUO,2.733928,2.6912217
QEBYAZ,2.6928387,2.5297813
COGVAZ,2.6057622,2.6818745
KURFOS,4.117627,3.3967276
IFENAJ,1.3377117,1.134404
UXEHAJ,2.9551566,2.7509916
CUDVEF,2.88223,3.107619
DOCCON,3.8468738,4.097558
CADNOO,2.8623657,2.7965112
SUXVEN,2.3967788,2.6119819
ABOWAQ,3.1415546,3.1491578
NUVDIT,1.7369028,2.1665804
WAKFUL,2.3129678,2.556544
MEJQUN,2.3600435,2.067626
FAPWAW,3.692041,3.456513
YOSNIG,1.9562266,1.9609938
DUJJAV,2.6604571,2.4608445
RIPNIO,4.404435,4.0097504
FAZRUV,3.180467,3.40488
MOWGAI,3.9769442,2.7678726
ECEHUP,3.5353034,3.6354187
PUWBEP,5.809359,5.5012646
VODHUS,2.8063102,2.712847
KOCROK,3.807145,3.5985396
ARIBEK,1.4593467,2.0540423
JUPXUP,2.0751402,2.9442377
RAPHEX,3.7954443,3.865129
WUJROL,3.4982958,2.7709622
BAMQIP,3.2210119,3.2297328
REKXAG,2.2150068,1.8415009
SECPOS,1.4416592,2.938574
EBUJOB,2.454739,2.824536
VIJHOP,3.587277,2.9530997
IDAYUJ,4.414503,4.425765
HIKNOF,2.2988179,1.7171384
VAJKEZ,2.5807278,2.6683273
FIRJUN,1.775543,1.9376402
XUFBAE,3.047131,3.5267048
AWODIZ,2.774473,2.755822
YEMZEY,3.5788414,3.6309202
ZUZHOU,2.2389529,1.9353628
BONJOE,2.3524244,1.6465745
FABQUW,0.39374876,2.433917
RUPNOG,2.3200428,2.8386931
IROVUH,2.863182,2.740919
WOFFIG,2.3807242,2.9685514
FIDWAT,1.3905019,1.6990718
TELWIT,2.7837248,2.7647839
HAZRIM,2.6139257,3.0698938
NIDDAH,4.824579,4.5906253
GERTIG,2.793521,2.9171693
BAXDAJ,1.8990827,2.1614141
ODUXAM,4.5970917,4.4137654
TEMCEW,3.6378903,3.693482
JAKDOO,1.1997501,2.6407692
TOPKEO,0.88246524,1.7084852
VIQVIC,2.8346102,3.1785898
CARQES,1.3069628,1.5515199
ZOYTOY,2.7088935,2.56321
GOTZOG,2.533108,2.3449614
YOZNIN,2.3951461,2.344578
WARQUE,3.1537998,3.2270887
UDIZOZ,2.4288883,2.2588239
VINPAL,4.789204,4.334
ZATTIA,2.343989,2.0100532
UNUDEO,2.6664438,2.6689963
SAHQUQ,3.1513507,2.9006855
HUBTAZ,3.436526,3.293124
CIPJIY,0.97280705,1.3874197
XIHRAI,2.8256304,3.2242255
QICZUA,2.545081,2.9572208
HOTQAK,4.373142,4.8692636
LADVIY,2.5916123,2.7014246
OCEDIK,2.227796,1.8762116
YADGOA,2.6914783,3.5745301
RIJCEV,2.9135232,2.9932902
XOCYUL,1.5662874,1.6078619
BACGAR,3.8019748,3.9812775
SUYXAO,3.8680985,4.004516
LEFKAL,3.5491812,4.1576204
COCDAZ,2.7031791,2.676685
TAGPEW,3.6675506,3.5935957
ZOJHOX,1.825612,2.08507
QOPKIP,3.245502,3.4698246
MEXFOM,3.615577,3.5296514
LEGKOY,3.1780179,3.1070771
IJEZIJ,3.9453788,3.084353
ZOMZEG,2.4261672,2.7330701
PEYTAR,1.410094,2.5912304
XIVFAL,3.1097171,3.2559307
CETTII,2.63379,2.648206
PABJUA,3.2797885,3.6438763
IYANUU,3.7238781,4.5342464
HIJHUD,3.6223798,3.93685
SUWNAC,3.3350275,2.840447
IDUREH,2.208204,2.5242126
DEBCAP,3.759253,3.1169336
MONWUH,3.1518948,3.4392319
CABVUY,2.9173326,2.8661003
CANDII,2.9399183,3.426418
UVERAR,2.8754272,2.9149034
ERUXAQ,3.2653663,2.63805
SEWTAQ,1.768468,2.143457
SEMNON,2.4362354,2.354992
DEQKAO,2.9782863,2.9945145
NAZBEV,1.835408,2.3096294
JOXCUW,2.7205944,2.8747025
HUQXUO,2.6280756,2.0091572
XALRAD,4.308651,3.8997383
APEBAB,2.4822226,2.3986213
ALUYEN,4.421578,4.0401964
HIVKUW,3.534487,3.2556157
BAZQAX,3.2844143,4.7197614
ITADUE,2.430793,2.9792948
ZIRTAV,3.3069997,3.4427228
WAZDEI,1.9875196,2.2827656
ROBMUQ,3.063458,3.3176272
TUKTIE,3.3619668,2.9544833
TESJAC,2.8838627,2.7924995
FEVHOF,2.9208703,3.2083006
QAGFOU,3.0631857,2.913268
WODLEH,1.9861591,1.8562971
ANODAL,2.7227714,2.6844883
OCOXOT,3.5002005,3.407702
HAZZER,3.190807,2.6704967
AZOXUI,2.5799115,2.8412535
JECLUC,3.8449688,3.873497
ACUZAA,3.9094598,3.8549619
POZNIC,3.0242734,3.9930565
FERJOD,2.9622314,2.661553
BUDORH,3.5529907,3.673679
YOMVIF,0.6345695,2.5578666
LIFTIH,1.4498227,1.9457277
HATNOG,5.0052624,4.4907055
ICECUP,3.9423857,4.3514304
ZOLVEE,4.3745027,4.1123013
LIBCRB,1.6076487,2.5975246
NUSFUD,4.1617093,3.9748242
LILTAC,3.0874038,2.9115782
LUMGAC,3.6808841,2.9922736
CESDAG,3.446322,3.7704763
GEHYEB,4.636004,4.68133
QEDZUW,2.4816785,2.4770222
DIJNAO,3.5023775,3.697919
TASNAG,3.1382892,3.445125
TIXXEG,2.5807278,3.199895
WONZAB,1.7309163,1.8230243
EWUSOE,3.9110925,3.821437
WOGNIQ,4.424027,4.3722816
STAETC,3.5810184,2.889648
ATOGEW,3.1728477,3.2199254
FUPCEZ,4.0953135,4.105693
NERLOP,3.6387067,3.5961006
YUHSAW,2.5423598,2.4376903
GIQTUZ,1.5790768,1.4159789
IPOVOY,3.431628,3.2623155
QURJAR,2.2193606,2.6733859
ZODZID,2.8215487,3.3384855
IGOLEY,1.9679275,2.1128588
LANBIM,4.5497437,4.2180805
ZAZZAE,2.6917503,2.512777
IYUGOY,3.883337,4.034752
TEBTUT,0.78559273,1.0978076
BAYSUR,2.0354116,1.2328417
SAVSEQ,3.34564,3.6281295
YOFWEV,3.7774847,3.434856
RAFYEE,3.104547,3.0615366
MOYCUY,2.972844,2.9124174
ICIJAF,1.3711817,1.3147773
CEMSUL,2.4250786,2.276476
LATYUB,2.024255,2.7201762
UKONAK,3.2329848,3.2268028
ZOVVEN,2.8139296,3.8616364
NOQMEO,3.4542134,3.3686275
XIBSIN,4.400625,4.1355104
YIRKUF,4.4221225,4.9057245
QEKFAP,1.3834269,1.6106588
UQUSAB,2.6158307,2.7807777
YAJRAF,2.4248066,2.7792387
XUPTAD,3.2422366,2.9284132
NIGFES,2.0990863,2.07479
TAPHEX,6.076575,5.540461
TAXFOP,1.9989485,1.6934328
UBUNIQ,2.8865838,3.0123222
SEBVED,4.607704,4.4503584
JEGNIS,4.5581794,4.271364
VINBUP,2.062623,2.583025
SOVFEP,2.8041334,2.809658
HAVSEF,1.6481937,1.8381801
NEQCAR,1.9004432,1.9861038
SILYAO,3.8174853,3.3087947
XEYWII,1.8892865,2.1915765
MEPCOD,3.3067276,3.1969905
SOKPUE,1.5371712,1.5307798
ZIWDAK,3.1763852,3.1551104
FUGJEX,3.8468738,3.9716916
WODHAY,3.1720314,3.947038
YUFDUB,3.701837,3.2255442
DABHUK,3.028083,2.4182725
MEGZUV,2.342084,2.2358258
WUWCUM,3.2509444,3.3737912
WEHWEL,4.108375,4.119398
NITPUD,3.8104105,3.5020747
MIQZES,2.6721582,2.6895175
JINRUW,2.1543255,1.8891475
QOXKAQ,2.880053,2.8304799
LEJSEZ,3.3684976,3.5866392
ESILEY,2.1181343,2.4807446
NEXXOH,1.9869754,0.500283
FOHWOO,3.4601998,3.0590792
XIXJAQ,4.1383076,4.4723487
NERWUD,3.8327239,3.9551556
XABRID,5.3878546,5.4320107
LOSTOC,3.959801,3.840583
MAHZUT,3.0435936,3.4266038
OLIQOP,2.898829,2.4735153
DEHKAG,2.2650757,2.2531004
RAHVAZ,3.2076783,3.1767542
OPUPUL,2.903455,2.8175497
MUNZIF,3.037063,2.9540823
KOZKER,3.0512128,3.1817553
HANWEY,3.159242,3.5623672
FEYRUZ,3.128493,3.7934072
SIBLOG,2.3026276,2.2505846
BEJVIW,3.0963836,3.1166518
FULNEI,4.325794,4.6225615
QELSEG,4.3301477,3.9707716
QOSGEL,2.4386845,2.0116985
SAZJUA,3.1445477,3.0957842
HEYNII,2.955973,3.1220465
OBARIS,2.3456216,2.5481286
POZMOG,2.411201,2.749314
QOXGOC,3.0321648,2.6522903
JIYMOU,3.898031,3.788795
POVLIW,3.0539339,3.0764713
PICNIY,2.7012744,2.6400344
KAYZOZ,3.9998016,3.6274629
TIGJEZ,6.245285,5.633724
VUXVER,2.547258,2.8788917
EXUWOK,3.1723034,3.110196
IQEGOB,2.120039,2.8484867
TAKVOS,1.261792,1.4146357
QEFTAZ,1.6566292,1.8847626
OKUFUX,4.242527,4.0736856
USEWUL,3.1146152,2.8400843
FAPSAT,2.6482122,3.1877081
XOVFAP,5.3334317,4.649728
PEBXAV,3.967148,3.6036286
LUGVEP,2.322492,2.6992412
SUZFEY,0.7722591,0.82165885
ZANMEG,3.6879592,3.0776887
LEFCUU,3.4784315,3.3821182
IFIZON,1.6647927,1.798696
RUVFIX,2.6653552,2.4602578
AWAGAJ,3.4610162,3.3936412
EPEDUA,2.2814026,2.256588
XEPWEV,4.2863374,3.696734
SUSGAO,3.204957,2.8750513
YEFZIT,2.9567893,2.5494852
VAPGIC,3.3616946,3.1685991
QAFTEY,2.7478058,3.1345694
EMOVIN,3.921705,4.5644736
OCOCIS,2.721955,2.5426755
WAMWUE,3.039512,2.6819022
XIPNAN,3.7078235,3.9911234
KACNUX,3.9603453,3.7819629
RATKIJ,3.2871354,3.0925958
ZINYIE,3.0631857,3.1240442
CEYSIL,4.122797,4.2877445
FOKPUQ,0.30177426,4.299121
CEVJIX,2.3499753,2.499284
KASSUU,3.8566697,3.8230977
UMUNAR,3.1252277,2.9434052
ZETDAG,1.0952584,1.0973814
GITYIS,1.828333,1.4611312
ETOYUJ,3.5410178,3.423685
KAKTIZ,2.7524316,2.7367513
OFAQUK,3.321694,3.4780066
LEWKIJ,3.7070072,3.7691135
UHOPEP,3.1777456,3.0833454
HEDHAA,3.0106678,2.9286563
RIFJAS,4.5372267,4.4734383
NONYUM,3.085771,2.8325598
XAMPOR,4.0057883,3.90758
LIDSOJ,4.487158,4.444256
EJIGAH,2.4536507,2.490072
FOJNOJ,5.2224092,4.497414
TOLPIT,2.941551,2.9988296
RATZOB,3.0463147,3.027493
FIQHIA,4.485525,4.5239367
KIDBIK,1.8792183,2.9687355
JIVRUB,2.392425,2.2312891
RACSUM,1.9050691,1.9605162
FINQUP,2.9211423,3.1548176
KUJLIL,2.4348748,2.7170498
EZOSOD,2.8101199,2.820926
QUQTIG,1.9262941,1.402397
BAYNAS,3.2604682,2.9819596
SUHBIJ,2.1203113,1.9032942
IVOWUO,3.2509444,3.4032302
XADBEJ,2.712159,2.819404
FUHHAU,4.0351763,3.8388329
XUSFEW,3.2076783,2.9858294
RIKWEP,2.9358366,3.4450588
PAJLOD,3.290673,3.2284439
FEMXOL,2.5099783,2.4658558
VUPMAU,2.23215,2.7245085
WUJDUC,3.0561109,2.3059063
KUNCEE,3.9973526,3.8436916
GUTMOY,2.3856223,2.440214
MIKZUE,2.8430457,2.9192793
FUPQIQ,2.4691613,2.531391
RITLEO,4.4613066,4.4661493
RUNXEF,3.2923057,4.826929
QIGSAD,1.3115888,2.3062804
NURYAB,2.1744618,2.8966424
SADQEU,1.9012595,2.206983
QASRAG,3.462921,3.3960352
DIZQAE,2.1352775,2.1384647
EWOSAN,4.0226593,3.8761544
ZOCDON,3.8512275,3.0852554
GITHAW,1.8691502,2.2407446
DIJQOE,3.50782,3.6466737
HOHYIM,3.2346175,3.7090435
TOPVIE,2.604946,2.7986588
WEGREG,3.711361,4.671807
RAFREZ,3.385913,3.5628347
LOPBUP,3.022913,3.083962
ODOPOO,2.511339,2.6993585
LISQEK,4.234636,3.6805189
SUZBAS,2.7586904,2.7262619
ABOZIB,2.1450737,2.3956804
EDICON,0.61661,2.8856335
SOSXOO,3.7276878,3.9175649
UKOSUK,3.2808769,2.4972854
CEFJEC,3.4044166,3.3660321
QUNTAX,3.616121,3.9939218
FEHRIV,2.1788156,2.3140788
WOBWAP,2.4190922,2.4157317
HIFHUA,1.7450662,1.8245939
JABJUR,2.43297,2.0361094
IRAWOP,3.919256,3.517484
QEBFEL,1.4917282,0.8074577
TIFNEB,2.3448052,2.6770742
FATCEJ,2.1352775,1.3619086
WODDOI,4.7687955,4.4659443
TOLTUK,2.8754272,2.9251363
RIZMEU,3.080057,2.9294977
BOSKIG,3.188358,3.2889903
RUJLIT,2.9698508,3.469322
IVAGUJ,2.3458936,2.1096444
GOYQAO,2.2316058,2.3563836
HENWEC,1.2321316,0.8096261
MOVQIA,3.1978822,3.0882337
MODYUB,2.5622241,1.854139
BOXJED,3.472717,2.7166643
YOYYUG,3.7442868,3.526219
CANPAJ,3.087948,3.1176279
PAMNIB,0.82287234,1.1408322
OYOKEV,3.2201955,3.3315592
XIDCOD,3.81422,3.8467736
IQEFAO,1.8487415,2.0375247
JOQRIQ,2.444943,2.4368944
NILSIK,4.2906914,4.3670416
FEHNEL,3.0095794,3.4203734
FAZTIK,2.8310726,3.2624981
IRUDUW,2.0634394,2.0469708
EREDIP,4.034088,3.5678148
REPBAQ,4.1636143,4.5124016
MERPOP,2.5121553,2.648929
PAXPUC,3.8591187,3.890425
TAHRIF,3.1410103,3.1831617
IQAQAS,2.4196365,1.8827499
ERINEZ,4.825123,4.7306843
NEYPUE,3.9804816,4.1895676
FIVXIR,1.9673833,1.7368968
PAKVIJ,2.654743,2.5426984
ENOHAS,3.0732539,2.9433966
KAYYAO,3.6955783,3.2665355
AKUTIJ,2.0043907,2.6926186
ECUHET,3.206862,3.1881845
CUNVOW,2.2675247,3.946735
TAJQIH,3.3902667,3.2229927
XIKNEO,3.6569383,4.4903584
RUGTAP,3.4074097,3.6049821
GEQXEG,2.8857675,2.8536806
ZUDHIP,5.3932967,5.4923267
XIJTOA,3.2656384,3.667804
BAFQOO,3.408226,3.6899447
YOGJAF,5.1100264,4.3710685
TIJLAA,1.4977148,1.2994668
AHEHIG,2.71488,3.59119
DAGXEO,2.449297,2.1746294
IXANIF,3.0362465,3.3375747
POZKIA,2.4726987,2.7283702
CIWREH,3.5622425,3.77671
AWENAR,1.5099598,1.1466353
ZACLIY,3.6724486,3.1870704
CUSTAL,0.30313483,2.8280487
MUTNOH,4.1579,3.6051536
UHIYIW,2.8278072,2.8352454
MIRKAC,3.5197928,3.1628788
SOTKER,3.3358438,3.4210317
HOFNAT,2.9731162,3.5661669
AZUVUM,2.5554214,2.5334601
DANQER,2.2419462,2.4553614
YEVREA,3.0310764,2.4685545
XIXREE,3.6604757,3.2752695
GAMTOD,3.4955747,3.2088442
NOBZOW,1.9061576,2.0618627
TECBEL,1.4430199,1.8594477
ROGVUI,2.901006,2.6834838
FAVXUV,3.1333911,3.5109582
JAKYEA,2.2887497,2.0296474
WEWROG,2.2024896,1.5161573
SAHZEG,0.92573136,1.6322339
QODHID,3.3946204,3.5283895
ZIGHOO,2.7521596,2.7755184
HARYUW,3.3361158,3.180531
OGUXOG,4.249058,4.329789
PAYQOV,2.7268531,3.9365008
MIDLUH,3.5529907,3.7499795
BAHJUS,1.768468,1.6689094
RACFAG,3.0275388,3.0964477
TOQSAU,4.108103,3.558886
OGILUM,2.8591003,2.9345524
IPIROQ,1.9007154,1.8983364
ILOCUI,1.6620715,1.6996453
OYOMIB,2.1739175,1.6864367
APABID,1.7815294,3.554892
DAQVEX,4.7119236,4.3194594
HEZVAM,2.1442573,2.0470362
VEVXOK,3.8289142,4.2328734
GAKKUB,2.7358327,2.4721498
SASYIU,3.654217,3.6112175
ZOKLAM,0.7491295,0.5146539
VIBGAP,3.3902667,3.7650442
MOBBEN,2.468889,2.0370517
BIFZIZ,4.5298796,3.757052
FUJLAX,0.15047896,2.5346544
IKOYOX,4.6087923,5.1123357
DOBBIG,5.675479,5.134956
AGELIJ,4.171233,3.9390476
LILTOS,3.4041445,3.3990228
GITCUH,4.0977626,4.065298
DIZNEH,3.6319036,4.067112
XIPHEL,2.5671222,2.4376037
ASISIE,0.9480447,1.7248908
ICIRAO,2.7298462,2.5872254
NAVTUZ,3.3167958,3.5029678
CAQKIP,2.7701192,3.3394623
TELQAG,1.9445257,2.066932
CINBUZ,2.6607294,3.8394465
QIWDEI,2.7510712,2.2083948
CUJKUN,3.3159795,3.1727455
DURZAS,1.8841164,2.3990946
CEZFUJ,3.659387,3.4586456
BABNAU,0.2296641,2.9986012
WUPDEQ,3.2781558,2.6722538
RUCPIP,3.9851074,3.9118474
CIBMOP,3.9666038,4.364949
DIVXEM,3.9374876,4.210436
KEFXOI,3.2985642,2.8606706
KUFJUR,2.8359706,2.4459672
AWOMOP,2.7059002,2.493912
VITHAJ,2.966041,2.1505475
RECNIY,3.4041445,2.5449479
MUTFEP,1.2587987,0.8270521
ROLPUF,1.3992095,2.0813644
WIPVUP,2.9274008,2.9280581
YIKVEU,3.0174706,2.972532
AJIYAU,3.0974722,3.480092
DACTIM,3.4373424,3.819712
TURZAI,3.4857786,2.9360192
CERJAN,2.7461731,2.5337183
FIVGIE,3.653673,3.8419933
LICYEB,2.0095608,1.9633422
ROPYIE,2.9864497,3.209579
ZUZHIO,2.1554139,1.9652059
MOHNAZ,2.4131057,2.7287457
MOGGAR,3.0305321,2.752323
QANYIN,2.1499717,2.5258288
HEWCAP,3.1649563,3.7609878
PUCDEW,3.006586,3.3299882
KISQAG,2.853114,2.97411
NAGSOE,0.95267063,2.011907
POTVOL,2.6087556,2.8103306
FIQMOI,1.76874,2.8220975
ZAGDET,2.526033,2.4232888
ROFRIR,3.5595214,4.4191113
JACCUP,3.1350238,3.7734036
NOMLOR,3.4493153,3.1205277
FEDJAA,2.7018185,2.6589038
GEQPIF,2.437596,2.9160972
AMOMAQ,3.6433325,3.4770558
ZEHXUF,3.5382965,3.6762104
FEZVOX,4.7312436,4.4445505
EFAJOO,1.8550003,1.8886142
MAMGUE,2.671614,2.8319185
PIDYEJ,3.4781594,3.5668569
IYEKOO,2.8936589,3.217427
MOBFEO,3.8710918,3.450233
HEPFUE,3.572855,3.479883
SACTUO,1.641935,2.7827213
HEWKID,3.7170753,3.3751135
AREKOY,4.1306887,3.766735
HUYWOO,1.4971704,1.6898748
SORJOB,3.3173401,3.2119954
MIRTUC,1.8171763,2.1046684
EGITAP,2.301267,2.5661964
HILPUQ,1.1532185,2.7078238
WIGLIL,2.9856334,2.8324943
EWURUL,1.8993548,1.7437117
FUGGUK,2.710254,2.6636589
DIFMUC,3.6572104,2.8906448
NODMEB,2.679233,2.7996008
WABXEG,3.0479474,3.1155035
OTAGIB,2.5396388,2.5432098
UXILIX,2.8220928,2.4773998
OBEXIF,2.7622278,2.6920414
HPZBNI,3.757076,3.7450984
IBUDUG,2.2443953,1.6977707
YOSKUN,3.5829232,3.0195954
EMEDAD,1.6813916,2.716329
XUHCOV,2.8659031,2.8540823
QIDNUO,2.9959736,2.4124365
FEGSUI,3.4212875,3.9623632
HECOBA,2.6294363,2.7634656
VUVDAS,2.8664474,3.022907
TEWXEZ,3.209583,3.2193363
WAFBIS,2.609844,2.6711702
SIQWEY,1.7088751,1.7638286
HAWYAJ,4.079803,4.050085
DECZOB,3.9608893,4.343289
NIVHIJ,2.181537,3.5776904
EWAJUH,1.658534,1.7925805
EXEDIU,2.6868522,2.7694383
PEDHOW,3.957352,3.8615549
HIVFEY,2.332832,3.3501952
WAPXUH,3.142371,2.8609576
MORXOG,2.980463,3.1542163
HOYFUW,2.2356875,1.8963947
ODUHUR,4.075177,4.5749044
KOXVAW,1.0024675,2.2148118
LEXZIX,1.4443804,1.5887992
UFIFEV,3.5206091,4.2758813
ODIPOJ,2.1616726,2.5576036
WIFPEG,3.8898678,3.6751633
GETFAN,3.6049645,2.8383586
WAVTEV,4.3965435,3.900072
QIWYAZ,2.5058966,2.3821747
GUFGAR,2.7973306,3.4869483
SEPRIR,3.0669954,3.006192
QERHEE,2.3864386,2.3381271
XEKCEW,1.8084687,1.8410625
KITNEJ,4.0928645,4.1794777
CACKIA,3.4182944,3.9667892
JARVII,3.2825096,3.3520608
UWIROI,3.5957127,3.9664211
CUCWII,2.3771868,2.1701198
ZEPGUZ,3.6226518,3.4214458
SIJBIW,4.9764185,4.343009
RIWHAG,2.9004617,2.8100917
OJEMEW,1.818537,2.304466
KETSIL,3.8942215,4.02619
KOVXAX,1.8340474,2.4052594
CORHUN,1.5445182,1.6639369
WAMNUX,3.317068,3.470743
RAYYUN,1.522205,1.4364156
COCHOV,5.1777825,4.3201923
NAHNER,1.651187,1.7738206
NOGVIP,2.750799,2.503616
AZNIMO,2.8718896,2.787397
RARSEM,4.3130045,4.27017
FEMLIW,3.5646915,3.8146453
MULYIC,1.9194912,2.0882895
DUDZAE,3.3295853,3.4480739
SEMSUC,2.557326,2.6284742
RAKXOT,4.1883764,3.3098137
WAPHIG,3.6640131,3.880178
TECKOB,4.2427993,3.7317605
XUVDOH,0.13061465,2.1370854
JAXFIX,3.2814212,2.850841
ESIZEN,1.5368991,1.3927273
NAMHEQ,2.6237218,2.6816065
PIYNAO,3.336388,4.43006
EMOYEM,2.7614114,2.512641
PILWEM,3.5641475,2.9846542
HUZROM,2.6629062,2.522186
WUWNOR,2.6060345,3.18893
SEKDAR,1.5722739,1.5435301
OMAWIK,1.9540496,2.2461236
OCODUG,2.3818126,2.430489
IJOMOK,2.8487601,2.8349032
XIRZOO,4.416136,4.2130527
FUQGOP,2.4204528,2.250841
XUGTUO,2.461542,3.2675872
RERREN,1.0264134,1.8015361
WAMLAX,3.3385649,3.5534627
SOQZUT,2.9246798,4.002547
UVAQOY,3.1635957,2.9036431
MOYLIX,2.8648148,2.6962814
DULHIB,3.3606062,3.2226083
ILUZUL,3.1099894,2.799549
QACNOY,2.94917,2.8341882
NAQFIX,3.4808805,3.290136
GOYHIN,1.6669695,1.8144132
FULMUV,2.731207,3.0749636
TAZFAB,2.884679,3.0538301
GAPCIL,4.148648,4.551831
FILVIG,2.9238634,3.006581
WIYCIS,3.0079467,2.8830657
FESVUY,3.7652395,3.638033
IKISEB,3.9717739,3.8977258
XILQAO,7.2374125,7.3326416
REXROC,2.5301147,1.5701215
PACFEF,2.5478022,2.4136539
TAPWUG,2.8637264,2.3495457
LISRAH,4.446613,3.9093885
XUXHUV,3.3007412,3.2350364
KOVLUC,3.2152975,3.0699635
GATVAB,3.1864533,2.9304338
OBABAX,3.166317,3.8112574
FUDMAU,3.3442793,3.2458498
QIKKOM,3.555984,3.2200615
CUYQAR,3.6055086,3.5389256
XARGON,1.3064187,1.5545117
CIQKUM,3.6825168,3.2489724
IROKUV,1.6394861,1.787012
TIHRIL,4.2958617,4.265312
WUQQOQ,1.5948594,1.9179283
ICATOW,3.515983,3.3897295
FIRVUX,1.9924177,2.148186
HISWUB,2.471066,2.8957863
GUCPUP,4.0561295,3.8537261
XERYIF,2.71488,2.498723
ICIWOK,1.7224808,1.3568509
OQUGUD,2.5001822,2.8262901
RIWZAY,3.3608782,3.1435091
KASZOV,3.2982922,4.1381645
IHEVOI,2.6966484,3.1093695
BAYPEZ,3.190263,3.1410904
RISZOL,3.0098515,2.9366724
KIFXOM,3.988917,3.7403731
COVZOC,3.120874,2.9299612
NUSPEW,2.043031,1.7061111
SAVGOO,2.942367,3.0794117
EREHEO,3.2041407,3.3554566
PAPTOR,3.7529943,3.6250503
FODTIC,3.488772,3.2378926
YEJRAJ,2.8903935,3.1371508
GENGUD,3.1951609,3.0701537
QAFTEA,1.8073803,1.8381281
WAYFAF,2.7377377,2.651973
INALIU,5.19547,5.1672716
ASECAD,3.9959922,3.6776776
RUKPES,2.6250825,2.8342428
WEHXOZ,2.3918808,2.3485491
FUQKIN,2.1567745,2.0913467
MUQTID,3.5304053,3.3000274
KACMOU,5.0890737,4.072444
AGEMEF,2.8974683,3.014386
HTPXFE,3.835173,4.4419007
SUSHET,3.2109435,3.254078
HOTREP,2.7714796,2.570443
LEPDIT,3.1165202,2.5359058
FOQGOH,3.2221003,3.069309
WETKEN,2.4389565,2.550613
UZUHOP,2.3622205,2.325708
QOSTOI,1.9053413,2.8264728
ZOJHUE,3.3987021,3.2452564
WUNZEM,2.887128,3.1059318
ABODUS,3.964699,3.6469054
CANBRU,3.7698655,3.3636422
BOBYEW,2.9336596,2.9340608
UHAQOL,3.4474106,3.5351489
FOPHOJ,1.3050581,1.5960878
ODONON,4.2580376,4.1214066
XAFCOA,1.7586719,1.8652169
IDIRAQ,3.443601,3.0473769
HACQAE,2.915428,3.2342992
QORJIS,4.176676,4.2068386
ZUTNAF,4.8863487,5.126748
WAYHAI,2.097998,2.3181708
MIJLEZ,3.6231961,3.536023
REFJES,2.1853464,2.3319974
YOJFOT,2.253647,2.1933913
SOVYUX,4.1263347,4.311611
HOTRIR,3.004137,3.1669245
JUFMUU,4.0493264,4.014094
WACDIO,2.533108,2.173999
GURWAT,1.594043,2.2390761
XEKXUG,1.1075034,3.2269902
ROBNUV,1.7915977,1.4479866
YOQYAG,2.04548,2.0890205
JOBQEW,2.0988142,1.7393341
VEQQUH,3.0046813,3.137726
HIVWAK,2.8544743,3.0247173
TOQXII,3.2680874,3.1313913
FOQLUV,3.759253,3.0531287
CPCCOC,2.6038575,2.6367502
NOQQEP,3.269176,3.415811
WEPMEL,2.9557009,2.856292
IDIDAA,2.4397728,2.329786
AJIJAF,3.2664547,3.268348
FEVNAW,3.3679533,3.115135
UBIGOD,5.876299,5.193607
TUFXOK,1.6272409,1.4428388
NITGOO,2.9894428,2.7055144
QIGZIR,2.7056282,2.6386
VAPYAQ,3.859391,3.8264165
FODXOL,3.7271435,4.7565413
ROMRAM,4.007965,3.2070143
WAJCEQ,2.352152,2.100891
JUMPEM,3.0705328,2.5226033
YICHUT,3.8014307,3.861708
BIYCIX,3.2272704,3.106298
QIHLIC,1.5711855,1.9263703
XOXMOM,2.7886229,2.6732736
NIVBAX,3.5957127,3.7612047
GILMUJ,3.7799337,4.00943
JIMYOU,2.1213996,2.174829
CEGTAK,3.183188,3.0052912
AMEVEU,3.7693212,3.990686
ORAMOK,2.1521485,1.7558593
FUYXII,2.9946132,3.1356962
AMAXES,4.3078346,4.639186
YEXZOU,3.4283626,3.3394847
OLUXOJ,2.8737946,2.9345753
TIZJAO,2.6090276,2.816886
OQAJOG,2.1910608,1.972667
BUVXEY,2.007656,2.4806654
YOGWIB,2.8482158,3.0378764
DIVCIY,3.1080844,3.0517616
ROJLAD,3.1086287,3.6109073
TOBMAZ,1.7807131,2.3229513
GUVPUK,1.775815,2.0139794
WEDRIG,2.6971927,3.1044986
QEHRIE,2.5565097,2.286355
TAPDOE,2.8484879,2.6446226
JAVPOP,4.237901,4.3059177
OHIKUM,1.5437019,1.5472143
HUYSUS,2.8144736,3.275906
YEXFAL,3.2552981,2.8785272
KIRCUN,3.5796578,3.3102322
VOKVUN,3.9451067,3.326653
VOYJOK,1.3836989,1.4487413
DOGGEM,2.867808,3.415699
YOGKIO,4.2452483,3.997952
SOXKEY,4.1399403,3.6145277
DAQKAH,3.8019748,3.6930947
XAHXOW,3.4495873,4.039565
SOWJUK,4.139124,4.325601
KOXKUF,2.2732391,1.7646629
DEJPUE,3.0414166,3.175478
WAPKOO,3.084955,3.408138
LOMDAU,3.0672674,3.2245975
INITUU,0.5197375,0.23417187
PEXCED,2.1284747,2.1826482
ZOBNUB,2.8732502,2.6879044
XOMQOG,2.7342,3.1549385
AMIYIH,1.9398997,1.7535388
BUJLUP,2.0721471,2.232897
ZUGKOD,1.7164942,1.8940605
KONREK,3.1173365,3.8714838
JOCGOA,1.670507,2.2833712
QOXXUY,2.674607,3.0012305
ESISUU,2.3184102,1.7148366
SIYWAY,1.2495469,0.6209121
TARHOJ,4.297222,4.159151
MOCXOT,3.1891744,2.7921374
RIQJUW,2.320315,2.0633526
RIVPAR,2.2732391,2.8495278
NOFJAT,3.7992537,3.497539
QAMPOM,4.027013,3.9918184
IVEHEY,2.9143395,2.647004
WIFBIA,2.428072,2.4326942
ZODBID,2.162761,3.0724132
CIQKUI,2.4648073,3.3081305
HUYYOQ,2.1521485,2.304117
FETMUP,2.6531103,2.36703
PECPAO,2.6302526,2.884447
ZIHZOH,2.998967,3.084052
BIQPUO,1.8933682,2.6345596
ZITHAO,2.7521596,3.8118217
ZIWQUU,4.0286455,3.3883884
YOQDIS,3.0082188,3.1290028
VAPRAI,3.9973526,4.152685
CIBGOK,3.8697312,3.9568686
OWAFAV,4.8243065,3.8016138
TISCIJ,2.8278072,2.7768772
IZUQEZ,3.4814248,3.4076862
TAMFUL,2.7940652,2.7852354
CUHGIY,1.1483206,1.5786185
WADGUE,2.7815478,2.7293332
LAYLOP,3.2786999,2.7091584
WENTUE,5.2569675,4.7879295
NOSZEA,3.8305469,3.7614074
YIWNUR,2.9755652,2.9611125
VUVHAY,3.1420987,3.863595
FUNRAH,3.5889096,3.8291125
LEYLAC,3.629727,3.7991562
SOGHUU,1.0364817,1.6101497
DOGHEM,2.7350163,2.906439
VUDTIY,3.2925777,3.304285
XINWAS,2.963592,1.3485712
GACYUH,2.3382745,2.0626676
OLEWEH,3.200059,3.1995277
LENDAL,0.5575613,2.5880806
DEYMIE,3.1320305,2.7460196
POLZUL,2.9350202,3.057635
NEZWOH,1.8729597,1.9289393
MARHUJ,4.586479,3.9507194
TOGNIM,3.7538106,3.5843832
UVUSEM,0.6868154,2.5558763
ZOQXIM,4.0691905,4.001357
VIZHAR,3.8580303,3.9231763
ROMGIJ,4.2787185,4.204361
BISKEW,2.7559693,3.046506
VOZRUX,2.5829048,2.8415678
RUWNEE,2.207932,2.095251
COQKEZ,3.5312216,3.3627253
USEGUV,3.8044238,3.9398513
GENZIK,1.7880602,2.2092726
RECGIT,4.2291937,4.0960546
MUFYES,4.399537,4.06698
SUCRUG,3.3440073,2.8825705
BINBUW,3.200059,3.121892
TESNIR,3.0052254,2.5509458
XUVPUB,2.4362354,2.6760654
EBIDIG,4.4735518,3.8932686
FAJBUP,3.4199271,2.7900393
KEXPAF,3.1867254,3.1122773
KIMGIW,4.349196,3.5688033
YOCZEW,2.2231703,2.0725148
DUCPOH,3.0272667,3.0105047
TOCGEB,4.144022,4.3745737
QEBCOP,2.7777383,2.7349896
HORCUP,1.9807168,1.7677678
HIYXEV,2.982912,2.843656
DUPCEY,2.841957,3.1991093
DUGYUC,3.264278,3.2813861
LUYNUQ,4.225656,4.205101
MIMFUN,2.772296,2.5418298
QOJLUW,2.8041334,2.3227837
DIDMUB,3.0033207,2.9592214
ICEFUR,3.6104066,3.7122285
BONBUC,2.5224955,2.6366477
NUSXOO,2.9894428,3.0871093
PIKNOQ,1.4408429,1.262664
TERPIP,3.7851038,3.5450068
YASLOV,2.8457668,2.9127486
JOGDOY,2.1499717,2.9628751
BUFTON,4.565254,4.501512
WEVJOA,1.3175753,1.2584946
HIFTOI,1.7292836,1.6967819
SARWAJ,5.420236,4.8385415
DUSSES,2.4800458,2.4462976
APAGEF,2.616919,2.654255
CATYAZ,4.9652615,4.9608192
NASKUQ,3.3358438,3.605651
SERJUU,3.5459158,3.94973
WOQKUK,2.753248,2.347637
WAWMOZ,2.1379986,2.2030497
XANWAL,1.97854,1.5644659
DICSIV,2.4675286,2.2150354
URALAC,3.013661,3.4305372
KUMROA,3.3274083,3.2603192
ZOZCAS,2.6465795,2.5361512
FIRPAX,5.724459,5.052061
PUNVIF,4.0925927,3.927675
TUNVIK,3.4406078,3.1372416
POJPOT,3.6038759,3.7720804
NOFVAI,1.2748535,1.3352839
IBOPEX,3.1143432,2.703887
GAZQUW,4.1668797,3.8764505
KORYEY,3.615849,3.8032475
TIQTAO,3.36496,3.2917287
MIRPEJ,3.4781594,3.7029395
REKHAU,3.5821068,3.472279
MAHNAL,3.6041481,3.6232421
ZEGYUF,4.6955967,4.4193387
LADBEB,2.9905314,2.8950057
BEGDIC,3.0577435,2.8797183
FOFDUB,2.3347368,2.3310335
JOHXOV,3.266727,3.167213
IBUVOQ,1.4590745,1.5863421
RISCOO,2.8577397,3.020586
XAFKIC,2.7165127,2.6206765
LIFXED,4.0112305,3.7138753
CEQSIA,2.1635773,2.43642
ILODUI,1.6136352,1.7099108
TOSSEZ,2.6854918,2.7682936
RIBREC,3.7078235,3.5819633
NOZSON,2.9290335,2.9095056
BURKUW,5.0771003,5.1399903
MOPDOL,2.6827705,2.7788253
ZOHNOD,3.1630516,3.18614
IKONAX,3.8751736,3.735465
UJABEM,4.4311023,4.3735867
FIBPIR,2.9676738,2.6924884
ZEQBOM,3.3015575,3.5964825
XOQWOQ,2.9358366,3.0628428
PHSFMO,2.8259025,2.8005922
PIFYAE,2.899101,2.523988
ZUFBUZ,3.094751,3.6305835
VIVFIR,2.4599092,2.519048
DESKUI,0.7268161,2.3354106
EHEXAQ,3.5263236,3.3804686
BETBIN,2.788895,2.8665338
LUTBUZ,3.391627,3.4865837
ROHDOJ,3.450948,3.7291007
NAZPOV,2.0833037,1.9188011
DUXMAK,3.8653774,4.5833073
DOTROV,3.212032,3.0045354
SIQSOA,4.2596703,4.481157
RACNOZ,3.4256413,3.9730272
KARKUK,2.5434482,2.7573173
KEVRUC,2.3728328,2.7811246
DENWEZ,1.8087409,1.9984268
QICGOY,3.9157186,4.089823
EJIYEC,2.322492,1.9591885
CENWEB,3.3129864,3.4141366
KIKNAV,2.3118794,2.21739
DAQNEQ,3.212032,3.0949981
YIBNIG,3.1655006,3.5430446
EDEXIY,2.365486,2.3799639
TOKVOH,3.6800678,3.3759887
RADMEP,2.2389529,2.0348763
OMEBAJ,2.16004,2.113871
SOSHUE,3.659115,4.1023197
QUMCIK,2.4699776,2.5929146
IQATID,2.525761,2.8575728
JUCSIM,3.0498521,2.9745963
NAZSOY,1.8296936,2.532286
SEBHIR,2.0560923,2.6127958
TUVNOP,2.999511,3.1340187
BIXSUZ,4.108919,4.106201
PAMFES,1.9056134,1.8461379
PAGPAQ,2.9110742,2.9270992
VOTFAO,3.0868597,3.0669127
DAWTAW,2.5771904,2.4078796
QUHCUU,4.0656533,4.2039194
COBROD,1.8462926,1.7014898
DIHVOI,2.3426282,2.4684484
UCUGUU,3.6523123,3.6339176
DIYZUK,2.776922,2.681666
FIRRAA,3.9611616,3.8275561
VIMJEH,3.3105373,3.0410726
QAMLAR,3.8030634,3.7469063
ZUTKEE,2.3600435,2.3623197
ZELPAL,2.6460352,2.616232
XARRAK,4.630562,4.299339
RANSIJ,2.7831805,2.879874
HEWTAE,1.7151337,2.0363188
QAHWIF,4.4384494,4.135657
FABZEP,1.9924177,2.557657
ASILEW,2.0590856,2.5121896
WEQGAC,2.392425,2.4002347
YOCJIK,2.9739325,2.6328866
TUQRIG,1.5118647,3.4909601
MIKJEV,0.67457026,1.5642415
OVIXOJ,1.732549,2.2445688
CESRUO,2.4479363,4.3478303
ZAZKEQ,1.8862933,2.2373943
WAFLEY,2.2291567,2.2425694
QOSMIV,1.8003054,1.2848959
COCLIT,3.4313557,3.308207
JEPRIG,2.1450737,2.6517167
YOVHID,3.1513507,3.0052385
OCAROZ,2.7320232,2.5799751
FEBRUZ,3.474622,2.8354955
EYIPEH,2.6990974,2.3232856
YIXKAR,4.5913773,4.6221156
JOJPIK,3.0435936,3.476926
CERDEK,1.9804447,2.529495
IMACOR,2.590524,2.512322
JUCFES,0.3254482,3.5585022
EGIYUO,3.90048,4.044119
HIMJOD,2.9380133,2.7247398
FOCSAS,3.9728625,4.0575647
JUNLIP,1.6830243,1.3424888
JEFHIM,3.8558533,4.18958
SESXOF,3.4427845,3.3683176
ABIWUE,1.928471,2.2741537
PAMFAM,2.5192301,2.80745
PUMFAE,3.759253,3.0651388
ZILNOZ,2.8193717,2.656823
VAZWEY,4.3388557,4.060544
AHOGUB,3.1812832,2.6610417
TEYXEA,3.720885,3.6968417
DIWQUY,3.1489017,2.3360507
OQOLAI,3.0909414,2.628407
HOJWEJ,3.6291826,3.2009726
EWOJAB,3.5018332,3.3017135
HUPWUM,0.791035,0.6371746
CEQFOV,5.4022765,4.924312
QEFVUS,4.088511,3.7197711
SADLAN,3.1646843,3.273124
WEKDEV,1.2179817,1.281727
QOFYUG,4.0542245,4.1331377
IGUREK,3.6893198,3.2822819
ZABHIX,3.9252424,3.8898842
LICBOP,3.9829307,4.1627426
UBAXUQ,2.736649,3.2100294
OFEYOO,3.5377524,3.8202987
UYACEF,1.9115999,1.7647877
MUYSUU,3.4634652,3.122487
LEYSAK,3.3690417,3.5413837
VIFXEN,3.8909562,3.7722974
XOWLIE,4.3217125,4.3118997
AVODAR,3.6506796,2.9687555
FUVLUF,2.752704,2.6815662
FIZGIH,3.272169,3.436308
BEQTEW,3.6982994,3.79334
UWIPUM,1.9121441,2.053057
OVOMAO,2.4131057,2.0937996
MOMBUN,2.9739325,2.9149883
SUDMEM,2.5102503,3.0223486
EYADEO,2.0585413,1.873346
PUNTIB,3.9919105,3.9721713
MUXTUV,4.2716436,3.6811175
ETIMIE,1.4522717,1.946848
NEYSOC,2.9600546,3.4770403
HOJMIF,3.8259208,3.1587374
VIMHUV,3.2414203,2.9331467
BIKSIY,3.163868,3.4783537
EZEQUV,4.0308228,3.765739
OFIBAI,2.6539266,3.2311795
WANVAM,2.5031755,2.4875424
DISDUH,2.5771904,2.614823
ZEZKIA,1.3899577,1.1022395
XUNVAD,3.7535386,3.7092311
SASWUH,3.388906,3.2700036
AJIDIG,2.538278,2.331927
QEHDIT,2.2498374,1.7160659
QAZBOM,3.0988326,3.0693157
HOJBAL,3.5957127,3.712626
FEKKAJ,2.538006,2.3953233
DOCXUR,2.8215487,3.172832
ZAWNOA,2.0588136,2.474203
OJEYIO,2.0155473,2.0485053
LIGNEV,4.3725977,3.9223273
ZOLXIL,4.526342,4.0672483
KUKTOZ,4.21069,3.5862467
LAHTUJ,3.6833332,3.5774298
UTISOH,2.2762325,2.0614815
CABLAU,1.9769073,1.8565125
DAJCOJ,4.827572,4.9941072
EGUYOX,2.2852123,2.3099833
SETDEB,1.5230213,2.2975605
ODOXOV,4.184023,4.3507237
FEKSIA,2.1205833,1.3528833
QEDGOV,4.0117745,3.8821163
KALXUU,1.9962273,2.0525918
DEWZOW,2.5339243,3.017851
BORCIV,3.3567965,3.5411844
MOCBUE,3.1709428,2.8121548
KIZCAY,6.5119567,6.0935545
AMACUM,3.4991121,3.0881248
QAGGIS,2.9146116,2.9849765
OFITII,2.5439925,2.8198793
XEPBOK,3.678163,3.8248858
WAZRIB,2.1426246,1.820982
FICBAX,1.9341854,2.5236034
SESLAE,5.239825,4.902589
NOCZAJ,2.8065825,3.3822825
WELSIQ,4.0414352,3.5801773
HAMJUA,2.2699738,2.460723
HOCXIH,3.653673,3.7087135
BEVWOO,2.8620937,3.348806
LALNER,4.0681024,4.175298
LUDQOS,1.9739139,2.0561934
IGIFEM,2.1344612,1.7341036
KUJWIX,3.1388333,2.5794752
OGORUA,3.4046886,3.5997658
XIXZUB,3.3728514,3.3466308
GUDBUC,4.5715127,3.9385006
UCEBIN,3.4863229,3.6030548
QOVGUG,3.0767915,3.039866
NIQKUV,1.7004396,1.9159652
UBASIC,4.5666146,4.7174115
BELFEE,1.696902,2.3388674
MAFMIR,3.5548954,3.553839
ANEBEB,3.362511,4.2212873
KOPCUN,5.4313927,4.329539
FEYZAK,3.6057808,3.64329
DIKVOI,4.882267,4.291742
DAFMEF,4.350284,3.5525532
CIBLIL,2.918149,2.4619198
YOPCOV,3.775852,4.448823
TOVNOK,3.212304,3.2257934
HACRUZ,3.3755724,3.3514936
LAWLAA,3.8615677,3.451619
WEDFUG,3.4631932,3.6052492
VERBAV,2.8267188,2.7684922
AKIHIL,3.899936,3.6423166
JANVIE,2.167931,2.5411134
DOYNIO,2.9929805,2.984426
PUTDAK,3.2117598,3.3627121
IYIQOW,2.6797774,2.1986861
XARGED,3.53231,3.2810104
VUFMUF,2.3758261,2.4501007
VEDQOK,3.654217,3.8600843
HAJNEL,2.014459,2.728384
EGOBUZ,2.1499717,2.1014152
HEWZOZ,2.067521,2.282711
SUBFUT,3.128221,2.6468022
BOHSIC,2.6754234,2.8408494
KARTUS,2.8468552,2.6779041
GEHZUO,3.4683633,3.4889567
QOFPOS,4.951112,4.7558904
OTUFOA,3.4319,3.4288604
FARTAW,0.99403197,1.5173371
BOQZUC,1.6672417,1.6897604
TOSWIK,2.122216,3.2512074
ZODFED,2.3524244,2.340609
CUHWEI,3.17829,2.8223655
HUVKEP,2.4242623,2.968416
TOBQOR,4.2120504,3.9321768
MINWUB,1.3183917,2.4891908
SIJSEK,3.0705328,3.122304
YIXGAQ,2.9303942,3.0719934
FUFZEM,3.4553018,3.5041006
CUKGUM,3.7788453,3.6408463
URUJIC,2.7638605,3.0537758
YEJYUK,3.1105335,3.3400202
LASRED,2.485488,2.3023996
EKOGUH,3.551086,3.5024729
ZOCWIX,3.0321648,2.9028695
FECFUO,3.7369397,3.596009
SUXVIQ,3.3021016,3.3844695
EGIBOP,2.1015353,2.0077116
CIXLOO,2.5537887,2.0963402
IKEHEO,3.3578851,2.7036798
FODBIJ,3.9094598,4.2482753
AFEZUK,3.4705403,3.0331106
TIRLUC,3.082506,3.1529853
IRENIE,2.5344684,2.5646665
ABAPOJ,3.9124532,3.8354256
XIKKAG,4.262664,3.8750472
USOWOP,1.9298315,1.8615019
ETUWEV,2.8593724,3.0420067
SAMTUX,2.2688854,2.2251968
QIWPAO,3.5875492,3.2496066
FUYREY,3.1769292,3.537656
JOLWOY,3.1176085,3.0638726
FUSTEU,2.2403135,2.255149
OJUNIT,1.8764971,1.674969
TATKIL,3.305095,3.2737873
RURHET,2.052827,1.9878227
LEMKAS,2.8936589,3.235765
MICFOT,3.4781594,4.2344003
GUSXOH,2.5363734,2.8807292
CAZXOU,2.7728403,2.6969416
ZUSWEP,2.755425,2.907504
CUKJOK,3.7206128,3.5264955
GUVXUT,3.9834747,3.7607489
LAPWEE,3.130942,3.765481
QEVPOA,3.1921678,3.4488885
MAZGIF,2.2525585,1.8721874
MOWYEF,3.7766683,3.6054134
NAMGEN,3.2993805,3.2680995
DEKVAR,2.8958356,3.213355
XEMXUI,3.3012853,3.7916057
IBUWIN,2.7083492,2.482747
LEYSAM,3.065907,2.9346542
BOMFEP,2.7864459,3.2913604
EQAJEN,3.2041407,3.0332973
OHIDIU,3.2014196,3.7109458
FIXFAT,3.142643,3.7705514
GAMDOO,1.6179891,1.8744203
ZEGDIY,3.964699,3.9952378
RANPEB,2.6340623,2.7928636
KUWBUB,2.9295778,3.0616481
MOPWOE,2.6824985,2.9229581
IFOQEC,3.1480854,3.0478983
PIZFEN,2.0944605,1.862357
HOXXUP,1.9725534,1.8814372
KAJJUE,3.3203332,3.4999344
RIGKEX,4.2528677,4.6937633
EJERUI,1.0772988,0.9112284
SETPOX,1.9409882,2.1439924
YUBFEI,1.0264134,1.3948385
IVEJIC,2.941823,2.7719333
ZOVXEN,2.6699812,2.7063847
AQOLEA,1.2256008,1.4199797
NUTXEG,0.6413724,0.8848293
RAMQED,2.2732391,2.3729627
WUPVEI,2.922775,2.9064598
COXNIN,2.7725682,2.7233348
TURSUX,3.5170717,3.7550797
ZIJYOK,3.4950304,3.3955417
MILPUU,2.917877,2.9365447
FUPZIA,3.6836054,3.5422728
RIGFET,2.4171875,2.4349375
SEDWAB,1.283289,1.3960205
QESYUI,3.2490394,3.071908
YOBLOT,3.180467,2.5947964
VUMRAY,3.6982994,4.0231667
BIYHEY,3.527412,3.6571815
VEBYAE,2.7192338,2.9390128
ALAGOK,3.393804,3.3158195
MAQYEL,2.143713,2.1253283
VALJUP,2.7788267,2.8037252
CAWNUL,2.040854,1.9374117
OXIBAZ,3.126044,3.6778717
POCFOF,2.844134,2.586657
QEZWOK,4.3102837,3.9981697
RAVNIP,2.4656236,2.282578
PIVSAS,2.301539,2.2178671
XAJWOW,2.184258,2.5233576
BARPUJ,2.4716103,2.4787889
RUZVOY,3.9021127,4.4679546
FOLWUB,3.7987096,3.4716928
KARPEA,2.6261709,2.8336716
OCEKAJ,1.6169006,1.610715
IPEQAY,3.759253,3.8708107
MANSOK,3.274074,3.2820084
FEFJAF,2.1948705,2.7164214
XORVOS,3.4710844,3.7332025
MULSUK,2.6079392,2.7529888
XIQCEI,4.6466165,4.8814564
YIHYAP,2.6800494,2.8972087
RUYDUM,3.9347665,3.1806953
WIWBEK,0.21687475,0.69029903
LESWEL,3.1584256,3.3351245
BEBWOW,2.9505305,2.944782
IHIJOB,3.3954368,3.5951371
FEZVEL,3.0942068,2.8671749
EQUKEH,3.6139443,4.3048077
SULSOK,3.1608746,2.928382
TEMDOE,1.7385355,1.8897638
EZIBUK,2.750527,2.5351646
GIHGOV,1.9494237,2.6994927
ISUHUC,3.1989706,2.8200798
PMHPYN,3.5040102,2.8355596
DOPHIZ,2.260722,2.934882
NOQMAH,2.8131132,2.8028781
LOYKUF,2.3331044,2.5341673
FILBIN,2.7015464,2.7365425
KUTTOI,2.7611394,2.6044416
OXONEV,3.1527112,2.860082
OWEJOR,1.0615162,1.9330368
ZZZBOM,3.4117637,3.5394619
CPFEFP,4.478178,4.1958246
ABANOH,1.8332311,2.923696
CEKCAY,2.7752893,2.6548731
QAHZUU,1.3137658,0.70007825
DANLUB,3.164412,3.3320665
BEHHIH,2.755153,2.6651995
LOFROQ,1.706426,1.6263047
TAJREC,2.3399072,2.8067243
LALTAV,3.139922,2.903914
EGEMUY,2.2661643,2.276422
IYICID,0.9387928,1.3284148
WALJOK,2.8161063,2.7164245
QENQEG,2.944544,2.2691715
DAHXAL,3.5616984,3.942386
SAFDIO,1.1730828,1.4120575
KAPZAF,3.4302673,3.2156386
ABAJAP,1.6169006,1.7049444
HUWLOC,2.1584072,2.275683
SUHXOI,3.740477,3.820481
HUBBOW,4.771517,4.0778084
WAGBIQ,2.6446745,3.1659293
LOPWAO,2.3292947,2.6510768
FETFOB,2.3722887,2.4833713
GOMNUT,3.1652284,2.9932349
AYIMAX,2.7567856,2.6291156
HEDWOC,3.2735298,3.5745435
LONQUA,2.069698,2.4537203
HIJYEH,2.939374,2.6814475
BEJJUX,4.8332863,4.534353
WAVWUN,3.4754384,3.6481423
VEKGEB,3.3401976,3.0960941
XACFUF,2.8003237,2.99896
SAWKOQ,2.1763666,2.478967
PIKJUP,4.1717777,3.8902662
NOQFIL,3.7837431,3.8799167
DARFEH,2.8933866,2.6327837
MASDAN,2.5660338,2.8972929
WOLPUI,3.2767951,3.2107928
NORJUZ,3.783471,3.7769861
NADNOX,3.5206091,3.6717973
KOGGUJ,2.3124237,2.1177974
FIRWUZ,4.3108277,4.2791305
LAMYON,3.4427845,3.1320307
JOMLUS,2.2101088,2.408568
SAKYAI,1.3099562,1.5589191
COWXUH,3.9478278,3.902863
IQEROL,2.0642557,1.8854924
AYIHIC,1.5665596,1.3490077
BUQCAR,1.5385318,1.7589413
AFEYOD,2.5396388,2.9767408
YENMOU,2.5535164,2.4149222
XIWSON,2.9257681,3.0385246
KOJLED,3.7366676,3.464389
YIFMUV,3.312714,3.02452
ONEZOY,2.2408576,2.2746239
TUDDIG,4.208785,3.8539977
ZEYYOT,3.49367,3.6069262
RIBJEV,1.9701043,1.9083525
GUGBUF,1.4949936,1.7491035
YONYUX,3.59408,3.5773888
VOYFOG,1.4419314,2.071179
WUWQOU,3.0288994,3.6370678
YUGHIU,2.850937,3.6998174
NUWKIZ,2.8895772,3.0756845
ZIDLIL,1.2775745,1.3477756
FISVIO,3.8542206,3.8390777
TESNOX,2.693111,2.7930303
AXUXIA,3.214481,3.018469
QOBMUQ,1.1036938,2.0613022
BUWQAM,2.7464452,2.9571962
BIPZIJ,3.458023,3.7655282
IJAKUZ,2.1233044,2.6936092
YEZLOI,3.0623693,3.485867
PAGBAB,2.330111,2.5901306
CAWSAU,2.430521,2.2499652
VENJEH,2.3586829,2.4007866
GIWZER,3.3497217,3.2977607
MURKIT,3.510269,3.1144078
BEXKOG,1.9529612,2.045425
ATAHUY,2.867808,2.9393475
NUZXEM,3.0944788,3.1373756
BAMVUK,3.2321684,3.0536697
IKUPIP,3.3521707,3.1981246
TELGIA,2.81529,2.9820776
YIWTEG,2.4882092,2.5972896
MAJFEI,3.6384344,2.882411
YIJDUR,2.960871,3.116273
MAYKAA,4.8196807,5.165215
BAGXOA,2.963592,3.2370903
TUDSAN,3.6770747,3.8478277
HIRYOW,5.422413,5.2023
KINDAM,1.9067018,1.9930229
AJOJUH,3.6242845,3.914397
LACWUH,3.374484,3.318655
WUDWOK,1.8060197,1.4785169
OBOHUK,2.0473847,2.8504956
UFIBAN,3.0933905,3.254376
OXPHCO,2.51406,2.7734027
HEFSER,3.3429189,3.2764895
SANNIH,2.461542,3.2480252
ZOXBUL,1.9867033,2.2047338
KEHVID,3.5012891,3.685238
YUMBAJ,2.3818126,2.5238607
PUCFID,3.1350238,2.846576
DAXVIL,2.78182,2.8319957
ELEMIR,3.0604646,3.1279354
PONZOK,2.5371897,2.5799556
ASIGAL,3.2011476,2.897839
FOZNAL,3.293394,3.7601564
NEWVER,3.1089008,3.3686612
RUJLIR,3.8120432,3.8974886
GOPHIE,3.2161138,2.861663
EGABUL,2.7214108,3.0737443
GIPHUM,4.122253,4.304734
VUZHAC,3.6465979,3.5489645
MAXSEJ,1.6963578,1.9134918
FINYIL,3.4898603,3.7698817
BOMZIM,3.104275,4.117436
LIGBIP,1.2909082,1.9398277
PAJZIN,2.0522828,1.9577978
WEDDAL,2.0182686,2.0521688
NATREG,2.1755502,2.9229023
TULRUO,3.3728514,3.3043752
WIPWAX,2.8735223,2.80137
LEQROP,3.7206128,3.5035393
NEBVAS,4.525798,4.0198107
AHOXUQ,3.5216975,2.9790764
MOHPOQ,2.6381438,2.7075675
FUVKOX,4.2272887,4.5125036
IZIMEK,3.0808733,3.5415812
KULPUF,3.8534045,3.012084
WABTUQ,2.167387,2.3481832
REDYOR,3.0933905,3.0691848
FEKZON,1.0544412,1.0112138
WEQGEF,2.5042639,2.2425861
VUPYAJ,4.5274305,4.086352
IVITAK,2.5004542,3.1452396
GERMEW,3.8436084,3.900004
QORMIU,2.5412714,3.0893557
FENWIH,2.3282063,2.579667
BASRUL,2.942367,2.6121595
OPEREH,3.8509555,3.6783013
XILHAB,4.8909745,4.4788256
MIYZEC,3.2158415,3.147251
TUSMAY,4.6757326,4.357784
FEXJAV,2.16004,2.275036
PIFVAB,3.221284,3.3570433
BUXKIO,2.8591003,2.9214907
AFEDEV,2.944272,2.9599557
HEYPEH,4.567159,4.5401316
TUWMOQ,2.8487601,2.543682
GUBQID,2.5007265,2.6370547
XIWHAO,2.5592308,2.6357083
KITTUF,3.6961226,3.7708135
RIXMOB,3.8947656,3.750145
KARCOV,2.9165163,3.6480365
YOJVUP,4.965806,4.5293946
LAVNED,3.6006107,3.3448982
GILWUV,2.1132362,2.1453757
KOHTAD,3.1268604,3.101227
RANLIC,3.3372045,3.541375
DIGROD,1.9012595,1.7596606
IFASIV,4.216676,3.9379091
DIDREN,3.4985678,3.5013433
WIFWAL,3.916807,3.9523826
VAQRAG,2.8136573,3.189063
XIFQEI,3.4574788,3.5105505
HUDVAD,3.314619,3.5675585
NINKAX,3.8174853,3.8628893
SUYQIO,2.9916198,2.631907
PHNOMO,3.8855138,3.4478543
DENZUR,4.5715127,4.436984
NAVZOB,3.7878249,3.4816215
IJAQUF,2.6348786,2.682785
FUPBOI,4.077354,4.187191
CHPFBF,2.9818237,2.955697
LEZDEA,3.4264576,3.0809627
ZEJTEP,2.4963725,2.298062
ULEWUF,3.9451067,3.9594646
XECSIH,2.268069,2.6146078
TEBFAI,3.295571,3.1267297
QOBWEM,2.2906544,2.6522324
SEWZAX,2.8210044,3.0660026
CAQTIY,0.20952767,1.3943319
WENWOB,3.453397,3.3024406
NOSFEI,1.7812574,1.7032962
GETPAY,2.120039,2.6689212
MECHEL,2.958422,3.0525873
KIQZOB,3.1216903,3.6532857
XIDSOV,1.6098256,1.9245411
TEWTEW,3.6065972,3.7012963
ZISCOX,3.261829,3.374483
YECBAJ,3.6079576,3.5881443
IBEHUT,0.3004137,0.54723
WETKIQ,2.9121625,3.3264904
HAXLIB,3.391627,3.384399
VODZEU,3.161691,3.1631105
EJAPUB,3.9377596,4.159721
DIJDIM,1.6027507,1.3819677
SIGTOT,4.0112305,3.2383552
NEBVOG,3.272169,3.4822156
BIGGEH,3.0835943,3.0750263
NIMMON,3.749457,3.404617
OHIREC,3.1241393,3.3162816
TOKKUA,1.5586683,2.1786718
IKUREM,2.465896,3.0836873
LONDOK,2.292287,2.6030493
LEHWUQ,0.5970178,2.404562
XEYGOY,3.821567,3.6310687
FAJCEA,3.5048265,2.8512142
FOKDIU,3.0716212,3.0476162
QEGBUC,2.258273,2.2358084
NAVRAD,4.059939,4.0621457
PUMBII,1.230771,1.6777126
KIJHIW,3.1899908,3.071031
XAMTOU,2.4073913,2.0966563
SAMXOT,3.4319,4.295497
ROKFIG,2.183986,2.4442916
JUZNAV,3.1178806,2.767338
ZEGGEX,2.10344,2.4419522
WOFSUF,2.0854807,1.8057739
CAMLOS,3.5720387,3.5563636
YIZHIY,3.9083714,3.3679786
EFIRIY,3.940753,3.3767645
TIZPEZ,4.750836,4.312245
ARORII,4.7617207,3.8118544
SUKWAY,2.4299767,2.4143374
KAQHUG,2.3219476,2.04962
HANQAQ,0.7461362,1.8726143
AYEDAK,1.450639,1.5860387
HAFLEJ,4.112457,3.8220112
NITZEW,2.824814,3.3757353
JULGEE,5.169075,5.0110173
DUXGUA,2.3883433,2.3039398
NOWLEQ,3.3159795,3.3451967
XOSNUR,0.8095387,0.9509163
TEWPIV,3.1916234,3.4382992
QAXBAW,2.4833112,2.6451097
WEHXOY,2.6027691,3.0429256
PULCOO,2.977742,2.7171264
LOCZUY,1.350229,1.6735541
IROWUK,2.0735075,1.9352673
RAZHAC,2.9886265,3.1283329
NEKQOJ,3.9173512,3.8832712
DUWJOV,3.9633384,3.6351037
LELFAL,2.8539302,2.9048436
LABYUK,3.7698655,4.9678645
QICWEF,3.0593762,3.0871332
LAMWEE,3.4449615,3.5036602
LUKLEK,2.736649,3.2005577
KAPZIM,2.5031755,3.8118596
IYIMUZ,3.223733,2.9649076
EHUMAY,2.4642632,2.4770458
ULORIY,3.212304,3.4466796
MASWEJ,1.7194875,1.9077529
JUQNOY,3.5742157,3.5616212
OLADUA,3.4057772,3.9616468
ZOCFIJ,2.2408576,2.8274531
LEBYUN,5.066216,4.684002
VICDAO,2.912979,3.0051
NIZGOU,1.6019343,2.5177953
LEJXOQ,3.03026,3.1758702
SOGREM,3.6335363,3.8595533
WIJGIG,3.2890403,3.1143951
UJIMAE,3.4329884,3.0093477
SASSEK,2.987538,3.086889
DUKPEH,3.4547577,3.0784843
HEQNIA,3.0139332,3.1902103
WEXSID,2.3690233,2.215507
JUXHOB,1.0987958,1.3521918
AGAZIS,3.3233266,3.1968815
COMQUR,1.338256,0.5280335
GAQZIH,1.3483242,1.8600842
MOMTEP,3.7682328,3.2825844
QABRES,2.9597826,3.924966
POLBOI,3.1780179,3.1216993
ITUNAO,4.0686464,3.640864
IMENOE,3.3227823,3.5465891
HISNED,3.587277,3.4637282
CODDIJ,3.8996637,3.7077265
XUKYUX,1.543974,2.4734983
UFEYIQ,2.8190997,3.3725119
YOTCES,2.3905203,2.422779
GEWZAL,2.339635,2.539946
MUJBIC,3.3606062,3.809493
WIHYOC,0.47946462,2.096799
OZOMAT,2.311335,2.512446
FEJTEU,2.9456325,2.7965143
KEFHUC,3.3401976,3.295931
YASLIP,2.8648148,2.9273145
QAFPOE,0.66531837,1.2901863
ENUKUV,3.7105446,3.1739619
SAKGAQ,2.698009,2.6243353
RACQET,2.318138,2.4352427
YUBZOK,3.408226,3.3724234
PODWEK,2.9742045,3.8820467
PUFQUC,2.2664363,2.1276941
LUCXUD,2.7891672,3.0710948
TEFHUI,2.850937,3.2368002
YEYBEK,3.4855065,3.0612538
BAJZIZ,3.9372156,3.6998105
QASNIL,3.7298646,3.5424528
AGECEU,1.6892829,1.8711467
ZEJZUL,8.365324,5.961509
WARDAV,2.4580045,2.8007634
GEHYID,3.0340695,2.965523
OLAMUK,2.8446784,4.09214
KALQIB,1.7458825,2.0452201
XUGHAL,2.1779993,2.227488
QAMRAZ,2.287389,2.6564016
SASXEP,3.1124384,3.4878433
FIYGOM,2.4533787,2.5107982
LONDAU,3.465098,3.3239894
KIKHEU,3.0030487,2.8466873
XAPMUW,3.5197928,3.1718972
PIKGAS,2.8522975,2.595224
PUTTIK,2.43297,2.7195716
GECBAT,3.8694592,3.8788128
EGOGUE,2.9091692,3.377811
IKEMIX,4.3821216,4.3700876
ANAVES,3.639795,3.763588
NAQFOD,3.460472,3.2240465
NOTTOF,1.8247956,2.9074388
FOFYAD,2.8386917,2.9329076
AXUVUN,3.4923093,2.9801474
NIXWIE,1.3850596,1.6745719
EGEXOE,1.0457336,2.7759626
ILEZOO,3.8346286,2.853505
BEJNOT,0.21333727,3.1043842
XIQGIR,3.5524464,3.4450996
KUXJAQ,2.0721471,2.6539922
TAGVUU,1.7164942,1.8926858
NIDTAV,3.1143432,3.0870008
NENFOB,3.1004653,3.085703
HEXYIU,2.1834416,2.9229615
YOCRUD,3.5048265,3.517705
XEKJAY,3.5279562,3.9304368
KACVUH,1.8226186,2.0557795
EDEYUL,1.9809889,1.9314532
UYUZIZ,4.2242956,4.1461935
BODKAJ,3.6251009,2.9630203
GAMMOY,3.429451,3.274431
BUKYOW,3.7510896,3.353363
YUTSIQ,2.7358327,3.3104856
FAHZUL,2.5159647,2.5312378
EKEJAG,3.3856406,2.8097372
SIFXIO,3.3235986,3.4698114
SIQLUA,4.7530127,4.582651
UMANED,2.8577397,2.8525352
OGAFEJ,4.324978,4.04712
VEFMEY,3.6547613,3.5267558
ETUVOE,3.1554325,3.294894
BADQUU,4.1521854,4.2675433
WONREZ,2.879509,2.2900815
LEJKOD,3.202508,3.1081643
QEDNOC,2.2427626,2.714279
BAVMOA,3.152439,2.8316746
YOHQAO,3.0958395,2.5803301
JOJZEO,3.6982994,3.6162524
HOSQAJ,3.1358402,2.8268645
FOQFUM,3.6199307,3.6388001
PUZDAR,2.920326,2.4038274
LARYUA,1.4443804,1.778251
BABVUX,3.5388408,3.5642304
LICWEA,1.0288625,2.1353116
XOCYOF,1.5649269,1.6189513
RANPIF,2.4822226,2.276616
YIJWOF,2.4005885,2.6064668
AWACUY,3.448771,3.5626597
GEXZEQ,1.8503742,1.8098925
VAJBUH,2.77665,2.7976897
SEKQEE,2.588347,2.2562919
HITCET,2.3967788,2.1422968
SODZAO,3.2841423,2.8021038
EDUPEZ,4.382394,3.9817295
IMOXUD,3.2378829,3.4394393
ZIWCOA,2.8958356,2.6457918
LOPZEY,2.690662,3.115036
CEZWAI,3.2052293,3.5067046
CUMCEU,3.3475447,3.3281612
ZOJLIW,2.927673,2.9075515
MIVTES,3.900208,3.9034038
UKAQOM,3.7347627,4.2836123
NIMFAR,4.844171,4.6445565
UHOGIJ,2.8087592,2.4281034
JIMMAW,3.7347627,3.823253
BODRIV,3.4719007,3.7115479
TANMUU,2.16521,2.4657547
DIRZUD,2.2351432,2.517537
TULRIC,3.3233266,3.1037307
JUSYUR,3.047403,3.1550028
MUJVOE,3.4642816,3.8715994
RABCUU,2.985361,3.5881329
GIKJOA,2.2228982,2.2774
MUCREK,3.4218318,3.218193
GAGTOY,3.1265883,3.3770783
RECCUY,3.4283626,3.49034
CILYII,2.918149,3.1757917
EJUKOK,2.9260404,3.3970933
BECMOL,2.8479438,3.1272383
REHXIN,3.1927118,2.8829005
REBWEB,4.0452447,3.6880407
FAMNOZ,2.569299,3.0146961
REPYIY,2.6438582,3.5316994
NILJIC,4.547023,3.9533882
AMAWIU,2.6721582,2.8192005
GIRMAY,3.9078271,3.6987102
HEYHEC,1.6266967,1.9654316
ODACON,4.0033393,3.8838933
KAWROQ,2.0413983,2.898892
XUJROM,2.009833,1.9018762
FULKUV,3.9524539,3.8309836
SUPMIZ,3.1241393,3.0759206
QIKQAF,2.4604535,2.7562218
VUMKOF,2.9886265,3.1610174
FOKFAM,3.6335363,3.5987916
BAWCEH,3.3595178,3.133122
SAKPEA,2.765221,3.461732
WUWBAT,2.27977,2.7340317
MAZKAZ,3.4049609,3.631504
CEBGEY,3.5984337,3.368715
TIQXAS,3.8983033,4.6396546
YALZIV,3.763879,3.5701442
PIQXUK,3.410675,3.172878
NOBNUQ,2.6852195,2.5072942
EGUDUI,3.1361122,3.3572998
REYZOK,3.2128484,3.0067077
PEKSUT,3.914358,4.2105484
LOPZAU,3.0076745,2.8377464
TISHAE,3.2471347,3.5329185
EYAJEW,2.0340512,2.7382934
MAYKED,3.2150252,3.3747633
ACUGEN,2.779371,2.8417392
POSHAH,3.0163822,2.8498263
VASJOO,2.5709317,2.9642875
GECJIJ,2.6367834,2.467775
AGIJAC,2.0732355,2.264243
DUZLAN,2.0852084,2.7187908
ENECUV,3.2593799,4.0222673
IPITOT,3.410131,3.676981
WILYIC,3.5097246,3.4253259
WEKQAE,1.4827484,1.4568635
JORFII,4.870022,3.3808274
OJAFOU,3.0264504,2.554224
KIVLAC,2.7347443,3.2517974
WOQSIE,2.3007226,2.74727
EPOXEN,3.3094487,3.4757752
YOGTIY,1.3875086,1.300365
NEFDIP,3.3211496,3.1833167
TERXAQ,4.1110964,4.224135
YUTHIE,3.1480854,3.3751338
EYEZUE,1.0324,2.3810925
UKAMOJ,3.1679497,2.7213306
BUZFAG,3.1818273,3.2407196
REMDES,3.859391,3.8177907
XADTOM,3.804696,3.657642
BEXMOI,2.0487452,2.233029
SAVNEI,0.20762287,2.0935836
XAYCEG,2.8030448,2.6153932
YIXCIS,3.6528566,3.0828567
CESNIY,3.0022323,3.3903196
ARUMIL,3.4163895,3.406236
UROFIR,2.6509333,2.7538185
WIYNEZ,3.3753004,3.6995132
QEBFIQ,2.9303942,3.1419113
UTUGEW,3.9883728,4.01463
HOPBUJ,4.5206275,4.06971
LITJAC,2.8433177,2.818087
WAVPUH,2.2310615,2.0838523
YEBVOR,2.7565134,2.4820464
KUGFUP,3.4109473,2.7863147
OLITOT,4.202799,4.403013
KURCUY,4.7802243,4.3683543
VEMQUA,3.2359781,3.1123633
MIYQIU,2.0797663,2.6401765
WIJKUW,2.8852234,2.3078222
FIRFIW,2.17038,2.3468168
OCUYEQ,3.3094487,3.2791128
TIYZAF,2.2765045,2.466929
VIMWOG,1.7714612,2.3849483
YEMFOO,2.9497142,3.1460772
NITZOF,2.365486,2.7789085
CORKIF,3.3687696,3.1238787
YIYQIG,3.2109435,3.1972144
BAWDIO,2.953796,3.7657754
SOFZIX,2.7894392,2.9152212
HEDGEE,4.116811,4.185504
KOHTEG,2.7045398,1.8035337
POXGIV,1.9584035,1.8880079
CUKGUK,3.0963836,2.0544295
BEQHAK,2.4207249,2.29151
QEDXOM,3.1630516,2.976078
BOHHOW,3.0191033,3.1816082
PETGIE,4.0942254,3.5940266
QACCED,3.207134,4.115422
FACHUP,2.4528344,2.5822644
SEVKOU,3.6795237,3.5750082
BEKLUA,2.7431798,2.8518426
TUJXIG,2.4539227,2.5625784
GINSAB,3.0463147,3.1274643
YONMIY,2.7426357,2.831736
AGABAM,3.1695824,3.1942077
XEFROQ,3.424553,2.9688146
LEBVUJ,4.949207,3.9896393
XAMSAG,3.4354374,3.4980912
VIBXAG,2.657464,2.5587897
MUGTEP,3.8471458,3.3907394
RITRET,4.586207,4.1874385
MUNWAU,4.4166803,4.7039127
KUQJUD,1.3627462,1.6158506
MAJVEC,2.5600471,3.3469613
DEHNAH,2.4125614,2.3715608
HONPOQ,3.9897335,3.6191967
AQEMIV,3.4781594,3.5116162
OWIBUS,2.8019564,2.7089648
KEHLEO,3.8553092,4.087641
RAHVAY,2.6038575,3.131596
MAFFIJ,3.9505491,3.7092314
GIPWAD,3.9881008,3.7706203
PHQUMO,2.4503853,3.2870924
LITGEA,1.6816636,2.157103
OLEQED,2.516781,3.2604764
AVETUR,3.6316316,3.2605648
WAGYOS,2.7521596,3.1459386
UPEJUV,2.798147,2.7661583
TOXDIV,1.8073803,1.7282121
GAVTUS,2.4958284,3.2087972
RUGBAW,3.0362465,3.2575216
WOVDUI,1.4933609,1.2834154
SUPGUG,1.2160769,1.595191
OJUYOI,2.966041,2.8652604
ULOSOF,3.5029218,3.7605824
YIKTAO,3.133119,3.422594
FODQAQ,3.5230582,3.2401447
QATRAE,2.6041296,2.5560899
SADQET,2.9619594,3.2900434
FUMZET,3.2063177,3.267729
VALVIP,3.491765,3.3567798
QEZPUI,3.0294437,3.1004617
EZUXAZ,2.6593688,2.6305702
GEGYUQ,3.3230546,3.3006186
TIWWOL,3.1347518,3.9622822
UHOXAS,3.7383003,3.8392482
JUQBUV,3.2531211,3.178822
YAKSUA,2.6267152,2.3749027
HASCAJ,2.3913367,2.1512945
WALZIU,2.872706,2.5284042
PERJAY,3.1244113,2.1205754
LOQREP,3.0650907,3.3198771
OFIKUK,2.119767,3.522813
UYINUO,2.9886265,3.0056539
TUWKAX,3.2422366,3.6793315
HIGFOT,2.0092888,1.6937597
YOYNIK,1.5592124,2.6383946
EFEVOB,3.2825096,3.510037
RAPREH,2.8618214,3.1298044
DIQBAG,3.924154,3.3196688
NAKWEC,2.0226223,2.0197172
YIRWIJ,2.4027655,2.2302723
ECOGUZ,3.7151706,3.8383555
RUGKUC,3.0386956,3.0669198
QIGHIX,5.651261,5.7080445
SAJXIL,1.9241171,1.7668803
PIXFOT,3.0773356,3.0719686
VOYSUZ,2.6920223,3.2336588
LUXMAV,3.16931,3.0425332
KAKZOM,1.7496921,1.8650966
QIQCIG,3.065907,3.266208
ECOZAX,2.7872622,3.3940246
EPUNAF,2.1997685,2.4129503
RAXPEL,2.6803215,2.9368947
DECPIL,4.0071487,3.9328418
ZOTBOB,2.9573336,2.8860993
VOLZAZ,1.4664216,3.6922896
RAGCOR,4.3434815,4.4038434
XALREK,1.075394,1.5169231
HOZRIX,4.8977776,4.540303
XUDBON,3.1029143,3.7593968
QOCXIP,3.5483649,3.8849628
XEFFOH,2.3769145,3.1082861
CUZGAI,3.1361122,2.8270042
TITFIN,2.9214144,2.734489
SOJFIG,2.6106603,3.1274538
ESITUY,2.9595103,3.3059623
IMAPUI,1.8005774,2.0831418
XAMFAW,3.0362465,2.404577
XAHJEZ,1.6767656,1.8721325
GALFOO,3.9151742,3.8625789
NISLIM,3.2950268,3.5576358
QIBWIJ,2.6389601,3.0386813
EBOZOM,2.351608,2.5469036
LAWXOW,3.3796542,3.3220758
DEMMAK,2.4585488,1.8478913
XEZVII,3.0123005,3.0281417
ACITAJ,2.853114,2.8021429
EJUFEV,4.124702,3.80155
VOFRIR,3.4289067,3.6906316
VEVTUM,2.6152864,2.5386996
AMALOR,3.2294474,3.8538985
JUPWEY,3.3464563,2.7864976
BAMWAO,2.88223,2.6190288
BESYEG,4.7859387,4.398386
WUCGIN,2.0876575,1.9560055
BIXJUO,3.46537,3.666859
ZODMAI,2.6873965,2.8874075
OFOXUE,2.3448052,2.202399
QUSVEH,2.604946,2.5425608
FAZVUZ,1.9115999,2.410314
HIWFOL,3.5113573,3.8394105
LATVUY,1.9330969,1.9204724
CUJHAS,3.2841423,3.5253782
CIXZAM,1.8247956,1.9589195
TADXUS,3.7285042,3.3162253
OPAGIW,4.105654,4.419506
SOSGUD,3.6819727,4.0190177
CAJHEB,2.3524244,2.3340669
XUVZEU,1.9605803,2.1682928
XOCNOS,3.5693176,3.1571045
SEMTUB,2.9793746,3.06255
IKOFUM,3.5519023,3.4643795
DIDPEL,2.8122969,3.786512
HAFXIY,2.4209971,2.6166322
CIYBAN,2.7034512,3.1811051
OGEMEU,2.8591003,2.6363335
VAXPIU,1.5281914,2.019965
HAGBAT,3.5336707,3.4482274
FIFWOH,3.7203407,3.7658463
RABWAO,3.6879592,3.7518144
PUBXUG,3.86184,3.6370368
JAYXUG,1.3524059,1.1142075
GECHII,4.1709614,4.2042503
EREZAC,3.1344795,3.4134145
LIKKEW,3.04441,3.568015
AFUZIL,2.1720128,2.6075797
YONGIR,3.3132584,3.4606476
YUKYEI,4.0901437,4.0701113
YAJCOB,3.2523048,3.6178222
QORFAF,3.9706855,4.5134654
WUVKIK,2.2147348,2.3961413
ZIMHUY,4.991657,5.778472
WONQEY,1.7363585,1.5440675
XAHYAI,1.6650647,1.664597
TOFWES,1.8169043,2.1256757
LIKMOL,2.7687585,2.9547565
SIMDID,2.2171838,2.371314
ITACOX,2.8542023,2.761619
VIVQEA,3.0759752,3.2784495
NUFNIN,2.2155511,2.3962326
SOJGEF,2.9986947,2.9230077
NUSGUF,2.5328357,2.1913471
SEVXID,3.2803326,3.4076695
XEMVOA,3.0196476,2.478242
PUSWUY,3.226182,3.530697
CANVIX,2.95815,3.02669
RASFOI,3.5845559,3.4010513
OCOTAC,3.4416962,2.9402347
LENWAD,4.2955894,4.0485787
MATHAT,1.7886044,1.7857985
AKAGUP,3.6471422,3.6306179
DEXXEN,3.0199196,3.0631428
ICASEK,3.2052293,3.5798156
VUWYOB,3.0120285,3.640244
VIKDUS,0.28898492,0.503489
WAPROX,2.8071265,2.6764936
XOVQAC,2.492291,3.0313354
QANBEP,2.4536507,2.4942703
EWUPER,3.1576092,3.0626159
TUYQAF,2.8893049,3.2038677
YARDEA,2.9246798,2.7016287
WOVBAM,3.5821068,3.3648365
GUSRIW,3.6036038,3.5959115
AKUMAV,1.2340363,1.4132752
MEBTIW,3.1004653,3.1505075
WIWCEK,2.5126994,3.4284759
JEZBEV,2.0669768,1.8241305
KIXMEK,4.1119127,4.2991505
XEMVOE,3.799798,3.5260115
QOSVOK,2.485216,2.2479718
BIWCEQ,3.2103994,3.6671572
IROXET,2.3785472,2.4502854
NEKGAN,4.151913,3.751826
UKAZUC,4.758183,4.4924006
ULONAM,3.2014196,2.451586
VICSOT,2.8980126,2.8568082
XIYTOS,1.6854733,1.5572437
HIFQUM,4.024564,4.030198
ECOXUS,3.3891783,3.457181
KEKMAQ,3.0003273,2.6366131
QOTBUW,1.8835721,1.9975083
ROWPOK,3.171215,3.3162918
QUQMOE,3.3712187,3.025516
YOWTAG,3.7630627,3.2309253
XENFOL,2.7584183,2.732956
USORUS,1.5515932,1.3175607
KOTHIN,2.6585524,2.192665
REKFUJ,2.1121478,2.692347
OMOGAB,1.8329589,2.6250892
GANVAU,4.638725,4.317502
AFUNAQ,3.1869977,3.2313046
XEQQIV,2.186435,2.6486385
XARKIL,2.0177243,2.3985677
INASIA,1.625064,2.8112895
GELGUA,3.8819764,3.9561667
XODSER,3.711361,3.9421277
MIJMUO,3.0653627,2.7468147
ATULUZ,2.1562302,1.9035007
WUTMIH,3.7295926,4.5176387
PETGOM,3.1962495,3.1105332
DUNWOB,2.9320269,3.762344
TAGTII,2.208476,2.2960377
GOPBUL,2.5102503,2.6168778
KIDYAX,2.846311,3.3111298
ETOHAY,4.227017,4.056428
SIBLOF,3.1557045,3.1749759
ETIMEA,1.4182575,1.8095131
KINYOZ,2.4030375,2.266697
FOFKEU,3.353259,3.4560096
TUCMAH,3.3423746,3.5946631
XAGFET,2.9361086,3.4043326
RIVZAY,1.8699665,1.845999
HELWOO,3.9706855,4.769775
GARMEU,2.8550186,2.6110783
HEFMAJ,3.018559,2.9668398
AZOQIS,4.2955894,3.8293297
COBKUC,2.4269836,2.1418314
XAXJEO,2.1924214,2.3655872
AXUNIQ,2.8906655,2.9276235
CBUMOA,2.654743,1.9367611
ZUYCAZ,4.217765,3.9869413
VERFUV,1.9088788,1.7238824
INIKAT,1.6971742,1.4652752
SEFMAS,4.837368,4.0943832
APOSUT,2.6082113,2.7748048
MUNZUR,2.5831769,2.9971082
NACBID,1.7513248,1.9233934
IHEKIP,3.221556,3.2471886
EMUZAN,3.1959772,3.9747677
PIQKOR,2.7118866,2.5607839
ZUXWUK,4.265657,4.3938084
BUJRIJ,3.3518987,3.7023351
CITBEN,3.531766,3.4523733
OYILAK,3.3774772,3.5285864
HONPIK,4.2381735,5.434833
OKEZOT,3.3736677,3.3455913
QANNAX,2.9023664,3.2853107
CAQZAX,3.5285006,3.2420235
OHETEC,4.0958576,4.620056
WALXIS,3.6076856,3.501049
PUXMUR,2.8514812,2.8985212
UVOWAE,3.3687696,3.309583
JIXLAE,3.0958395,3.189054
FIYCAS,3.2172022,3.3801355
AHONUH,3.9301405,3.9108267
AQONOK,3.3842802,3.1263378
FOLKOH,1.966839,3.6512468
OYIKOX,3.3083603,3.4918866
WALMEF,4.4414425,3.1572604
DOCGOV,3.7366676,4.005069
PEFROK,2.5679386,2.933012
LUDSUB,3.1959772,2.9842
JIVNUB,3.3282247,3.340159
NEKRAX,1.8707829,2.5235028
SONPUI,1.063421,1.362497
EADJIC,4.056946,3.837182
CAXVEF,3.933678,3.8056355
GETKIB,2.3475263,2.5358372
XUDGUZ,3.9755836,4.0759563
SISXAU,4.851246,4.943267
KAYYER,3.2376108,3.3287315
REWPOB,3.307816,3.1945684
FICCEC,0.49388665,-0.21522689
WUVVIV,2.8498485,2.8024945
MALRIA,3.758981,3.8482842
BABROO,2.612021,2.4615183
UJAHIZ,2.6922946,3.0900207
PITVIB,4.1309605,4.462342
JOCFAI,2.8185554,2.815503
NUTBOU,1.207097,2.1414917
MIDBAG,2.7192338,2.9885976
JICBEF,2.4291604,2.549871
CIQLAP,2.717057,3.1074367
YOLXEF,2.7878065,2.4151611
OHEMEW,0.83511746,1.128664
YIXZOU,2.8762436,3.2387984
GAMLUD,3.5818348,3.2702801
KUZLEZ,2.3796358,2.6940513
PESZUL,3.71898,3.6751566
KOBBAF,1.5937709,1.7153414
HUPYEX,2.4229019,2.5447085
KIXJIO,3.2947547,3.1258314
GINSIH,2.9589663,3.7883158
BEKWUL,3.6234682,3.3980992
WOFMUB,1.971465,2.2047024
MECHEH,3.3788378,3.8119297
GUFQUT,3.0841386,3.304833
SECXEE,2.320587,2.1050584
XIBGEX,2.7693028,2.6293259
FIKXON,3.479792,3.393037
DECHOJ,1.8715992,2.1680946
ZAZVUR,4.270011,4.1752195
KAPGUH,1.937995,2.1630378
GUNKAB,2.9880824,2.7020597
QAHLOA,1.3211128,1.8869901
BIWWEN,1.6223428,2.1416435
TIVGAG,3.2713528,3.33693
IGIRIA,2.0316021,2.8470962
GEPKUH,3.128493,3.4420347
NIFLIB,3.4498596,3.595211
BENQES,3.7671442,3.7989852
BOZVEU,2.3883433,2.5388975
POJHED,5.503775,4.545787
QEHTAC,2.1856186,1.578704
JOTQIU,2.019357,1.5418917
SOWPIE,3.2789721,3.3878155
RUNHUD,3.2114878,2.9894981
RAMVEG,3.7968047,3.9672809
TICDES,3.4836016,3.3980365
RENJIE,0.56273144,1.0986233
FEGGAB,4.5443015,4.6111965
UBIRIJ,3.1001933,3.2274592
BEXKOE,2.5616798,3.17942
LENJUL,2.1350055,2.2105103
PAHCEK,4.2509627,4.29613
KUBVEJ,2.3053486,2.0830095
HADPEH,2.4250786,2.86629
QONNAK,3.880888,4.454911
WEYTEA,2.9197817,2.2283597
XEHBOF,3.8683708,3.614037
COBXIC,4.5818534,4.9343963
PUDBIZ,2.4980052,2.9348297
UWATOE,3.4191108,3.5512915
MEZCOJ,2.7110703,2.7318733
VAZZUS,3.2460463,2.8339183
IPEJOF,3.0174706,3.221025
RIRFOR,3.4185665,3.7801864
YASCAY,3.9725902,3.9620006
ORUDOV,2.6724303,2.7571628
KORDIH,2.549979,2.6450815
ZIZGAS,3.372307,3.4159484
MXCPFE,2.941823,3.7343626
RUHKAG,1.6313226,2.273347
UQUNUQ,4.6145067,4.524332
IMOLOM,2.9578776,3.075154
YUMTIK,2.858284,3.0659318
UWUZES,1.4356728,1.660701
HEPVEH,2.4452152,2.5152125
TUSKUP,3.2142088,3.3450227
OBIXUU,3.3753004,3.7399163
DEXCAL,3.0321648,3.300245
SUWXAK,3.9872844,4.054407
ZANPEM,3.2327127,3.0101695
RISRIX,2.7056282,2.5953586
KEWDEW,3.3987021,2.9318616
XEMJUW,2.612293,2.2580013
TASXIY,3.1796505,2.8084226
XARFAY,1.6955415,2.189476
BEMLUA,3.3021016,3.032801
YADDUF,3.5739434,3.2901294
AYAKUI,3.8340843,3.673244
HOVMUB,3.2299914,3.3769097
ADIMUY,4.1600766,3.7648017
GUYHOA,2.7211387,2.5059752
WOCYUL,4.02919,4.068978
TAMZUD,2.7178733,3.5230575
NEXTEP,2.9072645,3.5567315
JISHOM,3.0199196,3.0895543
VICNON,1.6756772,1.9056499
TERJOQ,3.8264651,3.5365448
CISPAW,3.4808805,3.175949
VAVRUI,3.9753115,3.85807
KIKNUQ,1.6767656,1.4566287
TOTVOQ,3.032709,3.1451247
UFEDOZ,1.902348,2.3269846
FADPUV,4.117355,4.16059
HIDYAV,3.732858,3.709888
CEZHIY,3.2166579,3.0750835
PESKEE,2.8618214,2.9518578
LUTFAK,0.9205612,1.1322109
LEJWUT,5.238192,4.706079
XUZMIQ,2.8468552,2.6198337
TIHQUY,3.6055086,3.3892996
FAMDAZ,4.700767,3.989087
LEWTAJ,2.0256157,2.7116845
YOJYOM,4.371509,4.9074106
MIGGAM,2.6215448,2.8712387
UKEHAV,3.39843,3.9578452
GOBPUI,3.1891744,3.0150232
WEFZAL,4.4438915,4.6674385
NEMZUC,2.3295667,2.7125964
LODBOV,1.5423414,1.2642453
JEZLEF,2.1469784,2.5325549
KUDMEC,2.676512,2.8059812
OJEPUP,2.527938,2.4144483
DAGMAZ,2.3023553,2.7778828
PIGLIC,3.7910903,3.282451
WIFQUB,1.6128188,1.704547
GIXXOE,1.510232,0.97221303
UXUMIL,2.7970583,3.167601
QOCVUA,2.8444061,2.2606206
WEDWAH,1.9864312,1.3571358
HUBTIH,3.7031975,3.4333038
EDICAY,1.3943114,1.531046
RESWAO,3.5938077,4.5212545
ROCVUD,1.5047897,2.808134
ZOZFIF,4.0180335,3.6354005
TUYDIB,2.8659031,2.9796824
KILNEC,2.4716103,2.4776525
WEFPOM,2.0648,2.8185594
ZEDGIB,3.3211496,3.4420996
GUMBUO,3.6697276,3.3717875
POJFEZ,3.7317696,3.9685996
QEPBUI,2.956245,2.9155853
YIVWIJ,3.0811453,3.0571663
DEJKOT,4.237357,4.1999354
ICIMIR,2.089018,1.7896458
WAWFAE,3.450676,3.4250357
ZOWDAS,2.3268456,2.3954098
YOGWAV,1.9358181,1.5836177
EHESER,3.5255072,3.6788702
DOXDEA,3.6890476,3.8467438
RATZIV,3.412852,2.8314276
VETVIZ,1.0876391,0.9181528
IXACOA,3.5309496,3.7151957
SUQNAW,3.0223687,3.4062815
SUYWIV,3.9826584,3.5484533
WISNOD,2.3766425,2.1501327
DAPRES,4.038714,4.2282014
MIYCEF,2.4275277,2.7610316
BOKWOO,2.5102503,2.528565
RINHED,1.7203039,2.5766945
DEGTAK,1.7102356,2.1392696
XAXGOW,2.2452114,3.1368487
KITRIR,2.3097024,2.2619934
SALCUF,2.6267152,2.5008056
RALMIC,3.5140784,3.345912
LOXVOL,4.032183,3.505402
UDITOR,3.2846863,3.5333583
CEDVIT,6.0071855,5.234127
NECRIY,4.044156,3.9132445
SUYCAR,3.271625,3.591823
VIYFUH,3.0144773,3.1981518
NECDIM,3.149718,2.8452954
YAJBAQ,3.1938004,3.4303606
YEDKIE,3.0539339,3.3074145
ANAFON,2.3782752,2.439868
HAFZAR,3.9845634,3.7917144
LUKRAL,2.0373166,2.0390277
FENROI,2.000037,1.828467
QORCAD,3.8768063,3.9124875
NEPZAN,3.24523,2.9948928
AHOWEB,3.4974794,3.4442801
MIRQOT,3.2392435,3.139831
DIHVEW,4.0950418,3.8198283
RUVYOY,2.8095756,2.7341921
XESHUY,2.3842616,3.1837783
KAVPAZ,3.472717,3.6739144
KOWZAA,3.4395192,3.2879412
VUWBAS,3.6093183,3.4690764
DAGNUX,2.6512053,2.8932195
PAGVEA,3.5856445,3.4128315
IHUCUK,2.6411371,2.754717
IWAFOB,3.0569272,3.2053823
MEHYOO,3.1415546,3.4037192
CODZAX,2.1521485,2.2894619
HOSBAS,3.4762547,3.6910326
UQEXAR,2.650389,2.7387567
XIXXOT,3.36496,3.2118878
XEQVUL,3.417478,3.5509198
BETSEB,2.329839,2.518292
UHINAC,2.7295742,2.7936513
ROGDAV,2.9717555,2.936582
ANICAC,6.8224387,5.4587746
WUGDIL,2.8242698,2.936092
ZOTXUE,3.2201955,2.8187284
WERBOL,2.2019453,2.3903964
SEKKAW,3.8697312,3.8336954
DPAZCO,2.9499865,2.1102488
LACCAW,3.4980237,3.7017188
HESRAY,3.488772,3.3302984
POJDEY,1.653636,1.6865765
GORCIC,3.3655043,3.4466572
LEYGON,3.493942,3.2573783
NOMCID,3.2626452,3.4190876
SUPQIE,2.94917,3.1058834
QODCOB,1.1953962,1.6285461
YADBAI,2.7701192,2.822783
FAWMOF,3.3543475,3.269349
XIMWIB,2.880053,2.7655296
JELZEF,1.9896966,1.7529697
ROPWAW,2.9720275,2.905757
IPOSAJ,3.8223834,4.5256653
XAQRAL,3.663741,3.3752298
QIPZIC,2.305893,2.5010872
OBUQUB,4.6564126,4.1526237
WARSUH,3.4920373,3.3957837
GIJMAO,3.974223,3.7475913
DIGLUD,3.5494533,3.387356
BANFOM,1.520028,1.4219294
NAKLEU,2.8936589,3.1857302
RETQEP,3.3516264,2.6700656
SEYGIN,2.8120246,2.5328052
AXIKOJ,3.9584403,3.756936
MESMIG,3.2471347,3.5740433
ROWPUQ,3.3401976,3.148134
UHUZIG,3.1752965,2.7810106
FEFXEX,3.4468663,3.755711
WOMQOH,3.8362613,3.4495103
EREXIJ,1.7496921,1.9940444
VEDYIP,1.6699628,1.5356078
FINNIB,3.5061872,3.4324417
NALNIZ,2.4656236,2.5495076
LASJEU,3.1943445,3.2010968
DEKFAE,4.052864,3.8585155
TAZKOU,2.628892,3.170886
ROJDUQ,3.0683558,3.1117058
QOYWOS,1.7856112,1.989476
VILMOS,0.9548475,1.488374
IQENAV,3.415029,3.5722158
WOPKET,4.877641,4.7527103
QEGFOA,2.2128298,0.28379297
XUNNEZ,3.1655006,3.0537076
QUMYEC,4.265113,3.2768567
WOYDOD,2.3638532,2.4205608
YUKRUU,2.6830428,2.3915906
AYITEI,1.5115925,1.7749084
JIWKIJ,4.0618434,3.779214
OLAKUK,2.7235878,2.749945
HEJXOL,2.1856186,2.3977578
GOHJIW,3.2925777,3.719672
YIKXIB,2.9407346,2.98462
JADHOO,3.1946168,3.0420935
GIJXOM,3.4906766,3.108339
TIGCUH,4.20688,4.2936177
IYESOU,1.232948,1.5711725
IXATUX,3.3717628,3.0349748
UKULES,2.4882092,2.972065
IZACES,2.8427734,2.6053965
QAKZOR,2.6438582,2.4730415
GESKOH,2.8879445,2.8075914
WUZJIK,2.9856334,2.8462174
JEYYAN,3.1608746,3.2554593
OZUCAO,4.409605,3.6878395
QUNQIC,2.4961004,2.7558634
MUTQID,3.244958,3.53874
MALWII,3.2008753,3.4546034
PUFRAM,1.7434335,1.2745758
YICVUC,3.661292,3.7001207
RIQQEN,3.4743497,3.2054071
XOQSON,3.6357133,3.3357158
GEPSEA,1.5651989,1.245962
GOQXUF,2.6841311,2.845861
JICPIU,3.4719007,2.444376
EHAKIH,3.9486442,3.2061281
COFVIC,2.6239939,2.9399803
FAFGIC,3.783199,3.3627543
QEQDUL,2.7973306,2.823688
AZOCEX,3.4648259,3.4860032
EXOCOJ,2.1075218,1.981931
WEXKEQ,3.62755,4.3277955
NERXOZ,3.3309457,3.2300584
OGIJAS,1.7526854,1.3832344
QILRUA,1.680031,2.0203185
DOSWIR,0.44436193,0.6594572
QEJRIJ,2.019629,1.5449181
DABPUT,2.3377302,2.383317
BEWYUA,2.7298462,2.8034358
NIFTAY,2.3295667,2.258221
LOYYAC,2.760595,2.501599
LENPOJ,4.3989925,4.232844
PIQJOR,3.1769292,3.2437336
FOHKAQ,1.7477874,2.3103065
UNOYAZ,3.221556,3.2302742
ERIRAZ,5.298057,5.277316
MONSOZ,1.9091508,1.6148232
TEPBAV,2.6541986,3.1867328
OROGEK,3.5385687,3.402454
NAVJEZ,4.314093,3.6080818
EDIBUR,2.5175974,2.278487
EGOGOW,6.634408,5.910925
PERVUF,2.7880785,2.6936793
XEYRIC,1.2879149,1.2732767
ZUDJOZ,2.3551455,2.0842023
SAPHEZ,2.5605915,2.328604
EDAHAU,3.3717628,3.0299509
TITXUR,2.4882092,2.7296128
PERYOE,3.4038723,2.9610627
KUNBOK,3.0884924,2.8982975
YOZDEW,3.7034698,3.557767
DUBWIJ,2.1518764,2.0440836
NAZKOQ,2.1262977,2.3046615
ENUZIZ,2.8931146,2.8500862
OVOLOB,2.1426246,2.1633825
CUSMEI,1.6046555,1.6176887
VADFEO,3.7230618,3.6658664
EWOZUM,3.494214,4.691893
VEMWIU,3.2016916,3.6695206
LIRVOA,3.152439,3.347082
AXOFUO,0.84300876,1.8445743
OJAPOF,3.173664,3.333821
WURJIC,1.9570429,1.8528426
ZAGYEO,2.7459009,2.7703938
MIBBUW,4.646344,3.7605467
DONJAS,3.1750245,3.6109254
SOZKEA,1.7426171,1.7644093
VASJII,3.0503964,2.9948514
SISBIG,2.7116146,3.0538101
IROXIZ,2.5423598,2.3609443
QUMRUL,2.0476568,1.9641614
BOTBER,3.7576203,4.0193176
TAVQEM,3.1097171,3.120501
FIRBIU,2.752704,2.6658545
YEMGEC,4.6090646,4.892824
AZIYIU,4.203343,4.031175
RUJKOW,3.0335252,2.5997539
EVUKIQ,2.9331152,3.5953639
XEQDUW,0.7943004,1.1007625
YAQJEI,1.359753,1.321135
XISHAM,3.6710882,3.770022
BEVBUZ,3.4465942,3.2567244
ZIYFEW,2.4811342,2.5218668
QIBGEP,2.8528416,3.3156118
NUWDUH,1.3619299,0.669929
LUWBIO,4.21069,4.3731656
YETHAJ,3.0914855,3.7317727
ALAKII,2.901278,2.6643074
EKIWED,2.392425,2.4394279
YILRAP,2.6046739,2.4438064
NOSQAP,2.9554286,3.160733
OLOWIW,4.158444,3.8333225
LOQBOI,3.9902778,4.2153883
MEZBOL,4.072184,4.6096315
UNAKIF,2.2332385,3.036824
NADKIN,5.3421392,5.061422
ROBQAA,3.312442,3.0069814
LIWYOI,2.9007337,3.1096401
DAGJOO,2.581,2.3010223
BOGZUT,2.234599,2.2915802
JODDUF,3.8493228,3.254401
SUZGID,3.0354302,2.939707
DEGPOW,1.7486037,0.760036
MISNIL,3.785648,4.221526
BILQUI,2.9924362,3.0134673
KUBFIX,1.9186748,2.0523686
KITNAF,3.448499,3.1481705
APEBIJ,2.3311994,2.304295
XIXQOM,3.0297158,3.3206177
LIMDER,4.002523,4.409235
GIBLUB,3.0893087,3.0150013
LUQVIF,3.231352,2.6469579
PAMZUC,2.6084836,3.1958888
WEGYEP,1.3627462,1.6308712
YAZQIA,0.8405597,3.0397265
QEDBAF,2.2781372,2.7990005
DISDOA,2.0830317,1.9324636
WEQSIV,3.1268604,3.4225717
MIKPUV,3.5497253,3.6873312
YAHTOT,3.9113646,3.7146733
QAYYOG,3.453397,4.025992
SEWPET,2.4043982,2.5544906
HEYXAO,4.1353145,4.3886366
FAVQAW,3.2370665,2.8822606
FUTWIB,4.0664697,3.3154683
REDXED,2.9627757,3.2626846
YILZIG,4.3276987,3.8888788
ZELMIO,3.8705475,3.4982843
IJEWUS,3.4019675,3.3792086
YOMGEO,3.2152975,3.3545902
IXOSUK,2.7404587,2.662658
DIQVEI,2.1720128,1.9960185
JUTPAR,3.3796542,3.4502015
MEXPIR,3.2419646,3.1982648
AFOTUO,1.9344574,1.8462509
LABFED,2.8574677,2.9220269
YEPWOF,3.974223,3.8503218
TORREX,3.00196,2.8237786
SULPAQ,3.3442793,3.8949628
GERRAZ,2.514332,2.653122
LIZVEX,2.1535091,2.261079
BEGHAX,3.0220966,2.9242046
TESJUY,1.0041002,2.027382
SUYWER,3.672721,4.1312532
TEMTAK,2.5290263,3.0217505
FELQET,3.0150216,2.4401674
CETYOR,3.2446856,3.3979857
NETQOW,1.6617993,1.9694864
QUPCIN,2.3837175,2.525491
JALMIW,4.0117745,3.8303409
HOTXET,2.6993694,2.8751066
WEYMUM,1.4963541,0.6627362
CEWGUK,3.2904007,3.2593853
RANSEF,2.9377413,3.1850479
RAGWAX,3.4743497,3.611318
HIVZAQ,2.5616798,2.6245933
OFILIZ,3.7535386,4.3240395
TAVMUB,3.5483649,3.536726
IMOJOK,3.5453715,3.7850626
JIYRAL,2.0901065,1.95341
MECFUX,2.365758,2.399572
JOFCOA,3.1527112,2.8504486
RUQZOU,1.8735039,1.9682336
NOVJIT,3.5603378,3.7508729
RAZLEJ,2.5072572,2.956979
GACHOJ,1.0628767,1.5904359
LULGAC,3.4621046,3.8006544
PACHEJ,3.0912135,2.3036442
TACNOC,3.1467247,3.0373967
BUHZAH,3.24523,3.6155527
YABXOS,4.6297455,4.5703087
IWAKUM,0.7227344,2.5133953
BILNOA,1.0100867,1.4995847
PEQWEQ,1.1583887,1.3597004
GIBZEW,2.2098367,2.5165
VUYFUR,2.0909228,2.6317892
NOTCAA,3.2985642,3.3883188
MIZQOE,3.5306773,3.2170053
LETVOY,3.4895883,3.1542895
POTTAT,2.3905203,2.4513426
IPADIM,4.8117895,3.844874
TOWYIQ,3.0318925,3.0499465
XEYVUU,2.1203113,2.4231725
YARCOJ,1.8193533,2.0431175
LIKZIR,3.9276915,3.3338144
KOFXAH,2.1858907,2.1407807
OYIDIL,2.8460388,2.5130117
SOWBEM,3.139922,3.1284778
UJEKUP,2.184258,2.0034087
ODOXUB,3.8204787,3.943255
XOSCUE,2.8569233,2.8444815
BIFNUZ,3.1850927,3.6835978
DOPXAI,2.3165052,2.2748394
SUVTOU,3.89531,3.8979194
JEGPIX,3.2103994,3.2762299
YIPYII,4.650426,4.2402587
AREKIS,4.050415,3.6466813
YOPHUG,3.7219734,3.5585856
XOKZIH,2.936925,2.7898555
MUYYEN,4.139124,3.8854835
MADXEX,3.618026,3.2336793
SILDOK,3.6044202,4.073171
ZEQQAQ,2.177183,2.096558
RIBKEW,2.2073877,2.3809853
YINNIS,4.5951867,4.6561832
WEYHAK,2.9143395,3.0075808
RURZAI,2.105617,2.3007512
MEGGUB,2.9978783,2.8872855
KELSEB,1.6133631,1.7312241
SAQCIW,3.2041407,3.2597938
VOSQEB,3.0155659,3.0380013
NAHMOC,2.7673979,2.998948
ZIBTEM,3.6618361,3.577392
QAPCOZ,2.9211423,3.2434134
SUVREI,1.3219291,1.5638889
AMETZN,0.265311,4.9136415
KAVXIO,3.5279562,3.5927868
HEZGUO,3.147813,2.9365923
NOSFEG,4.2531395,3.911778
YICRUY,2.8120246,2.2912621
AFAPUU,3.0463147,3.4806633
XAMXAM,3.53748,3.38223
SULPIB,2.4343307,2.5277987
WULLAQ,3.9461951,3.9657764
WEKCOI,2.576102,2.3442245
CAJSOV,3.7012928,3.597717
BUZDAE,2.0909228,2.6250343
KASZAI,2.6487563,2.6471753
KUQKOY,3.4019675,3.368834
EBIYOE,3.898031,4.1107264
EDIBOM,1.9910572,1.9200362
KILTIM,3.0950232,2.5717149
FIWZOE,2.4743314,2.65002
IGEWUN,2.3292947,2.310923
QIHYEL,2.2724228,2.2272725
VIRBOO,3.5358474,3.4118016
DEPLAM,1.2704996,1.319692
DIBRIQ,2.4716103,2.9738228
INIJOG,1.6868339,2.232277
RIVPIW,3.18346,3.3713093
USOLIA,2.8879445,2.9127789
COPDUH,2.3374581,3.5105424
ZECFUM,3.0699885,2.8919685
EWEPOL,0.9643715,2.3305576
TURFES,4.780496,4.250523
SUXHIF,3.3978858,2.949764
AGAZAM,3.2275426,3.2013662
PIGCAL,3.5826511,3.6649265
QICSOL,1.8087409,1.8842518
GAKQOY,2.8253582,2.9071167
LAWLEA,3.6011548,3.616771
UROQUO,3.3992465,3.5491686
AXIVIP,1.6626157,1.7868258
VICDOB,2.5848095,2.645135
IBUCIS,6.3250146,4.576263
QEBWEC,2.2985458,2.1575758
QEZRUJ,2.6128373,3.5315092
BIGNEL,2.944816,2.9602473
ESODIZ,2.1684754,3.167963
MIRNIL,3.6825168,3.8042479
PIBXAG,2.8422294,2.402257
VEDPUR,2.6626341,2.7243102
MUDQEJ,3.9704134,3.837755
DONBEO,2.896108,2.9545178
MAQZIN,3.2201955,3.6831214
RAVYUI,3.4852343,3.6402268
VAWSIY,3.8963983,3.50674
EBUMOG,2.516781,3.104768
MEDGOS,3.6509516,3.472133
WEHSIM,4.3532777,4.3683987
EXANOJ,3.7660558,3.367523
VANRAG,2.78182,2.822316
COZYAR,2.403854,2.2698772
FEBQAF,2.4419498,3.101271
SEFLEV,2.997062,2.6034942
AHIFUS,5.107305,4.6835957
IHABID,2.782092,3.4560587
RASJEE,2.9214144,3.4837139
DEYMEC,2.1341891,3.1080587
EQOGID,4.070007,3.5934536
QIWZOO,2.8539302,3.3163176
WABBIM,3.3344834,2.9319758
AJOYAB,3.0406003,3.2843435
REYRIW,3.173664,3.2211132
MICSAS,3.7241504,2.9981859
FAHPEM,3.0147495,2.3217666
KOCREB,1.8209859,1.7930307
OVUGET,2.2925594,2.4646657
IPOGAY,2.5820885,2.2196653
HISJAU,3.7717702,3.8060582
EGUBAJ,3.2109435,3.8186555
XULWEH,4.784578,4.408521
BEQQUL,2.5377338,3.0923638
OYOCUB,2.2022176,3.4723773
RUKTOG,5.35765,4.6229486
CEQPEV,2.9510748,3.3134906
RODBEV,3.431628,3.1892471
ROVYAE,3.6887755,4.166047
YIMFEG,1.969288,2.1560378
AGAMIH,1.5594846,1.6054792
YUXYOF,1.5072386,1.4134363
TOQHUC,3.2060456,3.172678
DUNXIV,2.1282024,1.7731403
DMGACO,2.1633053,2.1519372
ECOQOG,3.5551677,3.1931524
YIMVEV,3.905378,4.14468
XUDNUF,2.2650757,2.439767
DOLWAC,2.6778724,2.4080234
ZERVAX,4.1187153,4.105015
DUYFEI,1.8778578,2.3515065
GETLOJ,1.5156742,1.6026464
POZNOI,3.6381624,4.0984783
IXICEX,3.3592455,3.5776086
PIXKEP,1.5521375,1.6787341
KEZXAP,3.9690528,3.55626
CUHDEP,2.6256266,2.506662
KIDFOS,5.6986084,5.5846996
EQURAM,2.545081,3.0285792
PAFHIR,3.1274047,3.1916177
WAFXEK,3.505643,3.7985477
ISUCIL,3.1508064,3.251443
AKENEJ,2.569299,3.2956645
CIQHUF,3.5429225,3.518608
KAQYIK,4.695325,4.681143
FAJVUK,3.4006069,3.160193
TEQDIC,2.796242,3.412445
TIRPOD,2.1711965,2.3229177
ODEGAH,3.0403283,3.354284
BITPIG,3.8098662,3.4929788
ZOSYEN,2.9573336,2.963694
CISRIJ,2.2911987,2.342108
QIYBEG,3.2822373,3.2929454
JITVIS,1.5314568,1.2395312
MINXIS,3.9208887,3.9267526
NAWHEA,2.3995001,2.9069736
ZOXQOS,3.0950232,2.6625829
XUTHEA,2.7380097,3.0121195
AFAMEB,2.674607,3.0061805
EPEDAH,2.9888988,2.4955897
GEKWID,5.448536,4.9535537
GIRLEA,2.3820848,2.8349416
BUQZIW,3.0531175,3.2318535
LOFLOI,3.1611466,3.021239
LEJGEP,3.878983,3.945101
QEQCEU,2.650389,2.315466
FESBOV,6.8561807,6.2553797
TEWMUE,3.0079467,2.8943338
LAKYIF,3.6079576,3.2448049
IXIJEF,2.440045,2.5929382
KACPAG,3.486867,3.7969642
GEJTUN,3.2574751,3.036195
MIVKIM,2.7431798,2.985037
JANLES,3.775852,4.080147
MINYOZ,3.7954443,4.1329255
RITHOS,1.4443804,1.78524
BUYNIU,1.5423414,1.8436389
FUQHOQ,2.1902444,2.454994
COFDUX,3.1510785,2.721113
FULDOH,2.1828973,2.4501956
RIMFOL,4.5146413,5.677203
AMOKOC,2.774201,3.016766
OLIQIJ,1.9099672,1.9793208
BUSFON,2.322492,2.5063436
CIYYUG,3.443873,3.111273
KEYFOK,2.1502438,2.3581376
REHFEP,2.7265809,2.3347158
COGDEI,4.3557267,4.302777
POKSUG,2.0914671,2.3332238
ASUTUD,1.6460167,2.0577145
MIBCOR,4.5271583,4.337908
RACYAW,3.1537998,3.0069013
RURHIX,1.6988069,2.086286
ITAFAM,2.9380133,2.9058793
ZIRXIK,2.1611283,2.0171723
CABZIQ,3.4471383,3.2426083
VOYHOJ,2.6610014,2.7297628
UKONUD,4.7326045,4.550198
HAXJOG,1.809013,2.6571045
SUDRUE,4.1358585,5.1928053
BEBHAR,3.1820996,3.8981557
IMEJER,3.4359818,3.3302646
NESMII,4.2466087,4.255739
GANRUJ,2.4560997,2.7428544
HURPUH,0.54041815,0.7224026
SEQGIH,3.8531322,3.0557537
EQIXIN,3.5625148,3.2978816
DOFJAK,0.9170237,1.5845547
JIYRIS,4.303753,4.3956738
QEGZIN,1.9937782,2.1441517
ADACEQ,2.348887,1.6895415
YOYVIU,1.856905,1.992085
HEXFOG,3.333939,3.802076
NEYYEX,1.6354043,0.51820326
ESAWOL,3.723606,3.5890238
CUYHIN,3.629999,4.2485223
CIGVAR,2.2574565,1.8352301
FEYCIW,4.3192635,4.2874613
WEPJAC,2.7306626,2.8590856
GUGDUH,2.5750134,2.5951023
CERGAK,1.7619373,1.7499617
YASQOB,2.5959663,1.9470243
SEKPIK,1.921668,3.2188506
ICOXIK,3.5236025,2.8827207
XIGVAM,3.4822412,3.7063887
SUJFIM,1.6190774,2.616908
ENAMEO,3.3056393,3.1715178
GARGAI,2.485216,2.9738908
SOYXUB,2.700458,3.5156264
YIDPEK,4.0093255,3.8042169
PEGQUN,2.509162,2.473281
MANNAQ,2.5058966,2.3026154
XOWNAZ,3.16931,3.245293
RARKUQ,3.6585708,3.5634935
WUFQUM,1.9556823,3.0552967
LAVNAZ,3.9293242,4.038065
BACNUQ,1.527103,1.717856
KAWHIC,2.61964,2.3030372
FUPVOC,3.6558497,2.8038197
RAJNEY,2.401677,2.3317468
KOQYEW,3.223733,3.2922454
IYIHUW,2.6283479,2.7302556
NAGNUI,3.321694,3.4722261
KEYKIJ,3.5241466,3.533232
UVELUF,3.3399255,3.5656211
AHONUJ,2.7625,2.7210915
VAKNUQ,3.5382965,3.69333
JUTKEQ,3.1927118,2.991458
YOZFEZ,3.6762583,3.5815668
RASHUS,1.1654637,3.1646674
GUWNUJ,2.674063,3.2441268
AHOBOQ,3.5412898,3.6905146
SOMDED,2.588075,2.6989985
OVOJIU,2.581,2.951604
YIHNEK,3.171215,3.2235615
HOVKUB,3.799526,3.7950177
MEWBUL,3.2939384,3.0985408
ZIXQOQ,2.3747377,2.3650196
ILEZUU,2.1826253,2.1433587
DOJZOT,0.060409278,1.6225833
WUTQAD,2.0977259,2.4388788
NOXNIZ,3.5135343,3.7549615
IBOPAT,3.0438657,2.852356
SORHOW,2.386983,2.6281304
EKADEA,3.0838664,3.3627326
HAJZUP,4.359264,4.3376694
WONYUW,2.3799078,2.5306544
UFANIB,2.365758,2.5363863
ABOBEA,2.165482,2.8329425
GENSOK,1.7962236,1.9406371
MATLEB,2.8161063,2.915988
IJOHOG,3.8904119,3.6693382
CAPFOQ,2.4667122,2.5361595
FACJIC,0.7034143,2.2505567
PUNGEK,2.7970583,2.6057382
EPANUH,3.708912,3.3021643
BATMUH,4.556819,3.927895
IGEWIA,1.7902371,1.880917
WIDGOG,1.610642,1.9236981
TEJJAW,3.756804,3.9565191
ZIVFOB,2.7758336,2.7132435
XACWIL,2.676784,2.5939636
NIRZEV,3.099649,3.3913507
IBIGUV,2.8000517,2.810732
JAZFAS,3.5339427,3.8504856
ULISIT,2.4890256,2.6053722
LOZWOP,1.120837,1.929113
QAQBIV,4.3130045,3.9837413
UNUDIS,2.6803215,2.7088096
FOHJUJ,1.8925519,2.0818186
COCJAJ,4.935057,3.8743258
SICNOK,2.865631,1.9308054
CILJOX,3.5072756,3.8487256
GIDBUT,2.4887533,2.466498
YAQCIC,2.7459009,3.108649
KIWKOQ,4.012863,4.1024895
RIJWOA,3.7176197,3.222828
QIBBEM,3.2727134,3.1032495
NOVJIR,2.4884813,2.710209
XEVYIG,2.9880824,3.2358887
SONPES,2.3785472,2.3823211
BELRET,1.6569014,1.1620173
PORNOC,1.0996121,1.3569103
NIBKUE,1.9913292,2.014448
JUFQOQ,3.7222455,3.8817756
HOVLEM,3.535031,3.6812994
MIDJIU,2.3546011,2.1918771
RIVPOB,2.224531,2.5002892
CAFHUO,1.5793488,1.4555918
RIYHAI,4.5666146,4.4571476
FOZPUH,1.6963578,2.5326812
GUVGEL,2.0479288,3.0486898
PAYNEJ,2.545081,2.3346877
QUBPEI,2.208204,2.3386188
MEDWIC,3.0381513,2.9720695
CYPFEP,2.9412787,3.1236467
GEDJIM,3.6465979,3.5260737
ZEQHIM,4.257221,4.5426784
KACVAO,3.7388444,3.5031738
TEDYUX,4.5083823,3.7374384
DEFJAZ,6.321477,6.600548
WEGBEP,5.009072,5.5486956
OFELUG,3.4406078,3.0098264
QEPYIW,3.207134,3.6564672
GUYLAN,3.4278183,3.2738242
DMENRE,4.383482,3.9497094
LUCNAB,1.8672453,2.6145096
DODZIG,3.835445,3.6692195
MANSAV,2.7088935,2.9444993
UJUYUV,2.7951536,2.546284
LADXIZ,2.2340548,1.0813895
BEXWIM,3.6446931,3.5104942
JIRVIS,3.1105335,3.0786853
QAKREZ,0.912942,0.86655045
ASUZOD,3.3728514,4.0135384
GIKXUW,1.6949972,1.8158771
HEDGUU,4.354366,4.058184
WABBUX,2.7420914,2.9689853
RIVBUU,2.9937968,3.2996752
CIVJOH,2.9146116,2.7480197
XUVCEW,2.9712112,2.633643
FASBUY,1.491184,1.6511071
TAJQIE,2.1518764,2.2637725
GAMJIP,2.9782863,3.2192051
BIFPIQ,3.3358438,3.5060058
ATOQIL,1.4922724,1.6745783
YAMVOX,2.3905203,3.3341782
DUCJUG,4.197356,4.434031
OLEWAD,3.4977515,3.6641822
MOVYAZ,3.6836054,3.8694487
IVAROP,2.8781483,3.0357919
ENTXCO,2.5815442,2.7461443
YAXWAW,2.9981506,3.1627867
GIGMEP,3.9521818,4.089568
TADYAZ,3.6229239,3.4794083
GUZKAN,3.675442,4.231305
OLEFOB,3.8104105,2.8194926
EKOCUD,3.7393887,3.1880364
CAHCOP,3.001416,2.795907
HEVBIU,2.8874002,3.3321104
LEBCII,3.589726,4.021236
UQUHUM,2.7189617,2.6134174
WAVBIE,2.1262977,3.0819418
RAJWAA,3.9666038,3.9721458
ALAVIS,1.426693,1.7720941
XOPNIB,2.3412676,2.76565
AJOJOB,3.8553092,4.1592636
WOLPIW,3.551358,3.555576
LEJJIW,3.642244,3.939451
TOQNOE,1.345331,2.1767669
XUCCOO,3.2087667,2.6826055
XUJVED,2.9649527,2.980262
CUNMON,2.000037,1.7744869
EHOMOE,3.6819727,3.5275638
ILACUT,0.9183843,1.997349
QAFFAG,3.5592494,3.203597
IVERIK,3.1431873,2.9614332
TAKLAW,3.5924473,3.2463984
JETYUC,3.7361233,3.4245887
IJEGEL,2.127114,2.3370585
QAMKUK,3.558433,3.601671
TUBXEV,2.9962456,2.8454018
XUWHAY,2.5445368,2.5792046
ZOXJON,2.6610014,2.490961
NEYWET,2.8999174,3.4352725
GESFIV,3.5981617,3.612776
XIQVIF,3.3325784,3.5272596
LAJYIE,1.9613967,1.8750792
CEJJIK,3.8539486,4.0697565
UWULAC,6.928019,6.3996983
OJIXOU,1.1921308,1.6927533
VOHQUH,3.6844218,3.676692
CEKJOT,2.8321612,3.31011
RONLIR,3.4036002,3.575115
JUFKUQ,2.7374654,3.0047143
NUWKOF,2.8659031,3.3575501
VEWZUT,3.2106714,3.4154346
SENKEC,4.554914,4.358486
QEJSIK,2.0740519,2.0334108
BOCHIM,2.9546123,3.1127036
EGIGUA,2.552156,2.366333
BOCLOU,3.4754384,3.5993485
AZOFOL,0.107212864,0.7341316
NAHLEO,3.1799226,2.9003344
DOYGOQ,1.9638457,1.9803402
ZEZKAS,1.4800273,1.2244512
WABPUK,2.6541986,2.5870867
VUKJES,4.0359926,3.3573651
ROHVAL,3.1986985,3.2932134
HONVEN,2.884951,2.636107
JAJYOI,2.3752818,2.216949
IQOMIK,1.9649342,2.7576823
WOZREI,0.122995466,0.13984203
KUGDUN,2.062351,1.9262552
NEDTAT,3.983747,3.8537235
XOFZOH,2.9494421,3.2404163
MUTTEC,2.5099783,2.4856312
XOXNAZ,2.5684826,2.6223266
XEFKEY,3.0463147,2.804619
ADUZOO,3.3486333,3.2695003
ZIPDAD,2.5061686,2.796357
HBUPPT,4.3911014,3.7626069
HAVFUH,2.755425,2.8011339
ACAXOU,3.5744877,3.879844
OQEPIK,3.8446968,3.7438722
DOZTUJ,3.0648184,3.1463141
YOJQEU,0.90260166,1.944689
BOTFIC,2.322764,2.2078798
BANPOZ,2.9518912,2.5444396
TOGTEO,5.2637706,4.1020145
ILIXOQ,3.529589,3.375807
IHUHAV,2.8218207,3.4945397
ISUFOT,3.7483685,3.881288
FAJVES,4.2144995,4.1085987
AMBUPD,3.290945,3.5235286
ZISRIC,3.6340806,3.7899137
COVKAC,3.5910866,3.810731
QOBTOT,2.7067165,2.451672
PIDNEV,2.592973,2.2669468
GOMNUU,2.8460388,2.6291716
KEMKUI,2.7807317,2.6545894
WUZJOQ,4.139668,3.637409
TIRSOG,2.535829,2.7188797
YACYOQ,3.818846,3.5538898
GIVSEK,1.5388039,1.679364
TEDHUH,2.4865766,2.179381
XAXKAJ,5.0749235,4.092695
FEYKIG,2.4079356,2.1849327
RETMIO,2.5273936,2.3129659
QEWRUI,3.9203444,3.8574758
QOHMOQ,1.2013828,1.0407636
ACOSOA,3.021008,3.1798291
QUFWIA,5.2697573,4.7992744
KADPEN,1.9243892,2.2545972
KAVFIA,3.1657727,3.550458
PENJIC,4.1244297,4.3559566
BOKREZ,3.36496,3.4909549
OKINUU,2.5565097,2.7268016
NOYVUV,2.0740519,2.2058327
NAGLEQ,2.9042714,3.253695
XACYEG,2.6180074,2.6334782
PEDPIY,2.243851,2.1555262
IYINEK,4.0324554,3.4920914
HOQBOE,3.9344943,3.4692903
KIBXIE,2.3986838,2.4146106
XEGFUN,4.8376403,4.566659
CUQVOA,2.2310615,2.57119
IPEKAS,2.7350163,2.763072
WAGDOY,3.599522,3.7168558
EAIVCO,3.474894,3.1303532
GIVSOV,3.1127105,2.8128388
SULCMN,4.137219,4.8801303
GUCSEF,2.1858907,2.3677154
BOFNUG,3.510269,3.3535116
VAPYAO,2.7965143,2.970626
FOZXUP,3.8251045,3.5070722
FOQVAJ,0.33333948,1.0019162
RECLIV,4.3453865,4.5942564
QAQCAO,3.5412898,3.3912218
IPIROP,3.450948,3.5633922
MONXES,3.3587015,3.5291793
GUXQAT,2.6664438,2.6583242
MOQMUC,2.6830428,3.0877495
VOCWUG,3.6414278,3.788802
DOYRIS,4.529335,4.0704618
UCITUW,4.129056,3.8004565
KIQZIV,3.3559802,3.7187068
QUNFEM,3.1535275,3.0037563
HITTIN,3.4117637,2.9310107
EJEWUN,2.961143,3.0257447
ROJLUX,4.7260737,3.676094
LUZJOH,3.333939,2.824262
CAHYOC,1.3461473,1.277233
AFABEO,3.4610162,3.3648865
HUPSUJ,2.693655,2.751636
NOBZUC,1.8745924,1.8993244
OBUWIS,2.9605987,3.1999414
MEGGOV,2.8648148,2.853173
NEZFOO,3.372579,3.6486974
RUQZEK,1.9007154,1.8082283
COJHAN,1.7486037,1.527239
EHACAT,1.5208443,1.7598585
QOPSUL,3.77558,4.0325785
BEXXAH,2.270246,2.2218819
AHOLEQ,3.2827816,3.4116344
ZIKTAR,3.291217,3.5167673
LEGDIL,2.621817,2.2275305
FIDYOK,2.9976063,1.9505402
GIVHEZ,3.4738057,3.3338451
EZAPUR,2.3004506,2.1691132
ROBWOW,1.9012595,2.0091567
VIWPOJ,2.7265809,2.0720713
UWUPOS,1.9845264,1.9879708
KALKUH,2.9494421,3.3214345
RAPZAL,1.5823421,1.0282401
YAMNAD,2.7951536,3.8566947
REDCOU,4.4226665,4.0120296
FATZOS,4.7391353,4.383873
CIVLUP,1.9415324,2.1418312
KEKWUU,2.6416814,3.282552
LINBER,2.5888913,2.8270323
DAPVAU,2.645491,2.658735
SEMRIL,2.435691,2.3480701
MEXRAI,0.6427329,0.6284194
COBWOG,3.838438,4.039464
SEKPUV,4.334774,4.306195
ALAPAF,2.3981395,2.3806283
MUWCIT,3.1467247,3.0359888
KIPHUM,3.7483685,3.8535814
OFENES,3.2444136,3.5243149
BAJVUE,1.2035596,1.6547422
XOGCAA,3.3742118,3.4646156
PEQFOI,3.714082,3.583031
NEFMUH,3.0384233,3.0198414
PERDOI,3.2963874,3.007388
XUDQOF,3.453397,3.4635398
XUVFIF,3.8460574,4.3927503
YUTRUA,2.9951572,3.2482061
WIFWIS,2.9075365,3.1793017
HEQXIM,5.475747,5.965307
ROWZUA,3.1491737,3.5746567
XERCOM,3.1102614,3.165188
SONROE,3.8713639,3.832281
MIZTUL,4.529063,4.130751
PIXVEB,2.146434,2.4170218
SIQQES,3.4338048,3.7507715
DEMHEI,1.5934988,1.7499287
OJODOH,2.527938,3.2463584
PAPMAV,3.785648,4.1007614
OFASUN,1.2615199,1.8556442
GOCVEC,2.9053597,3.1111863
TASXAN,5.224042,4.1548977
XOTKIB,3.0917578,2.8931956
EKAPUB,2.8144736,3.4820106
RACZEB,1.969288,2.0755053
PEBJUC,3.0433214,3.3624268
XIKFUT,2.105889,2.4735417
KITHON,3.98674,4.073086
KULKAD,3.0882201,3.3235822
RUNTUQ,2.7725682,2.6805553
FOJKEX,2.1469784,1.7925452
QOPJUA,3.3706744,3.369627
EDIZIB,1.5548586,1.6179668
ADUBAG,2.6482122,2.5926049
NONXIX,1.8789462,1.6908537
BAVJUH,2.4525623,2.3678417
RUQZUY,2.9714835,2.6917965
NOSGIO,3.4210155,3.15246
HAQGOX,3.4406078,3.7839682
FUSHEH,3.0454984,2.8815012
JOHHOD,3.5244188,3.660068
XOMPOF,2.5072572,2.9918861
AJIDOM,2.1575909,2.0547996
SIDPIG,1.957315,3.1948874
LARSIJ,3.0310764,2.9217474
ITPYNI,1.3687327,1.3706383
EZIRIQ,3.859935,3.9024978
ZOPPAV,3.2890403,2.8975596
XILXIA,1.6291457,1.9051611
DUZCOQ,2.7461731,2.6603394
EQEROI,3.2163858,3.6226964
REKVUZ,4.0378976,4.305106
BARRAO,3.5434668,3.466558
BAHBOF,2.8922982,2.76161
CILBAB,1.5360827,1.2627785
WAGBAI,3.1646843,3.530019
EPALUD,1.5869681,1.7708671
HOGQEZ,0.97280705,1.9727769
KILPOK,3.5578887,3.750927
TEMRIQ,1.4468294,1.1498693
HIKCIN,2.8122969,2.9004893
TENTIT,2.7287579,2.7113414
SEYGIQ,3.6800678,3.915645
BIMDOQ,4.7568226,4.504087
NEFVAW,5.1470337,4.615263
ATOGAT,2.1695638,2.3698325
KILTEI,2.7992353,2.930019
VAXVEV,0.5366085,1.0260698
MOQSES,2.5510674,2.6722076
JUCLIE,3.8490505,3.64884
FONFET,3.0952952,2.8940313
KOPSOZ,3.2661827,3.2195423
LOXYIJ,2.9573336,3.0266662
HEZYOD,3.2865913,3.5007284
ENEQOD,3.4925814,2.9273264
UZODAP,3.5597935,3.5559864
HANQAR,3.2963874,3.2904758
DEFYUL,1.8506464,1.2258197
LOHFEW,2.1924214,2.171504
TIGNIK,2.6234498,2.572814
REDTUS,3.3753004,3.201674
JAQPUP,2.7649488,3.094998
QEXRET,0.16843848,1.7935194
WEZDUC,3.3260477,3.26739
TOWHUK,2.8065825,2.7956498
HAZXIQ,3.1061797,3.5601215
BTBICR,0.52654034,0.46438885
QARMUS,2.8280795,3.0962908
YEZTOM,2.0827596,3.2553494
XEZFEN,2.5937893,2.6900725
PUCMOR,2.3714724,2.5172694
GAVHOE,3.6618361,3.3503492
TICXUB,2.5339243,2.5119941
DICTOA,2.915156,3.2924712
CESGEO,3.025634,3.1523619
ODUFUO,2.8778763,2.7076178
LOLJUT,2.9513469,3.1449094
UFAZUY,4.7813125,4.3059416
RULNUI,3.0846827,2.9878678
QAMJEV,3.3257756,3.4171882
RULWEC,2.208204,1.5818442
RUJHIP,4.296678,3.4101298
NEXFIH,2.7567856,2.70785
ZANREN,3.0386956,2.9926653
TABQUL,2.9622314,3.6827397
ROMQUH,1.5238377,1.0190016
YASPAK,2.1203113,2.0937135
LILXUA,2.978014,3.2378783
SIXXAA,3.0321648,2.747703
PUYBIU,0.88981235,1.5955055
BAMGOM,2.3483427,2.5280418
LECROC,4.6106973,4.4207983
REMZAL,1.9902408,1.8918892
OZIGIP,3.125772,3.2388155
QEDPIY,3.4003348,3.3073497
BELPUE,0.37470078,1.8041592
VUDMOX,3.0381513,3.0728908
ANOFAN,2.2503817,2.232945
DOQBIX,2.9309385,2.6094716
UPABUK,4.024564,3.611988
XUNSOO,1.7839785,2.1796544
OFOZAK,3.653673,4.0373936
QEQXOA,3.4969351,3.364529
VIRMAO,3.9998016,2.3724337
UWEKUF,3.3543475,2.901883
UNOGIQ,2.920326,2.9882739
QIQNUD,4.9364176,3.9606824
CAMSIU,2.8182833,3.1669524
HALKOY,1.8261561,2.147316
OJUNUD,3.290945,2.5608509
YAGBEO,3.759253,3.6258361
HALXAT,1.993234,2.2230968
DIYBAQ,4.3119164,4.156296
WUVSUD,3.4542134,3.6392245
DUSTES,3.4357097,3.6177313
JUYVII,3.859391,3.8870585
KIBMIT,2.884951,3.47791
IPUZOI,3.7227898,4.24333
RABLIL,2.414194,3.2564769
PUJQAP,3.5377524,3.9897814
LAKYIG,3.986196,3.5052948
CIMXEF,1.6661532,1.9941949
WAFYOS,2.3771868,2.9365232
VUKYIJ,3.0329812,3.740011
COZSIW,2.913251,2.9375656
OVUYAG,2.2890217,2.7039082
TIVQIZ,3.613128,3.337287
ICIYEY,1.1358032,2.3454788
XAVLEP,2.506713,2.4032187
CIZCUM,2.9050877,2.9161718
VUHGUD,2.9543402,2.7777615
IVEPIK,1.5877844,2.4580994
BEPCII,5.6033688,5.705073
WUZTEQ,4.62267,4.310697
EKUGAT,3.723334,3.7012
BEYLUN,1.4898233,1.6730164
VERJOV,2.717057,2.742446
DAHYIW,3.7029254,3.7002656
DECPEH,3.410675,3.8897276
FICREQ,3.3083603,3.7331498
FORPIL,2.8936589,3.18616
AFOJEN,1.9423487,2.1058786
RIJHEZ,4.1810293,3.501597
VAWVAT,2.607395,3.2772512
SAYSUJ,2.3880713,2.0634947
MAGCIK,2.7693028,2.9758954
WIXREC,2.8210044,2.780874
GEMJOY,2.8501205,2.6752028
BUJZUE,2.1026237,2.5550582
QOFQUZ,2.7045398,2.4113607
CEPXEC,1.9262941,2.078515
QAWCIA,3.2776115,3.7017736
CAHLEG,2.7929766,2.4521587
TASVIU,2.43297,2.7208383
XAZBUV,4.223207,4.1640544
SOSQOG,2.504536,2.991338
VIBJUL,2.0773172,2.6066258
KIWNOU,4.8009048,4.4879665
BUZREW,1.3782567,2.525003
JAQKAN,3.7293205,3.9970806
LOGMIG,2.4057586,2.1793525
UMOQAP,2.5151484,2.3469472
WISJEN,3.6218355,3.8423681
AHIHII,2.1203113,1.8964407
FIMXIK,3.288768,3.103069
OQOLUC,4.2218466,4.632906
TECVAB,2.2675247,2.1341631
RIXVAX,2.3940578,3.096561
MUBDUI,2.2577288,2.533942
GIQBUF,2.7976027,3.7118547
AMUVAH,2.61447,2.691027
VIQMIS,2.368207,2.4781106
UVOGOE,2.8506649,3.6319828
TIZQOJ,3.1440036,2.7729223
XALWUF,3.0977442,3.5669932
EHIROF,4.170417,4.153543
PAYTUH,3.486595,2.585571
GAFDAW,3.3214219,3.2980497
TUDFED,3.8615677,3.9959478
KAJXOM,2.414194,1.9116224
PEHZOU,3.0074024,2.944708
TICNUP,2.941551,3.0734494
XEHKAZ,2.7352886,2.7528024
ZAZJUF,1.5502326,1.8828486
AMAYOC,2.1382706,2.4939327
DESSAW,2.6305246,3.3749166
WEYKAP,2.554605,2.639554
AVUFEE,3.9315012,3.5822797
JASZOS,3.1124384,2.985918
IBEPOW,2.1711965,2.4221253
KAYSIO,4.766074,2.7442284
JATKAT,1.7450662,2.4513333
ZONVOQ,3.1459084,3.2901123
NUGDIC,3.0631857,3.0249019
LAFRIX,4.029462,5.1293144
ZORHOG,2.5654895,1.973301
VUDVEW,1.8748645,1.7177824
WAWMIS,4.983221,5.041315
KULGIH,3.7527223,3.4652038
GUBNOJ,2.8876724,3.3490438
OHERAU,3.1355681,3.608857
WIFROW,1.8803068,2.1783962
HUHMED,2.5456252,2.6576927
LIQYAL,1.7801689,2.61417
WOKSAR,3.2729855,3.4412997
EMAFON,2.5554214,2.4656484
EQENAQ,3.2664547,2.847942
LACHUU,1.3823384,1.0337031
SOTJIX,1.9143211,2.0446706
VUGHOV,2.308342,2.2475305
MIRVEP,1.9564986,2.3105931
RELMIH,3.082506,3.012888
LEFWUS,2.6419535,2.5464697
JEKLIX,3.8817043,3.553648
KUQKAK,2.428072,2.431855
WIGFEX,0.7412382,2.476362
RAVCOJ,2.4558277,2.625138
YIYWAG,3.7410214,4.135003
CICBAU,4.6803584,4.4585648
LAKYAY,3.7358513,3.4568493
QEPLUS,3.2920334,3.2573347
MIBVOL,2.628892,2.6605744
ADASOQ,4.554914,3.9251506
JUFNIJ,3.0392396,3.0560222
VOJWEW,5.7826915,5.4237156
IVAPEC,2.7927046,3.1632426
VICLOJ,3.6093183,3.3366742
ZIRLEU,2.4490247,2.1846812
OTEFID,2.52821,2.47933
FEWVEL,3.0727098,3.1129692
MUQXAX,2.872706,2.8721614
JUTMUG,0.7189248,2.4693222
REYFUX,3.056383,3.0530415
DIHQES,2.3499753,2.2243233
HEPFUG,3.751634,3.7876291
IRIXOW,2.8781483,2.5541992
BAQRIU,2.2792258,2.248323
KEZBEZ,2.8381476,2.6951842
VIHHIF,2.9706671,2.9678907
MOZBOT,2.3905203,2.6784177
DEDBOF,3.7720423,3.4402673
MEXCIE,3.781022,3.6025028
BOXWOB,3.496663,3.2377052
XEYBEL,2.189428,2.3473988
BENGEK,2.143713,2.285545
NEDGIM,1.5483279,1.4147238
ODIFEQ,2.8016844,3.0427613
KEGHEM,2.9336596,3.024725
FEDQUD,3.8566697,3.3358686
WIQLIU,2.8814137,2.7850928
JAYZES,2.3450773,2.132349
VUMGAN,1.6963578,1.6469364
HIMFAM,2.0272484,3.2028
FAWHAM,3.1758409,3.543176
ZEKXES,2.5614078,3.495462
NIDSUS,2.5507953,3.319799
XOCXOE,1.5771719,1.5533426
CUWMEP,1.1583887,1.5319123
PIXGIP,2.067249,1.9217826
XEQWEX,4.179941,4.078387
LOFMEA,2.8743386,3.0250607
KIXDED,2.922775,2.7439759
NOGVUB,2.757874,2.3600745
AVIVAD,3.3894503,3.4772873
FIQXAH,2.8522975,3.5503004
YAQZEV,3.2226446,3.771988
ADUJOB,2.3067093,2.3701098
CUFQAV,2.8376033,2.4230616
YAKHIC,3.4335327,3.3780947
AKIPOC,2.635967,3.4100535
ASUTAL,2.7491663,2.5004416
YOJCOP,2.6389601,2.7538502
HISHAS,5.918749,5.5850773
YASTEU,2.7943373,2.6401582
CAHFOG,4.4281087,3.9145465
DEFHEC,3.8700035,3.4579315
SIXYON,3.0574713,3.2833102
XETFUX,3.19761,3.309526
JEYGAW,4.0226593,2.9157329
FEYQEI,3.8947656,3.7749248
SIYQAU,4.4177685,4.3724327
EBAZIT,4.1061983,4.1322174
TADZIK,2.1777272,1.9094455
ZOCLEL,7.5985074,6.9013453
MORTMN,1.4000258,1.9479966
IQETIH,3.5075476,3.2550619
NIQBIA,4.145927,4.111203
SIQLEK,2.5698433,3.201838
NUTXIK,1.9556823,2.182504
DIJBIJ,3.259652,3.1576343
HEPGIT,3.22591,3.3788085
XUFQUN,0.8381107,1.4224896
SESXOG,3.0133889,3.1106026
EHAGEZ,2.5684826,2.5873835
FEYTEK,3.5467322,3.6711876
DUFKUN,2.2150068,2.3361356
DAMGEH,3.0193753,2.712231
ROFDIZ,3.032709,3.1603785
DOCNER,4.5690637,3.9636073
AJOBAE,3.2702644,3.5807548
GAFKUU,4.557363,3.080752
QIXROG,2.6220891,2.5931578
HUBFUI,1.9140489,1.6765962
EJOWUY,3.857486,3.6806278
VUPNOM,2.9331152,2.7838373
DUJVEM,2.7907999,2.6599221
WOJCIH,2.7053561,2.6636515
LATXIR,4.100484,4.367132
OCUTUC,3.4229202,3.2612514
SAWZUO,3.2950268,3.186279
VAFYAC,3.0408723,3.176837
FAJKOS,3.921977,3.9403374
ZIKXAU,3.5385687,3.435793
DEVPOK,3.8008864,2.683102
VIQZIF,3.8052402,3.7742834
ALIZUR,2.004935,2.128687
TIGXAK,3.5407455,2.9292145
WUCVUL,2.7469895,2.6870136
OJIVUY,1.3434261,1.4728771
XIRGOW,1.488735,1.8985505
HEDRUH,1.041924,1.8309256
LIKZOX,4.837096,4.645597
WOGWIB,2.4395008,2.6803424
WILHOR,3.978577,4.2650685
IXASEH,2.7826364,2.8124342
AFAVUB,2.6637225,2.4740865
SEJTUY,3.738028,3.2577634
QUMWOM,1.4631562,1.4877906
XIVQID,3.1415546,3.1087537
MUBGIZ,2.97747,2.8539264
PADCUW,2.7377377,2.7168047
SIGNUT,3.9851074,4.5041704
GIQTUV,3.8610237,3.921196
IGOHUJ,4.149464,3.491331
LAXKOL,3.044954,3.259616
DAMLUZ,2.769847,2.4871235
QAPJEZ,2.081399,1.9448929
WOZDEX,2.8433177,2.8151972
OLILAX,4.2955894,3.9420223
LOHCAO,4.969343,3.8174353
DUJXAK,2.78182,2.6374633
TIGCES,4.2648406,3.9325945
WEYJIW,2.54753,2.3556986
IRONEI,1.4680543,1.3393011
BAKBUL,2.6125653,2.8129628
VUNLIZ,2.9274008,3.0621722
BIFMOV,2.678961,2.853129
IGAKAF,2.2073877,2.4762118
AQAHEH,4.658317,4.878206
XUSSEK,1.4560813,1.6906363
RAGFOY,3.8514996,3.6620429
KOHDER,3.9666038,4.068952
HICGUZ,4.8550553,4.989266
SAQGEY,2.1238487,2.0780537
ZIXZAH,3.6621084,4.3737874
HOVKAH,4.505117,4.2488766
UBIDOC,1.5404366,1.2768492
UGEDAO,2.956245,3.229111
PIBRIE,3.670544,3.6132874
PUVJIZ,3.2958431,3.1205094
TUBRUG,3.1510785,2.8504374
VUGBOQ,3.1627793,2.9377232
MOWDEI,3.8093219,3.6658945
DEBTOW,3.1320305,3.2559295
KOCSEC,3.4667306,3.2136517
ZOLDIN,2.7717519,2.634952
QUGGAD,4.0232034,3.8944068
DAJLIM,3.9127252,3.6928432
POLJAF,3.247951,2.9056067
KIBTEV,4.124158,3.3419638
NAJQOE,3.938576,3.6389084
TEXDOT,3.4256413,3.5240781
CEGPUA,4.2076964,4.499377
XOJQES,2.122216,3.0738053
XUQZUE,1.9698323,2.2718441
CEGQEL,3.128493,3.2190738
RIDZAF,3.1562488,3.436328
CAVXAZ,4.014768,3.8603292
EKESAP,4.273548,4.2393517
LEMBUB,3.5570724,3.3181229
MARQIG,1.6574455,1.4473252
WEYSIE,3.3399255,2.6534238
DAKREN,3.221284,3.3525639
SUTREE,3.8463295,4.3418217
GIHHAI,1.6013901,2.4435565
VUMREC,3.0416887,2.7407908
SAGPEW,1.7798967,2.2430596
CAPXEY,2.7807317,3.2809243
LOJMOO,1.8179927,2.0383024
ECIDIF,1.3728144,1.5693576
GOCFOT,3.0139332,3.0536203
BELWEX,2.487937,2.3328352
CEGFIE,2.9913478,3.0595007
YUBJAG,3.121146,2.7978845
REBQOH,3.799798,3.9427629
JUDCEQ,4.37804,4.239062
ATANIT,3.2199233,3.3888803
VIZREF,2.3804522,3.0325062
UJUPIB,2.084392,2.516161
PRNFEB,3.7301369,3.735553
VAHBOV,4.048238,4.623268
HAZDES,2.8882165,2.8663769
QEXFOP,3.6882312,3.784312
LIBPEU,2.8487601,2.7768457
LICPUL,3.0386956,2.8357131
SETLUB,3.288224,3.2469673
KAJKUF,2.5058966,3.2522404
FACTUC,3.259652,3.1563215
XUSFUM,3.064002,3.1073294
CUQNAG,3.0223687,3.020085
AKIKAH,3.8283699,3.7711716
KEXPIN,3.4338048,3.560068
WIJKOQ,2.6424978,2.9047449
GEVTUZ,1.1197486,1.2792314
WIFZUG,1.4941772,1.1639909
IZOGIN,2.679233,2.9535394
KEZNOU,2.8065825,3.0237567
WEVSIC,2.446848,2.3283906
HIRXUE,4.1491923,4.009772
VILCEB,2.958694,2.5491583
QACFEG,3.5810184,3.469224
CEHTIS,3.1431873,2.8778477
EHURUV,3.0724375,2.7344327
WEJMEG,2.884951,2.8866634
EVAVAA,2.5505233,3.3603172
KOYCIK,3.4631932,3.029441
WURFIB,3.6068692,3.9349656
QIDBEM,3.009035,2.7537282
CARPUK,1.379073,1.4025369
QIFXAE,4.005516,3.96533
UXICAI,2.9303942,2.7914047
RODQIL,2.6109326,2.6946309
DONWIM,3.804696,3.1942585
HOTQIS,3.637346,3.7962902
UZIKUM,3.957624,4.0162225
EJUKEA,3.4310837,3.4244113
BEKJUA,2.554877,2.4102876
GITNIK,1.3649231,1.4143872
GUHROR,3.496391,3.4272509
JAYPEH,4.3342295,4.6283903
CAZNIA,0.219868,-1.5383024
XOPSAZ,3.1137989,3.2973163
UVIMOE,3.656394,3.5646775
XOBFEC,3.2484953,3.5001893
MENCTI,2.9363806,2.8715782
KUSREV,2.2484767,2.6851969
CORVOW,4.383482,4.695229
GIPLOH,1.8925519,2.3617444
EKINES,2.6827705,2.916692
PEGCAI,2.0833037,2.3202112
TULLUJ,3.1921678,3.014365
ZOJNUH,2.2092924,2.8632452
GATVEF,3.0939345,2.9260118
UTUVIR,2.635967,3.0752285
KUDCOD,2.7880785,2.6045146
LAPCEN,3.0332532,3.0052361
KEGFOR,1.7061539,1.615669
VUMBUA,4.0591226,4.0794053
MASFIW,2.9513469,2.9476683
HOGDOA,3.3499937,3.4055295
BOLDOW,2.3962348,2.766103
VIRYUR,1.4898233,1.7240855
BUYCAZ,0.3553807,0.74138
JANXUU,2.8063102,3.1071782
JOWMAJ,3.0337975,3.0622957
IDAPAG,2.7159684,2.4694045
YUNRUW,1.3505011,1.3958569
YEMNEM,3.5442832,3.5505261
ZUSFOK,2.0566366,2.4780865
COZLUZ,3.0865874,3.1216712
EKOXUX,5.0428143,4.31699
YEWJUF,3.1750245,3.1618583
ONEZIS,2.803589,2.8264623
SEPQEK,3.4071376,3.3319502
SAVDAW,2.5097063,2.2734451
ADAMAX,3.3369322,3.749143
IBIHOS,2.6022248,2.9672973
AXIYOX,2.6060345,2.615872
OGAQUI,3.3181565,3.4609613
ZUNQAD,3.3129864,3.7233691
YAQGAB,1.6291457,1.7527981
SISRIV,0.5148394,2.0229511
LEMTII,1.5967641,1.419959
LOSHOS,1.2764862,1.540216
VEJGAU,3.8885071,3.786253
KEZREN,1.9001712,2.0790725
MERHUN,2.3284783,2.113614
YOHKUC,2.303716,2.8293514
KULMEJ,1.0911766,0.802248
TOCHEA,2.8914819,3.0669918
LUCKAY,0.9597456,1.598952
BUBFEK,2.4109287,3.2725446
JUXTON,3.3064556,3.0095997
WEFQUT,3.6240125,3.7844374
UPAXER,3.0925741,3.3481514
REDXAZ,2.5480742,2.9886136
EHEZOI,2.7559693,3.7572536
DEBMII,3.6553056,3.484927
YIMXEZ,2.6373277,3.1263614
LUHHAA,2.0038464,2.4312816
ZIGCOJ,3.0101235,3.7780643
CUXVAS,3.2210119,3.7954485
TAGRIG,2.5347407,2.6183536
LULCUR,2.8259025,3.2186928
YOWGUM,1.5442462,1.4727807
OCTFEB,4.0204825,4.047402
HOVKIP,3.7837431,3.765813
NEZWEX,1.8933682,1.8805344
OVUZOW,3.6093183,3.9686427
LOPPEL,2.6275315,3.2828715
VELCEY,3.386457,3.0115576
AXITOQ,2.8784204,2.932054
NEPPIH,3.6558497,3.8086157
WIHVOA,3.51816,3.7818434
RITSAS,3.618026,3.4638424
FIYBIB,4.1549067,3.7163143
VEFYEN,4.5364103,4.5647926
ZUJLOH,1.3719981,1.1804876
GELYAZ,3.0261784,3.1010542
QAGWII,4.0879664,3.9729252
HAJDIJ,4.805531,4.3375435
CASHEK,2.5211349,2.454689
QODRAF,3.424553,3.0555081
KIWPOX,4.010958,3.9065223
MURZAD,3.0286274,3.1082575
KUJLIK,4.4702864,3.3984468
QUTKEX,2.5086176,2.728178
ZEDGEX,3.5404735,3.7446191
EYUSUM,3.6621084,3.4518714
GEBQOV,2.8362427,2.4738958
ZUTKAA,1.9290152,2.0205653
AVUWET,3.5225139,3.6670437
LIGGEN,3.7271435,3.5945277
RUHLOY,2.5265772,3.033435
NOJCEX,2.757874,2.7326794
IQAJUG,1.766291,2.0513175
FIMZAC,2.8090315,2.6101525
SOHHOO,3.6308153,3.5113368
IQEBIP,4.065109,3.1150203
NIPRAG,3.630271,3.4371998
KABGUP,0.18558165,3.0716262
ICEZAR,2.6977367,2.5945704
POGNUV,2.3829012,2.3559594
LOBPAT,2.1758225,2.3559422
VAQHEE,3.9116368,3.854145
UZENET,3.5889096,3.4059658
TIHXUH,1.6835685,2.0386229
TUXDOH,2.8400524,2.9324324
EHONUN,5.360371,5.0290327
OYOMAT,2.6868522,3.0217814
BAPVEX,3.4425125,2.814375
MELXIN,2.9690344,3.1995952
IGIMAN,2.2716064,2.2303655
REQCIZ,2.7573297,2.983116
QELRIL,2.097998,2.2393835
VAQHAY,4.932336,4.5678263
ADAZUD,3.649047,3.7710488
IBOFEL,3.4057772,3.2984123
CICZUM,2.0155473,2.239494
YENBEZ,3.8134036,4.004671
TEXTAT,1.7880602,1.8707029
POHBEW,3.212304,4.0718207
IDILUF,1.510232,1.600023
SEQPIO,2.611749,2.3033001
TEMVIU,2.5565097,2.9177706
JAVVUX,2.7625,2.4494495
SUQREE,1.981261,1.8382745
RASKOM,2.0582693,3.4067576
JIHROK,2.915156,3.8484685
FIWTEL,3.835717,4.015396
YECKIC,4.628657,4.614544
GOSLOR,3.2182906,2.6950798
KIDREY,3.1652284,3.208883
CAJZIX,3.6746256,3.2894518
REWHIK,3.4498596,3.6822886
EVOBAU,3.147541,3.6364167
KIHTEB,2.0664327,2.4705124
DICVUG,2.139087,2.5957048
ROHJOQ,3.3538034,3.4026775
ATUNEL,2.9644084,2.9028585
CIJXUP,3.266999,3.6362467
JAFRUD,4.257221,4.8205814
HEQZAH,1.6152679,2.3170993
WAWJOW,3.417478,3.2005756
PETJOQ,2.9031827,3.6332786
VIBVIM,2.6890292,2.621612
IFEGOT,2.084392,2.5916338
TUKWAY,3.2928498,3.10153
OLUDEE,2.1717408,2.3434534
QIFYOV,3.824016,5.2152042
OWEXEU,1.8509185,1.8694345
APINIX,4.009598,3.7046938
VAQMUY,1.9535054,2.462661
JULNUB,1.7526854,1.2500072
ANOBEN,2.7257645,3.489387
XASTIW,2.5935173,2.2227678
YUZJAG,1.947791,2.0796375
OMANUL,3.6531286,3.4701204
IZIPAL,2.2305174,2.6093402
HOBVID,1.3782567,1.6996474
NINCEW,2.8879445,2.8290894
YOMTUR,2.581,2.8139648
JOPDEZ,1.1779809,1.3039194
NIHCUD,2.6495726,2.996083
SOMNEO,1.4054681,1.56786
QUCJIH,2.8721619,2.9448025
OFAKAK,3.6602035,3.9719846
KAKNOC,3.2536654,2.4112892
ICOHOY,2.5018148,2.5401273
IVOJEI,1.7105078,2.3744674
CAMHYN,2.0860248,2.5982027
YEWSEB,3.0729818,3.1575449
MUWCEP,2.982368,2.7116044
UWIQEX,4.2664733,3.9979827
COXVOB,1.5012522,1.6610869
PUHGUU,2.7625,3.1406474
RUPZIO,2.4422219,2.1384306
KIQDIX,3.6101346,3.6495547
PUVNIG,2.5230398,2.3274994
JEMPEA,4.0993953,4.53156
JENHUI,1.5983968,1.457486
KEYFAW,2.6914783,3.1210475
LUSPOE,2.7518876,3.1498177
ZIHZOI,4.4321904,4.6927104
ZEQXEY,3.1023703,2.8404572
FATZUY,4.706209,4.581421
ZOJYOO,3.4694517,3.2560582
MIDCIM,2.733928,2.4436693
BAGFAR,1.962213,2.3978162
GOPWEN,1.9589477,3.2850242
QIJBUI,1.9826216,1.8719009
WEQWEU,2.3265736,2.5616188
AYIKUO,3.4667306,2.8953342
QAFGIQ,2.4988215,2.2831995
DUGRUU,2.4386845,3.0748339
INOZOC,2.8310726,2.9053693
UNOCEG,2.953796,2.713192
AHIGEG,3.4008791,3.5837045
YODYUN,1.3755356,1.6657933
BODXIC,2.7671258,2.7131011
XURDIX,3.7393887,3.1558847
HIMJEU,2.9529796,2.9968483
VAACAC,1.5203001,1.8899323
AXESAY,3.4155731,3.4541461
ZAJMEF,3.8324516,4.187653
FAGBOI,0.90396225,3.0469885
IJISOL,4.311372,4.8077555
TEQJAA,3.2465904,3.09729
SILLEG,4.401714,4.87198
XAYQOH,2.5910683,3.1731741
RULNAN,2.8544743,2.5743737
PADDUU,3.1720314,3.1286106
MUSQOH,1.4054681,1.6361382
ZISXEE,3.7192523,3.3007755
XIXWAC,3.5793858,4.165769
CETHUG,2.9137952,3.6088195
LIRDAT,2.6248102,2.692584
XEYNAS,3.6226518,4.9431896
JELWON,3.7652395,3.7155304
LIYZAX,3.3581572,3.1679497
RANDAO,4.162254,4.149852
HIHPOH,1.2895476,1.4524027
KEDXUQ,2.7834527,2.3577895
OSALMO,3.1565208,2.9261568
XALRIO,1.0645094,1.4985845
LUNRIX,3.618026,3.8956413
SEMPUY,3.2950268,3.1716878
IXUREY,3.4495873,3.181709
NIPCEX,4.2691946,4.1931763
TIZZUX,1.7986727,3.7178285
ADUROG,3.126044,3.290986
XEYRAU,0.18993548,1.4160798
QEYHIL,1.5698248,2.4053683
IFIBAA,5.5432315,5.300308
PUHXUM,4.9666224,4.3292975
JATYEI,2.836515,2.8557534
VIHDOH,2.927673,2.8068423
QOQGEK,3.672721,3.5515313
XUXJOR,3.209583,3.2194026
HONNII,3.1467247,3.1795552
SOBXEM,2.0707865,1.943633
QAYNAI,2.43297,2.4488034
POGMIH,3.9478278,3.9517822
XONCOV,2.0588136,3.1285832
CCENPT,3.9119089,3.9596832
MUZDAO,3.139922,3.1860576
LULCEA,3.7295926,3.2356985
NOCPAZ,2.836515,2.9445543
UFIVOY,0.08000147,-1.2205281
CEQHOV,3.6163933,3.2045126
OKOXOD,3.7010207,4.2464333
SUPVIJ,3.5450995,3.349312
PUMFIN,2.2830353,2.809424
NAMKEU,2.8571956,2.9520059
UPURUU,2.1344612,2.372484
EDIWIX,3.4166617,3.4303534
GAWLAT,1.3714539,1.6653085
PICGAK,4.4057956,4.402808
LUBJIE,2.2046666,2.628709
IHIZEF,3.510269,3.4170434
TETWAR,2.323036,2.0093627
RUTFOD,2.08412,2.042736
ABEDUH,1.2919966,1.5721083
XIXTUV,3.1742082,3.2488317
ESAWUR,3.5285006,3.6443639
PIVYOM,3.567957,3.3345246
VETKUC,3.0955672,3.0449004
KAWQOO,1.9458863,2.282253
BIZJIG,2.005479,1.9334015
DEDCUK,3.5453715,3.7017071
BUWGUW,2.124665,1.7255195
POWPIA,4.421578,4.042663
GIMQOI,3.7660558,2.8706734
MIMLUP,3.0117562,3.0285528
VECLIB,3.0544782,2.8511
VOMHOW,3.207406,3.1535356
PAFJIR,3.4667306,3.6483383
XOWQUV,4.435456,3.9265902
BUNYIS,3.1516228,3.6087422
JUDHAT,2.815018,2.9615817
BIJBAZ,1.8756808,2.391477
SONZEC,3.1578813,2.7011676
VIZHOB,4.0019784,4.21114
KAHBAX,3.5742157,3.538795
YACGAL,2.4536507,2.4436915
HAKQAM,3.554079,3.1644335
ECONEQ,1.3045138,1.3523147
WENHIJ,2.8354263,3.3485985
HOSYAR,2.9431834,2.643682
EQEBOT,3.5211535,3.6232252
XAKDAR,2.1940541,2.2627378
NUGNUB,2.654743,2.4868212
YAMFIC,3.293394,3.483364
VIYDOX,2.9437277,2.9279053
CIJNUI,1.9540496,1.7459093
XEJSIO,2.9959736,3.3300486
EJUHUO,2.6854918,2.7336211
RERRIP,2.6808658,2.8563325
ZUZLOY,4.000618,3.8844218
DAZRUU,3.0346138,3.0654702
AFABEQ,2.920598,2.8061938
LUCNUT,3.536936,4.189556
ZABMIY,3.4879556,4.042044
ESUPOX,3.1750245,3.5539517
PEQYIW,3.1780179,2.8778765
MUBVIR,1.6286014,1.3876489
NORBIH,3.0346138,3.0418396
AXUSAO,1.9483353,1.9448701
XOBZEX,3.300469,3.459515
XIVXAD,1.6071044,1.4340805
KOVVUP,3.0531175,3.041483
RIFRUT,1.6114583,2.0069916
FEJSAP,2.308886,2.9059808
LUZFOB,1.020427,0.8343444
ABAZAH,2.9551566,2.7403824
NIDNAR,1.1994779,1.6317614
WEBNOK,4.354094,4.152464
BUBKOZ,3.1382892,2.894514
QUTMUQ,3.6629248,3.5664964
FOSLII,3.123867,2.9773664
VUHHIS,3.0427773,2.8006918
QOKGUV,1.3905019,1.5477225
RALTIH,4.0234756,3.9674566
VOLQAR,3.751634,3.783403
CIWWEO,3.4528527,3.1943755
ORUYOS,3.5554397,3.7106042
OYOHEQ,4.5538254,3.7576606
RAXSEO,3.3663206,3.6848822
QURYUA,3.0536618,2.9965808
TEXDIM,2.968218,3.0056286
CASXUQ,3.8055124,3.2257318
IXACIU,3.5195208,3.7565827
QAVCOG,3.3793821,3.2118268
UKIYEV,3.3301294,3.1358907
FEKGEL,1.1216533,1.586885
OLOREN,2.917877,2.9746556
WACNUJ,4.1491923,3.9511704
FAJCUQ,3.1140711,3.495225
ROMTOC,3.261829,3.212532
ASIHIW,1.7681959,1.9536823
XOYZOD,2.941551,2.9861388
PABKEL,3.1143432,3.2617464
IWIDOI,4.033816,3.8246098
XEWQOG,4.260759,3.422665
COXHEC,3.8936772,3.7678728
HOKREE,3.367409,3.0839448
RAHKIV,1.9769073,1.7624081
MUKXUL,2.9293058,3.204124
OGOGOH,2.7880785,3.0976443
IZUPAU,4.1448383,4.7741065
YIMWAU,3.2629173,3.1908877
YUDYEC,4.9051247,4.5450163
ZOYSEO,2.881958,2.965908
IGEKUA,4.3217125,4.4164352
INEDUC,1.2982552,1.4634459
ORIKUY,1.7336375,1.440798
XIQLAL,2.8952916,2.9858491
SOZKOK,1.4762177,1.7547852
NAYGID,2.9869938,2.3940582
HOSZAR,2.8740666,2.797534
MUVWAB,3.9587126,3.7587504
NAKJIS,3.164412,3.4007096
XOFDIF,0.7567487,2.1456468
AKANOQ,4.6425347,4.151427
RITXEX,3.5671406,3.778297
QOYKAR,1.1864164,1.5557157
YATYIF,3.0724375,2.917199
FISKAU,2.925496,2.779048
ZETYIK,3.6863265,3.6479263
VAMBOC,5.8134403,4.8821306
QAZCID,1.6299621,2.4232068
OWEFII,4.2955894,3.8905735
DEYRAB,3.0465868,3.2395668
YOZHEB,2.879781,3.0520265
WOQBUA,4.377496,5.1334867
EPULOR,3.6234682,3.43209
WUQKOI,4.739951,4.225898
NECCIH,4.7429447,4.658722
ITUSOI,3.0139332,3.0406897
KIGWOQ,3.4212875,3.4249697
XOBLOR,2.1788156,2.4545913
JIYSUF,1.441115,2.2089672
JIPTIO,1.6435677,2.381887
OZISOI,2.3167775,2.5247245
OGUWOD,3.4033282,3.3504794
JACKOO,3.503466,3.0815241
ZIGFIE,3.7606137,3.1915176
QORLIS,2.5728366,2.2756262
TIHSEI,2.774201,3.3435864
LAKXAA,2.9600546,3.4989586
MOWGIQ,4.339944,3.6611125
JUTKUE,3.572583,3.6971946
JUZXUZ,2.0035744,2.0134563
LADJIJ,3.6310873,3.1145272
AKENIN,2.5374618,3.316774
RAVYIX,2.392697,2.941388
CECVAK,2.9924362,3.5338216
SAKDAJ,1.2767582,2.774968
UJEKIE,3.2343454,3.5820498
GABTUB,2.6642668,2.917527
INITOO,0.51864904,0.35990477
KEPTAB,3.2351618,2.995941
LOFMOJ,2.822637,2.3724775
TELBUK,2.750527,2.207092
XIKWEU,2.167387,3.0961492
AFIHEG,2.1714687,2.140478
YOCPEP,3.1197855,2.5640306
RITJAH,2.7850854,3.137516
NEPPAC,2.5268493,2.6763139
JITCIY,2.411745,2.5616045
IVITEN,2.16521,2.0264208
QEWYIA,4.002523,4.254694
RIGSEG,4.2417107,4.3516636
QIYPAP,1.8748645,1.9187167
OHAPUI,1.7047933,2.4515753
TUTSAC,2.1369102,3.670306
YIDKAA,2.9997833,2.9331963
LUCJOI,2.2256193,2.439824
LEHVIE,0.5850448,2.3239098
ERIFER,3.7889135,3.5263717
RELWAI,1.8416666,1.6069875
MORDAY,2.6414092,2.6695738
EBOGOU,2.1208553,2.084149
YABGIU,4.017489,3.3384123
QICZOT,3.0098515,2.5113854
TAFPIA,3.7663279,3.4806972
SEQXOB,3.6308153,3.3673465
IMUKAC,4.5630774,4.329552
IDACUN,3.372035,3.0702507
QORLEP,3.0245457,3.065087
DOMSUV,2.9431834,2.8435283
SIZCUA,6.627061,5.914354
OYOLAS,3.474622,3.2567654
ZIJKEI,3.0337975,4.0287952
UJOLEK,2.9625037,2.9530854
JERXOU,3.1801946,3.011903
BENGLY,3.840343,3.8820195
PENOFE,3.742382,3.600039
SOVBAH,2.7788267,2.986804
QINCAV,1.0062771,1.4707671
OLUPOB,3.4310837,3.9155638
UWANEO,4.9617243,3.9481664
AFOWUN,2.2169116,2.2097104
JUTKOB,3.3499937,3.6427817
UDIBER,3.4063213,3.5378335
IGINOC,3.6076856,3.4999456
KISDOF,3.5434668,4.052779
TAFDIQ,3.567957,3.6816902
IKUTOY,3.4359818,3.264339
PAXJAZ,2.8539302,3.223057
RUZCAR,3.6378903,3.9709148
PUTMEX,1.6778541,1.961477
QAGXOP,4.443075,4.2990127
QOBLUP,2.3584108,2.1176262
GANNOB,2.8708012,2.7897255
NEVYOG,3.061009,2.7669876
CAKVIW,3.3233266,3.2239354
CIQGEO,3.2841423,3.2817042
PIMTOX,3.4953027,3.3147814
WAFVIM,2.5676663,2.8711414
YIDLOP,3.2879517,3.2009282
VEJFOG,3.3818312,3.409903
WIKZIB,2.2947361,2.521827
MOWWUR,1.6008458,2.6027737
SIDCOB,2.1521485,2.2294567
SAFVUQ,4.2302823,4.4319434
NEYTUH,1.7834343,2.5268066
POPWUM,2.9695785,2.4209273
KUBFUJ,1.7801689,1.210344
YISWEC,3.1440036,3.4634054
EMEVIE,3.3954368,3.7283363
NOQPER,3.2944825,2.997601
CHXFEB,3.866738,3.596027
MAVHIA,2.3385465,2.7850404
CEMNEO,4.241983,3.740305
IDUTEK,3.2474067,3.24463
TORQOI,3.4250972,3.3917193
JISGIF,2.311335,2.3996637
AQAPAL,2.5001822,2.6251678
VAKHOF,3.3143468,3.4812574
GUKCEV,4.493144,4.151468
KIXSUG,1.9684716,2.2829208
PEHQUQ,2.4155548,2.9880228
YECWUA,3.0841386,3.327179
QEZFEJ,3.250128,3.1450822
ZUHZIN,2.3986838,2.3066099
OZESIW,3.2474067,3.3813703
BCPERH,2.000037,2.1224253
YESPAQ,2.9935246,2.9638963
XILPOZ,3.7791173,3.4693103
GUMHEC,3.7663279,3.3479185
WISYUV,2.6471236,2.4011655
JUPDON,2.7978747,2.3574636
MOSGIK,2.9869938,2.7061565
CEXTOS,2.3399072,1.4182001
DUPMIL,4.5271583,4.202015
CIDFAA,3.5431945,3.281766
VARWOB,1.3671,2.9577212
HAVFEQ,2.509434,2.8815007
HERQEA,2.815018,2.8137646
MAQNAT,3.7361233,3.2190137
SAWRUE,3.8153086,3.436287
PEVTOC,2.9499865,3.146874
ENAJIM,3.4743497,3.2665207
QABFEI,2.043303,2.1134973
WAQWOA,3.4427845,3.2065814
LUGFAX,2.9124346,2.870658
BIKSUK,4.4226665,4.1482863
BOXPEJ,3.3222382,3.534076
IKAGUZ,2.4245346,2.3728309
RAWVAN,2.9434557,2.804486
RAXWAP,2.9219587,3.5916252
BEJWOF,3.1984262,3.0008597
NAQQEB,3.4414241,3.103256
HOBQEV,2.0106494,1.8098067
EREDIO,1.9943225,2.0568824
AWIZEL,3.3616946,3.840254
YEDCAN,2.8571956,3.0306282
ILIJAO,3.99572,4.384921
SIYYEI,3.087676,3.0585606
BEXTOO,3.548637,3.47822
LENKOE,1.9910572,2.6625235
UMECAT,3.9750392,3.6859689
VOTWUW,2.509434,3.0155985
WAJTIK,3.6656458,3.8799696
ALIMOA,2.1529648,2.1406202
DAKLUX,2.7472615,3.1656265
DEQLOE,1.4835647,1.3251776
LAQRUQ,2.3056207,2.2801332
KAJHUC,3.0463147,2.8778114
QOCVUZ,1.4408429,1.4853929
PAKVOO,2.4501133,2.8574061
QAKYOT,3.8343565,3.8179953
ZIKVIB,3.0340695,3.1690292
WUPXIO,2.7660375,2.3767633
XONWAA,3.6642852,3.649876
QOQYAW,0.9875012,1.8449541
REDKUI,3.4735334,3.7807453
TEWMUD,1.931192,2.1279178
UCAVEZ,2.8792367,3.095061
QIHWAI,1.9507843,2.343167
HUTWID,3.0653627,2.8972874
JIZLEK,2.9069924,2.5516214
TOZTOT,2.143713,2.109165
WIPWEA,2.9159722,2.9450338
CUGLIC,1.7592161,2.6806371
OBEPIY,2.3856223,2.764925
AKALII,3.496119,3.6673913
NENLOJ,3.224005,3.4179552
OTUNEX,2.7701192,2.9685786
MUYROQ,3.374484,2.9447863
ECUHEQ,2.7260368,2.5593615
NARJEW,3.2904007,3.3479676
DEGHUV,2.6977367,2.7784164
NAZFON,2.7469895,2.9160664
JUFVUB,0.83348477,2.1197834
JELREY,3.24523,3.5983558
ZOHJAJ,2.8076708,2.917513
NAMXAD,3.0120285,3.4866378
EQUYOE,4.4765453,3.7499864
LETMOO,3.0403283,3.0391095
BIKROD,4.105382,3.8960428
LEGVIC,3.460472,3.5556252
JUBXIQ,2.8718896,2.6205482
QEGLOG,2.5834491,2.420868
WIKGON,1.9352738,1.8036119
TOPNUJ,2.1853464,2.3047273
GONDEU,3.388906,2.9592233
NEDQEU,1.8925519,2.2839108
TECSOK,1.5118647,2.408055
AJONAP,3.233529,3.39797
QAPREI,3.6038759,5.5373926
UJADAL,4.1328654,3.577333
NUWQAX,2.0930998,2.2076776
WAQVAO,2.5442646,2.0679522
NUSKOB,4.550016,4.1896
EKINIW,2.8310726,2.8806472
ZITNEV,2.2814026,2.0922866
KIQLOO,1.3635626,1.9214743
NOSHEI,2.5388224,2.9400117
EDISOC,2.4996378,2.7535913
ZEKTEO,2.6882129,2.6565194
SEKRAB,1.725474,1.6797999
SIQHEG,2.5826328,2.984271
ACAREE,3.0746145,2.7810812
QAGWUQ,2.014459,2.2987313
LIRBUK,4.3644342,4.4879265
TUMYUX,3.4182944,3.143735
OJAGOV,3.0362465,3.000848
GICFAC,2.7997794,2.7923784
NAWVOW,4.9260774,4.822381
TOGPUC,4.5271583,3.8888052
NOBGER,2.9284894,2.818596
TUDQIT,3.0416887,3.4694495
WIYHUJ,1.9529612,2.1294577
HAZVIN,0.27728403,2.6537426
YUJFEP,1.9981321,2.1621199
YEZCUC,3.2106714,3.4374075
OVEPEL,1.9224844,2.3138888
TETKEI,2.4269836,2.9104633
YITJEQ,1.3186638,1.558875
OGOGEX,3.1894467,3.4786572
RUHRUI,2.024255,2.3160348
WEMWIW,2.4171875,2.5939388
DEKRAN,4.819953,4.511238
OLEQAZ,2.6509333,2.7912495
UGUZIG,2.207932,2.2440255
VOMRAR,2.9861774,2.6765203
RAPJAW,2.6302526,2.418426
XOSNEY,3.0871317,3.154161
BERJIS,1.3932229,2.115604
NONWES,3.1222343,3.1741087
LEHQIA,2.533652,2.6169772
XUYGUW,5.360643,4.3394136
BIPHOZ,3.7859201,3.685803
RAPWEO,3.0797846,3.157529
ANUJAX,2.793249,2.6899035
LINTIN,2.822909,2.9982786
HEVWUC,3.00196,2.812749
FOGPIB,4.2223907,3.9424894
POQSOG,1.551049,2.731739
QAVZUJ,3.4882276,3.7391248
QEYLUC,2.997062,3.044149
XORQUT,2.5913403,2.7303908
WODBIC,2.884407,3.2793276
WEPGIJ,1.5159463,2.16281
TEJDIY,4.1685123,3.9002185
WIVPAS,2.146434,2.429276
KUMDOM,2.6835868,2.8817453
HAJLIN,3.4191108,3.6748896
YIQQEY,2.8805974,3.309061
YOBXUI,2.0922835,3.0206459
COKNAU,3.0898528,2.9151921
IYEREK,2.2735114,2.605755
OMOQIS,4.057762,4.0929375
SIHMEC,2.1567745,2.5206828
AXBOCU,2.3151448,2.0221555
ANIHAH,3.758981,3.700456
XOMFUA,3.3404698,3.176909
ZIHRIU,1.0536249,1.0004107
XAGPAZ,2.2381365,2.2853687
JENCAH,4.2213025,3.8472397
ZIDNUZ,2.89638,3.1155198
COSTEL,2.3450773,1.8996319
MTPAPT,3.1410103,2.8756871
IVAQAX,2.2356875,2.4329867
XEMFUU,2.466168,2.7185457
UTIWUR,2.1320121,2.2144635
NUCVEN,2.282219,1.8782861
AYOVUH,2.9567893,3.0198872
COSYOB,2.9859054,2.9636705
NAYVAK,2.9954295,3.3339517
MUBKIF,2.5271215,2.6230977
FEGBEA,3.2757068,4.040268
AFIZEV,4.1881046,4.228877
KOQZEX,0.7537554,0.94157195
XEKCEY,5.176694,4.530567
KEKJUF,4.254772,4.4809203
AHOGOU,1.5205723,2.0891082
NINCOD,2.5943336,2.561126
QICWIJ,3.1589699,3.4230373
ACONIQ,1.2604314,1.5112973
YETHIR,4.067558,4.9329786
QAWYAP,3.190807,3.3127952
ESUZOH,1.6990789,1.7819768
OWEXEV,3.209855,3.1903996
ZIDZAN,3.5695896,3.7951274
RAZDON,2.7499826,2.9108117
NERPUW,3.2844143,3.5180326
BAGPAB,2.3246686,2.5366392
LERBES,2.9630477,3.025197
GUTQOB,3.876534,3.7570024
HIVXEP,2.8294399,3.019888
HICKOW,3.410403,3.4534643
DUZMUG,2.6065786,1.9286646
ZUSTEP,4.4196734,4.6553383
SELSIL,5.2534304,4.5691338
VIJHAB,1.4688706,2.0337243
GATXOQ,3.302918,3.2077413
JOBKUH,3.0607367,2.733083
HUTCAC,3.329313,3.3928874
VEYXOP,1.3641068,1.9404962
XINXUP,2.294464,2.9301333
XEKKAA,3.3257756,3.4556642
FOJNUP,5.102951,5.027858
TACXUR,2.1741898,2.527902
LONXUI,2.4781408,2.5013866
MADWEV,4.280623,4.8049474
AROLEA,4.261031,3.9394927
MICJEQ,2.0688818,1.9357213
EBOHAE,3.352987,3.344495
OWEJEH,1.653908,1.7533283
REWWUM,3.1848207,3.04268
YIYTUW,3.8680985,4.3353424
PEHKIZ,2.879509,2.7087343
AVIYUZ,2.8996453,3.2131531
BODFIJ,2.7965143,3.1888983
NESDAR,3.7524502,3.8570719
OHOQEK,2.0296974,2.5448399
OJIMEA,2.8716176,2.775363
XUGMEU,3.635169,3.6453288
HUTWEZ,3.725783,3.197841
GAZWUD,3.535031,3.9400263
WIYXUX,2.2506537,1.8874389
SOLMUB,3.9412973,4.0064406
XIFXIW,2.8079429,3.33376
DOSXAM,3.9905498,3.7303257
CIWQOO,4.56988,4.279389
HUZYAC,3.4068656,3.3619576
WORZOV,1.0718565,1.59336
UHOMAG,4.655868,4.4828367
XOBNIP,3.1431873,3.324876
TEJKOL,3.455574,3.3813045
CEJPIQ,1.063421,0.97735727
KIBTUL,3.3592455,3.330582
ORUHOZ,4.864035,5.0706725
PUPRAW,3.168766,2.8751001
KUMFAC,1.856905,2.1981547
SOWTEE,3.2762508,2.9641922
TUKLOD,2.9148836,2.973163
XATQEQ,3.1143432,3.1670704
BISJES,2.8718896,2.4723995
WOCRIT,4.19137,2.8093333
ZEYHET,2.6403208,3.084029
TIJHAX,3.8468738,3.8915389
KOJRUZ,4.433279,4.1390452
ZIMYED,2.3692954,2.9956582
HAWFER,2.7048118,3.0450401
VIBCOZ,2.5339243,2.892401
VOMDAD,3.2030523,2.6422849
FUQQUF,3.331218,3.358629
IKOCUH,2.861005,2.9749455
LETLEF,3.8868744,4.080552
SOPNUI,2.755153,3.0078788
KODFAL,2.9973342,2.9529033
VAPXOB,2.5992317,2.6410503
LEYNUY,3.8155806,3.5388217
CENNAM,2.8729782,2.6191907
RUCMAE,3.9848354,4.0607243
XIRWEC,3.8114989,3.8982165
IMEWON,4.7135563,3.9058423
XUMHAP,3.0713491,3.3868403
TEHYAH,2.4014049,2.7629437
MIVTAO,2.8697128,2.9245007
WAWMUF,2.473515,2.6472392
KESLIH,1.7099636,1.759843
SUDGAZ,1.971737,1.8273827
OTUNOI,2.2397692,2.6399884
WALDOG,2.9271288,2.9179537
OMEGES,3.4904046,3.4997947
UGIYAN,2.1526928,1.7966187
SEWTET,3.5167994,3.6124718
KEZBEY,2.7401867,2.6923115
IKUBAS,2.8781483,2.6327236
BIKDUW,1.3200244,2.5891008
QOYMIC,2.3804522,2.5333543
NIPMOP,2.6054902,2.7921305
AYIYOX,3.6800678,3.892055
PUKSIA,2.5641289,3.0217304
OXUGIY,4.4444356,4.385001
DEFXUK,1.8775856,1.9320738
KIXZOH,4.5105596,4.230134
OKIBAM,5.010977,3.8743665
DAQFUX,4.4553204,3.8591852
YAWDAF,2.1009912,2.2782884
FAZTAF,3.6008828,3.6558385
NIVWOF,4.337495,4.45485
MARSAD,3.0433214,3.3837907
REXMEN,1.44819,2.5791545
YATZIE,2.7899835,2.1224425
MOGQEE,3.1897187,3.975655
RECYED,3.6811564,3.6728086
ZEPYOM,2.026432,1.1148722
OPOLUC,4.7573667,4.5459185
COVKOQ,3.3344834,3.595276
PETHEB,2.1853464,1.9676051
TAJVEF,4.5111036,4.5980034
SASSUB,2.595422,2.6737778
SIDDES,2.2969131,2.2208395
UVIHAL,2.6346064,2.7956061
MEGLUJ,3.2014196,3.1738281
XEQSET,3.054206,3.6371028
YAVLEP,2.205483,2.7881074
NEDMAM,1.0617883,2.3109055
WILXAT,3.36496,3.4177728
EVOGUT,1.6928203,1.9155954
HATPAU,4.430286,4.576373
YOSLUQ,2.717601,3.0144086
SIFKEZ,1.4519995,1.6991364
KADHIJ,1.3464193,2.4136777
MOQKOT,2.7450848,3.0018225
NEKQIE,3.6770747,3.7019074
AREHAG,1.2710439,1.1822572
BEJWOE,2.1366382,2.591793
BAZMOG,3.395981,3.487312
FAPSOF,2.1442573,2.9053385
ONACIQ,5.0972366,4.703125
ZILZON,2.652294,2.0318713
ROLVAQ,3.6797957,3.3361692
YUTWER,3.1755688,3.2464004
EDEXOE,1.8062918,2.1455069
MEPCUI,2.549979,2.634311
LIGRUQ,2.8503928,2.808516
ILUDID,2.74835,2.6864681
WORFAK,0.18911913,3.5601516
PAPQEC,2.5807278,2.5224044
QANQED,0.7104893,1.9829726
EGAVEQ,2.690662,1.9813693
SUMTEA,1.746971,1.5167795
OJURUI,2.7429078,2.6849568
EMEXUR,3.2117598,3.2419233
WIMVEU,2.693655,2.12572
AXIVEI,2.8327053,3.0084064
NIGGOC,2.5897076,2.7049482
PEBGOU,3.2952988,3.295538
FIMTUR,2.490114,2.3942332
HAYWEL,5.783508,5.8789597
KIGWIG,2.1418083,1.9486187
DIHLEN,1.6637042,1.8902484
ATORAD,3.3905387,3.7613125
HIJYUX,2.5341964,2.785025
PIKRIN,3.98674,2.8537667
GENHAK,3.1110778,2.9706802
BOJKAN,3.8487785,3.4747257
AVUNOU,1.0413798,1.4551295
AHOBUV,2.081399,2.3319225
QAKJIV,2.5921566,2.1728642
NADRES,2.35188,2.64852
SALANI,2.167387,2.291468
ITUGUB,5.93181,5.646675
PUCFEY,3.9521818,3.596656
TEGHEV,2.9246798,2.9315736
DACFOG,3.3976138,3.0228837
GACREH,3.0520291,2.917958
WIPXEB,2.6517496,2.5851192
UTOLIA,2.5102503,3.0518868
BAWFOW,2.3883433,3.1291347
IQABUA,3.4237366,3.3534057
QARDUL,1.3665558,1.659257
PIBDOX,3.0520291,3.1663194
XILLUD,2.354329,2.0350108
IGITEY,4.036809,4.308584
KILXIQ,2.198408,2.2206092
KISVUD,4.393278,4.263497
EREJES,4.928798,4.2150226
BEKJOU,2.514604,2.6948695
GOVBUQ,2.5695713,2.8412275
ONUVAX,3.2359781,2.7412736
USEFEE,3.18346,3.2000287
FEKNER,1.9279267,2.028855
QEVPEQ,3.180739,3.4763145
HUTPER,2.7404587,3.0853
YAXYUU,2.4931073,2.7773762
CILTID,3.1445477,3.2915442
YILZEC,2.617191,2.6178904
TUMFEM,3.5336707,3.737716
AGETEL,4.2569494,3.4766326
HIVPEJ,3.0822337,2.9843822
MIJPIF,2.9336596,2.6270828
KUNGUW,2.9431834,2.7416615
RISKIQ,1.4109104,1.4005557
WIYNAT,3.86184,3.5007765
LUPVOI,1.9273825,0.90942574
OLAFEN,3.1056354,3.2291627
VITKUE,3.1842763,3.7956927
UZEKUG,2.1374543,2.2944758
EPAHEL,3.2035966,2.7488089
LOLSEK,3.3159795,3.6264606
UCENUO,2.506713,2.1005328
UMIQOX,2.8120246,3.0370302
SEPLEG,3.2607405,3.3212574
COKGOB,2.9472651,2.956797
HXEBCU,1.3986653,1.152011
POYWIM,2.5744693,2.4569638
MASCUG,1.5379876,2.480608
FALXAV,1.6364927,1.400625
NAYROW,1.8686059,2.0667486
CUBZOQ,3.6977553,3.736903
ZEHYIU,3.6762583,3.6210485
LEVYOD,2.282491,2.3787491
BESCEL,3.0101235,3.3714962
HAYGOE,2.7878065,2.7118876
SIZVUV,2.2952805,2.311701
VAJRUU,5.5135713,4.8801975
YIDWEN,3.5306773,3.41563
YUHBAE,2.5638568,2.753801
OFAQAQ,2.824814,3.2160943
MIKFES,3.4182944,3.6417756
USITOG,2.409296,2.7822082
POFHEA,2.7129753,2.678626
OCECOP,2.3760982,2.2573447
NUHTEQ,2.4370518,3.2062461
FEPDEK,3.6914966,3.4156744
JOZTEZ,2.867808,2.678546
URICUU,3.0961115,3.2249858
XELHIG,3.0675395,3.1990356
UCUPUH,4.7451215,4.4791136
BAPSET,5.2009125,4.9944887
TOMZON,5.029208,5.235094
MOWTIE,2.8498485,2.8483129
WUDGUY,1.8362243,2.3578882
VAQMIJ,3.0797846,2.857485
YOFZID,2.5562377,2.4688709
LOGMEC,2.1570466,2.3456957
TANNAB,2.2180002,2.795204
WOFYIZ,3.5429225,2.831248
JITRIO,2.518958,2.2644424
TOTKOC,2.530659,1.9727529
FARYUS,1.1251909,2.2562683
ZEJQAJ,1.5257424,1.5676146
JECBUP,3.0697165,3.13465
CEHDOL,2.8571956,3.154032
KOLZIU,4.024292,3.6302233
TPCYCU,3.4201992,3.8838828
FUBGIU,4.7707005,3.7380538
GOCJAM,3.1445477,3.210021
EHEDAZ,3.0963836,2.930038
HOSMOT,2.0555482,2.0595553
EQISEC,2.9113462,2.7956238
SACZUT,2.406575,2.8686473
DAJMEJ,4.894784,4.1140914
EJANIM,2.8735223,2.9210148
HENMAO,2.9472651,2.9759903
KUQJOY,4.31627,3.5059884
BEVMAS,3.0226407,3.730052
IGUNAC,3.1363845,2.9434137
YUMMEA,4.4226665,4.360748
HIQBEQ,3.1630516,2.900834
VORGAN,3.6955783,3.5502179
WULZAH,2.9820957,3.0921845
CAMPOZ,2.7799153,2.5092142
FILVUT,3.2727134,3.3418853
RADMAK,2.1521485,2.0825212
QEKJEX,2.7695749,2.8312376
QIZMEU,2.9527075,3.6779165
NOZBIP,3.9494605,3.5102978
HIPVAF,3.0288994,2.8132775
CARSAS,2.323036,2.6717749
SIMLAD,4.530696,4.068277
HUDFUH,2.2071157,2.7253816
TEZTID,3.7260551,3.5907679
TOQJEQ,2.3450773,2.2088041
UGUSOE,1.6073766,1.2751654
QIGBAL,4.4700146,4.636324
QUMFOT,2.394874,2.326848
IBAVAK,3.5366638,3.6867929
FOBQOE,2.4718823,2.4352746
ESUVUL,1.6179891,1.7833668
AWOGAW,2.9097135,3.078158
UMEHIE,1.6288736,2.897636
LANMOG,2.227252,1.7074603
ETAPIZ,1.5668316,1.6748726
KATRII,2.693111,2.4601943
XULXOU,3.508092,3.531177
TOLZUQ,1.4560813,1.9025959
CIWKEA,3.9334059,3.712038
BEKTAQ,3.5410178,3.334696
GOGCUA,3.154616,2.994849
CETXAD,2.0656164,1.9450147
ZEPVIB,3.6670065,3.3645396
FUNHUU,2.6901176,3.180183
PEQQAG,2.6596408,2.9905882
XUPSUW,3.3976138,3.1345055
TEWMAJ,3.2275426,3.2059202
HAWFOC,2.5105226,2.421458
LECYIC,3.2302637,3.1574647
SULVIE,5.198191,4.807902
ATIZIO,0.7654563,2.8425016
VEZZUX,2.043575,1.7781385
OFIKET,4.1257906,4.21329
IDENUE,2.0462964,1.589702
JECXEY,2.621817,1.5631082
YASKEK,2.7880785,2.8747396
PURTUU,3.0310764,2.686056
DOCRAS,2.3129678,2.0062218
ZEPQAP,2.2901103,2.1735895
PAPQIG,2.5701153,2.4857948
KURLIT,2.7448125,2.5498977
ETAXAY,2.9195096,3.334669
IXEFOH,3.6762583,3.3592918
ODAFAC,3.1567929,3.4168139
KIYZUQ,2.6917503,2.3579211
HOPCUN,3.899936,4.2200007
ECOSAT,2.814746,2.7665315
IJIZUZ,5.2093477,4.785331
LIGQAT,1.9325527,2.3076391
HUWGIQ,3.0430493,3.6036093
IJEMOA,2.7671258,3.2113242
AZILOK,3.336388,3.2588596
SOPJUC,2.2065713,2.1040635
XOZVUD,2.8659031,2.534657
MEDMIV,2.000581,2.0773742
YEBTEE,3.4384308,3.492406
CEDTOV,3.3546197,3.037557
TAMTUX,4.3603525,4.124861
CETGUG,3.3113537,3.5422206
IKUFIF,3.0795126,3.0700212
BISHUJ,3.7393887,3.632465
YIPYEE,3.3252313,3.2709365
LAMGIT,3.200059,3.155608
FEHXUN,3.087948,3.3359354
QATKUV,1.4443804,1.816626
UTUWIR,3.5138063,3.2405016
LIMYUD,2.4392288,2.2644749
VALVUB,2.6544707,2.5165591
QUQGIU,3.5845559,3.961921
QIQHIH,3.7173474,3.3203294
WAXGIP,0.9436909,1.9140706
MURKAO,3.0027764,3.1525445
ENAKOW,2.5105226,2.4254851
NAYFOJ,3.3559802,3.6368375
RIVPUI,2.9551566,3.5393386
YEZCIT,2.6242661,2.398477
ICOQUM,3.0120285,2.714225
VOZGEY,2.5295706,2.5846648
CECTOW,2.9976063,3.567381
MELZIN,0.81498104,2.4492173
DOQXUD,0.7714428,1.3087255
FEYREJ,3.4180222,4.0625515
UVEZEC,2.8063102,2.8234055
TUCSUF,4.6738276,4.6367903
TURMUP,1.4977148,2.3429322
VEPZOG,3.7636068,3.7044873
FIJGIP,2.5728366,2.6682835
NADWUN,3.5791137,3.4028392
UNIDAX,3.8863301,3.9790645
OJOVAM,2.8044055,2.7742531
BIXRAE,2.9312105,3.290628
DUMXIV,3.004137,2.8154645
NOJKUS,3.9276915,3.6760912
WUGDAD,3.1086287,3.2290664
OPOGEG,2.9238634,2.7602406
AQEVUN,3.6003385,3.9196477
TIFMAA,3.5693176,3.3976634
BOZPOX,2.0925555,1.9957204
RORMUG,3.0430493,3.2999318
MEDXOK,1.6947252,1.6959225
IXIVIU,3.6963947,3.5112996
DUKNAY,2.9412787,3.007331
JEBCEB,3.508364,3.3575268
DAGFAT,1.1401571,1.2852671
ZUZMIQ,2.8076708,2.4722126
YEJVOZ,2.8041334,3.4285476
FOCTAT,2.1369102,1.9317956
FOLZAI,2.7739286,2.3249683
HOKBEP,3.4430566,3.061626
LATNOJ,1.4729524,1.5314494
QOBRUW,2.3548734,2.1438668
UJEGUM,3.4234645,2.844725
OYEGIJ,3.8898678,3.2478487
GUXWED,2.2539191,2.058941
PIFJIX,5.5916677,4.9168086
LEZBEA,2.875155,2.9597304
XOZKOM,1.1050544,1.6801304
RIFYUE,3.88116,4.148644
PABMEL,3.6280942,3.6326199
IQEGOC,2.3311994,2.500856
OZISUM,3.5312216,3.4080787
ZOMKOD,3.8343565,3.3953636
KEGTEV,2.0286088,1.9907855
UJIWAN,2.6212728,2.8114614
NEYRIT,3.2539375,3.1388953
WAHVUA,3.5453715,3.3426402
GOCFOV,3.8487785,3.5766065
DOQSOT,1.563022,1.8391867
CIBHAZ,2.8408687,2.8296702
XEXZIM,2.3431726,2.9839356
VIQLAJ,3.5524464,3.4854727
CUCPIC,3.9872844,3.8480873
KALVUS,3.3284967,3.3824427
HIDBOM,3.5309496,3.654203
TEPPIQ,3.410403,3.4542613
BOFLUE,3.8174853,3.5619977
JOLKII,2.9603267,3.0138063
LITXOE,4.070007,3.7608204
CAXXEF,3.0454984,3.5315087
YOZDIA,3.7197964,3.6240444
IDOKES,2.8680801,3.4076037
LABHUS,2.858012,3.3059864
SUVFIB,2.5429041,2.8691273
JUCFAR,2.611749,2.7898185
XECWEJ,2.4199085,2.4756596
ZUNLUP,5.750038,4.706399
HANXID,1.8359523,2.7532797
NUXMAW,3.413124,4.1502476
RAJHUH,2.6242661,2.6554964
XITKIV,2.8422294,2.9189029
YEDQOP,3.0501242,3.0359097
TAGREY,3.695034,3.741502
WUBTIW,3.0191033,3.5423608
VUDWOH,3.250672,3.3010857
SIDDOZ,3.0716212,2.748795
XAFTAD,2.2620826,2.3160946
DIXXEN,3.328769,2.8045683
SOFFUP,3.355436,3.5038173
WIWSAZ,0.97580034,0.7220104
POQREV,1.8737761,1.9544817
FUHXIQ,2.3309274,2.7716396
AJOKOB,2.9706671,2.9316797
POMLEJ,4.0645647,3.6597838
ICURAZ,3.0346138,3.0487878
YEVYIK,3.0746145,2.7890863
QANGUH,2.5178695,2.3021626
NEYRER,0.22503817,2.3611317
OBIVUT,1.7926861,1.9640359
KAGMOW,1.510504,2.1679053
HOWKUA,4.113001,4.3370953
ZORWUA,1.866429,1.5307534
BEJNAG,2.741547,2.4930582
TEVJOW,2.798691,2.2556639
CEJNOW,4.438177,4.708741
OLEVEG,3.1118941,3.0587742
QARFIB,1.3319974,1.4191903
CEBNIH,1.3747193,1.578541
WOSRAX,3.2710807,3.3914614
EYEQAA,1.8563608,1.9179941
HIWFIF,3.5148947,3.6476104
RALFEQ,3.2901287,3.2039285
OZATAL,3.4348934,3.6895921
LALPAR,1.6449283,1.8226706
CEBJOJ,2.7867181,2.8065052
NEKGEQ,3.1875417,3.1462812
EXOKAE,3.592175,3.4455714
JEGDOO,2.4381402,2.4203591
WOGYIA,1.878402,2.3314123
KOWPUJ,2.7712076,2.4054556
VAWHIN,3.5902703,3.1732736
VIQZIE,3.926875,3.8915358
HODVOO,1.8958173,2.0318885
TENGOI,3.4498596,3.1872044
LUQYEB,3.147813,3.0143113
ZONJOD,2.5886192,2.6410663
XEGTEM,4.312188,3.923115
QEGVOQ,3.8996637,3.8978057
LOYJOY,2.449297,2.6678877
YOJSEV,2.9570613,3.677076
CANBIE,2.339635,2.192846
SUPFAK,5.5840487,4.7460866
DIFFAC,3.4449615,3.188151
LAVKOK,2.2735114,2.6772668
GUCBIR,1.8745924,2.5019197
UZASEV,3.642244,3.5880775
XUVMAE,3.6893198,3.1590986
JAZFIA,2.6484842,2.6401947
UVUHEB,3.4359818,3.5979655
SIHCIX,3.541834,3.2998424
TAKZEM,2.451746,2.3583293
DAMRIW,4.508927,4.4153833
BASPET,2.8495765,3.564005
OCECUV,3.3208776,3.4404435
WEMROW,3.732858,3.0864947
BUYWAW,3.0737982,2.7652366
GALGOQ,1.9137768,1.9331568
VOVWIO,1.7600324,1.6250534
HUNLOR,3.1363845,3.1183329
GOXKIQ,3.7682328,3.7465844
RUJRIZ,3.3850965,4.0777
REKCOB,3.6392508,3.1553147
XIYLUN,2.232422,2.4111435
OJODEW,3.0939345,3.0495973
JEFREU,2.6514776,2.6413155
NUCGID,3.3987021,3.892014
HULSAI,1.63486,1.6433936
UWUJON,3.0025043,3.015942
TAWHEF,3.9617057,4.003714
YAQSAK,2.9755652,2.4830198
HAKXUM,3.9823864,3.2994785
XAWPET,2.8993733,2.7501016
ZESXEC,1.1790694,1.508141
YEHNAA,2.8547466,2.7102175
DEZPOP,3.3987021,3.5067832
FASPOH,3.524963,3.416388
LIYFEG,1.9320084,2.3452811
GETGAO,3.2871354,2.7453792
TEQGEC,2.8425014,2.256723
DITWEL,3.137745,2.842362
IPURIU,2.4969168,2.1698895
QUGZOK,3.5470042,4.220303
REQSAH,2.0253434,2.3283856
SURNEZ,3.7451031,3.9885988
YIDBUJ,3.4950304,3.3063326
HEPHIX,1.8639799,2.3808432
CAXBIP,3.3739398,3.15683
POCXAJ,2.5616798,2.7394905
EJAVES,3.443601,3.3570442
KEDMEL,2.9597826,2.9750934
RUCBEY,3.1752965,3.2144957
SUXBAO,2.234599,2.5491123
KIGBEJ,2.8286235,2.8399267
XORPOL,2.9290335,3.1174276
LANKAP,2.3004506,2.428039
UYULUW,2.4362354,2.733555
AJOXAZ,2.52821,2.5217736
JOLBIZ,2.8038611,2.9518094
SUYPUX,3.8525882,4.158147
KADPAI,2.7214108,2.6618977
DEQPUO,3.2819653,3.2625484
YOCDEA,2.2950084,2.3069017
IKONIF,1.9954109,2.1256294
NUWVOQ,3.2754345,2.7916415
UVEGAF,4.084157,4.375511
QUQYIL,2.997062,3.0628934
CEZRIM,2.843862,2.8079164
XUVGIH,2.4797735,2.6388063
QEZQUI,2.3268456,2.0648751
MUTLUI,2.4702497,2.7986605
ELEDAA,2.2242587,2.1248891
HOBHEP,2.007656,2.5360112
CEBVAJ,2.081127,1.921251
GIQWEK,2.4003165,2.8226058
EQIZAG,2.800868,2.7513573
GAVXIK,4.2030706,4.271776
MITLIL,4.3094673,3.6866586
BEWQAX,3.5429225,4.231978
TIJLEE,3.1986985,3.371698
YOCPOX,3.2572029,3.5755043
ERIDIS,4.1970844,3.9185677
TOWFEQ,3.4169338,3.8787956
LEMVIM,2.698009,2.6450334
TIQQUF,3.1246834,3.3705688
XOGCOO,3.520337,3.5013678
ADINUA,1.5118647,1.8614429
YUNTEG,2.1009912,2.7253568
RERBEX,1.7676517,2.0159934
KIMPAZ,4.072184,3.7479153
GAWSOP,3.2634616,3.3410227
GIWLUV,5.7587457,5.647258
XOHVIB,2.9785583,2.9569004
CEVLOG,2.8552907,2.4781787
POFWAL,5.1086655,5.252319
UBADEK,3.821567,4.4290133
CIKWOK,2.7880785,2.5998795
SAQXIS,4.3668833,3.872084
UNAFAR,2.9597826,2.7800105
XECGIW,3.5622425,4.004791
GEBXIY,2.0299695,2.8548863
TUKHEM,2.8286235,2.5284836
DEBHID,2.3837175,2.6392205
SODTUE,4.3785844,3.3276448
QOZBUF,3.0923018,3.741784
PETPIQ,2.7034512,2.6909807
FUMSAI,2.6340623,2.5780792
DEQVAX,2.6593688,3.7005954
OPIYIW,3.3461843,3.5103843
XERGUA,3.9157186,3.741516
PACSUL,2.2816746,2.574154
JUXZOR,2.872706,3.1665425
ODOXAI,3.5693176,3.4632714
HUJCOH,2.9796467,2.6568995
JABHED,2.148883,2.1911132
YAKGOH,3.2650943,3.4696827
MITYUL,3.2441416,3.220374
SAQWOY,0.4337495,0.5511973
ZUQRIP,4.0112305,4.072887
IXODEF,2.2449393,1.7557597
FETJAR,2.8786926,2.7644885
VARQAG,1.5755392,2.6783075
CEPMIT,2.4506574,2.3852298
YUWXET,3.96742,4.5196843
BOWVEO,4.1878324,4.3037252
YAVMOY,3.9301405,3.5034242
XETKEM,3.6819727,3.9004624
EKOSIJ,1.5755392,1.4165759
PAJRID,3.4210155,4.0622168
ZOMGOZ,3.334211,3.0352058
TIDBIS,2.3567781,2.4616718
BIJKIQ,0.73878914,1.3782399
WAVWAS,2.4680727,2.9915648
VUPCIT,3.9949036,3.771031
XAZTUQ,2.7072608,2.6528714
KIMDIV,2.8544743,2.9595542
JELHEO,3.1529834,3.1679568
XUHTOJ,3.0131168,3.5277116
DAYFIU,3.3372045,3.2909186
XALHAU,3.4542134,2.601081
PEDQEY,2.7573297,2.8071063
ZISXOO,4.5037565,4.6779723
OZACUQ,4.2531395,3.974098
HABHAT,2.6996417,3.0019307
MAWKOK,3.312714,2.8875306
BUHXEI,3.1733918,3.0476687
CUWCUT,1.9276546,1.4491675
KIMLUR,3.290673,2.8718271
HIXCAS,2.7733846,2.2175558
CAGPUW,3.8041518,4.305254
JEFJIO,3.4667306,3.1290402
ZATXID,1.8533676,2.8462424
HUBDUE,2.6727023,2.674081
ZUGXEE,3.9704134,4.109598
KEQQAA,3.4683633,3.5959277
CAYGES,3.0944788,3.510923
VEQDUQ,3.201964,3.2143862
LOXLOZ,3.895582,3.7598479
MASHOF,2.8025007,2.7620754
KEYBOG,1.101517,1.8816034
URUGUL,1.8909192,2.415259
OLATEC,2.5004542,2.7293694
FUPSIT,2.4452152,2.5171163
PONJOR,4.1576276,3.544759
ZOVNUT,1.3706375,1.7867544
KITREM,3.1118941,3.0700953
WUWNIN,1.4781225,1.3182031
XAHKEA,3.4338048,2.3970492
GOBPEV,2.6664438,2.7608767
VEDBAH,3.5461879,3.5860443
RAFZON,3.7344906,3.7841413
YEXCEL,2.5937893,3.0960937
AGUYUW,1.8944567,1.5683932
TUKFAJ,2.5529723,2.7890508
HUNPOY,3.1023703,3.1135561
PIVDEF,2.511339,2.0486045
NUCKUT,3.0079467,2.8037367
WIMXEW,3.2229166,2.9852107
AJUSOP,2.9186933,3.1398327
QUKPES,2.5790951,2.5050535
YAKTOV,2.8544743,3.2020571
FAJNIN,3.7067351,3.5762148
PEBTOH,4.3119164,4.328613
HARXIK,4.0947695,4.0392838
MOQRUH,3.101826,3.077466
HOTXIX,2.616647,2.6791599
QELQED,4.0349045,3.904492
IXAHIZ,3.3393812,3.3316438
UQOVUU,3.6270056,3.3721876
SUQZUB,1.6280572,1.9411149
RIMLAD,3.754083,3.692149
WAHVEJ,0.2100719,2.6881402
ATUZEV,2.2977295,2.7133844
FIFXOI,3.9007523,3.7440786
EFUGOE,4.21586,3.0370438
COSFEV,3.2830536,3.0595465
IQIPAA,1.237846,1.2419361
JUPMAL,3.2193792,3.105098
VOCNEH,2.8827744,3.2159896
MOSGEH,3.7606137,3.4792557
IMUBOI,2.3524244,2.586288
GULNUZ,2.7456288,2.766827
FOFMUM,4.263752,4.4480257
SAQCES,3.104275,3.225203
YIGCUM,3.8868744,3.0008962
XEVBIK,3.6474142,3.6732597
KULPEO,2.98264,3.0268881
DAJDAV,4.6594057,4.07544
TIJWUF,3.7502732,3.9001467
HIZSIT,4.212867,4.7152433
ZOMFEP,2.8925703,2.9890065
XOCZIA,1.5613893,1.665968
OBIMAP,2.0506501,2.9040558
TAZCPD,2.7273972,3.0593688
PIZWIF,4.136947,4.018697
XEBQEB,3.7954443,3.7692482
JISTIP,1.3077792,2.205279
BZASFE,3.9377596,3.677678
PIJNOM,2.478413,2.330175
MAZROV,2.8101199,2.8646746
NIJHEW,2.1453457,2.1726
OKOVOZ,2.812569,2.8185632
JEBKIK,1.1132178,0.94495773
SOHLUY,2.4487526,2.6655743
YANBOE,1.5075108,1.6970745
FOBCUX,2.2857563,3.0074677
YORXOT,3.1075404,3.2826793
SIJDIC,2.8936589,2.966644
TUQXIM,0.9736234,1.0973208
NATHEZ,1.8035706,1.8799948
CIBNAF,3.7508175,3.893237
NUFPEJ,2.8253582,2.98147
BOMDIR,2.9573336,2.6054418
XADBAH,2.065072,2.1634665
YATPOB,2.2419462,2.0510783
KOJZEQ,3.0868597,3.6938095
XAWGOS,3.084955,2.74906
RUKJOZ,5.267036,4.1510673
LETWUF,3.0811453,3.0750706
FUFZIQ,3.551358,3.7007365
SEWPIU,2.167931,2.5329502
BUTZRB,4.2857933,3.6628807
OJUHOQ,2.8471274,2.8060071
YOCJUW,2.7518876,2.5490081
JETNUS,2.0579972,2.2378385
SIFTEI,3.2414203,3.7681699
AREQOD,4.315726,4.2845855
VEXKIU,1.5899613,3.348628
UQELEK,3.3921714,3.7066808
OVURAA,3.121418,3.372368
OWUJIA,2.8316169,2.5843763
RITTIX,2.989715,3.1880436
BUPQUZ,2.3431726,2.6501496
MUCGAV,2.294464,2.781458
ZAPXEX,1.9086066,2.2289472
XAWBOM,2.7731123,2.7189095
APUFEX,4.534233,4.9046326
EKOWIM,3.410675,3.2068748
NAMBEK,2.4571881,2.2220006
QAKVOQ,2.99679,3.1483147
MUVGUI,2.7023628,2.7253675
QIJRUW,2.946721,2.9065728
AWUBAW,0.26258987,1.3251853
LIBTEX,1.5235655,1.6389327
MOFVUA,3.5007448,4.725727
TASCOJ,4.339672,4.069072
AMAKEE,3.6202028,3.697593
DENKOZ,1.5812536,1.6592457
TIBPIH,3.0944788,2.9426494
RUHNEN,4.1236134,3.4286797
KUQLAL,3.754083,3.8581443
PEMDIY,3.71381,3.9403903
PEPWOY,1.7771757,2.3309836
VOYMEB,3.4719007,3.6059585
HOGDIU,2.9864497,3.322069
OGUBEX,4.6961412,3.9597802
VOGQUH,1.242744,1.871481
AJUNEB,3.047403,3.2733364
PEKVAF,3.1391056,2.9076116
XOJPEU,2.3189542,2.7513351
REPNEI,2.636239,2.728654
XOVBAN,4.577227,4.4057574
VUNHUI,1.3934951,1.2648656
TENBAR,2.0759566,2.669114
XEBWOR,2.8397803,2.8348377
BOZRIS,2.8308005,2.58059
DAJXOD,3.044954,3.0798357
ZISQUN,3.4471383,3.4543254
SALZAJ,4.053408,4.1550097
MERJID,3.0952952,2.856015
NOJTAJ,1.3469636,0.6178272
ONITIQ,3.458023,3.5626514
HAJWAS,5.188939,5.1772118
ZAXCEG,2.3208592,2.3336039
BIHHAB,2.2090204,1.5775459
TAJDOZ,2.454739,2.8644192
LUBCOD,2.249293,2.4942653
IZOSAT,2.7679422,2.8141732
VOMWEB,3.2052293,3.0474517
KIPVAJ,2.428072,2.3912866
LILCOZ,3.3728514,2.953106
PPTCFE,4.1110964,3.9067512
TUYBAR,2.3739214,2.2439632
HARKIU,1.7632978,2.5501256
AHETEO,1.9818052,2.527695
XICRAD,3.4359818,3.2048616
OHIJIY,2.7774663,3.334188
JUWLIZ,1.9559544,2.2399547
GEGXEX,3.4441452,3.8427114
AJEJOR,2.3940578,2.4759722
MUPSUM,2.9630477,2.9186006
TIJBOD,3.9546309,3.6346693
BOCMIR,3.3755724,3.4142702
CUQWAN,4.027829,3.8005228
GEPCEJ,3.4289067,2.9774597
GAJRAL,3.553807,3.5331736
XACQAV,2.6253545,3.3162355
WAZTOJ,2.6637225,3.1026165
IYAMAX,3.692041,3.3852713
NAYWOB,3.1796505,3.8327947
POWYAB,2.4536507,2.1000404
WEYTEB,2.8362427,2.6158502
LAWFOG,3.1396496,3.4147363
EHUPAB,3.670544,2.9925418
ICIQAO,4.02919,3.9917598
YOWGOG,1.6027507,1.5802904
BOKPIC,3.3105373,2.9613452
NEWXOE,3.5431945,3.9963284
SACMUE,2.9137952,2.7009916
RUHRAO,2.6019528,2.8250926
ATAZOL,3.455574,3.3534534
GIRMAV,3.4920373,3.120235
VEKHAU,3.6811564,3.4880006
IPENOG,2.87706,2.369043
HOVMAJ,3.8147643,3.467842
HIJCOT,3.6904082,4.0940337
TIFVOT,3.7910903,4.0403676
WAHBAI,2.8482158,3.044435
UBITAC,4.0131354,3.856007
NEFXIF,3.7660558,4.4713054
FOJCUD,3.2517607,3.234843
WABSAW,3.8506832,3.7591324
IDEBEC,3.9372156,4.0394797
LAXBIV,4.9630847,4.691755
RAYBOM,1.4136316,1.7354308
POLGUU,2.1937819,2.615085
DOQGOH,2.71488,2.6357896
HASJOA,2.3546011,3.3969724
UHIMUU,3.6237402,3.665728
RIRPAM,3.383736,3.6100488
HILCAH,3.1584256,2.852369
JIVVAL,2.4365075,2.3494499
PASSAD,2.9551566,3.168633
TICMID,3.608502,3.2095923
LOQTIW,3.0776079,2.9600618
CAHNUX,1.2549891,1.3819795
ZUDNIX,3.0727098,2.9589467
EKEGEI,1.38125,2.5334804
NOPWUL,3.3908107,3.1746824
YOPHIU,2.958694,3.082317
KASTAD,3.1891744,2.8934386
XUDFAD,1.3505011,4.0761395
HANPOD,3.3899944,3.199004
AJIVEX,2.0090168,2.1528625
DIZJUR,2.5396388,3.1933458
FUMRAJ,2.649845,2.8465307
QIDZUY,2.7140636,2.967589
OBOTEE,2.2354155,2.6606598
XAXGEM,3.4139404,3.3364408
CUCVOO,3.5263236,3.619711
XECSIJ,2.975293,3.8626263
JABYAN,3.2593799,3.0602374
CMPYZN,4.3603525,4.4438157
TUVQAF,3.678163,2.4930472
PEBQAO,2.7069888,2.850312
USIVAU,2.4011328,2.5808845
RELDAQ,2.4909303,2.5084043
VEVSOG,3.1344795,3.119812
SOBTOT,2.1850743,1.9555876
MIGLUJ,1.1499531,1.5611676
EYEHOG,3.5505416,3.0353026
TULHEN,1.5303683,3.0468333
ACITEN,2.8542023,2.799579
JUGWIU,2.9219587,3.0784373
MIXSOD,3.0577435,3.0566936
MOBTPD,3.6027875,3.7691061
ZADLEY,2.977198,2.8127234
BUZBAB,2.2141905,2.1230571
XIBCOB,2.0356839,2.0328593
VILFAZ,2.824814,2.9582138
ISIYEQ,3.3208776,3.4409397
BEKWAT,3.7129936,3.2194011
IPOQUA,2.68141,3.0791333
ZEZKEW,1.4525439,0.86745214
TOBDUK,3.367409,3.5242262
ATAKOX,3.0324368,2.8216593
QEYXOI,2.9080808,2.932391
CUQKAD,3.3761168,3.429413
IRINED,2.368479,2.480701
NACYUL,4.5111036,3.4476788
HUBFAM,1.3524059,1.8834993
HISWOV,2.901278,3.207325
LASPOK,4.1551785,3.967708
QUDGEC,4.5818534,4.209347
MITTOY,3.085499,3.1909173
XEYVEE,3.4495873,3.4194455
KULMOW,2.2520144,2.8457088
MAYKON,3.4849622,3.3486133
QUBXOC,3.6455095,3.787107
FIQTAA,0.771987,1.7038281
DEDFID,3.59408,3.7727437
HUJDAR,2.3067093,2.8609114
DOYFAY,2.9540682,3.0071185
BAVPAS,2.3178658,2.0374432
UBISOQ,2.7540643,3.101237
AROJEW,3.4471383,2.736069
ILUQUB,3.3276803,3.4262314
ICEGUU,1.2661458,1.3665768
VOMLAM,3.7219734,3.6338942
SELKUP,2.0117378,2.2536619
YOVMEB,3.6123116,4.1996856
DEFHAY,1.6389418,1.8713758
QISLAI,4.634643,4.2029924
VUZDOK,3.0106678,2.7549057
JOCKAO,4.542941,4.7708187
TEPGED,2.7537923,3.0521054
ISIXUF,3.3252313,3.2615585
ZIZKEA,4.2599425,4.009197
ORUJOC,4.7385907,4.665793
MENLAS,5.558742,5.389059
FEWZAK,2.5214071,2.4558966
JUTFAI,3.056383,3.3949308
GIPPAZ,2.7823641,2.8652267
ACAFUI,2.4691613,2.571728
CUVDOP,3.037335,3.08583
YARWEX,1.8435714,1.3794302
VABYIH,2.915156,3.5905511
KAGPAL,3.4757104,3.806491
ROGWAM,3.0596483,1.8679092
QIQBEA,3.0337975,2.848554
IDALEI,2.7706633,2.566036
QEZVOH,4.400625,3.8682508
YUPGOH,2.0321462,1.8493385
XORWEG,6.3587565,5.903335
LOGCOB,3.555984,3.512332
COBPIT,2.8833184,2.7992249
SIHTOT,3.5630589,3.7445436
IPELOE,3.763879,3.975059
XIBPEF,2.6054902,2.698369
IZIXOF,1.9962273,2.6026635
RADLUD,2.4335144,2.306086
COTSOU,2.932299,3.2947702
ZEGRIO,2.5170531,2.3849316
XEGVUE,2.8544743,2.2237468
YESRIX,1.0201548,0.6484268
POBJUL,2.9472651,3.2462194
QAMBAL,2.1777272,2.5906062
JAVVIM,3.1467247,2.954692
NAZSAL,2.2803142,3.2325106
FUZLAQ,3.4204712,3.4880483
LIDFIP,2.9407346,2.8925064
PIKJAW,2.3173215,2.4847124
YOLSAU,1.2993437,1.4794525
LAYVOX,2.138815,2.3807728
ITACAH,2.021534,1.5450256
YUGLIW,2.416371,2.4944022
QOKROX,4.363074,4.442601
RIXJOY,2.3360975,2.4325442
SIGDIX,3.6914966,3.1245387
SIGKIC,1.9790841,2.2656841
WALKED,4.7347813,4.2421675
IWOPUF,2.963592,3.012847
BINPUK,3.0555665,2.4313486
FUQHUV,2.690934,2.3995209
EXOLAE,2.9793746,3.1523345
LUBRAD,4.365523,4.512984
SEZXAX,4.508927,4.424601
KUKDIF,3.5260515,3.5024943
TUMXAA,2.0079281,2.2972908
MINDAO,3.589454,3.5770402
LIGBAH,1.3866923,1.6475571
WOGNOV,4.237901,3.9763215
JEWPUX,3.469724,3.6886363
JIXCEC,2.7241318,2.7251823
XAFZOU,2.8599167,3.2796714
LIHYAC,2.9502585,2.7553542
AJIBIE,3.0381513,3.1271105
DUBBEJ,2.755425,3.1664255
VIGVIT,3.5363917,3.8042245
FAXQII,2.248749,2.1730094
RERFIF,3.8479621,3.7784564
YUFZUV,4.526342,4.662327
AFATAE,1.8071082,1.8099338
UYEQAR,2.721955,3.2803545
XOVYAK,4.1976285,4.295423
DIKVEY,3.6006107,3.4623878
IMIQEA,2.798691,3.1722217
BARSIY,3.7148983,3.8416903
XESPOB,4.0626597,4.1360817
ICONOD,2.5053523,2.1100445
PIQBID,2.0354116,2.5150108
NARVAE,2.203034,2.450653
SERQAJ,3.883609,4.192437
BAWMAP,2.6539266,2.8163297
UMICAW,3.0950232,3.4761672
SIGREH,3.3679533,2.694157
QISLOU,3.4689076,3.2120311
SUKJIU,2.4291604,2.058536
QEGYUY,1.9657506,2.1958692
HOWKAH,2.5018148,2.6475897
GOZTEU,2.3352811,2.9410496
POLBEB,0.58395636,2.392408
EMAFUV,2.7078052,3.5064087
RIBXOR,2.2375922,2.6276383
AGOBOO,3.5285006,3.8807154
ZUJSEC,3.145364,2.9289231
DALSAL,3.2016916,3.439883
DEJBUQ,3.0544782,3.1629508
COSXEN,2.7254925,3.1888647
BISNUM,3.5208812,3.6801305
LUFMAA,1.9121441,1.8981422
WUPREE,3.632176,3.6211095
HIJWEF,1.7902371,2.0200777
HUHXUF,4.5086546,4.390071
ISOKAE,1.4013864,1.2562187
LALNUJ,1.646561,1.8181204
QIWZAX,3.5407455,3.7609472
LAGBIG,2.8811417,3.1233995
LEXMOR,3.154616,2.8939526
AYEBOX,3.5415618,3.2331085
XAPJUU,4.105654,3.2298646
XIMTOF,3.0819616,3.1934435
UDASEA,4.6134186,4.301343
QUDGEE,1.8797625,1.7632846
OZIZII,3.9342222,3.8668985
CASNAL,2.4843996,2.2468743
HUMDEA,3.1657727,3.0791285
TAZRIX,3.5257792,4.208891
GIJWAY,4.7663465,3.9347167
UMEGUQ,3.5935357,3.4523783
HIGVOJ,3.881432,3.6343303
TECFAJ,3.6879592,3.0269094
ISOQOY,3.1529834,3.2494094
ZESHOX,2.3306553,2.4355197
XOHMEO,0.5123904,3.1717756
NEFMOB,3.1064517,3.069554
OCULUW,3.1339355,2.9287112
WIQRIA,6.7432537,5.771055
SIGVEL,3.0582876,2.7451086
VIDFIZ,2.1325564,2.3580468
MEXFUS,2.5986874,2.2426012
MIBZAB,3.5285006,3.6245914
WIJBOH,3.2299914,3.413658
ZUJTUT,3.8520439,2.847833
YUDHOU,3.059104,3.4470854
LILKUP,2.4193645,2.1157494
ISUKEO,2.3981395,2.478154
ATALAK,3.5622425,3.265636
SUNRUQ,2.5448089,3.9021454
LELWOP,3.9859238,3.6689017
QUQMIY,3.0740702,2.9485164
ZORWOU,1.7124126,2.2011628
MOFXAG,2.8805974,2.735611
LEPXEM,3.453397,3.5483675
RUXHOH,1.9203075,2.1539948
AFITUE,2.0367723,2.1669216
DAJYAQ,2.7676702,2.589589
EXOQIR,4.308651,4.318727
GECHEE,4.077082,4.0156593
SUPPAU,2.7616837,3.2265854
ARIHIU,2.9687622,2.1498132
YEXHUG,4.175315,3.959513
TAVCUQ,3.3753004,3.1616812
CALZIB,3.5652359,3.6030836
WOGPUF,2.0903788,2.4417112
YEZNUQ,2.7420914,2.7716107
XUPJEX,2.179632,2.466072
KAMBIM,3.242509,3.4207454
KABYUK,2.8054938,2.620612
HURVEY,3.7644231,3.7517202
SEBHOX,2.0473847,2.6960068
FESDUE,1.6593503,2.4853823
FEPHUD,2.8171947,2.4985151
MUNKOX,2.9146116,2.6785526
IREPAX,3.305095,3.790198
LAJXAW,4.3108277,3.9890232
SODMIH,3.5306773,3.7514029
PUTRAX,3.3875456,3.5597014
WEQTIW,2.8716176,2.460381
BICWER,2.8542023,2.940358
LOCGAL,2.1331005,2.3198724
FENSAU,2.588347,2.8218155
LAMTIE,1.5186675,1.3961173
RIJSAH,0.90559494,2.5274181
KUSHIR,3.5723107,3.207406
BIKSOF,0.8084503,1.3155973
RIZRUP,4.267562,4.417567
PIMDOH,2.898557,2.935134
NACXEW,1.665609,0.89242697
TAYJIQ,3.5366638,3.499104
ETOZAP,4.746754,4.303117
FOBTAR,1.8667011,2.477427
EKELEM,2.4484806,2.8381624
ABZTMO,1.8022101,1.8958998
GIYWAO,3.187814,3.0351095
WEGGEW,2.7880785,2.8685899
HEDWIX,1.9409882,1.9771341
POKJAE,3.8751736,3.6800861
TECREA,3.058832,2.9091763
WAJGOG,1.7018001,0.9540951
DAKHED,4.0789866,3.8191886
TAWWIX,3.0441377,2.935474
DAJJAC,2.7031791,2.9588263
ITIFAU,3.0604646,3.5197031
ECUPAT,4.4735518,4.1459713
OYUNEE,4.008509,4.079476
QEWNOY,2.9548845,2.5750499
KEZVIV,4.069463,3.9092693
VUTYAM,2.0484731,2.6679504
BETLOE,2.2901103,2.294321
RAXNUZ,1.017978,1.599964
QEWPOB,3.960073,3.950985
JOCCIQ,3.9298685,3.3105292
YOQDAK,3.8651054,3.91397
OMOZOI,1.6835685,1.9802918
QOYKAT,2.3080697,2.6193073
JINTOS,2.3407235,2.696406
ZALGEY,3.0599203,3.626461
PUDNOR,3.5578887,3.7355533
IYEZIW,3.2117598,2.7862303
XARXEW,1.5929545,1.1416755
BIHHIJ,1.8794905,1.2910386
IJIDEM,3.2980201,3.2680993
IYAMEA,2.5273936,2.954498
MPMNCT,4.1970844,3.705288
UWIQOJ,2.757874,2.7855785
NIKPAZ,1.9039807,1.9982617
HISPUW,4.738863,4.5409446
BOFXOK,3.1682217,3.1247187
ITAJEV,2.308342,2.2449613
ERIWOU,2.1766388,2.1989164
PUWMAX,0.89008445,2.1141813
NUFPEK,1.8318706,2.8378108
FAJSIW,3.0299878,2.9290128
CIBJUU,3.267271,3.0129473
NENJOG,3.4411519,3.4526753
ADOFAD,2.2430346,2.9184554
TEVHAG,2.6046739,2.4082327
WICQUU,1.9072461,1.7381381
WIBDER,3.555984,4.6626267
GUTLEM,4.6664805,4.031129
PEZTOG,3.4977515,3.365585
IPIREF,3.7587087,3.9062088
QAYSER,3.0144773,3.1848814
BAKGUQ,2.3165052,3.0813904
FAHJAA,2.1393592,2.198875
FAHCEY,3.8196623,3.658992
RESROA,3.0808733,3.2218611
LAXCOD,2.382357,2.495069
ZAWTOK,0.10285904,2.122295
KONMUV,3.4514923,3.4356067
BOJYAC,2.6150143,2.7838025
SESNUB,3.2767951,3.98701
GUTMEQ,3.2825096,3.3569431
RIRGAC,3.553807,3.7373815
KIZTIX,2.1116035,2.1250083
IZUSOO,2.8218207,3.458468
KEMCOW,2.055276,2.454357
AJOKIV,2.8920262,2.6465352
MUWRAY,3.6242845,3.861349
ZAHSEK,4.2022543,4.2269354
LUSFUA,2.9687622,3.0248475
LIGSEA,3.22591,3.2430084
ROMCUR,3.204685,3.81169
ZONSUT,2.0035744,1.9522638
EFAWOA,3.004137,2.525255
CESWEE,4.056946,4.10523
DADWOV,2.3105187,2.3807096
MAPJET,4.253684,4.43666
JIGZEE,4.5339613,4.330204
FIXJUR,2.824814,3.2501523
BANDID,1.3643789,1.617127
MUZLID,3.3684976,3.0678666
PORGOS,4.124158,3.4174817
PIXJAL,2.2174559,2.0242
XOQRIH,3.2386992,2.82016
NIRJAZ,3.4596558,3.3838928
SUJBII,3.0716212,3.44822
ZAXKIS,2.3072534,1.9605582
SONKUD,1.672684,2.4311793
TALTAB,2.8950193,2.7873125
PARFIB,1.3997537,1.2651303
XISMEV,3.262101,2.6617496
CAJHUT,3.3421025,3.5517497
DEFBOH,3.3116257,3.3278494
BUJNEB,2.103168,2.2227693
TIXLES,3.4229202,2.6053772
EBOYEC,2.6324296,2.6964145
CALCEZ,1.8811232,2.0343277
CIWTAD,1.5739065,1.1530286
DOYQUE,4.063476,3.9866328
EDINIS,4.0463333,4.3320613
IWASIK,3.2944825,3.705337
LUMWAU,2.5673943,2.9352582
ILASOE,4.098579,3.6811664
SECTIG,2.0705144,1.9523808
OBOLEZ,3.2988365,3.8031468
EJIHIP,2.9592383,3.2355409
IGEDAA,4.284433,4.2966957
ORUYUY,2.423446,2.7864401
JENJOC,3.3905387,3.3751526
SAXQEN,2.1741898,2.3706794
HUCFUH,0.13306367,1.8983397
DIYXAM,2.4169154,2.3501809
HUXMET,3.3682253,3.5588002
PODTEJ,3.006586,3.081091
UXUQAG,3.7173474,3.3660858
NAVWUC,3.8602073,3.8676894
RONBAZ,2.860733,3.2104156
NABGOM,2.683859,2.2603087
CEZBUE,4.705393,3.4813929
OLOSIU,2.323036,2.0402198
PABPIV,3.0767915,3.0491679
WACWOP,3.395981,3.5504384
CABMAU,4.413415,3.5719485
JARNEW,3.3712187,3.041846
PELPIJ,2.1020796,2.6122997
RUHJOV,3.4732614,3.620789
UKOSAO,3.125772,2.848442
YIPDIK,3.2778835,3.256081
NOFVUB,1.0457336,3.0524788
IXIFAW,3.2631896,3.6117349
QONDAY,3.080057,2.8626742
QAMZIQ,2.70073,2.557879
HINCIQ,3.353259,3.9999328
TEVQUJ,3.1358402,3.0452063
KOCDAH,3.0923018,2.6733305
JAJTET,3.1875417,3.0059998
GAPNUH,2.0658884,2.0142603
MIDPIY,2.9026387,2.7450557
EGEJOP,3.4310837,3.2360682
MIMDAO,3.3467283,3.4332643
VECRII,2.6158307,2.6570456
EHEBOK,2.4819505,3.0429797
WATKAF,2.7834527,2.72126
QISBAW,3.9470115,3.6485817
AMUCAM,4.736686,3.9276915
GOMRIL,1.9230287,2.5098972
DIZMAA,2.0090168,2.094267
DUNKAB,2.1695638,2.0412822
UVOLAV,3.6191144,3.6802664
KUHMEG,2.6351507,2.6711395
HISYUG,2.5823605,2.8669386
RAFSAS,3.116248,2.9484909
POSGUA,3.5497253,3.3849237
DACCOA,3.2610126,3.1943607
KUGKEC,3.5627868,3.514242
KOGMEY,2.557598,2.4503314
HOXFUV,3.5216975,3.2252316
JAYFOH,2.8550186,3.137985
VEXNEV,2.024255,1.9570687
LIQNIK,3.6221075,3.2926178
YEZDAJ,3.3091767,3.3017135
OSASOT,3.3184285,3.4912033
CIVNIF,3.7298646,3.5950754
QUMBUY,2.473515,2.3728275
PASGIZ,1.4568976,1.8271956
TAWYUN,2.8425014,2.7149947
YICXUE,2.3388186,2.8168876
ROHGIG,3.0713491,3.354958
TIHQOQ,4.249874,4.1185083
YONNOF,3.4408798,3.0369549
ZAZWOO,2.3028996,2.8688297
VAJFIX,3.9478278,3.7552261
KOXKOZ,2.2580009,1.6484888
BAKBIZ,2.6177354,2.7515962
XACREY,2.8814137,2.922751
FOQFOG,3.5480926,3.5495772
TUMBEL,3.0702608,3.2744524
SITJIQ,3.6242845,3.7498643
POJFOK,2.143441,2.0597332
EMERIY,2.9450884,3.0172396
GECVIU,2.2980015,2.776392
ATAPAO,3.837894,4.2894897
JOHJAS,3.1010096,2.637431
YIPHAK,3.1170642,2.9272325
IVAYUB,3.7037418,3.760933
WUHREW,3.5793858,3.918418
CEQHAH,4.58403,3.7787845
AXADEL,5.2988734,4.9818377
HERWEJ,3.3826475,3.5094833
BOSFEX,2.7475336,2.414466
TEXMAO,2.535829,2.4577768
GECVOC,2.719506,2.3775935
BAJKIH,3.651768,3.7091305
ZORMUQ,2.4291604,2.451479
TAMCIU,1.3428819,1.401448
XAMPIL,4.0106864,3.928142
OWAKUV,5.0058064,4.7620993
RURJAQ,2.7050838,3.3994975
FEZPEJ,3.4759824,3.4391177
VIDROQ,5.260505,5.0513964
HUWVUQ,1.6022065,1.4254496
QOCSAE,3.0318925,2.6583936
JAHFOR,3.0871317,3.7914228
DAMWEV,4.027285,3.744367
COMQED,2.9693065,2.8870654
TUWQEJ,3.1050913,3.8092291
FEBHEA,2.7464452,2.6511269
KEMBUC,2.7078052,2.468655
FUHWUD,3.3064556,3.3025367
RAZJOT,2.633518,2.7848654
SAKVAE,4.3130045,4.360174
NIKPOM,2.922775,3.1740687
NECKUB,3.5875492,3.5500994
BENJEL,3.2520328,3.1954548
CIXLED,1.6144515,2.7276452
FISGAS,1.8155437,2.3491013
UDAKEQ,3.226182,2.4649258
EJUXIT,4.3532777,3.7611845
MESNIK,3.3641436,3.8562825
OLANUN,3.0958395,3.6831834
CUSBIC,2.736649,3.1157618
BOCFIM,1.5970362,1.7489944
GOFHIV,3.3589735,3.3817093
EPOGEY,1.185328,1.2657446
VEVCIL,3.9968085,3.983339
QOTBUX,2.6631784,3.1158886
QAYRIS,2.342084,2.4294949
MOFKOK,2.0914671,1.9857732
WEFPAZ,1.988336,2.3532448
UPAXUH,4.8093405,4.5915146
KALLEP,2.7026348,2.960682
RUHBEC,3.4014232,3.5348535
MURGOX,2.3671186,2.4168854
XUJLOG,3.5766647,3.9012656
FAGYAN,2.9595103,3.359237
YODVOD,3.415029,3.3373463
VOGXEY,3.6338086,2.5349884
ZEHXIT,2.9192376,2.7388248
DIYLAZ,1.7741824,1.8068137
JOPHOO,3.6925852,3.5659864
ZEVZOP,4.922812,4.548034
RABZAR,1.4666938,1.5037748
IFAFAW,2.1213996,2.5007184
JAZJIH,2.635695,2.6824553
RATSOV,3.8256488,3.7279272
KOCTAZ,3.732858,3.965259
RETHUW,2.473787,2.3553677
RITRIY,3.14482,3.2228036
WAPZEV,3.3464563,3.4025517
AZUWID,2.8346102,2.981366
NEGFAH,3.0408723,3.726709
FOKTUX,3.4944863,3.0457783
KEJFUA,2.4656236,2.3377366
GARVOL,2.574197,3.054409
XAQKIJ,2.7159684,3.4692335
XABRUP,4.0778985,4.0079823
AMIHAI,2.9880824,2.9035406
GORMOP,3.3159795,3.7551956
DIZKEC,3.0689,3.0433977
GOYCAB,2.4702497,2.0776
WARRUG,2.6346064,2.7128484
QASJIE,3.6735373,3.7266393
QAPBUG,2.896108,2.9571927
XIJJOP,3.5497253,3.1814048
UHEGIX,1.7499642,2.1803126
KOYDEJ,2.559775,3.7827117
ODEAMO,0.6427329,5.116232
YACVON,4.867845,4.477847
MATYEL,4.5018516,4.0254474
SIYRAV,3.1108057,3.7809596
ASULAE,2.8542023,3.0443707
VUJYEG,3.252849,3.2335985
NIDXAA,3.4212875,3.3958595
TESHUU,2.688485,2.8677447
NELMIC,3.1001933,3.4464412
KEHREU,3.8033354,4.0451536
MUNXOL,2.5426319,3.126421
ZALHEC,2.4313374,2.7712703
QOJDIE,3.4814248,3.334857
YUWDUP,3.6504076,3.2769067
VOBDEW,5.7658205,4.865383
HOQTOX,3.5366638,3.8027682
JIDYEA,3.6534007,3.8641078
RICKOD,3.4384308,3.3783927
PONBID,1.3676443,1.3807871
MESMEC,3.2852306,3.5372522
ZOJQAQ,2.2098367,2.3221817
SIQZAX,2.2408576,3.0250232
CEYTAB,3.7728586,3.973935
FAQQIY,3.4384308,3.076668
PUZVUD,3.0057697,2.8099508
CITQII,4.544029,3.6141858
MAQXUB,2.1282024,2.518047
JOCSIG,1.766019,2.2407362
MAZVIV,3.6846938,3.807871
VEMREL,3.0678117,3.13356
PUHFIK,3.4161174,3.1853313
XOFYEX,4.4637556,4.582708
POMQEO,2.839236,2.4822783
USAXAP,2.4629025,2.6429157
XEKJEC,3.7883692,3.898435
TEPQIR,2.0272484,2.4801414
VANTUA,4.0645647,4.1806808
OGONOP,3.066179,3.34603
DEYKUN,3.606325,4.094092
MIBNUK,3.1333911,3.1726534
DONYAI,2.3888876,2.1458368
GODNOD,2.8914819,3.67548
YUDKAM,3.594624,3.5016866
YEJCUM,3.7622464,3.4976802
NABZEY,2.9595103,2.9916666
REPBAS,3.8689148,3.978522
WEQCOL,2.989715,3.0738058
WURNAA,2.9309385,2.8288958
YERYEZ,3.618298,3.5987964
HEBMUX,5.029208,4.999921
CAGHOL,2.628892,2.4275358
RETVUH,3.2988365,3.4938562
BUXNAJ,4.175043,3.874007
HEXVAJ,2.8754272,3.309677
JOKMOL,3.7396607,3.8468082
GORRAI,2.8827744,2.7619758
KACBEX,4.505117,4.3980412
HANREV,2.7083492,2.29814
HIRHEX,2.6005921,2.7901845
UWOBOA,4.21967,4.341488
IGETUK,4.151369,4.050792
ACINUX,2.6131094,2.9188013
ZIRNUL,1.637037,1.8353161
DEWXIN,2.6797774,2.6616468
CEZQAZ,2.5083456,2.5686631
SIBNOH,1.4607072,1.6103294
AQEZOM,4.0974903,4.277878
UBEJEQ,3.1763852,2.6031568
NEWMIN,3.537208,3.4159234
NAWHIE,2.5486183,2.7077644
SAZFII,2.5238562,2.6672924
MOLTEM,2.3546011,2.3130183
KEXVEQ,4.744033,4.391778
GURLEN,2.425895,2.3578317
TACSUM,4.217765,2.8584704
AFIBOH,2.0805826,2.561161
WEHLOO,3.7361233,3.6826348
ITEGOF,3.4762547,3.4492655
KUMKIM,3.9274194,4.1561723
GANJUB,2.5366454,3.1506622
YENFAZ,3.6446931,3.6513476
NALNUL,2.8090315,2.733004
GUWHOV,3.0814173,3.47851
MULYOH,3.496391,3.5378726
WAHFAM,3.9396646,3.8012142
PIGLID,2.3151448,2.4560258
LIRLAZ,3.1328468,3.1515229
EBAVUA,4.7277064,4.1844625
MENSUU,2.61447,2.942112
QITMEN,3.163868,3.5248272
QOYFOB,4.19137,4.310752
LUNKAH,2.578823,2.3205662
KEWVAK,3.496391,3.9402223
JANDOS,2.9706671,2.9848406
FEGRIW,3.4120357,3.6061563
OBIHEN,4.4384494,3.7260652
LEDJAH,1.6900992,1.8015368
MAYLUU,1.5545865,1.9008017
YOYVAM,3.0106678,2.6630402
ITIBAO,4.084701,3.8918471
PUJPEP,4.192458,4.3874764
YIYXUZ,1.1431503,2.2037253
RANLUN,4.0310946,3.8361115
KIQWIU,2.9557009,3.0904133
MASMOK,3.0123005,2.8482473
ROFQEI,3.5382965,3.8340592
SEVDIH,3.078152,2.9166646
DUSHII,4.0781703,3.6271064
MADZUO,4.127695,3.9169111
ADEBIV,2.7010021,2.4526527
LUPWIF,3.2395155,2.9924667
BUYBAZ,0.7774293,2.3871202
LEBDOM,3.606325,3.7530606
TIBZEJ,3.9826584,3.3848836
WEMYAR,4.473824,4.096827
EMEPOC,4.141573,3.73146
SUQDAM,2.9075365,2.8983986
XADPUQ,2.5891633,2.5050902
IKESOG,3.575032,3.3168385
PESHEB,3.6645575,3.5868726
RALWIO,4.4751844,3.8318582
CAZGUG,3.4172058,3.5716028
JUXBIQ,2.5728366,2.6409667
XABGOA,4.162254,4.045388
DIYYOZ,1.0767546,0.852916
HEDHEF,3.725783,4.2452188
RINZIA,3.0550222,3.0502863
PIMDUM,6.256986,5.164045
BOFDOR,2.6487563,2.9916494
PASSUB,3.9769442,3.8667874
FAHPUC,0.2985089,0.6716423
EYEQII,3.998441,3.7503085
YEGLAZ,3.9755836,4.0881133
TOGKOR,3.0435936,3.0207596
DAMLAF,3.7470078,3.317432
EFEVUH,3.3037343,3.4534922
NIJTAE,3.443601,3.3538768
UMACOB,3.3557081,2.991769
GOVGAB,3.3352997,3.6972027
TINDUQ,0.7053191,1.0832914
ROBSIM,4.6109695,4.030011
JISKEF,1.543974,1.8871562
LEMREB,1.7075145,1.9422277
AFALIE,3.4849622,3.4806275
NADBIH,2.9693065,2.8972912
NODRUX,2.411473,2.9046493
CAKBOG,3.8172133,3.5585375
YOCYUL,3.9252424,3.58204
SAXSIV,3.0365186,3.2528915
SUQBOY,2.6005921,2.8415926
HANVUP,1.3483242,1.7394525
SAJJAS,3.921705,4.0747776
TAMHAQ,3.8493228,4.1969237
SIYWOQ,2.5347407,2.3395267
WEDVAF,3.2803326,2.9681687
XOTNOJ,2.788895,2.68598
UMUDEL,2.6922946,2.5904243
XOBQOV,3.714082,3.0762227
TANCUK,2.6229055,2.8022528
RUWBAO,4.012047,4.062804
XOZZAO,1.6277851,1.4814571
FAKLEI,3.7576203,3.6467814
ZUQTIR,2.5646732,2.394013
LIYVIZ,2.2642593,2.76664
MOZLUK,3.7105446,3.8510287
JUKJOR,4.5091987,4.996947
DAYTOM,4.5614448,4.391979
FOYCUR,3.3774772,3.0672882
NOZHUF,3.1361122,3.1397507
LIJDIS,2.5268493,2.5323966
EBUPUM,3.4408798,3.5136495
OVEWIW,3.4623768,3.2643204
HAQNEV,3.2659106,3.3669395
SOMJIN,3.8319075,4.3042583
TATBIC,3.0416887,3.441506
NOJMEE,2.7826364,2.9941063
YAFTEH,4.2841606,3.2051108
IHOHUJ,3.455574,3.3289433
JIZCAW,5.870857,5.8605423
RIQSUG,2.879781,3.5399146
TIHQIK,4.6713786,4.5000696
HIFBUW,1.6163564,1.6264157
TOHGOO,2.712159,2.5889761
NAFDOP,2.898829,2.768031
QIMPOV,2.2501094,2.8088794
PIBSIC,2.9763815,2.9186668
MAZLEF,3.6041481,2.6702328
KAJKIT,3.3486333,3.1940546
XUQCUH,3.8672822,3.7642894
HAXSOP,2.5110667,2.6310666
DUNXAO,2.9516191,2.9427214
ZENHEI,2.709982,2.6771412
JUSDEI,3.3233266,3.479727
NERWUE,4.1829343,3.9479947
YAVCED,4.24933,4.3942213
UVAGUV,2.5363734,2.610396
LAQMAS,3.3772051,3.533499
DUBLAP,3.2944825,3.2764933
XASTUK,3.008763,2.8503876
VUDXAU,3.8068728,3.803516
PEDKES,2.984817,2.823614
MOLPAG,2.8713455,2.8125513
MOMGAW,3.2942104,3.5446675
KADVAN,2.8052218,3.0821035
CADHIY,3.7508175,3.259469
METWEO,4.753829,4.357127
AKEKAC,4.3010316,3.7203825
LUXDUF,3.4120357,3.2974577
KEDVOE,2.9908035,3.191726
HIWJOP,2.5752857,2.6631196
XAXGIN,2.4906583,2.384986
CUKPUV,4.0855174,4.25556
BAMWEU,3.4808805,3.559494
HOYBED,2.6152864,1.9158792
UWIQUO,3.580202,3.1705108
HIKLOE,3.364688,3.993458
UNACIX,3.1820996,2.9946463
RUYGUP,3.094751,2.6143699
XEGFUL,2.1877954,2.2425182
IQUBUR,4.5565467,4.460606
XOBFIG,3.1290374,3.3715248
ZERJIS,2.6030412,3.6559641
ZIZFAS,3.873813,3.381672
NUZXEN,3.2169302,3.1874638
RETGUU,2.0419424,2.3889105
QARQAD,3.080601,3.0835598
ACAPNI,1.6386697,1.6175106
FETSUU,3.4982958,3.3457367
HMPEZR,2.8460388,2.91556
BATWIF,1.0713123,1.198328
GAFRAH,1.93092,1.7791731
RADVUN,1.6313226,2.1891747
SILHEE,1.5121367,1.5802518
SATJIJ,2.7249482,2.3967304
SEYWOK,3.1464527,3.5817084
KOMMOO,5.176694,5.0282497
FEZVEP,3.3799262,3.686821
AQEZON,2.4816785,2.7329648
BOLPIB,1.9341854,2.0816426
HAWFAN,2.5037196,3.0377862
FICVAR,1.6133631,2.4722207
EFUHUI,0.58422846,1.5121099
JIGBOT,2.9056318,2.3980904
IHAXAQ,2.5203185,2.4160218
PESWAP,2.8171947,2.3416288
HOBQEU,3.591903,3.190316
FEWLIF,2.817739,3.4450629
CEQBAB,2.78182,2.4739113
DISWUA,2.6969204,2.6559806
DEXDIU,3.5875492,3.2342036
RECJUG,3.2297194,3.188469
KOBSOL,3.4588394,3.294341
BOFCOO,3.9483721,4.0412326
MAKCUX,3.3867292,3.8379374
LARYOS,4.165791,5.022274
GEXWUD,2.6729746,2.4731815
VEJNUW,3.5456436,4.311921
UVOBEP,2.9497142,2.8019338
TOGQIS,2.2463,2.435709
CEZRUX,3.5037382,3.4868226
ASEGUB,2.8133852,2.9035437
LIPQUY,2.547258,2.3831792
VIGQEL,4.115178,3.8471372
ZOJYOP,1.8876538,2.1763816
MUPROE,4.772877,3.9937415
TOJHUX,1.957315,2.1950343
FIQWEH,3.7412934,4.0996656
WEHZER,2.7927046,2.960989
ZIRCAI,3.649047,4.1256714
ILUYOG,5.174517,5.3089533
INIXUY,1.8286052,1.7801762
NUDGIC,3.1363845,3.3249428
OGOMIH,2.4408615,2.5358117
XOBMEK,3.1350238,3.137454
HUVREW,4.142117,4.1815505
AHAWUB,2.7420914,2.9927723
BIMYIG,2.456916,2.9588335
PUVSEG,2.769847,2.492863
YERDEF,2.6041296,3.257578
OKOPAI,2.6433141,2.6262631
JAVYOY,2.722227,3.0470984
EWODIF,2.3524244,2.5249553
YAQMOU,2.9793746,2.8031912
BEZNID,2.8016844,2.6420302
JEPXAD,0.23891596,2.5468473
CEPFPP,4.4896064,4.231204
QIFRUS,2.62862,3.084734
LEGKAJ,2.5722923,3.0322828
QEWQEO,3.8093219,3.696393
OHEPEY,2.0547318,2.2120426
YEDHUL,2.1205833,2.7615166
PUYHAT,2.731207,2.730853
POLFAA,3.120874,3.616158
JIQLIE,3.4732614,3.3371503
TUNNOH,4.3315086,4.1980066
GITNED,2.855835,2.648949
TIRFOS,3.6172097,3.5943544
DUDLIX,3.716259,3.6360664
FOQXIT,1.5249261,1.9150673
HUHBIY,2.9257681,2.7668033
KEMNUL,3.0737982,2.6955252
LEWJON,2.440045,2.4399524
XUNMUP,2.7867181,2.5154576
OQESAH,3.1845486,2.915616
POXGEP,1.4122709,1.5414782
FUDMEW,2.4642632,2.2542176
QAMTUV,2.645491,2.5954409
ZELGUW,4.8711104,3.9882536
NIRJUT,2.1750062,2.4818616
CAPMOW,1.1589329,2.17695
LOGBIS,4.507566,4.858678
NEXNEJ,3.1842763,2.9560294
HARSOI,3.41258,3.470144
QEWZIB,4.5630774,4.578401
TUFSUI,3.4822412,3.612722
GIQPEC,2.676784,2.6742444
QOXNAU,2.4751477,2.803612
JEPYAE,3.2580192,3.261271
ETOJUU,3.4014232,3.065888
PANKIA,2.9736602,2.9877834
XIDXOY,1.9962273,2.622299
OROGAG,2.6405928,2.0484567
COWTOX,3.0751588,3.5262744
FEZRAF,3.309721,2.969377
ZISQOL,3.7445588,3.8128018
IKIMIA,3.465098,3.7792325
BIKYUR,2.6027691,2.5602033
FOXXEV,3.8471458,3.3972344
PIWYIF,2.3105187,2.6681213
BELJAH,2.3282063,1.8751587
HAQLOC,1.2479142,1.8653601
WOSFIT,3.388634,3.4568257
IZIJUY,4.464572,4.185423
BUJVEH,3.1165202,3.3826916
SIJQAD,4.0710955,4.014404
EZIPUY,2.3271177,3.0655196
WAPKIJ,1.3619299,1.0021414
HEDFIH,3.8060565,3.4794118
ARIMEV,1.8724155,1.758926
PODHEX,3.0025043,3.2096753
TOVVOP,1.6748608,1.9908562
FIPPAV,3.9687808,3.811769
VEZCIN,3.3954368,3.4168615
HEDTES,3.0408723,3.07857
HAKGUY,3.9693248,3.6949873
LESKUQ,3.317068,3.2541008
OVELAD,3.8063288,3.6032815
DACYAH,4.0667415,2.846294
DEBCES,3.680612,3.8938031
AVAZEF,1.694181,1.3349553
VOVDIW,2.7916162,2.8322523
XUKZAE,3.2446856,3.5934062
KIRNOR,3.0925741,3.870332
GUNGUT,1.7556787,1.6868709
NAMMIB,2.8321612,2.9039652
SILLUX,1.4517275,1.5122305
ZIVJAT,2.4618142,2.3737738
UKAYUB,2.6702533,2.8280587
CUMBUJ,3.374756,2.7110147
ZELSUH,2.3774588,2.2546377
SISDOQ,3.5480926,3.52354
ZUGYOP,2.9652247,3.1316483
DIMMET,2.5252166,2.7634315
EZONAL,3.8466015,4.0049314
UTEBUS,3.4615605,3.7703614
OVETEP,4.041163,3.5775948
TOSRIE,1.7145895,2.0955467
XITQUQ,2.7902555,2.8410578
ICEHIL,3.3222382,3.2582915
NUVRUU,3.6387067,3.8010945
IGERIW,3.2977479,3.2481928
GABFOH,3.173664,3.3343973
GORTAL,3.0748866,2.596752
DURDUP,1.8166322,1.9213258
QAXCAW,3.594624,3.4919314
CEXGOC,2.8468552,2.7172036
MADKIM,3.2572029,3.0828013
CAGVOZ,2.822637,2.970994
EYIWAM,2.2405856,2.5522506
LIBGAF,3.6188424,3.8248653
XUTLEE,3.2748904,3.1884527
AHIGUW,3.8923166,4.0166354
APIXOP,2.3559618,3.6629438
NAFBIH,2.633518,2.4251926
TADJIR,2.6585524,3.3520472
DETQIF,1.6797589,2.555524
NUMNAL,3.6795237,4.2973537
RUQLEU,4.215588,4.36852
TUTJOH,3.5981617,3.293971
DANWEU,4.5753226,4.178569
FINNOH,2.9676738,3.2136555
BATTIZ,2.6844032,2.8908262
PALZOS,2.4626305,2.2644026
OKOGIE,3.4514923,3.386606
IGERIX,2.721955,2.79048
RADZOO,3.3140748,3.7363048
HALNUG,2.0321462,1.9476517
RIHXAK,2.9456325,3.2830744
UVEMEQ,3.0272667,2.7495952
JUTHOX,4.4800825,4.148226
POZRIF,2.7649488,3.0255003
EBEZOD,3.2079504,2.868252
ZIMWUR,1.9252056,1.8923107
VAQBUK,3.9701412,4.1325746
RIVRAP,1.8098294,2.3309238
XATXAT,1.732549,2.5043232
TURKUN,2.511339,2.6995707
KAQLAQ,3.0982885,3.0287282
WUFPAO,3.2280867,3.2130885
METBIX,4.2713714,3.8568463
WOJLEM,3.2196512,3.698018
SAKSUV,2.452018,2.7573476
BIKVIE,3.8868744,3.5278087
BEGYUL,3.89531,3.5286837
BERQAR,2.7695749,2.4709368
XECHAQ,2.7241318,2.6752145
TEYSIA,1.651187,1.6106625
HOGPAU,3.2966595,3.6292846
MEZNEM,4.2237515,4.9702034
KOCRIE,3.7674165,3.5658119
AXENAV,4.3766794,4.2389073
YEQSOD,1.8833001,1.9686258
QIQPEN,2.7638605,2.8884432
DACRUV,3.940753,4.242221
EJUHAU,2.8691685,2.8196688
HESXIM,3.0261784,3.2439623
ECIQEN,3.0816896,3.2343397
QURWUX,1.758944,1.589449
IMPCNI,2.7570577,2.8671365
NEWYIZ,4.1159945,3.509905
BAZNUL,3.383736,2.2707381
YIVWAC,4.5677032,4.686239
EGAWEQ,2.9083529,2.9530199
EYOQAK,3.1276767,3.0145907
FOBJIS,2.8193717,3.567729
ESOROT,3.242781,2.5859866
RUVDET,3.0406003,3.2710187
DITQIG,3.2495837,2.9449577
TIRDON,4.8934236,6.5491576
FEVDIW,2.8294399,2.4766743
ZEHMAE,2.6220891,2.276553
DAPHOT,2.5807278,2.6031516
USUTEI,3.53231,3.8306205
QOTLAN,2.2743278,2.348183
GUSQIU,2.9284894,3.4112694
AMIHAG,2.4580045,2.4890738
DACHEY,3.5663242,3.4161792
XEYYAE,2.2884777,1.6833316
GARPEV,4.644984,4.706523
SOTCIP,4.5739617,4.4398284
GOFSUP,3.4879556,3.3040059
GAKJEK,4.0166726,4.1579766
EVEWEH,1.4802994,2.114448
OWABIZ,3.6857822,3.1654446
KUGGEA,3.3064556,3.3153026
IBAXER,1.6762214,1.8140666
SEFLUL,4.3364067,4.698045
FUYXAZ,3.6354413,3.7086897
VULGIV,1.9842542,1.9644293
OVIMOW,3.4006069,3.0788631
SIWJUE,3.142915,3.5936403
NAFNEO,1.1866885,0.96112025
REJGIX,3.591631,2.8210099
YERXAY,4.170417,3.945513
EQUJUW,4.5244374,4.4678044
YESZIG,4.0191216,4.1431513
ZERDIM,1.4881908,1.7064041
BAMQUC,2.9959736,3.25133
ZIKDUS,3.0384233,2.810846
YUYTOD,4.11028,3.9123766
MECQUJ,2.5369174,2.0537794
ZUZRER,2.346438,3.1839106
JARMIY,3.386457,2.9621418
UZIXUZ,1.5785325,1.5371226
ASINUL,1.4288698,2.1968226
QASNOP,3.082778,3.0775063
ASIKET,3.7500012,3.9150133
MAPJIW,3.022913,3.1476502
MAZBIY,1.9135047,2.299047
KERYOX,4.1995335,3.9263759
SAZTAO,2.8623657,2.9525132
QUWBIU,4.1619816,4.3164845
XOZLON,1.5515932,1.6636689
ZUWLAE,4.2079687,3.6665745
LETZUH,2.7510712,2.7199554
OGAPUJ,3.1924398,3.0752172
PALBEJ,3.120874,3.3163395
NOJCAT,2.7371933,2.7884696
XOSSII,4.571241,4.39786
XEMJUY,3.2991085,2.9481685
JINPUV,3.18346,3.6281166
LEYCUO,3.716259,3.8435419
OMEYUA,1.8454763,1.8912843
MATCPD,3.1268604,3.224758
MIPRAE,2.9518912,3.1449978
JOQKOP,3.7562597,3.5442734
LOQWAR,3.266727,3.2649462
LODMAT,3.7255108,3.6445045
MEVDUM,2.86291,2.8619013
HAYLOI,1.9905128,2.0777245
ONUMIU,4.582125,4.668009
PEPHIE,1.9902408,1.8992776
KOLXUH,2.561952,2.3301275
XUZMUD,3.2052293,3.355884
FAXGOD,2.0498338,2.3016765
PUPVON,3.3154354,3.1647367
CIXXAJ,1.3183917,2.0211048
FEJLOZ,3.9962642,4.133668
AMUJUO,0.70178163,1.302707
QAJHEP,4.297222,4.665097
NIDSAU,3.4574788,3.5233383
UMAYUD,3.5187044,3.1469786
BAFRUV,3.6787074,3.2886505
PIJLIH,3.4836016,4.224551
KUWCEK,2.7848132,2.8547094
EGUSAA,3.8463295,3.510326
YOZNEH,3.9943595,3.6478195
SUHGIL,3.0517569,3.0329664
XAJFIA,2.7140636,2.7209425
KEJLIV,2.0718749,2.8122714
BAMGUS,2.356506,2.5427082
BOJYUX,2.332832,2.7299774
DELCON,1.8087409,1.8412309
NADGEF,3.2748904,2.711167
ZIZWAG,5.622689,5.370122
FUVNUH,1.9970436,2.1367795
OFUMAE,2.5426319,2.5353537
VOHHAD,2.5252166,2.5322962
CEMNAK,2.538006,2.6956933
XUNMUO,3.3056393,3.4846036
ROFXUI,3.288768,3.2906976
EGUMOJ,3.9638827,3.562649
QAVGOK,2.8952916,2.9817533
AHALED,2.8922982,2.952544
NIZLUF,3.5646915,3.3281655
ELETIZ,4.550288,3.721757
XADWAB,3.9998016,3.84112
VUVVAM,3.4803362,3.730233
CUNQUX,3.121418,3.060276
KOQJUY,3.7502732,3.623742
JENWAD,3.4264576,4.0364914
MUJJIK,2.7619557,3.0238779
KEKQOG,2.966041,3.6563714
QOVPIA,1.6789426,1.9548316
PORPES,3.8387103,3.9635682
IQUDAZ,1.3711817,1.6330043
TOWFAM,3.494214,3.7230725
PEWRIT,0.8016474,1.2558255
KAJKAL,2.5986874,3.045361
YUKBIQ,2.8925703,2.7321315
YISTUQ,1.7834343,1.9682603
ODOYAK,2.265892,2.2879987
OGATEY,2.9480815,1.9926958
HEQFEO,3.4874113,3.0015874
PEVJOT,3.9970806,4.38972
IDUCIT,1.8046591,1.7675067
XIDGUP,3.675986,3.185579
ZUPFIC,4.0784426,4.0058627
APITUP,3.0797846,2.9248202
YEWSOL,2.351608,3.1110437
JAFCEB,3.9325895,3.3110547
LUNBUU,3.9274194,3.718688
FEHZUR,1.1254629,1.4779453
KEKLEV,2.6278036,2.493919
MOHNED,3.3763888,3.848608
NODKEY,3.2664547,2.755165
WOKZEB,3.329313,3.7617462
QIWCOP,3.434077,3.778606
HAWBIT,2.5722923,2.9458406
KENQUR,2.088746,2.1145983
GAYCAN,2.6318853,2.1283507
TUNHOB,1.9426209,2.3310447
ICOKUI,3.3246872,3.571042
REPCOG,3.022913,3.243545
ENEHUD,3.1347518,2.9577851
QOQLIT,1.9064298,2.1256182
ZUQGAV,3.362239,3.8853927
KEHFAI,4.224568,3.6043227
IZUJOD,2.6563754,2.9239483
DUHMAV,5.505408,5.208308
GEDYUJ,3.1720314,3.1754591
MAVJEB,3.845241,3.8433132
CUFPUO,1.9456141,3.186201
RURROL,3.6019711,3.165794
DELFIN,2.803589,2.3695562
CISQUQ,3.580202,3.8921561
HIFROG,1.5815258,2.3753335
CODHUA,1.6337717,1.2888393
XOCKOS,3.6928573,3.67028
YONMOF,2.5970547,2.829075
VEQLIO,3.4743497,4.056946
GOTJIK,3.472717,3.6332965
MUXJAS,0.97117436,1.5411603
WIKVIX,3.0479474,3.641905
BAGXUF,2.2724228,2.0439045
PEJBEO,3.1557045,3.4380617
DUZTOJ,2.2784095,1.5288757
XEHYIV,4.4672933,4.782413
OMISUY,1.9739139,2.654819
MOYTID,2.5219512,2.8832502
ARAZUO,4.078715,3.922204
EHIMIU,3.904834,3.8906784
LUVTUU,2.2258914,3.1213677
YACDAH,3.8150363,3.240585
QUTHIW,3.6052365,3.7320762
WELHUT,4.729067,3.9770074
ICIDED,3.0754309,3.1867497
VIXQUS,1.2416556,1.8740736
MALGAI,3.3388371,3.6510217
UJUPIZ,1.6789426,3.048417
AHOJUD,3.025362,2.0063615
RARXOY,3.24523,3.850955
ADOCII,4.0408907,4.3333726
LIXNOX,0.8974315,2.3173842
KUKDUR,3.1312141,3.2723436
DICYUL,3.334211,3.5371006
FORKUT,5.76446,5.915039
ZENZAW,2.64794,2.9295447
ZOSHUM,4.095586,4.32062
HIGZOM,2.5649452,2.5073907
VIVLER,4.3842983,4.9540405
JEBREN,3.3399255,3.4359765
ZOJSEZ,2.7929766,2.7870438
IRIVIQ,3.1396496,3.3367047
DUJXIP,3.2574751,3.2133317
BICFEA,2.5562377,2.8399832
MEKRIH,3.6267335,4.2794504
FEZZIW,2.6517496,2.724063
ATECAE,4.227561,4.3747935
OHETAY,4.2297378,4.957342
XIXTON,2.447392,2.1830323
AJENOT,2.79597,3.179452
LANHUD,2.8841348,2.8590024
DALLEJ,3.0558386,3.0290322
UJOVEU,1.4324074,1.556199
MENLEA,2.9412787,2.8983603
VOBSAH,3.2308078,2.5284858
UWOMEZ,4.5734177,4.61164
DAPGOS,3.1350238,3.230734
SITDOQ,2.963864,2.9985662
VOLZED,2.6939273,2.646322
VISJEP,3.5121737,4.016015
BEDMAA,2.6759677,3.221448
MOXGUD,2.69556,2.6191533
IHUCOE,2.6705256,2.7644792
BESLES,3.531766,4.4999385
PIKNUW,0.8130762,0.8441758
VIMHOP,2.126842,1.2688543
OGIHAN,3.5099967,3.5970154
QUGDOO,3.0678117,3.1696181
UKARUU,2.7189617,3.2982993
ELOFES,1.6871059,1.4959704
QUCCAV,3.2109435,3.2441943
QABLOU,1.3069628,1.6679757
HOBQAR,2.169836,1.864707
UNADUJ,3.219107,3.135001
MIRJOP,3.1339355,3.0361996
VIRHIO,3.634625,3.7392285
GURJUA,3.4931257,3.5677114
PADKEO,2.6582804,3.290822
OXEKEK,2.3777308,2.2816055
CAKKIK,2.0087445,1.6062529
GEXXUE,2.0397656,1.9623243
DOMQUU,2.655015,2.6909213
TULRAV,2.853386,2.5702388
HESQAX,2.5371897,1.9208527
XUTFEZ,2.4106567,2.2737575
IVUFAG,2.2446673,2.4858522
RATQAF,3.620747,3.3887386
UWAXUM,3.181011,2.9510396
FIMTOL,2.3099747,2.3871043
NICTID,2.2381365,2.1555898
GEFLUZ,3.8150363,3.414371
EWAMUM,3.0095794,3.0287354
DAJGUT,2.7684865,2.2820683
ZOGWUP,3.018287,3.0347438
VUCKIP,4.4506946,4.2355666
TAWHUW,3.7317696,4.0393977
QISMEK,3.7682328,3.4841921
GUVHAJ,2.4871206,3.323928
BAMCUR,2.0280647,1.9624689
WEXCUB,2.3140564,2.0310845
ZIZKAX,2.341812,2.320773
KEXTUE,3.653673,3.8282804
OFAWAT,3.0427773,3.0314271
AHABUH,3.2710807,3.3005028
VUNBAJ,1.734998,4.836537
MODKAS,3.5026495,3.2698438
GOTSIR,1.0495431,0.8467469
DEMWEY,2.7295742,3.030596
QUKLIR,3.0680838,3.358852
YEBWUX,3.326864,3.4997702
UMUXOP,1.9578593,2.0274167
KETMED,2.8003237,2.5032008
CALRUD,3.6800678,3.2576966
AYAGUC,4.308651,4.4191275
BELMEM,3.7222455,3.6303935
HALHOS,2.4966447,2.5920863
QEWBAW,2.717329,2.8494966
VERNAK,3.689864,3.749092
DIFTAP,1.297711,1.843679
VIQJUC,1.7586719,2.3234987
RIYZEH,3.3638716,3.3079123
UBAYAX,1.4963541,2.363913
RUKWOL,2.7907999,2.9091449
FOVLOT,2.6403208,2.9994404
OJUHUW,2.373105,3.081506
XOFKIM,2.411473,2.4869335
KAXQEG,2.0449357,1.6969717
PAGLOB,3.4985678,3.6305382
OZATIT,2.8253582,3.0306602
YERFEH,4.8765526,5.205679
CAMRIR,3.027811,3.1544957
ROTXIK,2.0740519,2.4908378
FIJQIZ,4.167152,3.799355
PIJMAX,2.9380133,2.9865062
XERLIS,3.223733,2.8805625
WIFDAS,2.4765084,2.7585177
DIFSUJ,3.166317,3.8591988
JOMXOY,3.6332643,3.5604136
YEVBEH,4.067558,4.017556
WIFKIJ,1.8977221,1.3982879
CUMNOQ,2.0555482,2.7406585
MEXJEH,3.2849586,3.2542715
LUFLAZ,2.0373166,2.1023977
VOWXIQ,2.367935,3.074248
FOTLIJ,2.0079281,2.8659296
VALZIS,1.9804447,2.106595
FIRJEV,3.5910866,3.4719186
XOQSAA,2.9758372,3.1713047
BIJVAS,2.8101199,3.4644656
ZUKFUI,2.561952,2.4240787
MUNMUF,3.8150363,3.8036072
NAMLEV,1.4571698,1.6693177
IYIHAC,1.9325527,1.5488604
WAPTIU,3.4634652,3.2516239
DAYSUR,4.1660633,4.189791
SIGPUV,1.2688669,1.9677887
QOSJOY,2.2762325,2.4395192
FETPIG,2.9494421,3.2758365
WUCLIS,3.5913587,3.945924
OGAQAO,2.6517496,2.661063
WEFZEN,2.9094415,3.2400413
PAVFEX,2.6903899,3.6110537
TOPBAD,1.5532259,1.3711153
TTAZNP,3.3437352,3.0123944
SOZZEO,1.9698323,2.3319702
GEQCUE,1.4473736,1.6972561
QEZFIN,3.2841423,3.1079834
QUGQOB,3.4275463,3.417563
ROBGUM,3.6313596,3.590403
FODTAU,3.601427,3.3789794
FUDMEY,3.7554433,3.6301315
YIDKAZ,2.6977367,2.7483943
EWIBAO,1.0623325,1.7019377
LUHWUH,2.788895,2.5125072
VUPTIL,2.6487563,2.5525079
UZASEW,3.802791,3.6323164
RUBBAS,2.7467172,3.1264172
SOGSUF,4.2629356,4.1787987
BIXSEK,4.173682,3.7463505
BIRGES,2.8814137,3.26478
BAVBEF,3.5021055,3.5458171
IVEMUR,3.4166617,3.5356436
IWIJIK,2.70971,2.5363615
ORAZIS,3.0762472,3.415716
FEGQEN,2.6618178,1.980309
TICXOV,2.6114767,2.7073874
XUJVUT,1.8539118,1.7877839
SIKNEI,2.9265845,2.5999951
VURGEW,3.8109546,3.5964632
WARGUR,3.0533895,3.0754888
KANSUN,3.5456436,3.7436442
UJUNAO,5.7658205,5.3376493
WEGZOB,3.0362465,2.892143
WIPHEM,2.7301183,2.785243
YEJYOD,2.4887533,2.4318957
TACQAT,3.2446856,3.4177089
HEXQUA,2.769847,2.8314505
ZIPJUG,1.7926861,2.1598718
ECUPIB,4.141845,3.74173
JIHWOM,3.1581535,3.7546144
FECBEU,4.4740963,4.501235
AWUTIV,3.111622,3.4988434
LETWIT,3.1113498,3.0908382
XIWCEN,3.3535311,3.1552
ICIHIO,3.5646915,3.1214514
ZEJQAI,2.5709317,2.674442
GOYNOX,1.3102282,1.5460893
DOGGOW,1.9869754,2.1567316
LILNUS,4.395183,3.944577
KADQUB,3.1301258,3.457577
SISHEJ,2.9535239,2.7662218
UXOXIP,3.0667233,2.8435273
HAQDOV,3.6030598,3.8551106
XEBZUA,4.2272887,3.8910418
GEJVAS,1.8128226,2.2041955
SUKMAN,1.8612589,2.199926
XIHWIW,2.3309274,2.4058886
OFAFAD,5.6599684,5.62239
UFIBUJ,3.8030634,3.962565
NONYAR,2.8838627,2.9442232
CUMGUP,2.43297,2.5064273
LECCEC,1.4868301,1.6051254
DUNTIS,3.7192523,3.2965777
RUMTUQ,3.4923093,3.3325057
KUXLUM,2.465896,2.6556928
MEGCEH,2.449569,2.0923057
DOQPUV,3.126044,3.1708915
YEKHEC,3.2172022,2.8254876
JIRQAF,4.2455206,4.4506636
NILJOH,2.5924287,2.3814876
OHUYUL,3.7954443,3.1433682
PAXPOU,5.406086,5.433898
YIVVII,3.4016955,3.47397
IRIWEO,2.1279304,1.8583348
WAMNEE,2.1265697,1.7330421
MAMRUN,3.9198003,3.9970527
KAYTUC,1.696902,1.8895442
BAJQAG,3.3927157,3.7419953
UFONEL,3.4408798,3.2983506
WEHHAU,3.2446856,3.3104672
IZAHAS,2.671342,2.262529
XATRER,3.2904007,3.4653158
WAYKIQ,3.2226446,3.081972
HATPEZ,3.185637,3.207643
UYUMIL,2.1491554,2.6477926
WUCLAK,3.629727,3.3012364
UQEFON,2.1116035,1.6196551
JUHQAG,3.3208776,4.0321655
RAKDUE,2.9883544,3.554503
MUGMIL,2.6457632,3.0041785
FACXIU,4.14892,4.336159
WASWET,2.1616726,2.4584122
EQEWOO,2.8400524,2.9501567
TORNIY,4.956826,4.819124
GAWKIB,2.7069888,2.975701
CUCNAQ,2.9001896,3.2915227
VUTLIH,3.1567929,3.4284768
DUHYAJ,1.5573076,3.650927
RACNOB,2.1671147,2.0368533
EDUGER,2.834066,2.6255283
FELNET,2.2580009,2.044075
DUHKUN,3.0607367,3.1279774
BIBPOU,2.612293,2.7381623
WEYHUD,3.4953027,3.6155686
RIJWOZ,3.204957,3.1736119
LUWPAU,2.08412,2.2138233
QABGAF,2.081127,2.2425768
UQUKEX,2.0332348,1.8863863
XEHXUD,4.57886,4.28715
UPOGUC,2.5486183,3.202294
NEDZON,2.6642668,2.612452
NEWBAU,2.2141905,2.2335184
ITAHOC,2.7165127,3.0419378
PIWNAL,3.4972074,3.335767
PYBPIR,3.1105335,2.7730927
BUXDOQ,3.3616946,3.3048403
ESOTIQ,2.2381365,2.1218624
ETAMAN,2.7973306,2.7300227
GAZJAS,3.959529,3.605802
AVUBIF,2.7839968,2.6524506
FUNCOI,2.7426357,2.9515815
RUWCIW,1.6041112,1.7105514
YAVGIN,2.3023553,2.7300732
FEKNIT,2.3018112,2.8700728
QOFTOV,3.2536654,3.4998574
UZOFUM,4.64199,3.9449456
RITCIJ,3.080057,3.0134785
NODMIF,2.982368,2.83684
GICRIX,3.8585746,3.5892544
LEYQUB,4.624303,4.1566653
YUWNUB,4.7472982,4.219508
PEKGIZ,2.7570577,2.919335
UGOFEC,3.0985606,3.8190873
WURJOJ,2.3219476,2.1472745
TCAGTU,4.416408,3.9402435
UHUWOM,4.052592,4.162822
KOKWOW,3.3230546,3.5495672
YOWFIC,2.5409992,2.3873615
FERWIK,1.6190774,2.3860803
HESTIL,3.0482194,3.3560755
ZAYCAF,1.6666974,1.7240463
AXOTOW,3.8776226,3.8371487
RILVEN,2.6658995,2.75262
HEXRAF,2.9407346,3.3472166
QAJCEL,2.9565172,3.0000086
TARWUH,3.2280867,3.441502
QEKVEH,1.6979905,1.7669126
FESFUG,2.4800458,2.4938874
MELKEW,3.104547,2.767978
PIYLIT,4.0789866,4.312056
JIZROA,2.0392213,2.7291481
NIPREK,3.2898567,3.1269505
IJEWIG,3.3132584,3.5416622
OLIWAJ,3.353259,4.0231996
SUHZAX,1.1064149,1.443156
QIZBOR,3.08305,3.3383775
DOYCAV,2.2773209,2.5974553
NIWVIY,3.06373,3.4128342
QIYWIF,3.0705328,3.1205688
LATHUK,3.0321648,3.0147748
SEBWIJ,4.050415,3.8940644
VAJTIN,1.8169043,1.1176891
YIJCED,2.456644,2.3372931
YILBOL,2.4054866,2.3447304
FUTVEV,2.1336448,2.1938448
SILVIU,2.5486183,2.7346933
YIXFOB,2.8449504,2.6991973
BEFZAQ,3.4501317,3.2839143
TUWQOT,2.5208628,2.1948273
MIDPEV,2.7192338,2.7436028
KIMWUA,4.117355,4.4464335
RIYHOW,2.573653,2.6338143
RAYPEP,3.5951684,2.8296337
NODNOL,1.216349,0.9707091
RAPTIO,3.6030598,3.1281958
MIPKON,3.3031902,2.8803594
SEVJEL,2.6011364,2.5645676
RUSVUY,2.4479363,2.163102
YACBEL,4.5878396,3.8798718
APODAM,3.7878249,3.715007
ROFGUS,2.8735223,3.2360435
AHODUY,3.2904007,3.200592
JERXUA,3.385913,3.1052926
BIPQAV,2.5676663,2.8852623
VEWWEA,3.5075476,3.7655168
HEDFUS,0.7755245,3.9573765
CAXZEJ,2.0392213,2.0849051
FOHXAD,2.942367,2.9541173
XIKNEL,4.147015,3.904034
CAHTAG,0.37252387,2.9880967
HUKPAE,4.9478464,5.466217
XISFIS,2.5102503,2.1274633
BIPPAU,2.5946057,2.840305
JELYOS,2.4438546,2.4891498
TIDNOJ,3.9396646,3.989802
YEHCIB,2.996518,4.0091734
QIRWIZ,2.765221,1.9435141
PICPEW,3.3118978,3.3551764
YAPPUB,3.063458,2.2542143
YEJNAG,1.8650684,2.3130858
MEYTIT,2.2014012,2.2725368
YOQLEY,2.7589624,2.6341763
CCPZRA,2.1287467,3.3764257
CIPKES,1.0168895,1.8171537
ZOLXIJ,3.5445552,3.4371161
BAHMOQ,3.591903,3.3246346
OXAKOO,0.78042257,1.7264638
WOLQAR,2.0354116,2.254145
LOZSIF,2.6152864,3.4335246
HUWQEX,3.228631,3.0392377
HERMEW,3.608502,3.8374493
VAHPUQ,2.2884777,2.6929805
VAYVUM,2.7486222,2.8288627
CIXJAW,2.4389565,2.5434194
NIDXEE,3.169038,3.5227234
MOBNAT,3.7086399,3.4464881
ALEYOG,4.173682,4.172968
ANUDUL,3.1772015,3.212925
IRIYEQ,3.8768063,3.8939424
YEJRUB,2.7061725,3.4386718
FULKAY,4.4008975,4.227622
PIYRUK,3.8893235,3.5450835
MITMIL,3.2433252,3.134789
FUPHII,3.577481,3.7507758
XUVVES,4.5546417,3.8931093
WUPHOG,3.099649,3.3755424
WETMIR,2.186707,1.7983717
CABCOZ,4.2392616,4.2028747
UDETOP,3.634897,3.7405486
RALMUN,3.408226,3.3141344
PANVAE,1.7390797,1.9017158
MENKIZ,3.0982885,3.2926106
VIMTOD,2.822365,2.8159065
PUYZUH,2.7976027,2.8027163
ALELEI,1.3347185,2.0265863
CIGCUS,3.6572104,3.7271233
BIBBEU,4.884988,6.3359838
KAZYIX,3.187814,3.2452426
LOPTAM,1.9804447,1.8795842
WOQLIY,2.3619483,2.585466
JIVMUW,2.4346027,2.3586974
LAVFIY,3.5660522,3.8651876
ESUNUE,2.7839968,3.2368755
FUTDEE,3.0683558,3.4612217
XILJOU,4.225656,2.9624882
WUTZAO,2.5216792,2.5554123
KIQSEL,3.7094562,3.6547265
JUQDAA,1.644112,1.8451011
ZUHWEG,3.54646,3.5071213
MULTIX,2.5053523,3.0773602
EHIKAI,2.2882054,2.4622293
EWEXOT,3.4259136,3.086454
ISERUV,3.2631896,3.162914
OPUYAB,2.186435,2.5988576
SULBEJ,4.3195353,4.1965837
JEBVOF,2.5396388,2.6914322
MECXEY,3.5342147,3.4114633
RISSIW,3.2139368,3.1415684
JAMZUV,2.8830464,3.0120096
HINFOA,4.1304164,3.6933007
RUQREA,3.1132548,3.4403534
VUGJAI,2.0648,1.9110479
FEVSOP,2.0985422,2.2374938
CIMWAZ,6.0006547,5.4633274
LUTJES,3.1872697,3.2665899
DUDZOS,3.4895883,3.660701
EHAFAW,4.216676,4.520447
UPOCIM,2.3894317,3.5437064
KUYZUB,1.8971778,2.5603309
IQEFIU,2.2664363,2.2303076
OMITAG,2.4988215,2.5102599
WOGSAO,1.9779956,2.3548284
TEKPUX,3.350266,3.407116
PUXMIF,3.558705,3.2089734
PUWGAR,1.2587987,1.2368553
RIMFEB,6.382975,6.228382
WOGBAW,1.8612589,2.0993035
ZEYDEP,2.8716176,3.0085835
VERXIA,2.8740666,3.3528593
WAJHIZ,1.6334995,1.9362731
HEZBIZ,3.5875492,3.663498
MIRFAY,1.6239755,1.6374866
RALBIR,2.7064445,3.0643919
NUDGIF,2.7883508,2.7235267
CIGNIS,3.1494458,3.0466108
RANVAD,3.0944788,2.9711862
GOWSET,1.6745887,1.7566283
WEZWED,3.7369397,3.4700575
XEDPAZ,3.125772,2.8626964
HIGQIX,1.2607036,1.7172836
FEQNUL,2.2737834,3.1160314
JIWHOQ,1.4751292,2.3355267
KEJHEM,3.018559,2.7245457
NUWWAD,3.4093146,3.4576857
QIBROK,3.8757176,3.847898
ETOQIQ,2.4724267,2.1879778
OPOJAG,3.0340695,3.3081255
PIVKOU,2.0209897,2.5970323
BAXFIQ,4.2740927,4.13827
REVHIK,2.4778688,2.5196776
VOHMAI,1.7129568,1.9051173
NUXBIU,2.3831732,2.2737849
CUPPEI,1.5491443,2.4960122
DOSRIP,0.733619,0.80644155
WENZEW,2.2022176,2.5556781
IXAFOD,3.7119052,3.356453
TUYPUA,0.10285904,-0.2969427
YAMWES,2.4005885,2.4684718
AHIBEB,3.8052402,4.0237303
XOJKAL,3.7442868,4.023733
VADKES,2.6876686,3.7456415
SESBOH,2.403854,2.6811457
BOGKIS,1.1602935,1.4494597
OCIJAP,1.804387,1.9774761
HIFSEY,2.5967827,2.8260887
VOKVOH,2.6849475,2.4151409
YETGAG,1.658534,1.9639102
FEJMEQ,3.5467322,3.4091234
EVUVUM,2.3769145,2.2269568
HAMDII,2.2185442,2.4325485
OBIYIL,2.1573186,1.955267
IROHAB,1.7834343,1.8440926
XERFAC,3.7954443,3.529786
HOBJIS,2.2814026,3.0442016
PURBUC,3.3540754,2.9895844
DASXUR,1.7766314,1.6467
GERSUS,3.824016,3.9590878
NEXKIM,1.6522753,2.143378
HIBRIT,5.057236,5.430418
TANJOI,2.8079429,3.4640133
TUWSOU,3.7255108,3.9754086
VULMIY,2.5298426,2.9267073
JASROL,3.467819,3.6502852
VOKQAQ,0.46613103,1.603491
DECZAN,4.27763,4.22208
UDUMUF,3.4784315,3.250377
LEQPOM,4.2392616,4.687763
ZOLMUI,3.859663,3.634849
ZUKMUN,4.202799,4.2965536
VEYNUK,3.1826437,2.4702244
YEKMAF,3.0248177,3.3645506
JEDMAH,2.1905167,2.1923475
MUSFEM,2.9521632,2.9479637
EPADAC,4.57369,4.253237
OVUZIQ,3.6212914,3.7906284
LUCLUQ,2.5986874,2.2591805
RUMZOQ,1.1826068,1.5047776
KIBYEB,2.6354227,2.8813512
TEXSIA,4.2743645,4.2639475
MUDZEQ,4.0754495,3.6852868
KAJBED,3.7347627,3.8064125
DUYGUC,2.2601779,2.2778654
FUVMOZ,2.9880824,3.6630812
NAQMIB,4.3668833,3.6318593
BUJPIH,1.520028,1.40711
IMUYIA,1.9997648,2.0863192
UBOWUH,1.3589367,2.2681801
XUXSEQ,2.0506501,2.040462
MEHLAQ,4.139668,4.1251035
JOPROY,1.9018037,3.12747
POPYEY,2.7774663,2.8966289
YIZZAI,3.367137,3.3029287
ZEYJOC,2.8542023,2.860976
BUZBIK,3.109173,2.9227054
ENAZOJ,2.70971,3.2120028
REVDIF,4.0226593,3.586904
ABEFUI,3.372035,3.9267917
ACIHUP,4.630562,4.3506975
WIJKOP,2.3673906,2.3001537
COLCIQ,2.9565172,2.6218061
SIGRAF,3.4177501,3.1750386
XEFVEJ,3.3448236,3.3107424
LEDMOX,3.6215634,3.7767296
GEZNUW,3.510813,3.4180305
RETZUM,3.5611541,3.928699
DIGVAS,2.788895,2.924648
WALGUM,2.0318742,3.318667
QOFQOT,2.722227,2.6002626
RIBRIE,4.001162,3.9526448
WAQXER,3.8983033,3.5440998
FOZFAD,2.4555554,2.475005
FARZUV,2.8596447,3.0900614
QERHEB,1.0160731,2.2304177
YODBAU,3.3635995,3.3373706
WUWVIT,1.8509185,2.0757675
RIKYAO,2.2288847,2.3532557
OSECIZ,3.6841495,3.6832623
YORTOR,2.978014,3.0931358
MINHEW,3.0152936,3.1713305
GITVOX,4.1388516,3.221998
ANECAY,4.159805,3.8919582
RATJUT,2.0247993,2.254163
VALCES,2.7679422,2.9542947
RIRPUE,2.4079356,2.342346
HUBNAV,3.2457743,3.2927094
RAZBEB,2.910802,2.9652848
VUMYAE,4.455048,4.4929175
KEXVIW,2.977742,2.8038025
YEBXUZ,2.9831843,3.0614996
GOVLIM,5.4667673,4.6349845
BUXHAF,3.8199344,3.564291
MONJAB,3.0737982,2.667977
UJIFOK,2.346438,2.4473782
VAGCAJ,1.2231518,1.5049967
RUZLAB,3.6814284,4.0206766
PHASCR,4.2574935,3.9285636
CAQSAQ,2.607123,2.5863917
CEXKUN,1.2367575,2.1689994
BABKOG,2.4743314,2.9629264
DOFGUC,3.9045618,4.381762
HAMHOV,2.5301147,2.0220902
SOLXAS,3.9725902,3.5189145
FEMTAU,2.117318,2.3430035
YAVCAA,3.59408,3.7131586
SIGNED,2.0819433,2.0767639
POCNEA,2.9924362,3.7455814
LOVDOP,3.2577472,3.8951194
QIPRUF,2.8142016,2.584729
HIJTID,1.9679275,2.5308747
FUSTIX,3.659115,2.9560456
CAGBEU,2.6419535,2.6211731
BAFLIE,2.527938,3.1463892
IQEGET,3.472717,3.5608454
CATSZN,3.9995296,4.088656
DAFFAV,2.4049423,2.4215293
SAMWEJ,4.1930027,4.176491
TEGJUM,1.0794756,1.5519627
GETZOY,4.9244447,4.054474
EPADUW,4.4928718,4.453242
PASCAO,2.0558202,1.7562646
NAGHUC,5.049345,5.219711
DAJTEP,2.3594992,2.8233175
QAKPOK,3.1344795,4.220235
EJOVEE,2.533108,2.218056
SUKHIQ,4.698862,4.9022875
AZEYOW,3.1801946,3.3697367
ZEGRAG,2.4463036,2.5611036
DETCEL,2.3769145,2.5963345
JEWPIL,4.526342,4.5242357
FUQGAC,3.5263236,3.526963
DAMTOA,4.197356,4.1432934
YIYGAP,3.4933977,3.2708933
DIDROZ,3.620475,3.6419559
ETIBOZ,1.5181233,1.7513504
UMOXID,4.2144995,4.362799
ZAHKAY,0.8800162,0.4278183
KIHXOO,2.1940541,2.4187374
RAYHIK,3.3965251,3.0629044
TAMRIM,2.1897004,1.9583886
BEFKUS,2.8637264,3.8680847
BOJTEA,2.026976,2.474818
QAHHIR,3.2370665,3.3354926
DUJQUU,3.2972038,3.3858495
PIXLER,2.234599,1.7851413
QOYKIZ,2.0667048,2.059446
HAVWUZ,2.9067202,2.9795752
LULDAX,2.4868486,2.1458442
RAMZEK,3.4713566,3.5202096
KAMSOG,1.2677785,1.8015538
MIDBEH,4.1309605,4.182171
YAFXEL,4.2452483,4.25665
GEXHEZ,3.5304053,3.2197711
YIVHEQ,3.1562488,3.1476123
YAVJEM,2.0041187,2.61387
BUZXUS,1.9246614,1.8244753
ZOFLEL,2.2860286,2.0265205
XIVKAQ,1.7545902,1.7716485
ONACOY,2.2775931,2.499641
KASWOQ,0.39728624,3.7482042
XEXJUJ,2.87706,2.8780699
ZORJAU,2.7657652,1.9986597
PHSMOB,1.828333,2.1455278
SIMXUJ,3.0558386,3.0997558
EHUQIH,2.7118866,3.391309
YEMVIV,3.1254997,3.2940962
KUHSEM,3.570678,3.5032818
VUDDOO,2.5192301,2.466812
OJIZAI,3.6036038,3.399686
GIRNUQ,4.0395303,3.8415186
IKOMAX,1.7801689,1.4869249
SOFZOD,2.9532518,2.5665236
VUWKAC,3.3396535,2.725341
ADIPOV,1.919219,1.9950092
GEMXAZ,2.6536543,2.5338645
FUGSOR,2.1213996,2.3671246
EVIMEC,2.8427734,2.6009903
FOJXIM,2.918149,2.865846
AHOGOV,3.1148875,2.912988
LASXOS,3.5124457,3.5354733
OLANEV,2.8811417,3.1978812
FELSUN,3.226454,3.2512019
RABJUD,2.7679422,2.7865498
VABXEE,5.1268973,4.097557
KUBGEV,3.611223,3.5812063
KIQYIW,2.5298426,2.7819924
LAMTEY,3.5568004,3.9216924
TAWPEP,3.2133925,3.2719188
FUGQOP,3.508092,3.0468867
QETGIJ,2.2639873,2.7230194
HOPMEE,3.4172058,3.048679
YEHGOI,4.07681,4.3000793
ISUBOQ,3.4025118,3.5172076
FAHBUP,1.4397545,1.6725338
YAMQIO,3.6906803,3.163402
HAMZEC,3.2223723,3.3932202
WUSFEW,3.058832,3.3378856
AZULOY,2.736649,2.9766035
SUHDOR,2.7094378,3.2416377
SIZTEC,2.7635884,2.8803985
EKIDAE,3.6702719,3.4716403
JEVTAI,2.8163786,3.0905237
TIHSAE,3.0650907,2.3510993
JOMNUX,1.8182648,0.78912735
SEHVOS,4.404979,4.5806575
DOFCAE,1.7126846,1.8302503
RAQZAL,3.2784278,3.3323014
FEZQAC,1.7858833,2.326242
RUWCUJ,3.4612882,3.6218734
HISBUG,2.872706,3.2870657
COBWEW,3.897759,3.6781914
XUNCUF,3.837894,3.815332
COJSAV,2.958422,3.0924017
YUDWAW,1.6354043,1.7320848
QEFLUL,1.3295484,2.0025666
NIQKUW,2.968218,2.5651321
UWAKUB,2.8699849,2.5979838
JAGJEH,3.616121,2.7996616
NAGTOI,1.9758188,3.3983712
MUDVAI,2.5268493,2.3234038
WUYROY,3.1989706,3.8033395
RENLOM,3.0939345,3.366109
UXUCAU,2.2664363,1.6837645
PELQEG,1.9227566,2.3988266
PITCUT,2.8754272,3.312784
HAHDAW,2.4286163,2.2744203
WELFEZ,3.740477,4.1001444
ROQSUL,4.040619,4.4854975
HOBYIJ,3.037607,2.943071
ATETEB,1.0653257,1.0753888
LAXLEF,3.5660522,3.452808
HAZXOV,3.4114914,3.3789005
VACTEZ,3.001688,2.9589968
YATYIB,1.7630258,2.4084582
BUPLOP,3.126044,3.3268495
FETHUH,1.4215229,2.1091142
REYFEG,1.1023333,1.392408
IXONIV,3.2558424,3.0176518
GIDTUI,3.749457,3.5242636
JIMTEI,3.328769,3.3586571
HEYKEE,3.0890365,2.8762782
OFUTIS,1.7798967,1.9498613
KEWKED,2.0071118,2.1162271
KEPPAZ,2.1494274,2.2243717
ECOBAC,3.2797885,3.1491446
AVORIM,4.2738204,4.065216
KAPWEG,4.973153,5.0452995
YUGXON,2.8612773,2.0019515
PEFXII,2.7807317,3.0164886
GAGGIH,4.012047,4.117264
JAWXOX,3.9045618,4.483209
YEXYUV,2.0637116,2.7081757
DUHVIL,1.8381292,1.1415493
BOCTAR,4.0327272,3.5538883
BEMMEP,2.4460316,2.4124696
UDOGID,2.1276584,2.9733634
SAHHUE,3.0718935,3.3716688
FIJKOB,2.8359706,3.2157953
VUNLOF,3.5042822,3.0487883
IMEFUB,2.9687622,3.0269504
IXAFAR,2.7469895,2.545681
REJCOA,1.8827558,2.480352
RUKKIU,2.1023517,2.0117457
WEGPOO,3.1869977,2.9574778
NANSIH,2.8854954,3.571433
KEDFAB,3.1567929,3.3039682
QIXRIC,1.5673759,2.2981024
PADXUR,1.1170274,1.320324
BAPMUB,3.3763888,3.6883066
ZISSEZ,3.7978933,3.6561832
ZIBFIB,1.9409882,2.2185633
TAYPAK,3.988645,4.2085066
EJAPAI,2.9249518,3.2968705
IGEXEZ,2.8620937,2.7326481
IWIJUW,3.1815553,3.1047907
JITHAV,4.1886487,3.940114
FEKXEZ,1.7630258,1.8871251
ZUJCIS,2.2267077,2.493349
ATUPOV,3.978577,3.9813468
VIDZEO,2.6267152,3.5114079
UTEMIR,3.0060418,3.10552
VENMIO,3.4860506,3.402653
VIQSAP,3.2079504,3.3934414
YUWWOD,2.4286163,2.2383442
LECROA,3.1584256,3.3542304
VOGRUF,1.961941,2.0444713
DACGIB,3.391083,3.3160167
PUYKIE,4.48362,4.1539373
WEHLEC,1.3836989,1.7217336
HAJDOP,4.64063,4.2446055
TOWNOL,4.13858,3.9768448
WEVVUO,1.670507,2.2807252
RIYCUX,2.3717444,2.5121384
ROYKUN,3.2321684,3.138454
LATVAD,2.8933866,3.012518
EDAXAK,4.3935504,4.5374107
UFAHOY,3.8713639,4.033289
SIXBOQ,3.2400599,3.1316462
UFANOH,3.3733954,3.6585667
RILJAZ,3.4795198,3.913023
BUJMIE,2.1018074,2.2248254
VIQWEY,4.744849,4.590202
QEFBEK,2.1799042,2.1138153
XIPCAB,2.9791026,3.3439078
IREJIA,1.2470978,1.3860793
WINBAY,2.8544743,3.1030645
NIXFAD,3.491765,4.291716
AXIJEW,2.937197,2.900755
REXZAV,4.518995,4.381079
ALULEB,2.9317548,2.3021107
MIJKIZ,2.6996417,2.7167602
QUWSAF,1.921668,1.9512109
MAZRIR,3.0797846,3.2826722
UKENIJ,3.6134,4.073644
XUGWIH,2.4841275,2.7607815
CIBLOP,2.8661754,3.3775826
DIJTAU,2.5790951,2.9898245
MELJUJ,2.8454947,2.6770954
VIMTOB,1.5469673,2.294825
JIJFIU,2.5586867,2.5979776
BIYYAK,3.5723107,2.9761057
KOZYEF,1.9129604,2.304872
ZEWTUQ,3.5440109,3.8306847
NOPHIM,1.5491443,2.4276066
YIYNEA,3.1897187,3.6681032
HEVXUC,3.034886,3.0752676
FIYLOS,2.8547466,2.7936707
WAMBUH,3.6474142,2.9624496
DUSGOQ,3.166861,3.7953184
ETINEB,1.4607072,1.7324795
HUNBEZ,2.492563,2.0362086
ULORIX,4.9260774,4.4961195
DAKRUE,3.0343416,2.9807985
RAJYUY,3.5265956,3.5728989
COQNIH,2.4618142,3.0516837
VIMCOK,3.8376217,3.6113062
CIRHET,3.6011548,3.1442811
BIKRUL,2.14589,2.3803482
FIKTUP,2.5442646,2.546914
XEQVAS,1.3962163,2.1648993
WOFWEU,3.4476826,4.1424
CAXFEN,2.8958356,3.0729945
WUZNIP,3.9529982,3.987293
DADWEO,2.6571918,2.601902
YOVHUM,3.1744804,2.994047
PEBNUF,2.9165163,2.9228382
OXEGII,2.7872622,2.5931091
YIBQOQ,2.6824985,3.3042731
VEWZUS,3.286047,3.5237162
WIKQOZ,2.8161063,2.6756766
CEQSUM,2.7690306,2.4991496
DACXIR,2.8593724,2.8831208
LUWSAZ,2.9883544,2.6327798
REFCOU,3.5064592,3.1494408
XEMNOW,2.822365,2.912559
ROFZUH,2.8131132,2.9809268
RUKNAM,2.843862,2.9398506
TIFJIF,2.387255,2.3584034
RIZKAP,2.449841,2.6543286
IMEHIR,2.9431834,3.2149625
AKIQUH,3.9723182,3.2122889
TEMMEG,3.7682328,3.8349435
HERFAM,2.758146,2.235271
SOHTIU,2.3619483,2.4658813
ZIPWOO,2.2947361,2.2745752
WUGNOE,3.7075515,3.6741629
CADSEG,5.5328913,5.2054887
LIVKOS,2.6207285,2.9209652
PENQOQ,3.2656384,2.9898448
GAPZEC,2.860733,3.5913248
BUCFOV,3.0601926,3.5058177
BAFDUH,3.527412,4.1899996
KIXSOA,2.17936,2.273535
RIFZOV,4.074633,3.7104917
BEQMIT,2.4609978,2.5793543
XILPAL,3.6795237,3.355124
WODGED,2.7080772,2.2464101
LUWFIT,1.9252056,2.1358945
JICGAG,2.671614,2.4714518
MOGPUU,2.8805974,2.524747
ESOMAB,2.2150068,2.757925
ZAXGUA,2.8539302,3.2353275
MOFMEZ,3.7434704,3.7263103
HUFHOI,2.6833148,2.556987
POYFEO,2.8038611,2.7213917
XAQHAC,3.305095,3.4707518
DANLIP,2.958694,3.1014826
NOLGUS,2.8082151,2.3977842
NIZCUV,2.516509,3.1356308
JINTAE,3.5652359,3.4872386
WUBNEM,2.361132,3.085779
REVBIE,3.5938077,3.8131194
ZOQFET,3.206862,3.1634774
SOBFEV,2.4656236,2.6937864
MATFIZ,3.2172022,2.8946311
BAPZAT,0.26830426,1.6140596
EWOLEH,4.8273,4.5728207
EDASOT,4.9579144,4.865225
KAYLEC,4.773966,5.2191153
EQEYIJ,3.2316241,3.3697038
UGEKUO,2.6199124,3.4465375
TEWMAL,1.7252018,1.3675144
LISQAG,3.5714943,3.5654614
IDOROM,2.6340623,2.3684983
QESSAM,2.8623657,3.494767
WEKSAH,2.7788267,2.9536548
JIMBAJ,2.3216755,1.8473966
DORHIC,3.3358438,3.582489
EDULOF,2.6800494,3.0271823
VOXVIQ,3.245502,2.8580134
LISXUG,2.963864,2.964904
DERFAH,3.855037,2.819693
MAKJIU,4.0106864,4.044296
XACZIK,3.4248252,3.7252655
LIRDUM,2.7646768,2.7814784
LEKZOR,2.6993694,2.7311695
NODMEC,2.550251,2.5621588
UMEZEU,1.7053375,2.268264
KIQQEG,4.980772,3.934721
KEDGOQ,2.3309274,2.3460908
MODTOO,3.4144847,3.3124275
AZOYET,2.9162443,3.2759671
YIPZAC,3.510269,3.0521386
KOCCEN,3.2629173,3.4624672
CIJCAZ,2.7031791,2.669179
YEYQIF,1.7714612,2.646353
VURHIC,3.2523048,3.2553787
MAKMUH,2.673791,2.553619
LUNWOH,3.0694444,2.8909717
ZUQFUM,3.348361,3.340585
TIZRAW,3.2689037,3.322951
EQOWUD,5.202545,4.7131543
AVUBOI,3.6378903,3.466645
AGOTOG,2.3048043,2.273118
FESKUK,3.6748977,3.3283665
DITWUB,3.2868633,3.203932
CAKRAH,1.7284672,2.8456295
BUHXIN,2.9927082,3.323346
JUGFUO,3.8109546,3.5560331
DUDFEQ,2.633518,3.0981596
ZIMWID,2.5733807,2.5558207
LEPCIS,0.85688657,1.8057821
CUVYIE,4.5396757,4.156659
UGEJIA,2.7026348,2.9831681
VABSUP,0.8952546,2.6679502
DOMLEX,3.3932598,3.2033372
HUYWOP,2.4884813,3.1128283
XAKBIW,1.4862859,1.3901476
NEZPUH,3.2128484,3.1786697
FOSJOO,1.5913218,1.4443388
HONPAE,1.4318632,1.3569167
EXUSEW,3.7682328,3.5197766
TUFQIU,2.979919,3.027191
MPYCPD,3.1622353,3.3531425
KIXSIU,1.9369065,1.9400314
IGOBUB,3.314619,3.4536562
EKEWIB,2.839508,2.3651576
WIFXAM,3.2245493,3.0681067
YOTBEP,6.36692,5.274463
FEWBUF,3.711361,3.3692758
ITAQIE,2.592973,2.7048533
HIWPIM,3.4871392,3.8199313
TIPYEX,2.5031755,3.4540474
ECOXOM,3.2351618,3.30172
ZENVOG,2.5755577,2.5829685
QAHMAO,3.0201917,2.892584
PIMTUE,1.7317326,2.0316753
ESONOP,0.5850448,2.6732843
WAYKIU,2.5720203,2.5646133
NIZTOF,3.3709466,2.9091208
JADMAG,4.5279746,3.7386441
HEGMUE,2.2310615,2.0607076
HUHLIF,0.24653515,4.151289
JEZSUF,3.6985717,3.9032876
YABRIG,2.6950157,2.8265479
CAPPER,3.5793858,3.2671328
ZALRUZ,1.5573076,1.6366026
KICPAO,2.5434482,2.9447079
SIWQAQ,3.204685,3.2380404
LURXUT,2.3929694,2.5118663
KIHHUG,2.3695676,2.9343677
YEXCEM,3.1986985,3.444808
QOSGAH,2.4095683,1.9575913
MAKBUX,4.6947803,4.4518623
QAWQOX,1.5959479,1.3146381
OZIHUC,3.4215598,3.243013
DUYDOR,3.3799262,3.4388118
TISHUC,0.35864606,2.4858177
XUKBAG,2.9878101,2.714767
HEMNIZ,1.6144515,1.9511676
KASFIU,2.5676663,3.1811514
DAQSAT,3.7181637,3.2920961
MIXFIK,6.457262,5.826892
QOHQUZ,2.4525623,2.6945567
AKOZIK,3.1766572,3.440017
IZUPIE,2.138543,2.6132662
RATXIT,3.2531211,2.6778173
LEXZOD,3.2656384,2.7137668
LUZHUJ,3.3513544,3.337138
MOMTAJ,3.6838775,3.0246813
KUVBOS,1.5004358,2.3903995
HIYMEL,3.510269,4.4720845
JASDOA,2.146434,2.2635524
KEVTUB,3.9935431,3.66019
MUSJOA,4.11545,4.723646
ILOPIJ,3.7276878,3.9140732
ARECUX,2.183986,1.755448
MOKMEE,3.4980237,3.4590688
WIRXAZ,3.8776226,3.4698281
UJIBAQ,4.8509736,5.8652606
ROJFAX,1.4909118,2.2114043
YUVCOI,1.5518653,2.2981687
KURFEK,1.9665669,2.686758
ZORWEK,1.8041149,2.346896
BAHYEO,1.7744545,2.572113
VIHPAF,2.9075365,2.919181
WASGUS,0.9839637,1.9145569
BAYPUP,3.1178806,3.1278827
NEBNEO,5.9639196,6.031604
RIPLOV,0.25197744,2.7610126
ADOCUT,3.1080844,3.453378
JAQSOJ,4.2860656,4.262336
NASLAW,2.9488978,3.2592113
UJUSUQ,2.4288883,2.4593213
WOZDIB,2.6571918,2.9610329
QERPOT,3.120874,3.1038332
VOWXAG,4.009598,4.155892
GIXZUL,2.7733846,2.9822133
TOSJOC,2.9159722,2.510772
OFOCAP,1.7290115,1.4050385
TATWAP,3.570406,3.3726628
JENNAR,2.9924362,2.9989378
DEXZAH,3.283326,3.3277664
ZOYFEY,2.6397765,2.6510432
JUXDEO,2.3399072,2.280157
AMICAA,3.446322,3.3872328
UJUDEJ,2.511883,2.96085
XECGUK,3.288224,3.299059
ALBCIW,1.8680617,2.169438
ZATNOZ,1.553498,1.7420545
GIKJUH,3.642244,3.5594056
DECQUZ,2.7902555,2.7697208
NEQYUE,1.5300963,1.152847
HOHMUP,0.9328063,0.9791529
FERTAA,2.0618067,2.5162747
GATWAD,3.2757068,3.647857
AWONOR,1.2321316,1.9483515
DILQAQ,3.9777606,3.9401834
UCOPUB,3.0759752,3.1422534
AYEFEQ,3.26972,3.1533422
ENOXAI,2.765221,2.57117
AJEBIC,2.4174595,2.5475585
NOFSOT,1.9744582,1.4779855
WAJJIB,4.5140967,4.2909713
CENXIG,2.033779,2.0746949
YAHNON,3.4931257,3.4156792
HOMWIR,2.6378717,2.704717
RACCIL,2.281947,2.144485
LIGDUE,1.7477874,1.5165963
IYOHIN,2.1518764,2.1677508
KEFFOQ,1.8522791,1.8617176
AGEKAZ,3.2245493,3.0065536
SOGQOV,3.3763888,3.277964
JAFMEJ,2.2835796,2.2765467
OYOLUK,2.9810073,2.8901308
JAMHOV,3.2950268,3.2834167
SOTMOF,3.1897187,2.7375784
YOZSAK,1.5592124,1.6512346
FOHKUK,3.7124493,4.039565
SAZJEK,3.0648184,3.5507112
COFCEG,3.4958467,2.9976313
XISBEH,1.5758114,1.6577083
FOZFAC,1.9711928,2.4690554
MATSAC,3.6052365,3.442266
TAHYOS,6.3027015,6.0358953
QUNBEG,3.4691796,3.3201792
ZAFPUR,2.4860322,2.7334385
XIVQAV,2.1682034,1.9437376
CONYOT,3.864833,3.674794
KAFWIY,2.7306626,2.932723
ANIHUB,3.3366601,3.436258
EWUNOZ,3.2517607,3.1461084
WUWHOL,2.5834491,3.0650418
ANOBIR,3.2827816,3.9639075
PABCAW,3.366865,3.4834003
YELKAE,2.8669918,2.8141522
ROSMAP,2.8827744,2.9367855
TEXXEA,2.1428967,2.729195
UFIPIJ,1.6190774,1.261704
KIMVEK,2.9616873,2.6372557
APUBES,3.7908182,3.9740033
OLIVUB,3.369314,3.3795767
UHEFAO,2.409024,2.4004595
EHANIM,1.2147163,2.3597114
EGADAU,3.7255108,3.8391488
HUSQUJ,1.2939014,1.3804299
TIHCOC,2.3624926,2.7248945
XOGSAO,3.9304125,3.711628
MIVSOB,3.8033354,3.657931
TIJDIC,2.5026312,2.9324727
LUBVEM,2.774745,2.4565902
AQUSOV,1.6471052,1.4775673
XAMXES,2.200857,1.839977
QAHXEE,2.6125653,2.7971983
OKEZOU,4.934785,4.0587344
VAKFEU,1.9709207,1.9317195
MOGNED,3.1170642,3.2499123
MBYPPD,0.11592051,1.053253
QILJEA,2.7586904,3.0198774
FASPIB,3.1788342,2.9964035
VEXWIE,3.881432,4.0322714
ICUHUJ,3.6977553,3.6421309
MOQFEF,5.3258123,5.2050133
BESTUP,2.2759604,2.3044093
KIBMUD,2.6256266,2.9731052
BEWRIH,3.3704023,3.444297
TURWUY,3.4710844,3.6334357
IDELUZ,2.6536543,2.6161358
INEJAN,2.8171947,2.622431
HIBMIS,2.678961,2.6903317
IMACEE,3.6104066,3.615203
LUMFOR,2.635695,2.687301
DEDCUL,3.5785694,3.2573812
FUGVOU,2.95815,2.7959745
SAWNOW,3.2065897,3.576205
EKAGAY,3.3165238,3.1417522
RAJREB,3.2139368,3.2675297
ELEJUA,3.465098,4.4244566
MOBKUL,2.731751,3.606772
IPIQIJ,3.869187,4.006173
XAWSOD,2.007656,2.424136
RILVOX,2.0033023,1.6643393
SIYTUP,2.5099783,2.4917352
LOPYUN,3.0408723,2.891964
XIXVIL,3.95708,3.999179
HAMJAG,2.3175938,2.426379
KUJGIG,1.7529575,2.3156676
AQECOQ,2.5401828,2.6662097
HUWZIJ,3.0547502,3.4051447
WUPXEK,2.698553,2.5585754
KIWFOP,2.6101162,2.332455
VOMPOE,3.4871392,3.7372332
SICYOW,3.9129972,3.6292858
YAXTID,3.749457,3.6656747
ANOCAK,2.7322953,2.9544623
JISJAZ,3.9344943,3.6433167
QOPTOE,3.6463258,3.1150954
PEVGAB,3.0487638,2.8015823
VASYOF,1.6144515,1.6270143
REJGIY,2.6348786,3.1184058
TOJLIP,2.036228,2.0437307
ZOVTOV,3.57993,2.7639904
UNAMUU,2.772296,2.888291
USEVIY,2.2446673,2.7257314
JABKIG,5.439556,3.8222263
QEKHEV,2.676784,2.797265
ISERUU,3.905106,4.1541195
LOLRIN,3.8414314,3.893891
MATMID,3.4172058,3.9379125
VODZIY,3.1562488,3.0864697
ITEREF,1.3918624,1.4289709
YELNEL,2.7641325,3.643587
MORKIP,2.201129,2.7968268
YUGXED,3.3875456,3.8063128
DEYPEE,1.2402949,1.2827382
RERDAW,3.4144847,3.3539422
NASLEC,3.405505,3.9709044
WUDLAI,2.571204,3.1313882
XOVXUD,4.4433475,4.7667456
TEPCAW,1.9050691,1.9168931
LEMKUK,1.8479252,1.9662781
MURYOQ,3.039512,3.2240105
LIKQEB,3.532038,3.0314796
ZENBID,2.3913367,2.868789
WAPVIU,3.001416,3.040223
AMEDAA,2.7853575,3.046534
NIHTUW,3.5508137,3.6431234
XELTAM,2.6318853,2.7891097
TAWYOH,3.1910794,2.9456887
POFXEN,1.3589367,1.9178915
IXECOF,2.7546086,3.0547345
FEZROS,2.6460352,2.4691029
QALZOU,3.0776079,3.1635916
WUXFAY,4.3102837,4.0124164
LANCUA,2.4596372,2.320443
ABATUS,3.7072792,4.1174498
GANSUL,2.9791026,2.876084
ZEPWUQ,2.7254925,2.4809735
GOSZOG,2.164938,2.2968166
EJEBIF,4.6145067,4.773709
VOGFEG,2.8922982,3.0416813
GOHQUS,4.382938,4.295981
WACHEN,1.8541839,2.2183385
UGIHEA,1.3681885,1.4506166
CUXKUD,3.163868,2.9888732
SEHVAE,4.772605,4.561446
ACUDUX,3.713538,3.7924871
HOBWII,2.2914708,2.6498365
RUFBOM,1.173355,1.1470392
ULUQOK,1.3352628,1.9623972
ZANHAX,2.856107,2.700476
HAYHOG,2.9616873,3.0346217
TAWVOF,3.534759,3.304594
DOPRIM,2.0237107,2.833852
HEPBAF,0.39946315,1.3473191
MORXAS,3.1040027,3.118496
CAPWEX,2.8112082,2.8690324
TALRAZ,2.8212764,2.4561415
RARGOG,2.7015464,3.150249
JIWKIM,3.0816896,3.185833
BADPUU,2.8827744,2.5662234
AXIKUP,4.7834897,5.153278
GOBPIY,4.897233,4.96446
VEZJIU,3.6093183,3.6306853
DARCIK,2.0424867,2.4135878
WIVRAV,2.129291,2.1787293
UMEVEP,1.644384,1.6367205
FUZJAN,2.1619446,2.0656123
FAYNAX,3.3442793,3.1348853
PADYOL,4.677637,4.1725903
QEWQIS,3.751634,3.8968732
AWUMAG,2.2928314,2.349082
HAPZAD,3.0577435,3.570496
XEFQOP,3.5818348,3.0609784
IQUDUU,2.9124346,2.7321954
DONLOI,2.1145968,1.6570765
QUVQUU,1.9320084,2.238668
QAHBOQ,3.0835943,3.325904
DAMJAC,2.937197,3.0480485
LEHSAU,3.8898678,3.5783682
UXALOV,2.741003,2.6037111
FOJHES,2.9516191,3.1510003
SORCIM,3.86184,3.9601583
UMEMUW,1.7510527,2.5703354
ILEHAI,3.938576,2.8992662
LEVTIQ,2.9505305,2.774948
AVIZOU,2.3268456,2.8532035
MEPRUC,4.462123,4.542796
GANMUG,0.8552539,1.7159387
HUVNEU,3.4003348,3.8835785
VEJXIR,1.4479178,1.5620772
RAYWIZ,1.2979832,1.6204962
CEKCIG,2.7233155,2.8454783
ZUYZUR,3.353259,3.3290215
SOFGAW,3.3407419,2.9311137
XATPAL,3.317068,3.4874983
RUZSAI,2.3243966,2.4413784
AMAROX,3.3954368,3.3735728
ZUSXAM,3.1970658,3.6354842
XEFSEK,1.1611098,1.3596933
XIWCAK,3.2147532,3.1448548
IRUMIS,3.0631857,3.153149
PELGIX,2.936653,3.6500134
ZOWMOP,2.6977367,3.0349724
KASFOA,3.4879556,3.485014
PAXWET,4.4528713,4.5095425
LAXNAC,1.7815294,1.9730102
QUNBUW,3.5758483,3.3125434
UCOPIN,3.7872808,3.312867
AZEPFE,2.989715,3.607545
JIPPIL,1.9537776,1.3601851
OFAXIG,1.3292762,0.9773166
MENXAH,3.326592,3.6956122
VOGDUT,3.1769292,3.1282482
FIBYUL,3.7480962,3.350638
TADMAQ,4.041707,4.0716147
JINMOL,2.7943373,2.6818104
TEGZAH,1.2408392,2.397453
KOLTOV,4.358992,4.6723523
VUDMUD,3.1099894,2.9894657
KAHGIN,4.194363,4.0652337
BEYFEQ,3.96742,4.0656877
SIXQAR,3.3538034,3.6390572
BAYWAZ,3.3761168,3.466845
NOYYIJ,1.8566328,1.1931815
OWIZOK,2.3001785,2.4632874
PEHQIE,2.5774624,2.7647676
BUNLOM,1.8563608,1.1678154
SAVJIK,1.9654784,2.3266475
UGERII,3.082778,2.9404764
NAWWEQ,2.497461,2.3762805
FUXMEQ,2.1042564,2.0051498
NESPOU,2.2076597,1.9334579
ZIQBAC,3.2185628,3.9428144
OCIWON,2.4789572,2.789246
BAPYAS,3.7685049,3.7449255
MORKAH,2.2721508,2.1252632
GEVNEA,3.3045506,3.020191
RALDEP,3.3301294,3.4610412
GUZMAR,2.74835,2.8984928
DIFPAM,3.6893198,3.7262552
NEVMIK,2.320587,3.4805698
SIGJOI,3.427002,3.5690567
TOWCEN,1.5265588,1.9213341
GIJFAH,2.4691613,2.8707545
XEWHUF,2.3075256,2.4775243
LAYNEH,2.1355495,2.5084045
FOWWOF,2.6748793,2.4351108
ENEHOU,2.8060381,2.9393384
UMAGUL,5.267036,5.343603
CIJVUP,0.9796099,1.679798
SOJSIV,2.7203224,2.6699328
GAWJOD,6.5288277,6.6547103
JOVZUS,4.571241,4.5666623
HANSEW,4.203887,3.887204
YUSCIY,4.280079,3.0006783
MEJXOO,4.014768,3.6726768
NIQTOA,3.5899982,3.4758687
PILNOQ,2.9652247,2.0106053
UWAVAR,2.4299767,2.5300841
XIDQEI,3.2397876,3.2416162
FOWFED,2.6844032,1.1773446
XISHEP,1.6797589,2.7581704
IXEGUO,4.3440256,4.089002
FOSWUG,2.6593688,2.3637516
LEKQEA,3.0694444,3.1428142
DUCDIR,3.5031939,3.3698192
SAZDAB,3.6825168,3.44503
QOYWEI,1.9360901,1.8847091
XOJNUF,3.0074024,2.647013
VIXJOB,1.0087261,2.0119717
DUCPAT,6.3650155,5.5421276
WACDIN,4.9532886,5.2740507
GITCOE,4.0904155,3.978698
BEQFOS,3.0759752,2.7726276
OJEWIK,3.7067351,3.7166283
YOQLOI,2.122216,2.3911219
GAPRAQ,2.9663131,3.1078765
RENGAV,1.453088,2.0481243
YUZYOJ,4.0046997,4.655664
JIWVIY,3.5698617,3.603368
YEQGAG,4.3622575,3.6466374
QIQXOH,3.4324443,3.8697276
NEGFEN,2.5263052,2.313664
QUQXAD,3.08305,3.1214445
DIQWAF,2.165482,2.0074759
WUCLEO,4.1037493,3.8986301
CENYOL,3.8101382,3.630797
KUHLEF,2.7469895,3.145895
ABAKEU,3.5195208,3.7106752
GIBKIO,3.118697,3.0622501
NASKAX,3.9129972,3.8981767
WUCZOM,1.5763556,1.9981308
JIXYOH,2.1516044,2.5360816
TIKWAN,3.9042897,3.3009877
POJPEK,2.6403208,3.72334
SIGQOQ,1.8348638,2.4002254
GINSEF,2.8109362,2.695379
AYUNIT,2.0737798,2.2245238
DMSCCR,2.5850816,3.7219543
FADKOO,2.9211423,2.4586287
CAFYUE,4.277086,4.2171407
TUSXEM,3.2509444,2.7551692
LULSET,2.9331152,3.180973
CEQTEB,4.232187,4.606002
ICATAI,0.3415029,1.7499394
OLUVUO,2.4215412,2.1471677
XOJWAU,3.0816896,2.945221
RALYOU,2.3809962,2.5536926
FUXLER,3.5336707,3.5468192
JASFOZ,2.903999,3.180288
LUZRII,3.1012816,3.235603
QEHNOG,3.7265995,3.7208576
QONFEG,2.891754,2.286635
BOYBUM,2.0898345,2.5032685
XEVNIW,4.146471,3.7050683
GABTEK,2.9815516,2.6181693
UQUSAD,4.194363,4.906846
POFGIB,3.3834639,2.523487
UBONII,2.2503817,2.2776585
SUSTUX,2.4996378,3.0657666
PIYWEZ,2.7282135,3.0946782
ZEWMAP,3.4313557,3.306405
NECSOF,2.9918919,3.46887
LALHOV,2.9986947,3.114523
FOMHUK,2.4846716,2.8799655
XAMFEZ,3.6558497,3.9706326
WUJVAY,2.963864,2.932581
GECJIK,1.921668,2.324927
DAJJUW,4.8292046,4.241068
WUJTEC,2.148611,2.1239216
NOBTIJ,3.0977442,3.8394253
YAMNOR,4.6871614,4.470702
YOTBER,2.5875306,3.2555459
QIWPIW,3.6384344,3.2625353
XOGWIZ,2.191605,2.102332
YIMHEK,1.8419387,2.6333914
YUWCAU,2.9867218,3.399361
ROGMOP,3.4468663,2.9250114
IZAYAK,3.833268,3.9709933
UCEQOL,2.506985,2.0649786
WEHLOM,1.7668353,2.287364
PAZBUQ,2.9791026,2.9535959
ZEQRAO,1.9984043,1.1805139
WOJZUQ,4.21069,4.981456
MUHNAH,2.569299,2.352014
NICBEK,3.5880933,4.171519
HOSLOS,2.5646732,2.6218107
NAQRII,4.5570908,4.375481
CASFUA,2.272695,2.2169552
IWUPOG,2.8931146,3.2687497
YURCEV,1.3556713,1.5167483
SIZPOJ,2.7216828,2.7341695
YUCFEH,3.2027802,2.9000533
ODESEY,1.756495,1.8060218
ASUTIR,1.395672,2.1910522
UBUDEC,4.695869,4.6131573
PITQIV,1.5807095,1.4601947
CEWPAV,2.5178695,2.6625428
GOMZOA,2.504536,2.8972156
AHAZOZ,2.836787,3.3434477
DAQGUY,4.320896,4.3467035
ZOKJIU,2.9246798,3.0272899
WAPVEQ,3.1059077,3.1764507
ULUNUK,2.7861738,3.1504076
VOGRIT,1.6076487,1.3688768
HIDFUW,1.4743129,1.4596654
ZIZHUO,2.8827744,2.547426
WUQQOP,3.4286346,3.6578577
RAYMEM,2.934476,2.6810653
MUJLEJ,3.0846827,2.9935195
EYEDES,2.2340548,2.309081
GAJREP,3.656394,3.406637
SUVFOH,2.4819505,3.1587365
FUDGUH,2.6389601,2.7341235
KASZIQ,1.775815,1.9961407
POCHOI,1.9121441,1.962208
AVAMAL,4.162798,4.018951
YIQXOO,0.7189248,0.23412824
CAQQAN,3.1143432,3.3389373
ZOHTOF,2.5848095,2.5207212
FEHRAN,2.674335,3.1638763
QEWZAW,3.6925852,4.37112
QELGIX,2.9861774,2.9505029
PUZFUL,4.0202103,3.8634086
SASRIQ,3.2221003,2.9779537
IKIXEH,1.9390833,1.9761802
FESFIT,1.2985274,1.3673418
UROWOQ,2.5420878,2.8754945
ZUGYEF,3.4572067,3.5113385
CUMNEF,0.09932156,0.69598055
DIWYIU,3.1078124,3.2871666
FOSVOZ,3.7178917,4.153758
MONPOV,1.6054717,2.0004613
NURVUR,3.8259208,3.7899566
REFFER,2.308886,2.6088727
TURRII,1.7012559,2.0253792
YIMQOA,4.158444,3.9081175
OCAZUN,4.3336854,3.9506326
ICEGOO,1.1839675,1.281308
TOKGOR,2.3935134,2.9430184
REDNAR,2.898829,3.260232
YAQPUB,2.987538,2.5220942
SAMZEN,1.3967605,1.803107
SEHNOL,3.3635995,3.3270977
VUYCOI,3.0155659,3.0922859
SACQAO,2.7154243,2.8057675
COHDUC,2.879509,2.2032692
HUFPUW,2.487393,2.802206
HOHHOB,4.0901437,4.015221
ISUYOK,3.3799262,3.6144855
HEYXIU,3.362239,3.1881945
DAFTUA,3.1959772,3.1549792
FACGOG,3.3445516,3.5769975
ECUQUS,2.9083529,2.959465
VADDOW,2.5780067,2.660148
QOXVAA,1.4898233,1.7798265
MEGFEL,3.087948,2.8223605
DIJROD,2.6392324,2.467695
PERZEU,3.8150363,3.80128
ADISIT,2.0585413,2.9829836
LIKYOX,2.5804558,2.2711086
HAKQET,1.8457483,1.5721767
QODWAK,2.8005958,2.802201
YENCAW,4.283072,3.9421794
HIXBAR,3.4977515,3.2531176
FAVTUV,2.8577397,2.7777846
QEWTOB,2.411201,2.7957053
MORWUL,3.0819616,3.245075
TIWYUT,3.1195133,3.4557369
AYOPAF,2.4103847,2.6053233
PUKZAY,3.7129936,3.9413545
OCARAL,3.773131,3.985878
SOYPAX,2.5409992,3.5719256
REVYEA,5.412889,5.1518044
ZAQZAV,1.4261488,1.5686034
WUMJUL,2.3584108,2.5365727
HAPCEG,2.9861774,3.040036
CATQEW,4.0814357,4.117579
ADINOQ,2.0095608,1.448224
METGIB,1.6588061,1.8555607
QUJDOR,2.6365113,2.8687224
BIHQUF,3.9682364,3.7786593
NOTSUK,3.2523048,3.3683739
SIVQIY,2.1401756,2.8439426
DERKIX,2.3091583,2.5016658
ZESBOQ,1.799489,1.9976487
VEMSOW,3.3976138,3.5270398
HOXKAG,2.3981395,2.8215914
NEDQUJ,2.8952916,3.0118647
KERNUT,2.49991,2.4494286
HERGUG,3.200059,3.3992584
KOFNID,1.4661494,1.5875487
YEKTAM,3.326592,3.1728256
NUDNAE,2.9782863,2.9343445
WIXCEL,3.7336743,3.6739173
VOCVER,2.6131094,2.5276275
