CSD_code,y,pred
WELROW,3.3927157,2.488223
WABKER,2.8683522,2.256271
JECQOB,3.3184285,2.7896068
XEDDEQ,4.6741,3.1607556
VUJWIJ,4.217765,3.1403515
SEGSOO,3.1954331,2.6248817
SUXLIG,4.609881,3.415361
LUHQAJ,3.2218282,2.0723476
RUDLEK,0.46667528,2.488447
BALSAL,3.006858,2.47624
KUXQUS,2.7094378,2.6735268
GOZBEF,1.7056097,2.1979427
MUFJAA,2.6030412,2.2951007
LUVGER,3.0846827,2.377653
FEWPUT,3.2814212,2.4010932
REQVER,3.675442,2.354711
FASNUL,2.2180002,2.6463277
WAGHEV,4.5015798,4.3406205
AREXEA,3.5929914,2.638855
BUXGEH,3.2084947,2.7866125
FIVPAF,4.8553276,3.0407274
BAVDAH,4.5206275,2.6474843
JEQFEU,2.9257681,2.6300652
SIFHOF,2.7733846,3.403585
DIVZAN,2.757874,2.2907891
QEDLIY,4.4493337,3.267878
HIWPUC,6.2003865,3.6324716
YICSAI,3.3581572,2.0456917
EBIDIG,4.4735518,2.8938637
PITVIB,4.1309605,2.9532888
XORQEB,3.178562,2.2467985
XERGUA,3.9157186,2.9750407
YUQJIG,3.2650943,2.1973093
QECDUB,3.1537998,2.443402
XERHEL,3.907283,2.9121518
XUNDIU,3.5225139,3.0877624
XOCJIM,4.0003457,3.0119126
KOVFEJ,3.5761204,2.09871
KUXKUM,2.9020944,2.2713428
CEWSIH,3.0240014,2.0115783
ZUHGIU,2.0536432,1.8544953
LUSFUD,4.1413007,2.4102125
IPATIF,2.7369213,1.8100905
YAXYOO,2.3641253,2.2487516
FIVLOP,3.675714,1.8696504
IWOXAW,3.9325895,2.7575622
COJSED,4.060483,2.4958389
KACMOU,5.0890737,3.2992773
OWATOY,3.0841386,2.5208266
DEDXET,3.334211,3.18189
ZOBTUJ,4.49777,2.939821
WIHQEN,2.1298351,2.5073895
WOCRIT,4.19137,2.4493613
SUSFAO,3.553807,3.0073051
ZOLXIL,4.526342,3.2776117
DUTNEO,2.53338,2.3291972
SULTAX,3.4278183,2.3311172
HIGCOT,6.8363166,4.284599
SILYUJ,3.6882312,2.3763661
ACUHAI,3.407682,2.545998
LUHQIR,2.9056318,2.1941004
BALREO,3.1951609,2.4109318
MANVUT,2.903999,3.1063516
NATCES,4.908662,3.111775
DEPPOH,2.4060307,2.3850503
NAVCOC,4.7160053,2.855254
MIVDII,3.6242845,2.6617632
EPIBIR,3.34564,2.5802383
ELACAY,4.4196734,2.8123674
SORGAK,4.468382,3.1570535
AJUSIK,2.9646804,2.8224406
EZIPUY,2.3271177,2.2900784
FATXII,4.9151926,4.2110333
YAQTIX,4.2569494,2.875098
YIKBON,3.104547,3.363228
CAGVEP,3.3608782,2.2559197
SULSIE,2.7758336,1.9058907
HIGDAG,5.2109804,3.9122856
YUGVUU,2.9086251,2.3972523
XERHOV,3.9295962,2.699424
TAWQAK,3.4544854,2.680403
TADGIS,5.1089377,3.8625531
MIJFEU,4.7277064,3.1147442
YERZAW,3.6528566,2.8283675
CIWKEA,3.9334059,3.3192382
CAGVOZ,2.822637,2.5528376
WINGIN,3.9799373,2.5789886
RIBBUD,1.3894134,2.1597579
SULJAN,3.046859,2.0098345
GERFUH,2.9508028,3.5718546
RIVNAM,3.5233302,2.9136271
WIWRIF,3.5761204,2.985775
PUBQUZ,3.1314864,2.4477346
WAHQUV,2.60032,1.9009628
OLOXEV,3.484418,2.3566737
QEBDOU,2.4103847,3.0380914
TALRAD,3.7317696,2.6969035
XAWVUM,3.8607514,2.8552723
XOCJOS,3.7753077,2.59347
ELUSAF,2.2539191,2.2293324
VAGCAL,2.7418194,1.9193381
NIGGIX,4.0868783,2.593609
SULJOB,2.3910644,1.9643419
POHHIG,4.062388,2.8933067
TIBPED,3.988645,2.0474753
SULJER,3.0103958,1.5816271
RIHXIS,3.6055086,2.9980736
WEFCUJ,3.2552981,1.812479
QUSDOA,2.9505305,2.5586946
CATDAD,4.5184507,2.9314616
LACKUZ,3.629727,2.7564409
FINTAY,3.673265,3.114654
SULTEB,3.0408723,2.2120328
NINRIO,3.4406078,2.481544
DUBWEC,2.585626,2.7273986
RICXIO,2.8286235,2.6574895
CAGWEQ,3.2182906,2.126852
VEMNUX,3.9940872,3.254782
SULSOK,3.1608746,2.0112996
CAGWAM,3.3880897,2.5394793
QIQGOM,2.612021,2.9497924
MUSJIU,4.7617207,3.0489175
QEPKEB,3.331762,2.5934505
BODREV,3.1396496,2.3845787
ILEMOE,3.7358513,2.4796066
ZIKFOS,2.5241282,1.8808852
EBIDOM,4.55954,2.847102
UMAHUO,2.8691685,2.4458766
JIZMUE,3.4493153,2.6508107
UCOMEG,5.0390043,2.8978817
KEXVUI,3.028083,2.7081485
KIKXUB,3.9056504,3.2356024
XAVMIU,5.5269046,3.5073967
ITAPAX,3.5821068,2.6114576
IFOKAQ,3.3897223,3.0135238
QERSUB,5.47738,3.5764358
WUXPUD,3.6411555,2.7211628
SIGTUY,3.9453788,3.0162609
WUXQOY,3.7538106,2.7037847
XUBYOL,3.95708,2.849799
EDAQIL,5.0882573,3.1922002
CUGQUT,2.6797774,2.1713796
USAPIQ,3.5856445,2.9778574
UKEJAW,3.5072756,2.69081
ETUSER,3.9350386,3.3043473
EGOGOW,6.634408,3.6925192
UVEYAX,3.443601,2.7243848
HIGTIA,3.7293205,2.8466318
AXADEL,5.2988734,2.8034062
FICYID,3.94293,2.7738724
UFANOH,3.3733954,2.7888074
GOGLIX,4.108375,3.0212398
XOVGIZ,3.054206,2.808056
WUXQIS,4.56471,3.2034974
BIHBOK,3.5924473,2.561148
VOZJUR,2.4414055,1.9839413
NUNTUM,2.9480815,2.1859808
WAVSAR,3.2683597,2.8559067
USAPEM,3.5532627,3.0333118
RIYZAD,2.3812685,2.3418834
QIHBOC,2.4155548,2.2526503
ZUTJON,3.169038,2.5895102
VAFFER,3.1965215,2.6710563
IJUDUP,3.1646843,2.7383776
HOHGIU,2.7801874,2.2511218
ZUCBEH,3.5252352,2.3413746
XUQMAA,3.9709575,3.1859698
SINGOO,3.3162518,2.098536
LEJJIW,3.642244,3.1018214
CAKSOW,2.953796,2.9732187
KEXVIW,2.977742,2.8292487
KIKYOW,3.5932636,2.7984083
WUPXEM,4.508927,2.8541307
TIKGUQ,2.7695749,2.6087015
LISNEG,3.8327239,3.105845
WUFBEH,3.6955783,3.1516614
MOMJAA,5.003902,3.1431026
YAVCII,3.2386992,2.7660327
ITANUP,2.70073,2.7564638
GIZQAJ,2.9532518,2.5675285
GIQCER,3.2131205,2.144712
ORUYUY,2.423446,2.4854686
NEXYIA,2.7369213,2.7912834
EDEREO,4.2599425,2.952156
XUZVIZ,3.5478206,2.9453654
NULSAO,4.3494678,3.1398153
WUFBAD,3.8457851,3.658389
WOFZAT,3.4071376,2.8713148
XAVMEQ,5.5154757,3.2759373
RUDGAB,2.8400524,2.6418338
PEXHUZ,3.8580303,2.9685185
WEFQAC,4.40117,2.945058
KIKYAI,3.3619668,3.0032039
HACWAN,3.403056,2.72648
KENLOI,3.2876797,3.8321047
YAQSEO,2.958422,2.7502956
CUGQIH,2.492563,2.1749449
UBIGAP,4.258582,3.1287081
EDERIS,4.260759,2.958668
OXAPUA,3.2874076,2.3652158
MAGFUZ,4.194091,2.8244371
KIKYUC,3.5744877,3.0082498
REVSIW,3.4947584,2.9549644
POFXIT,3.5978894,2.905847
MAVMON,3.1290374,2.4206512
PIBDOX,3.0520291,2.3792734
KUPFUY,2.7140636,2.4788191
HONPUW,3.8830647,3.708518
BUYVUP,3.1611466,2.0460632
GUZMUL,3.830819,3.0962074
KAYWOA,2.8427734,2.6318324
TIYGIS,2.177183,2.2164178
PUBFOJ,2.2043943,2.4433546
FICXEY,3.5875492,2.7597282
CUGQON,1.6645205,2.3402267
HONPOQ,3.9897335,3.8401775
NEBFIL,1.8261561,1.9651217
AGEDUP,3.180467,2.6550748
KORCAY,3.5665965,3.0774324
HUCTIL,2.9127069,2.8753767
POCHAQ,2.834338,2.0540109
MAGFAF,3.2958431,2.4329214
COFLAM,2.7878065,2.2184908
ZIFPAH,3.2495837,2.9622037
HOGDOA,3.3499937,2.7190685
KORBOL,3.6604757,3.0049806
FICXOI,3.3872733,2.581432
KUKDUR,3.1312141,2.7850645
VEJYIW,3.5048265,2.4586625
YEZPEC,2.6365113,2.36523
VEJYOC,3.6212914,2.457104
WEFSUV,3.792451,2.757074
LEJJOC,3.405505,2.9198532
ECAKAU,3.3902667,3.0371747
PEYXOG,1.651187,2.295214
CIHGOR,2.6250825,2.4053001
NEXYOG,3.4041445,2.7512064
XUBYIF,3.8506832,2.637062
RUJYIE,2.8490322,2.2029636
MOPVIY,2.712703,2.4997098
AZOBOH,2.8316169,2.1846275
GIQBUG,3.3157074,2.6088362
YAYFAG,4.9775066,3.0480306
RAHMIW,2.4838552,3.076153
UYACAZ,3.2874076,2.9366198
MOMHOM,4.101028,3.1735432
WUXQAK,3.5195208,2.8543801
QIBWAB,2.444671,2.3051593
BICCAU,3.5075476,2.5860384
ORUYOS,3.5554397,2.9436154
RUKBUU,2.5684826,2.1016335
RIZSEA,1.6008458,2.5210268
ANIZAB,3.4207435,2.7408621
SEYSAS,2.550251,2.8268507
DEFHOM,4.227017,2.8940628
TUJCAF,5.661601,3.2638872
SAPPII,3.2389712,3.1667469
UFABAH,3.1173365,2.5675476
SIHMED,2.7665815,2.3894053
SIZCEN,4.5511045,2.84351
WUGVEZ,3.6721766,2.6365976
ZOVSAG,2.6220891,2.499106
SODKUR,3.9339502,2.631077
YOSVIL,2.6615458,2.3332179
YETFUY,1.082469,2.934497
KAGNOX,3.1271324,3.0136218
XOBKEI,3.3135304,2.5454664
HACQUX,1.1140342,2.182985
VUVHAY,3.1420987,2.9152591
DUJHIZ,1.6958135,2.3310883
PAZLOS,2.3072534,2.413168
KADCEX,2.4835832,2.7287796
UNIDUT,2.5864422,2.3668938
HEWGID,1.8631636,2.687589
FEWLOM,2.8302562,2.2143874
DIVWAJ,2.7731123,2.686382
XOCCAX,3.0131168,2.4557045
IFUZAO,2.7739286,2.3334231
MOHVUA,1.5763556,2.4606795
NOQPOY,3.6748977,2.7290432
PUBKED,1.1975731,1.9210945
LIWWAP,2.430521,2.2826211
UMAJAW,2.1736455,2.0748725
HURLOY,4.010958,2.8179498
HESCAJ,2.3042603,2.102691
WIZYOT,2.9932525,2.7400992
FEWMAZ,1.3616577,2.3466213
NOSCED,2.4027655,2.4413207
LIVYIY,3.2996528,2.9109373
XAMPUW,3.3676813,2.8317552
ZAHSAG,4.697774,3.653902
GEQPIF,2.437596,2.8550766
XAHHUN,0.74477565,2.3680086
NATQOS,2.4476643,2.51269
VIJHAB,1.4688706,2.4826686
PEPMEC,2.7328396,2.6622784
RIFVAF,5.344044,3.1576567
YEWTOK,2.8506649,2.6669438
OWIXIE,2.9557009,2.704011
VIJGAA,3.7584367,2.8192768
XOBKIM,3.1921678,2.2370615
DOCSIA,3.893133,2.6790042
GEQNUP,1.9861591,2.522644
NOSNUH,3.7720423,3.351847
FIGCUV,2.7638605,2.9146633
VIJGII,1.2484584,2.6023872
OWIWOJ,3.252849,2.9438772
EREJAM,2.4988215,2.5053837
BUNZAL,0.70287013,2.7191062
JIHBUX,3.157065,2.2503202
MASJEX,2.8207324,2.4514794
NATROT,1.5962199,2.4393826
UJAJEX,2.750799,2.9203196
VIJHUV,1.2321316,2.4905996
RAFREZ,3.385913,2.4860177
BAZNUL,3.383736,3.0815334
VIJHOP,3.587277,2.9472473
FIGCEF,2.4596372,2.9201992
NOKZUJ,1.4549928,2.551692
MEKCOY,3.8245604,2.5512807
HURLIS,3.7532666,3.1158483
OVONAR,3.7766683,2.4228673
DIJRUJ,1.371726,3.186835
TEZQAR,3.4852343,3.0809958
OWIWID,3.6022434,3.061276
KIDPES,2.361132,3.380405
OWIWEZ,3.5040102,3.0953565
VAXPOA,2.3216755,2.7415464
KIHMET,3.8134036,2.6253278
YOSPAA,2.1023517,2.198216
VIJJAD,3.0923018,2.8811696
WAGFAM,1.7213923,2.6599529
TUSDUH,4.13858,3.2542164
YOSPOO,2.4463036,2.4159305
GILYAB,1.2207028,2.632982
OVOMUK,3.171215,2.8444262
GEQPAX,2.3725607,2.5517502
ZOGYEZ,2.0618067,2.4653192
TOPBIJ,2.8321612,2.6010156
JOXDEH,3.6863265,2.6996706
JOXFAF,3.8104105,2.5066392
VIJHIJ,1.2239681,2.4739246
HACSIN,0.98831755,2.1929047
PALBEK,1.959764,2.542521
GEQVEH,2.4607255,2.7956545
VESFAA,1.6509148,2.8023884
IRALOC,3.0201917,2.6946135
OWIXOK,3.367137,2.9665651
EREKOE,3.0103958,2.9192371
VIPHAE,2.339635,2.6703532
NULMOW,3.106724,2.5622928
FAVRUR,2.45229,2.505335
OWIWUP,2.7894392,2.7290819
PAXJED,2.8299842,2.8137572
JUTMES,2.6302526,2.5845697
SIVCOQ,3.4640095,2.2486293
POZXOS,2.0182686,2.1171942
HUSJAG,2.6030412,2.8466132
KIDWOJ,3.200059,2.7853773
HOSGEB,0.7564765,2.704725
XOBPEJ,2.1763666,2.6062028
WUCMOW,2.2566402,2.5431764
ZEMKOV,2.559503,1.9509056
ZANCIA,1.9469746,2.7592857
VAXPIU,1.5281914,2.8270037
XORQON,2.530931,2.347188
QAPCIT,2.1091545,2.2850995
KOXVUO,1.5499606,2.335689
QIVJEO,2.49991,1.5835416
YIYWIM,1.3997537,2.5386403
YAZFUD,3.6057808,2.6463988
GIPRAC,2.1162295,2.218677
LELYAE,1.8397619,4.7987165
YEKZUM,3.7962606,2.6907914
XEMTOZ,3.1298537,2.6339362
PAXJIH,2.506985,2.7641509
BAFQUU,0.6557944,1.9300554
BUYWEA,3.2748904,1.8242165
GEQPEB,2.6759677,2.703485
FIGDAC,1.1480484,2.794735
VIJFUT,2.289838,2.728397
XISHAM,3.6710882,3.062455
NOSNAN,3.670544,3.195366
YOSNUS,2.1241207,2.147804
XOCBOK,3.388906,2.298718
WEHNAC,3.3965251,2.2599854
HAWBIT,2.5722923,2.6439724
SEGKIC,3.5301332,2.992568
OJIPIG,2.1037123,2.6070354
MAPJAO,1.9352738,2.6797352
VIJFON,2.3483427,2.7694511
LIWVIW,2.0354116,2.1626935
FORZAN,1.3583924,2.6819322
NUDGIF,2.7883508,2.9567437
ZAHSEK,4.2022543,3.1329296
SETMOV,2.2713344,2.663453
VIJFIH,3.5012891,2.9417696
WEHMUV,4.281984,2.7204504
FUGZEP,2.9486258,2.2504258
XAMPOQ,2.673791,2.7372441
NOQNOW,3.5110853,2.4696703
XAMQAD,1.2095461,2.6071613
POZXAE,1.9905128,2.1488113
BIQCUB,1.4008422,2.1865091
NOLBAS,1.3151263,2.6348963
AWEKEV,3.5807464,3.3185055
WODNOS,1.1962125,2.6590462
MEKCUE,3.8019748,2.5536764
CHURTA,0.47837618,1.4814968
HACQOR,1.2446488,2.2977397
ZEKFEE,2.6030412,1.9071429
CEYJEZ,0.7801505,2.5906923
CAFCAR,3.2161138,2.805445
JUWQOK,1.9037086,2.9936078
TOBKEE,3.2634616,2.138948
RONVOF,2.7592347,3.9880376
ZAGKEK,2.5586867,2.7260957
BUWTUL,3.1684937,2.723165
KUSGOV,3.2914894,3.8399835
SUTTAF,2.865631,3.4943857
FOTGAX,2.4337864,2.9361315
KUPPAP,3.3750281,4.39991
COKGUE,3.7293205,4.0925713
CEYLOL,0.49388665,2.675288
OBARIW,3.5622425,3.6152005
WOBLAC,2.8259025,2.774939
YIQQEY,2.8805974,2.9289758
MELGOZ,2.3028996,1.8255937
UMEZEU,1.7053375,2.3656383
QIMVAN,3.111622,3.9384174
WEMDUO,3.2574751,2.77129
HAWXAI,3.309993,3.5862691
JONREM,3.6710882,3.490165
CUKSIM,1.5970362,3.3071384
YOTKIB,3.7176197,2.8513753
QIMQAI,3.0027764,3.0049329
MELGUF,0.96790904,2.18972
KAGBIH,2.4196365,4.0216546
CAVRID,3.0441377,2.486987
VECHES,4.145927,4.2642193
MUJGOQ,5.576157,2.8620262
RIFZAL,4.206336,1.9939835
EBEMON,1.8979942,1.846681
DASYUR,4.129328,3.6361182
EDUQAZ,3.2027802,3.8566625
VOGJOR,3.120602,2.1607642
UWOBOA,4.21967,2.5903642
RUTDIV,3.7102726,2.9265804
QALDAM,2.4443989,3.056461
LOPTIW,2.4190922,3.8568707
JIMSUX,3.5053709,3.3540807
QALBUE,3.4667306,2.8834114
JIBNER,1.825884,3.0006883
UGODEC,2.5129714,3.7993908
VALJOL,3.410403,2.4647403
SUBZUK,2.6452188,2.835258
QUKLIU,4.3867474,3.1386106
QUNHUF,2.2882054,3.645224
AKAGEZ,3.1271324,3.606301
WUFWOM,3.350266,3.877245
WOJDUX,2.6776004,3.2438693
FUVGAF,2.0541875,2.9766238
MEKLEX,2.3777308,3.7770343
LINBOB,1.9684716,2.9164264
NUDTEL,3.1099894,3.2112947
HUMLAF,0.5910313,3.1003368
GUBFOB,2.0824873,3.1900706
YAZDAI,3.0702608,3.907833
PIDYEJ,3.4781594,4.8277545
WEGTOV,2.1643937,3.4551888
VARGIE,3.924426,3.5477355
OVAZET,2.8539302,4.0307913
UWOBIU,4.4106936,2.3061392
QEBWON,2.220177,4.087637
VALJEB,3.391355,2.2563124
GEDJIM,3.6465979,2.9148338
WAFGIT,2.6248102,2.2727304
LEYZUO,2.6876686,3.2620382
AXUZUR,3.2204676,3.7215726
WEHVEO,3.6819727,3.5859747
TUXYES,1.7937746,2.9692938
UGOCIF,2.5722923,3.884243
TUSXIQ,2.8144736,2.3363178
MIDJIU,2.3546011,1.2632719
YEYBIR,3.661564,2.6252666
QIMTUF,3.0751588,4.169384
CAFDEW,2.0536432,2.7377067
HANSOG,4.189465,4.69922
VUDCOP,2.473515,3.791605
JEGDOP,2.1369102,3.0525327
XIYNAU,2.9616873,3.9391131
LATBAJ,2.5777347,3.7608507
QAFTIE,1.6813916,2.7808595
IMOJUQ,3.8504112,2.5995278
LIMZIR,2.8952916,2.9856486
VEKMIJ,3.98674,4.1050367
MURGEO,2.9434557,3.7721765
RATTEN,3.4414241,3.154009
ZEKXES,2.5614078,2.2684603
OBAQOB,3.3589735,3.7574155
KAZSUD,2.581,3.1856804
OQILAE,3.0571992,2.8076952
FIDGAE,4.16307,2.5500457
PEWCUT,2.4384124,2.9568107
EKEMUD,2.7246761,3.2257655
OVIXUP,3.180739,2.8389301
UGODOM,2.4678006,3.6243522
SIXQOJ,3.7859201,3.956029
GEDHIK,3.1372008,2.3234737
AMEFUW,2.7927046,1.7131015
PALDAJ,3.31217,2.5657036
GOFXOP,2.8980126,3.6397216
GIZLEI,2.592701,3.881352
ICAQAH,3.3279526,4.039592
QAZGIL,2.676512,3.8388965
XASTEU,3.2517607,2.422901
JECNAH,2.320315,2.157616
GARCEH,2.818011,3.282113
BEHFON,3.6528566,2.2769408
CUYJEL,2.7608674,2.924728
VECHIW,4.115722,3.9746418
ZURRAI,3.3257756,3.5780747
GIZSIU,4.262664,2.3723247
XUJZAD,2.729302,2.260822
LAMGOZ,3.2351618,3.185991
ZELTOD,2.8852234,2.874882
GECKIM,1.5290078,2.5390847
TANSIO,1.9627573,3.1106153
NOQMIP,2.576646,2.6635056
BUWTIZ,3.321694,2.8934445
SICYIQ,4.073272,4.1802645
VAXROF,2.9619594,1.9908988
CELPOA,4.0376253,3.612067
ZISJAQ,1.6408466,3.3956244
ZELTAP,2.0389493,1.7476153
RIFYUE,3.88116,1.9054301
ASINOI,3.2656384,3.6542583
GILPUQ,3.1176085,3.5615294
WUDDUX,2.3333764,2.7965953
ZELVEV,2.7059002,2.9725256
FUTGUZ,1.5720018,2.8908327
NIDMES,2.1804483,2.9138236
JONBIX,4.9437647,2.9715433
IMUKOT,1.2275057,1.3359118
ICIQOB,3.4280903,2.6373081
FOGGOX,2.1880677,3.0681095
ONIDUN,3.4041445,3.7833939
MUJHEH,2.9671295,3.6861184
JIMSOR,2.6441305,2.4886634
JIMTAE,3.7279599,3.5020366
VUQPON,3.5021055,2.7910147
QUPPOJ,3.4836016,2.4338777
XASVEW,2.0035744,2.6642954
YEVRAW,2.5480742,2.1491745
DEDMIM,3.6906803,3.8636718
TEHTEJ,2.7091656,2.670423
RIGWUD,2.891754,3.7014024
FOWWET,2.6727023,2.7335975
QINNIO,0.647631,1.995019
LEWHOM,2.0729635,3.716504
LOVPOB,3.6631968,4.155811
GEHWEZ,2.8294399,2.0243456
TOBKII,1.675133,2.293046
OZEQUI,1.7186712,3.2445393
NAKHUC,2.2351432,2.5808225
WAHMAW,3.334211,2.9337468
QAFTEA,1.8073803,2.6936805
RALNEB,2.7067165,2.6594095
OPALOJ,2.5722923,2.7710705
XAMFAS,2.884951,3.7910194
ENAVEU,3.0128448,3.7837424
ISOVUH,3.2299914,3.856793
YEBCUH,2.2841237,3.566399
AZEMID,3.98157,3.2006502
OLUGEK,3.369314,3.6420608
XASSOD,2.7012744,2.6742609
SAMLOI,3.0403283,2.4275036
UGODAY,2.4618142,3.6897993
YIQQAU,2.463991,2.8447216
OQILEI,2.6561034,2.7505286
OBARAO,3.4237366,3.5478191
RUDPEO,2.9513469,4.2076197
MISSAM,3.321694,3.9853888
IDUWAF,4.1758595,3.2659287
HEGMIS,2.0011253,2.8087995
HOPPEH,1.6520033,2.7057493
QAXXIY,1.4699591,2.5290534
KUGJOM,3.6830611,4.105457
MATBOC,2.5899796,2.1269822
OVOBIN,1.5339059,2.620039
LIXWEU,2.1910608,2.8741722
UVOZAJ,3.33149,4.0517035
MOPTOA,2.478413,3.2861278
FOBCIJ,2.325485,1.900236
QINLAE,1.1249187,2.1961682
LEHZED,2.201129,2.2472725
QEBSAV,2.3510637,3.6930277
OBAQAN,3.505915,3.7829616
OHAYOO,3.415029,4.052117
YOWQUY,3.5723107,4.0802593
VUWJII,1.4539044,3.0149474
YOQLOI,2.122216,2.0430746
FEZQOQ,2.934748,3.0565255
QEJPAA,2.5099783,2.779117
RUZYIU,2.7012744,3.111964
REXTOF,2.0667048,3.1117206
VAJPEF,4.0953135,4.215312
FANPUJ,2.062079,3.021734
KASKAU,2.3937857,3.58875
KIDHIO,1.9281988,2.1683483
OSAJOK,2.649845,3.3679557
NUFWIX,2.5722923,3.5622578
FIXMAE,3.86184,3.8419545
WUDFEJ,2.4008605,2.1490567
DEHQAJ,1.940444,1.886059
GEBXIY,2.0299695,2.56873
LIMQEG,1.7592161,3.2033803
XUTNEG,3.3513544,3.26304
SEGBUF,3.6229239,4.1335855
EQOLUS,2.3184102,1.8142352
LIWNIS,3.080057,3.3521092
NIJDOC,1.8669732,2.5479774
HIHROJ,3.7148983,4.1070514
TUSXEM,3.2509444,2.330124
SEJYUD,2.8144736,2.5982444
TUTJUN,3.4057772,3.8213763
RALPIH,3.3777494,2.239714
SUTVAH,3.5622425,3.6677592
BOQREH,2.506713,2.8595457
JUWQUQ,1.9660226,3.0732763
OPAMIE,2.5483463,2.3403811
COXVOA,3.0438657,2.8562682
HILZEI,3.281149,3.563211
QIHLIC,1.5711855,1.8163217
YEJXER,2.6482122,2.9877393
GASBUB,1.79704,3.928156
FAVTED,2.0302415,2.6500318
INUXAT,1.044373,2.4422607
GOCVEC,2.9053597,2.4646802
RALNAX,2.6490285,2.70759
FEKFUA,0.8533491,2.245443
KOQYUN,0.57796985,2.0725262
NIXDUX,3.1121662,3.8530672
VALKAY,3.001416,2.2060184
FUTDAC,2.8517532,2.4658484
WIRVOL,3.59408,2.5581393
GAKFIL,4.0308228,3.733697
SEJYIR,1.7358143,2.2166874
VUTXOA,3.3592455,3.4115834
ZAVGUA,0.8421924,3.3095467
XASTOE,3.2659106,2.259726
WEHVUE,3.6457815,3.666988
VUBFAZ,1.1611098,3.3180723
WUPFOF,3.394076,2.48761
QINLEI,2.853386,2.688356
IMEDUA,3.035158,3.5940347
PAYJEI,2.7665815,3.375928
NIGYEL,3.577753,2.3957603
PUFKEJ,3.3064556,1.9130173
LOQYUL,2.5401828,2.1639705
ZEDZAN,1.8269725,3.0253124
VOFXOE,4.063476,4.038845
CAVQAU,3.5812905,2.4800746
PALCUC,3.5314937,2.9262626
XASVAS,2.3173215,2.6824224
RARRUB,4.1263347,4.2031355
WALZAM,3.4972074,4.2198853
ALODUB,4.11545,3.928349
BUKHUL,2.9712112,3.5034776
RIFMIG,3.1244113,2.252724
GASBIP,3.2980201,3.7203708
OHAYII,3.415301,4.1076016
WEHWEP,3.5736713,3.803987
NOBZEM,3.1241393,3.1841466
ASIMIB,3.9543586,3.7522244
LUVTOO,3.6150327,3.7317128
NUCKON,2.2865727,1.1309463
TIGQUV,1.8626194,2.210894
UVELUF,3.3399255,4.111389
XEDRED,3.0430493,3.7681715
OVIXID,1.1894097,2.7280285
MACXOE,4.131777,3.5861745
QAZDUU,2.4109287,3.8649027
RARSEM,4.3130045,4.242874
HAJNAH,2.9464488,3.7431386
NELKUK,3.1407382,3.464985
RESFII,2.99679,2.0526965
EMAJEK,1.5804373,2.0458887
BIRGES,2.8814137,3.6635945
HEYWAJ,2.0560923,1.4639928
MUQQUN,3.3978858,3.4583898
TAXKAF,3.2544818,4.3134866
RALPON,3.2155695,2.1910493
KOQJUY,3.7502732,2.9724438
WAFHAM,3.62755,2.5288134
FORSUB,1.5807095,2.3971534
QUWRIK,4.1165385,4.2433
KANLIU,0.29578778,2.03516
QEJPOO,2.038677,2.5807443
BUWVIB,0.52681243,2.963976
GURXUO,1.5371712,3.3790867
ROYYAH,2.5872586,3.7753172
JAFYIC,3.9959922,4.1217327
BAKCAR,1.6411186,2.7618017
GEDJOS,3.0822337,2.3786178
FITWIQ,2.0234387,2.5483797
RALPAZ,2.244123,2.5334048
LORVEV,3.288768,3.5954409
RARSIQ,4.3179026,4.3826056
BABBIT,1.9456141,3.6560998
DEWTOO,1.7856112,2.50518
IFEGOT,2.084392,2.9631808
AKAKII,2.8166506,2.038012
LEYCUN,3.2280867,2.4846692
JIMSIL,3.2572029,3.4712574
OBAQER,3.4305394,3.637272
HAYMIH,2.4381402,2.0496078
OQIFIF,2.5755577,3.9704494
RIGWAJ,2.621817,3.5630465
RARSUC,4.173682,4.079856
WUGDUA,3.33149,3.60947
FEFJIN,1.7567672,2.395544
BOJNOD,0.5270845,2.093452
OHOWEQ,2.3554175,2.520757
QUPQAW,3.531766,2.5264452
QOCDEV,3.4406078,3.699075
FEKVUM,2.7271252,2.3274016
AMOVIK,2.559775,3.338327
MUQQOH,3.616121,3.6264136
ATUPOV,3.978577,3.1449575
HEXYIU,2.1834416,3.0387292
QEHKIZ,3.1059077,2.806598
VEQQUH,3.0046813,3.5270925
GIMGOC,2.4767804,2.88619
UVOZIR,3.3323064,4.090973
WEHVIS,3.5031939,3.3271675
GORLOR,2.8860397,3.3750384
QIMVER,3.6980274,4.0624986
TOYHAT,2.1959589,2.8724184
MAJGUD,3.3445516,4.315219
SECCUC,1.4046518,2.5267544
LUVVIK,3.9176233,4.535879
TIKBIC,3.5021055,3.3478866
KANLAM,3.8640168,2.5279958
YEBCAN,3.4572067,4.2807126
BUWROD,2.1575909,2.921617
OZAKIK,2.5614078,2.0722694
GEDHAC,2.4914746,2.206018
CEYKAW,0.48191366,1.945272
BUWSUK,2.7709355,2.530055
ASIPAW,3.955175,3.8011417
RIGDUG,2.3366418,2.5940886
PAZLUY,2.6188238,2.9711363
TERWUJ,4.08715,3.3425117
RARHAT,2.7755613,2.0498424
CIXKAV,2.9905314,3.1751583
NUFWUJ,0.76028615,3.3992596
QEBTIE,2.4958284,3.8758693
FUDYOV,4.3002152,2.6772058
QAXBEZ,2.3216755,1.9760907
FEFJAF,2.1948705,2.951481
WUDGUA,3.078152,2.8224685
NOWWII,2.6724303,2.6548204
FUBTAX,1.9178585,2.8574412
EQEMET,3.0939345,3.7016249
YAMMEE,2.5984154,1.3962628
ZELTUJ,3.0680838,2.5007272
GECCUQ,2.2740555,3.0322986
ZEQXEY,3.1023703,2.70499
RALPUT,3.0261784,2.0429664
LAZKED,3.9636104,4.0920863
RALPED,2.1567745,2.4740007
VOGRES,1.2375739,2.3350248
QAZBIG,2.2667084,3.8270812
NOMCIE,1.6775819,3.201239
ZIRNIB,3.274074,3.6162498
IHIZIL,4.1187153,4.672769
RALNUR,2.346982,2.1708007
OBAPOA,3.4419682,3.627316
QEBTOK,2.5845375,3.5361373
YESLOX,2.743452,3.2532115
EKOJUJ,3.5826511,4.0526705
BUPKON,2.7586904,2.3514833
XASRUI,2.6079392,2.647067
LUVVAC,3.8520439,4.3188562
IVOHEG,2.4220855,1.8973207
ZIRFIP,4.352189,3.7229168
LAMFUE,2.9957016,3.058439
VALJAX,2.8982847,2.62943
SIXPOI,3.1543438,3.8465276
JAHMEN,1.5643826,3.0298977
BEHGAA,3.8697312,2.3596442
GORLIL,2.1619446,2.693808
GEDKAF,3.021008,2.4882693
ZELTET,2.0547318,2.121326
MESFOG,3.1535275,2.3147073
SEZGUD,1.644112,2.7391603
ULUWOQ,2.712159,3.2845535
MACVOF,2.1418083,2.4049857
AVUTAP,1.4645168,2.5791013
FAPJEP,3.372307,3.8171716
BOGZUW,4.1334095,4.3067455
IVOHUW,1.8786741,1.6406019
AJENEJ,2.944272,2.6310866
ZURKIG,2.944544,3.0028398
GASBAH,2.306165,3.7606113
WILBAV,4.1257906,4.2433805
QIDYOT,3.1894467,1.9410789
JEBFIF,2.0702422,1.8603637
XASSET,2.5532444,2.5588539
BEHFUT,2.8547466,2.4762185
WUPFIZ,2.7902555,3.0037396
RURCIQ,2.7864459,3.7559774
XASVIA,2.628892,2.7688127
DUMTAJ,3.3603342,3.570425
UVEKEO,3.3301294,4.079828
URERIV,3.0580156,3.316286
JUWROL,1.7336375,2.6726217
GOSNAD,2.8563793,3.929236
COZQAM,3.907555,3.9382927
RIFMOM,2.4272556,2.37153
ZEKJOO,3.3850965,3.2579885
BEHGEE,2.7012744,2.3719463
RIFYOY,3.8180296,1.9320297
ALOFAJ,3.9230657,4.0920224
OBAPUG,3.3676813,3.4761293
FORSAH,1.3826106,2.674941
RIFXUD,4.249058,2.1024325
BUWVAT,3.1967936,2.700819
KASJUN,2.459093,3.6849837
HEWYOX,4.148648,4.1216855
RARSAI,4.0191216,4.038626
QEYHIL,1.5698248,2.801734
GOYTAS,2.6754234,3.706366
GEDJUY,2.9646804,2.0743794
AXUSEU,2.5750134,3.6680944
SUBDIF,2.3763704,3.837447
ZIRNUN,3.637618,3.6030176
YIDNUY,3.353259,4.040351
QAFTAW,1.71595,2.5643373
RALQAA,3.288496,2.2666216
QEHTUW,3.51816,3.551234
FOTGOL,2.3502474,2.8610272
HUHRUA,3.6808841,4.121209
DUFWUW,4.710291,1.8383812
BUWVUN,3.4465942,2.5181108
CEPFUA,1.969288,2.7711494
LINMEE,3.0925741,3.302945
GIGKUG,1.1581166,3.3162012
VUQNUR,3.5241466,2.789908
OPAMUQ,2.6229055,2.1997643
FAXQII,2.248749,3.4211776
SIXQEZ,3.8343565,3.9947019
OBARUI,3.5233302,3.4127884
CEYHOH,0.7020538,3.201106
MEKLIB,1.949968,3.2577722
OZEROD,1.4212507,2.9387922
WUDGIO,2.124665,2.1869211
AKOSID,3.7195244,3.5428953
FAPHUD,3.8819764,3.7729287
RARSOW,4.0925927,4.274125
OVIXOJ,1.732549,2.5319006
QIMQEM,2.9886265,2.949521
KALTAU,3.960073,2.444802
SUJBII,3.0716212,3.0988078
LAMGIT,3.200059,3.0973496
QIMTEP,1.799761,2.754736
HIHQOI,3.895582,4.0843544
JECZIA,1.8441156,2.1495175
GADFUQ,2.3124237,3.327501
YOTCES,2.3905203,2.9263375
ZIRHER,3.5002005,3.8515756
SICYOW,3.9129972,4.000391
GORLUX,2.7429078,3.0825505
LAMGAL,3.0460427,3.0192451
KOLBUI,3.0574713,2.2778878
CAFCEV,2.2710624,2.7902954
BADWUC,2.136366,3.736518
QAZGAD,2.4452152,3.6359925
GAXNOI,2.7279415,3.0663111
ZIRHOB,3.4806085,3.7501247
WUDGOU,2.5897076,2.6953294
QAZGOR,2.5211349,3.57906
GAKFOR,4.0155845,3.74936
WAHHOG,4.148648,4.3137774
VIZWOT,2.4242623,2.785601
JUVDIQ,2.538006,3.3132033
OKOXOE,2.026432,2.0681043
OHOWAM,2.497733,2.5768185
GIMGAO,1.9009874,3.8079975
MUJHOR,2.9570613,3.712334
XAMCIB,2.449297,2.7111735
FOYCOL,3.3921714,4.230759
WIVWEE,3.0571992,2.3969927
GECKAE,2.3211312,3.0216188
MACWAS,2.4057586,2.534265
ASINAU,3.7853758,3.5512502
YECDIX,3.1657727,4.1672373
GEDKOT,3.5064592,2.966597
DADJIF,2.4596372,3.612643
BOHBUZ,3.8770783,4.074057
HIZLAH,3.4920373,3.2487326
GECDAX,2.7105262,2.190529
CAQBUT,3.7725866,2.4044752
XASSUJ,3.3233266,2.3527694
UVOZOX,3.3372045,4.206934
UZASEW,3.802791,3.8539047
NIPFUN,3.0460427,3.3904383
ZEYQON,1.7047933,2.5988288
HAVPAX,2.7614114,2.3078403
HIZKUA,2.9573336,2.6639862
BUWTOF,3.3249593,2.9314635
HEDDAW,2.984817,2.6088343
QIDYIN,2.1994963,2.2732906
OQILOS,2.1567745,2.4759004
WAFWUZ,3.2874076,3.895493
VAWKUD,3.634625,3.8169131
VOXZIR,2.5401828,2.091382
DEMXIF,5.003902,2.833151
CAVQOI,3.2678154,2.1654382
CEYKIE,0.6239571,2.450484
JIFDIP,2.0468404,2.224382
MERZOB,3.4634652,2.6670372
EHONOF,3.8770783,3.6906545
OQILIM,3.2531211,2.3876143
ALAFAU,3.4631932,3.7114854
XATCIE,2.3793635,3.9403677
UVENAN,3.372307,4.152158
OKOXEU,3.4207435,2.354668
SEKPEF,4.14892,4.314553
FIQMUR,2.9886265,2.8622265
AGIPUC,2.8906655,2.6111524
EMAJIO,1.4590745,1.9250356
CIVQUU,3.0487638,3.5346136
FOLFAN,3.6857822,4.3046227
HIKCOU,2.2960968,2.946174
TOZCUG,3.6482306,4.0239363
YEBFUH,3.0626416,4.484431
MELGEP,1.4702312,2.3140292
GANQAR,1.9020759,2.9331186
QAZBOM,3.0988326,4.125178
YEHMIJ,2.3159611,3.8144264
CERMUL,2.8158343,3.0398664
LAMGUF,2.7927046,2.994554
LEZBIF,3.290673,3.3488784
CAFDAS,0.8517164,2.3201094
MURFAJ,2.6786888,3.481729
ICANAF,1.6702349,3.2449682
MIDJEQ,1.8941846,1.490415
HIJWAA,0.22313337,3.4877365
YEWXOO,3.101826,4.003173
XAGVAG,1.5096877,3.0980093
HIRXUE,4.1491923,4.3447976
TEHRUX,3.183188,2.555191
MATCOD,2.2014012,2.7086296
QEBTUQ,2.7872622,3.3606222
SIZPOG,3.4427845,3.8752239
ULINOV,2.7654932,2.6697469
OKOXIY,3.372035,2.3634517
JUVCUB,2.5023592,3.2888465
UJAMEA,2.6895735,2.3493805
QEGLAT,3.2348895,4.0180483
HIRYEP,2.9499865,3.488564
DIDJUV,1.2125393,2.4818583
KOBYIN,2.0669768,3.7877662
RAWVAM,2.1341891,2.7197678
JACHEA,0.20680654,1.4462616
YOTCIW,2.4174595,2.8366973
TEMPAG,3.6430604,3.9795575
GUPHII,3.1989706,1.8914962
OBAPEQ,3.3842802,3.6811643
EJOWUY,3.857486,4.205139
NABVIZ,3.4182944,3.4998083
OQIMAF,2.9510748,2.7009852
CAQBAY,2.7439961,3.0576754
GECDOL,1.837857,2.5828514
GUQQAK,1.3153985,2.2192636
SIVYEF,3.5527186,3.8783996
GEFLOS,1.8356801,2.01182
NAJWOK,1.8735039,2.533679
KEHCEG,2.4321537,3.163667
APAZAV,2.9951572,3.809733
FUTDEG,3.0917578,2.4743009
DEDMEI,3.150262,3.855716
IHIZOR,4.105654,3.9806252
TANSEK,2.0365002,3.178025
AXUZOL,3.180739,4.000746
QUPPID,3.309993,2.7630005
AMOVOQ,2.6702533,2.9435341
YEVREA,3.0310764,2.376591
ZAQFOM,2.7282135,3.9745736
UGODIG,2.1298351,3.3181345
UDELIY,2.972844,3.1175797
RALNOL,2.3282063,2.5486817
NINWEN,2.9091692,4.0446296
OVIWUO,1.4299583,2.5375178
AXUZIF,2.896652,3.5985074
CAJRUB,3.6495912,2.756702
WAJWEN,3.022913,3.4020164
KUKDAV,3.4446893,3.7276921
GURYEZ,2.2313337,3.2266154
XAVHOV,4.210962,4.051232
VESQIX,2.476236,3.0895085
UTANIP,4.8825393,3.7653494
GEWHEZ,2.7924325,2.398598
ERUFII,1.9535054,2.2574122
JOFFUJ,2.0179963,2.7669013
BUHXIM,2.4340584,2.5864627
ZAZBUB,2.1426246,2.363809
XASBEC,2.5105226,2.299431
HEVKIG,1.8245234,2.2290256
EDEZEW,1.9766351,2.2897444
MEBTIX,3.4659142,3.5520546
EDEYOF,1.97854,2.2760675
MIFDUE,1.9562266,2.4406664
CIYJIG,1.7475152,2.3592105
ABOXIA,2.2452114,2.4327302
CUDBOS,2.3793635,2.654079
WEXCUB,2.3140564,2.512502
MUMBEE,3.8819764,3.5348964
POYLOH,4.8762803,3.5130115
IXUSOM,3.1323028,2.2301414
ROYRAB,2.3864386,2.116839
OHEJOC,3.7524502,2.6423805
TEJJEB,3.4762547,3.139086
TATCEX,3.6057808,3.264743
WOXMOO,3.0925741,2.464663
NOYFIT,2.2569125,2.7099535
JIXROX,3.3015575,2.3550355
FEBNAF,1.8751366,2.4605184
GAVWUV,1.6008458,2.7515607
TICRAZ,2.4814062,2.2429402
BUPYOD,4.8643074,3.778015
ORINOV,1.8400339,1.9104149
ECIYIY,3.8558533,2.3106427
PAGPAR,3.1012816,3.2135649
VEYYUX,1.8789462,2.226807
UJAGEU,3.964699,3.17587
MIBQIB,2.5214071,2.91426
NIKHEU,4.5219884,3.2442474
OJEBAJ,2.3287504,2.0456908
TOSZIN,2.492563,2.3647716
LADJUZ,0.4416408,2.7765975
WAFDOZ,2.385078,2.7719
XAYVAY,2.9535239,2.7742224
HISPIM,3.0150216,2.885011
YIYXUZ,1.1431503,2.6510968
PUNTEA,1.5314568,2.785103
DAFVUF,2.5374618,2.0496972
COYZOI,2.4795015,2.4391394
WAGZOT,1.5325453,2.0445905
EVAFOW,2.7156963,2.417739
NINBOF,2.9649527,2.7775767
XEFTAE,2.3529685,2.7127624
COYXUM,1.7129568,2.296099
GUXFOX,2.191605,2.2751057
EGAVEP,2.1809926,2.554517
UYEDUA,2.368479,2.6735125
PUMJOZ,2.3175938,2.7416782
ZAKSUD,3.1325748,3.0771976
ZAKTIS,3.2640057,2.6836693
EPEMIX,2.6697092,2.3070583
GASNUK,1.3162148,2.8067389
MOYFIQ,2.1091545,2.504032
BABSAA,1.6971742,2.5806506
YIDVIQ,1.665609,2.663111
WEXBUA,2.8922982,2.70271
XOBNIP,3.1431873,2.8495834
OWAHEC,1.9902408,1.734253
IHODUE,1.8081967,2.2998643
SUZNOT,1.7151337,2.3533819
KOSSAP,2.2691574,2.5252364
XEXWUW,3.7826548,2.660292
OLIKOM,2.270246,2.3353791
SAKWUA,1.6737723,2.412795
BUPXAO,4.864035,3.7776947
OHEJIW,2.9927082,2.6200404
SUHFEG,2.912979,3.0945601
CEJSOB,3.9331338,3.4667134
JELHAN,2.5853539,2.2551935
WIVVOM,1.9050691,2.6955109
ZIDWIV,2.7897112,3.074689
JEZVAL,2.1837137,3.0732102
LEPCUE,2.9097135,3.056151
CEHBAT,2.2811306,2.6128414
UGIVEL,1.2168932,2.24809
AHEWIW,2.224531,2.1593587
VUMNUP,2.5706596,2.6601527
KINXUE,2.392153,2.405788
ZORDOC,2.249021,2.4393592
EDICON,0.61661,3.0045516
DUBGOW,4.2278333,3.1714802
DAGTUE,2.6267152,2.656992
XUBKOX,4.6545076,2.8080401
WAYFEH,0.67783564,2.7518861
VAKZOX,3.0142052,2.7523677
ZORCUH,1.431591,1.6661556
QUZLOO,3.4117637,2.3142061
KICQOG,2.0332348,2.2229843
KACBAT,3.5573444,3.7406693
MIRGUT,3.1731198,2.796793
HEVLIH,1.8884702,2.4988542
OLIKIG,2.1526928,2.6175108
ASEKOB,2.8112082,2.8788953
QEGRAY,2.7565134,2.8709502
GUYZOP,1.8939124,2.3041961
FUVLEQ,2.7061725,2.5865982
YEZTEE,3.4841459,3.3741746
ZELYUO,2.019629,2.2175627
COYQAJ,4.244976,3.1227636
EDEZIA,2.002758,2.2729082
XOBMOU,3.084955,2.6888154
OTEVEP,2.4773245,2.493882
ZUTVES,2.798419,2.3891892
DAFFEZ,2.2114694,2.4770355
YIPYIJ,3.3755724,2.5605292
MUMFAE,4.043612,3.0803316
SATSAL,3.0030487,2.6804283
HUPXOI,3.3973415,2.7832232
TISHUC,0.35864606,2.5265183
SUNGAM,3.2267263,2.9767203
XIDWEN,4.03436,3.6896255
CAZWOT,2.4609978,2.3343453
SEPPEL,2.4419498,2.8152285
YIPZAC,3.510269,2.5385873
LIRBIB,1.8182648,2.377323
DUXNIW,2.3556898,2.6537576
WUSRIO,2.057725,2.4541814
TEJJIF,3.1557045,3.0930269
NINPUZ,3.3951647,2.7668066
OFOPAE,2.5058966,2.9050503
BOQFUJ,2.6152864,1.9188529
WEDNAU,4.363074,3.623169
OYOKEV,3.2201955,3.0115457
PESVOC,1.8490137,2.4384737
MAYJAX,2.4920187,2.154531
WEWQUM,2.937197,2.4349122
NIMYOB,3.587005,2.701492
AZOCEX,3.4648259,2.7117774
AHEVUH,2.8212764,2.9519827
XOPNOI,2.6648111,2.5301094
IGIRIC,2.5581424,2.5464277
VUMNEZ,1.9905128,2.1947734
DORTEM,2.217728,2.7346466
HIHGOY,2.1401756,2.5298781
RIDKUO,3.7987096,3.507823
NETDUP,2.1883397,2.247146
ZENLUD,1.8533676,2.2834308
JEZKOO,2.9110742,2.9134989
WAPTEQ,4.318175,3.0810847
YOSWOV,2.0740519,2.2437677
GAGCIE,1.9298315,2.5531151
ZUQREL,4.165791,3.3855968
MIRGAZ,3.7170753,2.8051705
ZAZCEM,2.229973,2.3046827
XOBMIO,3.1733918,3.3189332
BEDFEW,2.0487452,2.507263
WOXMUU,3.0095794,2.3329866
EPEQEY,3.6689112,2.794771
NUKDAB,2.0805826,2.3874395
INOYAN,2.1148689,2.7189534
ZAJSUY,3.0416887,2.9922266
KINXIS,2.253647,2.7526004
PUMLER,2.1594956,2.2607672
ZOJBIN,4.594915,3.8235981
JOFXIP,2.0511942,2.201696
NEQCAR,1.9004432,2.5710804
TATBOG,4.387836,3.2340581
VAHVUZ,2.2313337,2.850377
JUPNAM,3.0123005,2.5720944
BOCRAN,2.8697128,2.5336194
SUZNUZ,1.8158158,2.548162
GICGOP,3.651496,3.4103065
SAKXIP,1.4881908,2.2697468
TACWAZ,1.9437094,2.24794
KOBREA,2.2076597,2.5078616
SAKXUB,1.397849,2.3308702
TIFZOZ,3.4612882,3.0565372
IMACIL,2.7241318,2.972827
CUZTEZ,2.4849439,2.531698
HEVKUS,1.8672453,2.3611352
HIHGAK,2.1981359,2.3154974
TOTBEM,2.712159,2.0861022
SAKXEL,1.5671037,2.4388855
NUFPEK,1.8318706,2.8072531
LINYIR,2.5075293,2.6902437
YARVEW,1.6231592,2.5424669
NINPOT,3.2547538,2.7016246
NUKCUU,2.8046775,2.2701874
WAPTOA,3.5720387,2.85861
RUNFAK,3.6817005,3.2943046
PEVJOT,3.9970806,3.4110696
TEJJUR,2.9088972,2.940854
UYEFAI,2.731751,2.854039
UPIVUN,1.6666974,2.1942325
WUFFUB,3.2346175,2.6693902
XAKTAF,2.0443914,2.4846725
MAJJOA,3.7717702,3.025688
UFOHED,3.8196623,3.3860698
BZHREC,3.5913587,3.0636222
ZONSUT,2.0035744,2.157559
XOBMUA,3.187814,3.0361116
DUXHEM,1.116211,2.8767216
MIBPUM,2.9627757,2.9569979
AMOKOC,2.774201,2.604459
ZAKSOX,3.2441416,3.0990498
NODRUX,2.411473,2.7140784
MULQUI,3.429179,3.0202827
CIVTOU,3.5339427,2.8400252
MUKWAT,4.412054,3.517779
KUCXOW,0.88872385,2.2712908
LEGKEQ,2.9684901,2.2256944
XULXOU,3.508092,2.8644414
ZAKTEO,3.1219623,3.1139956
PEHBIN,3.570134,3.1961899
XUKPIF,2.1551418,2.8074906
RATZUH,2.6438582,2.8347921
MECCIK,2.0618067,2.6753902
UPAXUH,4.8093405,3.8102305
XOBMEK,3.1350238,2.7301192
IKOSIN,2.2841237,2.5034835
ZAZCIQ,2.1828973,2.4635608
VAGLEV,1.5812536,2.2068403
GUQGIL,2.203578,2.286911
NODSAE,2.4220855,2.7797341
PUMXIH,2.6642668,3.0155528
LAGNUC,4.133137,3.2465339
CAPJOS,2.598143,2.4502013
YAFMID,3.3853686,3.0425286
ORISAM,1.8457483,1.9385482
WEBBUE,3.173664,2.8775892
ECORIA,2.863182,2.8920434
KEMCIS,2.5347407,2.5183737
VUMMUO,2.0563645,2.4272418
BUPXES,4.8980494,3.832467
MIBNUK,3.1333911,2.9608462
IPOVAL,1.6432956,2.2335765
GUQGOR,2.2087483,2.3072863
IKOSEJ,2.4833112,2.60327
JAYCEV,1.8408502,2.1742826
ACISEL,4.549472,3.765122
HIVKUW,3.534487,3.2048254
MUHZIB,2.3339207,2.861996
PAVGUO,1.6166284,3.007957
ZAYGAL,3.4517643,2.9791977
YIFSAL,2.1801763,2.314358
QAHPIA,3.6166654,3.0067592
OMOGAB,1.8329589,3.0558677
QIFTUY,1.0008348,2.6273246
ALAXOD,1.7096914,2.2463114
KALTOK,4.2139554,2.8435862
PESDAS,3.075703,2.9441614
EPUMEK,2.0930998,2.4321897
QUQRUS,3.4621046,3.0409799
VEYZOS,1.818537,2.502435
YIPXII,3.486595,2.8469772
BACCOB,2.5769184,2.269444
SUKFEL,0.89144504,2.6622872
DUZGIR,2.2699738,2.390565
AVEFUF,2.0936441,2.1378968
TOWPIE,3.3831916,3.2082756
IZIMOW,4.261575,3.2033596
HABWAM,2.6778724,2.4797423
RUPPIE,2.2427626,2.7397466
RUMPUL,1.9886081,2.2892456
QUJGUA,4.719815,3.1613374
MUMBII,3.0536618,2.4140556
NOWDAH,2.6133816,2.905467
QUGFAC,3.9497328,3.2125144
GIQCEQ,3.0786963,2.871424
QASYOY,2.6297083,2.4883697
XIQGOT,3.998169,3.397509
MICWOL,3.9734066,3.3551595
BURKUX,2.8884885,2.7677107
UTAPAJ,4.6283846,3.7593389
ZAKTOY,3.2008753,2.9207962
VEYYEH,1.828061,2.5353227
VOTCEP,2.2969131,2.4762845
QIGKAS,2.6819541,2.9240851
ZENLOX,1.8479252,2.3068838
BOXPIQ,1.8324147,2.0349216
EKIFOW,0.8313078,2.291541
YIKNOZ,2.164938,2.7680478
FEXPIK,1.9720092,2.6212168
UKAKID,2.0609903,2.331297
OLILON,2.200585,2.6143198
DAGVOA,2.0756845,2.4427073
EDIBEC,1.9916013,2.3223002
ZUJDUG,2.9510748,2.5200381
EDIBAY,1.9926898,2.280588
EKIDUA,1.8656126,2.858271
NIMZOC,3.219107,2.7814245
HIHFIR,2.1472504,2.4921882
TISGEH,2.4582767,2.832023
HIHFOX,2.16004,2.5142262
HUDGAO,2.6027691,2.7117403
RAQQEJ,2.903999,2.5879788
EDIBIG,1.9986763,2.3578644
KIRYUG,2.836515,3.3072546
QIYROF,2.296641,2.4666107
EMAROC,2.0694258,2.7109673
PUMKAM,2.2528307,2.5759356
GUWVEC,2.138815,2.3118114
RIFJEV,2.394874,2.9536297
ITOLIP,4.7614484,3.1779017
TIHKUU,2.5148764,2.5388587
NUKDIJ,2.141264,2.4615016
VIRYOO,2.8691685,2.832957
MULHOT,3.4210155,3.1444886
JERXAJ,2.0917392,2.5699813
FUYGAK,3.458023,2.6171184
TACVIG,2.065072,2.2175243
YEXSUR,2.6939273,3.2679014
SATSEP,3.1845486,2.731195
UKALAW,2.0471127,2.3858418
IVAJAS,2.108338,2.5403829
EDIBOM,1.9910572,2.3274112
TOSZEJ,2.6974647,2.359809
EPULAF,2.3241246,2.6576042
GUWYEF,1.9200354,2.396789
MUKWEX,2.2335105,2.2092624
GITQEJ,3.9421136,3.5040956
QIYWEB,2.7869902,3.0718162
DOZSAP,2.6161027,2.7083297
UJAHEV,3.123595,2.946002
QAYCIF,4.5709686,3.1865563
TINVAN,2.7592347,3.1625123
TUWNIJ,2.45229,2.7051687
MOBROO,2.1967752,2.1709003
SECNAT,2.3341928,2.6380785
HILTUR,2.8476715,2.468945
EMODOC,2.2354155,2.84809
YUYBAV,2.0250714,2.3617969
TEQYEX,4.3394,3.471229
KIMFAQ,3.3116257,2.9779186
EDEZOG,1.9877918,2.342405
ORESEM,1.9339132,2.222141
PUMFEJ,2.0517385,2.7709172
WEXDEM,0.79021865,2.4136026
PUCGOM,2.975021,2.5564501
NEQCOF,3.4716287,2.507181
VEYZEI,1.8667011,2.0726614
MIRGED,3.6841495,2.7705472
YIFRAK,1.9948667,2.1648216
OJOMOS,2.9456325,2.8203995
AHEHOK,3.393532,2.6986413
XOPNEY,2.196231,2.2655616
ROYRIJ,2.9157,2.3179188
RUSPUR,0.7053191,2.0529282
OMEDEQ,0.65008,2.338413
YIPXUU,3.7480962,2.5187879
GUKVIU,2.2854843,2.4951818
GUWXUU,2.1575909,2.4788556
NIGWUZ,3.0740702,2.5858452
JUPMUF,2.953796,2.4773712
CIXFAQ,3.2030523,3.3666074
MIBQAT,1.8677895,2.5658767
YOSWEL,2.0903788,2.2067404
TASXIY,3.1796505,2.9694328
NINCAS,3.4191108,2.73204
MEBTOD,3.3995185,3.6491287
SUSCOB,2.8525696,2.7797909
BOTCAP,2.7273972,2.437025
ABAWEJ,3.917079,2.8648589
CIMJIU,2.16521,2.3657784
PULGUB,2.1850743,2.161236
ZORCIV,1.828333,2.202918
CAYNAV,1.6413908,2.3097095
UKAKAV,2.0438473,2.336345
RUNFEO,3.3633273,3.0700977
TOQWUU,2.9864497,2.401991
QOZXAH,2.0716028,2.414086
KEGSUK,3.1040027,2.6579425
VITKIW,0.14558092,1.5220227
RUWNAA,1.8465647,2.55879
SERLOU,3.099649,2.9109383
SERMAH,3.3793821,2.9197187
KEDKAJ,2.4990938,2.9069047
VITKUI,0.17850669,1.2998133
BEKZUO,1.4854696,2.599481
XIFZEV,2.0677931,2.8274546
SAKXOV,1.6462889,2.673229
HIJKUJ,2.1750062,2.555876
YIPGAI,2.3554175,3.016128
PESTUG,1.9562266,2.8202825
SAQFAR,2.219905,2.383765
XAYVUS,3.250672,2.9838693
WUTDAT,2.2563682,2.6442125
QIJGIZ,2.0593576,2.8432982
ABAWAF,4.024836,2.953444
GICWOG,2.7687585,2.438661
SEWDUX,1.5856075,2.5196605
ECOSAT,2.814746,2.8911755
YATYEB,2.487937,2.3116355
JUCSAE,2.3184102,2.715487
WUFDOT,2.9219587,2.8794613
NIGWOT,2.6680765,2.5049949
WAKXUD,3.8602073,3.5576282
JOFXAH,2.313512,2.3160224
GUWYOP,2.2326941,2.3447986
HIHGEO,2.2193606,2.3181086
ITIKIH,2.1948705,2.2486992
GUWWUT,1.9856149,2.346109
UTANUB,4.6994066,3.587901
COYYIB,1.7749988,2.484305
GEYCEV,2.2601779,2.7527413
CINMOF,2.3548734,2.7035286
QUNWUU,2.7728403,2.3232074
HISPEI,2.6800494,2.463636
LEDKEO,2.5328357,2.7836273
CAMSAK,3.3755724,3.2532763
TAMLIG,2.2166395,2.7076163
IFEMIT,2.920598,2.8549125
WEXDAI,0.614161,2.4122658
VUMNID,2.4593651,2.113735
YIFQOT,1.0353932,3.0486302
VEYYAD,1.8484695,2.590253
EGOCIQ,2.062623,2.1537294
LUBVOV,2.8721619,2.5944178
SOWFIT,3.4283626,2.907773
RAQQUZ,1.9584035,2.6971326
HIHHOZ,2.1018074,2.31354
PEWCIH,2.046024,2.5752625
RAQQOT,3.0049534,2.6642532
WISDAH,4.3053856,2.6830094
XUKPEB,2.3559618,2.867207
SATSIT,2.0261598,2.497496
NOVXEE,2.9184213,2.6033082
YIFSEP,2.1777272,2.4775987
MAZWIX,2.021534,2.2134418
AMUHOI,2.1586792,2.654875
FUQTIX,1.8155437,2.09706
PUMJUF,2.191605,2.5918393
OWUMUR,2.3668463,2.679397
ZELYIC,2.3788195,2.426306
PUJWEW,1.7929583,2.5281441
OTUNOJ,2.509162,2.6948702
LANHIV,3.7799337,2.7722511
NETQOW,1.6617993,2.3446116
SILVIV,2.4133778,2.6115189
BOSYEO,2.9769256,2.0341048
UJAGIY,3.941025,3.2208998
NINBEV,3.2566588,2.765811
BOZVEU,2.3883433,2.6320019
MECCEG,1.976363,2.6645434
BOSYAK,2.8762436,2.4096
GICXAT,3.037607,2.7912085
KINYIT,2.473243,2.4781914
LIXNUF,2.573653,2.5530107
MUJFIJ,2.9687622,3.0708306
NEXVUL,2.1758225,2.4644978
CECJUT,2.5124273,2.3821318
VUMNOJ,2.2291567,2.4075356
QUNKOC,2.779643,2.3195453
MULHIN,3.4253693,3.1547809
TEBNOH,3.2204676,2.8213768
LUVQAX,2.863454,2.9976125
BEGDIC,3.0577435,2.70064
BUFKUL,1.8947288,2.0162423
LUZLOK,2.5796394,2.308305
HABVUF,2.760595,2.5269043
YIFRUE,2.1728292,2.4247127
CAPQIX,1.9687438,2.187817
NINPIN,3.1850927,2.7265809
RANDIU,2.7894392,2.8305633
WARGOM,2.4373238,2.766424
NAGHOV,3.1385612,3.1441872
NETFEB,2.3091583,2.1062036
ELAJOT,2.2566402,2.6303217
LECKOX,1.2612478,2.4341247
HUKSIS,2.0588136,2.4570441
MELDOW,2.7456288,2.820051
FIVDOD,2.2307894,2.986083
CIRPOM,3.2890403,2.8022733
KINYAL,2.2038503,2.268772
BIGGUX,1.0435567,2.430327
SIKKOQ,3.4335327,2.8734565
XOLPET,2.406847,2.1795664
XUMGAQ,2.1548698,2.3882992
PUMKUG,2.3475263,2.4117887
MUJCUS,3.7666001,2.727168
MUBRUZ,2.3069813,2.6577208
MUZTIN,3.5622425,3.611621
PEVJUZ,3.9987133,3.3127058
FAWKUK,1.71595,2.365027
WARGAY,2.5467136,2.5612636
CUZVUR,2.8452225,2.6619525
IPILEZ,2.6351507,2.7670295
TOTBAI,2.530387,2.5704305
ZEHGOM,1.8305099,2.0646837
MUBSIO,2.1393592,2.6554682
WAPTIU,3.4634652,2.6908293
HIYPEL,2.201129,2.6966558
QODVIO,2.865359,2.5624895
VAHWAG,2.2669806,2.8046372
TORJIW,2.2422183,2.4218943
CIJGIP,2.6661716,2.9789562
NINDAT,2.5864422,2.7729204
PEWCAZ,1.9630294,2.4881759
HEVKOM,1.7826179,2.2653284
KAYHIB,0.98858964,2.1196864
YOKVUS,2.0182686,2.6544034
NIMZES,3.3361158,2.7898877
VEYYOR,1.7834343,2.4633021
NINCEW,2.8879445,2.3998542
WEXBIO,0.8563423,2.2860265
UKAKEZ,2.1181343,2.6139438
COXXES,1.0533527,2.4665058
NALPUP,2.8618214,2.413685
NEQBOE,1.4084613,2.4597678
CAYNEZ,1.6054717,2.3029838
TACKAL,1.3543108,2.378193
EDEYUL,1.9809889,2.268811
BOBZAU,3.9524539,2.8796353
JUQZED,2.6182797,2.6569335
BOYMUA,0.7782456,2.7868934
DASPOG,3.7127216,2.8395154
NINDIB,3.126044,2.7399442
GUKVOA,2.248749,2.3269835
NEQBUK,2.0062954,2.4186776
ZAYLOE,2.8863118,2.737487
EKODEQ,2.7048118,2.5929527
NOYVUV,2.0740519,2.3711567
CIVTUA,2.7448125,2.769807
OJOMIM,4.0008903,3.122032
MECCUW,2.64794,2.5622067
YOKTEA,1.9371786,2.5351322
NINNUX,3.1837323,2.8844907
VOGBEA,3.0923018,3.2289383
LUPWIF,3.2395155,3.0660875
SEWDOR,1.7559508,2.5026019
JUQZAZ,2.5608635,2.416444
DEHKAG,2.2650757,2.7022164
AMONOF,2.74835,2.5758767
BALDAX,2.2120135,2.585903
KEDKOX,2.595694,2.8221266
HOSRUF,1.8612589,2.03061
EMIWEC,2.7725682,2.3620913
BITRAB,3.3587015,2.5749004
TOSXIL,3.283598,2.8971736
GEYBUK,2.0101051,2.227786
FOXNUE,2.9674017,2.4975972
ALERAN,1.3940393,2.494184
KOGZEO,1.7845227,2.3730023
ABAWIN,3.7559876,2.7533352
TEJJOL,2.8841348,3.029489
PESWET,1.5368991,2.811872
ZADBEP,2.7140636,2.8910956
QOVDIR,2.5600471,2.1617022
JERXEN,0.857975,2.4934196
GUTCEG,0.86450577,2.4709055
XAGYEJ,2.6686206,2.457604
OLUCEF,2.2397692,2.5840495
ANAQUE,2.0612626,2.3072977
GUWVUS,2.3752818,2.2012503
HUPXEY,3.0705328,2.707857
JUQZIH,2.509434,2.3370402
ZADBAL,2.4054866,2.523282
DUZGAJ,2.2003126,2.3704355
PESVIW,1.8971778,2.7117586
PESVES,2.6656275,2.778738
KOGYOX,1.8849328,2.1377592
UKAJUO,2.1151412,2.6397822
HASHEQ,4.5706964,2.8402975
DOZSET,2.6106603,2.6863303
HOTPAK,2.3782752,2.5711741
YIPXEE,3.3870013,3.07524
NEQBIY,3.4789758,2.3795564
IMACOR,2.590524,3.0733662
KUHMAE,2.1012633,2.0245912
AMOPAT,2.246844,2.7306497
LADKAG,0.4337495,2.692731
OQASOR,1.5929545,2.4229043
PIWGUY,4.772605,3.6455994
OMOFUU,2.0060234,2.8435693
PUQNUN,1.3347185,2.3092961
JUCSEI,2.3366418,2.7231061
OPUGUC,4.182662,3.2538023
QUNXUV,1.8408502,2.111209
ALUXOU,2.246572,2.7292
GOCVOJ,2.536101,2.946826
XIWTAC,0.8285867,2.405592
SOKLAG,4.1576276,3.203413
MUJFAB,3.204685,2.815376
YIDKAZ,2.6977367,2.3179119
TOSXEH,3.2003312,2.8939512
JOFXEL,2.2985458,2.25929
MULHEJ,2.3314717,2.5615005
IKOSOT,1.7673795,2.572319
NINPEJ,3.1769292,2.69037
MEGVUS,2.2484767,3.3166547
EZIGOM,2.1913328,2.1587107
BALDEB,2.2016733,2.4706135
AHEWAO,3.1818273,2.974672
OHIHEV,2.386983,2.5043612
IXIHIH,2.6316133,2.8215978
DAFFID,2.1132362,2.55807
TIRKAH,1.8607146,2.4979088
GOZGOR,2.7246761,2.7147045
XOBNAH,3.3361158,3.0328226
TACVOM,1.9156816,2.185567
TITHOX,2.0016696,2.9636135
HIHHIT,2.1945982,2.0908012
TIRJEK,1.9301037,2.2229254
HENVAA,2.0748682,2.269563
WULNEW,1.990785,2.2486334
NINCIA,3.2278147,2.8298335
QAPYIP,2.3194985,3.0404463
AHENAF,4.5551863,3.8182607
IXOBUV,2.339635,2.85409
QOSDEK,2.7997794,2.9757802
PIZVON,3.0672674,2.3486183
XOBNEL,3.0882201,2.972194
ZELZAV,2.0446637,2.3500926
YIFROY,2.1377265,2.2532828
AZEHAP,3.090125,2.7673075
HOSROZ,2.222626,2.1770234
DOZSIX,2.619096,2.642209
HINDOB,2.2332385,2.5927472
QOZWUA,3.348361,2.6874223
IFAJOS,2.2479327,2.3684654
QOSDOU,2.2650757,1.9678129
VUMPAX,2.07895,2.4723332
WEXCAH,2.6833148,2.5726624
UPAXOB,3.7265995,3.3940372
UJUBOQ,2.2003126,2.5276034
ENEHEK,4.1048374,3.2448463
WAJBOC,2.205483,2.4230611
GEQSUQ,2.4337864,2.5738633
OXEKUA,2.0914671,2.4032636
HIVPUZ,3.432172,3.304692
CIMHUE,2.4484806,2.617818
KINYUF,1.7126846,2.1948974
JILDUD,3.2419646,2.7547212
JOCSIG,1.766019,2.548832
AHEMUY,4.5546417,3.8169713
OWIMIT,3.0117562,3.1433256
QIDLUO,2.3371859,3.253592
DAGVIU,0.8846422,2.3381598
QALMEZ,2.8827744,2.3569312
KEMCUE,3.5491812,3.0308757
LUVPEA,3.2561145,3.0038245
MIBPAS,1.8511906,3.0101998
YEGHEB,0.9317179,2.5101056
CALMAG,1.8835721,2.4577682
ORESIQ,2.0555482,2.4299753
SOWBAJ,4.1921864,3.0555053
LIJDUG,3.3897223,3.0051248
BUFJUK,1.5597566,2.4847512
DEHJOT,1.9722812,2.466526
IJIGOA,1.9056134,2.2469149
YABRIG,2.6950157,2.9046757
NINCOG,2.798691,2.5114398
VAXSUJ,1.0696796,2.4797354
PEWCED,2.0087445,2.618151
TASLOP,3.4218318,2.563606
YARWEX,1.8435714,2.4964166
NIMZAO,3.1440036,2.5236092
ITICOE,2.3284783,2.6948054
LIKXEI,2.5249445,2.2862325
GUWXII,1.7355422,2.0002406
LADJOT,0.40218428,2.6508613
NANTAX,3.3573408,3.0583136
GUWYIJ,2.127386,2.255694
NULZUP,3.4196548,2.6700938
ELAJIN,0.9221939,2.6309803
FUYWII,2.8928425,2.7366996
DEHKEK,2.0860248,2.4585254
JOXNAO,2.141536,2.6711323
OLILED,2.2239866,2.5373778
ZUXZEA,2.1801763,2.5655825
MODWAH,2.5875306,2.8703
UWOPIG,2.2784095,2.3413947
KEMGUF,2.8925703,3.160267
AHEWOC,2.2329664,2.19029
AMUHUO,2.9973342,2.7695353
YATYAX,2.127114,2.0910053
MAYHUP,2.2882054,2.2360876
MIBPOG,2.8982847,2.9172993
ZAKTAK,2.989715,3.1391041
MUXJAS,0.97117436,2.5728693
GITLED,3.0517569,2.635646
AVEFOZ,1.9567708,2.0373206
IVAKIB,2.5527,2.5601826
TIRJUA,2.934476,2.9882832
KARLAR,2.5709317,2.730049
NUBCAR,2.3984115,2.6071784
VEYYIL,1.8313262,2.4465594
OXELAH,2.0501058,2.2521317
KEMDAL,2.1401756,2.3913357
HUGZOB,2.1227603,2.7358682
ESUXUM,2.8895772,3.087666
ZADBIT,2.5162368,2.5732148
HIHGUE,2.18453,2.5184727
ZENMAK,1.8955451,2.385449
BUFKOF,1.9496958,1.9952564
KINYOZ,2.4030375,2.046318
LAJGOW,3.4670026,2.7576654
FIRWOS,3.7666001,3.2258573
YELWOF,2.9709392,2.80008
KOSSET,2.7592347,2.7021413
ZELYEY,0.95920134,2.4678497
DECCOD,0.19211239,1.5282276
GIYBEY,2.6283479,2.6366816
FEBJIJ,2.4014049,2.518372
RUNFIS,3.869187,3.092491
ZUQRIP,4.0112305,3.1815941
YEMBIB,0.57470447,2.9754727
VIRYII,2.8101199,2.8763132
DARRAT,1.7148615,2.9564376
OLILAZ,2.2014012,2.4218981
NIMZUI,3.1268604,2.5562544
EPUKOS,3.1910794,2.3802621
KALTEA,4.228105,2.8317418
EKODOY,4.0041556,3.39292
CIRPIG,0.80899453,2.33338
OGOPOS,0.8168858,2.3508005
SUKJOA,2.282491,2.3702154
NUKDEF,2.1584072,2.516902
JELGIU,1.770917,2.1088252
CUZROH,2.6901176,2.2189639
UKUCIP,2.206027,2.5760036
DOHPIZ,0.83348477,2.0873866
EDEZAS,1.971737,2.3475509
TOHGOO,2.712159,2.811153
KINYEP,2.4961004,2.2109296
GELKAN,2.1875234,2.3860524
NOVWOM,2.8971963,2.2565098
XOPNUO,2.220177,2.388862
ROYREF,2.8106642,2.1470582
LAGFOP,0.5205538,2.9590364
LUZLUQ,2.7039955,2.8389218
IHOVOR,2.0160916,2.3154154
QOSDIO,1.6427513,2.3800182
NASDOE,4.1048374,2.9894042
WULNOG,1.8288772,2.479733
SUNFUF,3.3777494,2.885332
BALYUL,4.122525,2.95044
CIJHEM,2.566578,2.3784606
DUZGEN,2.1328285,2.4003322
LUPWAX,3.1167922,3.1170552
JUTLAO,2.8675358,3.0050406
QIFCIS,2.2169116,2.5850298
HOBNUK,2.6044018,2.5509794
ENEQIA,2.750799,2.7467518
UTANOV,4.8425384,3.7567203
SAQGUO,3.7981653,3.3016162
AQILUK,4.135042,3.2751167
SERLUA,3.2631896,2.7861917
BATYEA,3.4259136,3.1039867
HIVLAD,3.4289067,3.0200548
TEWMOX,2.6661716,2.6170487
VOTCIT,1.9257498,2.4469235
QAYSUH,4.067558,3.237774
MUBSEK,2.0631673,2.55042
EKIFAI,0.83538955,2.4811134
BEZKIC,3.7859201,2.7147522
LUCVAI,2.1064334,2.5416088
ILEHEO,1.6783983,2.275015
XUMGEU,2.186707,2.2502925
EKARAM,3.1053634,3.082207
GUQGEH,2.203034,2.3525655
XUZDEB,3.640067,3.0630636
BUFKAR,1.520028,1.911377
VAJBOB,2.6781447,2.7859168
HIHHAL,2.2114694,2.2435274
WIMKEJ,2.0615346,2.421493
DAFFAV,2.4049423,2.4508448
NACYUL,4.5111036,2.883378
ZUGPUP,2.7638605,2.8276124
SECNEX,2.3605878,2.6976223
MOBSEF,2.1910608,2.4829857
NINPAF,3.2661827,2.8691995
ETIXEL,3.0903971,2.9605782
EKEBEE,2.8667195,2.703822
LIXPAN,2.310791,2.382234
ILEFIQ,1.9921455,2.243202
SAKYAI,1.3099562,2.3521254
KUHMIM,2.33256,2.2488284
TAZFAB,2.884679,2.729309
VEBYIO,2.4403172,2.7740786
WAGNIC,2.0716028,2.2471118
HITNOR,3.7029254,3.1328816
GITLAZ,3.145364,2.6294823
ZOMQAX,1.7284672,2.583339
MUMBOO,3.0721655,2.3199544
GUWVOM,2.289566,2.3146238
JOMNUW,3.2767951,2.9586835
PUCHIH,1.8177207,2.4731886
LIQYAL,1.7801689,2.6426258
LAJGAI,2.6699812,2.83033
PESWIX,1.4528159,2.595555
GIPJAU,3.9298685,3.3676047
ZURHIG,4.205792,3.2858613
ZORCER,1.7548623,2.2054813
QAPZIT,1.9374506,2.401329
ZEWFEM,1.990785,2.8914225
ECOXAZ,2.8484879,2.9861553
OLILIH,2.2639873,2.5345116
OLIXIT,2.2805862,2.7967649
PURTUU,3.0310764,2.3176503
BITQUU,3.4038723,3.2985551
IFEMEP,2.9516191,2.8829622
TASLOO,3.190807,2.505328
POYLIB,4.337223,3.3814878
WULNUM,1.825612,2.7823272
QAQSIL,2.6234498,2.521984
EZAZIQ,3.0218244,2.7629452
PIMCIX,2.5075293,2.5468144
XIVTUV,2.2901103,2.3638072
VEVXED,2.0016696,2.386408
TIYLAS,1.5728182,2.4427133
IMACEH,3.116248,3.020936
NIMYUH,3.3750281,2.7921655
KUTBUZ,2.8893049,2.302157
TEBNUN,3.2329848,3.08994
YIFREO,1.9796283,2.2201552
EPUKUY,3.204685,2.9153907
PESWAP,2.8171947,2.626125
IGIRAU,2.585898,2.6695335
MECCOQ,2.6626341,2.5542142
DOWQOV,2.5048082,2.5649843
RAQQAF,2.6607294,2.3848968
MIFDOY,1.4234276,2.3034213
EPULOT,2.0773172,2.3153107
CICGII,3.570134,2.5605874
AHEVIV,2.9342039,2.9225056
HUGZIV,2.2264357,2.6856394
MIBPEW,2.4716103,2.9939961
PIFNUN,2.5341964,2.6962478
QOVFOZ,2.6269872,2.582396
NINBUL,2.4223576,2.4140391
CINZOS,2.8895772,2.7244496
EZIGIG,2.308886,2.1314151
HOTLUA,2.9124346,2.4802067
IZIMUC,3.8019748,3.1451173
MOBVOP,2.0996306,2.1188433
GAMTOG,2.4318817,2.4977589
NEQBEU,3.3853686,2.2370696
YIPYEF,3.24523,2.762143
QIZKIU,3.2561145,3.0516765
NABJEJ,2.5409992,2.9078138
ROYROP,2.8215487,2.1686492
BOYMOT,2.8893049,2.654007
MOBRUU,2.1586792,2.4698586
BUFJOE,1.9701043,2.045521
ITOVIZ,2.3004506,2.7657886
OTUCAK,4.5560026,3.1937232
GASNOE,1.3379838,2.7501357
CIJGOV,2.6185517,2.6044176
BASHOW,3.1701264,2.585787
HUKGOM,2.0770452,2.2434032
GUSQUI,2.1926935,2.5895195
TORLOE,2.2014012,2.416411
DASPIA,3.6509516,2.646429
LAWJAW,0.9581129,2.7703352
YABRAY,2.8645427,2.9111948
ZONSON,2.0539155,2.3955805
VEVWEC,1.9665669,2.357027
ZORCOB,1.9578593,2.1926956
WEBCAL,2.7676702,2.6031778
GIKXUW,1.6949972,2.6638246
HUQXOI,2.5853539,2.6507013
EKIFEM,2.0207176,2.7072287
SAKXAH,1.620166,2.5151122
JERXIR,2.292015,2.4320853
ZELYAU,2.3056207,2.5362136
CEZBER,2.6947436,2.778288
NAGHUB,2.9004617,3.0291183
KUHMEI,2.0351396,2.1728375
YIFRIS,2.002758,2.2747183
RIMMAB,2.0963652,2.61171
YIPYOP,3.469724,2.6053002
KINXEO,1.0762104,2.0285964
GAPCIN,2.1045287,2.575992
YIQKAO,2.136366,2.1739383
MOYFEM,2.0612626,2.3253646
YOSWIP,2.0882018,2.245453
HINDUF,3.5015612,3.2488256
KEMCOY,3.886058,3.090975
GAQNAR,2.6759677,2.4084609
ZICVUG,3.0033207,2.6373107
ENUKAC,3.5690453,3.100426
TASXAQ,2.8737946,2.8487902
GARMER,0.855526,2.3261108
XARWUJ,2.490386,2.8148062
KEKXEH,2.61964,3.140431
LOVDOP,3.2577472,2.9847114
JAWRAA,3.7442868,3.3097672
UGUDEG,0.91158146,2.500109
TULMAR,3.3538034,2.9410317
LUXDEQ,3.291217,2.9159794
FIFZAZ,2.3238523,2.1524374
HISYEN,2.303716,2.8769343
UGUDOQ,0.9379765,2.4513326
MOQQIS,2.4150105,2.6849096
GUGVOW,1.9374506,2.720239
QEDNOC,2.2427626,2.4422376
RUDVUI,2.4920187,2.866301
RIWJUE,2.3831732,2.0474808
QILREL,2.4920187,2.7115214
AFOWOH,1.5733624,2.5714495
VIXQUS,1.2416556,2.1836
YOLVAZ,3.1080844,2.507549
MUXFAO,2.0256157,2.418032
FUWFAH,2.530387,3.172616
ZOLCEI,3.1333911,3.0924597
IWOPIW,2.296641,2.6565735
AJOJOB,3.8553092,3.005473
XEFVEJ,3.3448236,3.0768147
IWOQET,2.5605915,2.4960017
NAPLAR,0.51511157,2.4582195
FIXRIO,3.8414314,3.16784
NIBREV,3.0022323,2.6032078
COXLUZ,1.8084687,2.475007
KIBLIU,2.8931146,2.5193515
NAPGAQ,2.449569,2.6980495
NIBCEH,1.2443767,2.6590219
GIRNUU,1.9290152,2.0582938
OTUHOC,3.4000628,2.405082
PUCDID,2.872706,2.4758532
BAFGOF,1.7412566,2.3036828
OCEFOR,0.30095792,2.654247
RIWJOY,2.1148689,2.0803094
UYECUZ,2.1690197,2.67954
ILOROR,2.0354116,2.797619
LATMOM,3.3736677,2.9293556
TUFGAF,2.253647,2.7421958
WUWHAX,2.2340548,2.8761766
QEQKIK,4.110008,3.5525007
CEHWAR,3.0740702,2.6307676
HISNAZ,3.5578887,3.24218
TUFGOT,2.5752857,2.6795893
OQEJEA,1.3292762,2.3529398
QEWXAV,2.205755,2.477384
CUWSEU,1.9445257,2.4918242
BOCBUU,2.409296,2.266749
BUKKUQ,3.3260477,2.6007547
LEPGEU,1.918947,2.3502197
FANZAY,1.4345843,2.517408
DEDHON,1.7061539,2.4923272
REYMAK,3.319517,2.6575766
OSOROG,1.5529538,2.0797138
QEZNOZ,1.8669732,2.5920343
YOTPEF,2.5556934,2.7459266
AWAMIX,2.4316094,2.7601013
DIRNOL,2.0438473,2.4290588
HUJFEX,3.3352997,3.0725427
VIHTAK,1.9586756,2.568692
CEHWIZ,3.374484,3.0491073
RUFJOR,3.066451,2.916003
QEWXOJ,1.8158158,2.2065067
JUHLIK,4.1170826,3.5118566
SIZYIJ,3.4767988,2.9758248
BIKROE,1.0076376,2.4888196
YUWSAL,2.3652136,2.7575326
CADQAD,2.3796358,2.8385994
FIDDOP,1.3317252,2.7829926
OREQEK,2.014459,2.6313076
BIFNEN,2.2928314,2.4513679
UGUDUW,0.9047786,2.4991498
JISWOB,2.3431726,2.9150019
TOWXAG,0.6634136,2.272374
QOJBOG,4.3355904,3.3548064
PEXKIQ,2.2073877,2.4680023
JAMZUT,3.015838,2.5893276
XERWOG,3.2166579,3.0172858
TEWFAC,4.904036,3.6081605
AXUQES,2.690934,2.3151512
KICKIU,3.321966,2.7822695
OGUXOG,4.249058,3.3848054
JAPREB,3.7334023,3.3628957
FEYWEN,2.6082113,2.6886358
ILOSAE,3.1445477,2.799222
UYECOT,1.5752672,2.9345834
BEMLAJ,2.5292983,3.1725357
CAHWOB,2.3815405,2.7584293
QIDCIR,2.0041187,2.6187012
YUQSOV,2.0427587,2.3071299
KELSAZ,2.0226223,2.475583
SUTREE,3.8463295,3.4258528
HUCCAM,2.2158232,2.624948
EJACIB,3.2114878,2.9442859
KELSED,1.837585,2.4732258
REXYUS,2.0525548,2.3554113
PIYWEZ,2.7282135,2.4591107
CUGSEF,0.9006969,1.804402
TIFNEB,2.3448052,2.8527608
DUPRAK,1.397849,2.2915397
DEPBIM,2.5039918,2.6438546
GIRNEE,1.7385355,2.3741992
MEFTUP,0.7347074,2.8380651
JIWLIO,2.2800422,2.1576934
AJIXUP,0.8691317,2.54555
CUGSAB,1.5137694,2.0222087
ZOGXEC,4.108919,3.3970215
CIGVEU,1.5349942,2.6465342
AJOJUH,3.6242845,2.9192
VASRUF,2.3317437,2.7581215
LIMTEK,3.3178842,3.1507144
UGIGUP,2.3638532,2.309462
KICKOA,3.5695896,2.5973442
GIRPIK,2.286845,2.4633992
NUZWUC,2.406575,2.3768864
TAKSAB,1.7883323,2.752268
CAMKOR,1.71595,2.3608074
QINCEZ,0.9246429,1.7316725
EFASAJ,2.7233155,2.631999
SETFIJ,2.478413,2.3211617
IWOQOD,1.9633015,2.4575973
VEMRIR,1.6405745,2.9449022
GASHIV,2.3028996,2.9139402
TUFGEJ,2.2182722,2.6602526
EPENAP,2.081127,2.2408671
FOVSAM,2.7347443,3.2466946
TANMUU,2.16521,2.1311238
XAHGOG,1.7066982,3.0139654
NAKXIG,2.4990938,3.2128923
NOBSIJ,1.6389418,2.9519486
GUZFEP,2.268069,2.415967
ODEDIM,2.597599,2.3250632
EWEXOT,3.4259136,3.2674594
CEHVOE,3.1777456,2.6980186
FAPFAH,1.9322805,2.941963
CEHWEV,3.7197964,3.0429206
FIDDIJ,1.5720018,2.7712164
LINSUY,2.7733846,3.2251952
UKEZOC,2.1747339,2.619845
QELLAY,5.093427,3.3887281
RILSAG,0.7872254,2.6109614
ETOSAK,3.1608746,2.759545
EFARUC,1.859354,2.0221796
QADPOC,2.3143284,2.6583438
SUBMUA,3.204413,2.6897197
OSOREW,2.294464,2.408468
HUDFUH,2.2071157,2.9540515
IWOPUI,2.2601779,2.3909068
FUWDUZ,3.0933905,2.7595658
POXHAL,3.004409,3.0143132
JUHMUX,4.044156,3.5198655
LUXDAM,3.0645463,3.0890837
HAGRAM,4.0131354,3.008317
DIRNIF,2.2724228,2.6525278
MEVYOE,1.3921345,1.9106636
PUQGUG,2.3401792,2.006999
ZUTSEP,2.530931,2.0637608
SIZTIH,2.2068434,2.432914
DEHXUN,1.7151337,2.3072014
IWOQIX,2.8767877,3.0223577
PEXKEM,2.2234423,2.8455849
TEQMOR,3.9034734,3.1806788
IWOQAP,2.4599092,2.6510868
YIVXUX,3.7396607,3.2768846
CESQEZ,3.1791062,2.4946265
XOYDEV,1.9875196,2.617156
HAMFOU,1.8813952,2.1297085
CUMQIN,1.7407124,2.491203
AJOKAO,3.6280942,3.041647
CIXLOO,2.5537887,2.6766362
OSORUM,1.7371749,2.6311612
YOZYIX,2.2092924,2.857678
UKEZUI,2.148339,2.5431383
RUPVUW,2.6944714,1.8857456
UKOHOT,1.8963615,2.609669
REXYOM,2.5616798,2.5244784
LUXCUF,2.9410067,2.8938868
HIHHUF,1.285738,2.6552305
ZOXBUL,1.9867033,2.4418414
AXAGIS,2.3741934,2.481635
QEWZEB,1.9711928,2.4000175
DEPBOS,2.7129753,2.524708
URIDUX,2.6054902,2.630608
IWOPES,2.440045,2.463036
GUNRUF,3.4852343,2.7603405
PEPWUC,3.9516375,2.3951824
SARQIN,3.4147568,3.7762992
JAFVAR,2.6460352,2.7735262
HIHPOH,1.2895476,2.5090575
LUXCOZ,3.4716287,2.9241314
WAVRAM,3.680612,3.0095472
ZUHQOL,2.588075,2.5147858
EHUGUJ,2.8623657,2.3325667
ZITBAF,3.943474,2.5739179
YOZYET,2.126842,2.9021323
SUBMAG,3.1733918,2.7438486
MONKAC,2.3306553,2.0589352
IBOHAK,0.9575687,2.3452978
JUHLEG,4.1184435,3.6029906
XAMJEE,2.8705292,2.2946172
BARSUM,2.3001785,3.157505
AXAGOY,1.8901029,2.271743
QELKUR,4.8218575,3.1806002
RERGAX,3.6544893,2.8724306
GURMIS,1.5747229,2.09974
REXZED,2.394602,2.5259326
HUJFUN,3.7072792,3.1876168
PUQGIU,2.1848023,2.5761275
AWAMOD,2.8637264,2.7547102
FIFZED,1.9113277,1.9880893
XAHGIA,1.8441156,3.1001012
GOWSET,1.6745887,2.3787367
HAGRIU,2.3502474,2.5877366
FACMAB,2.4609978,2.8689044
XAMJAA,2.7649488,2.0301588
FAPDOT,2.3605878,2.8646092
JIWLOU,2.2773209,2.117694
REHXEJ,3.1222343,3.077523
SACRIY,2.8974683,2.7662802
FACMEF,2.4678006,2.8231807
LATNAZ,3.2338011,3.2648993
CESPUO,3.080601,2.6067069
PALBEL,2.8931146,3.4054835
HAGSOB,3.0196476,2.8777635
ESETOO,4.2041593,2.9765027
QOJDAU,3.539385,3.2875276
XEFVIN,3.190807,2.9836285
QODCOB,1.1953962,2.2514718
DIRQAA,2.0212617,2.4636223
TANNAB,2.2180002,2.501234
BUKKOK,3.742654,3.2896705
NEZCOO,1.8988105,2.0406373
PEXKUC,2.1744618,2.610325
TUFFUY,2.4971888,2.6343877
QUGZAT,3.4109473,3.1987164
EZORUJ,2.100719,2.1948252
ROWTEE,3.9924545,2.6493301
KIDDIK,4.215316,3.3296142
OQEJAW,1.3447868,2.3761492
JUHKIJ,4.077082,3.5593715
BOCDOQ,2.3766425,2.1985712
CUMPEI,1.931192,2.4188657
XEFWEK,2.3105187,2.9174845
FOCWUQ,1.5515932,2.2330377
SOZKOK,1.4762177,2.0057647
QUGZIB,4.114906,3.4338818
KAJPAM,2.968218,2.6968071
HEYLAC,2.311335,2.4511182
FUWDAF,3.1747525,2.9274158
WACDEK,1.8585377,2.617553
FIFYEC,2.1779993,2.3312924
OSABOC,2.4963725,2.6915896
QODCUH,1.6645205,2.198505
FALZEZ,3.888235,3.1308255
FOXTEU,1.9535054,2.7335174
HIHPIB,1.2337643,2.5843039
VESWEV,0.32136646,2.773734
KIBLOA,1.7178549,2.855687
RESWEU,1.9442536,2.676487
AJOJIV,3.6114953,3.1281765
TAMNEA,0.504227,1.9480743
QEDNES,3.1995149,3.0067701
MUXSOO,2.9954295,2.8319347
HAGRUG,4.0398026,3.2106864
RUKXED,1.5537702,2.7513077
HISNOQ,4.5919213,3.0636706
ZEVYEE,4.3796725,3.0229928
WOGBIE,3.2248213,3.0326743
TUFGIN,2.4699776,2.7624218
RESGOP,2.442494,2.594977
FOVYUN,2.982912,2.8000476
LAXLAB,3.3848243,2.7477734
MACLIP,2.8452225,2.3987565
BEJHUX,2.8122969,2.1053004
ACABUB,3.1766572,2.922322
WIKTER,4.010414,3.1416688
BEYQUV,3.341014,2.6870732
AHUXEJ,3.1464527,2.7350237
PEWBIE,3.7048302,3.5223262
IKAHAG,2.423174,2.2796137
IZADOF,1.7480595,2.2957482
FABJUR,2.5099783,2.2065628
AYAPAR,2.2242587,2.897225
LIVDUT,2.5826328,2.5281162
PUVMUR,2.3646696,2.5221047
ROCKAW,3.589454,2.424051
JABBUN,3.307816,2.679354
ROMHAC,4.275997,3.091807
VUGXED,2.0520105,2.2609923
PEQPEK,3.7178917,2.8365161
SUCGEF,2.6781447,2.4468677
CUQHUU,3.1793783,2.917606
DABVOR,3.4732614,2.9904597
XEZTUV,2.733928,2.4727008
CUMGUP,2.43297,2.305038
MUJKEK,2.6993694,2.3255339
DACFUM,3.369858,3.0173886
ISUBOQ,3.4025118,2.573143
ACIVAN,2.0773172,2.544004
YOTPUV,2.676784,2.5911067
YUKJUK,2.4250786,2.2364717
CUHFOD,2.6495726,2.13263
ECAMEE,3.9521818,2.8218954
HUMROZ,2.6735187,2.502954
OHAFOV,2.471338,2.1736019
ZACLOI,2.7331116,2.4506495
IDEROZ,2.721955,2.7111335
MEMXOV,4.161165,3.2261415
BEWQIF,3.9540865,3.16313
FEVGOG,3.4664586,2.6397746
TAGSED,2.1148689,2.1422415
CASCAE,2.4373238,2.462902
XAJPIL,3.176113,2.4904969
DUGYIQ,3.264278,2.8023276
DOYZID,2.3306553,2.2331142
RAFJAN,1.6098256,2.1268861
YUFDOV,3.8566697,2.732703
HALRIZ,4.0495987,3.162428
CIJGAG,3.3709466,2.8858488
DUNJAA,1.8008496,2.3936977
NOZRIG,2.7214108,2.5934782
AWAPOF,2.2258914,2.6620564
WOFQAL,3.3791099,2.5188072
VOXBES,2.3981395,2.4851756
YUKTAC,2.6158307,2.5419486
TUBRUG,3.1510785,2.6102092
ZUWJAF,2.9709392,2.6611333
XUKQUP,3.1050913,2.673936
MIRBUO,2.6876686,2.2179034
XABQAW,3.5502696,3.0197947
BARBIJ,2.0016696,1.8399383
IMEXAC,2.772024,2.491296
GECZIB,1.4596188,1.6098403
BERZIK,1.8914634,2.4674478
USANAG,3.3595178,2.642409
UVARIV,3.2517607,2.345533
QIWMIT,3.7695932,2.825411
IPOSEM,2.8384197,2.963799
TILJAD,2.8852234,2.5461328
NEVQUD,2.473787,2.2413902
FOGMAR,2.6261709,2.5849824
FEVZEO,2.2936478,2.6596465
QOXGOC,3.0321648,2.349411
UVOLAV,3.6191144,2.6504068
MUHGEE,3.0131168,2.6041722
OLOSIU,2.323036,2.388714
BOWDEZ,1.9230287,1.9663558
PAWHEE,3.9181676,2.5312567
XUJKEV,2.9864497,2.7056544
IXUPAV,3.4218318,2.4991188
FULNEI,4.325794,3.001237
VEBXUZ,2.8242698,2.4851673
VELDOJ,2.9320269,2.572721
YEHTOY,2.8182833,2.408066
DUPPUC,3.892861,2.8773036
ONAGIW,2.5695713,2.3805783
PIVSUM,2.1306515,2.2133899
IHUKAA,3.2876797,2.8221354
VARFUT,2.409024,2.4686022
ANECUS,3.6444209,3.0636349
IPOSOW,2.6901176,3.0116365
AHICEC,3.6027875,2.7490711
QISFAD,3.384008,2.7944975
CIGKIP,2.9962456,2.6966615
HALVUP,3.5954404,2.9006236
DUNHEC,1.799761,2.3294916
EGASOY,3.2250936,3.1803803
VUVWIV,3.410403,2.7886796
LETWEP,3.3821032,2.6310153
WIHJUT,2.6316133,2.4736717
UGAXAD,2.8073988,2.6324806
POHKEG,2.4223576,2.5050778
JUSBUX,2.722227,2.4585066
KOJQUX,3.855037,3.1721895
CUQKAD,3.3761168,2.7876692
QIGZEO,3.5742157,2.8634367
GEDGIJ,1.8122783,1.8938756
JOKHID,3.7453752,2.6650932
ARUTEP,3.104819,2.4147587
IGIPAS,2.6988254,2.5481503
SEDWAD,1.7575834,1.6035931
FELVUR,1.8536396,2.0129972
YUKQIH,2.6294363,2.5104177
XUTXAO,3.632448,2.4682794
HUYFIT,3.0555665,2.4868445
SICSUW,2.6773283,2.4895747
NUMXAX,2.3891597,2.507646
AJIVIB,3.1197855,2.691362
ZUTTEQ,3.8936772,2.755753
YUFDAH,3.797349,2.8880048
CUGJEW,3.529317,2.5456102
IZEHED,2.0231667,2.8686435
VIVCAI,2.9709392,2.6685202
VUGXON,2.71488,2.4231102
ZANSUG,2.5853539,2.3557503
TIYSED,3.7031975,2.7551012
TEWMOY,2.9331152,2.59528
ELEHOV,3.5067313,3.0206969
LEWKAD,2.5894356,2.2925272
ENUZIZ,2.8931146,2.5059946
UJUZOR,1.5594846,2.1141143
GACLAB,3.2057734,2.5162845
UQOSAX,1.6715955,2.3679461
AQULEG,3.3829195,2.5778918
ZEDLUT,2.6762397,2.3219724
PODPAD,2.863454,2.6664233
MEYBIF,3.1303978,2.4592004
EXUKAM,3.5399292,2.6227117
LIQXUI,2.5967827,2.3975148
ONAGUI,2.4180038,2.4710977
ELEHAH,3.7611578,2.8537772
QAPGAS,2.77665,2.402173
ESIGIZ,2.3717444,3.0835927
BIDHOP,2.573925,2.8698823
DABBUH,4.354366,2.9245892
EQISEF,2.4245346,2.3740413
SIDQIF,3.4204712,2.5719688
VURTOU,2.5510674,2.3359675
MIYBIJ,2.7592347,2.3669217
ACOWAU,2.2498374,2.0837889
RENTOU,3.4640095,2.8615916
VELCIC,3.4977515,2.8232493
DABCAO,3.5597935,2.8370852
JATGUK,2.1358218,2.4837375
HUYFOZ,2.3771868,2.5913095
LUBJEA,3.064002,2.6625304
EWIWOZ,3.3576128,2.6367168
OFAGOV,2.917605,2.6554012
GURFUX,3.8449688,2.714497
NOWSOK,1.6762214,2.0544422
BIBLAB,2.9020944,2.4472475
MEJDOV,3.5037382,2.6716216
QATHUS,2.2952805,2.2902112
WIZSOR,2.3820848,2.24238
RAFJER,1.6272409,2.2102604
YAPZEY,1.8680617,1.6173795
ACIVIV,2.0805826,2.7017496
AGULOG,3.4566624,2.8978512
YOZTAL,2.9641364,2.6057017
ROGCAV,2.8803253,2.4604845
WIRNUI,2.9981506,2.3474753
POQLAL,4.0730004,3.1995146
QIPZIC,2.305893,2.1813374
HOTXAS,3.1369286,2.4017847
HEDFAZ,3.792723,3.1005807
RUDXEW,3.1513507,2.5751462
FURYID,3.090125,2.3682418
KIHLUK,2.936925,2.5819378
RUHKOX,2.3306553,2.3737013
DOTVUE,3.7097282,3.2153916
GAJPOA,3.510813,2.5892699
FOBCUY,2.3959625,2.303697
JABDEZ,3.2580192,2.6733382
BESCOV,3.3021016,2.7052083
AXUYIE,3.4501317,2.5830717
TICDES,3.4836016,3.0989914
JOSZIA,3.4789758,3.0813653
WIYYUC,2.6947436,2.5600064
SARFAV,3.2966595,2.6508892
ADESEK,3.6661901,2.772092
AXALIW,3.5230582,2.7388093
VURSAF,2.7342,1.9556296
BISDEQ,2.8895772,2.6481771
TERKEH,2.5820885,2.4177742
QEGZEJ,1.8177207,1.8853006
WIJWUL,2.812841,2.165063
CUTKOU,2.5132437,2.318245
BUSYUM,4.4602184,2.8491611
TIMTAO,2.903455,2.7863538
HUGRUZ,2.339635,2.52877
OSIPOW,2.4269836,2.9005504
CAZFOB,2.4199085,2.5431962
YOBFUU,3.1004653,2.6001515
HUPFEF,2.45229,2.2721477
UJOGUY,3.565508,2.411041
BESCIP,3.2898567,2.6646085
BEKRAO,3.5246909,3.0523956
HOPNUY,2.5529723,2.3997638
ECAMUU,3.73313,2.846155
IZIRIV,3.9619777,2.7098522
JUMJEJ,4.523621,3.3506808
QOKFAY,3.4324443,2.6167235
ACIVOB,1.8209859,2.3554666
BUZYED,1.5477836,2.3270354
UWEKUF,3.3543475,2.3148246
QAQNOP,3.7981653,2.8957553
MOYQIA,3.2294474,2.5839334
UMUHER,1.9091508,1.4867353
FOZLUE,3.1483574,2.209181
JIFFEN,3.104275,2.636689
MORKEK,3.2139368,2.631947
TUHZAA,3.3638716,3.0964682
HOBHEP,2.007656,2.537601
KAXSEL,2.5254889,2.4667296
CIVVIQ,2.4128337,2.4076385
YUFDEL,4.0115027,2.8826997
HIMHIX,2.9497142,2.6364684
KUMRIU,3.4498596,2.7558858
IVACUE,2.8030448,2.4666212
UGAXUY,2.2767768,2.1960926
KISYUK,3.233529,2.738625
YOXNEH,2.035956,2.400905
JEKJUE,2.4699776,2.7207932
YUZWOI,2.9001896,2.657882
OBEYIH,3.410675,2.8755243
DUPPOW,3.758981,2.9497597
ECEJOP,3.6544893,2.974759
RUPPAW,3.066451,2.5790598
IZEJAB,1.9398997,3.0972621
YAHCUJ,2.750527,2.334429
CUMGOJ,2.4555554,2.3678315
JOGXEM,3.2806048,2.5793378
QORBUW,3.1660447,2.3218908
NUXBIU,2.3831732,2.3174386
HOTWIZ,2.3151448,2.2622318
NAJGEO,2.7927046,2.3656716
APUSOW,1.8852048,2.3545523
WIKVIX,3.0479474,3.453992
IHAJAD,3.355436,2.8194711
FOKHUJ,3.4816968,2.9896674
LIRWAO,2.5750134,2.3667283
IKUPEM,3.5660522,2.543227
EGUKEA,3.702109,2.7627444
FUSTEV,3.4299953,2.6050029
IPOZUL,2.6041296,2.5207677
LOFQEG,2.99679,2.594061
WICDEV,3.5276842,2.601832
UVASAO,3.5042822,2.5510523
RUQMEY,3.8305469,3.1038783
TANZEP,3.348361,2.5703743
VEXTOL,3.4289067,2.7073371
EWIWUF,3.415029,2.5765982
KENXEJ,2.3785472,2.5423157
QACVEZ,4.284433,2.8295329
YEHTIS,2.5603194,2.4743752
FIHSEY,3.4999285,2.7098956
KISZAR,3.9935431,2.813787
FILMEW,1.7086029,2.079574
MOWNIY,3.185365,2.7223027
VELCAU,3.190535,2.7775478
CUTKIO,2.3717444,2.498303
ADESAG,3.3094487,2.7084622
PABJEL,3.553535,2.3420396
MEFKIV,2.2419462,2.0933197
UVOKEY,3.5529907,2.6857467
JEXHUT,2.578551,1.9069355
RESTUI,3.702109,2.9855688
POHKAC,2.6269872,2.0786257
GAQKAN,3.185909,1.9652952
YUQRUA,2.9325712,2.603914
UCISAD,2.822365,2.7232075
EJUXIT,4.3532777,2.702434
UVOLEZ,3.596529,2.5707042
RAZYEA,2.8269908,2.2744153
SAZKAJ,3.3249593,2.5245032
NESCEX,3.4098587,2.7880995
FABKEC,2.514332,2.2875786
BOYTIV,2.4386845,2.3561268
JIFXUS,3.5848281,2.741503
NIWGEJ,2.8803253,2.1073465
LAXKUU,3.6025155,2.744132
GOCYEG,1.5649269,2.5603404
KEKLEV,2.6278036,2.44216
WAVMUF,2.8373313,2.155149
RURVOQ,2.5657616,2.7374628
LAMBOU,3.295571,2.5350761
FONKUO,3.804696,3.2524114
JOXSAT,2.8359706,2.632757
BUQQOW,3.180739,2.3979259
MIJBOA,3.553807,2.9258904
HUJLIK,3.0514848,2.6782486
CUQFAY,2.561952,2.2660475
QUMCAF,2.7929766,2.3690474
EYITAK,2.6346064,2.4615061
VEGYOZ,2.2139184,2.3123746
BESCEL,3.0101235,2.7670436
MUHJOR,2.7584183,2.5903354
RAXBEA,3.7769403,2.83587
NEHXAD,2.4419498,2.3105226
ACUHAL,2.89638,2.2573712
PAHQUO,2.6805937,2.3682675
EHOKUI,3.5554397,2.7411315
NAJZAD,3.1059077,2.8165784
SAJJAS,3.921705,2.9819846
IZEHAZ,2.3809962,3.081764
JAMTIE,3.4691796,2.8695545
YOZSUE,3.0125725,2.707418
TIYRIG,3.742382,2.9631052
KEVRUC,2.3728328,2.3960378
YUSQEL,2.8920262,2.2303982
NOWROJ,1.5186675,2.1495795
PUNYOP,3.0416887,2.5282276
MOWYEF,3.7766683,2.6656208
DIPLOH,1.8775856,2.1772058
YEHNIM,2.2103808,2.245235
CAMQIU,2.3184102,2.6962078
CASCIM,2.466168,2.4958189
FIRSAE,2.7589624,2.3799603
DAWHAL,2.2038503,2.8938828
AWUJUA,2.411201,2.2870762
OGOQEJ,3.1679497,2.563437
MECCAB,3.087948,2.7606032
KALXUU,1.9962273,2.3948247
HALWAW,4.1110964,3.304103
COFJEQ,2.2637153,2.4168265
ZEFSIQ,3.8563976,2.6268752
PUNYEF,3.0765193,2.8415458
WIYFET,1.6773099,2.160249
UGAXOS,2.5317473,2.0620303
KURREX,2.7396424,2.463067
UKIYEV,3.3301294,2.5069447
WIBDUK,3.6610198,2.6379924
QEWQIS,3.751634,2.9601097
ECACOC,3.673265,2.9431932
CUMNOQ,2.0555482,2.2632551
BAHWEQ,2.2618105,2.255277
NICBEK,3.5880933,3.2586772
PODNIJ,2.8588283,2.680485
EYEZAM,3.2250936,2.5633166
MUHJIL,2.6634505,2.5356123
VEGZEQ,2.9045434,2.658015
ESIGOF,2.5600471,3.124383
EYEYUF,3.293122,2.6324644
UVASIW,2.5703876,2.1964636
SAPPOP,3.102098,2.2028286
GOCYIK,2.1695638,2.5076506
ENOJID,2.9431834,2.4314172
YUKSIJ,2.6435862,2.4725776
TICBUE,2.3736491,2.3251886
FISDOE,2.9529796,2.452888
SAHJOE,3.182916,2.8317418
QUDYOE,2.7026348,2.0163927
DUSGUW,4.484709,3.1209373
ICAQOW,2.5777347,2.2149994
IPIWOW,1.9924177,2.0921748
MIQNOT,1.0688633,1.8591642
FORVAM,3.1986985,1.602265
MIQPAH,1.0454614,1.8555912
YEHTUE,2.8694408,2.5864189
LUBJOK,2.9018223,2.6135411
OXALAD,2.9641364,2.4814935
TILJOR,2.8084872,2.5739503
HAGQIT,2.9782863,2.4105756
GORPAG,3.056655,2.6201007
EPUBID,3.336388,2.9321988
RECQUL,3.7815664,3.234882
NIVSIY,3.2988365,2.6967602
MEMPIH,3.03026,2.3061903
WAKLIH,3.2626452,2.625889
COGMET,3.028083,2.8341281
DOYLEL,2.5864422,2.4216626
PAHQOI,2.8256304,2.4276786
MUVGOC,2.70073,2.460833
FORVIU,3.5592494,2.0319214
ZUTTAM,2.0794942,2.2243574
QOXGES,2.7543366,1.9339737
TAFHOZ,3.252577,2.9824584
IBOMIW,3.331218,2.9736297
EHASIR,3.8264651,2.9511044
WOZFUP,2.6473958,2.240151
NEKFES,4.0814357,2.7212098
ZEGSUD,3.4732614,3.0667531
EJUMEE,2.7039955,1.9209366
TIQVUM,3.5521743,2.062484
USALUY,3.376933,2.411272
XUKYOU,2.7546086,2.3582075
ZUZLUB,3.7094562,3.0201476
IRUMIS,3.0631857,2.4595718
BEKTAQ,3.5410178,2.9895158
ZUZLOY,4.000618,2.7987697
ECEJIJ,2.5254889,2.5244138
JILYOW,2.576374,2.2935581
QODSUB,3.7451031,3.0306613
OGIWEG,3.0008717,3.0073445
ZOLXIJ,3.5445552,2.627955
RAZYOK,3.9211607,2.6675498
AJIBEA,2.9497142,3.010991
CESPEV,3.7086399,2.4852245
BEKTAO,3.4063213,3.1671023
WOZFAV,2.2786815,2.2021747
OMEZAI,1.7812574,2.5680964
CUPBUN,3.2327127,2.746377
AJIVOH,3.7905462,3.0610034
KASDOB,3.7464638,2.5093248
VOZXAM,2.9211423,2.3358881
CUMYUH,3.348361,2.5777006
HEJSAS,2.8253582,2.6310914
OLANOH,3.3867292,2.603042
QIRMEN,3.943746,2.7814467
TUSZOZ,2.084392,2.3405871
QIHCAN,3.429723,2.493241
HELBAF,4.4079723,3.2519896
KIPBAQ,3.5048265,2.5418704
JAVYOY,2.722227,2.6932201
CTPIRB,3.0882201,2.8941183
NOTJEO,3.3780215,2.593407
LOFFAR,3.0680838,2.5481176
CEPZAC,3.6289105,2.8892758
DAWHEP,2.2133741,2.592333
TUCFIJ,2.2482047,1.8156856
BUQKAA,3.3905387,2.5758786
FEVHEX,3.6879592,2.4711075
LOZDIQ,3.2278147,2.6134362
ATIGOC,3.0264504,2.6895118
FOZMAL,3.0152936,2.1510985
NAJNIZ,3.1818273,2.3314834
UFEZUB,2.8046775,3.0251944
DUSHAD,3.6174817,2.7536664
WILKAH,3.3608782,2.8753161
RAZYIE,2.8316169,2.6681666
DUGYUC,3.264278,2.8129077
OYOPOK,2.5804558,2.4174285
MACKEK,2.3864386,2.8588486
HALWOK,4.285249,3.0570798
EWAXEI,2.655015,2.5509396
GIZGIH,3.8555813,2.9981205
FISPIK,2.530931,2.142191
NUMXEB,2.796242,2.3125901
JUKMIO,3.3728514,3.0030103
ODOVIQ,1.7831621,2.3774428
LELTAB,1.5918661,1.8394498
VEHGAU,2.965769,2.5676389
KUWTEE,2.6727023,2.3105264
USIYIH,2.5584145,2.4827077
OGOQOT,3.3965251,2.3937135
XAHNIH,2.9222307,2.9251208
PUJQAP,3.5377524,3.045158
QASGAW,2.6912062,2.4324918
KALXAA,1.8846606,2.415893
ULAMEB,3.0531175,2.0181928
FEDVUJ,1.6645205,2.2354722
VEJTIQ,3.6471422,2.5038304
USAMOT,3.5736713,2.692655
VIJHAX,3.3538034,2.7831633
DUGYOW,3.2041407,2.717574
FEVHAT,4.182118,2.513408
AJEKAE,2.6079392,2.6919684
NOWRUP,2.0111935,2.1958585
RAFJIV,2.7848132,2.169797
JIPKIC,3.3660486,2.8588893
OMAVON,2.700458,2.4631505
KUNYEA,2.8112082,2.6200864
AVETED,2.8378754,1.9251637
LIYNEO,2.9554286,2.5841634
HEVYUG,2.9216866,2.6091661
IZADEV,2.1148689,2.2741854
OQEYAN,1.6786704,1.9243414
RODZIW,3.1584256,2.300817
CUPCEY,3.9257867,2.7736022
JIZDIJ,3.1372008,2.4654064
ROWQAY,2.8835907,2.4709468
QOTQUO,3.1698544,2.5325396
ACAPON,2.9902592,2.4903893
MOZDAJ,3.1967936,2.6324236
UVOKAU,3.5859165,2.6660032
SICSOQ,2.6860359,2.43423
OLAZIM,3.494214,2.764528
OYUVUA,3.0699885,2.4858804
FUJLAX,0.15047896,2.7010036
CUGJAS,3.2770672,2.4620721
ESIGUL,2.0013974,2.7451289
GUCPIG,3.1943445,2.8243365
XUCNER,3.9589846,3.1770024
OLANAT,3.4612882,2.663125
SEWNER,2.0677931,1.6219627
YAGZOZ,2.7224991,2.5601997
EDECAV,3.2210119,2.4094446
TUQBIT,3.5421062,2.9959881
KAHQES,3.2819653,3.1211276
YUZVOH,2.872706,2.9191387
GIBZAW,3.4980237,3.0598307
YOQGER,4.323073,3.3247318
CUJJUP,3.202508,2.5728467
OXAKOQ,2.8754272,2.6077073
IPOZOF,2.2928314,2.5696468
CELQOD,3.1127105,2.732896
YUSPUA,1.7796247,1.9744483
TECVAB,2.2675247,2.3963578
ELEDIL,3.1894467,2.709509
QEDSAX,2.6087556,2.5042028
XUTJOO,3.3856406,2.8607156
HINCEQ,3.8098662,2.610556
YOZFAX,2.920326,2.5900445
ZAFGEW,2.7464452,2.3463216
XEZRED,2.4362354,2.641384
ZUZLIS,3.978577,2.6273189
YOQFOA,3.9113646,2.9526024
XEFXEL,3.202508,2.5223286
DOJZOV,2.4746034,2.7846537
HAJXAV,3.6487749,2.6372657
LUHCEZ,2.6231775,2.3286781
LIRPAH,3.6362576,2.8947551
FAFKAB,3.4071376,2.759173
FIDLUD,3.233529,2.5980494
GOSZEW,2.5377338,2.6876063
VEGNAA,4.096674,3.0620604
ZUZLEO,3.883881,2.5431304
QODWUF,2.5448089,2.2561266
TUSZIT,2.10344,2.675797
IZAQIM,3.1954331,2.6064243
APOFET,3.1303978,2.021006
YEHTEO,2.7110703,2.5178642
FUHXAK,2.7676702,2.429
QUQYAF,2.585898,2.4141703
URAWOC,3.2376108,2.4997108
JOCFAK,2.6776004,2.656343
IBIPAO,3.3872733,2.9936314
WAGCAM,3.2969315,2.5728643
NUDQIN,3.4087703,2.7265587
KORBAX,2.772296,2.3630593
VELCOI,3.505643,2.767436
BUSYAS,3.742654,2.8056865
RECLAN,2.117318,2.4637177
RUDLUA,3.1323028,2.58652
RUKMOC,2.3486147,2.114081
PIKJAY,3.86184,2.7792287
WOTQUU,2.8444061,2.3372693
NOTJOY,3.6144884,2.3392744
SACFIO,3.274346,2.7086892
SAPQEG,3.1529834,2.20188
BUFMEX,3.5962567,2.0715466
XUCNIV,3.8604794,3.136471
AMOXOS,3.164412,2.9345746
OLOSOA,2.2593615,2.491622
ULUTUS,3.6416998,3.0764904
EGIGUA,2.552156,2.2931116
AZIZOB,3.3772051,3.229101
VOXWEN,3.978577,2.8944712
JEBSAO,2.6569197,2.708626
WIXJUM,2.6729746,2.7073941
QIVBOQ,2.7671258,2.5843515
KUGXES,3.4416962,2.6933508
AJEJUX,2.5790951,2.4878669
ZAKGAX,3.0479474,2.4030244
PUDDIE,2.8852234,2.6181464
AJAKEE,3.5382965,2.652739
BOHBAD,3.025634,2.46286
ULUTEC,3.6210191,2.910558
OXIVEX,2.7459009,2.8085375
CIXSAH,2.6819541,2.2322397
OMEYUB,2.414194,2.3602962
MEMQAA,2.1431687,2.1049156
XUKPOL,2.612293,2.4149315
DUNKAB,2.1695638,2.4687939
GUSMAI,3.7461915,2.9797726
QUCWIX,2.0318742,3.102072
BOXZEW,1.7785362,2.8643553
UKEMOP,3.5543513,2.8366506
XUKXIN,2.2623546,2.0619125
WEHNUU,2.0465684,2.9905999
BUJHAS,2.8052218,2.7021227
GAJPIU,3.8634727,2.852094
VOZXEP,3.037063,2.3928053
NOWSAW,2.2672527,2.5498571
RAYNUD,3.2419646,1.480946
CIKCUY,4.2188535,3.2135382
HOTREQ,2.4209971,2.4079895
IZIRER,3.4585671,2.6518726
IHUKEE,3.0438657,2.7435381
GULBEX,2.8286235,2.6469636
OBOFAO,2.9736602,2.6674309
FISPEG,2.6057622,2.2700596
MACHOR,2.8786926,2.2457736
MUJPOX,1.3700933,2.7411509
PAWHII,3.4680912,2.1979716
XAMPOT,3.6427882,2.7566078
ZUPDIA,3.9559913,2.8246768
YOZLIL,3.2318964,2.4485512
QACVID,4.3083787,2.9263155
WEJPEK,2.2574565,2.0681305
WIRPAQ,2.614742,2.4165738
QOXGIW,3.099377,2.3655944
COVSUC,2.559775,1.9977688
RINWER,2.953796,2.0732918
LUBJIE,2.2046666,2.5127795
XOSZAJ,1.6930925,2.283884
AHUXIM,2.9502585,2.5851657
TIHYUI,2.72903,2.3104367
EYOWAT,2.6044018,2.4877453
QACVOJ,4.3151817,2.8755589
XUTJII,3.302374,2.788438
OMATAX,3.5072756,3.139484
FORVOA,3.3796542,1.9497225
ZEGTUE,3.7342186,2.8157775
IRAYUX,2.8210044,2.3503296
LOFPUV,3.0267224,2.49904
NASVUC,2.9576056,2.510375
IMEXEG,2.6435862,2.4366336
WABMIW,2.2835796,2.3063896
TEXVAX,3.374756,3.0978196
GUTMEQ,3.2825096,2.6972954
REBKIV,3.4955747,2.9534566
HALREV,3.7222455,3.1952906
JOCFUE,2.3192265,2.7826383
ETIWOW,2.7263088,2.3066149
BANQEQ,3.3521707,3.1137974
NEVPEN,2.569299,2.2677703
HIMXIO,2.4754198,2.5737708
NOTJIS,3.362239,2.4994102
CURNUB,3.2846863,2.6867182
MUKMIR,2.126842,2.2964156
RELCEU,3.4411519,3.1195946
TEMTAG,1.601118,2.9884005
WOBQUB,3.1040027,2.4788752
BIWBIW,2.693383,2.5977888
UVOKOI,3.577481,2.5699313
ADOMUE,3.1889024,2.467215
TAFHAL,3.2498558,2.8610816
ADIKOR,2.8158343,2.6289692
ELEGUA,3.759525,2.9395306
VELHAZ,3.5173438,2.6806746
HITXEQ,3.0199196,2.6357877
GUVPUJ,2.8071265,2.5402856
DEHSIW,2.9878101,2.5930152
YUKSEF,2.6759677,2.4846745
REPZOF,4.7622647,2.6943014
XULYAH,2.9072645,2.535136
BIQGIT,3.059104,2.5555775
ROGBIC,2.8890328,2.37668
UVIHEP,2.5750134,2.2243993
POZSIJ,1.4906397,2.2817066
VELCUO,3.4419682,2.8916943
QODWOZ,2.8245418,2.325401
EWUVEA,2.5600471,2.2294683
SUCGUV,0.78096676,2.4972916
EGIGIO,2.0117378,2.3602917
ROGCEZ,2.8969243,2.3687892
SUZVIU,3.740205,2.6048625
EYIGIF,2.617191,2.5112126
LOVYAZ,2.6403208,2.441763
GOHFOB,2.6427698,2.0459523
HALVID,3.819118,2.91523
ETIWEM,2.31324,2.3306222
ZOHXIH,2.9165163,2.4158509
UXUYUK,3.450676,2.7301588
KAKHIR,2.5540607,2.6755042
WIQQEW,2.1535091,2.392606
KUFREL,3.491765,2.7340512
LUSJOA,3.0961115,2.8255336
IPISUW,3.6202028,2.7651498
CIFBEC,2.8520255,2.6165373
EGASIS,2.7918882,2.8863864
GAFXUK,3.4144847,2.500547
AXAKUH,3.873813,2.9466279
LETTAI,3.4999285,2.561668
ZUMZEO,3.4256413,2.7756634
OXUCUI,2.9135232,2.4415863
DUPQEN,3.1469967,2.5340526
UYAPIW,2.3162332,1.7546592
JELFIT,2.7246761,2.2776039
MIRCEZ,2.612021,2.2783709
YIRWIJ,2.4027655,2.2354372
RUDMEL,3.0727098,2.6417625
UKABAM,2.4384124,1.9558609
ACOJUB,2.1423523,2.183775
DEYQUT,3.042505,2.5290203
FUSTOF,3.6471422,2.970662
QUVNAY,1.5782604,2.1413834
DUNJEE,1.7943188,2.2916844
NECQOF,3.4313557,2.7099338
ACIPOV,2.0087445,2.623345
CAZNIA,0.219868,1.1867821
SILRUD,3.0288994,2.4164295
URAKAC,3.1959772,3.212871
MEFZAB,2.0294251,2.614764
OYIBAC,2.409024,2.4319115
XOKRUN,2.693383,2.5310242
BEKQUH,3.4719007,3.3634224
LIRVOB,1.8620752,2.2604613
CUPCAU,3.8017027,2.712185
GULBIB,2.731207,2.6546452
UVOKUO,3.3567965,2.7449903
DALFIJ,2.6555593,2.4570017
PIXRIA,2.6090276,2.9965835
ILUFON,3.8697312,2.5482123
POYSAA,0.28980127,2.1179237
PACBOO,3.2155695,2.367189
NAJGAK,3.183188,2.4970078
VAZWAY,2.822637,2.6366615
ENIDOX,2.7211387,2.6515338
SOTTAZ,2.1997685,2.5189655
BUSYOG,3.9388483,2.7180026
SICSIK,2.9497142,2.4854069
VOXBAO,2.411201,2.5452864
WICDAR,3.804968,2.6994715
YUKQON,2.6395044,2.5265834
SARWAN,2.6667159,2.6870093
LIYNIS,2.7788267,2.669197
PAHRAV,2.533108,2.3396764
KORYEY,3.615849,2.7303193
VAJZAL,2.9143395,2.6054738
NOBHEV,2.7279415,2.6136231
OPAVUZ,2.8019564,2.303965
YUKROO,2.6433141,2.7232559
XEZRON,3.5061872,2.6304595
VIVCIP,3.367409,2.6610782
ACUGUE,2.4022212,2.4168282
PAHREZ,2.3208592,2.2893064
UJUZUX,1.9358181,2.1758368
IZADAR,1.8767693,2.3549306
RIRFOR,3.4185665,2.8474524
BIVMUS,2.7380097,2.5691524
FOZLOY,2.6139257,1.6153904
UQODUC,2.4512017,2.4371967
GATVEF,3.0939345,2.6907642
POHKOQ,1.8637079,2.3511488
HIKZEK,2.5921566,2.5565124
LAHBUV,3.345368,3.0444105
XEKKOR,2.6593688,2.790039
GIQGIW,3.6218355,2.8325818
QOJXIX,3.5619705,2.8475473
FETNIF,2.2860286,1.9308417
LUHMOT,4.0166726,2.9693496
ROBDOF,2.2087483,2.4628391
MEFKOB,2.1918771,2.0789096
ZEGTEO,3.4947584,2.8078942
WOZFEZ,2.6844032,2.1370835
XEBKUO,2.014731,2.3358073
RUPWIJ,3.1965215,2.4915054
JAKPAQ,2.801412,2.6379306
POYVEH,2.798147,2.59768
XEXWAC,3.063458,2.8463476
OSAYAL,2.5807278,1.9797006
DACGIB,3.391083,3.0558493
FOVRUF,4.1285114,3.0255642
VICMED,3.6953063,2.9733524
BADSAE,3.276523,2.4583488
UJOHAF,3.587277,2.714421
XIQSIB,3.0101235,2.9228215
UGAXEI,2.1521485,2.3233051
MUBCIY,2.6324296,2.5417
ZUQLUU,2.5448089,2.1469615
UGAYAF,2.6030412,2.1648078
DAQZUS,3.5031939,3.077415
KAVPAC,2.7872622,2.7734938
UMESOV,2.1777272,2.3084254
NIMJAW,2.4365075,2.325192
DINMUM,2.253647,2.5278323
VOZYUG,2.98264,2.7310781
ECEFEB,3.4158454,2.7022333
MOWGAI,3.9769442,2.6214035
XAYNUK,2.0933719,2.472042
UTEKUB,3.082506,2.6731138
CIXRUA,2.6890292,2.3673496
NOWSUQ,2.25147,2.3546047
XUTWIV,3.374484,2.2076907
BUJREG,2.4046702,2.4512503
ZACLIC,2.7423635,2.4436667
KEVROW,2.509434,2.2943327
BESCAH,3.0199196,2.6809235
WIQQAS,2.2362318,2.3634017
OCITIE,3.2855027,2.8647904
SENYOC,3.1412823,2.4469109
FOZLIS,3.018559,2.1438985
UMIWAR,2.9342039,2.2353358
UVOGEU,3.176113,2.3672972
YIGYES,3.2193792,2.959325
GULCOI,2.3423562,2.3040628
QUMBUY,2.473515,2.4128318
WACJET,2.8539302,2.0735116
ITECIW,2.5420878,2.736082
ROGBOI,2.891754,2.3717637
NEZMIR,3.821839,2.93587
VICSUZ,2.3309274,2.9048734
DUSGOQ,3.166861,2.8074603
KOBCIR,2.8400524,2.5728273
NEDQEW,2.2503817,2.472458
ELILUJ,3.027811,2.8149395
FUHQEH,3.5924473,2.739229
YUKSUV,2.6781447,2.6943502
IWEPIM,2.8313448,2.4234097
YOZFEB,2.7859018,2.565245
NOTJUE,3.372579,2.7929876
GETMEB,2.5137877,2.9862373
ACITEP,1.8824837,2.4357553
YACXAB,3.80007,2.8517466
LEVVUH,3.5791137,2.687481
TEXMAO,2.535829,2.1641464
EGUKAW,3.5652359,2.7762578
VURRUY,3.0367906,2.5022023
OSASOT,3.3184285,2.9413266
CIYGUP,3.7429261,3.1374886
ACITOZ,2.1785436,2.572627
GUBXOT,2.7480779,2.2676826
OSECEV,2.8063102,2.5145686
SIKXES,2.8234534,2.4410663
IWEPOS,2.8142016,2.4826748
ZEWKIV,0.20272483,1.6879966
PUDDAW,3.164412,2.5840611
OLANEX,3.3641436,2.598951
GULBOH,2.7682142,2.5709567
LIFFAL,2.5589588,2.104826
TILJEH,2.8737946,2.5120418
UGAXIM,2.1096988,2.3331995
SUCFUU,2.6022248,2.3517845
EGASEO,2.6593688,2.7098594
XENGOQ,2.1594956,2.2034647
QICBIQ,2.6683486,2.8978615
YUKSAB,2.6819541,2.6774933
MIBZOQ,1.8993548,1.9346263
UQARIQ,1.379073,2.493542
FIHSIC,3.5529907,2.734834
XAHNED,3.1516228,3.1117988
XIVHUJ,3.9282358,3.6257703
ZEGSOX,3.4800642,3.0454307
CIVVUC,1.9254777,2.1004844
YUZWAU,2.70073,2.7345228
YERPAN,2.5897076,2.4774933
CIJWIF,3.328769,2.3386283
DAKGOM,3.1989706,2.66137
AREBOR,2.8718896,2.5885608
NUGSUF,2.8408687,2.4715996
NIVSEU,2.8789647,2.5134864
PUFWIZ,3.0506685,2.771164
RUKYEB,3.7252388,3.052617
IRENAX,3.9249704,3.1766334
CIKMAO,2.7701192,2.5442395
RADSIC,2.99679,2.4646935
MACHEH,3.0903971,2.3854377
UYADOQ,2.8759713,2.7380955
UCUSIU,3.6479585,2.9766157
AGOLOB,3.4547577,2.7915437
LADHOR,2.3575945,2.0781991
AXOBIB,3.3255036,2.6283765
JEQLEA,2.9080808,2.584257
WOZGAW,2.5654895,2.2407768
ARUSUE,2.961143,2.5000117
NAPDUE,4.52226,2.9328625
LUZDIU,3.061553,2.3721812
VELDAV,3.5042822,2.8169036
UWOWIP,3.1154315,2.4481752
GOBXUU,3.3518987,2.742857
CUTLAH,2.6610014,2.4074097
JOKHUP,3.7456474,2.7242355
APUTAJ,2.9899871,2.917905
BANPOZ,2.9518912,2.580354
ZUMZAK,3.3761168,2.807596
ADENUW,2.7663095,2.6084688
GETRUW,3.2112157,3.1182704
MUHFUT,2.7178733,2.531056
UNONIX,4.407156,2.9727151
VEHGIC,3.1113498,2.5595798
UXUYOE,3.1676774,2.5250428
DOFHOZ,3.675442,2.6167214
LIHRAY,3.0822337,2.5523891
NOWRID,2.303444,2.1429584
ENIDIR,2.4740593,2.7736886
YOLXIJ,1.8511906,2.4443727
HIXLUZ,2.33256,2.4419677
ONIZAP,2.4941957,2.1579201
UKEMIJ,2.7831805,2.6040828
CUQDIE,3.5763924,2.971762
ACOTUJ,2.9410067,2.6940281
ULUVAZ,2.9339316,2.3818715
FARGIP,2.0560923,2.3660583
ELEDOR,3.3323064,2.6440225
MEDGIP,3.4310837,2.771348
FONDUH,3.3897223,2.6635325
FIDXUP,3.1973379,3.1461585
ZABMUO,2.4209971,2.439571
DEWDES,0.9828753,1.1173494
QODTIQ,3.2419646,2.800968
NEDQAS,2.7902555,2.653707
BIRFER,2.6414092,2.0673757
TUFDOQ,2.3423562,2.47046
UJUZEH,2.3774588,1.9464474
UVAROB,3.123867,2.8430765
MIQNUZ,1.0402913,1.8335297
FEVWUC,3.2735298,2.637345
VIVPID,3.3132584,2.736924
OCUPIP,3.0977442,2.884962
OJOHAX,3.4210155,2.7050118
AXUTUL,3.0784242,2.644277
UMILOT,2.8468552,2.6314855
ACITUF,2.1333728,2.7007582
ADAFAQ,3.1323028,2.073856
NUMWIE,2.7469895,2.2975283
GAFYAR,3.4719007,2.5647655
JOGREG,3.3132584,2.6071048
CUHFET,2.712159,2.2645307
MIBZEG,2.1037123,1.6180035
VAMSAD,2.7034512,2.9696772
BEKQOB,3.090125,2.9197083
JOCGIT,2.8400524,2.6230602
SAJJIA,4.2485137,2.9185646
NOJPUY,3.2495837,2.877207
VEGNOO,3.9494605,3.2156322
RUPWUX,2.6996417,2.7556832
SARWER,2.7450848,2.7947874
QUNTAX,3.616121,3.0590138
URAWES,3.1516228,2.616136
RUBLIM,2.281947,2.1149988
VEGNUU,4.1426616,3.1315205
TEVCIK,3.6384344,3.8740232
MOWLOA,2.9233193,2.5725045
COFHUE,2.2544634,2.5224795
DUSHEH,3.9486442,2.8809476
DUPPIQ,4.2838883,2.9426234
YUKRAA,2.6762397,2.4969354
NIVRUJ,2.875155,2.423006
NOBTIJ,3.0977442,2.95171
MEFJUG,2.8713455,2.7390125
IPUVOH,2.2258914,1.6751258
EWIWIT,3.078152,2.5296922
OTISOC,2.693383,2.2700505
CIKCIM,3.087948,2.427532
POLMIQ,3.3301294,2.6568208
CUMYOB,3.3192449,2.6919997
PEWLUY,4.1720495,3.5484538
DETMEY,2.9540682,2.8076155
AJAJED,3.2874076,2.7485318
VELBUN,3.5162554,2.9984796
IWEQAF,2.7839968,2.331075
DIPLUN,2.2544634,1.8857248
KUNYEY,3.3848243,2.7019396
IKIHAN,2.920326,2.6494455
JILYUC,2.4939237,2.324857
ONIYOC,2.7061725,2.279615
LIZCIJ,2.1230323,2.1217752
XIVFER,3.36496,2.7550876
UVUBOF,2.9840007,2.5299141
JIRPEJ,2.559775,1.9261425
YUKRUU,2.6830428,2.5327542
HESXAI,2.1496994,2.3002717
XUKYEK,2.7543366,2.6407344
WIPXUR,2.2781372,2.331913
GULBUN,2.260722,2.250958
HUMRUF,3.0155659,2.4281898
OQIPUC,1.8019379,1.9356346
PABZUR,3.4569345,2.4155726
GAFDAW,3.3214219,2.9387984
UJUYUW,2.3412676,2.235453
SEPMUZ,2.836515,2.651671
POYTUV,2.896108,2.5611348
FAPTUL,1.9589477,2.5005238
MIBZIK,1.7858833,2.0022445
DUWGOU,3.8365333,2.6586623
XACWIL,2.676784,2.2895718
WOMSOH,3.8030634,2.6866722
IWUMES,2.7132473,2.371116
NIVSAQ,2.941551,2.48423
XULYIP,2.8713455,2.5034065
AWUKAH,2.4155548,2.2992783
UKIXOE,3.575032,2.3333015
ONIYIW,2.9031827,2.2181993
OGOQUZ,3.020736,2.301072
LOFQAC,3.046859,2.4769793
DAKGEC,4.3002152,2.796005
CERCAH,2.210925,2.07077
FUPSIV,1.228322,2.0022655
TODCOI,2.3829012,2.2409177
RUBLOS,2.554605,1.61104
VALMII,2.5491626,2.0647645
ZUSFOK,2.0566366,2.0748484
VUVWER,3.080057,2.704738
REPZIZ,3.1323028,2.6961944
KATGOE,2.7252204,2.5059428
DOSKAY,3.7230618,3.1642773
AJEJOR,2.3940578,2.3158212
NOWSIE,2.2424903,2.5095472
UDETEE,3.1646843,2.6699224
LEWJUW,2.5418155,2.4299746
GENZOQ,1.8890145,2.5453522
FUHQIL,3.5094526,2.6571631
UQIBUS,3.1606026,2.6396363
QUBPAH,2.9807353,2.3600056
XULYUB,2.7894392,2.43856
OLOSEQ,2.167931,2.409349
SAPXAM,2.23215,1.7582538
ZUXDII,3.2574751,2.4529164
REBMOE,3.8868744,2.9433694
PABJIP,3.285775,2.4279764
DAYYIP,3.1249557,2.407391
FOBCOS,2.3461657,2.580665
GUTMAM,3.3948925,2.8500965
ECAWAJ,3.3516264,2.5798483
JECBAV,3.5997944,3.0643075
ONIYUI,2.5758297,2.2561874
VEFFOF,2.1769109,2.3624039
TUXDEX,3.1744804,2.5921068
RUWNIJ,3.6389787,3.0804396
FEVQOQ,3.9464674,3.1934078
DUSGIK,3.6955783,2.7082932
QUBPEL,2.980191,2.6091557
KIDREY,3.1652284,3.0348704
RUHLUE,2.906176,2.48439
QIVBIK,2.7513433,2.6600535
BITHEV,2.435419,2.2747617
YUKREE,2.6811378,2.7282953
CUQDUQ,2.8495765,2.6626196
VAMQUZ,2.784269,2.531093
QIWPAO,3.5875492,2.8676167
FISPAC,2.6109326,2.3277783
JEYCEZ,3.150262,2.977675
PUTJUM,3.7587087,2.830979
JAJWIE,2.700458,2.120037
LIWYAU,2.9099855,2.585951
IZECOI,2.7706633,2.7488894
BEYBUG,2.3197706,2.3380642
QUMCIN,3.4767988,2.719429
ILAJAJ,2.9788303,2.677826
XUVBUL,3.8444247,2.690375
TEMYIW,2.616919,2.262374
TUQBEP,3.477615,2.9467235
DOYQEQ,3.1333911,2.6653044
DUQKOS,4.5535536,3.0110915
NOWREZ,1.713501,2.3369188
ZUWJEJ,2.8256304,2.551835
DIQDEQ,3.1026423,2.7046242
QABHAG,3.4430566,2.8928769
ODOKAX,2.062079,2.2130876
BUFMAT,2.7026348,1.8536487
QECRID,3.5304053,2.490902
JATKEY,2.8827744,2.0622482
UBADEI,2.7755613,2.7138112
FERHUH,2.6797774,2.6931353
FUPSER,2.425623,2.3412998
ROZBEQ,2.9023664,2.4839826
ILEKOA,3.9472837,2.9420981
XEZSAA,1.7774477,2.230428
ROWREC,4.2291937,3.13514
YUSJAX,2.9303942,2.6669452
IKAGUZ,2.4245346,2.153808
KUWTII,2.5366454,2.2161708
WEJNOS,3.3192449,3.1149447
PEGQUN,2.509162,2.6029618
TEXBOR,2.559503,2.248677
LUNTEW,2.2457557,2.4380505
KALXEE,1.8941846,2.39254
AYANUJ,3.5812905,2.9000273
UWUZAQ,3.1630516,2.3787754
YUZVUN,3.3176122,2.8879313
QECREZ,3.1682217,2.5350022
DITNON,2.6824985,2.4023614
BAHVAL,1.7627536,2.1527941
OXAKUW,2.8786926,2.467165
ICAQUC,2.5997758,2.047349
LOFPOP,3.0536618,2.5066655
ZIDCIB,3.255026,2.4948566
PAPTAF,3.4803362,2.773347
ICINAM,3.838166,2.7584746
NAGNUI,3.321694,2.7286549
YIQWAW,3.1633236,2.5588923
SUTKIE,3.9040177,3.2096875
ELEHEL,4.0596666,3.2117734
PUMNUJ,2.9521632,2.96841
NOYLEU,3.708912,3.3529596
DEVLEZ,1.7407124,2.319611
AJEJIL,2.604946,2.4621415
SEVLEO,3.1105335,2.5027251
OPAYEM,2.3834453,2.1098003
SEDWOR,1.8114619,1.589578
DOBKUE,3.3785658,2.9441006
NEFDAD,2.8435898,2.4259577
GORPIO,3.0520291,2.5665994
CIJLOA,3.6003385,2.5532773
VUTNEF,3.2773395,2.781736
CIRHAQ,2.1562302,2.6189184
IZADIZ,2.1897004,2.2215085
GUFCIW,3.9293242,2.7662065
LIRLIJ,2.5673943,2.45298
MEDRIA,3.4762547,2.7513604
KAQHIX,3.7070072,2.782741
MEDGEL,3.0414166,2.651271
QACWUQ,3.5807464,3.172101
RUPWOR,2.9165163,2.797485
OSATEK,2.3292947,2.9344957
LIMWUA,3.4849622,2.6074371
XIDQOU,3.4944863,2.7805738
OLOSUG,2.5072572,2.560839
ELIMAQ,2.7899835,2.8712664
QASGUQ,2.401677,2.470154
LOXYIJ,2.9573336,2.1434035
ZEXPOL,2.102896,2.0278296
VELCEY,3.386457,2.7523913
GUYSEB,3.3761168,3.133577
HADVER,2.4629025,2.2344496
JEQLIE,2.861005,2.638574
ACITIT,2.2974575,2.477658
TIRFOS,3.6172097,2.6038795
KUKNAG,4.9456697,3.849155
QEGYOS,1.9026201,2.1684992
ZINTUP,3.001688,2.3077018
UMICIF,3.1799226,2.7674673
FUHXEO,2.8517532,2.5051498
TUBROA,2.8762436,2.8046424
TIRFIM,3.6329923,2.619694
GULCEY,2.82046,2.6660714
VEGNEE,3.9486442,3.2274683
GAJQIV,3.5023775,2.814616
UKUGOY,2.592973,2.4650114
YUSQAH,2.5437205,2.396262
GOTJEG,3.5685012,2.5948496
SIVMOA,2.8944752,2.3938093
AVOCET,3.553807,2.5430875
LIVFAB,2.5750134,2.506317
DAYYOV,2.5600471,2.5420794
YILGIK,2.1015353,2.2508373
DOFHIT,2.7450848,2.7173066
BAHWAM,2.253647,2.2441113
XIWGOC,3.2656384,2.8128839
GORPUA,3.0308042,2.325838
KENMUP,3.4490433,2.605093
WIGLIL,2.9856334,2.7123654
RAMNEB,2.8000517,2.5191169
VUFVUQ,2.009833,2.2149262
SAKYIQ,2.7513433,2.4818387
WIQSUO,2.1009912,2.3520324
KUGXAO,3.4762547,2.6513014
XUKMUM,4.251779,3.4880996
GIRWUC,3.5040102,2.6641407
VELDEZ,3.3878176,2.841394
EPIMUO,2.7660375,2.2399104
PEKZUE,3.250128,2.8266346
SUTKEA,3.6221075,2.9071589
XUVHII,2.5556934,2.3523507
LAXLEF,3.5660522,2.7492466
ICARIR,2.332832,1.8256795
PEKVAF,3.1391056,2.5738606
HALQIY,3.6672785,3.0790563
RUWNEF,4.11545,2.807653
DUFVOS,3.3306737,2.9227402
KAKGUC,2.658008,2.7605028
BOYTOB,2.413922,2.2323587
SAPWUF,2.165482,2.1288307
KUWYAF,2.5752857,2.7140605
HETBER,2.1913328,2.4024665
UQOFAK,2.4514737,2.1424155
CIVNOL,3.5769367,3.0129948
JILYIQ,2.6860359,2.1918855
NIHHEV,3.7246945,3.383679
KULGIK,3.2792442,2.7649632
RUDXOG,3.1864533,2.5595112
PACHIO,3.5233302,2.6780338
UPOMES,3.460472,2.8642087
NOWRAV,2.6452188,2.3774674
PAWHAA,3.9540865,2.8904178
FISPOQ,2.7203224,2.2040267
UJOHIN,3.5592494,2.552093
HUGRIN,2.3575945,2.1105824
BITHAR,2.6027691,2.3527088
QUHMIS,2.3502474,1.8327854
HOTQUF,3.1627793,2.423316
XULYOV,3.7921789,2.9799669
ILIHOD,2.3426282,2.3867364
YOBGAB,3.0147495,1.9813497
FOZLEO,2.6318853,2.0223017
EYEKEB,3.1586976,2.529379
APUSEM,1.8862933,2.407845
REBMIY,3.8729966,3.2044098
COQQEH,3.3448236,2.6831694
BESCUB,2.901278,2.8125548
REWPOB,3.307816,2.7090118
SICTAD,3.149718,2.7477849
WICCUK,3.5861886,2.6161766
SAPPIJ,3.204685,2.153504
XAVLIT,1.7442498,2.5100207
VEHZIU,2.2171838,2.1917546
OJILUR,3.2705364,2.7656424
YOBFOL,3.6909525,2.6677163
HEDDUR,3.283598,3.1804564
SAFGAI,3.50782,3.0317035
APODUH,3.385913,2.6048615
XISNUM,3.310265,2.7369418
NUHSOZ,2.8112082,2.4456995
JOBMAP,4.088783,3.1621685
QEJBOY,2.9684901,2.4852996
ACUDEL,3.4591115,2.7511635
PAWGUT,3.3214219,2.434631
YUKRII,2.709982,2.4520996
VIHDIB,2.8977406,2.3860574
RURVUW,2.571748,2.425702
GUYSIF,3.3021016,2.8666794
QUMCUZ,3.2142088,2.6655977
KAKHEN,2.645491,2.595784
KEVSAJ,2.6030412,2.2416775
NIFSII,2.9339316,2.5229669
NIFTAB,2.95815,2.3337803
HUKGUS,2.0688818,2.2316728
FUTMEP,2.2111971,2.6859357
ZUSVER,2.6155584,2.3447728
WAVYUQ,2.287389,2.2939913
VUVCOH,2.5461695,2.3867643
XUJKAR,3.2735298,2.635301
CUHBEN,3.8966706,2.6409912
XEZTOP,2.736649,2.479429
KAKPAR,2.155686,2.1970255
QIHVOW,3.0574713,2.595825
WUCYAX,2.2620826,2.491565
VOXVIQ,3.245502,2.5404215
KEHNUK,2.5554214,2.5466504
ENOPOO,1.9257498,2.248864
WAKLON,3.283598,2.6685371
RUSVAF,3.0871317,2.8037336
PUDDEA,3.6046922,2.7344158
SEPMOT,2.8683522,2.6650813
YUKSOP,2.475692,2.3254192
JOBCAI,3.3780215,2.9102044
QIWNAM,3.8231997,2.9639962
WIRNOC,2.769847,2.4367023
ZITKOC,1.6604388,1.9237075
POYVAD,3.1600583,2.47282
OZEZEB,2.8308005,1.9627125
GOVPOZ,2.9946132,2.5783308
QUBNOT,3.056383,2.5622532
FORVEQ,3.4623768,1.7950549
DAKHAY,2.107794,2.610606
VEHGEY,3.0272667,2.5270002
RABYAX,3.4498596,2.7219114
MUVGUI,2.7023628,2.6494417
HALWEA,4.16307,3.2066832
CINQIB,2.2288847,2.4014835
PUTJOG,4.5350494,2.8970685
XAVLEP,2.506713,2.3344402
UMEHAX,2.669437,2.5011628
RESVAQ,2.8571956,2.8489263
KEZNAI,3.3162518,2.461373
VUMWUY,3.0261784,2.4397507
FIDYOK,2.9976063,2.4365494
VEGMUT,3.9461951,3.1845694
OLANUN,3.0958395,2.8169825
XUQVEN,3.2177465,3.0184202
JOCGAL,2.3216755,2.7858186
EGIGOU,2.578823,2.2081218
CUPBOH,3.4046886,2.8273342
ISUCAD,1.1026053,2.415768
ITUVOK,2.6634505,2.6001182
PUYDIX,2.088746,2.4588177
BIZTUD,3.8498669,2.597152
QORBIK,3.5557117,2.7173123
GAFCOJ,3.3116257,2.9586718
FODHEP,3.8422477,2.7397254
GAFCID,3.3535311,3.2850819
BIVNAZ,2.7829084,2.5416663
OJILOL,3.2629173,2.9952028
NORHAF,2.200857,2.2117383
SUMGEP,3.1965215,2.7402215
VELHEZ,3.0669954,2.459249
UCAFUD,3.2166579,2.7920585
BIZVAL,3.1464527,2.3889256
OPAYAI,2.4264393,1.9400821
ADIKUX,2.7725682,2.6067765
FODHIT,2.262899,2.357226
IJATEV,3.4283626,2.8770144
UXUNIL,2.5592308,2.6165106
GIQSEH,2.4792295,2.4439127
IKULUW,3.4065936,2.772918
XUTXIW,3.0582876,2.6054864
PIXXAV,2.6974647,3.0330744
LELTEF,1.9233007,1.8927909
VEGMIH,3.9483721,3.2121446
WOYSEL,3.286047,2.831283
NIHJIB,2.2430346,2.9265573
EQIQIH,2.5679386,2.3303356
IXOBEE,2.3584108,2.5163145
WUDDOR,3.087676,2.3950136
QUMLOC,4.074905,3.4401836
HEHNER,3.8844254,2.9513092
ZEYZIO,2.9709392,2.6242537
WUMYUB,1.1798857,1.915565
PEXFIL,2.2476604,2.551207
OYEKIP,2.9603267,2.6347735
BURNIO,2.6294363,2.6908796
YIGDAX,1.075394,2.0879915
OYUPIK,1.6958135,2.6908262
BEFBAT,3.180739,2.7288806
VACHOA,5.1821365,3.138668
DURYEX,2.4022212,2.1269636
RUKJOZ,5.267036,3.6806836
ZIQCOV,2.552156,2.458692
FENZIL,3.028083,2.5386844
XUHMOC,1.5281914,2.6109827
IZOSAU,2.5720203,1.7002741
WEHHAW,2.0544596,2.1745849
SOCPIN,2.655287,2.366353
TILKOS,2.5072572,2.6270318
BIVZIR,3.541834,2.8479285
AJEMAG,2.7597787,2.3555655
WEMJEH,3.4977515,3.087016
ZUYZOL,3.3445516,2.9487033
ERUMOW,2.1877954,2.3607128
JUZPEC,3.1295815,2.5002687
EDUYEL,2.2615383,2.146765
TILLAF,4.6896105,3.3293543
MEGZUX,3.835445,2.847327
ROBCAN,1.3594809,2.2997456
IQOHII,2.2043943,2.0307224
JEWPIO,3.7957163,3.0161552
NAMLOC,2.8425014,2.2603643
HOVMEN,2.9605987,2.5654929
QUGFIK,4.012591,2.8107126
RESYOH,2.416099,2.2601628
HAMYUT,2.987538,2.7308795
TAPWUG,2.8637264,2.4358048
ACIHID,2.9056318,1.9099462
BAMSIV,3.323871,2.6394944
KAPPIE,2.8865838,2.437156
AHOPEV,3.4857786,2.9137473
VISDAF,3.6909525,2.7722547
XITYOR,3.5004728,3.059108
OGABIK,3.5004728,2.6841075
ASADOQ,2.898829,2.7645392
GIQNIG,2.49991,2.4055603
RAWXIW,3.7173474,3.055901
DAWFIU,2.5371897,2.3397098
WASYEY,3.9636104,3.2432709
EHUPAB,3.670544,2.6976922
IYAMON,3.912181,2.9285486
BOJDIR,2.8482158,2.2714515
PUWKAT,3.4234645,3.1174722
MIQTOZ,3.6841495,3.1608825
GIKHIV,4.062932,2.9447987
LEYQAL,3.8106825,2.1473098
ZEXYUY,4.5285187,3.4647162
EWUZUU,3.0193753,2.523674
SUYYAP,4.0618434,2.309037
RITHOV,2.265892,1.5057986
QISPER,3.5021055,2.548843
BOKMUN,3.374756,2.6294522
LUKMEM,3.6855102,2.9425611
EHUMAY,2.4642632,2.2819822
YUFTEB,2.6234498,2.4720914
KIVXOE,3.9908218,3.2730641
OVEKOR,3.3225102,2.6447852
FOPMIJ,2.874883,2.6231472
SOCNOR,2.7625,2.6075711
ZISDUE,3.1323028,2.5566187
ZIPWUU,1.6005738,2.2221205
RIVFIP,3.121418,2.8135662
OWERAM,2.9709392,2.566127
IYATUA,2.6457632,2.4175425
VIBYOV,4.220486,2.3450975
OVILEN,2.801412,2.5539734
LUTSOL,1.8604425,2.3421042
SEYWOM,1.4277815,2.46556
NUHRUG,2.6370554,2.409631
ZEZVOT,4.565254,3.2153385
RIVWOJ,3.7864645,2.8535898
ONENED,3.7777567,2.8106499
HENMAO,2.9472651,2.630706
LUZPEE,2.7894392,2.34593
CUQMIN,5.3141117,3.5595741
OWOZOS,3.9532702,3.1991806
ZAPCAY,3.826193,2.4431887
RESLAG,2.5018148,2.486942
ESACEJ,2.7453568,2.0726998
FOWBOI,2.8101199,2.6286492
AMIWEB,4.5116477,3.088439
SULFUD,2.6038575,2.4717753
UQAXES,3.2267263,2.84301
NOXSIF,2.4775968,2.0805464
ISAWUV,3.7168033,3.2454624
XOYZIX,3.040056,2.616013
XOYZOD,2.941551,2.551699
QINHOO,3.2172022,2.744794
GUGJID,4.0433397,2.9465625
MEZBOM,3.2569308,2.5398252
ASADUW,2.9148836,2.7206671
QOFMEH,3.6387067,2.709743
CPAMPT,3.7431984,2.7087085
ERULUB,2.1660264,2.2342694
DULYIT,3.589182,3.066244
ITIQIO,3.6343527,2.7592003
VIPHEL,3.3932598,2.8359613
BOMZIM,3.104275,2.8311453
LEYTOC,3.9728625,3.0307853
PAMFES,1.9056134,2.0889761
IYICIF,2.2354155,2.2247791
HOJROO,4.0681024,3.5531304
KOTJAH,2.3352811,2.0379152
HULLAE,3.4836016,1.8276315
QACKIQ,4.5203557,2.7823687
JOJZER,3.438975,2.652531
IPEKOG,2.8498485,1.7580714
WAMPIN,2.3197706,2.2498374
XIZGUJ,3.286319,2.7579002
QABGEJ,3.4446893,2.6485062
TOXMAX,2.6699812,2.4802618
NAPPAZ,2.6781447,2.1247063
SUYXAO,3.8680985,2.3197777
GALYOL,2.1401756,1.3959553
QIKPIN,2.5246725,2.6736724
TUWMUW,3.0201917,2.6324759
UREZOJ,3.3429189,2.4508255
ZEJQIS,3.6242845,2.8582077
QARLAW,2.5831769,2.59126
FENYUW,2.576374,2.4889827
ROGTIU,2.8313448,2.187727
FARTEX,4.0838847,3.230567
PAHSIA,2.6639948,2.668796
TEMQEL,2.7480779,2.4461865
ABEKIF,4.454504,2.9343884
OMALUJ,1.8944567,2.8133411
WAMNUX,3.317068,2.8221655
CIQGAO,2.330111,2.2025948
GIBMUA,3.558705,2.7406068
MARPAA,3.9363992,2.5338035
BISXUA,2.7162406,2.154367
ZIYLAY,2.5469859,2.276323
KEJPUK,2.8879445,2.5601177
MUMREU,4.132049,2.5213132
ZUTFEZ,0.43266103,2.148374
JAGMAJ,3.7910903,3.1798015
YEWCUZ,4.8956003,3.4481251
OWEQOZ,2.2310615,2.2236967
XABGOA,4.162254,2.8658748
FALNUF,2.3165052,2.5486982
FAZVOR,4.886893,3.1002297
UXEFAH,1.9388113,2.1527672
SAYWAU,1.6650647,2.0741005
YITLIA,2.6321573,2.5764878
MOYHOA,3.3157074,3.0189996
HOKMUP,3.4362538,2.9677823
MEXXEW,3.0844107,2.4671402
MOSRIY,2.370928,2.17178
XAMPUY,3.240332,2.5315745
EHISUL,4.2384458,3.09508
AMIVUQ,4.464572,3.0107467
REKSEJ,2.4697053,2.6311092
GINRUU,3.0985606,2.6563425
TEZPUN,2.3390908,2.4454336
BAZHAL,3.8185737,3.001288
XIVJOB,4.0438843,3.2297618
TAMJUQ,3.324143,2.6722338
VUFYUT,2.9957016,2.227824
DIRGIY,3.0759752,2.5286748
HOWNUF,2.9510748,2.6983132
OSAXEO,2.839236,2.6232452
LUFPAG,1.8966336,2.3086233
NOPFAB,2.5728366,2.6490984
RIVGIO,2.5415435,2.5986257
PIPPEN,3.376933,2.7667832
SIVRAU,4.0256524,3.0432382
NEFXAY,4.0972185,3.2225766
ASAFAE,3.6626525,2.639995
RECDIO,3.8702755,2.9729786
EBEZUJ,2.5682106,2.6941867
TUWGUQ,2.8514812,2.4905236
ASEWAZ,3.6680949,2.659347
JEXGEC,3.0906692,2.403373
CISTAD,2.893931,2.483732
DIRTOO,3.9328616,3.5256763
SUNMIA,2.3118794,2.459019
KELLEU,2.9766536,2.407336
ULUZOT,2.7420914,2.3233948
YICFID,3.7747636,2.4718301
MIDTEC,2.8811417,2.5431042
XEMVOE,3.799798,2.7654827
FOPSOV,3.9608893,3.0707395
ABEHEY,3.3567965,2.597484
QOFMOR,3.7078235,2.529085
HEKBEI,4.137491,2.9345698
SOKNAI,3.3192449,2.8618505
DAHXAL,3.5616984,3.4872618
FEJMIU,4.6705623,3.0546312
AQIHOA,2.9769256,2.5568
APIXOP,2.3559618,3.2312672
MEXXAS,2.958694,2.4513242
OGEQOK,2.8691685,2.5304177
COFTAV,3.5339427,2.5910058
DAKNAI,3.0740702,2.708913
UJELED,2.1404476,2.066835
JIVMOQ,4.2240233,3.3424678
KERPUW,3.9902778,2.922759
XUXVOE,2.3526964,2.2660966
NEPSIO,3.6052365,2.9756978
BUSYEW,4.214227,3.4495344
LUMWIC,3.1584256,2.8916454
NUVRUU,3.6387067,3.0705492
GOQROW,2.150788,2.0298805
APEBIJ,2.3311994,2.2123742
HEKBOS,4.339944,2.8101592
WULKOG,2.9592383,1.8905092
UMOHOU,2.5935173,1.9776652
XUXTOC,2.1616726,2.1274812
KIQPUZ,3.413124,2.729195
GUCSEF,2.1858907,2.123138
PAYJAE,2.0732355,2.3612049
FOQPUW,2.8732502,2.7141936
JETMEA,3.429723,2.4429574
TIYTAA,3.689592,2.7776053
BAMSER,3.554079,2.946824
TAKBOA,3.802791,2.682656
ERULEL,1.288187,2.1747522
BUNROU,1.8193533,2.168696
WUXCEA,2.6876686,2.31041
CUCMUJ,3.2457743,2.4471784
RIZNEW,3.4933977,2.74105
MUKYID,3.1350238,2.6393433
QIPYOH,3.4068656,2.965674
OWUPUS,3.5491812,2.7287269
BIWXEO,3.6656458,2.7207935
JAKKOZ,2.8615494,2.600345
XOVPIK,2.4199085,2.5921316
ZUZNOA,3.4972074,2.6864014
WULKIA,3.5265956,1.8343654
JINRAD,2.1252093,2.4602776
QUGGEH,4.550016,3.269144
GUCQAZ,3.3867292,2.869494
OZULIH,2.435419,2.6008894
UMACET,2.9690344,2.5685863
YIGCUQ,1.0756661,2.088023
GESLAV,3.3565245,2.8314917
GIRLOL,3.7799337,2.7098038
TAYJEM,2.4604535,2.1457224
NERLUV,3.455846,2.3073978
ROGTOA,3.087948,2.5234318
AHAFOH,3.3540754,2.8872585
UTAGOO,3.6697276,2.8787382
KOTJIP,2.738554,2.175839
INAYOO,3.678435,3.5670817
SUNLOF,2.504536,2.4450212
MEXWUL,3.0841386,2.4669018
GOYSUK,2.8207324,2.633937
ZUZPAO,2.8982847,2.7775443
CBAPTB,0.72001326,2.3088298
YEQQOE,3.267271,2.5149062
YITMAT,2.4958284,2.5235212
DUKPOR,4.4909673,3.1498787
XAHJAV,1.6024785,2.078623
OTOCEI,2.8857675,2.6560764
MANWAZ,2.6452188,1.8943683
CORVIQ,4.827844,3.4399743
CUGZAI,3.8106825,3.243887
JAGLEM,3.245502,2.9792664
EHUMUP,3.6629248,2.99453
PUPFEO,3.4180222,2.6411328
DAKDOM,3.0193753,2.478748
MECQIX,4.4531436,3.251429
LECFEI,3.8558533,3.1645977
WUFKIR,4.0849733,3.19769
SEDHUI,4.0433397,2.7665994
DADNUV,2.389704,2.5833113
FEGJIL,3.984291,3.0256956
SIRYUR,2.4212692,2.4158492
QIWYOO,3.6509516,2.8311288
ICUNUT,2.882502,2.7275007
GUGDOE,1.9956831,2.2438893
XURTEM,3.7263272,3.0057137
DUMPUZ,3.1265883,2.8297074
EXABAJ,2.896108,2.5186796
PUTNEA,3.4819689,2.9694052
PIMKOP,2.867808,2.346697
PIBVIJ,2.105889,2.6844902
ILOMOM,2.917877,3.1334517
GAWLOJ,3.039784,2.7274666
IGUNAC,3.1363845,2.044751
LOPYOH,2.8895772,2.7729676
JAKKIT,2.793249,2.7719958
FENZOR,3.372035,2.7403774
OKOLEI,2.0419424,2.0372531
WIWPAT,2.8814137,2.5693316
LIJCAK,3.4455056,2.8174222
PUCCOI,3.8661938,2.8130553
VOYSUZ,2.6920223,2.6837337
LUFNIM,4.2915077,2.682422
GUFVIP,2.4180038,2.1255572
ZABPAX,4.0637484,2.8439991
PUCCUO,3.8991196,2.9893875
SOBWIT,2.3140564,2.0758617
WOWPEG,3.3358438,2.6988013
LIXFAD,3.1551602,2.374969
EHOKAQ,2.4454873,2.6108558
XULXIO,3.2800605,2.5895772
KAXGUP,2.4577324,2.8419478
BOJDAJ,2.8484879,2.2718604
JUXCAJ,2.7625,2.4302013
WEQLIQ,3.1769292,2.670875
ISIXEQ,3.7219734,2.7907786
WEHTUC,2.3918808,2.4474678
XOQRED,3.1254997,2.4848092
BATKOX,3.5793858,3.0642455
PUNTOK,3.6487749,2.9518988
VIZREF,2.3804522,2.698567
NARQAZ,3.5437388,2.9022493
TIRSIA,2.7450848,2.7102506
TAKBEQ,3.7197964,2.660517
KIGWOQ,3.4212875,2.9525118
CIMMIY,3.2055013,2.6951864
LIXTER,3.3516264,2.4299946
TEMPUA,2.468617,2.426398
RUHQOD,3.3110814,2.5740304
EHITOH,3.0629137,2.0268936
PAYHUW,2.346438,2.3014066
ECOQUM,4.27763,2.5209215
PIGCUF,3.5714943,3.0791163
XAKHAW,3.0240014,2.7580218
VAXTIB,1.5420693,2.098947
HEJJUF,2.7671258,2.4823642
SOHSAL,4.1872883,3.0274947
SIRYIF,2.8120246,2.4447465
UDAQEV,3.6104066,2.5415916
XUXBUQ,4.7693396,2.6916873
ZIGHAC,3.3927157,2.8109756
KEPCIT,3.5573444,3.0262706
MEBKOX,3.3214219,2.942948
SUYWOB,4.055313,2.3992615
UMACAP,2.9731162,2.5692465
UXIGUE,2.8112082,2.244225
SUYXOC,3.7769403,2.2366695
BAVKAO,2.3698397,2.188904
COBDEG,3.5453715,2.756912
BODQIY,2.1529648,2.1953194
HEJQEW,2.714608,2.274136
ODUBOI,3.5211535,2.5322902
WANVEQ,2.3867106,2.5305274
GINROO,3.0672674,2.6833432
RIVFEL,2.1641216,2.8648648
TAWZAU,3.1412823,3.0319436
KEJGUE,3.531766,2.768161
FUVXAY,3.465098,2.4279332
YEDCOB,2.9807353,2.6169524
BUZXUS,1.9246614,2.1562886
AYUKIR,2.874883,2.1189034
BAHHAX,4.4874296,3.0224702
LEYQIT,3.5910866,2.7534566
BOJDOX,2.8482158,2.2714694
RIVFAH,2.8648148,2.8255951
BAVJUH,2.4525623,2.2112017
VEZHOA,2.4941957,2.7662969
LUFPEK,2.6182797,2.347341
ABAKEW,2.9957016,2.5683694
PAMFIW,1.8337753,2.1235425
QOCJEB,2.8044055,2.2651222
DENKAM,2.3026276,2.510758
ULUZIN,3.0514848,2.5587072
EDOMAP,2.6593688,2.146252
YIJBUR,2.6424978,2.6339383
BUWTAP,3.3557081,3.0157259
DINTIH,3.7029254,2.945658
TAPXER,2.5728366,2.2598953
KOHBOA,3.608502,2.7681777
AMIXIG,4.514913,3.1216016
MUXXAH,3.157065,2.8083987
VAXSUM,3.0914855,2.8012435
MERZAO,3.9617057,2.9250865
CALQEN,3.7932673,3.7198505
JAJCUT,2.72903,2.7806146
JINREH,2.4199085,2.4443839
AKILOY,3.0596483,2.4573963
ZIFCOK,3.0814173,2.4748461
XOZBAS,2.8405967,2.6638997
MOZVOP,2.607395,2.3116665
TUSMAY,4.6757326,3.1453276
IDEBAY,3.5399292,3.088646
WEMJUX,2.2563682,2.3511226
FUVXEC,3.4384308,2.4210384
PAHCEK,4.2509627,3.1904411
REYJAG,3.7622464,2.8897963
ESUWUN,2.0536432,2.2779398
KILNAY,2.8650868,2.4769795
FENZAD,2.597599,2.3394217
GAWYAE,2.1731012,2.6736584
PASJOL,3.0512128,2.0510597
PIGDEQ,2.8936589,2.551396
SIVDIO,3.2569308,2.8517556
WADVIK,3.76143,2.9192102
BAMSAN,3.0506685,3.0297163
HALBUV,3.5543513,2.8238878
LOYGUE,2.2876613,2.7985928
ZIGGUV,3.391627,2.8092308
IXOLOZ,3.5592494,2.573225
FITHID,3.90048,2.9004207
OCATUL,2.9918919,2.4308467
EHITEX,3.1241393,2.6196203
LUQMUI,1.6680579,1.9146366
ROGVUI,2.901006,2.4013448
TUYCIA,4.0261965,2.7017953
QARBIY,2.4101124,2.2768502
XIVJER,3.7622464,2.8345315
KUSQOH,3.066451,2.3675437
JODCIS,2.6487563,2.3376632
GOYTOF,3.0403283,2.7955813
NUVQED,1.6588061,2.2269778
RESROA,3.0808733,2.2711306
IQUBUS,3.7627904,2.5126863
VOFLAH,3.4895883,3.0554857
JARSOO,3.0748866,2.8193865
GAFYEV,2.5875306,2.5797453
OWUQAZ,3.8150363,2.8932889
TOWXOV,2.6416814,2.4367697
VUZHAC,3.6465979,2.9319768
DINTAZ,3.6634688,2.7200801
PAMFAO,1.923845,2.299654
BANXIB,2.097998,2.1439552
JAGLOW,3.637346,2.9830167
KAKJAL,3.2944825,2.269897
XOQRIH,3.2386992,2.414137
NOYFAL,4.1334095,3.2548547
SOFYOB,3.7393887,2.8377814
UXODOD,3.417478,2.978056
ZIGGEF,2.7233155,2.619808
OZIQOG,3.8199344,2.986695
ROCYER,3.3442793,2.7690084
BANXAT,2.1992242,2.2263978
MENWIP,2.473515,2.4525375
ZESCUY,2.9674017,2.5948265
NEPSAG,3.6082299,2.817317
ZUZBAA,3.3850965,2.9557583
MUBKIG,2.251198,2.182303
QIPYAT,3.570134,2.8972182
WUPMEC,3.200059,2.4406195
NASTUA,3.2626452,2.4787152
XAWLUF,3.9682364,2.8813543
NAFTOH,2.0544596,2.0070896
COBDOQ,5.331255,3.1101747
EGUMEZ,0.40191218,2.7282205
NEZROD,2.330383,2.4671385
HIBPER,3.1684937,2.739108
NUJJAG,2.9377413,2.6212537
XISFOY,2.9695785,2.8295102
OCISIG,3.396253,2.83525
OVEXOF,3.212032,2.5869772
HOVRES,1.9178585,2.5698218
HIXRAI,2.9312105,2.2161753
IPEKIA,2.0201733,2.12403
UZIKEW,2.5921566,1.6744621
USAFUS,3.032709,2.5558703
DIYSOX,3.2735298,2.5346417
JITJOP,2.387799,2.3207254
WOWQAD,3.5842838,2.8362088
BOWRAJ,3.025634,2.600533
MARPII,4.0226593,2.9808333
TUJJOA,2.167931,2.3084836
KUTPAT,0.22122857,2.7222679
GUVNUG,2.5527,2.635633
ROGSUF,2.8539302,2.5075307
VOCCAS,3.5119016,3.0897787
QARBEU,2.5320194,2.5486114
ZUPFIC,4.0784426,3.217845
BANXEX,2.2041223,2.266621
ZIKREU,2.712431,2.7542634
CUXKUD,3.163868,2.6367106
VEVDOT,4.1614375,2.5554693
EHIMEQ,3.756804,2.64202
ROGTUG,2.9486258,2.5246208
NOZNUO,2.8005958,2.4402993
CEFZEW,4.8599534,3.4232478
LOPZAU,3.0076745,2.7458353
QIJGAU,2.635967,2.7501638
XAWYEB,2.6215448,2.7661078
RIVDUZ,2.4721544,2.8540106
KIRDEY,1.687378,1.8494402
BOKMOH,3.3437352,2.9082654
AHODOT,3.7646954,2.7980285
TOWNUR,3.761702,2.8997297
MODMUR,2.7031791,2.7728972
NOQLUD,3.0525732,2.5224757
KIGWIK,3.4011512,2.9676049
OVEXIZ,2.7192338,2.3324373
MAGHAH,2.3352811,2.3596466
GEZHAW,3.1627793,2.7290766
ESUXAU,2.0637116,2.2979298
FEKJIR,2.8710732,2.353195
ZAZYEI,1.5023407,2.0010347
XEWMIZ,3.305095,2.5742226
VITZII,4.1146336,3.1208124
NICCUY,3.5581608,3.0714715
KIQWIU,2.9557009,2.613245
FOSYIY,2.3124237,2.2599835
QADJUE,2.987538,2.675078
SETWEX,3.020464,2.4397206
NOXSUR,2.8196437,2.483479
IJEGEM,2.3426282,2.1370823
OGAYAW,4.050959,3.026186
NUWXIP,3.9366713,2.9964864
VUKVUV,2.2326941,2.4473581
ROGTAM,2.9706671,2.4944263
PEBZON,4.0286455,2.9895673
CENFUA,2.590252,2.2788815
OYEKOV,2.5899796,2.6491745
XOYZUJ,2.8308005,2.6624439
QUMMAP,4.9369617,3.5189636
QINJEG,3.8074172,3.0766652
MARDIW,2.9570613,2.1730332
OVIBAZ,3.9007523,2.7143345
OVILIR,2.9088972,2.5613725
PIPTIV,2.9146116,2.6918576
JUQXEB,3.7872808,3.1465333
ZIJYOK,3.4950304,2.8127332
MANRUP,4.0256524,3.1426313
KULHEF,2.3973231,2.3278608
LUHXUK,3.2299914,2.6006973
TACRIC,3.696939,2.8184628
QOCKAY,2.6024969,2.2543585
PELQAC,2.0400376,2.4250472
MIPFIE,2.370928,2.3139126
HUVSAV,2.6903899,1.9901342
YOZNIN,2.3951461,2.125235
YADDIU,3.049308,2.450259
BADYIQ,4.7165494,2.9024043
QUVDIX,2.153237,1.9977764
UYACEF,1.9115999,2.2111557
CIFCAZ,3.121146,2.574349
MARDOC,2.8427734,2.5126908
UTOCEO,1.7815294,2.0278215
LAZRUD,3.53748,2.2511697
QIMDOJ,5.307853,3.3226676
FIPGUK,1.1317215,1.9831059
TAZRIX,3.5257792,3.4297419
HOVMIR,2.958694,2.5923152
BEYGIZ,3.0435936,2.3846729
UJUTAX,2.5758297,2.2463913
OLOHUT,2.3978674,2.3955321
POBROR,1.7232971,2.2375662
IQOHAX,3.26455,2.8857749
LUWDUF,3.0890365,2.4776855
NASVAI,2.8444061,2.3595502
AJUDER,2.896652,2.4318695
KILNEC,2.4716103,2.5200658
RUGWIC,2.1260257,1.9876198
BICQIR,3.240604,2.3587713
NASVIQ,3.1361122,2.4126227
LUKMIQ,3.05856,3.0266883
GOVGAB,3.3352997,3.0113032
LEXTOY,2.7371933,2.5106585
LAMTAY,2.5622241,2.5689113
LUFQAH,2.6395044,2.252694
LUFPUA,2.1018074,2.1958942
IHEXIF,2.2767768,2.4304385
JELNOH,2.8068545,3.0014656
YANLUY,3.121146,2.8289874
WESNUH,2.043303,1.9890535
IGUMUV,2.8411407,1.9063785
RUQLUN,3.3450956,3.0283322
BIRMOI,2.9399183,1.9831157
GUSHEK,3.2827816,2.7743807
AKIMUF,4.4966817,2.5481126
CUCNAQ,2.9001896,2.419339
YASLIP,2.8648148,2.7192655
OFAVUM,2.8158343,2.6098673
DARNAO,2.3741934,2.280794
DEMCEH,3.199787,2.6121583
CIFGIK,3.7442868,3.1989555
JIMCAK,4.175043,3.0077212
MUKYEZ,3.5959847,2.8585894
XISFUE,3.2789721,2.8681922
BOMVUV,3.3110814,2.7282162
QUGZOK,3.5470042,3.288502
MIBJUG,3.2803326,2.6445756
ENEPEV,2.557326,2.295091
QUFVEU,3.1219623,2.6159394
XUCLEP,3.14482,2.567908
MIVKIP,2.1254814,2.1294408
QEQSAK,3.0863154,2.703514
KERQAD,3.802791,3.003397
PETMEH,5.321459,3.6742387
DEPZUX,2.9429114,2.8938506
HETQUT,1.5641105,1.9819918
TILMIO,1.5374433,2.062252
UZAVAU,4.7570944,2.7552953
EXUDOR,2.819916,2.7093809
ISUKOZ,2.8637264,2.4163494
RAGXIK,2.4209971,2.1706216
OVEXEV,2.927673,2.5098467
MIGTOP,3.393804,2.715086
BAZDUB,4.335046,2.8894649
CADZUG,2.5614078,2.3468716
LUVVUW,3.2487674,2.5386283
GINSEF,2.8109362,2.654777
WIDPIM,3.2661827,2.8993683
XEZDAL,3.672721,2.8033462
DAGJAA,2.554877,1.9891441
UREZUP,3.4259136,2.591334
UZOCIY,2.5135157,2.3658292
OFEFUA,3.7676885,2.79139
WIXHUJ,2.9246798,2.3927932
NIBRUM,3.874085,3.033975
TOVZUC,2.2003126,2.3050864
JAMMUJ,3.3948925,2.6602626
JEXGUP,4.151369,3.2716796
COSZAO,3.3774772,1.8993464
ZEJQOY,3.3235986,2.8667252
APAYUO,2.6087556,2.5059369
XUQTIP,3.4972074,2.6784961
DURYAT,2.0158195,2.0728908
FUHHAU,4.0351763,2.447709
NAPSAC,2.4726987,2.3433938
PUYJUR,3.6193864,2.8420572
BIKVIE,3.8868744,2.8884232
LOCRAY,1.806564,2.118949
PAGLES,3.4757104,2.8902729
BUYWUQ,2.2754161,2.0539374
IJALOU,3.293122,2.945169
IBAVUG,2.939646,2.7983496
REXMOA,3.7959883,2.9858012
SIDDES,2.2969131,2.4000478
LOPZEY,2.690662,2.5738473
WAMPEJ,3.4305394,2.7901413
EGIKIP,1.3306367,1.7636094
OSAVOW,2.9722998,2.6056118
NITJEJ,3.391083,2.2807796
UGOBUQ,2.774473,2.694724
DISBEQ,2.7091656,2.5231678
MAMJOD,3.248223,2.787353
AKIMEP,3.8144922,2.47716
PIGDAM,2.8952916,2.563568
XIKNEL,4.147015,2.3802204
AKICIJ,3.3739398,2.5509222
UBOCAT,4.1432056,2.944124
ERUMAI,1.8454763,2.328832
GIQPOM,3.2574751,3.1182659
HODGOZ,3.837894,2.8083634
BUVYAV,3.2822373,2.6179166
XUJLOG,3.5766647,2.9534452
IVAQEE,2.8076708,2.6875973
SUDJIN,2.78182,2.4793613
QIPXUM,3.5997944,2.8781507
PEXCAA,2.5341964,2.7163944
SAZSIZ,3.6672785,2.5186725
SIVQUN,3.1165202,2.8330224
JUXBUC,2.961415,2.556237
EHIMOA,3.986196,2.9116197
YIVYEL,2.9407346,2.5497484
CIFBUS,3.0294437,2.5344877
ILAFUX,3.1973379,2.7357006
QIZRUQ,1.8653405,2.0570943
NOVFAI,3.2751625,2.430202
SIKWAO,2.968218,2.640544
KERQIL,3.4572067,2.895535
KEKVOO,2.87706,2.6148095
NEPHUP,3.5954404,2.8159623
GESKUO,3.610951,2.8989663
JAMMIX,3.3301294,2.7373047
AYEFOC,2.8348823,2.8741307
FAMQAP,2.1456177,2.1460285
GOYTIZ,2.9834564,2.7353232
YAFMEB,3.0914855,2.387466
ERUKOU,1.9698323,2.2981365
BIKVEA,4.0207543,3.1009872
PUWKIB,3.7685049,3.1416154
KEMHOA,3.0762472,2.8806307
FUGYOY,4.012319,2.7459965
TAGRIG,2.5347407,2.276746
DUBVUU,2.824814,2.498242
FUHGUN,4.0408907,2.7100704
DELDIL,3.5399292,2.849949
EXESEI,3.6289105,3.0551898
IBUDAO,3.4974794,3.0258632
VASHUW,4.2833443,2.6375594
VUJKUJ,2.8155622,2.1525888
CEJKIL,3.5508137,3.0097601
VESNOW,3.7206128,2.9796374
ECOHIO,2.7537923,2.5603232
ITIQOU,3.5021055,2.4390206
LIMLEA,2.6463072,2.759281
QURKAS,3.3173401,2.6008658
FENZUX,3.0920298,2.580695
XOYSUC,2.9186933,2.7471101
OZIRAT,3.8242881,2.9844842
TITKAM,2.6890292,2.1367428
FENDOR,3.32632,2.701816
MIBLES,3.7883692,2.632277
ROBHEV,1.9129604,2.232823
QASREL,3.3407419,2.5806103
TEJYAJ,5.030569,3.539996
ERUMEM,2.0041187,2.5478277
QIVFIL,2.9747488,2.4754403
CEFZIA,4.5372267,3.1636922
WIDQIN,2.7905276,2.9119272
ZUZQAP,2.7181454,2.6373208
IKEMET,2.7298462,2.0992732
WADVAC,3.5532627,2.8186045
DORXUG,2.1937819,2.4599195
MANJOB,3.99572,2.768928
COBDUW,3.749457,2.7784321
VAXSIA,3.0196476,3.022122
CAMHIK,3.6487749,2.7079666
FEJLUF,4.7609043,3.3620226
TAGRAY,2.5777347,2.3237104
COMQIH,2.9113462,2.61357
NUFROV,3.6558497,2.8872325
IYUTOO,3.2221003,2.8891146
WEWPUN,1.8950009,2.320697
AMIXAY,4.5176344,3.1095839
LIVFUS,4.433007,3.0853739
OVILOX,2.9091692,2.561799
HEKBUY,4.2213025,2.7846932
JIWVIY,3.5698617,3.0060124
DUYHAG,1.6805753,2.6594045
PEXGUV,3.006314,2.6184747
WULJUL,3.075703,2.526379
LUFTOY,2.8084872,2.5415266
DONMUO,1.902348,2.6964972
RELXIT,2.8422294,2.769451
XOVPUW,2.4337864,2.5264366
AXAXIG,2.9733882,2.1653795
NEZBIH,2.877332,2.6075048
JUXBIQ,2.5728366,2.396675
NOTBIK,3.895582,2.8611825
WAWSIW,2.941551,2.7379003
UCAMEU,2.6879408,2.31038
YITLUM,2.6272593,2.430345
QENPEF,3.0716212,2.5472703
NAJYII,3.0604646,2.4741738
LOPYIB,1.9058855,2.335756
BOMVOP,3.7853758,2.7965322
RITPIX,2.3200428,1.8094659
FARYUS,1.1251909,2.5143452
EKINEU,2.8544743,2.7189212
AJELUZ,3.018287,2.5508687
UXEVIF,2.946993,2.525187
ZUCFIP,2.2071157,1.4791639
TEMNIM,3.8925889,2.95927
ODESEZ,4.0398026,3.085855
DIRTEE,4.4177685,3.6811452
ZAHVEN,2.4019492,2.2437782
KOTGOS,2.7279415,2.4016356
WUVWAO,2.965769,2.835059
ZUZPUI,3.8109546,2.702787
HOXMAL,3.0765193,2.314153
MUCDAS,3.8060565,3.1028428
UPOZIL,2.6204565,2.4355464
PUMPAR,3.9932709,3.176972
NERLOP,3.6387067,2.545135
ELUFUP,2.8288958,2.5239143
HABCOG,2.7162406,2.6988697
BAKLIM,2.9513469,1.842964
HALCAC,2.9235914,2.678996
DAWQUR,2.7203224,2.4185276
MIRKAC,3.5197928,2.7315824
TIHMOQ,2.915156,2.6029003
JUXBEM,2.5728366,2.396589
WEWLEQ,2.7486222,2.2921317
NAPNOL,2.13174,2.2290282
QODMAB,2.4805899,1.9513525
UJIHON,4.0566735,2.5586936
SUYXIW,3.8114989,2.4133053
ROGVOC,2.9687622,2.495556
TOWBAL,2.2906544,2.2877715
KOTHAF,2.8457668,2.3703003
VEDCIU,3.5848281,2.38671
BUYXEB,2.674063,1.9128942
CIJNES,2.2218096,2.0930593
CUJBOB,3.145364,2.6762757
HIMHEU,3.1622353,2.5143237
KUXVOR,1.937995,2.3433945
FENZEH,2.5793674,2.325607
VEWHOY,2.4109287,2.3676054
KASMIB,3.1622353,2.1068332
ZINLOX,3.6226518,1.9955899
MOVKOY,3.2133925,2.3365211
LOLSEL,2.3200428,2.2381177
SIZYEJ,2.5469859,2.2330854
QULMUI,4.127695,3.046352
CAZXIO,2.7709355,2.4677868
KATWOV,2.5129714,2.6731963
DATHOZ,2.191605,2.476021
FEPBAH,2.31324,2.2019527
ADIXOE,3.1295815,3.0005648
BEFBIB,2.836787,2.5972815
RECNIX,2.0824873,2.4990299
HACTOY,2.7344723,2.4042964
BEFBUN,3.4947584,2.9168928
RECNUJ,2.0618067,2.395504
JEXFUR,3.004409,2.2539086
WERCIF,3.8444247,3.2488558
QUZPAF,1.1281841,2.356297
LUTFAK,0.9205612,1.6712531
WIFVUF,3.415301,2.8141162
AQIFOY,2.953796,2.5688589
IBIQAP,2.3238523,2.2189312
ZIPWOO,2.2947361,2.539778
JIJREC,4.0327272,2.8887844
OZIPIZ,3.7246945,2.8797393
IYINUC,3.341014,2.4721856
FUHGOH,3.8011584,2.6086533
TAGREC,2.6180074,2.248908
FENXUV,2.774473,2.8341553
MIRJEF,3.1344795,2.4463437
NEMLUQ,2.7654932,2.4951026
YOZNOT,2.392697,2.125926
MIGTIJ,3.3932598,2.716091
LUNPIW,3.4738057,2.8395991
MOSHEK,2.483039,2.3717182
OJIMIF,3.3581572,2.5195272
LALDOS,3.1007376,2.4268944
MENMIF,1.0558017,2.2284381
KAPPOK,2.313512,2.675875
UXIWOQ,2.0310578,2.9390242
TISZUU,4.256677,2.7792816
QATRUC,3.0887644,2.3764386
SUTNAZ,3.9257867,2.9590647
GIXQIR,3.2082224,2.6919603
KUYXOU,3.4354374,2.85609
SUTNON,3.5834675,2.9699383
RAZXEW,3.4180222,3.222724
YITNIC,2.5676663,2.4954839
AROBIT,4.792197,3.076372
BICHII,2.6675322,2.8465064
SUVBIX,4.1334095,3.1781797
ZIRCUC,2.2381365,1.9063369
QOCJOL,2.5488906,2.28048
BOBDAB,2.7837248,2.5586557
WEHTOW,3.1333911,2.8361883
SOBWUF,2.6136537,2.4740756
JEBGUW,3.352987,2.3528678
IJUDUM,2.8710732,2.3814526
GUJSUC,2.934476,2.5500088
IDEBEC,3.9372156,2.8477054
IGORUR,3.121146,2.7495308
KOTHEJ,2.5684826,2.2201872
NOVFEM,3.1216903,2.43171
TAYJIQ,3.5366638,2.8479562
CUQHOO,2.7801874,2.720604
RODBEV,3.431628,2.146719
WUJYIM,1.6481937,2.269772
MEDSOH,2.2601779,2.177139
DUNYAP,2.5301147,2.384717
VONSEW,4.114362,2.4873412
INELAR,2.0212617,1.540594
RUFFIK,2.9652247,2.6521778
KAKJIT,2.999511,2.6873581
DEHYEY,3.1739361,2.3993237
KIRFIE,1.7249298,1.931834
SAFHEQ,2.8016844,2.6554961
CIJNOC,1.9910572,2.189045
APAZEZ,3.209311,2.2715936
RESYUN,2.040582,2.2203603
RACMER,2.2239866,2.120257
QAVLUY,2.346438,2.6708865
AZEVEH,3.5880933,2.4540124
GESLOJ,3.3176122,2.7804565
VILCAX,3.242781,2.847514
IMUXAS,2.9472651,2.1999793
NEPRUZ,3.1733918,2.7554138
ALUJAV,2.7782826,2.3103414
OZIQUM,3.8231997,2.9872453
OYUQEH,1.8683338,2.184311
PUBCUN,3.7344906,2.6499436
LECFIM,3.797077,3.2838075
NUGQAH,2.4963725,2.4911582
COZSIW,2.913251,2.2795062
RIVDOT,2.5222235,2.893059
MIVKEL,2.1260257,2.12885
SUTSEI,2.9937968,2.3573756
AKIMAL,3.05856,2.4577842
IBAWER,2.9407346,2.7943358
ARIYOS,2.604946,2.2183142
YERXEC,2.0800383,2.39809
JEMZEK,3.385913,2.9543178
OYELAI,2.901278,2.6084235
EFAZEU,2.9831843,2.3708093
YIDMEH,3.5671406,2.6615133
NONDOL,4.4444356,3.027457
KOTHUZ,2.5750134,2.0353394
DAGFUQ,2.8893049,1.9796218
DORYAN,2.119767,2.179924
FUYXAA,2.94917,2.7897284
JOKCIZ,3.4223762,2.636105
CADZEQ,2.8454947,2.4860227
LEQTIO,3.6272779,2.3352675
WUCCIJ,3.3042786,2.4323797
KILSAD,2.9102578,2.4375503
CUQNIO,4.0691905,3.4435582
OYAVUI,3.9744952,3.0104809
DAGHIG,2.4011328,1.5926886
VEWWUT,2.3001785,2.624286
WEGHEZ,3.310265,2.7509017
LOTWAS,1.7937746,1.514853
ABUPUM,1.3505011,2.2543879
GAPRUN,2.9959736,2.6757145
OJIRAD,2.7946093,2.5797515
UXEWOM,3.0699885,2.5780427
TODMEG,3.6313596,3.000717
XATXID,1.7396239,1.9691594
MIQTIT,3.7407494,2.9660485
WURGAU,2.657464,2.2020872
TAPXIV,2.6038575,2.314561
DUKPEF,3.9538145,2.8965514
SUYZEU,2.9219587,2.4844718
QUNGEO,1.9815332,2.1392498
QAYJEF,4.0395303,2.7462337
YASLAJ,2.244123,2.5087667
OMAFOX,4.0419793,2.9019122
HABZIU,1.7205759,2.2737892
AMIWUR,4.5170903,3.1145864
YIYYEO,3.4713566,2.696716
GEYROV,2.8732502,2.7191093
DIRTII,4.022387,3.3929768
NOXROK,2.7497106,2.2375193
VIDSOU,3.3548918,2.8186288
VIKZOI,3.9739509,2.6875083
NEMMAX,1.9869754,2.6113524
WUJJUG,3.1622353,2.2022197
UPUBOZ,2.4609978,2.3984375
XIZPIH,2.7845411,2.5486124
AJIVUN,4.579132,3.3392417
QIPYEX,3.3927157,2.9329643
OKUVIC,2.8860397,2.8646936
KEBXOI,3.6479585,2.642981
QEHXOQ,4.036265,3.2979002
GIZJIL,3.3845522,2.8432767
PUCDAV,3.893133,2.8385189
MEXDEB,3.4904046,2.9685633
LUMTOF,3.3630552,3.1035457
JORHOP,3.9881008,2.8648984
PIYTOK,2.6242661,2.1884913
OYEKUB,3.1791062,2.6190577
FEXXAI,2.083576,1.9437089
XOVPEG,2.5605915,2.4777818
BAKKUX,2.6370554,2.0514507
TOTTAA,2.3080697,2.43297
EMICIP,3.7480962,2.67923
GUNLUZ,3.7385724,2.46292
FUVKOW,0.6696722,3.0680587
UQAYOD,2.1807206,2.608306
OGERAX,2.6656275,2.5760589
XIKROC,3.9045618,2.548369
LUFPIO,2.4623582,2.3817892
CEQQEY,4.3078346,3.057161
VIZRIJ,2.6250825,2.6072547
LOWJEP,3.369586,2.8558047
DINTED,3.2389712,2.7906349
VIZQUU,2.784269,2.57814
UTUGIA,3.9149022,3.0132706
CEVPUS,4.105654,2.5648766
PAMYOU,3.4163895,2.7437246
ISIWUF,3.7529943,2.7658193
GASNAT,2.8514812,2.0735185
UGOQAL,3.1222343,2.797267
OZUNIJ,2.0705144,2.001523
IQEBOY,3.9059224,3.1895063
PELQEG,1.9227566,2.4816766
ULUZUZ,2.7562413,2.346949
BUHXUZ,2.958422,2.6370633
XOQSAA,2.9758372,2.4191818
OGIHAN,3.5099967,3.0226731
KIWFOP,2.6101162,2.3214478
ZIGBIE,3.3543475,2.5612998
SOCPEJ,2.026432,1.913904
ISUJEO,2.841957,2.4331975
IGUXEQ,2.899101,2.6247663
TACHOV,3.3929877,2.662239
QUGJAG,1.6509148,2.2840655
TOWXIP,2.779099,2.4728708
ROCYIV,3.9655154,2.8616564
FUNHUU,2.6901176,2.6762698
NOTBEG,2.9616873,2.5189848
CISSUW,3.0199196,2.5352733
YADDEQ,3.3393812,2.5183754
MOXWOO,1.8405782,2.4844835
FOTNUA,3.4068656,2.5090895
SOBWOZ,2.6441305,2.2946815
QIWYUU,3.6787074,2.6266098
HOVQUH,2.140992,2.2876244
KAMYUV,2.6751513,2.2403483
WOGVUJ,4.0136795,3.0745335
ODEXAA,4.2188535,2.9607599
DAGHUS,2.7905276,2.2352653
TEVKEO,1.1888654,2.0650706
WICXOZ,2.5916123,2.437391
WUPMAY,2.8577397,2.3081617
OXEKAG,2.483039,2.1968584
JEWRAI,3.8683708,2.958685
DAGGEB,2.4005885,1.6787444
FAYMEB,2.63379,2.286173
WAMNIL,3.9396646,2.9777203
VAXSOG,3.6830611,2.8749232
JAJZIE,3.983747,2.8301842
RIWCEG,4.0740886,2.773366
EBUHAL,2.0160916,2.2590766
UXEWAY,2.9265845,2.388386
ZIWXEM,2.819916,2.2866151
HOVQAN,2.9630477,2.6159809
SADHIS,2.576102,2.215814
ZENCON,2.1584072,2.1293736
UQOVUU,3.6270056,2.6372855
CUCPIC,3.9872844,3.1292074
JIMTEI,3.328769,2.6899586
PTOXBP,1.7045212,1.7950402
LOCREC,1.4275093,2.0117066
HEKCAF,4.387292,2.8557377
KAVQUX,3.3450956,2.7681556
EDUYAH,2.8171947,2.1861913
CEZKEX,2.6207285,2.076949
CUCDIN,0.5632757,2.791353
NIQZEW,3.1946168,2.6060445
QIKQAG,2.7469895,2.5861292
YEWQUQ,2.2958248,2.6215816
MOYJAO,3.4234645,2.7130988
SINKAF,2.2343268,2.5596576
ASAFEI,3.6768024,2.653812
JUZFIT,3.534487,2.7057061
KAPPEA,2.9510748,2.234095
TISZOO,3.7763963,2.596511
ELEZEC,3.154616,3.0940928
LUFQEL,2.0585413,2.2379308
AJEMOU,2.2884777,2.4188058
WAMNOR,3.3380208,2.7291
SIVREY,3.6338086,2.7038016
BURNUA,2.5516117,2.508609
YITKUL,2.5804558,2.3539643
APORIJ,3.1981542,2.2805681
UQAXAO,2.1594956,2.736891
VIZROP,2.7192338,2.5618129
XUJLIA,3.5361197,2.8043778
MEJLIW,4.648521,3.1651232
SALZAJ,4.053408,3.0567145
FELKIU,3.4044166,2.6968853
YIDMIL,4.3263383,2.4649858
TIRSUM,2.961415,2.6093426
TUWNAD,2.8261745,2.6437685
KOTHOT,2.7026348,2.3656275
QICYIL,2.0849364,2.5765107
TUWMOQ,2.8487601,2.5631542
KOTJEL,2.695832,1.9999106
MIZDUY,2.5864422,2.5352094
VADDUC,4.6830797,3.5941625
YIVYIP,2.7439961,2.5048614
JELNIB,3.7943556,2.8488255
VIZQOO,2.7056282,2.5812647
KABNAG,4.5102873,3.0847945
MANDUE,1.8680617,1.4693847
HUJTOY,2.2111971,2.220737
UNIDEB,3.945923,3.1023574
LUPFOU,3.94293,2.581683
JAGKUB,3.4958467,3.03548
LUSFUA,2.9687622,2.6882844
QEJDOA,3.7559876,3.0243812
SUYYET,3.4310837,2.1469522
LUFPOU,2.062079,2.0595222
JUPMAL,3.2193792,2.5464602
AHANUV,3.142371,2.8963196
TILMEK,1.5499606,2.074511
OKUTUM,1.9461583,2.1817107
JUVTOL,3.4253693,2.973121
EHAWIW,2.16521,2.3157787
ERUPAL,2.0827596,2.2916942
HEWNUS,3.3333948,2.894037
PUYTEL,1.644384,2.0146596
FIRCES,3.573127,2.7839272
WESZED,3.4378865,2.619052
MOSROE,2.0686095,2.0451224
IYINEM,3.5048265,2.5921695
NEXHII,2.4582767,2.3156838
MORVOH,2.2120135,2.5073562
HALCEG,3.465098,2.7668009
HIJPAV,2.4337864,2.2903194
TICSAA,4.812606,3.363286
JUWQEA,2.9097135,2.6101813
GOBKUH,3.5187044,2.9488273
SUJFAH,1.8413945,2.129715
ZUZPES,3.5845559,2.668562
IDUMAW,3.9940872,2.8275552
GAQHAH,2.913251,2.497425
BAYRAW,2.4024932,2.7292001
UJOLOX,3.5040102,2.742948
YUWNAG,2.8335216,2.7278452
MIRWAL,3.71381,2.8658416
CIJBUW,2.6966484,2.348522
LUQMOC,1.6087371,1.8267329
UTOCIS,2.416099,2.0777583
AKIMIT,3.816669,2.477008
IXOKUE,3.2914894,2.4508104
KAPPUQ,2.0501058,2.116261
GIXRIS,3.1407382,2.63913
JEXGAY,3.090125,2.4037733
VOGXAR,2.731479,2.5976405
PABJUX,4.583758,3.98242
AXAXUS,2.3137841,1.9148924
QIPXOG,3.4419682,2.769486
USAGED,2.7426357,2.6253915
GIBNAH,3.6506796,2.6458805
MUCDEW,3.952726,2.8297505
LUWFAN,3.2751625,2.502608
SOCPAF,2.5758297,2.432045
MUBBOA,3.7894576,3.1293595
NIKYOZ,1.9926898,2.300693
YAPDUS,2.8591003,2.5209267
TUKSAV,3.89531,3.218092
TEMTEO,2.573925,2.3914433
BOLPOI,3.7268715,3.076524
SERPIP,3.0629137,2.5367897
DUQPAJ,2.844134,2.5108151
EFAZAQ,2.982912,2.372141
COHDUZ,4.013952,2.9427843
GANBOQ,3.3641436,2.29714
DERTUT,3.5197928,2.7324593
TAMJOK,3.3184285,2.9211767
QUGGAD,4.0232034,3.2821763
WUVVIV,2.8498485,2.5480452
TARMAE,2.6648111,2.4806285
PIMCUN,4.2506905,3.1533256
AXAWAX,4.337495,2.7706096
UCOHEB,3.4033282,2.4839323
KATWIP,3.1861813,2.7586908
HOJRII,4.007965,3.451224
JAGLAI,3.8060565,3.1032982
OPIGIG,3.1818273,2.586234
MIBKAN,2.9137952,2.594436
QENQIK,1.9483353,2.2284694
HERXIP,1.7741824,2.0479307
FATHAK,2.676512,3.6621714
VALVUD,3.2563865,2.41078
MUKYUP,3.3249593,2.6443658
COBFEI,3.9755836,3.2273612
KUTNOF,3.3497217,2.8429031
AKILUE,3.0604646,2.4571528
UZOCAQ,2.143713,2.238786
CIRPEZ,3.7872808,3.2219484
OKUFOS,3.9913661,3.1568274
KOTGUY,2.7782826,2.46504
NEPJAX,3.0357022,2.5752363
HEKBIM,4.084701,2.8328426
TIJWIW,3.142915,2.2728124
BAKLUY,2.8239977,2.3591244
SIZYIN,3.539385,2.5102527
WUXFON,3.6025155,2.617113
IKUQEN,2.6468515,2.0880547
KABMIN,4.514369,3.0914295
KAZZEU,3.3450956,2.7706995
SUMSUP,2.1799042,2.4983952
DAKNEM,3.4000628,2.4579413
ROCZUI,2.8005958,2.6079726
YUXKEK,3.4261856,2.531805
KOTHIN,2.6585524,2.2604291
TOWTOQ,2.7486222,2.7246027
DURQUF,4.0716395,2.4056907
ONAYAG,2.6133816,2.3059092
ONORIV,3.283326,2.7914703
REGFEQ,2.8027728,2.302821
ROCYOB,3.8234718,2.8300178
UDUMUF,3.4784315,2.5042224
WICXUF,2.7399144,2.0714705
EHITIB,3.047131,2.236551
DELZIH,2.545081,2.602154
OMARUP,1.8941846,2.4790668
JEFGUA,2.2721508,2.2251422
TIHMUW,2.9951572,2.5336642
VEVFEL,4.012047,3.141513
KULHAB,3.0833223,2.3552358
CIQFUH,2.3295667,2.202424
PASJUR,2.6912062,2.5196257
POSDEH,3.1323028,2.8763185
ERULOV,1.7366307,2.4705746
GEFNOX,3.3611505,2.7523465
RACMAN,2.200585,2.301328
AYEFUI,2.894203,2.851635
UHISAF,4.184023,3.5522985
MIZFAG,2.7633162,2.3581595
EJEGEI,3.2226446,2.6733496
UGIZOC,3.1747525,3.044037
FAFYOE,2.8071265,2.6665368
CAZXOU,2.7728403,2.4667597
ELUPEJ,2.9219587,2.5487723
LEVBAT,2.6030412,2.1328785
LEZQIS,2.3856223,2.0896587
ZIDVER,3.2498558,2.5194452
ESACOT,2.7116146,2.2386708
SIZDAK,4.686073,2.9833093
JEWPUA,3.7146263,2.8180392
HIBKUZ,3.2112157,2.6387641
NOVCEJ,3.1366565,2.4772568
LULHEG,3.0561109,2.6327505
WAMPAF,3.2844143,2.6853755
UQAXUI,1.768468,2.5524158
BAXKAO,3.2008753,3.0228705
TAPXAN,2.5701153,2.2582417
CISTEH,2.7973306,2.5217645
SUHQIW,4.1878324,2.7302108
UQUFIY,2.7897112,2.7748153
TIRSOG,2.535829,2.5259266
QENPUV,2.3831732,2.216423
OHOGOK,4.0566735,2.9540606
VIKZUO,3.9894614,3.1508083
SUYWUH,3.1989706,2.4565058
AJAJON,5.198735,3.505943
QEYJUC,2.0356839,2.193231
DITLOL,3.534487,2.3829727
FETXIP,2.4120173,2.6770835
KURMIT,2.552156,2.9004145
JUTKOB,3.3499937,2.915758
REYXAV,4.8409057,3.4108129
BUGQAY,2.1445293,2.3081224
BIDQOY,1.2168932,2.2237797
IYUTII,2.8457668,2.5502193
YOGLAL,3.0384233,2.7655473
GESLEZ,3.3380208,2.9688125
HOBZIL,2.9962456,2.5927377
YOBKIN,3.13067,2.370302
ASADAC,2.9072645,2.688101
UQELAG,3.1826437,2.843675
ANAWEU,1.4533601,2.0969715
RABMAM,2.5935173,2.524524
WESHIP,2.043575,2.7691135
NAPNID,4.117627,2.8522365
EBEZOD,3.2079504,2.6438892
IDENUE,2.0462964,1.9357146
AQIKUI,2.2209933,2.438643
OKOLIM,2.3091583,2.2876573
QUJYIG,4.3603525,3.0128255
CUVFUX,3.0191033,2.4498153
IJUFEY,3.4955747,2.6620812
QEKTAF,2.8465831,2.4873824
KULKOS,1.4620678,2.4176106
HOSYEV,2.7347443,2.2864404
ERUMUC,2.5622241,2.258683
TITJOZ,2.7061725,2.3653688
YOZNEJ,2.3918808,2.1263163
UPOYUW,2.5535164,2.4118538
AXINIE,3.560882,2.9088676
FODQAQ,3.5230582,2.817361
FOFDUB,2.3347368,2.1402423
FEJMEQ,3.5467322,3.1944525
BISRAW,1.3850596,2.3397224
WECPIE,3.926603,2.893373
YAQLEJ,3.9701412,2.8523617
SISMOA,3.2318964,2.7315004
NITJIN,3.3635995,2.4024043
AMIXOM,4.5116477,3.0884027
DORYER,2.712431,2.3387656
VOYMEB,3.4719007,2.9255059
WUVGEC,2.8623657,2.4831436
OGORUA,3.4046886,3.1322865
ASITIF,2.8811417,2.0690973
USOPEA,1.6797589,1.4519581
RESYIB,2.7442684,2.547675
XOZBEW,3.1412823,2.6427073
ZOQDAK,0.6647742,2.4369006
NAZQEO,4.1897373,3.0702162
WUJKIV,2.0511942,2.7400599
PADDAD,2.6882129,2.6001797
NEPHOJ,3.5072756,2.8167346
KILRUW,2.7788267,2.415555
APEBAB,2.4822226,2.2527173
BIRRIH,2.210925,2.158749
FITHAV,3.7921789,2.5610993
XOQRUT,3.1023703,2.2554295
FAYKID,2.525761,2.3306036
JUXCOX,3.01611,2.6023512
QIQYAU,3.2561145,2.5169775
ROPNES,2.0520105,2.5611918
MOYCIO,4.464844,3.7088845
JAZWUF,2.9113462,2.3136883
ONAXOT,2.5731087,2.243713
WILFOM,4.1502805,3.0965035
DIRZUD,2.2351432,2.3902695
UTUHEZ,2.6555593,2.3037612
LIFTON,2.2827632,2.1957355
CAMPIT,3.1698544,2.747871
FAFYEU,4.1146336,2.7802086
TIYSUT,4.0664697,2.7397254
DAWFAM,2.7812757,2.2151394
BICJII,4.846076,3.6090643
JELPAV,3.5029218,2.5324793
DORXOA,2.2253473,2.3982968
IYATIO,2.8838627,2.662228
UXOPUV,3.761702,2.713632
PURMOF,4.792197,3.0730712
JUXBOW,3.00196,2.7144246
VUKSUS,2.1975915,2.1429071
VAXTAT,1.5273751,2.18218
WEMJOR,3.5075476,2.9031749
PAKPIE,3.5902703,2.910502
IDULIE,4.120076,2.6732461
GEWFIB,2.7497106,2.415842
QUNFUD,0.6495358,2.1328163
FONCES,3.0547502,2.4914265
CIWWEO,3.4528527,2.5748448
JIJSON,2.8827744,2.852342
FITHUP,3.6928573,2.6133697
UXEDIN,2.0988142,2.1482682
CUHDER,2.34671,2.4253707
EWAVOP,3.4177501,2.70726
QADKUF,3.4974794,2.791733
APORUV,3.3355718,2.2211776
DUBVOO,3.1078124,2.6351316
CPICPT,3.7916346,2.9164178
PAXQEN,4.137219,3.4027812
LAGYID,3.293122,2.814466
AFEZUK,3.4705403,2.731735
SEDJAQ,4.029734,2.893606
QAVNUY,3.0748866,2.3989074
OVEXAP,1.5254703,2.4988346
XOJSIB,2.2571845,2.0783725
LUQMIW,1.3989373,1.9345238
VUVNEG,4.1026607,3.2491324
BAJBUN,3.2634616,2.810744
UKAXIO,2.752976,2.3806107
ILAGAE,3.1682217,2.4754755
UZAPOC,3.2822373,1.8998983
XUSFIA,3.2659106,2.010665
COJPEY,1.8147273,2.2147968
PIGCIT,2.903727,2.563542
MANROJ,3.8245604,3.0580058
CAPPES,2.9214144,2.5970924
LETVEP,2.8482158,2.3520489
FIKWAB,3.6471422,2.8249674
KOTJOV,2.2694297,2.1892104
FEBLAD,3.4550297,2.8653266
MUKZAW,4.0324554,2.9689407
MAXZAQ,3.5508137,2.8183975
WANVAM,2.5031755,2.5255735
LUJDIG,3.247951,2.723068
RIVGEK,2.8563793,2.6247826
FULKOP,1.8247956,2.0127258
GUSLAK,3.0819616,2.209
FEDHEF,3.0248177,2.697924
AGUZAG,1.48166,1.9154232
QAZWUM,4.478178,3.57729
ECIGIH,3.4280903,3.0364134
HOVQIV,2.306165,2.4626844
OGEQUQ,2.9274008,2.5431817
REYZUQ,2.7265809,2.2699692
QULJIT,1.6683301,2.098647
SUYWER,3.672721,2.887576
UJELAZ,2.0852084,2.1299803
TAGRUS,2.7804594,2.267634
QIMTEL,3.1788342,2.476343
CMADPT,1.9224844,2.744316
ZIDVAN,3.2512164,2.4745922
OVIBED,3.0893087,2.6539001
GINMID,3.2065897,2.779141
CADZIU,2.7897112,2.4390967
DEHYIC,3.2980201,2.3924592
FENYAC,2.1736455,2.5092802
SOHRUE,3.7655115,2.7783813
VEQLIO,3.4743497,2.979318
HUVROI,2.5997758,1.797369
WUPLUR,3.201964,2.3584628
WUYDAY,2.7812757,2.3944798
DITLEB,3.5339427,2.3836136
MESBAR,3.352715,2.8755093
SUDJAF,2.8446784,2.6181068
CAZXEK,2.224803,2.2100594
CISSOQ,3.023457,2.5703351
NERBAR,2.679505,2.7632139
PAKSIH,4.2302823,3.1498606
QUBGEC,1.5194838,1.9580495
SUYYOD,3.6860545,2.2294102
TECZEK,2.6876686,2.3104105
WUJYEI,1.3023369,2.058895
MIKGET,4.8147826,2.9406638
KIRFUQ,1.727923,1.7539723
SIRYOL,2.6841311,2.4168239
NODXUZ,0.98042625,2.8533
SAZSAR,3.692041,2.3965535
JEVCUM,3.3592455,2.6446433
HIMHIY,4.2047033,2.47674
ZISCIR,3.1372008,2.5297112
ZUZPOC,3.5551677,2.6746433
MAQPUS,3.4210155,3.041444
PIMBOG,3.8297305,2.8138223
UPOYOQ,2.5567818,2.4126105
UJUSUQ,2.4288883,2.326311
CAMPOZ,2.7799153,2.5103126
JUYMOI,1.780441,2.0717726
ZOCRUI,2.7156963,2.5203834
WUGFIQ,3.7012928,2.582528
WIDQAF,2.6944714,2.9778998
ZUYZUR,3.353259,2.96189
VUJCUB,2.9219587,2.4926014
IBIQOD,2.6963763,2.4803426
XOZBOG,2.8860397,2.7312207
WIRHEK,4.1037493,2.9996789
JAGLIQ,2.9461768,3.0950754
CUCDIQ,2.1472504,2.509406
IGUXIU,3.0389676,2.583062
WOWPIK,3.3377485,2.6688101
IBIQIX,2.695832,2.482295
ANOBIR,3.2827816,3.0836368
WUJXUX,1.584519,1.9901334
FEJCON,0.72763246,2.9642391
FITHEZ,4.009598,2.7825732
AJUDAN,3.2226446,2.6424663
QIDGIV,3.9532702,2.7686603
REYFEK,2.069698,2.5172372
ZARVOH,3.7271435,2.8807273
KILYUD,2.5774624,2.6138685
JODCAK,2.3962348,2.2404408
VOMVIF,3.1026423,2.9176898
GUWPOG,3.8866024,3.0275395
MEZRUG,1.9154094,2.7299776
OGOPUY,1.6256082,2.0671306
RIVFOV,2.817467,2.736127
QEGKES,2.2781372,2.2562017
FETXUB,3.8528602,2.6440635
FAFYUK,3.2569308,2.6370459
EQADUW,3.8819764,3.1429873
PUMNOD,3.8591187,3.0868762
ICICUW,3.7312253,2.787036
EVUSUM,1.7583997,1.8075815
CIGTEV,3.6825168,2.609428
QAFMAL,3.6885035,2.9786155
KILNIG,2.7352886,2.5939221
AGICIC,3.3450956,2.7614007
HODPEV,2.8920262,2.5820725
ZIKNIU,3.6795237,3.029239
SUYXUI,4.0996675,2.5656042
JEBZOJ,1.6092814,1.7921138
HIQBIU,2.939102,2.6051803
NOXSOL,2.4773245,2.0789459
LOPYUN,3.0408723,2.7567163
JAGLUC,3.7660558,2.9057217
IKURAK,2.6735187,2.3017573
CAZWUZ,2.224803,2.2092638
IBIQET,2.323036,2.2401035
BUSYIA,4.327427,3.4539156
SIQZAX,2.2408576,2.6688702
KATWAH,3.229175,2.8094666
BUNRIO,1.804387,2.131845
XAHJID,1.672956,2.1078944
KIGDOX,2.6419535,1.910855
NEZRIX,2.3752818,2.3792775
SAZSEV,3.675714,2.385679
ETUNAL,3.4982958,3.6450868
AMIWAX,4.5154576,3.0892823
LIFDAJ,2.124665,2.2437944
IYUTUU,2.9791026,2.7730837
EJUBOD,3.6177537,2.444432
IFAYAQ,3.6191144,2.3541927
DAGGOL,2.0879297,1.2854879
OHAYEE,3.1957052,3.243558
QOFMIL,3.4778874,2.780635
IPEKEW,2.8435898,1.6766046
GINSAB,3.0463147,2.7862518
HICKAJ,2.9072645,2.303405
DILQAQ,3.9777606,3.3238914
ZUVBOK,4.426476,3.0298142
AGUYOT,1.5807095,2.4856246
TAGROM,2.7875345,1.9648811
SUPMUO,4.9443088,2.891007
KUYXUA,3.434621,2.8204226
OXEKIO,2.4555554,2.1697903
IBENIQ,2.2354155,2.0324545
WIZCOX,3.1747525,2.761103
EDUJAQ,3.8319075,3.001668
WEFNII,2.1897004,2.2387738
EMUREM,4.163342,3.3633409
ETUNIT,3.8806157,2.940471
XEKHIE,4.8806343,3.532033
GOXGIL,3.448227,2.5821316
PESLEI,2.571748,2.491132
DUBRIC,3.883609,3.1477244
PAJRAV,3.8490505,2.872473
MUMZUS,2.0095608,2.3528879
NIPMEI,2.6329737,2.3360524
SOBWEP,2.5807278,2.3907971
VILZUL,3.781022,2.7819633
SIRZEC,2.4215412,2.487712
SIZYUZ,3.4596558,2.3143187
WAPFUS,3.496119,2.9292643
UHUPOF,2.6735187,2.5539415
FIXMAA,3.854493,3.325712
MIZFEK,3.2082224,2.5448985
TOWZIR,2.7788267,2.4544744
QEKSUY,3.3973415,2.5298011
CEQPUN,4.3736863,3.1499677
ESUQIS,3.656122,2.798315
KAPPAW,3.7766683,2.8302572
CIWWAK,3.6860545,2.578936
WEWQEY,3.0128448,2.362166
MIQTUF,3.6251009,3.005342
SINKEJ,2.0569086,2.5098622
REDZAB,3.8319075,3.017111
GABQAF,3.2580192,2.8491652
HEKRIC,1.8242513,1.8499492
ZABNEZ,4.0087814,2.7912042
LUFTIS,2.8076708,2.6409657
OCAVAT,3.328769,2.8162727
EYADAM,3.6525843,2.4969742
EYIHIG,2.0914671,2.1009378
SAYWIC,1.6838406,2.0895536
KESDAO,3.8727245,3.2085152
AHADAR,3.6076856,2.8130996
TARSAK,3.3282247,2.9119802
RIWGEN,2.4552834,2.2666457
QASCAQ,3.0340695,1.7229235
QIQXOH,3.4324443,2.9178536
LUFNOS,1.7320048,2.3551252
RODBAR,3.5987058,2.662828
ERUKUA,1.4030191,1.9895437
ONENIH,3.2876797,2.761444
CADZOA,2.6038575,2.3235826
NUYYIP,3.9799373,2.9548702
MAJJIU,3.3018296,2.7180908
MAGSET,3.2011476,2.4240992
WUCCAB,3.3597898,2.443545
CAZXAG,2.225075,2.2106419
OVIMAK,2.7646768,2.582667
GUCSAB,2.738554,2.3686488
SAGLIZ,3.0114841,2.0491076
EDOLUI,2.461542,2.1964397
ULIFAZ,2.6493006,2.149743
YIPHAK,3.1170642,2.823768
OWEQUF,3.1029143,2.6551995
NUXKOJ,2.9317548,2.1853576
MIGVAD,3.3929877,2.7058563
ESOBAS,3.5437388,3.0804565
TAZROD,4.0754495,3.4231868
ZEMPUF,3.286047,2.4956863
QUGFUW,3.0952952,2.7970376
UBOGOL,4.4117823,2.499156
EFADUO,2.939102,2.2440941
NOXSAX,2.757602,2.1806247
MEBJIM,3.1703987,2.6486464
TOVZOW,2.1978636,2.4969718
FEDZUL,3.1290374,2.794999
PIKKON,1.8794905,2.0119674
ROFMAE,2.4346027,2.4699774
ERUMIQ,2.8577397,2.459166
BOKNEY,2.4435825,2.586217
APOROP,3.3059113,2.3023422
KEMHIU,4.4904227,3.330813
FOPTEM,4.242255,3.0215163
XAHJEZ,1.6767656,2.119434
OWOZUW,4.1296,3.026882
PINJAB,2.8482158,2.2715774
MOXWUU,2.4892976,2.6100073
KEJJEO,3.472173,3.1326163
HALCIK,3.6139443,2.826794
QOCJUR,2.4395008,2.0814683
ROGTEQ,2.774745,2.4050064
MAJNOE,2.7703912,2.2062979
BAVJIV,2.5080736,2.379032
KOZLUJ,1.9815332,2.0837576
ITAQUP,3.096928,2.77172
KAHXEY,2.375554,2.2638004
SUVBET,3.842792,3.3105211
JEWQEL,3.6770747,2.9916515
YIDBIZ,2.0498338,2.3712063
MUSMIY,3.5456436,2.5697353
MEVWAP,3.0283551,2.636788
PADCUW,2.7377377,2.6119232
IYAVAI,2.6493006,2.4016936
TOWXUB,2.62862,2.4285498
IJEFUB,2.5238562,2.2030303
VIJGUQ,3.1388333,2.6899407
ALOSAY,1.2479142,1.8007814
AJEMIO,2.6707976,2.5873225
WULKEW,2.9937968,2.489921
SUDJEJ,2.8185554,2.5556636
ZIGNUC,3.5899982,2.6697857
XAHJOJ,1.6264246,2.1062546
LUZMAX,3.2030523,2.3722558
VIKMUA,2.6827705,2.6825929
HEKHUA,3.7837431,2.8947513
QENQAC,2.980463,2.2688503
ZIGBEA,3.259652,2.394428
IYIPEO,3.7630627,2.4654593
OKUWID,3.653945,2.828797
GICSEU,4.2833443,2.9947493
SUNMUM,2.3886154,2.5388176
ROGVIW,3.128493,2.5000598
BAXFEM,2.140992,2.5625021
HEJSOI,3.8702755,2.783586
IKECIM,3.4517643,2.5269072
XATXEZ,2.5861702,2.325073
EKAFON,2.1752782,2.098113
AYUWOJ,2.2852123,2.1377833
TOWZUD,2.6427698,2.44894
ZOCROC,2.6210008,2.4591885
DEHYAU,3.1818273,2.3685212
HOMMOL,2.1711965,2.4570498
SIVCOT,3.4933977,2.7075787
JOFVEH,2.5418155,2.5762634
OPOKUC,3.2585635,2.7699132
LUFNUY,1.98371,2.3547094
MEBLOY,4.0983067,3.0720174
QUNZOR,1.8386734,2.0236244
CIFBOM,2.755153,2.3515253
GOXPOY,3.300469,2.3184156
AFAKEA,2.985089,2.6479917
BAXFOW,4.5154576,3.414343
FEGKAE,3.6416998,2.5180502
OXEKEK,2.3777308,2.182781
WUJYAE,2.0705144,2.0581226
JODCEO,2.5962384,2.327064
WIDPUY,2.9910755,2.9929893
XUMJOE,2.7268531,2.5373242
MAHPER,2.9589663,2.9100492
KIFRIA,2.9279451,2.8070114
CAGJED,3.998169,2.9293659
AJEMEK,2.6463072,2.530251
PAYSAN,3.2958431,2.6010604
YOZNUZ,2.9029107,1.9681593
RILGAU,1.9088788,2.5977278
SIDDIW,1.8661568,2.261807
GETTAE,2.3562338,2.3304913
DAGJEE,2.3717444,1.8283633
GAMJUB,3.19761,2.3986375
RIVFUB,2.662362,2.6329973
VUXREO,2.7861738,2.3421075
BAVJOB,2.56685,2.3202
ECOQIA,4.6400857,2.8809845
QAJDAJ,3.0343416,3.1795623
VEJVAJ,3.5807464,2.6944015
XAQCIF,2.9725718,2.3120472
ZUCFEL,2.2043943,1.4598095
DIRZIR,2.2258914,2.4884164
TOWTIK,2.2337828,2.4153323
QUGFEG,3.4419682,2.7047675
ABEHAU,5.3394184,3.4567769
IZUSOO,2.8218207,2.6738598
FENXIJ,2.3018112,2.5992436
FAYLEA,2.6346064,2.2861474
FEJGAG,3.0245457,2.678009
MAJJUG,2.893931,2.7221475
OGAYEA,3.7823827,3.0201168
VITZOO,3.8904119,2.8958893
JIJNEV,1.4106382,2.4327023
SIQZEB,2.476236,2.593451
REKPIK,1.6152679,2.5305986
HOVQOB,2.0174522,2.1981769
GIZWEU,3.5265956,2.642993
HOWVUL,2.5431762,2.1124303
SUJGUC,1.8462926,2.0698853
QUGSIU,3.3197892,2.8338408
AGUYUZ,1.211723,1.9310232
YAPDIG,2.8993733,2.5151815
QOCJIF,2.6637225,2.3255587
XAJFIA,2.7140636,2.1335857
HIMGUJ,3.3788378,2.4864974
JUXDIS,3.003865,2.7169452
TITJEP,2.7105262,2.3011394
FEZWEQ,2.281947,2.8294697
FOSYOE,2.8016844,2.178767
TIYRUS,4.4079723,3.4184127
RIWFAI,2.3739214,2.1851013
LUTDUC,0.9221939,1.6784158
ESOVUG,3.0079467,2.7119515
FAMNIR,3.6860545,2.7370315
MOWYIJ,4.4893346,3.2854328
SUYWIV,3.9826584,2.4439747
USONOI,1.9507843,2.0538552
FIWGEB,2.7785547,2.3448565
KAKJUF,3.3486333,2.3729527
TEMMEG,3.7682328,2.490589
TESYID,2.5097063,2.2713852
HATMAU,2.7644048,2.2496028
COSYUH,3.161419,2.1726623
FOHJOD,2.6014085,3.2220142
MAQBEN,2.5611358,2.2841866
XOZBIA,1.9654784,2.1571066
KAPQAX,3.142643,2.632392
HERQII,2.3409956,2.890633
CEVNIE,3.5099967,2.4590406
FOFRUQ,2.8452225,2.0946693
QUBGAY,2.4237182,2.203246
ELANIO,4.0433397,2.9100068
ZIBLUT,4.297766,3.8989499
GOWVIX,2.1480668,2.3364792
KACKIM,2.4746034,2.2870739
WUJYOS,1.2653295,2.024375
TIRTEX,2.5529723,2.6124234
UTAGII,3.4931257,2.5046499
MISQOU,2.729302,2.9442935
NOQMEO,3.4542134,2.5867894
ZABNUP,4.351917,3.1692927
TOSQUP,3.300469,2.345818
EHIMIU,3.904834,2.9883337
JIBCUW,3.2389712,2.4378657
YATSAR,2.6759677,2.3294625
YERWAX,2.538006,2.532705
AMIWIF,4.5132804,3.092658
COCYOM,3.2547538,2.4431481
FAFZAR,3.7633348,2.6874335
XOSMEX,3.914358,3.004504
MUZWAG,1.3012484,1.8390963
DIRZOX,3.2376108,2.89852
QIMFEB,5.3258123,3.4851813
CIVFIA,3.1578813,2.793587
ZUZWAV,3.1396496,2.866704
WUPFES,2.3665743,2.7667239
ZAQNUE,3.675986,2.8404624
CIMMAQ,3.3894503,2.6267827
GUFVOV,2.1208553,2.0992575
LULPAK,2.5151484,2.4528558
YEHFEA,3.099377,2.9424849
JEBHEH,2.8688965,2.4277308
CEGYOG,3.1388333,2.5991938
DORYIV,2.975021,2.7097142
IJANIQ,2.8196437,2.8687832
TIDFAR,2.824814,3.0111415
KIGCIQ,2.569027,1.8947451
EHIMUG,3.8778946,2.991831
HUBSUV,4.2653847,2.871299
TAKBIU,3.6768024,2.7834315
BIPFIR,1.0258693,2.203676
JAGMIR,3.9905498,3.1488225
NOJYAP,3.8172133,2.6801977
UZUWAQ,3.0923018,2.2886407
TITKIU,2.6212728,1.978954
ELUPIN,2.8729782,2.532506
LABLEJ,4.382394,3.2920566
WEMXUK,3.5342147,3.2962127
QARBAQ,2.323036,2.2811577
YAPDOM,2.839236,2.7503874
YASLEL,2.8721619,2.7644281
BAVKIW,2.5565097,2.5119963
SIQZIF,2.3671186,2.5482163
DAQNIU,2.635967,2.0339208
RESHOQ,5.003902,3.0076578
LIMHOE,3.9078271,2.790267
NATDUL,5.1652656,3.3906345
MEDVOK,3.3358438,2.016427
IMAQIZ,4.077082,3.0390255
JAZJED,3.575304,2.6418705
FAHNAH,2.4552834,2.4726353
MIQCAT,4.6381807,3.189064
IXECAS,3.2623732,2.4064212
BIDSAL,3.7725866,2.676185
FIBVIZ,3.1132548,2.66395
UQELEK,3.3921714,2.7751153
PUNQAT,3.9723182,3.0582016
JIPDEV,3.1075404,2.6043997
IRAZOT,3.328769,3.077188
LOWGOW,3.3426466,2.7115834
KIGHIV,4.5843024,3.3187666
PAZPUF,2.406575,2.579767
AHUPIF,3.8795273,3.0967357
XEJSOY,2.476236,1.9853271
GALBAA,2.7864459,2.2980013
COCHUB,5.0621343,2.8061192
QUSVEI,5.075196,2.6947203
ANOVOR,3.41258,2.9887848
MOSVOI,3.6504076,2.6280735
MALREZ,4.9296145,2.888539
DUNRIQ,4.2833443,2.9290693
UKAHEW,3.7535386,2.9095008
FAJVUL,2.9401903,1.9420788
COKJEV,3.1222343,2.8451097
MUZNAZ,4.54158,3.2891335
HIMGIX,3.2920334,2.8293629
ZODCOO,6.083922,3.686825
JAZBOF,3.6264615,2.6895719
LECWEZ,3.9761279,2.793111
JALMIW,4.0117745,3.025348
FUGMOM,2.8120246,2.1321912
WEFREI,2.9706671,2.6726632
XOVBAO,4.3198075,2.9533315
WABXEG,3.0479474,2.5304973
PINBEX,3.811771,2.9851086
TOCFOK,2.6566477,2.942491
HAYQOR,3.415301,2.8064873
PEGHES,2.7559693,2.8361433
KISPOV,4.914921,2.9704359
YUVKUY,3.2117598,2.815779
OKUQOD,3.9334059,3.0680208
UHUWIG,3.8177576,3.0981045
KASZOV,3.2982922,2.5786433
GAFLUY,3.255026,2.5541608
KUNBOM,2.7178733,2.5204918
TEQFEE,3.0871317,2.4431195
FISJOK,4.382394,3.1146088
XAFVUZ,4.131777,2.9494576
ASOWEN,3.6909525,2.9108436
ZUJPAY,3.5733993,2.9538305
GUSRUK,3.8542206,2.9607062
BEQDOU,4.333413,3.0156486
TOVQIH,4.688522,3.0378606
QIQNUD,4.9364176,3.151821
JAYYOB,3.6237402,2.6327207
VUVLAC,2.7276692,2.188285
ZIXFUL,2.8411407,2.883271
AQOKOJ,1.6283294,2.378019
DIBYIA,1.3679163,2.1701026
TIDBAN,2.6403208,2.2440686
ZOVZOC,3.8735409,2.7495182
GASYAE,2.8980126,2.23693
CIDWEV,2.6928387,2.5246592
ZOKMOF,3.649319,2.924507
YEWVAB,4.3361344,2.9940307
IGEDEG,2.0925555,2.217225
MOSVAU,3.1652284,2.5958898
IMALAM,3.5736713,2.4308867
HAVMOK,0.23864385,1.6687348
ZICVEQ,3.2751625,2.5191612
CUVYIE,4.5396757,2.8776479
XIRYUW,4.179941,2.9354436
BERBIN,2.6065786,1.9940155
HIXFED,2.4512017,2.5017378
AHOZOO,3.0215523,2.7260382
RUNYEH,4.17722,3.12301
VENJAD,2.1129642,2.5166368
ZUWLOV,3.061009,2.8324745
IGECUV,2.0120099,2.47885
YOKFOW,3.2607405,2.836636
EDAZUI,4.7113795,3.3304937
LUGRIR,2.5758297,2.450697
PITWIB,3.1655006,2.913419
UTEPER,4.205792,3.1175673
EQUJIM,3.8226554,2.6101868
UJIMAE,3.4329884,2.6049688
WAXLIU,3.4027839,2.9954622
XISDUC,2.8253582,2.2730162
HEWSOV,3.9529982,3.0870416
NAGJEL,5.05642,3.5641632
UXILIZ,3.23108,3.0155535
YABYOT,3.1657727,2.4261067
RAJFAN,3.6604757,2.564643
SIJDIC,2.8936589,2.0993643
MOVHUD,4.02538,3.0843081
PUSWOS,3.3173401,2.7336557
VAPJIJ,3.6008828,2.8738565
ZAMKUX,3.4781594,2.6754413
WEHBEU,4.8583207,2.7153995
BEZPAB,3.14999,2.5690196
CUXGOU,3.309721,2.8261728
LALHEP,3.842792,2.6895442
PEFXAC,4.442531,3.0008652
IPUGAE,3.185365,2.6236525
IQOZAS,4.027285,3.0350332
CUHVOT,4.0566735,3.1839676
WUMMEZ,4.136947,2.8771105
XOVBIW,4.523349,3.1263537
NUHLAG,3.5287726,2.7423036
YUKDIU,3.2365222,2.7953203
EHEPIT,2.6841311,2.4034035
DAPGOU,2.0705144,2.6930923
XOLVOK,3.6721766,2.7743294
CUQPEK,3.2256377,3.0369754
POYVUX,4.134498,3.050506
FIFZON,3.3750281,2.9855464
WEFQIL,3.0784242,2.6095695
VIZZUD,3.2653663,2.7153306
KOZFIR,2.4716103,2.559129
IFONEA,2.8928425,2.6075838
KUFBOF,2.208476,2.1394382
BUPDOI,3.0988326,2.5195808
BUQCUO,2.652566,2.1551328
HOVGIL,1.4868301,2.1452932
NEDRIB,3.5287726,2.7490108
XISRIE,3.329313,2.9697201
FUPHOQ,2.8852234,2.960841
UTEPIV,5.1277137,3.2869864
JUKJEH,4.4662046,3.4091861
REBFAJ,2.8740666,2.0101943
CUVYAW,4.487158,2.8796608
UVAHUX,2.4052145,2.3956034
KOZFOX,2.4884813,2.5355382
YUQHUQ,3.573127,3.0837343
FIZYEW,1.5883286,2.4549303
YACCEO,3.3116257,2.7961764
FISGEX,3.8577583,2.4605632
WAYQEW,3.1440036,2.3544588
QUVYIS,2.15106,1.8142604
NEFDIP,3.3211496,2.758095
PAJJOD,3.5848281,2.6789799
MUSNAS,3.0093071,2.000872
KELTEE,2.2258914,2.5149386
WAYQUM,2.6645389,2.325105
GIRVAI,3.8680985,3.235581
TIXTAZ,3.2150252,3.0239096
KEZCUR,3.0109398,2.596727
SUKBIM,3.9987133,2.7155976
REBJER,3.474894,3.0998635
QUGQER,2.2563682,2.7114794
BAYSOM,3.7870085,2.9276795
LEMGUJ,2.8958356,2.527459
UXUPOV,4.4232106,3.1395597
IJOSUY,3.715987,2.6184845
ZOJLIX,4.667025,2.742909
WACCAI,2.463719,2.8052206
VEVXIH,2.8659031,3.0226939
WEFQOR,3.0863154,2.665769
LUNJOW,3.266999,2.770258
JUFGUP,3.556256,2.2976341
AZOXAR,2.7611394,1.53625
RARTOX,3.598978,2.9109128
UXEXED,2.4460316,2.0565224
VEFQIK,3.173664,2.3978326
GETZUE,4.739951,2.931502
EHIDIJ,2.631341,2.817031
VIKMOT,4.4822598,3.5947437
TIDBOB,2.597599,2.2562215
PIKHIE,2.2980015,2.259769
PUBSEN,4.932608,2.9917288
HAYQUX,3.4740777,2.7404134
AZEPAZ,4.6297455,3.1155806
ZOKLUK,3.2280867,2.815872
XEJSAK,2.77665,2.1460216
RECMOF,4.5279746,2.9713933
PIMZUK,3.2841423,2.7060223
IHEXAX,2.4310653,2.4059782
YERXAY,4.170417,2.4632244
ECOPIZ,3.3429189,2.8555632
XEXPOJ,3.9954479,3.2267673
JAZBEV,3.6901362,2.4585264
IYAPOQ,3.9412973,3.0075862
JAVPOP,4.237901,3.0730872
NAQHAS,3.4754384,2.819234
COCJAJ,4.935057,2.746061
ZAGBES,2.844134,2.6212637
NIZJAJ,3.9323175,3.038681
SODXUI,1.7363585,1.8027772
DUSRAN,4.2262006,3.128879
UGITUC,4.1734104,2.7155864
ASOWIR,3.5889096,2.7102087
OLOYAS,3.2392435,2.849225
NUTCUD,3.2819653,2.2292106
FAXJIB,2.7837248,2.3061047
WAHTUY,4.281984,2.7921114
BIYRAG,3.1752965,2.5334992
ZOKFAK,3.3565245,2.9021754
FIQKAV,3.4049609,2.671877
GORCEY,3.102098,2.78384
NAGKOZ,4.975602,3.0529497
EHIDAB,3.283598,2.9729166
ADEWUF,3.4950304,2.7195725
JALMOC,3.7823827,2.8263414
EQODIA,4.3750467,3.082306
VEZDUB,3.1679497,2.652594
EDEBAU,4.825123,3.2387187
PEPGOK,4.518995,3.0511286
KOZFEN,2.9747488,2.7095485
COCJIR,4.6248474,2.712507
CUVYEA,4.770156,2.9176528
AZEGOE,4.0730004,3.0758224
FIQJEY,3.5176158,2.5775032
FANRIZ,4.985126,2.9542243
PIKHOK,2.2773209,2.1495867
WOZDIB,2.6571918,2.7977843
HAYYEP,5.515204,3.32333
ODOGAT,2.8425014,2.4799645
PAJHUH,3.6868708,2.836241
UJULAP,3.4520364,2.9865828
ECOPUL,3.3584292,2.8090456
QALYAD,4.720631,2.7849896
REBJOB,3.4566624,2.911131
ZECXUE,3.5399292,2.990471
PEGHUI,2.203306,2.4993465
UKIGON,4.145927,2.9620085
GIRLUS,4.3070183,3.05075
MUGJIK,3.1995149,1.8715736
UVAGIK,2.4318817,2.5024521
UCEVUX,2.635967,2.3627691
DIBTUH,2.8239977,2.642826
EWIHIE,3.4933977,2.883637
FAXDOZ,3.128493,2.5521293
PUXGUN,2.294192,1.9303703
VAPKIK,3.4743497,2.8246815
PENTAH,4.0155845,3.013445
VUVLEG,2.4884813,2.179073
WAHSOR,3.066179,2.8002977
JAYYUH,3.680612,2.4325168
COCHAH,4.7021275,2.971664
IGEQIX,2.7042675,2.531246
ZICVAM,3.6471422,2.9040463
WADHUI,2.8925703,2.9105024
BEDKAA,3.2708087,3.0071626
ESOJEC,3.1861813,2.9770303
ZUWLIP,2.9197817,2.8506138
TASPAI,4.0596666,2.9889429
HOVGOR,1.7314605,2.1945794
ZUWMIQ,2.7709355,2.9117568
GUMBUO,3.6697276,2.7758646
WIZNEC,5.1941094,3.1268864
WAHROQ,2.6724303,2.8958228
NUCLOP,3.4455056,2.7309885
HOBVON,2.10344,2.5299685
UDESUV,4.5709686,3.2815979
IXADAP,3.7031975,2.7455947
GUPSAO,4.026741,2.810775
NOPWEW,3.7418377,2.9705646
UPUCOY,2.922503,3.003924
NIRQAK,3.161419,3.1217287
VOYPIK,2.0966372,1.8290687
VEDCOA,4.617228,3.0384989
LIBXED,4.5353217,2.7258363
YISJUJ,3.9883728,3.083781
WOVTIN,2.9399183,2.349853
DUNWOB,2.9320269,2.6923504
GUPRIV,4.0400743,2.8400908
SANZAM,1.1779809,2.3152678
IYAPIK,3.9233377,3.2337637
DILWEE,3.2185628,2.8355541
CUVYOK,4.58403,2.798638
WAHSEH,3.6735373,2.7909613
LUWJUL,3.565508,2.4012074
IKULAE,4.3059297,2.7091618
SUKBOS,4.050959,2.8071303
MUSNIA,3.022913,2.165566
LEVLIL,2.3371859,2.6615512
IHEXUR,2.5445368,2.4848864
COGDAE,3.3592455,2.7895494
ZEXHAP,4.2090573,3.024807
COCGIO,5.257512,3.0922444
WAHVEK,4.5034842,2.6932454
FIQHOG,4.493144,2.871307
HIBMIS,2.678961,2.4539993
MIKQAC,3.467819,3.0037756
WEFQEH,3.0773356,2.6453238
UPAPUZ,5.372888,3.5507882
OLOZEX,3.2942104,2.9398878
IPIVEL,4.5943704,3.151788
XELYUM,2.0974536,2.1064348
ZAMKAD,3.2580192,2.386475
ZICTUE,2.7839968,2.6021705
COWFUS,5.0017247,2.8434174
GAKZUR,3.04441,2.1668472
BOHWAA,2.6808658,2.6086464
ACITAL,3.5140784,2.6242597
BEPLIV,3.6378903,2.2752414
NIRJUT,2.1750062,2.988758
IMUHUW,3.281149,2.6953914
REBJAN,3.4599278,3.2756767
ZUWLAH,3.5698617,2.793298
BEXJOH,4.133682,3.128063
ESITIM,3.1910794,2.6598172
RUXQEJ,2.095821,2.1391935
DAPGIO,4.5970917,3.0762799
PAZPEP,2.4773245,2.437736
EDEPUC,3.6242845,3.4099567
QILDOI,4.2520514,3.1020603
CAYMIC,2.819916,2.7722073
IMAKUF,3.161963,2.606247
POYWEI,2.593245,2.8611007
KEZDEC,3.1412823,2.567706
SOLTIW,3.8076892,2.372707
FAHMOU,2.3448052,2.4155774
IYAPEG,3.6800678,3.1512103
CUYWUR,3.3831916,2.784782
ZAMJUW,3.446322,2.6856725
ZOKFEO,3.434621,2.822643
PUDBIZ,2.4980052,2.724391
ZIXDUJ,2.1834416,2.3330903
HUXZIM,2.8473995,2.596911
EPACAA,3.699932,2.6426752
KAHLIS,3.3641436,2.7603786
LEVMAE,3.6332643,3.0985334
MEHLAQ,4.139668,2.8604765
JAYPAD,4.828388,3.2639883
ZOKNEW,4.1859274,2.9251318
XUVVOC,3.708912,2.7510886
ZOKDUC,4.2689223,2.938099
FOXNOY,3.011212,2.6966598
CUYWOL,3.323871,2.9967797
CIDMUB,3.1913514,2.5436852
TASNIO,4.343754,3.0314186
AQOKEZ,1.6269687,2.340846
COWGED,6.18025,2.4182067
OJAVIH,4.738319,3.3997345
NUDMAD,3.2147532,2.5256898
JODTUV,3.0109398,2.669825
KUQBII,3.2792442,2.8829203
VAPTIT,3.3611505,2.902055
ZIRVOP,2.9260404,2.9532578
BOWVAN,3.5442832,2.910659
VIJHAA,3.2158415,2.764338
HOBVUT,2.2280684,2.0667388
SOBZIW,4.35872,2.9491746
QUNSIE,3.916535,2.5330584
UCOWUI,2.49991,2.6349525
GUMBOI,3.6555777,2.759283
IHEXEB,2.5635848,2.6065745
DEPWOK,3.0131168,2.9775121
TASNOU,4.139668,2.7010126
NAPQEE,2.9644084,2.746832
LEBCII,3.589726,2.8275642
ROVYAF,3.6237402,2.3724399
VIDCOE,2.9249518,2.7403238
OJANAR,2.6751513,2.4275515
LOYYOQ,2.7110703,2.242237
ZOKMUL,3.3823752,2.904483
LEVLOR,3.0250897,2.8510303
UJAHIZ,2.6922946,2.5875943
TEQFUU,4.3608966,2.7035303
PIJHID,4.6441674,3.093443
LADBEB,2.9905314,2.0925393
AYIXUB,3.066451,2.8840551
QUDFAY,3.7225177,2.5163746
HISDAS,3.776124,2.7952223
NAQHEW,3.46537,2.8124726
QUDBEZ,3.302918,2.1604512
YUTDID,4.155995,3.0883117
NUDLUW,3.1559765,2.4815574
LULXUO,4.7165494,3.2507923
UMIYEX,2.0773172,2.501365
GORCIC,3.3655043,2.820904
SEDMAT,1.8805789,2.3906944
VUGVEB,3.6008828,3.0615358
EKEVOI,3.240332,2.827461
UKIHAA,2.693655,3.1102862
LEVPUB,4.967983,2.909029
QUGQIV,3.3603342,2.7981102
KEGBIL,2.6093,2.3029814
DUCYEI,3.0550222,2.6144004
QELRAE,1.835408,2.3078618
DUVTEU,3.5007448,2.9860425
WOYPUY,2.7673979,2.824
MUFXOB,3.9532702,3.2665296
GOYBII,3.6305432,2.4310954
IJOTAF,2.6604571,2.48585
BEFXET,2.0658884,2.5710042
IKAROD,2.8305285,3.001078
ROSNIZ,2.8767877,2.6272156
WELGON,4.335046,2.6122274
IHEWUQ,2.492835,2.5627027
JANMAQ,3.6680949,3.0329437
OTOWOM,3.5456436,2.8757975
IMAQOF,4.100484,2.9208987
ZATZEZ,4.409333,3.113802
FERGUI,3.3393812,2.6121688
SUHDOR,2.7094378,2.4574928
CEWGAQ,4.064837,3.0870168
WOZDEX,2.8433177,2.4813588
FUJHUQ,1.7298279,2.4031055
FAHNIP,2.3529685,2.3868747
MIRYAR,4.3532777,3.064755
VOJWOH,4.48362,2.8623393
ANOVIL,3.5616984,3.025017
EQODEW,4.421034,3.0457616
LUNKIR,4.009598,2.8665874
WUGDIO,3.386185,2.6123066
AVAJIS,1.7208481,2.2525651
DIBYOG,1.5066944,1.9773772
GATHES,4.21069,2.8162107
UXILOF,3.2199233,3.0665102
TOVQON,3.5355754,3.0492682
GUSSIZ,5.9587493,3.115974
IBOJES,3.0313485,2.986095
GIRMIH,4.234908,3.2749953
RIMGUT,2.6253545,2.6775308
CEXYIP,2.815018,2.398291
NEMQUV,1.9124162,2.294415
WUCLEO,4.1037493,2.9591033
BUFXIL,4.3989925,2.9487743
NERMOQ,3.9067388,2.784685
CETZAG,3.4838738,2.7538147
LETLEF,3.8868744,2.753918
EDILIQ,3.4283626,2.47794
TANCUK,2.6229055,2.5237186
UQEKOT,3.6147606,2.9338598
WAGSIG,3.1981542,2.8088012
PUDTAM,3.9734066,2.6350613
JABZIW,4.5497437,2.9001591
ADODAC,1.7113241,2.4129322
UHICUM,3.3652322,2.8970165
VUQBER,4.16824,2.955831
WAHRUW,3.142643,2.47397
SIJDOI,3.5597935,2.7067542
IPITOT,3.410131,3.0521955
COPYUE,2.1341891,2.5019066
EQEBUA,2.837059,3.0210571
TAYGAF,2.6974647,2.5017698
NUPXUU,2.8863118,2.6082692
XEZNOJ,3.8438804,3.0250938
FIQHUM,2.3962348,2.6923912
EHEPEP,3.1431873,2.3459818
LALFUD,4.356271,3.1972039
ANOYOU,4.801177,3.3156438
POLMEM,3.6626525,2.8086295
VIQDEI,2.4408615,2.0421996
FAHCIE,2.5292983,2.2415273
FIQJAU,3.5859165,2.3212006
AZEGAQ,4.0240197,3.140564
RIMGON,3.388906,2.6901965
LIMQEF,3.5807464,2.5854964
VIVPUP,3.8321795,2.908165
COCHOV,5.1777825,2.971237
FAJYIC,3.068628,2.1832547
LOSYIE,4.143478,3.0964954
CUVYUQ,4.57886,2.8687682
VENHIJ,3.0503964,2.779173
AZUGOU,4.521444,3.084462
CIDWAR,2.937197,2.7737706
BUWFOR,5.594661,2.7591443
AZOWUK,3.188086,2.349354
FAXXAH,3.006858,2.8710477
JANMIY,3.799798,2.9355316
EWUMER,4.067558,2.8507907
LAWLUR,2.61964,2.5246813
FOXNIS,3.4289067,2.7078497
JAJMUG,4.4751844,3.3369987
OHUZID,5.136149,3.423543
XISGAL,2.8974683,2.7373831
KAQKOG,3.6308153,2.7091088
HAFQIS,3.883337,2.8415399
QUHCUU,4.0656533,2.94931
FIHYII,3.517888,2.985939
HURYEB,1.5959479,2.5382252
IYAPAC,3.864561,2.5292735
OWIMOZ,2.9815516,2.8849058
MUYYIR,4.043612,3.1064725
FIZKAE,3.98157,2.9987104
PEGGOB,2.838964,2.6936297
LUYLUP,2.8993733,2.8566294
KIMXUD,4.76553,2.9165652
COCJOX,4.550288,2.705496
BIYREK,3.2133925,2.8040378
YINLEM,3.3872733,2.9567165
WEFQAD,3.0754309,2.6490648
WUCLAK,3.629727,2.6924853
OKAPUL,4.1842947,3.1485193
IPIGOG,3.450948,3.111421
WAVFUX,4.5491996,3.0728168
MOVHOX,4.108919,3.1669855
WEFRAE,2.3159611,2.5323355
HEWSEL,3.899936,3.0033839
IJOSIM,3.5053709,2.266933
LABMEK,3.1431873,2.626965
UGEBAK,3.738028,2.7612648
XUVVAO,4.5279746,3.2090638
MOSTEW,3.4237366,2.7264683
CUGLAU,3.4332607,2.4039166
LAJTIB,3.634897,2.9486332
NOPWIA,3.7889135,2.8999345
PAMZUC,2.6084836,3.0788052
JAZJAZ,3.448227,2.4857512
LALVON,4.2297378,3.24075
MUFLUX,3.2871354,2.2577548
HIRKAY,2.2882054,2.5007446
YACDUF,5.4020042,2.812662
EVEGUK,3.9306848,2.7451947
ADUTEC,4.2335477,3.2764857
HABBUL,3.7851038,2.9367163
RINZUN,2.755425,2.973517
CIXKED,2.8261745,3.0625982
BEDXUH,3.2637336,2.8088315
WAHRAC,2.0525548,2.526159
LIYVUO,2.365758,1.9456716
ZUSTAL,4.403619,2.9518964
SEBSUO,3.5233302,2.8576317
XEJSEO,2.5086176,2.0724719
MIKPOP,4.7154613,3.169389
ZICVIU,3.410675,2.6215467
VEDBIT,4.649882,3.0481007
DUNQOV,4.253956,2.8483338
IFUKAZ,4.0825243,3.2901433
IJEXAZ,3.49884,3.1330323
WAXMIV,3.6196587,2.9361627
HOVMAJ,3.8147643,2.8297253
JUKJOR,4.5091987,3.3279803
XUQFAT,2.9812794,2.285101
EWIJAY,2.6444025,2.6959012
REDPUP,3.248223,2.9855824
IBUMOL,2.4892976,2.6334572
YUVKEI,3.6982994,2.9723961
JOFBOZ,3.321694,2.6140947
OJAVED,3.634625,3.168888
APALOV,3.2982922,2.821594
FAHNEL,2.2580009,2.3956852
ISULAM,2.8697128,3.0738442
LUWKAS,2.877332,2.2992375
IJOSEI,3.245502,2.6353817
GIRTEK,4.2792625,3.2809973
ITAMUM,3.104275,2.6423068
UGIZIU,3.5423782,3.183304
XIHYEW,3.5415618,2.8026547
IYAPUW,3.7576203,2.6551094
QUTSUW,3.168766,2.020935
GOTLIN,2.5638568,2.472182
IBOJIW,3.1747525,3.11507
GEPWIL,4.177492,2.9965065
BOHTEB,3.140466,2.5867548
NARNAZ,2.8479438,2.5173874
KOJSAG,4.375591,2.986505
NUZNII,2.423446,2.3596168
PADVEZ,3.594624,2.343126
SEBNAO,2.8348823,2.9238122
LEVQEM,4.624303,3.0107684
NESLED,4.843899,2.9718008
YUKDEQ,3.7557156,2.8392117
CACYAK,3.1347518,2.4813375
WOYDOG,3.6229239,2.8759902
GIXHIE,2.834066,2.9277213
LUXZEL,4.0667415,3.2193093
ERECOW,1.9075181,2.4136794
AREGIQ,2.8169227,2.5180473
AZAWEG,1.3567597,2.0073562
WEBQIH,4.539131,3.1211257
VIZGIY,4.1339536,2.9732437
BOHTUR,3.183188,2.627109
KEJRUQ,2.43297,2.8586872
UPAMUW,2.0854807,2.2057972
BIWNUR,4.691515,2.9077625
CIDMOV,3.3181565,2.6597414
WATNIS,3.3448236,2.9147937
ZAFPOP,3.6773467,2.992162
ORAZIS,3.0762472,2.8711143
CIXKAZ,3.7548993,2.9298043
GUPRUH,4.0373535,2.8493826
LALVUT,3.7029254,3.046827
JEWJAA,2.0707865,2.404715
GUSRIY,4.8264837,3.226209
PIMCIB,2.8593724,2.5651572
IJEVUR,3.4683633,3.135526
VAPVIV,3.0074024,2.7358186
EZAGOE,4.2939568,2.9685485
UXUBOH,3.4022396,2.5513544
QAGJAN,3.1494458,2.993076
POKZAU,4.953833,2.744706
PUZVUE,1.9439814,2.2726254
KAHQIX,3.6139443,2.726038
UXUDEZ,3.4133964,3.0949328
EPUHUV,4.0667415,2.9784377
CEWGOE,3.200059,2.8038373
LAKXAA,2.9600546,2.2538912
VUHWON,3.3976138,3.2556992
VENHUV,2.7469895,2.6088133
MEJYUZ,2.8852234,2.9641337
XIYTOS,1.6854733,2.185662
HEGLEK,3.465098,2.8216572
IJUNAF,3.1633236,2.4418592
ININEB,3.3976138,2.7348986
REBJIV,3.5929914,2.8509483
NEMSIL,2.4343307,2.3947475
OTAJAX,4.1456547,2.8766026
IGECOP,1.9864312,2.5163643
CIDWIZ,3.0484917,2.4366846
LECWAV,4.3320527,3.2325394
HIQQIL,3.6384344,2.8481245
JAQPAW,2.3750098,2.7910907
GIWFAT,3.77558,2.8253698
ZEZSIK,2.9932525,2.932743
UROBAH,2.0261598,2.212801
ESOVOA,3.7293205,2.7651486
FIQMIF,2.5034475,2.6750107
XILQEQ,3.491221,2.5539892
BUQDAV,3.9900055,2.759037
TASNAG,3.1382892,2.7993708
UQEFOO,2.6805937,2.2135153
EQOHAW,4.4316463,3.1222923
XIHYIA,3.042233,2.2276783
KIGHER,4.483348,3.073999
RUNXOQ,4.4174967,3.0234787
IGEDAC,2.4071193,2.4767678
GICBUT,4.105926,3.2625008
DUNQUB,4.2297378,2.7182405
ZAJZIT,6.0635133,2.5565286
LAMLIX,3.5665965,2.847012
UWOMAX,5.4044533,3.2437208
IZIXAT,3.3059113,2.6582675
YIVMAV,2.7322953,3.0123167
UCUPUH,4.7451215,3.136178
FOPTEK,4.4346395,2.9780424
YABXUY,3.2895844,2.6651452
MUYXUC,3.8074172,2.852193
WAHVAG,4.32008,2.627804
ZEXHET,2.666988,2.7070966
YUVXUL,3.3663206,3.4044933
AYIBAO,3.637074,2.6448824
VENJEH,2.3586829,2.5092938
GUCBUE,4.3965435,3.0340023
XISGEP,3.6049645,2.9319692
PUSWUY,3.226182,2.8151994
XUNWUB,3.6531286,3.01311
DUNROW,4.273004,2.9840412
LOCWEJ,2.884679,2.9614797
OTAJIF,3.594624,2.891104
RABHUB,3.3040066,2.8346455
ZEGVEQ,4.0281014,2.8553586
KINJEA,2.571476,2.7398672
ZOKMIZ,4.165247,2.847152
NERMUW,3.8577583,2.977927
HUSYIG,3.2338011,2.5988228
NUFYUL,3.1916234,2.8310974
SEDMEX,3.1388333,2.8092465
EFAXAO,3.2904007,2.220772
FABWIS,3.0713491,2.8432255
YIDPEK,4.0093255,2.9289458
SAMXIN,2.604946,2.8362734
QELFUM,1.1823348,1.776082
COCJEN,4.6662087,2.8308945
RUNYIL,4.942132,2.9702194
DAPGUA,2.0648,2.7601902
IJOTEJ,3.2278147,2.6029148
UKANEC,2.9567893,2.383469
FIQLIE,4.4321904,2.9450474
IMIBEO,4.2887864,2.971105
DUNCAT,3.0580156,2.334819
HIXDUR,2.5241282,2.5515985
GAFLEI,3.255026,2.5541322
XIZYAI,2.7189617,1.9618618
IPIVAH,4.446613,3.2132175
NEFDEL,3.240332,2.7082741
WOYPIM,2.4207249,2.808368
DITFOF,3.384008,2.5353622
YEYDAL,3.7603414,2.9152431
KIGHAN,4.440082,3.1789672
GAFJIK,3.2582915,2.7729511
PENSUA,4.1829343,3.09738
MULZOL,4.3905573,3.2299168
AQOKAV,1.5913218,2.3280175
YUFJOB,3.1129825,2.6210153
SILROY,4.2934127,2.8543236
EWIHOK,3.4667306,2.6155405
NIYBIK,4.0281014,2.8652463
PEGJAQ,2.3820848,2.6305213
UHEFUL,2.6030412,1.9876025
PAWKAD,4.016401,2.9001527
UPIFOR,4.2792625,3.0065076
OBIVUR,3.785648,3.0533721
YAHMAZ,3.0199196,2.8003812
TIXYIM,2.3744655,2.7036374
XURBOE,3.5241466,2.5374408
ZAMKEH,3.4514923,2.673486
JUBXIQ,2.8718896,2.6521904
QELZUG,1.376352,1.8693315
JIKFES,4.863491,3.2381284
FIQHIA,4.485525,2.9940376
VIQWAX,1.6803031,2.2258706
FIBVEV,3.2201955,2.3586147
XISROK,3.18346,2.8285139
HIRKEC,2.8234534,2.8402507
RIMQIR,2.8378754,2.6617274
FAXJOH,2.4667122,2.0049624
QAPFAS,3.9810257,3.1615255
GIRLIG,3.8479621,3.1114607
OXUGIA,2.8373313,3.0204813
CAYMUO,2.824814,2.7154498
IYANUU,3.7238781,2.9271135
UYODEU,3.1001933,2.5127707
VAPYAQ,3.859391,2.9631286
OJAVAZ,3.697211,2.7478642
WAXNAO,3.2169302,2.9067285
LUGRAJ,1.823435,2.4550686
GALBEE,3.2795162,2.3570452
GICBON,4.165247,3.172725
REKGIX,2.9287615,2.2237003
PINBOH,4.341305,3.0345623
IRAZUZ,3.2278147,2.9694753
RARFAV,2.0201733,2.0545497
DUSRIV,3.2226446,2.7543697
DIBYEW,1.6258804,2.2198467
XAFVIN,4.3524613,3.0614207
YOWYIV,2.1635773,2.87015
UJOXOJ,3.764151,2.906291
GETZOY,4.9244447,2.9889648
ZOWMEG,5.7938485,3.6461706
WIPMEQ,4.7214475,3.0464814
LALXAB,4.834647,2.8705938
FAJWAS,2.6068509,2.4238336
QUDBID,3.130942,2.23355
DIFQUI,3.565508,2.8243058
LEBCEE,3.677891,2.9092991
UVAFUV,2.3842616,2.4320493
TULJAO,4.1946354,2.3578918
HELREZ,3.3382928,2.334185
EREDAJ,1.9390833,2.3432362
INAZAB,3.8400707,2.9842227
NUHLIO,3.4019675,3.3088884
YACCIS,3.886058,2.5141363
COHLAQ,2.0745962,2.1241705
TIBLAV,3.2797885,2.2294235
VUHDUA,3.283598,2.8841808
ZUWMEM,2.9497142,2.8331823
BEZXAJ,3.2680874,2.7979867
YAMMOQ,4.939683,3.13851
ECOPAR,3.2795162,2.781547
FABLED,0.6813731,2.080261
REXZAV,4.518995,3.1399457
EQOGID,4.070007,2.6866822
POYWIM,2.5744693,2.7661123
CEWGUK,3.2904007,3.1445267
FIQMOL,2.447392,2.7450318
POKZEY,4.0261965,2.67126
VIQVUQ,1.6794868,2.2258995
SEVXID,3.2803326,3.2976801
ZICVOA,3.3350275,2.807885
AREGOW,2.9461768,2.365921
ECOPOF,3.3274083,2.8124595
DELZON,2.7401867,2.360217
HIHMOE,2.6680765,2.6059144
BEZPEF,3.4743497,2.8986914
YUVROZ,3.9064667,3.1511898
GIRTIO,4.004972,3.1212454
ZISRAY,3.9723182,2.9157903
FIQMEB,2.444671,2.7342882
DIZLAZ,3.86184,2.8845708
EQOFEY,4.040619,2.7250602
IBUMIF,2.351336,2.4807103
CAPWOG,4.1527295,3.0562057
ZOKMAR,3.524963,2.9119785
ZAGNAA,3.0882201,2.3727863
JIXFAY,3.7529943,2.7361007
ZICTOY,3.126316,2.782233
RADLIV,3.5554397,2.376865
JODVAD,2.7703912,2.9463835
JUBXOW,3.4093146,3.065669
EQODUM,4.541036,3.067165
YISKAQ,3.9018407,2.9856703
BEXJIB,4.312188,3.0811486
WUQXUD,2.884951,3.1057873
JUKKEI,4.648793,3.3728113
UTEPAN,4.856416,3.3994179
ZECXOY,4.065381,2.8906705
VENHOP,2.014459,2.5970938
PIMCAT,2.4457593,2.2291644
OLOYIA,3.3442793,2.9771667
MUNCOQ,3.3565245,2.7867815
YIVMOJ,3.056655,2.7621627
JAYZAO,3.4468663,2.6931243
EZUDAH,3.6531286,2.9103937
VUWQAI,3.6980274,2.3572166
DEMHIQ,5.01397,3.1312094
FIQWIP,4.415864,3.0795789
BICXAQ,0.9235544,1.3260165
ZISQUR,3.7652395,2.8545423
LOYYAC,2.760595,2.1210024
YIXROP,2.6283479,2.65236
PINBUN,4.341849,3.0164537
DOLZEM,4.031639,3.0108318
UKIGUT,2.6849475,3.1081347
IGEQOD,2.0827596,2.222
XIFDEZ,1.6411186,2.4354222
GIRTUA,4.3108277,3.0027735
ZIDVIV,4.9622684,3.1593945
FEYPUU,3.8153086,2.9219818
PADVOJ,2.1660264,2.3426478
FUFVEK,4.301576,3.1478205
FANXIF,5.1663537,2.9437296
AKEKAC,4.3010316,3.0699568
ZIZFIZ,3.9203444,2.8758552
FIFRIZ,2.736377,2.4510224
FAHMUA,2.26562,2.4118009
NUHLOU,3.5151668,2.8036623
FORVUG,4.0928645,3.2494605
ZUSTOZ,4.605799,3.0543652
ZUHMIB,2.9755652,2.5198483
YENFED,3.3853686,2.7228177
JUKMAG,4.6087923,3.143311
TEJJEA,3.7842875,3.041151
HOVGEH,2.1611283,1.6784676
RUMSUO,4.2218466,3.5748937
MUYROQ,3.374484,2.6790109
VUQFOF,4.4686537,3.262053
UPELAF,3.754355,3.0707953
ZOKMEV,4.440082,2.8730316
FIVWIU,2.6781447,3.0376647
JODVIL,3.388906,2.5813112
ZUJPEC,3.967148,3.0505078
ZECYAL,4.075177,2.934361
ESEXIJ,3.276523,2.9598067
WELHEE,4.0947695,2.5119295
JAVQOQ,4.426476,3.195393
MUYYEN,4.139124,3.0417285
VEFQUW,3.42673,2.3555694
RIRGAC,3.553807,2.8683577
MIWWUO,3.6310873,2.7148118
OTAJOL,3.8128595,2.987669
IHOJEX,3.147541,2.8541799
JUFGOJ,0.25442645,1.3706795
QOBGAT,5.2137017,3.6210723
XAFWAG,3.878983,2.6800551
HURVEY,3.7644231,2.9802608
JABLEE,3.7815664,2.9830732
FUJJAY,2.3573225,2.4221106
COCKIS,4.3750467,2.7343032
IPUJOV,2.9143395,2.4321923
DIFQOC,3.7244225,2.6735501
JAHYEZ,4.8183203,3.1363778
HEWSAH,3.907555,3.012124
CUXGEK,3.3325784,2.6894016
UJULET,3.8079615,2.9735653
LOYYIK,3.0920298,2.0760593
CAYMOI,2.8106642,2.7242622
ZECYIT,3.8490505,2.8528078
HOXHEK,4.4063396,2.9403913
PAMZOW,2.9464488,3.2374384
YUCYUT,2.6629062,2.6148756
OQIMEJ,4.4558644,3.0683367
NESMAA,5.6479955,3.0605752
MIRXUK,4.352189,3.1076715
HATCOY,3.6498632,2.7193837
QAKTOO,3.4670026,2.765528
KAQYOU,3.5021055,2.5974758
YOKJUG,3.2830536,2.7052493
CIFTIV,3.5554397,2.8824852
COCJUD,4.5285187,2.5471017
MUYYUD,3.4275463,3.022025
FIRPUS,4.8879814,3.339907
ZALQAI,2.8346102,3.3773694
DAPHAH,2.406575,2.7704968
XUVVES,4.5546417,3.0535877
RARFEZ,1.7627536,2.0586805
LEMGOD,1.6767656,2.6211433
VAPVER,2.837059,2.613041
LEPCEQ,2.4846716,2.4964063
XISGIT,3.4825132,2.9805133
IPIGIA,4.676549,3.1366248
MIWRIX,3.3176122,2.7049263
ZUFQOJ,2.9116182,2.976693
JEDLIR,4.5326004,2.5161147
ZUWMUC,3.3448236,3.0675642
UKAHIA,2.8427734,2.8641374
WAHVOU,3.6188424,2.6429071
WOYDUM,3.6006107,2.8466654
KEFKIR,3.9176233,2.7980766
JOFBUF,3.1709428,3.003648
UQEKEJ,3.3891783,2.7528386
EHEPAL,3.1973379,2.2997324
ESITAE,3.4626489,2.85795
EMIMAQ,2.6229055,2.8743086
NUTSON,3.302918,3.058772
XUDQOF,3.453397,2.823713
GAFKUX,3.5385687,2.6999044
OTOVIF,3.5864606,2.7385163
YOBMOR,4.0256524,3.0326471
RADKOA,3.6139443,2.767191
XAFVEJ,4.1162663,2.8056421
VIVKIY,2.0882018,2.3985426
EQODAS,4.4506946,3.045111
NUHLEK,3.4476826,3.0925689
LOCWAF,2.884951,3.0303698
BUQMUY,2.9878101,2.643931
AZEFIX,4.601445,3.0810897
EHENUD,2.9450884,2.331714
DUNWUH,2.8313448,2.344491
HUPFOQ,1.8340474,2.7771287
HUPFIK,2.4596372,2.8486774
FAXJAT,3.0906692,2.6455011
XIRKOC,4.5962753,3.2497842
BICWUJ,0.91348624,1.423852
PUSXAF,3.6675506,2.8811631
TUXRIQ,4.1249743,2.4421165
TORQOI,3.4250972,2.4166024
VEDBOZ,4.657773,3.1502903
VIQCEH,4.533145,3.161983
IMAKIT,3.405233,2.5742886
QUGDOO,3.0678117,2.6664593
PEGGUH,3.1889024,2.7715747
ZAMJOQ,3.13067,2.5348976
ONOKIO,4.569608,3.1519547
BISVUY,2.7513433,2.4261472
XUKKIA,2.540455,2.839517
IWOSEV,4.1592603,2.9657617
XIHDIF,2.8958356,2.0884428
WELHUU,4.0082374,2.4500961
HIYFUU,3.374484,3.0134437
IPUFUX,2.853658,2.4028804
YIVMID,2.5845375,2.7018492
QUSVIM,4.9696155,2.5384722
UDIVIQ,3.3690417,2.8082974
RIMQUD,2.7521596,2.6804433
VALHAV,3.424553,2.6890774
VAPVAN,2.2756882,2.4940069
FIQLUQ,3.2925777,2.5925217
HURVOI,2.0775893,2.5697007
OTAJEB,3.7753077,3.0622206
PANCEP,3.3165238,3.2263021
LADGEG,3.5791137,2.7628713
OFUBAU,4.1315045,3.1142132
LAZGEC,4.023748,2.9852912
ZECYOZ,3.8988473,2.8011522
FABLIH,2.6378717,2.260322
ZALPUB,5.0626783,3.3249407
UXACUS,2.8893049,2.6697526
EWIJEC,3.223461,2.8426359
FILNIY,1.8348638,2.4862638
ZUSTEP,4.4196734,2.6334763
RINZIB,3.087676,2.7118707
HOVHEI,2.3219476,2.3497717
LUSWEE,1.7959515,2.4193487
GUCBOY,4.2599425,3.0093427
REDPAV,2.8852234,2.943356
VAWTAS,2.9056318,2.5571666
JUKTIV,4.4749126,2.9787362
DUCYIM,2.972844,2.6208625
IZOXIH,3.6041481,3.0904756
OJELIA,2.4574604,2.28632
IJUWOC,1.4851974,2.4017107
ZISQOL,3.7445588,2.833447
WELHII,3.9976246,2.7467248
QOBGEX,5.21479,3.62088
WOYDIA,3.4520364,2.9273825
WAHREG,2.27977,2.544388
DIFJAH,3.6797957,3.2033906
WAHVUA,3.5453715,2.7270844
MESSUC,2.898829,2.9804285
JEVWIT,0.9932156,2.5930037
QIDHOE,3.9323175,3.3279305
WAQTOB,2.8354263,2.6892169
KEZDAY,2.9031827,2.5329041
JIKNIE,3.6444209,2.4374557
YODVUM,3.598978,2.7148666
NEFDOV,3.362511,2.7572634
PIMZIY,4.1358585,2.7223508
DUNXAO,2.9516191,2.4688466
YABYEJ,3.4901323,2.604093
QUVXIR,2.1777272,1.7804724
WUCLIS,3.5913587,2.7650523
DUSQUG,4.368516,3.079325
MUFMEI,3.2474067,2.3952758
GUNLOT,3.5570724,2.7365773
DUCYUY,2.5339243,1.8335027
UXUQAI,4.584574,3.221377
COZBUR,3.3570688,2.2414875
IJEWEC,3.403056,3.1935427
GURNEP,4.9992757,3.5207982
BERBUZ,2.5910683,1.9645407
WECSUW,2.52821,2.2923489
KENREE,2.1516044,2.4831746
ZUWMOW,3.8634727,3.0296252
ARUFAX,2.4239902,2.0328174
XOVBES,3.594624,3.2485328
BOQZAK,3.5831954,2.9688518
IRELEZ,2.917877,3.1308742
POKYOH,4.027285,2.675724
ZODCII,6.0689554,3.4002512
QEMBAP,1.1807021,1.704538
QUDBAV,3.2751625,2.7859163
DIJKIU,4.247425,2.932479
GIRKUR,4.002523,3.1203856
IBUMUR,3.0438657,2.7008681
WUFCOS,3.2185628,2.6442885
HIRJUR,2.9516191,2.8370721
XUVWAP,4.4825315,3.13872
IMAREW,3.9829307,3.0021577
QAGMEU,3.6691833,2.7787452
GUCBEO,4.13858,2.8392563
SELXIU,3.8436084,2.988072
COZXIB,3.6101346,2.7903025
UJIMEI,3.274074,2.5872328
ZIRWAC,4.113817,3.0603268
ANUHEY,3.2027802,2.9961066
SILDOK,3.6044202,2.5208852
EQEBOU,2.8373313,3.0308003
LAMLAP,2.489842,2.8254893
BEPLER,3.3059113,2.2796366
ZAGMUT,3.0582876,2.5661874
ECEGOM,3.0642743,2.8264537
EKEVIC,4.0814357,2.8312001
RADLAN,3.6212914,2.7530437
PANBUE,3.3592455,3.2833111
GEPPEA,3.2131205,3.045523
JUTZIK,4.2479696,3.1651201
LIBYII,4.517362,2.6132956
UXUPIP,4.667025,3.0408373
NEVYOG,3.061009,2.101528
XOCWAR,3.0011437,2.7683103
HIFPUL,4.115178,2.9798408
CUXGUA,3.496663,2.754061
YACDIT,4.1804852,2.7907608
QEMBET,1.4906397,1.9699383
WAHSAD,3.6876872,2.8543916
EQODOG,4.4196734,3.0734625
EQOFAU,4.631378,3.0774422
KAHLOY,3.049308,2.588028
FUJYER,3.496119,2.7164013
UPUXEL,2.946721,2.7810469
YABXOS,4.6297455,3.0908298
WOFTOE,3.3380208,2.7306864
MUZNED,4.4033465,3.2652504
XIHXUL,3.2490394,2.4286654
CAYVAD,4.0286455,2.9034998
WUMMAV,4.885804,3.0777142
DEFWIY,1.957315,1.9337633
QUGQOB,3.4275463,2.741521
GAKJIP,4.713012,2.7632658
GASROL,2.8620937,2.5470614
WUXBEW,3.5788414,2.8378656
POBHEX,2.4944677,2.623372
URIZUT,2.2261636,2.15347
NUCMAC,3.8324516,2.8612707
REHGIU,3.9725902,3.096033
ARUFIF,2.409296,2.0266776
PUPPAT,2.6180074,2.6148272
MUYYAJ,3.2626452,2.7719505
XIMHEK,2.59515,1.9808373
TUNJIW,3.4626489,3.167548
OHEKAO,3.3570688,2.752228
IMAKOZ,3.4229202,2.597705
ZODCAA,6.070316,3.4062138
HECDEC,3.7987096,2.6367784
GOTLEJ,2.535557,2.5792847
DUSRER,4.366067,3.0542228
NAGLAM,2.6395044,3.0309718
EDILUC,3.4585671,2.475793
TOMZIH,4.3500123,3.2008593
HOVHAE,1.8345916,2.2976804
XIYZIS,3.0950232,2.7464738
ORAZUE,3.0950232,2.9484913
DICQIT,3.3472726,2.663547
UXUBIB,2.8493042,2.6911159
KAHQUJ,3.8259208,2.86956
WAHRIK,2.7559693,2.399642
DUNSAJ,3.637074,3.0462623
UPEKOS,3.3772051,2.6179972
EQOHEA,4.4392657,3.0446362
XELFIH,3.6860545,2.572373
QIZZEH,4.436272,2.2535663
QILDIC,4.0335436,2.78692
JAZJON,3.1869977,2.386978
BEZWOW,2.2065713,2.5228157
XAGPUU,2.389976,2.3380406
EQOGOJ,3.9298685,2.748573
JUVCAH,4.2338195,2.9487715
PIFGEU,2.9736602,2.6274796
WELKAD,4.359264,2.6780517
EHENOX,3.1491737,2.4047534
YIXSUX,3.429451,2.6122036
UHUWOM,4.052592,3.0138726
LADGAC,2.9861774,2.6951115
KOQXEW,3.9532702,2.7852654
ICAMOS,2.743452,2.6703022
COCKEO,4.457225,2.7711918
QOZBUE,3.46537,2.602482
MUYRUW,3.3712187,2.678562
GIRTOU,3.8153086,3.1033165
JEPFOD,4.7946463,3.1585326
NAGLEQ,2.9042714,2.3786302
IKULOS,4.101028,2.8987272
COCGUA,5.1584625,2.7955282
MIKPUV,3.5497253,2.938367
FAXHEV,3.1418266,2.669169
DUNSEN,3.9402087,2.8987825
ROSNAR,3.4468663,2.5649188
NIXNOB,3.6354413,2.7225695
OYUMIH,3.0705328,2.924346
IDAJOO,3.9905498,2.5861952
ECONOD,2.8210044,2.6132283
KUTZII,4.110008,2.9810336
BEDYES,3.0346138,3.0685341
GIRKOL,4.007421,3.1248674
COWGIH,6.2123594,2.52056
JAGXAU,3.2574751,2.2684233
ECONUJ,2.6411371,2.6383855
WUMMID,3.589182,2.5726748
PAJROL,3.0865874,2.3911386
BUHLUO,1.8917356,2.1333404
REMWOY,3.4789758,2.6214871
TASCOJ,4.339672,2.9585428
YEZZAI,3.3567965,2.633324
ZIZHAT,3.2558424,2.9572647
POHCIA,3.4250972,2.8704965
LUWJEV,3.4816968,2.41477
KOJRUZ,4.433279,3.0826669
DETBUD,4.445524,2.932067
RAZBIF,2.8659031,3.106542
DILWII,3.2223723,2.6730537
MUMBAA,3.283598,2.8696573
BUQCOI,4.0444283,2.675474
DAPGEK,4.3388557,3.0843334
LOYXUV,3.1516228,2.110484
IJUNEJ,3.0596483,2.4627604
HIFQAS,5.443638,3.0042205
ZICTEO,2.9535239,2.6391308
XISMEV,3.262101,2.103838
NAQGUL,3.4493153,2.843406
RAJPID,4.114906,2.602711
HIFQIA,4.153274,2.9520583
ZIXGEW,2.8182833,2.6229153
WIZLEA,3.649047,3.0049663
KAQYIO,3.2797885,2.6454723
CAJTAK,4.1236134,2.9824858
HEMBOU,3.9056504,2.9791763
PUBSAJ,4.660766,3.224193
UHEFEV,2.4071193,2.0335424
COCKAK,4.6969576,2.8356485
JAZKAA,3.4999285,2.6640625
PANCAL,3.3116257,3.216821
WOYGAV,3.7334023,2.889376
HURVIC,3.6452372,2.8876975
LUWJIZ,3.5091803,2.3628688
XOVBOC,4.131777,2.7188087
XEJGOM,3.8749013,2.5884547
CIBHOO,3.8400707,3.182691
HIQRAE,3.6098626,2.804463
LECVUO,4.227017,3.0381312
RICRAA,2.8593724,2.484751
ZODDEF,4.2950454,2.8855467
EWUMIV,4.072728,2.8487546
CUYWAX,4.468926,2.900907
ZUWLUB,3.0166543,2.8219812
HAWYAJ,4.079803,3.0119417
OJAWAA,4.4868855,2.9136984
RIJSAI,3.6202028,2.406931
TEJGIC,3.1924398,2.4023998
XUDQIZ,3.5837395,2.8220606
QILDEY,3.940753,2.8188996
AZEFOD,3.8702755,2.9019694
XAFVOT,3.988917,2.8610737
ZICTIS,3.505915,2.9280143
ZARGAE,3.403056,3.102265
ICAMIM,2.638688,2.694182
IKEXEB,3.6123116,2.825199
GADLAC,2.97747,2.236476
CIDMOT,3.1872697,1.9206061
UCEYIL,3.4283626,2.7008665
QURXUZ,3.4177501,2.192023
PAVVUE,3.3535311,2.53666
NUMNAK,2.2218096,1.6931756
BAFKEC,2.8188274,2.3574524
AGOMEQ,2.3429003,1.3463484
WUVHUT,3.4577508,2.5433786
MOCXIP,2.4528344,2.2671533
BOJTON,3.1249557,2.4926186
RACYUS,3.4218318,2.360597
KASVOQ,3.14999,2.4090004
RUMYOQ,3.3331227,2.486515
JUGROV,3.2348895,2.7363055
DAHYIW,3.7029254,2.3388937
RANFAR,3.4240088,2.7567718
DADKUS,3.9540865,2.5757236
HUSKOY,2.363309,1.8141558
BURCAV,3.202236,2.2125423
WODDOI,4.7687955,2.7746675
WODDAU,3.7682328,2.8454316
TUCQAM,3.0923018,2.1749544
MOCXOV,2.6446745,2.0943651
GUGZAJ,3.7532666,2.865148
MARRAY,4.2041593,3.2808254
YUMTOS,2.3184102,1.3038415
QALHOE,3.488772,2.3779917
TUCQOA,3.0931182,2.1751006
KUCWIQ,2.9927082,2.1604736
TUCQEQ,2.088746,2.165737
TUCQIU,3.0920298,2.175515
HUKCEY,3.6457815,2.722047
BABXOV,3.243053,2.286487
EKASUH,3.5037382,2.1140082
XIDHIF,2.9720275,2.4090838
DARWOI,2.6495726,1.8062153
KOWWOL,3.0506685,1.9890261
DADLIH,3.3818312,2.6050348
BABNAU,0.2296641,2.1592734
SIRYIC,4.0370812,2.8162653
CIBHEB,3.899936,2.592216
ZASFIK,3.5214255,2.3144178
PUZNEF,4.2555885,2.3840723
NUYTAF,3.3282247,2.692187
DOYFIG,1.0783873,2.175432
CUQMUW,3.610951,3.0447555
CIRMAR,0.22558239,2.3590326
CEPOHG,1.2392066,2.7086725
HGCETS,2.2316058,2.5154116
JERHAT,2.2520144,1.7634553
NAGDAE,3.0144773,2.2803166
DULTOW,3.028083,2.2674546
UXUHON,3.5508137,2.5421922
SAFMIZ,4.172866,2.8310792
PUHGUX,3.2327127,2.1549456
UHACEL,2.3703837,2.0997744
BEDWIU,2.8922982,2.2307332
QAVBOI,3.8267372,2.39539
ABUBEI,3.5246909,2.1671882
HAHTAP,2.7712076,2.3561258
BALXAR,2.0092888,2.2745752
AGOMAM,2.6022248,1.5042671
ACOMUD,4.3633456,2.3860521
EHERIV,2.2171838,1.95703
KOBJOE,2.0925555,2.166768
ZURXEP,2.8639984,2.5536487
QURYUA,3.0536618,1.8513002
PUZGEZ,3.2767951,2.4107249
DULVAK,2.4373238,1.9684135
YUWDUS,3.8542206,2.9517627
YUVVET,2.095821,2.670063
FOJFOZ,1.2713159,2.5660343
LUYMUQ,2.5488906,2.3753133
AJUCUG,3.4547577,2.3859031
LUYNAX,2.5948777,2.3972874
SUPKAS,3.6544893,2.5829194
DOVPUC,3.0308042,2.0386274
KAQHOD,3.8400707,2.6650229
QUFHEH,3.7246945,2.849889
FUZKET,3.244958,2.5657656
NEFLAL,4.189193,2.6558642
JODDAL,3.283326,2.0238705
FELZIG,4.110008,2.8991325
XUYGUW,5.360643,2.9554553
IZUZAH,4.954105,2.5568504
QURXEJ,3.2504,2.1515324
QOXZAE,4.596003,2.9292488
QURMOI,2.9739325,2.1449294
GURNUF,2.7810037,2.2744334
VAGYOT,3.823744,2.9694715
POLLEH,4.6678414,2.9925082
VUWLOR,3.3010132,2.335188
MBHGTS,0.8756624,2.1274996
CEFCEX,3.4982958,2.132736
ERIMAU,2.527938,2.0097277
FOGXEE,2.1075218,2.654729
YIZKAX,3.0776079,2.5608907
MEBJIP,3.8109546,2.631072
NUXGAP,2.6656275,1.698021
JODDOZ,3.7431984,2.4490376
DULTUC,2.8569233,2.079237
BENJIN,3.610951,2.9374115
FONLID,3.8874187,2.663151
JUWNEU,5.092067,3.089785
GURPIV,2.6702533,2.4224436
QUNBAF,3.9513655,2.7945313
HOQBOH,3.6773467,2.593316
VOMQEV,3.4074097,2.4997795
HABMIK,2.4405892,2.031308
TOWMOK,3.651224,2.479498
HABMEG,2.8294399,2.2121196
KIZROE,4.3579035,2.4402058
KABGUP,0.18558165,2.4270885
VEQZUQ,2.7584183,1.7039049
USIDOS,3.589726,2.743934
QUMZUW,4.243888,2.7904978
MAPZOW,4.289331,2.6800134
KIQQOQ,0.73742855,2.7901204
CUSXUM,3.8498669,2.729682
ETARAS,3.7949,1.9144993
KOCYEJ,2.5170531,1.7883636
OJEQAX,2.9524355,2.7951365
LIQPOU,5.1897554,2.928944
ABIWUH,2.7978747,2.154085
ZECZEQ,3.1007376,2.1145945
QOPLUE,3.6403391,2.4927382
BEDWUG,3.3850965,2.3268762
VEGRUW,3.5840118,2.4564009
HUQKUC,3.7900019,2.7206244
VEGROQ,3.5744877,2.2863612
BAPWAQ,0.20680654,2.1998787
ENEPIZ,4.4588575,2.7347798
KOWVUQ,2.9894428,2.0973456
RARBAP,4.2240233,2.4754505
VILVUI,3.021008,2.4889655
EMAWUN,3.2827816,2.1563063
JUCFES,0.3254482,2.7435849
KOWWIF,3.0506685,2.1077626
BAFKIG,3.462921,2.5424416
PUHFOQ,3.8231997,2.2477126
IYOPEU,1.7905092,1.9050658
HEWVIS,3.8280978,2.4337554
EYINEF,0.611712,2.3467197
HAHQEN,5.170163,3.2060223
CEQTEB,4.232187,2.5722938
QURMIC,2.9616873,1.9545987
EDITEU,3.212304,2.406499
PUHFIK,3.4161174,2.3777294
CPEAHG,0.561643,2.2152421
GUYJAL,3.618026,2.561177
JODCUE,3.3559802,2.1374502
PUHFUW,3.7753077,2.7153795
ZISCOX,3.261829,2.302132
TUTSEI,0.76981014,2.839058
ABIXAO,2.8133852,2.2215447
QURXOT,3.1739361,2.4514124
PODWEK,2.9742045,2.8075678
ZANJIL,3.692041,2.6673675
EMENUF,3.7227898,2.256065
QIQHON,3.5478206,2.372926
DACRAE,4.0852456,3.1064544
KADSOX,3.2751625,2.7309747
FONLEZ,3.5257792,2.8124266
BALJIL,2.246844,2.2832139
NAGDEI,3.006858,2.2701304
EMETIC,2.2620826,2.3683152
PATYAL,4.108919,2.648695
JENDAH,0.68735963,1.5922701
AQAMUB,2.0479288,2.5679417
EKOBAK,3.7753077,2.5740685
BAFJOL,3.532582,2.3872736
WEJFIE,1.9687438,1.2937102
EMEVIE,3.3954368,2.3604724
VEZYAC,4.028918,2.6034532
BUQDID,3.381559,2.1212614
LUYMOK,3.7646954,2.4873075
TUTLAX,2.8912098,2.2801254
YAKXIR,3.2035966,2.0435174
TASZOD,3.6310873,2.6551034
ATISAZ,3.1589699,2.65196
JODDUF,3.8493228,2.6231267
KOWWAX,2.98264,2.3142009
KUNGAE,3.9968085,2.6153295
JODDIT,3.697483,2.3642924
TURSOO,3.6901362,2.7729588
WODCUN,3.9704134,2.8053937
MEVBAQ,3.823744,2.6579468
BAFJUR,3.4182944,2.5351617
PIVRIZ,2.485488,2.026485
WIXKOE,3.5668685,2.541837
KINJOG,3.8134036,3.1391459
OBIQAS,2.5600471,2.417918
RAKKAS,3.1820996,2.8868551
PUJCAY,4.6232147,4.3427434
ACUGOV,3.3331227,2.5660417
AGUFIR,3.2849586,2.9099092
LAPTEB,3.616121,2.6856878
DEDBOE,3.610679,2.6252916
NOGBIW,4.8351912,3.031482
GABDIZ,2.6245382,2.4350555
SILXUI,2.743724,2.0908208
YUKLAS,3.2748904,3.126424
UHAKAQ,4.211778,3.1250374
NOVKEO,5.070842,4.198528
LECJUZ,3.711089,2.8169208
RIWQOE,4.365523,2.0010085
SEZZOO,4.099123,3.082662
VEDSED,4.7990003,3.527018
CUJPUU,4.5489273,2.2748313
RIDQUQ,4.016401,2.5403638
FOFCOS,0.22014011,3.0253177
YEPKIO,3.67517,2.8306525
KADCOH,3.1010096,2.9385705
QOJSOX,3.477343,2.5317376
HELMIU,2.117318,1.7245975
NEBFUX,2.9842727,2.684851
PAZQEP,4.2749085,3.6353683
TUBZAT,3.87599,2.0667512
NONHUW,3.8310912,2.5061896
FEGCOL,2.4601815,2.6930661
XUBGOQ,4.4221225,3.528544
WIXKIY,3.8912282,3.1297176
BADBAJ,0.406266,3.0871143
PIFRUS,5.360099,4.243577
YEVLIV,2.7597787,2.49566
COKKEV,2.5644011,2.199678
URUVIO,4.1364026,3.9522498
LUGQUA,2.6424978,2.1420527
LORBUR,4.052592,2.3424935
HUDGEU,3.6476862,2.3965962
IPIGAQ,0.41334096,2.0565999
YEGTIN,1.0555297,1.4471678
YIBQUW,2.932299,3.1264095
MITCIB,5.031657,3.8267205
NEKGEQ,3.1875417,2.8714345
JARVOQ,3.6411555,2.2957566
XOJHAG,2.8022285,2.2841568
AJIJOT,2.1801763,1.2713051
PUPLIX,2.8351543,2.6913877
NAHFIM,3.6740813,2.6032941
GAGLOQ,4.8977776,2.6469457
QAWKUW,4.0142236,2.7277648
ZIDSOX,4.6773653,2.6466126
HUQBAX,3.479792,2.5805345
DAFFIA,1.9973158,2.8544812
JIJFIR,2.0963652,2.6301556
ZUNBEP,4.5285187,3.2423606
HIXHIG,3.5698617,3.266864
XETLUF,4.5497437,2.2706203
APBNLA,3.0212803,3.0316675
OHIGES,4.3791285,2.3469307
HUQCEC,2.7918882,2.2390926
IWASII,4.003611,3.2670133
SILWEQ,3.3135304,2.003324
BICYUJ,0.27238598,0.91551566
ALIRUJ,4.3276987,2.7291949
REJXIQ,3.054206,2.4647808
ZOTPED,4.729339,2.685085
XETKOZ,3.4626489,2.4460104
PIDTED,4.406068,2.5940268
AXACIL,3.3200612,2.4767246
HAMYUP,6.4012065,4.431563
NIQKII,3.8101382,3.2845094
YUKLIA,3.608774,3.2541122
EXIMIH,3.9105482,2.8710504
GELPAP,2.619096,2.5395713
IZUQUP,3.1527112,2.4847329
TAPPOR,3.2155695,3.559558
HUHLIF,0.24653515,2.262072
ETAVAW,3.116248,2.5119307
KIFVAX,3.813948,3.3024998
PUNMIU,5.48255,3.5727134
WUFTEW,2.7486222,2.2831962
OFUNOT,3.7655115,3.0171254
RIVPUI,2.9551566,2.702919
YAYPAS,2.9265845,2.3072884
UKAQOM,3.7347627,3.2932012
ZUXWUK,4.265657,3.30002
RIWRIZ,4.241983,1.4180743
JAPKAP,3.8063288,3.0013404
IZURIE,1.3643789,2.483902
BEQPOC,5.0273037,3.1493087
TUBYUM,3.7657838,2.1826954
BEHPOW,3.7818384,2.468163
IDENUA,4.774782,2.9385598
POMHIK,3.99572,2.4504218
IZUREA,2.6090276,2.630581
RAKJUL,3.1391056,2.760455
NASLUO,3.7491848,3.4544647
TEPSOW,3.8349006,2.6076279
NIRBOF,2.750799,2.726387
KIWHII,3.8085055,2.4520428
TAMMIE,3.4376144,2.1817389
RIDROL,4.0928645,2.7407947
SUNNUL,2.3437166,2.5078373
YIZQAB,4.5037565,2.309159
GAJXIZ,3.1170642,2.6330407
YEFYEQ,4.3538218,3.041378
GIKHEO,4.0068765,2.7109199
CUJQEF,4.4588575,2.061664
KOHCIW,2.8705292,1.9300416
MUBNEE,4.3415766,2.4286683
XEMNUY,3.1973379,2.0060623
ROHBOG,2.00303,1.4273076
EBILAC,4.650426,3.4206085
SUYMOP,2.6182797,2.839235
ZIQXIG,3.783199,2.8548636
TUVCET,4.3717813,2.9542685
OFEGIP,3.410403,2.916527
JAMPIX,4.990568,2.9530616
UGUBEE,4.775054,3.527927
FELWUP,4.5584517,3.2704144
SIDYIP,4.284433,2.936556
MUHYIY,2.8405967,1.9585884
RIKSEL,5.054515,3.50465
IDAJON,2.7657652,2.160051
YEFXUF,3.2065897,2.5411077
CANROB,2.839236,2.8257117
FEMWAY,3.1080844,2.3478336
PIYFEK,3.4871392,2.3265693
SUSKAU,5.2969685,3.4665043
MUSJOA,4.11545,3.628211
ZULFOB,5.178599,3.1823905
BIZTIN,5.0743794,4.0012226
KADCUN,3.2435973,3.0084288
OHUWIY,2.5295706,1.8964688
KACMEJ,3.1916234,3.1186113
TAYRUH,4.750292,3.859342
MALYON,3.3276803,2.560816
SIMQAG,3.7932673,3.0215309
EJUBOB,3.5173438,2.7189643
LUZRAA,2.4487526,2.3525627
SAQBES,3.4504037,2.952988
YAXYUU,2.4931073,2.3489025
ALIRIX,4.3315086,2.726446
KOPBUO,3.190807,2.651744
DIQYAF,3.9067388,2.6379106
AHOJUD,3.025362,1.7221851
ALIROD,4.324978,2.7296164
CESRUO,2.4479363,2.7643716
HODDIN,2.7750173,2.715281
RARCAP,7.4793215,3.6221385
MOMTEP,3.7682328,3.0471883
YIBRAD,4.912472,3.077727
NASTOQ,4.8860765,3.4425728
ROGYUI,2.0871134,1.5606666
RIKTAG,5.113836,3.3707654
LAQVAA,0.29524353,2.329606
PUZHOH,0.31674054,1.7212703
PUBRIO,1.9733697,2.1236715
PULFEI,4.4155917,3.0512464
KINHUN,2.8993733,2.362665
CUYLAK,4.959547,3.258757
BOBJOS,3.1698544,2.9944253
DEJNOY,4.1668797,2.7628143
RIVPIW,3.18346,3.0013244
PUBQIN,3.8158526,2.7547495
XEVDAD,5.3108463,5.0909505
SILYAP,2.850937,2.2255054
HEQCAI,5.0749235,4.218038
ROJYIZ,3.1940725,2.2506595
UDIWAG,5.219688,3.5138533
SIWCOQ,3.7625184,2.5068347
DACFIZ,0.2805494,1.7703109
LEKVED,3.5287726,3.126362
BALQOX,3.2923057,2.7971344
RAMJUM,3.4874113,2.4062734
PAFNEP,3.6188424,2.659283
ACUGIP,3.304823,2.7100353
INIVAD,2.9167886,2.4953356
SAQBUI,2.5064409,2.3342886
SEWJEL,0.296332,2.2088442
MUSJAM,4.045789,3.9576974
XIXGOB,3.6762583,2.2822118
OFONAY,3.6569383,2.7148366
ZALBOD,3.8395267,2.5613575
CABDAM,3.5785694,2.059691
MILWEJ,5.1377816,4.7212796
MALXOM,3.4713566,2.6894205
TAMMEA,3.5687733,2.3065476
MIPSOW,3.2876797,2.8805535
HUVSIB,3.0313485,2.446078
PUWTIL,2.7137916,2.4016924
UGENAW,3.2188349,2.528064
MANWAA,3.587277,2.8646758
YUMKIB,3.4631932,2.6914613
DEHPOV,3.6800678,3.0798116
DUCBOS,2.9121625,2.292244
SETJOT,5.0705695,4.0815396
CIJGEI,2.910802,2.0769446
POSQAQ,4.5938263,4.2028112
IMEBEI,2.9312105,2.3101344
EYEWUA,2.394874,2.9325755
AVIPOK,4.3500123,2.6807094
DASNUI,4.781857,2.8542309
SUQWEG,3.3080883,2.7193985
SIVNOC,5.178055,3.5317557
TUPWEG,0.8756624,1.1276888
MALYII,3.0517569,2.5715477
XUJTOL,2.5513396,1.9930139
BOBKOT,4.552737,3.2319336
GENCIM,4.5755944,2.993749
ETAWEB,2.9940689,2.1307013
AROLEA,4.261031,2.978686
AXACUX,3.226182,2.4211411
QUHQOZ,4.5244374,3.1486976
BENBII,3.3246872,2.3419485
NONJEI,3.7913625,2.5712752
SUQRUR,3.5671406,3.6378002
VEDSEE,3.0416887,2.3360524
IKILUK,3.8087778,2.9321961
GAKBAW,3.3437352,2.8899481
HAMZAW,4.62267,4.3421345
PODRIM,2.3760982,2.384965
GUMYAP,2.917877,2.2632966
BAHGEX,4.117899,3.0994828
HUWDUY,3.4155731,3.5273647
RIDSIG,3.91463,2.7818444
IGEDIH,2.9486258,2.3331826
ZEQQAN,0.3629999,2.9549184
QELKEY,4.452055,2.8071976
MAQNAT,3.7361233,3.2449281
RIGYUB,5.9467764,3.422099
RAGYIJ,3.9693248,2.14295
MENQOL,3.9464674,2.582681
QIHZOZ,2.698009,2.4664996
FURLOT,3.917079,3.1326814
EJOBAG,4.4196734,2.9285882
ICOGAJ,3.7796617,2.771341
QELKAU,3.7314973,2.9140484
KANTIF,3.7029254,3.0003073
MEDMOX,2.3548734,2.5213568
XINNEO,4.243888,2.9570866
SEZZUU,4.397088,3.2273538
RURGES,2.9894428,2.1656058
QIRZAU,4.4626675,2.9920988
BAWNEU,5.118734,3.0117795
XANYUG,3.429179,2.609504
ROJMEJ,3.7260551,3.1566613
ZESZIJ,2.8808694,1.7319413
LAWRAC,2.552156,2.7579668
SUSKOH,3.6256452,2.2917538
ENAFOO,3.7919066,2.8235972
QUBWIT,4.6719227,4.2829638
WUFTAS,3.0833223,2.3427472
GAJCEB,2.7211387,1.9309814
QELKIC,3.9440184,3.079576
FOCGEM,2.5937893,2.669812
YOSMID,3.6509516,3.206132
PUBREK,2.6610014,2.749761
QEHXUY,3.620747,2.6726599
TAKBEP,3.4969351,2.8605163
PESZOC,4.1764035,2.4941642
TASGUQ,6.278755,3.1319983
KINDEQ,3.207406,2.8727036
GOJQAX,2.803589,2.9971855
IDEPAI,4.5508323,2.2861543
RIHXUE,0.5752487,2.6933234
UBAMUI,3.4182944,3.1687007
QOXLIZ,2.9878101,3.0246105
HAMZOK,2.7712076,3.6212835
RAMHIY,2.5910683,3.0490422
SOQJUG,4.9268937,3.8607848
ROCWAJ,2.6204565,2.4148657
HUDGIY,3.5208812,2.960295
AXOMOP,3.596801,2.5315275
CABCOZ,4.2392616,2.482958
ABEVAG,4.90839,3.0429587
HALFEG,4.366067,3.104056
USEHAC,4.0656533,3.2676992
LIXMEK,2.9706671,2.728282
HEFSES,4.2958617,3.170358
YEVBEH,4.067558,3.036925
JILMAV,4.1162663,2.776275
SIMDEA,3.0933905,2.7314658
AGITIU,4.553009,2.6535115
HOWHOR,5.482278,3.0416756
YUPVUA,3.283598,2.6029096
GINJOC,3.2283587,3.0605314
OZUCES,4.426476,2.869725
WEKMUU,3.3810148,3.0157244
FOVFIH,3.2792442,2.7970564
DOFFAF,3.8890514,3.1300054
MOMQEK,3.7600694,2.8862765
SEPXET,2.9663131,2.2576256
WABRUN,3.5494533,2.7409835
AGUZIM,4.7807684,3.4318082
HAWROM,3.8629284,3.2356324
UXIREZ,2.559503,2.6531758
XAWTAR,3.7007484,2.914982
NOXPAR,4.7494755,3.2446415
JOMWOX,3.3714907,2.9273772
MUVCEN,2.5151484,2.2082143
JUJVAL,3.19761,2.973384
PURHEP,2.8373313,2.2120833
NAZJON,2.640865,2.753079
FUQZEX,4.931792,3.334831
LULCEA,3.7295926,3.0890462
UBIGET,4.658317,2.8856933
TISGOU,4.122253,2.879067
DOBXEY,2.5592308,2.5041337
PURJAN,2.8291678,2.3866053
JEWFAT,2.411745,2.8436038
NEVKOO,5.501326,3.3774118
PAQCAM,3.5589771,2.7196026
AYUCAA,3.8030634,2.5825744
DEHJEG,4.7707005,3.2190342
BEQNES,2.874611,2.2281446
MIJLIB,4.7018557,3.6478713
IHEJUB,3.2683597,2.7044654
ATUSAK,3.018287,2.8207285
DAGMUW,3.3791099,2.8490443
ULOFIK,3.8588467,3.0326428
GUZMIZ,3.7004764,2.710598
AQOMUP,4.304297,3.2429185
PADQUG,3.022913,2.5620203
WIWMAR,2.473787,2.1631627
PAPXOU,3.0000553,2.856163
WAGGUH,3.6876872,3.1237667
GOHRAZ,4.5111036,2.9260201
YAGNEZ,5.255063,3.2114403
DEDGEZ,3.618298,2.7798538
YOPJOC,4.298855,3.0141263
DAGNAD,3.7100005,2.9111972
TISHIP,4.469198,2.853693
MIKWEJ,4.179125,2.2298958
FETSOO,3.6368017,2.6825106
PAYPEL,4.8384566,3.0256507
OJUHOR,3.651224,3.09955
VOCFUR,3.2055013,2.803479
MOFMAW,3.9246984,2.8691826
ZIZWAG,5.622689,3.171408
XOVDUH,5.2730227,3.5322657
GACJID,3.5363917,2.7896667
YOXTAG,2.6460352,2.3670654
PUHBID,4.894512,3.2889326
BORYUE,3.1918957,2.6939251
OFILIZ,3.7535386,3.518009
COTQUX,1.7486037,1.8585651
PAPWAF,5.5772457,3.0636418
BINJEO,3.6101346,3.191335
DAGNEH,2.8054938,2.633101
HOHGEQ,3.0631857,2.2899616
VEGJAT,3.9810257,2.9280803
FOKRAZ,3.0503964,2.5876653
EHEQIT,3.5644195,2.8746517
NISFOK,3.1815553,2.8263032
NIWCEE,2.5483463,2.374515
CIGCUS,3.6572104,3.0428946
APODAM,3.7878249,2.9535372
VIDCOA,4.3549104,3.2318444
DEQCEK,3.3641436,2.333676
GAVGAL,2.4193645,2.6676471
EDAVEM,3.448771,2.9368458
FOJWUX,3.8253767,3.2064278
SOFHUT,3.3924434,2.4430685
QAFCUV,3.1189692,2.9245052
UVEZOM,3.5665965,2.8302689
AQOMOJ,4.3701487,3.111512
IMEQOI,2.8476715,2.7019458
HOPLUT,3.8038797,2.9343002
UGAZOS,3.4329884,2.74057
QULRUK,2.7902555,2.449228
DEDGUP,3.9690528,3.0671177
COGSOJ,2.6340623,2.500058
RIJQIN,3.811771,3.4195762
BAXCOS,3.0765193,3.1060524
SOSWIH,3.63272,2.4182067
BACLUO,4.697774,3.3372464
HILPIE,1.0936257,2.551295
JEJNIY,4.2838883,3.023516
FOJWOR,4.0572176,3.3043065
FODPAP,2.53338,2.6637313
XOQXEG,3.9897335,2.5361862
XEVNAO,3.9853797,3.0394907
NAZJUT,3.2185628,2.6791437
RIYZEH,3.3638716,2.3095067
VULGOA,3.3948925,2.5720322
RIJQOT,3.725783,3.04861
NONVIV,4.6686573,3.4017498
JILMEZ,4.1042933,2.861114
SIFGOF,3.2577472,2.4792504
SOFJAB,2.79597,2.3695416
PUNFIN,2.5464416,2.2482326
WEQCUQ,3.1181529,2.887042
MOFMOK,3.8125873,2.256989
DOCSAQ,2.4969168,2.6448205
PAHQOG,2.5543327,2.3960967
BEJVUI,3.0142052,2.503854
WOMQIZ,3.1801946,2.6985455
TONLIS,2.4482083,2.2078245
DAJPAH,4.1848392,2.820957
RIPCOJ,4.400081,3.273815
PODTOT,4.0621157,3.1440995
HONPIK,4.2381735,2.5852299
YEVBUX,4.683624,2.7985318
SEQXUH,3.5091803,3.0508955
GEZHAU,3.5973454,3.293299
IKOKOJ,4.3364067,3.013297
XIXRIH,3.022913,2.4677215
SAYFII,3.307272,2.7456198
CESJOZ,3.348089,2.9544683
SAYFAA,4.316542,3.0858438
XALROR,4.4506946,3.284192
QIBVUU,2.4109287,2.0736055
NONNAH,3.6659179,3.0821943
UXIRAV,2.7927046,2.688293
GENKIT,3.9475558,2.855932
IDAMIL,2.729302,2.1013086
NAYJAZ,3.1820996,2.6333642
DEGWOC,3.139922,2.1964293
UBIGOD,5.876299,3.0598152
RUSVEG,2.0139146,2.317238
TEFREE,3.7766683,2.635758
XOQXIK,4.0027947,2.695133
KUPSOF,3.9728625,2.604026
ZEWFUE,3.2063177,2.793544
DIVBUH,4.8191366,3.448215
GISMIE,3.1861813,2.9155564
KODJUL,3.4395192,2.420198
ITISUZ,4.0044274,3.211779
FOGNOF,3.3973415,2.8578064
NAGSEV,2.825086,2.6090677
KUPMEP,3.6471422,2.532103
PURJOB,2.8444061,2.309149
FETSUU,3.4982958,2.6459913
HIJVUR,2.435147,2.5395105
HIGMAL,3.8280978,3.0695145
TIKHEC,1.8060197,1.729586
JEWDUL,3.453397,3.0800657
FAZMOI,3.7197964,2.548452
HEFSAO,4.184023,3.1521146
YUXREP,3.3976138,2.8825424
XIXVOP,3.369586,3.4892955
FUVBIH,3.4808805,2.3092127
YOPJES,3.8626564,3.0091367
ETUSIV,4.165519,2.9461806
RAMTUU,3.7851038,3.0516036
DUJYEN,2.9050877,2.2549999
VOMFEI,3.3750281,2.7211719
SOTSAW,4.4349117,3.000405
BEJVIW,3.0963836,2.4894464
XACGAM,3.190535,2.106378
WUZDUQ,3.7203407,2.8841164
RUJYUQ,3.0049534,2.0927806
OMIPUV,3.6427882,2.8858585
RATXOZ,3.5853722,2.5777712
UVEYEB,3.4830575,2.94266
KUQCIK,2.89638,2.6550722
SASTEM,2.6626341,2.204417
GOSWAM,3.9059224,3.299727
UXIRID,2.5393665,2.6178174
EKUVOX,0.5303499,2.8731318
HEFLAG,3.364416,2.6193056
ZUKQED,4.988119,3.2684345
EZURIB,3.2808769,2.3454628
CAMLEJ,3.6104066,2.7180593
EDOGEM,2.6220891,2.155874
FONPII,3.2433252,2.648139
GANCIK,4.698862,3.2948713
HALFOQ,3.8966706,2.9086335
CEYCUE,3.6474142,2.9538693
ZUDWOK,3.4754384,3.1031175
XIDHEX,3.591903,2.6999705
OQEHEY,3.187814,2.939746
AJENEI,4.0115027,2.7821484
XAHNIE,3.4719007,3.1571786
MOPTUI,3.513262,2.8541455
PAHQAS,2.7954257,2.2341814
GILLUJ,3.1442757,2.2088065
NONWAO,4.153274,3.2701666
DENPOB,3.7802057,3.2018192
KAPPUN,3.3812869,2.4749835
POCLIC,2.016636,2.1520667
CAXZAD,3.5252352,2.2721992
BITMUP,1.7943188,2.3528416
AFEPIM,3.4713566,2.9278183
WAQBOI,3.393532,2.6803563
OTUMIA,2.5584145,2.0084279
PETLAE,3.1557045,2.7016566
DOZTUJ,3.0648184,2.6805973
NUWFOA,3.2732577,2.595016
RITDAZ,2.8479438,2.626212
AXIJUM,2.8430457,2.6755095
XEPGAA,3.2011476,2.8360229
TOMJUA,4.0264688,2.9486606
QUFTIV,4.6945086,2.2874587
XIVLAR,1.8174485,1.9956839
RUJYAW,2.8049498,2.0538347
ULOFEG,4.030278,3.0944567
QUDJAB,2.2952805,2.6253343
IZUFEP,2.9557009,2.6182623
AXIJIA,2.9301221,2.7820177
RIJQEJ,5.2278514,4.0964108
DOYQOY,4.285249,3.1431105
QUBZUI,2.9818237,2.6996875
SEPXAP,2.985089,2.0794652
BECWOW,4.9962826,3.675836
EDAVAI,3.2982922,2.483043
PURHOZ,2.9834564,2.2020879
ZIDSUA,4.809068,3.2246094
XOVGEV,2.3809962,2.711922
BEFNAE,3.6098626,3.0199826
ATUSEO,2.8672638,2.6490283
PUHBEZ,3.2117598,2.8732207
JUNYIC,4.554914,2.9325745
YEKZIY,3.1418266,2.9117644
ICEHED,3.7905462,2.7459428
WAVKOW,3.4626489,3.4293895
DOBYEZ,2.963592,2.595447
CIHGAD,2.4865766,2.2453575
VIDXEO,4.6351876,3.2354336
CAMLAF,3.6231961,2.696651
RERHEB,2.5997758,2.5034459
FOYCAX,1.9578593,3.2330132
YEKKIJ,4.233003,2.5660174
UROTAX,3.5391128,3.0612879
BOXKAB,3.5040102,2.63692
XEVDOT,3.7660558,2.7050633
POCHUK,2.9605987,2.1072738
COMYAF,3.3069997,2.7149076
SIHMUT,2.9954295,2.2520823
BEWHER,3.8898678,2.7165246
EDASOT,4.9579144,3.202075
QOPLOY,4.4223943,2.7503264
XUHRID,3.6882312,2.850227
WEYWUT,3.895582,2.8766038
OTUNEX,2.7701192,2.3491611
FOTJII,3.4302673,2.5179987
UXIROJ,3.037063,2.10212
AWUDOL,3.9927268,2.9216485
TIYGOY,1.7671074,2.5066872
MISPIN,3.0283551,2.888156
PURHUF,2.9717555,2.1713157
PUBFUP,3.1625073,2.8868494
OLAMUK,2.8446784,3.0224597
AQOMID,4.542941,3.2775269
HOPMII,4.0444283,2.9198658
PICNEU,3.020464,2.6127696
DOYQUE,4.063476,2.928432
XIXVUV,5.580239,3.8055239
NEFROF,4.010958,2.9713416
BIHWUK,4.9407716,2.8990567
WEWREW,4.1921864,3.0731883
ADUHIR,4.4112377,3.0739264
LOYGAJ,4.1793966,2.9327435
RUJZUR,2.8218207,2.5028434
EDASIN,4.65478,2.9874156
EZURUN,3.8158526,2.5580242
XAMQEJ,3.266999,2.3409524
ZEWGEP,3.106724,2.8792021
KEKNAR,3.653673,2.7676525
XAHNOK,3.639523,3.1802433
PODTAF,3.9614336,3.2029793
POWVAY,3.3061833,2.5108328
JOLXEN,4.195996,3.165678
WOMQEV,3.1951609,2.403146
FERDUC,3.2117598,2.8117356
MIKVIM,4.366611,3.1177692
OFAFAD,5.6599684,3.2669704
FAWDIQ,4.225656,2.626771
IMELOC,3.4000628,3.0615222
GIJSIC,2.9412787,3.6208992
EJOZEJ,3.0438657,2.8202217
QICZUZ,2.9557009,2.301874
VOLGOV,4.1867437,3.0805893
FEQCEM,3.656394,2.8202605
EZUROH,3.0732539,2.6557026
SEQYES,2.3905203,2.803573
VOLPUK,3.2776115,2.355586
DAMKEH,3.2419646,2.9509237
HONLIG,3.8180296,2.7571478
HACLIH,2.9431834,2.971609
TEFRAA,3.7671442,2.5847545
TEDYUX,4.5083823,2.9979804
BIHCEB,3.7363954,2.5217044
JUJVEP,3.6893198,3.0916727
YEKGOL,3.0767915,2.9223237
BIHFAA,3.2196512,2.1323733
CAMLIN,3.5429225,2.6654499
UFANUN,2.7118866,2.468686
XOKMAM,2.960871,2.380714
GUZNIA,4.027013,2.91085
XAHNUQ,3.677891,3.2207422
TEVCOO,2.3720164,2.16482
TUYNOQ,4.0476937,3.0384493
QIBWIJ,2.6389601,2.3843062
TIKHAY,1.7347258,1.7054381
SERSIR,3.9334059,2.8982556
NAGZAX,4.427837,3.3258722
MENWUA,5.6583357,3.2708375
GUKQUA,3.981842,3.1155186
KUQCUW,3.0022323,2.4168782
UVEYIF,3.3845522,2.9129639
KOKFEW,3.2855027,2.7448387
GINXAC,3.0593762,2.7374187
QOPYEZ,3.0264504,2.7841153
CESSOK,2.2691574,1.9856279
KUQCOQ,3.534487,2.395318
WOFYEW,3.4525807,2.891672
HIKBAG,4.667025,3.2442105
SIKXIV,3.364688,2.602099
XUHRUP,4.396816,3.2291098
VIVMOC,3.6378903,2.9031637
TEDRIF,3.4210155,2.7663736
POKCEZ,3.2343454,2.6730494
POCKUN,1.7622094,2.2878172
ZEDXIP,1.529552,2.479772
FEPJUG,2.702907,2.8271205
RARGEX,3.4395192,2.8200932
VIVMIW,3.8942215,2.9796734
XOFKOS,1.799761,1.7360774
UBASIC,4.5666146,3.2391863
BIHDEC,3.204685,2.221499
KIDGIP,3.6283662,2.9111986
KAPPOH,3.2977479,2.5559757
NIKTIM,3.3929877,2.8442125
PAQBUF,3.675986,2.7784026
YEKKEF,4.1067424,2.7158537
GUZNAS,3.7919066,2.7916994
DMCPHF,3.364688,3.0977588
IZUDOX,2.9067202,2.506007
COYXIZ,5.53017,2.9606616
TIFYOX,4.0917764,2.9067414
AFADOC,2.8803253,2.2871027
SOFJEF,2.8901212,2.3306904
PEWMUA,3.9246984,2.7618687
KARWEH,2.4781408,1.8643959
LOHLAV,5.2999616,2.8040533
DEYGIX,3.221284,2.9419868
DEGXIX,1.6677859,2.341314
ZEJZUL,8.365324,4.6804543
ADAMAT,3.575032,2.754063
HIQRIJ,4.2327313,2.9428117
SIGKIE,3.1747525,2.4851851
POHFOI,3.3159795,2.8747976
HONQIL,3.8014307,3.4743152
FOVFAZ,3.4376144,2.9247398
RAMVEG,3.7968047,3.0317445
VIPCAZ,4.5179067,3.8467987
YOZCUL,3.8735409,3.0050123
VASSOX,3.5366638,3.0337195
YEWPUM,2.1872513,1.722154
HOHGAM,3.1973379,2.2194123
XUNFAN,3.7195244,3.244327
DUXMAK,3.8653774,3.002651
PEWMOU,3.8226554,2.8917933
EDATAG,1.0136242,2.4996529
NILFIZ,3.0313485,2.9500322
UBIGIX,4.600085,2.748849
PODSUY,3.9587126,3.052771
ZIHKUY,4.172866,3.0039055
GILMAQ,3.2079504,2.34551
TUYNUW,4.043068,3.1106088
UQUDAM,2.9431834,2.921423
TEZJEO,1.8321426,2.0470862
TINLEH,3.649319,2.5648959
JEJNUK,4.1546345,2.8007808
UVEYUR,3.4601998,2.7237022
YADYEH,2.8596447,2.5259337
TAYPIT,3.6430604,2.9567404
FIPHIV,4.010142,2.9585843
NEVKOP,3.2699924,2.7920191
SUXQUY,3.0961115,3.1165051
KUPGEJ,2.8865838,2.377595
XIXWAC,3.5793858,2.9219728
OCOMAV,2.3741934,2.0372052
CAWJEQ,2.0852084,3.24086
DOBYID,2.6248102,2.7104676
YUFNIY,4.7546453,2.9488235
YIXHAP,3.3007412,1.9441423
DAGJEA,4.3864756,3.2009325
ZITHUI,4.0090537,3.0884407
POCGAP,2.844134,1.8590856
TAPXOY,4.308651,3.1659636
HOWHUX,5.111931,3.151588
TEVCUU,2.2160952,2.2099674
POFZUG,3.637074,3.004974
REVDOL,3.5257792,2.942476
FULYOA,3.5208812,2.4501674
JEJNOE,3.6642852,2.9134498
KEVXAK,3.5494533,3.1144352
GOCJIU,3.3355718,2.8803241
AGITUG,3.4144847,2.6970105
RITCIG,2.368207,2.2843525
BAMTOZ,2.9576056,2.6658828
DOYRUE,3.1222343,2.7418375
UCOLOP,4.6999507,3.107253
ZIQDAE,2.504536,2.8158336
TORWAY,2.812841,2.1737938
WAQBAU,2.922503,2.5990975
YEVBIL,3.7491848,3.0650654
NONRAJ,3.1241393,2.4678693
XOVDIV,5.0719304,3.4669018
CEFQAI,4.3750467,2.7592585
XIXRAZ,3.35081,2.5736516
EPICOW,3.3706744,2.5174606
WIWMEV,2.4343307,2.0437422
DEVDUE,3.4014232,2.3476732
DAJPEL,4.7990003,3.2033107
WUBKUB,2.5769184,2.3450987
XUHROJ,3.6055086,2.7396786
FUDBUB,3.209855,2.805098
VIPCED,4.469198,3.7060583
LACVOA,2.5328357,1.7818099
CETDAI,3.591631,2.467153
UCOLIJ,4.803626,2.5378456
UDARAU,3.14999,2.4020734
JOWJIR,3.271625,2.86253
FOKRIH,3.2057734,2.4992745
BITNUQ,1.472408,2.0489078
DEDGID,3.1113498,2.780417
DOZVAR,3.0101235,2.641711
DAGNIL,2.368207,2.5943227
XIXQUS,3.0337975,2.2545493
ERUQEO,3.764151,3.0877767
YERPOB,4.3535495,3.0024843
MEHGIR,2.8087592,2.2604265
KOLJEA,3.692041,2.8237832
ASIJAN,6.2531767,2.8921971
YUFNEU,4.7826734,2.978442
XIVLEV,1.8120062,1.9843576
BAMTUF,2.5050802,2.5217414
RAMVAC,3.8134036,2.9486606
VOLDOS,3.8770783,2.346273
KUQDAD,3.6528566,2.3985882
SOGREM,3.6335363,2.8869703
SEPXOD,2.910802,2.2445066
EDISUI,2.5578704,2.3298736
PALCOW,2.9859054,2.1393476
SATKIJ,2.800868,2.1059015
TEDREB,3.0367906,2.6445012
FIQQIF,5.4760194,3.167658
ZEWGIT,4.017217,3.0371456
QEPMAA,3.900208,3.1271338
MOPVUK,3.2947547,2.7277577
REVSES,3.8207507,2.5033898
CAJHIE,4.1592603,3.083089
QEYJEJ,4.858049,3.6203802
TOBMED,3.9116368,2.782395
TOJMUB,3.128765,2.813358
VOLQAR,3.751634,2.2427738
HANVEX,3.2591078,2.6242015
UFAPUP,3.6071413,2.6010745
DOFCEJ,3.2509444,3.0095415
YIXGUI,3.5938077,2.5056257
EYUSUM,3.6621084,2.820649
WIWMIZ,2.4411335,2.1942673
LEJFOW,3.6860545,2.6624405
MAPSOL,4.652875,3.3148246
XICCET,3.3377485,2.5128396
HILPEA,0.9796099,2.2081046
FOJXAE,3.8359892,3.1165395
ZUDWIE,3.283598,3.203464
WAPZEV,3.3464563,3.1289203
SOVJET,5.0441747,3.9362214
CAMLUZ,2.6784167,2.0219586
RURJUK,2.4427662,2.0063748
ECUKUI,2.289838,2.6001134
TIBXEH,2.4596372,2.5772336
PUHXAR,2.798691,2.548194
RAXMEI,2.3214033,2.1781673
LIGJAO,3.085227,2.5821776
PAXPUZ,2.6299806,2.4670584
ETURUG,3.862112,3.3583775
QODHOG,3.4250972,2.6634898
JUQZUQ,3.5399292,2.5696268
MIVKIN,3.7671442,2.6972547
JOZJEN,2.6340623,3.0552607
WARZUL,3.429179,2.8776228
VUJXOP,4.074633,2.7385721
TACWEZ,2.8920262,2.9489143
GASNEV,4.21967,3.0008254
ALAZOC,2.561952,2.5660884
NUXNUP,3.551086,2.9103613
SONVAU,3.7527223,2.586335
JOXDAD,3.7410214,2.9236057
MUTMET,3.0365186,2.322359
WEQQEP,2.9976063,2.7294352
VUJYOQ,3.1350238,3.0210693
SIVCUW,3.0623693,2.514519
SEKKEY,2.511611,2.0872524
PABJEJ,3.1889024,2.6190917
QUGDEB,3.9481,2.6793292
YAWZEC,4.0983067,2.793061
IGUHAT,3.1124384,2.776048
DERGEM,4.27763,2.3147182
QIGPAA,4.064837,2.5866284
XIMXOH,3.7176197,2.9212692
GINJUI,2.6242661,2.1394243
ZUKGOB,3.5459158,2.8637097
XARHIH,2.545081,2.4873703
NONRAK,3.2974758,2.2057765
LEQDAP,3.049308,2.3473034
NEBCUS,3.2278147,2.7283704
BEHHIF,3.410131,2.32727
FUGQUV,3.3105373,2.8425868
NEYTUH,1.7834343,2.7457442
NAFSIW,2.432698,3.0360289
NARWEL,3.9260588,3.5618422
LOCTIG,3.496663,2.4106562
NARWIP,4.1976285,3.1341267
JOXDUX,3.902385,2.7204607
HOZFAD,3.015838,2.4684694
RONRUH,2.3763704,2.8746474
HESJAQ,2.8261745,2.0900178
AGIKAC,2.476236,2.5557725
GOCBEG,3.0392396,2.3493252
MOQYAS,2.7399144,2.6455154
JULPEL,2.0903788,2.980539
HANYOM,1.7203039,2.5500112
ZANMOQ,3.080601,2.451194
IGUHEX,3.1127105,2.7349188
ZUJHAN,2.2090204,2.366824
SODLAY,4.205792,2.6020744
XUHFAH,1.6852012,2.6502733
CATYAZ,4.9652615,3.930957
HABMUV,2.0389493,2.6636376
BEHQOV,3.5366638,2.3559813
TAVYEU,2.3701117,2.761569
COLVII,3.4591115,2.3412242
PUBKAZ,1.5284636,2.0339496
HISJOI,1.8686059,2.7077136
OSOKUE,3.6310873,2.7653892
HAVZUC,3.0958395,2.656192
LIWWIX,2.4084797,2.1724591
WOPDUA,2.3216755,2.5351236
QUGDAX,3.96742,2.686674
JATYIM,3.2057734,2.60391
RUGRIU,2.97747,2.502113
PABJIN,3.1682217,2.7301521
NULMUC,3.013661,2.6112993
WEFFET,2.8163786,2.390398
UNUCOX,2.9940689,2.8644185
KIVNOS,4.0901437,3.0670755
LADJIK,3.5233302,2.588675
NAGBEC,3.6849658,2.6523266
UXASOD,2.5418155,2.0931458
XIMXIB,4.4542317,2.5151408
ADEYIR,2.818011,2.2726128
POQTOE,2.31324,2.405138
NOFKID,3.6025155,2.8524656
NADQOB,2.9086251,2.8868337
NAZBEV,1.835408,2.5229216
NILJUO,4.7668905,2.9916213
SIDLEY,3.9521818,3.2988234
TAZGIK,2.8476715,2.5155256
RAFSAS,3.116248,3.2942128
TISJEM,2.3143284,2.7415721
RATNAC,2.9140673,2.4287794
VITRIA,4.081708,3.1965313
VUJYIK,3.247951,2.7991593
TOPBOP,2.9486258,2.587303
QUHWEW,3.6569383,2.2602963
NACPAI,1.5134974,2.6779044
WOLCEF,2.6302526,2.4814613
MPHETA,2.4313374,2.9737697
JOXDOR,3.5568004,2.478136
HANQEU,2.8637264,2.8300827
VUPBEN,1.8789462,2.1951873
VECKET,2.6509333,2.7494907
FAVTUT,2.6321573,2.4562082
HANPOD,3.3899944,2.8803809
QEMSEH,3.8014307,2.1979487
HIPPEC,3.1913514,2.11773
EFOYIK,3.7181637,2.5160122
BUDVAX,2.0745962,2.5706136
AZEZAH,2.3592272,2.2735605
YIBBAO,3.0120285,2.2944736
NOSBUS,3.3823752,2.4995532
ROGXAN,2.0133705,2.5321622
VUJXIJ,4.0893273,2.7303944
PEMCAL,2.8386917,2.0896475
IGUFUL,2.932299,2.6169116
RIMRUA,4.6580453,3.0727692
ADEZIS,3.3222382,2.4901707
FOBQOE,2.4718823,2.3264837
BUQFEY,2.3886154,2.2686434
LEXHUS,3.0678117,2.6684728
SUYCAQ,2.774473,2.2700725
XUSLEC,3.0961115,2.8775494
CATXOM,3.8055124,2.6651058
NOKZIX,2.4778688,2.9724793
OSOKOY,3.7788453,2.7204053
TABWAU,2.598143,2.6422002
IXUNAR,2.2672527,2.7073562
QUHVOF,3.7853758,2.491568
MELMAS,2.717601,2.6023574
LOCTOM,2.5962384,2.7299
ELOWEH,3.8566697,2.791999
XEPFII,2.2721508,2.2917662
VUKJES,4.0359926,2.628415
VAXPUG,2.5099783,2.6227586
ZUSSAH,3.5652359,3.0310752
FEJHIL,1.9208517,2.3336563
IXUMUK,2.3290226,2.5975318
SAKDAJ,1.2767582,2.176347
EVUJAH,3.9829307,3.0851808
LUWRIE,2.389976,2.9704905
ZODFUT,2.3211312,2.503107
QENKEA,3.9823864,2.9803953
EFOYOQ,3.7554433,2.5285702
LIXGEG,3.7429261,2.8391664
NOMHIJ,2.999511,2.7101378
SIVCIK,4.196268,2.529182
VICRUU,3.1739361,2.6152523
DOMVOR,3.310265,2.423257
FISTEI,3.7573483,2.7349484
RURJAQ,2.7050838,2.022755
QONHAC,1.6163564,2.3247318
KUFNAA,0.9921271,2.2895727
MELLUL,2.679505,2.7907295
ZOVVOV,3.8093219,3.7268171
FUYBIL,3.3567965,2.6353478
IXORUI,2.8234534,2.4948053
NATDUJ,2.8931146,2.4441059
WUTQAD,2.0977259,2.6576936
LEXHOM,2.721955,2.7219477
XAMPAC,3.0822337,3.0336893
BAZNIZ,3.556528,3.0381901
NIPPUX,3.923882,2.6046295
DOCSAS,4.046605,2.2510645
NETZUI,4.1026607,2.9072623
HATQIC,3.9108205,3.1078084
LIFTUP,4.023748,2.5619347
PIFZAH,2.5750134,2.669116
POWVIG,2.5559654,2.5326278
ZANMEG,3.6879592,2.5368607
XARHED,2.4571881,2.510571
YUSPIL,3.4612882,2.8411705
LUKDAW,3.7728586,2.6428955
SAKDEN,3.0909414,2.2273617
PULLEN,1.962213,2.6879394
HAFCUN,3.0313485,2.3767958
VUJZOR,3.1393776,2.608888
LIPKOK,3.792451,3.1017084
QUGCEA,2.9888988,2.2137454
WEQQAL,3.221556,2.8335853
HISJIC,2.162761,2.6786673
RATPEI,3.5913587,2.308346
VUJZAD,3.594352,2.94912
PUBJUS,2.5080736,2.0482163
GARJAK,2.9094415,2.8786273
UBASEV,3.2661827,2.8759077
HILFEP,3.6664622,2.6325955
POJQUA,2.4963725,2.1568215
WEHWAJ,2.0631673,1.9378511
WAGDOY,3.599522,2.743314
YEDNUS,3.840887,2.9978654
ROGXOB,3.3464563,2.4328306
POQTUK,2.7456288,2.9785588
CBZYTA,2.2974575,2.8229897
IPUSAO,5.319826,2.0889602
XEQSIV,2.2688854,2.5205913
TUJZUT,4.2191253,2.4003992
XOBPAF,2.4865766,2.6383245
DONDOZ,3.9445624,2.2461092
RISHOQ,3.7108169,3.0107665
AHATUY,2.8838627,3.1282537
HANYIG,3.1970658,2.5315194
HETFER,1.1287283,2.589292
VEYKEP,2.9831843,2.5963464
ZEQFEG,2.344261,2.867344
AGIKEG,3.145092,2.4560745
QUSWAC,3.152167,2.7323198
QUGDUR,3.264822,2.6335928
LIXFOP,3.7701375,2.753637
MUTLIW,2.9091692,2.3624527
IKUMIK,2.8805974,2.5821137
RISHIK,4.062932,2.879143
POLFAA,3.120874,2.4063456
HIWQAH,2.7129753,2.3850715
ICEYOE,2.5769184,2.2215562
QONHIK,3.9100041,2.4822977
LEXJEE,3.0389676,2.5511184
HATFUF,3.9750392,3.2653766
PIXZOL,2.638416,2.4212558
RIFVEJ,5.159823,3.1551654
NOMGUU,4.172866,2.9345548
IXOSOD,3.1742082,2.4524994
LIWVAO,2.0424867,2.162426
TABPIX,3.2182906,2.5401485
FIGCOP,3.0109398,2.8803844
BUDVEB,2.568755,2.3287034
ADEZAK,2.6827705,2.4459531
SIZQAV,3.8414314,2.6465957
AGIJUV,2.483039,2.3883238
QAJTED,2.979919,2.1348195
JUTMOC,2.5995038,2.4074569
BUNKAW,4.070823,2.3763235
FAPXEA,1.6939088,2.1644778
POJQOU,2.1733735,2.2222934
UCUGAA,2.5086176,2.2374566
ADEZOY,2.6800494,2.0113602
QAPCEP,2.2457557,2.4471993
ALUBOZ,2.1061614,2.1423397
RUGSAN,2.4835832,3.0123832
ZOKVAY,2.384806,2.6191561
HESPUQ,2.0985422,2.5081842
BAGMED,2.4250786,2.0715446
WAQXOB,2.411473,2.5743594
MAVTUZ,3.5597935,2.8299117
PAVFEX,2.6903899,2.2075946
YIBBES,3.1989706,2.0887768
HAVYUB,2.8269908,2.826589
QETYIX,2.5178695,2.5945683
VUJYUW,3.8632004,2.940594
BAFDUH,3.527412,3.111819
NELYUY,3.3918993,2.6164553
TEQHOM,2.2571845,2.485133
QEWRUF,3.4601998,2.4806323
LEQGIA,2.5673943,2.3037753
QEZVIC,3.2757068,2.8266902
ADEYUD,2.9148836,2.6094828
MIVLAG,3.6378903,2.9817069
LIWVUI,1.7415287,2.3489437
KARCEM,3.9304125,2.391901
HANQAQ,0.7461362,2.5286012
BAGMON,3.248223,2.4671578
LIBFOR,1.8642521,2.5012364
TEQHIG,2.251198,2.6494367
BAGNII,2.5578704,2.1470976
RADQIY,2.1499717,2.4649944
YIYWOS,3.7608857,2.312717
YUGKUG,3.0816896,2.62051
LUKCUP,3.62755,2.8770566
DAFXIT,3.9323175,2.4174542
QUHVIZ,4.2719154,2.7742696
HAFCIB,3.219107,2.5466533
POZXEI,2.186979,2.312397
LIFQUM,4.437361,2.9936507
DESZAC,3.4430566,2.3753371
SIVCAC,3.0536618,2.7662132
SACGUB,3.4572067,3.0114582
QIGPOO,3.145364,2.8201838
XAKHAS,2.4716103,2.3324003
UNUDIS,2.6803215,2.6369164
KIBBAZ,3.3777494,1.5314528
YAPVER,3.8610237,2.1390364
QORFAF,3.9706855,3.4081807
UDICIT,2.3001785,2.665436
FIVVIP,3.4430566,2.6969533
TUSFAP,4.0261965,3.1164975
FABVEK,4.246337,1.6917921
QUMYAY,2.8501205,2.5596383
ZANXOE,1.3641068,2.5533454
BEHRIQ,1.5573076,2.129796
NATFAR,2.404126,2.6588097
PEXVIX,4.04851,2.7949173
HAVZEM,3.018559,2.5517056
SAYXAR,3.7949,2.561136
QUSVUV,3.2188349,2.8644927
NOQPEO,4.165519,2.5785527
NEVBIA,4.049054,2.9636664
JAJDEE,2.741275,2.807621
NONSEP,3.8825207,2.2363386
KEQHAS,3.3377485,2.1419652
ZANWOA,4.1257906,2.6545053
FOHWOP,2.258273,2.5154047
ONAJAQ,3.3924434,2.5489807
HOJDAL,4.7813125,2.1930118
HETFAN,1.1679127,2.6100254
XAQRUC,3.9412973,2.9012165
EFOYEG,3.7097282,2.6231792
XUHFEL,2.5488906,2.6238565
LEXJII,3.4049609,2.5546684
UKARUU,2.7189617,2.5219858
NILJIC,4.547023,2.9609845
YETHIO,2.5818164,1.6228423
VUJXEF,4.0264688,2.8286767
NELYIM,3.5089083,2.9254377
KAGPAL,3.4757104,3.324767
HAFCEX,3.1731198,2.3245358
FAKPAI,3.157065,2.374846
VEDNOJ,2.9001896,2.6173596
UKAROO,2.3752818,2.6660314
NILHUM,4.583486,3.2162375
QUGCOK,3.8305469,2.6759474
TAVYIY,2.707533,2.8339717
FODCIK,2.9962456,2.562161
LEXJAA,2.2463,2.3086066
WAJTOT,3.5421062,2.4377334
XEMXOD,3.9826584,2.904736
FOYKIN,1.7213923,3.121674
ZANMIK,3.26972,2.5092978
NULNAJ,2.6555593,2.6998534
IBUMOJ,3.7203407,2.110896
KOKVUB,1.1485926,2.7911952
NETZOC,4.160349,2.7047875
WORKAP,2.559503,3.0405786
NADRIW,2.9837284,2.9323826
YAYTOK,3.2555702,2.183247
HANPUJ,3.3951647,2.9433527
RADPET,3.1597862,2.6545856
FOHWIJ,2.249021,2.4459424
MASHOF,2.8025007,2.6364877
LEBYUN,5.066216,3.1152244
QOSJAJ,2.6903899,2.4904451
IWAZIQ,1.880851,2.4878523
PEPNON,2.652838,2.5671542
NEVBAS,4.150825,2.7200868
VUJWUU,3.266999,2.915029
UCIVAG,1.9994926,1.931878
NAFRUH,0.7880418,2.7719114
GOCBAC,3.4800642,2.6502635
YAZMES,2.5796394,2.4477396
WIDNAA,1.3698212,2.6049163
NAGMOZ,5.5837765,4.9207373
NUXPAX,3.5845559,2.9715683
DURVOB,3.4177501,2.4758258
AKINAJ,3.86701,2.6233232
JIHWOM,3.1581535,2.6561813
DANDAA,2.6710696,2.3839154
COCYUQ,4.346747,3.325958
WUCMUC,2.841413,2.7167795
QAPCAL,1.3390723,2.2412012
QICJUI,3.3377485,2.7701626
QAPCOZ,2.9211423,2.1526046
FAPXAW,2.4242623,1.4844059
TORXUT,2.965769,2.5873897
JIHWEC,2.9042714,2.9606872
ICEYUK,2.9099855,2.7260315
XEMTIT,3.4982958,2.823027
ICEZEV,2.5399108,2.5539062
YEHTAG,4.024564,2.8436882
RISXEW,3.1850927,2.8731294
WACRAT,1.4179853,3.1144836
ZODFIH,2.1973195,2.5680647
LIWWET,1.8691502,2.3242595
KAXNAY,2.7788267,2.1525872
HIPRED,4.1576276,2.5216265
NISZIY,2.8566513,2.2702281
BIQCEL,2.7905276,2.1466556
XAMPIK,2.4484806,3.0280242
VUJXAB,3.594624,2.8122187
VUJYEG,3.252849,2.5905929
CENZIG,3.9173512,2.9378996
GEQHAM,3.26972,2.5472722
CAGBAN,2.327662,2.9390743
LIFXED,4.0112305,2.7448823
YAPVIV,3.7548993,2.0190125
HESQAX,2.5371897,2.3579512
CEXHUI,4.2191253,3.317066
XUSYOZ,2.955973,2.3682432
SAGMES,2.6971927,2.7533927
QUSWEG,3.8768063,2.6052577
YOCJUV,3.3704023,2.7177563
UNUDEO,2.6664438,2.6096864
QIVGIM,3.6569383,2.913731
INEBUA,2.861005,2.3546302
COPNIE,2.7309346,2.2848132
BIFLIM,3.708912,1.4333968
TABPOD,3.3524427,2.4401658
NADQIV,2.9192376,2.9151087
RIKDUK,3.9157186,2.5997899
GINQID,3.1274047,2.9066246
MAZMOQ,3.0465868,2.799614
WAQXER,3.8983033,2.324408
XEWMUI,4.5600843,2.98012
NOKZOD,2.1091545,2.7089643
NIMYEP,4.1905537,3.414322
BEHRAI,3.4547577,2.1454515
JACYAN,2.6430418,2.560029
RISHEG,4.0637484,2.9694486
MOQYEW,2.6618178,2.4665225
RADPIX,2.120039,2.039337
XUSLAY,2.516509,2.3222468
FAPWOJ,2.4152827,2.3423455
BALRAI,3.5646915,2.464608
HAWBAL,2.5875306,2.6970503
LELYOS,1.8348638,5.088744
ADEYOX,4.059939,2.5477147
PAXJAZ,2.8539302,2.8583043
NONSAL,3.5595214,2.0798116
RAJTEB,3.7197964,2.8183947
LUKDEA,4.2740927,3.3725255
IBUMID,3.513262,2.3757012
QUGCIE,3.247679,2.3986685
HIJJUH,3.4011512,2.750037
GEQGUF,3.5581608,2.5779436
EGUDAL,2.0283368,2.2514281
XEXGOX,3.0645463,2.5689986
QAQVEJ,3.5709503,2.4897256
CHACMT,0.32272705,1.810096
JAZGAS,1.5077829,2.517282
DURVUH,2.4430382,2.5718575
KEBFOM,3.2533934,2.709752
LIWVOC,2.160312,2.33033
NEWPUD,3.1527112,2.7973197
SAGHAK,3.5875492,2.0071313
MOXDAE,1.4797552,2.2385232
VEKFAV,4.495321,2.5277934
CEQCOS,3.1456363,2.9283442
OSOKIS,3.6651015,2.8575068
EFOYAC,3.7056465,2.7386818
HANQIY,2.831889,2.7612894
FOBRAR,2.19868,2.4545202
NILJEY,3.9279635,2.6942716
KEQGUL,3.362239,2.3041663
LUJBEX,3.9709575,2.5081835
VEDNAV,3.1461804,2.6314292
SESWIW,2.7107983,2.5344138
IGUHIB,3.1891744,2.7185419
RIXREW,4.195996,2.542643
XUSYIT,2.7039955,2.4904819
DOHKOA,3.2180185,2.2972298
HAWBEP,2.5458972,2.664202
RITQAM,2.8267188,2.3631508
KONTAI,1.6887386,2.7324347
XIMYEY,3.7644231,2.1436605
DETXAB,3.6455095,2.4789772
PITBAV,2.2767768,3.113358
IFURIN,2.587803,1.9697802
RIKFIA,3.941025,2.428216
SIZQEZ,3.8612957,2.6891212
NATDOD,2.955973,2.4800751
ROGZOE,4.032183,2.7567627
WIDNII,2.475964,2.3270812
BIYPOO,3.4060493,2.7498188
YAHJIA,4.548383,3.18338
OVIMOW,3.4006069,2.6940277
ZODDUR,2.8182833,2.7087352
NEVBEW,4.168784,2.7326171
ICEZAR,2.6977367,2.7906
GISLOJ,2.531203,2.6911774
MIJCIS,3.6008828,2.1530726
STAETC,3.5810184,2.271922
HABMOP,2.8544743,2.3395486
NARWAH,3.9755836,3.4924948
ALAZES,2.6830428,3.010592
VEYKAL,2.2103808,2.4538074
BIQCOV,2.7333837,1.9514642
TIXTAY,2.5660338,1.9184755
ADESIL,4.1298723,2.8289793
RADPOD,2.5233119,2.5544987
ROGXIV,1.9442536,2.6252213
VASGIF,3.2577472,2.5609078
DURWAO,3.8958542,2.445774
HEGYAW,3.8923166,2.5846238
CEQKOZ,1.5113204,2.3782198
ZOVSOU,2.0204453,2.4714394
CEYVOT,3.3780215,2.784529
RATNEG,3.1274047,2.8343868
ZOVSIO,2.9464488,2.4368687
HOZDIJ,3.7698655,2.6344197
PAXHOL,2.6653552,2.6453142
WACPOF,1.8329589,3.0745234
NAFZOJ,4.03436,2.965744
ZODBUP,1.2492747,2.3960996
HIZSIS,3.620475,2.6222765
SOKFIH,0.8737576,2.5695274
AZEYUA,3.393532,2.5475616
KUVKAN,3.6234682,2.8642797
GIFZUQ,1.7989447,1.8126811
YIFBIY,2.7301183,2.7312489
HEDWAP,2.5777347,2.4598012
NONROY,3.1848207,2.1801739
MIJCAK,3.5440109,2.171945
WAQXAN,3.4136684,2.5340643
YUGLER,2.963592,2.611227
JUGWUD,4.4509664,2.5848665
MUTLOC,2.3986838,2.5586343
NUGWER,3.1957052,3.3587902
SUSZAI,3.5031939,2.730541
MOGCEQ,2.963592,2.6672826
VILSOA,2.6974647,1.8870668
VUBTER,2.8120246,2.7622435
YUVRAI,3.3660486,2.346252
BUXFIJ,1.0302231,3.222611
NEHGAI,2.8133852,2.930448
VUPBAJ,3.7015648,2.2656162
YEDPEE,2.8667195,2.770583
ZODFED,2.3524244,2.5193224
SIVDAD,4.052864,2.2535589
JUQZIE,3.9606173,3.248291
LELXUX,2.2593615,4.7666626
TABPET,3.2329848,2.6019154
HEDKUW,2.611749,2.9385786
OFEHEM,2.6732466,2.9584465
VUJZIL,3.9151742,2.9570873
XIDJID,3.5788414,2.621815
DIVWIR,2.8133852,2.624939
PERBUK,3.6743536,2.7137065
IMOMUT,3.9851074,2.844062
NADROC,2.3804522,2.4826155
NELZEJ,3.3875456,2.6989715
UBASAR,3.3714907,2.7090147
XIPPUJ,3.7056465,2.8905973
ADESEH,3.9538145,2.7702677
YEDPAA,2.760323,2.6434128
GEQGIT,3.1703987,2.452812
POZHUH,3.7821107,3.11297
YEDPII,3.056383,2.919658
KAQCAH,3.4182944,2.675308
IGUHUN,3.157065,2.8586118
BIQDEM,2.6852195,2.1572816
HEXXEP,4.846348,3.0852697
BIQDIQ,2.143985,2.1346235
ICAZIV,3.3742118,2.3916702
KUVJUG,3.1442757,2.5681708
SEQVUF,2.5181417,2.0623195
PUYCAN,3.429179,2.9538941
OGAMAK,2.3597715,2.5744767
INEBEK,2.1973195,2.6027267
XUZVOF,4.125246,2.9253173
QETYOD,2.1883397,2.2132103
KEXFEY,2.27977,2.8333607
FUGQOP,3.508092,2.7073317
NARWOV,3.6629248,2.9580567
NEBDAZ,2.6710696,2.671753
RADQAQ,3.1793783,2.6031125
YOXPUW,0.8628731,2.3257875
POBPEC,1.7622094,1.2846417
VEDMIC,2.6993694,2.5864024
FIWSOU,3.2014196,2.1569715
VOGJIM,3.7644231,2.5222375
UNUCIR,2.5556934,2.6081247
ZANXIV,3.9448347,2.4246445
LELYEI,2.368479,4.7434525
YAPVOB,3.9559913,2.5325193
GEQGOZ,2.881958,2.7013419
NOMVEQ,2.5004542,2.899833
NONREO,2.8212764,2.1081285
FIMWIH,2.9483538,2.8020966
NOWSIB,2.3780031,2.5673733
HIJJOB,3.5361197,2.723799
YOXPEG,3.835445,2.7101576
TISVAS,2.7303905,2.6913664
XIPPOD,4.1072865,3.1566076
QAQPAA,3.6836054,2.387566
VASGEB,3.8090498,2.4133039
VIMDIG,2.9565172,2.2232103
IXUNEV,1.818809,2.4656653
LEKNEV,2.0237107,2.6043785
VITROG,4.29695,3.2577858
XIYHOE,3.4623768,2.7973108
RATPAE,3.4044166,2.7497563
XAQSAJ,3.7578924,2.9738824
MAPJES,1.2239681,2.610506
RADQEU,2.067521,2.214171
PAKTUR,3.9513655,2.6640124
ADESOR,3.838166,2.6881776
LOFRIH,3.2781558,2.9450085
CENPAN,2.0950046,3.2272604
ACUXEC,2.509162,2.6590335
LUFMUU,4.0300064,2.5295181
IJEREV,2.617191,2.336342
VUJYAC,3.5644195,2.8967078
XUSKOL,3.2504,2.776927
PABKEK,3.3385649,2.683853
SORHOW,2.386983,2.463633
WODNUY,1.6315948,2.8813097
HAFCAT,3.1627793,2.2834373
LIKPEB,2.8705292,2.753219
KOHTEG,2.7045398,2.6109004
PAMGUG,2.88223,2.7331834
CETPOI,2.6199124,2.8007374
NADQER,2.9709392,2.8775973
JOXDIL,3.5431945,2.4390984
SOVLOE,2.2639873,2.8618276
LIXDUT,3.8425198,3.0515113
QALHOA,4.094497,3.2231636
AGIKIK,2.8737946,2.484065
QUGDIF,3.9502769,2.5002027
VIHZAN,3.8278258,2.5489933
XIKPOX,2.5720203,2.5410016
IXOSET,2.241402,2.6572123
ESOBUJ,3.0365186,2.9923513
QIBFEO,1.0166174,2.6670845
XEXGUD,2.4920187,2.7647948
XAKHEW,3.372035,2.332321
ETUSAN,4.4226665,3.189629
FIWDOG,3.7132657,2.2710748
LUWREA,3.3497217,2.9841871
IBEJEE,3.2378829,2.4877157
HIJKAO,3.2650943,2.5318294
DAFXOZ,2.9918919,3.215408
WUVBAQ,2.8925703,2.5900798
NADRES,2.35188,2.5085814
LAQTEC,4.4267483,3.3863294
IKUMOQ,2.762772,2.459355
SOVMUO,4.9462137,3.6364136
MUTLUI,2.4702497,2.4222546
ALAZIW,2.7053561,2.6173463
MAKCUX,3.3867292,1.6194366
HABQOT,3.855037,2.6919365
BEHQUB,3.209855,2.374948
XUSKUR,3.3899944,2.6577935
HISKAV,2.1635773,2.6188703
FUXZOO,3.107268,2.549099
VILSAM,3.1840043,2.3369462
EGUDEP,2.6318853,2.8855526
RATNOQ,3.5570724,2.8455062
NASDOA,4.0351763,3.051321
OLOLAD,3.4566624,2.588365
FONLIE,2.9703948,2.1819773
DETQIF,1.6797589,1.991287
SIZPUO,3.3951647,2.5412462
LEKNIZ,1.6952693,2.0753508
FABZIR,4.456953,2.3202834
MUSQAU,2.9946132,3.7313612
PITWIY,3.8397987,3.8609936
NEMFUH,2.6827705,3.2672393
LUNBOM,3.5935357,3.7472868
JIHLEU,2.483039,3.8587744
XESCAB,3.4683633,3.5624413
REYXID,1.8011217,2.762281
WARLIK,3.5219698,2.9134004
QAXBAV,2.3031716,2.0062637
JIHLOE,3.5744877,3.9363556
EPEHIR,2.8865838,3.438084
LUZBEP,2.8182833,1.9177625
RACWAT,2.9388297,2.707972
HUVJIS,1.4103662,3.2993312
PUPDAF,2.065072,2.0653462
FAZDAL,3.895582,4.199314
POZVAC,2.966041,3.4142852
WELNAC,2.2495654,3.0224419
VACMES,3.61857,3.9087005
POQNAK,2.2351432,2.903957
OVAXAL,3.0084908,4.450109
HEZBIZ,3.5875492,3.5552924
EJIBIJ,2.7521596,2.351408
OGIFEQ,2.41365,3.131091
DENPIW,3.4849622,3.7235374
GOSHUT,3.4539413,3.740216
KADSEN,2.5271215,2.1474805
EHAMIK,3.5230582,3.553678
XAFXOU,1.9856149,3.789214
SAWMAF,3.959801,4.719866
GIVQAD,2.1407197,2.350399
DUHDUF,2.877604,3.9472523
KIQDIZ,3.572855,4.19507
YEMSAL,2.8699849,2.7376277
CAKCIC,3.1652284,3.8192143
UMAJUO,3.9676921,3.5923567
KIDNEQ,1.9736419,2.2573912
KEWCOE,1.7203039,2.5867195
DILJEQ,4.2259283,3.9836802
DOWPUB,3.517888,3.3076096
WEHXUE,2.4705217,3.0382295
RUZYUG,3.9091878,2.0924416
JAHLIQ,3.1418266,3.0081086
LINBUH,1.6528196,3.1183672
WOHGOS,3.50782,2.406654
RUWBAO,4.012047,4.285128
PIQPIQ,1.8958173,2.1696794
IPUZOI,3.7227898,2.6931205
PALTAX,3.5450995,3.9066606
FUCGAL,2.961415,3.5579789
HEFKAG,3.6980274,4.279065
IFOCUD,1.5238377,1.723641
BARHEK,3.6574824,4.2675877
LAZHIE,2.3167775,1.9479859
UDOBOG,2.6808658,4.076839
POQQOB,1.9943225,3.3479831
MUVNOI,2.2588172,3.260908
WUBMOV,1.7355422,2.4623976
JIZQAL,2.3505197,2.8014026
RAKLOH,3.7698655,2.9996333
PARCIU,4.2079687,4.350484
REHLOI,4.1698728,4.0240293
MAKNER,2.3984115,2.9755833
HAMTUK,3.618298,4.226637
HAZVEL,3.9344943,2.8344195
NAWLUU,1.9916013,1.8993555
UJABAI,4.021843,4.1374235
ZEHYAM,2.977742,4.4667215
BUBJAL,2.5325637,3.2817938
MAKMUG,2.325485,2.9046757
LAMMER,2.0778615,2.145085
NEZPOY,5.1984634,2.5569549
YOXYIU,2.2158232,3.4914215
CEZROP,1.4348564,1.807281
HIRXOY,3.145092,3.7727513
GIDGAB,3.42673,3.7841494
EWIZIT,3.7078235,2.7961757
PORLEO,2.9333875,2.26739
ZORZEN,2.6220891,2.170275
TACCIJ,3.830819,3.9828184
ZALPAG,3.962522,4.0771337
MIZHUY,3.0939345,3.454071
VEBCOV,2.9116182,2.8199222
KIJTAY,3.484418,3.86243
WOGFUU,4.299671,4.155037
TUBVAN,2.6128373,3.750039
GANJAH,3.0582876,3.2577848
NAKBOQ,3.1176085,3.2816849
TEZWEA,2.4261672,3.577075
DILJUG,2.356506,3.0831876
LIWBAU,3.6406114,4.1350713
PUNFAF,3.3518987,3.441276
FIZVIT,4.03817,3.1995475
OBOQOL,2.5488906,3.471893
BOQRIL,2.4890256,2.7712972
ZUKJEU,3.1437314,2.1408887
MOPQAL,2.406847,3.875802
TIFFET,3.7358513,4.079712
MASZAH,2.5777347,3.400839
HAZZUE,3.0773356,4.134747
MUVCUC,2.6898456,3.789828
KUTFOW,4.4613066,2.846315
OFAFIL,3.2776115,3.824629
TOPNIW,3.8305469,3.4875484
YEQGAC,2.9668574,2.3086963
GUBCOV,2.7761056,3.3576667
GIRLAW,3.5641475,4.4137993
YEWYAB,2.3200428,3.6984446
SORYED,3.49884,3.0732286
TUBVER,3.898031,3.576114
CEPFOU,2.067249,2.9752243
IBAVAK,3.5366638,4.0548353
WEXNOD,3.2773395,3.286402
VABMIU,1.9649342,2.7973073
QEZKUB,2.329839,3.2886772
LICFOV,3.8732686,3.670753
CUWDON,3.5720387,4.1077876
NIDMOC,3.1742082,3.292994
VUKJOA,2.8435898,2.2739604
XERVAS,3.6710882,4.352739
CIZDAT,3.0332532,3.4994488
WICTOT,3.513262,3.771255
REHMAV,4.0395303,4.20121
YEMVIV,3.1254997,3.884846
LEXLOP,3.1589699,3.830995
QIFROM,2.6427698,2.01858
ADINOR,3.8202064,3.1177437
RUGBEA,2.8335216,3.3569796
ZALNOS,4.023748,4.059476
GUGDUH,2.5750134,3.8368845
JUTMUG,0.7189248,3.1102133
LORVIZ,2.987538,3.6666915
TITGAE,2.1668427,2.3206842
ZUXGII,2.7205944,3.9907942
LETTAG,3.2727134,2.7406847
KABKOO,3.7551713,4.213399
POZROL,2.621817,3.8993573
AYEVAB,2.7371933,3.868967
OXYLDW,3.121146,3.0744064
PABMAH,3.9377596,2.9645157
EADJEY,4.055857,3.9938402
TULBOR,3.178562,3.155331
HUHSUA,3.3997905,2.8149698
SAKHOD,2.7687585,3.6502116
EBOLOX,3.4223762,2.6627772
WUPTUW,2.80114,3.127002
XUTMOP,3.264278,3.0086021
YIHXOC,2.6854918,2.6406589
PALPEY,2.8708012,4.5347757
GABWIR,3.4302673,3.8535814
SOTMUL,3.386185,3.0266762
IWEJIF,2.3431726,3.4100645
SOTFEO,3.3655043,3.8850312
JOJZAK,4.0251083,4.357583
VOTXAD,2.8022285,3.2027543
GERHAP,3.1456363,3.7662897
JIZPUE,2.0443914,2.6895142
DELHUX,4.676549,2.7659595
ZODNOY,2.877604,3.6682925
JEJGAG,3.9181676,4.0345163
ZEHYIU,3.6762583,4.1691284
RETLAG,3.0212803,3.0541408
MOGNIH,3.8128595,3.9386613
TECVUT,4.0906878,4.2745123
HUCPOK,3.4523087,2.9722323
AZIDET,2.955973,3.6755135
NOLREL,3.4006069,2.545531
WUVGAX,2.4199085,3.8720384
KUHSOW,3.754355,4.121843
WIDJOJ,1.6735003,1.722511
TOJSOA,1.7984005,2.7509115
DOXLUX,3.5845559,3.3654754
FAJFIH,3.634897,2.890093
TABLOZ,3.2993805,2.5011935
DIYSUZ,3.682789,2.9852808
YEMDOK,2.9464488,2.969409
GUDQAX,3.0561109,3.233633
HICJAH,3.3619668,4.0455637
XODDAW,2.105617,3.7316465
ODEGAH,3.0403283,3.569644
JUZMIA,4.0444283,4.2120886
UNALIE,2.0963652,3.4700084
DOQPOP,2.9072645,3.5644798
TERXAQ,4.1110964,3.59151
YOBQEM,3.8817043,2.883646
TIVWUQ,3.1469967,3.5931618
FOFYAA,2.2422183,3.9102116
XUTQOT,3.8231997,4.3974714
XENDIG,2.9600546,2.8182526
JEYLAA,2.059902,2.9737327
NUFXAP,4.0046997,2.0301821
JIZMUA,1.9472468,2.0816593
VIDTUY,3.8425198,3.4594593
VEQSAL,3.2438693,3.170689
TAKROP,2.7393703,3.1315498
BEJXUL,2.2174559,2.489257
SOWDIR,3.4732614,3.954861
XEKFEY,2.7295742,3.6703572
RAKLUN,3.4585671,2.9686494
KAVXAG,2.4384124,3.2082808
TOFWOA,2.6237218,2.310077
VOTWIK,2.461542,2.9293458
KAVWOT,2.246572,3.1865935
UHUXUQ,2.8721619,3.6894836
VEPYOE,2.843862,2.5619307
QABLOW,3.821295,4.040843
ZUDNOB,3.6378903,4.29464
XOMXIH,2.8659031,3.0593143
XICXOW,2.5837212,2.3857958
RITYEY,3.1918957,3.1215377
HIMRUR,3.5570724,3.551045
JIQYAJ,1.8811232,2.7033637
SIMQUA,3.329313,4.3960466
KANMIV,4.1995335,4.0199165
BSETWC,3.64687,3.9637737
DAFMUT,1.7545902,3.4389184
SULMUI,2.729302,2.341857
FIJLAL,2.676512,2.9812489
WIZCUG,3.104547,2.7288463
TANQIJ,3.4569345,3.1468549
YOBQOW,3.9124532,2.9161694
RUHYAU,3.004409,3.90058
QIFSAZ,2.5684826,1.9252591
JEXDAS,3.2006032,2.532536
ZOKRUO,3.2338011,3.4544938
RUQYAD,3.243053,3.5434601
CAQBOM,2.7671258,3.2021856
HAJNEL,2.014459,3.755587
OGAHOT,3.833268,2.976502
FEVZAH,2.678961,3.3867764
AJUYEL,2.963864,2.4842148
XUTJIG,3.5929914,3.927617
HATRUS,4.0874224,1.9732013
GACKAY,3.634897,3.954788
PIQKEF,2.6457632,3.5964036
PODCEQ,2.6705256,3.7616067
QERLEE,3.2248213,3.9963963
CONKEV,2.4604535,2.6029558
WAYHAF,3.1554325,2.7221487
TUDJUX,2.9981506,2.4220219
ROGQEM,2.9320269,2.7423413
MAFYIE,4.305658,4.2652764
NEZZOI,3.2016916,2.231532
GEGPAK,3.410675,3.9517589
HOYSAR,4.247425,3.559685
LAXFIZ,2.7646768,2.9372454
XADKOC,2.4588208,2.7759073
QEDZEE,3.751634,3.7173476
LAZHOK,2.067521,2.4408212
IVOJOS,1.7295557,2.064789
SUDGAZ,1.971737,3.1240568
BIQRAW,3.5219698,3.7879877
CEZQUU,2.9159722,2.664322
IPORAH,2.6405928,3.5313551
HEYVAI,3.0517569,2.1305208
CUMVOV,2.043303,1.9772538
DENPUI,3.4999285,3.8130903
JAFQAL,4.022387,4.006623
VUYDUP,3.5255072,3.8093681
YORHIY,4.1848392,4.5086203
TAXJIM,4.1698728,4.25947
REQBUK,3.5747597,3.2251272
WAQWOA,3.4427845,3.081969
CIDPOX,4.4251156,3.5057373
EREZAC,3.1344795,3.478489
VULPEZ,3.149718,3.7726502
HOQDUM,4.848253,2.106902
UBICIR,3.9524539,4.294789
ECOFOR,3.0754309,2.0633996
WIRRUN,2.3023553,1.983753
SISROB,1.651459,2.8498366
NUCTEK,2.7355607,2.6563413
RUWWAH,4.0789866,4.2968845
LOVKUC,3.3510823,4.208862
EHUZEM,2.1306515,3.4355087
CUHTAB,3.7238781,3.5476925
MAZVER,3.899936,3.7717564
YEKDUN,1.9518727,2.6793187
WAWMEM,2.9086251,3.7219505
WELQUB,2.5581424,2.1712961
TUFFIJ,2.934476,3.0333633
MAZBOE,1.9031644,2.3299465
YIWWOR,4.0283737,4.1367664
ZUTFID,3.754355,4.258382
OFAFOR,2.3097024,3.779375
YUXYUL,4.275453,2.4413164
ZEPPAL,3.0917578,3.5102172
ODUDUP,4.3222566,2.8663049
WILDUQ,3.285775,3.3333976
XUWHOO,3.3908107,2.810338
DAXRID,3.1646843,2.7181575
OGOKUQ,2.984817,2.1620486
RACQET,2.318138,3.0904803
ZOJCEG,3.6691833,3.3430834
HUPNUC,3.159242,3.1926944
FOCPOC,3.4708123,3.8835115
BIKYEZ,4.010142,3.8551044
QAYXUJ,2.5211349,2.4901075
WOLKUD,3.8751736,2.7077591
SOYPAX,2.5409992,3.3199608
SANWOT,2.7739286,3.6887617
DACVEI,3.9723182,2.5577748
JECMUA,2.946721,2.5768747
WIRWUS,3.0299878,2.3611283
XIRYOM,2.4196365,3.688058
AGUNEX,3.9295962,4.331942
MAFXOJ,4.13477,4.626036
YETLEO,3.9878287,4.1312623
YEXROI,1.7551345,3.5790136
GUQFAZ,1.8895587,1.5858637
FABZEN,4.2983108,2.401483
CEFVUE,2.9314826,3.5850182
IYOQES,3.969597,4.2933674
FERPUN,2.978014,3.0970361
FUFMEY,2.7295742,4.050477
MEDGOS,3.6509516,2.0867188
POLWES,2.6571918,2.8758264
JOJYUD,3.692041,3.8663116
KEGWIE,3.0718935,3.2501738
BIMGOV,4.1540904,4.501184
HUHTEL,3.4011512,2.7480063
OGAHUZ,4.0585785,2.8591266
ZOXRAF,2.1638494,3.3623438
XAXBUT,3.5410178,3.6818001
CEPLUE,1.8830279,2.9515064
JOFJIX,3.2893124,3.2365654
PUTZOU,3.5913587,2.1198711
ZORLEZ,2.865631,3.3793194
ADOBUT,4.0433397,4.4683294
DIBHUS,1.9301037,2.4829476
BOBVEV,3.0343416,1.8720865
MUJVIY,3.9257867,4.011807
QAWZOG,1.9994926,2.066327
SUJBOO,3.3739398,2.9370246
BENQES,3.7671442,3.8277335
RETNEJ,2.9004617,3.1904616
NADYAS,3.288224,3.7725606
JIXJAB,3.3352997,2.0877392
NIQGAY,2.3575945,3.7435336
AZUQAN,2.2541912,2.1312788
JOBTIG,2.798419,3.9545612
IWUYAC,3.2460463,3.6085672
UDODOI,2.7839968,3.8096762
MEZSIT,2.6093,2.5932984
OBUVIR,2.8928425,3.6293044
ULUDAG,2.7712076,2.410153
FIXFAT,3.142643,3.3890047
DIVNUR,3.7015648,3.9658937
LESNON,2.9521632,3.886226
RAKFAK,3.448499,4.787774
QEQJIF,3.7415657,4.1602125
EGIFUW,2.4675286,2.4118075
QAQWIO,2.7625,3.2437463
ZIJVUJ,2.2879333,2.1214745
UTIJOX,3.9807537,4.1118827
SOCPIJ,3.8248324,3.3023262
XOMXUT,3.7706819,3.0465982
ABAKIY,2.5894356,2.6418009
ZAFWEI,3.226454,3.9198022
LENGIV,3.0623693,2.4842691
ASUSEM,2.939374,3.2075183
LUTREX,3.8672822,3.974957
BAVCUX,2.0473847,2.8922644
WEQBEB,3.3499937,3.823975
TENGUQ,2.9091692,3.576449
PORSEU,3.0144773,3.3742402
FOHXUW,1.6862895,2.8582437
LAZGUP,3.0346138,2.409077
IGAWAO,3.7900019,4.4570584
UKOQEQ,3.9113646,3.9213247
DOXDOK,3.3358438,2.7373974
AYEFIV,3.1151595,3.130801
HUCPUQ,3.4302673,2.8760145
ZUSXAM,3.1970658,3.4365618
POZSUU,2.7461731,4.197644
MIPRAE,2.9518912,3.4545555
JIWSAJ,3.4683633,3.063304
FIDVUK,2.4384124,2.197197
LINBIV,1.9730976,2.8756223
WEXNIX,3.427274,3.1190689
HOSDEY,3.1984262,2.5808394
JEDLAF,3.5842838,4.0498905
PIQKAB,3.489044,3.854866
PEDFUZ,4.024564,4.094366
OGOLAX,2.593245,2.4135482
POZRIF,2.7649488,4.0152507
CAQKIP,2.7701192,1.888819
OZEFAC,2.067521,2.8494706
XAPSAI,3.6623805,3.9441814
PARCAM,3.6855102,4.1725225
TALZAI,2.4343307,2.165676
FAJFON,3.7067351,2.7852795
PUMJIQ,3.3388371,4.095386
LUCPIJ,3.7880971,3.5324242
FOFVUR,2.6803215,3.2301278
NOXHIT,3.8963983,4.7887826
ZEVNET,3.1001933,3.4068327
FIDRIT,2.8996453,3.1389477
QAHKUF,2.8895772,3.2971702
YAVJOV,3.8803437,4.559003
QAXBUP,2.27079,2.0971718
XOMVED,2.2166395,3.893889
IZUTEC,3.1459084,3.0734706
SOTFUE,3.976672,3.7021596
UDELAQ,4.0754495,2.9898956
FIHBAA,3.3690417,3.5315988
ZASCEB,2.9342039,3.0604389
YIWTEE,2.955973,2.1964672
EZOWIZ,2.7875345,3.304816
FEPYOP,2.7880785,3.6489172
LINBER,2.5888913,3.163367
DAYGEP,3.0669954,3.2267427
YUVCUP,1.3162148,2.5969064
SAJQOK,3.5997944,4.003092
QIHQON,2.1622167,2.055475
CIWRUX,2.62862,3.833138
VUNJOD,2.0846643,3.8583817
SOVZIN,3.611223,3.7487488
ZIWCAJ,3.1886303,3.485407
AYICAO,4.124158,4.304225
NUWCOX,3.094751,2.4529655
HOLXEM,3.281149,3.32902
WETMOX,2.4071193,3.0383835
HACVUC,2.920326,2.431735
RAWKUV,3.0196476,3.022978
SODROS,3.6991158,3.4443266
OCIWUU,2.1575909,3.0034564
ZOSXEK,2.6776004,3.3012574
CEMROC,3.41258,4.071623
YOYBAP,2.7184174,2.8918195
NOVPOD,3.0966558,3.8155508
ROQGAF,3.553535,4.0569277
VAQROU,1.8803068,1.931468
RABPIU,2.268069,2.2350483
REQCAR,3.6906803,3.6057343
DOXDAW,4.121709,4.378675
QAZWUJ,2.7374654,4.0179434
LAHCEF,4.1837506,4.1167545
UHOYIA,2.1333728,2.2582235
ZEHXOZ,2.8528416,4.2809734
QEHBIR,2.8449504,3.7859776
BEDGAS,3.5532627,2.6474638
FOTGIE,3.0454984,3.7379532
NUDNIK,3.3976138,4.345417
XAYLAL,0.5298057,2.8523917
UWEKAK,4.1219807,4.1450186
PEMSAB,2.341812,2.307402
APEBAA,4.1570835,4.5089426
KIKVOR,3.9717739,2.5001655
XUZZOH,3.3714907,3.3323739
NEKKIY,2.7777383,4.0341525
YIMVEV,3.905378,4.212271
QEWYEW,3.159242,3.419449
MAZZES,2.9094415,3.2163959
ZAQKUX,2.8196437,3.42556
WEDRIG,2.6971927,2.815854
LOPTAO,2.4011328,3.7981205
RUMVEC,3.6694555,2.3080072
WELGIE,3.3799262,3.424605
MOYMOC,3.9592566,4.2572637
KAWSAC,3.1170642,2.9794536
DAFNAA,2.8332496,3.7302403
YOBQAI,3.907283,2.9665396
WAXKIP,2.9478095,3.1828933
LESXIQ,3.1178806,3.8981624
XATCEA,3.7910903,3.9320836
JANLES,3.775852,3.0423133
IXAYAH,3.1135268,3.8303223
LICKOA,4.1551785,3.9045768
JOQKOP,3.7562597,3.8992229
ICIXEX,3.025634,2.2549188
DOXTUF,2.7701192,2.335783
KAXDES,3.4139404,2.7137852
XUWHEE,4.033816,3.1542118
COSSOS,2.636239,3.0171628
FENGAI,4.232459,3.9374623
TETCAW,2.4729707,2.6486597
GITCEU,3.475166,4.111045
NOZFIR,3.8664658,4.3976326
KEVTIP,4.2147717,2.632113
APAZUO,4.1478314,4.4971914
NOWXIG,1.9997648,2.898897
HIBMUA,2.5244002,2.5957232
NONHED,3.5328543,3.3818393
VIWCEL,2.7880785,3.6410944
YAZZOQ,3.9271472,3.8743327
RUGBAW,3.0362465,3.394648
KADBIA,3.8131316,4.0720525
CAMHII,4.258582,3.5627034
USINOB,2.8705292,1.9136667
KAVWUZ,2.509434,3.680326
YAFZEK,2.140992,2.272439
XUSWAJ,2.903727,2.7683053
OMERIH,3.797349,4.537178
PUNCUW,2.7456288,4.122216
DACTOQ,2.5532444,3.279052
FOGGUD,2.8329775,3.0799625
EFIKEJ,2.7668538,2.2105336
DUWZIG,2.8324332,3.5207787
LASKIZ,2.6220891,3.466608
BIVGIW,3.5480926,3.8576467
FATNOE,3.2471347,4.491662
HECYAS,4.070007,4.181384
DOMBEM,3.4767988,3.8199556
CIVQAA,3.104547,3.3150098
AYEYIO,4.049054,3.151839
PUHWEU,2.9080808,3.3639665
AZEMOJ,4.234364,3.5085588
SITHUA,3.6283662,3.492066
UDOFIE,2.6702533,3.739914
PAZMAF,2.4454873,3.2260022
TONXUR,3.221284,2.9720013
PEMROO,3.0539339,2.469374
CALNAE,2.942367,3.1609411
NISMUZ,3.161963,3.303597
SOVZOT,3.6534007,3.5008056
WUWNIL,2.7853575,2.1159744
CURTAK,1.369277,2.8081539
WATPAI,3.3981578,2.5105276
SUPQID,3.1124384,3.9203658
LIDRUO,3.4993842,3.478023
GECHEE,4.077082,4.0897856
ZOMYEF,2.3559618,3.7055867
LIMYOX,2.1943262,2.2897594
OFAKOV,2.3820848,3.0171394
RIGDOA,3.4223762,3.3354914
PEDTUN,4.2773576,2.9471502
WIWCEK,2.5126994,3.693458
JOFNUN,2.9978783,3.171393
SOCPIK,3.823744,3.299841
REHLUO,3.9391203,4.034151
COMSPW,1.6095535,3.2703204
GITCOE,4.0904155,4.623459
QAHPAS,2.576646,3.829895
RACPIW,2.8830464,3.927557
SUCCAU,2.5031755,2.9086976
QACCIH,2.1706524,3.2397172
NODKOG,2.492835,3.5523942
HEGMOY,1.6019343,2.322159
PIRJOP,3.4441452,4.226926
CIZCUM,2.9050877,3.383351
MADROZ,2.4019492,3.9028106
HAVCOY,1.4609793,2.8793974
VEFPAX,2.7875345,3.908238
TUCWAP,5.2498927,2.4272017
LOPBOJ,2.150788,2.1400235
LAWGAR,3.8114989,4.1086893
LICFUB,2.5780067,2.8478498
YIKPEO,3.460472,3.0061848
UDOCIB,2.7619557,3.9195871
RANSAB,3.7894576,3.922182
HEYXIU,3.362239,3.363478
NECDAB,3.3660486,1.6143868
HEYSOV,3.3089046,3.6788476
LAPMAQ,3.056655,2.9320352
XUTJOM,4.0844293,4.491865
QIGKUO,3.8852417,2.901821
LOMHAW,2.6065786,3.6352432
ZEYNEW,3.9802094,3.7860487
XIQMIT,1.9347296,3.9904158
POCNEA,2.9924362,3.2629273
ZEMYEV,4.2860656,3.1690276
CIWREH,3.5622425,3.9898815
YEJXOB,1.4854696,2.0360684
WIRWOM,2.4966447,1.9155574
DPCBWC,2.2090204,3.6477284
YEVTID,2.6231775,2.6153383
SIGKAU,3.0868597,2.4173174
REPPIL,3.328769,3.3502321
COMPAV,1.1845117,3.3801754
GUQWIY,2.743724,2.6990418
MESRAD,2.9298499,3.646572
ECESIP,3.5214255,3.6272984
SEBTUO,2.576374,3.8323164
VULFEN,2.700458,3.1462631
RAFXAX,2.96332,3.4359348
ZIWPAW,2.5750134,2.5564003
WEYWIG,3.8346286,4.5409527
KIWTUF,3.0884924,3.8523893
XUTHEA,2.7380097,3.484477
JOKHAS,3.5070035,4.506592
GIMLUJ,3.8305469,2.1945963
GOJXUY,3.508092,3.529557
YOVCIV,3.720885,2.281264
SIMXIX,3.0250897,3.9477139
POZSII,2.6446745,4.0939713
REQCEV,2.922775,3.167769
FAVXAC,2.8139296,3.7706504
VOXBEP,3.6860545,3.989375
OBOQIF,3.262101,3.8192105
VAQREK,2.3178658,1.8897315
SEWPEQ,1.8846606,3.759892
ICIGAD,2.7899835,2.2266588
MEBSUI,4.0656533,3.5923247
AQEZUT,2.6449468,2.9391437
MEJDEL,4.7984557,2.3510873
TALYAJ,4.4055233,3.1449628
POCZIQ,2.6683486,3.7941642
RAKLAT,3.7837431,3.0020962
ZAKLOM,3.1159759,3.3967447
QAXBOJ,1.9970436,1.9387031
UTIXUS,2.6533823,2.6633754
HAYKAW,2.0316021,2.912708
XEDNUQ,1.9091508,3.0389254
MIKKUM,3.2819653,3.9162803
LIXWIY,1.469687,2.8067079
GIBLOT,2.6563754,3.505909
ODEGEL,3.3080883,3.2729952
COBBAY,3.2988365,2.686691
XEDRAZ,2.5842655,3.305976
MINDIW,2.597871,3.3369296
WOLPOC,3.3728514,3.6508024
LUSQAR,2.495012,2.1836123
FOGMIX,3.0452263,4.0630097
DIJROD,2.6392324,2.619618
LIBQAP,2.8493042,3.2076318
MEQSIK,4.20171,4.3719697
CAWYOP,2.8999174,3.1830904
YAKHIC,3.4335327,3.4776495
OVAWUE,2.9521632,4.25595
DIZWUE,1.9355459,3.7068303
XESDAC,2.7622278,3.1981916
FINTIG,2.9867218,3.8503385
VIZMEW,3.1369286,2.7030144
SEWCEC,3.6716323,3.4301543
VUMLUK,3.264278,2.529339
NIBXAX,3.8732686,4.31983
FEJGAC,3.1382892,2.634852
MIRQAF,2.5162368,3.1627476
TUKCUY,3.5410178,3.4514086
TULBUX,3.0950232,3.226911
RUJLIT,2.9698508,3.9978793
TUMDOU,2.9589663,4.10913
FOTGEA,2.9265845,3.7823544
AJENIN,2.9597826,2.7207074
LASKOF,2.9075365,3.7355013
SERQIR,3.754355,4.1958494
NONFAZ,2.9807353,2.4651084
JESWUZ,3.630271,3.2896802
YUKBAH,2.9785583,2.5460598
XEKFAU,2.483039,3.654042
OMINAZ,3.8841534,3.9318452
ZAWZUS,3.0386956,2.1968184
KUHTIR,3.7551713,4.184265
DIDNEJ,2.884407,3.0578148
KAXDIW,3.331762,2.621624
ABETEG,2.5126994,2.4207532
MOYNAR,4.158172,3.9408467
ZIHBIB,3.0982885,3.631514
ROBFOG,4.1383076,3.9032354
WAWGEG,3.874085,2.774032
OMINIH,2.5012705,3.3712542
ZAFPIF,2.638688,2.140949
JUWMIX,3.553807,3.518706
LIHGEP,2.8237255,3.0339198
WIRWEC,3.0985606,2.4013677
ERUNAH,3.3821032,3.42174
VULMEU,2.3151448,2.9183493
NUCLAA,3.1897187,1.8684229
WOLQET,3.2544818,3.5849361
FIBTUF,1.8751366,2.0912952
NISNIO,3.328769,3.4883451
BOLCUB,3.025634,3.2401922
DAMKOS,2.6653552,3.240156
DUXFUZ,3.5135343,4.2873645
ZOKSAV,2.4816785,3.3391442
FEKMAJ,2.8593724,3.8138041
IQOTAK,2.7488942,2.4994724
UNINAG,4.181574,2.7584329
FOCPIW,3.0819616,3.9673095
YUBJAH,2.6471236,3.7700787
FOKVAF,2.8046775,2.9953682
XEQPOZ,3.04441,3.5366917
NAJWAY,3.2683597,2.2734463
JUNZUP,3.9230657,3.1864383
WOYJUR,3.2917614,3.2623057
EQADIL,2.1505158,1.7949765
ZUDFIN,2.1159575,3.301083
RIQQOX,2.879781,3.5788972
TIMKAB,2.6860359,2.3242838
QIRWOD,2.607395,2.3984869
QODWAK,2.8005958,2.0256846
YOXXAK,3.9685085,3.5593686
AJUTAB,3.7407494,3.524546
JEKZOO,3.009035,2.4105086
PAFWIC,2.8433177,2.3811324
CEMRES,3.4036002,3.8169541
DOQPUV,3.126044,3.6716533
OMIMUS,2.5842655,3.5093417
POXDUC,2.7731123,1.9467137
AYEVEF,2.239225,2.6855025
PUVTEG,2.7978747,3.6033034
DAFNEE,2.7053561,3.589276
XICXUC,2.4996378,2.2508514
SASHUP,2.3556898,2.7259052
GARCIL,3.2607405,3.3101676
JOXHUZ,2.303988,3.0017357
XEQTUL,3.5461879,2.9836392
RARGOG,2.7015464,2.8631594
MOZFIS,3.893133,3.9535694
ZIJVIX,2.3407235,2.0786712
MAFYAW,3.7502732,4.317404
FITZIT,3.919528,2.9322627
HAQNAO,3.921705,4.2982445
HORCIC,2.6863081,3.8906584
XIRGOW,1.488735,3.193068
JEWDOF,2.0109215,3.0969687
RUWWEL,4.0512314,4.201242
MOJRIN,2.000037,1.5917641
ILUWER,3.2808769,4.315777
JULMIO,2.7426357,4.1127863
OMINED,3.6789794,4.1558137
KIBYID,5.4958835,2.631732
ENEZEC,2.7891672,3.7253804
TEQHAY,2.1565022,3.1781666
LERCIU,2.9064481,2.5581844
ZEVNOD,3.2150252,3.4080381
SIPDIF,2.2065713,2.6542234
HAHRUD,2.7967863,3.8239875
NAJLEP,2.7595067,2.3453908
ICIXOH,3.1766572,2.3433537
YETBUU,3.4261856,3.2290184
FAWQOJ,3.4046886,3.9524894
VUPBOX,2.7970583,2.4590702
EGIFOQ,2.4460316,2.263479
BUKYUC,3.6150327,3.1780775
XATVIZ,4.029462,2.9232888
JURVEX,2.4071193,3.389703
CAQKAH,1.8109177,2.3102615
BECNIG,3.8917725,4.0156846
BENQIW,3.4351654,3.8061502
EKENIS,0.51130193,2.411152
ICBICW,1.9415324,2.852314
SUQMEW,1.6280572,2.3985152
RINKUW,3.0245457,1.7952261
SEWNUE,2.1671147,3.6985402
VAYYOJ,3.7222455,3.772824
ZIWNUO,3.4038723,3.0602489
VIDROP,4.1600766,2.174015
DANRER,4.1432056,4.5723596
LECYEX,2.5148764,3.656535
RAXXAP,3.1548882,3.4930093
MADRUF,2.4082077,3.8463378
CIDPEN,3.8487785,3.3860552
RERRIP,2.6808658,3.62293
AZIDUJ,3.5576167,3.2065787
KEJYON,0.24517459,3.731136
DEKFAA,3.2762508,3.8189564
XOYLON,3.2936661,2.5887387
PELNAV,3.5957127,3.370919
UYOMAY,2.5731087,3.9940066
OLADAI,2.191605,2.1167145
QIRNIQ,3.4479547,2.1739678
LUCNON,3.6697276,3.896719
VUPMEY,2.9527075,2.4429843
UDODAU,2.5891633,4.186879
NUMZIE,4.1565394,2.5133662
KODCOV,3.1948888,2.849191
MEQSEG,3.9870124,4.2553825
ALBCIW,1.8680617,2.6103938
OCUTIQ,1.4566255,2.4697366
XEXMAP,2.2745998,2.8821445
BADQAB,1.7638421,2.2408981
AYAPEX,3.7002044,3.867773
DUTQEQ,2.2876613,3.75215
XEDPAY,3.3543475,3.314826
TACYOM,2.6729746,2.4023187
UTAHIH,2.9997833,3.4411168
XATVOF,3.888235,2.886962
ZONCUA,4.107831,3.789427
HUCQEB,3.4313557,2.8120656
JANHOY,3.9366713,3.1740077
NEPBUH,3.9720461,4.148143
YUNQEE,2.9246798,3.6857605
ACESOQ,2.884407,3.1397505
KEMFOX,3.4327164,4.267367
RUYDIY,2.5614078,3.0376103
UYOLUR,3.9064667,3.9368627
EVOHEE,3.8514996,3.8297048
YEJXUH,1.3513174,2.3997717
FIPKEV,2.8479438,4.019369
XOTTAB,3.0558386,3.882467
SITJIQ,3.6242845,3.3864295
WOGCIE,2.454739,1.6731949
ICACEU,3.0531175,2.103178
JOTSIU,2.750527,2.7730198
HIYVAM,2.1711965,3.788139
NORTAP,3.484418,3.3944626
RUPHEP,3.8651054,4.2427616
OBAHUW,2.5429041,3.901789
LUNCED,3.5216975,4.2674193
JUTKIU,2.6626341,2.9215717
JISKIF,1.7341816,2.6574442
REQRAG,3.2182906,3.2349815
SERPOW,3.7244225,4.353803
SIFNUQ,3.0305321,3.2983966
ROCBUG,2.2394972,1.8442154
GIRKUP,4.1260624,4.3527784
EJACAT,2.8893049,3.0435283
ZEYJOC,2.8542023,3.298594
NAYVEO,3.0365186,2.9089978
ATINEW,2.894203,3.6751332
WIBRUU,3.1728477,3.9992862
VUQPED,1.2925408,2.5235188
TABLEP,3.2133925,2.4061542
CAVQEY,3.5195208,2.519379
FAJKOS,3.921977,2.609824
PIWZIE,1.9336411,3.4355245
GAWKIA,2.4452152,1.7938341
BIYQAB,2.2563682,3.0368557
ATACEE,2.5818164,1.9566422
WIDPUW,3.3396535,3.639726
HETLUN,3.1325748,2.3591993
EKEPIU,0.48653957,2.3072567
CAKVEQ,3.0193753,4.164215
SEBZOP,4.3989925,4.4546256
XOMMIV,2.076501,2.7526915
LAHGEG,3.7238781,3.3658679
IFODOY,2.1129642,1.8801998
BUKRII,2.6463072,3.9548163
ZUXGEE,2.1050727,3.6123781
QIRWUJ,2.9309385,2.4148111
SIGXOV,2.5031755,2.350306
UDEKUM,2.561952,3.6267815
XUXJIJ,2.5839932,3.0784466
RACVUM,0.38749015,2.432288
WIDJEZ,1.8645241,2.2433903
CESGIT,4.34076,4.111701
WAGZEJ,3.8112268,3.3506474
GECHOO,4.077082,4.037101
LAHGIK,3.7059188,3.5475376
ISOJOR,3.0735261,3.701911
NOXGEM,2.4411335,3.2508097
KETSIL,3.8942215,3.9069185
BAWWIF,3.0177426,2.8716555
JOJBOA,2.6805937,4.063496
SEJYEN,3.412852,2.2534337
ZUVDUR,3.3442793,1.9455304
TIVXAX,3.1682217,3.5697098
ZUXYEW,1.7720054,2.8527553
ESARUM,2.2326941,2.5941288
NIGCAJ,3.751906,4.098946
ZODNUE,2.8073988,3.7275133
WIRVUR,3.5173438,2.5592124
KUMBAV,1.144783,1.6794522
CUMYOY,2.083848,2.0129254
HUHSOU,3.2161138,2.369346
CEMRUI,3.8095942,4.322398
FUNQOV,3.3352997,2.5759254
KUNROA,2.243579,3.173294
GIRLEA,2.3820848,3.3162107
MOYMUK,3.8343565,4.0831146
KEHQIZ,1.8579935,2.5233037
BENQUI,4.275453,4.2086782
ATUPIP,3.8749013,3.1614175
HUJXUF,2.2171838,2.743196
MAVXOW,3.0188313,1.9898125
WUBMIP,1.7652026,2.6339788
IGUZUG,3.5815628,3.6940143
KIZTAO,3.6202028,4.393866
HAJVIX,3.0452263,3.443253
NOCSOO,3.1222343,3.362748
XUNNOK,3.3042786,3.5094688
VESYUN,3.035158,2.5932002
RURDAJ,2.736105,3.7593608
HOJWIN,3.651768,3.923765
MUVNUO,2.6354227,4.095924
XANSOU,3.6748977,3.8438437
DILKAN,1.5866959,2.7357278
XITKOB,2.3665743,2.0508149
WAHLUP,3.4577508,3.0771108
FENSAT,4.08198,3.4516416
LIKPIE,2.6642668,2.684257
LEMVUV,3.4218318,3.8053002
TEYWUP,3.362239,3.344585
POZMUM,2.2373202,1.9550769
LUMGEG,3.8155806,3.592132
AZEMEZ,3.5363917,3.0363748
FOLCEQ,3.2275426,4.236172
EYOSAO,2.9350202,4.08944
MABRAL,3.952726,3.9431584
ROPZAX,2.9698508,3.3530035
BOCZAU,2.4229019,2.963481
TACVEY,3.1943445,3.1941578
HIPYEK,2.6212728,2.7277045
POZVEG,2.9380133,3.3627052
UJEHIB,2.9099855,3.8770394
KIHXOO,2.1940541,2.6151056
UKONAK,3.2329848,3.2491736
RUTKOH,3.3167958,2.9847224
XANTIP,4.057762,4.307927
ZASSIV,2.8016844,2.4519024
VEXHAH,3.372307,3.3699672
UDEKAS,2.4299767,3.719458
UVODEQ,2.8190997,3.7378068
NEZZIC,2.7214108,2.3084035
YOHBUS,2.461542,2.1564279
XANKAY,2.669437,3.6017709
TEZNOC,4.409333,2.6407335
ZAFSII,3.8041518,3.1685991
YIZBAK,0.65878767,2.3223557
WEQWEU,2.3265736,3.4619632
ULUDIO,2.4702497,2.473102
QEWYIA,4.002523,3.8045526
GAMLEN,3.3440073,3.5734215
OJEPUP,2.527938,3.0951757
PUWLAU,2.127114,3.1237214
RAKMAU,3.372307,2.7152693
KEKKUH,3.3614225,2.3425107
HOJWUZ,3.6169374,3.7306614
ADOCII,4.0408907,4.6657634
COYZIZ,2.9306662,3.6540227
NESQAD,2.4667122,2.247007
QOLDOM,3.5499976,2.991334
SEJYAJ,2.576374,2.441191
NISZUK,3.1970658,2.8330321
NEMGAO,2.7333837,3.3665226
IFODEO,1.4264208,1.4118434
CUFDAJ,3.8090498,4.0613046
DAPBUU,2.6397765,2.356385
IMUBOI,2.3524244,2.982568
YOXMUV,3.173664,2.365908
DEXTEI,2.181809,3.3446171
WEYJIT,2.9478095,4.0495253
QAHCUX,3.7461915,4.0456724
JOLYAN,2.2928314,2.9808683
UNAPII,3.5747597,4.2715254
ISOVOB,3.166861,4.0195885
ZOWZEQ,2.7712076,3.5269084
VOFSIS,3.5004728,3.9216514
CUPPAE,3.0680838,2.7115426
DIVVOW,2.765221,2.5868537
ENEBUU,3.3173401,4.0563483
CESGEP,2.7589624,2.8346143
KICNOA,3.7744913,4.4663935
VOSSEB,2.7535203,3.0400524
ROHGOM,2.836787,3.2786655
VORCAJ,4.1023884,4.278589
XUNNIE,3.5875492,3.1514134
HEFJOT,2.912979,4.293347
WIGFUN,2.2190886,2.745756
AYEBOX,3.5415618,3.5461195
CISREC,3.9129972,4.215554
BIXKUO,1.2982552,2.0993648
JANLUI,3.864833,2.963178
SAKGUH,2.5050802,3.9950013
GENNUK,4.0155845,4.1338124
XUWHII,3.9633384,3.0169697
YEBTOO,3.0193753,3.0840588
TEKCUH,3.8095942,3.069527
MAVFIY,3.8689148,2.8440678
DUFPEB,2.8348823,3.226762
TICDEO,2.4008605,3.6348443
SEPVEO,2.3780031,2.9895964
FOTHAY,2.674063,3.32408
FEJFUV,2.1360939,2.6685333
LAZKAZ,4.036265,3.9945955
KAKBON,2.0389493,2.2503772
FPZBWB,1.1978452,2.7659085
MUBRUW,3.3929877,4.098931
AZUQER,2.4629025,2.113764
RAKLIB,3.7603414,2.9530792
IDOTAW,2.9309385,4.1125517
SINZEV,3.7475522,3.1662626
LEPDIT,3.1165202,3.2833738
CESSAX,3.1121662,3.1259801
ZEWSID,3.816669,3.6757035
TUMZOQ,2.8454947,3.2683628
ZIJJIL,2.2046666,2.7135568
CEWDOX,2.5390944,3.1297958
VETRAP,4.208241,4.2972565
EFIHOT,3.2316241,4.071677
HADPUX,2.3758261,2.8760333
TENHAX,2.9573336,3.8562472
MUBFOE,2.2637153,2.0029097
GIRBAK,3.0150216,3.6147156
ZIJWAQ,1.9360901,2.0352342
RUYQEH,3.090125,2.6074758
SOVGEQ,3.6555777,2.0637202
GIHQOD,3.0569272,2.8826232
XAFQAX,3.5385687,3.828552
MUVPEA,2.5012705,3.5534463
QIHLEY,3.2917614,3.5678806
UYOLOL,2.2988179,3.4863267
LATDOA,2.9486258,3.889888
EGIMAK,2.3284783,3.0638905
IBUWEH,1.9733697,2.0414066
YOCMIP,3.578025,4.0069227
FOTGEB,2.406575,3.092156
VEFJUO,3.2988365,3.7818456
KIZVUK,2.263443,2.3685985
XAQDAU,3.1508064,3.203822
XEMGUS,4.0803475,4.2074804
MOVXAW,3.102098,3.8602824
YIXHUJ,3.5391128,4.116508
PEHFAK,2.3214033,3.7276042
SIDMIB,2.9567893,2.5855854
KUBSIL,2.4365075,4.244937
UDOCOH,2.7224991,3.9165206
VUGJAI,2.0648,3.2326474
TIWLAM,3.857486,4.5438004
PAVMUV,2.4577324,3.141646
HASJOA,2.3546011,2.851119
YAZVAX,3.3450956,2.6734638
PUTRAX,3.3875456,3.206011
JUQMEN,2.3347368,2.3221836
NONFUT,2.9189653,3.286204
WOMTEX,2.2313337,2.7785866
RACPOC,2.4863043,3.3803442
OHIBUC,2.6229055,3.4689326
ARIWUT,3.0999212,2.277629
RACQIX,2.3219476,2.7320094
GAYBEN,3.5557117,3.746297
PUJGOQ,2.1175902,2.1908295
ZOKROI,2.7663095,3.6121583
IKECEG,2.4642632,1.9989657
VUDFEG,1.9804447,3.2376113
DIVCAM,1.7611209,2.2256265
MUBGIZ,2.97747,2.2986028
IDAJEE,4.0874224,4.4672093
KEGQIW,1.8901029,2.3047686
ILUNEJ,2.3614042,2.1142378
LIMZAK,2.382357,2.6767957
OLUBED,4.1570835,3.6634176
GEDTOY,2.0732355,2.2209966
VAPREM,3.9747672,3.867448
QURMAR,3.107268,2.2595081
DAWBUB,2.74835,2.3851123
GEHZUO,3.4683633,3.746213
FOGPOG,3.424281,4.033996
UDEJUL,3.180739,4.0760875
JEMDOU,3.3578851,3.252612
VOMRIA,3.2076783,3.6287563
OXIRUJ,2.763044,4.1081805
MEJLES,3.166317,3.9348998
HOVSEQ,2.7420914,3.9006453
VIPWUM,3.2014196,2.9917452
XITBUX,2.7641325,3.246971
XUTJUS,3.763879,4.1529064
DEYZOW,1.2109067,2.7394967
WIDPOQ,3.1323028,3.4787698
KEHCUW,3.2109435,3.328654
VOSCUB,5.7870455,2.7595294
FAJGEE,3.4656422,2.9003267
LUVDOW,2.143713,3.0513632
GEQTOL,3.6465979,4.0431275
MESFIA,2.939646,2.490648
SOTNAS,2.7162406,2.8439393
XAPLAB,2.8267188,2.8435996
VORCIR,4.0204825,4.295407
LAHLIP,2.649845,3.4710686
CEWKOE,2.2318778,2.9294164
BIKLUC,0.21687475,3.3667922
SUQTAZ,3.305367,3.2385254
TUFVEV,3.0748866,2.8340735
ZICTEK,3.5434668,3.0025012
ZAVHUB,2.9535239,3.1831157
ZOQHIW,3.6114953,3.181515
BAKFIC,2.4335144,2.8563168
WEKYOA,3.0215523,3.2117505
FEVTIJ,0.8702201,3.364381
ULUDEK,2.7897112,2.2302222
KOQBUN,3.6191144,3.575002
XANTEL,4.1048374,4.2222505
GEFQOX,2.1975915,2.1287875
GIFGAD,2.1333728,2.5673125
MIWCUQ,2.2343268,3.7178946
CEMSAP,3.443601,3.8645096
UMAJOI,3.305095,3.5092764
FOHWUV,3.3701303,3.5293999
XITJAN,3.491221,3.1230822
JOJBUG,2.463991,3.541603
BOCTAR,4.0327272,3.8415391
MAFYOK,3.6544893,4.219995
WEHFEW,2.6340623,3.8276918
WEMFAW,2.7067165,3.0790808
NAPHUH,3.7363954,4.070402
RARNAZ,2.5015428,3.6944015
ACUYUT,3.9845634,3.0793324
LICJEM,2.2326941,3.6157558
RAWTUE,1.9771793,2.5758622
COLCEM,1.5124089,2.2814562
SUBLAC,2.81529,2.549781
VIZXEK,2.5758297,3.0856032
VAYLAJ,3.6060529,1.8776082
ZOWPUW,3.4923093,3.430256
SICBOX,3.1086287,3.997479
BAPLEL,1.8405782,2.424794
DOMBAI,3.689864,4.115472
KEJDUY,3.0283551,3.1957455
ERIFER,3.7889135,4.197652
DEPRIA,1.8966336,3.3364584
OCIXOP,2.3687513,2.863819
DUXFIN,1.8920077,2.943928
TAJXOR,2.9861774,2.3970883
DOQQAC,2.9042714,3.537978
TUNDIP,2.3668463,2.6907759
KARDOW,2.2239866,3.037146
PIFPEZ,2.7086215,3.375468
CNALWI,3.0620973,2.7363646
DOFYEC,3.2724414,3.86738
ITAQIE,2.592973,3.5401168
ISUKUD,4.0493264,4.194499
OXEZOI,3.2699924,3.423773
REHMEZ,3.9483721,4.2830586
ZEYGOZ,2.2569125,3.4161055
IMOLOM,2.9578776,3.1177032
SIMXUJ,3.0558386,3.7862585
LOMHIE,3.4784315,3.815996
FUVLEN,2.1921492,2.237959
YAMDEV,2.8405967,3.8067944
KEFLAJ,4.7149167,2.9202466
MAVGEV,2.7834527,2.1261399
ETUCEB,3.405505,3.9418113
EWIZEP,2.6220891,2.9730961
XURFOH,4.068374,4.0697994
KUPMOX,2.7189617,2.6838431
ICOPOF,2.425351,2.9773974
ISOJIL,3.883609,4.016779
FOCYOL,2.390248,2.8010747
ICUCUE,2.1181343,2.8948326
NESLIG,3.6357133,3.7162595
TENDUL,4.022387,3.1350727
WATNUA,2.5984154,3.1714106
SAGSAU,2.5559654,3.85453
NOCCEN,3.9976246,2.9499514
HEZZIY,2.3943298,2.0626876
MUVDAJ,2.9597826,4.0434623
RELFEW,2.263443,3.5530596
LITBIZ,2.6993694,3.6760645
GENPAS,4.029734,4.050053
IVOJEI,1.7105078,1.7513213
QODHEZ,3.5908146,3.8509536
NIBWAW,3.1826437,4.0478673
LETTIO,3.2079504,2.8630497
DUXFOT,2.707533,3.1113112
ZURFOH,2.5507953,2.3119173
QUBPUA,3.529317,4.230523
XANJIF,3.1671333,3.1649244
QECGAG,3.3208776,3.8277705
VAMYUD,1.9921455,2.328499
HIBVOG,3.9116368,4.2364025
XAWLIQ,2.3815405,2.789975
ZUSWUF,1.9967716,3.5990763
SIJVOW,2.905904,3.7739725
ADOCOO,4.069735,4.102217
ARIWON,2.4171875,2.2865012
GUBSUR,2.8903935,2.150509
HAMHAE,2.2710624,3.0168366
LATBIS,3.6498632,2.6698399
FEFCIE,2.4220855,3.145866
FOZXIB,3.8651054,3.3292582
GUQPUD,3.405233,2.0236497
NAPJET,3.596801,4.0564823
MAPRUS,2.855563,3.776658
RAYCUP,3.69966,3.3833654
SOTFOY,3.32632,3.5682533
REZGUY,3.6822448,3.6425877
XANJOL,2.8950193,3.654459
UZAWIC,2.2901103,3.7291818
ISIRUZ,2.9312105,2.5954585
FOZXOH,3.355436,3.2532115
ROWLIA,2.136366,1.7424911
ZOQQUR,2.100719,2.9585059
ABOXEX,2.2068434,3.3747232
LEFQIX,2.7377377,3.5359888
SOQZOO,3.0648184,2.1305509
VAHPOK,2.7638605,2.7336724
BENQOC,4.0536804,4.091961
UNETOY,1.8944567,2.2405777
KIWNOT,3.8852417,2.7799652
FOGZAC,3.326864,2.7328026
DOQGUO,3.011212,3.4803696
CAKRAH,1.7284672,2.7051518
FICHEH,4.070007,4.3935375
RUHCEC,1.9037086,2.1895633
FINVAA,3.3739398,4.437228
DITLOK,4.1429334,4.3284
NAVFEV,2.7181454,2.8627687
TAMBIS,2.4487526,2.9262578
ZAGQAZ,4.352733,2.5514703
VATKOQ,1.419618,3.53252
HIZVER,3.185365,3.2629366
QECGEK,4.1146336,4.463656
VESSUH,1.4857417,2.4919167
HINVIJ,4.5655265,2.233695
VAPVAJ,3.3543475,3.4841447
MINDOC,2.607395,3.3665857
AVEPAS,2.819916,3.5332613
GIFJOV,3.450948,3.25488
HUMGUS,3.742382,3.3425705
WAXMAL,3.0716212,3.9841852
DIZCOF,2.659913,1.8238091
DAKFEC,2.530387,2.3176708
YUBHUY,1.5023407,3.1535065
NEFNOB,3.940753,2.9583027
MODTOO,3.4144847,3.3345952
TUDFED,3.8615677,4.1194143
IYAZIT,4.0825243,3.8214521
DOQQIK,2.7118866,3.5456
SANGUK,2.3842616,2.163187
WAHYOV,2.934748,3.0467348
QEPMIH,3.4836016,3.7024207
CAKVIU,2.4765084,3.9625874
NOQLUA,3.4542134,2.4712093
SIPDEB,1.9673833,2.6419177
CEZREF,3.1959772,2.5158832
AXUXOI,4.6180444,3.7097666
HETMOI,2.6928387,3.588513
QEHBEN,2.8408687,3.7234952
ZEVNIX,3.3641436,3.771231
DAQPAM,2.652838,3.2116313
QAPVOS,3.034886,3.0496929
DOXDEA,3.6890476,4.0666375
ZOWGAV,4.0830684,4.1314297
MOGNED,3.1170642,3.5619745
YIBCAO,2.9951572,3.463856
AWUMAG,2.2928314,2.2209682
MITTIS,2.7978747,3.1119623
YEBTUU,3.201964,2.9746852
LEJSIE,3.2942104,4.058998
WEFPOM,2.0648,3.0952213
MEJKUH,3.9135416,4.504049
AFIRUC,3.066451,3.8565218
DOLZIN,3.1420987,3.9646354
NOLSIQ,3.472445,2.8954349
DEHFUS,2.6367834,2.4338155
TIPCEC,3.3875456,3.7232733
WUGVOJ,3.4008791,4.357732
CAPSOB,3.510269,4.4798913
OBUVAJ,2.920598,3.4813187
AMBZCW,3.6082299,3.912352
JOKZOY,1.0495431,2.911176
BIMJAK,4.173682,4.342699
XUTJAY,2.9083529,3.7241836
ZUXYOG,3.613672,3.0943017
UBOVEM,2.4860322,2.15428
FEZQAC,1.7858833,2.58522
IQOJON,2.7635884,1.9787223
LUFMEE,2.234599,1.7160168
PIDRUP,1.9709207,2.7354045
LESPEF,2.5897076,3.7313242
DUWNEP,3.3652322,3.536666
UGUYEA,2.4726987,3.3238194
NAYVAK,2.9954295,2.8617487
YIMNIR,3.2348895,4.2996454
OCUWOY,4.2691946,3.6375892
VIVSIC,3.0629137,4.1621017
GAJKEH,2.1711965,2.5234456
UJABEM,4.4311023,4.5528026
MAHXUO,0.46368203,2.361013
ROPYIE,2.9864497,3.1951072
TERPAH,4.3315086,4.4062343
SEVROA,2.0939162,2.6073058
DUXBAB,2.5097063,3.132369
TOPNIV,4.054497,3.3672242
KILKAR,3.223461,3.5796237
LESXUC,3.1374729,3.8500996
QAXCAW,3.594624,2.7876363
DAXRUP,2.9513469,3.020956
ILOHAS,3.597073,1.8097414
FIRFOC,2.1426246,2.9361622
LENGAN,3.1747525,2.2953877
NESPUW,2.5622241,2.555317
OKUTIZ,3.366865,3.632427
UDOFAW,2.8427734,3.8856337
AXUWUN,2.538006,2.553818
FOHYAD,1.734998,2.6578763
HEFJUZ,2.3766425,3.3011973
ROBGUK,2.7687585,3.2070086
VERRIT,3.1750245,3.9713593
NIDMAO,2.8874002,3.275309
UMIFUR,4.0376253,4.2364464
MOBPUP,3.3818312,2.9805913
QENXOW,2.7684865,3.7196076
HIBNIP,3.3635995,3.4722853
KUPMIR,3.0925741,3.1703432
FAHMEJ,3.9870124,4.002482
KILMOP,3.572855,3.4665918
XEHVOV,3.608502,3.6816726
NARLUO,3.6577544,4.167491
OBOCEO,2.9020944,3.9198365
ZOQZUA,1.785067,1.7982206
COCTOF,1.8484695,3.6663232
DUBJEP,3.5336707,2.9053304
RETQEP,3.3516264,2.9743657
ABOYEY,2.2770488,3.5614758
QEHROK,2.4128337,2.9038298
HITVUB,3.9807537,4.1460876
RUHKAG,1.6313226,3.3753831
LOFLOI,3.1611466,3.4627802
RETNIN,2.9007337,3.1903648
LAZKIH,4.027285,3.935564
METGOI,3.6811564,3.627817
XELGEB,1.9962273,2.9911513
GILJAM,2.1646657,3.1301787
YIMNOX,3.1959772,3.8529122
DIGDUT,3.2827816,3.582684
BADPUU,2.8827744,2.0432754
TAZDEF,3.9660594,3.934084
OBORIG,2.8596447,2.3978257
DOXDUQ,3.1461804,2.7374077
BIFPIQ,3.3358438,3.2254534
DUXFEJ,3.5282283,3.7366843
KOFBEM,2.4626305,4.1733527
QEHKEV,3.2180185,2.6449132
SOTMET,3.3946204,3.6893973
BESMIX,3.6501353,3.2043233
MEFBUV,2.3932414,3.153083
HEDBAU,2.9412787,3.0274382
RODFAT,3.761974,2.9934437
LORVUL,3.5456436,3.7000804
BERDEH,2.5820885,3.214345
FEYQEI,3.8947656,3.1063
COPYIP,3.4446893,3.7011986
EREYUV,2.72005,3.7023735
MAKMIU,2.332832,2.8679142
RONVIZ,2.7107983,3.5587583
FUDRIF,3.4479547,3.0088308
CUTHOP,3.721429,3.932918
VUQNEB,3.4909487,2.78837
SICKUK,3.8729966,3.532752
JITBOD,2.095821,3.0602915
ACUZAA,3.9094598,3.024624
FINVUU,2.944544,3.8653128
QIHWIN,2.1026237,2.4382176
BAPYAS,3.7685049,3.9695122
VESSOB,1.5148579,2.7943974
POSFOT,2.7897112,3.7011042
HAVNOJ,3.0569272,2.339714
POSFEJ,2.865631,3.7552762
OBOCAK,3.1489017,3.900115
IDOSOJ,2.9529796,3.7766907
YEYZEH,3.2362502,1.9799957
ICIXAT,3.2729855,2.3716998
MIRYOB,2.7948816,2.1312065
DAJTIT,3.4928536,4.813631
SEFHUG,2.7488942,2.7289805
TUFXUN,2.8079429,3.8475752
VEFLOH,2.7094378,3.9053102
UMAKID,3.3045506,3.374039
HOHYAF,2.9948852,2.6738923
KILMUM,3.78075,3.3737974
KISYUG,3.998441,4.020937
ISOWAO,3.142371,3.854311
BUTJAD,2.8049498,4.067018
NECHAF,2.939374,2.60905
VOMROG,2.7619557,4.1448565
HABQIK,2.248749,3.641404
FAJGAA,3.4446893,2.8908818
POCNIE,3.035158,3.524771
ROVSIG,3.6416998,2.871886
WIJKUV,3.9135416,3.037274
KUZYUZ,2.753248,3.282991
BODRIV,3.4719007,4.2291956
QAWZUM,2.0686095,2.0502687
CAMDUQ,2.3608599,1.9727731
BARHIO,4.133137,4.4224358
WEQWIY,1.8337753,3.0921063
UZAKEM,2.659913,1.8506149
YEJTIS,2.4609978,2.641768
QEMMON,2.6808658,4.014223
MIHHAM,2.837059,3.767579
KEWDEW,3.3987021,3.6653368
CEYSOR,4.0901437,4.199568
IPOQUA,2.68141,3.6583495
YETBII,4.18756,3.4913435
QUBPIO,3.5255072,4.1709666
YIFMUV,3.312714,2.727873
TOWGAN,2.041126,3.535751
RUKPUI,1.8239793,2.4441257
FOYQIT,3.1102614,3.1304405
TAXJOS,3.5050986,4.0566235
KUCXUB,3.3687696,3.2809484
WOGGAB,4.29695,4.2591534
DAKVOA,2.0019417,3.0075283
ROWMAT,2.709982,2.2000728
NIQBIY,2.110515,2.5107758
MOBPAV,3.857486,3.120326
SETXOF,2.8376033,3.2127242
FEPYIJ,2.6185517,3.7564902
ODEFOU,3.8019748,3.1213808
DATCAC,2.7420914,3.7061286
ZEWJAM,3.2547538,3.285437
WIDHOH,1.9393555,2.058097
FOMMEC,2.841413,1.9026563
JENYIN,3.3129864,2.6085415
FOTQUA,3.5121737,3.595603
NECVID,3.9826584,3.428886
AYAHOZ,3.474894,3.157137
UDEFOB,3.0533895,2.967988
ZIRCUY,2.9309385,2.9381602
ROWLOG,2.1333728,1.7701896
LEPBEN,2.86291,2.4396393
TOCVUC,2.3760982,2.8087234
OKOKEE,2.465896,3.474301
PEQNEH,3.4985678,3.6440532
KAVWIN,2.1535091,3.4398897
HAJNIP,2.7921603,3.5271597
TIPBUR,3.8280978,4.1508837
QABMAJ,3.8343565,4.2865257
QAHDAE,4.004972,4.080448
TAMKEX,3.1562488,3.4625406
WIHVOZ,1.8675175,2.3181252
LAZLEE,3.9298685,3.7850041
DAXREZ,3.1374729,2.686278
ISOJEH,3.866738,4.255971
MINDES,2.5328357,3.2684546
NESPIK,2.5407271,2.3324044
DENNUG,3.5913587,3.700759
VAQRAG,2.8136573,2.1669762
YEDYIS,4.112457,4.47626
CUZWIF,3.3712187,3.7557302
DUKYOX,4.082252,3.0858176
AHOYUT,3.5788414,3.4366221
DESLOF,3.0743425,3.8783717
HEYZES,3.2090387,3.6383753
ZEJCIA,2.7083492,2.714792
CELPIU,2.698281,3.7737148
FIHKAI,0.626134,2.7230673
XATVEV,4.0640206,2.9829109
VUWJEE,1.6166284,3.0896914
MEYTAL,2.8332496,2.9657938
MIKBIS,2.8027728,3.3332
ORAQEE,4.1268787,4.031332
GECBEV,3.0406003,2.9433103
QAJCAF,4.1505527,4.145866
WIRWIG,3.2147532,2.4026585
PIQJUU,4.11545,3.9824376
HECZUL,3.1995149,3.4068758
ILUMOR,2.884679,4.2109785
VORZUA,2.966041,4.312999
SIPCUQ,2.4166431,2.5667748
NEMFER,2.7401867,3.5462792
QEYGUW,2.7907999,3.400594
EKEMOX,2.8999174,3.1456943
XOZVUD,2.8659031,2.3313773
NOMCUQ,2.8027728,3.48502
NAVFOF,2.351336,2.839806
XEQTEV,2.7369213,2.443649
NUFWUI,4.1690564,1.9025203
DAJTUF,3.0822337,4.2158256
KIHZOQ,1.9809889,2.9247205
KAVQOO,4.001162,4.062384
CEYSIL,4.122797,4.1691437
FUBCUA,2.0748682,1.9237517
NOFPON,3.5622425,3.4639919
TEZNIW,4.0879664,2.652977
KOPFAW,2.8239977,2.7752092
GIGMAL,4.6112413,2.9232
AYAPUM,3.1682217,2.7350614
LIFXOQ,3.3524427,3.4737082
NOHCOC,3.7793894,4.066809
LAXHAT,2.3344648,2.6981785
WEYHOY,4.1998053,3.412261
ZIWPOK,3.001416,2.5174484
BUTXAP,1.9034364,3.0020778
AHAVAH,4.254772,3.2679644
QOXBIP,2.3913367,1.7449877
TAHFEN,3.649319,3.6904716
CPMZPW,2.525761,3.947116
QEQJAX,2.9744766,4.222006
WIJLEG,2.2555518,2.9852836
CEZRIJ,2.7774663,2.5549846
PAMWEF,2.8332496,3.7595427
VOCMEI,2.4555554,3.5443292
LOQZAS,2.5086176,2.126359
UVEGAF,4.084157,3.0175428
QOKMIM,3.570406,4.071982
YUGFAH,2.7429078,2.3113847
REDNUK,4.1257906,4.0853443
RIFHAR,3.76143,4.005557
SEFHOA,1.8397619,2.6096947
HEXYEQ,2.2697017,3.3166661
IZUKAQ,3.0697165,3.883639
CAVROJ,4.0765376,2.510142
YAVTIY,2.5385501,2.5731459
JANVOJ,2.3472543,2.9395294
QODVOX,2.2207212,2.0972764
SIGQAA,3.099649,2.7360125
XUTMAB,3.5233302,3.8851533
LUNBUS,3.4816968,4.3877063
JERRON,3.2819653,3.9227414
FUVGEJ,2.5246725,3.1418219
VESXAS,2.3208592,2.7663856
RARPEG,3.3763888,4.0998154
YEVTOJ,2.774745,2.6090152
NIBWIE,3.118425,3.8270879
APEFIM,4.1502805,4.5467176
RUXRUZ,3.099649,3.2578268
MABPUD,3.5978894,3.4853396
JELGIR,2.4174595,3.6080809
KUPDUU,3.9829307,4.2870646
PEDMEQ,2.5755577,3.178527
DILLES,1.5951315,2.742393
ZIHXET,2.0773172,2.554075
EBEGUO,3.255026,2.9309175
KEHPOC,2.3649416,3.756631
SIGQII,3.840615,2.8303082
YUJPOI,2.4035819,3.594623
FUDREB,3.5206091,3.014787
TACCEG,1.4163526,2.3510168
HAMTOE,3.3382928,4.0134897
CEPJOZ,3.8640168,3.485794
SINZIZ,4.093953,3.6774683
WAVYEY,3.4762547,4.1576195
HIGVEY,4.505389,2.6933353
CAFWOW,2.8958356,3.7604034
EPOKIE,2.9736602,2.5028014
EGEYAQ,3.0678117,4.0923724
YUNQAA,3.0237293,3.8717237
GEXMUR,2.0639837,3.106435
QODVIR,2.138815,2.1473956
MUJVUK,3.897759,4.12803
ZAHNUR,2.968218,2.905228
TIVXEB,3.534487,3.317471
OKAFAI,1.6702349,1.7432064
LUMGUW,3.5630589,3.3790271
XOYMII,2.6664438,2.8837047
VUWHUS,3.515983,3.240419
ZEJGIG,3.4950304,4.056491
LEVKUS,2.8912098,2.9120944
ZAJVAH,3.2705364,3.2147992
ZOWZIU,2.8765156,3.7811856
MAKMEQ,2.1399033,2.9019666
UDOCUM,4.107831,4.074357
XAWDOO,3.2683597,2.9739356
RALXUX,3.061553,3.4431555
XUWPOV,2.387527,3.7519004
WOFPEO,2.143713,2.8510308
JUTKAM,2.9557009,3.289308
GIVQEH,2.241402,2.6585557
RUQVEE,2.7614114,3.6994243
WAKCOA,2.927673,4.1598315
CEGSAJ,2.573653,3.1894863
XIVTEB,3.4825132,3.9366257
TULBIL,2.0438473,2.6690924
MITGAZ,1.5975804,3.0607972
USIGEJ,3.7480962,2.5727441
XAWLOW,3.537208,2.8694167
JOMYES,2.8931146,2.2996788
WILJOQ,3.3380208,3.227823
BISHUJ,3.7393887,4.101506
RACQUJ,2.6106603,3.048227
POBVOR,3.5040102,3.302649
KASFOA,3.4879556,3.837005
DANRAN,3.9568076,4.0399027
TUHLUD,3.6479585,3.9423902
IVOJIM,1.6520033,1.6912556
KUXWEF,2.571476,3.0772326
PEJFAL,3.6479585,4.0419097
ZAWZOM,2.5132437,2.2977726
JAFROX,3.7578924,4.087278
QIGKOI,3.704286,2.7726912
EGEDID,1.5632942,2.670669
YAZVEB,3.1105335,3.132705
UMIVIW,4.1051097,4.3738413
SUJFAE,2.122488,3.5968153
REHLIC,3.9799373,4.153885
CANTER,3.4593835,2.7099004
ALAXUG,2.4435825,2.8870573
FICHAD,4.234908,4.310497
XOZLED,3.9581683,2.5002859
EGEFAX,1.570097,2.6397326
HIPQIH,3.3472726,2.8103442
HUKSAH,2.0111935,1.9796164
FAGWAN,4.197901,4.1953464
VAVLEK,3.0985606,4.5224113
RONYEY,2.079222,2.634335
NIDLUH,3.0531175,3.3266127
HETMAU,2.9472651,2.5563717
PEMSEF,2.5644011,2.1488736
FOTGUR,2.3472543,2.8634179
UZUFIG,3.1167922,2.8824344
QIZTOJ,2.9902592,1.9704411
LESVOU,4.387292,3.2451153
REHNIE,3.8885071,4.1767383
RUZZAN,3.9181676,2.1578019
CEJDEA,3.9263308,3.7252069
UDELEU,3.9255147,3.0006588
QORJOW,2.659913,2.753244
KIPLON,2.8122969,3.9654222
FEMPIW,3.1597862,3.290838
EXOPAJ,0.49742416,3.4996958
CUMTEJ,2.3502474,2.3737268
SUMWAY,3.1731198,3.5375957
KILVEG,3.3257756,3.3481548
NEZZUO,2.6373277,2.5396693
ZECKEA,4.1032047,4.261626
TERKAD,3.7143543,3.6554008
XUTTEM,3.9636104,3.9129896
DULPUV,3.295571,2.0831413
AXBOCU,2.3151448,2.009841
JAFRUD,4.257221,3.7888145
JOLWOY,3.1176085,3.0740228
PUDNOR,3.5578887,3.9502597
WEZJIU,2.5200465,3.0957644
XAWDII,3.773403,2.7250147
WIRVIF,3.142915,2.267867
WURMON,2.7739286,3.0091934
YOXWOX,3.8724523,3.4709806
IVOHOQ,1.9290152,2.1867256
HALNEO,3.1445477,3.9196606
ABOXOH,2.0188127,3.3032918
POBMOI,1.5181233,2.1311648
WUPVAE,2.9622314,2.9894924
AYEFUH,2.4868486,2.7620153
RISMIP,2.645491,3.286245
ZEPJUC,3.3192449,3.5530052
QAJCEJ,4.5513763,3.8887453
ROWLUM,1.9322805,1.7745272
FEZMEC,1.2868265,2.5893066
JOLWUC,3.2182906,3.2314103
CEQDUY,3.1374729,2.806688
FIGZUR,3.855037,3.4888062
EFEHAZ,3.5421062,3.4067926
WETMIR,2.186707,2.481894
CIFTAN,3.6193864,3.5791562
PHZCWB,3.0201917,2.9441395
SOLSIV,3.1742082,3.891449
LIVMUY,2.3146005,3.9174526
KEVTUB,3.9935431,2.48941
SIJVUC,3.4846902,4.244809
CISRAY,3.924426,4.0396614
NEPBIT,1.9205797,2.2656717
POBVIL,2.6950157,3.3475842
MARHIW,1.957315,3.3512006
MEQSAC,3.938032,3.4835253
LOPBUP,3.022913,2.105401
XUSSAH,3.1461804,3.9320455
LOBNUL,2.038133,3.3417299
GENKAL,2.0495615,2.599411
MOTBOO,2.9263124,3.7162313
TOPNUH,2.5347407,3.0206506
DUBVEB,2.1132362,2.1071813
ESODEW,3.288224,4.5227375
IWIWOA,3.7644231,2.962006
DOQQEG,3.2982922,3.6617217
CIWRAD,3.403056,3.9746127
YUVZOE,4.1045656,4.248154
QAYMEI,2.3592272,1.9985719
DIPNAU,2.341812,2.8298388
BOQPAB,3.1323028,2.906599
REYSEW,2.5616798,3.0538595
ATUPEL,3.8729966,3.1228075
GILGUD,3.856942,2.564214
TAZDAB,4.099123,4.105524
CEFREN,2.4765084,2.477303
QENDIX,2.0008533,3.5002894
XAQDEY,3.1489017,3.2052276
ICOQOG,2.0939162,2.8605998
HOKKIB,2.4773245,1.9125516
DAMLAF,3.7470078,4.3169427
GOCFOU,3.1706707,4.2250347
WUBNEM,2.361132,2.2029498
CANGUT,3.5546234,3.2814257
VIMDAW,2.660185,2.4020214
XOMXAZ,3.580202,2.8125606
ORAQAA,3.936127,4.103613
VAKNUQ,3.5382965,4.197888
YEDYUE,4.0928645,4.316813
YAWCII,2.162761,2.6714838
CEGSIR,2.2909267,3.2399242
FORSOV,2.4514737,2.6167436
XOMXON,3.55163,2.969571
WIDKOK,1.3847874,2.366851
MEHZOQ,4.036537,4.154457
ABAKEU,3.5195208,2.5679386
PEDJAJ,2.0378606,2.7193487
VAPRAI,3.9973526,4.19153
ERUMUA,2.923047,2.9904797
JOMYAO,2.8931146,2.2979455
VEFJIC,3.6479585,3.5225706
MEQRUV,3.2498558,3.48163
REKTUX,2.5012705,2.7030246
JASKIX,3.998169,3.7398648
KEYFOK,2.1502438,3.4141493
OZEDUU,2.1752782,2.9950154
WUJPOH,4.053136,4.188886
YIBJUO,3.2267263,3.1922789
OZEDOO,2.1665707,2.885097
KUFLED,2.1877954,1.5559229
PUQLIW,2.3352811,3.539037
BOQRAD,2.7282135,2.797352
KABJIG,2.6680765,2.297707
HECYEU,2.425895,3.8105242
RUVZOZ,3.2174742,3.8392596
PIDYUZ,3.2250936,4.408495
JAFPOV,2.0443914,2.8384724
WOFQOX,2.13174,2.484023
YETBOO,3.5361197,3.2447882
QABFOP,3.272169,4.12152
HIYVEQ,2.7940652,3.725708
JUSWUP,3.1532555,4.1105423
JIKSEB,2.1165016,2.9354987
YOXNAC,2.9736602,2.3434997
FAPWIC,2.9932525,3.0089962
SAMZEN,1.3967605,1.5029243
YEJWOA,3.3415582,3.34002
VICJEW,2.6403208,3.9443836
DIVVEM,2.7693028,2.771398
EHONIZ,3.0476754,3.523402
AVOSOT,2.9165163,2.5967944
XOYLED,3.8942215,2.8715127
IWUXUV,3.3344834,3.7986853
POQQER,2.0999026,3.1674914
PAGYIF,2.6139257,3.187117
WOJCED,3.2248213,3.9043074
QAHDEI,2.7834527,3.5780554
FIDYOG,3.1459084,3.3338513
SICBEN,3.6229239,4.1731224
JAJTET,3.1875417,3.6655812
SAKHUJ,2.769847,3.6522522
YAFZIO,1.5907776,2.1047196
JAJDUT,2.170108,2.9982815
ZEFPOP,3.3470006,4.1432834
TAFDOW,3.4729893,3.7189898
LAXKOL,3.044954,3.4574218
NOMCEA,1.8868375,3.512572
MITMAD,2.8522975,3.7907882
UPOHAJ,2.4539227,3.035298
YUNBUE,3.5146227,3.8752453
CUGSUS,0.4296678,3.980781
UZUFOM,3.2065897,2.7115405
LILMUO,2.8403244,3.5308976
TAXJUY,4.005516,4.0943317
VUVDOG,3.89531,3.5105495
HUTYOL,4.063476,4.168271
YEYZIL,3.0011437,2.2428231
ADOCEE,4.074633,4.2398934
HARLIV,3.1216903,2.7365618
LAHROB,4.249058,2.771009
KAJQOC,3.2544818,2.3790345
LOLVOX,2.7712076,3.2007446
GOSHON,3.0003273,3.5242739
DUHDOZ,2.7350163,3.4761367
VUPBIR,2.9576056,2.7911339
BIFNIO,1.0710402,3.098871
YAMDAR,3.3187006,3.7431147
BEZNID,2.8016844,3.8937564
YOXXEO,4.0354486,3.434094
HISJID,2.7034512,3.613177
TIMCIB,2.0400376,3.0160773
MAWCUI,2.3763704,2.5124261
TIDRED,1.7366307,1.856837
MINDAO,3.589454,4.095954
XEQPUF,3.0427773,3.5337338
NONHIH,3.2784278,3.167478
WUPVEI,2.922775,3.074607
LEVBET,2.8971963,3.7729537
QACCON,2.0403097,3.1710615
XOYLIH,2.9263124,2.9477313
IHEPAN,3.3782935,3.33919
IMUTAM,3.5200648,3.831719
YORHEU,4.174771,4.482333
DEYCIT,1.5676479,2.0059977
JIBREU,2.3951461,3.7773266
SEZBUV,3.1826437,4.4099865
AXENOI,3.8305469,4.116701
SILWUF,3.321966,2.5432265
NOFGOE,4.32008,2.5792818
KIPVAI,3.7502732,4.2376413
JENBUA,3.7418377,3.636207
TERJUW,3.6762583,3.7722719
OMEVAD,3.6721766,3.36204
NOKYAN,1.9886081,3.5292895
FOKYUA,4.1461987,3.519317
YAZTUO,0.82151175,3.2464895
HEGKAI,1.7415287,1.8094242
IFODAK,1.9279267,1.7621825
FOKTUX,3.4944863,3.2427692
TUSWOV,3.813948,2.4835978
TIWYON,2.382357,2.4932652
DOHLIV,2.0849364,2.2557733
LOFLUO,3.0767915,3.3509693
RERKAB,3.9916382,4.4769883
POSFIN,2.4770525,4.0677357
YOVPII,0.43864754,2.0601225
ROLDOL,1.8590819,3.2823653
AJENAF,2.9546123,2.6564605
ZODBID,2.162761,3.057084
MOYMUI,3.9546309,4.2030287
ZOJLUI,2.5083456,1.998287
UTAHED,3.405505,3.5274987
BADPOO,1.9924177,2.2091384
HOHYEJ,3.5595214,2.6371086
NOXQEY,3.3415582,4.234676
MADRIT,2.4147384,3.8891597
YEZWIJ,3.2321684,3.345753
ICIGIL,2.3551455,2.3888729
CXPHOW,4.641174,2.7527683
UMAKEZ,3.5589771,3.516282
ZAKLUS,2.6846755,3.1000953
JETTEI,3.3856406,2.7613807
RAKTAZ,3.5086362,3.8073769
ASOJUO,2.6161027,3.4058058
ZURKUS,2.4936514,3.0823905
XEQVAT,3.5285006,3.1154962
WEMDIC,2.3856223,3.1329548
OPABIR,3.0626416,4.13097
GURYAV,3.5453715,3.5019765
WAHLID,4.9473023,2.8487337
LUCPAB,4.041163,3.5778441
OGIFAM,2.9165163,2.8928778
UZUDUQ,2.8444061,2.9202383
LIDLAO,3.9821143,3.572663
GIHQIX,3.6885035,3.190292
YULGUH,2.8928425,2.9420197
OGOKOK,2.6996417,2.3399062
CEZRAB,3.450676,2.8352067
RIWREX,4.270555,4.3816853
KEMCUA,3.9538145,2.6602948
TONWOI,2.844134,3.1466894
SEJYOX,3.0767915,2.338792
ZUXNIP,3.462921,2.4824412
QACCUT,3.1031864,3.03307
PEDMUG,3.3252313,3.859081
BOLDEM,3.2727134,3.5665762
VIZWIN,2.669165,2.9244006
GIQHIZ,3.570678,3.2884028
PIYVAU,3.7026534,2.4149992
GOFHUH,3.4275463,3.3474443
TANQEF,2.597599,3.3305473
YAJREJ,2.6656275,2.5732155
SINZAR,3.988917,3.458281
ZAVJEN,2.9072645,2.8056927
JANHAK,3.4694517,2.9207277
DEHGON,2.0345953,2.3528872
MITFEC,3.1347518,3.3157866
JODCUB,0.9815147,3.63237
NIJDUI,1.8038428,2.3353746
OGATOI,2.8767877,3.0717626
KIMDIV,2.8544743,3.1550815
QAQWOU,2.814746,2.9354541
OQIFOL,2.6063066,3.867787
WOMVAV,2.2623546,2.9851632
WOMTUN,2.3271177,2.9646506
GANHUZ,3.3687696,3.3770092
NUDNOQ,3.9883728,4.277768
HEYYAN,2.9478095,3.4768896
YOQLEY,2.7589624,1.7513353
YERDAB,2.7306626,2.8790135
EZODUS,3.3562524,4.0016465
SIBCAH,2.3605878,2.6289623
WIYWAF,2.5458972,2.9150622
QAXCOK,3.4553018,2.6396892
TIPYEX,2.5031755,3.3988175
OTUNOI,2.2397692,4.2354584
XEHVAH,3.3834639,3.549187
YEMVER,3.0765193,3.8619099
DILLUI,1.5622057,2.8025274
UNINIO,3.9739509,2.9001012
AMUKID,2.6275315,2.9459507
HECYEW,4.0759935,4.0932617
HUXVUT,3.0324368,3.157055
VACLOB,3.68034,3.993414
CUFDEN,3.8310912,3.846652
LAHLOV,2.7393703,2.6114314
XITQUN,4.1255183,3.5516555
YOHBOM,2.7943373,2.178084
ABAKOE,2.7358327,2.4980392
ICIPOA,3.5494533,3.0157504
ZODPAM,2.8114805,3.9435942
XELHIG,3.0675395,2.8232725
FOKVOT,1.4019306,3.1275449
ALOBIM,2.7001858,4.06503
MUJVOE,3.4642816,4.0984755
SAJCIP,4.22103,2.9780183
WUPTOQ,2.7943373,3.132486
HECYIA,4.1116405,3.8963485
SAMLUO,3.3853686,2.3131049
NEVQOU,2.7546086,4.1009293
TACNOA,2.9641364,3.2656956
POQQIV,2.4199085,3.2648954
VALCOB,2.528482,3.8246188
ZUXGAA,2.8623657,4.287299
ADOCAA,4.049054,4.1176844
FEQNAQ,3.4825132,3.381241
LESWEL,3.1584256,3.8324156
MOYNAP,3.9388483,4.209673
YEJXIV,2.8789647,3.130614
XOMXED,3.2169302,3.2740045
CIFSEQ,2.3450773,3.2553747
TAWHAB,3.7301369,4.447754
WAXMEP,2.8498485,4.001358
BAKCEV,2.3347368,2.898454
BOHZON,2.5622241,3.628691
AXURUG,4.007693,4.167256
SEKKAW,3.8697312,2.9224331
SIMMAC,2.863182,3.847407
GAWKOG,3.2757068,1.7566849
WEQMEK,2.2095644,3.3060637
VEKTUB,0.5757929,3.5833826
DAXROJ,2.984817,2.4982767
ZAJBUH,3.2563865,2.5179417
YECJOF,3.6460536,2.8749661
OKIJID,1.329004,2.2876472
VAQRIO,3.0737982,2.334426
JOLGOG,3.7796617,3.4331486
UJEBAM,4.012047,4.1594205
ODIPOJ,2.1616726,3.2075336
GOSVUF,2.3812685,2.6769507
MOTCAB,3.90048,4.214505
XOHDIH,2.3935134,3.3853734
YORHOE,3.9519095,4.253987
ZASCIF,3.3510823,3.183769
LAFTIV,4.1951795,3.504415
QAPWAF,3.5061872,2.9959962
MAWCIW,3.7962606,3.1915534
NECHEJ,4.0226593,2.5864828
LENGER,2.7970583,2.4779227
MAZVAN,3.2846863,3.973373
MEYSOY,2.822637,3.047912
ZABMIY,3.4879556,3.4229426
NEFNIV,3.5312216,3.141781
XAFXIO,3.2038686,3.4584522
WELGOK,2.6830428,3.1032996
KOWKEM,3.2441416,3.2604804
QABWAR,2.9488978,3.1117184
BISHOD,4.150825,4.2783756
HOBLOZ,4.0327272,3.493939
SUVRAD,2.8803253,2.893181
MITDUQ,3.3214219,3.7115095
VIQZIF,3.8052402,4.162813
EKEMIR,0.4830021,2.7658813
TACFUY,3.293394,2.6272514
CELPEQ,3.3173401,3.4799423
QEMMIH,2.621817,3.8779025
JEZBAR,2.3663023,2.4737859
HAMFOQ,2.9959736,3.3201518
TUXYOC,3.4201992,2.8211193
PAZYUK,2.8476715,3.0736964
DIDSUE,3.3385649,1.917299
GORMOP,3.3159795,3.9162583
HEXPUW,2.9676738,3.7034745
JOJZEO,3.6982994,3.961809
RISKIN,3.8803437,2.7904909
OJUSUJ,3.032709,2.5117025
PODLOM,3.4332607,4.1494884
IZOGIN,2.679233,3.6970944
KEHCIK,2.2577288,2.8519554
EWIQUX,3.104275,3.2547944
HIYYIX,1.9135047,2.5579574
QESYOC,2.941551,3.9582565
MIJPEC,2.760323,3.411485
QEHBAJ,2.8503928,3.7645092
NESPOQ,3.3753004,2.4730554
HUPNIQ,2.2833073,3.0756567
OMERON,4.0803475,4.1476088
TUKBOS,2.323036,3.0816488
VOTWUW,2.509434,3.2668338
YERDUV,2.5124273,2.614246
LECROA,3.1584256,3.8747969
GOFHIV,3.3589735,3.71355
RALHIY,2.9192376,3.9137144
REHMID,4.074361,4.0685782
ROFNUV,2.9755652,3.3970466
QORJUC,2.4297047,2.3274448
REHMOJ,3.9309568,4.0588856
WOJCIH,2.7053561,3.5188162
VAGPIC,2.1880677,2.2283185
CILYII,2.918149,3.5958517
TAJGIV,3.4169338,3.6531448
CIFSOA,2.3360975,3.5978029
LASLEW,2.7859018,3.2670963
YUGFEL,2.1301074,2.0165827
QAVXAM,1.797312,3.4612617
TIRROB,4.2340918,3.906529
ZOLSOI,4.0901437,4.1898136
AZOGAY,2.662362,3.1783085
DOHNAP,1.8901029,2.0089834
ZIDTEL,4.1998053,4.52577
TICHIW,3.1146152,3.1273453
LIGRUP,2.757874,2.220503
XIPPET,2.8068545,3.7276888
KEVTOV,4.4221225,2.9776387
LUMHEH,2.227796,2.8410957
VORCEN,4.1921864,4.522421
ZOWZAM,3.5050986,3.9879522
ZISJEQ,3.6501353,3.2068126
OXEZUO,3.0667233,3.736417
YAVTUK,2.6324296,2.2397897
SAJQIE,3.056383,3.6648464
BIMHAI,3.677891,4.136531
CABSEG,3.240332,2.2185462
AFIZEV,4.1881046,2.861791
ZAJTUZ,3.2087667,3.2970412
WOJFIN,3.6068692,3.865168
YIVVAA,3.264822,2.744914
NUXTUV,3.81939,2.4345565
XEQTIZ,3.6621084,3.238346
QOYZAF,3.206862,3.5171845
PABMEL,3.6280942,2.9115047
VUPMAU,2.23215,2.1385486
HICKOW,3.410403,3.9465895
WIVXAB,3.0808733,2.1186938
BIMGUB,4.1690564,4.35777
TUDDUR,4.1388516,4.185194
FIQPEC,2.1945982,3.6820626
MARNAV,1.4158084,2.7118146
LORHEG,2.0797663,2.958521
ZAFPUR,2.4860322,3.9068887
PUMBII,1.230771,2.298693
LAJXEA,4.2079687,3.625967
YAVTOE,3.3543475,2.257644
LEXLUV,3.7453752,3.9716763
OCUWUE,4.153274,3.5548234
XOHDED,2.3537848,3.2741742
TUFVAR,2.9303942,2.8432095
QIRMIN,3.797621,3.8334398
TUDFAZ,4.1135454,3.9815528
DANRIV,3.8969426,4.156908
CAMDIE,2.3940578,1.8005488
WOGFOO,3.7554433,4.1556754
NOLMIK,2.793793,3.4931145
ZERGUY,3.0577435,2.1893706
JOLGAS,4.2833443,2.7163973
HEQVUV,2.7042675,3.9033964
YEDYOY,3.9505491,4.298908
GALJIN,2.495556,3.7018385
KETQOP,3.7538106,3.9265456
RISMAH,2.6324296,2.9323437
JOXYOK,3.2659106,3.8155537
YADZAE,2.3458936,2.8898485
FOKVIN,1.3567597,3.1043153
FOWWOD,4.3489237,3.147681
MOBPOJ,3.3614225,2.9207554
PUTREB,3.6689112,3.0719113
SOMYIC,0.48191366,2.7808118
FIHBIH,2.0539155,2.3420854
QAHCOR,2.6699812,3.7460122
SAKREB,1.8204417,2.6948543
YAVVAS,2.124937,2.4087143
WILPIQ,3.3690417,3.4644282
FUNQUB,3.6289105,2.9524274
FANTUJ,1.8095572,2.8367436
CEQNUH,3.2370665,3.7768912
NUYQED,3.0011437,3.6204147
MOPPOY,3.3138027,3.9879172
KEGTIZ,3.818846,2.8032098
YIPXOL,2.0634394,2.2509394
FEFCOK,2.7954257,3.0336492
GAJLAE,3.2514884,2.3060493
POSFUZ,2.8218207,3.9515414
GAQDUY,2.59515,2.1966767
MOBPEZ,3.9176233,2.971486
QIGKEY,3.6934013,3.0042262
GUHREH,4.4721913,3.6027546
WAQMOS,1.921668,2.1675277
FOWVEU,2.6819541,3.6810803
ROWMEX,2.2596335,1.5829618
AVEPEW,3.6817005,3.484078
QAXBID,2.5222235,1.8165262
YOXWIR,3.90048,3.443374
XOYQIL,2.9336596,2.6105995
QUWREG,3.1505344,3.360155
GITCIY,3.226454,3.9085035
RETBAU,3.006858,3.4779499
SEBTOI,2.5782788,3.8324268
CAKCOI,3.9739509,4.0462146
NEKDAI,1.8813952,3.4509394
COHHAK,4.1674237,4.297058
UMATIL,3.6602035,3.6675158
YOWHAT,0.7020538,2.1230912
SECHUD,3.7682328,3.012071
LIWWOF,1.7358143,2.741018
TOGNAG,3.4422405,4.390477
SOLMUB,3.9412973,3.5518434
YEXRUO,2.3581388,3.6739392
KASFIU,2.5676663,3.7119632
RECXUT,3.150262,2.9262238
AJASEL,0.8242329,2.2425992
IFEBIE,3.102098,3.5414653
KILVAC,3.2114878,3.525569
CEQQAT,3.5023775,3.5422735
JACWIT,3.2868633,3.2050805
RERROV,2.4335144,3.4842947
LAPQIC,2.9935246,2.8100312
WOMTIB,3.2751625,3.1888447
XIRZIH,2.6966484,3.6782122
SIMXOD,2.349431,3.8837872
BAPLAH,3.2770672,3.8677235
KARKET,2.3437166,2.316023
ZUXLEJ,2.3695676,3.4626057
KAPYAB,2.4631746,3.097703
KUHSUC,3.6196587,4.229274
WIGKUT,3.4027839,4.5522485
WIWDEL,2.0345953,3.5366564
JOJSUZ,2.9518912,3.0435536
KUHTUD,4.0855174,4.310815
DACTIK,2.8759713,2.1177115
QUDJII,2.6653552,2.397377
YAMCOE,2.0394933,3.4952517
QODHAV,3.6280942,3.9709826
UMIGAY,3.9325895,4.211684
QOVYUX,2.2335105,1.4105904
QONSES,2.4892976,3.5774312
XAPLEF,3.0337975,3.2772257
WEQMIO,1.7641141,3.5602539
CEBZUF,2.8805974,2.928035
WAHLOJ,4.058034,2.5186539
KANRAS,2.782092,2.871101
XUSSEL,4.1908255,4.413485
TUTWUA,2.7565134,3.4264808
HUCQAX,3.0727098,2.8333628
OHIRIG,2.9208703,3.9784665
OPABOX,2.9399183,3.9782708
FAKBEZ,1.48166,2.5680857
HIPQED,2.7992353,2.858969
XITKIV,2.8422294,2.4105968
LEXRUC,1.1891376,2.2136366
WAYGUY,3.343191,2.8645756
XOYLUT,3.403056,2.4880316
YUTWOB,3.2754345,2.6800497
CUTSOZ,2.1290188,3.1442292
XIHZUK,1.5771719,2.5686173
NOXVOL,4.23899,3.607599
WIDJAV,1.6974462,1.7490382
QIJVEK,2.7091656,3.5946333
VECHOC,4.156267,4.411549
BIQNOE,3.9078271,4.53617
SASJAX,2.1668427,2.5659192
HOLROS,2.72005,2.7604377
XOGWOF,1.9393555,2.634027
DOLZUZ,3.369314,3.7020216
ILUMUX,2.205755,3.8008008
WARVUG,3.1061797,3.873091
ECESEL,3.5426505,3.6025012
ZUZJAF,3.3551638,3.3601263
BIKYOK,3.4204712,3.100066
XILXUL,2.9706671,2.2757158
WAFZAF,3.1461804,2.7713463
TUHLOX,3.5886376,3.9207554
MISCUO,3.7127216,4.0531416
FUSLUA,3.128493,3.2041843
SADFUY,2.936653,3.9047248
HECXUL,4.0596666,4.1911936
DIBJAA,3.3842802,3.6964376
GOSJEF,3.3045506,3.524744
YEWQUN,2.138815,2.3490126
WIWDIP,2.36603,3.7698703
LETTEK,3.247951,2.8774786
HALMUD,2.270518,3.9627852
PECFAE,1.6087371,2.6121101
GOPWIR,3.6474142,2.5137532
BUTJEH,2.8503928,4.1876755
UMATOR,3.8180296,3.8575819
WIYYEK,3.343463,1.7998997
YARBUO,4.008509,4.1519003
RAHJEP,2.7595067,3.3125138
JOJPIK,3.0435936,3.7728968
CEPLOB,2.9927082,3.03742
DAJTEP,2.3594992,4.3245754
YERCUU,3.0724375,2.8889403
GIZLOS,2.7328396,3.930996
QONSAO,2.5483463,3.6670065
DILMIX,1.5251982,2.7293253
MOYMAO,3.9823864,4.1308966
YAVJUB,3.8901398,4.352902
LIBRAQ,3.5276842,3.1482346
ZUFZAB,2.8920262,3.6467056
OBOREC,2.963592,2.4791148
UJOPOA,2.5374618,3.3386254
FUWLIS,3.78075,4.3583736
GULLII,3.6789794,3.9824824
LIMZEO,2.35188,2.6412592
OJUCAX,2.920598,3.815329
NEVSIQ,2.7921603,3.3447106
VIZVOS,3.0691721,3.0430396
SAZJEK,3.0648184,3.741467
JUPBAZ,3.8893235,3.1663787
VECJAQ,4.110008,4.1400104
FEVZEL,3.226182,3.3307152
GUXWED,2.2539191,2.550902
WAFZEI,2.7303905,2.45565
CUTFAZ,3.9162626,4.0100956
KILKEV,2.3790915,3.1266985
XUWHAA,3.843064,3.0004797
WOFQIR,2.2329664,2.8713846
ODUFEB,3.082506,2.931132
JACHIE,3.3225102,2.6247764
IQOSUD,3.864833,2.72194
GIRLIE,2.3883433,3.3426886
FIWFEX,3.596529,3.226303
PIDYIN,3.510269,4.707299
TUTWOU,3.8460574,3.3175175
UNINEK,3.7334023,2.8467433
YATFAB,2.5037196,3.8648605
BSPRWC,3.5815628,3.7355654
YUWDAV,3.343463,3.3725085
MEYSUE,2.8386917,2.9105473
QIFRUS,2.62862,2.0359876
HEYXOA,3.587277,3.613574
WUWNOR,2.6060345,2.0900571
WOMKOZ,2.9075365,2.7044203
XEQTOF,3.3415582,3.0768814
YEJVIT,3.4648259,4.1525087
YAXLOY,3.5508137,4.5458145
WATKOR,2.6076672,2.7066348
YOKPUM,1.5445182,2.725677
MOGNAZ,3.2457743,3.7796338
JIYSEP,1.766291,2.8631532
HEWHAS,1.7690122,1.9852693
CEGSUC,3.7723145,4.3308954
SIDJOE,2.604946,3.0274029
CUFPOI,2.6824985,3.2810173
RUNMUJ,3.0795126,3.1689525
PRNCOW,3.4977515,3.710114
ZISJIU,3.659387,3.1455157
LERCUG,2.1023517,2.064146
QUWQIJ,3.4572067,3.9178045
HUSTIA,3.248223,2.217492
VEFJOI,3.479792,3.7115722
WOQGEO,2.7736566,3.8288255
JONCAQ,5.018324,2.7726777
RODFEX,4.074905,2.9191115
NOLTAJ,3.8656495,3.0543175
JABJUR,2.43297,3.5899153
WIRTUP,2.920326,2.1877952
DOQGAU,2.9097135,3.3971667
VITQEU,3.8721802,3.921754
SIKYAO,3.3374765,3.8214474
PIXKEM,2.8038611,2.3649838
XANSIO,4.1312327,4.2027984
MOMFID,2.7456288,2.3602242
LURXED,3.023185,1.99791
TOQHIR,2.8694408,1.854897
XUQCOC,3.448227,4.036808
LAZGOJ,2.6901176,2.310879
LITBEV,2.9554286,3.6981928
MIGWII,3.4495873,3.7166162
IDEKUX,2.0199013,1.7223963
LAZKUT,4.023748,4.132509
JONNUV,3.512718,2.951582
BUBJIT,3.5984337,3.841526
HEZZEU,2.3989558,2.048222
DAWBOV,2.9358366,2.5204754
TECNAT,1.9374506,1.7674955
FIJLEP,3.2161138,2.671484
ARIXAA,2.8169227,2.1003673
DEXVAG,3.9040177,4.3081594
APUPUW,3.6259172,4.444894
HASJUG,3.362511,2.783974
HINVAC,3.1355681,4.141591
PIBGEN,4.2006216,3.5293822
MAWCOC,2.0462964,2.3450518
JOQGAX,2.554877,3.8954182
UZUGED,3.3742118,3.8899608
FUNQEL,2.7227714,2.9759614
KEPKAS,3.9461951,4.331688
TERVOC,3.5440109,3.5046515
QODWIS,2.6893013,1.985542
MOFCOZ,2.4786851,2.9856012
SAJCOV,3.6065972,2.800903
LEFQUJ,1.8288772,3.2136412
CEZRUV,3.0212803,2.8628635
KANPUK,2.7369213,2.8874826
CAKCUO,3.96225,4.060012
RUYQOR,2.9518912,2.6625085
YUTVUG,2.306437,2.4858778
NOLROV,3.1537998,2.8483853
ZORYUC,1.6397581,2.3966172
WIGFIB,2.6971927,3.1230302
GIRKOJ,3.9372156,4.3830795
UDAYII,3.140466,2.7862945
UKOMUD,2.896108,3.1167524
LIKZIR,3.9276915,4.057921
EFEHED,3.615849,3.3504739
XUNREE,3.4610162,4.0242243
LUMHAD,2.165482,2.7252238
XAQDIC,3.3249593,3.641329
LIMYEN,2.3170495,2.1386237
KUPXOI,4.3244333,2.855761
XUQCIW,3.0093071,4.0497108
ZORLAV,3.2158415,3.9362998
YOVHOG,3.2033243,3.2565646
TIHPOR,2.0397656,2.3586056
ZAPXIA,4.3881083,2.101779
JETTIM,3.2422366,2.9995615
MABKAD,3.2147532,3.2263598
HUTZAY,3.7067351,4.179971
HETMUO,2.6422255,3.5019338
HIKCUA,3.0980163,2.9933429
LASHUI,3.2365222,4.36274
ZAPGIG,3.0131168,2.9372678
NAJZUT,2.1088824,3.177783
YEMVAN,3.0240014,3.8476996
HEKGAF,2.844134,2.6758366
KEQCUE,3.6955783,1.9562266
CUWSUK,3.2653663,3.7287695
JOQKIJ,2.7619557,3.8978124
XIRYAY,2.4237182,3.5659165
GENNOE,3.477071,3.9849772
AYUMAK,4.13858,4.41796
TEGCUF,3.8223834,4.336046
BILPAN,3.1957052,3.7245588
KUPFAC,3.988645,4.1608624
MABQEO,3.4993842,3.348039
NECBOM,2.915428,2.3116734
QENDAP,2.3771868,3.5995598
XABBIM,3.7984374,4.3339663
VOHYUM,3.2365222,3.3300276
XUKGIT,1.7026165,2.461231
OCIXEF,2.5886192,3.046094
SOSZAC,3.8501391,3.7214456
JUQJOU,1.4144479,2.9139714
GIKXUU,2.0128262,2.9654498
VODTEO,1.9456141,3.0711915
LEXMEG,3.721157,3.4476168
AJUQAZ,3.0144773,2.9044962
CUKSOS,2.8955636,3.9995704
FEMPES,3.0972,3.6872225
HORWAO,3.8917725,4.289893
TAJXAE,1.4637004,2.0496638
VEXSOG,1.9804447,3.423798
TAJBOW,0.8816489,2.2778046
NUCKUT,3.0079467,1.797535
KIDJIQ,1.940444,2.0826697
SERPUC,3.7576203,4.1492224
ZESWOJ,2.6939273,3.8845491
IWAZUB,4.1551785,3.7495055
RIQQIR,3.0381513,3.8413405
LEKMOD,1.508055,2.895071
SIGKIC,1.9790841,2.6095586
KAYCOC,3.2514884,3.1407762
YESYIF,4.718182,2.6470954
LESNUT,3.3780215,3.83948
SANWIN,2.8958356,3.5637217
IWECAO,2.5959663,2.1275818
CIDPIR,4.3837543,3.425302
NISNOU,3.4248252,3.7911162
LIHFAJ,4.1638865,4.1223073
CUTTAN,3.9810257,3.8284624
MOZFEO,4.04851,3.9854019
IHEPIV,2.373377,3.0956905
LAXFEV,3.0890365,3.117594
KAGTOD,3.661564,4.256164
COPCEP,3.8400707,3.4130254
RELCOA,2.9742045,3.4418082
DIVYUE,2.3774588,2.2327693
RUMVIG,3.4920373,2.384425
NIDMIW,2.5831769,2.9439087
XADWOP,3.6286383,3.8670464
NIBTAT,2.1426246,2.34556
DILMET,2.3423562,3.077972
ZABNEV,2.2381365,2.6422982
KANMER,4.201166,3.9334092
ICIQAN,4.2242956,2.7132337
COLCIQ,2.9565172,2.0905395
POCXAG,2.9352922,3.6025252
YEVJEO,4.0974903,4.4476104
ULOQUJ,3.9304125,2.7428415
LAYXUE,2.571476,2.8551705
ZIHMUY,2.941551,3.3536825
XUKBIO,2.8022285,2.832242
DUWZUS,3.9369433,3.8143253
ROPYUQ,2.9837284,3.315626
YUTWAN,3.2299914,2.5502377
POXVOO,3.7900019,3.8886602
PECQOG,2.0582693,2.7784195
CONYOT,3.864833,3.3760798
ZECKAW,3.8770783,4.2351036
SAWMEJ,3.9116368,4.5553393
CUHTIJ,3.7056465,3.9809217
CEQQOH,3.450676,3.5416145
TIBXIL,2.1535091,2.4002821
WUYFEC,2.8210044,3.0067265
RUQROM,2.313512,3.8573213
GOYNOX,1.3102282,2.2420764
GIMFEN,2.6022248,2.4845517
GUBCUB,2.2694297,2.053149
XIPPIX,4.1377635,4.6019287
IYAZOZ,3.4950304,3.8128521
MOYMIW,3.9758556,4.196027
HADPIL,2.1227603,2.7302976
OBOSAZ,2.9336596,2.4871159
ATAPUH,3.802247,3.9486494
EKEPOA,0.96627635,2.7078886
NUWSIJ,1.8590819,3.800364
UHUMUF,3.4253693,3.5635066
FEPNIY,3.5211535,4.3193054
SIJJUT,3.0490358,3.6990094
NEPBEP,1.9774514,2.172591
WECSAY,2.6174634,2.145309
AKUGAQ,3.725783,3.8011172
BIYQIJ,2.717057,3.1743932
QORYOM,1.5834305,3.412765
XIQMAL,2.0084724,3.7055824
EQELUI,3.4599278,3.9195685
EGEXUJ,2.4841275,3.8498292
SAKPIE,2.3121514,3.002941
VAHPUQ,2.2884777,2.5127904
YIWTII,2.7660375,2.574381
XEQTAR,3.0201917,2.9420552
YEJJII,2.62862,2.400128
GONJAU,3.037063,3.662661
MOBQEA,3.756532,3.015694
SIPDAX,2.2550075,2.5457296
REHNEA,4.045517,4.2696342
GIQHUL,4.610153,3.17453
EKOQIE,3.3284967,3.7788978
KUGKEC,3.5627868,4.2235804
EKENEO,0.48599535,2.7376406
KOHBIS,2.0827596,2.3852956
REXTUL,3.0539339,3.446225
DUFPOL,2.803589,3.5393102
WOKQOD,3.6444209,4.4667916
YUVFOL,3.651496,3.1979704
QESYUI,3.2490394,3.8035357
RAKLEX,3.783471,2.9616961
SERQEO,3.4283626,2.5800233
ROHGOL,3.7369397,3.1935241
LASHOC,3.2890403,4.293843
ZADWEJ,3.046859,3.3216069
WIGFEX,0.7412382,3.2590864
DAJTOZ,2.3984115,4.4068494
ZUDNIV,3.6368017,3.985519
WEKZUH,2.27079,2.9251728
GOFHOB,3.250672,3.6923935
SOMYOI,2.5755577,2.748645
FABWIO,3.6425161,2.200139
HECYUK,2.7712076,3.5612602
HILZAE,3.1075404,3.5499988
QABMIR,3.9916382,4.257409
RAWLAC,2.186707,3.3601105
FISLIC,2.1848023,1.9864388
FAFHID,1.8596262,2.1444933
VETZUP,2.6063066,3.1840549
ULOQIX,3.288496,2.806401
VEDNAT,2.941823,2.7832336
ASOKAV,3.0101235,3.3285346
GEKZAX,2.229701,2.3029072
QOYYIM,3.2343454,3.4001198
BACFAM,3.164412,3.4571462
DAVMOC,4.7217197,2.5494509
GOYNUD,0.90260166,2.2364118
UVIDAG,3.708912,2.6892235
YIGBAT,0.72491133,1.1991906
HEWZAK,4.132321,4.195891
FERDIP,4.7236247,3.625853
MIVPAK,2.49991,2.2286086
XANVEO,4.114362,4.1521916
GEXXOY,2.6487563,2.585664
KEWCAQ,1.9186748,2.4416304
BUKLID,3.6667342,4.1149187
LIBQIX,3.347817,3.194406
UDOKII,3.2316241,3.1513934
LOVKOW,3.6977553,4.15409
OZAPUB,3.3826475,4.0846367
IFIWUP,3.242509,3.9188533
HABQEG,3.0765193,3.877551
NEJJUI,3.321694,2.7741196
XUHPOH,3.6308153,4.0613194
JANMAP,3.7845595,3.0424736
EADJIC,4.056946,4.01563
LERHIA,3.0490358,3.485251
KIWTOZ,3.0735261,3.5711155
RURCOW,2.1151412,3.9745255
EWIRIM,3.2819653,2.8468425
YOFSIV,0.9926714,2.891406
ZOQQOL,3.7600694,3.286697
GILHUE,2.2152789,3.1155484
NONGAA,2.8084872,3.3179488
NAJWUQ,2.497461,2.0104504
JUVJAN,3.6264615,4.0515018
QOYYUY,2.8308005,3.3710527
SUJRAQ,4.294229,4.3442607
VUQNOL,2.203306,2.8510854
XUZZIB,3.5742157,3.340261
WAFZEJ,3.5461879,2.84087
KAVXEK,1.9736419,3.3590949
XEYGOY,3.821567,3.9875736
UNIMOT,3.6452372,2.8576093
RIJLEB,2.5415435,3.214866
EYORUH,2.6971927,3.8877783
CIVQII,1.9028922,2.7321727
LAMMAN,2.7418194,2.3220186
VINRAN,3.9554472,4.1496186
BARHAG,4.1334095,4.2518253
VAVLAG,2.7927046,4.0121527
FIHBOO,2.9937968,2.9278178
KEQCOY,3.7981653,2.3919315
EWIROS,3.7108169,3.1593533
JIGBOT,2.9056318,1.9900744
VECBIQ,2.7116146,2.0356557
SUJBUU,2.1067054,3.1949172
VOSCUE,3.5962567,3.6968865
XABBAE,3.754083,4.4947443
TUKCEJ,1.5970362,2.752285
JEDIUW,3.7573483,2.3584542
WEDWIL,2.5867143,2.260912
XOXNON,3.1986985,2.9274783
JONNIJ,3.229175,3.0047996
PAKXEF,2.8269908,3.5946593
REXMEN,1.44819,2.406076
KEKLES,3.6052365,2.496865
UWOTUX,3.0536618,3.760104
LOMHEA,3.527412,3.8587093
XUSWUD,3.6936736,2.8690622
QEZSEU,2.6234498,3.4401028
IRIJOK,2.906176,2.5049667
RAYFON,3.2980201,3.170486
ODUFAX,4.283072,3.0207605
MEZSEP,2.6563754,2.6316257
BIMHIQ,4.079259,4.227297
AJENOT,2.79597,2.629312
QAYJIK,2.8588283,4.0191226
ICEMIP,3.9764,4.221924
UTIXAY,2.8218207,2.8200736
DARPUH,5.5954776,2.3460162
VIZWEJ,2.600048,2.6280427
TUHMAK,3.649319,3.9626868
OGATEY,2.9480815,2.9092422
POMNUA,3.445778,3.2208729
WUJNEU,3.8727245,3.789669
HOJWEJ,3.6291826,3.8365233
GIHQET,3.6174817,3.0005798
TAXJEI,3.9872844,3.9900455
MISDAV,4.0588503,4.179432
LEKJOB,3.085771,3.02163
MEJLAO,3.3676813,4.073394
LAZGID,2.4822226,2.0487332
HAPCEG,2.9861774,2.6217961
LEXMAC,3.6452372,3.584151
POZMOG,2.411201,2.159897
POXVUU,3.732586,3.673202
SUVRIL,2.932299,2.7874134
TIWLEQ,3.8936772,4.5354924
LUCNUT,3.536936,3.6554327
ATIVII,1.6830243,3.2187483
NIWWAR,3.53231,3.2376559
EHUSUV,2.2335105,3.8278825
SOTMAR,3.1265883,3.3914475
NOVPUJ,3.0675395,3.571783
SOJFIG,2.6106603,2.8260598
SIRSAN,3.2816932,3.9917397
XAWLUC,3.6060529,2.9416988
LOVPIV,3.635169,4.316387
UMAKAV,3.5826511,3.5979762
PUMBAA,1.9423487,2.4012358
LEPQAY,1.9877918,3.7881489
OKOVUF,2.9325712,3.889064
VAPQUB,3.9091878,3.8660212
HEZBEV,2.8754272,3.1770458
SISRIV,0.5148394,3.16523
HIQBAK,3.2547538,3.2652464
BAXQAV,3.8123152,4.40138
UWEKEO,3.3176122,3.7992444
FICHOR,4.1595325,4.235636
FOFKOD,3.7796617,3.6653574
LUSPUK,2.5456252,2.4222229
CAJFOL,4.1110964,4.06932
UDOFEA,2.7420914,4.223475
WUBLOU,2.865359,3.8363094
LUFXOZ,1.7058818,3.2507834
DOXDIE,2.9374692,3.0190833
FUNMEG,2.3461657,3.7918417
JACHAW,2.6389601,2.5362077
SUVWAH,4.576411,4.229892
JASKOD,4.0259247,3.5583305
FEPSID,3.854493,4.2135715
CIPDIO,3.7968047,3.0360353
JOJYOX,4.088783,4.4423165
VEQRUE,3.0675395,3.2841842
ESOCEU,1.9298315,2.3090732
KENTIG,3.6153047,3.313764
ZAVHEL,2.8686244,3.336477
SOTMOF,3.1897187,3.1334422
HIMLAR,2.6348786,3.6544573
HUPNAI,2.4740593,3.3177264
DIVHIZ,0.9387928,1.8896426
QABMEN,4.1189876,4.1744485
YOGLOV,4.096402,2.960282
YERDEF,2.6041296,2.8853028
QOFSEL,3.0476754,3.2660666
XERVEW,3.9777606,4.0252066
ABOXIB,2.0560923,3.4023204
LUZBAL,2.2740555,1.9494352
OKOKII,2.8259025,3.8274355
KIDMAL,3.0601926,3.8116958
CEPJUD,3.9325895,4.403922
SAGSIC,3.1271324,4.04091
LIMZOX,4.2447042,3.7044113
PIYQUL,3.2585635,2.7144215
YORHAQ,4.0953135,4.377616
LEBSIU,3.2163858,3.612136
TOFHEE,5.2068987,2.5900826
HIXCIC,3.118425,3.716036
ZAFPOL,2.7622278,3.7420561
WIWGIS,2.352152,3.2887056
SUCDID,3.4950304,3.3350189
YOXWUD,3.9644268,3.6006458
GIZLAE,3.4299953,3.8612058
GIWXOZ,0.427763,2.3209372
VUKKAN,2.0209897,2.9934578
XIYJEU,3.4784315,3.9922726
SEZBOP,3.2373385,4.1275673
MUVPAW,2.7467172,3.7277682
XIRHIR,1.5706412,3.0948176
QAXCIE,3.6958504,2.7483222
MIRYUH,2.5363734,2.0446644
LUFXUF,1.8601704,3.2202334
ZOMYIJ,3.5636032,3.7654536
DOHSUQ,2.6367834,2.3399968
QIRMOT,3.7244225,3.6363814
QIRMEJ,3.6634688,3.6025367
KAZJAY,2.9812794,2.114547
YOGLIP,3.9668758,2.8755946
XOYMEE,2.696104,2.672538
JOGXOS,3.3812869,3.5194674
KISGID,2.5567818,2.9769018
SACBEF,3.4993842,3.5619063
ARIWIH,2.497733,2.212144
XIYNIC,3.1271324,3.867321
WOQLAP,3.6144884,3.802833
WIJKOP,2.3673906,3.209979
QOVGIS,3.3331227,3.418173
SOQCUW,4.337495,3.7177951
KITQOT,3.1635957,2.8257065
QODWEO,2.8359706,1.9814819
NIJFEU,3.393804,2.319627
MITMIL,3.2433252,4.1886144
JANLIW,3.6479585,2.6420627
HERRAX,3.3489053,3.1317058
HAZTIL,2.6610014,2.6425397
DEGBIB,1.6745887,2.6236706
HEYXUG,3.5339427,3.6223526
RAYKAF,3.1611466,3.8919263
JOMRIM,2.645491,3.1142356
HARPUL,2.5412714,2.483941
FAHCUM,4.315726,3.3149898
WALGIB,2.3295667,2.2002082
VECHUI,4.129056,4.100608
JEPYEI,3.3829195,3.9264503
EKENOY,0.48871648,2.2576535
TEQGUR,2.0277925,2.7920783
LOPSOB,2.5986874,3.6957624
WIYYAG,3.1894467,2.4384065
LUMGOQ,2.414194,3.1550581
FOKTOR,2.222626,2.9489567
HOBWEB,2.1695638,2.26448
YUTWER,3.1755688,2.4150684
GAMLEM,2.7567856,1.7054778
KILJUK,3.3630552,3.767427
CUKTEJ,2.8784204,3.7622478
XAKMUU,3.5875492,2.6598954
HINVOP,4.6501536,2.3744936
ZIJHOP,3.3709466,3.4412518
JETLUQ,3.5521743,4.099782
TOWYUZ,3.0454984,3.415399
QAPVUY,3.36496,2.9652689
HOBWIF,2.086297,2.2989974
UZUGAZ,3.3812869,3.6420865
BUKJOH,3.3758445,3.9345317
LIMYUD,2.4392288,2.5707884
COLJEU,3.9987133,4.0234118
TUNDEL,2.5271215,3.330246
XOXNUT,3.2242773,3.035931
KIMJUL,3.2993805,3.5159645
CAWYIJ,2.289566,3.0483906
EWIREI,3.0531175,2.842501
NOQMAH,2.8131132,2.2281446
CEGSEM,3.9633384,3.3773613
ECOGAE,3.140466,1.8440359
TAZKOU,2.628892,3.6503804
PUHGUU,2.7625,2.6305664
HOJXAG,3.6359854,3.6059074
KEGWEA,2.6803215,3.2150385
HOJWOT,3.5987058,3.8357217
QUWPOO,3.2441416,3.965073
QERLAA,2.9148836,3.7125258
WEPBEY,2.4269836,2.776447
GANHOT,3.3385649,3.6273699
XUTLEE,3.2748904,4.123579
BIMHEM,4.1091914,4.1166863
POZNAT,2.3401792,1.9974172
YIKWEU,2.3597715,2.629737
LUSPOE,2.7518876,2.451092
ULORIY,3.212304,3.1923966
IFEBOK,2.0683374,3.5829613
RUQVAA,3.2982922,3.9115953
XIRHAJ,2.755153,3.5020566
QEGZUA,2.8563793,3.782641
PEDGAG,4.3875637,3.7660236
HUJXOZ,2.4229019,2.0605245
NUCSOT,1.8585377,2.1611907
POYFIS,2.652294,2.7786114
XUNRII,3.4680912,3.4333997
OBORUS,2.9401903,2.3995605
SIGVEL,3.0582876,3.3456624
UDOCUN,2.717601,4.2030168
XIBVUZ,4.2120504,4.1532474
DIHFOP,2.9301221,3.396234
NOLSAI,3.8525882,3.16319
PUMBOO,2.5344684,2.655955
REHMUP,4.055313,4.1971273
XOGWIZ,2.191605,2.8523903
OJUZID,2.7273972,3.9793906
ZUXYUM,2.5728366,3.0567813
BOVDUN,2.818011,2.9548564
QIHCER,4.005516,4.4435472
YOVHUM,3.1744804,3.1702955
ROFQEI,3.5382965,3.3960795
ULOQOD,3.0571992,3.0787866
ROWLAS,2.2498374,1.8137639
CEGGAW,2.4237182,2.829377
WIRVAX,3.2278147,2.3262453
TOQHOX,3.056383,2.132536
LOGWAF,3.6740813,4.285443
VUMGOZ,3.3225102,2.3474703
QENWUB,3.0250897,3.7181318
XUTNIK,3.3423746,3.224454
LIMZOY,2.2041223,2.511633
LUMGIK,3.5306773,3.4205475
HAHBUP,4.022115,3.4849753
SIHREH,4.163342,4.1521597
CINMES,2.5023592,2.2305775
XUTLOO,3.8561256,3.842436
PORLAK,2.7837248,1.9786474
CUHTEF,3.697483,3.602696
CEGSIQ,3.8109546,3.3803735
GIHVEY,3.9734066,3.1010854
YOMNIX,2.5478022,2.9557204
LINYEN,3.424281,2.6888256
XIKROZ,3.3110814,2.611897
XAVJOT,2.9472651,3.0381238
SABGAE,2.8286235,2.2573266
LICDIK,2.7113426,2.7273257
PEHKUL,2.757602,2.694625
NEXSOZ,2.7162406,2.4324753
BUHXEI,3.1733918,2.8498702
COFXOM,2.3867106,2.3781693
NIQZOC,2.2522864,2.5633798
CASXUQ,3.8055124,2.842091
QOZTUU,2.4476643,2.400685
GARGIS,2.8980126,2.9157367
KIJMAS,2.49474,3.0387523
GINTOM,2.70073,2.989464
RITKEN,2.1502438,2.3064604
JAHVIY,2.559775,2.4049633
OTABIW,2.0335069,2.158379
HAVMUN,3.8708198,3.5791984
MIKZAI,1.0190665,1.8886865
TUQGUH,2.978014,2.9915614
EYIDAR,1.7426171,2.558813
USOGUG,2.0936441,2.5979836
KINVUY,3.8512275,2.8007724
FIZBAS,1.644384,2.6507215
ACURUM,1.976363,2.590366
XIKRIT,3.9472837,3.382043
BILMUE,2.8351543,2.9722497
ACEFAP,3.9630663,2.4017923
XUYLEK,3.0552945,2.530977
FEYXIT,2.674063,2.565092
QOYFIV,3.2161138,2.8840697
DEXSOQ,3.6261892,2.9497724
PEXZIB,2.406575,2.459441
KOBQUP,1.9510564,2.5180187
GOXMUD,2.5363734,3.1464155
TIYMUJ,3.7127216,3.1696873
RIVFUY,3.034886,3.3139725
REDREX,2.3646696,2.8158507
CEDCUM,3.7769403,2.8279898
KASWAE,2.1575909,2.5739756
ACERUV,2.4961004,2.3547115
PEHKAR,2.8016844,2.4088154
BUHFAM,3.142915,2.9694977
HODCUZ,2.0884738,2.353549
RURXIM,2.2969131,2.6761084
RELSEG,4.1388516,3.237804
UCEHOA,2.0827596,2.4505503
SOJYUN,2.3695676,2.0889268
IBUDUG,2.2443953,2.4435167
RURZEK,4.29695,3.5466294
HACZOA,1.754046,2.4597182
BOBYEW,2.9336596,3.0667756
ZURNAB,3.5407455,3.2024236
QIWHUB,2.3480706,2.6665456
LECZUQ,4.0180335,2.8086634
WEDNEY,2.9927082,2.7212899
ACUSIA,2.2092924,2.7132115
IXATIL,4.7753263,3.503957
WEJMIH,1.756495,2.6229792
JOHSOR,1.6367649,2.4171581
CABKOG,3.469724,3.3767698
ZURZAN,2.0612626,2.4348798
RUWFAS,1.8155437,2.481174
IGIKOZ,2.306437,3.0806065
RALYUZ,0.4927982,2.035401
LIFFOV,2.6158307,2.829266
YEJQAG,2.1861627,2.3156834
EQIREC,4.590017,3.4787912
POKFOM,1.7477874,2.1336486
VONNAP,3.1875417,3.0234697
YOTLAW,2.4751477,2.8230085
GUTMEO,3.0272667,3.0461578
ZEWZAF,1.9252056,1.6518503
LECBEB,1.6650647,2.379346
CEMNIS,3.2678154,3.1658921
DIYGUP,1.7551345,2.4129384
ZUCHAG,2.1567745,2.875278
MEPKIC,3.7475522,3.0017908
TEGJUM,1.0794756,1.953181
QOSDIN,1.6237034,2.3295875
YOKVOM,1.9613967,2.5230987
RURXOS,2.162761,2.4717784
MIYRAO,2.5007265,2.4431946
KATFAP,2.8376033,2.2351418
KARPEZ,2.2446673,2.6766229
GIYBIC,2.3023553,2.547008
YOCDEA,2.2950084,2.4930215
JITKAY,2.5921566,2.6548202
XABVED,2.7897112,2.915104
KOHSOQ,3.413124,3.4292583
EFASOU,1.2498189,1.5639834
HUSZAX,1.6171727,1.8104656
BUXJEK,2.265348,2.594705
ALIBEC,3.0435936,2.6180515
GUTMOY,2.3856223,2.471667
WELHAY,2.1467063,2.330306
KOBRAW,2.2664363,2.7961514
JUMMOT,2.5529723,2.644153
VAQHAY,4.932336,3.0918229
PAVKUS,2.2781372,2.5054598
ETECUB,1.8264283,2.5351038
QEWVIX,3.6640131,2.6265175
TEHYAH,2.4014049,3.2058132
UHEJAT,2.533108,2.6146567
MICDIO,2.7056282,2.4913373
GUPQIR,2.7053561,2.6707602
DEXSIK,3.2607405,3.1526427
GUPQUD,2.8501205,2.5200117
NOVVUR,2.5192301,2.2165637
MUMGOQ,4.5919213,3.6401267
IJANAI,4.0300064,2.8819683
XAHRUT,2.561952,2.4361982
HUPQOZ,4.1072865,2.9355428
KUWPOI,3.4332607,3.0710464
HASGUF,4.2047033,2.9295173
DEQRUN,2.6365113,2.6845815
QOKSEO,2.306437,2.662768
LIXHEH,1.7047933,2.455307
PAYCUN,1.9673833,2.1525228
NOGXIQ,2.081127,2.5091057
PAWQOT,3.8060565,2.2063165
QOYFER,4.438721,3.929277
WAPJEE,3.797077,3.4815867
YIRQIC,2.2835796,2.7453146
KEBGUU,3.209855,2.587596
GUQXIA,3.1366565,2.7139802
NAWSOT,3.8509555,3.3922706
CERDEK,1.9804447,2.6207967
IPARAS,2.4076633,2.766142
HAKTOE,3.8321795,3.3960485
TIQMAI,2.5973268,2.3352966
LEWWUF,3.2006032,2.830989
XEJPIL,4.3943667,3.493405
RURZIO,3.8411593,3.633919
FEJSOD,3.2585635,2.7286038
AYUMOW,2.5967827,3.3909245
LOQQUE,3.1875417,2.690381
ACEPUT,1.79704,2.3728886
WAFDEP,1.6397581,2.377715
IYEWOZ,3.2699924,2.82577
IVAHUK,2.097998,2.5791864
HEPGAN,3.6800678,3.0556493
HUTSEV,3.2993805,2.4015174
TIYVON,4.8980494,3.8344326
UHACAI,2.1554139,2.2426605
XEKBUL,1.8631636,2.116181
UYOWIP,2.1567745,2.3255668
YOXLAZ,3.0177426,2.958565
SASMEE,3.6425161,2.9830704
FUVGUY,2.411473,2.3557615
XADNOH,1.6724118,1.7779349
LEDGIM,1.2615199,2.0315874
ZANTUD,1.1034217,2.5523574
DAGHUP,2.5913403,1.9683398
XAMYES,2.265892,2.3781874
WEDMUN,3.670544,3.3963804
FECTUF,1.8996269,2.1140566
OMIDUK,2.554877,2.3889663
JARSEB,4.285249,3.298792
SUZLOQ,1.9856149,2.2477536
ILEGUD,1.6177169,2.4126313
DEXTUX,1.971465,2.7464445
WEKRIN,2.3883433,2.1564806
NAHTAR,3.2664547,3.210135
DIHBUS,1.1036938,2.374
DOFXUT,2.9105299,2.2814007
QIJGUL,2.1801763,2.8497458
XABTAW,3.020464,3.0740974
YOJZOM,2.4941957,2.5085626
WOJWEZ,3.1954331,2.9198072
KATHOC,2.028881,2.507503
WIVVUS,2.9921641,2.8349342
WOMYAB,3.4427845,3.1996984
PAGPEV,2.6944714,3.0743463
WAFDUF,2.3627646,2.5712867
IJEGAH,2.122488,2.2681289
YOKTIE,1.9456141,2.5383017
WAGXUX,2.6419535,2.4588978
LENKEW,1.9252056,2.1679869
TOZTUZ,1.8525512,2.1706374
PUVHOD,2.549707,2.866936
LEQNEC,2.0920115,2.9974
SOXBEP,2.7203224,2.5411944
XANZAO,2.9105299,2.840433
FICMOT,2.860461,3.2939167
QATMAB,2.5238562,2.6135778
YUSJUR,1.4318632,2.2973986
HIBXUM,3.5162554,2.987793
WIVDEK,2.1777272,2.5695534
FECTIT,1.8046591,1.8675487
UMAFIZ,1.6906434,2.269623
MOWZAZ,0.90423435,2.2625136
GUPPUC,2.9385576,3.0638874
XIXFEQ,2.5633125,2.5234528
RIPHUT,1.8813952,2.3171864
WUTFUN,2.057181,2.4422054
VOGNAG,2.0179963,2.724032
TIYWEE,4.8988657,4.044898
CERDAG,2.4095683,2.3734617
OCUTEN,2.7023628,2.6810105
AYALAP,2.8601887,3.4846816
FIMGUD,3.1981542,2.782312
GIKJOA,2.2228982,2.6899133
GOXKOV,2.6131094,2.5269604
FAWXOQ,3.541834,2.8515577
IMOKEB,4.552737,2.7837286
GUPRIS,2.6612735,2.3666148
YEXTAY,2.6514776,3.2726336
UHABOV,1.6509148,2.5460625
ZIRVED,1.9325527,2.3678346
NIDJOZ,3.9619777,2.9425774
IYEXUG,3.8566697,3.2533774
DUDZOS,3.4895883,2.9340658
CEDTOV,3.3546197,2.3103673
EBUSOK,1.993234,2.551382
PEBNOZ,4.2049756,3.1688833
YUSGIC,1.7292836,2.633722
EXIWUD,2.7739286,2.4828923
DIYYUF,1.7526854,2.317384
YOLNET,2.447392,2.6313937
HUTWEZ,3.725783,3.133465
VEBYEI,2.578551,2.6736271
VEZGAK,2.026432,2.2959046
OMASOK,1.8413945,2.874111
UDEQAX,4.6512423,3.5010285
FAQQUK,3.0678117,2.9610503
POJXOE,2.941823,2.6516142
PIMPEJ,2.1823533,2.5904653
HAKCUR,4.9671664,3.8024743
MATQAA,2.1181343,2.7927263
YIYMEA,2.7083492,2.9255826
GEDMAG,2.0495615,2.4519491
QARMOM,2.7298462,2.6155562
YOKWAZ,2.0087445,2.5980682
ZOWTUD,2.3551455,2.6835952
QAYJOS,3.4139404,2.7221668
IVAJEU,2.997062,2.9419563
HOHFIW,2.0250714,2.3191018
FUTDAA,3.7287762,2.957986
JIZLOU,3.4068656,3.0276542
GIDSAN,2.5056245,2.6673818
LONXAQ,2.698281,2.9929698
XEXFIR,1.412543,2.3166623
FAXHAQ,1.9695601,2.3170583
FILDUB,2.3532407,2.792751
ECETAI,2.2544634,3.0587652
KUHXAN,1.5956757,2.2995114
VIXPIE,2.2525585,2.918982
MIKXIP,2.8188274,2.7631824
WEMKUU,3.8155806,2.6938968
MENZUB,2.8288958,3.0073044
WENQOV,3.1105335,3.028307
UCECIP,3.1113498,2.5486922
PIHYUB,1.8803068,2.5710244
GAYQOO,1.9254777,2.5827742
HAVFOB,2.6683486,2.6912835
BIFLUY,2.1614003,2.1334863
OJUPEP,2.0231667,2.7171295
LUCVEM,1.5072386,2.4790616
HAPYIJ,2.8321612,2.311164
XOGCAY,1.4392102,2.6021984
LUBTOT,2.9480815,2.4242191
OYAQOV,2.487937,2.45934
YARHAD,2.150788,2.5690315
RAHLUI,0.7834158,2.0265574
GARGEO,1.9233007,2.1796546
AKERIR,2.1973195,2.5482228
QUGQEP,2.2767768,2.5727665
UMAFEV,1.5730902,2.1438193
XAPNIM,2.8169227,2.5061734
AGOVEY,2.2533748,2.4488804
PITQOY,1.7246577,2.0860064
CORVOX,2.7513433,2.4942324
DAHLIJ,1.8062918,2.9378738
RAZLOU,3.2329848,3.3010187
FUVGIM,2.8542023,2.7481725
XOVPUT,3.8109546,3.0793383
BACCUG,2.7635884,2.652996
XOBLIL,2.2909267,2.6319606
HUFQII,3.17829,2.4172564
BABSUU,1.9137768,2.5770411
ZIDSAG,2.8220928,2.3879843
TAHWAC,3.5304053,2.4316456
HAVFUH,2.755425,2.6382215
RUNKIU,3.5497253,2.8742878
AMOKUI,2.7271252,2.637342
PIMPUZ,2.1965032,2.4042475
JAQPUM,2.1807206,2.5285566
AFUWAA,1.8979942,2.5140579
XODVER,2.527938,2.4798424
KEDHIL,4.255861,2.970918
JINMAX,2.712159,2.8471062
ALOBEK,2.0555482,2.2950926
YIDQUX,2.127386,2.588147
UMAFAR,1.7962236,2.240457
TACLIU,2.3056207,2.4846241
JUTHOX,4.4800825,3.655745
CEFBAT,3.455846,2.7066226
ODECAE,1.7088751,2.6093955
CASYAX,3.2373385,2.890627
QIDLUM,2.9665854,2.2389936
QUZJOM,2.6253545,2.5785184
NOMBIA,2.9687622,2.9437897
OFICOV,2.4835832,3.1491303
OMOCAW,2.3219476,2.6619766
XIRMOD,1.0590671,2.4850776
NAKWAY,2.2152789,2.4661531
UCALOZ,1.2914524,2.8087478
EJEXOH,2.814746,2.7794738
CIXYUF,4.5418525,3.6065621
TEWLUC,2.7543366,2.687658
RATZOB,3.0463147,2.5418313
AKAKAA,1.2933571,2.761073
UJASIH,3.2650943,3.4794154
TIBTUW,2.6041296,2.6546447
BATYAW,4.4074283,3.322654
OHOBUJ,3.8087778,2.778219
VOBKEF,2.4971888,2.6057253
ECALAV,1.7396239,1.9617844
TUXKUT,1.5355386,1.9741327
TEBPUL,4.7282505,3.0420625
FAYLOJ,2.673791,2.6197915
XAHSEE,2.6863081,2.5706782
PIGBAI,4.7124677,3.0383592
HACQAD,1.8321426,2.4474022
HAVGAO,2.7946093,2.7008731
RUSPOL,0.73497957,2.0439377
QOYVEF,2.2863007,2.6494071
GESROO,1.9684716,2.2633576
XAJZEN,3.1894467,2.377121
IBOPEX,3.1143432,2.1843748
WUVVOA,1.7273788,1.8678912
MECGEI,4.059395,2.903365
DEQQUM,0.6615088,2.2389746
ABIQIN,2.5535164,2.9499831
LENKOG,1.9099672,1.7922578
UZENAP,2.0367723,2.3336875
NARJEW,3.2904007,3.2958233
BUXJOU,2.205755,2.3455472
REWHAC,1.5363549,2.89804
TILKAA,3.6357133,2.963574
IHOFAM,1.5162184,1.9035578
IFIBEG,3.3110814,2.7412076
GUPQAJ,2.798691,2.7282126
AYACOU,2.8479438,3.1433563
QAYSOB,4.0705514,3.237899
XUJKOD,2.7733846,2.9112442
TIVSIC,3.2161138,2.74507
MEPKAU,2.8863118,2.3795514
CEGZOE,2.1265697,2.5969908
FIMGEN,2.547258,2.6028342
NARJAS,3.3791099,3.540187
UMAFOF,1.7423451,2.192613
BUZTAR,2.7010021,2.5217328
URAJAA,1.9330969,2.676437
KOFWOU,2.1573186,2.5401094
NIGLEW,2.1396313,1.9744031
BELNEO,2.308614,2.6307604
MODVAE,3.1989706,2.4444427
SIYQOI,4.387292,2.713082
AZINUT,2.1358218,2.6397452
KARPUP,2.5888913,2.720461
COQMOM,3.1597862,2.9619722
EZALOG,1.8356801,1.9519452
UJUBUW,2.2669806,2.5495026
YILXIA,4.700223,3.5377688
AFOWUN,2.2169116,2.4721484
MIYWIA,0.48381844,2.446602
OFIDAI,3.0871317,3.3839679
KACMIM,0.7722591,1.9644458
ABUFUY,2.3404512,2.4769435
SIWJAK,2.674063,2.7214403
KEWSUB,2.910802,2.3093717
ZANGAW,2.2103808,2.3698125
QUZLAA,2.4239902,2.43356
GOPWEN,1.9589477,2.731721
ALOCAH,2.0824873,2.2518644
VUDJIN,3.5050986,2.8829103
LIFGOW,2.9363806,2.5674646
POGJEA,2.1951425,2.3676946
OTETIR,2.430793,2.6890275
SEVYUP,1.5975804,2.0497139
SUHGOR,2.7080772,2.7918506
RUMQAS,1.9880639,2.234205
IRIJID,2.7461731,2.879137
NEDQIX,3.4591115,3.0122244
COCPRE,5.0150585,3.1393242
ZIRXEG,2.1262977,2.2889905
EZATAA,4.4360003,3.6367793
QAZKIL,2.361132,2.5388122
QOLPUC,2.002758,2.7485352
QOZTEE,3.0547502,2.7182288
AMAKEE,3.6202028,2.8741705
JINNAY,2.7989633,2.9326696
ALADOI,1.6922761,2.494315
TUWRAF,3.037063,2.8428314
LUZFOB,1.020427,2.1513224
RUWDOE,1.7665632,2.4206424
WOLBIJ,2.2076597,2.565412
TUXKIH,1.6003016,2.36815
CEFBEX,3.7410214,2.8340645
MAXNII,2.3630369,2.3254843
NIKPOM,2.922775,2.3148406
FASXIH,3.981298,3.1511726
EBIHUS,2.3097024,2.7167184
CEYHEU,2.712159,3.1133523
GUYZUV,1.8764971,2.2207744
SAWMIP,3.331218,3.0567803
WABPUM,1.8909192,2.1846495
ACPIRE,2.9173326,3.23488
WUQSEG,1.8511906,2.350492
LUXMUO,1.952689,2.3048298
NUSNOE,2.6920223,2.6612446
HOHGAP,1.7652026,2.082792
LALVIF,1.5902334,2.2825522
VIYBOV,2.2599056,2.4328701
XELVUF,4.0879664,3.0481963
HACQIM,2.5660338,2.3442752
EKORAX,2.896652,2.919705
NIPQIP,4.413959,3.1492388
SEPNAC,2.43297,2.5295825
OFICUB,2.325213,3.1222513
GUPQOX,2.3497033,2.5786927
LUYXIM,2.696104,2.5315902
TIFQIJ,2.3883433,2.4222713
EZABIS,1.3243781,2.162394
TEGHUK,2.0985422,2.4888687
PUTKAS,1.9589477,2.3989398
KEVZIV,2.9083529,2.8484833
WUDMUD,2.7154243,2.6945217
WEPGIJ,1.5159463,2.0081499
LUWFEP,2.310791,2.7986114
FEHZOJ,2.320315,2.5549715
UZOVOW,2.401677,2.554
WELQUZ,0.56409204,2.4809048
PAPSOR,2.224803,2.4419007
GINTIG,2.6539266,2.8138235
SAWNUZ,2.9782863,3.005745
REJYOV,3.0359743,2.911529
HOBNOE,3.8417034,3.1526675
GADJEB,2.7570577,2.5190132
LALVUR,1.5937709,2.2040186
XERDII,3.5521743,2.8185616
AMOSAW,2.6424978,2.7130094
FIBVAP,2.2362318,2.4347374
AWOWAM,2.8468552,2.3067021
TAHXAD,4.3366785,2.584852
GACSUZ,3.3118978,2.7276201
LECBIF,2.1524208,2.4181607
MENBIQ,2.9486258,2.6234133
GEQCOU,0.2982368,2.05556
RIHYOW,3.3548918,3.1560545
MICSAS,3.7241504,2.2505043
JUWKIX,3.4016955,3.0448546
IPOVOZ,1.7339095,2.2009084
LODNEY,4.244432,3.1179643
NARTUW,2.1633053,2.5817149
CERVED,3.2033243,3.0055728
RIXHIQ,2.5369174,2.768336
PEGBUB,2.2014012,2.3705518
QAQVUZ,2.1665707,2.5625637
BIFNOU,3.2152975,2.618626
QAYJUV,0.74341506,2.1687179
SAYCAZ,1.5249261,2.2653697
BAMYEU,1.7861553,3.0189342
OMEDAM,1.2993437,2.45213
TAFFEN,1.7483315,2.0937936
XEJHIF,3.9334059,3.3652017
ELODUG,1.9823495,1.9870355
ECAKUO,1.8775856,2.0854645
FUVGOS,2.3673906,2.606008
JOLBIX,1.9641179,2.6734245
PIRTOB,4.02919,3.1000743
SUFVOG,2.0106494,2.1507325
MAMGEO,3.7072792,3.1594486
SOSPEW,2.7921603,2.7638721
GAFRAH,1.93092,2.4138274
CEBYAK,3.1913514,2.154704
SUYPUX,3.8525882,3.781818
SIYQIC,4.2896028,2.803539
RADPIW,1.7665632,2.120443
VOZDOF,2.1529648,2.3683934
VOGMEK,3.2308078,2.5930183
YECBEN,3.1777456,3.2697027
GOHMAR,2.2661643,2.8486962
IVAJOG,2.2517421,2.5359545
TEGJAS,1.9584035,2.2828677
BOSXOX,2.915428,2.1347542
SIVKAL,2.7396424,2.7361085
WAFDIT,2.4082077,2.5165257
QUHVUK,3.333939,2.7561216
HACQEI,2.8901212,2.7860103
UDEPEZ,2.382629,3.0233617
SEJFAR,2.1524208,2.3505187
QAVMOQ,1.316759,2.2920837
MIYROC,2.33256,1.7045109
TUZMEH,2.45229,2.4489048
PEHKIZ,2.879509,2.5133405
KUWPAU,2.6857638,3.0050402
YOQBUD,1.921396,2.652384
IPEMAR,4.132321,3.3175168
IPOSIR,4.1472874,3.485122
ELODOA,2.146434,2.3285463
NILJOH,2.5924287,2.7135584
RIFJOG,2.4675286,2.9844003
FOZPAL,4.017217,3.3106525
JILCUC,2.6950157,2.632848
XURJIE,2.7453568,2.903128
KAZDOE,0.60735816,2.084402
BACDAN,3.5698617,2.6017222
AMOKES,1.7752708,2.5754855
QUYWOY,2.3532407,2.571836
NIMZAL,0.96954167,2.6554852
OKAQIB,2.738554,2.4731672
DAHLOP,2.6027691,2.8359933
PANFUG,2.0628953,2.358131
TICQUS,2.5344684,2.4735932
AGABAM,3.1695824,3.2022412
FUDJOD,4.1764035,3.4605381
JOCPEY,1.9643899,2.3446991
OTAPEG,1.6509148,1.6365606
VEBYAE,2.7192338,2.6583617
UFOSUE,2.5004542,2.2173474
JINMUR,2.795698,2.861665
KEJKUG,3.7475522,2.8334546
CERBIK,2.5159647,2.525078
MONHEF,2.585898,2.3690007
KAMYUS,2.155686,2.3700464
YOXKUS,1.2974389,2.2524195
BOKQAT,1.323834,3.1517727
ABUFAE,2.2626266,2.4252937
FAKJUX,4.5421247,3.5777516
BAPNEN,2.0612626,2.628581
ZUZNAL,2.0966372,2.1916656
JUMMIN,3.589726,3.0942845
HIBXIA,3.407682,2.6501646
YASTEU,2.7943373,2.491198
QUZKAZ,2.425895,2.6615317
DUDZEI,3.450676,3.0946403
ZORWAG,1.9845264,2.329241
UZEMUI,1.99786,2.3117008
HAYFET,4.822674,3.1377494
NESJUR,3.4991121,3.0512776
FEGQEO,2.7472615,3.0774264
COLCOV,3.429179,3.1777234
KIDJAJ,2.0530992,2.3886085
AJUZOU,2.3173215,3.135132
CIRPAU,3.2365222,2.8187892
WEQVIY,4.7658024,3.1538007
AROJUM,2.6351507,2.658782
VEBZAF,2.3126957,2.715476
XOLPUJ,3.2474067,2.444721
PALBUC,2.5407271,1.6254232
RUNJUF,3.4656422,2.696163
UHABUB,1.8095572,2.559924
XERFAC,3.7954443,2.9962754
TIJBOD,3.9546309,3.547514
DAJWOD,2.9192376,2.5012722
FAMQOB,1.8381292,2.0222106
QEKHIZ,2.7516153,2.8077633
LIRDAT,2.6248102,2.9320903
PANVAE,1.7390797,2.46111
ZIRXIK,2.1611283,2.4321067
QUZKON,3.1464527,2.3997276
BTOIRE,2.8098478,2.693373
PUDWOC,3.1932561,2.8745384
WARFUR,2.5222235,2.9112628
KIFVIE,2.2664363,2.33055
JEHKIR,4.1524577,3.8645062
QEGLEV,1.8767693,2.0387902
LOPTOZ,3.0860434,2.674166
DEPPUK,4.2896028,3.8226244
QAVMIK,1.4397545,2.2887979
JEHKOX,5.1111145,3.9032488
GEDLUZ,2.0590856,2.41249
FAMQUH,1.8677895,2.2021294
GIFYOK,1.6068324,2.6282532
EMILOC,1.7744545,2.5578701
XOBLOR,2.1788156,2.4176886
NEXDEZ,2.5584145,2.3490536
PAPBEQ,1.8612589,2.155498
MIFYOR,3.3559802,2.6982226
HERGAN,0.44300136,2.4337492
TEZLOZ,3.0272667,2.7167351
TAFFUD,1.7567672,2.152518
NUGJEE,2.4920187,3.0444727
KIJLUL,1.9616688,2.6831837
JOHSUX,1.9584035,2.4643247
XUJWOO,2.6626341,2.3417766
XUKHEQ,2.0966372,2.4443133
AWOVEP,2.5986874,2.3125134
PUXYEN,2.2139184,2.4725976
FARBAC,2.536101,2.824903
DEBVEL,0.96654844,2.2113116
CELSUI,3.7053745,2.6450863
XAJHUM,3.5238745,2.9625614
INITEE,1.1736271,1.8275254
WUQPUT,1.9834379,2.268621
UQIFUW,4.1970844,3.1927938
GIZXAO,4.141845,3.2613
WAGYIM,3.8123152,3.2660966
PIWGOS,4.667297,3.5898166
LISWOZ,4.4561367,3.3541021
JEFSIX,2.679505,2.4453852
DANBEZ,3.7532666,3.2688482
AGECOE,1.4141757,2.198903
QATMIJ,2.2062993,2.7797265
OVEQAI,2.8237255,2.8021894
RAZFAB,2.0495615,2.3906806
ZEWKER,1.472408,2.9188504
AXOLEE,4.832198,3.443353
LULNAH,2.8743386,3.025223
TOWPOK,2.9331152,2.515145
VEMHUR,4.173682,2.9768827
DIYJAY,2.105617,2.5673687
JEFWOG,3.304823,3.2003777
BAZYEG,2.084392,2.4685297
DUPVAM,0.9948483,2.0993533
TEGHOE,2.1148689,2.6658323
IJIKIX,3.2800605,2.830363
BCPERH,2.000037,2.8804429
QUYWUE,2.4457593,2.62138
SOKLUA,2.3137841,2.5921156
VOWFOC,3.8340843,3.1809852
VAGXEJ,2.430793,2.5958931
MIYWOG,0.9858685,2.480237
SUZSUB,0.9360717,2.4686813
TAJMIA,3.1725755,2.7360551
CUQSAJ,4.2000775,3.3218868
HIQXAH,2.3388186,2.4322102
GIKGOW,1.7339095,3.06298
RIYSAV,2.0106494,2.101331
MOWZAA,3.8531322,3.540254
FEPNOE,3.5595214,3.4737434
ANAWAO,4.557363,3.405065
GOVBUQ,2.5695713,2.8400772
JUSYUR,3.047403,2.6362305
ZIDWER,2.5121553,2.7409146
XOGRIV,3.5382965,2.931223
HAVGIW,2.5064409,2.5891216
NINCES,1.6179891,2.4865959
VUFQIX,3.2136648,2.3522522
HEXXOX,2.0133705,2.4709737
JOHTAE,1.9951389,2.3179696
AVULOT,1.6680579,2.631305
MICWUR,4.05749,3.4521284
ZOSMOL,1.993234,2.290379
HAJHOP,2.9529796,2.9031363
GIVZIW,2.7976027,2.671156
ELODIU,2.1393592,2.445398
RIQJUY,4.0517755,3.390389
WUCVIZ,2.801412,2.8983512
DAQVEX,4.7119236,3.026895
NEWLOR,3.1097171,2.7835405
ECECIY,3.1559765,2.7498627
MIWCOK,2.2887497,2.5304468
XEDQAA,2.386983,2.383937
DECHOJ,1.8715992,1.9525039
VIXGIS,3.324143,3.1397667
TAYNUC,3.4849622,2.6930354
ALOBOU,2.0667048,2.3149724
QIFCUE,1.9853427,2.3302267
HOHFUI,1.6299621,2.2138686
TUWQOS,2.4607255,2.69643
PEBNUF,2.9165163,2.8917232
ABOYAT,2.033779,2.3034391
ONOJAE,2.4392288,2.7931125
AYUNOZ,2.8971963,2.3730512
JATTUT,2.442494,2.636982
HOHDUG,1.6881944,2.0956652
WAXGIL,2.3630369,2.580121
CAQZAX,3.5285006,2.9235916
BALVAM,2.1320121,2.3274767
AGECEU,1.6892829,2.2500508
YAWPAO,1.8639799,2.6576595
UROFEN,2.647668,2.6167555
DAFGIC,3.4830575,2.7352962
QIWJIR,2.327934,2.586944
IXIGUS,2.3216755,2.5852504
ZEYWUV,2.8280795,2.4609196
CUBYUV,3.1660447,2.532992
REJXEK,2.1823533,2.8473732
ZIBFOH,1.8898308,2.7471178
ZOKLIU,0.6038207,2.1718354
PAMNOH,2.7633162,2.9741096
KIJMEW,1.8539118,2.6391664
SUHKAI,3.3015575,2.7590103
VUBDIH,2.1943262,2.8310359
GIBTET,3.711361,2.7407424
RAQPOP,2.942367,2.7435098
SUQCEO,0.95838505,2.7192874
FESQAV,3.8577583,3.1551204
TAYNIQ,2.776922,2.7697642
ABEZEO,3.7840154,3.274476
JODYEH,2.8969243,2.437213
XAJZOX,2.6327016,2.4690945
TEWMIR,2.6163747,2.5173306
MATSOR,3.8098662,3.2275388
EGETUG,1.9371786,2.3383536
TIYVUT,4.8790016,3.800973
LALVAX,1.6076487,2.333073
HACPOQ,2.4514737,2.5331182
GEPGIT,2.5709317,2.809734
LALSAU,4.925261,3.8085842
WIVPEW,2.34671,2.8088734
EYUPEV,2.4370518,2.58522
LIPCOC,3.8588467,3.1850734
TIKJEF,2.1918771,2.4632185
LULPEN,3.1992426,2.891927
ACUSIB,2.088746,2.6026208
OLOWAN,2.1695638,2.3521032
HADDIZ,2.7211387,2.56333
DEQROH,2.1910608,2.6092288
PEMRUV,2.9004617,2.9231129
XAWSOG,3.6819727,2.9363546
PORKAJ,1.8109177,1.1071594
IGEXUO,2.2068434,2.728613
NIQZES,3.6699996,2.560781
WIDLOK,3.0797846,2.3541474
DOTXUH,2.208476,2.8034005
OVEQEM,2.8718896,2.5454853
XATFED,3.0626416,2.8968272
OFICAH,0.5537517,2.4804842
VIXZUY,2.0936441,2.3672223
NOBJIZ,2.435147,2.590064
IZADUI,2.8493042,2.5334027
AYADEL,2.9518912,3.0150118
GEZNIK,3.7880971,3.1056588
VEQLAE,1.8340474,2.6342509
VAXTAQ,2.3703837,2.5341132
RIBXIK,2.9605987,2.8484192
JEKRAS,3.45122,3.4754233
DIHBEC,2.0340512,2.6398473
RALGUG,3.3518987,3.0690348
FEQFAI,5.3356085,3.0732288
BUHWOR,2.3472543,2.57707
JUYVII,3.859391,2.8319461
LIBHAF,2.1075218,2.7252998
ICUJIZ,3.6523123,3.09167
DANCOK,4.211234,3.533897
CEGZUK,2.56685,2.8514273
REYSEV,1.7317326,2.2497716
QUSNOH,4.024836,2.8908098
RUNKEQ,3.2626452,2.8582292
SAWMOV,3.3995185,3.085366
AGOTOG,2.3048043,2.7127876
AYEJEV,4.705393,3.7114067
HAVHET,2.5624962,2.835067
ABOXOG,2.2560961,2.439333
VIHMAB,2.019357,2.2760425
NOMXIX,2.3118794,2.313197
SOCMON,0.9330784,2.5878603
NUXQEE,2.9437277,2.9665515
YAYSUM,2.1856186,2.7671654
BESVIF,4.1094637,3.4332204
FAQQIY,3.4384308,3.1879613
NUSPAS,2.2599056,2.5331352
PUVHAP,1.993234,2.1131213
RISLIR,2.0452077,2.2613442
DAFGAU,2.8688965,2.5439343
UZOVUC,2.7616837,2.7852461
GEYBOE,1.7447941,2.2009275
MAQYEL,2.143713,2.1747558
JINMIF,2.6822264,2.8439653
QAVMUW,2.7257645,2.6805952
HUNJAC,3.6811564,2.900789
HOMZUE,3.9807537,3.145223
CAFZUE,2.6033132,2.801737
NAZKUU,3.140466,2.7077134
ONUZII,3.5630589,2.399245
NUSVIG,3.7864645,2.9987624
TOGXAO,3.3551638,2.8700173
WAQTEO,4.4142313,3.4993355
LULNOV,3.527412,2.7306345
ILEFOW,2.4011328,2.5934558
CIXGIA,2.0909228,2.304458
PIRTUH,3.5889096,3.173872
JEGPOA,0.82885885,3.0302105
SEVBOM,3.5829232,3.028669
XAWCIJ,2.791072,2.694959
AXIXAG,3.0724375,2.3860202
VAXSOD,3.3878176,3.0739877
EZEXOW,2.7069888,2.7052717
KEKJOA,4.356815,3.3082526
DOFWOM,2.1012633,2.1686935
JUZNEZ,3.472173,3.1559055
GAWFES,3.6977553,2.9510715
MIGVEF,2.616647,2.0978436
MOZYUX,2.0103772,2.4091246
VOBMEH,2.6449468,2.7646692
CALLOT,2.4128337,2.4883428
KAHZEB,2.7137916,2.5006607
VIYBAH,2.1167738,2.421053
TOFWIW,1.8030264,2.2124734
RESMAE,4.37287,3.3234854
LAQZAH,2.2095644,2.453995
KARPOJ,2.755425,2.7904327
NOLCID,2.795698,2.692287
NEBKEK,3.4305394,2.6003878
EFISUI,2.4814062,3.0067852
TAWVET,1.8177207,2.3450906
HAYHOG,2.9616873,2.8014603
XAKSUY,2.170108,2.5773926
JIXVIV,1.9828937,1.9393055
WOMYEF,3.347817,3.0766816
LEKNIA,1.9143211,2.5018468
PECBUV,3.1513507,3.136699
QOYDEP,2.368479,2.6316361
LUWBUA,2.0101051,2.7423725
GIFSEU,2.7717519,2.733845
KEJLIV,2.0718749,2.9332867
QELSOS,3.0131168,2.5155272
SOXCUG,2.475692,2.5253842
VIYBEL,2.0373166,2.213697
FIMGOX,2.8000517,2.7619307
HAKDEC,5.087713,3.9766128
IFEZEZ,1.2873707,2.2647908
GAFREL,0.85851926,2.2787175
PEWXIA,2.0465684,2.2848861
QANJAQ,3.4479547,2.9301016
OZIXAY,2.1643937,2.525812
QUZKUT,2.2713344,2.3176825
DAPJUC,2.1562302,2.2660964
LEKNUM,2.2552798,2.5598385
MONFEB,2.16521,2.5288506
HIQXUB,2.1709244,2.4980407
BOFHUA,2.5121553,2.767536
QODVUA,2.1684754,2.4722383
IBOPAT,3.0438657,2.3308103
ABOYOH,4.1146336,2.857377
EGAVOZ,2.1657543,2.5433671
UHEHUL,2.227524,2.5912442
DAXHOZ,3.4719007,3.0922399
VIYFUH,3.0144773,2.8302217
TUXRUA,2.9067202,2.898274
WAGYEI,2.698553,2.9349816
YARBOL,2.1548698,2.6032696
ASAMOW,1.4903677,1.9653249
ETEDIS,2.143713,2.4210439
AVIQOM,2.2158232,2.5957236
LECNUE,2.6035855,2.473867
DOTXER,2.4000442,2.6595993
GUFDUG,2.7758336,2.5160744
GEGMEM,3.4381588,2.977241
QAVHEB,3.9127252,2.9744084
LOPWAO,2.3292947,2.6909413
AXIXIO,3.1431873,2.2603586
PAHNAO,0.7366122,2.724833
AFUZIL,2.1720128,2.6826277
UGEJAR,2.6016808,2.4883516
SASYUI,2.4528344,2.5695117
BESRUO,1.4517275,2.3072672
FIZLUV,3.2185628,3.0906389
KUDDIW,3.4876833,3.0070791
GUTFAD,4.177492,3.8952372
SURNEZ,3.7451031,3.6723385
KETKUR,2.6544707,2.7241836
DIYJEC,2.089018,2.42209
QALPUO,2.8920262,2.7617264
NAGNOZ,0.755116,2.9254723
PEXNOW,0.56844586,1.7552023
YAXBUU,4.5364103,3.9855986
TUPYAE,2.917877,2.9755073
QIWCAA,2.961143,2.6238952
FAVDAH,4.113273,3.277346
UFORAJ,2.5437205,2.6099222
VAJGIY,2.2422183,2.5664773
URAJEE,1.9301037,2.6982594
DAMJAE,2.3935134,2.7396069
QELSEI,3.2125762,2.742245
HIVPEJ,3.0822337,2.8579938
FIPWAD,3.5848281,2.5547204
XOXDET,2.592701,3.2091258
GOHDAI,2.6275315,2.9090352
UHEKIB,4.1110964,3.5804572
CUCRUN,4.894512,2.8437717
RIVSAR,2.7301183,2.898928
TEMKEB,2.4833112,2.5805306
NOBKEW,2.9576056,2.3066647
VEZFIR,2.3426282,2.0738783
RATTOW,3.9902778,3.1285138
VEBYIM,2.9031827,2.7615488
AQIDIP,2.0751402,2.2460186
QAQWEK,3.5633311,2.6069903
NOLMUX,2.172285,2.8801806
PIHYIP,1.2626083,2.2684078
HAWCUD,4.4991307,3.7595239
NAHDAB,3.4188385,2.9370675
VEBNIB,4.172594,3.318626
CAQZEB,3.5791137,2.8232157
ZEWFAI,2.463719,2.482313
CIMJEQ,1.9047971,2.2359955
RAVWOB,2.2522864,2.4177487
MOZXUW,2.0250714,2.539791
HARPIZ,3.176113,3.053179
ACEFET,3.730409,2.3693395
RAQNUT,1.8993548,2.4338832
IWEHOH,4.5892005,3.4950743
EGOMEV,3.0691721,2.7433202
QILZAM,1.3279157,2.0753746
QIBRIE,3.9418414,2.6467338
DUGMIC,3.9032013,3.3925629
GIDTAO,1.450639,3.2434916
OTETUD,2.5178695,2.669726
AMEMUA,1.7369028,2.5384128
VOYQAD,1.8933682,1.8972281
EBUVEF,2.8476715,2.4282613
EHUYIP,2.5769184,2.6797588
XOBVAO,2.1061614,2.4718618
IBUMUP,1.3442425,1.89121
QELRIL,2.097998,1.9662234
TUQLAS,5.353568,3.1987453
LEYXEV,1.949968,1.7989291
NOYNIA,3.6928573,2.8395774
AROGAQ,2.1088824,2.55121
YOJVID,2.0275204,2.3666744
LOCWUW,2.2283404,2.2038703
LUWFOZ,1.8740481,2.4647384
OKOTAJ,2.2675247,2.713664
DIVZOY,2.530931,2.478905
MUXWIL,2.7815478,2.5595329
NARVEI,2.7377377,2.9341311
XORKEU,2.4691613,2.8368638
HAVHOD,2.497733,2.7185323
QOZTII,4.1211643,3.0573328
ABEYUD,4.1739545,3.177301
SETZUO,3.5453715,3.043747
SOZJEW,1.6672417,2.1963828
RAHREA,2.2122858,2.709175
FATZOS,4.7391353,3.1376684
XEDDOZ,0.9545754,2.729609
LUWBEM,4.1208925,2.9750574
DIHBOM,2.060174,2.7183516
CACWOS,2.9810073,3.0837488
OTEVAL,2.4819505,2.508432
EXACAH,2.1973195,2.2891698
YUYSOC,3.1317585,3.1127064
BATCUW,1.9184027,2.4136262
QELSUY,2.272695,2.321313
DIDCUO,1.7042491,2.2276182
GUFTOQ,3.57993,2.6142
DIPZAD,3.2770672,2.860015
CIRFOB,1.8579935,2.0837593
WENWOD,2.588347,3.0008285
EDOKOZ,3.1872697,3.291287
GINKAP,2.9020944,2.5919147
XAPMUX,2.1477947,2.5941966
LUVMIA,2.435691,2.696449
JOWFOT,2.3056207,2.4097452
NOLNAE,2.2879333,2.9338791
BABSOO,1.5981247,2.5023766
OCIQUO,1.589145,1.8601598
ROMKUZ,2.6291642,2.9731207
PAKYOS,2.7829084,2.4942098
SELKIE,2.9984226,2.572856
CUZFAG,0.39674202,2.0011175
TEHZIQ,1.9905128,2.499518
WAMWUE,3.039512,2.3124206
OTETEN,2.4052145,2.6472802
PSICRE,4.2569494,3.2444196
QIFCOY,2.9646804,2.2680824
GOBMEP,3.3350275,3.22544
LOPYEX,2.4588208,2.7611449
AGOTUM,2.303444,2.514662
DITPUS,3.1007376,2.346013
GUPWOF,2.6857638,2.7973871
ECOBUV,2.7951536,2.9759562
ZIDXAL,3.4471383,2.5405781
JEGPAM,0.6674953,2.5649028
LUGBIY,2.934748,3.1390338
AMOXEF,2.3080697,3.0192719
JAWBEO,2.0313299,2.7670166
YIPRUN,2.9401903,2.5742111
NOMCAT,2.411745,2.6630378
EYAZEK,2.593245,2.81955
LUGBOE,3.047131,3.1393986
WUCVUL,2.7469895,2.5881343
GAWLEX,1.3586645,2.1386912
BEHYIW,2.6174634,2.2803195
KEKJUG,4.356271,3.3676026
KEBGOO,2.6950157,2.6581502
BIJKIQ,0.73878914,2.3720732
NOBKIA,2.9110742,2.649802
MOFPEC,2.640865,2.9227126
HOMZOY,4.0661974,3.0884428
XAMFID,3.8735409,3.7714467
REFCIQ,2.8046775,2.6930435
AMOZOR,3.1083567,2.7567382
KITCUL,4.7568226,3.197874
GUHRUW,2.1913328,2.4025764
COFWUR,1.8781298,2.331082
HIBYEX,2.8068545,2.9163706
RISLEN,2.0348675,2.3603609
UGOVIW,2.6639948,2.4683316
QIBSIF,2.8460388,2.5274768
BUCQEW,2.6773283,2.4470618
COMNOI,2.0365002,2.5468466
QAYJOP,0.6419166,2.2844753
ACUROG,2.69556,2.5007863
TAJMEY,2.714608,2.1183562
RULCIK,3.8150363,3.197127
UBAXIE,3.1469967,2.8249586
UYELAM,2.8887608,3.190675
XEJHUR,3.8776226,3.374555
OMIFIA,2.6346064,2.3952963
WIVPAS,2.146434,2.5082462
VAVBAW,2.2541912,2.3977866
FITXIR,2.373377,3.3494217
ODIWUU,2.5755577,2.8514886
KATTAA,3.2038686,2.8700778
TUXROU,2.5820885,2.9725285
PACGOP,4.038714,3.1606948
WUQPIH,1.5692806,2.405437
WUCVOF,2.7940652,2.7962756
NEXCUO,2.6182797,2.3183784
YISQOG,0.6832779,2.6916785
KOVTEU,2.3668463,2.7819433
RIFJEW,2.9554286,3.2829778
COXRAI,3.2762508,2.8671057
ONIBAQ,2.2258914,2.4117217
OZIWEB,2.614198,2.4601128
REYVOH,2.1695638,2.5590289
KIHTEB,2.0664327,2.393974
LIWCOL,2.757874,2.5349464
XERNUF,2.530387,3.063898
IPAQUL,2.1994963,2.8933318
RUPYUW,1.2941735,2.2440066
HENYEE,3.0267224,2.9628432
HIYPOV,2.1262977,2.555066
NIPQEL,4.6955967,3.2726634
SINPIO,4.4754567,3.454561
EYICUK,1.8373128,2.459585
BAPXEW,3.0618253,3.0612187
TALWAF,3.2136648,2.2122345
YIKCIF,2.3774588,2.8951268
YEQYUR,3.9233377,3.1310034
MIJTUU,2.406575,3.3766792
PIBDOT,2.1924214,2.5039897
ACOJEK,3.4003348,3.1804054
JUSNAM,2.4386845,2.6960807
PEVGAB,3.0487638,2.6707182
ZIRXOQ,1.9450699,2.6065626
TIRGEG,2.2936478,1.9861789
FOSVAL,3.5889096,3.4430213
KAPPOG,2.019629,2.4868605
HIMGAO,2.741547,1.8069692
RIFJAS,4.5372267,3.4037077
VIYBIP,2.2155511,2.4702384
WAPJUU,3.7861922,3.5745587
COMBAI,2.772024,2.5734048
OPUHAJ,3.876262,3.2217023
HOPPUY,3.3255036,3.2098641
SAWNAI,3.2944825,3.1189356
ZAJSIM,3.2582915,2.981328
QIYWIF,3.0705328,3.001107
BIQQEX,3.004409,2.7305393
XUKGUF,1.9064298,2.5072627
DAFFOH,2.8931146,2.4465857
PIDTOL,4.220758,3.4013295
BOTBIW,2.7350163,2.3315928
XUHWAY,2.7382817,2.615875
LUYYAF,2.5608635,2.6799529
QELREH,1.7077866,2.2364392
VOFCAV,2.6035855,2.7891133
GIFKUB,5.0191402,4.077055
QEJYIN,0.60572547,2.4601257
RAFWOM,2.7429078,2.8625114
FOQCEU,2.2593615,2.379885
BABSII,1.7219365,2.6944575
YUHLUI,2.8898492,2.941565
MIYRIW,2.4411335,1.8932352
OPUHEN,0.51266253,2.113091
LAYDEW,2.348887,2.761395
HAKDAY,5.0888014,3.947799
FILZUV,4.098851,3.724141
YIJZUN,1.6209823,2.5843036
MALFAH,4.2436156,3.4022603
RUNKAM,3.4041445,2.5932622
GIZWUH,4.039258,2.940732
QEWVAP,2.901278,2.8054473
RIJFOI,1.0930814,3.2521765
HUTWID,3.0653627,2.6702127
FOKYOV,2.5676663,2.259444
VEVCIL,3.9968085,3.0912437
OHITOP,2.1069777,1.7982036
ONEZUE,2.2305174,2.4163895
XISBAC,1.9793563,2.4140027
JUZNID,3.3543475,3.3469298
NEDQOE,2.8473995,3.1743135
REJYUB,2.9045434,2.8026576
EGOKEQ,3.0582876,2.9417903
PEHJEU,3.9853797,3.3292944
JEXBAS,1.8435714,2.2485178
CASXIE,2.8928425,2.8267608
CECDIA,2.5799115,2.722305
QILWIR,3.7717702,3.0235598
QUGJAD,2.246572,2.4424026
EKOFAM,3.6055086,3.3334801
GEJWUQ,2.8522975,2.848115
LIXNAH,1.9004432,2.761606
BIXQII,2.5614078,2.8062086
RUKMUF,2.779643,2.7737706
ZAJTEJ,2.999239,3.0040898
LUSKEQ,2.3407235,2.4390821
WULNIA,2.8212764,2.414316
MEKVED,1.0024675,1.8349433
GIZXIW,3.9826584,3.6787593
ETUQOB,2.0155473,2.5750742
DITQED,3.123867,2.6003625
UMADUJ,1.711052,2.29251
FEHYUO,2.1284747,1.8841271
BOBYAS,3.161691,3.0361786
XAKSOT,2.4533787,2.7164798
TAHWIK,3.3834639,2.4263093
SUPPAU,2.7616837,3.087577
SIRNIT,4.480627,3.1799679
KITTUF,3.6961226,3.0983484
ELOLOG,3.6267335,3.131808
HIVXOZ,2.3956904,2.950413
COXMIN,2.6389601,2.8524194
FOCFEK,2.2329664,2.1515229
KARKUK,2.5434482,2.7544527
RIKJUQ,1.1159389,2.4652805
EVUROC,3.6427882,3.2721007
HACQAE,2.915428,2.872448
BETDEK,4.5720572,3.8838222
ALEZOG,2.3186822,2.5624228
QOTTAW,2.5105226,2.16734
YILWAS,2.2955525,2.2932491
HAVGUI,2.4555554,2.8194735
AXEREA,3.4999285,2.8472278
IPOVEP,1.7545902,2.3497262
IGEXAU,2.2052107,2.474509
IWENAZ,4.8950562,3.8262987
ACEBOB,1.694453,1.743655
GIJXEC,4.1233416,2.6708639
RAFWEC,1.8620752,2.5557528
FUDJIX,3.818846,3.3068454
BEKFIJ,2.6199124,2.2346497
ALOBUA,2.9162443,2.9662888
MAYHAV,2.2833073,2.2614987
HEDZEW,4.3415766,3.4130301
CEQXOL,3.4452336,3.4665012
LADJAB,3.7793894,2.807341
HOXTUJ,2.841685,2.93927
FEHZAV,1.7464268,2.206746
MUXYUZ,4.022387,2.974118
TOZTOT,2.143713,2.2868478
BEJLUY,3.634897,3.7461236
HAZFOG,1.7886044,2.9797344
TEGJOG,2.332288,2.527183
EBANEC,1.7317326,1.5592092
VICTUW,2.6751513,3.149631
GUTMIS,3.5714943,2.8570447
NIPQOV,3.0933905,3.0584111
IZOREV,2.108338,2.564144
LOLMOO,2.593245,2.9037707
IPIRUW,1.971737,2.3563874
INITOO,0.51864904,2.0340266
LANPIZ,3.8694592,3.2014413
KOGKAT,2.3695676,2.5494595
AYAKOC,3.240604,3.069676
IPIROQ,1.9007154,2.2708225
LIDQAQ,1.8386734,2.2414708
NESDAQ,4.2188535,3.4016492
QEWVET,3.6610198,2.663254
REHXIL,2.8253582,2.7780604
OTEVOZ,2.5184138,2.7385092
FIZMAC,3.0844107,2.9718015
WAVPIT,2.1902444,2.8279924
XIDWOX,3.8506832,3.3663642
ZUQKIF,1.4642447,2.86048
KOHSUW,3.773403,3.1632016
CORPEE,1.9613967,2.5357287
QUZJUS,2.633518,2.4887662
VIJYUI,2.5124273,2.4095097
UMICOJ,0.8206954,2.4950366
CAPXEW,2.385078,2.388608
TUQQEC,4.416136,3.135911
NILFEU,2.1118758,2.1710243
SAHFIQ,3.0272667,2.94025
LIRCUM,2.1371822,2.434778
ABENRE,1.1099524,2.4407554
FATZIM,4.7380466,3.2220373
IPELUK,4.189465,3.3227885
NIBCIM,2.4843996,3.0699387
FILLUJ,2.6038575,2.9214175
JAPPIA,2.2196329,2.565867
WAFXUZ,4.0996675,2.840895
XOCHON,0.494703,2.338633
WERLEK,3.0005996,2.8287675
COFWOL,2.2637153,2.4058685
UYOWEL,2.1551418,2.3438995
SUGMEO,2.2933757,2.5131254
CABCUG,2.9641364,2.7979655
UBAXOK,2.3045323,2.8222482
LAKKAL,4.2090573,3.2635448
SAWNEM,2.7682142,2.9282477
YIHBAS,3.1295815,2.964643
RESMEI,4.9260774,3.8075526
UCAMAM,3.082506,2.819289
GOXKEL,2.2585452,2.583372
JAGDUR,2.0343232,2.2644877
BEHJOQ,3.6985717,2.824271
MUXWAD,2.9910755,2.6294422
YEDXAI,1.9388113,2.0431886
HUDYAG,2.146162,2.6193547
WAVVOF,3.199787,2.754371
MEWWUJ,2.8482158,2.398237
YIKCAX,2.1282024,2.8709455
MIHKAR,3.6710882,2.5821414
CASYEB,2.896108,3.0271597
WENWIX,2.8811417,3.1170597
FECVAN,2.0503778,2.2518106
GIMQIC,2.6405928,2.5037704
VIVXAZ,2.9453604,2.9257486
MEWWIX,2.7644048,2.4738686
PEQTUA,2.3018112,3.0251248
SOHVUH,3.7859201,3.4251754
VESMUB,3.4329884,2.9688168
XEHBUH,4.4468846,3.2213929
IFALUW,2.698553,2.6200802
FICDIH,3.5867329,3.0941033
GISHUM,2.4822226,2.8184352
KICMEP,0.6337532,2.9771326
WAFVOO,2.2781372,2.5048347
FUQGUV,2.1203113,2.4536264
NIFZIL,2.7369213,2.7850804
VUJMOE,2.3747377,2.0693018
RAHLOC,0.7341632,1.7958014
NEWLIL,3.3970695,3.040461
SIYQEY,4.509471,2.8046713
QAYROX,1.7880602,1.6339736
HENQEZ,2.0016696,2.3360782
SOZTAC,3.3987021,3.0941293
LOFPAY,3.69966,3.1513186
DOGTUR,3.7704096,2.6030908
IWEJAV,2.435419,3.1922398
PUMKUD,3.199787,3.1801693
DUVFAD,1.8811232,2.2373993
RATYIU,3.1355681,2.8044853
CALLEJ,1.7649305,2.4308476
DOFXIH,1.9643899,2.0614867
DEXTIM,2.712159,2.2398028
LIBGUY,2.9948852,3.040428
UROFAJ,2.181537,2.6277392
LOWNOA,0.9145747,2.5158613
WODYAQ,1.5396203,2.0658417
OKOTEN,2.5211349,2.3896594
UZUGUT,2.4721544,2.8127222
LUVLIZ,2.853114,2.491809
ABEZIS,3.8324516,2.9171515
FESQID,2.7439961,3.3427787
DOTWUG,2.3584108,2.5703044
ZAWKUG,0.5956572,2.3265383
SUPVAB,4.179125,3.6660376
LODLUM,4.949479,3.436654
SONHAF,4.4030743,3.3230329
UZOVIQ,3.5124457,2.93947
NUQSOJ,2.0231667,2.8680344
NUZHEV,4.452055,3.2013943
IMEVAY,2.9570613,2.7995427
RITVIA,2.6751513,2.5785167
WAQTAK,4.3818493,3.3296838
LINYOW,3.756532,3.1463587
UBAXUQ,2.736649,2.6259506
IBOPIB,2.942095,2.2102892
HUPQIT,4.1051097,2.7730823
CUBZAC,3.334211,2.8481011
WAPJOO,3.9445624,3.3583052
BOFJAI,2.3959625,2.8776972
ZEWZEJ,1.9246614,1.6511717
DADMOL,1.672956,2.1488338
QAVMEG,1.5641105,2.4276645
GOFYOQ,4.0229316,2.6436698
BACWOT,4.885804,3.7195592
QASWOY,2.9274008,2.8371034
PIQZEU,2.3959625,2.6527946
ILIBAG,2.0860248,2.0209172
XEYRAU,0.18993548,2.332047
HIGPIZ,3.661292,3.0528972
SIMKAD,2.853386,2.2933824
FIJSIB,2.2313337,2.4153924
LETRIM,3.5467322,2.9277956
ONEZOY,2.2408576,2.4086916
ZOWXIV,2.588347,2.6989856
RIYROI,2.7404587,2.498262
QORFOT,2.679505,3.037092
AWOVAL,1.899899,2.270348
JUFWIQ,2.2171838,2.3738067
CORBER,3.773131,2.8125105
UXOBAM,2.164938,2.8969483
HEDYUL,3.8776226,3.3651366
EYOYIC,1.8960894,2.7609086
QASVUD,2.693655,2.6962948
JODCEM,2.4465756,2.9653513
CUKMEA,3.2735298,3.0684853
RIHHAT,1.3586645,2.4558747
LIXHIL,1.7178549,2.3976521
NARJIA,3.474894,3.2439232
MIWYAT,3.6787074,3.3425407
LULPAJ,4.2909636,3.1034245
ZACJIW,3.0223687,2.4865294
LABBIZ,3.2207396,3.0448227
LOPYAT,2.447392,2.7422717
ALIZUR,2.004935,2.3836918
FUYZEF,0.4040891,2.1274228
QUSNIB,3.2395155,2.8559697
LISXAM,3.637618,3.0861974
KURNIW,2.4166431,3.2243016
MEHBIN,3.04958,2.8232467
KIMDUI,3.620747,3.1592457
OMITAG,2.4988215,1.8662226
PADYOJ,3.0539339,2.6509726
JUKFEC,2.3782752,2.6299343
GEJSIX,3.4822412,2.9527671
HEDZAS,4.2768135,3.3364887
WOBNIN,1.8819395,2.3165677
TULJAN,2.306437,2.2611594
REHXEH,2.7880785,2.7923295
XUDFAD,1.3505011,3.435502
TASVIT,3.6746256,3.0791452
SASZIX,2.6239939,2.8529384
CAXSOK,2.724404,2.7021182
CIYJUS,1.7992169,2.4110713
QORXIF,2.108066,2.4412665
OHIBOX,2.2256193,2.0987144
FESCUC,4.404163,3.3818889
UWONUQ,3.4615605,2.9035838
UMADET,1.6158121,2.4244854
FAMROD,3.4305394,2.2756913
LIMDAN,3.9015687,3.3392875
PIWHOT,4.239534,3.257495
TAVFOO,1.8182648,2.041972
NEGTOI,3.0571992,2.7180223
XOGRUH,3.4095867,2.6830392
BZPHRH,2.9453604,2.9400802
KITWAO,3.9108205,3.1496704
SAQMIH,1.8936404,2.1433828
SICFIU,4.1086473,3.3248577
TULHOZ,1.3265551,2.3286908
KELZEG,4.830293,2.7425609
ETUQIV,2.1341891,2.4937391
IFEZEA,2.540455,2.4371877
NIGDAK,1.9774514,2.3773317
XOJWAU,3.0816896,2.6765087
WIVNOE,2.0579972,2.7578619
WEKREJ,2.2400413,2.1527243
GUPROY,2.8144736,2.4485378
VEQTUI,3.0933905,2.8714979
LAXCOD,2.382357,2.8311048
FEJSAP,2.308886,2.3440795
XUKHOA,1.918947,2.2631454
KEWTOW,2.776922,2.1991405
OJUNUD,3.290945,3.1203089
QICSOL,1.8087409,2.1850066
HEXNOP,2.5151484,2.535644
QUSNEX,3.2795162,3.0252883
KURNOC,2.5826328,3.178641
POZZAF,3.3619668,2.4821153
IMEVIG,2.2463,2.583368
MOPSEP,2.8373313,2.8055887
HIVPAF,3.5442832,2.8337567
DACHAS,2.0688818,2.217516
MIMMOM,2.0403097,2.2793503
VUTXUF,1.7486037,2.3827665
TEGJIA,2.5586867,2.136436
XEJHOL,3.8136759,3.267851
BUVSOA,3.0555665,3.020326
ACUSAT,1.8966336,2.4596968
TIYVIH,4.864035,3.7749562
RIQKUZ,4.5600843,3.541011
PORJUC,1.8813952,1.2873257
UZUGON,2.1853464,2.7131732
CAWXUU,1.9257498,1.930394
LUWFIT,1.9252056,2.4384851
FENHOV,2.8346102,2.7707682
MIFYUX,3.391083,2.764056
UJOFIK,2.557054,2.9093547
RUKNAM,2.843862,2.7390745
BEGQIO,2.435419,2.915434
KEVLIG,3.3704023,2.6329157
EQUKAD,4.652331,3.6552968
ZELTAO,2.4318817,2.2522397
BUCGAH,3.252577,2.809346
ZURYUG,1.9986763,2.3216815
UZEMOC,2.0177243,2.2999017
BOXPEJ,3.3222382,2.5357826
EFAMED,2.8925703,2.789271
LIRQOS,2.8332496,2.352491
BOVBIA,1.6307784,2.2855778
GUPRUE,2.6541986,2.372807
NARJOG,3.5524464,3.3929186
DOWQUB,2.7184174,2.6237223
QAQJAU,3.826193,3.2107985
QUBJUS,2.1763666,2.5756354
PIWYEB,1.8087409,2.3973897
BUXJIO,2.2765045,2.522444
EGETIU,1.9548659,2.4420455
HACPUX,2.7761056,2.833397
QIHWAI,1.9507843,2.062369
VAVCUR,2.0634394,2.41424
UVURUA,3.2327127,2.557978
UFAHOY,3.8713639,2.6350393
HEFDEB,1.7366307,2.6924994
LERWUA,2.8969243,3.053722
OKOTIR,2.4607255,2.6730855
TOHPEN,2.9265845,2.796645
UHEKEX,4.266201,3.814173
IJEGEL,2.127114,2.3844113
FUQHAC,1.8754088,2.0685458
BIJKEM,1.6596224,2.3332868
EJUXOX,2.0667048,2.068452
NUSVOM,3.6836054,2.7505808
CATLUH,3.0871317,3.5709865
ECOGAG,2.2267077,2.4854715
MANTAY,0.48572326,1.8109936
WIVNUK,2.3382745,2.622705
AYUMIQ,2.8316169,3.4242063
ABUFIM,2.0179963,2.8986983
SAQGOI,4.086062,3.4049926
MERBAM,2.9078088,2.8602736
FEJSET,2.9478095,2.59709
QAVNUW,3.020464,2.9773564
QUHWEV,2.7322953,2.72135
GANFEI,2.1129642,2.5892656
FAXPUQ,2.9540682,2.4800432
FOFRIC,4.2332754,2.8694785
RUWFIA,2.2419462,2.5713475
ZAHYUC,2.9532518,3.1281157
TEMJOK,2.3233082,2.5133119
PIMPOT,2.1671147,2.47236
NOHVUB,2.587803,2.4075549
ZIHDUP,2.408752,2.7588973
PEBNIT,2.227524,2.8352492
BOGWUP,2.6416814,2.319966
PUTBOW,3.4928536,3.6708603
NAKWEC,2.0226223,2.3401282
FEJSIX,3.1265883,2.6361969
XEHCES,3.5480926,3.1259515
AMOQIC,2.5371897,2.8256004
SEBNAR,4.604439,3.139127
GUTJEL,2.0563645,2.5002067
OHISOO,4.7905645,3.979928
SORVAY,2.516509,2.5982263
NACZAS,4.5878396,3.4476914
PAYHEE,3.51816,2.8604002
VUKLUI,2.8539302,2.4433885
DAFGEY,2.6030412,2.3356142
RISLAJ,1.9447978,2.0667107
EJUDUI,3.2637336,2.915749
MAKZAA,2.9630477,2.1926184
SUZKIH,2.5559654,2.163649
KETKOL,2.6079392,2.645613
GIKXOQ,1.7276509,2.6776836
QEBPES,2.1662984,2.4025857
BOQFOD,2.2857563,2.1297896
TOWWEH,3.634897,3.201083
MIKSOO,1.1866885,2.6070924
HEPFIU,3.3200612,3.012476
VOKSOE,1.6294178,2.0383344
GEJYEC,2.8337939,2.7297046
AGEWUE,3.2944825,3.0951433
REKFUJ,2.1121478,2.7666593
UZEMIW,1.9790841,2.2913437
ELURIM,1.8922797,2.1840734
REKVAF,2.9709392,2.3723462
YASLOU,3.4827852,2.7050042
UFAZUY,4.7813125,3.2439764
WUQPON,1.8533676,2.6123097
LUTFEL,3.759525,2.4687092
VATZUM,2.2408576,2.500696
YOKTIB,0.4416408,2.7629135
WIMJUY,2.1747339,2.4654255
OMELAT,3.902929,3.1996765
FAWNAT,2.0294251,2.5236542
SEBVON,4.5418525,3.1585436
JEYZIW,2.1235766,2.4990504
EXIXEO,2.7287579,2.5594544
GILJUJ,0.8933498,2.9163246
BAPXIA,0.9809705,2.485147
RUWNEE,2.207932,2.7332256
ACUTIE,2.9274008,2.3224201
RODPAB,2.7499826,2.6204844
KOGFIX,2.2952805,2.3796904
PIKDUJ,2.1959589,2.3386447
GUQXEW,2.819916,2.4595914
IRAXIJ,3.0297158,2.7998354
NAQRII,4.5570908,3.4568763
RAZLUA,3.2414203,2.8610382
ZABJUK,2.8675358,2.3569965
YOKTAW,1.9856149,2.6513762
BINREW,2.4601815,2.1372647
IQEDOX,2.2580009,2.8068717
EDABIV,2.903727,3.0682597
PELSEE,2.975293,2.494914
ALANRE,3.2623732,3.3836567
CELSOC,3.4155731,2.7852478
NEZJAD,0.89008445,2.764098
TIZJER,2.0199013,2.7080846
DABFOB,2.5646732,2.4613564
FIYRIP,2.6678042,2.6877208
RUWFEW,2.2014012,2.6642604
KABZOE,2.4103847,3.4624047
DEGTUF,1.7643863,2.1524634
AYUNIT,2.0737798,2.0656977
SOSQOG,2.504536,2.5370288
SAPWUB,3.2713528,2.8962495
TUYBUL,2.915156,2.9401426
LADJEF,2.6544707,2.6537538
OZIWIF,2.788895,2.740636
WIBMAV,4.2811675,3.3276567
BACXIO,4.8444433,3.811088
TOHGUU,2.7344723,2.8081408
CEDDAT,3.752178,2.887585
YARDOK,2.7731123,2.9056334
LIZPIV,3.2433252,2.7110002
QUZKED,2.1828973,2.3033416
HUQXUO,2.6280756,2.4355865
XAGYIN,2.463991,2.4478521
BIWJOH,4.19654,2.5453858
ALOBIO,2.0438473,2.3664787
EXABEK,1.9045249,2.5090268
SABXAV,3.5010169,3.3662484
QIFCAK,1.357304,2.3835335
XULLUL,2.614742,2.5673783
GUPQEN,2.636239,2.6324933
BAGPEF,1.835408,2.4767509
GOXKIP,1.8952731,2.5144157
YUBGOR,2.4792295,2.8118806
JUKSOZ,2.9543402,2.5017722
PIGJEV,0.8440972,2.401056
PORJOW,2.456644,2.2927663
PINFUN,3.2177465,2.6080854
LALWEC,1.6247919,2.4095235
HAGYIA,2.4887533,2.7190864
QAFNIX,1.8522791,2.0236611
KUWPEY,3.4999285,3.0317132
KUWNUM,3.4640095,2.984603
HEBQIR,2.8977406,2.9002168
TUDLAF,4.7018557,3.1177323
SINLOQ,2.6596408,2.1082654
XEYRIC,1.2879149,2.1333246
FOSSIQ,2.3151448,2.6105952
MEFBOR,4.225384,3.418432
PSICRF,2.8729782,3.3338232
FIYZOD,1.818809,2.465921
GOXNAK,2.6433141,2.8525627
YUWTEP,1.6003016,2.4341452
FEJTEU,2.9456325,2.7708478
EBIJAA,2.9233193,2.8902357
ELUQIL,2.989715,2.922267
WILFOP,2.4648073,2.744482
XAHYUB,4.5576353,3.3595138
RIRPUE,2.4079356,2.1327767
ROLSUH,2.5731087,2.7927868
LINYAJ,3.3894503,2.512154
XERDON,2.3246686,2.7064917
TAQFUM,2.1132362,2.4638417
SURFEQ,1.7956793,2.0771644
JEPRIG,2.1450737,2.8789818
IKELAN,2.7001858,2.970676
RETPIR,2.3170495,2.3139203
BEJCEY,2.571476,2.069908
CAHZUG,3.7037418,3.0930674
PIWHAF,4.6515145,3.5930276
QOYDOZ,3.6498632,3.260657
VEQLEI,2.0547318,2.5924466
EDOWUQ,2.112692,2.662604
JIXVUH,1.8384012,1.928341
FUQHOQ,2.1902444,2.6520493
VESPOY,2.129563,2.2492855
AGUMAQ,2.8811417,2.942782
ROBSEH,2.191605,2.5453045
LALSEY,4.9249887,3.8075056
VOCJEF,2.6038575,2.302111
EMAVOE,4.047966,3.4107318
WOBDAS,2.2971852,2.685123
PIWYIF,2.3105187,2.709686
LIXMUA,2.8131132,3.22137
IVAJOE,2.8384197,2.9324663
TAYDUT,2.6427698,2.766233
ZASKIN,1.0087261,2.7163959
NANTUR,3.4928536,3.2365067
UBIFIX,1.8111899,2.2890022
UJALEW,3.9176233,3.2009456
DALHAB,4.7092023,3.6657376
COXMOT,2.5344684,2.7863157
VURGAR,2.088746,2.322946
GUSXUN,3.0120285,2.6818013
FILVAX,2.0316021,2.729471
RILVEN,2.6658995,2.636744
EBAYAJ,0.5610988,2.5852365
KAJBIJ,2.903999,2.7608008
HIVYAM,2.2860286,2.5486107
ELOFAO,2.0277925,1.9783447
PAMNIB,0.82287234,2.691964
FAGWOA,3.6065972,3.0510752
IHIGAJ,3.0381513,2.7938514
NOBKOG,2.898829,2.598961
JINMOL,2.7943373,2.6831732
TILYES,3.625373,3.1244586
JIQNEC,2.6645389,2.8307526
HUTSIZ,2.124665,2.4531963
ROSBAC,2.9714835,3.0433347
VOBDEY,2.9287615,2.7167575
YISQUM,0.6753866,2.6641955
DOSWOX,0.44300136,1.8533812
CEDTUB,3.4710844,2.270759
KAPQOI,2.8335216,2.6915495
YIYMAW,2.8476715,2.6295726
ZOFYEA,2.7350163,2.3863337
GERJAP,2.669437,3.162323
MENCEO,3.2876797,2.8977072
VEBNAT,3.539385,2.9640462
TIVSUO,3.171215,2.7606893
FUQHEG,2.141264,2.5185242
TIDFIX,3.2297194,2.9615304
QUGQAL,2.1290188,2.6552405
FEJRUI,3.0054977,2.5696027
MOYGAJ,2.0332348,2.661686
ICIKEN,3.6272779,2.9297261
RAJZAD,3.874085,3.0689735
CUGCUE,4.257221,3.3487623
KAHZUR,3.307816,2.9801755
PAGMIT,3.6648295,2.9385142
QIBRUQ,3.7064629,2.6700377
DACGOF,2.0103772,2.1942246
UFOHAZ,2.5276656,3.039573
ENAJAG,3.023185,2.291908
BIMLUF,1.6231592,1.7405628
TEMKAX,2.1213996,2.915794
RUFSOA,3.3714907,2.8702974
SUYPEH,3.5119016,3.44625
GIDSIV,2.8218207,2.642478
YUKREB,3.6256452,3.301529
JASPUO,0.5864054,2.8965688
QEKJEX,2.7695749,2.7945597
JEFSET,2.5916123,2.6112866
ZUCGUZ,2.0901065,2.7503982
NECKUB,3.5875492,2.8102636
FETNUP,3.7984374,3.2523925
AHEDEW,3.4041445,2.425836
EDOKIT,2.7815478,3.1446223
SETZEY,3.4231925,3.0380147
HAVHUJ,2.291743,2.6164749
GUFVAE,2.1760945,2.6503735
KUCXIQ,1.1491368,2.2005537
WAMXAJ,3.3821032,2.568635
DEPQAR,3.9032013,3.6084783
WOKPEU,1.9559544,2.2490926
YIWSED,4.3687882,3.0551815
VAVCIF,2.5015428,2.3254352
YACFIT,4.320624,3.2267613
WEXDOT,3.7698655,3.5043917
VUDWAT,2.406847,2.4939563
FAVBIQ,4.709747,3.1817129
MIKZEM,0.56273144,2.1414688
MORXOI,2.2337828,2.8165863
SIHCIX,3.541834,3.162744
SELKAW,2.4422219,2.8115637
XAHRIH,2.6705256,2.5697808
REYWEY,4.1861997,3.5063205
EGOMAR,3.037607,2.692071
LAXKEB,3.2770672,3.3794184
WAXGUX,2.9717555,2.856714
FEMWIE,2.655015,2.1723201
QELTAF,2.4555554,2.5854132
UQIQIW,2.2482047,2.817263
ACUTEA,2.9573336,2.2966065
ZADLEY,2.977198,2.735771
JAKFAD,2.3744655,2.4964304
QUGHOP,1.9624852,2.2835968
QASXUD,2.4743314,2.423614
KIZGOR,3.0958395,3.1737945
WEGWOX,1.7480595,2.1988888
FEQTEC,1.539076,2.741037
KIXSEQ,2.0895624,2.4029164
WOLBUV,1.261792,1.7903636
DIJSOH,1.8588098,2.3443165
LALROH,4.925805,3.8071704
FUMNIK,3.6604757,3.2341166
LEGKIU,2.081671,2.3231094
QIFDAL,2.227252,2.3708553
REJXUA,3.0906692,2.8894892
RUWDUK,2.239225,2.589449
SOXBIT,2.433242,2.525945
KELMEV,0.57225543,2.2328048
PALCAJ,1.5532259,2.102736
HIBXOG,3.5037382,3.0198357
VUJMEU,2.7156963,2.5319114
HAGTAL,1.0881833,2.5630698
TOMJOV,1.039475,1.6936744
JIFVOJ,2.1935098,2.697856
NILKAU,0.9766167,2.1983433
PIWXIE,1.5994853,2.3687549
CADYOW,2.0530992,2.8167624
BISQAY,0.8797441,2.4866877
ZOJQAQ,2.2098367,2.4141333
ULUYUX,1.6234313,1.7970254
XUZDAX,3.6193864,3.2492752
ELOLUM,2.7562413,2.764836
FIJLUH,4.4700146,3.0955951
GEVDIW,3.4863229,2.766996
SASZUJ,2.5058966,2.819385
VAXTEU,0.9077718,2.5266786
VEQLIM,2.3641253,2.5238237
YOLNAP,2.3954184,2.491981
CUKLAV,2.975293,2.871804
NOHKOK,0.5227307,2.3590693
PUHDIF,1.9782678,2.345667
UMADIX,1.8128226,2.3306274
LUCTUA,1.8019379,2.5123584
TAHWOQ,3.2332568,2.4560063
LOLQAH,3.0525732,2.531302
GUDQEB,3.3753004,2.6870806
PAPSIL,2.3567781,2.5574324
HEPVUU,3.3731234,3.1729262
IVUSOJ,3.5410178,3.0792062
WOLRAQ,1.8511906,2.3440676
AWELOD,3.42673,2.3900123
QOYVOP,2.3336484,2.407842
FINWEF,3.9100041,3.0710967
WAFCUE,2.3116074,2.4391232
CAXTAX,2.387527,2.5007844
DAYJAQ,2.3099747,2.6802588
ERELUI,0.6223244,3.0034223
FUGWUZ,2.9135232,3.0593407
TACMUG,2.6555593,2.6239507
XAHRED,2.6686206,2.4411974
FAVBAI,4.7350535,3.1294801
ODINOF,2.1426246,2.3402665
HAVGES,2.7668538,2.788801
NIZNOA,3.5616984,2.9008281
TACLEQ,2.0321462,2.2801566
PUDVIV,3.2778835,2.8215978
WIFVOX,2.1037123,3.2199702
JOXRIX,2.3937857,3.1246476
WAWJUA,1.7798967,2.2008471
PAVGIC,1.1834232,2.9025545
JOWGAG,2.07895,2.4053729
ZOJQEU,1.9643899,2.397403
IVAKAT,2.1480668,2.34035
GICWUM,2.774745,2.847964
IVEHOG,2.9815516,2.9814813
FETMUO,3.2269983,3.1251602
XOCHED,3.4901323,2.9135878
SAKFUH,3.5973454,2.8521073
NITREO,1.5834305,2.5905058
SUHDII,2.0160916,2.3074343
WOSROL,3.6319036,3.417993
POKFUS,2.4808621,2.3859212
UBEQEX,3.1148875,2.8581946
TIYNIY,4.6272964,3.529646
YELTUE,2.671342,2.4482095
FATCAE,3.347817,2.6515384
IMUYIA,1.9997648,2.515366
OCODUG,2.3818126,2.747963
FMCPRE,2.9834564,2.8916013
UQIFIL,4.354094,3.13299
TIKKIH,2.3937857,2.4975278
ZETVAV,2.8302562,2.9207525
IYEXIU,3.018559,2.817282
DEXSUW,3.2221003,2.9178762
EZABAK,1.8620752,2.5401936
PUMKOX,3.2928498,3.1708803
UGUSAQ,2.1641216,2.4600062
SOCROR,2.4321537,3.055454
BAWSAU,1.785067,2.1882682
HOBPAS,2.6531103,2.4743733
POXMOE,3.6582987,2.6913943
HEWBAN,2.2577288,3.2798593
QOYFAN,4.292324,3.8133826
ZODBEZ,2.8060381,3.0342724
TINVER,2.4190922,2.572356
TUFDII,3.965243,3.1428082
KIXZOH,4.5105596,2.9905722
MAZJUS,2.2759604,2.37011
SEBVUT,4.4789944,3.1473622
NEZHUV,0.8911729,2.7228312
OLEWEJ,2.8909376,2.4690924
TUYZUI,0.6206917,2.2817016
DIJSUN,2.9072645,2.4280508
FICMEJ,4.6686573,3.5403147
JOVWIC,3.2340732,2.4347823
DAJXAQ,2.7192338,2.833711
AZOXOC,2.0732355,2.560746
EFUCAJ,3.5649638,2.8527114
TICQOM,2.6397765,2.2576056
ACEBIV,1.3137658,1.7970068
AXIXEK,3.0240014,2.3867311
PEWXEW,1.9126884,2.090057
IBAXOY,2.2612662,3.1177104
QAYGEF,4.7802243,3.2024915
LENGOB,2.7110703,2.7002091
VOWMIF,1.9431651,2.2601933
TAJMAU,1.5782604,2.4385989
CUGDAL,4.29695,3.3594315
TUQLEW,5.6975203,3.1449866
IBUNAW,1.1445109,1.894374
OLUCOP,2.1129642,2.4839501
CECROR,2.5782788,2.6007185
KARKOE,2.2152789,2.7930794
LUYXOS,2.695832,2.4945107
DOJSED,2.9358366,2.8183718
ALOCOV,2.905904,3.0527248
WIHTIQ,2.6903899,3.6242776
ZIRFOV,3.383736,2.8683624
RIFJIA,2.8901212,3.306084
TUYBEV,2.779643,2.9846706
DOKSII,2.619368,2.5855055
QELSAE,2.3986838,2.2508585
CEXHOC,3.981298,3.3834968
GILKIY,0.7393334,2.4822989
OBILIU,3.9995296,2.5682442
REYVUN,2.7464452,2.6032324
HEXNUV,2.8922982,2.6020846
MEKVAZ,1.0027395,1.8367808
YUBJOU,2.6316133,2.3611822
CAQYUQ,3.6430604,2.5470765
RUWNOO,1.828333,2.5301764
RETNUB,2.3159611,2.4285984
BOBYUN,3.3682253,2.682046
JETHOI,2.485216,2.3258045
PUMDOR,2.5831769,2.7517402
NADYAU,3.5189764,2.7064822
LIHRAV,1.8813952,1.7612687
QIBSOL,2.8792367,2.5172904
ZORWEK,1.8041149,2.3873048
FAPRUL,2.0343232,2.8409147
TUXSUA,2.7178733,2.3965287
ESAZUT,2.2433066,2.4962854
EZIQIN,4.333413,3.0260696
WAFCOY,1.6808473,2.306755
SEHGUK,3.1739361,2.6485696
ELIWAY,1.053897,2.7378871
NITBAV,2.616647,2.9835286
JINMEB,2.5622241,2.6085489
TIMPOU,2.9399183,3.0041792
GIMHAO,1.7028886,2.0814633
KISXOZ,4.187016,3.0295413
HUPPAK,3.8286421,3.0724804
DUKREH,4.228105,3.0509496
EFUBUC,3.3742118,2.6049628
OMALIX,3.6267335,3.1869586
CERWAA,2.9437277,2.8346643
NAKVUR,2.1350055,2.2258677
TOFVIV,1.9755466,2.1480942
ESIYUA,4.079803,3.0849864
PAXLUW,3.4199271,3.3194785
PUDVUH,3.2444136,2.7984092
GILKAQ,0.82777035,2.6461377
MIWCIE,2.1763666,2.691455
JINNIG,2.7156963,2.7167232
LAKMUF,3.9355829,3.4220567
NOMJEF,2.016908,2.5130467
TIQMEM,1.9673833,2.2547886
FAKJOR,4.5589957,3.54112
GUVJAI,1.7273788,2.4644964
LUZFUH,1.7701007,2.3038325
WARGEC,2.9976063,2.9317234
ALADUO,1.5994853,2.4885588
WEGXAK,2.3954184,2.8524795
HEPFOA,3.3589735,3.1049254
PEWXAS,2.0261598,2.252305
FECVER,2.0871134,2.1431549
MUMGIK,4.4033465,3.4301836
BOJZIJ,2.1747339,2.561113
RECNUI,2.313512,3.0692446
PATQAC,2.1918771,2.569213
QUJJAG,2.8337939,2.9168603
JACNUW,4.908118,2.924214
RALHAN,2.167387,2.7469459
VEWJAJ,2.0375886,2.4008405
UFIYOZ,1.949968,2.1284525
QIDLOG,3.0109398,2.4704986
ZUJXOR,2.9663131,2.9337893
HERFUG,0.63674647,2.3028727
FEQTIG,2.0082004,2.395216
QOKSAK,2.2781372,2.3901942
RANGOD,3.4406078,2.6299682
TIVSOI,3.0324368,2.649611
COFXAY,2.1442573,2.4115698
SUYPOR,3.5962567,3.670332
FOBQOF,2.351608,2.3221538
PUJWAS,2.43297,2.5963159
QEKHAR,2.368479,2.4064426
YIFSOV,2.1039844,2.507813
TAFGEO,1.1975731,2.0013895
RAFWIG,1.828061,2.5758815
PIPBOH,2.803317,2.8347788
XAHYOV,4.704849,3.6433554
AXOYES,2.1309237,2.3682048
NARZAH,3.3423746,2.8727803
KIFCOS,2.3241246,2.749542
GIVZES,2.9486258,2.7311904
XOKFOT,2.9094415,2.9141033
HOHFES,1.7592161,2.245144
FUJMUS,2.798691,2.9151328
KEYFAW,2.6914783,2.6916428
YEBZUA,3.986468,3.3970182
EHUYOV,2.3578665,2.764657
JAKFEH,2.3752818,2.494748
ICOWIJ,3.9113646,2.8671415
LIKVOQ,2.289566,2.4457097
ZEWDUA,2.0324185,2.42279
PAVHEZ,1.4351286,2.882218
QOYDIT,4.4463406,3.720207
REWVAR,2.219905,2.4787073
RABVUH,2.7235878,2.8264284
NIKPUS,2.932299,2.3108191
LIFFIP,2.5578704,2.761644
CEHTIS,3.1431873,2.7506747
CEXKAR,2.4770525,3.0402133
NABYIA,2.5845375,2.4536612
NAMBIN,0.8065455,2.620783
BEHJAC,4.705937,3.2290387
FAWQID,4.1908255,3.1782393
ACPIPR,1.4607072,2.1091943
MOWZON,3.0751588,3.1699347
BACXOU,5.018868,4.07678
GUSXOH,2.5363734,2.889326
LADSAK,1.1083198,2.5879402
HIYKIK,2.3905203,2.7671797
PITQUE,2.048201,2.240546
KOFXAH,2.1858907,2.4976118
NEZWUK,3.5633311,2.8954337
VOKYEB,4.966894,3.6212697
SIVYAZ,2.3592272,2.4819238
KUJGEB,2.9374692,2.8166282
SEBNEV,4.4419866,3.117196
SUWCUJ,1.3866923,2.3103719
UQIFEH,3.1584256,2.5456822
XUJLAQ,2.5962384,2.5786185
ILIBEK,1.9809889,1.9603356
UFIZAM,1.961941,2.4600632
PEXNUC,0.5553844,2.0044007
TIWLET,2.2484767,1.9109362
IPOSEN,3.754355,3.375985
TILYAO,2.3834453,2.9424264
LONSUF,2.5292983,2.7843392
UHUNOA,1.0196106,2.1674829
XIZVIO,2.1358218,2.6022596
OMIFEW,2.5970547,2.3817153
YIYMIE,2.6011364,3.0682504
SITVOI,2.2737834,2.8029366
VIJHUR,3.5459158,2.9890397
OLUSIY,3.531766,3.438862
DUDZAE,3.3295853,2.9061513
ACEBER,1.8000332,1.8859187
IMEVEC,4.113817,3.007854
MUMGUW,4.5298796,3.451994
UMICAV,2.674607,2.5547314
YUHRUP,2.361132,2.336491
EZASUT,4.2098737,3.410582
PIKFAR,2.0416703,2.1426728
GUPWIZ,2.5654895,2.8113306
ACISOV,3.4705403,3.4127445
IGILEQ,2.49991,3.15049
LIJFAO,3.2686317,2.7576838
ELUHAU,2.0716028,2.483292
IPOSAJ,3.8223834,3.5155005
NAKDIN,3.4811525,3.358291
BOTBUI,2.7401867,2.3509676
HUYYIK,2.344533,2.9362526
PIWHEJ,4.6477046,3.5882857
LIJFES,3.2006032,2.7622921
NETMEF,3.0697165,2.825139
DAYJEU,2.367935,2.5897176
NIPQUB,3.7636068,2.7457056
ISIPEF,2.5363734,2.4694004
APUSOU,3.0411446,2.3497746
LEWXIU,3.1940725,2.789461
AGULUJ,3.3211496,2.9061058
DIDJOS,4.454504,2.743056
KIJMOG,5.126625,3.2558048
GEGMOW,2.920054,2.862338
ZUWSUF,3.718436,3.1818717
TEGTUU,2.6131094,2.9071283
HIYKOQ,2.3404512,2.6283405
GIPBOX,2.2405856,2.8585308
LIQXUF,1.9608525,2.4238222
QAJTUR,3.7633348,2.8565202
NODDAL,0.9532149,2.3095267
NINCIW,1.6362207,2.1412752
QAPKOK,4.08198,2.7992015
VEZGEO,1.9736419,2.2014756
GUVJIQ,0.9564802,2.2217927
IQUDUU,2.9124346,2.9038792
QAQPEG,2.650389,2.2785301
BACDER,2.856107,2.6082034
ROGYAP,2.2389529,2.7022853
ELIWEC,1.0555297,2.8026438
EZUVUR,3.6855102,3.042736
SAQMED,2.158135,2.6483111
BELBAX,4.0210266,2.972127
BOWLAA,1.2280499,2.517388
ELUGUN,3.185909,3.2377687
EZASED,3.6046922,2.9594545
CECDEW,2.4939237,2.5618172
XUBXEZ,2.9069924,2.791333
QASYIS,2.263443,2.6726599
WAPJII,4.406612,3.8511968
KEFTEV,1.7477874,1.9939997
ECETOW,2.5935173,3.0134814
UGIVAH,1.3148541,2.33942
CATKOA,2.5034475,2.8862102
VAVGAB,2.8185554,2.688734
EZEWEL,4.1296,3.2782798
MICWAX,3.7883692,3.9998753
EKORIF,2.9684901,3.05929
WAFCIS,2.203578,2.6742892
MOSWAU,2.0648,2.2051563
HOLDOD,2.3799078,2.8638294
JIQNAY,3.087948,2.7521489
QUGPOY,2.4370518,2.423597
DEGVAN,1.6996232,2.1169713
LIDQOE,0.44300136,2.1469562
ZIRPOF,2.3812685,2.2507493
PANHER,2.3698397,2.4815052
HUPQAL,3.8583024,2.9461462
AMOMAQ,3.6433325,2.5491087
REKVEJ,2.724404,2.3628633
WIMJOS,2.674607,2.3503025
XAZTUN,4.5345054,3.2598395
VIJCEW,2.881958,3.143699
JOVSEU,3.2792442,2.3706377
EHOCAG,1.8228908,1.9196911
PARFOD,3.5829232,3.1668077
LUYXAE,2.6533823,2.761073
NUSKUH,4.1589885,3.6784744
MACXEW,3.123867,2.753366
DURZAS,1.8841164,2.3048902
XAKSAE,3.1361122,2.9081523
VINJUY,2.6351507,2.8158474
NUSKOB,4.550016,3.3820915
HUQGOQ,3.790274,2.9918454
TIJBUJ,3.9080992,3.5546489
JARSIF,2.9905314,3.0382297
ZAFLOH,1.8318706,2.6934235
AROKAT,2.3450773,2.6021256
YEBVAD,3.4955747,2.537367
NENSAA,1.9412603,2.644725
WEJTAJ,2.5652175,2.7095823
DANPOA,2.4985495,2.4403024
BILJIQ,2.222354,2.6347585
OCIWEE,2.0095608,2.5825508
PUJVUL,2.7423635,2.8698492
FECTEP,1.8130946,1.9319932
GUPSAL,2.7012744,2.3929532
DUDHUF,2.791072,2.7449393
WUWSAI,2.4103847,3.2058086
HIJMIW,4.27246,3.354336
ZUZMUE,2.0422146,2.0664127
XAHJUL,1.1749877,2.1257553
IYEXAM,3.8441525,3.180776
LAWJEA,1.8032986,2.8534968
PIJXIQ,2.0277925,2.125717
VOYFEU,3.9796653,3.0691614
ONOLUZ,2.2745998,2.5960722
WENQUB,3.81422,2.5897615
ZACKOD,3.3094487,2.993957
WECKOE,4.662127,3.2084842
QIDPIE,2.1932378,2.9591086
DEFHAY,1.6389418,2.2063444
DIJTAU,2.5790951,2.7071052
ZIBFIB,1.9409882,2.4708862
PAVHID,1.3913182,2.8838327
GUWLUH,3.6871428,3.0828981
JETHEY,4.1505527,2.7651749
MATSIL,3.811771,3.137269
AYALUJ,2.6827705,2.5129313
ETEDOY,2.229973,2.4846559
NOMBEW,1.6952693,2.4501445
RETPEN,2.6207285,2.5825417
QAYKEG,1.0966189,2.0540009
INITUU,0.5197375,1.8972732
ANATAL,4.499947,3.2134075
EQURAL,2.3627646,2.4131322
JUSYIF,2.6052182,2.901279
WOTYEL,1.8267003,2.1659474
VEZFAJ,2.2394972,2.332096
RETNIP,1.7328211,2.4407263
APAZUN,3.1597862,2.3229458
RINHON,2.6375997,2.5703776
OFIMIB,0.9006969,2.472424
BELYUP,2.373105,2.5190947
AZOXUI,2.5799115,2.696115
JARMIY,3.386457,2.861244
FOCFOU,1.8046591,2.1383286
TIKKED,2.4936514,2.78398
LUVZUZ,3.204685,3.1711392
LOFPEC,3.7276878,3.0426545
CETCRE,2.738826,2.7924378
DMENRE,4.383482,3.5059817
HOHFAO,1.6998953,2.1412878
QANJIY,3.9897335,2.941378
TAHWEG,3.4226482,2.3835256
COXNAG,2.614198,2.8859098
FUWRUM,2.5586867,2.431643
JEHBII,0.6364743,2.6641498
RUPZOR,2.7352886,2.8511174
FAWLAR,2.8190997,2.6588197
LUCVOW,2.4196365,2.711224
GOZXEY,1.9099672,2.7857506
HASHAM,4.194363,2.8913317
QEKJAT,2.7053561,2.8244514
PESXEQ,3.8294585,3.209214
RIZYIK,2.5556934,2.4163153
XOKFEJ,2.9352922,2.77008
XEJPAD,4.2060637,2.9850535
GESRII,2.495012,2.8278627
SIVVAV,3.1554325,2.938562
OBIRIA,4.3410325,3.2100651
QUKLAK,0.75892556,2.2847438
WEMJON,1.1885934,2.1135855
LIXHOR,1.6936367,2.3853638
SAKFAN,3.5306773,3.054388
LOCVAA,3.5551677,3.332589
NOMJAB,1.9366343,2.4074807
YEWNUK,4.6512423,3.5032382
LUWXOQ,3.2942104,3.2576866
MIKXEL,3.107268,2.5717103
LIMDOB,3.4740777,3.0389798
BUKMOJ,3.7366676,3.3961902
NAFXUP,2.523584,2.4895937
BOCLOU,3.4754384,3.278452
LODMAT,3.7255108,2.838905
COFXEC,2.5837212,2.4075813
HAVFIV,2.0607183,2.845855
DOKSOO,2.6324296,2.645986
SIKKAZ,3.9617057,2.8048587
HUTVUO,3.2484953,2.8639915
IGEXOI,2.1167738,2.5237665
BIXQEE,2.5461695,2.7799878
ILEHAK,1.7058818,2.452574
JUZMIC,3.0250897,3.1585076
VINJIM,2.2936478,2.696607
KIYFII,1.8577213,2.2099748
IGODIR,5.6273146,2.8914607
FEQKUI,2.8811417,2.8090742
SOZGIX,2.803589,2.9934614
AVULIN,2.666988,2.5116882
GACTAG,2.8539302,2.7476711
LETRUY,3.6585708,2.8423657
VUKFUE,2.533108,2.9674783
EBOGOU,2.1208553,2.3526099
GAWKEX,2.4397728,2.4686465
ZELTIW,1.6169006,2.38101
ZELSIV,2.3094304,2.508963
RIQKIN,4.42049,3.5758953
NAXZIV,1.5815258,2.292941
VODWUG,2.088746,2.8148885
JIMMAW,3.7347627,3.2271397
VOWFUI,3.7799337,3.157382
BIQSAV,2.812569,2.8860111
NEGLIW,4.5396757,3.7285473
QAYKAF,4.5897446,3.0096674
YETYEB,2.6204565,2.4038022
PIQZIY,2.3880713,2.6472278
DISBOX,2.086569,2.527089
RINHED,1.7203039,2.6584895
FEWWAH,4.0251083,2.7942367
LUDGIB,3.6653738,3.2754014
KOVKUB,2.4609978,2.2719
LORYEW,2.463719,2.7010002
JEGPIU,2.7788267,3.0225174
CASXOK,3.04441,3.1232178
QEFCUC,2.6114767,2.6981788
UHIKAX,4.0512314,3.1790636
RULCAC,4.284977,2.9583604
BOTBOC,2.7510712,2.3284519
VEZFEN,2.2560961,2.515854
ENAJEK,3.0237293,2.3119416
KAZNII,3.9276915,2.6608272
RIXXEB,2.1314678,2.4394412
PAKZOT,2.3507917,2.4951284
CERQUN,4.9102945,3.142349
FAKJIL,4.456953,3.5861478
HAPYUV,2.0778615,2.4960053
GEJXEB,2.8269908,2.6966286
GIWWOY,2.815018,2.4351943
MIQZOC,2.531203,2.394199
CEMNOY,3.0667233,3.2979288
ZUCHEK,3.192984,2.831353
DIBFAY,2.6177354,2.3238041
MUYGUK,2.2588172,2.3659008
FEXNOM,4.5252533,3.7839317
TISCON,2.8193717,3.2679486
AGEXAL,3.448227,3.423603
HOLFEV,3.0324368,2.9297814
IYEWUF,3.4044166,2.8002121
REDYOO,0.79348403,2.4461641
CEMNEO,4.241983,3.3354611
FELJIR,3.2006032,2.36445
TIHZIV,3.3573408,2.84671
INUWAP,3.4525807,3.1832604
FOTFOJ,3.4982958,2.8424053
CAHPOR,0.74668044,1.9440575
NOMJOP,2.2193606,2.6553545
FEPGAJ,2.1282024,2.422373
DAZTII,2.5099783,2.2310698
AXEQUP,3.7271435,3.0674007
EGETOA,1.9257498,2.4694972
QAPJEZ,2.081399,2.3319693
HIDMIR,2.200585,2.6547608
KITTIT,3.3834639,3.193653
ZOMGEN,3.366865,3.0839658
ESIQON,2.5317473,2.936298
GAWLAT,1.3714539,1.9347367
NIFWOP,4.068374,3.4927905
OLIRIM,2.0737798,2.6388168
EKOROL,2.6928387,3.1372004
MOFPIG,2.0400376,2.3852732
SUZLUW,1.921396,2.2187994
XEJGOK,1.825884,1.5971301
VIYDEN,3.5459158,3.7018986
YOJVEY,3.4593835,3.051706
OFIMUN,1.8647963,2.4665418
NOBJOF,2.9499865,2.5458682
VITQAR,2.812841,3.1962352
PIZLOA,5.0194125,4.0772123
XEZBUA,4.0898714,3.4996858
XEYSUP,2.012282,2.4813366
ZOKLAM,0.7491295,1.7930461
XOGBUR,2.043575,2.6200933
FIYZUJ,1.8239793,2.3342915
CAYXIK,1.7728218,2.576057
KAYNUU,1.5518653,2.1214209
LONZOE,2.4814062,2.6040583
SURNAV,3.6710882,3.6203742
UCEDIR,2.3907924,2.576248
BUHXAE,2.339635,2.5072095
DOSWIR,0.44436193,1.8569309
RAYZUO,1.7320048,2.5621414
VOGBOK,2.86291,2.9018884
GOHDIQ,2.6022248,3.0451477
ZORWUA,1.866429,1.9395723
LIQBOC,2.836515,2.3583348
GAWKIB,2.7069888,2.6661637
AYALOD,2.712159,2.5430734
ZOSMUR,2.0318742,2.3662252
FEBLII,4.1589885,3.3450477
DUXMUE,3.2659106,2.7441487
LAGLOX,3.080329,2.504736
YOMJAL,3.5859165,2.3806453
MOPXIZ,3.778301,2.9797528
LUSKOA,2.0849364,2.1110308
GIYYIZ,2.7611394,2.8961282
YARDIE,2.2354155,2.6497009
XIRNEU,0.89933634,2.3013341
FEVFIW,0.92137754,2.578525
PAVGOI,2.6615458,2.992948
RAZDON,2.7499826,2.7615597
MIFBEI,2.127114,2.2900116
NEDRAR,2.2163675,2.9023764
BEHJEG,4.616684,2.9478755
VENZOF,3.2131205,2.9512062
LUDHOJ,2.9908035,2.6907384
HUYZAD,2.3173215,2.8691251
PEQWEQ,1.1583887,1.8526574
MONDUP,1.9627573,2.7868721
TIMDEZ,1.8196254,2.4067101
WEPBIC,3.5456436,2.8323247
DODJAI,2.3793635,2.4554656
IVAKAR,2.4218135,2.7324939
GEQJAN,0.79593307,2.7449365
KEVZER,2.6999137,2.8000772
GUNCUN,3.039784,2.851106
MENBOW,2.5418155,2.870446
KUNNIR,3.3423746,2.441123
WOGKAH,2.3736491,2.8256295
ALADIC,1.7763593,2.439739
DOWZOF,4.2955894,3.2139983
IGIMAN,2.2716064,2.6566277
BEHKAD,3.9510932,2.602294
CERDIO,2.4588208,2.4891794
WENWET,2.731751,2.828473
CAXSUQ,2.3429003,2.6088643
KAHWOH,4.1516414,3.4557407
AMOPIB,2.6849475,2.7340212
IFOHEQ,3.954903,2.9280193
MOBWAC,1.9494237,2.0544033
HIMHOB,3.0950232,3.2628016
COQNAZ,3.4985678,2.7820668
JEKREW,3.4392471,3.381647
JIRWOZ,2.1967752,2.457529
PULXUR,1.6577177,1.9245057
NEXDAV,2.0209897,2.6143844
KABZUK,3.1040027,3.4273508
BEVBUB,2.3472543,2.9791589
GEGROA,1.4881908,3.2507484
HODDAG,2.6626341,2.5508263
LUVLOF,2.631069,2.5093
JUTRUL,2.671886,2.7909381
YAJCOC,1.9015317,2.474713
WAVVUL,3.1954331,2.7774873
SOZQUT,4.590561,3.5873675
WAHHOD,1.8754088,2.5056322
GIKJUG,2.2071157,2.6166706
QIBFIQ,2.005207,1.8399279
QIWJAJ,2.3366418,2.601896
YUHSAW,2.5423598,2.4478707
QAQJEY,4.257221,3.349809
OZIWUR,2.3339207,2.59316
RIYRUO,2.7369213,2.5005794
FEQDOU,5.6975203,3.1472247
DAMHUW,2.3916087,2.6682808
TIYWAA,4.8444433,3.9481416
GEBKAC,2.342084,3.0331454
LIQBIW,1.8506464,2.4126894
BIKLAK,2.7352886,2.6620739
SINFUQ,2.815018,2.4857206
GUDRUS,2.958694,3.085656
EBAYIR,1.1627425,2.419708
DISBUD,2.227796,2.5230846
YOKVIG,2.004935,2.6325762
FASXON,4.027829,3.1202798
DELBUS,1.8963615,2.1538572
WEQPIR,2.1170459,2.5704725
CENWIC,4.3130045,3.2964752
GAKDUT,2.506713,2.371694
BACWUZ,4.833831,3.7712884
DAYSUR,4.1660633,3.370851
UDEPAV,1.9295594,2.5174646
COKGEP,1.4343122,1.7232646
VOWMOL,1.9034364,2.3377962
QOZVAC,3.6270056,2.971332
LIDQIY,1.1485926,2.070941
XAHSOO,2.5638568,2.542162
XOVQAA,3.9089155,3.0567153
VEBYOS,2.6403208,2.877871
RITKAJ,2.0490174,2.2533417
QEGWEF,2.5913403,2.5042548
QELTUZ,2.3426282,2.2838674
LABXIW,2.3586829,2.7211132
BAQNOW,2.5339243,2.493279
QAJFIS,1.8944567,2.5891943
WAYCOO,3.7475522,3.1615295
TIYWOO,4.775598,3.548417
QAYTAO,3.14482,3.3289988
LEBZIC,2.3429003,2.475078
FITYEO,3.9894614,3.4480207
FIYJUT,2.7418194,2.494614
BEKVUK,1.7575834,2.8646598
XEMYIX,4.297766,3.0847433
PUMKEN,2.886856,3.5724978
BOFHOU,2.4868486,2.6707296
LUBTUZ,2.8762436,2.727347
SELNUT,1.2802957,2.3614511
TAFGIS,1.386148,2.1702726
RAZJAF,2.7907999,2.683317
EDOXAX,2.526033,2.645266
CIMJAM,2.1921492,2.421404
ZETNER,3.6313596,3.0370023
NIPNIJ,2.841413,3.0519252
SEMFEW,2.3067093,2.0870428
XEBJIX,0.39755836,2.402466
KEZCEX,0.1766019,1.3891557
RAYSUG,3.1910794,2.7995658
VUDXOI,4.377496,3.6904283
BONGUG,4.54539,3.1503055
JOHSII,3.5978894,3.308135
WAKXOX,3.843064,3.5223439
DEYLAV,1.1466879,1.8361305
LIXGIK,1.7793525,2.4048262
IGEXIC,2.2155511,2.506424
GOTYEV,2.3472543,2.8183353
DADLAX,1.7834343,1.6402607
QEKHEV,2.676784,2.3472323
RIQXOE,3.5165274,3.881103
ILEFEM,2.0188127,2.3210351
DUDZIM,4.052592,3.3341467
SAVXAR,2.3124237,2.361428
DAFFIB,2.8122969,2.8045828
EVIMEC,2.8427734,2.7026665
PAVGEY,2.6329737,2.8319662
XUKHIU,3.0171986,2.41615
GEKCAA,2.5891633,2.1498234
VURFIY,1.9986763,2.237273
QAVHIF,3.9478278,2.8573956
IVEJEY,2.7861738,3.0537877
PULKEO,1.2479142,2.129959
ZALCIY,2.6517496,2.9606879
PUVJOF,2.210925,2.6607609
JAPPUM,2.2443953,2.7534826
YUSKEC,1.4098219,2.5332346
LIRCOG,2.169836,2.4900446
VAWCEE,2.9339316,2.252543
KAWLAX,2.559503,2.1634352
RAPGUK,2.8169227,2.4097617
ZELSUH,2.3774588,2.423209
BOKQIB,3.429179,3.355836
PADYUP,2.791072,2.6892917
JEYRAH,3.8112268,2.461244
WUDMOX,2.750799,2.9590452
BAMGUS,2.356506,2.3893452
EMIMAP,2.1951425,2.7234788
CEMPAM,3.0683558,3.3140597
TUYBIZ,2.7867181,2.905292
QORFIN,3.6958504,3.0947113
ECANUS,2.1744618,2.5933745
CERTUR,2.538006,2.9634602
KEGWOI,3.2128484,2.3877833
QELTIN,3.1137989,2.4281251
FEJBIF,3.5554397,2.76843
QIPCEZ,2.225075,2.6546195
SUHGIL,3.0517569,2.6578429
MANQOJ,3.1861813,2.9099216
FARBEG,2.4109287,2.7281847
FICMIN,2.61964,2.928325
JEYREL,3.8504112,2.596581
GUHSAD,2.0536432,2.239717
FOCFAG,2.1499717,2.1287107
HOWDIH,0.20571809,2.4656787
UVIWIG,2.0661604,1.7141849
XIPCEG,2.757874,2.3720593
KEWTEM,2.5009985,2.5458717
ECANOM,2.2781372,2.4796865
NIQZIW,1.828061,2.4447577
OFINIC,2.860461,2.5685444
GIMGUH,1.7646585,2.0755448
EXABOU,1.9290152,2.4764569
QEYTIX,2.27079,2.4150982
RIZPOF,1.9671111,2.4006906
NOVWIG,2.7235878,2.368012
QASYEO,2.3214033,2.5197496
NESKAY,3.3418303,2.3639464
QIWYAZ,2.5058966,2.5390193
QUJRAP,3.5214255,2.880503
ZOKLEQ,0.73742855,2.7052226
LELSIH,2.7714796,2.425695
XADZOU,3.1323028,2.5736592
QAPYAH,1.7592161,3.260161
UBAYAX,1.4963541,2.5069005
QIYPAP,1.8748645,2.0591211
GOHLIB,2.8190997,2.2551396
WEGXEO,3.5067313,2.6545858
RERMUW,2.903727,2.4129105
ZOPYIM,2.3431726,2.5550997
QARMUS,2.8280795,2.7369952
LIVDOK,2.186707,2.7079031
PUMLEO,3.3442793,3.1553273
SURMUO,3.9274194,3.5165067
QEGLOG,2.5834491,3.0495794
DAFFEX,2.5918846,2.6594446
YIDYEP,3.6825168,3.3881
XEHBER,4.001162,3.32791
PIDMAR,3.1246834,2.941122
RAQPEF,2.4052145,2.6476219
RATDOH,2.910802,2.7347288
YUJPIC,2.3597715,2.7004876
REJYIP,2.9510748,2.8388143
HAVHAP,2.538278,2.8308585
NUGRIS,4.3241615,3.0963752
ZAWKOA,0.647631,2.2998962
EMILUI,1.854456,2.4928956
EGACEW,3.5146227,3.0260975
LAXCIX,2.2890217,2.8993835
DOFXAZ,2.3692954,2.3592982
LIJFIT,0.8756624,2.833809
HUPQEP,3.8751736,3.057052
DOTWOA,2.2852123,2.6657927
XULLOF,2.63379,2.867362
RETPOX,2.1877954,2.2763684
PUHFAB,2.3140564,2.81106
RUKMOZ,2.8182833,2.7124789
IGEWUN,2.3292947,2.636732
ADEZUE,1.2250566,2.02768
MUDRIM,1.8364965,2.6574364
JAPPEW,2.2936478,2.5942354
HUPPUE,3.964971,3.1804888
HOBQIB,2.2501094,2.4079466
BEHJUW,4.0803475,3.064619
TUXKON,1.4677821,2.2689617
HUYYOQ,2.1521485,2.7179387
UWOPEC,2.0879297,2.2685213
RAYMEM,2.934476,2.4254904
KIXZUN,4.7179103,3.0806293
MIKWUA,3.1146152,2.5298002
ITACAH,2.021534,1.7990277
BIDXOD,1.93092,2.775074
PUTKEW,2.2686133,2.6769586
GEBJUV,2.5605915,2.7138677
JASTOP,3.3878176,2.815826
DICFAW,2.953796,2.9910438
MOPYUN,3.9184396,3.2240205
XEJPEH,4.440626,3.1661994
UTADEZ,3.9823864,3.1184778
ZEYSEE,2.0370443,2.262827
QASYAK,2.2326941,2.6001897
PIMQAG,2.2713344,2.5885625
ODINIZ,2.1404476,2.5679781
PEPVOX,2.1262977,1.9264541
JUDPAB,2.0846643,2.766658
GIMQEY,2.8754272,2.8843536
QICSUR,2.54753,2.5835676
GUCXEH,2.8969243,3.157628
EVURIW,3.735579,3.4816918
XOCKOQ,1.9026201,2.5450175
XUHJEP,2.7140636,3.1441574
IXIHAZ,2.311063,2.5466464
FEQNUL,2.2737834,2.7579343
SEJFIZ,2.5320194,2.0465944
HEPFUG,3.751634,3.0924718
MIYRUI,2.141536,1.8787671
MOPYOH,4.42049,2.9910169
HUPPEO,3.2150252,2.7250853
ZUCGOT,1.7820737,2.6627862
VONMUI,3.5314937,2.93649
ABUBUU,4.1998053,3.4735074
SAPGEV,3.551358,3.0440493
VIHKEF,2.8675358,2.4997602
TAJNUN,2.8512092,2.767977
NANTIF,3.675986,3.1415405
KAHNOZ,2.6939273,2.9355423
DOJBAI,1.6430235,2.01055
COGWAX,2.5154204,1.422124
UCEDOX,2.7241318,2.681992
NAGDEG,2.8016844,3.0352485
AGOTIA,2.2574565,2.5180857
XEDDEP,2.0909228,2.520502
ELUROS,1.7178549,2.2365453
WIGGIC,1.962213,2.197254
TUQLIA,3.9921825,3.0099134
DUCMOD,3.4974794,2.8913891
DOTXOB,2.0952768,2.7540915
MUNZUQ,2.1943262,2.944047
NEXSUF,2.4786851,2.3564687
BOFJEM,2.3834453,2.82864
FAWLIZ,2.5510674,2.7423182
UYELIU,2.4190922,2.710662
NESZEQ,1.8446599,3.0538957
SAMTUV,2.896652,2.6861968
OTIXOF,4.01504,3.4060366
PESCIZ,3.2308078,2.857708
XIQDUY,2.263443,2.4793997
TEMKIF,2.6593688,2.714131
EYUPAR,2.4909303,2.3945355
RELSOQ,4.19137,3.9813328
WIJBAT,2.148611,2.1584544
VIXZOS,2.0441194,2.2947152
ONIBEU,2.289838,2.3724775
TUTCUG,1.8952731,2.4125595
YAHNAW,2.5431762,2.8202188
KICMIT,0.30558386,3.0309503
KATDOB,3.0191033,2.2375455
FUQKIN,2.1567745,2.417933
VINYAS,3.830819,2.9837213
ODECEI,1.5366269,2.3965683
PIFVAD,2.5837212,2.504096
XIQNAO,2.8493042,2.588691
XAKSIN,2.4629025,2.6864307
UGEXEK,1.8430272,2.6625829
PUMDIL,1.8645241,2.696012
FEVHOF,2.9208703,2.5585742
HUQXIC,2.4971888,2.5777566
KOLTIP,4.5682473,3.5301127
WAQTIS,4.4776335,3.5695238
HUPPOY,3.9478278,3.137648
JAGKUX,4.7783194,3.0406318
ALADAU,1.8773135,2.5078452
YATPOY,2.941551,3.0911226
XAHSII,2.5488906,2.4282165
RITKEK,2.8569233,2.2321062
GAYQEE,2.0517385,2.2918031
MALFEL,5.0030856,3.3024268
QIJGOF,1.9956831,3.0212948
IVEHUM,2.7725682,2.937917
RIXXIF,2.3480706,2.3548837
CATLAN,2.2422183,2.7310252
SASZET,2.4800458,2.5919938
YECBAJ,3.6079576,3.072772
LIJFEP,2.688485,2.8832924
GOFYUW,4.172866,3.0033348
QOFPOS,4.951112,3.5249927
TACLOA,2.148611,2.3876407
YIPZOP,2.4408615,2.5410013
HIVPOT,4.1304164,3.1763217
UZAKAI,2.6316133,2.9192977
CAXSIE,2.3186822,2.6549165
REHXAD,2.9350202,2.8233502
KIWDOJ,2.490114,2.5458224
TOFWES,1.8169043,2.1823108
MUYREF,2.1480668,2.7319047
LEYXAR,2.4147384,2.521987
YOKVAY,1.9194912,2.5462592
SAWNIQ,3.1635957,3.0012553
AVUVET,3.432172,2.9833648
DISDEP,4.2670174,3.1036773
PEHJAQ,3.893133,3.1708539
LEYWOE,2.4071193,2.5703402
LULNUB,3.3499937,3.0752892
QEGWIJ,2.7676702,2.3704073
DOFWIG,2.6914783,2.5256476
XEGMIG,2.934476,2.2919385
LUSKIU,3.3110814,2.1962597
BELBEB,1.1651915,2.8356075
APIZIJ,2.471066,2.3640368
AXIXOU,2.9048154,2.3323765
KILYOV,3.9350386,2.9860158
YISBIN,2.390248,2.6904056
HIYPIP,2.0833037,2.3538597
VAVGEF,3.3739398,3.0152998
AROGEU,3.4944863,3.375432
SASMAA,2.9374692,3.0259602
CEMNAK,2.538006,2.8995368
KATDUH,3.1744804,2.335641
UDEPID,2.0936441,2.8587034
KEHZOP,3.326592,2.7413607
YENRIT,1.8155437,2.3707643
ALOCEL,2.0656164,2.2375517
DOJSAZ,3.0084908,2.871394
XELXIW,1.5981247,1.9422388
YIHDEA,3.145364,3.0966532
CUHDEP,2.6256266,2.8939192
EWAFIR,2.286845,2.7260768
JILCOW,2.129291,2.422926
MONPEN,2.4337864,2.8920617
VESMIP,2.7750173,2.9387407
GEQHUF,3.4958467,2.8261752
QOHSAH,0.8772951,2.248128
MAYHEZ,2.1290188,2.2233977
UMADOD,1.7690122,2.286237
XIQMOB,3.8106825,3.1158724
SAVTUE,0.78368795,2.547951
ZELSER,2.3698397,2.5398285
KEHMAL,2.6210008,2.654404
RENCUJ,3.1837323,3.0676367
DAYLIA,2.1643937,2.649298
BITXEH,2.6656275,3.0581145
FEJTAQ,3.2359781,2.5928178
GOHDEM,2.6944714,2.779496
JAHVEU,2.536101,2.4685397
SOTBEK,1.9556823,2.437927
VEZFOX,2.7706633,2.1457136
FEJSUJ,3.2732577,2.6717732
KAMYOM,3.133119,2.7752721
ESISUU,2.3184102,2.129733
PITWAQ,2.8476715,2.516951
RAZDIH,2.774473,2.8028514
LIMDER,4.002523,3.373943
OHUMOT,1.5385318,2.0053122
DEXCAL,3.0321648,2.6191692
QASWIS,2.8893049,2.4002113
EQUJUW,4.5244374,3.7967908
EDIHOQ,3.0354302,2.828275
ILEGAJ,2.2612662,2.3424146
SAQFUL,2.3456216,2.438523
KOLHEA,1.9801726,2.396504
DIYYOZ,1.0767546,2.121662
OGEJUF,2.2111971,2.5831149
FODGUA,2.0737798,2.5162542
JUTKUE,3.572583,3.1345258
LORYAS,2.4460316,2.8224556
BOFYIF,2.2403135,2.4494395
AKERUD,1.8231629,2.333629
QEZZIG,3.491493,2.669173
QUJJEK,3.229175,2.7856212
VIZNOI,0.74477565,2.0526628
OKAREY,2.7660375,2.685256
LIXHAD,1.7379912,2.424253
NINHIC,2.9592383,2.4906375
BEGQOU,2.4990938,2.7143598
YOQCAK,1.892824,2.6885943
QIYPET,2.332288,2.3065896
HEBQOX,3.0865874,2.8790252
FUGWOT,2.7524316,3.0216231
SILJEE,2.3118794,2.803115
FUXWEA,3.3810148,2.5691652
RUKPIW,1.1295446,2.313774
WAWQAN,4.413415,3.256586
RUWNII,1.8634357,2.487952
AMOQAU,2.6650832,2.5495837
OCOCIT,2.33256,2.5341415
KURFOS,4.117627,2.9240592
VIHJUU,2.585898,2.2315683
IGEXEY,2.3380022,2.67687
HIZXAS,2.0922835,2.3090978
DUZLAN,2.0852084,2.469457
IWEJOJ,3.228903,3.34032
XEBFEP,4.5116477,3.0463395
MOWYUT,4.5326004,3.4210951
QEDMUK,3.5189764,3.104192
TAHWUW,2.5322917,2.1313896
JOWGIO,2.3347368,2.6018653
MOMPIN,3.3570688,3.214666
PIZLUG,4.9053965,3.7492669
TANKIC,2.4082077,2.8328826
COLWAB,4.318719,3.841114
LALVOL,1.632411,2.3477523
JUZNAV,3.1178806,2.979251
HAFZOG,2.3790915,3.0406795
LOPROA,2.5850816,3.0074406
MEGTIB,3.8577583,3.3906949
GOXKUB,2.7899835,3.001138
BEZKEY,3.81422,2.7356334
XEDQEE,2.4003165,2.6155612
FIVKOL,0.7303536,2.8320417
EQUKEH,3.6139443,4.1138477
KATDIV,2.5826328,2.3195214
YUXWOD,3.3739398,3.222838
TUTDIV,2.3031716,2.3611963
LIYXOJ,3.4161174,3.30741
ADEXUC,3.7385724,2.9702835
OCOCOZ,1.9823495,2.79288
ECETIQ,3.374484,3.1740613
NOHMAY,2.8884885,2.740269
PUSSEB,2.5780067,2.9861095
TOJYAV,3.4563904,3.0533557
WEGWUD,1.9505122,2.157197
HOMWEO,1.185328,1.9560605
SUZKED,2.676512,2.0537047
ONOJEI,2.8928425,2.9116666
SINBAS,1.4824764,2.0233436
RIQPUE,3.5467322,3.177977
ESIQUT,2.6699812,2.9018133
XABTUR,3.986468,3.265654
LALRUN,4.9244447,3.8103776
SAQDUJ,2.160584,2.2560012
TEMJIE,1.5861517,2.2528508
XETLAM,1.6735003,2.1363862
URAHUS,1.7638421,2.4426517
LEWXIV,2.1937819,2.5982676
SOWFEP,3.1323028,2.7968817
TEBQAS,2.8522975,3.0214505
TEFXEI,3.159514,2.9069343
KIHTAX,2.160584,2.5284865
XAGMUO,3.9655154,2.4044847
GUHSUX,2.0223503,2.384239
SASZOD,2.5148764,2.7702553
LADJIJ,3.6310873,2.796504
DAMJEI,2.4958284,2.7855446
FUTDEE,3.0683558,2.8828232
BEKWOF,2.9959736,2.8735323
QAYRUD,1.8588098,1.9674482
UZUGOM,1.3562155,1.8337061
BUYSAQ,4.406068,3.1118717
QORXEB,1.9744582,2.292389
WUHKAM,2.533652,2.6993027
OCIWOO,2.934748,2.563654
AVIQUS,2.2977295,2.640006
SAVVAM,2.8852234,3.1944914
HUYJEQ,2.4030375,2.4512813
QUGHUV,1.8441156,2.0993357
DONDIV,2.2748718,2.4427412
KUWNOG,2.654743,2.9270113
RUWNUU,2.1945982,2.637556
MIWXUM,3.7940836,3.018669
VOZSUY,2.4019492,2.4003558
IVUSUP,3.185365,2.7728546
FAWFIT,2.09827,2.5069485
FUGKAU,2.332288,2.6855474
NOJMEE,2.7826364,2.6086292
GOFYUV,2.4936514,2.7527924
DIHFAB,1.7554065,2.6606152
DEYKUO,1.2016548,1.9874945
KOFWUA,2.1589513,2.5365317
SEVCON,3.0509405,2.9162595
LEDGIK,2.918149,2.1980822
OKOJIJ,2.7848132,2.7863817
OKEMEW,3.4044166,2.9111593
FUQKOT,2.126842,2.4148731
CITFOB,1.9219402,1.9726067
LORWEU,1.1066871,2.264772
DOFWUS,2.4367797,2.089321
NEFXOM,3.4373424,2.9268174
AROQII,2.0993586,2.0310106
RERSAI,2.9241357,2.7996423
TOWNUO,3.795172,3.3472338
KEVNIL,3.023185,2.7348115
YOGCIJ,3.776124,3.1637564
AGOVAU,2.2996342,2.6457767
HAPYOP,2.2073877,2.250194
ZUVWUI,0.7515785,2.4085183
CORTUB,3.3385649,2.5522175
LEBZUO,2.079222,2.5307102
COXCOI,3.9140859,2.355869
KOXBAC,2.4101124,2.6049404
LEBZEY,2.4585488,2.3734417
ABUFOS,2.4392288,2.7686865
FEDDAT,1.9445257,2.6915767
HOHGET,1.756495,2.149352
GIYBUO,2.7592347,2.6401906
TEHFET,2.752704,2.7524815
MIYWUM,1.53445,2.2560961
SONGUY,3.539657,3.492362
BUHWUX,2.1720128,2.5496619
ALADEY,1.7200317,2.6538918
YISCUB,3.2169302,2.797528
GUSZUQ,3.353259,3.7353053
KACBEX,4.505117,3.4732409
IGUWOX,3.8561256,3.3897092
ECESUB,3.384008,3.2939715
OYOHIU,4.4917836,3.7853656
GOQHID,2.0569086,2.3856068
PUMDUX,1.797312,2.5152056
XAJZIR,2.6487563,2.5043278
HIVCEU,3.967148,3.348991
QANDOZ,2.7755613,2.606914
FOQXEO,2.057453,2.3315396
IZOGUZ,2.3311994,3.2900958
PUDWES,3.2441416,2.84576
ILEGIR,2.0805826,2.42119
XINTIZ,2.1491554,2.7137322
VICNAZ,2.284396,2.841446
SUPTON,3.415029,3.4246445
ECAPAA,2.1516044,2.6145077
NAGXOL,2.2484767,2.0554433
KIBKOW,2.7407308,2.4569912
SOKLEK,4.461851,3.558162
RETPAJ,1.8427551,2.1472013
NIBHIQ,2.0784056,2.7190573
UFOTAL,2.272695,2.069677
EVUWEX,2.0495615,2.3199303
VUKLOC,2.9157,2.4006863
JOBQIA,0.50803655,2.1433794
KARQAW,2.4190922,2.7331438
QOYDUF,4.485797,3.816307
JUTCOQ,2.9625037,2.6872926
IVEJIC,2.941823,2.959581
ECOROG,3.6743536,2.9532943
UJIWOZ,4.069735,2.787745
GAYQUU,2.523584,2.7462225
JAKFIL,2.2724228,2.369078
QUZLEE,2.4084797,2.4351528
MUXXAE,3.1053634,2.7306333
TAHXEH,4.2000775,2.582515
LUWCAH,2.09827,2.844309
MOMFEZ,3.5260515,2.49855
JEZCIA,3.1586976,2.5850282
XOTRON,3.1725755,2.6915588
DORTIQ,2.4416776,2.661767
NIYWAW,2.1779993,2.624108
FOBRAS,1.5592124,2.482712
MOYFOW,2.019629,2.406589
XUVTEN,2.9165163,2.8183577
ONACIR,2.1831696,1.557581
YUHSEA,2.7725682,2.755894
PAKGOX,0.494703,2.7676358
QELRAD,2.026432,2.1032836
FUQGOP,2.4204528,2.6551552
SOZREE,3.1951609,3.3323977
HEDZOG,4.416136,3.484457
LIGQAT,1.9325527,2.4659715
GEYBIY,2.0669768,2.274799
SIFJIB,2.292287,2.526692
MEWXAQ,2.822637,2.3381534
LALVEB,1.6079208,2.3896642
IKEKIU,3.3712187,3.3242595
DOJSIH,2.731479,2.599618
NABYUM,2.0302415,2.5774207
AMORAV,2.8117526,2.7083793
QECFUB,1.9660226,2.7265587
GOGBOU,2.7834527,2.4149568
HEPWAB,2.8261745,2.7281632
YUDCUV,4.311644,3.358953
VETCAY,3.7867365,2.8976336
CABKIA,3.5246909,3.4807146
TAJLOF,2.9815516,2.691878
UROFOX,2.6375997,2.58693
TIMWOC,2.1355495,2.6314824
VEZGOW,2.8288958,2.913662
XOLKOY,1.8560886,2.4181175
VINXUL,3.81939,2.9907
JAHTUI,1.9671111,2.4848313
XODMIN,2.5173254,2.3442864
OCUROW,2.566578,2.3315387
FEJROC,2.9788303,2.5430512
XOGSAO,3.9304125,3.3623018
KAWLOL,3.023457,2.3014364
BAMGOM,2.3483427,2.6273108
UZUHAA,2.630797,2.8279302
VODDOI,2.7597787,2.8414552
PINGAU,2.607395,2.388988
PATJAV,3.3412862,3.079144
UJUCEH,2.035956,2.3553634
NARVAE,2.203034,2.6590836
JEBDEA,2.5461695,2.5731041
AMOMEU,3.6457815,2.5478559
LIRDEX,2.688485,2.6854155
REJXOU,3.4117637,2.7015855
DIHPIV,2.0109215,2.0014195
SOWVOR,3.2348895,2.7098584
FIQDAL,3.0811453,2.618486
VUDVEW,1.8748645,2.463382
AMOLIX,3.064002,2.729882
SAPXAI,2.5048082,2.6065757
CAYXAC,2.8525696,2.5533872
ODIQIC,2.1442573,2.4759243
TIRJOU,2.0631673,2.545321
WOLBAB,3.3214219,3.2744088
XAHKEW,1.1856,2.0271168
SUYPIL,3.434077,3.5370913
VANKEC,4.062932,3.4757738
TUWQUY,2.4403172,2.5941396
ACORAM,3.5312216,2.5281854
MAMKET,2.8544743,2.910256
IGUGEX,0.81389254,1.9990251
UWOPAY,2.0511942,2.3139284
UGOVES,2.1518764,2.4984426
MAYGUO,2.306165,2.228206
QIYPIX,2.7614114,2.2226486
QIWXUS,2.4313374,2.816663
PIWXUQ,1.7224808,2.5286589
ECAPEE,2.167931,2.6801448
DOKFOB,2.658008,2.7199059
FUWLAK,3.2767951,2.835686
FATZUY,4.706209,3.0497103
VUDVAS,1.921396,2.7119632
TOCPUW,3.0645463,2.6907225
CABKEW,3.716259,3.4168594
HAVGOC,2.7303905,2.725827
PEGCAI,2.0833037,2.3213615
KABZIY,3.1342075,3.582355
DOFXON,2.6863081,2.238995
YUHROJ,2.573653,2.431134
KEJLER,3.008763,2.4134285
LAMYON,3.4427845,2.8234866
ZANGEA,2.0501058,2.1540327
POZZOT,1.0457336,2.048898
PARFIX,3.8874187,3.3993957
TIKKAZ,2.3747377,2.6670432
UJOZIE,4.3750467,3.4355636
HAXLIB,3.391627,3.1518312
SEZGEK,3.8114989,2.4765325
LICDOQ,2.8593724,2.8985963
NATREG,2.1755502,2.8251524
CITFUH,1.9943225,1.9906867
KAWLIF,2.4316094,2.4899676
ETEDEO,2.772296,2.1931236
SAYKOU,3.386185,2.8646653
ODECIM,1.6686022,2.3274505
NIBKUE,1.9913292,2.2532706
IDUREH,2.208204,2.74832
NOMJIJ,2.975021,2.65329
HUQHEH,3.1720314,2.860735
CATLOB,2.4503853,3.0776725
YUYSUI,3.9878287,3.1814373
LUDGAU,2.7562413,3.1020315
YESXEA,1.9088788,2.3259826
MANQID,3.4694517,2.6121159
ENEHAG,4.0917764,2.9919472
WIHLEE,3.4065936,3.0048556
LEBZOI,1.9064298,2.5080917
SAQFOF,2.203034,2.524074
BUKYEM,3.3924434,3.0159442
PEWWUL,1.940444,2.0841393
PIRTIV,3.864833,3.0149374
GUVHUA,1.7061539,2.634709
TAMJUN,3.6104066,3.2665262
REYWAU,2.8030448,2.843026
KAJLAJ,3.01611,2.993159
PIDTIF,4.5916495,3.3165205
DIPYUW,3.0269947,3.1138275
HOPZAP,4.108375,3.0687022
RISKUC,2.2977295,2.3876808
MUSMUJ,3.974223,3.342945
IGUGOH,2.19868,2.3845382
JITKEC,2.1075218,2.4658227
FEVHIZ,2.566578,2.4554467
HUDVUX,2.7834527,2.8706062
TUTFAP,1.9456141,2.3316078
EZEXUC,2.561952,2.8340406
XOFDAZ,2.150788,2.3307362
LUZFIV,1.8743203,2.4070709
HIBNUB,2.9929805,2.491254
ELOMEX,0.9714465,2.5732975
WAWSIY,4.2240233,2.9254663
MONFAX,1.8963615,2.5468056
XAHRAZ,2.6541986,2.4845562
WECKUK,3.8634727,3.223122
TEGJEW,1.9638457,2.6202161
NIKSIJ,4.5347776,3.3005905
JOCGOA,1.670507,2.510903
SODXIT,2.284668,2.6731136
SAWMUB,3.309993,3.0181546
YOFVEU,2.1994963,2.2539275
SAWNOW,3.2065897,3.0906823
ZIHRUG,3.4808805,2.990615
COQMUS,2.8637264,2.9510837
VODXAN,4.0281014,2.7639365
SEMFIA,1.5910498,2.1902897
YARDEA,2.9246798,2.8868518
IBUDOA,2.239225,2.324256
COGRAR,2.119495,2.751589
ODEBUX,1.5948594,2.789637
DAJQUA,2.8038611,2.7534547
SAKFOB,3.9546309,3.0487325
SOXBOZ,2.4209971,2.4541724
FITYAK,3.3113537,3.446291
SATBAS,2.4680727,2.8113997
WOJNAM,2.858556,2.4207962
BORFUM,2.110243,2.6858509
MOMPOT,3.434349,3.177861
MICVUQ,4.6041665,4.037361
XOCKIK,1.952417,2.7506375
OKARAU,2.7654932,2.6660447
WOLBOP,2.3026276,2.7924335
VIZTED,2.425623,2.4918523
COQNIH,2.4618142,2.845731
ZAJTAF,3.1886303,3.0406072
DECKUU,1.2364854,1.8709872
KIMFEU,3.3614225,2.489196
HAJHIJ,3.2977479,2.820073
VOWVIM,3.326592,3.1393895
XAHRON,2.6721582,2.4866753
AMENOV,2.045752,2.3069735
HUQGUW,3.6868708,3.0001411
XIJTEQ,2.4408615,2.5603116
GIYBAU,2.7211387,2.3235373
ZORXAH,1.9211239,1.5502073
MAYGOI,1.9793563,2.2521696
ANASUE,3.5976174,2.5995288
RUWHIC,2.2362318,2.6665108
IGILIU,2.4348748,3.0075688
QEGWUV,2.5287542,2.530603
WAHHUJ,2.6922946,2.8263223
REZDUV,2.5853539,2.5947163
SEBVED,4.607704,3.1551147
EZAZEM,2.2405856,2.5681858
WUWQIQ,2.243579,2.5962648
MAMKAP,2.980463,2.858594
FEWYUC,3.0452263,2.7660682
XUJKIX,2.2558239,2.4420953
HEPFEQ,3.5595214,2.9560866
DIDJIM,4.610153,3.000338
TATCAT,3.591903,3.2576985
WOHXOG,3.0950232,2.4385428
TOMKAI,1.1913145,1.762034
QAQSOR,2.712159,2.6759403
FEQPAT,3.1089008,2.8455358
QELSIM,2.6044018,2.484469
QEFCIQ,0.67429817,2.652066
YARFEC,2.8234534,2.706497
YAXQUM,3.3391092,2.9467597
SIRSAP,2.2901103,2.3163774
POQSET,2.8131132,2.4183197
XAPTUF,3.642244,3.3883553
LETRAE,3.3358438,3.1116383
MATSUX,3.6857822,3.2368603
VIKBAS,2.1668427,2.2568395
TUTDAN,2.7067165,2.4158032
CERCOR,2.4993658,2.6151788
LAYDAS,2.8256304,2.7357225
PIWHIN,4.2466087,3.2120862
TEZXAA,2.3834453,2.6068554
ONUZEE,0.91321415,2.7956696
UROFIR,2.6509333,2.6203759
FEHZID,2.5584145,2.5189433
POBGOC,2.5219512,2.8053613
GUHSEH,1.8699665,2.229052
JUMLUY,2.1850743,2.7668333
CATKUG,3.290945,2.933786
FUVHAF,2.107794,2.3872366
ZUVWOC,0.69497883,2.4344773
MOYFAI,2.1638494,2.4800346
QIYNUH,1.9880639,2.2676473
REDPUL,0.8655942,2.8418112
QICSEB,2.555149,2.8339562
LOPTUF,3.066179,2.7222629
NOYNOG,4.4389935,2.957493
MODYUB,2.5622241,2.6799288
GIFLAI,4.9505677,3.525816
EXUWOK,3.1723034,2.6593716
HIMDEM,2.6449468,2.9601128
JUZSEC,0.5262682,2.0904913
BABSEE,1.6003016,2.656817
PUCMOR,2.3714724,2.5497177
KATREC,3.51299,2.8762267
DOSFEZ,2.2019453,2.6289487
KUJLIK,4.4702864,2.5724602
LULNEL,3.5170717,2.8604815
XOLKIS,1.8520069,2.4281564
XOLTAV,3.0939345,3.1114323
BUYROD,4.1951795,3.3148744
AXOLII,4.1856556,3.32648
VUCPOZ,2.980191,3.176509
KIJNAT,4.292868,3.166444
IHOFEQ,2.140992,2.1673882
QUHWAR,2.97747,2.9314656
TUFDEE,3.943746,3.1698132
PIWXOK,1.6484658,2.5203676
JUWKAP,4.8624024,3.222612
YOTKUP,2.9029107,2.941056
QUBJIG,2.2258914,2.5731525
GUBDOW,1.2016548,1.9484572
LIKQEB,3.532038,3.0935287
HIJMOC,1.9529612,2.766756
LIXGOQ,1.6958135,2.4603572
TULKIV,3.1445477,2.3020198
XARDEA,2.3159611,2.4929671
FILHIT,2.4585488,2.5236917
XADNUN,1.5883286,1.748488
IGILAM,2.1937819,2.8229754
NAXQOS,2.8591003,1.9045974
LUBVIP,2.920598,2.3916535
HUWLOC,2.1584072,2.4561203
RIVGAF,3.03026,3.3076231
AKAJUT,2.2204492,2.533587
PUTCAJ,4.4104214,3.5929565
BOFYOL,2.2781372,2.5055187
VUFQET,3.6925852,2.5108082
BUXVEX,1.7910534,2.2930317
OJUPIT,3.412852,3.0764663
QIDPOK,2.1284747,2.6772003
KEWTUC,2.5750134,2.6145277
NASCUI,3.5067313,2.6801953
FEQYUY,1.7654748,1.992702
VINXAR,2.7165127,2.4943094
NUSPEW,2.043031,2.0673199
ACOQOZ,3.5377524,2.620359
WARFOL,2.382357,2.4400144
RAZHUV,4.9829493,3.245062
QOHSOV,0.8767509,2.1952963
KIHPOH,1.9858869,2.1758692
HUNHOO,2.8076708,2.323697
XAXVIC,3.76143,2.5399208
VIJCOG,1.7009838,2.6639383
KARPID,2.6963763,2.777031
HOHFOC,1.9521449,2.261354
MEHGOY,2.4580045,2.8497834
HEDZIA,4.9886637,3.7098515
YUKKOE,2.105345,1.9838291
AVUVIX,3.4109473,2.8921206
ZORWOU,1.7124126,1.989152
ENAWOG,2.5200465,2.9270296
WUHJUF,1.6479216,2.4415011
SEVZAW,1.5115925,2.0163312
QAZKUX,1.9703765,2.36323
REYSOE,3.8150363,2.4957194
SUVFIY,2.9301221,2.8854718
BIBSEN,3.5385687,2.839251
MAYLIH,0.5850448,2.018288
LENGUH,2.4348748,2.6400676
LIDQEU,1.7532296,2.3380036
SIWHUC,2.631341,2.6335762
QEKGIY,2.6876686,2.4061162
PIQZUK,2.451746,2.477036
FANKIO,1.6332273,2.5790668
LIXRER,2.1695638,2.3360245
HAHWET,2.2838516,2.5969505
MEPBAL,2.8457668,2.9560266
NABYOG,1.7486037,2.2746956
WOGWIB,2.4395008,3.0317302
VIYDAJ,3.7285042,3.5258424
AXEWEF,3.8479621,1.7797805
MANQUP,3.4879556,2.674486
JOHQUV,3.6427882,2.754441
IJANOX,1.498531,2.212263
ZUQTAG,2.6041296,2.553052
MOPZIC,3.2316241,2.8467045
AJETUE,2.9535239,2.4777694
XUMJUK,0.63239264,2.3584123
UBIFET,2.294464,2.5462706
GAWFUI,3.9584403,3.2173915
VAWQAL,4.23899,2.9722784
VOGSEQ,2.3170495,2.6661453
UYELEQ,2.6637225,3.0900064
ZIHRUD,3.176113,2.7958808
EVUVUM,2.3769145,2.5712242
RADPES,1.5284636,2.007007
AMOQEY,2.6531103,2.6745641
GUPREO,2.814746,2.4432936
SAKFIV,3.8963983,3.006782
KOGJEW,2.069698,2.4536815
MOQKUY,2.5366454,3.2856348
QUHGOQ,2.3412676,2.6666155
OGEKAM,2.3069813,2.560702
JAKFOR,2.2745998,2.3687615
DINXAB,2.2735114,2.359504
BEHHUU,4.853967,2.9213262
TASWAM,3.7491848,3.1856518
ADEXOW,4.0191216,3.1143699
DAZTOO,2.4811342,2.3440034
UZUHEE,2.600048,2.7937856
GIXZUL,2.7733846,2.7062945
QONZAU,2.2950084,2.501966
PELFAP,3.1717591,2.3300388
FIYROV,2.0424867,2.811979
JUWKUJ,3.7252388,2.6000643
JACROU,4.016945,2.8092625
IXIJEF,2.440045,2.7919288
WOFQOZ,2.222626,2.6042697
QIJGOI,1.2949898,2.0338933
GILKUK,2.733928,2.6254377
HILDUD,0.86831534,2.5692153
VIRNES,1.3662837,2.3673677
EZASON,4.715733,3.8454309
JEBDIE,2.403854,2.583298
VEVCEH,3.9279635,3.09082
OFIMOH,1.9543217,2.5629237
VEBNEX,3.0123005,3.0143428
ZEBJAR,2.7396424,2.5876842
XEWKEQ,2.306165,2.6410441
HAJHUV,3.2808769,2.8581886
NAGXIF,2.3165052,2.0225117
TIJDOF,2.4248066,2.966559
QAKYEG,1.8623472,2.3375082
UZUGIG,1.4574418,2.5667338
EBOGEK,2.2980015,2.5477586
NEGMAP,2.3243966,2.5451348
LIXGUW,1.7298279,2.441147
RECNIY,3.4041445,2.9924142
QAZMUZ,1.0449172,2.095483
GAZHEU,4.5309677,3.3550549
PUMDEH,3.309993,2.7297132
EMAVIY,3.8387103,3.6700714
HAHJIK,2.2014012,2.652266
TUYBOF,2.7238598,2.8507318
UGOVAO,2.6751513,2.5086079
ROBSOR,2.6152864,2.4561238
PUMKIR,3.0694444,2.9502237
SITZIF,2.3360975,2.3795252
RENCOD,2.0449357,2.39283
CIRFIV,2.0427587,2.3461356
MIVJAC,3.7293205,3.1131575
IGUGIB,0.513751,1.8577933
FILFIR,2.578551,2.700134
REKTIK,2.6223612,2.866184
QOFPIM,4.9502954,3.5243018
BUHPUQ,4.838729,3.351653
MABMUY,1.6299621,2.2228854
WAVPOZ,0.9192006,2.515271
IPOVIT,1.7491479,2.199566
GESQON,2.717329,2.678515
LAZHEB,2.7129753,2.5820827
DAFFUN,3.4501317,2.5614834
MEQZUD,3.4757104,2.9759314
ABUBOO,4.0713677,3.5218186
UCEDAJ,2.6650832,2.430651
NEZJEH,0.9006969,2.6008282
SIFQAZ,3.4985678,2.906474
ZARVIX,1.9856149,2.5882077
DABJOI,2.5453532,2.2653437
HIYKEG,2.3793635,2.7938902
MEFRIB,3.0201917,2.6186259
DITPOM,2.8384197,2.795772
GEQTAX,1.646561,2.744697
COKGIT,1.5744509,2.1003962
DOTXIV,2.604946,2.596048
TEGKEX,2.158135,2.3744876
RUKPES,2.6250825,2.7501905
JARMIZ,1.6136352,2.4171813
IZORIZ,2.8827744,2.3582418
NOBKAS,2.9663131,2.3050814
JOCPAU,2.4128337,2.7520897
CERTOL,2.549979,2.7710145
UBIFUJ,2.5137877,2.5875778
AWOYIV,2.5317473,2.8798795
BETDIO,3.4648259,2.645249
HOKLUQ,2.0204453,2.02431
OFEZOO,2.2615383,2.7643816
YOMJEP,2.755425,2.6138582
YOTKOJ,2.5015428,2.894826
OTEVIT,2.4773245,2.5394945
SEKRUV,3.3018296,2.3144472
DIYXIS,1.8653405,2.4184911
OTETOX,2.5026312,2.6089091
ICIKAJ,3.4387028,2.6761005
AKEROX,1.8555444,2.5057375
NUXQII,3.2841423,3.1463199
BEHJIK,4.192458,2.8913465
UGOTUG,2.6005921,2.4045992
MUPBAA,2.2125578,2.8152702
CORTOV,2.9222307,2.4503715
JEDNUB,1.6484658,2.788977
HOXWIA,0.5866775,2.5427847
EKOREB,2.2865727,2.9032726
EMIMET,2.1956868,2.7266526
DOKFUH,2.6210008,2.645204
OFICEL,3.510541,3.5092397
HEWPOP,4.3747745,3.3269618
XOLGIQ,2.7562413,2.943891
QELROR,2.1450737,2.3432488
RIDQIG,4.7990003,2.8578203
EYUNUJ,1.8778578,2.4798827
NEDQET,3.2732577,2.9615347
ALOBAF,1.797312,2.3236473
SAYGOQ,2.0117378,2.2420363
RAZDUT,1.9521449,2.325169
QAGTUO,3.6436045,3.7920551
RIRPOY,2.3965068,2.3964016
XODVAN,2.9072645,2.6711442
GUPRAK,2.7695749,2.4669142
QEPJEA,3.2746181,2.8243387
HILXAB,2.15106,2.535963
ZUJZEL,2.1875234,2.6573365
SATNEJ,2.4860322,2.7388878
DONLIC,1.9483353,2.200347
GIXQIO,2.2571845,2.8920417
GISGOE,4.5685196,4.5754647
NUCCOD,2.4982774,2.9677248
EXUKUD,2.105345,2.6403537
EWERON,4.27763,2.9311817
TAMNIE,1.5262866,2.0360765
POVMOD,3.2563865,3.0152445
HENXIH,1.8041149,2.5264168
EPENIX,2.0452077,2.1575968
XULVUX,2.6604571,2.6878679
UJEREI,4.23001,3.7891634
MUXSEE,1.8427551,2.778913
CESNET,2.5031755,2.9032896
DORWOW,1.4356728,2.298049
OLOVOC,2.1521485,3.0270941
GICXAR,2.206027,3.1077847
MIBMUG,1.6364927,2.6939888
UDIRAC,1.4389381,2.164998
GOFBIM,3.8362613,2.9884288
TAFTIF,3.3437352,2.411473
KETKID,3.3965251,2.776424
DUBVEC,4.1976285,3.4540672
OCODIV,4.9170976,3.8412957
HUQZOJ,0.5581055,2.7588894
FIQPEA,3.285775,2.595704
YIVFUE,2.4767804,2.665314
KOMXUF,1.8626194,2.5378048
YISNEV,2.531203,2.326054
NUZXAJ,3.2797885,2.694164
XOVTOS,4.626208,3.294661
MEJFUD,2.8805974,2.817325
MUMPAM,2.3197706,2.1477568
GAGSEO,2.0879297,2.5687327
TIPHUX,2.2473884,2.2849936
EDODOR,2.1374543,2.4193733
NONWET,2.8588283,2.701076
HISLIH,3.0786963,2.765375
MONJIJ,2.8030448,2.164308
FUBPOH,0.7208296,3.0703714
AREPUK,2.7633162,2.6033587
INIGUH,1.9880639,2.7893877
XULVOR,2.679233,2.670553
ALOBUY,0.9143026,2.8759065
XOYCOE,1.7056097,2.652003
ICIPES,4.502124,2.9311855
SUCGEC,0.87484604,2.514939
KULJIM,1.7725497,2.7325914
POPWOG,1.9486073,2.450573
BAJKUU,2.1069777,2.9258792
OLOVUI,2.2384086,2.8159945
TUZFUP,3.352715,2.5470982
SUTRII,4.6931477,3.611536
LEPBOX,3.26972,2.5380392
ARIMEV,1.8724155,2.357145
JAZFAS,3.5339427,3.010009
KUDMOM,1.3015206,2.4695911
FEMWID,2.4895697,2.2859554
PORXEZ,2.9589663,2.2470393
XIVPIC,2.9020944,2.675613
TAGYUW,4.103477,3.5843306
HUQZID,0.504227,2.8425512
HAGKAC,1.6862895,2.6980882
GARXAY,1.1812463,2.8435833
FILLER,3.1600583,2.3656464
HISNED,3.587277,2.944749
POVNAQ,2.3026276,2.8611877
HEDJOQ,3.209583,2.8505995
QAMLAS,2.07895,2.241821
PURHAL,2.105889,2.3260372
BUKWUA,3.6313596,3.0706823
EDODEH,2.387255,2.4332135
MIGMEW,3.2653663,2.7451534
ROVFAL,4.232459,3.80656
UKOHUZ,2.0988142,2.6872485
VIJKEH,2.0163636,2.6350214
QAJNAR,1.0035559,2.8104806
POHXAM,2.6076672,2.4473245
QAPRAB,3.204957,2.6470952
VUBLAF,3.6740813,3.269595
IKOLEA,1.5205723,2.3222485
NARZAI,1.1934915,1.6350164
CIGVIY,1.7080587,2.4608068
UWIQOI,3.0321648,2.2173457
SIBMEX,2.526033,2.5978742
BUCSID,2.4699776,2.7818265
REDVUU,3.0974722,3.0788689
ESEJER,4.9268937,3.727817
DEXCUF,3.4286346,3.7456665
VOPQOJ,2.3423562,2.4765184
SUCFEB,1.6160842,2.2566104
JOVJUB,1.8898308,2.4454014
DALFON,2.2786815,2.4940906
NOWQEV,4.3785844,3.839771
AYAMOE,1.223424,2.4687395
EDOCUW,3.4422405,3.2957127
CEHSOY,3.1352959,3.311475
DEFBUN,2.4416776,2.4337957
JAZFEW,3.7407494,2.6965458
ECIPEM,3.6634688,2.6747692
OLOHUU,1.7858833,2.0672598
NAGBAZ,3.8066008,2.676262
GIXMIK,2.972844,3.211844
QEYXIC,2.6305246,2.8311381
VUVKIH,3.147813,3.1061783
GIZPIQ,3.281149,2.8802173
HOLSIK,3.0705328,3.0605125
NIBRIZ,4.5609,3.0508654
QOYKAR,1.1864164,2.3863153
RUQZAE,2.5007265,2.7385845
WOGBEA,2.2558239,3.0290086
HOMRUW,4.20171,3.528089
MOJTOW,2.814746,2.8539422
BAMPAG,3.2923057,3.1948688
XAWJAG,3.080329,2.6811209
SEMHUQ,2.4229019,2.3591108
JABGEZ,3.0574713,2.788866
IKOLUQ,1.4952657,2.2170973
PIGTIK,4.819953,3.1459546
VEFQIG,3.962794,4.1944265
LAXCAO,3.0626416,3.1496794
COZXAQ,3.0123005,2.0045357
ZALHEC,2.4313374,2.8478682
XEBVIK,2.4248066,2.8473992
JATJEU,1.6675137,1.9904013
COGSUN,3.606325,3.0103698
HAHXOF,2.1687474,2.3695498
PUBNOQ,3.0506685,2.6881979
ISIJEB,3.8052402,3.3377407
ROWVAC,2.7271252,2.6715477
POPWUM,2.9695785,2.6367934
JIYPOX,1.797312,2.0654745
IKOLIE,1.5110483,2.3349564
TARKUS,3.4713566,2.5758762
YOWXIT,3.0131168,2.386085
IWEBAO,3.0163822,2.9359212
ROWTUU,2.8444061,2.6958365
ADADIU,1.6764935,2.1827035
RAHMUI,3.2359781,2.9999862
QEZNEP,2.8471274,2.8224096
DEXDIU,3.5875492,3.5549378
KIGSEB,2.861005,2.5829334
OLAFUD,3.2269983,2.8712635
YIBLEB,2.8060381,2.4450238
QOQCEG,2.0422146,2.6954832
KAZHIE,4.2335477,3.0428338
HTEPOS,2.8093035,3.4458826
MASQOO,4.091232,2.7753382
OHUPIR,3.056383,2.4135363
SIVRAR,2.7777383,2.5859601
POPVAT,2.1448014,2.2396345
QADJOV,2.3480706,3.2111232
EZEMON,1.9760909,2.5378468
DIHLAK,2.2482047,2.744319
FANVAR,2.5162368,2.606291
YUWRUE,2.7371933,3.1551747
NADQUG,4.116811,3.1170256
BOJMOE,4.311372,3.8140447
YISNAR,2.3431726,2.4749491
QOYKEV,2.188884,2.5687954
SAXNAH,2.5641289,2.689296
EDODIL,2.2580009,2.2055798
EXOCOJ,2.1075218,2.5230753
TEQMIL,4.0433397,3.0546105
UWEKIR,3.6033318,2.975388
NIVWEV,3.792723,3.6502073
REFJES,2.1853464,2.6196442
TUKZII,2.322492,2.3372383
PUCPEI,2.6084836,2.1861653
XEFVUZ,3.9344943,2.8702288
SICLAT,3.5453715,2.7867136
FIBXAQ,2.891754,3.0511978
NOSWEX,2.774473,2.6073866
VAWLEN,2.942367,1.7802793
ADODAY,2.4272556,2.2755723
RAYVIZ,3.0150216,2.588797
SICLEX,2.9328432,2.946827
JECZUM,0.6269503,2.8986204
ISIYIS,2.1731012,2.6220863
EGETAL,3.4689076,2.336553
OFOKEZ,3.1222343,3.300168
QEJTUU,2.5121553,2.6169438
WARBUP,2.5224955,2.275451
YOFZEY,2.698553,2.67509
HANGEI,0.99593675,1.8681045
WACWUS,1.0231482,2.0376902
PICSOK,3.6621084,3.5618315
KITXUG,2.2027617,2.6873665
KONZOE,3.0931182,2.7120576
PAHLIU,0.23973231,2.6303914
SAWZAR,3.998169,3.6061425
QOFSUB,1.4090055,2.589676
DALGEE,2.162761,2.4868796
MACQIR,4.2223907,3.5354486
BADGUL,3.7965326,2.8052475
QEWREP,2.2756882,2.5497537
IWIBIA,3.3304017,2.929257
WACWIG,1.1526743,1.8431413
PUFPIP,2.4827669,2.9899695
TAFTOL,2.533652,2.4428601
AYITAD,2.955973,3.3273065
MIBNAN,1.7284672,2.6872015
OMAQAV,2.0394933,2.62985
ADURAU,2.4509296,2.3926525
ZOWRUA,3.7464638,2.1054258
WACWOM,1.1768924,2.253673
WIHYOC,0.47946462,2.9110882
MAMLET,2.836787,3.1677077
RACHIN,4.026741,3.3484023
YEZZUZ,2.0726912,2.7327647
QEZNUF,2.1175902,2.3350549
BAYYIM,2.0745962,2.0411081
ANIMIV,1.6620715,2.47222
ZEGZUG,4.1565394,3.2720318
EFOWOO,2.3257573,2.415214
AHUYEH,1.4729524,3.0849206
MERYOX,3.2751625,2.9567122
XAXJEO,2.1924214,2.5138555
REYMEO,2.8348823,2.3779323
SONLUC,1.7377192,2.5131466
GIZPAI,2.7257645,2.6418102
CIHXUN,3.0346138,2.7353473
EDODUX,2.1339169,2.4015024
HEDHEE,2.8694408,2.5256538
DAKLUZ,2.057725,2.4956527
JEFWOJ,3.5627868,3.0039442
QEKVEH,1.6979905,2.3417993
ROWTII,4.454504,2.291046
GERMAS,3.448499,2.9860265
WOFKIL,2.853114,2.54418
NIGPUO,3.508364,2.4564424
QUGZOH,3.9453788,3.24898
VEYZIK,3.5543513,3.2033672
DAKDUR,2.1431687,2.3031778
XALDUK,1.1970289,2.1397603
FAJBUP,3.4199271,2.910636
HALQEQ,2.1744618,3.0585268
TIKRUC,2.5287542,2.5651803
WEBWOS,2.487665,2.5026715
DEFCAU,2.4672563,2.361531
DEXCOZ,3.8792553,3.7710333
KEKQIB,4.014768,3.0033894
YINPIV,2.9589663,2.4703834
MOPXAS,3.4566624,3.2001736
ECERIP,1.6076487,2.3239782
TIFFAR,2.6963763,2.9463296
DALGOO,2.1992242,2.5467176
UDEGEP,2.755153,2.2872412
NOGSUA,3.221284,3.0675132
YAQNOT,2.576102,2.7930193
GAWFUF,3.6139443,2.836852
MUXTAB,3.0656347,2.6530764
DIXRIN,1.8873818,2.294189
QUNVEA,4.3870196,3.122094
IKOLOK,1.6247919,2.263183
NEDHAG,3.2014196,2.7094934
PIGTEG,3.6449652,2.6703362
EBATAC,0.92954093,2.2267222
IHIXUT,1.6520033,2.5090895
TOMHOS,2.1254814,2.815469
DUBCAF,1.9646621,2.6272197
HUZYUW,3.0035927,2.3411825
CUTJEG,1.5782604,2.6488912
HUJGAU,4.052592,3.0605717
XAWYIF,3.6310873,2.734345
POVNOE,2.905904,2.9262388
NELVIM,2.108338,2.9627614
BEJKIL,2.6778724,2.486974
HISLUT,3.004409,2.9629831
LITCEZ,3.2139368,2.8690422
LIJBIR,2.8599167,2.9227366
EFAFOH,3.4904046,3.107793
NIWVAS,1.8642521,2.0598469
FAJBOJ,1.687378,2.607521
XEZFAJ,3.4376144,2.754237
IBIPAK,2.6533823,3.1676488
LINSIM,1.9744582,3.102487
FIMQEA,1.9801726,2.416869
IKOMEB,1.5333617,2.3641016
QADNOA,2.2125578,2.5161653
GIXCOG,1.8800347,2.4376693
WIDHOI,2.3358254,2.2617357
KUDMIG,2.903999,2.5540879
IDEQEN,2.3197706,2.4045086
NONVAO,3.582379,2.8347473
ACOLOW,2.791344,2.2850714
LACWUH,3.374484,3.1110337
ZEWSEB,3.5981617,3.137529
FIWBAP,2.5314753,2.9690673
JANTAW,3.1758409,2.5854218
XEBSED,3.7818384,3.0692158
HACDEV,4.027285,2.7801125
HEDHII,2.8601887,2.4122264
FAPPUH,3.2547538,2.6078503
MEFVAX,0.6111677,2.8476906
CIHYAU,3.1679497,2.7998788
MITRAI,3.085771,3.0535803
GIXBUL,2.0354116,2.3918939
FEYROT,2.9671295,2.7854693
ZOMQEX,3.4256413,2.2210202
SONLOW,2.7638605,2.6111603
TOMHIM,2.3423562,3.037282
IBAXER,1.6762214,2.4735575
ILORIL,2.2215376,2.4785783
QOQCAC,3.6509516,3.3352451
GOFBAE,3.9412973,3.5482419
GOMXEL,0.61688215,2.48508
LEPGOE,1.969016,2.3595033
CILXEB,2.9595103,3.2116637
TULHIR,2.5363734,2.8785255
XAXJAK,2.3075256,2.7977533
RUQYUX,3.1222343,3.319325
ABUXOK,0.7880418,2.715354
ECIPOW,3.8272815,2.7671638
LIHQID,1.7388076,2.4192562
RITRET,4.586207,3.7652218
YETHIR,4.067558,3.200915
ZACHOD,2.2386808,2.7283587
TARLAZ,2.7448125,2.6288314
MUXSUU,1.4805715,2.6999028
MASNUQ,0.3137473,2.6146612
WOFKOR,2.7682142,2.949908
TUKZEE,2.5774624,2.7556846
EFOWUU,2.5401828,2.59824
VIPNIU,1.4476458,2.1370606
ESOWOY,2.167387,1.9262106
NUZXIR,2.8490322,2.4292066
GOBCUY,2.8993733,2.4169838
JODWAB,3.4572067,2.7169952
VIJJOQ,1.9545939,2.5641985
DOXLIM,1.7573113,2.2307289
UWIQIC,3.6071413,2.914024
WENJUW,2.461542,1.7641256
HISVEK,3.4977515,3.2918801
FOGLIW,3.071077,2.7599356
XEZPAW,3.0751588,2.4433236
VESJEI,3.8640168,3.6576984
MUMNOY,3.6463258,2.6816695
ROMRAM,4.007965,2.8518846
FIBXEU,2.6041296,2.9843154
NOGSOU,3.0982885,2.5680938
IKEJOY,4.318175,3.204392
MOPWUL,2.9731162,2.9849682
OJIJAT,4.6011734,3.1973596
QAGBEG,4.2335477,3.384832
XOVTAE,4.649882,3.0443091
DEXCEP,2.5352848,3.753325
WOFNEM,3.577753,3.354772
IXOCEE,3.2376108,2.7995708
BIKSIZ,1.0062771,2.2774134
WIHYIW,1.8868375,2.4381275
NOTBAB,3.7513616,3.3154643
VUCJIM,3.2487674,3.2819839
DOQWUE,1.8013937,2.0998678
JEGGEI,2.3197706,2.414779
PESGEZ,4.55437,3.1911066
MANTIE,2.243851,2.1551342
RAQJUQ,2.5660338,2.81891
GOMXAH,0.6103514,2.354228
TICFOD,2.2014012,2.6019874
MASNIE,0.24898419,2.3020866
ROGCEV,6.135079,3.9389524
NOWQAR,2.2522864,3.1506448
FAJCIC,2.038405,3.0684094
DOBNUE,3.878439,2.9918218
CIJQEU,2.4239902,2.751496
UDEGIT,2.5135157,2.149685
NOGTAH,3.1774735,2.8247397
GIXBIZ,2.0416703,2.580565
QOXHIU,1.1502253,2.5688932
XAXMIT,4.1744986,2.8292146
GITMIF,1.8756808,2.3236353
YAPYET,3.2422366,2.5139563
LEPGAQ,1.9001712,2.1487715
KUPCED,3.6172097,2.9728441
AMIKAK,3.2504,2.6793647
RIGZUC,2.1366382,3.0739217
JIWWER,0.66695106,2.3131292
YOWXOZ,3.1505344,2.0974963
WOFKAD,3.6068692,3.096646
LIFPEV,1.8609867,2.2252932
ASOHAS,3.1396496,3.42158
CIXKUP,1.2710439,2.5981507
SEGZIQ,2.1521485,2.4524863
GOBCOS,2.9578776,2.3959417
NOLTOX,2.793521,3.388486
BEJSOA,3.333667,3.4078088
TOMHEI,3.1097171,2.7759907
FEYRUZ,3.128493,2.700774
MUXDUG,2.5995038,2.5052392
TIPJAF,1.5730902,2.354692
YIVFIS,2.3532407,2.7138438
ZAZLIX,2.717329,2.856556
DOXLOS,1.8990827,2.2750585
ZOWMUV,1.503157,2.362073
YEJSUC,2.955973,2.8738036
DAKMEK,2.834066,2.647485
VAWLIR,2.795698,1.894839
YUBKUD,2.009833,2.5500712
YUPFEU,2.3056207,3.1582332
UMAZUD,4.0691905,3.0452683
PUWWEJ,4.0789866,2.9858754
GIFHUZ,4.2144995,2.933189
FEYWAJ,3.0914855,2.8597684
UZUBEX,0.73715645,2.8390467
YEPPOY,3.345912,3.2640421
RECLIV,4.3453865,3.5462914
OLONUA,1.1983894,2.5852628
KEDVOE,2.9908035,2.8199627
SIQLAG,2.5148764,2.210084
TIKDIC,2.5154204,2.5492184
FIBYEU,0.5888544,2.5990736
HINNUN,2.736105,2.2156348
IDEQIR,2.2253473,2.4122643
GAGCUN,2.6188238,2.817151
LIJKUM,4.065109,3.073267
JOJTIN,1.4432919,2.2385936
KULJOS,2.1641216,2.5321956
BABPEA,2.2735114,2.633544
XUNMUP,2.7867181,2.6984642
MAPZIM,2.81529,2.7884624
SACROE,3.188358,2.847354
WIHZAP,2.3529685,2.018347
GACXOY,2.5328357,2.6576402
OMAQEZ,3.0914855,2.619346
ISIJIF,3.8732686,3.329949
JITNEG,2.6054902,2.6752768
OLOTOZ,2.3388186,2.8481307
ROMQOZ,2.731479,2.8325365
CEQVEB,2.1516044,2.593961
KEQSAA,2.5684826,2.7310913
KETKEZ,3.2713528,2.6906056
ZUJNID,1.9001712,2.663528
QISBAW,3.9470115,3.2385037
GICXIZ,3.596529,2.9176939
UGEQAZ,2.9567893,2.9155467
KEKQEX,3.494214,3.1125715
OXEBUP,4.6106973,3.7526155
ACIHAV,2.3317437,2.6292818
LIJKEW,2.8005958,2.9602914
ESALOA,2.7309346,1.9794611
YIVFOY,2.4612699,2.654208
KISTAH,2.1347332,2.3530135
FEJZUP,2.1026237,2.2373047
JIYTUH,2.9603267,2.6192632
LEMGEP,3.656394,3.291096
ZAZVOL,4.792197,3.3598292
KILTEE,2.9551566,3.1879017
DALFAZ,2.186435,2.4658093
UZUBOH,0.19129604,2.8418305
OLAGAK,3.1535275,2.9027817
NEKVEG,1.5624778,2.0155568
QISBIE,3.0299878,2.7811615
COGTEY,3.407682,2.8274188
VUBWUM,1.8356801,2.3756042
ICEJUV,2.8490322,2.5722551
AJUXIO,3.1445477,2.7205153
EMEDOP,3.176113,2.786111
IHIXIH,1.2054644,2.2869036
IHIXON,1.7472432,2.6747282
NIKPIH,1.8484695,1.8824706
WIWNIC,2.4539227,2.63181
HOTBEX,4.058034,2.9134731
XOYCUK,2.2433066,2.7918918
KUSGEL,2.3355532,2.72372
QEDNIW,3.2180185,2.6116552
QOLZUM,2.4441266,2.1570842
DULMEC,3.2218282,3.6807175
GEFMUC,3.0408723,2.7683346
OCEBAZ,3.751634,3.1572757
PEZDII,2.3712,2.8267384
GIDDED,0.57007855,2.406071
VUTCAQ,3.3739398,2.620716
TILHIF,2.3929694,2.9979372
XIXPOL,5.092883,3.5126224
YEJSIQ,3.1157038,2.894703
BAFGIZ,1.7257462,2.2764163
RESZEV,2.4982774,2.4949467
QOYKIZ,2.0667048,2.5836635
NTPOSB,3.0272667,2.8216186
RESYUK,2.1355495,2.5012376
OJEGER,3.3810148,2.8362415
UWIQUO,3.580202,1.8380934
IBOGOX,0.9613783,2.1934268
SIZYOP,3.2689037,3.114467
JUYVAA,3.0196476,2.9152598
HEBGIH,2.6512053,2.4247754
HECWUJ,3.9769442,2.6158988
NUFVUH,2.3975952,2.6069324
ROWYEJ,3.6863265,2.8519206
TELBUK,2.750527,2.747746
BIKSEV,0.9834195,2.257889
TAJCIQ,2.2857563,2.8058918
YEJTAJ,3.037607,2.958876
BUDBOS,2.9488978,3.1499007
YOBGEB,2.820188,2.7853014
HIGZUV,2.0805826,2.614172
NAFZUQ,3.207406,2.3461478
YAHZEM,3.6531286,3.2534087
DUYTEY,2.614198,1.9896684
EDOFAF,2.0631673,2.8719773
PANJUJ,3.7217014,3.2600613
NOLJIH,4.327427,2.9602463
HACCUK,2.8196437,2.4607189
WARBID,1.2688669,2.174085
UHONUA,2.68141,2.5729003
FAJCAW,1.7679237,2.7105303
HAQVUQ,4.8142385,3.2968235
OLUGIL,1.9521449,2.524724
HISFIY,2.0533712,2.5657356
IXOCII,2.5012705,2.5639856
XEFVOT,4.1402125,3.305317
KEZVIV,4.069463,3.096244
OMITAF,3.32632,2.6160305
IGESUI,2.554877,2.623372
NELHUK,3.0514848,2.6244845
DEXCIT,4.4947767,4.027136
AFOWIB,1.5975804,2.611156
XEYYAE,2.2884777,2.2744098
QADPUI,2.0473847,2.3256085
XOWGUL,3.4199271,2.5386176
XIXPIF,4.49777,3.4938622
LACXAO,3.1200576,3.2873836
PAHLOA,0.2356506,2.369341
REYLUD,3.9154463,2.9509394
MOMQOU,2.0101051,2.8649
IGESOC,2.4699776,2.6421328
HOXZEZ,2.5086176,2.6107147
UCAWAX,4.341849,3.4855685
KUDMEC,2.676512,2.7179239
CIFGED,4.874376,3.5318418
LAVFAQ,3.9589846,3.246804
RAVWAP,1.8231629,2.5392048
JIYVAP,3.4191108,2.6896007
DALFIH,2.0441194,2.2097795
HOGPAU,3.2966595,2.9161396
KIKKUK,2.595694,3.0771332
YIHBUO,2.6016808,3.0584855
REHXIN,3.1927118,2.6925416
CIDWER,0.31837323,2.8089695
XUDDOP,3.288496,3.2784076
PIPRUD,2.7396424,2.3524685
RILRUZ,0.7401497,2.673027
OQEHUO,1.0353932,2.504614
IVITEN,2.16521,2.884981
SIBLOG,2.3026276,2.38594
XANLIH,4.820497,3.1896462
CIBJIJ,1.8843884,2.6251225
YINPER,3.1023703,2.97653
MIGMIA,3.305367,2.7670224
CILWOK,4.2479696,3.2502272
AMIKEO,2.9146116,2.1329439
QOPSET,2.3981395,2.6032813
EPUPOV,2.8101199,2.9950495
UNEHIE,3.8112268,3.1712968
VEKWUG,3.2308078,2.3271601
SUBCEX,1.6555407,2.1296942
VAKSEF,3.018015,2.6287117
LULDIF,1.412543,2.0883608
TUSFES,4.8498855,2.936057
NIKPAZ,1.9039807,2.4396908
KEKQOH,3.842792,3.1445842
IBOGUD,0.9469562,2.197617
TUGNOZ,3.2958431,3.096804
GAHQUB,5.2493486,3.44326
XIXPEB,3.7358513,3.2280517
LAVFIY,3.5660522,3.1444736
QEKVAD,1.6492821,2.5019388
PUWWAF,3.637618,2.6068215
POVMUJ,2.4014049,2.565592
GEGZID,1.2609756,1.9129405
NUFWES,1.8868375,2.3221903
IKOLAW,2.3056207,2.412389
CIXLEA,1.1270956,2.7089138
TULHUD,2.666988,2.6995165
FENCUZ,1.8109177,2.1413684
AJUZUB,1.6310505,1.8478552
BADHAS,3.1850927,2.4596395
IKOKUP,2.2580009,2.4517572
OXECAW,4.6090646,3.5866208
GEFMOW,3.7045581,2.7001405
OZEXAT,2.3358254,2.5951707
SARQEJ,3.2996528,3.3926814
NEDGUZ,2.99679,2.724787
NUSSID,0.90396225,2.8282719
HOMLEB,2.6468515,2.6499937
FAKDOL,2.7712076,2.051873
RAYVEV,2.9118905,1.9973423
RIPREN,2.7235878,2.5653374
DUSYEV,3.6735373,2.9556298
NOXYEE,3.44605,3.4324937
LIHQAV,1.7823458,2.0710337
VEJDOE,2.5290263,2.1607008
ILAZOK,3.6504076,3.442189
QAMKUL,2.184258,2.3488343
XONBOR,3.168766,3.2280176
BIKSOF,0.8084503,2.498494
QISBEA,3.0264504,2.6736178
YACDIP,2.650389,3.0454526
FIVZOA,1.3445146,2.7731264
OLAFEN,3.1056354,2.945368
WUGBUW,1.4767619,2.409129
TIFNAX,2.1886117,3.048083
ESAGIO,3.1646843,3.0033655
PUCZIX,1.7722776,2.710443
HISYUD,2.6754234,2.7705753
LAFVET,2.8887608,2.845519
VANQAD,1.9842542,2.5684369
FIXROU,3.7981653,3.1055558
PUCPOS,1.1589329,1.6188617
SIQTOC,3.8591187,3.0596836
JEDPOX,3.6305432,3.3432956
POQRAO,1.0645094,2.0796237
NORTET,2.8737946,2.769132
FIZSAJ,3.3083603,3.217391
CEFCAS,3.6846938,3.1365511
XIVSUR,2.5159647,2.4710033
UCUMUD,2.9197817,2.4531455
MANSID,2.5110667,2.4028983
YEWTEC,2.387527,2.3995094
SIQLEK,2.5698433,2.1873102
ODUHEA,3.81422,2.9894216
FOZYEY,3.9211607,3.1153646
SACRAQ,2.9565172,3.0492632
NUFWAO,2.760323,2.64864
DAFCOD,1.8364965,1.8949622
TILHEB,1.6525475,2.6216223
NAPKUK,0.64518195,2.3030422
VAMDUJ,1.8362243,2.187713
DIXREJ,2.3638532,2.6045818
MUVQID,1.809285,2.3712463
JAWSOS,3.3298573,2.4287012
VURLOK,2.2307894,2.290952
PCPCOS,2.124665,2.5627594
CAMTEP,3.764151,3.2995608
GARXEC,1.7328211,2.9747105
QOXHEQ,1.1279119,2.559313
NUCVEN,2.282219,2.6098595
ILAZUQ,3.5086362,3.5070899
AJIFEE,4.5260696,4.065559
UZUBUN,0.59184766,2.9199774
YINPOB,2.917605,1.9678619
LEMGIT,3.0893087,3.364159
XAXHUC,2.2204492,2.7146127
LIMMIF,2.2841237,2.4229317
OLOVAN,3.3927157,3.0634713
ZALGUR,2.4250786,2.907509
YUTSUC,2.7167847,3.1100836
GIXMEG,4.4153194,3.0375001
QIPGOL,3.2770672,2.8907814
MIGLOF,3.187814,2.4936185
ZEHCAS,2.0367723,2.662154
ZUJCIS,2.2267077,2.8494163
LUVHEP,2.2811306,2.8630934
AKABAQ,1.572546,1.6989201
DUJGUK,1.7358143,2.5224578
XEFVAF,3.5415618,3.1345685
UMAZOX,3.8414314,3.0950637
DALDUR,2.09827,2.3668246
XAXDOP,3.229175,2.6311748
AVUYIA,2.3619483,2.6870728
GIGTUN,3.1910794,2.9827363
MEJNIY,1.7453383,2.6202466
JAWSEI,3.470268,2.5640004
GUMPAG,2.038405,2.8396952
IKIXAC,3.4025118,2.3440018
TICFUJ,2.0111935,2.3207715
YETHEN,2.408752,2.2015443
UBATEW,3.556528,2.5220032
GIXQEK,3.2689037,2.9198637
QOQLIT,1.9064298,2.9779723
LINTAF,3.0699885,3.1425009
FUTNAK,2.2884777,2.6524353
IBAYAO,3.269176,2.695578
MIBZUV,3.2155695,3.0559976
OGETUS,1.9896966,2.652771
QOWRAX,2.2365038,2.7406716
JIXYOH,2.1516044,2.6950605
XIVPOI,2.698281,2.581375
YOZYUH,0.0941514,1.6772869
MAQLAS,1.9018037,1.8967876
ZAYFOU,3.2011476,2.9610043
VIBGAP,3.3902667,3.2892172
EVOXIX,2.958694,2.6013355
YUKCOY,3.4621046,2.5729678
NARYUB,1.1801578,1.935128
TEXYUQ,3.2373385,3.1008327
VOGBEZ,3.1244113,2.5391333
HAYQIH,2.717057,2.8291476
MERQAB,1.2514516,2.385783
YELZOE,4.8569603,3.6369357
ZODKEK,1.4617957,1.7152545
CAZWOQ,2.9812794,3.0236971
QOJCOH,3.864833,3.3585467
CALGIF,3.2299914,3.2449837
KEHQIX,2.2612662,2.5182014
NARYOV,1.8824837,2.441851
UNUVIK,2.52821,2.939401
OFUMUY,2.941551,3.377497
VUTBIX,1.8577213,2.0575156
FUXMAN,3.0648184,2.954062
RUHRUI,2.024255,2.9888399
MIMSOR,2.2449393,3.0614908
VOPQUP,2.3562338,2.4698665
UDUFII,0.41851112,2.7053747
ICIZAW,3.0680838,2.3407867
PUCMUW,1.7959515,2.242128
IWEBES,3.2035966,2.9962778
LANSID,1.7752708,1.4605236
VOQPOJ,3.180467,2.6111836
YUBLIS,2.9173326,2.74514
PAHMAN,0.7132104,2.0715663
FUWZAY,2.8405967,2.468632
KARMEV,4.951928,3.167852
BABSED,2.678961,2.7618017
IVISUC,2.1467063,2.862641
YETHAJ,3.0914855,2.3490198
DEXDOA,4.4142313,3.8695035
ADADAM,1.1994779,2.0867007
HILWUU,1.7603046,2.31035
TUKZAA,3.056655,2.5750957
FAHJAA,2.1393592,2.484462
VIHGOJ,1.6446562,2.7699575
UMUDEL,2.6922946,2.7182953
VIXVAA,1.3189359,2.3493426
IBINUC,2.4242623,2.8396373
TAJQIE,2.1518764,2.500725
XEZPIE,2.528482,3.0153975
SUSTAB,0.8457299,2.26571
ZOWSEL,2.8898492,1.7995174
AJUZOV,1.5812536,1.9659715
GIFJAH,3.6580267,2.7738636
AYOXIV,3.0218244,2.7186327
FEZFEV,2.865359,2.8380733
YUPFIY,3.4147568,2.9831026
DIRHOD,2.961143,2.9402196
WIWTOO,2.4729707,2.6933424
ZOMZEG,2.4261672,2.5407295
DEXDEQ,3.8841534,3.769623
KOCBOU,3.2150252,3.302354
QOJCAT,3.5576167,3.3831167
WADCEM,1.2514516,2.6907363
ZALHAY,2.413922,2.9412482
ELENAM,2.3429003,2.4972363
XEBTOO,3.3184285,3.3757718
MIGLUL,3.1317585,2.4017081
XITJEQ,3.1029143,2.6402335
NIKNUR,1.8571771,2.4025695
WEHVEL,1.8207139,2.3621426
XODLEH,1.696902,2.5677483
IFOQID,3.9402087,3.4342911
NIZREW,2.0367723,2.698208
VAWLUD,2.9785583,2.153695
XAXDUV,3.5072756,3.1361098
YOJXEB,3.5981617,2.4314466
HAQVOK,3.3559802,2.868988
BEMCAY,3.5829232,2.7611578
GIXCAS,2.1875234,2.4911833
KEHHEK,2.2906544,2.4937959
CESQAV,2.779643,2.8509016
JACSOV,1.6152679,2.4067094
QEPLUS,3.2920334,2.6073399
XUTHEZ,3.6833332,2.9918883
POHWOZ,2.6419535,2.3560967
QOCKIF,2.2501094,2.6815803
XADGER,3.5603378,3.1061933
FOCWOK,2.6272593,2.6706018
UJEQOR,4.7432165,4.0291715
PAPDIW,2.014731,2.4251795
NUQREW,2.7731123,2.7423654
EGETEP,4.079259,3.0665348
VUGJOY,2.342084,2.562155
YERQES,3.2767951,3.0689578
XIQLOY,3.4019675,2.496653
UZUBAT,0.53089416,3.0452862
YEWQUO,2.411473,2.9024487
UMUDIP,4.514369,3.7880158
MIKJEV,0.67457026,2.8636465
TIXXAZ,2.6084836,3.5667796
OJIHOF,4.4324627,3.55165
UCUMAJ,3.5502696,2.2938714
ZOLZIL,3.0754309,2.1896665
JAZDOE,3.4335327,2.6394403
YUTSIQ,2.7358327,3.319565
QISBOK,3.7407494,2.9789019
NUZXEN,3.2169302,2.544462
MOKGUO,2.9622314,2.3420968
GOTDAW,3.1927118,2.8534563
MEHZUV,3.714082,3.4389534
HUJGEY,2.7687585,3.1111307
AQUGUP,4.8890696,3.0897274
FEYREJ,3.4180222,2.8687308
IKIXEG,3.453397,2.4201083
HOHTAA,2.3382745,3.2444913
OLOHOO,2.0141869,2.3263683
NEFTUN,2.183986,2.16539
QEJVAC,1.0098145,2.1956353
UNEJAY,3.3753004,2.943985
QEJTOO,2.1921492,2.5228777
XETDOS,3.2746181,3.4521158
QOQLEP,1.837857,2.786694
JEJTEA,2.9946132,2.8576202
JACSEL,1.467238,2.3044343
LIJKIA,3.4114914,2.7885492
VIGSOT,3.9913661,3.3048341
KOPBAU,2.9592383,2.6770225
CEPZIG,3.171487,2.9490194
WIHYUI,1.3529501,2.5397608
POJJED,4.2433434,3.7764282
BOKCAF,3.7848318,3.0321481
ALEHOO,1.7597604,2.077168
FEYRIN,4.574778,3.2573595
RIZMIY,2.803317,2.5514867
DUNXIV,2.1282024,2.7851968
AHUXUW,0.42504185,3.038898
CEQTUP,2.1641216,2.5104847
UWIRAV,3.5184321,2.3677855
QADJUB,3.0479474,3.267305
ASOGIZ,4.379945,3.049504
VIKQIQ,3.0944788,2.8913965
QOWREB,2.0579972,2.6055741
VODYAO,0.5183769,2.2089057
LASPOK,4.1551785,3.1872926
KERMAV,1.6386697,2.2276554
XUTGUO,3.0220966,3.0461245
XARWIW,3.5026495,2.993439
NAGDEF,2.6751513,2.8911343
TECJES,2.8912098,2.5099907
DALFUT,2.1959589,2.5180845
UNEJEC,3.4408798,2.9738426
OCODER,4.734509,3.9587736
HEZCEW,1.9203075,2.3646336
JUYTUS,3.3559802,3.1709318
WOWVOT,2.5965104,2.8255
IVUZIJ,3.6316316,2.6048174
ABAXOS,2.5624962,2.5112286
BEQQEV,1.9181306,2.6722527
TECJAO,2.0441194,2.3134582
VAXNUE,2.7924325,2.9005249
LIMKAT,1.9641179,2.4920816
EDAGAS,3.883337,3.0364792
BIKTAS,1.226145,2.5682728
SOPXIH,2.1872513,2.8223908
WOFZUN,1.5956757,2.8401668
VEKWEQ,2.99679,2.3721483
DAJLUV,3.6716323,2.9666266
CIVQAZ,2.7439961,3.1435606
VURXEL,1.2462815,3.0013957
TAYMIS,1.1785251,2.4561281
SIVRIZ,2.7682142,2.8382177
VIMWOG,1.7714612,2.7343948
CAJCEV,3.3222382,2.8980987
HACDAR,4.145927,2.736416
GIXQAG,2.4060307,3.0611987
REDHUD,1.3347185,2.2382822
HUCRIG,4.764986,3.3769577
YAQNUZ,2.9426394,2.876221
CEQDUZ,2.7265809,2.4107938
REYLEN,2.048201,2.1271915
XUDDAB,3.161691,3.178155
GAWPOM,2.4019492,2.6159344
ALIQER,2.0547318,2.6605084
OLOHEE,2.129291,2.7049751
AYOXER,4.5538254,3.178022
REJGOD,3.1037307,3.2208605
HISLON,3.1622353,2.6228898
WOGBAW,1.8612589,2.7159579
RAVWET,1.9711928,2.5401075
JEFHAE,3.2539375,2.6448226
TALJIC,4.662399,3.1888638
WEDNIC,1.5325453,2.4491045
AMIJUD,1.9532334,2.8645148
XOVTIM,4.5135527,3.136639
YUTSOW,3.1978822,3.5498035
VUWKED,3.8604794,3.73303
TULHOX,2.6245382,2.5432322
LAKMAM,3.1559765,2.861572
ZOXBOF,1.9173143,2.8952174
SECPOS,1.4416592,2.9430153
HOHYUZ,2.9121625,2.1829379
IBOGIR,0.9382486,2.2387807
ZOMZAC,3.4014232,2.9497855
ADURIC,1.9630294,2.303852
VIRPER,3.2803326,2.8868387
LOJXOZ,1.8218023,2.5720913
SOPNUI,2.755153,2.9506574
ABICIX,2.0375886,2.7129927
NITYEU,1.9567708,2.843485
ICIGUY,2.530387,2.6940014
OJIHIZ,4.3195353,3.3493814
SILTEO,1.7559508,2.9439583
VUTBOD,2.356506,2.2797532
ADUREY,2.2642593,2.3530507
KERNUQ,4.105382,2.8760269
ZUJCEO,2.182081,2.587119
BEDYUF,2.3031716,2.468617
RUXGEW,2.8495765,2.8083107
IFOQOJ,4.014496,3.3508067
HURBIG,0.51538366,2.6709692
XANVIS,3.6392508,2.7717307
XEQSUH,1.9219402,2.5040927
TEGZAH,1.2408392,2.472781
HOMKAV,5.3421392,3.2551513
RAQKAX,1.8261561,2.545413
MISXAO,2.3722887,2.6749957
IDEQAJ,3.4049609,2.6043143
HIZFAX,1.9486073,1.7672038
GAKQAK,3.6174817,2.706317
HEDHAA,3.0106678,2.5821035
JESJOG,2.4193645,2.757174
ZOGKIP,3.1165202,2.8996034
HOMLIF,2.633518,2.7737565
XAXJIS,2.162489,2.6258335
BIQYUV,5.0580525,3.6949124
BABWAC,3.8259208,3.6960015
FUCHIU,2.2522864,1.880229
AHUXOQ,0.72953725,2.8528852
XOXXIS,4.789748,3.406527
VIMWUM,1.5608451,2.4463193
PIGTOQ,4.922812,3.4115546
RIYWOL,2.1750062,2.29937
ZUJCAK,2.9567893,2.6779764
YETHUD,3.6817005,3.0641253
XUTHAV,2.8259025,2.8796458
OGETAY,2.1227603,2.6386862
CILXAX,3.4248252,3.1695812
VAKTAC,2.16004,2.3723843
ZANDIB,2.6841311,2.9091752
VEKXER,3.104275,2.2445316
XIXPUR,3.6452372,3.113758
FIXRAG,3.756804,3.3146968
TULHEN,1.5303683,2.862389
FEQSAW,1.823435,1.825727
XEZKIZ,4.6781816,3.1294224
DALGII,2.167659,2.4250476
QAVVEO,3.984019,2.7890093
DONLUO,2.3771868,2.429253
SILTUE,3.8602073,3.0746114
BAJLAB,4.1263347,2.7120495
QOCRAB,0.93198997,2.7832022
HAGJOP,1.684657,2.697181
OLOPAI,2.7513433,2.7959757
GIXCIA,2.2901103,2.5018778
GIGTOH,3.1924398,2.9826756
OGUMIM,2.946721,2.5993564
VIRMEO,3.3470006,3.3184836
MANSAV,2.7088935,2.7162523
VIRMIS,3.039784,3.2223344
KOHRII,2.7839968,2.896409
TAZRAP,2.121944,1.6406635
NIKPED,1.9077903,2.1605363
QUCGUQ,1.2027433,3.4427981
YEYRUP,3.5121737,3.510647
IVUZOP,3.302918,2.6915388
IMILAS,2.0152752,2.7338169
ESALEQ,2.7586904,2.2294447
KIHQEZ,4.7641697,3.7862306
GACSAE,2.2449393,2.6394079
PUFPOV,1.3719981,2.6559763
DOXLAE,2.1565022,2.3104517
GAGDAU,3.0324368,2.7641573
LINTEJ,3.1698544,3.211092
BAFGEV,1.6724118,2.2931552
GEXFAQ,3.1442757,3.0681002
EZEMIH,2.3042603,2.5195825
RIZNUL,3.190807,3.7807784
YISNOF,1.9328247,2.5469756
BEMBUR,3.6218355,2.875516
IBAXUH,1.6998953,2.2296069
PAPMAV,3.785648,3.1877325
KALWEA,2.1018074,2.7351105
PELGIU,2.874611,2.9382448
PINCOE,3.7943556,3.1247292
DUYTAU,3.0294437,2.3692863
IKOMAX,1.7801689,2.232338
UDUGIJ,0.65416175,3.0366495
SARQOT,2.7774663,3.8391023
PUMRUM,2.8468552,2.764951
ZACHUJ,2.2318778,2.724475
QOCSAC,0.4359264,2.5991304
GUMPIO,1.3268272,2.7945385
ORISOZ,3.5987058,2.540304
XOYDAR,1.9205797,2.6778636
SIBMAT,2.597599,2.5486746
ZETTOK,2.0087445,1.6694264
REJGIX,3.591631,3.0877552
UMUDAH,3.0435936,2.8459468
LAVFEU,3.7227898,3.2016566
NEFVEB,1.6827521,2.238615
XUNNAW,3.8849697,2.290293
MANTAW,2.45229,2.6389732
WOLFUY,2.8648148,2.4108987
UGIBIW,1.9886081,2.6490684
PIKMAY,2.7263088,2.7591019
XEZPEA,4.0874224,2.9376493
ABAXUY,1.8898308,2.08957
UJEQAD,4.704849,3.3775775
XEZFEN,2.5937893,2.9435232
OCELAJ,2.4808621,2.1686535
VIJJIK,1.7205759,2.8777626
YEJSOW,3.1129825,3.0004742
YAQPUB,2.987538,2.5901067
WOFKEH,2.9714835,2.6585886
LULDOL,1.391046,2.3228931
POPTUL,2.2160952,2.172312
DOXLEI,2.5540607,2.5765865
FOJMUN,3.394076,2.506891
RUHSAP,2.1945982,2.9671736
HUJFOH,3.166861,3.2875361
PUCPIM,2.5037196,2.193544
ODEFAG,2.7856295,2.805581
NUFVOB,2.5352848,2.5901318
UNEHOK,3.711089,3.188983
OGUMEI,3.2400599,2.6775227
IQITOT,4.0398026,3.488968
JEGGUY,2.323036,2.3508258
HISDUI,2.2977295,1.9659559
RIYFAH,3.9287798,2.8576868
HIJXUW,2.8786926,2.322894
WUJHIU,2.043031,2.2004623
HAJDED,2.6158307,2.7695174
XOBFOM,3.1271324,2.8113084
QIHWEL,3.0335252,2.6942744
PASLAX,3.6610198,3.0333161
SOMZAV,3.539385,3.0191326
ROMSOD,2.6952877,2.643835
QOKSIT,3.687415,2.9311392
SIVRIB,3.0982885,2.4896016
BOSLOM,3.1007376,2.2229662
ZUNVOT,3.0435936,3.0093153
NEJWIK,2.9546123,2.481473
POLFEB,2.5222235,2.3451514
NAVCAR,2.8046775,2.596358
HUPFOP,2.2256193,2.1656847
YIBZIV,3.3295853,2.7779756
SUQTII,3.7227898,2.7001822
BOBTAO,2.5801837,2.1459699
KUWBUB,2.9295778,2.6498399
SUXWAL,4.275725,3.1793234
FUNKUV,1.5774441,2.503155
UXUQEK,3.6403391,3.104371
SEPLUW,2.912979,2.336587
QEVZIB,3.9475558,2.7840884
ASUTAL,2.7491663,2.4627643
LIBRUK,2.769847,2.6159651
NOVYUU,3.2615569,2.5256975
CIYKOM,2.1943262,2.5219903
XEBJEW,4.354094,3.369593
HEFREQ,2.3282063,2.679344
CIVPAZ,3.6656458,3.1162152
VOZXUF,3.3951647,2.6883457
VOGZIB,3.5840118,2.8102329
SEDXUX,2.8786926,2.655439
OZUBOB,2.5540607,1.9479463
TATVEQ,3.410131,3.0682495
FURLOU,3.2348895,2.9083812
DEDVOY,2.4580045,2.5672517
POQKOY,4.1565394,3.2928581
WUQTUY,2.244123,2.8391082
MIMHEV,3.3271363,2.7550838
XAVNOX,4.390829,2.8202953
LEKXAB,4.590833,3.0696495
ATOSEI,3.0357022,2.904362
EKAKOQ,3.8147643,3.0827591
GOGHIV,2.4188201,2.6137357
YIDKEE,3.9151742,2.5129728
VODHUS,2.8063102,2.7242718
VIJGEB,2.7565134,2.723012
CIDDEB,2.4155548,2.5463474
ZAVYAY,3.1135268,2.587638
VUDDUU,2.635967,2.340537
SEBBAD,2.5385501,2.7239668
IFUQUY,3.656394,2.538965
GEZNUW,3.510813,2.7080164
FUPMEJ,3.0025043,2.4991283
UDIGEW,2.6993694,2.5014777
WEQDUT,2.4011328,2.078139
HORJAB,2.2019453,2.1838937
DAGPUZ,3.0539339,2.897672
RACMOA,4.585663,2.587315
JAFXAQ,2.2160952,2.3669949
MAQKAS,3.5434668,3.0500965
ARIHOA,3.8898678,2.1675463
WIXMIB,4.2466087,2.8358393
UTADAV,2.7467172,2.6379552
NEVNIO,2.5483463,2.236837
ESESEC,3.1216903,2.5162215
WEPYOG,3.4822412,2.6273477
TIRFUY,3.252849,2.6579669
AQUJON,3.6308153,2.5678854
XEWQOH,3.1801946,3.138058
XEHKUT,2.8144736,2.1388102
ECUGUH,2.0773172,1.8721513
YOSKIB,4.526614,3.2595923
UGILAX,3.4836016,2.6513557
NIYRAQ,2.9619594,2.5311918
ROWSED,3.6844218,3.1986403
IJOMIF,2.1883397,2.5269845
ZISBAE,3.64687,2.9466424
PCLPIR,2.1850743,2.5007715
WERLAG,2.600048,3.0005043
LAZQEL,2.7475336,2.5969484
RIJMEE,3.4944863,2.6496656
BEWQUR,3.9312289,3.063914
ZEZWUY,4.5799484,3.454558
KAXBIW,4.4681096,3.2605205
NIPZUK,3.4158454,2.6836805
IBAZIW,3.4852343,2.5733073
KEVLEC,3.5192485,2.9473405
YINVIB,2.9619594,3.0187383
ZASZOL,2.1981359,2.4708931
ITOHOP,2.0797663,2.3389926
SUZGUR,3.6128557,2.5079348
GEMXED,2.688485,2.480552
FIGBED,2.9540682,3.0524695
OMAVAZ,3.023185,2.480898
JUHKAA,2.8237255,2.566519
JIZPOY,4.1257906,2.963181
ACOXUN,1.9235729,1.8513974
XACPUO,3.6270056,2.5005062
VAPNAD,2.7894392,2.42725
GEJWIE,2.7622278,2.6286068
CIQVAB,2.89638,2.7574358
XAHMUP,2.9910755,1.9962437
GITQIJ,4.572329,3.0085855
QIRTIU,3.2348895,2.5111394
LUBJID,4.194363,3.2565794
JAKKOY,2.6223612,2.3438091
QIBXII,1.9390833,2.1894765
RADQEV,3.0433214,2.5947287
DUHHIX,3.0871317,2.3690524
QUBZUK,1.9031644,1.8466443
KAJYIE,2.0160916,2.3092427
VIFXOZ,3.36496,2.6953297
QEWTAO,3.5695896,2.6195228
LUZDEQ,2.8087592,2.6151938
FAPWAW,3.692041,2.914951
PAXFOM,1.9031644,2.3449945
PIVMAK,1.856905,2.090314
XOVQAC,2.492291,2.8251076
SANFUI,2.739098,2.4952912
KIDBAC,2.1184065,2.4069805
XIWNAT,3.6153047,3.0215125
QISXEV,3.6202028,2.1375802
WOCTAL,2.0506501,2.2859855
CEKLAG,4.5970917,2.8808787
KIFDOT,4.2000775,3.4499197
VEHZOA,2.387799,2.3080187
ZARLAI,2.4816785,2.1972663
FEHCAX,2.3815405,1.1457136
LICCIJ,2.9456325,2.6154652
XIJFON,3.0626416,2.2176802
GEVNIE,3.9015687,3.2908242
ANECIG,4.07681,3.0558488
RURWIL,2.5812721,2.0769775
KILZAJ,3.2063177,2.7973363
RAHTUQ,2.1565022,1.9173394
QASKEC,2.0642557,2.233022
BUFWAC,3.3399255,2.7209892
AGAHUL,3.1442757,2.646634
OZEVOF,2.7137916,2.60786
VUHHAJ,3.7437425,2.567354
HUHXOZ,3.5864606,2.7767785
SEWNOY,2.856107,2.8028848
REWWUM,3.1848207,2.6222005
LOLKEE,3.9902778,3.2058966
BIQKIV,3.1380172,3.3455598
PEYNUC,3.9717739,3.2305808
TEZCIN,2.867808,2.7457807
YILGAC,3.876262,2.4421496
AFABAK,3.4607441,2.7350242
VICDER,2.5935173,2.073203
BOKWEG,1.7608488,2.364249
DOZGIJ,3.5714943,2.6053665
LEKQUQ,2.9763815,2.5834746
RAGQOG,2.9886265,2.901572
JOZQIA,3.190263,1.9764719
JAWRAD,2.8933866,2.545599
SIGDET,2.9137952,2.497452
ZOVWEO,3.941025,2.964783
ZOSWIP,3.0025043,2.6266174
IGOCIR,3.183188,2.6501274
GARKOC,3.1758409,2.2816045
GENKOB,3.1562488,2.6517687
LIHYAF,3.6664622,2.9454808
OFADEF,2.7755613,2.778242
REJCIU,2.8999174,2.6910505
IZUYAE,2.8120246,2.3079302
OQUJAM,3.3298573,2.6957364
AQEPOC,3.388906,2.814458
OYUJIC,2.968218,2.5894794
XIWHAP,3.1464527,2.6797912
XIWGIW,3.2114878,2.5705607
NIJTIM,3.4517643,2.740998
XAMTOW,2.3045323,2.7724385
UKOSEU,2.784269,2.7817612
PIYTAS,4.722264,3.1300814
NOMMAD,3.4640095,2.22807
XUVCIA,2.535557,2.313385
FUVKAJ,4.1189876,3.1857972
FUMGEB,3.5358474,2.9274874
SATXES,2.853658,2.819272
HUPGOQ,2.7622278,2.2508307
HIGQOF,1.6103698,2.2497525
OJUSAP,2.5592308,2.4079664
IBAZUI,3.4863229,2.737015
YALCOE,2.3867106,2.0981474
HIWFIF,3.5148947,2.9180522
JELSID,2.4014049,3.0185916
ZIKDUU,3.238155,2.7580583
XOFQOZ,4.050143,3.055179
MUDWUE,3.957624,2.7272384
GENZIK,1.7880602,2.201016
JUKTUG,2.939102,2.863196
VEBXAD,3.5668685,2.716695
RURNAV,3.8419757,2.9239109
VUBLOV,3.2727134,2.943696
GUYFOV,3.3581572,2.9848936
CUDNOF,2.886856,2.4665048
XEXYIK,4.5369544,3.0256917
GEZPAE,3.8158526,2.9240751
AGEMAB,2.89638,2.3382516
UMUZIN,3.1099894,2.6673162
CIYJUP,3.0237293,2.6999025
SOSPIZ,3.3391092,2.7102695
OMIKUR,2.07895,2.340276
UMUBUA,3.2242773,2.7879412
KOJRAE,1.6830243,2.8063097
KELDEK,3.7031975,2.6400843
BAKZEU,3.096928,2.552093
LURSEY,3.161691,2.3137906
ILUXOE,3.152439,2.393357
FEHRUG,3.8169413,3.099575
SUHNIU,3.5225139,2.9874766
CEMNAL,2.573653,2.5189269
ROJWOF,2.7420914,2.4731336
IFOLUL,5.0817266,3.0980358
VIMJAD,3.173664,2.254681
LOMTUD,4.0425234,2.7976909
PINLEF,4.031911,2.9375618
BEKZEY,4.413415,2.9911351
TOHCIF,3.3274083,2.7854383
EXAYIN,3.3880897,2.8298657
QIWNOA,4.067286,3.3443437
AKOBEI,3.9184396,3.2056124
ANOKAQ,1.376624,2.8322177
CUNQEH,3.1918957,2.6527476
EFITOD,3.3761168,2.4865224
HAXFOE,2.1926935,2.4708128
JUSQIZ,3.3867292,2.834813
POBMUP,3.229175,2.5153677
AWEGAK,3.7883692,3.2293599
CUTCUR,2.8591003,2.208281
LEXFAV,4.0564013,2.646764
WURBUI,3.696939,2.659582
IRAKOB,2.4395008,2.7347448
PIYRUK,3.8893235,3.0290387
CAFREG,3.8229277,3.2647028
XIWNIB,3.407682,2.5627203
GEBQOV,2.8362427,2.5854878
QICBAI,2.6452188,2.7344797
XOLXON,3.0642743,2.8718863
YORMAV,2.6582804,2.453495
RAXDEB,3.405233,2.0266995
UCEVII,4.357631,3.1395063
OSOPIW,3.1108057,2.609232
RAKNUN,3.6485026,2.6358018
XEHKAZ,2.7352886,2.0929592
BUVNEM,2.9937968,3.0106843
ZEBCUG,3.4019675,2.695859
POFJUQ,2.3619483,2.4502187
WICRUX,4.504573,3.0230927
FOKLAT,3.7486405,3.0302157
WIHPUZ,3.0963836,2.522155
HUPFUV,2.392425,2.2120757
TAFDEM,4.237901,2.922163
FOSPIO,3.2786999,2.9154696
XENCEA,3.3222382,2.5646682
FAQHOX,3.0000553,2.766521
EGAYAN,2.2182722,2.2999206
GUNZAR,3.1295815,2.589314
DEWMOH,3.1842763,2.9796567
BEWQAX,3.5429225,3.2769291
DIDCUP,2.9271288,2.806559
SEGPOK,3.2827816,2.5151732
GEYCEU,3.1679497,2.6522613
COKGAN,2.7263088,2.6263833
OYISIA,2.7184174,2.9935384
YOSKUN,3.5829232,2.8601036
BOWKII,4.7810407,3.2241898
YAPGOL,4.323345,2.6561003
CENSAR,2.6354227,2.683153
BIKDUW,1.3200244,2.5787265
EHABIY,3.1946168,2.8551795
WOGVET,3.5657802,3.0255246
RAWKUW,2.9173326,2.823724
NIJVEK,3.1271324,2.394731
VEFGAR,2.1426246,2.236424
KITHIH,3.943474,3.3552742
QAMTUV,2.645491,2.3210704
OYIDAD,2.8830464,2.7244344
BUNJUR,2.4370518,2.4307284
RABYIF,4.36906,3.033607
LIZGIK,3.4637372,2.5417728
PUMMIV,3.0460427,2.4784846
GIFHIN,2.631341,2.3915906
SENWEQ,3.2991085,2.6755826
EGISUI,3.4574788,3.2606568
XIKFAZ,3.5407455,2.6768384
ASIHUG,2.8882165,2.3193974
BEXKIZ,3.4376144,2.835093
MUCGEY,2.8618214,2.7221215
VETJUA,4.179125,2.9244633
VUDFUW,4.2580376,3.3871531
VEMQIP,3.2996528,2.419612
XACPEY,2.2163675,2.3204572
KAZNIK,2.1684754,2.0023782
IBAZES,3.388362,2.7888348
SEKYAI,3.5116293,2.902068
MOWLIU,2.332832,2.3074164
LILMID,3.9608893,2.8195288
XIDGID,3.6865985,2.310188
NAVPAB,1.7798967,2.0344021
RINHOO,2.5535164,2.311833
VEPZOG,3.7636068,2.6312077
WUSNEF,1.8269725,2.338744
KEJVIE,4.57886,2.659977
UDITEH,3.2378829,2.698697
NIWHUY,3.0950232,3.0389762
GENLIW,3.656666,2.780439
QASQAE,2.2022176,2.4399033
AHOLOA,3.1543438,3.1105902
WIHLOQ,2.4267113,2.3976293
VOHHAD,2.5252166,2.259848
KISZET,2.0277925,2.767589
QANZOU,3.1720314,2.8438518
LUKYEV,2.9404624,2.5129056
FIQYEM,3.3399255,2.342212
DICBAV,2.9859054,2.6544113
COQQIL,2.2879333,2.80436
ZOWFEY,4.154362,2.8192363
DIXJUR,2.5178695,2.671042
HIRMEC,2.9488978,2.4655652
IRAWIJ,3.9992573,2.945595
NARLEY,3.1165202,2.966149
FOSPIN,3.259652,2.3204193
OKEQAX,3.7728586,2.9550612
MAFGUX,2.5200465,2.3884702
NUXVIM,2.3026276,2.2838917
VIPKUB,5.1560135,3.3548608
QOHTIQ,3.8879628,3.4552467
AHICEB,2.3102467,2.0652971
IMESID,4.780496,3.3582723
RILCAT,3.7078235,2.989548
FOBWID,1.9162258,2.2430315
UFIBAN,3.0933905,2.8803635
REFJAO,3.429451,2.9591053
KENLUN,3.4286346,2.699914
EMALAH,2.4405892,2.4610121
FUSNAK,3.8661938,2.3229609
ZUWCEB,3.4087703,2.653253
SULPUL,2.3265736,2.520883
QIKSOV,3.255026,2.5389528
RACMAM,3.314619,3.156495
LEQNED,3.3551638,2.8426185
ASUSOX,2.7167847,1.8006402
YEGQIN,2.5097063,2.3219104
WANDOH,3.1361122,2.5969365
KUMJAE,2.6860359,2.4675977
WUHPIZ,3.918984,3.126177
SEPLIK,3.6977553,2.5173962
HAXSUV,2.3978674,2.3408499
METBOD,3.4161174,2.6329217
UDODOJ,3.9913661,2.7680502
VAQVOB,2.5445368,2.2464528
NAQFET,3.6914966,3.0995252
TOHMEI,3.427002,3.3083959
WELFAV,3.4212875,2.6917226
KEXHON,2.5535164,2.273288
VOZYEQ,2.461542,2.8157258
RAYQOA,2.5799115,2.1167846
EJEWUN,2.961143,2.813848
XUDMUE,3.3905387,2.6807628
FUBBOT,2.9135232,2.141458
JIWZUL,3.529589,3.143626
FOJWIL,4.7524686,3.5132143
DAQZIG,3.551358,3.0140731
KOCSIG,3.0501242,2.7484796
ANEBOL,3.2035966,3.0295596
MECCUV,2.7355607,2.9985008
WOQKOE,2.7192338,2.4154987
UDITOR,3.2846863,3.0212197
NOYMEV,4.3769517,3.3927958
SIMLEH,3.4838738,3.0462275
QOMLEJ,2.3475263,2.1762798
AKEHAB,2.834338,2.6209352
XOJLEN,2.9709392,3.0078218
DAQYAX,3.450948,2.753646
TILLOS,2.8278072,2.3943362
NIPMUV,2.5029032,2.416504
BOMRIE,3.1891744,3.0332565
PIYROE,3.8525882,2.9591725
VICDOB,2.5848095,2.082786
HAJCUS,2.861005,2.7723293
DIHFIM,2.5426319,2.2579498
XOVPUV,3.1995149,2.760058
YAKGOI,3.066179,2.4849255
ANAZUL,6.0044646,3.469393
TUWQUZ,2.4629025,2.488075
WAQPOT,3.209583,2.7785168
BARWIC,2.9663131,2.5177517
SIKPOS,3.1801946,2.5331862
UTOXEI,3.3804705,2.461723
PIBPAT,2.368207,2.2318473
OTIGIJ,2.0071118,1.9691077
AXUTIW,2.4814062,2.6815822
POWDIR,3.0966558,2.3285358
BEWPAW,3.6354413,3.2307816
ICUCAM,2.4718823,2.2227502
WOLZII,2.5287542,2.6975927
LICSIA,3.2242773,2.83154
FILWAZ,2.5948777,2.9272554
JEXGIC,3.1695824,2.9026897
TEJPOQ,2.6773283,2.6070676
TOGNIM,3.7538106,2.5251694
FOJWAD,4.925261,3.402425
JAKRUL,2.8356986,2.6104863
PAGKEP,3.9470115,2.603925
TINLEJ,2.1551418,1.8114944
KIWYIA,2.6748793,2.3653352
MOCLOF,4.7119236,3.1655045
GORNUY,3.0814173,2.7354407
MORKAG,2.8550186,2.4318445
DABXIN,3.862112,2.5529253
ETUWUN,2.7807317,2.1745105
WAQQAG,3.3891783,2.7994177
UMIQOX,2.8120246,2.596045
MURMIW,2.8084872,2.481504
VITPUM,3.6659179,2.6970646
KAGXOH,3.589182,2.8620842
DACGIZ,3.6618361,3.341384
BUCSAV,2.6781447,2.6023393
HUHXUF,4.5086546,3.409895
YAKDOG,3.2822373,2.6612434
QOLKAE,3.1938004,2.6395998
AZAQIB,3.7829268,2.9690528
OFOWIS,3.362239,2.5996099
RIQDEB,3.491493,2.715913
HEXVAJ,2.8754272,2.7896624
DANVEV,2.557598,2.1028044
KEWQIM,4.3154535,3.0224023
KIJHIW,3.1899908,2.7964604
QUNKER,3.4588394,3.3337502
JAMJIT,2.6318853,2.9351585
YAPQIR,0.55620074,2.2126584
AQETOH,3.5736713,2.7192743
FIRCEO,3.7968047,2.945764
UZAMOY,3.090125,2.564576
XAFJOE,3.6914966,2.829892
MAXYIU,3.6433325,2.7664018
AHOLUG,3.7840154,3.0547805
DICMIO,2.989715,2.6916337
SOTLEU,3.3393812,2.7505805
DOCPAO,2.7039955,2.4263988
QOXYEH,4.0474215,2.9721537
FOFGIT,2.856107,2.49579
OGOMOM,3.448499,3.0353057
QICBUC,4.471375,2.8002264
EGARIN,3.5978894,2.586646
APECAB,3.4169338,2.6775603
DEZHAT,2.3004506,2.1621401
GAVXIN,3.9304125,3.0207138
YILGEG,3.5437388,2.9690604
HAKLEK,4.403619,3.0391712
NARLAU,3.4416962,2.7578409
TOMLEN,3.0125725,2.7651703
AJIBIE,3.0381513,2.829481
EDOBAC,3.6169374,2.692826
GENLOC,3.9037454,2.841977
LANBIM,4.5497437,2.9625707
KAPSEA,3.594624,2.6031325
NUWHOE,2.7927046,1.992188
SEGXAG,2.3426282,1.8144975
MECHIL,3.2468626,2.590165
BIBKUU,3.0101235,2.5412934
QIBZAF,3.3325784,2.8862784
UTOWEH,3.288496,2.5414054
GIPHOF,3.1864533,2.3774505
IDOSEZ,3.314619,2.7380738
VEYBIL,3.4825132,2.8266394
VUMQAW,2.6482122,2.3794887
YEJZIZ,3.0735261,2.742567
ECUHAO,2.067249,1.9414566
JUSLEQ,2.8408687,2.7599156
KOSTOD,2.5744693,2.3215156
VIQXOK,3.7935393,3.052336
LEFCEH,4.1048374,2.8753471
UDEZIO,3.040056,2.214007
ZODLUC,3.0248177,2.1764815
JECBOJ,4.3628016,3.134957
NIFDOX,3.3396535,2.8092546
VEBWOQ,3.1252277,2.7674155
IDORUO,3.4264576,2.6794143
UZOWIR,3.9685085,2.5240088
YEDXOX,2.7333837,2.837359
ROMGIJ,4.2787185,3.3456368
EVUYIE,5.147306,3.257021
RAQSOR,3.7622464,2.664141
CEMMOY,3.120602,2.997996
YANTOW,3.2294474,3.2099743
LIHVIK,3.5606098,2.9354315
CUHBIR,3.7219734,2.9087236
MEFZIJ,2.598143,2.467181
PIKBOB,2.906176,2.6255949
WANDUN,2.8865838,2.628251
EGADUN,2.8049498,2.460465
PERDOI,3.2963874,2.66107
MAFHEI,3.1434593,2.5903046
UJOVUK,3.2991085,3.1329882
YORFAO,3.4757104,2.7692287
DOBSET,2.9619594,2.583535
JIVVIW,3.192984,2.4766448
UXUNOR,2.78182,2.7142448
VIRZII,2.6928387,2.0874681
EFEVUH,3.3037343,2.822181
RASFOI,3.5845559,2.6705546
AYOZAP,3.3374765,1.9918499
ZIHCUQ,2.755425,2.7928581
EYADEO,2.0585413,2.2653775
ZIPWIG,2.824814,2.278983
LOJPIK,3.099377,2.9623134
VIDPIK,2.927673,2.6284795
TEXKOX,3.8014307,2.9185045
JIWZEX,3.2003312,2.7116623
LILPAY,3.4354374,2.6578257
MEPPEF,2.7924325,2.4688177
YAZCIN,1.9896966,2.3914711
GESYAE,3.405233,3.029278
AMASEN,2.5203185,2.495763
TOMLIR,2.7056282,2.6844597
WOCTEP,2.1009912,2.2543979
GATRID,3.2376108,2.749084
GUSLAH,3.3061833,2.8001006
GIRXEN,3.4833295,2.615065
LIGTUS,2.7034512,2.273918
IKUYES,3.8019748,2.9076843
TOZWEK,2.8381476,2.663208
RINKEH,3.0933905,2.2385502
SUZVAM,2.9184213,2.5700476
UCINIE,4.6085205,2.8993812
RAVSAL,3.2182906,2.0506086
XOLBUW,2.4370518,2.0457761
GIMSAZ,2.3736491,2.29698
RUPHOZ,4.030278,2.6646273
GUNJIJ,2.9325712,2.6788363
GIZGON,2.7829084,2.3880646
XOPCUA,4.0602107,3.14375
TEPYOE,2.972844,2.6115963
YEPMOY,2.7774663,2.4671566
JAWSOP,4.1524577,2.8805816
RAXBOK,3.3494496,2.6052597
IKEGOU,3.2539375,2.5725524
MAXNEG,2.5614078,2.4111824
VOSBUC,4.0370812,2.6823275
HINRUS,3.924426,2.9600475
IGOCEN,3.1437314,2.684687
UFOZAR,2.7872622,2.8786447
DEYTEJ,2.0394933,2.1938088
TAFDIQ,3.567957,2.97171
SEDKEU,2.4871206,2.6148906
TOKLUC,3.1363845,2.3373363
METBET,3.5793858,2.9296517
JOPVUI,2.906176,2.5073934
LUQNER,3.0465868,2.5601034
AWEGEO,3.1818273,2.9578662
JIXHIK,2.8729782,2.595608
YAZTEZ,2.4346027,2.3573976
ADOTUL,4.390829,3.6601644
OZUBER,2.4623582,2.005745
WEJMOQ,2.987266,2.530437
IBENUA,2.2585452,2.830221
DOTTOX,2.3415399,2.5359094
NOFHIA,3.2708087,2.7699184
CUGZUA,3.7388444,2.9701731
NIWJEK,2.968218,2.9629683
VEZZAE,2.958422,2.496937
LOGYUE,2.717057,2.129841
ZOSWOV,3.0759752,2.5470266
ARUFEZ,2.2335105,1.8912612
LEPYOW,2.5437205,2.4100025
LOGTIN,3.4158454,2.8106258
PAZXEU,2.473243,2.4079638
DEBCAP,3.759253,2.5757642
UDITAD,3.3970695,2.7411675
DONJUN,2.8936589,2.288805
OKEPEA,3.3538034,2.7896333
CEQVIF,3.0106678,2.60848
AHOLEQ,3.2827816,2.88508
KIJSOO,3.1551602,2.4917166
MUCGAU,2.836515,2.775734
TEZCEJ,2.7132473,2.6722844
ESACEI,2.987538,2.7129338
WAVYIE,2.2283404,2.3957596
XOHJAG,2.6830428,2.049735
MEDGIO,2.6487563,2.8284006
UWAMEL,3.061009,2.5345843
ZISXEE,3.7192523,2.8144476
DOMFER,2.72903,2.456572
JIWZIB,3.1671333,2.5715017
XUWQIR,1.5279193,1.4633647
LEFNAM,3.802247,2.7935562
TAQQUA,2.4060307,1.790489
ZASCUT,2.9146116,2.5783744
MOMTAJ,3.6838775,3.223555
KARNEZ,3.5600657,2.4677913
VEHQIJ,0.25959662,2.1524928
GEYHUP,3.3108094,2.4054873
EJUWUC,4.057762,2.5982828
CIGKEL,2.4838552,2.196482
OSOPES,3.4256413,2.702022
KULKEH,3.035158,2.838943
IRILIE,4.204431,2.8403463
COHYII,2.2558239,1.7247155
LIWQOY,4.100484,3.36911
PEZFUY,2.6237218,2.220429
XOVPOP,3.0702608,2.8219802
JESZIT,3.3091767,2.6977844
UWAMAH,2.2443953,2.3575754
LADVAQ,3.018287,2.5870724
VOFDAW,2.6509333,2.1445615
JITMEF,2.2773209,1.8918053
TEYFEL,2.449841,2.0888543
VECMAU,1.909423,2.3404431
NIQFOK,3.477071,2.9027965
AWAQAS,2.9921641,2.60152
ZOPBUD,2.4337864,2.3444295
MAXYUG,3.4019675,2.4319398
ZAQGUT,2.879509,2.5617144
RELYAI,2.6626341,2.3254666
AMACOG,2.9954295,2.5742238
BEWNUO,3.5508137,2.7731764
MAQJOF,3.797621,3.1658401
KIHJIU,3.6079576,2.789074
XOGBON,3.6678228,2.7885807
YOZHEB,2.879781,1.8870041
EQIXEJ,3.4112194,2.9487731
RAZHAD,3.1948888,2.1864598
LITRIR,2.6805937,2.5928512
FAWHAM,3.1758409,3.3520563
OKEPIE,3.5167994,2.78231
PAKVIH,2.5132437,2.23501
DIHYOK,2.9595103,2.3403902
DOVMUX,2.941823,2.5754678
YIMDEF,1.928743,2.6193252
JAMWID,2.898557,2.6186779
FODBOP,4.2708273,3.052883
FOZFAC,1.9711928,2.3833694
GIVBUK,2.2174559,2.5257535
VUBLIP,3.2759788,2.7825868
RALYOU,2.3809962,2.1423712
ERIZOU,1.1597493,3.1864405
WIPXOL,2.2947361,2.383165
MUFFIE,3.639523,2.9005358
CEXGOD,2.0833037,2.0539734
FESFIV,2.812841,2.6054854
DAKGUT,3.058832,2.6707463
UTATUG,2.3097024,2.143826
SEKPIK,1.921668,2.408653
ZOLQIC,2.9597826,2.6932979
QORMIU,2.5412714,2.0895963
QAXMUZ,2.760595,2.559101
FAPVAT,2.1178622,2.8128433
YABBIO,3.1772015,2.7573962
MAXYOA,3.4427845,2.7490788
REJCEQ,3.0517569,2.811855
YEQJEM,3.4253693,2.7881377
MIFHOZ,2.0694258,2.5145218
PENGAT,3.104819,2.8453374
TEXFEI,2.9644084,2.2501802
BAFWOW,2.6941993,2.6843262
QADFIM,4.036537,2.759526
HOBGOU,2.4857602,3.107012
NOMCID,3.2626452,2.707647
NOCQEE,2.8852234,2.6622512
PEMMOM,3.264822,2.6700017
HACJAX,3.405233,2.6981566
SOWRED,4.2569494,3.016367
CAZDUF,3.2547538,2.857814
SETVOC,2.6544707,2.238778
ABAZEL,2.9679458,2.5355232
BUCKOA,3.4901323,2.7924807
KAJYAW,1.6808473,2.3914938
VIPLAI,5.494523,3.479199
IWIDAU,3.632176,3.146575
RURDIT,3.640067,2.9038162
RAZHEG,2.8079429,2.7653608
OFEKIV,3.9998016,2.9144769
LETVOY,3.4895883,2.5298629
IMOVUC,3.5219698,2.6754932
VICDUH,2.585626,2.1325462
YIBGOG,2.9831843,2.7525914
VEXTAV,2.2460277,1.6709535
ZUNDIX,2.1731012,2.4151514
ATOREH,3.716259,2.8897264
PEMLOL,2.6661716,2.5903027
WEKSAH,2.7788267,2.814143
ESAWUR,3.5285006,2.9823
PIVPER,4.6343713,3.2756586
XIXNID,3.2566588,2.7687573
VIJFUP,3.0392396,3.0666802
GAZHIY,3.9829307,2.94256
UWALUA,3.1728477,2.2984254
SILROX,3.1701264,2.4749203
OYOHOB,2.172557,1.8670361
HIMVEG,4.36389,2.9365096
VALRAE,3.101554,2.5789533
WEGGOG,3.044954,2.4199
ACURAU,2.2212656,2.285662
YOSLAU,3.50782,3.0887487
JOMBEU,3.5641475,2.929799
CEHGIG,3.2895844,2.4863415
KUQKOY,3.4019675,2.5463781
VEBJEU,2.7352886,2.0444212
UNAZUF,2.80114,2.543246
CEVDUE,4.1619816,3.039659
ALEMUB,2.5774624,2.548506
MIJPOL,2.8716176,2.3960152
TUWQAF,3.9636104,3.0814266
POBKIB,1.9271103,2.7184677
WELJON,3.42673,2.6763065
SATWOB,1.8947288,2.7657793
QEWQEO,3.8093219,2.889836
VIHDOH,2.927673,2.3968995
TEXFAE,3.8993917,2.46154
MUCTUZ,4.233003,2.7250168
VUNLOF,3.5042822,2.943844
SUDJAE,2.6626341,2.1330285
PODKIF,2.4577324,2.554274
BEBXIQ,3.9154463,3.5502784
QIKSEL,3.3788378,2.4836442
XEFRUX,3.6446931,2.894453
FETJAR,2.8786926,2.7973158
LEKTED,3.0316205,2.5929792
QEBKUG,2.7663095,2.7064183
JIZLEK,2.9069924,2.4693418
EWEXUZ,3.9233377,2.9622126
PEGNAS,2.8422294,2.6268287
MOQRUH,3.101826,2.5109715
NIHCAL,3.6343527,2.6272109
QAXMOT,2.6879408,2.3978207
LEQRIL,3.9399366,3.1484041
CEGSUD,3.0269947,2.4996362
POWFUF,2.8882165,2.476237
MUJKOS,2.5804558,2.802485
XAFRUR,3.5200648,2.6353066
UXAPIT,2.9888988,2.5610423
XIWGAO,3.412852,2.6874104
DAMFUU,2.4691613,2.8950424
CAZFIV,3.3807425,2.9145644
XOKZON,4.0664697,2.4490206
POQKEO,3.0392396,3.2935164
BUSZEW,3.3045506,2.6776862
YOSPOM,4.37287,3.1100883
VIHDEX,2.9184213,2.6187248
BEWRIG,3.9230657,2.6452012
TUKVOM,2.506713,2.0700505
MIHLAT,2.1399033,2.4697745
GUPGEF,2.0177243,1.9586592
TISQIY,4.117627,2.7722282
OGADUW,3.099105,2.59784
XAHXIP,0.9736234,2.3978577
MUCWAK,3.9823864,2.8212008
UMIQUD,3.096928,2.581995
GALNUF,3.59925,3.1355639
QEHNOI,2.8454947,2.0492024
QASGUO,2.076501,2.2756684
VOZXIT,2.2209933,2.2848217
NAYFAV,3.914358,2.5954633
DIVCUG,3.5113573,3.0075316
LEVDEX,2.6223612,2.8048773
JEPCIR,2.6533823,2.271846
BEJGAA,2.1124198,2.5890195
MEGMIW,3.034886,2.6421642
NIPXOB,3.7739472,2.7209935
AVIVUX,3.5842838,2.8090324
WEZGUG,3.0520291,2.648671
VAVMOX,2.739098,2.4619122
NENQIG,1.9967716,2.245066
WETTIB,2.0906508,2.2690825
JACKII,2.8215487,2.250947
NENQEC,1.9918735,2.4997122
ROMCUR,3.204685,2.0760474
PUVLEY,3.6670065,3.0404322
TAHLAS,2.9622314,2.448476
AKIVOF,3.7910903,3.280205
GEVLID,3.9470115,2.721917
DUYZEE,2.449297,2.5366814
NAQFUJ,3.240604,2.5250566
VEHZEQ,2.4098403,2.405569
YUGMES,2.8025007,2.6035862
IWOSOD,2.7970583,2.576283
ILUXAQ,2.2525585,2.3578851
MEHVEB,3.7102726,2.8996966
RINKOR,3.116248,2.4419274
GIMVON,0.6851827,2.7389567
GATVIJ,3.0226407,2.6232162
OFARIZ,2.23215,2.2368066
AKIZOK,3.613128,2.9765723
XOCRIQ,3.7470078,2.647479
NAZRAI,2.4335144,2.4922967
REWDII,2.7347443,2.586666
BAFJOK,3.7418377,2.9968069
WAGLUL,3.7763963,2.9133162
ATOROR,3.570134,2.7649415
KAQJUJ,2.5826328,2.8358922
TALKAV,2.4248066,2.2819593
IWICUN,3.5889096,2.640527
AQIFOX,3.5388408,3.0460224
IWUTOL,3.5812905,2.4032824
KOFYIN,3.6822448,2.2066236
MALBAE,2.7078052,2.811231
LASWEK,2.459093,2.5109026
WIRPIY,2.853114,2.4360628
PUMCIJ,2.8264468,2.623984
MIMXUD,2.126842,2.1530635
ADERUZ,3.6403391,2.8049412
HIKHOA,2.435419,2.3815584
DEXMUR,2.53338,1.9531598
WEKQOS,3.4574788,2.6533592
FEGGUU,3.458023,3.031201
LEVTOW,2.5649452,2.2679782
IWUMIW,2.7135193,2.371592
KAPJUG,3.6678228,2.5519392
DEDVIS,2.8433177,2.904841
RABGOT,4.3410325,3.0050647
XOJPUK,3.2936661,3.0667272
CEJYEW,3.759525,3.0111804
QOLJAE,3.3437352,2.8274572
SEPKEF,3.5913587,2.4279015
YUDSOG,3.26972,2.7678523
ZECNAY,3.4950304,3.0688264
NIKDIX,3.0392396,2.7986207
XEDQII,3.1200576,2.7435317
AMASAJ,2.576374,2.5247722
RAKNOH,3.0503964,2.7005305
IMIPEA,3.3894503,2.6466749
RADKUF,1.7502364,2.3469503
WENBIB,2.568755,2.393955
HEKCAE,3.252577,2.579845
GOKVIN,1.5671037,1.6261714
VIZDIU,3.4757104,2.8881369
WEKROU,2.793793,2.6029096
JITWIV,2.616919,3.01569
DAKGON,3.181011,2.6336288
LUXLUN,3.109445,2.5709884
MOCBOY,1.4079171,2.427973
TEJXIS,2.5162368,2.2017908
JEBRIR,1.9584035,2.014709
AQEZAY,3.3157074,2.7815871
YAKDIA,3.2474067,2.71164
BAVZUV,1.7812574,1.922651
DUZMUG,2.6065786,2.176459
OKEPOK,3.4765267,2.852018
IPUJOU,3.4362538,2.1246173
RURWAD,3.4016955,2.614366
ZUFVIF,4.355182,2.843177
OWIBUS,2.8019564,2.7228017
GODNEU,3.0054977,2.6430473
GILWOQ,2.2239866,2.4376802
XIMWIB,2.880053,2.491861
ECEJEE,3.6240125,2.6287813
FESFUH,2.8155622,2.50894
NIPYOA,3.5693176,2.8406582
KEQGIZ,2.1061614,2.2044969
AJEVEQ,2.700458,2.3008
VOZWOY,2.8397803,2.5832887
IVUBAD,2.5646732,2.1751928
CTPIRC,3.8079615,2.975634
EKEXEZ,2.7056282,2.1480062
JIRVIS,3.1105335,2.8487105
NUWHIY,3.2163858,2.4769647
VUBLUB,3.1752965,2.8700435
FESFER,2.8060381,2.4963949
TOMLOX,2.9053597,2.7720342
FIQTEG,3.3796542,2.5710518
XEHKIH,2.3981395,2.1521475
RAPYEO,2.7042675,2.8482478
KENXAF,3.4329884,2.7066016
XAYCEG,2.8030448,2.586301
PUNGAH,3.1573372,2.464498
FIGRES,3.7578924,2.6362529
LUQNIV,3.0272667,2.8834114
NORGUY,2.286845,2.3957465
CEMMUE,2.8133852,2.491883
HABGOJ,2.3995001,2.3632488
WUJSOL,3.2710807,2.650873
LONKAA,3.3989742,2.8573236
OXONEV,3.1527112,2.3594134
FIGPUI,2.7129753,2.4895208
XIPSEV,2.9524355,2.6891649
IBECUP,3.0288994,2.4866514
SIVMUG,2.8876724,2.4265084
YUSMUW,2.1314678,2.2388246
UTEGEG,2.6400487,2.735302
TISDUX,2.9385576,2.510957
SEQPAG,3.163868,2.5721939
VAQYAQ,3.0403283,2.450478
KEJDOV,2.9284894,2.4290204
LEYPAJ,3.0601926,2.5015552
KUMGOP,2.7635884,2.3943458
OTUFOA,3.4319,2.7210271
MOKCEV,3.3619668,2.4122953
KETFOE,2.6397765,2.892769
LIBFEI,3.7083678,3.0947518
GAKTOE,2.5420878,2.2198381
HOHTAB,3.7061908,3.1226563
CAFKOJ,4.1551785,3.5409029
YAQTIU,1.9135047,2.559949
SOMMOX,2.511883,2.364852
EYIYER,3.0101235,2.755618
AKIKAH,3.8283699,2.664499
REJQOM,2.2144625,1.5450612
BIDYET,2.0103772,2.4587033
XUBZOK,2.54753,2.312078
ASODAN,2.9690344,2.485991
DAMLOS,4.624031,3.0298846
BIRMUK,4.3687882,3.2600648
QASBIV,2.9374692,2.2125425
XUVMEG,4.7424,3.1857483
COQKOK,3.2947547,2.6558816
SEDXEH,2.5554214,2.177782
YADSON,2.9627757,2.4799528
FUNLEG,1.7545902,2.4527006
IPITIL,4.354366,3.0062962
CEQVOL,2.9355643,2.4575183
TEMVIS,1.8691502,1.9983776
REWHIK,3.4498596,2.9002323
HPHXIR,1.4628841,2.1993384
VICDIV,2.5644011,2.0746326
XERLIS,3.223733,2.9881098
FAVXOS,2.4435825,2.4434745
NIHCIT,3.781022,2.8629003
YUVXOE,3.627822,2.6904893
HERVIM,2.4506574,2.1961884
REFHUG,3.1758409,2.8057969
EZANAW,2.8076708,2.5903633
KUMHAC,2.6835868,2.5417528
NAWWAK,3.7747636,3.2997034
DODXUQ,3.130942,3.405518
FOPYOA,2.332832,2.2686589
MURCEJ,2.7118866,2.5054557
VIQXIE,3.3252313,2.6928446
JELSEZ,3.6765304,3.0830991
HOGHER,3.0931182,2.828872
ASIGAL,3.2011476,2.6405454
GAYZEO,2.5426319,2.4567714
YILFUV,3.5508137,2.8056014
POHCOF,2.9788303,2.56488
ZAJJOJ,4.190009,2.7553198
FUSMOX,4.305658,2.6605463
WAVYOK,2.2675247,2.1656885
QOMKUY,2.0879297,1.7404555
GUYFUB,4.7135563,2.8936167
HUPTET,2.9527075,2.5036778
CAWCUZ,2.6990974,2.376126
OZUBAN,2.262899,2.0653992
GIJZIJ,2.0128262,2.1635451
ZECMOL,3.515439,3.0764315
YIJJAF,2.874883,2.5165396
DIDQAL,3.061281,2.424194
SIWQIZ,3.2384272,2.629371
JUYMUN,3.0514848,2.463893
JOQWOD,2.4419498,2.127536
AKIQUH,3.9723182,2.3700566
XUWQOX,1.6582619,1.628028
NIXFIM,2.8778763,2.4201255
NIYREV,2.3986838,2.2237346
OZUBIV,2.5053523,1.9847243
LERBES,2.9630477,2.766368
KUNRES,2.7328396,2.4273589
MOKDAS,4.2871537,2.9707632
KEWXUG,2.6800494,1.9395058
VAQWAO,2.585626,2.482423
REWXAT,2.8351543,2.5179386
TICQEC,2.6495726,2.237002
MADKAE,3.0819616,2.4049218
MEQTUA,3.2297194,2.5073545
PALGAK,3.6052365,2.8351443
FUNKOP,2.8686244,2.586136
JEPTUW,3.3069997,3.4398775
UVAWAR,3.570134,2.6583803
ASIGEP,3.2133925,2.643459
SURLIB,3.1165202,2.4604445
TOZWIO,2.4770525,2.465379
EXEPOO,3.3167958,2.5383277
LEKRAX,2.9543402,2.2478032
QEQQIP,2.77665,2.160343
VANHID,2.7181454,2.6724045
YIMVOG,4.155451,3.1218092
KATGUK,2.784269,2.509537
KISQAG,2.853114,2.4754374
UXAJEK,4.327427,3.021849
TOLZOM,3.145092,2.5089953
XOLBAC,4.0656533,2.5588622
LANMES,4.21069,3.0246413
ILUXUK,2.9554286,2.4837842
RAYRAN,2.8378754,2.5746043
MADGEF,2.2745998,2.4099603
FAFKEF,3.1965215,2.7899036
HEXGEY,3.4972074,2.8034978
GOBPIY,4.897233,3.611411
YIDFOJ,2.655015,2.5142605
OYORAX,3.661564,2.4086802
LIBFUY,3.74728,3.0597763
RUWQOP,3.3679533,2.9090326
TOLTIX,3.4308116,2.7105536
DECWUF,2.471066,2.2625396
HIBVIA,2.1779993,2.3271675
AQOBUF,3.981298,2.78799
MIBRAT,3.3489053,2.526826
BOKXIL,1.7330931,2.4454203
NOLNOR,1.7099636,2.3602612
ZIJJUA,3.386185,2.4628873
IRAKUH,2.1739175,2.641811
FETHIX,2.743724,3.0285676
DOCMEP,3.329041,2.6608443
NIPMOP,2.6054902,2.9949338
NIQBAT,3.204685,2.3343868
FOJVEG,3.3559802,2.8275752
HAPCIK,3.9086435,2.5959291
OHUNAI,3.4716287,2.6545656
EROPOS,3.448771,2.6584349
KAPTON,2.9434557,2.5408993
NIGGAO,3.5929914,2.5071073
SOQQIA,3.4550297,3.0949595
ZOGKAK,2.2522864,2.364884
ZIWRIG,4.0014343,2.8226533
FIBPOX,2.3720164,2.2274623
KIBYEB,2.6354227,2.4933584
DIGSUJ,3.4408798,2.653595
ZOHYAY,2.941823,2.4429092
AKUTEH,3.0920298,2.6164908
CEHGUU,1.1858722,2.086213
TECKOB,4.2427993,3.3019285
RENTIO,3.3350275,2.9484978
VIHDAT,3.085227,2.2937584
TEWNEP,2.9962456,2.4601731
TEPYAQ,3.009035,2.5009267
RURNEZ,3.9720461,3.0149546
WESXUQ,2.777194,2.3504982
SIGDIX,3.6914966,2.7412171
XEZWAB,3.312714,2.370246
RIZMEU,3.080057,2.6726916
FEHKAG,2.863182,2.4956174
IJIXEG,3.4433289,2.7884455
VUTSAG,3.735579,3.2741284
RACMIU,3.9894614,2.9496846
YEJYOE,3.2079504,2.7609096
QILPOS,3.5353034,2.5726953
SEKPAB,3.2302637,2.6791053
HEKBUX,3.1456363,2.5922449
DOSXAN,2.609572,2.2430832
WICSAE,4.3862033,2.5543957
REMXEO,2.8705292,2.400781
KOFPUR,2.0397656,2.23915
XIYDUG,4.0901437,2.9866462
MENYAI,2.9932525,2.6055913
RUWJEZ,2.779371,2.9538653
EMOQUS,2.2996342,2.696548
LOJQIL,2.9067202,2.7320886
GUKPAF,3.2914894,2.8256927
VOSBIQ,3.567957,2.423734
NOGZUE,3.7363954,2.2212884
RUQXIL,3.1763852,2.6561022
SASROV,2.3320158,2.1898751
XORSAA,3.5557117,2.764618
VAKDOC,1.9265661,2.0905812
XOPWUU,4.1296,3.5785568
BEDCAQ,3.078152,2.54481
NIKSUY,3.065907,2.296289
CEGTAK,3.183188,2.564082
OSONIU,3.570406,2.830266
POSQOF,3.4977515,2.55577
RAHVAY,2.6038575,1.9542618
ABAZOU,2.7875345,2.4922926
JALGAH,3.9015687,2.918892
WAFTUS,3.0571992,2.5148613
WEJPUZ,2.4408615,2.5442288
SOYVUX,4.1067424,2.7573657
VOCVUH,2.389704,2.2998772
MAQJEV,4.1380353,2.9658585
QAXLAE,3.192984,2.643116
QAXMIN,2.6887572,2.4965684
WUYVUI,2.8400524,2.6570876
QAKYUZ,3.0261784,1.7756376
VAHLUN,3.4520364,2.5975616
QIHWUB,3.5208812,2.6811278
OGUYAS,3.4427845,2.9875007
JIWZAT,3.2435973,2.6975741
PEXJIN,4.0210266,2.920296
MAFSEU,2.9023664,2.5869212
PUPYUW,3.7459195,3.012655
LEFNEQ,3.4743497,2.928956
XOXSOT,3.5769367,2.8125541
XIYFUI,3.2441416,2.6556609
QANZIO,2.9094415,2.8029928
RAZLOW,3.4969351,2.9662688
HANWAU,4.8575044,3.234114
SEQNUY,3.164412,2.605569
ODUXIW,3.1606026,2.688106
PUJMOY,2.6261709,2.2312133
ZOBMIP,2.8122969,2.278154
COMYOT,2.8484879,2.944168
LIRLAB,2.4188201,2.4469986
YEFHOG,3.7287762,2.861867
UMILAF,2.88223,2.8116326
DAQDOP,2.8721619,2.8147223
FUPRIT,3.596801,2.4054613
QOKSOZ,3.0645463,2.789158
QIBYEG,1.5377154,2.125803
CIJCOP,3.1576092,2.4324718
NIJVAG,3.4691796,2.6367936
RAXDOL,3.19761,1.9938703
IBAZIX,3.2855027,2.8052053
ITIXAL,2.9668574,2.6174464
AKIZUQ,3.5380244,2.8710341
MOCRUT,4.7712445,3.086729
WANDIB,3.725783,2.7759922
YUCKOY,3.4286346,2.6059577
GEGYUO,2.9948852,2.6428092
KUMPAJ,4.7633533,3.1189148
DECZES,3.084955,2.7587554
CEQZUV,3.4308116,2.8698082
NASMEC,2.574197,2.3988976
AMACUM,3.4991121,2.445764
RAHKUG,5.1698914,3.1787732
HUVRAS,4.194091,3.3878913
BISLAT,2.6607294,2.3215675
WIBPIG,1.5907776,2.4224014
LAFZID,2.4993658,2.596973
GIQSOQ,3.1840043,2.605688
MUJPAJ,2.8591003,2.2651913
MIHHOC,2.7907999,2.1994753
IHODAL,3.5135343,2.9063826
MIKQUS,3.2808769,2.4867284
ESACIM,2.934748,2.7056465
RAWLAD,3.0982885,3.0614362
WEJMIK,2.757602,2.480506
ZAVYUS,3.120602,2.5805023
QEWBAW,2.717329,2.5816298
PEDQEX,2.2645316,2.535653
TIQHIM,2.9986947,2.3911142
VIBWOT,2.506985,2.4561038
KITDOH,3.7880971,2.2396448
PEZDAC,2.3831732,2.2366662
BERQEV,2.382629,2.6834621
QIWMOZ,3.9236097,3.2111578
OKEPUQ,3.4996564,2.6219835
HOKYEL,2.3366418,1.9366735
PEYNOW,3.7491848,3.0830588
ZIGRAK,2.1377265,2.2375693
WAGLOF,3.7587087,2.963653
BEKZAU,3.512718,2.589139
XIXFOC,2.1956868,2.3686485
FESDAL,2.9663131,2.6297424
QUMCIK,2.4699776,2.8927636
LUXLOH,2.9812794,2.5708551
KAWKOK,2.884679,2.5493772
FESFAN,3.192984,2.6398673
HAGXOE,3.1576092,2.6386585
RAHVEC,2.6781447,1.9510574
KATGIY,2.7254925,2.506626
ALAMEH,3.0212803,2.671776
CUWTIX,2.0694258,2.4875097
KANPUL,1.7918698,2.3214762
KANPOF,2.9671295,2.3892288
UXUQAG,3.7173474,2.829858
CPTPIR,3.1078124,3.0800624
PUJNIT,2.6318853,1.8926421
ACIZAQ,4.010142,2.8051128
PEZCUV,2.5581424,2.132184
UTOYIN,2.3483427,2.324818
GABTAG,2.4536507,2.524409
GUTLIS,3.5064592,2.675879
DOTTEN,3.1165202,2.7876067
VEDLEX,1.2560776,2.0370579
REHPID,2.619368,2.5686293
LAZMEH,2.0705144,2.336522
VUJCOT,3.7644231,2.549049
NUSCEL,2.9712112,2.6885538
RURTII,3.0887644,2.819533
EJOKUK,2.4215412,1.8395741
QAKYOT,3.8343565,2.5628583
NUSCUB,2.538278,2.3439689
OHOFEX,2.8269908,2.561548
TEWNIT,3.0525732,2.5029802
VIPLIQ,4.753557,3.0445185
AQUHOL,4.2689223,2.826356
ROSSUP,3.594352,2.6277041
UYIDEM,3.5426505,3.2764435
NASMIG,3.90048,2.9493155
IKIHER,2.9342039,2.535841
MOHSOS,3.4640095,2.7106912
DIDHOO,2.4827669,2.2257562
HUPHIL,2.0397656,2.3244028
RUWJID,2.3377302,2.838246
XOVPEF,3.6474142,3.0617225
ZIHYOG,2.4599092,2.392091
ORELON,3.1744804,2.939874
YIVXUZ,2.007384,2.1922123
GITQEF,3.5497253,2.6138976
HEHJOT,4.0376253,3.2602944
UFOYOE,3.6319036,2.8137536
UJAKAR,3.9557192,2.7300248
AZAQEX,3.857486,2.9539208
XOSTUU,2.5578704,2.4347553
DAQXUQ,3.4025118,2.7051947
DOZGEG,3.2974758,2.659295
OJUSIX,2.5567818,2.1640923
CERLUH,3.4525807,2.6575942
ULUVUU,3.1573372,2.778386
SIDDOZ,3.0716212,2.5557227
OPEKUR,3.630271,2.7030733
OGUYAQ,2.841685,2.666118
QELLEZ,4.050143,2.5460415
PIKKOL,1.9516007,1.497996
VIMKIM,3.7437425,2.3220897
OGOHAV,3.4299953,2.7718434
OMAWAA,3.4014232,2.6695468
AZIPOP,3.027811,2.536931
QEKLAU,3.8612957,2.4969714
IBAZET,3.4882276,3.0844555
ZINHEM,2.418548,2.5879116
FAMMEN,2.3344648,2.4208407
WIXMAT,4.623759,2.6821523
BATKAK,2.5290263,2.3647819
ZUJWUY,3.0441377,3.2869349
NIPXIV,3.5595214,2.806723
RAPBOB,3.5685012,2.7126095
RABYEB,3.3516264,2.740478
AMADAT,3.6166654,2.985155
NUGPAG,3.163868,3.0861726
CIGKOV,2.8827744,2.591542
AQIFEN,3.7129936,2.5723538
SAPQAC,3.0667233,2.1728399
OPOGEG,2.9238634,2.5245476
UKECAQ,2.8620937,2.2303777
MAMWOP,3.326592,2.518665
DAMFOO,2.4884813,2.7432773
ATORAD,3.3905387,3.5206666
FOQFEX,3.7170753,2.7237227
EJUSIL,4.012319,3.1947365
OVELOR,3.4767988,2.6385665
YUKYUZ,2.936653,2.2435918
HIPFAP,2.287117,2.3574748
YEPSIV,3.7600694,3.057167
IKULOQ,3.4376144,2.6689956
ATUQEL,3.2297194,2.5361676
QEKSEH,3.3113537,2.6287577
MABMAG,2.8664474,2.5968993
ESUSUH,3.262101,2.917028
MEXGUT,2.7597787,2.6077118
JAPWAY,4.165519,2.4229012
UJOWIZ,2.4536507,3.1005008
XACQAV,2.6253545,2.2438905
LIHVEG,3.565508,2.7642484
BOJJEQ,2.9698508,2.387533
ZEFNUT,2.2925594,2.3630009
NAPFAM,3.388634,2.7227821
COWYIX,2.9722998,2.679715
MIMGIZ,3.7007484,2.8073676
QUDXUJ,2.4335144,2.002407
KIJHOC,3.2030523,2.4686897
BEWPEA,3.6188424,2.9802516
DUPSOW,4.2618475,3.4407465
GIPYEM,2.2882054,1.8343489
ALIZAX,3.4313557,2.5544047
IPOSUC,2.5891633,2.784929
BONQUR,2.2495654,2.1034458
NAVKAW,2.7344723,2.881312
HANNIW,2.9641364,2.2948594
ARUFID,2.2808583,1.7830513
YINVOH,4.4926,3.0463884
XULYEJ,2.54753,2.4688451
ZIQXAY,3.00196,2.8967586
FETHAP,2.473787,2.9796524
ZAGLUR,5.434658,3.3132708
KCHEIR,0.4416408,2.0610394
GUZVAY,3.1576092,3.0072927
JEWGUO,3.773131,2.6693408
ICOHUF,2.4691613,1.8123965
OYAZEU,3.1494458,2.6081622
NEBGAD,4.5829415,3.2163801
ZARKIP,2.8863118,2.1662982
VULTED,3.7097282,2.6562357
OMODUR,2.8805974,2.698257
YIWQOK,3.2936661,2.6749132
MARPIF,2.3001785,2.3194025
RAYNOX,2.8563793,2.0602214
NEPMED,2.8384197,2.357376
PEDXEB,3.632176,2.68513
OYISEW,3.3918993,3.1632397
ZEFREH,4.0057883,3.0229566
FIVVOV,1.9875196,2.5966125
XURYUE,3.1660447,2.8186073
VECMEY,2.5644011,2.602946
RAZMAJ,3.6378903,3.008541
QISROZ,3.864289,2.9202898
NUWMEY,2.6237218,2.8393192
BIKFEI,2.0819433,2.3857603
NIKDOD,2.9899871,2.6329448
YIVQAV,3.5328543,2.8094432
PESFIC,4.8885255,2.725837
TICQIG,2.6585524,2.4035692
CUHBOX,4.6379085,2.9045856
XOWQUV,4.435456,3.0444837
RIBJET,2.5826328,3.1532042
NEBFOQ,4.920363,3.0548863
HIRMAY,2.043303,2.3880167
EJOFIT,2.9162443,2.6797426
FEFWUK,3.4381588,2.8305779
POSPIZ,3.1298537,1.960295
YUGBAE,3.7524502,3.2756445
KAJYEA,3.087948,2.8585095
TAFJAO,2.8299842,2.0827065
RECBAF,4.610425,3.0066438
BEWNOI,3.6814284,2.8202477
VEFGUL,2.7118866,2.381338
XAXLAK,3.1581535,2.8856056
PESFOI,3.7083678,2.74084
RABGEJ,3.8278258,2.891916
QAXNOU,2.772024,2.3911705
EJUTAE,3.9021127,3.035527
VIPLIS,2.652294,2.3680322
LOHFIY,3.0193753,2.78095
TOQXUU,3.5570724,2.54427
SARFOJ,2.824814,2.6597354
ZAZXIH,3.1864533,2.1766796
YOXZAM,3.6670065,2.9496279
LUWMUL,3.3902667,2.847873
ZAXYOM,2.9842727,2.618119
LERBAO,2.8648148,2.8360116
WOBQOV,3.1671333,2.6167111
KIHLEU,2.9263124,2.5652769
PUHVOF,3.8090498,2.5454626
KIKJUJ,2.2781372,2.0361881
ITEMEA,5.016147,2.8857114
JIVVAO,3.3540754,2.5869465
IHOBOX,3.5015612,2.7897475
ECUBIN,2.7848132,2.4156854
XEZNOH,4.3652506,3.058984
ICETOB,3.7823827,2.9315064
JACKOO,3.503466,2.1163166
BEWRIF,3.1913514,2.7661614
HEBGON,2.5627685,2.3480353
MOCLUN,2.9461768,2.531796
NUXVEI,2.4207249,2.3169227
CETPIR,3.3682253,3.247384
HOKGIZ,3.272169,2.7091935
MUFFEA,3.6966667,2.9757912
JOGVUZ,3.3731234,3.1205626
TOHSAK,3.4950304,2.6513965
YOZHIF,3.9924545,2.5788028
ITIXUF,3.3450956,2.6700768
WOBGEC,3.374484,2.5165272
FARFAI,3.6604757,2.8372731
PUPYOQ,3.3140748,2.8829012
BOYXUK,3.0786963,2.0454183
DOWFUR,2.6893013,2.5265126
WEXKEQ,3.62755,2.8674426
VECLOH,2.5673943,2.5715322
XOBSUE,2.9913478,2.480124
RILBOG,3.267271,2.775263
FIBJOS,2.208204,2.386349
LAJWEY,3.8365333,3.0414572
AXUPUE,3.71898,2.4499722
CIYYUG,3.443873,2.7677922
IBAYUI,3.5761204,2.7209775
FOVYEW,3.3763888,2.506291
MUBHIC,2.7829084,2.5180192
LIMVEL,2.2699738,2.03926
RAHTOK,2.1516044,1.94086
JAHSOA,1.6198938,1.8674046
XOCQEN,3.6882312,2.9292006
PUJNOZ,2.5442646,2.244629
FANGUW,2.7135193,2.1908143
CIBNAF,3.7508175,2.706813
XULYOT,1.7951351,2.2639263
YOSPEC,4.5995407,3.2824943
REJGET,2.7254925,2.2677195
QOGTEN,3.0003273,2.0839214
IMOWAJ,3.5167994,2.4962273
SOWQUS,3.4212875,2.7569823
YIYBOA,2.3197706,2.063018
BUSZAS,3.2816932,2.7154558
OREDEW,2.5001822,2.3252664
DAKGIG,3.8349006,2.471161
DATPAS,3.5578887,2.5754824
OXOKOC,2.5151484,2.9482577
CEMMIS,3.0212803,2.7284443
WIJVUI,3.6852381,2.68697
LAGWEY,2.8737946,2.440394
RIXWAX,2.7614114,2.7641587
DAGQAG,2.3766425,2.8621762
KATPIH,2.6340623,2.4607365
LIWYEY,2.9818237,2.643957
GURJUA,3.4931257,2.7904158
OREDOF,1.7088751,2.5320818
WAGBIQ,2.6446745,2.683664
LAMWIF,2.9785583,2.2834935
QORCOQ,3.1701264,2.7682905
JIHZUY,3.9606173,3.1287062
AYOGUR,2.9167886,2.662356
PAPDUI,2.3763704,2.3154163
PUMMER,2.6400487,2.4472566
UJIWAN,2.6212728,2.6562648
IKUYAO,3.1099894,2.975778
KAWKUQ,3.0999212,2.6800842
UNAZOZ,2.4882092,2.3891466
HIXBAR,3.4977515,2.909125
HOMKID,4.5018516,2.9641426
ROMHIN,2.6152864,2.489005
SABPER,4.5298796,3.2097194
MAPWUX,2.7227714,2.2694554
LEPYIQ,2.8838627,2.5942159
DOTVAL,2.4209971,2.7104604
MAFRUJ,2.8542023,2.5309098
KEDGAB,3.369858,2.898726
TIJCOH,2.7883508,2.102274
LIWYOI,2.9007337,2.556532
KOCMEU,3.2876797,2.9669883
FEXYIT,2.4724267,2.3348382
QUMCOQ,3.16931,2.84615
VOZWIS,2.709982,2.523474
EXOBID,2.5132437,1.7586024
FESFOB,2.8139296,2.5996659
MONCUO,3.8629284,2.732205
BOBKOU,3.8019748,2.7066703
FUPMIN,3.3118978,2.517384
BOBTES,2.9899871,2.2460036
LADVEU,2.7739286,2.5095887
APECUV,3.792723,3.0022836
RAYPAL,2.7595067,2.1976085
YOBNAH,3.0972,2.111514
XOGBUT,3.5842838,2.8222427
LOBPIC,2.9099855,2.6144483
PADYID,2.597599,2.8362715
SUHGIN,2.70971,2.851805
AQEWAW,2.9736602,2.457673
NEPKUR,3.4204712,2.8941936
BICJIJ,3.0220966,2.5918953
SOWTEE,3.2762508,2.7402506
QUDYEU,2.294192,2.0570674
XOLBEG,3.9080992,2.544205
ZEFRAD,4.36906,3.0853739
QORKEO,3.1385612,2.6859908
MEDFOT,2.8876724,3.2253091
HOLWUA,4.897233,3.7063272
AHUKOF,3.5717666,3.024682
IBEFUR,3.161691,2.5244236
WABDEJ,2.7263088,2.4103973
SATVOA,2.7113426,3.1350765
SUCVET,2.9921641,2.7078784
VOCDEY,2.6093,2.4677901
NEPMIH,2.6343343,2.4002318
SUGCOO,2.6675322,2.2292366
SOJSAN,2.6974647,2.5545557
ZIHDEB,2.626443,2.7262197
DEKQOA,3.1050913,3.0726278
LAJHUA,2.9532518,2.785538
JUDQUW,3.412852,2.5377195
NEMKUL,3.269176,2.8290434
QUYDUL,3.8446968,2.9617534
EBAHIB,3.5981617,1.9484833
UPOVIG,2.5126994,2.5525644
RUQLUL,3.5050986,2.883173
MIMYEP,2.2114694,2.6288126
ZIDDOF,2.5608635,2.2723525
LIHTUU,3.630271,2.9224846
RITRUJ,3.537208,2.7114818
RUHGAC,2.6365113,3.121179
AVAREV,2.2599056,2.2338622
BEKTIW,3.8438804,3.2665162
BUPLOP,3.126044,2.7505126
TIKZOF,2.9744766,2.512299
WOBPIP,2.7584183,2.4421368
JARGIT,4.722536,2.549724
HANWEY,3.159242,2.6592622
PIGKAT,3.1157038,2.5569348
TEXJUC,3.8019748,3.0481162
OMOLUZ,3.190807,2.6173463
TOHNUZ,3.6504076,3.8243392
GEKDAD,2.9135232,2.7999682
ZARKUB,3.0245457,2.2289002
OJURUI,2.7429078,2.1401205
YIVYAG,2.0936441,2.340491
WAMZAO,3.104547,2.7799501
CIMLOA,3.9402087,2.8598053
WEJMEG,2.884951,2.4660814
BECDAQ,4.08715,2.9837337
YAKGAU,3.432172,2.5063293
QAXNUA,2.841413,2.595764
ZOLXOP,3.5880933,2.6869807
TONKUE,2.4288883,2.4556065
GALJOV,3.343463,2.6048656
ISAQEZ,2.8019564,2.6481333
COVBOF,2.9518912,2.8647747
VUFMUF,2.3758261,2.3569708
OQAPUT,2.8893049,2.5244625
TUGVOH,3.469996,2.7487676
TOQYAB,3.5769367,2.4263794
WENBEX,2.7475336,2.4965563
JUPWAU,3.104547,2.4741907
MOCBUE,3.1709428,2.9021153
TAFHUG,2.8220928,2.4211388
OWAHEB,2.4155548,2.5480006
REDPOH,3.6710882,2.612986
VULVEF,5.18649,2.9797423
LIWLAH,4.433007,3.204366
VUCCOM,3.321966,2.6646125
GOCTUN,2.2876613,2.8572166
QUMROH,2.9018223,2.6653726
BAKGOM,2.8025007,2.7337756
OYOQUQ,5.1513877,3.3258848
VIMJOR,3.2852306,2.5527148
WEQDED,2.1366382,2.444025
RIQDOL,3.432172,2.6811335
XOKZUT,3.9252424,2.6261158
BAWBAE,1.3390723,1.949598
HAZYOY,3.467275,2.6486197
HIWGUS,3.3635995,2.6368556
UXUPUZ,2.709982,2.9013891
OTUREB,3.4523087,2.805121
JAYCOE,3.0835943,2.2613103
QUKLEN,3.9799373,3.045137
NUZZOY,3.8993917,3.1474273
RAJNIC,2.2838516,2.3732061
HIBPEP,2.7203224,2.5860486
MUPROE,4.772877,3.017904
XOKYUS,3.969597,2.539611
GURDUT,2.6822264,2.1158323
GUSKIO,3.352987,2.6233716
DAQZOM,4.0800753,3.139423
CESKOD,2.9535239,2.3851745
REJYIO,3.2844143,3.0517406
GEGZEZ,3.006314,2.641299
QIBXOQ,2.1181343,2.1890984
KAWHIC,2.61964,2.4422648
KUMHEG,2.69556,2.4128911
VOFDIE,2.6531103,2.0894003
JUJJEF,3.613128,2.632533
TOQXOO,3.5829232,2.4468615
NOKBAR,3.3486333,3.1342878
PIGHAQ,3.2659106,2.932425
USEJIN,3.0501242,1.7527992
TUDQUF,3.988917,3.2498457
ZILQIW,3.7312253,2.5458748
DAXZAF,2.3382745,2.4274004
BUFXOR,3.749457,2.746669
RIMGOJ,3.4289067,2.8524904
NASNIH,4.2841606,2.945218
ESODIZ,2.1684754,2.9778302
PEHKAQ,4.658317,3.1203492
KAPNOH,3.1437314,2.5421174
QASNUV,3.0196476,2.7121973
RAJHUH,2.6242661,2.51463
QOSSOH,3.0035927,2.4232879
ROJCEZ,3.0264504,2.5173717
DITRAC,3.7573483,2.8070931
YOQFIU,3.7875528,2.8513849
FEZVEL,3.0942068,2.3235803
COKGER,3.2580192,2.6874394
SOQPOF,3.4381588,2.5172143
FEPHUD,2.8171947,2.7581024
KEYFUQ,3.0269947,2.1311057
ONIYIU,3.8044238,2.8505557
QAKZEK,3.415301,2.4200344
ACAXOU,3.5744877,2.7510457
AWOXIV,3.3845522,2.8158703
KOBVEC,3.3559802,3.176999
WIMGOR,3.7894576,2.9537575
RIQCUQ,3.0046813,2.5982504
TADXUU,2.607123,2.5351005
YAZTUP,2.4509296,2.1646326
OCOTOQ,2.526033,2.3292513
YEJZAR,3.1635957,2.6742902
VOHGUW,2.0775893,2.2637954
SIZWIJ,3.0008717,2.6811318
XAHBEO,3.840343,3.0089495
XUPVUB,1.9956831,2.6847808
DOLNUQ,2.7641325,2.5338902
XIXMOI,2.8740666,2.5961268
WOYVAJ,3.9187117,3.0965397
QAJYOQ,4.0185776,3.315686
RAWFOL,2.837059,2.7015903
SIVMAM,2.8781483,2.6840312
TOWHUK,2.8065825,2.369499
FEDDEZ,2.2950084,2.7401052
VOCVER,2.6131094,2.0986187
XERMEO,2.1913328,2.600825
DOLNIE,2.762772,2.467578
XUFCOS,2.1970472,2.1072078
PEBSUN,3.8651054,2.7063465
QAFHOW,3.3173401,3.0811114
BEWPUQ,3.7012928,2.9994974
TOHBUQ,3.2229166,2.8614213
FIQJOF,4.203343,2.9613934
YAZTID,2.4552834,2.4060338
GABTEK,2.9815516,2.7373867
USEVAR,2.7608674,2.9290285
EKOGUH,3.551086,2.394374
HUVREW,4.142117,3.2999806
OZEYAV,3.1875417,2.4335098
MAFHOS,2.9845448,2.5770607
IKODIW,4.022387,2.5198655
LEJLEU,2.946993,2.4240098
TUWQEJ,3.1050913,2.9699824
AWANIX,3.6060529,2.7935314
ANOKIY,2.753248,2.6802952
LOQYOG,3.7480962,2.9237483
GUQMOW,2.0849364,2.3753014
GULWEP,3.422104,3.1404097
ROWWIL,3.6104066,3.2345672
COFJIT,2.1399033,2.391247
VEFGIZ,2.1559582,2.2636013
JUDKUQ,2.9157,2.5373325
FOQGEY,3.314891,3.0437007
VANNIJ,2.3412676,2.415403
MURBIM,3.3140748,2.7091746
COFCEI,3.7034698,3.4341793
SECSOJ,2.2228982,2.3247318
CAMTES,2.3780031,1.8660165
VUBMAI,3.2808769,2.7824693
CAHWAJ,2.6852195,2.2737646
XUVBOF,2.678961,2.0620158
ZINGUB,2.4133778,2.5625558
FAGMOP,2.595694,1.7290139
UJAJOE,4.727162,2.9295235
UJICOF,3.4084983,2.5949357
XAXKUD,3.7173474,2.9369001
ATOSAE,3.3118978,2.8504696
EJAPIQ,2.3434446,2.494078
OJUQEQ,3.8680985,2.8477852
QORMEQ,2.7020907,1.996738
CAWDAG,2.8863118,2.6244628
USUXUD,3.0525732,2.1927526
GEGYOI,2.9962456,2.6465101
HAQGEN,3.689592,2.9999614
LUSGAJ,3.417478,2.4005597
NONHEE,2.8411407,2.2518044
VUYWIX,2.6566477,2.409977
FUQQUF,3.331218,2.75283
FODDOU,3.0022323,2.3204856
QAHCEH,2.3951461,2.621173
VEFGOF,2.7091656,2.340395
DOBSIX,3.0283551,2.5625052
CEYFER,2.0773172,2.635189
OHUMUB,3.489044,2.6684618
SILCEY,3.1889024,2.3147693
DOPWAG,4.4964094,2.8467617
BISKUM,2.6435862,2.2681797
OZIQAQ,3.699388,3.2666495
XUPWEM,2.325213,2.8018177
FEPXEG,2.8697128,2.463782
VEHZUG,2.021534,2.2113316
ZEZWAE,5.9783416,3.1352684
KEVVUF,2.4035819,2.483552
TADXOO,2.430793,2.2047484
IGOBAI,3.1064517,2.5802712
IVUCEI,3.1899908,2.9340804
DOLNOK,2.758146,2.482298
YEVWUS,3.496119,2.6885407
LIXVOE,2.5102503,2.5710268
QIHBIU,3.0759752,2.7551792
ESUSIV,2.325485,2.1181788
RIZMAQ,2.903455,2.50983
FILVOM,2.550251,2.862656
UHIREI,3.7968047,2.7395253
LETXUG,2.7951536,2.4387305
MAQFES,3.6569383,3.0900915
QAPFUL,2.1238487,2.483576
YILFOP,2.8144736,2.516345
SOMTUM,2.2884777,2.0876846
NAVRUA,2.7205944,2.3944259
UCUHAB,3.6623805,2.9229524
EDIZUO,3.2675433,2.5569465
HEKRAQ,3.2207396,2.6302202
MOJFUM,3.2158415,2.006534
ESUTAO,3.018015,2.4625227
PUJNEP,2.569299,2.1831686
ROWRAY,4.2553167,3.020353
GEVGUK,3.3733954,2.880536
CIYGOJ,3.7080956,3.052849
WIVNAT,3.4425125,2.6639836
IBEPUA,3.8297305,2.5387523
QOPSOD,2.3380022,2.2012994
DICQUE,2.9701228,2.5801709
RICJET,2.531203,2.5648923
XOCREM,3.0150216,1.9505609
CIXLED,1.6144515,2.295428
MUFBOF,4.0057883,3.0557117
HISLOM,2.6065786,2.7776675
VIRZEE,2.4152827,1.8609012
QEGZAF,1.9031644,2.0696683
SAVMAD,3.4852343,2.9393475
ODADOP,3.5040102,2.5930545
BUCROI,2.674607,2.6218355
JENJOE,2.2784095,2.3486042
YUZBEC,2.4220855,2.401038
CUHCAK,4.1867437,2.9753451
RECBEJ,4.400625,3.474328
HIWYET,2.8071265,2.284513
VECLIB,3.0544782,2.464857
TUWREK,2.430521,2.2836869
RAWKOQ,3.042233,2.960031
DUZJUD,3.3660486,2.8698354
FEMXAX,3.3660486,2.532811
QASKAY,2.1287467,2.038678
LEBMOX,4.055857,2.634339
RUKWOL,2.7907999,2.5612612
MANTOL,2.3042603,2.4587793
MORJUZ,3.0716212,2.3503315
YIZBER,3.9306848,3.790255
NIPZOE,3.1333911,2.6262865
APUPOS,3.640067,2.465753
GEBQIP,2.9118905,2.515386
JARGUF,4.903492,2.8835034
KIBYOL,2.9600546,2.3987088
ZIHMIO,2.894203,2.5214982
KAHNEO,3.2901287,2.5777419
YAKDUL,2.535829,2.5936668
NASFEV,2.5211349,2.4789326
MIZLAL,3.1744804,2.536293
NIGGES,3.578025,2.5590982
JAZDET,4.5540977,3.5861466
NOYBEK,2.8974683,2.5672207
BIDYIX,3.5521743,2.5653293
FORDAS,1.7921419,1.930901
GODMET,2.7203224,2.7431693
HOQXUI,2.4011328,2.5597353
MAFSIY,2.8691685,2.51651
PIYREU,3.670544,2.9009087
YOBFAX,3.3976138,2.832964
XEFBOC,3.020736,2.6343272
PEZCEF,2.514332,2.298584
ADISEO,3.1535275,2.470509
YUYZUP,2.5132437,2.300077
PIJMEB,3.0027764,2.307423
AYAPEV,3.1059077,2.764896
FISTUX,3.0332532,2.3124428
YOZGUQ,2.6520216,2.0756998
MADYAT,3.4517643,2.6122239
FUPREP,2.836515,2.1591344
QUMRUN,2.9148836,2.5594873
WORGOB,2.7755613,2.8060265
QIJDIY,2.382629,2.2979949
NULYAW,3.025906,2.2001016
ERUYUN,2.776922,2.7846622
FETJIZ,4.5345054,3.581472
VOZXOZ,2.9654968,2.429601
TEPSIS,2.9840007,2.3447208
CEQZOP,3.4011512,2.8111129
FETMID,2.7284856,2.682797
DOGJIT,3.3704023,2.7990768
BUQJUT,3.6958504,2.975146
CAFKUP,3.1216903,2.8921537
AXOFUO,0.84300876,1.3859231
VOZYOA,2.899101,2.6703188
OWIBOM,3.2158415,2.982709
MAXWIS,3.0773356,2.6047726
BEWQOL,3.5211535,2.9336712
ZUNCES,2.927673,2.7202427
MECDIJ,2.5200465,2.7757325
LIJHIY,3.1124384,2.7898405
RABDID,3.3995185,2.6833415
CESLAQ,2.2903824,2.4414423
ECIWUK,3.0403283,2.563648
CAQYOL,4.4245715,3.3229856
OYANIN,3.240604,2.886175
KOCSEC,3.4667306,2.6292033
EJAPAI,2.9249518,2.6609614
RIQCOK,3.7848318,2.6784236
HUPCEB,3.9418414,2.7953472
VIQYEB,3.226182,2.7867067
XUWQAJ,1.4963541,1.6574003
XUPHOG,3.3763888,2.9154983
WOFQEP,3.458023,2.5774744
WIFMOP,3.5211535,2.6264813
HUMDAW,3.4953027,2.7779026
WUMLAR,3.1050913,2.363982
GODMUJ,3.539385,2.8890474
ISINUU,4.130144,3.3531556
EXUMAL,2.9146116,2.9189003
WANGEA,3.4204712,2.58144
NICZUU,2.8667195,2.7666461
CTPIRA,4.024836,2.995597
DEXWIO,2.5064409,2.2765112
JAFXEU,3.1986985,2.5170653
CIJSUM,2.980463,2.8818974
HADZUH,3.7861922,2.7135832
WUPNEC,3.8936772,2.5705352
EKOHIW,3.3510823,2.6167707
BAFWAI,3.4324443,2.668833
IWUJER,3.4754384,2.7602272
BUBSIC,2.4359634,2.3693297
OFARUL,2.9548845,2.2827551
IDERIT,2.9646804,2.7232423
UKECIY,2.3935134,2.318596
WARGUU,4.0090537,2.9719293
QOMLAF,2.1850743,1.5562766
SEPKAA,3.0093071,2.8139098
TUXXUH,2.7088935,2.3787322
ICASAG,2.6242661,2.5618567
LERRIL,3.0506685,2.5829248
NOMYUJ,3.2566588,3.0392618
NUXPAY,3.367137,3.2762153
ASIGUF,3.1913514,2.6469471
ENABEA,2.9309385,2.8671725
CENRIY,2.4218135,2.288583
HIWFOL,3.5113573,2.861502
XIKCIE,3.7554433,2.9732842
ITUNES,2.262899,2.07869
QOSCAE,2.4180038,2.632868
ADUZUU,2.652838,2.9929345
HAHWOD,2.841957,2.5278456
YECFOC,3.264278,2.821644
LIQVAI,1.4321352,1.8693738
AKUTIL,2.939102,2.5463927
WANFAV,2.5720203,2.6523285
UMESEL,2.1711965,2.1837847
NONHOO,3.453125,2.4892693
OPAKAT,3.204957,2.6182704
CESKUJ,1.9570429,2.2959323
MEVZEV,3.34564,2.455472
VALYEP,2.0936441,1.9901844
DUBBAF,2.4370518,2.4312527
MITHED,3.758981,3.1687136
WUSNAB,2.0969095,2.6784887
MUBHEY,3.8419757,2.771814
MECHEH,3.3788378,2.8261755
ROHFEB,3.4800642,3.0600443
DECZAO,2.6876686,2.8609362
DOBSUJ,3.0199196,2.381289
IFOMAR,1.6996232,2.1202757
UTEKOV,3.1725755,2.68377
TAGREY,3.695034,2.9751394
IRAWOP,3.919256,2.8861573
CODZON,3.720885,3.1520774
GIJZUV,2.0400376,2.078315
QIWNEQ,3.9532702,3.2127755
AKIVIZ,4.3845706,2.7651815
BIXVAG,2.1619446,2.6674173
LARWAD,2.506713,2.2613406
OHEGIS,3.3567965,3.1140566
SOWRAZ,3.6471422,2.7311153
GINMOF,3.3415582,2.7545328
YAPXUJ,2.4623582,2.5014973
DOCLUE,3.410131,2.4633722
VIYVUX,4.040619,3.326799
VEVSOG,3.1344795,2.787889
VEJRUX,3.1682217,2.9831724
YATXAV,2.4242623,2.3650239
EKEXID,2.8084872,2.3363214
HIWZUI,3.46537,2.9133196
GIJYUW,3.1529834,2.5114608
OSOPOC,2.31324,2.377267
QOCJAW,3.6738093,2.6309834
MURCOT,3.4827852,2.2634363
NEVREL,3.5521743,2.5365324
UCISIL,2.8901212,2.7800784
QIWNUG,3.9557192,2.8362534
SENWOA,2.15106,2.0696278
QOTFEM,3.740205,2.874805
YUKJIY,2.4122894,2.4857569
VEBJOE,2.7543366,2.123123
MAJNIW,2.3834453,2.1577468
UFAHIV,3.6455095,2.1113095
MINGIC,4.8795457,3.4499385
NIJTEI,3.4433289,2.6302247
PIXRUM,3.0139332,2.6175168
UFOZIZ,3.6558497,2.7320971
VOGFED,2.3937857,1.8525698
ADERIN,3.4259136,2.7749298
WAGMUP,2.9766536,2.681153
GECLUY,2.1423523,2.4205718
RAYQEQ,2.574197,1.9245675
UFOZUL,3.7837431,3.1704946
FOVRIT,3.4740777,2.643835
QAKVOQ,2.99679,2.6889782
ALUTAD,2.9317548,2.3865194
WAGLIZ,3.0754309,2.9237204
ZEZWIM,4.586207,3.4718547
YOCBEA,2.6084836,2.6419816
BOKWIK,1.9077903,2.4086428
HACFUP,2.6650832,2.440246
AFUJIV,2.6773283,2.4849215
POCXAJ,2.5616798,2.3712564
MOBBEL,2.5872586,2.657956
IKEQUM,1.7241135,2.3208213
YOBDOJ,2.6389601,2.573102
CIMLUG,4.142117,3.1862025
ABAZAH,2.9551566,2.4994178
RICJAP,2.8337939,2.4970546
COCZEB,4.401714,3.532448
ANOXOR,3.6076856,2.8721712
OTAGIA,2.765221,2.1098857
ZOMKIX,3.7859201,2.7797132
YORFES,3.19761,2.3815985
ZARQUG,3.0416887,2.919572
MUCWIS,2.2645316,2.6654294
FEXYOZ,2.4536507,2.264358
LEWZUL,2.8601887,2.2405844
AJIDIH,3.2006032,2.5983167
CAWREA,3.1815553,2.7505846
GEKNUG,4.4125986,3.2446978
IHUCIX,1.5673759,1.6258272
MIHHIW,2.6512053,2.1975613
CEMTIZ,2.9649527,2.671842
ZORJIB,2.036228,2.6381443
CERKIV,3.3333948,3.5195684
OLEZEM,3.99572,3.1104996
WACVEE,3.064002,2.7636867
XOGCUU,3.4397914,2.7648542
QOQMOZ,2.863182,2.2529907
SIWREW,3.0011437,2.7259383
UWOYOW,4.78485,3.1217945
XUVCAS,3.4433289,2.4333897
OSIPUC,2.9222307,3.2691102
WIXBIO,3.9924545,2.592007
WETVAT,2.592973,2.4300845
VOZWUE,2.5627685,2.5070963
ALUTEH,2.8781483,2.4839196
SATRUC,2.5418155,2.5685863
RIXMIV,3.835173,2.9608047
DEBNEF,3.6817005,3.0069087
LEHJOZ,2.81529,2.1788242
VUVHOK,3.360062,2.351747
KATFOC,2.5684826,2.2370682
BORDAP,2.8106642,2.7397158
NINYOY,3.3105373,2.7220762
QIWPIW,3.6384344,2.5883577
NUHSEP,2.0261598,2.4677055
OCATOE,2.423174,2.367277
QEVZOH,3.8106825,3.0452166
YIDKAA,2.9997833,2.2443979
GUNYUK,3.1586976,2.7990232
MENYIQ,3.202508,2.5968463
DOTTIR,2.3880713,2.5950146
FIJPEV,2.7358327,3.2922292
RACJOV,3.7230618,3.0162556
QULBEG,3.4901323,2.747778
MIKHAQ,3.6101346,2.6174421
MAFSAQ,2.906176,2.5724607
YIMVEW,4.5013075,3.092892
TITBIK,2.3480706,2.619446
ATIWEG,3.8466015,3.1796525
VUNMEW,3.101826,2.7064128
IRARAV,1.6911876,2.1421509
TEPSAK,2.590524,2.577919
KELDIO,3.5099967,2.8966186
LETXOY,1.3303647,2.9272752
ZAYVIH,3.44605,2.5373244
VIMHOP,2.126842,1.7506471
UHUFAF,4.830293,3.3065608
TIQHAE,3.0414166,2.2116067
YOCRUD,3.5048265,2.8244665
LEWTAJ,2.0256157,2.1676903
QANZUA,3.9274194,2.8009214
XUGTOJ,2.7116146,2.5380354
XOGMOW,2.6966484,2.6785095
NUWCUF,2.985361,2.1238945
OFOZUH,3.1230507,2.684243
VUWWUF,3.2757068,2.6485884
RATRAG,3.489316,2.9362142
UYICIP,4.704304,2.874043
KIJHES,3.1815553,2.7101836
TAZRUJ,3.716531,3.1043782
RUKMUH,3.7480962,2.8177838
SIWQUL,3.190807,2.6106017
WEJMUW,3.1140711,2.493605
JOGXIP,2.382629,1.9780297
QAHCIL,2.7687585,2.8297975
IWICEX,3.5551677,2.8605208
QUKLIR,3.0680838,2.904037
FOLCUG,2.9140673,2.431676
XOVPIJ,3.1867254,2.8647833
KOHROP,3.185637,2.6452477
MOHSIM,3.4618325,2.735133
HUJDAR,2.3067093,2.8470213
QIPLOQ,4.653419,3.3484845
UTOVUW,3.1992426,2.4456065
LUZJOH,3.333939,2.741942
TUNGUF,3.5976174,2.4159184
IPOQIO,2.9589663,2.6317077
DOCNIU,2.875155,2.2496123
MECCEF,4.077626,3.0072596
JAZBOB,3.163868,2.6795287
NANTEE,2.6212728,2.2463262
SEKPEG,3.99572,3.1829336
BIXTUY,2.468345,2.7562683
XONRUO,3.2732577,2.7231464
MOSKAG,2.5725644,2.9415214
DEDPUX,4.1908255,3.4327807
HESHIZ,3.3565245,2.7746127
LEKQEA,3.0694444,2.5374293
BOQCUG,4.76036,3.515095
WEJQAG,2.5031755,2.507847
HUPHAD,2.1107872,2.1709075
HUMDEA,3.1657727,2.849695
QOCZUD,2.977198,2.6251695
OSECIZ,3.6841495,2.8026738
SATXAO,3.6629248,2.875758
DEKVEV,3.242781,2.7215695
RAZHAC,2.9886265,2.422748
ISEKAT,3.3426466,2.8750396
LAFYUO,1.8756808,2.7898433
KUMHUW,2.6854918,2.4235876
KIFPUN,4.0166726,3.0381362
QEPXOZ,4.0161285,2.9776006
UCISEH,4.0879664,2.774267
BIKFAE,1.335807,2.5836294
PEKQUU,3.695034,2.662036
MEGMES,2.8362427,2.6553457
NIPZIV,2.9426394,2.9337661
VUVHUQ,3.4501317,2.2055318
JAWNIH,2.5388224,2.540716
FEGCID,3.7238781,3.356561
IHAHUV,3.147269,2.8865225
IZUKOF,3.0133889,2.412723
QAXNAG,2.6177354,2.2804391
JUTZUV,2.9099855,2.3803988
MOKMEE,3.4980237,2.452252
XIDGEZ,3.6719046,2.470198
QIWNIU,4.225112,3.4966514
NIVJEH,3.3870013,2.0445914
PUJMEO,2.6941993,2.234298
TIDCUH,3.4471383,2.8242493
FUQTOC,2.2365038,2.5355117
LIBROE,3.3597898,2.6281838
HIBTUK,2.31324,2.2844
EZUHOW,2.527938,2.098278
WISKIV,3.1657727,2.4712243
MURGEN,3.7486405,2.771251
WANFEZ,2.5771904,2.7547789
PEDPUM,2.3173215,2.4824436
OXATUD,3.1889024,2.5880115
QAHVOM,3.4465942,3.0612237
GIQGOE,2.750799,2.6525455
GITCET,3.2166579,2.8654056
RINGON,2.655015,2.3975823
EQEWOO,2.8400524,2.4328253
FEMXEB,3.3948925,2.556862
BUCLAN,3.608774,2.9617364
DIXJOL,2.607123,2.5233788
FETMUP,2.6531103,2.6889594
PYBPIR,3.1105335,2.5666504
XADPUQ,2.5891633,2.3945448
TIQWAT,4.0327272,2.4645333
VIQYAX,2.8944752,2.3722954
FIGPOC,2.896108,2.6602175
RITSEU,3.9655154,2.8132002
OMOMAG,3.1891744,2.622203
IHOCUE,3.4691796,2.7696428
CACNEC,2.9905314,2.4703813
YUDXOL,3.2523048,2.2230933
DATMAP,3.8030634,2.916134
ZEZXAF,4.5867515,3.4985082
YAQTEQ,2.59515,2.5936503
ARIHIU,2.9687622,1.9751813
HAQFEM,3.1548882,2.9388871
ITUPIY,3.3138027,2.8727121
FOTBAT,3.0060418,2.6434257
GECLAD,2.8022285,2.7859397
JOCSAV,2.777194,2.5556395
ILAMOX,3.6485026,2.5911343
MUSNUJ,3.1875417,2.3718762
QIDGUI,0.33197892,2.3908563
ROWRUS,4.4947767,3.0600657
LUCKUR,3.0452263,2.6795683
SEQPIO,2.611749,2.4757347
GIFZAZ,2.757874,2.606934
PEQPUY,2.4871206,2.5509415
OSECOF,2.34671,2.2863739
DOCMUF,2.7284856,2.293965
NENQAB,3.3464563,2.502744
GIDYOK,1.2256008,1.9208058
JEBROX,1.993234,2.0385845
XAMQUZ,3.4446893,2.5189872
KOBTOK,4.8626747,2.6804578
TADXII,2.5831769,2.6198115
OXUXIP,2.4321537,2.4687133
MEGLUH,2.7673979,2.6913402
WIJCUP,2.394874,2.8849177
ASIGOZ,3.1671333,2.6518898
MIHHES,2.8550186,2.1969414
AGUBOT,3.2008753,2.9739852
WEPFEE,3.8751736,2.8195398
WIZCEP,3.3118978,2.594716
LIHVAC,3.6642852,2.7763186
ALUXOW,3.0819616,2.7469258
WONWII,2.3486147,2.2665632
JANZUT,2.7012744,1.940799
IFOMIA,4.3935504,3.256498
YOXYUF,3.7064629,2.9733744
BOVCOG,2.506713,1.9075775
AXIMIF,2.5611358,1.7553533
VIFXEP,3.5197928,2.698729
WUXRUD,3.0814173,2.8459911
SUQNEX,2.3458936,1.771546
NIYRIZ,2.7374654,2.224687
OLOSAK,2.922775,2.3636274
VOGFAZ,2.6699812,2.1290529
IWIDOI,4.033816,3.1399965
WATMUB,2.9605987,2.8605185
UFAHAN,3.4253693,2.5746675
RATPUY,3.6196587,3.0461855
WAVXID,4.3045692,3.0609307
XEFNAY,2.8114805,2.435165
PEMKOK,2.910802,2.4901996
NICNUJ,3.5195208,2.615487
ILABAY,2.8974683,2.6530774
NONVUI,2.7382817,2.1966963
OLEZIQ,4.1255183,3.0392385
XAFJAQ,3.6191144,2.5988638
ZIWCAM,2.370928,2.62152
FILKIV,3.7701375,2.657881
YUTVUE,3.2087667,3.2261178
HAJDAZ,2.8925703,2.8982956
KISZOD,1.8609867,2.502142
HIJNAQ,4.3701487,3.0202217
QELSIK,4.605799,2.8757436
WEBDUF,3.0871317,2.7001235
TINKEI,2.0990863,2.052178
HABGUP,1.8849328,2.4461763
MAQJAR,4.320896,2.978333
XOSVAC,2.5159647,2.6381497
POWFEP,2.8550186,2.614189
QOMKOS,2.676512,2.167727
DOQKUP,2.1203113,2.6540866
BOJYAC,2.6150143,2.3813148
XAHMID,2.7709355,1.9913656
SIDDIT,3.0944788,2.8266978
MIBSIC,3.5671406,2.6663435
BEWREB,4.320624,2.8026469
DONXAI,2.6849475,2.7588708
NUDKIH,3.5856445,2.4634585
JABGAX,4.5209,2.6520915
SOFJED,2.810392,2.408566
KIFFAH,4.4746404,3.2498705
IKUSIR,2.8493042,2.7914784
SPPEIR,2.4550114,2.7997913
MOLXAO,2.7641325,2.674982
AHOMAN,3.7500012,3.042655
LAQGOC,3.0308042,2.7805796
QENQUY,2.7140636,2.38082
FUDSON,3.102098,2.589794
GITZUG,2.387255,2.610177
IDESAM,2.475692,2.4173322
UZOWAJ,4.9625406,3.499618
KOJQIL,3.1252277,2.7372913
XERLEO,3.8229277,2.9574935
WEGGEW,2.7880785,2.5236125
DOZFUV,3.314619,2.7059534
SIKXOC,3.250128,2.5076203
PIYSUL,3.6101346,2.8663976
YAZTOJ,2.4482083,2.297194
HILCIQ,2.9045434,2.4294417
RIGNIG,2.592973,2.3703594
OYUWAH,3.3611505,2.7627866
CPHXIR,3.49367,2.5460935
DONKAU,4.098579,2.4770012
SIZWOP,3.1973379,2.92798
PINYUI,4.036809,3.1291935
VAFHOB,2.9113462,3.045442
ULOZEB,1.8560886,2.5735404
ANOKEU,2.3434446,2.6491926
QIWLUE,3.94293,2.9744208
XEFBUI,2.772296,2.4953907
OQOZAW,4.17722,2.6990123
CEGGIF,1.8310542,2.3859062
WUJHEQ,1.9418045,2.1697211
KOFHUL,3.921433,2.9637725
GIQVAG,1.0865506,2.2699494
QAVSIQ,3.391627,2.4693522
SIGCUJ,3.1750245,2.4188485
XUKREA,2.9720275,2.3672729
ILEZEE,1.8735039,2.228774
TOWHIY,2.805766,2.3784242
MOHWIR,2.760051,2.4720457
VEKJUT,1.9075181,2.138914
RAGQIA,3.028083,2.9756958
RURMOI,3.6629248,2.2851963
NAPQAW,3.5695896,2.7282917
AKIMOX,3.4308116,2.7377298
TEXFIM,3.7195244,2.3913472
FUQQOZ,3.5358474,2.6432478
DALYEV,2.9916198,2.5910685
MOCCAL,3.2814212,3.032007
MEDGEK,2.9883544,3.2517207
CIYKAW,3.8563976,2.442132
AJUKAR,1.9793563,1.7805041
VAPMUW,2.719778,2.4937546
PUGWUL,3.8169413,2.9505434
KATFES,2.8212764,2.036453
DEQGEM,3.0517569,2.9307516
OGAQIZ,2.7521596,2.4944491
VIPLEO,2.8269908,2.6303937
IWUDOU,2.7584183,2.587034
OYIDIL,2.8460388,2.6962132
GUSLOV,4.3652506,2.9612334
BAFTUZ,1.5706412,3.0133834
COMYIN,2.8884885,3.0606449
KITHED,3.9856517,2.7619312
ASUVIV,3.9954479,3.0081825
NADVIA,1.5099598,2.268622
CEJDOL,4.0999393,3.2458992
MAXWOY,3.4493153,2.8514376
NOYLAQ,3.408226,2.9542897
MIKHEU,3.7821107,3.0665708
LEHKAN,3.2844143,2.9731634
UMEGUQ,3.5935357,2.7154784
KAZPEI,2.210653,2.1757803
FAVYAE,2.475964,2.122429
KOPQIR,2.774201,2.3755999
LAJPAP,4.4128704,2.6212928
OFEVIG,3.4408798,1.7233357
POHCUL,2.6305246,2.3834696
KIGFOW,2.6318853,2.0035098
SUZTOY,3.4392471,2.7506814
REBZIK,3.3320343,2.7647772
QABBAY,2.0182686,2.5778859
HALNUG,2.0321462,1.93607
AVAMAL,4.162798,2.8939838
RURMUO,3.5407455,2.6586945
VOBLIJ,2.346982,2.1276393
OLOSOY,3.0060418,2.3036065
QIWMUF,4.1037493,3.2569783
KUJLAE,2.9742045,2.603443
UXIMEU,3.467819,2.8705585
FONHAU,2.9755652,2.7122316
XEWSEA,3.9366713,2.8905487
WOGVAP,2.975293,2.8292196
QEJHUK,3.816669,3.0226192
UKEDAR,3.0653627,2.109434
RAKXUZ,2.9350202,2.6303527
XEZVII,3.0123005,2.6014118
ZIJBEB,2.8052218,2.4982882
DOKBUB,0.46422625,2.7022166
AKIMIR,3.3831916,3.2878761
GARSAW,3.1113498,2.0830152
SAFGEM,3.3298573,2.9038708
JUPWEY,3.3464563,2.437012
ROMGOP,3.3750281,2.8982196
WIKJEG,2.435419,2.4900708
EXOREO,4.0414352,3.2255166
LIZCUV,2.2577288,2.0395296
POQKAK,4.329876,3.1187305
RONGEJ,3.2566588,2.914728
ROJDUQ,3.0683558,2.2138174
AHUXUY,2.6261709,2.4104002
MITVIW,3.044682,2.489405
VECLEX,2.7039955,2.752978
MAMNOE,4.171233,3.4102013
JIVVES,3.1216903,2.4165838
DIBJUT,3.3298573,2.99959
IMOFIA,3.2321684,2.6744494
RURWEH,2.3048043,2.1664612
IKODES,3.4172058,2.731634
AFUZAE,2.8327053,2.4348729
BAMDAX,3.4495873,2.5830772
CIWQOO,4.56988,3.0312722
ATOQUW,4.327971,3.1636968
YIQVOJ,3.2615569,2.5665855
NIGFUH,3.137745,2.3646526
XIXMIC,3.4906766,2.6375446
RINWIV,3.3235986,2.319364
MITHAZ,3.9519095,2.949166
ODUPIM,2.6721582,2.100596
CEYHUK,3.2248213,2.933525
JOHZEM,3.6623805,3.2597332
VIDHOH,2.8596447,2.4170141
XAMZES,2.2863007,2.6848955
RUWJAV,2.7382817,2.9460795
VEFPOO,2.2498374,2.689557
XIDKED,3.7097282,2.0638251
SOJTUH,3.3704023,3.1365757
TUWQIN,2.4011328,2.7253294
BICCIB,1.9507843,2.008538
MOZKET,2.7644048,2.6838253
PINZAP,4.012047,2.441367
JOGDOY,2.1499717,2.8680677
TILMAF,2.8816857,2.5361795
MEBTUI,4.843627,2.929338
KIVPIO,3.57993,2.9336405
ZETJOZ,3.678435,2.9862938
NADGEF,3.2748904,1.9661193
XIWNOH,3.0463147,2.900163
CAJGUQ,2.2745998,2.4275975
WEHVAG,3.2724414,2.8535874
KOJWAJ,2.7918882,2.3746488
GOGHOB,2.8756993,2.7869287
MISXOE,2.203578,1.5928878
GEXWAJ,2.2218096,2.6398842
MEKCIR,3.802791,2.996091
SUFXAU,3.997897,3.1124694
JIYFIH,3.639795,2.808068
VOZYIU,2.413922,2.8633137
LEKXIJ,3.9426577,3.1235788
WEPPOW,3.1456363,2.802172
VEKWAM,4.6901546,3.1490114
RIWWEB,2.3502474,1.846292
BOCGUW,2.1548698,1.8834462
ZINHOW,2.9597826,2.7053258
TOZWOU,3.575576,2.5249207
BOBLAH,3.8095942,2.566654
AQUJIH,3.639523,2.7311754
WEQXOI,3.2599242,2.690092
OFAROF,3.4664586,2.2218807
QOVMIZ,3.9353106,3.0941665
TIBCAJ,2.7801874,2.4430206
TUPCOY,1.4813879,1.4358101
LETTIQ,3.4626489,2.5287066
DAQXIE,3.0049534,2.8125484
ROMHEJ,2.1924214,2.4037373
GAVHES,2.9453604,2.494843
BAPYOH,2.9029107,2.6494172
MEDHUB,2.6155584,2.3086014
DAWHIT,2.1744618,2.40467
QOKDUQ,5.4164267,3.0214167
KECNIR,3.7576203,3.0581708
GOTHUU,3.4275463,2.600258
KISYUI,2.232422,2.8548594
VANNUV,2.2890217,2.5822604
GAYCAN,2.6318853,1.9315428
ADAPUT,2.8060381,2.559937
DOSXER,2.3238523,2.2996283
EGEHEF,3.5543513,2.6699
ECAFEV,2.8376033,2.5386114
ZECMEZ,2.6435862,3.494721
FIJPAR,2.2454836,2.678573
KUNPEQ,2.9731162,2.4493496
RAYPUF,2.352152,2.0518246
UKIHEB,3.9325895,2.7542043
EKEXAV,2.7260368,2.276434
WARGOO,3.8879628,2.886143
SOFCIB,3.0441377,2.7161613
FIXDAS,3.2133925,2.505699
MIFHEP,2.14589,2.7838056
CEMNEP,2.7037234,2.6098943
UMEGOK,2.8920262,2.283501
PINLIJ,4.045517,2.8259916
DOMHOC,5.1342444,3.34542
HUZVAB,3.8202064,3.1166494
QEHQEB,2.7015464,1.9485767
IMIPAW,2.406847,2.3747737
QUMSAU,2.8969243,2.6269758
QEWKEK,2.8155622,2.6224737
YOSSII,3.2422366,2.116712
MIKYAH,4.311644,3.4128284
QAXNEK,2.8212764,2.5258102
IHUFOH,2.8479438,2.3331888
SOTYOQ,2.9663131,2.8962107
KIJHAO,3.1967936,2.7514536
ILABIG,3.0607367,2.653709
LILNAX,3.4490433,2.7003434
TERGAY,3.4275463,2.83792
IZOPOD,3.331762,2.455292
AMECUQ,4.074633,2.7252312
VUTYAM,2.0484731,2.3466165
UFOYUK,3.7766683,2.866849
KEXLOR,2.6223612,2.4060001
VIPLEM,4.528791,3.6125312
PIVXUQ,3.3233266,2.454348
LUFDEW,2.251198,2.7302852
TERLOU,3.3260477,2.6640184
XERMOY,3.1135268,2.6112986
YEPWUO,3.226182,2.8468237
MAFHIM,2.3556898,2.4256485
ZECMUR,3.3742118,3.0489159
IRAREZ,1.9039807,2.0674267
XIKCEA,3.7875528,2.831171
PEKTOR,3.4819689,2.616258
RIRYOJ,3.3423746,2.533682
YOZGOK,2.5121553,2.208707
JEYGEZ,3.926875,2.795414
SIGFAR,2.9761093,2.8249369
DOHFAJ,2.8220928,2.4705107
BICTAL,2.587803,2.8485763
WUSTIN,2.9004617,2.5353608
KAPNIB,3.13067,2.7053754
IFONIB,4.2885146,3.0227132
EHEYUN,2.349159,2.4123204
BIFKOR,1.6054717,2.0018966
UFOXAR,2.7929766,2.1721363
LIRVOA,3.152439,2.7986825
SIVMEQ,3.0414166,2.594107
ZUFKIU,3.3821032,2.8629193
EGEHIJ,3.24523,2.8017461
LEWSUC,2.0321462,1.550899
MOVMAL,2.5467136,2.7629058
OXAQEK,3.6452372,2.902389
CIJSEW,3.364688,2.7720525
ONAJOD,2.8705292,2.4643867
UDOHAW,2.086569,2.7111578
MEHYUW,2.655015,2.582283
WEPGAB,4.014496,3.1271927
QISLOU,3.4689076,2.5174081
WOHXOH,3.2778835,3.074617
EQOWUD,5.202545,2.7807908
RUKYIF,4.0498705,3.0994532
CUGXEJ,4.6580453,2.977253
HIBNIR,2.7472615,2.600517
XORSUU,2.7401867,2.2267847
WUDLAI,2.571204,2.679861
KATFUI,2.7856295,2.0769556
YIJJEJ,2.657736,2.3088806
BIRHIV,1.7521411,1.9411721
LUYNUQ,4.225656,3.5834317
WAVXEZ,3.7693212,2.9072866
AVAQUK,2.8471274,2.0929623
JARHAL,3.4754384,2.9887795
DOFCEH,2.7668538,2.4884453
DAQZEC,3.9353106,3.1326823
NIWJAG,2.8827744,2.949279
NOXMOE,3.2784278,2.648973
HATNAU,2.6520216,2.5016768
XIKCOK,3.797349,2.8561823
REXKUA,3.6991158,2.5184307
EQISOO,2.4754198,2.561163
SEPWAO,2.6974647,2.1398578
SENWIU,2.3222196,2.1955674
ROJDIE,2.8593724,2.1476398
VAZWUP,2.7614114,2.4642966
YUGQEY,2.9244077,2.8047683
YEVGIS,1.7989447,2.4916668
LEMSOM,2.1858907,2.5181763
YAWXUQ,3.1630516,2.5129576
SETMOT,0.9091324,2.492989
XOKZIH,2.936925,2.1573098
NUXNUQ,3.4117637,2.9632359
YENMAI,2.7211387,2.7853284
GOZVUO,2.7518876,2.400769
VEBLOF,3.2114878,2.8026645
BOBLIP,4.6991343,2.8184748
SIGKEY,3.383736,2.8093514
KEVLUT,2.566578,2.2709966
YIMDOP,2.4343307,2.4999907
HUQLUA,3.0642743,2.7817724
SEDKIY,2.6449468,2.5963864
PUVLIC,2.70971,2.5802407
PEGNEW,2.86291,2.69895
DOZZID,2.5943336,2.6955957
WEXTAW,2.6844032,2.935892
YEXHOA,4.4419866,2.9852676
YESFIL,3.347817,2.9053702
CEMVIA,3.6191144,3.1840231
HEJLOZ,2.6136537,2.477267
IKUJOO,2.9888988,2.0256326
FIBPEN,3.307816,2.3513563
GIQSUW,3.7347627,2.9203758
IBEPEM,3.3704023,3.0487292
ODIXEE,3.1611466,2.8985255
OYUJOI,3.5216975,2.814074
LIWKOU,4.1238856,3.0391057
YIDDOH,3.4275463,2.6127768
YIYZUE,4.7023997,3.6700442
XOCQAJ,4.150825,3.3411775
NIKDUJ,3.4193828,2.7229087
IBAZAP,3.7431984,3.0944443
DIHZAX,2.8068545,2.3723238
TUWRAG,2.2686133,2.4723878
XAXLEO,3.5138063,2.7744446
UTUGIB,3.699388,2.8515387
GENKUH,3.1861813,2.6344855
FOPSOT,3.0033207,2.539279
WOQKUK,2.753248,2.4460435
RACLUF,3.2874076,2.7673352
IKIDEN,3.1159759,2.6591785
HUPJAF,1.8628916,2.067951
LEPZAJ,2.4514737,2.383915
VUNLIZ,2.9274008,2.660769
CIDDAX,2.5458972,2.6357594
VIQXEA,3.2792442,2.7573824
UKEXUE,1.8563608,2.4563692
XIDLAX,3.125772,2.845563
KAWROQ,2.0413983,2.4280272
NODNOM,3.2245493,2.6587205
KUMHIK,2.7167847,2.4266658
FERJOD,2.9622314,2.4853444
UJOWEV,3.2759788,3.0742207
ZIXGAO,4.172594,2.792839
KEHKUE,2.6177354,1.9692998
JAYGAR,3.0620973,2.459934
TEHDAM,3.64687,2.6432242
XOWNII,2.6588244,2.2034144
NUWRED,3.33149,2.8964558
BIRHOB,1.8756808,2.1550105
VOGZOH,3.2808769,2.7721589
WIJKEH,3.6955783,2.8092356
SIVLOB,2.7777383,2.2189956
KIMVAG,3.0884924,2.2985258
AHUYAF,2.6267152,2.5010881
BIFKUX,0.8454578,1.899796
EYADOY,1.9880639,2.3994036
ADAPON,2.7725682,2.5771794
HUPHEH,2.6446745,2.6181707
RAJNUO,2.4155548,2.4964445
RARJUP,3.5410178,2.7208521
ZEZMOI,4.1279674,3.096479
CIKQOE,2.4941957,2.345646
ZIGFOM,3.3385649,2.9944355
UHUFEJ,4.511376,3.2926323
EGUDOC,2.4860322,2.2855754
ADOTIZ,4.8485246,3.8087337
QOCZOX,2.965769,2.6192627
NARNUP,3.362511,2.7777748
PETBIZ,2.6125653,2.5900774
XOJCUU,2.3483427,2.6322706
KAKDIK,5.0485287,3.6559293
MOKCIZ,4.098035,2.8847353
JABXIU,3.8229277,2.634624
NOTPIS,3.2087667,2.9537017
IDUMOM,3.2789721,2.5997748
FEGHEF,3.529317,2.9964685
JEWGOK,3.2552981,2.5791512
WUYWET,2.6901176,2.655932
PUJMIS,2.5363734,2.3105197
PUMCEF,3.2914894,2.8470283
IGEZEB,3.4357097,2.4163575
HEXGIC,3.5282283,2.3578393
OVOJAM,3.8112268,2.7834163
IKUMEH,3.366865,2.4461474
RABWOC,3.4207435,2.5900905
YUCKUE,4.262664,3.2086759
DIWDAO,4.0759935,2.971289
PIGGAP,2.865359,2.6493437
AXUTOC,3.4237366,2.9865696
QOWZAF,2.7921603,2.6805377
BICFEA,2.5562377,2.4719493
RILVOX,2.0033023,2.3379102
GAVHIW,2.3050766,2.2162533
ISOMOS,3.3306737,2.9896615
NUFXUJ,4.1970844,2.7526095
BUJZIR,2.9159722,2.772232
CEXZIO,2.6873965,2.0606194
PICVAZ,4.058306,2.8895552
RIWSIA,3.5029218,2.782812
BERQAR,2.7695749,2.460336
ZIYPAA,2.4895697,2.0717554
DOCNUG,2.8898492,2.4021878
NADMEL,3.2852306,3.0292718
QOGJUR,3.2735298,2.944225
QISXIZ,2.0111935,2.1247554
QOQMUF,2.8642704,2.2687223
DIHYUQ,2.8672638,2.058644
WIRPEU,2.8207324,2.4725783
JARGOZ,4.748931,2.4904938
HAFBAR,3.9108205,2.9612617
DARBAB,3.2376108,3.01856
UXOXIP,3.0667233,2.5082014
HERHAO,2.9679458,2.6855793
YEJCUL,3.7644231,2.4796143
SIFLOJ,3.488772,2.830072
NITGOO,2.9894428,2.2650666
VAKDUI,2.52821,2.5453842
WECNUN,4.4087887,2.7902768
VUTFIB,3.9584403,3.5486739
LAJJEM,3.842792,3.1906211
FILWED,2.6395044,3.0051436
UGAQEA,4.24933,2.8194926
AMIWIE,3.0201917,2.4225676
LAZMIL,2.3605878,2.322186
FERHOB,2.4419498,2.627492
POVVAZ,3.0452263,2.825092
DOZGUW,3.0952952,2.6156938
POXPUO,3.6577544,2.7594013
OZEXUO,3.2993805,2.315834
WAVZOL,2.3497033,2.4683871
MORKIO,2.406575,2.6258218
RATWEO,2.8425014,2.776432
QORCIK,3.1265883,2.6569562
WISXEB,1.9608525,1.8819731
AJEZUK,2.8982847,2.9195278
XAMQAG,3.6223798,2.5397089
QIBWUV,2.2068434,2.4510002
OYUVIO,3.066179,2.4170823
MOCLIB,2.9535239,2.5022757
DISRIG,3.3412862,2.4218957
NIKRUX,2.879509,2.1092706
ZUVWAQ,3.6272779,2.8316274
QIHBOA,3.188086,2.667638
EFILIQ,3.5772088,2.9275353
IBILOU,3.436526,3.018807
JARPAT,2.8784204,3.0312817
XAYCIK,3.1529834,2.5099263
CUHBAJ,3.3603342,2.8631356
TINKIM,2.3099747,1.9757714
DOCNOA,2.5469859,2.3865397
YAZCOT,1.9600362,2.3113246
LARWEH,2.3567781,2.3891947
FIQYIQ,2.146162,2.4735646
SEPKIJ,3.431628,2.4709258
KEWPOT,3.475166,2.8371785
ZEZMEY,2.2686133,2.0114148
KIQDAP,3.4114914,2.7028854
DEYRII,2.9840007,2.4172387
HUWTAW,2.633246,2.1994286
BUHIPI,4.7189984,2.8222294
ADIGEC,3.3184285,2.6035159
NIPZIY,3.4732614,2.5983279
SIKPUY,3.0528455,2.6906443
IMODOE,3.4400635,2.6269672
DITREG,3.7900019,2.731359
TATYOD,2.9763815,2.758835
HUPFIJ,2.2906544,2.1224785
QASPAD,3.8425198,2.7652125
ELEKUD,2.9867218,2.5416784
AKOBIM,3.845513,3.061074
BICXOB,2.9078088,3.092796
ONIYAM,4.649882,2.8404145
GIQGOC,3.6027875,2.7287335
YEQHUA,3.16931,2.84027
ZATWEZ,3.1891744,2.7870796
ROMGUV,4.2466087,3.1644335
IBABUK,2.2996342,2.0541444
TEWNAL,2.9842727,2.4236917
IVEHEY,2.9143395,2.3621478
MAKQAT,4.0852456,3.2354662
CINRIC,3.0267224,2.7147522
ONAKAQ,3.7630627,2.5960817
KEJTAX,1.460163,2.4523528
VOCVIV,2.535829,1.9607618
ROFZUH,2.8131132,2.2459507
QUZPEI,1.8702385,1.8826871
POLZOF,3.5029218,2.4069061
FOSDUN,2.1695638,2.0230825
GEQLUK,4.309195,3.0938182
SOQQEW,3.9878287,3.0509553
RICJOD,2.2073877,2.402105
XIJFII,3.1682217,2.3809948
HEVRUY,3.1391056,2.3987968
BIRYAF,2.4626305,2.4081542
OLOREN,2.917877,2.5130496
AVAQOE,2.2237146,2.0343137
YAWYAX,1.785067,2.13675
NEXKIL,3.554079,2.9722018
BEPGIP,2.6950157,2.1322298
MEPPAB,3.0623693,2.5355067
LUBJEZ,3.5861886,2.7126908
QIWMEP,3.9638827,2.9736493
GOTJOQ,3.5206091,2.7928672
HUDDOB,2.60032,2.7532768
ZAGMAY,2.7671258,2.4287577
FABSAE,3.4201992,2.8591206
VALQIL,3.3899944,2.5825229
UTOWIL,3.2136648,2.4298165
YERPER,2.3614042,2.3606005
VEVYUT,3.2767951,2.7369933
KAWZOZ,3.169038,3.0459993
HIDFOR,2.8068545,2.3662329
YOQQAX,3.1725755,2.7069116
AHIVUJ,3.4789758,2.4779143
IPOPUY,3.2868633,2.8535633
OHUYUL,3.7954443,3.0474663
CUJKAV,3.183188,2.4389343
BOJJAM,3.0199196,2.2928395
AKIRES,3.3295853,2.910433
IPOTEN,2.35188,2.7769697
LEQBOA,3.0248177,2.583012
VANHOJ,2.855835,2.5406911
FOSPEJ,3.2474067,2.5798087
NEYQUE,3.8708198,2.795489
FOMSEH,3.302646,2.6105995
VIBJEY,3.1646843,2.7531993
ADUROJ,4.476817,2.9738007
FARBOR,3.2958431,2.668976
XORTAB,2.743724,2.251092
PTPIRH,3.8419757,3.11412
AVIQUT,1.8016659,2.2547338
BOKREZ,3.36496,2.8504398
RUQREA,3.1132548,2.841892
PAZXAQ,2.5434482,2.4296882
NOTNAN,3.312714,3.0776865
KOKXUD,1.8901029,1.8327197
NEPRIK,2.9067202,2.5713437
DUXQUK,3.4191108,2.8822474
POBQEF,2.5733807,2.5576015
ACUSOJ,2.7271252,2.504245
FOLGUL,3.1886303,2.6161072
OPUYAB,2.186435,2.4776464
QAXLEI,3.0890365,2.5187738
YOWMAA,2.6569197,2.264773
IYUPIC,1.1804299,2.1276314
NABZEV,3.448499,2.5426202
PAFCAA,3.5763924,3.3673246
KEWPIN,3.2683597,2.9755492
ONIYEQ,4.1399403,2.8779705
PIVLIS,2.342084,2.3920705
XEXTOM,3.372035,3.1225836
UQIBOM,3.4387028,2.741451
FETHET,2.79597,2.882791
XIJFUT,2.5295706,2.3099139
GOKGUI,3.3535311,2.8448148
LEYRUF,3.1391056,2.340501
MISYEU,2.5314753,2.3171544
UFOZOF,3.8280978,2.8511817
BEWQEB,3.8901398,3.0830479
APECOP,3.680612,3.0889802
NUBMOO,4.3282433,3.7446551
KIHLIY,3.0484917,2.525046
TATVIU,3.84769,3.0551765
HIBNOX,3.2365222,2.9390886
BUPMAC,3.0599203,2.6704078
KEWXOA,2.5731087,2.0081775
HAXJAS,3.0841386,2.536976
XONJEQ,2.3804522,2.566764
YIBKOK,3.5548954,2.974321
KIWNEK,3.5856445,2.8650434
EHIYAW,2.939102,2.4931126
TAKSON,2.6952877,2.892472
RIXMOB,3.8947656,2.9449205
KOBSOL,3.4588394,2.528064
KUKNIO,3.659115,3.1606982
LUFRUA,3.0408723,2.296378
SUCVAP,2.884679,2.6413143
CUKJID,3.869187,2.707005
SATXOC,2.994341,2.7912078
SONNIU,3.3867292,2.5177438
GEMXAZ,2.6536543,2.5960922
ZATWAV,3.173664,2.6010845
XUBZEA,2.669437,2.6116352
YUCLAL,3.4319,2.6237662
IHUFIB,3.209311,2.3886058
FEHWEX,3.4803362,2.4805408
DAYTAY,2.3578665,2.982157
WEQGAC,2.392425,2.7897685
MOCMAU,2.9731162,2.4402528
RIQDAX,3.697483,2.793587
TILBEY,3.1219623,2.340373
REFSOM,2.1366382,2.6586902
CIWTIM,2.7597787,2.5197728
MESIRB,3.4057772,3.0229862
ADOCUR,3.3592455,2.4239364
RAKLAR,4.024292,3.3597114
QEGYUX,3.3992465,2.7938876
DIDPOY,2.9671295,2.4459615
GIZGED,3.1793783,2.7919652
LAFYOI,3.642244,2.9060001
SIMFUR,3.3546197,3.1234343
FOPVOV,2.5867143,2.689383
MUFRIO,2.741003,2.8321788
LILPOM,4.0115027,2.6894624
NASNAZ,3.3421025,2.6388755
AFABEO,3.4610162,2.724276
DOCPES,2.8865838,2.472301
POQTIA,2.5540607,1.7300684
VIMJEH,3.3105373,2.3861115
SELLEA,1.6702349,2.6373167
KICZON,2.368207,2.665996
XAHBUE,3.101554,2.745543
POYGEQ,2.975021,2.7942464
VIBCIT,4.381305,3.2351086
HUYWOP,2.4884813,2.1566975
PENNAA,2.1347332,2.6953282
SIWRAS,3.1709428,2.6529908
QAXNIO,2.8188274,2.27318
BOHLOB,3.3733954,2.8628933
FETHOD,3.1581535,3.3343492
FIQXOV,3.3118978,2.3167448
SOHPAH,2.7249482,2.8225543
VOPXUW,2.662362,2.484167
ROMHUZ,2.4381402,2.6125543
KIMJAU,3.1001933,2.5536897
CECNUU,3.4944863,2.7440534
FAFJUU,2.5641289,2.8374438
ATORIL,3.4400635,2.813047
YOQSED,2.8112082,1.8363227
LOVCOO,3.2329848,2.7041707
YIZBAN,3.899936,3.48964
NOCQAA,3.039512,2.4011285
BEFXUG,3.0917578,2.8739672
LIWXOH,2.8784204,2.5785048
MOMSUC,3.7124493,3.0461638
ASIHOA,2.9023664,2.3651125
ZUJWIM,2.6030412,3.116602
MIJDUG,1.5480558,1.7529116
OFOWEO,3.5252352,2.520543
SOTJES,3.3559802,2.6593099
WABMOC,2.0022137,2.341826
KOBVAY,4.688522,2.8327048
DEQLOB,3.3565245,2.9708967
APUGIC,3.391355,2.6654496
BENTAR,2.9091692,2.5138526
OXOKIW,3.4172058,2.8686402
PARBIU,2.3080697,2.4932761
QIGZAK,4.313277,3.2252624
QIKREK,3.085227,2.497036
BOZVIX,3.0142052,2.317174
AMEBEA,2.4778688,2.4678411
ZASZUR,2.8884885,2.6313725
CIJSOG,3.0966558,2.791475
KIHJOB,3.3393812,3.203888
QAYDOM,3.19761,2.4011817
NARVAF,3.0117562,2.9525018
CAHMUV,2.788895,2.6756606
LIYWOI,2.585626,2.299579
SUZTIS,3.3633273,2.6375422
PENZAM,3.6939456,2.9749627
YUGQAU,2.9355643,2.56833
YOBFUR,3.6863265,2.5202067
HIFKAI,2.9339316,2.5750754
KITHON,3.98674,3.318076
CIYLAZ,2.196231,2.515663
LEYSAM,3.065907,2.701451
ZIXFUH,3.0000553,2.0197778
YECGAP,4.4365444,3.2835407
WIVNEX,3.4572067,2.6635191
QUKCUV,2.7344723,1.9334455
ZUJWOS,3.0797846,3.2109547
OJURIW,2.4580045,2.390392
ZORCOA,4.2066083,2.6111143
VAHMIC,4.0093255,2.5527954
JIWZIZ,3.2493117,2.7667615
QOPMIT,2.8275352,2.3358862
XILBIF,4.641174,2.8785372
FIXZIY,3.250672,2.8571165
LADFEC,2.6797774,2.1114078
AMIPIV,2.6898456,2.3768027
XIWGES,3.2659106,2.8166296
KEDDON,3.0626416,2.6242943
QULZON,2.867808,2.8130252
LANMIW,4.7998166,3.3844187
DOCLIS,3.3301294,2.6136842
SIKQEJ,3.302374,2.8709893
NIVLOV,4.1625257,3.119543
GUSLEL,3.477071,2.7110438
VEJFIA,3.9342222,3.5627842
LOQYIA,3.5834675,2.8218281
WILGIJ,4.139124,3.0501242
QAXMAF,2.7902555,2.5579166
QUVTAD,3.2329848,2.5301063
YEJYIY,2.9788303,2.8189487
RODZES,3.384008,2.4882772
TEJQAD,2.6732466,2.6159518
FEZVIP,4.529063,3.4262366
FEYTEK,3.5467322,2.4373848
SIGDOD,2.917877,2.5697765
REQSUB,2.6482122,2.621341
YUTWEP,5.2300286,3.4814653
PIHVOS,3.6912246,2.920476
ZAJDEW,2.9927082,2.3227417
ZOMKOD,3.8343565,2.9593523
VEXSIC,2.5396388,1.7959121
OPUXOO,3.6452372,2.4856613
WAQQEK,3.3309457,2.6439872
HOHTEF,3.6368017,3.0089912
WEHVEK,2.7995074,3.1424873
ZUNRUX,2.8261745,2.135165
EPUMAE,3.573127,2.7069771
LAFYAU,2.738554,3.0805292
COGCIL,2.944544,2.5579004
DEDGAW,3.161691,2.6566916
TAFGUE,3.4855065,2.9648852
NEYFEC,3.352715,2.621555
XUFCAE,2.046024,2.1594753
ATIVOP,4.356815,3.0604453
LIPMAA,3.0503964,2.8030858
UTAVAO,2.425623,2.1942651
ASIGIT,3.3793821,2.5573246
BEWREC,3.9938152,2.82729
YEVGOY,2.676512,2.6440995
KURBAC,3.9124532,2.9130685
VEBWUW,3.302646,2.85703
WAQPIN,3.3067276,2.605485
SAZJOU,3.9799373,3.180035
CEMHOU,3.3551638,3.0970151
ADUPAS,3.9312289,3.0966084
TAQQIO,2.373105,1.7535304
GUSLUB,3.9306848,2.8174841
JUZWOS,3.8501391,2.5021536
PORKUF,3.5048265,2.5078592
XAYQAS,3.3660486,2.0987816
KAHQOC,2.5072572,2.6357164
WILCAY,3.2751625,2.2005718
YIWMIB,3.5227861,2.5324852
NONHII,3.2601962,2.4255006
XEKKOQ,3.2035966,2.5433354
YOTMID,3.852316,3.0083911
OFEYAA,3.5695896,2.7808325
TUKVIG,2.7026348,2.3313417
JUKVAO,3.1347518,2.9521966
OWAQAG,3.6041481,2.7548294
VOXKIC,4.375319,3.0429525
SEQNOS,2.5755577,2.3834658
MAVKAV,2.3154168,2.5439935
DECWOZ,2.4463036,2.3039734
LEBVIA,3.3682253,3.0435293
HAQBUY,4.1364026,2.8575885
IWUDUA,2.6977367,2.5619738
SOFFUP,3.355436,3.0877974
BAPHUX,1.4071008,2.0759523
FOSPOU,2.8003237,2.6990252
RUJSIA,3.0672674,2.7021108
LOMVEP,2.814746,2.3826802
TUHQUJ,3.2158415,3.3408337
HIJNEU,3.0245457,2.2749536
AZOMAF,3.6955783,2.9747543
HOGNAV,3.71898,2.6090102
SOZVAE,2.9265845,2.531525
DEYSEF,2.8838627,2.3855379
GIXFIC,1.6471052,2.276366
JEQVAD,2.6321573,2.3781998
BEGKON,3.7285042,2.8987348
MEWTIU,2.6180074,2.3105583
JIZNUC,4.437905,3.0252347
BEWPOK,3.219107,2.6827915
TUZJEE,2.8852234,2.8250947
AQETIB,3.6065972,3.008214
SATWUH,3.5244188,2.8649933
LUQNOB,3.1603303,2.6387246
SIVJOZ,3.3140748,2.1983542
TAHKEV,3.9780326,2.8073556
HAHDAX,3.1957052,2.715371
XULKUL,3.5255072,2.8721826
HIJWIH,3.1543438,3.0466928
VIBWOU,2.6887572,2.436119
IHOTEE,4.539131,3.228153
CSBRHC,3.651768,2.8075151
LAGWIC,2.784269,2.2912707
METBAP,3.8346286,2.9144387
KOCSOM,3.1151595,2.8665845
NEXKEH,3.3567965,2.9620287
COBRAP,4.3821216,3.291245
BONRAY,2.1156852,1.889454
VOQCOU,3.0313485,2.2403715
LIWKIO,4.4183125,3.1626291
MOHPIJ,3.9660594,3.0695286
MITHIH,3.5429225,3.0130699
LASXIP,2.454467,2.6588924
DIJNAL,2.6174634,2.6603742
HUPHOR,1.8881981,2.4787014
RUMWED,2.616647,2.457655
WATNIQ,2.6473958,2.4044752
DEYROO,2.9246798,2.5549963
JOKWUC,3.8106825,2.45442
BAFWUC,2.654743,2.4379528
QUMSEY,2.8699849,2.662863
KIVZEX,3.8441525,2.9726367
EJOVOP,3.945923,2.9147987
UGILEB,3.434077,2.402339
NIPZAQ,3.4563904,2.4806192
LERBIW,2.944272,2.6825147
UFOZEV,2.896652,2.810083
RINGUT,2.7684865,2.1588132
XUVCEW,2.9712112,2.3293612
EGUDES,2.5192301,2.2841353
VEVTOG,2.94917,2.3768022
JEPCEN,2.7249482,2.1731446
JENJIY,2.5042639,2.3406003
GEZYUI,3.321694,2.5396626
IBAZOC,3.659115,2.8051975
XOXKEC,3.5630589,2.7070932
AYOZET,3.2980201,2.0059826
AGEMEF,2.8974683,2.3284578
KUMJEI,2.8207324,2.493817
PORKOZ,3.5072756,2.5247333
YUDXIF,3.285775,2.333215
RIJJIF,2.4648073,2.214589
QOMFOP,2.736105,2.992856
ZIYPEE,2.3861666,1.8697852
SEJZIR,3.6098626,2.7522488
IKODAO,4.337223,2.9644659
AWOXOB,3.5842838,2.8024254
JAWNON,2.5706596,2.45023
YEJYUK,3.1105335,2.8094916
HEQFIS,3.047403,2.973082
VALQEH,3.1189692,2.437929
OSOPUI,2.2906544,2.444705
IMIXOR,3.821839,2.5646262
MOQXAT,3.3665926,2.6489773
TAFJOC,2.695832,2.4003356
XUPWIQ,2.292287,2.8431513
YOSKOH,3.921433,3.447173
FUVLEO,3.3140748,2.6861732
LEMSIG,3.3633273,2.8309631
GARKIW,3.1774735,2.2593384
VALMEA,2.8683522,2.7457848
EFEVOB,3.2825096,2.9390922
AJUYAH,2.9761093,2.3934772
YATKAH,2.9233193,2.796965
LECFAB,4.3010316,2.8213925
RANRAB,2.5230398,2.3674786
BEWPIE,3.5573444,3.0013409
LIBLIS,2.6656275,2.6752086
YOZKEF,2.4699776,2.612234
IMESUP,4.6422625,3.42833
QUGBEA,2.3652136,2.3687775
FANSUL,3.8969426,2.3500714
TAFHUF,3.2879517,2.759958
VAPMOQ,2.9747488,2.519298
MEVYUK,1.8541839,1.8923017
IRAYEF,5.3712554,3.0844612
VIMHUV,3.2414203,2.380124
PEDXIF,3.5004728,2.853425
LEKXEF,4.1219807,2.8179123
WOBRAI,2.0966372,2.4333775
YAQTAM,2.6253545,2.7631228
SITFEI,2.9769256,2.5607426
YODMAH,3.037335,2.516658
MOSSIY,2.757874,2.1710205
YUGXED,3.3875456,3.2304146
CIYKUS,2.1948705,2.527338
KILRIG,3.716531,2.7774334
NEVRAK,4.779952,2.5800533
NAYFEZ,2.0307858,2.300593
METTAH,2.9456325,2.0398226
FIQXUB,2.2623546,2.2435076
ZAXYIG,2.879781,2.3655744
LIWYUO,2.9233193,2.554779
DERMUJ,2.5385501,2.2961369
KUFZIV,2.1918771,2.2191467
HACFID,2.3257573,2.35557
IKUMIL,3.3391092,2.3905346
GEJWEA,2.4180038,2.6638405
XIDKIH,3.2784278,2.2697453
TEWMUE,3.0079467,2.4282246
RAXBIE,4.103477,2.7977746
XAHBIS,3.8414314,3.007825
FIJGIP,2.5728366,2.6076436
TUKVUS,2.7135193,2.5440814
XUHNAQ,2.1807206,2.585083
ROSTAW,3.5336707,2.8752453
XEHLOO,2.5156927,2.09475
NADWAS,1.5377154,2.0268292
QUKWEZ,2.3725607,2.400089
HEFWEW,1.7551345,1.6369859
FARGEL,1.7273788,2.211621
ZIQJAK,4.024292,2.7255204
COKGOB,2.9472651,2.593589
LETYAL,3.7823827,2.4278653
TAFJES,2.6882129,2.3237877
NOLGUS,2.8082151,2.4787936
QAJBUY,5.5456805,3.1842227
JIWZEV,2.5445368,2.753655
YOSSOO,1.9891523,2.2590406
QUCXUJ,3.649047,2.7490277
JAVFOC,3.431628,2.8476996
ATOQOQ,3.1774735,3.1664615
JAYFOE,3.8057845,2.584772
UKECEU,3.9110925,2.4489965
GENJOY,4.118171,3.1077309
FOSPAF,2.638688,2.4398248
JELCEI,4.3366785,2.617158
GUSKEK,3.2016916,2.7679036
VIFXIT,3.3548918,2.7262454
NEGFIR,2.403854,2.0393121
ACUROI,2.650117,2.1287098
BEHZUK,3.455846,2.5310576
AKEGUU,2.5080736,2.6006417
ERELES,4.669746,3.4143376
COGDIO,3.0049534,2.4420838
RERYOD,3.8626564,2.1929753
QUZPOS,2.834066,1.664462
WELMUX,2.776922,2.653294
CEJDIF,3.1121662,2.934327
DOZFIJ,3.3056393,2.688639
IGADUP,3.3799262,2.0789962
SUGXEY,2.630797,2.8906279
GOTJAC,3.5910866,2.7312093
JILNOK,2.3777308,2.4653614
MIBROE,2.1614003,2.4734943
OYOREB,3.6177537,2.8378727
XISBUW,3.8017027,2.798453
SEPKOP,4.3075624,2.5028048
YEQHOU,3.4218318,2.809162
YIDFID,3.9271472,2.4415815
DOHTAV,3.843064,3.1014173
XUCBIH,1.837585,2.3793945
AWIDOZ,4.27763,2.9995828
QAJBOS,4.298855,2.83684
VAYQOD,2.8737946,2.3077157
GAWPIG,2.853114,2.515595
DUYZAA,2.5848095,2.6357532
IWIDIC,3.6882312,3.1058047
NOVZAB,3.283326,2.6957316
CUHSUU,2.7233155,2.3060737
MINGEY,5.0996857,3.551805
OXOKUJ,3.1148875,2.8647988
TONWIF,3.4324443,2.5688984
RUKBIK,1.7379912,2.0957794
OXONIZ,2.979919,2.426335
DAJSAJ,3.3943484,2.6364942
JURZOL,4.2079687,2.910953
XIQSOH,1.4258766,2.7057824
QORMAM,2.3752818,1.8825526
IMIXUX,1.6473774,2.247508
ALAHEB,2.6653552,2.0812838
OROGUY,2.717329,2.4456432
DIGKIO,2.4629025,1.9050304
ONAKEU,2.99679,2.5402288
VIBCOZ,2.5339243,2.4583642
TUCDUR,2.912979,2.563306
WAPLAD,3.302646,2.4863038
FEVZOY,2.62862,2.7566068
LEKWUU,4.6180444,2.9571922
SOJSIV,2.7203224,2.4608922
QUVTEH,3.142643,2.8113103
HIWGAY,3.7252388,3.0492053
DAHWAL,2.9173326,2.7049098
KOBWEF,3.0114841,3.045234
PAGWUR,2.8430457,2.5502834
ANECOM,3.2751625,3.0207946
QAVROV,3.1391056,2.508981
KENMAU,2.5058966,2.3655372
NIWHOS,2.8835907,3.108664
QUQXEH,3.1684937,2.7213473
WOYDET,3.4904046,2.8159804
DEVGAP,2.2117414,2.5224435
JIWZOH,3.2952988,2.5589767
ODADEF,3.272169,2.672942
QEWBEA,3.8397987,2.778037
POXQAV,3.0128448,2.6037595
JOZQEW,2.9113462,1.7171826
KUFYUG,2.8944752,2.3073962
EBAHEX,3.4691796,2.4215372
VOJMIR,2.9869938,2.2490382
YIDFEZ,3.5747597,2.6081173
LOMVIT,3.3750281,2.2070262
TUWQOT,2.5208628,2.5378315
ZOCZUO,0.36027876,2.3763018
MONDAV,3.7459195,2.758049
FICMUZ,0.24463037,3.0075347
XUWQEN,1.7537738,1.8280531
SEMQEI,3.0618253,2.168417
IHOBAJ,3.5429225,2.9407415
WEQDIH,2.2209933,2.1686466
ILUYAR,3.2408762,2.4234135
AHOQEU,2.425351,2.6229534
FIBQAK,3.2615569,2.3936872
GOXYUP,3.0506685,2.1387925
LOLBEV,3.01611,2.446365
JIDLOA,3.3116257,2.5441842
CEMCII,3.295571,2.4913874
XIKFED,3.661564,2.9710124
KUMJUY,2.9521632,2.6628308
HEDFIH,3.8060565,2.9141421
OVALUT,2.3374581,1.6440907
PEXJEJ,3.6550333,2.8812811
XILBEB,3.5924473,2.8204038
XUCYAV,4.859137,3.2067223
GINWEF,4.113817,2.850566
GODMIX,2.8996453,2.7182765
TEPYIY,2.6131094,2.551901
AJAZIV,3.4185665,2.6486735
PONCIE,2.4335144,2.1962457
GAZYIS,3.0084908,2.544198
QIDBIO,3.1004653,2.5601327
YUCHEL,2.7671258,2.7083766
ALAMIL,2.9567893,2.5868514
VODHOM,2.5992317,2.717823
HUPHUX,2.5486183,2.1471765
YUDSUM,3.7793894,3.173748
NIJTUY,3.3282247,2.601941
PEKQII,3.8368053,2.4808753
FOSWUG,2.6593688,2.0442598
MIZXEB,3.46537,2.767286
EBUVIH,3.7217014,2.9914372
SOQPUL,3.4060493,2.4758372
PIGHIY,3.238155,2.792326
OGOBIV,2.3031716,2.4648495
JAMGOU,2.6348786,2.3912861
EDULOF,2.6800494,2.5845346
DIHZEB,2.8882165,2.243368
RIJMAA,3.4547577,2.616195
YEVBUW,3.4172058,2.8872476
UMUZOT,2.934748,2.6848307
ABAYUA,2.841413,2.6004775
CIVNIF,3.7298646,2.9306526
EMUZET,3.2158415,2.4607816
XONHUE,2.2443953,2.6010513
NITJAB,3.2751625,2.9164672
BIYJIC,4.4991307,3.3565059
HUJZAN,3.5649638,2.8655415
KIHLOE,3.434621,2.8247862
CEHGOM,3.171487,2.4715593
BOHLER,3.8302748,2.3903918
POBBEO,3.367409,2.8645115
VOZFUN,3.2395155,2.7922227
LIYNOY,3.0961115,2.7163386
PEDHAI,3.532582,2.9993417
RICGER,2.473787,2.4785614
SEPLOR,2.2520144,2.29804
ZIHZOH,2.998967,2.5901668
QACGOR,3.8923166,2.886028
ADURUP,3.8199344,2.906035
VONLIW,2.9339316,2.6600444
IRAYAB,3.3110814,2.6953459
SAHYEG,3.1742082,2.9440064
KUPJEL,3.118697,2.5839572
RIHXAK,2.9456325,2.857978
BEWROL,3.3157074,2.6763046
NEVRIP,3.1573372,3.0228465
XAXTOG,2.5159647,2.7891383
NERXOZ,3.3309457,2.449869
POBKUN,2.267797,2.5650845
ZUJXAF,2.8155622,3.2563834
KEXHAZ,2.4109287,2.5720382
WORHIW,2.4800458,2.8219125
DAKHON,3.8895955,2.780191
XIWNEX,3.6261892,3.0184994
BUDDEK,3.3282247,2.6196496
MEFYOO,3.161419,2.9711347
MIKMEY,3.309721,3.133868
SIVLUF,2.7872622,2.424193
ELUSAG,3.5837395,3.06081
AGUBEM,2.7883508,2.4563317
CUGXOT,2.9429114,3.0574315
UKUGUE,2.7992353,2.75645
YIBJUP,3.3151631,2.991013
ABAZIP,2.8025007,2.5763245
XIFVIR,4.3336854,3.0450912
IPITEH,4.4923277,2.9593666
QUKDAC,3.5600657,2.496701
QEQWIT,4.1007557,2.9848294
ACAXUA,3.5606098,2.752839
GOCNER,3.3069997,2.9599476
SOFJAZ,2.425895,2.327485
UKIHIF,3.1758409,2.72254
ASIHAM,3.3113537,2.5484054
SIMLAD,4.530696,2.901504
BUFWEG,3.4471383,2.873178
HAZXOV,3.4114914,2.4922845
BAWSID,2.6762397,2.641457
GUZHEP,2.6103883,2.4887652
WIXRAW,3.1437314,2.9330623
LADVIY,2.5916123,2.5671287
WIVRAV,2.129291,2.048939
JIZPEO,4.242255,2.9050221
ROJDAW,2.696104,2.321415
UGIMIG,3.224005,2.422106
TIQWUN,3.3663206,2.4416122
HEFWAS,2.2792258,2.489562
GERXIL,3.5045545,2.783423
EQEXAB,2.9712112,2.3479934
QEWDEC,1.8136389,1.9501268
SATWAN,2.927673,2.9408271
HIWGIG,3.7059188,2.915502
BANKIM,2.4816785,2.2352278
TEHCUF,3.4980237,2.6380572
OJAWOM,2.3698397,2.325282
DOBSAP,3.0939345,2.415568
ZUJXIN,2.9758372,3.3595204
KARMIZ,3.2182906,3.1768284
QASHEZ,2.3763704,2.6028907
YODMEL,2.9616873,2.513981
LIBGAF,3.6188424,2.7767768
GETZUA,3.8120432,2.9813414
COBQOC,3.2724414,2.918526
ZUHBAH,3.0629137,2.6144826
YIWMOH,3.1554325,2.7356672
WIZCAL,3.6830611,2.6711626
UQEHUV,3.1029143,2.2247126
BERZOQ,1.9322805,2.6281674
PAMRAZ,3.6025155,2.6087785
FIDREP,4.031911,3.2778509
RANNOJ,1.9107835,2.0508223
JAYCIY,2.956245,2.1467535
EDUYIL,3.5170717,2.5467274
TUHHEK,3.905378,3.0823498
JAFFOL,3.166861,2.6870134
KUMGUV,2.5959663,2.398998
YEQJAI,3.372307,2.6469698
KATFAO,1.8833001,2.037438
VULTUT,4.5940986,2.9899838
KAQTAX,4.059939,2.9456494
POBPEE,3.6446931,2.8292813
IWUFAI,2.7497106,2.5976129
QEYYEZ,2.5565097,2.5432467
ZIPWEC,3.572855,2.3786173
GIGBUW,3.061553,2.5236425
OLEWAD,3.4977515,2.577657
WICPAB,1.5899613,2.5493622
BEKZIC,4.447429,2.8650868
ATIVUV,4.491239,3.8065987
IXIWIX,2.6060345,2.0405653
RINKIL,3.0966558,2.4287457
EJUXAJ,3.150262,2.6414647
GEQMAR,4.2147717,2.948382
ZARKOV,2.893931,2.3413842
ANOJUJ,2.4269836,2.768386
ISOMIM,3.434349,3.049978
AQIFUD,3.7845595,2.7850103
VAGDIS,3.9851074,2.6996675
OLOSUE,2.7464452,2.3496044
OFAKAK,3.6602035,3.0018373
YOSLEY,3.7679605,2.792546
BELJEH,2.8101199,2.489029
SASRIP,2.3692954,2.5056148
HTPIRB,4.2188535,3.393628
DODXIE,3.730409,3.0439076
UFOZOG,3.319517,2.4878778
YUWWOD,2.4286163,2.6147661
MEQYUC,2.7976027,2.3587573
BONREC,2.0501058,1.9796093
WIMGUX,3.2841423,2.7988558
EQIXAF,3.3989742,3.0379584
VEKWOA,4.67927,2.611669
SIQLUA,4.7530127,3.066155
XODZOI,3.3989742,2.897831
YIBKEA,3.319517,2.9689019
HEYLOO,2.5018148,2.6016428
JOBLOC,3.6215634,3.1692522
FEYQAE,1.3801615,2.2680717
QELSEG,4.3301477,3.042001
POTLEQ,3.3012853,2.3701086
UNICAW,3.0155659,2.2995331
WEQCUS,2.8860397,2.7558293
TEXDUW,3.7451031,2.5709445
CUKGOG,3.7287762,2.832523
MUYXUA,2.5195022,2.4588974
QIHBEQ,3.4819689,2.7318103
ONAJUJ,2.6035855,2.6898618
LASVOT,3.185365,2.6274276
ZINHIQ,2.9429114,2.692412
SIVMIU,2.5388224,2.2425153
GAVRAZ,3.2991085,2.716899
ODADIJ,3.283598,2.6017926
BOKWUW,1.9396276,2.40457
BAPYUN,2.9684901,2.5658026
LIWZAV,2.8122969,2.62107
QOFTEN,2.760595,2.3888824
OLUXOJ,2.8737946,2.8380058
TUNXAD,2.819916,2.3652112
QAKXAE,2.9978783,2.690199
BEKTEQ,3.6310873,2.8888314
VEZDAH,3.1314864,2.4078028
DEKVIZ,3.2297194,2.7797422
JOGWOU,4.2667456,3.2383041
ISOMUY,3.4610162,2.8826878
SATSAJ,2.5663059,2.5537362
XOJZAA,3.2272704,2.4447641
GAXGOB,3.813948,3.345503
YOQBAJ,3.2871354,2.5936103
BUCRUO,2.6517496,2.6203465
DEDFID,3.59408,2.7700725
ZUXKEI,3.589726,2.4926977
TETCOK,2.9192376,2.5842772
HIGPUK,2.3867106,2.4395504
CERBAE,3.1864533,2.3627658
OLOWIW,4.158444,3.2346163
WURNII,0.44572252,2.6049466
LECGIM,3.4387028,2.5428317
MOHWEN,2.874611,2.3512957
LANMOC,3.7075515,2.587467
NOBLIB,2.70073,2.4458952
OYIDEH,2.9053597,2.7129133
OJOGOK,3.2365222,2.7178452
TASPEL,2.0694258,2.5619798
JEWGOI,4.414503,2.80079
ACAXIO,3.6634688,2.679472
CEGHEC,1.3496847,2.093582
CIXSUA,2.525761,1.6843714
CUTDAY,3.3946204,2.3052468
ALAHAX,3.2090387,2.154104
MOZKAP,2.8378754,2.6569424
POJQAH,2.0677931,2.3992374
QEWQOY,3.6436045,2.9419906
VIBVUY,2.6375997,2.365574
JELNAS,3.0152936,2.5255902
JEWPEH,2.7608674,2.566031
PEZCAA,3.2076783,2.7669928
KINDAM,1.9067018,1.880837
PEHSEB,2.5192301,2.059121
ZEZMIC,2.6890292,2.0926414
LOGYOY,2.8958356,2.0914829
VAPNIL,3.8174853,2.8828294
LILNOK,3.5404735,2.5261064
VANYOZ,2.8073988,2.6009314
QAFJAK,3.952726,3.300094
OWESAM,2.8310726,2.3951795
QOZRIH,2.8639984,2.470863
VOMPUJ,3.7366676,2.8478334
ZEXVOP,2.406847,2.3188508
LIHVUW,3.4659142,2.937217
XETTOH,2.574197,2.4855564
SERXEV,3.0514848,2.7123444
YUFZUV,4.526342,3.7409427
WECNOH,4.8781853,3.2241616
CIRNEX,4.195996,3.1623685
EZAMOJ,2.798147,2.5735247
SOFYIY,1.9959552,1.7942884
QASKOM,2.2386808,2.2599072
EQISEE,2.1739175,2.372923
DAQXOK,3.0057697,2.5580616
VIBKOJ,2.838964,2.151207
GEBQEL,2.9978783,2.5975137
WOVQON,4.1388516,2.7264547
XIDGAV,1.2650573,2.0759382
WIXBEK,2.8460388,1.938211
IPOQOU,3.0191033,2.5977564
JUDKOK,2.463719,2.377494
WISCIN,3.6694555,2.582374
LOMVAL,2.4936514,2.2193785
QORBOQ,3.8713639,2.8876615
RIFTOP,4.978051,3.218601
QEKSAD,3.3352997,2.4938376
AGOKAJ,3.7655115,2.8496087
KATPON,2.6258988,2.1867876
HIBPAL,3.183188,2.8079474
GAZYOY,2.9478095,2.625784
IZOPUJ,3.4191108,2.5267909
JEZKAD,1.340705,2.283315
ACUQUN,2.1834416,2.278963
LOVCII,3.4514923,2.9441192
BEWRAY,3.9255147,2.9767334
WIKZEW,3.1407382,3.1760736
EZOFAB,2.1687474,2.3571048
ZOCYAU,3.0057697,2.4609082
YIDDUN,3.4359818,2.5652955
EHEYIB,3.388634,2.7979107
MAZKED,3.1780179,3.241814
REBZUW,3.5189764,3.0396764
RECCEK,3.309993,2.5547814
LECFUX,3.9285078,2.7397025
HIJWED,3.1992426,2.6900682
LEVTIQ,2.9505305,2.456743
EKABOJ,2.7404587,2.9059517
AKEHEF,3.1679497,2.5437412
WELJUT,3.7431984,2.8999987
KEXGIG,2.5401828,2.4439578
HUBHIV,4.8667564,3.0093458
NICNOD,3.4811525,2.5981133
PAYMAG,2.906176,2.302351
SUDQEP,2.086569,2.2239652
DAKHAA,2.6887572,2.4929469
KUMJIM,2.8710732,2.3862627
VAQVIV,2.5799115,2.3821173
GEKPOB,2.8672638,2.978207
IFORUT,2.5869865,2.5467615
NEDJAI,4.022115,3.4875903
GUSJAF,3.9151742,2.8988004
LAJWIC,4.356271,3.003367
UJAKIZ,3.1812832,2.4371064
VANHUN,3.3415582,2.8503246
UCUGUU,3.6523123,2.958278
BEDBOD,2.8688965,2.4955232
KAWRIK,3.4996564,2.748335
MURGIR,3.9723182,3.0279357
QIWMAL,3.5216975,2.518613
ICEDIG,3.0561109,3.0078626
JIZPAK,4.5804925,3.104018
RAMLAT,3.5616984,2.8219829
FICNAG,3.394076,3.145145
XIDGUP,3.675986,2.457263
MEKBUC,3.352987,3.0286317
YUGXIH,2.124665,2.6225758
GIQGIY,2.7644048,2.6097627
GOXYEZ,2.4411335,2.4640477
IDERUF,2.444671,2.5694134
HUZTUT,3.7491848,2.9580574
CUKGUM,3.7788453,2.902413
LASVUZ,3.2008753,2.7988005
TIVQIZ,3.613128,2.3922684
YATXEZ,2.4367797,2.3910613
KENMEY,3.496391,2.6540241
IKIDOX,3.0792406,2.7056077
LANMAO,5.2254024,3.1434026
UCEVOO,3.6436045,3.1717906
KATFIW,2.4988215,2.1585193
CEGTEO,3.0498521,2.5346785
KIXPAL,3.6240125,2.2592294
AKIMEN,3.7383003,2.9117777
TUNXEH,3.350266,3.1553786
YIQVUP,3.5614262,2.734616
PEMHOF,2.936653,2.524951
IFOMAS,4.5176344,3.4165382
EQUKIM,3.116248,2.5636466
DADFAS,2.9241357,2.550437
GEZQUA,3.3031902,2.6389358
NEPMAZ,2.6248102,2.6446702
TIQHEI,3.245502,2.275541
TILBAU,3.3235986,2.3539042
HIHZIJ,3.5162554,2.5743535
SACFEK,3.749729,2.3263628
YODLUA,2.7439961,2.3628128
DOMFAN,2.8245418,2.4922743
HUYROK,3.1350238,2.4902513
BIHCON,2.647668,2.2876828
IWIDUO,4.0370812,3.3021312
WATNAI,2.5469859,2.5487924
LEMTED,1.9317364,2.23416
ROJFEC,2.6275315,2.2140377
LEPYUC,2.5995038,2.6598284
LAFYEZ,1.5203001,2.1652856
YEPMUE,2.7834527,2.4440022
EFAWOA,3.004137,2.5094163
XIXFUI,2.6590967,2.6986096
MURCIN,3.4332607,2.3115282
PUMYUT,3.837894,2.990439
PAXFIG,1.7888765,2.447263
IYEQIN,2.385078,2.041362
HIBNEN,2.903455,2.5264409
QASNOP,3.082778,2.6144547
BIQJEQ,3.2106714,2.911682
HEFRAM,2.2305174,2.751154
RARJOJ,3.5453715,2.6974792
GIHTAV,2.7687585,2.671276
YODZAU,3.0944788,2.6106625
UJAKUL,3.3010132,2.86711
ZOZBUL,4.1423893,2.3564672
RAFCEI,3.2849586,3.0170643
JOKWAK,2.7948816,2.4925306
LAPKIX,2.7429078,2.638029
TEXFOS,2.5663059,2.1094017
TEPYEU,3.0503964,2.4789517
BOHLIV,3.661564,2.4859967
ECOJIR,2.382357,2.059363
ILEZOO,3.8346286,2.7228987
OHUNOW,3.0357022,2.5226066
QOKDIE,4.2645683,3.0352685
REVRAN,2.3856223,2.0099092
VANNEF,1.610642,2.3428593
AGAYAJ,2.1480668,2.3877232
COBQIW,4.068374,3.024494
TUHRAQ,3.7067351,3.599372
QEGYUY,1.9657506,2.3093858
LOVCOQ,3.7429261,3.033142
HINROM,3.7682328,2.9178562
DUXRAR,3.436526,3.0369887
YULTAC,3.0552945,2.6528153
NIKFAR,3.312714,2.8188076
CAZFAN,3.5445552,3.0409217
ZECNEC,3.3377485,3.0271993
KAHGUX,2.2182722,1.6483071
JIYKEI,2.8664474,2.3616035
COKGIV,2.8675358,2.5957315
FEPWUV,2.4463036,2.5011234
FEMXIF,3.2991085,2.5065262
YUVXIY,3.7603414,2.6165688
EXOBEZ,3.0452263,1.8707262
METTIR,3.2710807,2.7151327
RURMIC,3.4933977,2.6947126
ZOSHUM,4.095586,2.9507737
MADYIB,3.458295,2.6234481
WOBGAY,3.410403,2.5011973
MIHWUY,2.7516153,2.3560612
ASIDEL,3.288224,3.027638
CAMTAO,2.19868,1.9807498
HEKCEI,3.2185628,2.6002686
RATWAK,2.8522975,2.6611588
LIBXOL,3.1410103,2.5495875
KAFBAX,2.5611358,2.3884175
OLEVIK,3.417478,2.598568
QEHPIE,2.8827744,1.640072
LIWXUN,2.9671295,2.631166
QIHBUG,3.2218282,2.5367398
SAZZUP,2.1505158,2.5688608
KUFZAN,2.2365038,2.2410128
TOKNOY,2.7205944,2.4537647
KICZUT,3.790274,2.7492778
VETCOM,2.855835,2.4728107
HUFFEV,4.0689187,3.3651197
LOKKOO,3.467819,2.746857
BOVCUM,2.8909376,2.0633254
MAQJIZ,4.019666,2.882576
QEGYIL,3.5404735,2.9107513
TULWIH,3.751634,2.8375723
ALAXES,3.025906,2.9687102
TAJGIU,3.3908107,3.1587694
FIGBAZ,3.4490433,2.4664798
NIPZER,4.5843024,3.0913515
ITIXOZ,3.0144773,2.4855459
SETMEJ,3.6770747,2.3744464
TUDHAB,1.8228908,3.0917854
HERHES,3.6036038,2.8653023
APUPUY,3.625373,2.442077
ZEZWEI,4.5511045,3.4189782
LETVEO,3.3173401,2.5240588
DURVAN,6.3903217,4.071395
EQUVUJ,2.843862,2.7934794
YUTWAL,5.0512495,3.825354
EZODUT,2.143713,2.565496
ASUPAF,2.8329775,2.4831104
RAVROY,2.7227714,2.2303436
SEDYEI,2.8713455,2.5358498
YEXHUG,4.175315,2.9281518
QASRUA,3.2517607,2.910234
QEQWOZ,2.56685,2.9219444
JUWFIS,3.094751,2.5728602
SADDEJ,1.3118609,2.5131018
COGMAP,3.1151595,2.5856614
MITCAV,3.4740777,2.5439448
HIWGOM,3.2871354,2.9844306
CADYIS,2.6751513,2.3538013
WEQGEE,2.9649527,2.766314
NONWAP,2.189156,2.136033
IGOCAJ,3.207406,2.6397648
SATXIW,3.1290374,3.0984416
TACNOC,3.1467247,3.0203588
YIBGUM,3.064002,2.5957165
ATORUX,4.1837506,3.0178168
QAXMEJ,2.6808658,2.4521558
UKOSUK,3.2808769,2.5112956
NEVKEH,3.4498596,2.54486
OBEJEM,4.7633533,3.2754014
ZANKAA,2.3475263,2.288828
HISXUC,3.407682,2.6146493
KOFJAT,3.96742,2.950264
IWAYEM,2.8906655,2.1819434
WIKVAP,2.5418155,3.1850657
YOBLOT,3.180467,2.449758
QORCAD,3.8768063,2.6419373
ADOTOF,4.211234,3.5776196
YOLXEF,2.7878065,2.5685785
MIJPIF,2.9336596,2.478774
HAZZEN,2.6177354,2.4791327
RAFDAF,2.9135232,2.9623456
VIBVIM,2.6890292,2.2015352
QORMOA,2.59515,2.1399655
CEGGOL,2.2122858,2.4521306
ASIHIU,2.855835,2.2409139
LICCOP,2.7306626,2.5373046
FEXTOR,3.2283587,2.2067432
TIJCUN,2.7750173,2.1692083
TUHQOD,3.1986985,2.97493
GENLAO,3.3489053,2.6618652
GAYBUG,2.6914783,2.0567946
SEPLEG,3.2607405,2.5053937
NUWHEU,3.1565208,2.4552596
CIVNUR,4.007693,3.2287354
WAVZUR,2.4691613,2.358176
MAWWUE,2.9589663,2.561253
XAHBOY,3.4201992,3.0484111
LEYQEN,3.484418,2.7119899
GARZAA,4.748931,3.4902353
OBOYEJ,3.4585671,2.6460857
TESGII,3.6691833,2.8015764
MONCOI,3.8417034,2.8127406
YAZYOO,3.935855,3.0044894
JICGAG,2.671614,2.4601355
BUVWEW,2.6367834,2.3973703
KEBQOY,2.5562377,2.6613607
OPOGIK,2.9336596,2.5922325
DACDIV,2.1828973,2.079468
RIMTUC,4.2623916,2.7465072
BAFXAJ,3.3494496,2.3305957
VICCUG,2.592973,2.107205
GEPKIW,3.3091767,2.5482233
FERJET,2.5654895,2.3603556
OCIVAY,3.656666,2.992836
VOCVOB,2.2171838,2.4378972
RAKXOT,4.1883764,2.94532
QASSEL,3.4767988,2.7843914
YIJZAU,2.7186897,2.4739323
FETJOF,2.8898492,3.372895
GIPVOS,2.6797774,2.6005657
LAMVUS,2.7948816,2.3030283
TIDHUL,3.615849,2.6401145
DOGJEP,3.2174742,2.7152987
HEMRUN,3.4683633,3.1053224
CIXSOU,2.633246,1.9863782
ANEBEB,3.362511,2.4804776
ZEVSEA,3.6340806,2.9504538
HECKOR,3.510813,3.108981
LILNUQ,3.3951647,2.7261264
YOSPIG,4.6520586,3.0912588
SATVIU,3.1053634,3.1339378
SAVWIV,3.6093183,2.795481
GUNWOB,2.8234534,2.934347
CESKIX,2.1148689,2.2684479
GITVOX,4.1388516,3.2763774
UMEGIE,2.8373313,2.468502
MESIRA,3.2161138,3.1110704
ZAKHUO,2.4435825,2.4310892
IYEXIV,3.436526,2.1743736
EJOLAR,1.7499642,1.9298216
RICGIV,2.6294363,2.5968735
GAMNEP,4.403619,3.0663395
REBZEG,4.373142,2.8240614
OSEDAS,2.658008,2.468359
ECUBUZ,2.3282063,2.361715
QASGOI,2.2710624,1.9951072
BEHZOE,2.5399108,2.5321772
SUDHUW,3.209583,2.011076
QAXLUY,2.7056282,2.4663486
MIHKUM,2.1755502,2.1084409
DEKVAR,2.8958356,2.5909536
WEZWED,3.7369397,2.8064177
ZIKWIB,3.8749013,3.0483673
UPIKAG,3.2868633,3.037234
GOTJIK,3.472717,2.4656146
HINDEP,1.2751255,2.079115
TETNAK,1.909423,2.2173135
RIQDUR,3.6789794,2.52252
NEPREG,2.9388297,2.4411573
XEKJIJ,3.1970658,2.5429094
ROJWAR,2.820188,2.3299391
WIYKAT,3.578025,2.7230752
JICFUZ,2.6865802,2.4037633
TEQGEC,2.8425014,2.3124945
NADGIJ,2.2993622,1.9396839
QAHCAD,2.6452188,2.658222
USETIX,3.206862,3.1301162
BOZVUJ,3.068628,2.3451645
MEJNOG,3.386457,2.7609575
KOFTEH,3.5603378,2.993609
FEHBUQ,2.2623546,1.4748348
OMANUL,3.6531286,3.0268672
PIQXUK,3.410675,2.5586512
DEDFOJ,3.4544854,2.4703221
ENOPII,1.5763556,2.4673219
CEQVUR,3.120602,2.401007
AQECIK,2.4536507,2.374804
NAGTIZ,3.5091803,2.6070209
VERGUW,2.7763777,2.1534288
IYEZOC,3.190535,2.5019054
SATVUG,2.31324,2.974887
ASUNUX,2.9456325,2.432041
CIGRAM,3.2819653,2.5898144
JOCGEP,2.7039955,2.5669515
XESSUL,3.7078235,2.815306
JENQEZ,5.2039056,3.6374128
QASJAX,2.2397692,2.4420204
QARZOY,2.803317,1.8919653
MIFGUE,2.0726912,2.7502193
NITKOS,2.6642668,2.576965
EHIXUP,2.7867181,2.456118
XEHLII,2.9646804,2.639423
OYUVEK,3.047131,2.4087977
TEXDIK,2.335009,2.3173153
ECUGOB,2.0691538,1.8969439
CINRAU,3.2229166,2.4317074
OQESUA,3.133119,2.4841566
NEPBAM,2.8212764,2.388576
EQIRUT,3.539385,2.691446
BATZUR,4.174771,2.76865
DAHWIT,2.5646732,3.114917
YEDLIF,2.7371933,2.8003511
ZANJUT,3.8874187,3.05097
OJUTAQ,3.4416962,2.7422636
EPULOR,3.6234682,2.68593
MIFHIT,2.6161027,2.4480865
FUTKIO,1.8789462,2.0246232
XUCBAZ,2.4667122,2.4769793
AYOLAC,3.178562,2.6575902
OGUXUL,3.3197892,2.6857057
WELDUN,4.182662,2.9754088
KEVJEB,3.6860545,2.6109948
AQOBOZ,2.927673,2.6718285
WASDUR,2.7918882,2.727044
VAWVAT,2.607395,2.1101217
VOMPOD,3.6762583,2.844416
COFJOZ,2.6414092,2.4055345
ZEVSAW,3.7312253,2.9660833
NAPYOS,4.114362,3.0184
FIRDIV,4.5228047,2.8988583
VEZDEL,2.9097135,2.3672884
ANECAY,4.159805,3.4144
GOHFUH,2.5203185,2.172472
TUNGOZ,4.98567,2.755787
VAFJOD,4.1902814,3.2622805
YOQBEN,3.1935282,2.2336798
WEPFII,3.9110925,2.833062
GIJVED,2.3916087,2.0619612
CAYGAK,1.9241171,2.1118436
ATOQIK,3.529317,3.1169238
XEWTIF,4.050143,2.996239
YEJYAQ,3.0773356,2.6171741
SEHNOL,3.3635995,2.6648195
NOJPIM,2.8501205,2.5711699
KIWYOG,2.5660338,2.4612293
KANQAS,1.7845227,2.3543658
YAXYAY,3.3045506,3.0427485
WEBVIL,2.2411299,2.7376702
MAQJUL,4.265657,2.9968622
SUQNIB,1.5880564,2.0619376
MINGAU,3.5225139,3.1185732
WIVQUO,2.4027655,2.2511353
YUCLEP,3.8085055,2.7952528
PAKVON,2.6805937,2.2334375
RAJNEY,2.401677,2.5166643
OYUVOU,3.369586,2.6594915
ZOMKUJ,3.8055124,2.9676223
ISUFAD,4.8087964,3.721097
LIWKEK,4.363074,3.1022067
CEFYOE,3.0054977,2.8085482
USETUJ,2.887128,2.96618
XONSAV,3.630271,2.6070218
UTOWAD,3.410403,2.4936554
GOKGOC,3.3614225,2.856025
FEYKAV,3.3331227,2.5386024
OGIVOP,3.6191144,2.920422
AHOQAQ,2.550251,2.8280435
MUFFAW,3.6953063,2.9758165
AGOKEN,3.5353034,2.558643
ERELAO,5.1668983,2.9018931
XUBZUQ,2.6604571,2.4448931
PIVXOK,3.1535275,2.5866861
LIWYIC,3.0283551,2.6249552
HOMKOJ,5.1875787,3.0045097
YECFIW,4.8885255,3.4897552
QOMLIN,3.0074024,2.027647
SIKFAW,2.315689,2.3073494
FAMMIR,1.9703765,2.2458968
WIHHIE,3.7483685,3.200559
ANEBIF,3.3437352,2.7883155
KOBYOS,4.0305505,2.8527598
VONLOC,2.941823,2.6299877
KIMVIO,3.0751588,2.3480067
FOHZAE,2.798147,2.3169303
UCINOK,3.99572,2.8522112
QEJKOG,2.9684901,2.1702018
KEFHEI,3.369858,2.8536437
LUZKAU,3.2879517,2.9152968
QORLIT,2.8898492,2.0337656
SEPLOQ,3.0003273,2.129637
ZUNDAP,2.944816,2.456462
ZIGHOO,2.7521596,2.5432115
ZERJIS,2.6030412,3.1895697
PIWTOF,2.944816,2.520505
QEJJAS,4.0300064,3.1005316
QAWYAP,3.190807,2.755017
TULWON,3.4713566,2.904118
MOMSOW,3.5720387,3.0724564
LAZQIP,2.903999,2.5483437
ZUJNAT,3.902657,2.7707863
HUCLAS,3.4161174,2.9417408
RESSAM,2.9075365,2.386716
LEKXOP,4.081708,2.86259
UFAHUH,3.627822,2.5663474
IVUCAE,4.0833406,2.969275
POWGAM,2.8264468,2.3254287
PESHAZ,2.6346064,2.461655
WULPAU,4.182118,2.9425318
UBIHOE,3.1127105,2.5919979
BUPQEK,2.9782863,2.4437363
DAKHED,4.0789866,3.098521
OYUJAU,2.884951,2.6570354
MINGOI,3.5097246,2.6866124
SEPWUI,2.6139257,2.211107
WIXQUP,3.8961263,2.9747143
NIVJOR,1.6264246,1.8865093
KOSTIX,2.8895772,2.4186287
MUBCAP,3.393532,2.7723823
ESAWOL,3.723606,2.8931406
VEBTUR,3.0433214,2.6937954
CEGSOX,2.2337828,2.2136621
METBIX,4.2713714,2.743045
SATWIT,3.3788378,2.4536557
QIKSAH,3.2650943,2.4452736
GOTLAC,2.8425014,2.4092424
KUMJOS,2.8996453,2.374976
AMEBAW,2.5265772,2.4451737
WOGTUH,2.9352922,2.7965822
REFYAD,3.510813,2.6620665
OPAWIN,2.5581424,2.2005672
EZAMUP,2.7548807,2.4633732
TUNXUX,3.4732614,3.2217116
PYTCIR,3.8319075,2.6395056
ZIHVAP,2.4169154,2.573418
EYIYAN,2.9619594,2.805049
BACXIP,3.5557117,3.0443642
EGADOH,2.8093035,2.4957376
ZICMIK,2.7159684,1.9575741
SOTJIW,3.0887644,2.7024066
NUCMEE,2.838964,2.4062862
FUDNEX,2.9695785,2.916746
GOCBEI,3.018287,2.9640784
FUQTIW,3.4982958,2.7277102
EVOTIU,3.2991085,2.4430742
RAMLEX,3.7587087,2.952916
POBKOH,2.0201733,2.7485452
IKOJIB,3.3731234,2.94803
JEZKIL,1.7401681,2.5680046
QAWGAZ,3.4193828,2.8063023
DUDXOQ,3.3965251,2.923559
UMUZUZ,2.8528416,2.600478
EDEHOK,3.150262,2.6865726
NOPVUK,4.9239,2.7955985
OXATOX,3.2776115,2.7066627
HAXNEZ,3.415029,2.9061527
ESUSOB,3.123323,2.8232224
OBAVEU,2.6305246,2.432512
DUZXAZ,2.9703948,2.6809993
JOFZEL,3.3796542,2.819849
SEPKAB,3.8003423,2.3641436
AMUVAH,2.61447,2.053924
CPIMIR,2.2169116,2.7328079
NOWMUH,3.9149022,2.9188435
IVEMIG,3.7987096,2.7270722
UJAKEV,3.5023775,2.6118245
OMANIZ,2.8996453,3.026092
TAZQUH,2.1682034,2.2179947
YODLOU,3.0191033,2.364439
QOXYAD,3.31217,2.733881
RARJID,3.286047,2.84404
FEDDAV,2.531203,2.8719873
MAFHAE,2.5222235,2.508062
FETHUJ,2.9235914,2.978354
SOWQOM,3.1391056,2.9176345
WESCED,3.2702644,2.6920302
ANAZAR,3.8694592,3.0267072
BAQZAV,3.3782935,2.880822
TEXFUY,3.22591,2.0952716
CINROI,3.0378792,2.5313144
NIVVOF,3.3089046,3.282224
LEPZEN,2.6392324,2.2142458
KUKMIN,3.369858,3.0896494
TUXBIY,3.7581646,2.9148612
IWOSIX,2.6269872,2.482983
SOTLAQ,2.6139257,2.5658598
SITDOQ,2.963864,2.6071413
AMUTUZ,2.779099,1.9784467
TURSIJ,2.6378717,2.9291377
DUXPOC,2.7665815,2.6998723
OWIBIG,2.9143395,2.7222693
XEKJEF,3.7040138,2.6101036
POBVIO,3.3801985,3.0585616
LIDGIQ,3.3031902,2.8637257
PEMLIF,3.7445588,2.8801286
OREDIA,2.4060307,2.0611842
FILKOB,3.182916,2.7264924
RUSVUY,2.4479363,2.3925772
XORTEF,2.7456288,2.2292988
VIHCUM,3.1788342,2.3363006
YUDXUR,3.0054977,2.4198434
DODXOK,3.653945,3.0347943
GULJIG,2.7399144,2.5598676
LIMXAH,3.336388,2.9562352
DOZGOQ,3.4901323,2.6749136
WEPFUU,5.087441,3.501074
EBANOM,2.150788,2.380128
RIBDOX,2.7407308,2.5476382
TABXUR,2.4408615,2.3030615
VEFPUU,2.5935173,2.7763023
CUXLIS,3.3208776,2.5868318
KIMVEK,2.9616873,2.3363829
FUVJOW,3.1916234,2.534162
ZIHVIX,2.2141905,2.6078155
SEQXES,3.4588394,2.791196
YOSNOK,4.077082,3.2451537
TAVWAO,1.9856149,1.605301
LUKYOF,2.5170531,2.0876017
NEMCUE,3.6659179,2.8374345
EWOXIY,2.8664474,2.4386218
LEZKOT,1.8873818,2.1821759
MUZYUD,2.5494347,2.418487
MOJYIV,1.8024822,2.5451345
HOJDOZ,2.2590892,2.1320677
EZAXUA,2.9499865,2.6560717
FUGHEW,3.0438657,2.7310638
PUNVIF,4.0925927,3.0709565
SIRLEM,2.019357,2.2829416
QODZOY,3.1567929,2.6038568
HABDOG,3.9325895,2.999775
BIKSAQ,3.7660558,2.970561
KUPGIM,1.6209823,2.059949
SOVDIS,2.89638,2.2251248
BOQHUM,2.7380097,2.7023861
VOMYUT,2.8052218,2.7350018
FEBQAF,2.4419498,2.7389078
RIWJOX,3.7660558,2.9899294
OBIJOY,4.1886487,3.3970795
YATYOJ,2.5483463,2.1566823
TIFDER,2.6199124,2.730029
AMEPEN,3.5314937,3.1293972
DASNAO,2.5156927,2.5594375
KOGWEK,3.696939,2.7087862
QAZWOD,3.0705328,2.3037124
APUMON,3.0645463,2.7731218
NUQTAW,3.0650907,2.438521
XARFEC,3.4373424,2.358089
WOLWEZ,3.4871392,2.8676693
CEGRUC,3.4732614,3.0564685
GOJSON,2.3311994,2.5225916
ZOQBUF,3.393532,2.853328
PESKAZ,4.0618434,3.1546092
EKOXAD,3.7802057,3.121987
NAVPIJ,1.9178585,1.815045
SEJQUV,1.7537738,2.8731925
GOXNOW,2.6087556,2.7949786
HIVZAQ,2.5616798,2.723019
XABGEN,2.1320121,2.0771413
DICTUE,4.1230693,2.6995165
QOFPAC,4.278174,3.2784133
GOTDUO,3.8185737,3.1297696
VUTTIO,2.9859054,2.8869102
YEQSUJ,1.9129604,2.0103617
SOPQOE,3.2172022,2.509932
KEQSEE,3.1763852,2.2089033
GANFUX,3.7366676,2.8275478
EYIQOT,1.7769035,2.2365465
ZADMUP,3.1543438,2.781728
KEPRED,3.512718,2.0878046
FELNIV,4.093953,2.814038
EGEYOG,3.9257867,2.939126
HORCOJ,1.9398997,1.8998623
ZADTUW,3.3562524,2.3855097
TUVNON,5.2836347,3.358909
IYUZUZ,2.268341,2.3470602
GEYWUE,2.4209971,2.44172
FAGXER,2.9241357,2.579488
UMIMUA,2.103168,2.1691504
WIFQIO,2.733656,2.7751706
HUXYEE,3.7274158,2.6798236
WACNEU,2.9576056,2.344689
NOYXUU,2.5290263,2.2223518
QEWZAW,3.6925852,2.5905778
CUXVAS,3.2210119,3.1026776
DEBRAE,3.1989706,2.489113
SUJMIT,3.3200612,2.5137107
YOCYEV,2.423446,2.3036416
AQAHEH,4.658317,3.3312378
LEDXAW,3.0095794,2.820124
ZUPFAT,1.8443878,2.6516654
KEFCUV,2.717601,2.4671972
SUNXAB,2.108066,1.6570132
VOCLEF,2.1143248,2.3180337
MIVTAO,2.8697128,2.3975682
WAHBEO,2.5233119,2.4152827
IPIHEU,2.4884813,2.52381
OSALEA,2.798691,2.3501563
WIBDER,3.555984,2.904575
KIRVUC,2.6414092,3.3067493
QIGRAB,3.9968085,2.7015584
EVOLEG,4.5894723,3.2146692
ZOJJUD,2.5527,2.5567613
WUJQOI,3.8095942,3.36599
IKUKEG,2.9703948,3.3815022
WEJTEM,3.2324405,2.9748318
QADKOX,2.9086251,2.9485111
FOKTAC,2.2541912,2.1878102
DALXIX,3.902385,2.990852
TBPPPT,3.5470042,2.598355
KIWQEO,3.548909,3.103867
JUFNUT,3.4996564,3.220544
RAPROR,3.1532555,2.8408308
HUPGAB,2.999511,3.0103714
VASVOC,4.1249743,3.1699777
APXCBU,3.8577583,2.5434284
HITGAU,2.0449357,2.2279758
COZQAJ,3.5938077,3.202552
BOVLED,2.1513321,2.155293
NICCOS,3.5763924,2.978162
SIVTOH,2.1213996,2.2464323
JISXAK,3.8280978,3.2996104
YOXJAW,3.5690453,2.525921
ZEBPOL,3.6387067,3.2087026
ROMVOE,3.893133,2.7656069
JUGYUH,4.382938,3.1148057
QACBUT,2.0280647,2.5644848
REZHIP,2.7486222,2.6100526
EWASAX,2.8884885,2.263539
YUJDOX,1.5556749,2.3272443
HAWJAR,3.099105,2.2922802
GIKJOB,3.1355681,2.458675
EVEWEH,1.4802994,2.0761127
NIYZIH,3.2057734,2.516575
ZUFJAL,0.15374433,1.8174863
RIVWID,3.1625073,2.6872897
YEWGUD,3.1576092,2.4938054
NODXAF,3.2822373,2.716869
ENESIB,3.1635957,2.1277452
WIYNEZ,3.3753004,2.8283274
SEVJUA,2.9350202,2.297122
PUCFEY,3.9521818,3.0374625
HAZLEA,2.690934,2.3812788
MERCOB,2.454195,2.0267768
BEHXUK,3.1459084,2.6842124
QOPLIS,3.288224,2.686957
BAZBIP,1.5986689,2.1589546
JETMAX,4.218581,2.9220152
VAFXOP,4.196268,2.8353367
JATSUS,4.273548,2.7395265
TAGZUX,2.7461731,2.4875278
ACUXAX,2.8288958,2.9411788
GEKTOG,1.4835647,2.2658873
FORNIJ,4.464844,3.2120378
SOTWAA,2.8337939,2.1041095
YANFID,2.0389493,2.5878675
MUXKAT,2.9518912,3.1049776
VIKQAI,3.2441416,2.8041952
SESGON,3.1899908,2.4234653
YIKXIB,2.9407346,2.6498227
OCUBOE,2.8449504,2.465879
CATROF,3.54646,2.9265034
QENPUU,3.3510823,3.2118883
HOGGES,3.71898,3.3251107
QESLAC,3.0430493,2.3137894
NOFTUX,1.7407124,1.9255428
DUKNAY,2.9412787,2.5014553
YUDBOP,2.7154243,2.9345987
LEWXAN,2.9867218,2.6650136
DIKKUE,1.5823421,2.1521163
LAGZEA,3.011212,2.8776796
QILROS,1.9222124,2.1173553
OGAJAI,4.1051097,3.168039
XIBHEX,3.1486294,2.8008955
KIMFOD,3.0816896,2.276332
HEDHEF,3.725783,2.8935864
PIZNAO,3.5592494,3.0694447
QOPLEO,3.142643,2.731843
RAQYIS,2.8863118,2.546716
FIWKIG,2.222082,2.096386
RUJQIW,3.7943556,3.5109549
JAFQEN,1.0155289,0.71159697
COHFAH,3.9472837,2.941727
CEKFED,3.190807,2.723349
OGALUE,3.899936,2.954515
JICCUT,2.9840007,2.502622
SOBPIK,2.9997833,2.2661912
VIDGIA,4.603078,3.1926312
NOQDUV,3.7007484,2.8845274
HUWJEP,3.0367906,2.6665816
ERAPUI,3.1317585,1.5623158
ONIWUF,2.997062,2.7449443
PAGRUK,3.6169374,2.0988193
JELCOS,3.8719082,3.124349
MOBLEV,4.60335,2.954358
HAZYOZ,4.4887905,3.1326084
FAPROG,2.7837248,2.6069717
XAXZEB,3.5167994,2.7451885
FEYJAW,3.054206,2.3361785
BEHYOF,3.2963874,2.3222446
QEJNOK,2.5393665,2.4294515
BOJRAU,3.3388371,2.4065115
HEQVOP,1.8291494,2.3657274
TAQMED,2.8830464,2.8951848
ZAHJAT,3.1369286,2.7381296
ICOKIW,2.9856334,2.5791597
DEBNOP,4.2264724,3.093448
TOGJIK,2.784269,2.287143
DUPYIX,1.9053413,2.2002437
VOKNIS,3.5219698,3.0584133
UHUZEC,3.9489164,2.8969023
WALRIK,3.9481,2.6949584
KICLUD,1.928471,2.0921917
FEJDON,2.3913367,2.7363698
IFIQOE,3.5276842,2.3266392
YATPER,2.158135,2.1091352
ZIDRUZ,2.4152827,2.5244932
WIQPUJ,3.247679,2.7683423
QOGBEU,3.9973526,3.055162
DIBDUQ,2.3094304,2.2259407
SUQLIB,2.0226223,1.9458756
TAGZIL,2.5872586,2.520149
LECZIC,2.6112046,2.7662048
WINCOO,2.688485,2.3101618
KABJUS,3.938304,3.1201558
TUMBIN,3.412852,2.7126272
VUKYUV,3.9159906,3.444194
YODJOQ,3.5285006,2.7642698
DIBDEA,2.102896,2.2949815
GETNEA,2.0370443,2.4878364
UZAQUJ,4.595459,2.4322538
JOWCIK,2.903727,2.4248817
OMOFEB,3.065907,2.7416182
BELNUB,4.9505677,2.7816722
WEHNII,2.373105,2.3624866
EVINPT,3.9690528,2.6628585
NICCIM,2.7118866,3.0328605
MAMKAN,2.6966484,2.3391175
FMVPPT,4.0906878,3.1977677
LAMBEG,3.8221114,3.0431764
JUSQUJ,4.210962,3.403387
QIDWOP,3.1924398,2.6060495
EVOBAU,3.147541,3.2912657
VUMNUN,1.9145931,2.2871335
GIRLEB,4.1674237,2.6749952
SISMIQ,3.5521743,3.023268
FETSUS,2.0803106,2.1151712
AZUZUS,2.122216,3.26996
MIRVEO,3.4827852,2.9010122
MIGHAM,3.8057845,2.8454933
VENMIM,2.5491626,2.3148668
XEKDEY,3.8017027,2.9921615
XORRIH,4.6713786,3.1561806
SOYSUU,2.4609978,2.3982506
LIXQIS,3.2599242,2.853205
JUJLOR,3.6234682,2.7491927
EWOXAQ,3.2640057,2.4110665
OWOSOJ,0.8968873,1.7271376
PAXPOW,3.587005,3.1812918
MISTUG,2.435691,2.6706934
METSIO,3.3818312,2.9453323
DEBYUF,3.2117598,2.7079725
DANVAR,2.961143,2.2887778
MAZXAO,2.8359706,2.1357374
JAZWIT,2.8063102,2.2708778
HIXLOS,3.4950304,3.0081522
WIRROG,3.4446893,2.360538
MUZZOW,3.840887,2.9305701
FIYBOF,2.0419424,2.0347557
QUSPUQ,2.6125653,2.578003
ANITOH,2.7848132,2.4412796
EZOTAQ,2.7309346,2.2934399
QAWCIA,3.2776115,2.9840512
ROGYES,3.0125725,2.3347766
FEWLAU,4.18756,2.662405
LINLEC,3.582379,1.9551105
VUJYAA,4.7524686,3.3272061
BAWPIZ,3.8487785,3.113767
ZAJWUC,2.9143395,2.47603
OYUBAM,3.608774,2.890113
MOWDEI,3.8093219,2.7847302
JUWSOL,3.845513,3.1931117
ROBPUU,2.9766536,2.7283623
KADTIT,3.009035,2.5535607
HISJEY,3.9110925,3.3246574
JUFNON,4.378312,3.0385902
IXUWEE,1.283289,1.9800785
FARLOZ,4.868933,3.30659
CAJWOC,3.436526,2.788908
BEMBIE,3.8721802,2.9860547
VICTAF,3.9758556,3.1316016
PIQSUG,3.0060418,1.9285972
SOQHIQ,3.8349006,3.0293522
NOMXOE,1.9918735,2.5127258
TUDDIG,4.208785,2.931347
XEDGIX,4.1600766,2.7945657
PIGCAL,3.5826511,3.0045614
QIFJEX,2.590796,2.6567197
MIRHUT,3.0128448,2.4150023
MAPTUT,2.8890328,2.6482792
SEHYUZ,4.615323,3.0235693
YEMFUU,3.0596483,2.3424773
LAGMIQ,3.7772126,2.7702146
VIKYUK,3.7086399,3.211597
TATRUC,4.3791285,2.879346
QABGOR,3.4381588,2.8305328
NUPFAH,2.5156927,2.1436317
HAHXAQ,1.6958135,2.771718
WEZWIH,4.024292,2.9049368
ZEJTIT,3.7195244,2.7860003
VUTLAZ,3.374756,2.8465
LULGOP,3.1431873,2.675458
YUZCOM,2.2231703,2.4111838
TARTUC,1.9948667,2.4394078
SIKQAG,3.159514,2.686216
BUZGOU,2.9497142,2.4779408
BAGHUN,3.5997944,3.3183272
QORDEH,3.9538145,3.0590894
LITFAV,3.3129864,2.7560523
FUGKUO,2.8786926,2.596522
OTEYUJ,2.5861702,1.9142151
NOYXOO,2.1045287,2.130727
NIYZUT,3.0746145,2.4355407
OMIKUQ,1.9053413,2.4928913
RAKREB,1.2487305,2.1512094
HINSIJ,3.126316,2.206398
ZONJUJ,2.525761,2.330447
LEMVOR,3.1314864,2.570291
SAVFON,2.9510748,2.7697954
GUPYAR,4.073817,3.1805289
ZUJFEP,2.8019564,2.513196
QAXHON,2.6381438,2.333942
WUSXOZ,3.3766608,2.5067205
YAHTOT,3.9113646,3.0381176
WIRSAT,3.0917578,1.8800603
MAFMOX,3.4354374,2.966713
XIQVEB,3.4408798,2.1277602
ELIRUO,2.8073988,2.5608315
QAPLUQ,2.8155622,2.5023565
YIKXAT,3.0708048,2.5292926
EVOBOI,3.2223723,3.589272
ICEGUU,1.2661458,1.7200983
IREDOA,2.8778763,2.7105577
HIDMAK,3.1312141,2.4952936
GIZJEH,2.879509,3.170835
OFIKET,4.1257906,3.1745286
KEPRAZ,3.6090462,2.075956
GEHQOC,2.9023664,2.6768076
PODNUT,3.7799337,3.0414245
LADPOY,3.2675433,2.621533
AXEWUX,2.5918846,2.298316
XAPMEH,3.312442,2.3667524
MALWII,3.2008753,2.287692
YEPWEV,3.8822484,3.4228005
SUBPUA,4.008509,2.9615319
BOFKUF,3.5690453,2.9457276
KEKJUF,4.254772,3.3457444
OLUBAY,4.9766903,3.404639
MIKFES,3.4182944,2.870145
CESGEO,3.025634,2.673352
QIXCAB,3.6455095,3.0023863
SACTUO,1.641935,2.657477
YOVJUQ,3.4539413,2.6109908
IVOVEV,2.818011,2.5015266
YEFJAW,3.438975,2.8073196
CCXAPT,4.062388,3.2572002
OWIPOA,3.4406078,2.8845162
PIGCOZ,3.5162554,2.991661
PITGEE,4.335318,2.9165142
BELPAJ,4.9453974,3.2554889
GERVIJ,2.6620898,2.7463524
WELCUM,3.4172058,2.8318737
APOZUC,1.9173143,2.081799
CEFHAW,2.468617,2.5488255
NEXJIK,2.571476,2.2570617
JOMJUS,1.2860101,2.1226673
PASLON,2.2125578,2.362064
RAYZIC,4.1764035,3.0450788
NEDTAS,3.8082335,3.0721855
VAPPAG,3.5837395,2.4804273
VEZSEY,3.6716323,2.7054634
QIZFIQ,3.288768,2.5484588
HINWIK,4.698862,3.5576234
VUMWOR,3.9682364,2.50811
KESZEN,3.3712187,3.3615963
FEHNEL,3.0095794,2.875772
VEQVEU,2.1287467,2.1335146
GIRCUI,2.3829012,2.22986
LAGZUQ,3.49367,2.7890134
RAGTAV,4.6564126,2.941012
LABZEV,4.2297378,3.807913
OKADUB,1.9518727,2.2691672
WAWSOC,3.0152936,2.649997
LEGTOG,3.7440147,2.9952567
QOLKUY,3.0082188,2.5952296
IXEFOG,3.334211,2.7298205
HAGHAZ,3.3801985,2.2504294
VUWWEP,2.16521,2.5091732
AFAPOM,3.4357097,2.1510715
RECKIU,1.6979905,1.9004623
KITHAZ,2.1959589,2.5935488
ICIBIH,2.975293,2.6394308
TEGZUD,1.6495543,2.2235832
CAJKOP,4.513825,3.1448462
KEHJUC,3.0346138,2.9939244
ONABIQ,2.263171,2.5669599
TUSSUX,4.774782,3.0456865
FUSTIY,2.4250786,2.1670198
MIRWAO,1.6196218,2.0115767
ZOZDOH,3.39843,2.989218
ORAREF,4.3306923,2.6418083
CEQJEN,1.9665669,2.870184
QERYIY,3.1420987,2.7415404
EREDIP,4.034088,3.1874301
SUHQOC,4.481171,2.817591
HADSOU,3.7358513,2.4734464
BAGHOH,3.575304,3.3582783
DENBAA,2.841957,2.030336
HUBNOJ,1.8326869,2.4280841
CAKGEC,4.2958617,3.0433877
POCYUE,2.6585524,2.8046377
TURTAD,2.9744766,2.4527476
FELNER,2.6052182,2.372677
LEYGAZ,2.5301147,2.2694628
DIQZAH,2.7614114,2.7364125
IYUGOY,3.883337,3.305585
MIRTUF,3.0035927,2.4496787
CEJXUM,2.633518,2.1235585
DURHIJ,1.1426061,1.8256524
WETKOX,2.2147348,1.9666905
RAPJAW,2.6302526,1.9952312
REYZIE,3.64687,2.6992543
TAGTAW,3.6425161,2.9315689
LESRAC,1.8400339,2.2786915
BEZNOK,3.5519023,2.85567
LUZBOZ,3.2052293,2.7695093
CISZIO,3.9807537,2.9703128
CIHRIV,3.3987021,2.5638063
GIJVOL,4.3862033,2.7736022
GEHQUI,2.9796467,2.4366744
ENEHOU,2.8060381,2.4314163
DIGCII,3.8830647,3.0260515
IXALOJ,3.89531,3.1277194
LEXVIU,2.446848,2.2549548
PUFQEM,2.2403135,2.1037338
RIYFUB,2.4275277,2.5892744
YEFPUW,3.2408762,2.8128068
SIWWUR,3.3557081,2.673854
BAYSAX,2.246572,2.6099975
KEHJOW,2.9336596,2.8721092
ABOJOT,3.1151595,2.3389192
ADIBUL,3.2125762,2.6291728
FAMDED,4.344298,2.8632994
XADQAX,2.609572,2.2121055
VUDCUU,2.5962384,2.3399622
HIGBOP,3.082506,2.688333
GIDKIP,2.7230434,2.2340243
HAHHIJ,3.7358513,2.6475844
TEGZIQ,3.0656347,2.3389661
HEYYOB,3.8275535,3.1417544
YECVIM,2.3486147,2.592265
WIFPOT,2.555149,2.7310123
JUPZUR,4.1165385,2.7114058
QEZCII,3.555984,2.9649277
ONIKIH,3.396253,3.210958
LIYFUV,3.4716287,2.685186
KURNOA,2.8912098,2.6611266
FUGKEX,4.188921,3.5407212
HERYEJ,2.0503778,1.9828869
OQININ,2.9434557,2.209499
FORNOP,4.7173657,3.3647401
SIRJUA,2.817467,2.3890674
TAWVIZ,2.9080808,2.7633631
SIFNIF,3.1529834,2.6830616
KAMYEF,2.9793746,2.4264255
DUHDEP,4.5897446,2.762275
COMPOL,3.6381624,2.6808612
HIQBAM,2.9450884,2.604148
PEBZUT,3.2033243,2.5103679
VISDOT,3.7053745,2.8900688
OCUBEU,3.1167922,2.755203
MEDNIS,3.4449615,3.0398738
HOJKIB,3.1083567,2.2671976
BUPJUT,4.029462,2.7794855
OWOLUJ,3.8708198,2.972743
TEYPEV,3.064002,2.719655
NITLIO,2.710254,2.0118809
LECNOW,4.050415,3.0181746
XUCTOG,3.422104,2.4886496
QUBXES,3.3083603,2.7646687
DUFFUH,3.876262,2.8778183
RATVIS,3.5002005,3.115909
EGEXOE,1.0457336,2.461839
GIRDIX,2.208476,2.137495
POSZEC,3.5630589,2.35086
MAJBOR,2.7162406,2.3888648
QAJSAY,3.9617057,2.8350472
YEJXAN,3.4182944,1.8133171
FOFXUW,2.8522975,2.2196636
BUJFIX,2.0770452,2.5622187
YAZKES,4.318991,2.9909868
TEDRIG,3.4329884,2.952711
KAGRAM,2.210653,2.3073194
ZIJTIV,4.4637556,2.9892492
SEBRUP,2.0133705,2.1415265
EVUKIQ,2.9331152,2.4107523
KUFNEF,2.9137952,2.7491572
KIXMOT,3.0218244,2.787886
NUCVIQ,1.6114583,2.0439117
OTIDUS,3.042233,2.2219162
NARCAM,2.2716064,2.202592
WIBCEQ,4.4463406,2.9686782
CEQFEM,2.167931,2.41424
MIVTUI,3.3981578,2.7144775
PAWWOA,3.0675395,2.4881027
DAPQES,3.5614262,2.8199365
PORZOO,1.4558091,2.2446651
IZUWEF,2.7233155,2.610336
NUPWOK,2.5872586,2.4569387
GODKAL,4.6272964,3.0373075
LERTIN,4.162254,3.1637256
SEMPUW,3.4836016,2.993467
KARQOJ,3.0678117,2.8096774
COMPUS,3.4378865,2.7880254
CIFFUV,3.5614262,3.2620077
QEPGEX,3.5434668,3.0443957
AJEBAS,3.417478,2.8792193
SALZUD,2.2370481,2.227594
JIBRUK,1.264241,1.6584704
IXADIW,1.8294215,2.1084275
WUDGAD,3.0678117,2.8477151
BUBJEO,4.486069,3.3079815
IHEBED,2.99679,2.2262394
QUGJEI,2.8384197,2.76099
QUBFOI,4.1437497,2.9161935
QIQPIR,2.7467172,2.390592
YEJGAV,3.4468663,2.6888964
VAYKEL,2.743724,1.9462205
PEDROF,3.22591,2.772942
JUJKOQ,2.373105,2.5742195
KEPSUU,3.2253656,2.4376483
FUXNES,2.7325673,3.2749023
WAKDER,3.0751588,2.534256
VADFEO,3.7230618,2.8604312
DOMRAZ,2.8384197,2.3963163
DUYRAS,2.8063102,2.7055297
KELLIY,3.204413,2.3167639
TAGZOR,2.8803253,2.3878026
DOLWEG,2.3594992,2.2154713
GEYVEN,3.2708087,2.4567087
RITZOK,3.2939384,2.9589047
AQITEA,3.548637,2.8612642
SUZXUG,3.3442793,2.6039743
FEFCAU,2.3937857,2.2544527
HUPFUU,3.1064517,3.0396352
LUZSEF,3.6052365,3.1666958
XUFHIQ,3.085499,2.5207334
MAQPIG,3.32632,2.8329575
PAJVAX,3.9894614,3.1887603
NOGDAQ,1.828333,2.0528135
HAVPEA,3.723334,2.7726173
OJABIL,2.6561034,2.3667684
AYOHAY,2.3186822,2.3502076
HUPFII,2.9328432,2.7849681
QIHYEL,2.2724228,2.2039678
LAJVOI,3.188358,3.1085255
YUWNUA,3.004409,2.6922433
UBITAC,4.0131354,3.3898292
EFOBUW,2.9331152,2.0011609
BAZBAH,1.6027507,2.1887083
HUQJUY,3.5448272,2.3098857
GERBIO,2.1924214,1.9188578
YAJTOS,3.6270056,2.2857513
BESHOX,1.9077903,2.081483
XUZZAT,2.6242661,2.5189066
ATEPUL,3.764151,2.8400717
HIPTUX,3.0215523,2.6417212
DUGREE,1.8721434,2.5510073
YATMUC,3.0215523,2.3357368
ANIHAH,3.758981,2.8033104
PIGQII,1.4628841,2.5111523
TURJIA,3.1491737,2.0803008
RIFHIZ,1.5205723,2.2000322
VIKZAR,4.0566735,3.1401918
KUXZAE,3.0346138,2.6211998
XAKPEE,3.9211607,2.8929298
MIKFAQ,3.185637,2.4591236
VEZJIW,2.7491663,2.8359122
MISKOP,3.450676,3.0804892
NEYKEH,3.4683633,1.9037545
VUMWUX,2.1943262,2.3939042
KALZIJ,2.1584072,2.0524857
JAFNUC,3.6471422,2.797109
ZIBNIJ,3.061553,2.5912719
TASFID,3.1965215,2.9749827
AWODIZ,2.774473,2.8674464
DOXCEY,2.9973342,2.8902125
REJYAI,1.7396239,1.95413
MIGCIP,4.0275574,3.1215358
KEQSII,0.3806873,2.2421257
EYIQUZ,1.9935062,2.2288728
LABYOE,3.9453788,3.5933657
NOQQEP,3.269176,2.990588
LUZROO,3.229175,2.8137379
OZAFEC,3.1924398,2.226719
CAMBAW,3.8373497,2.85297
NAJQOE,3.938576,2.8302336
MAVTIO,2.2596335,2.300796
ZIHRAL,2.7946093,2.7343497
JOFYUZ,4.1448383,2.983915
MITZOF,3.0533895,3.1130311
OPADAL,3.7320416,2.8798552
RUJQOC,4.7911086,3.3748527
SURPUR,3.1358402,2.5101147
LIHXIL,3.5742157,2.81351
XIPJIP,3.180739,2.2241273
CEVPEA,1.3907739,0.65428495
PAJQIA,4.294773,2.7437482
PUPHUF,2.0043907,2.2029111
XONVAZ,3.4876833,2.7842731
PASLIH,2.0185406,2.2227137
OPADEP,3.1649563,3.063188
ZUTREN,3.1801946,2.488199
COTDOE,3.9946315,3.1775904
BERTOI,2.0901065,2.136994
TAYYIC,1.5646547,2.2789283
BUZHAH,3.8003423,2.5912788
MOLVOA,3.7676885,2.8153098
LAMDUY,3.2465904,2.2950625
HADLEG,3.5524464,2.7834313
KEJMOD,3.410675,1.711616
NIHREB,2.6857638,2.449007
RAQKOM,2.4193645,2.473816
QIDWEF,3.3421025,2.7630863
UKONUE,3.3687696,2.151765
COXBEX,3.417478,2.6169164
ZEQWUQ,2.186979,2.5651832
OJIYOV,2.4408615,2.4254885
YIZFUJ,3.2136648,2.982195
ZUJZAH,1.9589477,2.084894
SIQKUZ,2.4005885,2.896622
QUBXOC,3.6455095,3.220311
WIJWER,2.5848095,2.5211034
JAYMUR,3.46537,3.068768
OGETOK,3.8302748,3.3521726
CCENPT,3.9119089,2.8485289
MINNEC,3.8773503,2.9147968
YASKUA,2.927673,2.7885518
TUCVIY,3.572583,3.0352502
ZOXGOI,1.3864201,1.9710135
TIWZIL,2.7899835,2.8513217
OVIFAB,1.9145931,1.9079115
DOFTUP,3.1916234,2.8274086
YEXVOM,1.560573,2.2603903
MIKGAP,4.719815,3.5361295
PIJBUH,1.4133594,2.2166479
PETLAC,4.144022,3.2478945
HUXYOO,3.6876872,2.5458682
TIHPOP,4.7791357,3.0866551
XUHNAP,4.3810334,2.815186
XUTRUB,2.4803178,2.2242296
KAMDOS,3.575304,2.3525615
WUNYAF,5.1677146,3.3926861
TAWVOF,3.534759,2.624195
GAKRIV,3.6550333,2.8398619
COHJIT,2.5997758,2.350742
QOZNUQ,3.1480854,2.3693645
WODQOV,2.1897004,2.0868707
BENFIK,3.1113498,2.5382543
MIBQEU,2.7510712,2.4136796
DOJRUQ,3.0030487,2.667618
LUFNUX,3.130942,2.7299619
KOMCOH,4.1744986,3.5152817
UCICEP,3.5932636,2.7875223
RAPWAI,4.1048374,3.1103032
QICYEH,2.3056207,2.5588965
OCOJOI,1.8906472,1.9278826
FIKXIH,3.367137,2.7639878
ILIPOJ,2.784269,2.8728695
GASKIW,3.580202,2.3944604
TIWZOR,5.305676,2.9522839
SACGIO,3.3834639,3.1153095
NEWBAU,2.2141905,2.3042636
KAVHUK,3.3211496,2.744746
ISISEI,4.0784426,2.8305907
FODRIZ,3.5736713,3.202229
VIDMUQ,3.3284967,2.8307884
LAKTAT,4.2381735,3.0398474
PIBHUD,3.3372045,2.360758
VUPMUQ,2.7864459,2.9743598
EREXOP,2.731207,2.63062
FOQXAK,3.266727,2.8061895
VAMYUF,3.8694592,2.8863077
XICRAD,3.4359818,2.8231077
DIBDOK,2.2571845,2.3596015
HOKCIU,3.7725866,3.0370393
ZEFPOT,4.3391275,3.1062386
TAXKIN,3.1366565,2.7990527
VUFYIG,2.5657616,2.240446
INOFAU,3.0490358,2.086982
ECEVEN,1.4990753,2.207346
UGAKES,2.7374654,2.1660137
LABFAW,4.1497364,3.0511851
AZEVUX,3.6534007,2.9615655
AVEREZ,2.1260257,2.05218
POYTAY,3.3440073,2.4413896
YIZJEX,4.261031,3.1031632
PEMJOI,1.4800273,1.8490859
GAGNEI,3.5902703,2.916269
XAKPII,3.916807,3.012455
YIDVEO,4.729067,3.2023094
COZMUZ,3.8534045,2.9357846
NINKOM,2.0506501,2.3025231
LICYEB,2.0095608,2.1990569
ILACAZ,3.0297158,2.6333027
YEDBUG,3.087676,2.658007
FAZRUV,3.180467,2.5809705
EKEYOK,2.5834491,2.5888731
IFAYUJ,2.4408615,2.7505643
LUBRAD,4.365523,3.6198702
JUQVEW,2.5967827,2.2884223
VIRXIE,3.0316205,2.7075117
TABSEV,2.6493006,2.3744025
MOQMUC,2.6830428,2.7810638
MALHIQ,3.4373424,2.7767234
PARJEY,3.821839,2.959083
PAHDEJ,2.6854918,2.2741477
IWABUE,5.174517,3.3298635
JEXHEA,3.7842875,2.9951808
HEPGEP,2.9431834,2.983749
FALRUI,2.6152864,2.395061
VEKGEZ,3.0128448,2.7254212
AXUTAO,3.0463147,2.7390976
MEKWII,4.390285,2.7991478
FEMQET,4.2169485,2.6474938
LABHOM,2.7693028,2.8674648
DABXOV,5.004446,3.3795023
SIBSEB,2.7510712,2.5275068
JUYFAM,2.566578,2.2146385
DEHNIP,1.3341743,1.9887321
ACARED,3.1129825,2.2137718
FOGQIC,3.2177465,2.8063538
ADUSEZ,3.6792514,2.5251324
MALLPT,3.763879,3.0778904
KELFEN,2.6433141,2.5580478
UGEJUN,4.053136,3.2890787
QEWZIC,3.0833223,2.6451175
LISNEH,3.4713566,2.9321492
AKUFUI,4.010142,3.2324884
SUZYAN,2.9625037,2.6987433
RUQKAQ,2.6751513,2.3543906
FEQPOG,1.969016,2.0481124
MUZHEU,3.9954479,3.067525
HISNOM,1.9649342,2.1037014
LIRLII,3.732858,2.751899
ACUCIM,2.1382706,2.3760958
IRINAA,2.3940578,2.3100903
QEMHAR,2.2204492,1.5256437
TUCWIZ,3.1374729,2.92975
WOGXIB,2.18453,2.2733843
PASVAG,4.542669,3.3423145
EWASIF,2.8637264,2.2614272
MALWEE,3.242509,2.3665159
TOGJAC,2.7238598,2.3509207
HIGCEG,3.374484,2.571464
WOCCOI,3.5603378,2.314382
GUKDAS,2.5654895,2.4316392
WELCEW,3.615577,2.6604285
GAKSAO,3.940753,3.0185559
VESSAP,3.6890476,2.8096497
GAQSEZ,3.5404735,2.608911
ZEGVAK,1.0193385,1.8060175
KIBWAU,3.3423746,2.5438178
IHUCAQ,3.1012816,2.1933796
GAGJUT,3.0201917,2.8425274
ASAPAM,2.9083529,3.1431189
VOGWUK,2.8563793,2.4724276
LEXZIX,1.4443804,1.8279288
QOPWEX,4.6858006,3.1752427
INOGAV,3.4827852,2.951292
MUYBEN,2.982912,2.9339693
ATOGAT,2.1695638,2.4402678
CESFUD,3.021008,2.656341
HUJNEG,2.8381476,2.58667
HIKDUB,2.4996378,2.5285003
FORKII,3.1241393,2.932688
MUQZUU,1.7551345,2.1558137
SAHCEJ,3.8283699,2.5508952
GEXNUU,2.941551,2.6455333
AJAWAK,2.0335069,2.3070674
SODSOU,4.5690637,3.2381186
PAJREZ,3.190263,2.6439495
BOJHEP,4.112457,3.0857897
LOTNAJ,4.2811675,3.1331284
OZEROB,2.294464,2.2820098
RUJRAP,2.2150068,2.2604022
SAZSIX,2.2283404,2.0261137
WOQSIE,2.3007226,2.38586
KISHOM,2.7186897,2.1629386
FOPROT,3.2174742,2.6023886
TIQHUY,3.0177426,2.3843486
FEKDUV,3.6120393,3.1280427
TAHCUA,4.222663,2.9326956
GEJFUZ,3.028083,3.0772815
VIDGOG,4.772605,3.3120983
DEDTEO,3.0226407,2.8215969
NIPKOO,1.6174448,2.695167
VEMQAH,2.0683374,1.7883788
YEHMOP,2.435147,2.1590338
PUMGAG,2.997062,2.5282195
CITBEN,3.531766,2.746458
SOSSEY,2.5654895,2.342382
XUSSOU,1.4212507,2.1613774
NEBVEW,3.1527112,2.672774
GOYJEL,3.5829232,2.8104374
MELJIX,3.3372045,3.0571072
ALOXAB,1.4536322,2.3639188
PIFQEC,2.8974683,2.2125924
FOKDIV,2.7034512,2.139039
UPIKIO,3.8153086,2.7248368
MOPSEQ,2.3336484,2.4905543
ASANEO,4.1045656,3.2163506
SUKMAN,1.8612589,2.3379014
IDATAJ,3.0574713,2.1409538
EGACAT,3.64687,2.7100997
EJEMAJ,3.3157074,2.5777197
MAJBAC,3.8934052,2.898742
ZUTHOL,3.6313596,2.434403
DIKBUU,3.4762547,2.4131956
DOHNIX,3.290945,2.8478267
UXIHEP,2.1790879,2.1519194
ZOBPAK,1.9208517,2.206646
WICWAI,3.5709503,2.9693763
YEJFUO,3.6596594,2.6008103
FIJNER,3.8300025,3.1305556
FINYIL,3.4898603,3.0658216
PUNVOL,3.7129936,2.7752051
ONIQIM,2.6114767,2.3547812
NIPJIG,3.558705,2.6820998
LEDLUC,3.3255036,2.6798198
FOQPOQ,3.0457704,2.5488613
ULAPOM,2.6990974,2.2371688
CORTIP,1.8979942,2.190977
MAHZUS,3.6914966,2.8658535
MUZHOE,4.1072865,3.037536
SOMPAM,1.7627536,2.1636858
IDULUQ,1.7581277,1.9121647
SOVYUX,4.1263347,3.0995932
XOBKIK,3.534759,2.3779507
DAFDEW,3.7987096,2.8567848
EBAZIT,4.1061983,2.9021041
EKAKEG,3.9725902,3.4901938
DOCQER,4.5685196,3.0231848
NOCCAL,1.1858722,1.5385382
SEMNAB,2.6558313,2.7469876
LAGYEZ,3.1410103,2.8571167
QAVNOS,3.2275426,2.534695
QODXEM,2.9576056,2.5473459
DOCQAN,4.7622647,2.7893443
HARSOI,3.41258,2.7305431
OHERAU,3.1355681,2.7148283
LIZQER,3.1799226,3.0633748
XEYNAS,3.6226518,3.300302
OXOSIE,3.0680838,2.4850705
CAHBIW,3.2248213,3.1187687
QOSTUO,2.6634505,2.6783419
WUFFIM,2.3075256,2.164941
PROPTC,3.9965363,3.0569365
WIMFOP,3.4991121,2.2484274
PIKLUS,2.1009912,2.8496597
FUBWUU,3.1157038,2.5952394
TECWAA,3.0746145,2.8417068
OQOJIO,0.12027433,2.1198924
TITFOT,2.917605,2.691962
DIGROD,1.9012595,1.8058491
OMAGAK,3.2512164,2.3252563
XIDKOL,3.5282283,2.9496999
WELKUU,2.6471236,2.1178105
LACQUC,3.2552981,2.5186136
AZEWEI,3.2904007,2.9146514
IKUKIK,5.0507054,3.5147524
FAHZOE,2.9148836,2.3284018
ROCDIZ,3.8909562,2.9325633
QAVJED,4.842266,2.5373971
HETJOF,4.7010393,3.196823
YOGBEC,2.7331116,2.2852945
ZUPDUL,3.1706707,2.7956805
DOTZOB,3.2708087,2.9504418
SIPPUC,3.7891855,2.7812474
OMETUW,3.7372117,2.8841002
MEDPAM,2.838964,2.7172558
WABWUT,2.7695749,2.1598482
OKAKAM,3.2705364,2.9863727
OCOJIC,2.1785436,1.9473149
YECXUA,4.1793966,2.7864058
HOJKAT,3.137745,2.2619872
RATZIV,3.412852,2.136475
EWUPUH,2.217728,1.4855784
EHAGID,2.4824948,2.407106
PEXTOB,3.8844254,2.8008668
VEQWEV,2.6419535,2.3279827
IQAJUG,1.766291,2.2142718
WUWBAT,2.27977,2.42821
GAZTIM,2.72005,2.4507334
BOQHEW,3.0999212,2.2659364
YIKXEX,3.0117562,2.619299
AXAXOM,2.9480815,2.8965032
LALYIH,4.1298723,2.9336777
FOZCAY,4.1649747,3.052584
MUQLIU,3.4980237,2.5170128
JUZFAL,3.0819616,2.561672
HILMEW,2.927673,2.5094454
MAYMUX,2.64794,2.337704
SAPRIK,4.175587,3.220264
RAMROO,4.192458,3.152878
YIJWUL,2.4076633,2.3884387
FUDSAZ,3.51816,2.8117878
NUBKUS,3.1698544,2.4995635
OTUQAW,4.7598157,2.8109775
YIZKAV,2.774745,2.5630236
GOTLOQ,2.385078,2.0936937
ROTDIP,4.5818534,3.1847975
PITTER,2.4073913,2.3133435
ZATZUP,4.7644415,3.9573293
ZETPUJ,3.3946204,3.3075087
GIDLIQ,2.9246798,2.4355674
WUVQEL,2.6446745,2.292575
ECUGOY,3.0999212,2.8337576
AXAVAW,4.351917,3.1180532
IGOGUH,5.2158785,3.021917
OJIWUA,3.2680874,2.5719545
ZONSUQ,4.6392694,2.889351
WUSHIC,2.169836,2.346806
DOFPOE,4.6302896,3.1487014
DEPJAJ,3.5524464,3.0239136
RIDNOJ,3.347817,2.7893562
APUNEF,4.1135454,2.8058066
XELCAT,3.7940836,2.2837372
WINCUU,2.6876686,2.3105154
FAWVOQ,3.7219734,2.4636168
XETPUI,4.1432056,2.9949968
ETESIH,3.1293094,2.579076
ZAVRIA,3.2841423,2.6716907
QEMPUU,3.242781,2.7938788
QEHKAQ,3.8602073,3.2456126
XURDIX,3.7393887,2.8254225
HUXMET,3.3682253,2.8240752
MUMGEG,3.81939,2.6940556
GAQSAT,3.391355,2.8934245
JONMAC,2.7059002,1.8239292
UWUJON,3.0025043,2.7168097
WOKMAL,2.1350055,2.2600257
YIYVEK,2.5513396,2.4079802
BINCOQ,2.631341,2.8379722
CAHREI,3.150262,2.7787764
TOZXIR,3.2504,2.7410598
TOLVEW,3.8370776,2.7815816
HINWAC,4.332325,2.9580321
VOPROI,4.7233524,3.5332365
PIKLAY,2.0631673,2.790075
MIBFAG,2.1132362,1.9861107
MUZNIE,4.4150476,2.9471817
WOKMOZ,2.9902592,2.660129
AMICAA,3.446322,2.8524406
CARTUK,3.1010096,2.8393974
TUXGEY,2.590796,2.2051494
YIWMEX,3.1611466,2.9525912
IZEVIS,1.9910572,2.4632032
BIVCEP,2.9293058,2.0813913
XIKNUB,4.095586,2.148388
VEKFEY,2.8765156,2.6518023
LECBON,2.2618105,2.2145252
GELNAO,2.4120173,2.3728468
BIQRAU,3.0645463,2.824262
OHOKIG,2.9173326,1.7302788
KIVXIY,4.628113,3.7381876
IVOSUI,3.5241466,3.0409484
ZONVIJ,3.0411446,1.9826491
MEBFOO,4.1921864,3.3076913
LEDMEN,3.7557156,2.4494324
WIXQID,4.220486,3.2163522
LEXZOD,3.2656384,2.3557425
DURGAZ,3.4109473,2.6859417
YEPWOF,3.974223,2.8282456
ATALAK,3.5622425,2.7863216
TOQKEQ,1.8691502,2.115057
OJAGEL,2.872706,2.5926363
TICSII,3.6389787,2.8009999
MIKDIW,2.736105,2.3362086
XOLPOG,2.1336448,2.3336854
DUHBOZ,3.8098662,3.4278164
OBERIW,3.438975,2.5422826
WEHLEC,1.3836989,1.8652952
CIMLAO,2.999239,2.6316574
GIZWIY,3.2112157,2.7028267
VUDLOV,3.0343416,2.9467928
ETESED,2.980463,2.6255727
SAHLIZ,4.091504,3.2372403
ULUTIF,2.2256193,2.2562828
JUPPUF,4.045517,2.9646914
CEGROW,3.6931293,3.2869341
CAHRIM,3.140466,2.7154346
PELFIY,2.7543366,2.2554748
FOWTUG,3.4833295,3.0338683
IDUCIT,1.8046591,2.148223
COXTIT,4.1304164,3.0616195
GEYDOG,1.9347296,2.1750813
GAMKUC,3.2008753,2.3632896
QAQPUU,2.4656236,2.3456628
WULLEU,4.1453824,2.7025337
TENMOO,5.706772,3.6588283
EPABEE,3.6381624,2.312582
XEPNUC,3.199787,2.6068246
BOLPUO,3.9184396,3.047975
RAZKUY,3.4414241,2.6794505
IZAYAK,3.833268,3.197501
KASPEB,3.852316,2.8639338
INOFUO,3.4182944,3.092549
VULHIT,3.7434704,3.0189624
VETLIR,2.5456252,2.132554
EWUSIY,4.0969462,3.0525115
KAJMEP,2.1132362,2.022923
FAPVIE,3.2103994,2.47868
RUTMIC,3.2133925,2.8239522
YASNUB,1.9581313,2.708636
DEMMAK,2.4585488,2.28384
KECMEL,2.631341,2.266419
SEJMIF,2.34671,2.4625885
AQEZIG,3.8196623,3.5947723
OJIWEL,1.3700933,1.8847307
IFIREV,2.9437277,2.4079154
TUMHEP,3.7029254,2.7537243
QIDFUG,4.7791357,3.2512782
DUFWEI,3.8895955,2.5630322
WENLIK,4.2387176,3.1485355
CESGAK,4.8667564,3.0248532
OJIXEK,1.297711,1.7218845
NOQDOP,3.7080956,2.7492108
DIBCUP,2.3399072,2.2936993
XOBKEG,3.0188313,2.6647768
DINHOZ,2.712431,2.5661995
CEXDUG,2.0370443,2.3468623
JIHYEE,2.942095,2.9625041
YUWNEK,3.032709,2.6551855
REFCEL,3.3951647,2.939524
QEHSOL,4.32008,3.4555376
LOYSEZ,3.5023775,2.7036679
MARQON,2.86291,1.9094899
MIBDUY,1.828061,2.0538342
GACYUH,2.3382745,2.2652333
YOBGEE,2.007384,2.1474214
HIHWUQ,3.52714,2.7441728
POQZIF,3.3298573,2.7007804
TOQPAS,3.3067276,2.4731376
AZURUK,2.411745,2.3728352
LUZSOP,3.4046886,2.8104365
GOBBOP,3.554079,2.5315914
TUMHOZ,3.5353034,2.7510521
TUYCAS,3.4093146,3.5617177
XILHEI,3.5382965,2.8155725
METRAF,3.8395267,3.1331103
UZOGOH,4.275181,3.180331
ACAQUS,2.7856295,2.1654282
ECOHEK,3.5037382,2.8258522
YONZEG,2.320587,2.2169104
GIBKEK,3.0490358,2.5368028
MOSQAO,3.2161138,2.7460399
EHAFIC,2.774201,1.9521646
YASKOU,2.8637264,2.7131364
OLIPOP,4.318175,3.0338905
HUNZIB,1.7943188,2.3138113
KIQREK,2.5867143,2.5948367
CEQSUM,2.7690306,2.600706
TOGQIS,2.2463,2.1359265
XIQPUJ,3.5440109,2.7843761
OHIMOH,3.9331338,2.5237975
QEMPOO,3.553535,2.9153006
CEZLID,3.3540754,2.604437
CAYPAT,2.7478058,2.3207438
NISWOD,3.1342075,2.4842448
NODFIW,3.54646,3.2068853
POSZAY,4.2509627,3.1085186
GUZKER,2.8756993,2.5869627
SECTEA,3.7023811,2.8797605
UDIKEY,3.1347518,2.8290267
XAWCAZ,2.7472615,2.5401769
HEYYEQ,3.305367,2.8074975
MEDDUV,3.4237366,2.8054686
LAMFAG,3.4144847,2.0972638
TIZQOJ,3.1440036,2.814139
TUSXUB,1.9374506,2.1767802
JEGPOD,3.5407455,2.9766574
WIPZED,3.2269983,2.964998
MEHHOY,3.4022396,2.463019
BENLEM,2.0019417,1.8870397
RAWLOQ,4.0852456,3.4068797
UHEFAQ,2.6912062,2.4673939
JOWCOQ,2.616919,2.1881216
XUSTAH,1.4596188,2.4325294
YEQSIX,1.9845264,2.1291666
WOYGEW,3.1603303,2.7845438
ORIQIQ,3.7238781,2.9977045
IYAHUN,3.3635995,2.6353853
ASUPAG,3.0770636,2.68894
KUYDUF,4.9840374,3.5451264
JISPIL,2.9184213,2.5296829
FEZWEM,2.1355495,2.562525
MIRPOS,4.172322,2.9444845
WODCIB,4.082252,3.0148454
ROMYUN,3.2727134,2.462436
WOBWEP,3.1301258,2.7972128
JADZAQ,3.4648259,2.9928286
HUFQAA,2.8253582,2.7093077
HERBOV,3.2626452,2.5005884
ICAREJ,3.7301369,2.9805822
PEJHES,4.7995443,3.6875381
PUPDUA,2.2365038,2.04881
AGOSAT,3.2580192,2.624239
EJALEG,2.8830464,2.7219276
KIGGEO,2.9793746,2.6538162
ZAVHIQ,3.9883728,2.8911567
TUVLIG,2.4201808,2.5105958
LOYTAW,3.6188424,2.5604002
CAYWAB,4.6615825,3.417042
EGULUO,3.142915,2.8854787
OJIXEL,2.738826,2.093852
VAVPAM,3.3108094,2.3590086
PELFEU,2.7502549,2.2570717
BAZTOM,3.009035,3.195381
WAGNOJ,3.1050913,2.1681762
YECYIP,4.039258,2.919043
ILIPID,3.1121662,2.5967472
ZEKKUY,4.2466087,2.783974
POSBUX,2.1145968,2.0692792
OTAFUL,2.796242,2.6491177
RAXDUR,2.6876686,2.3104346
ZIPFOV,2.8131132,2.6871767
HIWHIH,1.909695,2.0659766
PAKZIL,3.6531286,2.8438873
ASOHAT,2.5317473,2.235761
HOXKEK,2.9486258,2.3291323
FEVPUR,2.9020944,2.0823574
FEVYEL,1.3202964,2.1387308
TIHYOY,1.7657468,2.2179208
LEBJIO,2.5646732,2.5564241
VUCNOX,3.3954368,2.59634
CEZFUJ,3.659387,2.7985497
WENHEF,3.1913514,2.8875513
BEZGAR,3.3034623,2.502333
GOFTEC,2.8093035,2.3575854
GASLET,3.6618361,2.8424897
PIFQOM,2.2928314,2.5078855
KOLTOV,4.358992,2.8224828
YEKGON,4.2362685,2.5530734
QADFEG,3.3108094,2.9291315
KULJAD,2.6103883,2.330132
DUYREW,2.8645427,2.51404
FIWQUA,3.5353034,2.6286306
BEZPEC,3.6139443,2.7656486
TOBFOF,2.408752,2.4713557
XOJNUF,3.0074024,2.457141
DICTOY,3.9606173,2.869793
VALCAO,3.2433252,2.849909
ECIFEB,3.6642852,2.5764146
GOYTAR,3.1203296,2.6086664
HUVQIZ,4.736686,3.1272235
MIVROA,2.7750173,2.4488556
MEYTIT,2.2014012,2.2655435
GEYWEO,2.4370518,2.4301713
MUHFOL,3.063458,2.6435213
GEBTEP,1.4168969,1.7492481
TOLTUK,2.8754272,2.768978
ZOCWIX,3.0321648,2.6805372
WICVOV,3.4637372,2.5667887
KOBPUM,3.8656495,3.084079
INUDAW,2.004935,2.2523088
TAVVIV,1.8911914,2.1229775
WUFKAJ,3.4395192,3.2408447
FIGNUE,0.2941551,2.1476364
DEBMEE,3.7361233,3.029867
EWASUR,2.8454947,2.202938
UNAFAQ,4.261303,3.1967676
FEQPIA,3.436526,2.4702182
PIGHOD,3.456118,2.9541235
IHISAT,2.4125614,2.4149382
VABYED,3.2816932,2.5547082
EGITEV,2.7429078,2.427996
FOZCEC,4.108375,3.0154111
PAWWUG,3.1001933,2.4383187
HIFMAL,2.140992,2.3278446
DEJYEZ,0.94450724,2.323824
XOQSIH,3.4895883,2.8190608
XIGHIE,3.737756,2.5261536
ADOWUM,3.8729966,2.9389195
HERYAF,2.640865,2.0800123
SUTSUV,3.1970658,2.8276324
XOJFEI,4.476817,3.079311
WIZBEO,3.6408834,3.2659383
CUJQIJ,3.716531,2.7940876
OBUQIM,3.2803326,2.7321799
TOXYAG,2.1899724,2.0960083
KAMBAE,3.6291826,2.769506
KUFNUV,2.8335216,2.6138184
QAZWOG,4.603078,3.526677
VIJJIJ,2.717057,2.2829533
LUZCOA,2.8659031,2.5322373
ILOPIJ,3.7276878,2.998888
GIXHUQ,2.2403135,2.2421107
XAWPIV,1.787516,2.325013
CUXSAP,3.4626489,3.0801742
RETHUW,2.473787,2.0732517
UZIJAP,2.100447,1.8845032
FACHUP,2.4528344,2.288165
GUQDAX,4.058034,3.0021958
CIGYAT,1.6939088,1.5175961
JUNMEK,4.017489,2.4411547
CEVNUO,1.5284636,1.5341741
TOHQOY,2.5458972,2.5478628
OPEKEB,1.0111752,1.5722739
PEPSEK,3.4376144,2.1340256
QOPKOX,3.331762,2.337499
QUFPAJ,2.7831805,2.6299696
FUDSIH,3.7372117,3.0397532
ZOGZAZ,1.5752672,2.1703126
ZONTON,3.0318925,2.0456557
JUZFEP,3.486867,2.589713
LIDSOJ,4.487158,3.1474917
KOPSOZ,3.2661827,2.5461051
TOKGOR,2.3935134,2.921193
PIQSOA,2.6966484,2.3376222
ODUGOJ,4.141029,3.1053498
APAGOO,3.288224,2.9295018
YIQXIF,3.6433325,3.168863
RILDUL,2.4229019,2.4825306
SOMNOY,3.4836016,2.645749
YIJQOZ,2.872434,2.772344
SISWIA,2.330383,2.867298
XUCNUF,1.1390686,1.8713084
VOGDON,3.2468626,2.7514167
GAKRER,3.6934013,2.883729
ZEGQAF,4.3434815,3.0415158
YOCPIQ,3.2699924,2.6444538
IDEYAU,2.3271177,2.1749816
VIHWEQ,2.896108,2.6717331
KEVNOP,4.8806343,3.0670652
ODITIH,2.294464,2.3760552
HASHUE,2.5507953,2.805026
OJOLEE,4.1426616,2.8523366
YIGLAB,3.2395155,3.1850038
FIFNUG,3.5957127,2.913966
SEWMOX,2.7646768,2.5081036
MANJUH,4.4656606,2.8932378
ASUZOD,3.3728514,2.7514799
KOMJAX,3.1157038,2.8401747
RIWHAG,2.9004617,2.6331666
EHOGOY,2.80114,2.8570235
NORLEL,2.7524316,1.2751334
SUCPAJ,2.9796467,2.551999
NOZZAF,4.827572,3.022303
GIDKEL,2.9105299,2.5305493
UWIKER,2.5728366,2.6988504
ZAXGUA,2.8539302,2.666388
BESGUC,1.9162258,2.3073912
BARVEW,2.71488,1.9413917
VINPAC,3.9834747,2.621346
FOKPUQ,0.30177426,2.8048046
JEZLUV,2.433242,3.0499814
SUQNAT,3.738028,2.573736
QODQOS,2.8087592,2.4566054
KARTUS,2.8468552,2.4944403
ZOJJAJ,3.0544782,2.2342486
QEMWOV,3.8234718,2.727036
HUBJUJ,3.7391167,3.1641395
FADREH,5.2224092,3.1741536
MIRVUH,1.4822042,1.5620798
RONYOK,3.1118941,2.906054
YADLUN,3.7385724,3.215211
YUJYOS,4.843899,2.7874157
BATQET,2.8076708,2.650502
NUDGIC,3.1363845,2.8429387
DAXXEF,2.9905314,2.4592495
FIQCOY,2.4672563,2.3006098
HUPHOQ,1.7137731,2.4612746
FAKWUK,3.8534045,2.7729201
GUZDUC,2.1518764,2.3411193
JEHQUL,2.8498485,2.4698772
IMOZIU,3.632448,2.0687678
ABAJOF,3.0169263,2.4192657
AMAXUJ,2.5494347,2.2596586
ZOWVAK,2.6468515,2.5901957
PIQBIC,1.1023333,1.7706323
UGATUT,1.718399,1.9999704
ATUMOT,3.2030523,2.8899057
YADLIB,3.9260588,3.1608384
RUTHOD,2.4560997,2.4932232
QIDFEO,3.1627793,2.6672378
YELKAE,2.8669918,2.6314287
KURFUY,3.840887,2.5852118
PUNVUR,3.859391,3.073476
RECDEK,3.0324368,2.5495136
NOKDUM,3.9532702,3.1896603
KUCWOV,3.369858,3.005057
SUJCIJ,5.197919,3.1228368
PIKLEC,2.0392213,2.6916015
QOKZUL,1.7477874,1.9907124
FEYBUI,2.8000517,2.4486547
CIGLEL,4.19137,2.898362
QAJRAX,2.5510674,2.9215524
IFIRAR,2.757874,2.421888
KOYRUL,3.46537,2.585074
LEZCIC,3.6452372,2.93035
DIFCUS,3.3176122,2.9775407
LECNIQ,3.0718935,2.5119872
ZOSSOS,3.2972038,2.7305624
LONNIL,3.6071413,2.829372
KIVGIH,2.9788303,2.2095954
BAFMIE,4.013407,3.0632713
VUSSIM,3.7015648,2.9810436
EFUJUK,3.9331338,2.5250185
TUSTAE,4.848797,2.9506693
QOWGOY,2.5815442,1.9876804
TUXREK,5.1083937,3.412178
LIYGUY,3.8634727,2.9426036
PAQLEY,2.6653552,2.2723622
WODGIH,2.3739214,2.6190982
HOVTER,3.505915,3.0587683
FANQIX,3.6147606,2.6932528
XOGZOI,5.025671,2.7907531
BUBKOZ,3.1382892,2.5596347
NEXFIF,3.309993,3.1271646
GUNKAB,2.9880824,2.8467233
BIBHUQ,2.7001858,2.3617184
OBIHAJ,4.0602107,2.5749993
XAMVEO,4.36906,3.1851084
WOHBOM,2.8041334,2.4194927
WILKUA,2.5891633,2.2235668
GEHQAM,4.0283737,3.07311
TCPYPT,2.898557,2.4353347
LODGEQ,3.6689112,2.518637
TINTOZ,3.3606062,2.9829066
RELGEV,1.7072424,1.8506428
MOZPOG,3.6838775,2.698625
GEBTIT,1.3932229,1.7909822
GUWSOG,4.2623916,3.1323376
XUBNIS,2.7989633,2.1141515
GERJEU,3.8876908,2.9810448
XUTSAI,2.9072645,2.1772969
VIHHIG,3.5004728,2.4811966
QAYJAB,3.0920298,2.6805449
SICLUN,2.3456216,2.320377
USIWUQ,2.7878065,2.4541855
ITANUN,2.1260257,2.39805
IPUMOV,3.066451,2.5680606
SOVDEO,2.717601,2.12596
GIRCOC,0.85443753,2.077143
WUSXUF,3.4133964,2.511475
EABHCP,2.0661604,2.82488
ALBPPT,4.4740963,3.1754427
TIJLEE,3.1986985,2.6098368
XUXBOI,3.8397987,3.4585922
FERMEW,4.149464,3.0668554
ONIWIT,3.171487,2.6034553
MIJFOB,3.7363954,2.6470644
LAGYUP,3.173664,2.5900981
ZIGRUC,2.5295706,2.5054083
QORLEP,3.0245457,2.5344784
KIGPUM,2.3867106,2.5474544
ABIWUD,3.9320452,3.051553
NOQFIL,3.7837431,2.9221165
LIFWOM,4.395727,3.004427
JAHWEX,4.227561,2.4209208
HUJMEE,4.2476974,3.0711987
ZAZYEE,4.5132804,3.0491407
QUBXIW,3.4449615,2.6755407
TEJBOA,3.8289142,2.985556
GEWRAD,4.031639,2.7169576
XARGAZ,4.53124,2.9450643
AQEZOM,4.0974903,3.495833
PECMAL,4.213683,2.7103124
SOWXEH,3.3440073,2.7417262
ADUZAC,1.8634357,2.4514456
SALDUF,3.0933905,3.156499
FUWTAS,3.4455056,2.7252438
SICMAU,2.4558277,2.4023294
IRAYAD,4.9554653,3.2130342
MELMAU,2.4207249,2.489868
FAWYEH,2.435691,2.5891728
COJWEE,4.8819947,3.0518105
XINTOF,2.49991,2.5667963
NEVKIK,4.396816,2.5212827
OMPZPT,4.060483,3.1814137
PUCKIJ,3.9116368,2.5434468
IKEHEL,4.5437574,3.206676
AQUHOJ,2.7644048,2.7589045
AJEDOJ,4.2980385,2.694305
LEVMII,3.5614262,2.962985
MARJIY,3.1984262,2.3336031
XEKJIG,3.8395267,2.9729166
EXUDIL,3.0672674,2.6750288
FEKGUA,2.743452,2.3150103
YEKMAF,3.0248177,2.8257866
MIVSOB,3.8033354,2.898558
IXUVEC,5.0961485,3.7104492
UCIZUC,4.1649747,2.9803524
TIHREH,4.298855,3.0262313
JAXMUQ,3.897759,3.0329976
REDQIC,2.9867218,2.3986895
NIFMIZ,3.7026534,3.073489
RAPRUX,2.492291,2.835396
UMOZUS,3.0454984,2.6158643
IJEMOA,2.7671258,3.0232635
WEQLAI,3.1578813,2.7248945
OTAYEO,3.6229239,2.8001893
FIKSEX,5.6313963,3.724263
BUBKIT,3.1581535,2.4856787
FORGUR,2.9377413,2.5346124
XAGKOH,2.8615494,2.886023
SEYDEG,3.448771,3.1204927
BOHROG,3.152439,2.3478148
OCIXED,3.9750392,3.0379703
ICOJOB,2.677056,2.3646023
WUKQEZ,3.1861813,2.5297966
YEKTIU,4.4958653,2.9933343
MAQQAZ,3.3206055,2.8809502
GAJNEM,1.4653331,2.5040696
LAYZEQ,4.208785,2.8355477
RUCPIP,3.9851074,2.7727115
IFEJIM,3.364416,2.429172
QAQTOS,3.8632004,2.4224086
TATHUU,3.185909,3.2558577
MAGCIH,2.7205944,2.3394837
GOYQAO,2.2316058,2.44606
VEDGOC,2.6346064,2.092597
MOPSIU,2.7995074,2.5004702
IRIYAJ,2.9687622,2.1560802
VONKEQ,2.64794,2.5420103
OGEDOT,5.5347958,3.7040887
VAHLIB,3.7576203,3.2446864
AJIYIC,2.531203,2.272335
FOCRUL,3.8817043,3.1194143
RAQKIE,0.9393371,2.1729558
DEDTAK,3.0452263,2.4410791
TAWVES,3.9442904,3.1929152
HITGIC,2.0427587,2.231871
QEVPOW,3.2585635,2.7435563
ETETAA,3.1225066,2.541172
YIVRIH,3.9739509,2.6297717
LOJNAZ,3.1731198,2.0990772
WELSUC,2.7480779,2.5410357
VAPBUL,2.6852195,2.2258568
JOWBEE,3.3184285,2.4907038
BAMVIW,2.9069924,3.0333786
XUDBON,3.1029143,2.9499896
AVUBID,3.7679605,2.7891805
SOPMIV,1.4680543,2.1746945
GECGOK,3.8444247,2.918058
ZAJWOW,3.271897,2.582247
AQOYEM,2.9069924,2.3388615
TIWZAD,4.98948,2.981241
UFASOJ,2.3935134,2.2544017
HIDZOM,3.1562488,2.9564285
AHUBOW,2.3777308,1.9532566
NOHVIP,2.6607294,2.4103987
KIPSEH,4.153274,2.9490407
KUZYIN,4.447429,2.9385855
VUPMOK,2.8460388,2.6628432
MEXZEW,2.961143,2.7438738
HIKFEN,3.5472763,2.7196453
BOMDUD,3.5312216,3.0225
XEKJEC,3.7883692,2.9314687
DAGCIA,3.1676774,1.9349877
ADIXAM,3.5075476,3.1052542
ASAFOQ,3.5470042,3.1387208
LIGYIK,2.2735114,2.232036
FANVOI,2.696104,2.7852607
FIWROV,2.5869865,2.3375697
KOHBUG,3.1529834,2.5706494
MAGQIV,2.719778,3.0675628
EGACIB,3.6036038,2.8273716
YAMHUS,2.7181454,2.4591806
XOTCAK,1.2525401,1.6179606
ETUWEV,2.8593724,2.0268176
PUCLUW,3.816125,1.6786715
YUBJAG,3.121146,2.475952
POQRUL,1.1771646,2.0217783
GODZAC,1.6533638,1.971935
UNIZAS,3.2084947,2.6783388
VAQFUO,2.9053597,2.6245499
LAVWUA,2.6879408,2.3104734
DIJDOR,1.550777,2.442765
OGABOQ,3.4144847,2.554355
EZOSUJ,3.006586,2.348217
EZOTIY,2.7216828,2.3243268
LEJGEP,3.878983,2.7988904
YUCHAH,2.8833184,2.2108948
PIXYIE,3.3676813,2.957833
ZECLUR,4.20035,3.032942
QEMWEL,3.857214,2.872715
NUGPUA,2.19868,2.47746
XIKNAH,4.0901437,2.5074716
MIRQUZ,2.879509,2.9563634
TOGVAM,3.4027839,2.7026744
NEXFOL,4.1902814,3.0374713
HEXXIS,3.510541,2.6895628
FAYJEU,2.8237255,3.23867
CAVYAA,4.019394,2.9432714
ROBRAB,3.5399292,2.8124394
WERLUA,1.7037048,2.5241582
AHAJIC,4.1442943,2.9990134
WIRRIA,3.493942,2.0990992
XIXSUV,2.9050877,2.249266
YUNTEG,2.1009912,2.3004782
ODOGOF,4.5105596,3.0114527
ICUVAD,2.6041296,2.7772682
BOSJAX,4.0838847,2.8664308
QOBTOT,2.7067165,1.9444715
OWESUF,3.4895883,3.2440703
GEWQEG,3.2493117,2.9132233
WELCIA,4.0838847,2.6215649
GECGUQ,3.7889135,2.9219675
EPEFEM,2.23215,2.2366798
WEXCUA,3.7984374,2.6254637
GATMOE,2.5720203,2.4110296
SAWQAI,2.9910755,2.5935895
MEJLOC,3.8446968,3.1851764
QOCVEJ,3.8490505,3.016341
BUZCEE,3.9246984,2.9987411
REJJIA,4.1274233,2.8287423
AYITIM,1.9796283,2.1293194
TAJTED,3.9497328,2.9268758
EQINUP,4.1402125,3.1815002
SOMWOJ,2.0721471,1.7410597
AROPAZ,2.394874,1.935184
DECZOB,3.9608893,2.9822068
GARDIN,4.786755,3.335128
AQAHIL,4.7810407,3.1413853
NIVCAX,2.9290335,2.679348
MOLPAG,2.8713455,2.5585723
FAMJEK,4.0022507,3.4384933
LIMTEJ,1.5431577,2.0431266
LITXAQ,4.05749,2.8873124
TUVNED,3.898031,2.838284
CIWQOP,2.903999,2.5490108
ROBPII,3.082778,2.5747008
RIJDOG,2.9102578,2.5282
AFIMEK,2.1907887,1.816323
ZAGZUC,3.5336707,2.8049207
PIFQUS,2.600048,2.3366868
OMAMAQ,2.069698,2.7428322
ROFYAM,3.369586,2.7336557
CAYHOA,3.1178806,1.9340465
ZOFJEJ,3.3203332,3.1062071
HUBPOJ,4.2278333,3.4215112
QIDGOB,3.5978894,2.801032
ILACED,3.5091803,2.5595162
WALLOK,3.3069997,2.9044728
MALWAA,3.2155695,2.3715663
PFEPPT,1.4321352,2.9878137
XABDAH,3.7459195,3.2624695
ESOJUR,3.8735409,3.0562716
JUBGIY,3.3548918,3.073441
FEJVUM,3.080601,2.607424
YAMHIG,2.7567856,2.4804547
RIFLAU,4.285249,2.8002996
MEHZIJ,3.3396535,3.059739
OCARAL,3.773131,2.9720616
PUBKAY,2.6158307,2.0289156
UMOWIC,3.5576167,2.5863352
VIDHIZ,3.5314937,3.1889207
LITXOE,4.070007,2.6478982
TASVOA,2.4574604,2.084463
LABKII,3.3173401,2.7460885
SIHSUZ,2.9410067,2.875163
WOBWIU,2.5733807,2.120718
MAMJOA,2.9053597,2.658789
SIRYAV,3.6264615,2.258842
DUDROK,3.087676,2.222592
IDAQUB,3.5412898,2.8978176
FEGJOR,4.0901437,2.646017
FIRPEB,5.2945194,3.6571155
ZOPJAP,3.53231,2.83618
SIXLEQ,4.2408943,3.0530434
QIQPEN,2.7638605,2.4722488
YEJWUG,2.9815516,2.4089158
REPWIS,3.360062,2.8533177
RIDNEZ,3.3284967,2.754634
UGIJEB,2.4814062,2.5431356
IGALEH,2.4892976,2.1864712
MPZBEP,5.620784,3.738256
LINXIS,4.5745063,2.8538756
AHOWEB,3.4974794,2.7922049
ZEZTOP,2.138815,2.1027548
UGANOH,2.200585,2.0522702
SODSIO,4.4147754,3.2382889
GAPJOW,3.4264576,2.363226
WEDJEU,3.2354338,2.7478924
LEYKUV,4.160893,2.976026
QUFRAL,3.804696,3.2200227
VEJVEO,2.8245418,2.588845
FUNPAF,4.088511,3.0515497
TIPFEE,3.066451,2.0043728
WUQNOL,3.4601998,2.8160865
OFEPOH,2.607395,2.5631332
AZAVEE,3.3042786,2.4584334
IGOHOC,4.8931513,2.770795
PUHFUV,2.308886,2.5446312
TIHBAN,3.9325895,3.028531
MEHQUL,3.9366713,3.1930308
LADGAZ,3.0667233,2.5063667
TAMLUO,4.942676,3.3054144
RIDMOI,3.6338086,2.903375
UCUNIS,3.247679,2.6607502
KUZTEG,4.2283773,3.2052753
HISJAU,3.7717702,2.7721624
ROBBUG,1.4604352,2.257875
BUHXOT,3.5739434,2.648031
HAYROO,3.0054977,2.5950208
RALXAD,3.3897223,2.5895195
VAYHIP,3.2174742,2.6825454
GIDMAJ,2.944544,2.353632
AHEHIE,4.0681024,2.9948204
HEFQIU,3.4155731,2.7712545
JUYDUE,2.5663059,2.2142277
POCMID,3.7094562,2.5424204
DOYTAO,1.1738992,2.168108
LUZGIY,3.9102762,2.81063
JEGQIY,3.3056393,2.9703248
COKNAR,4.636276,3.0898414
BABPIF,3.6906803,2.73886
BESJAM,3.2084947,1.9458612
IPONUW,2.4158268,2.2856903
ZEDRAE,2.8920262,2.6067204
LOGGAP,3.649319,2.899311
LIJCOY,2.3546011,2.8489537
RUNNOD,2.1586792,2.4673755
RAHHIS,3.6438768,3.1156616
ZIBLED,4.256133,2.9113696
NUVWOQ,1.4549928,2.0021706
LODKOE,2.9279451,2.8849468
FUDRUS,3.6604757,2.928418
MAHZIG,4.528791,2.6030722
XETKEM,3.6819727,3.1828947
RIFKEX,4.727434,3.1209915
GUHHUM,2.4098403,2.61384
LOJMUS,2.800868,1.4791594
YAGQIG,3.8700035,2.853526
PAQNIF,2.5110667,2.7572427
PITWEU,4.3584476,3.1953547
KULLUZ,2.389976,2.1021836
ZOVLOL,1.6522753,2.015264
ROKGUU,3.6411555,2.8636503
EBOSUJ,2.8969243,2.8764474
JIHHAJ,4.7742376,3.214692
XERKIQ,2.184258,2.2428908
IWEZOA,2.5984154,2.12347
KARVEE,2.9695785,2.6117342
PIQTER,3.0819616,2.5739923
SUQMUM,4.447157,2.7513742
POCZAL,1.9140489,2.228499
PEJHAO,2.7709355,2.421595
IHILUG,1.1151226,2.0419426
UFOQAI,4.4267483,3.634761
POZNIC,3.0242734,2.788832
LALXEC,4.2436156,3.1667864
LUZSAB,4.0308228,3.1347833
CEVXAE,2.117318,1.8173642
RUFVIX,3.4525807,2.7382576
YAVCED,4.24933,3.2966893
LOTNIR,2.9954295,2.739051
MEHYOO,3.1415546,2.143344
SOYYUA,2.5004542,2.2421303
VERGAC,1.9834379,2.2531993
BEJNOT,0.21333727,2.7327125
TIJWUF,3.7502732,3.0858426
SADGIN,3.1943445,3.05645
EQADOQ,3.8607514,3.1955721
SUCPEL,2.9652247,2.3276765
KEGLIT,3.7791173,2.8570879
ADOXIB,4.040619,3.4371455
RANSOP,2.7703912,2.543162
LABYUK,3.7698655,3.7696009
QITGEH,2.1736455,2.0948842
AQOYIQ,2.731207,2.3602886
NUQQIB,1.9281988,2.53264
SEHCEO,2.1752782,1.690918
XETCOQ,2.6079392,2.5233552
XEZROJ,4.244432,2.9982607
PUQHEO,3.8120432,3.1012259
PIZMOB,2.9331152,2.7530107
ZIWFAO,2.5314753,2.0977736
JEFZUP,2.5624962,2.5525908
QUVZOX,4.3268824,2.7019215
CACMIC,3.204413,2.7930708
KIHWUU,3.5859165,2.921336
EHAPOT,2.335009,2.3596873
TOMSIZ,3.9203444,3.0382743
NEBVAS,4.525798,2.9578898
NEKZIO,2.164938,2.1577618
ACEQAA,2.0963652,2.2085567
FETROO,3.9252424,3.2457395
COKMUK,4.9742413,3.1405478
VACSUQ,3.0117562,2.386082
TIRVUL,4.180213,2.7146595
SOWBAI,2.8310726,2.3318846
LIBTIB,3.7905462,3.0060515
XEXQOG,4.101572,2.8366091
KIMDOB,2.7418194,2.5140238
OFIJOC,3.1752965,2.9583848
AQASER,1.9437094,2.172632
TANDOC,2.3916087,2.4780312
WOPDUC,3.4542134,2.6103187
ERIDIS,4.1970844,3.1674314
UHUPUI,2.8615494,2.7167213
MOWDIM,3.9881008,2.9806776
KAQHOC,3.0776079,2.343202
FEPPEW,3.7987096,2.8187578
KEBXAR,3.6702719,2.874661
JOWDAD,2.7562413,2.275895
CAGHIB,3.307272,3.2423692
XIPJEL,3.183188,2.3553855
UGUMEP,2.0903788,2.1602798
XEMFAX,2.6561034,2.584871
CEMMIQ,2.9069924,2.9913943
VECPIE,1.0068213,1.699169
SINBAV,2.005479,2.2364051
XEMWAO,3.5763924,3.1038234
MABBAT,3.6520402,2.854081
TIHQUW,3.840887,2.8550935
SESWUK,1.5426135,2.506763
HEYZUI,3.8991196,3.0119257
DUBZEH,4.2248397,3.2426488
LEQZUF,3.7053745,2.2596867
CAPDII,4.38838,2.7790904
TIVLOZ,4.5467505,3.2851863
YIPROH,4.050415,2.9033623
UMAJID,2.6471236,2.2382863
VAYXEY,4.0438843,2.8168128
FENWEB,2.760051,2.5788329
SOPJUC,2.2065713,2.3460016
VIKZIZ,3.1483574,2.922186
TDNTPT,3.8463295,3.2405164
GARDUZ,4.585119,3.380334
NOGROR,2.323036,1.924124
HEDGEE,4.116811,2.7386653
LOGFUI,3.8158526,3.175887
GIDKUB,2.5469859,1.9945031
FERMIA,4.285249,2.9747221
QOPKIR,3.307544,2.5006576
HAPSUM,3.326864,3.1042647
ZOJLUF,3.7815664,2.53044
WAYKEM,3.2925777,2.6417112
PODPEF,3.2161138,2.7310774
TIWZEH,2.8038611,2.7044787
CIZKUR,3.0142052,2.16184
VERFUV,1.9088788,1.7133856
VECPEA,1.0367538,1.5862927
KURKAJ,3.866738,3.3815436
PAJXUV,3.9464674,2.5830908
YODVOD,3.415029,2.7318103
DOSNUW,2.0637116,2.6897776
KAMZAC,2.9600546,2.4053848
BAXFIQ,4.2740927,3.2613983
IYEZES,2.8661754,2.6284676
KEJFEK,2.9671295,2.593061
NUDGOI,3.1295815,2.8249457
MONVIW,2.9508028,2.4550574
TACGOV,2.8659031,2.7993488
KAMZUW,2.9856334,2.418579
ADIPOV,1.919219,2.2874808
WIBCOA,4.6536913,3.0589712
MEZVOC,3.2256377,2.770703
BEJKEI,3.5230582,2.7776666
RUJGEJ,1.7646585,2.1392999
WALYAL,2.6950157,2.4771953
VILYOH,3.8713639,2.9525385
INOZUH,1.4715917,2.1645873
RAPDUJ,1.3306367,2.1253488
NIDCIO,4.2683783,3.1942203
XOTRED,2.7271252,2.5029426
HARFIS,4.206336,2.7643917
XERKUC,2.1858907,2.2016416
PATCOE,3.5851002,2.5374413
UFEFIV,2.571748,2.6316779
TUMHAL,3.7551713,2.8189325
ETAFOV,3.7750356,2.6731653
PITVOE,3.348089,3.0820572
WEHRUX,2.2479327,2.2616494
EWEYEK,2.6901176,2.7550154
DIFKAE,2.6988254,2.3523226
RUGDAZ,2.5995038,2.607747
POCYOY,2.7233155,2.8131216
GIJWAY,4.7663465,2.770509
QOMBIF,2.1107872,2.201476
BILRIZ,3.0931182,2.8660302
AQUHEZ,2.8876724,2.2681727
WESGEG,3.5442832,2.1397831
PUWPAA,4.8498855,3.2141993
RANTAC,2.7728403,2.6185188
HICMAH,3.1769292,2.7006812
XEJVOA,2.4822226,2.0290174
GELMAL,2.5018148,2.6991858
OJUVAQ,2.5682106,2.1647992
KEFMEN,4.9837656,3.1270697
FORJEB,3.2327127,2.9653208
ZEDQUX,2.105617,2.398975
MIDCOT,2.6035855,2.3649812
RETFUT,3.61857,3.0728502
TULFIP,3.1216903,2.370115
UWIXAA,3.9018407,2.733071
WEXNUJ,3.2463183,2.943752
MOBMOG,2.8639984,2.2348971
OZESIW,3.2474067,2.6587577
HORPOT,3.691769,2.9515076
GOBCAD,4.0471497,2.7652967
HEXDIY,2.1407197,2.185933
OHICOZ,3.3472726,2.709554
NAQLID,3.101826,2.275518
KETROS,2.0367723,2.2568688
XOKKIU,3.0939345,2.3847291
EZOTOE,3.0514848,2.6496158
JEXXEQ,2.263443,2.1751816
CEQFIQ,2.5347407,2.2202172
KEHDAE,1.692004,2.212096
WAYWIC,4.2302823,3.029791
TARZAO,3.8210227,3.021657
RIJCIZ,3.0517569,2.2133443
AFAJOJ,2.8887608,2.6466513
TAFRAU,2.0008533,1.9539583
AFAPIG,3.4373424,2.1513872
HUFPEF,2.5556934,2.099835
KIRVAI,3.5595214,3.4115825
UZADAB,2.8713455,2.63649
TOGJOQ,2.846311,2.3321445
ZIHQOY,2.9456325,2.8088686
PEKTEF,2.8539302,2.372064
JOGJOF,4.164703,2.768322
MOGWUC,1.6460167,2.0302866
ROBMOK,3.0503964,3.0228634
XUDBUT,3.0536618,2.9737313
XETHOU,2.2046666,2.3848886
XIBRAC,0.6555223,2.4867396
IKONAX,3.8751736,2.9742503
RIDNID,3.288224,2.7848508
FIFKIR,1.5094156,1.7777463
ZESCEI,2.9363806,2.2999542
GACJAV,4.029734,2.6137338
SOMNUE,2.1445293,2.463899
AROROO,4.7312436,3.278014
FOHJET,2.0822153,2.6715617
YEJVEP,3.4036002,2.9116607
EYIPEH,2.6990974,2.2674937
AQARIV,3.2607405,2.6184666
DIJDAD,1.95024,1.9261861
RAWLEG,3.9135416,3.2403483
ODIHUG,4.1135454,2.938146
ERAGOV,2.2375922,2.2332177
FEXXEM,2.0071118,2.033916
HAPSOJ,3.259652,2.2852573
COTWEO,3.1222343,2.5418687
AFALUQ,3.5769367,2.8621557
EDUTAZ,3.7342186,2.8339694
QOBDES,3.7440147,2.6600628
MIRVER,3.1290374,2.4725049
RANSUV,2.7714796,2.6722353
WUCXOH,3.4060493,3.0576963
PAHTAW,2.6093,2.7031252
JOWCUW,2.861005,2.3585067
WEMXIY,3.8675544,2.9803355
QUGQOY,3.8444247,2.8367229
FUSTEU,2.2403135,1.8577994
ZUGPUO,2.230245,2.3674464
JEWWEN,2.5423598,2.4952126
QABGUX,3.056655,2.9588034
LERHAU,1.0555297,2.3773046
XAWPOB,1.9728255,2.1256607
SINBEZ,1.990785,2.1923904
ASUPEK,3.9617057,2.9805937
YUSLAZ,3.1391056,2.7686315
ZOFSUL,3.6455095,2.6372154
LUSGUD,3.0337975,2.5434046
AJEFAX,3.7470078,2.712349
VAMYEP,2.858556,2.5854924
LETQEG,3.6427882,2.9618592
BERTEY,2.2362318,2.0567381
DOJSIF,3.4585671,2.5630758
QULMIT,4.11926,3.0310395
ZEWXUU,1.9886081,2.223945
RAPRIL,3.204685,2.9180853
MEKGER,1.959492,2.2389662
LOJPAC,2.4884813,2.842059
LEQSUW,3.1837323,2.8734422
HAMQUH,3.324415,2.8702464
KEJHAL,3.51816,2.7785223
YEDCUH,3.14482,2.8080153
PIFRAZ,2.8637264,2.2802966
ESAZIH,1.5793488,2.2711549
JISPEH,2.9649527,2.492141
EPMPYP,4.167152,2.9029217
YOKCOR,4.110824,2.975584
ROBBOA,1.3820662,2.342964
WIFPIN,2.5554214,2.7132285
YIXCEO,3.1483574,2.4969428
UCUNEO,3.385913,2.685245
MARPEC,3.1820996,2.0323691
FBUPTA,4.1589885,2.874736
IRAWOO,3.8300025,2.68244
KEMJES,4.2049756,3.2469351
GAGKAA,3.0199196,2.8246233
WENGUU,2.8065825,2.7010684
XAWBIG,2.7736566,2.4634287
SUTRAA,3.627822,3.0682955
NOPTAQ,3.1075404,2.6385775
JUQBAA,2.2914708,2.4322104
KEMKUI,2.7807317,2.5497582
NUDYAN,2.640865,2.1936235
LIMREF,2.516509,2.4118109
INOZIV,1.4631562,2.194351
RIVVAU,3.3845522,2.4904845
XIXVIL,3.95708,2.832747
GEHWOI,3.864289,2.1209655
DUDLIX,3.716259,2.4295366
HASPEZ,3.0770636,2.6973536
HOKTEH,4.00987,2.8229113
QEWZOI,3.1010096,2.646822
FIMKET,1.6854733,2.5098708
HAYRII,3.0188313,2.6716006
HEDGUU,4.354366,2.4116406
GOFXAA,2.0925555,2.0649316
GAKROB,3.572855,2.7896233
XAMDAR,3.8539486,3.1663475
NEMZEN,3.4593835,2.3475556
UKONIS,3.3344834,2.218541
HOXZOK,3.4874113,2.7510936
UKAYUB,2.6702533,2.76285
ZAXXEB,3.855037,2.5109549
CURVOC,1.6577177,2.124635
PAXDIE,2.2509258,2.5974817
XOXMIG,3.2495837,2.8667805
VOHBAW,4.0825243,2.83913
JAXHIC,3.0724375,3.0090394
LIWNOV,1.412543,2.171841
EHUGAQ,2.1339169,1.4988469
UNIWAR,2.8931146,2.587579
CODYIE,3.4400635,2.938125
GUGZEN,4.1377635,3.2315965
DOTRIP,3.247679,2.4219267
TEXJAI,0.86069614,1.1344808
KIPVAG,2.343989,2.1916888
GICPAL,3.326592,2.9496307
CAQPOA,3.5883656,3.0963795
POJXOB,4.019938,2.9754148
MEDZIF,2.8131132,2.3128808
UQURUU,2.1344612,2.415461
SAXVET,2.0446637,2.235652
ROMLIO,4.3745027,3.372215
FUBCIO,3.3467283,2.8505478
QACNIS,2.955973,2.4456568
GEHWEY,4.2066083,2.1522508
FEXSAC,2.4729707,2.606554
RAKXEJ,2.7154243,2.747894
XAPQUB,4.459946,3.2654195
LEWQOU,2.0664327,2.18903
ODIHOA,3.560882,2.7195885
PIYKOY,0.7673611,2.168086
BITZAH,3.9921825,2.67887
ALUYIR,3.7012928,3.424492
MIRHIH,3.1276767,2.3959877
CYPTBU,4.0090537,2.9094691
ZECMAY,4.199261,3.0340009
SIWWOL,3.6098626,2.7950175
VIWPIB,3.4694517,2.751815
LIVFIG,4.4686537,3.021391
PURNAS,4.6985903,2.8949435
XAPMAD,3.5366638,2.338821
CONHUL,1.8242513,2.0507197
ISOGAA,3.0754309,2.7302032
WEYBAF,1.6838406,2.0103111
URISIZ,4.4063396,2.7311056
JESHIY,3.5252352,3.0597372
SASBAS,3.9603453,3.0354435
LIGKUI,3.1823716,2.729726
NOPSAP,3.1491737,2.625728
WIQDOS,3.3222382,2.5487986
EBOSOD,2.9320269,2.7612133
CCLMIP,4.236813,3.0747986
VEGDER,3.324415,2.883049
XEFDIW,4.2223907,3.1623404
SEMTUA,3.3728514,2.551018
LIMKID,1.3679163,2.394886
QERSUE,3.3391092,2.858571
EWAVUV,3.4446893,2.844224
DOGYIH,4.385387,3.1408918
KUFDOG,1.7613931,2.165413
PIYVOL,2.6729746,2.8133109
AHAXAI,2.5943336,2.6244485
PUMFUZ,1.7020723,2.6608143
ZISNEX,3.1344795,1.8561201
GUVMOB,2.6365113,2.5222528
QEHDAI,4.1407566,2.8630023
POLJUX,2.083576,2.43572
IDEPIQ,3.7829268,2.9481108
SUZWAL,3.0871317,2.5160172
SESXIZ,3.7206128,3.011431
PACXAV,4.285249,3.0856338
IFIXEB,3.0909414,2.645202
MIRVOY,3.7725866,3.0625503
NEZNEM,4.1883764,3.046978
WOMWAX,3.2827816,2.2784677
JOHMEZ,2.8487601,2.4623592
MOJXUG,2.3646696,2.6504068
GEGYEW,2.4843996,2.2422354
RAMRII,3.8362613,2.7908015
WELCOG,3.1086287,2.7362785
GERWEG,2.5970547,2.5371764
DUJLAX,2.081399,1.8022213
OTUQAX,1.5281914,2.1139073
LUWLUM,2.2144625,2.5700061
EHAQIO,2.8639984,2.3824015
TUVNAZ,4.3905573,2.9578118
ERAHEM,3.94293,3.2342741
NOXCOS,2.7839968,2.884081
DOTNAC,3.778029,3.2456646
QOYVAB,3.587005,3.0303664
VALCIW,3.4520364,2.9354372
SOWTED,3.536936,2.9041486
BOMDOX,3.276523,2.8961544
ROMRES,2.217728,1.3658302
NABLIN,2.8754272,2.1038854
JASWUY,2.94917,2.653913
POQWOI,3.1418266,2.1902063
JEVHOH,1.6073766,2.217594
MAQPOM,3.4158454,3.1839077
MUCGAS,3.2318964,2.4349995
VIBXOU,2.6680765,2.56071
SIWXUT,3.7004764,2.4801126
GAJNUC,1.7047933,2.5546286
QUGJAE,2.7894392,2.7393284
TEYCIJ,2.4604535,2.0917153
XUYXUK,3.5812905,3.0516658
FELNUF,3.9236097,3.1678998
EMAYIA,3.0362465,2.4691
FESTOP,2.920326,2.552844
ROCMIH,3.0237293,2.601677
MELQOK,2.0541875,2.25245
VACCUY,3.0484917,2.621994
PIFBEL,3.9325895,3.098949
DILQOE,3.5908146,3.0032122
WOMVUQ,3.2830536,2.2781718
RITRES,2.5385501,2.1611395
PEYLOU,2.525761,2.629908
UZOGIB,2.332832,2.335108
WEXFIP,3.111622,2.8396356
JEGDAB,2.719506,2.1145658
ICOKAO,2.5728366,2.4722564
BEZFOE,3.4373424,2.0031765
SIPQIR,3.4792478,2.2484117
LOLTIQ,2.7785547,2.61785
LUJKUW,3.4011512,2.8293762
OFIJIW,5.57262,3.6930673
DEBNUV,4.153274,3.2204666
LEGTUM,3.6202028,2.9017677
WISKUE,3.6049645,2.7786832
MONCIB,3.434349,2.8990252
WOMDOS,3.2865913,1.9384024
TEKDAO,4.303753,3.3390667
BEPFUX,3.183188,2.6174757
UHUYEC,3.8776226,2.9653797
WEHXAI,3.7829268,2.9508448
AFAKAW,3.8920445,2.6312912
PICTIH,2.3282063,2.2081513
NOJKUS,3.9276915,2.7903166
VAPXOB,2.5992317,2.4276905
WIFQEK,3.17829,2.6944876
NOQFUX,3.6444209,2.5201483
KEJHUC,3.9018407,3.143018
DOJROK,2.9287615,2.911473
DOTMEG,3.130942,2.7041864
EXOLOT,4.16824,3.0701933
XAXCOO,2.844134,2.3161743
AQAWOE,1.3140378,1.6145964
YUXZUN,3.1845486,2.1419258
MUCGIA,3.2136648,2.4457018
GIDLOW,3.0144773,2.1620107
SEJMAX,2.772024,2.3770957
CUFKIZ,2.4865766,2.1201286
AQELAL,3.1850927,2.65647
VIRXOK,3.529861,2.8981898
PEMDAO,3.6392508,2.6014814
GIVYOB,2.5660338,2.4268115
TOPVIE,2.604946,2.7406342
HEYZOB,3.5649638,2.785841
VELWOZ,4.0185776,2.7151277
VOPPOG,2.3529685,2.9489963
IHEVAT,3.3010132,2.8392882
UWUJUT,2.855563,2.6071453
JUYHES,4.045517,2.7600265
CIGMIQ,3.2465904,2.418071
MEHYUU,2.4250786,2.7215815
MARJEU,3.4574788,2.518783
DEQMAO,2.5924287,2.0062146
WOGDEC,3.190263,2.477153
ERIDEO,4.3102837,3.024687
MAWGEW,3.515711,2.884687
JACFEY,0.34667307,3.3844345
VIWPUP,2.535557,2.2762437
QUJXIC,3.3905387,3.2004237
XETGOS,2.1766388,2.008194
ESEYIL,3.0833223,2.8671496
JIYWOD,3.7246945,2.739732
PUFQOW,2.2735114,2.4513242
OSENOR,3.6713603,3.0585444
QOFTUB,3.2841423,2.9377735
GIDLAI,3.0653627,2.4439287
ZEZBAJ,1.5649269,2.3936849
AREPES,3.305367,2.960659
MAGCUT,2.698553,2.4651983
EJILOZ,3.2166579,2.5990844
LUJKOQ,3.9723182,3.077582
SACTIC,1.4492785,2.5710616
VIVZOQ,3.1121662,2.6178644
EYIPIL,3.0093071,2.2937806
HOMXAK,3.3034623,3.0639951
AKOFEM,4.2237515,3.4460208
MOBLOF,4.1413007,2.8331757
JUMJUW,2.3918808,2.5990524
ZAVROG,4.11545,3.0756245
XADVEE,3.687415,2.6339765
MILMID,4.194091,2.81858
FNCPPT,3.9845634,2.6821918
ABOXIY,2.877604,2.656452
RAYHIK,3.3965251,1.9626675
VEKFUN,4.079531,2.6575708
EZOSOD,2.8101199,2.216774
ZIHREP,2.8139296,2.7699986
GETTII,4.092048,3.0250158
SEJMEB,2.7861738,2.4623442
LUQJOX,2.7679422,2.2697616
ECINUA,2.9589663,2.3813
BOHXAA,2.7703912,2.5081494
VERPAJ,3.637618,3.1171725
JEZMEG,3.6901362,2.857044
PIGWOT,2.690662,2.3013256
ZEPLAK,2.8019564,2.2596688
CEVNIC,2.4242623,1.5338427
HUNZOH,1.8824837,1.8995452
VEMWOA,3.1510785,2.772935
EQICIR,1.5698248,1.6419603
XIBHAT,2.9747488,2.805753
ETETOO,3.1303978,2.5539038
MELLOH,2.3260293,2.5715556
RABZUL,3.5744877,3.3705504
EWOKIM,2.5056245,2.3160586
DOZHEG,3.2185628,2.9228
SOBPOQ,2.879509,2.2300503
SORVUR,3.6482306,2.515846
HOWVIZ,1.625064,2.1069221
YEBSOQ,2.9573336,2.5479028
SUWROS,3.1059077,1.8195097
QABLOU,1.3069628,2.0806894
XIQVOL,3.1801946,1.9458412
COSYOB,2.9859054,2.1193676
VILKEJ,3.6463258,2.9309862
TEQTIT,3.620475,2.7322872
PAXQIR,2.6903899,2.8185003
PEHREB,2.492563,2.6792665
UDOPIM,5.1388702,4.0995517
GIZJAD,3.835445,3.0120368
HOWWAS,2.5423598,2.0121553
MILPUU,2.917877,2.5233655
OZOWAC,1.1768924,2.0500762
AHAXEM,2.6705256,2.7141235
DOCSAR,2.7450848,2.4127164
VIWFEO,2.6990974,2.8501809
LAFQER,3.7048302,2.8394866
KIFKEP,3.1418266,2.6646066
COFYAZ,4.764986,2.727166
UJAYEJ,4.1981726,3.3785539
JENWAD,3.4264576,3.1534564
FAGXIV,4.0642924,2.9256039
AREHIO,2.167931,2.2580776
CAYWIJ,3.7023811,2.8575451
FETVOP,3.9402087,3.1040032
UFOPUB,3.7129936,3.1858897
SEKNEC,2.4367797,2.358385
RUNNIX,2.6128373,2.6617687
QURSAZ,3.00196,2.9000742
NERHIC,3.2879517,3.0360293
XEXLAO,2.4506574,2.1983678
LEBJOU,3.5124457,2.6110055
IVAHIY,2.3616762,2.3317156
KONBEW,1.9034364,2.2378254
LIPDAP,3.8585746,3.0415065
RAYVUJ,3.5415618,2.6657102
TBTCPT,2.8335216,2.726408
ROSSEA,3.6882312,2.4230103
RETFIH,3.5543513,2.9927166
GUHJOI,3.6817005,2.9814458
DACRUV,3.940753,3.02627
BOJGUE,4.2885146,2.839262
ODOGUL,3.9783046,2.965377
UJAKOG,3.4283626,2.399276
DUPWIV,3.3113537,2.9190822
OJEQEB,3.1274047,2.6646304
AZASID,3.0479474,2.4932625
DIRNEA,3.8604794,2.9765708
OGOMEE,2.5622241,2.6606202
YOXVOX,3.125772,3.013287
HUXCIN,4.4055233,2.9896228
FOHJUJ,1.8925519,2.380296
UHUZIG,3.1752965,2.0531855
KIVBIA,3.773675,3.2083533
JOWCEG,2.8514812,2.3625972
ZEQXAX,2.1945982,2.5995557
NOJBUK,4.156811,3.201537
WAVTEV,4.3965435,3.1934338
DEDGUR,2.7537923,2.1780744
SIWXON,3.8153086,2.5733635
YIVRAZ,3.941025,2.5660546
BAPXOG,3.7040138,2.9059196
JOWJEN,3.5616984,2.8467999
QASCUK,2.6250825,2.2627568
QEMVIO,3.7502732,3.0420072
JITGEY,4.6768208,3.1875663
NAVNAZ,1.5956757,2.1576986
WECPEA,3.7886412,2.9177902
ZAPLEH,2.8471274,2.6415975
CEKCAY,2.7752893,2.4905152
IMICIS,3.5031939,2.9375796
DESQEY,1.4811157,2.1137018
VILQAL,3.96742,2.9679227
NILKEZ,3.448771,2.9274824
EMATUI,3.5957127,2.548222
KIVKUV,2.1559582,2.2578597
IJAGEG,0.9314458,2.153347
EHAQAG,2.6280756,2.408734
KOJGIC,2.690934,2.436164
WOGXOH,2.186435,2.2363272
IYIPEL,2.841957,2.7336504
JINTOS,2.3407235,2.2858472
WUFLAK,4.146471,3.1559525
LINXOY,4.4131427,3.1244183
IXUHOZ,1.9989485,2.4851532
XIKNIP,4.1244297,2.4348645
LITDIB,3.1622353,3.0696988
KEGCOO,2.5211349,2.182635
MUYBIR,2.9173326,2.5298328
IHUBOD,3.1279488,2.2416265
MOHVIO,2.3257573,2.2268937
VAYHUB,1.7986727,2.5942097
ITIMAB,2.038677,2.2474542
UDUHIK,3.2327127,2.1257586
SAPTEK,3.9021127,3.2171896
MARVOQ,3.9524539,2.9799454
EROROU,2.3390908,2.3853698
NEQTUB,1.8658848,2.337458
GIJFAH,2.4691613,2.1138744
MIRHON,3.0384233,2.4003687
DISWAE,3.0607367,2.526743
GUFLEA,3.5641475,2.5191863
SEWCUT,2.2525585,2.0231853
KUBPII,1.1826068,2.0230331
ROMLOU,3.1918957,2.700122
WIMFUV,3.262101,2.379087
SEGMOH,3.701837,2.9324114
VITYUT,3.512718,2.5908227
REDYUU,4.295317,3.264257
KIVKOR,2.2963688,2.4963238
SEGMEX,3.4166617,2.83353
PAGLOB,3.4985678,3.0174124
NOVMAO,2.2599056,2.1234837
MIPPAD,2.7208664,2.8942964
UGUNAL,3.558705,2.9589658
SONZEC,3.1578813,2.2965913
FESBAG,3.9510932,3.0006998
OCOYOV,2.7826364,1.5467968
GEXLUS,2.1282024,2.1011539
UKENIJ,3.6134,2.6290278
OJIXAH,3.2683597,2.5721788
BAGHEX,4.029462,2.828913
KIQDOD,3.6117673,2.8294127
HIJTUP,3.5355754,2.6039114
IPIZAI,2.6849475,2.9934113
BUVRIU,2.4996378,2.7408216
DIHNIT,2.9309385,2.9378498
IFEXID,2.4043982,2.1095266
BATQAP,0.13442425,2.6245728
NIYZON,3.1303978,2.3624058
CESJAO,3.0906692,3.0375514
WEWLIU,2.8893049,2.328991
MAGNUE,3.08305,2.72814
QAGDUX,1.7388076,2.1297224
NOXSIE,2.8792367,2.5884783
RIJCOF,3.047131,2.2742257
TEMSOT,4.335862,3.2808874
SESDOJ,2.9589663,2.7908716
ZEFPIN,3.9012964,3.362044
WOPKUK,2.8688965,2.751335
OFOJUQ,2.0906508,2.2831612
MOXBOR,3.8422477,3.4395068
DANQAK,3.9881008,2.9088297
KARROK,2.9488978,2.5584273
XIZGOD,3.2963874,2.6392531
PEDFAG,3.0680838,2.931397
JIBVOF,3.403056,2.4357545
BIRMOE,3.0503964,2.6166418
ECOHAG,3.1178806,2.644065
VIXGUG,1.875953,3.1214614
HELGEK,2.960871,2.4051397
RAWDEZ,2.5105226,2.2708316
DOZHIK,2.9377413,3.0493085
TETVOD,4.5706964,2.995392
IPAWIF,3.0463147,2.837695
TCEPPT,3.2294474,2.8279204
AREHOU,1.443564,2.0311792
AFIROW,3.535031,2.6651404
BUQZUI,2.6650832,2.443618
JOHXAH,3.1494458,2.6572056
UXAJOT,3.596529,2.9010582
HOJJUM,3.116248,2.3829732
OVIFIJ,2.2827632,2.033289
HUTHIP,2.712159,2.521208
FIKXAZ,3.2362502,2.3618007
BENQOB,3.0835943,2.8249753
LEJXOQ,3.03026,2.783621
XIZWEI,3.9339502,3.1338587
CACDIT,2.9388297,3.116418
IGEJOT,2.6239939,2.3765588
XUSFOG,3.0528455,2.656472
RISTIZ,2.801412,2.0783014
MAJLAN,3.8003423,3.0839744
LAYVEN,2.1341891,2.1579566
FATGIR,2.6675322,3.6599069
MIZJOV,2.937197,2.3175867
WEMYAR,4.473824,3.3589792
JOWBII,3.1970658,2.2672486
WUSXIT,2.979919,2.4322286
VUWWIU,3.0022323,2.4533186
MEJXOP,4.222935,3.0230808
RANSIJ,2.7831805,2.5512772
IKISEC,1.4851974,1.9851954
YIRKUF,4.4221225,3.3002918
YIRSOK,2.9557009,2.9326112
CODFOS,3.2172022,3.0774958
RUPXUW,4.454776,2.8487208
QUBXAO,3.8395267,2.9685645
ACUZIK,3.0128448,2.1765573
KIVLEI,2.1643937,3.0095334
TPSFPT,3.255026,2.826226
MAZSEL,3.0716212,2.8696387
WELWIT,2.8044055,2.0423017
SEBHOX,2.0473847,2.3580022
WUPHOE,3.8751736,3.1742394
HOFBEJ,2.105617,2.7229512
HUTTIZ,3.1954331,2.0343661
OGAXAY,1.3298204,1.9805901
UQUTEG,2.15106,2.3310254
HUXMAP,3.991094,3.127719
DUPVUG,4.356271,2.7975008
KEPQOM,3.6378903,2.254489
EYIRAG,1.9456141,1.7277219
MARNEY,3.575304,3.175847
XUVZIY,1.9706486,2.1076915
SIMDID,2.2171838,2.4160302
YEGYEQ,3.797349,3.1582038
HELGIO,1.8019379,2.7471483
QENPOP,2.3763704,2.221896
OJASUO,2.6566477,2.5562541
BOQJAU,2.6857638,2.4858265
SIDQOO,1.6930925,2.1206892
QUSXIL,3.042233,2.9566
MOBNAT,3.7086399,2.5595996
YIXVUW,3.3543475,2.8157685
HICQAO,1.9178585,2.0780602
SIMDOJ,3.362239,2.235693
PIJCAO,1.3905019,2.2144508
JALPIW,1.9725534,2.1806903
ECEKUT,3.4800642,2.6949828
FEZQUZ,3.1747525,2.5550714
CUJXAH,3.3355718,2.788864
ULUTOL,2.3170495,2.3357806
LISNIL,3.4846902,2.8549514
KIDKIS,2.925496,2.7450306
UDORUA,3.8531322,3.1800327
CEQGAJ,2.7203224,2.3072917
BEPYAW,4.7609043,2.9659405
HIXCAS,2.7733846,2.353323
OCUBIY,3.1178806,2.5046294
IYEZAO,3.0101235,2.7069376
AWODAR,2.7260368,2.697252
QIDHIW,4.7149167,3.0508518
FABBAM,5.0727468,2.9317594
KEJJIS,3.9962642,2.659754
PIPFIF,4.282528,3.1306489
EXUDUX,2.6471236,2.7625313
SEPZAO,3.3565245,3.0909305
MUZYOX,2.3867106,2.569026
ASEBOQ,3.7415657,2.4171267
GISRAD,3.120874,2.6665986
DEHZEY,3.3627832,2.707215
CEVNOI,3.6719046,2.70009
BAWDIO,2.953796,3.3199353
BIQQUN,3.2389712,2.8810024
PERPAF,3.334211,2.6639833
WOCQEL,3.883337,2.5674279
VETDOQ,2.9687622,2.486199
QAHPOG,3.285775,2.8542697
JONSEM,3.1110778,2.7328422
DALWES,4.231915,3.2667003
BAXRAW,2.7584183,2.1970055
CIGKOU,3.8319075,2.785228
NOYLES,2.7886229,1.8106747
ACOBOM,4.528791,3.387062
DIDDAW,4.227561,3.132571
COMHUJ,1.7864275,1.7020234
GATMAQ,1.9124162,2.1342077
HOKCOA,3.778573,2.9309392
YEQSOD,1.8833001,2.016325
GAVGIT,3.6876872,3.0306368
OGAPUJ,3.1924398,2.7103925
AZOCAV,2.4106567,2.3756366
LENPOJ,4.3989925,3.3448348
UZAMUF,4.480355,2.7219126
VIYFUF,2.8131132,2.389976
ZONVAB,3.0343416,2.0362372
XUNVAD,3.7535386,2.976568
DACREF,3.5222418,2.8799415
ATHLPT,2.1064334,2.2206445
TADSEZ,2.9004617,2.5385976
IQIROQ,3.2686317,2.6809673
PIYMUF,3.391355,2.9960704
IHUBUJ,3.1369286,2.2157269
NEKYEH,2.2408576,2.3040552
VERFOP,2.0849364,2.1858256
ZEKLEG,3.6446931,3.1572187
FORGOL,2.8552907,2.5061364
HOSXIY,2.903999,2.41277
YATNAJ,3.4280903,3.0348184
DUMNEG,2.7687585,2.401912
MEXCIE,3.781022,2.9489276
NIDDAH,4.824579,3.28375
QODVEN,1.151858,1.7436726
IKOMUQ,3.8283699,2.9829595
SAXVOD,2.9350202,2.6528764
IKISUR,4.2079687,3.008404
SEJMOL,2.3532407,2.515976
LIPDEU,3.4090424,2.589334
QARKUP,2.5516117,2.5116155
RUFMUC,2.518958,2.1403267
XIBHIB,3.2147532,2.8224926
IXALUP,3.795172,3.058541
QEMPII,3.2419646,2.8339996
USIVAV,2.86291,2.42475
COWKUU,3.9067388,3.2142072
QABGIL,3.9715018,3.0988328
TIKWER,2.8239977,3.1550682
MICQIB,3.2493117,2.994391
QIQDOJ,3.3252313,2.97877
NASBOA,4.4360003,3.4458823
SONJEK,2.4443989,2.9563005
SEVHUY,3.078152,2.5167549
WEMXOE,4.103477,3.145396
VUTKOM,3.577481,2.9921858
JIZXOF,2.332288,2.172303
NEJSUT,2.805766,2.3005195
SUHCEE,2.1967752,2.1816425
YOGCOM,4.0093255,2.7306173
SUKMER,2.5584145,2.4807832
QAMZEM,2.4299767,1.8957348
WECPUQ,4.0803475,3.0316145
MEBCEB,4.053952,2.9415343
GUZTUQ,3.7285042,3.02696
NIPCOH,4.569608,3.2837174
BODCAY,2.3829012,2.5859747
MIVHAB,3.9301405,2.7928345
SIWWIF,3.6520402,2.9140685
IXIBOG,3.36496,2.9352906
ZELJOR,3.6199307,3.1252701
CURWET,3.1551602,2.616735
EKEJOV,4.337767,2.696354
MAYZER,3.123595,2.67261
AGECAR,3.9061944,3.223641
OFENIW,3.5236025,2.726872
MIVSIV,3.8370776,2.8088875
TUVLEC,2.6291642,2.6436996
ASAGAD,3.415301,3.1108153
GAMKIQ,3.0582876,2.2067187
SIPQAJ,4.2188535,2.3425293
AHOWIF,2.9271288,2.7730408
CEHQAH,5.0507054,3.1651595
XODKOR,3.8373497,2.8713925
JEVHIB,1.4095498,2.1620748
LAVLUR,3.2389712,2.964965
NABDAX,3.773403,3.059316
SADHAG,3.9519095,2.7342
MBYPTA,4.053952,2.9218044
NUSHOY,2.9886265,2.5941432
SELTUB,4.547023,2.906016
QUFPEN,2.6849475,2.701536
BUZHEL,3.4553018,2.410844
KEHNOA,2.8005958,2.8731728
FURPAJ,0.63103205,2.5479178
IWEZEQ,2.1785436,2.3978784
XUQDUJ,3.0536618,2.7372482
IWACUF,4.9002266,2.8949542
MAQXAD,2.9693065,2.5335805
FELGIP,2.5238562,2.4545324
FIBDUQ,2.2852123,1.8538693
TUDRUH,3.974223,2.9582305
QIYNAN,3.1053634,2.534822
LOJPEG,2.3116074,2.1837559
VOPSOJ,1.6971742,2.0534363
NUXNOK,2.9216866,2.4772406
QODHID,3.3946204,2.9486504
TIZWEE,4.0754495,3.0559328
OCUBAQ,3.4593835,2.792518
CETHAN,3.1274047,2.4041953
CEFZAR,1.8977221,1.3431826
SABMEN,3.4231925,3.101232
AQIVEC,1.5053339,2.44449
XEFPON,2.045752,2.4329472
MADZOI,3.874085,3.3252735
LIMKAV,2.518958,2.7584102
VEPMUZ,2.7015464,2.723033
TIRKUD,4.42185,3.195084
VIWKUI,2.284396,2.226901
LIGFUD,3.1731198,2.6992242
YARHAC,4.0876946,2.0491004
VIGVIT,3.5363917,3.0465736
MUXKEX,2.9731162,3.0068111
OCUGOI,3.4264576,2.7986877
OLUGUY,2.6424978,2.2388947
JITPOU,3.7290483,3.0406258
RATVAK,2.79597,2.1089404
GIRCIW,2.712159,2.2785363
UNIVEU,2.8767877,2.6419122
INIDIS,3.7323136,3.174064
PACLIQ,3.347817,2.5477014
CIRVUU,4.110008,3.0382285
HIHPEV,2.8155622,2.307875
HUFPIH,3.3524427,2.9075365
LOQXEU,3.391627,2.325717
QIYTEA,3.432172,1.8996503
YASMAI,3.0169263,2.654098
WAXWAV,3.1170642,2.7805517
DEXBIS,3.324143,2.479837
EROSEJ,1.8117341,2.1129897
TELXAM,2.2724228,2.2708206
CIHYUP,3.7154427,2.9869795
ZAGLAX,3.8585746,2.6451786
QOBTIN,2.6721582,2.1708903
SAJCEM,4.3276987,3.24521
GIBKIO,3.118697,2.624438
TOWMIB,3.7984374,3.0653067
LAJSAQ,1.5227492,2.2502155
GOMCUI,2.4229019,1.6479067
RACBAU,4.0917764,3.2442856
KAJMIT,2.1657543,2.3275003
BELXAR,4.251779,3.2099743
FAPRIA,2.7676702,2.6469338
TOLRER,4.321168,3.0178578
NOSZAY,3.2103994,2.4555206
GETJUK,1.4922724,1.8890706
HEPGIT,3.22591,3.0594382
WUDHIN,2.9439998,2.8311985
BEGYER,3.2754345,2.9224377
EYIQIN,1.653636,2.3299627
QAVJAZ,4.825395,2.967304
ZISNOE,3.4811525,2.3018336
QIDQIE,3.3157074,3.0061603
KOHTEH,2.9625037,2.6301441
YEYHAN,3.1124384,2.0062578
BUPKII,4.3048415,2.9922473
CATSOG,2.9464488,2.7714624
PAXQOX,2.9325712,3.028065
HOLBOA,3.9603453,2.7575982
RIYJUF,3.2248213,2.8809602
LOHCUJ,2.6705256,2.3558214
JARSEA,4.3366785,3.3514879
YASKEK,2.7880785,2.634387
RAMZOV,4.2022543,3.0457585
XIPHUZ,3.1867254,2.2072635
PUMYAX,4.684984,3.3495684
JIKZAH,3.763879,2.7290688
DIJDEH,1.4955378,2.1652672
XITYIL,4.335046,2.9301445
NADFAZ,2.731207,2.884332
HIZCEB,2.076773,2.00932
QIHKOH,1.4449246,1.8375924
NULQOA,2.8721619,2.2309115
SOMPEQ,2.0065677,2.0458508
KESZUD,4.059939,3.7918048
NOJKOM,3.9712298,2.6698577
VAPBOF,2.9986947,2.5986788
CUNQUX,3.121418,2.1081305
CODXUP,2.8659031,2.66954
UBIGUK,2.915156,2.3947206
ZUNTOT,3.558433,1.9363552
UGATON,1.553498,2.0080974
VACDAF,3.290945,2.6889596
OFUREN,3.6504076,2.9088218
ZEKLEJ,3.5459158,2.5806186
TEGKIA,3.9709575,2.4963727
HIQBEQ,3.1630516,2.6435256
NIPCEX,4.2691946,3.3917317
XAPQEN,3.4814248,2.732923
VEGDOB,3.8289142,2.923337
CUJWUA,3.0027764,2.7473307
ZUXWOG,2.2522864,2.2752717
FOPNIK,3.5040102,2.8618562
UZITON,2.7252204,2.2342896
WICBUG,4.2327313,3.1397877
QAWYOC,2.343989,2.4014497
GIDKOV,2.9214144,2.436454
AGETEL,4.2569494,2.8227813
IWACEP,4.6145067,2.6623933
GELROH,3.364416,2.5849123
TIWYUW,5.001997,3.0640662
YAQHAA,4.0038834,3.008438
GIGSUL,2.6727023,3.2583323
COXBAT,3.071077,2.6573977
OWOQAT,2.3932414,2.0641248
CAHRAF,3.998169,2.6287272
EGAJAY,3.4501317,2.9144034
ZEXZOT,3.0438657,2.4301772
CEVFEP,2.5292983,2.1401677
HISYAK,4.997099,3.0710752
BEZNUQ,2.7140636,2.6796534
HOHROM,3.49884,2.509478
GIBYAT,3.7091842,2.891176
ALANUX,2.3374581,2.0012505
OGOLEC,3.8134036,3.0233297
TAMCER,1.1431503,2.0442235
GONPII,2.9867218,2.696294
FATJOC,2.856107,2.5716655
NUDYER,2.7159684,2.502336
JASWOS,3.047131,2.770463
XIQJOY,2.70073,2.8360882
CUFQEZ,2.6678042,2.5756025
JONCIY,3.2493117,2.79645
VAZWEY,4.3388557,3.3343604
EFABIW,3.4474106,3.1600013
RIFHUL,1.7352701,2.1661603
NANKUL,2.874883,2.9182773
RAXFAZ,2.6876686,2.3104491
QUKYIG,3.4065936,2.6733618
YAQGUT,4.130144,2.8096116
SUXVIR,1.9853427,2.1818354
EBUGUE,2.0231667,2.290766
NAQNEZ,3.9587126,3.173206
LIGJOB,3.594352,2.7927663
PUXTAE,2.2803142,1.4942132
AMASOX,2.4000442,1.9887408
BOKTAX,1.3075072,2.4046369
EJEGIK,3.8196623,3.2112417
SUKMOC,3.2773395,2.567664
NISWET,3.157065,2.554704
KIQRAG,3.0454984,2.556282
QAGHAH,3.537208,2.8187099
SEVHOS,2.4487526,2.2285032
KEQSOO,0.36191145,1.8781502
PUHFIJ,2.2789536,2.526942
JOGJUL,4.041707,2.8066561
SEVJOU,2.9763815,2.1653755
CICXOD,3.6153047,2.725655
IXOBAA,2.8332496,2.351184
ACUWUQ,3.0169263,3.058076
JIHKAM,3.8944936,2.902403
JEYBOE,2.8335216,2.7126946
PAGBEG,2.2609942,2.6053452
SIYQAU,4.4177685,2.7922266
RECNOD,2.0852084,2.3956127
EBECEV,3.1374729,2.0520911
AWESEA,4.3475633,2.794519
TUCMAH,3.3423746,2.9051094
RITJAH,2.7850854,2.5075097
BILTAS,2.6993694,2.6706624
OCUYES,3.0642743,2.7414563
HODNIX,3.7451031,3.006731
TUDSES,3.6471422,3.087675
OGIVEH,2.6610014,2.2209902
UZASIZ,4.4585857,2.6980102
DEBMII,3.6553056,2.7309573
MAGQUH,5.118734,2.8689938
VEKFAU,3.3105373,2.363758
SEZLAK,0.7102172,1.8499378
KOGWAG,3.7701375,2.842409
NUPDUZ,2.442494,2.2336822
IKORAC,2.3097024,2.1917863
GAQXEE,2.158135,1.7950175
OTAXUD,3.7002044,2.9411983
ALAJIH,2.8019564,2.3176937
MONJAB,3.0737982,2.6828291
PATCUK,4.2746367,2.905016
VUTTEL,4.404707,2.8026457
FELPER,2.9867218,2.5865161
MIBBOQ,5.0645833,3.0496936
SUNYEH,3.6506796,2.2625167
JULGAA,4.729067,2.9080305
DUDRIE,3.0819616,2.2288089
VALBIV,2.9328432,2.7520957
OJAZAA,3.8264651,3.0240703
KOKTIP,2.7154243,2.1998057
IKUSAJ,3.5358474,2.798608
IYINEJ,3.3091767,3.0259268
REFBUA,2.640865,2.9158752
NEFMOB,3.1064517,2.0531688
MEHZAB,2.8332496,2.89048
DOTROV,3.212032,2.2906828
ICUVUX,2.4101124,2.5205104
GIXJAY,2.19868,2.4381723
FASCAD,3.6289105,2.6104221
TIRJIQ,4.0468774,3.0411172
YIDVUD,4.1793966,2.9971871
CALZIB,3.5652359,2.8856928
MIKDUI,2.9146116,2.3865056
JISYOA,3.6215634,2.689023
GAMKOW,2.9295778,2.0674458
OFIJAO,3.957624,3.300429
BEDMAA,2.6759677,2.8185637
ZESKEN,4.2678337,3.5232878
DUZYAA,3.3957088,2.7665834
VAHZUZ,3.7309532,3.0712578
GETNIE,2.0261598,2.3414936
VOPLAP,2.604946,2.2126238
ALAJON,2.712159,2.3740597
HUJZOD,3.035158,2.3377697
DEMZOL,3.2340732,2.275585
YEMGAB,3.5309496,2.4628835
LIMMAX,2.6294363,2.6296618
WANYEP,3.4857786,2.82662
AJUWEJ,3.634897,2.6520104
FORQEI,3.7295926,3.0836265
NOQFOR,3.723606,2.7166927
AROMOJ,4.6275682,3.614099
XUDXAW,1.6569014,1.2772788
NOZYEI,4.154362,3.0606205
VEHBAM,4.528247,3.220333
YOMQAS,3.7031975,2.630197
KIDKEO,3.0599203,2.6881979
ELOHAO,4.516546,3.3183835
ICUVIL,2.7325673,2.8338165
VUKZEG,4.118171,3.2956872
XIDKUR,3.6743536,2.8956366
PEGLOE,4.2553167,2.6985757
XOCNOV,2.9927082,2.661527
MUZZUC,3.4631932,2.6784933
VETZAV,4.681991,2.5473783
VIRXAW,3.580202,3.0959117
XIVMOF,4.0395303,2.9989777
TUBXEV,2.9962456,2.4328089
QACBED,1.9265661,2.5783756
JOWBUV,1.866429,2.172852
TOGXOF,1.961941,2.3604271
REDZEF,4.034088,3.1267505
PAFCOP,3.5339427,2.9869285
KETTIP,3.3350275,2.6461406
SILYUI,3.8463295,3.6986728
VAYTIY,3.6618361,2.79021
HUNZUN,2.249021,2.3234003
GEFNEN,3.367409,2.4771397
HAYYEL,2.2887497,2.3480177
PURNOG,2.9725718,1.9953477
TIHPIJ,4.547839,3.1146963
ICUVOR,2.4623582,2.6522574
MERCIV,2.4490247,2.0170484
UGAVAB,1.9328247,1.8200709
YAMGUR,3.0226407,2.472619
FAHJIH,2.8003237,2.8426545
DIGLAJ,1.9028922,2.0128434
DIGRIX,2.4245346,2.215254
KAFGEE,4.2041593,2.743223
COJQOI,2.918149,2.7198925
MUQLOA,4.0384417,2.9107454
RAVBEW,2.2803142,2.3152776
ERAGEL,4.156811,3.0562353
ICUBOY,3.4806085,3.16433
QUFVOE,2.758146,2.5988162
DUFQIG,2.9146116,2.5466652
NUYYEL,4.0691905,3.0389636
XUSFUM,3.064002,2.4999206
UDIGAQ,3.4090424,2.81066
NUVNEY,3.128221,2.6770532
IDAMAB,2.942367,2.5789168
LEDWUP,3.0128448,2.8031123
ZONJIX,1.7937746,2.2355947
NOGVAG,3.9372156,2.5923371
TIGSUZ,4.1981726,2.6557553
IRIKUP,2.440045,2.6391966
FEZRAG,3.190535,2.5230517
OZETIX,2.573925,2.704579
AWOCOE,2.201129,2.4377532
ELUREI,2.4751477,2.31115
YIZTIL,2.989715,2.1749732
LOLREJ,2.3347368,2.1769514
FUTHIL,2.414194,2.412293
KIVLAE,2.7660375,2.5805337
BIKSIY,3.163868,2.57649
QAQTEI,3.5924473,2.486168
LODGOA,3.8615677,2.5216389
OWETAM,3.7949,3.2113762
RIDNUP,3.3135304,2.8006723
OGEWAY,2.289294,2.360186
ADUMAP,3.699388,2.8330693
XUPBEP,2.2601779,2.192069
JASWAE,3.3834639,2.7291675
KILQIH,2.7001858,2.040175
YEDCAN,2.8571956,2.5836968
MOLTOW,2.4808621,2.6893814
NAMREY,2.6653552,2.1759932
AKUFIV,4.0335436,2.6120298
JAFNIQ,3.4857786,2.7501078
NOTGUA,3.448227,2.585559
JUPPOZ,3.9916382,3.002093
IWUBUZ,2.2092924,2.2488687
HIHPAR,2.8106642,2.3946016
LAZFUO,3.245502,2.6323996
DUHKAT,4.136675,3.1781173
HILLUL,2.896108,2.5471873
HIGBIJ,3.1850927,2.731283
COSZES,2.1287467,2.177648
FIGKAH,3.5222418,3.0162668
XADWOR,3.5257792,2.2486992
BEHYIZ,3.1755688,2.5695515
JIKTEC,4.530696,2.6793435
MOWDUY,4.2678337,3.06815
LIYGOQ,2.9796467,2.5519085
TUDSUI,4.2218466,2.9558825
CITBAJ,3.9976246,3.1200757
EDEHAY,3.4691796,2.6526153
SOQHAI,3.8686428,3.1369882
YUWNOU,2.9295778,2.8042343
VALCES,2.7679422,2.6008906
WOCCUO,3.560882,2.318179
HAJWIY,3.5200648,2.9841695
XUZBIF,3.0955672,2.6247437
NOXQUO,3.1195133,2.432939
XUVYOD,1.8128226,2.1430404
ROMVUK,4.2985826,3.0097356
SAWKOQ,2.1763666,2.5515687
ADOXEX,3.9149022,3.3237903
KAVJAS,3.8852417,3.0762193
ZOMSOM,2.1110594,2.5778203
YIBWEN,2.2503817,2.897986
TEQDIC,2.796242,2.617944
QAYJIJ,3.9445624,2.7699432
SILXOB,3.125772,2.6617873
NOPSET,3.1197855,2.7561085
JAGZUM,4.418857,2.9657047
TIDBAK,2.3056207,2.2280605
SAYJEH,1.5551307,2.3916404
XIYLIA,2.8444061,2.4130964
MARRON,4.1663356,3.1189742
JETHEV,3.3704023,2.8062584
CODYUQ,2.9140673,2.689604
ZAGKIE,3.04441,2.5919795
ZELJIL,3.4036002,2.9541562
NAJYEE,3.3638716,1.9168327
KOSKUY,2.936925,3.1315448
WAQLIL,3.4781594,2.663153
HIFJUB,3.6381624,2.9570494
MELLAT,2.3769145,2.4641237
IROYAR,2.3649416,2.6378164
TARFAT,3.8602073,2.2776008
RETFED,3.5426505,3.0773404
NIDCUA,4.3010316,3.062756
PEXDAZ,3.4640095,2.454471
CNPLPT,2.2520144,2.221294
BADYOW,4.7260737,2.914559
WUFFAE,2.628892,2.4547343
DIHNEP,3.035158,2.9972725
NEJVAB,2.289294,2.3894587
ALAPAF,2.3981395,2.1010723
NABWAR,2.454195,2.566831
REVMAJ,4.0082374,2.5901878
QORHUB,3.6022434,2.9332144
CEGRIQ,3.981298,2.9862304
DALYIZ,3.5902703,2.7529442
QUFQOY,3.8346286,2.9830587
MILPEC,3.835445,3.1009686
HOCSOH,1.6686022,1.9987708
XIZWUB,0.76708895,2.2818809
DUTGII,4.536682,3.1025636
VERYIA,2.8669918,2.7659795
SAHHUE,3.0718935,2.996949
EHANOR,4.0778985,2.7197251
KOWHIN,3.6580267,2.4637644
VOPMET,3.2117598,2.6240866
QICLEU,1.7260182,2.0732207
SEMWEN,1.4250603,1.9817598
MUHFIF,3.05856,2.6409354
TIWVON,0.6024601,1.0259346
YEMFEE,3.140194,2.4856424
SUFDOM,4.1013002,3.2214606
TOLVAS,3.4607441,2.8794198
WIXJOF,2.268069,2.105134
TICZOV,1.4827484,1.7719156
SUKLIV,3.8436084,2.7252445
TASVAM,2.437596,2.2269962
ETESON,3.1227787,2.5925903
HIJXIK,2.473515,2.0782192
YEJFOI,3.7075515,2.6723518
IXIXOC,4.9478464,3.5666068
OHOKEC,2.839508,1.8303609
BUFMUM,3.1064517,2.4031937
ADIYAP,3.2484953,2.8021526
XIYLEW,3.006586,2.6973145
KASWIK,3.7255108,2.8145714
IPORUA,3.4000628,2.602086
HOLGUK,3.1407382,2.88711
ZAYCEJ,1.682208,2.035478
IQIPUT,4.397632,2.943431
KODTAY,2.741275,2.4891362
JOJDUK,2.2305174,2.0739856
DEBYIT,4.566343,2.928025
QAGWEA,3.2027802,2.697717
BUGFOA,3.8251045,3.0701604
SUWSAF,2.763044,2.1757696
DOXCIC,0.23320158,3.1035714
KEJQOH,2.825086,2.28796
JOJFAS,2.210925,2.1198368
VIKNAH,2.1426246,2.68676
FEJDIH,2.1831696,2.5520852
GOZJIO,5.213157,3.2240734
REJXUB,2.318138,2.3100104
YUDWIE,3.8180296,3.030285
WUGREX,2.2267077,2.3107948
ETARAT,4.0585785,2.9134007
KAVZAJ,2.3137841,2.1498566
MEZRAK,3.1372008,2.4143453
UFEFAN,3.589182,2.955064
SOVCEM,3.8441525,3.1691923
BADYAI,4.6403575,3.097785
XAWWOJ,3.0942068,2.8612752
UJUNIY,2.2721508,2.109683
FIXJUR,2.824814,2.7873464
TAGHIT,4.487158,3.157262
FERMOG,4.2267447,3.0747597
EQONOO,2.8299842,2.3709807
WIBDAN,4.316542,2.9329944
LEJXUW,3.0465868,2.4983158
CIGMEM,2.7048118,2.2714279
WEXCOU,3.7984374,2.6125307
IHUCOE,2.6705256,2.159885
TAXDUR,3.8294585,3.3127372
DOTRAH,3.0291715,2.2022
FAPVOK,3.2177465,2.455712
HOBBEH,4.7252574,3.7596755
PURMUL,5.012337,3.0495775
JISWUD,3.9445624,3.1209412
NAPPUP,2.3415399,2.843801
UYUWES,3.5842838,2.6702185
BADYEM,4.5255256,2.7496347
WENGOO,2.9162443,2.5475888
GETNOK,2.1252093,2.2498987
IGILUH,3.0142052,2.4363158
XUSFEW,3.2076783,2.1901686
VUBHEH,3.5742157,3.0204556
IHAVUK,4.047966,2.3259108
NAFSUL,2.7897112,2.6631129
QOMXAR,4.242255,3.048587
BITWIN,2.6786888,2.500548
YOPNEW,3.5048265,2.189433
BELXEV,3.9369433,2.9633234
EHAGOJ,2.2473884,2.2460923
PUYWUC,3.5380244,2.7492247
JULGEE,5.169075,3.1409788
XUQLIE,2.6210008,2.4258738
KILQAZ,2.1848023,1.9928763
TEJDIY,4.1685123,3.0122
MISZOD,1.7026165,2.5530393
DIDJAC,3.1480854,2.2488012
CEKCEC,2.7233155,2.4899414
CILXOL,2.7431798,2.4834802
VIRXEA,3.0367906,2.7677884
LAGZIE,3.0944788,2.7378736
QECBAD,2.782092,2.0194774
KEJJOA,4.050687,2.6664662
MOWDOS,4.0487823,3.1378675
WOJZUQ,4.21069,3.5615344
JOBPOH,4.265113,2.8651648
NOCFOA,4.16824,3.089558
JUXGIS,4.428381,3.0168161
SEBHUD,2.3287504,2.510197
ZEZTIJ,2.8740666,2.3501253
KIVKAD,1.9330969,2.596129
WIXGUI,2.6060345,2.431751
QOSTOI,1.9053413,2.4602478
CPIMPT,4.096674,2.8910055
EFELOS,5.0036297,3.0234146
NUTMEV,3.142371,3.0120008
WIBDIV,3.969597,2.7957988
ICILOW,2.4846716,2.6396413
RUVLAX,2.7880785,2.6397266
YUSLIH,3.0797846,2.7434728
DOFQAR,4.228105,3.1148374
XEFREF,3.2231886,2.5598059
BIGLEJ,3.2177465,2.3829606
TUKWAY,3.2928498,2.4928064
DUVLIQ,2.3366418,1.893881
LIYMAJ,2.6969204,2.5977204
IRIXIQ,2.963592,2.5354726
ESEXUW,3.5905423,3.024882
HUPGIJ,2.7456288,2.715179
JIQRUW,2.6656275,2.689768
QEWDIG,2.9382856,2.2841082
GAQGIO,2.9157,2.8102612
SESXOF,3.4427845,2.9309206
ACARAZ,3.0574713,2.0036497
EVOWOC,4.2915077,3.0886655
MULZIC,3.1431873,2.6530945
SIVDAC,5.0414534,2.9757109
HIFFOR,3.6651015,2.715065
XAHNOM,3.0128448,2.673721
VEHWUA,3.88116,3.2913706
ZIDPUZ,2.6365113,2.457241
ZEZTUV,2.7320232,2.2685542
MEMBIP,4.026741,2.9613018
WIYNUP,4.211778,3.1614072
MEJXOO,4.014768,2.9621296
EXUBAA,4.21069,2.7522542
VABCOQ,3.4354374,2.9403338
PIGHUJ,3.1627793,2.7893105
DIQYUA,3.0669954,2.633954
GIJDUZ,2.5731087,2.115898
ZAVVOK,3.372035,2.5633123
XIXVEH,3.8768063,2.8593473
NALSAU,3.7314973,2.4573557
XOKKOA,3.0974722,2.3883033
QASDAR,2.5630405,2.020625
PEPBET,4.280351,3.1043124
ZUGXII,3.577753,2.371076
JIQPOR,2.3559618,2.1601741
YEFPIK,3.157065,2.917807
MIMKEY,3.8542206,3.1251655
SOBHAT,3.00196,2.7470078
LIGKAO,3.7962606,3.1429558
AYEFOA,3.6147606,2.9944866
IQOHEB,3.0191033,2.7839127
XAKGEX,2.4490247,2.0447335
ROMQUH,1.5238377,1.2797668
QAPMOL,2.5635848,3.0455687
SIPQEN,4.3306923,2.9081872
TEBZUY,1.3725424,1.9516438
SESZIZ,3.2792442,2.5156803
QAYHUT,4.153546,2.7040446
EPEJAL,4.565254,3.5796008
QENQEG,2.944544,2.260807
SOQHOW,3.0577435,2.5819638
JAFNEM,3.2008753,2.4100146
YATXIC,2.7284856,2.5311825
OKAKEQ,3.67517,2.6761346
ZIHSAK,4.2272887,2.8866646
TICSOO,2.7546086,2.9355354
WOKBAZ,4.4629393,3.3364
SUYDIA,1.8979942,1.9446537
XONBEH,2.146434,2.972383
DOGZII,3.362239,2.3561885
LEDLOW,3.4006069,2.5877717
SEKSIL,2.4958284,2.826521
XIMGEG,2.8882165,2.5998611
VOXMOM,2.836515,2.331107
OJESAY,2.1861627,2.2061636
ZENVUM,2.5943336,2.298404
FISJAS,0.8095387,1.9793466
PADWOJ,2.6414092,2.7190745
SESPUB,4.122797,2.6551006
MIPDOG,3.651496,2.4969244
TOQPEW,3.0528455,2.3525965
LICMIU,2.8381476,2.3553128
GIDMUD,3.0193753,2.251917
TIHPUV,3.6270056,2.831233
HAPTAT,3.0814173,3.1258936
WORNUO,2.5181417,2.4902806
FEDXIX,1.7227528,2.1082926
ZIMXAW,3.1551602,2.7489192
WIHMOR,3.6245565,2.8479705
MIWWOG,3.3823752,3.0943089
YASKIO,2.872434,2.7937198
SOBNOO,2.9388297,2.2401383
QIHKIB,1.7975842,1.6727159
CURVUI,1.8141831,2.114779
YEFPOQ,3.776124,2.697118
DEBXUD,3.6808841,2.9955595
VOPFIP,1.5592124,2.2808223
UKAWIO,3.965243,2.894686
KATSII,1.7630258,2.1548834
BEHYEV,3.0727098,2.4261532
QOCZEN,4.105654,2.7087693
LIZQAN,2.7570577,2.4975529
FINXOQ,3.2958431,2.5768487
ROMVIY,4.1742268,3.0456033
GITCAP,3.2348895,2.6601124
PUHLUA,2.4580045,2.6085775
ISITEL,2.8637264,2.4461303
DUVWEW,2.8468552,2.8154328
WENHOP,2.456644,2.5677807
JATSOM,2.9535239,2.688156
AXIKAV,2.7456288,2.759596
WEQLOW,3.209855,2.6388571
CUKLEA,1.8492858,1.9794469
PUXSUX,3.3875456,2.6484158
BIPFEN,1.1526743,2.081149
GIDLEM,2.7608674,2.2621856
JOGWIL,3.8961263,2.7073987
ROBCER,1.5545865,2.2502744
GELHEM,4.0612993,2.7680445
TELQEI,2.5807278,2.5893722
XEFWOU,1.4764898,2.0975778
SEPLIJ,2.7116146,2.7225635
EQONII,2.8158343,2.3625903
JABTOW,1.7556787,2.8430479
CEFWEP,3.5382965,2.8474278
REMVAH,2.9733882,3.0585651
ONAXEH,2.6318853,2.3468769
UDOPOS,5.323908,3.6453562
VUTKUS,3.7143543,2.9844055
EHOKES,1.7249298,2.1780481
CEXYOV,2.6234498,2.3900976
JEMGAJ,4.004972,3.024126
TEBNOE,5.0645833,3.9018743
BOQJEY,3.2659106,2.6364398
HUPGEF,2.6536543,2.7147255
FERMAS,2.8814137,2.699317
QAMHUI,3.3328507,2.8429797
VALBER,3.450948,2.8816636
GETPAY,2.120039,2.6601498
PUSXEH,2.6876686,2.3104312
UDOTEN,3.7342186,3.1009758
ZESWUP,2.7902555,2.7089436
NUTWUW,1.4560813,1.8931658
XEQWIB,4.1075587,2.666208
KIQDIX,3.6101346,2.8161502
LEXVEQ,2.839508,2.554745
EPEBUX,2.485216,2.4063497
NUQTUQ,3.05856,2.435841
NIYMOY,3.0452263,1.2071542
NOXJAN,3.9317732,2.725301
NAQNOI,4.120076,2.8502963
LOLTOW,2.4765084,2.51064
TUDROB,3.921433,2.9063869
WUFDOQ,2.5126994,2.5089579
GELHAI,3.8068728,2.6737056
RAPSOS,2.7878065,2.9338627
GETTOO,4.0781703,3.023462
SONPES,2.3785472,2.2518513
MIBCOR,4.5271583,2.9463046
BEVFIU,3.5698617,2.8180397
XAKPAA,3.921705,2.9316778
ZAYCIN,1.665609,2.0272322
TANFAQ,2.800868,2.6659288
OFULIL,2.88223,2.6345384
ECOJUE,3.4259136,3.0910087
XUPBIT,2.3143284,2.2102585
HIGBEF,3.2678154,2.656218
XUVKEF,3.0223687,2.5038772
COGDOT,3.1361122,1.9471431
SACFUZ,2.5725644,2.8898478
YIZJOH,3.7206128,2.990442
PAHNUJ,3.7502732,3.071047
OZOVUV,1.1787972,2.28436
HIPXEK,2.4773245,2.3109977
MIBBIK,2.5241282,2.6282365
QEQXAO,3.4933977,2.6834862
INOZAN,1.6332273,2.147788
HEJGIM,4.047966,3.046668
MECROE,4.567431,3.37468
EXIQOR,1.4868301,2.0400186
YIRXEF,2.9712112,2.8888896
CEVPAW,2.4460316,1.209603
EWATIG,2.8324332,2.3411312
JIRVAK,4.0681024,2.9676228
IHETUL,2.8136573,2.7022295
XEFDOC,3.1701264,2.5618143
QAWNAF,2.1752782,1.9616313
MAYZIV,2.7717519,2.6975791
LENDAK,3.587277,2.999149
NAFLOV,4.0825243,2.6573882
TIRJEM,3.9271472,2.9863713
FEKHUB,3.0035927,2.5527794
SESYIA,3.8038797,3.0571854
QAPSOQ,2.3995001,1.8662169
UQUCIU,3.202236,2.4945197
ASANIS,3.9940872,2.7843761
FIPYOT,2.323036,2.475674
IXICEX,3.3592455,3.0006077
RIGTOR,2.4073913,2.0166051
ZENDAA,2.1543255,2.137799
NEFMUH,3.0384233,2.0948987
NEJVOO,3.2661827,2.376076
YIGKAA,2.8218207,3.0781384
IWACAL,4.614779,2.6687093
HILREB,2.738826,2.5140104
FENKOY,3.7227898,3.0637093
WIWGAK,3.3978858,2.8476346
JORBID,3.4261856,2.8608248
ASAMIS,4.373414,3.0486298
JULDUP,3.3567965,2.8862796
ALOBEJ,1.2778467,1.5625722
YECYAH,4.132593,2.5056124
ZEBBIR,2.9695785,2.6744819
HOCMET,3.1603303,2.6396089
ETIHIZ,3.71898,3.0173788
WAJVOS,3.3157074,2.5531476
FEMZON,3.8506832,3.1295552
GELMEP,2.4060307,2.5966973
KOXWEZ,3.274346,2.7703109
MELLIB,2.3916087,2.3625808
KAYHAU,4.124702,3.0260377
DEMPOD,2.6220891,2.120925
LIBDUV,4.9364176,3.636836
BAZTUS,3.094751,2.7632446
REPYIW,3.8849697,2.7494195
BEMGOP,4.0131354,3.09176
ADOWOG,0.16789426,2.6728861
LABZIZ,3.9535422,3.5994296
MOBYUZ,2.9257681,2.4672256
CAHBOC,2.8683522,2.7242284
QIDFOA,3.4319,3.04488
LOZFAH,3.2114878,2.5610807
PIGJAR,2.7059002,2.7232533
MOFMOJ,3.854765,3.4429996
OLADUA,3.4057772,3.3805401
DUGCOZ,2.5078013,2.7326062
CIKGAF,2.4789572,2.1892107
RIVGAG,2.1407197,2.2974658
MIDLIV,3.9083714,3.1569495
POTNAQ,3.410675,2.776048
DEQMIW,2.985089,2.7229257
LEYXUL,2.8313448,2.3873553
LEJXUU,2.076773,1.9943852
IHETOF,2.9284894,2.896687
AREQOD,4.315726,3.2849107
WAYCII,2.7886229,2.804375
HUXYII,3.2814212,2.3913689
PIPQEM,2.3736491,1.6323117
SINBID,2.0394933,2.154253
GAWSON,5.124176,3.273935
BOJQIC,2.8052218,2.352898
HAVNUQ,3.001416,2.4223664
IMALOX,3.7080956,2.9381685
ERORIO,3.2952988,2.442122
UBITEG,4.034632,3.276587
NIHNOH,2.7918882,2.5840669
SACTEY,1.4492785,2.6168544
DUGJUK,2.2833073,2.9060175
EHAGEZ,2.5684826,2.4862812
QAJWEE,1.7913256,2.630661
HICNIQ,3.1875417,2.5268362
OFELUG,3.4406078,2.6030507
QOLYOF,1.9880639,1.7649834
UPIKOU,3.8392544,2.8160236
LOLTEM,2.8454947,2.700373
OSOJEN,3.9497328,2.8577964
AXAVUQ,4.295317,2.7428455
IKIXEH,1.9390833,2.421707
ATODEU,2.126842,2.1257348
MANGAM,3.204685,2.49711
MIBCEH,4.4142313,3.1150615
PASMOL,2.284668,2.4774842
TEQTOZ,4.09096,3.1752393
LALNER,4.0681024,2.983325
HORCUP,1.9807168,1.8240013
OMOFAZ,2.6615458,2.5806549
OJATAV,2.607123,2.5133188
XUYXOE,3.2384272,3.0677242
ZESXIE,4.4702864,3.1515527
EJITUN,3.7053745,2.6167464
VIKBEX,3.009035,2.7366407
HBUPPT,4.3911014,2.5526829
TEGKEW,3.9543586,2.3409219
QODJAX,2.9731162,2.518116
PUHWOE,3.9274194,3.1654613
AFIPEL,3.9078271,2.981533
XUXKAC,2.7475336,2.6045322
DIGCUU,3.1995149,3.087829
RABYAQ,2.8030448,2.484311
GEXZIU,1.8095572,2.0781388
FUFDUH,2.9820957,2.5724697
OBIJUE,4.0615716,3.2604723
ITUNOB,3.4762547,3.0009487
IHILOA,1.8550003,2.1118546
JASWIM,3.2008753,2.7271414
WECPAW,4.14892,2.9587083
JIYMIO,3.661564,3.17119
ZOXJIH,2.6650832,2.612738
NAQMIB,4.3668833,3.0743504
ZOQFEQ,2.937197,2.6684928
XOXYAL,3.472173,2.975366
IOMEPT,3.281149,2.9689178
IYININ,3.2395155,2.891278
QAJLIZ,3.730681,2.7345173
WUKQID,3.104819,2.5861206
IMUSIU,3.8264651,3.128718
ZONKAQ,2.4933794,2.3129034
NIFMEV,3.1869977,3.1043098
WISLAL,3.6340806,2.7945118
QOPKAJ,3.1293094,2.7380142
LITFEZ,3.1537998,2.6382117
BUPKOO,4.2708273,3.0174794
DEBYOZ,4.0667415,3.2136493
CIQYUZ,3.5685012,3.2164054
HAZYUF,4.206336,2.8351588
BOFVIB,3.6773467,2.9952815
TICZOX,3.14482,2.5228972
LIVFOM,4.5181785,3.1731062
QUMFIN,2.1643937,3.2490454
DAFMEF,4.350284,3.6890612
OGIGUG,3.5483649,3.0156343
XASBEZ,1.5924103,2.2328591
RATZER,3.046859,2.1706471
ESIKAS,2.6185517,2.7309961
QAVHOL,4.997643,3.0772538
CENQAN,4.222663,3.052565
MUXKOH,2.6604571,2.6848712
AVIZOW,2.8789647,2.5081422
EGUMAV,2.9388297,2.8999474
ZOTMEA,3.33149,2.8606303
MIKFOC,4.306202,3.3902771
WARQUE,3.1537998,2.6354089
QOJWAN,2.6210008,2.5570931
YUXZOH,4.11028,2.9829793
HEHGIK,2.8841348,2.392282
SOTKUI,2.356506,2.4551055
JUPZOL,3.2278147,2.8878741
EHANIL,4.985126,3.3230846
WEPJUY,4.050415,2.5499592
XEKJAY,3.5279562,3.1413112
NURBOT,2.2599056,2.4288414
ZENCED,2.1358218,2.2201488
GECHEB,3.7853758,2.9351177
GUJKEB,1.8457483,2.3432
PUBJUR,2.5970547,2.0073123
XENNAF,3.1924398,2.997995
LUSFOU,3.4172058,2.717188
CEYPAY,3.582379,3.2171621
ETETEE,2.955973,2.570251
QIKQAF,2.4604535,2.4312866
XOZWUE,2.1042564,2.1306896
PEVHUV,3.1695824,2.5028934
FUFCUF,2.8493042,2.5279121
ZAYBIM,1.6857454,2.036929
UVELUE,3.5423782,2.9212284
HEHTAP,3.3655043,2.4244308
CAXCIN,2.8449504,2.4472601
XEQQUH,2.1834416,2.4543316
WULNAU,2.905904,2.5545805
FOQFIA,3.2874076,2.9223263
TADYIJ,2.8231814,2.7121253
HIDLOX,3.0642743,2.4001176
DECZAN,4.27763,2.8520427
PEJRAA,3.106724,3.089474
UFILOL,1.9657506,2.2361908
WASGUS,0.9839637,2.2802846
FATJIW,2.9739325,2.6193326
LUJLAD,3.9274194,3.0517886
XUYYAR,3.9015687,3.0425549
ASANUE,3.0030487,3.055094
PASROQ,4.5943704,3.1392663
RUJLIR,3.8120432,3.259821
CITGAO,3.4308116,2.951348
RAQJOJ,3.4544854,3.1446047
SONGEJ,3.1480854,3.036836
JOPYUK,3.087948,2.763931
DAPLOX,2.6533823,2.2655854
XAWBOM,2.7731123,2.495529
GOYQES,2.581,2.3159919
ZIJJUX,3.2163858,2.7959905
LIYRET,2.6294363,2.4396005
IGEXEZ,2.8620937,2.3050332
GULKED,4.6417184,3.2492182
BADBAL,3.331762,2.6542356
GAGMUX,3.2871354,2.7112253
VEMPUA,2.0634394,1.8623005
VOMYON,2.8539302,2.6571493
VEFHAR,2.5039918,2.276074
KONSOV,2.4645352,2.79387
KADQEL,4.367972,3.3725698
CUGVEH,3.0313485,2.7126265
BEJJUX,4.8332863,3.412869
QALVUU,3.4759824,2.5781236
KCEYPT,3.9706855,2.5885768
XUPNON,4.012319,3.0336704
IDESUG,3.9546309,3.3539836
LAXJAY,1.8623472,2.0466316
HAGHED,2.4811342,2.8815122
NEJTUT,3.4808805,2.8415837
RITRAO,2.5682106,2.198773
XIMGUW,3.2544818,2.971216
KEHCEF,3.0482194,2.4081073
VEMWIU,3.2016916,3.0174289
GERWAC,2.6185517,2.765948
SITBAB,3.797077,2.738758
ONIKON,3.0724375,2.6952229
TOXQUS,4.590561,2.769177
QUMLEP,5.2988734,3.2495701
DIHSUK,3.6457815,2.5420659
BUZZAY,2.1358218,2.0053763
YUJDUD,1.7480595,2.3841684
HIBVOD,3.2724414,2.9432085
UDUMAI,4.0523195,3.225889
BADXUB,4.624031,3.0429654
EFIMUE,3.9516375,2.8053074
HIDLEN,3.2514884,2.4479349
QILXAK,3.4691796,3.0849357
VAYJAJ,4.519267,2.9495077
QASJUQ,1.6188054,1.8408954
WAQWEQ,1.7556787,3.0358515
LUFLAZ,2.0373166,1.741106
OJECOX,2.6590967,2.4634624
IFIXAX,3.0846827,2.7685597
JUVTUR,3.4667306,3.093678
ASEXOL,3.9108205,3.009465
RITVEX,1.9390833,2.3181205
QIWDOS,2.7132473,2.3010511
QOPLAK,3.2348895,2.6828957
UFASUP,2.4337864,2.162903
XAWLOZ,3.7157147,2.577452
NIHNIB,4.305658,2.8401055
OGOMAA,2.707533,2.7315497
TIHCAO,4.13477,2.9930053
RIRKOV,2.6427698,2.0706313
YAFWUA,4.155995,2.961484
CIMFUA,3.0903971,2.5271974
TOQJEO,3.6876872,3.5987055
RAQJUP,3.9976246,3.1475835
PERFOH,4.0667415,2.9535775
BIGXUL,2.3589551,2.522813
YIPPOD,4.107831,3.2335422
UGUMOZ,2.1918771,1.9001172
OGETOJ,3.8822484,3.0744367
TUMGUE,4.0161285,2.9341583
WELWOA,3.388906,2.7444015
MOBMUM,3.608774,2.5069692
NOLHUS,4.093681,3.3833787
ELISAV,2.8294399,2.46303
VAZHEL,3.4172058,2.4684665
IYEVOY,4.0117745,2.7473373
ZOJHUE,3.3987021,2.7928216
XUYWET,2.6215448,2.587758
EWUVUN,3.5641475,2.9166765
DOQNOO,2.9957016,2.8581219
ZEVZOP,4.922812,3.5487127
WELSEO,2.3295667,2.4878058
EYIREK,1.95024,2.1515028
LINNIG,3.3785658,2.7909744
VAYKOV,2.3178658,2.4946694
DATCIK,2.8876724,2.646211
BACZUC,4.0923204,2.9602313
AFEWIU,3.3652322,2.7938206
KEPTAB,3.2351618,2.4788465
DAMFED,2.9861774,2.3105707
WURNAA,2.9309385,2.3097167
NARPIF,3.9124532,3.0101888
TIPWUK,2.4101124,2.4391222
SOXSAZ,2.4106567,2.402806
GUVMER,2.7167847,2.3053887
LUZSIJ,3.6147606,3.0559645
KOBMUJ,2.2835796,2.8803544
IYIPAH,3.305095,2.9319854
QUWBEQ,4.525798,2.740374
CECHOH,3.8093219,3.0802407
FEGGAB,4.5443015,2.9102306
CEXFAO,2.3268456,2.0344899
QAKXOS,2.752704,3.1755452
GEPQOH,3.6223798,2.8659098
FOPNEG,3.4999285,2.6623247
SOWXIM,2.1586792,2.123765
CEGQEL,3.128493,2.5502703
EXUDEH,3.1173365,2.7112856
QODREJ,3.362511,2.4084594
MIVRUG,2.4618142,2.4513059
TETSIX,3.2604682,2.497266
YAVFEI,2.3978674,2.3963995
XIKPEN,4.1097355,2.408299
EVOXUI,3.3761168,3.1824467
NETHUP,3.2278147,2.8490407
CEHQEL,3.9823864,3.0656545
QIZFEM,3.5029218,2.8049314
DUZVID,2.1799042,2.5091023
JIYMOU,3.898031,3.2072258
SULSUP,3.7505453,2.879628
NOXFIR,2.5970547,2.4813454
KOFDOY,2.9758372,2.567563
TOGFEC,2.8601887,2.3310428
KURKEN,3.107268,2.4373055
YUDWUQ,3.0250897,2.7765136
AFAJAV,2.8348823,2.7387357
YODBAU,3.3635995,2.7288663
RIZTOL,3.201964,2.640503
KOHBIU,3.517888,2.5234606
ABAMIA,3.620475,2.6262698
RUQPEY,3.8245604,3.0156658
QALGIU,3.3742118,2.624654
WETSEW,2.1769109,2.2731314
LIXHIJ,3.5361197,2.2703254
KUBPOO,1.3703654,1.9969723
POZNOI,3.6381624,2.78518
BOKYIK,3.3557081,2.124535
ANITIB,3.9913661,3.130602
IMAVAT,3.635169,2.8374298
LUFMEG,2.3744655,2.5105538
SESXUL,3.730681,2.9396853
QAVXEQ,3.4403355,2.7096653
EZOSIX,2.942367,2.5812194
DOJPUP,2.8721619,2.2910924
LEFREW,2.779099,2.2579296
XUSSUA,1.4234276,2.138229
ERAQAP,3.489044,1.9705828
QOBTUZ,2.8019564,2.1985404
ABAKAS,3.0487638,2.6453424
LEZQOY,2.3344648,2.1208823
BEXXIM,3.5331264,3.0136025
KARTIG,2.497733,2.417257
WELKOO,2.1720128,2.0813816
VISHEM,3.5358474,2.8899386
POKSUG,2.0914671,2.081378
QEQYOA,1.4773061,1.9614933
XUFSEY,2.7916162,2.3292074
CISZUA,3.2063177,2.836825
CISQUQ,3.580202,3.2310646
WENJII,3.9826584,3.072853
ODIYOQ,3.997897,2.984164
ROBFAR,2.6354227,2.4774885
SOGJOO,3.0027764,2.7473185
SIFNOL,3.3801985,2.8867
FEVBEQ,2.4767804,2.5442953
CISZOU,3.6482306,3.0074356
PETKAB,4.693964,4.027007
VOPPUM,2.1910608,2.7727115
COMQED,2.9693065,2.882466
WUBMIR,1.8971778,1.9370893
IKOCOA,1.4778504,1.9626992
MALXAZ,1.4647889,1.9620725
UDUQOZ,3.6572104,2.8998077
JUPZEB,4.211778,2.9198682
FAMDIH,4.810429,2.844091
APUTOW,2.576102,2.2158587
UHUYOM,3.8727245,2.6924264
UMIPEM,3.7900019,2.7791781
DEDHAY,2.7535203,2.179481
QEJNUQ,1.6792146,2.468328
YOXSAG,2.8952916,2.691709
HESBIQ,3.764151,2.9998612
FAMRIW,3.486595,2.8257904
IYUKAQ,2.1907887,2.5606654
DOJZEI,1.9831659,1.9717689
NAJKOY,3.9557192,3.1818388
HIRYIQ,5.27656,3.064222
XAVJUZ,2.9412787,2.86561
CEKCOM,2.7649488,2.4463267
QITWIB,3.448227,2.8039744
GIFWAT,1.978812,2.7241118
CIKXIE,3.8553092,3.297351
PEGLEU,4.3287873,2.7452273
QUDVER,2.4384124,2.4334118
ABAKIA,2.8827744,2.481906
CABLIC,3.324143,2.346062
MOXBEH,3.4210155,3.163707
XAZBUV,4.223207,3.2834654
HEDGOO,4.568792,2.5664864
NOKQIP,4.144022,3.0719008
YOXVIR,2.5837212,3.0048106
EFODAE,2.3638532,2.5227087
KAKWIC,4.0591226,3.1949008
XIXSOP,2.9069924,2.3752303
TAQZER,3.8003423,3.0934818
YEXCEM,3.1986985,3.1483507
UFEDOZ,1.902348,2.3137639
BIGJIL,3.5358474,2.721676
BUVRUG,2.3573225,2.7122989
AGOQOD,4.750836,3.3118687
PULSOE,3.2457743,2.7008395
VATREN,2.5181417,3.3784811
XEZKAP,2.8645427,2.5745826
FAMPEP,4.0259247,3.1060443
NOZYIM,3.4376144,2.6658695
VUPMIE,2.9532518,3.0734572
CAVXUT,3.821567,2.7883234
NIRZAR,3.5908146,2.3434086
MEXDAX,3.4787035,3.065084
MEGGOV,2.8648148,2.5784435
DUPNIL,2.9722998,3.0623524
CEPBUX,2.9597826,2.4816856
TINSEP,2.7464452,2.5681272
SEJTEI,3.7037418,2.7153637
GOKXIO,3.3489053,3.2042618
SIYQUP,2.6879408,2.310503
IYIPOV,3.0974722,2.7172036
QILFAS,4.1086473,3.328884
YIGHUR,2.9478095,3.0371675
FIWNOQ,2.8708012,2.514612
HIZCIF,1.8718712,2.0647645
UZADEF,2.8444061,2.5912235
MEJXII,3.2841423,2.9752848
FOFYAD,2.8386917,2.1804848
FERFAK,3.5467322,2.8258915
OKETON,3.7410214,3.0507064
WICVIP,3.102098,2.3683963
TUQWUX,4.0830684,3.3926096
LUZMEZ,3.3989742,2.7360287
UBUDEC,4.695869,3.0712929
NORJEJ,3.085499,2.8116567
BEFYIX,3.5698617,2.1046307
OZOWIK,2.698281,2.1469212
TEYKAJ,2.6841311,2.4113033
ZANFUP,4.0071487,3.1316643
LIYHAD,1.195124,1.7897947
HEFQOA,3.224005,2.787452
WUJKAN,3.1410103,1.8894917
XAWPER,2.332288,2.4967318
WAVTAR,4.3652506,2.6981025
JUDZAL,3.458023,2.4358056
SELTOV,4.547023,2.9011397
CAQJOU,3.415301,2.4815853
DIVGEU,4.234636,2.8356962
ZEZTAB,2.7456288,2.3462398
AHUCOW,3.7064629,2.7244382
OJIYUB,2.7382817,2.4517455
IXUWAA,1.7409844,1.9544578
OYOREA,3.0316205,2.6744068
LUZMUP,3.4139404,2.9342074
MIBBUW,4.646344,3.071146
AFAPEC,3.4683633,2.1538475
NUQTEA,3.0631857,2.4361377
FAGXAN,3.7317696,3.1752636
LUDREJ,3.3396535,2.7238424
PAQFUI,2.7026348,2.8983772
KEZXAP,3.9690528,3.1361766
HIMFEP,3.219107,1.9199271
FANKAH,2.6416814,2.0236855
JOBPUN,4.2642965,2.8655636
XOXXIR,3.3138027,2.858043
DOTMIK,2.1981359,2.452078
TOQSAU,4.108103,3.2924168
ABOQUE,3.0101235,2.5153563
JUDYUE,5.1268973,3.9292622
SOQHEM,3.876534,3.1554499
YISXII,3.3908107,3.0328074
WICXAH,0.38095942,2.4429944
XUYWEU,2.387527,2.307023
WESQEQ,3.2229166,2.939381
QUSDOZ,1.5466952,1.8870265
IFEXOJ,2.3864386,2.288216
IYUDIQ,3.2786999,1.9987541
SAVHEF,2.9274008,2.6055455
FERLAP,3.1706707,2.889608
KULXIA,1.4188017,1.8916051
FAJPIR,3.008763,2.7392547
ETAFIP,3.7627904,2.7132032
TOWMOH,3.8297305,3.0094535
QOCQAB,2.0854807,2.4026172
TELPAE,3.3856406,2.4159203
QAQWAI,3.9913661,3.1865864
ZENWEX,2.7214108,2.189585
FEWWEK,3.8319075,3.005327
JENNAR,2.9924362,2.6827898
XUYWAP,2.631069,2.4229443
XEZRID,4.239806,3.0369728
HIPBUE,2.1932378,2.2457666
VAFRAW,3.0288994,2.7440534
GUWSUM,4.209329,2.96876
NIGQEB,5.5965657,3.5398216
OCUJAX,2.8452225,2.7591403
FAVQAW,3.2370665,2.4981976
ONIWEP,2.9116182,2.5304282
DEJLIN,1.6713233,2.3962948
CUKLUQ,2.0389493,2.4460106
XABGAJ,2.0691538,2.0635538
NUDXUG,2.79597,2.3269458
JULFUT,3.5094526,3.0424564
EQAFAE,3.443873,2.9532492
YIGHIF,2.61447,3.053169
WAWVOF,2.8588283,2.4486523
TEKWAJ,3.7080956,3.0482543
DEFPIN,3.9807537,3.3952992
ZENDII,2.2144625,2.2327237
SEVHIM,3.3227823,2.3425345
MARVIK,4.3935504,3.046363
YADLOH,3.8947656,3.2598476
IDEYIC,2.387799,2.3623605
LOYSID,3.6104066,2.5604627
LUZRII,3.1012816,2.8375702
BOLQAV,3.8520439,3.1509433
QECDOT,2.6046739,1.8301115
QASKEB,3.9859238,2.873828
KUKVUH,4.6392694,2.856938
RETFON,3.594352,3.0451593
SIWXAY,3.350538,2.9013143
JOZQEU,4.3198075,2.7961118
OBUQOS,3.7429261,2.7947485
XENZAS,4.5043006,2.8283632
GIDMIR,2.9820957,2.3267028
WICQUU,1.9072461,1.9187989
AHOCAD,3.5091803,3.1644444
QODXAI,1.5774441,2.3251426
MAQPAV,2.2180002,2.0832562
XIMNEM,4.4232106,3.2626004
TAVVOB,1.9567708,2.172903
ITOYEX,3.226182,2.9308524
YEKHOM,2.69556,2.5407605
WEYPUO,3.470268,2.7334232
ODOHEU,2.922503,2.5263035
PEMJIC,1.4158084,1.5818456
BEDLUT,2.5048082,2.5315332
ISNBZP,2.5244002,2.4310443
YAPWIY,3.5214255,2.655891
PIKLIG,2.0343232,2.688447
YOTWUZ,4.118171,3.593255
CUBLUH,2.0541875,2.0363607
SERDOJ,1.2533565,2.007958
TUYVAK,3.7478242,2.7726278
PESJUS,4.074633,3.2574325
GOJTEE,2.7113426,2.3918777
OMAFUD,2.9698508,2.2692745
SAMWEJ,4.1930027,3.0775273
VOGDUT,3.1769292,2.821242
TUKPEV,4.222663,3.106778
QITWEX,3.3274083,2.748229
IYINUZ,3.283326,2.9875934
DECZIV,4.1257906,2.8403296
FUBSAX,2.7875345,2.7885911
WUDGUY,1.8362243,2.708167
AQILAP,2.0547318,2.48128
ROCYOY,2.8093035,2.7483323
LIGJUH,3.7429261,3.0160964
EFUTUV,3.8966706,2.7669127
QACKOW,2.6531103,2.9294674
ROWSUT,4.4958653,3.2645307
XUVZOE,2.0035744,2.106432
KIBVUN,3.7630627,3.2728415
UFOMOT,4.009598,3.0538437
CEGQIP,3.3559802,2.6739483
PUPJAN,2.083576,2.3311813
QAGGUA,4.616684,3.0288043
QUWBIU,4.1619816,2.857566
EPEBOR,3.2166579,2.515928
UHECUG,4.089599,3.0283203
DOTSAI,2.5943336,2.4710338
TAJTUT,3.0874038,2.9277914
VEZJOC,3.6645575,2.9247563
WIZBAK,4.428381,2.9948213
UJETAF,3.6931293,2.9085019
QIWDIM,2.74835,2.3271155
GABBUH,2.8218207,3.0045633
YOXRIN,2.800868,2.3794496
TIHZAL,1.7788084,1.9845603
JINTAE,3.5652359,2.7504134
VITYON,4.164703,2.7539208
OTOKUE,3.6267335,3.0926
QIDGUH,4.427837,3.275927
UJALIA,4.02538,2.8425503
UDIJUN,2.9170606,2.448573
GAXGER,3.6686392,2.2870898
TIGZUE,3.8909562,3.1631835
TITLEP,3.4376144,2.2404356
ACARON,2.8457668,1.5659237
QORHOV,3.0620973,2.799276
ZENWIB,2.592701,2.2268987
PABPUE,3.8006144,3.02224
YIGHOL,2.8337939,3.297224
GAQVOJ,1.5722739,2.6095996
TIBJAP,1.8604425,1.9115555
ZUYGOP,3.3782935,2.7766342
SACGAG,2.4288883,2.5425477
YATPUH,2.119495,2.1386933
DEGPAG,4.1834784,3.049241
HUBPID,4.7064815,3.1516595
HUTTOF,2.3894317,2.3969712
XIPNOZ,2.662362,2.2532306
ENEHIO,2.7467172,2.8297234
LASGIV,4.053136,2.9910843
YUDWOK,3.8223834,3.0196352
SUJCEF,4.9048524,3.1120002
WESSOD,3.3872733,2.219112
KISYER,1.4324074,1.4241344
KARCOV,2.9165163,2.905313
ECAXIQ,3.2566588,3.1484814
MOHNUU,3.252849,2.9769716
RERGUS,4.4074283,3.2867663
AFEVIT,3.2640057,2.8963373
IQUCEC,4.4629393,3.0382755
LOQWAQ,2.7211387,2.6349344
UBUDIG,4.687978,2.6287131
TOKHAE,2.4226298,2.7538707
RITVIB,2.4441266,2.6396441
WAZROE,3.2182906,2.8535817
WOLWAV,3.618298,2.996776
RAKPIC,1.6310505,2.4986093
JUBGOE,2.3978674,3.2082884
WENHIJ,2.8354263,2.9371834
MOLPEK,2.9197817,2.552607
TEGZEM,3.264278,2.545207
QUVZUD,3.5200648,2.889419
ZAVTUO,3.6558497,2.6796076
HAVNOK,3.2640057,2.4101472
ONABEM,2.2792258,2.428086
JEYWUF,2.4721544,2.6356952
FASBOQ,2.4079356,2.4746861
AXIKEZ,4.444708,3.1535096
LUFLED,2.3573225,2.1482322
UXILIX,2.8220928,2.6023872
ITOQEP,3.1742082,3.007821
CELDEE,2.7181454,2.3737001
CEKBUR,2.7799153,2.5089588
GUMWUH,0.9839637,2.1605566
NANSIH,2.8854954,3.064463
YECYEL,3.9992573,3.1507857
YODZAV,2.4778688,2.2110362
KUWQEZ,3.6071413,2.884487
ETAFEL,3.76143,2.7082572
NUCVEM,1.4226112,2.0844145
IJISOL,4.311372,2.9505951
ITIMEF,2.1086104,2.4567006
GISROR,3.4879556,2.5722373
JOZQOE,3.8591187,2.50462
AVEVON,2.483039,2.3716636
REYHOS,5.228396,3.2756162
LEQPOM,4.2392616,3.2599866
GIXWUF,2.585626,2.5577235
LEBJUA,3.020464,2.727383
NEMWAG,4.598452,3.247353
USOWOP,1.9298315,2.2346687
HIGBAB,3.1050913,2.713303
TABSOF,2.7088935,2.1277885
KECDEE,2.4109287,1.9718194
FASCIL,0.8345732,3.0569234
FUBQID,3.3875456,2.9492583
MASCUG,1.5379876,2.3021946
VAGQID,4.1516414,2.8289268
UBEYAB,2.939102,2.5039217
MULYUN,2.6114767,2.5417793
OKAPIZ,2.074324,1.90064
AQULON,2.1453457,1.9926834
WUCLOV,3.0961115,2.3632832
LEXTUE,2.7382817,2.56123
XAYHEN,3.5023775,2.7285202
AXUNIQ,2.8906655,2.6295705
SONNAL,3.4215598,2.852558
FOSWOA,2.9301221,2.1567545
OJEVOQ,3.55163,2.906197
RIXQUL,2.5752857,2.1978545
DOHPUL,3.578025,3.1054485
XUNTUV,2.831889,2.8425045
JEJPUK,3.0868597,2.8761697
IWACOZ,4.868933,2.9868622
HAHPEM,0.0745592,0.49962783
BAZZOS,3.883609,3.7681177
FIBXIX,2.5244002,2.5186687
WALXUE,3.00196,2.4664927
AWIQEC,2.6150143,2.158266
GASLIX,3.570678,2.710396
GETPEC,2.069698,2.7335722
EGABOG,2.8305285,2.7693791
YOVMOL,4.748387,3.170221
CEYTAB,3.7728586,3.0818784
KOFMEA,2.3399072,2.3387995
YEBRIH,2.7633162,3.1531012
OFENES,3.2444136,2.9281588
HUPJAE,2.978014,2.6210663
FIMFEN,2.819916,3.0547376
DEQTUP,2.679505,3.3600237
EVUKOW,3.5241466,2.298328
MISJAA,1.6071044,1.9742582
XAGZIO,5.083631,3.8612137
RIVPAP,3.0101235,2.1648889
QEDPIY,3.4003348,2.5088375
RAHTUR,2.5565097,2.3868456
LEMCUE,3.022913,2.6423123
DOHNET,3.6710882,3.0832825
BOTQOQ,4.2457924,3.121249
RIHWEM,2.3483427,2.5178275
JIFWAX,2.9510748,2.778424
FEVBOA,2.0533712,2.2528238
EWATOM,2.8267188,2.342768
YOSXEJ,4.4561367,2.8632467
MIVSUH,3.7861922,2.807924
DIGCON,2.0503778,1.9657173
KOJVIO,4.1013002,2.729252
SADHEK,3.634625,2.6442928
GOMCIW,2.1948705,1.4630048
AFALIE,3.4849622,2.9445584
BACXEJ,3.488772,2.6429572
XIXTUV,3.1742082,2.4995308
QABHAE,3.553535,3.005198
ELUDEW,4.504029,3.3034847
EJALAC,2.6008644,2.5330088
KIWQAK,3.7238781,2.5639062
QOPVOG,4.6811748,3.657424
CODQAN,1.7815294,2.133813
ZOGZUT,1.6299621,2.1489363
SUFFIK,4.317631,3.0312645
ADOXAT,3.5363917,2.4205532
XIVJIV,3.8310912,3.274752
SOGJII,3.0005996,2.7483292
EXOLUZ,4.08715,3.093717
GAQHEL,2.9910755,2.4519274
DUVWIA,3.5502696,2.8483207
FOGVII,1.7129568,2.419101
OFULEH,3.125772,3.0118103
XOXXOX,3.7630627,3.0823753
JUPZAX,5.3856773,2.9030542
TIHVEM,2.258273,2.2196677
SUMTEA,1.746971,2.150759
IYUGUE,3.9293242,3.7349558
VIYRIF,1.1722665,2.202764
YISWUT,2.8974683,2.9131167
TNSTPT,0.2712975,1.2909911
CEZLOJ,2.717329,2.3779485
XIWDAK,2.9097135,2.603929
UJAYAF,4.252323,2.7250798
OJIWOU,3.094751,2.638842
FIWYAM,2.243579,2.2883406
BOHJEN,3.9236097,3.0535657
NUTLUK,3.5459158,2.8693779
VEGCUG,3.9083714,2.996203
JEGPUJ,3.2944825,2.9033163
XUSSEK,1.4560813,2.4063864
GOYQIW,2.08412,2.4120984
IJISIF,4.2838883,3.153598
NERPUW,3.2844143,3.0440888
KIVKUX,2.2784095,2.4231527
GAQPUK,3.0275388,2.4527838
XARNOT,3.8700035,3.0942812
YISBEI,4.112729,3.2270749
TODMIK,2.4052145,2.4831593
PIFGIU,4.203343,3.0502179
FANRAQ,2.5263052,2.3214865
ECIGON,3.8555813,3.0885615
CUZROF,3.0188313,2.7651005
UKUGOW,1.6329553,1.7024397
FANJUA,2.607395,2.4638047
ESEKUI,4.243888,2.8508465
ABOBIE,2.4337864,2.309425
UKONOY,3.4177501,2.0980618
OFIJUI,2.8373313,3.0488396
UXILAP,2.341812,2.3914497
QATFAV,4.193547,2.5595446
DEQVAX,2.6593688,3.1149452
PAXPUC,3.8591187,3.2397246
ROGGEZ,3.4452336,2.958953
YAPYEU,3.67517,2.668755
TIFXAI,4.1007557,2.8655305
BULJUO,1.4846532,2.1653652
CISQOK,3.749457,2.9029078
WIYXUX,2.2506537,2.1482968
KEKTID,3.6425161,2.771081
DIWQUY,3.1489017,2.1601486
OGAWUR,1.7902371,1.9694209
LOQTUH,3.1581535,2.9540539
VABYON,2.7943373,2.297471
YOLPOF,3.6202028,2.9398665
FIKXON,3.479792,2.4962304
FEFTUH,3.4637372,2.743736
GOZJEK,4.9502954,3.2056425
FAQREX,2.2370481,2.5361977
PAQTIL,3.2150252,2.3262815
GAMKEM,2.9249518,2.4052472
BESHEN,2.2952805,2.3583674
ILEDOS,2.80114,2.7474434
REHWEG,3.3445516,2.9429314
XIYJEW,4.05749,2.9284766
GIQBIR,2.0389493,2.4805071
RAPWEM,4.2555885,3.069821
TUMKAN,3.9287798,2.9546578
WOKMEP,3.190535,2.2582688
WUJKER,3.0762472,1.9528561
CAHQUY,4.2691946,2.8508153
OCEZOO,1.4217949,2.1503925
INIKUM,3.9924545,2.5233421
BESHIR,2.019629,2.261918
SOKNIS,4.036537,2.5942004
ALUYEN,4.421578,4.058722
BEPCII,5.6033688,3.8906684
JOHXOV,3.266727,2.6265607
MAWGAS,3.9402087,3.0498154
APIKER,3.14482,2.8378117
MALWOO,3.200059,2.2872186
PIZZOO,3.9777606,3.248794
RAQJID,3.9921825,3.0977094
TIZHUG,3.2623732,2.5427506
VIJBIB,2.4849439,2.3950543
MIVGUU,4.02919,2.7397523
IDEYEY,2.3641253,2.540404
YAJDIZ,3.754355,2.8197477
JISPUX,2.8400524,2.6088605
OFIJES,5.5655446,3.6945066
BUFQEA,3.3056393,2.6140919
VIJBEX,2.354329,2.037966
VEYDOT,2.0933719,2.1585035
FEXRUV,2.3336484,2.3989534
MIBDEI,4.0033393,2.762914
COFSUO,3.658843,2.6829698
HASMEW,2.5886192,2.282883
ODIFAJ,1.58207,1.6389071
LIRZOD,3.3230546,2.4439166
DEBYEP,3.5908146,3.1911569
TIHQIK,4.6713786,3.1236362
ECIHAA,3.3010132,2.7651243
NECJEN,2.3001785,2.124224
LIDTEA,4.556819,3.2770941
TUDZEX,4.359264,2.5689003
RESNIO,3.4302673,2.7626052
QECFEL,2.8444061,2.5444071
ELECEE,3.276523,2.757587
KOHDER,3.9666038,2.9895425
PAXDEA,3.6504076,2.929309
PUMGIO,2.3975952,2.77832
KATSOO,2.0903788,2.1252105
MIXJEL,2.855835,2.5639973
UWIBIN,2.0035744,1.4852241
PAFCIJ,3.266727,2.6458755
BAZBEL,1.6256082,2.1557322
NIHRAX,2.700458,2.266973
VUXGEA,1.4715917,2.3281178
EGAJOO,3.5957127,3.0230346
AVAMIU,2.856107,2.6354983
DIWQAE,2.2713344,2.3773067
VASYAQ,1.8517349,2.0411024
CEKCIG,2.7233155,2.4708097
PEHPUP,3.5913587,3.1117463
WESRAO,2.5254889,2.3185008
UKEYEP,3.1731198,2.7994485
RIHVOV,2.1170459,2.5472412
QIJWUE,1.9205797,1.7656307
LEDROC,3.567957,2.899908
UKASUU,3.3997905,2.6230557
UWILET,2.779643,2.5574546
IZAHUM,3.5570724,3.0290096
RIFHOF,1.6549965,2.207643
PUJRET,4.211778,2.849507
BOMDIR,2.9573336,2.9660146
QUMQEU,4.2272887,2.8637807
QIXPIX,2.5780067,1.6514708
OBEJAJ,4.301576,2.955307
VAMTUB,2.1812646,2.1285534
LAGZOK,2.5897076,2.6797392
RIVPET,3.075703,2.277772
HETVAE,2.8874002,2.494841
YISBEH,2.7254925,2.4467576
NOFQEE,2.915156,2.7447681
LOVBOP,2.3646696,2.2558932
SICNEZ,3.1241393,2.5754776
WURRUY,2.86291,2.5717583
ICITAP,2.7165127,1.9773058
HIXLUY,3.7968047,3.1567264
SAVGUU,3.3592455,2.5808942
QORDEG,2.8267188,2.4546616
GERGUG,3.9353106,3.0448544
MASDAN,2.5660338,2.607364
QAPMUR,2.9725718,2.8334947
DUNGUQ,2.69556,2.4715443
MOZXEG,1.9867033,2.0476582
MOJYER,2.1423523,2.689438
FILHIS,3.182916,1.9928336
MESZUG,0.54041815,2.2765892
PEKTOP,2.731207,2.2645886
ADUGIS,2.9698508,2.6336498
EWATEC,2.8016844,2.3713284
JOGWEH,3.8485065,2.7573278
UHEFIY,2.604946,2.3641105
YASLUB,2.8316169,2.67517
UBICUG,3.7600694,2.938442
MOJRUY,3.6694555,2.786084
JINPEC,3.4430566,2.3696053
XOBLUV,3.350266,2.2693386
LIVDEB,2.4166431,2.7660522
NEBSOC,4.9799557,3.3260326
HETTIJ,3.040056,2.4911456
DOZJIM,3.121418,2.7353234
YUBJEK,3.0193753,2.7041385
GEJTUN,3.2574751,2.4966507
LULMUA,2.4961004,2.2196665
YAVCIJ,2.409024,2.4562728
WISJEN,3.6218355,2.8081958
JIZRUG,4.4057956,3.254342
YEKLUY,3.0457704,2.4367328
TALNEZ,1.4737687,2.2553782
NOQFEH,3.804696,3.0366592
SEBROJ,1.9926898,2.422503
LALYON,3.81422,2.9938033
ECILIO,2.5630405,2.4710588
OFOREG,3.2003312,2.0883086
IYUQUP,2.6509333,2.3995116
CEQFOW,2.7263088,2.320269
IKIXAD,2.17038,2.4164076
VABYUT,4.423483,2.4327521
WUCLIP,0.9442351,2.0975456
CUGWUX,4.019666,2.746452
MILQAB,2.9186933,2.5230076
AWODEV,2.920326,2.6939945
TUZYAO,3.049308,2.7895825
KAQLOE,1.6933646,1.8364323
QUBYUJ,3.86701,3.0273945
TOLKOV,3.1935282,2.8587651
SITTIZ,1.7714612,2.2063248
XANWEP,1.3083235,1.4009476
RINNEH,4.027013,3.0620284
HIZSUE,3.5148947,2.503576
XARFAY,1.6955415,2.376926
NOLHOM,3.6645575,2.6037216
VERBAV,2.8267188,2.378863
XITYEH,4.4800825,2.8581903
WOTDUE,4.3761353,3.4403806
FINYAD,3.271625,2.5702653
GUWKUE,2.4403172,2.3287578
OTULEV,2.9527075,2.3902738
GIZHOP,3.025906,2.9257703
MASDER,1.8533676,2.2737489
LEVBOD,2.905904,2.8093069
OJOGIE,2.7439961,2.3212905
AQEGOS,2.9314826,2.5008683
ASECAD,3.9959922,2.512868
ZAYCAF,1.6666974,2.0277424
LOBPIE,3.7500012,3.0272884
LIXTOB,4.139668,2.8018296
GIZHEF,3.751906,3.2360046
IXOJAI,2.8411407,2.338912
ACDIPT,2.3774588,1.8657163
YUGZAC,2.4337864,2.8499997
LAFQAN,3.3750281,2.9283097
OXEZUN,3.3750281,2.8019469
OJOLOP,2.8280795,2.6228442
RAQJEZ,3.591903,2.9134235
VETBUT,2.024255,2.180781
PAKVEC,3.5627868,2.964243
DUNGOK,2.8786926,2.376673
MEKWEE,3.2561145,2.8572953
LISBEW,2.652838,2.2603207
FEKHOV,1.9113277,2.3415277
IHOJUL,3.4419682,2.7834764
ETANES,2.3785472,2.4069438
RAXFON,3.1200576,2.3382096
DACRAB,1.4710475,1.7150892
WOJGAE,3.9543586,2.9171107
DOQTEK,3.873813,2.6555703
SEKXOV,3.6098626,2.7797937
DOTWEQ,2.9913478,2.261491
MOZPIA,4.2509627,2.5989017
AWOMOP,2.7059002,1.9535456
DEHZAU,3.3587015,2.706811
SOQYAY,2.616919,2.631583
PETMIL,4.877913,3.433635
COCTPU,3.4016955,3.0395207
OZETOD,2.1828973,2.197491
LEJXOO,2.062079,1.9971836
VOMYIH,2.7263088,2.4715652
TELGOG,3.620475,2.637091
SIYYEG,1.2841053,2.094754
YUDBUU,3.04441,2.9186773
PEHHUG,3.2754345,2.9865222
FAFJOO,2.658008,2.164993
HOKMEZ,2.5758297,2.9199414
SUCNUB,3.082778,2.534721
FURRIT,3.943474,3.180152
LOQVAP,3.1086287,2.8896701
SUCNOV,3.687415,2.5344946
JARJIV,3.5793858,2.8939602
NIGBEN,2.7456288,2.6706038
HIGBUV,3.4357097,2.786177
RAPSEI,2.712159,2.6486006
QURSED,2.8378754,2.7779481
RITVUN,2.2574565,2.4192882
XOXXOY,4.0259247,3.0949826
ZEVCUA,3.9246984,2.917289
QEWSUG,3.3282247,2.1435316
RINNIL,4.0003457,2.8446093
TCAMPT,4.030278,2.71697
LEQBEQ,2.3178658,2.1982088
ILEJEO,2.172557,2.856825
HEWNUT,3.19761,2.1060457
XILRIU,2.549979,2.5564947
GIDLUC,2.7565134,1.9913487
UDORIO,2.6727023,2.3479807
KODZAG,4.3676996,3.159205
ROGYIW,2.3886154,2.0927424
QAWBUO,3.1559765,2.4812102
NUSYEF,1.5189396,2.7037196
LEXVAM,2.6637225,2.5695934
OHABUV,3.4335327,3.031567
TADGOV,3.7334023,3.0842443
DEJHEF,2.0468404,2.761329
HOYNIS,1.7962236,2.2912884
ZAWGIN,4.3862033,3.5131664
NOKQEL,4.718182,3.5049696
MAZLUV,3.3812869,2.4333558
XUDYOL,1.2998879,2.0919778
YAQHEE,4.13858,2.8850367
EMAYEW,2.779099,2.4805996
KEJHEM,3.018559,2.7096195
MUXNIE,3.4757104,2.4905968
WESXOK,2.268341,2.219522
JUPYUQ,3.0844107,2.5706642
KITZAO,2.3069813,2.247824
JEWVOW,4.9192743,3.1633275
XENYUL,4.6689296,2.8514087
ZEFCIW,4.2316427,2.9369864
NETQAE,4.5987244,3.094654
VIMZAV,3.1508064,2.0382493
FOSJAA,3.475166,2.5310125
MAKGIO,3.4762547,3.067328
PURNIA,3.3304017,2.6565356
AQIQUN,2.7673979,2.5138535
WAWFAE,3.450676,2.3182206
GOMVEJ,3.9804816,2.9599817
SAVFIH,3.2112157,2.5467372
LABYEU,4.5872955,3.2651634
GOLPUV,2.1665707,1.9567022
VIYGUI,2.7418194,2.5608816
POCMEZ,3.6963947,2.717476
XIPNEP,2.611749,2.2754042
KIDDEI,2.5924287,2.2020707
YILTIX,3.770954,3.2944684
HAWXUA,3.0958395,2.549982
DOTMOP,3.4172058,2.9917035
RARPIK,2.5527,2.256968
VUMWIL,2.1831696,2.6376293
WABXIH,3.5429225,3.0126767
ILIPUP,2.9654968,2.6608682
RIPJEI,3.1518948,2.628717
AYIZOX,3.1061797,2.7513762
VEJVAK,2.8737946,2.5934534
JEGRIZ,2.9616873,2.3867865
CCPYPT,2.9208703,2.6630342
OZAGUT,2.8699849,1.9933498
OJOLOO,3.8626564,2.893742
SUKLOB,3.857486,2.7195182
TITGAG,3.1695824,2.393332
MUYMEZ,2.1975915,2.5289526
WIFQAG,2.9339316,2.7882774
DITTOS,2.8514812,2.120353
ACAZOU,2.867808,2.3754811
CUXKIR,3.6691833,2.5220222
DUKBIW,1.6819358,2.3337643
TOGWAN,2.9627757,2.8341126
XIKMOU,4.1339536,2.40914
CUBGAJ,2.8302562,2.4635706
NEVTIS,2.313512,2.4164848
DEZJEA,3.3518987,3.0794368
WEVCEF,3.8204787,3.119768
WIKWUK,3.9067388,2.8021822
KIHPUO,3.5616984,2.8306947
RADQIZ,3.2898567,2.636878
QEXKEJ,3.7440147,2.2444081
XIKJAC,3.1567929,2.8003013
QUGQUE,3.6150327,2.826581
MEZZOG,2.6656275,2.1070476
WISKOY,3.6093183,2.7898867
GENGAI,3.8006144,2.597487
DOMROM,3.0381513,2.451336
TUJLOA,2.2830353,2.380796
WIPYOM,3.924426,3.24582
KIVKIL,2.2620826,2.500117
UDOSIP,3.881432,3.1109996
XETVUN,3.7627904,3.0448446
FUFFET,3.1075404,1.9100578
FIHWOL,3.6335363,3.0879655
GIRGET,4.806619,3.0978007
VEQWOF,2.1989522,2.3979847
DOQNUU,2.4128337,2.4773335
FANVUO,3.369586,2.7759676
AFELIG,4.1954517,3.306818
JEYZAP,4.1576276,3.2500622
SAKPEA,2.765221,2.860504
ZEWXOO,2.1932378,2.1795075
JAFNOW,3.4860506,2.820512
XOXXUE,3.7391167,3.1965742
MAGNAK,3.4446893,3.0641282
TOQJIS,2.8101199,3.1420324
ZEPLEO,2.90155,2.3793688
QABHEI,3.8074172,2.9437988
NESSUC,2.8539302,2.530436
JIKCOY,3.4708123,3.037764
WAWNOX,4.024564,2.6618786
VABYIH,2.915156,2.335998
RIPJAD,5.1154685,3.1275184
BERDAE,3.885786,2.8110952
WUNYEJ,4.38838,2.9722679
SOTDEK,3.84769,3.097273
XUXKEG,3.7679605,2.573028
BOTYUH,2.803589,2.5888152
PASJIF,3.5236025,2.2791357
CEGREM,3.8800716,2.9455848
WOKNER,3.5007448,2.66033
LABYAQ,4.871927,3.2944274
QUFVIY,3.6079576,2.3116145
VIBXAG,2.657464,2.584186
OLUXOI,4.5976357,2.9170983
LISQEK,4.234636,3.0611868
XABRUP,4.0778985,3.0148044
DAFDAS,3.6378903,3.0310762
COFYED,4.158172,2.9260395
PIYTUN,3.3796542,2.4946702
BOKDAJ,3.3782935,2.5542345
XANWIT,1.6291457,1.5080202
EZOKIP,4.301848,2.9946864
LAGYOJ,3.348089,2.7099304
WIFVUD,2.554877,2.4561105
BOHPUK,3.7456474,3.0608938
MUYLUO,3.2678154,2.571712
RIVJOV,3.9772162,2.928683
VEKFUO,3.2133925,2.783241
MANSEA,3.2359781,1.9819924
YIZBIV,3.6577544,2.8322425
CUVBAW,3.6177537,3.2047977
LOPROX,2.1668427,2.7788215
NOTTOF,1.8247956,2.3293443
OPADIT,3.9127252,3.3771882
TOSXUU,2.5216792,2.7851565
BIBHAV,3.137745,2.751902
YIFBAR,3.1850927,2.7399526
CAZVIK,2.2547355,2.2896576
QIQNUB,3.0708048,2.6163428
SERSAL,3.4259136,2.765972
COZLOT,3.082506,2.3660288
KEYCAT,1.3619299,2.3555374
DOTMUV,3.3742118,2.9483123
PUBKIH,2.7951536,2.0004344
QOBYAI,2.8120246,2.807415
MUBCER,2.8699849,2.7777073
OCONIE,3.5333984,2.9950912
VAPXUH,2.5807278,2.4916024
FANWAV,3.3799262,2.684713
AJIHEG,1.8373128,1.8969094
LOQXAQ,2.6229055,2.5642798
FAJPEN,2.5649452,2.5263875
KUKTOZ,4.21069,3.1428256
TEFPOK,5.030841,3.538838
OLESUT,1.541525,2.0180454
BUBYIH,4.167968,3.4581244
SAVGOO,2.942367,2.486981
ASECUX,3.173664,2.183141
FEFTEP,2.346438,2.7879138
QUYHAV,2.9235914,3.3686566
QUDVIV,2.430521,2.4615595
KIVJUW,1.8413945,2.5209956
SAPTAF,3.3040066,2.346403
KIXMIO,2.7867181,2.5146828
QIXZUV,2.9197817,2.546854
SOLCAX,4.2833443,2.698535
WANYOZ,3.8716362,2.9000266
YEMROY,3.5113573,2.726465
PAHDOT,3.3704023,2.5614822
CAQWUN,4.3276987,3.0622199
OFOQIK,2.9437277,2.627596
KOHCAN,2.3992279,2.5288234
HUJMAA,4.235452,3.0019915
GECGIE,3.9293242,3.052141
MARRIH,3.790274,3.3978076
HAYNAX,2.6879408,2.3104491
OVIFEF,1.9543217,1.942648
MONBUN,2.1118758,1.9953343
HUVQOF,4.853151,3.3442502
NOXSAW,3.5524464,2.8722599
QAQFOD,3.6221075,2.6209548
NIWPOB,2.920326,2.378378
XOTRIH,2.9029107,2.6681557
ALIVAU,3.3301294,2.962937
GAWQOL,2.0618067,1.9639606
NORDAB,4.0422516,3.080717
BAXKOC,3.2174742,2.583852
GUQDEB,4.582125,3.3197556
VUKZIK,3.450948,3.421008
FURHOQ,4.6542354,3.1355553
BILKEN,1.6868339,2.2313762
VEWTEX,5.2637706,3.4727416
WIFFAS,3.9989853,3.4776232
TICRUT,4.6719227,3.2894034
TIHQOQ,4.249874,2.8905635
ABAJIZ,2.99679,2.4489074
EWANUN,2.0579972,2.3739703
EDEGUR,3.2849586,2.6918907
LAKVUP,2.7853575,2.4470186
NIVMOX,3.6479585,3.0470855
EMIFIP,4.5706964,2.9536903
YEMFII,2.9861774,2.4083493
KAHXAU,2.2065713,2.458555
IDATEN,3.64687,3.1096523
OJENEY,2.9627757,2.2486088
NEVKUW,4.7432165,3.0942066
DEWSAC,3.2414203,2.749419
QOPKEN,3.264822,2.5265367
WUZSEP,2.2305174,2.1016698
OTULOF,2.5464416,2.3152368
UYOROR,2.6052182,2.3396719
RAWGIG,4.906213,3.6801918
RESNEK,3.5578887,2.6721628
TUDTET,4.3111,2.8257399
OXACOH,4.9271655,2.8148096
WIJKUW,2.8852234,2.297103
XIVMUL,3.8781667,3.031686
YAGBAJ,2.6220891,2.7204902
MEZVUI,3.064002,2.8605146
HAVTOQ,2.74835,2.599246
VAYHEL,3.391627,2.6868386
DUXHEL,4.72308,3.003599
VUMPAV,1.8686059,2.2748075
TOPVUQ,2.267797,2.5013258
FODNOB,4.156811,2.7360592
AKUFOC,4.179125,3.4139552
POQROF,1.5124089,2.3051755
XUVZAQ,1.7581277,2.0915384
QEVQOX,1.6724118,2.077823
BOYHPT,3.032709,2.827597
DADPON,3.4572067,2.9018126
OZOWEG,2.495556,2.0475729
PAXFEA,4.3034806,3.2357373
CIGLIP,3.6716323,2.6564076
AJONAP,3.233529,2.7037807
NOHZER,3.0751588,2.201654
BATFOR,2.7927046,2.221261
AKUGIX,4.328515,2.9466395
XEQLOW,0.6522569,1.1219515
LABZAR,4.1690564,3.263488
KETTEL,3.5815628,2.78341
REJJAS,3.8640168,3.0307953
QOGBAQ,3.5472763,3.1203265
VIXRAW,2.658008,2.202013
ZAVLUD,4.3622575,3.0999954
BUBJIS,3.6640131,3.2558148
HIBLAG,3.3421025,2.7012331
EGUMID,3.3739398,2.652203
WUCXIB,3.7500012,2.6290598
UPIKEK,3.845241,2.6449223
LISGIG,4.160621,2.9529564
DOLWAC,2.6778724,2.4854567
PEHRIF,3.1489017,2.7671776
CATXAY,1.9790841,2.167263
BINYOM,4.1837506,3.2837791
DEGZEW,3.7396607,2.6498532
RINLAE,3.3470006,2.8647914
CIRREA,1.7034328,2.4472206
GEKQOF,4.092048,3.172664
QAJDUD,2.4797735,2.254959
ROQSUL,4.040619,2.9413817
VIBZEM,2.86291,2.839909
SESQAI,4.181574,3.3968112
KAMWEA,3.4302673,3.043009
MIRJOP,3.1339355,2.4485981
QOZNOK,3.121146,2.3649008
RAYRIT,3.1516228,2.61585
UYORUX,2.5910683,2.369523
YUWMOT,3.1083567,2.7764516
KEGVOJ,3.046859,2.8422194
YADQAX,2.5750134,2.360448
NILKIC,2.2890217,2.8983696
QEPGUO,5.197647,3.3225965
LEDMIR,4.8809066,3.0081449
UHUYIG,4.404707,3.1439319
CUQVOZ,3.6800678,2.8658822
MOPSOA,2.5156927,2.4652705
XEJYUH,2.774473,2.8500552
BUQCAR,1.5385318,1.9082872
EGAJUU,3.5007448,2.6492229
PABPOY,3.0846827,3.0355418
CLPYPT,2.8890328,2.5994675
VEJXAL,3.1431873,2.5845177
TEQSAJ,2.549707,2.6321628
FOCBOO,3.0917578,2.3840399
WIBHUK,3.321694,2.472333
VERGEG,2.2365038,1.9979789
EHISOF,3.034886,2.5915666
SAHJEQ,2.6667159,3.178644
LIZYUP,2.3690233,2.438353
QASCIY,2.8090315,1.9434576
PUNKEQ,3.1850927,2.6173115
POKFIG,3.453397,2.1150289
NABDEB,3.7197964,3.193103
CAXSEA,4.313821,3.2975721
BOXMIL,3.1230507,2.6222596
RIPJIM,3.05856,2.6351676
KIVKEH,1.9132326,2.4064882
ZEQXEB,3.0177426,2.7128053
XUDXUQ,1.4256046,1.6781327
PAJRID,3.4210155,3.038549
COFTEZ,3.374484,2.6862483
CAZWEH,3.0727098,2.0972738
PUZHID,2.4882092,2.2185445
UFOQIQ,4.02538,3.5388312
XUVZEU,1.9605803,2.2940314
IZITES,3.120874,3.0234165
NADBID,3.9453788,2.8914156
RUFVOD,3.4204712,2.9475894
TIKWAN,3.9042897,3.114954
AKUGOD,4.280623,3.3856368
SEVJEK,3.7102726,2.5576143
KADTOZ,3.4569345,2.8004782
MAVTOU,2.7995074,2.5622287
NUFREL,3.2248213,2.8955357
HAYSAD,1.3499569,1.972755
WESQUH,2.4288883,2.3670504
UWULEF,3.0890365,2.724628
YOMQEW,3.864561,2.648663
ACOXEX,3.778573,3.2562795
HUPHAC,2.6487563,2.625089
ISAMIZ,2.9499865,2.341869
VAPNUY,3.307272,2.5470018
JIMKOI,3.575032,3.2065992
RULWEB,1.3330858,2.7333357
RAGSUO,4.629473,2.9518871
JASWEI,3.207406,2.7478025
OXECUQ,2.844134,2.4017236
JULGII,5.0477123,3.1987298
NEXHUU,3.006586,2.4970465
EHURUV,3.0724375,2.7059624
GAXGIV,3.7119052,2.3643477
MAZRIR,3.0797846,2.6193938
COHDOT,3.6768024,2.7699265
PIFDOX,3.432172,2.833622
IGOROL,3.5717666,2.6511238
KIDKUE,2.287389,2.4011786
PARKOK,3.9872844,2.8755772
FANWEZ,3.4547577,2.7574997
OYOROK,3.0321648,2.8144293
ZIWCEQ,2.8356986,2.4737382
OYORUQ,4.012591,3.2168803
SAVFED,3.532038,2.7750838
OGOJAV,2.621817,2.7856236
FIZRAI,2.7380097,2.1964602
EYEVUZ,2.757602,2.639279
INOZER,1.6397581,2.105942
PANGOC,2.4199085,2.7665577
YOQVIM,3.8120432,2.5948935
ERAGUB,2.9761093,2.8151498
KOPSUF,3.2139368,2.5453534
QUWBAM,4.5750504,2.823249
XIVNAS,3.0898528,2.552494
PAHTEA,3.5282283,3.0883033
YARNAI,1.7194875,1.1454751
BINPUK,3.0555665,2.6151936
ZOBGEC,2.3243966,2.161184
XUHMUI,1.7676517,2.2511554
MOYDOT,2.2745998,2.046739
LALYED,4.077082,2.711938
NIYMIS,2.4585488,2.3875146
VAPPEK,3.5899982,2.5056615
CALZUN,3.8144922,2.789218
HAXZEM,3.7412934,2.680432
XIXTIJ,4.073272,2.9383507
DOKWOR,1.7866997,2.219173
NAFHEK,1.5801651,1.6631505
DOXPEL,3.2612846,2.446134
LATTUW,2.779099,2.5777135
TASDIB,3.9529982,2.7565079
BEPSUL,3.326864,2.98127
WOPRAV,3.274346,2.5769668
ONABOW,2.200585,2.4580402
WOGJEK,1.844932,1.9849298
FUFFAP,3.1709428,2.176352
DEJSER,3.267271,2.839837
CAQSEV,2.6590967,2.0347013
DIRVIL,1.9616688,2.374021
PETGOM,3.1962495,2.6611915
NEFXEC,3.044954,2.5146074
NOQQUF,2.709982,2.9930375
UGETEG,1.9624852,2.3512926
GICVIA,4.125246,3.0350688
PIQTAN,3.6811564,2.3657894
HUPDOM,3.7442868,2.9957702
BUPKAA,3.8996637,3.168487
WOPZAD,4.3290596,3.2152672
FINXUW,3.3750281,2.6501577
JEXHAW,4.485797,3.126264
USOVII,3.0357022,2.115919
JISPAD,3.166589,2.6389508
WIBDUH,3.8757176,2.912343
RUJXID,3.345368,2.8017411
LIZKAJ,3.6188424,2.319351
SEVJAG,3.2389712,2.4268694
WEHROR,2.2639873,2.1725855
SERJEE,3.1431873,2.7447217
DUGRII,2.267797,2.6314845
EJAPUA,3.5954404,2.7986054
FIGNOY,3.0484917,2.3453162
ASUPIO,4.3867474,3.1611123
PIGBUE,3.4093146,2.6981595
IRIMUT,3.240604,2.7712798
IJEHIO,2.0389493,2.0711436
TODMAC,4.062388,3.2073138
HOMMUR,2.262899,2.5144882
OCOYIR,2.1116035,2.286912
TEYHEL,2.6520216,1.9752328
OKOQIO,2.7235878,1.904388
ZOXJUT,2.6446745,2.5915675
PUPWOM,3.8504112,3.0210345
NEVLIL,3.6057808,2.4758418
ILOMIG,4.2408943,3.4485626
POFJUP,2.465896,2.55926
POPHOR,2.8971963,2.383597
FOCSIA,3.7388444,3.4286404
JUPZIF,3.981298,2.812484
XIPJOV,3.3597898,2.4859638
BULJEY,1.4563534,2.1494954
EQAFEI,3.7676885,2.971342
DECZUH,3.9848354,2.9965768
DUTGOO,4.935057,3.100883
WIPYUS,3.317068,3.0603192
XONLOD,2.5211349,2.3779092
FAPNUF,3.534759,2.7605402
VEMKUU,3.1717591,2.5185938
INOYUG,1.656085,2.1211436
LALNAN,3.998441,3.1985676
VADDOW,2.5780067,2.717417
NEYDEA,3.6982994,2.8293042
VAXMUD,3.3834639,2.487353
JISPOR,3.0329812,2.7705834
KAMYOP,2.9535239,2.4794004
DASFOU,1.3026091,1.8644271
TIMPPT,3.4523087,3.1886308
PETLIK,4.568792,3.3370974
LOFCIV,2.258273,2.3081894
OFENAO,4.00606,3.2701542
IZABAO,2.4797735,2.6510315
WIFRAH,1.7001674,2.1384053
JUJKUW,2.7810037,2.3774219
MAYZUH,3.266727,2.519463
MOBLUL,4.284977,2.808736
ZOGYIG,1.6299621,2.1809113
MAHZOM,3.152439,2.7629871
BIFHAZ,3.754627,2.6681316
TULHAJ,4.33042,2.9520617
XILLOU,3.9529982,3.1641316
HOSYAR,2.9431834,2.5740492
BOLTIG,3.8768063,3.6477563
VAYLIQ,2.2182722,2.3610263
CAZVEG,2.1853464,2.262466
MIWWEW,3.720885,3.0238383
AQAFAB,2.1360939,2.3869936
AXIKUP,4.7834897,3.391275
WUSHAU,2.2618105,2.2058878
KEBXEV,3.701837,2.831193
DOZJAF,2.8639984,2.3835213
NOPSIX,3.1227787,2.5117793
SOTVUT,3.4572067,3.024612
UKELED,4.084157,2.8123605
KODZEK,3.345912,2.7993035
DUXTUN,5.4286714,4.3332267
OVERUD,2.6539266,2.453585
KOMCUN,4.540764,3.46178
COTWIS,2.604946,2.4126532
TOBDIA,4.0215707,2.909341
YUWMUZ,3.46537,2.7446506
APIFAI,5.0240383,2.6800141
CIJZAY,4.0947695,3.0622575
FIFKAH,1.7556787,2.097139
MAWHUO,3.9940872,3.0609152
IBIZUP,2.934748,2.3565164
ZEKLAC,3.6670065,3.0345082
QEWZUN,4.306746,2.6845024
ITENAY,3.1600583,2.8499715
ZIJJOR,3.6746256,2.6766388
FORKEE,3.1358402,2.7289197
OMEGOC,3.7728586,2.9878645
FADRAD,5.19928,2.9279742
KIGQAT,2.470794,2.1904716
ZEKLIN,2.8601887,2.499768
YILMAI,2.6778724,2.433495
TOBDOG,3.960073,3.0373871
PESDEX,3.4474106,3.2059548
IYUDEM,3.2185628,2.0172067
KIZZUO,3.9285078,3.0855367
UFORAI,3.0027764,2.7578359
VOMGOU,5.5486736,3.1291034
SAWGII,2.102896,2.3903713
SAFYOQ,3.620475,2.6787581
RUMCUY,2.7665815,2.6761198
FOTREL,3.4117637,2.657331
KIRVEM,2.9532518,3.4089272
MIBDAE,3.8460574,2.3813088
YUMROO,4.0229316,2.598836
FIXVAL,3.859663,2.8742828
DODSAS,2.0079281,2.3178186
QAPFOC,3.7864645,2.7397952
CAZHIU,1.8642521,2.6196508
MOJYAN,2.213102,2.6395576
FIRXOW,2.7230434,2.2906697
MAWZAM,3.0095794,3.2039099
KUZSUV,4.213139,3.4283333
XAWYUP,2.776922,2.562317
EKOWOQ,2.9630477,2.867649
GIQTUV,3.8610237,2.8636124
MISTOA,2.3292947,2.7087135
EHISIZ,2.9007337,2.404258
TOGHOO,2.7050838,2.1857932
MALXIH,1.6922761,1.5060228
BAMVAO,3.039784,3.0257447
VIGCEU,3.5113573,2.643914
YOGCUS,3.9208887,2.997562
QAQCAM,3.1222343,2.5658884
XUVYUJ,1.8754088,2.097942
JEHRAS,3.1105335,2.352523
MOMMAD,3.7442868,2.530742
SOYVUZ,3.415029,2.5610354
UGULUE,2.774745,1.8084463
IKIYEI,2.143985,2.3377912
BOHRIA,3.1440036,2.5227375
DEPBEF,2.7088935,1.7168652
JOBPEX,4.286882,2.5661058
PEXHAD,3.7347627,3.0016162
KEYKUV,3.967148,3.1722968
FIFXOI,3.9007523,3.0829246
YEDCER,3.1363845,2.5819767
TURJEW,3.3108094,2.3394165
NIJQUS,3.8417034,3.0098145
AJAZUG,3.8876908,3.1526704
TERDUR,3.0555665,2.2378862
SESZEV,4.645528,2.9294617
FOQZIU,3.071077,2.852647
RORQAQ,3.142915,3.0669663
LALGAG,4.069735,2.844939
MACLUZ,3.4738057,3.1120045
XAWWID,2.944272,2.762639
QEPHAV,4.268106,3.1894975
ZIBKOM,4.6545076,3.6026301
PEZLOX,3.1913514,2.8682826
TEMSEJ,3.6678228,2.9716372
GIFFOQ,2.7235878,1.9050785
HUSHIM,1.5856075,1.9626702
LAPMEV,3.2035966,2.6881316
MELLUN,2.5401828,2.697529
GUFKOJ,3.1456363,2.5633552
LABYIY,4.67927,3.0396724
JODTEC,2.8313448,1.6524421
RENLIF,3.1940725,2.5340924
OXAFID,3.5910866,2.409744
QENNUT,1.727923,2.1432335
YEZLOE,3.2702644,2.9760969
DIFHAC,4.653419,3.007456
HIKHUE,4.7426724,3.129809
KUFPEI,3.2016916,2.5972357
JAHWUL,4.3625293,2.9072535
DEBQIL,3.2357059,2.60797
LEKRAV,3.5603378,2.4642766
ROGTEM,2.8574677,2.8259966
LALXUS,4.1666074,2.9607143
FBUPTB,4.2841606,2.8824756
RAPWOW,3.5173438,2.965535
QISJEH,3.6305432,2.7876742
CABMAV,1.9330969,1.8586206
IGEXID,2.843862,2.2750702
SAHHIT,2.0343232,1.9847763
ITUNUH,4.0814357,2.958308
BOHRUM,3.8066008,2.8064427
JOGSEE,4.112457,3.1622212
KOCMOF,2.414194,2.35708
UHEGAR,2.690662,2.608581
QIDWUX,3.1801946,2.7175345
GUGJOJ,3.696939,2.6937714
NEXHOO,2.2778652,2.1951346
HAYREE,3.821839,2.7278256
UDIGEU,3.6090462,2.6445956
VACTAX,2.7559693,2.6848578
KASCUF,2.8155622,2.579082
YIXWAD,3.2517607,2.769231
MUSMEU,2.9165163,2.72864
WIBCIU,4.053408,2.9335785
WIFQOU,2.658008,2.636897
XIWDEN,3.2147532,2.3728545
KAFSAO,1.723025,2.2873054
ORONEP,2.5989594,2.7987957
DILJAJ,2.819916,2.2333245
VIKTUG,2.6258988,3.193834
KAVZEN,2.2566402,2.1855922
JIKZOV,3.1293094,2.6994774
MAGSAP,3.025634,2.1578553
UNIMIN,3.8615677,2.6306052
YULBOY,2.810392,2.9791765
GATPIC,2.9137952,2.1760707
TACHIP,3.150262,2.7332125
LIHYOQ,4.1404843,3.0369608
OZALIL,3.3973415,2.782858
FURREP,3.4210155,3.0311906
LIDXEB,3.9519095,2.4593427
SIGHAS,3.386185,2.6663923
HEDWES,3.5165274,2.74754
ISISIM,3.7023811,3.123291
BUJDUF,2.5273936,2.431536
NAYFOJ,3.3559802,2.385983
IDACEX,3.328769,2.5347192
PITVIY,3.212304,2.7844636
YARGUV,4.148376,2.183159
EGEYUM,3.5851002,2.957646
NIZCUV,2.516509,2.8184028
JEXZES,2.9350202,2.64026
KIDKOY,2.6531103,2.6456993
HAFXIY,2.4209971,2.6213758
LIYTAQ,2.7059002,2.7045834
SEDCEK,2.2792258,2.2699718
LARJIZ,3.16414,2.6857357
XIQVIF,3.3325784,2.0936413
QICLOE,1.8944567,2.0034318
BAWYOP,3.056655,2.2181134
INOSAG,2.3687513,2.5579178
FEKLUD,4.591105,3.0914295
PEGROI,2.351608,2.4527755
TASVEQ,2.6808658,2.1589105
JARCAG,2.8743386,2.5878503
ILAGEI,3.3717628,2.668887
JEBHII,2.7638605,2.6169136
VAJNEC,4.382938,3.602136
MUZZEO,1.0601556,2.3225036
KEJQUN,2.8122969,2.3351862
CPENPT,3.7685049,2.7597783
GELNES,2.409296,2.373797
HOJKEX,3.139922,2.1728024
KEJMUJ,3.0982885,1.8749893
EVEWIL,1.4802994,2.0765114
BEKBEB,2.1981359,2.1255312
QUMWAW,3.4038723,3.0128584
XORZAG,2.160312,2.501724
GIRMAY,3.9078271,2.6495762
NUQTIE,3.0629137,2.437589
ONIWAL,3.185365,2.558306
VUTCES,2.3222196,2.272127
RIZTIF,2.4906583,2.6898625
BIKSOE,3.0305321,2.7099977
BUWSUI,3.3777494,2.9693632
LEJYAD,2.896108,2.5693321
TACVAU,3.3987021,3.1349473
MEJHAM,3.1899908,2.2203832
LAJWUO,1.6473774,2.2373412
FEWRUU,3.0286274,2.653472
QOQMUE,3.7480962,3.055314
EHIDUW,2.638416,2.3336282
ISAKOD,4.0275574,3.1686554
ZUTWES,3.9913661,3.560659
MOJSAF,2.416099,2.6343355
RUFXIZ,4.165791,3.144712
NIKKEZ,3.4411519,2.7443697
HILQOK,2.7377377,2.5946422
QALGAM,2.229973,2.324204
TAXBOM,2.688485,2.3104568
FEKHOT,1.603567,1.7165527
KEKKEQ,4.2071524,2.9898434
CILFEI,3.314891,2.5439093
RITVOH,2.8623657,2.4355285
YATNEN,3.4123077,2.6107695
ENOXAI,2.765221,2.1624298
ROQQIX,3.6912246,3.0142047
FEKFEH,3.81422,3.0796049
ROMVAQ,3.9516375,2.9802847
OXIBAZ,3.126044,3.0002108
NUHBOH,2.8980126,2.6551828
FUZSOK,2.3175938,2.2448924
ZABFAJ,3.5636032,2.5442362
USIRUK,2.9630477,2.8218307
SONPIW,1.8955451,1.3159488
FIRXIQ,3.042505,2.2885122
DIRNIE,4.306746,3.090534
WIHYEU,3.1189692,2.88675
OMUCAC,2.0849364,2.1282754
BOSQIJ,3.5831954,3.3559444
GIRDUJ,2.5510674,2.320417
GASKOC,3.8577583,2.3213964
ROBFIZ,2.5804558,2.41141
VUBJOR,4.0471497,3.0148568
HISXOX,4.6120577,3.1071918
ZAGZEM,3.5614262,2.725238
ROLWUL,2.750799,1.6805564
RUVKUQ,2.4939237,2.664692
NEJWAB,3.385913,2.3791468
BOQHIA,3.555984,2.5963366
GUKDIA,2.8522975,2.6848452
WAJYAK,3.6340806,2.3731933
AGICEY,2.5026312,2.529158
AJIYEY,2.282491,2.197554
COWZUK,2.6634505,2.5167663
QOJNUY,3.448771,2.5436351
ZUXRAL,4.824579,3.177596
SEWMUD,2.514332,2.3997867
PUMFIN,2.2830353,2.586565
JUZLAR,3.2944825,3.0908804
MIKFUI,4.8071637,3.140064
EKOWAC,3.8580303,3.0386767
YIJDUR,2.960871,2.6840518
SODFAV,2.8122969,2.6958368
EZAXOU,2.492291,2.5258849
SULTAW,4.3051133,3.0730536
TAVVUH,2.0974536,1.4044591
FOHJIX,1.9981321,2.533375
TASVIU,2.43297,2.202899
MIZDII,4.2912354,3.0949855
MAQBIR,2.6152864,2.4893951
ZEDREI,1.9461583,2.6356614
QICYAD,2.1608562,2.6323044
MUDCOF,3.3976138,2.6556115
TAQZIV,4.206336,3.0545094
VAPCAS,3.3045506,2.6911395
LODCIQ,2.9916198,2.7040932
IGOJAQ,5.1391425,3.0033495
LACQOW,2.5162368,2.4806514
GIJVIF,4.0370812,2.8013494
SEVNUF,3.0525732,2.5194738
WOCRIQ,2.014459,2.4526782
HAZLIG,4.409061,3.086845
QEXRET,0.16843848,2.1315627
YUWNUB,4.7472982,3.254705
XANWUF,1.7257462,2.013864
XEKWIT,3.0384233,2.4272537
ZAXXUR,4.21586,3.5367165
AXIKID,4.464844,2.8489578
WUJXEE,3.9592566,3.1284218
SOBRUX,1.0280461,2.150379
RAHSIE,2.5771904,2.1865008
EPEBIL,4.0612993,3.1384833
IYEJIG,3.4743497,2.6936936
XAWYAX,2.635695,2.559136
VAMYOZ,2.8019564,2.5802786
NAFYUP,3.7646954,2.881869
KALZUV,3.565508,2.6495419
ZOVLUR,2.5341964,2.3115933
OMUBUV,2.4204528,2.247278
YUHPAS,3.512718,2.8833413
GOLQEG,2.8857675,2.1218777
GIRDOD,2.5121553,2.2869701
QIGQOO,2.626443,2.3919473
WEMYEV,4.1761312,3.1368368
CAVBOR,2.8427734,2.0950952
WEQYOG,3.6942177,2.5318475
KOJPEF,2.5431762,2.6173043
PAJTUP,3.8898678,3.4384596
UGEVAE,2.3260293,2.3497066
WACNAQ,1.2302268,2.2122307
HUQJIM,4.014768,2.6177487
YUDWEA,3.6261892,2.8066366
NAJQUK,3.9538145,2.8947575
AMAMOQ,3.7323136,2.7669873
RIFKOH,4.8047147,3.3926532
NEVLEH,4.1546345,2.8161528
NODNEB,3.7957163,2.8629944
VENHAA,2.2794979,2.3907523
CARXAU,1.9371786,2.5686333
HAVPIG,3.4846902,2.7948735
WEQLEM,3.4027839,2.8791592
MADZUO,4.127695,3.0171993
HASPAS,3.6710882,2.4595885
HERXOS,2.6901176,2.1992629
NUQTOK,3.0577435,2.4365392
NODLUP,1.7752708,1.7177509
WURROS,2.86291,2.5718343
XIGBEU,2.741275,2.2720568
MASBOZ,3.8082335,3.3120341
REBQUN,2.977198,2.4015527
QAVNIM,3.2974758,2.7433693
SITTEV,1.7641141,2.2445076
VUPXIO,2.2697017,2.3973856
GIVHEY,3.1557045,3.1450367
VIKZEV,3.477343,2.975046
GIQPUS,3.2958431,3.1451232
ONEQOO,2.3358254,2.3243573
HINCIQ,3.353259,3.0884826
QAJREB,2.5480742,2.89682
CIGMOW,4.0564013,2.8851585
CAQXEY,3.2846863,2.9554362
CUCGUC,3.450676,3.006313
YIGKEE,2.5366454,2.8729358
CEDSAI,3.385913,2.74858
VOZREJ,2.760051,2.2584405
OVUHOE,3.7883692,3.1178784
LALXOM,3.9804816,2.9697466
PEKSEE,2.6653552,2.3095036
CODXOJ,3.9018407,2.9802153
TEXJIQ,0.79756576,1.271061
RASQAD,2.8163786,2.2995214
YIBWAJ,2.1069777,2.8618832
OMUCEG,2.330383,2.2634726
SAPROT,1.6558129,2.5601552
RAPVUB,3.8373497,3.0381548
FOTSOX,3.5450995,1.7539679
OGOMUT,2.354057,2.5125377
PUNGIP,4.1285114,3.0130439
KEQSUV,4.50294,2.4346125
HIYWOE,2.6204565,2.0555193
FUBRIE,2.8756993,2.375355
DTBIPT,3.345368,3.2035627
SIJQEJ,3.0392396,2.5084114
NUVNAU,4.69342,2.8720415
GUFLAW,3.224005,2.4677944
OTUHUH,3.9274194,3.1133585
GIDMOX,2.7350163,2.124873
CONFER,2.6610014,3.2651076
IZAYEO,4.363074,3.1101775
SOMNUF,3.6242845,2.832631
FULNEG,3.1380172,2.756417
RURZUZ,3.7483685,2.7899144
WIMFIJ,2.7284856,2.4610133
MAMGUE,2.671614,2.7616086
NOPFIJ,3.7249668,2.5678298
ZAWNOA,2.0588136,2.6195745
EWATAY,2.8468552,2.173122
XUVKUV,4.2376294,2.736223
SUQSEE,2.1181343,1.965117
UVEMAL,4.600629,3.2640347
SIPQUD,4.3130045,2.6568866
HARSIC,2.5848095,2.395315
TIHZEP,1.7505084,2.0285165
LAJYIE,1.9613967,2.2523313
XUKWUV,4.2150435,3.079026
GAMJIP,2.9782863,2.2908688
MAHZUT,3.0435936,2.5373201
GOHZOT,3.2504,2.975192
LEYGED,2.4773245,2.18847
MEDNOY,3.137745,2.8043616
GAJMOV,1.8381292,2.7073452
DOKWIL,1.8416666,2.2106705
IMOYUF,1.1273677,1.8129983
ACEMEC,3.943746,2.603183
XIRQIY,3.293394,2.689422
GATMIY,2.8161063,2.3112938
CAHCOE,4.3987207,3.2627237
DIDHUU,2.7192338,2.2843366
VOCLIJ,3.2569308,2.3313038
TICSEE,3.5812905,2.7991192
OGAWOL,1.2343085,1.9572041
CEQYEE,2.82046,2.7976356
MIVTES,3.900208,2.8624058
BONTEE,2.8661754,2.691046
GENLUG,2.2288847,2.298235
AZAVAA,3.2729855,2.521945
HOWWEW,2.7859018,2.2150962
PUFQIQ,2.249021,2.3087518
LIYGUW,1.1826068,1.6660429
HEKJAI,4.1649747,3.0904617
ACUWOK,3.1581535,3.0222287
SOPJOW,2.4079356,1.9531507
QEKCAM,3.8795273,2.9212646
RUNJIU,2.9973342,2.286912
GOHCEL,2.0960932,3.0300567
OCUYIW,3.384008,2.6803515
ROLXOG,2.7502549,1.6810348
VAZHIP,3.3380208,2.4575062
PARYUF,3.4033282,2.511682
BAKKUT,3.4547577,2.9236932
DACRIJ,3.558705,2.8566833
QIPQUB,3.1323028,2.4021518
YOGWOJ,1.9858869,2.1801112
AFETUD,3.4014232,3.027489
BEJKOS,4.9176416,3.078725
TUXPUY,2.9189653,2.187311
JIMYUA,2.386983,2.1501527
NIXKIR,3.840615,2.7364216
ROSSIE,3.2901287,2.2684917
JEBHOO,2.793521,2.5679564
WIFQUA,1.7271067,2.2474928
KEFKIQ,3.0498521,2.4162734
NIWPOA,3.3110814,2.5421913
OXUYOW,3.0465868,2.7107224
SOYQAY,3.1820996,2.31887
GEKFAD,3.0963836,2.210601
KAQHIW,2.6465795,2.2269151
GERWIK,1.8133668,2.9006312
MAWLOO,4.059939,2.300814
LEYYAS,1.7551345,2.3261256
ROJPAH,5.622961,3.467193
MIBDOS,2.3867106,2.4754837
ROJWUJ,2.5214071,2.3572075
SIRYUN,3.3159795,3.1547682
OJOLII,3.859391,2.894896
DEJBEA,2.8220928,2.5340064
WIVHOA,2.8512092,2.4760332
LIYGEG,3.4670026,2.727121
FIBLOS,3.1548882,2.6267247
PEQZES,3.288496,2.3473058
BELMOW,3.4479547,2.7639413
ZIBJOL,4.9168253,3.2498074
MOMLUW,3.7083678,2.794709
MIRKEG,3.4161174,2.7573926
SOQYEC,3.1007376,3.0564408
ATAKOX,3.0324368,2.6498818
TIDYAI,2.8386917,2.7276063
MUHFUR,2.733928,2.6703424
CUKLIE,2.7736566,2.726556
VERNUB,3.8466015,3.023454
EYIQEJ,1.7115963,2.2543197
OTIWIY,3.0438657,2.5220585
KALZEF,2.129291,2.0974088
HOQWEQ,1.4977148,2.444368
XUSSIO,1.4661494,2.1649928
COJWUV,2.3018112,1.9971721
PAWWIU,3.0740702,2.543759
HEBZAQ,2.4245346,2.738584
QAKXIM,3.1780179,3.1075878
UBIXIM,3.8253767,2.5643086
JARJOB,3.580202,2.8939278
XAWCED,2.4958284,2.1200647
SOWZUZ,3.6631968,2.6830523
BENKIP,3.6675506,2.9177597
QIFWAF,3.608502,2.9555373
HEMFAG,3.1557045,2.6376731
WISBUY,2.8000517,2.254557
MUGCUM,3.0482194,2.269185
YEVDUZ,3.0520291,2.9852598
NIHBOV,2.8435898,2.8208013
MIBCAD,2.9004617,2.8025894
DIMMET,2.5252166,2.4579008
UZITUT,2.8765156,2.3061666
QIKQOT,2.5058966,1.9861078
CPEAMP,3.8534045,2.7914531
WAVYAW,4.484709,3.2314086
FIXTUD,3.843064,2.9351583
XABZAC,4.1339536,2.8557546
RARPEI,3.5668685,2.7845054
ZONVEF,3.0544782,2.0016947
FIKQUL,2.8299842,2.5281575
AHONER,3.842792,2.5151567
BOZDEZ,2.9320269,2.4751496
HONPAC,3.7342186,2.873062
ARORII,4.7617207,3.1280396
ITUFEK,3.1671333,2.678733
KUFNOP,2.7342,2.550561
WUXFAY,4.3102837,3.1650083
KAMQAQ,2.8675358,1.5587461
UNIVIY,2.5839932,2.2221513
FIFNIU,2.7306626,2.6472113
DEQMES,2.9815516,2.5407748
EMEGAE,1.8631636,1.8490716
OTIWEU,3.2640057,2.8319564
XIXFUG,1.0549854,1.4749895
EWITOU,2.8291678,2.464548
OGOKUR,3.9061944,2.9148536
AVIVOS,3.1486294,2.8068767
JILPEZ,3.5483649,2.764598
YIJVAP,0.47619927,3.226578
POQRIZ,1.866429,2.1386664
EXAHER,4.6575007,3.7639344
GOBBUW,3.8534045,2.8648334
DOCQIV,4.6327386,2.7654855
UVEVOH,1.7486037,2.2428477
QACNOY,2.94917,2.4727304
XEXMOE,2.5997758,2.3663316
ODALIR,2.3554175,2.3032155
DISSON,4.1334095,3.530414
LUDROT,2.5437205,1.5793184
XIPJAH,3.1845486,2.1542842
TADSAV,2.7799153,2.496497
OFOQOQ,2.9157,2.6678853
FERXOR,2.910802,2.4158869
QERYOE,3.1774735,2.6424
TEQRUC,2.213102,2.7236934
FUBQUP,2.9929805,2.7171962
KIDHOV,1.5624778,2.222005
RERGIG,4.425388,3.1006515
GUFKID,3.106996,2.5632715
IMOBIW,4.4893346,3.0533803
NOKRAI,3.8493228,2.6019325
XAFHUK,2.0302415,2.4072115
NUHKOS,2.4751477,2.3564248
TEWSIY,3.9962642,2.6237617
SULSOJ,4.262664,3.029285
WIKXEV,4.1187153,2.5810318
GIDMEN,2.5366454,1.9769423
SIPQOX,3.704286,2.8504725
VUGDUX,2.7205944,2.8685977
RAYZEY,4.0585785,3.0020003
DURHOP,1.1807021,1.6779888
NEKGAN,4.151913,2.5721004
FEMQAP,4.122525,2.6265779
SASBEW,3.9037454,3.1117604
PORCIK,3.6577544,2.7517881
MEDNUE,2.7992353,2.6979618
GAQGUA,2.5967827,2.3946116
GELLUE,2.5747414,2.223962
UZITED,2.9078088,2.2513835
NIJCEP,4.162254,3.3995776
SIXMIY,2.0539155,2.253055
EKOWOS,3.326864,2.831184
QABLEK,1.3230176,1.8300948
KAHXOI,2.590796,2.6237552
VAZHOV,3.1352959,2.1113298
BIHQUF,3.9682364,2.960569
CIMMER,4.490695,3.1036637
BAZTAY,4.0234756,2.420686
RIJCEV,2.9135232,2.405215
SEWMIR,2.758146,2.5208833
QEHZOS,3.2819653,2.6144803
BERTIC,2.0370443,2.156157
KEKLAN,4.0906878,2.9465551
QUBPOS,1.2114509,2.1233768
EWEYAG,3.711633,2.8931127
BIGXOF,2.3401792,2.3228636
MOMFEA,1.2998879,1.7650379
IHUCUK,2.6411371,2.0967383
OWELEI,3.2253656,2.5785534
MEXCUQ,3.6090462,2.9644349
UHEKIC,1.8639799,1.576195
ZAVTIC,2.9265845,2.292921
FODFAG,3.5899982,2.9078617
LECQOA,1.7581277,2.6275606
DELVIZ,4.4014416,2.7294788
TOFNOT,2.0585413,2.3287888
ZIHQUE,3.3010132,2.7788272
XEQBEB,3.0599203,2.7169802
SUJVUP,2.9284894,2.3093085
OXEDAX,2.731751,2.4326072
BAWPEV,3.1483574,3.075946
OLUYID,3.152439,1.6945156
VEMQEL,2.062351,1.8989115
PUFQUC,2.2664363,2.4152539
QIHTOQ,2.8302562,2.7718134
XABDAI,3.6787074,2.7390969
JIYWIX,3.6871428,2.8069174
KALZAB,2.097998,2.1596682
MALVUT,3.204957,2.3919384
EKINOC,3.4416962,2.536258
EKEWIB,2.839508,2.210351
RAXFIH,2.4827669,2.371705
SIMZOG,1.8631636,2.2804894
YASVIX,2.9222307,2.7902958
BEFYET,3.2362502,2.5520315
BATNOA,3.6748977,3.0098186
BIBFUN,2.1477947,2.4018312
BANDID,1.3643789,2.0645094
DIGVEW,2.9505305,2.375426
TIYSEZ,2.7774663,2.1454308
ROBPEE,3.2253656,2.7187304
LAGZAW,3.0838664,2.4629383
XEMWOC,3.3513544,3.0094783
MAKGEK,3.6272779,3.1913133
JOPFIG,1.574995,2.1401694
NAYXAN,3.6985717,3.0282857
JOZQIY,3.783199,2.8890905
FIFXIC,3.071077,2.7452674
IPOQEK,4.17722,3.4251735
NABCUQ,3.7753077,3.168759
GEFVAR,3.5301332,2.253056
YIDBUL,2.3856223,2.2848964
SOYMEY,3.7989817,2.9882228
NETPUX,4.6923313,3.164543
PEMCUH,4.105654,2.5117369
CAVYEE,4.027013,2.9496894
MOMLUV,4.143478,3.090356
WAKFUM,2.8411407,2.6633623
HAHPAI,0.08571587,0.86034274
BOLQEZ,3.8637447,3.1013286
TUCDEA,3.9679644,3.2093325
LISQAG,3.5714943,2.9940917
SOYMIC,3.981842,2.9512932
TPTMPT,3.558433,3.026478
BACZOW,4.197901,3.0321033
ROHGIG,3.0713491,2.9175436
OHOTOV,3.2615569,2.2322226
RIHVUB,2.5211349,2.4101954
DOFGIP,3.5257792,2.4264336
SEQRAH,3.5981617,3.097159
IZEVOY,1.5703691,2.3980694
ZEVZEF,3.6865985,3.3078697
HAKHEG,3.3633273,1.8478705
NABDOL,3.9584403,3.2124937
SEBVEA,3.594352,3.2539327
QEKRIK,2.752704,2.369935
BIBGEY,1.3328137,2.3585892
UHOGIJ,2.8087592,2.1272147
HECWES,2.4196365,2.3696287
FANGOT,3.5037382,2.6279535
LALWAX,3.0874038,2.2340178
OGOMOO,2.5415435,2.5609744
RARTEM,2.3151448,2.3744347
DIBROW,3.7056465,2.9750915
JIMYIN,3.3031902,2.8438213
TINBUP,3.304823,2.2652993
UKIPAG,3.0152936,2.8429995
QALVOO,2.329839,2.2983158
YEWCOT,4.906213,3.322537
SOVCIQ,3.352987,2.694798
AQULIH,2.157863,1.9399991
FIFNOA,2.9146116,2.5583906
IKIXOR,2.1910608,2.4090948
LUYYIP,2.284396,2.2079256
GIXXUG,3.4022396,2.1147738
XAJWEL,2.0348675,2.347325
POQZEB,3.6982994,2.5906796
LAXBUK,2.124665,2.4804044
WAGZUB,3.0555665,2.6736066
JUDGUM,3.329313,3.3800185
ROSRUP,3.204957,2.2491922
KUPGAE,2.287389,2.3936253
SOSTIF,2.5350127,2.3838556
XIQXIF,3.6218355,2.6287658
YANTUD,3.238155,1.5554583
KEHYEC,2.8196437,2.8624897
QIQPAJ,3.1075404,2.5661738
LOQWEU,3.3684976,3.111999
PUCFUO,3.7108169,2.5824053
ROFXUF,3.391083,2.7169642
WURNEE,3.0261784,2.4063191
CAYVUU,4.827028,3.512883
ADUMET,3.3535311,2.8005188
UGANUN,1.9369065,1.8272165
SOBNUU,2.9001896,2.2581391
BOKQUN,2.9499865,2.5647292
NOJGUO,4.1785803,3.1512105
QIWFAG,1.7518691,2.2422895
RUVKOK,2.4443989,2.5028377
LEDRIW,3.5987058,2.9024022
VAYHOV,3.2014196,2.5310144
HAKHIK,3.4659142,2.2626338
VUMLIZ,0.6114398,1.0989846
RAJKIY,3.2827816,2.0026417
SOHJEG,2.9336596,2.6917126
LIBCUV,3.587005,3.0023155
WEQYIB,3.009035,2.871392
YOVXUE,1.1121293,1.7740021
CEFYUK,1.8813952,1.809378
WOBWAL,3.125772,2.681085
PAYNEJ,2.545081,2.5430942
XEQMAJ,2.2365038,1.808075
NOTSUK,3.2523048,2.5207615
GUDCEN,2.855835,2.6230266
QACLAJ,3.1303978,2.666183
KULKEI,2.6375997,2.1657877
VAMYIT,2.6370554,2.5142436
UZOFUM,4.64199,2.9339955
CIKFUY,1.9086066,2.1867409
LIZJUC,4.1976285,2.8102465
WIFPUZ,2.9684901,2.7571077
ZAQJOQ,4.8621306,3.272399
HEDGII,4.399265,2.6160913
YAQMUB,3.8944936,2.4830253
JEZLEF,2.1469784,2.301084
QESWOA,3.1970658,1.9767364
ELOPIG,2.617191,2.2551854
KIJMIZ,3.7513616,3.2769887
VACDEJ,2.7837248,2.771533
GEJTOH,3.2552981,2.497826
QUBYET,3.8792553,3.0527978
HUWYII,2.3763704,2.4011176
XUQLOK,2.6590967,2.395223
GUJKIF,1.6911876,2.277553
DODZAX,1.9556823,2.6887367
FIVNII,3.5932636,2.5568218
MOZPEW,3.6251009,2.6365643
TUVLOM,2.1513321,2.3798156
IPOPUZ,2.736105,3.4431129
CODYEA,3.862384,2.923423
DUGRAA,2.1981359,2.3068428
DAQWUN,2.3951461,2.260831
WETKEN,2.4389565,1.9905417
SADZUS,2.683859,2.5273466
NOWQIB,3.8041518,3.080579
MIVTIW,3.4302673,2.7866817
ATUGEB,2.6925666,2.5034494
OTAYAK,3.8708198,3.003947
TOGJEG,2.9029107,2.344229
HUPGOP,2.4751477,2.492496
ZIHQIS,3.5595214,2.7857685
MASQEF,1.9581313,2.215624
FAQRAT,3.1910794,2.707254
JOCYOQ,3.2229166,2.5447204
CUHXOT,3.453125,2.892336
SERQAK,4.449878,2.3627553
QODQIM,2.7469895,2.6850345
NUWFIV,4.0615716,3.0839453
PIYVIF,2.9461768,2.9866865
YACLEV,2.403854,2.4253776
QUSPOK,1.9009874,2.3834748
BEQBAA,3.9584403,2.8435256
GAWNOJ,2.108066,2.201472
FAQQUM,2.805766,2.5634327
DAZKIZ,2.2256193,2.6332295
PEJHIW,3.493942,3.3885362
JEHMUH,3.063458,2.6440663
BEZNEA,2.9388297,2.765312
VILMEL,3.9366713,2.8935723
OXACUN,3.9451067,2.565696
QOYCEO,4.0520477,2.9282274
AHIGOP,3.0433214,2.7286956
FOKFEQ,2.2865727,2.25634
YOVNEC,4.6634874,3.2943554
ZAVVIE,2.9597826,2.4256501
QOJDUQ,2.3186822,2.1511407
ETALOA,4.660766,3.2191434
LAFPUG,3.8653774,2.9053504
MEDJAI,4.0561295,2.8437743
EWASOL,2.8865838,2.1896322
GEVTAF,2.222626,1.759211
JUJLUX,3.6264615,2.6535943
KOHTAD,3.1268604,2.7788076
BULVOU,3.3352997,2.7015035
BAWPAR,3.6231961,3.1300962
ZOGYOM,1.5744509,2.1749833
IHUCEU,2.8955636,2.205535
YONWIJ,2.3461657,1.8779472
YARCOJ,1.8193533,1.8917347
USUTEI,3.53231,3.0669935
MLAMPT,4.098579,2.810391
DAHCIY,3.4972074,3.0710182
OZESOC,2.3603156,2.7284796
RAPSAE,2.6389601,2.6990478
ALICON,2.6629062,2.2994194
JAJZEA,3.9859238,2.6984212
YEKGUT,3.8057845,2.5726662
ACATUT,3.2106714,2.702908
FUSHEH,3.0454984,2.0791788
MEJHEQ,2.922775,2.3679557
ICOJUH,2.5042639,2.319489
XOVFOD,2.6201844,2.235528
TORDAG,2.2041223,2.5070152
VIVZIK,4.6338267,2.8033068
ZEJTOZ,3.749457,2.42939
MOLBUL,2.1554139,2.687654
HIXJUT,4.1734104,2.6417243
JEJNOB,3.9848354,3.0398943
EDUCOX,3.7894576,3.002814
YEMFOO,2.9497142,2.3243313
VETGIK,3.732586,2.7182739
HODMES,3.7674165,2.967372
HITKIE,3.4332607,2.9934509
DEJJOS,2.7829084,2.5546105
ZENVOG,2.5755577,2.2731857
QOCQEF,2.4767804,2.1356754
FAYDEO,2.1565022,2.6789017
HIRMON,2.923047,2.6158347
JOXQES,2.8667195,2.4276617
LIKKEW,3.04441,2.7627614
GETMIC,1.9809889,2.4386733
MIBDIM,2.487937,2.222861
SOBPAC,2.722227,2.025841
VUMWEH,4.0427957,2.7447333
VEGVIN,1.4928167,2.0096316
REWMAH,0.41524574,1.9732317
UHIMIH,2.8411407,2.340704
FEJVOG,3.348361,2.7398484
VISCUY,3.6558497,2.8000715
JAYNAY,3.505643,3.523539
DENBEE,3.2079504,2.43312
GIBKAG,2.923047,2.578391
ICITET,2.8286235,1.4909719
BERTAU,2.6642668,2.1002567
XEXLES,3.4169338,2.06459
XERKOW,2.005207,2.2135057
LUZSUV,3.4199271,2.8835235
JUPYEA,3.9829307,2.363316
EKEQOA,3.524963,2.6351
NUVMOH,2.9320269,2.8273578
TIDXUB,2.818011,2.6854906
GIRDET,2.2367759,2.1810791
HAMQOB,3.7070072,2.723449
SOBPUW,2.8814137,2.4254801
GEJVID,3.2593799,2.4910598
EMOZIQ,3.5788414,2.8591263
IKIMIA,3.465098,2.756606
BEQMEP,3.2172022,2.8214288
LUSSAV,3.0272667,2.5299747
SESWUL,2.858556,2.7223077
HUQJOS,3.4906766,2.4090455
VUZDOK,3.0106678,2.6419709
PEQXOZ,2.6672602,2.4308681
GEPSEA,1.5651989,2.2791336
SEKSOR,2.8996453,2.999051
NIXMIQ,2.6212728,2.3862724
LIZHEI,2.024527,2.1788473
BESHAJ,2.210653,2.2301052
FELGEL,2.2185442,2.5338397
LALNIV,3.4501317,2.8303251
JAPPOF,3.5099967,2.718465
JONCOE,4.3851147,3.0558481
LISQUA,4.446613,3.019465
SIHVUC,2.9508028,2.8371816
FIBDOK,2.2950084,1.9314442
AHUNIA,2.9529796,2.9373589
MALXED,1.6909156,1.6380973
NOPHAC,3.3309457,2.743175
CIFHAD,3.87599,3.1132956
SOBPEG,2.8269908,2.2153804
BUGZEJ,3.6403391,3.2798102
KULHIJ,2.2218096,2.4793997
XENYIZ,3.945923,2.8148732
EPEFIQ,2.0797663,2.213751
DIFPAM,3.6893198,2.606192
KAMYIJ,2.9630477,2.4307938
CUFKEV,2.4803178,2.1295035
KOJQEF,2.1132362,2.3016324
WELDOJ,3.2604682,2.6519883
MEZVIW,3.1132548,2.71846
UMOBEE,2.853658,2.5898967
JAHWIB,4.203887,2.9136274
SOGNUA,2.5834491,2.2135706
WOVJIA,3.35081,2.7986846
IGEXOJ,2.779643,2.3261251
RAWXES,3.7823827,2.9901338
TIZHOA,2.8664474,2.5948641
RAQZAL,3.2784278,2.8623188
NIBSAT,4.13858,2.875002
SOHJOQ,3.770954,2.8760443
GABBOB,2.8950193,2.9970448
COQHEW,3.3159795,2.5921884
QIFRAA,3.711089,2.547011
RIXSAS,4.3410325,3.2799435
QOFPIK,4.45015,3.2927132
AQUMII,2.120039,1.8507477
MATMOM,3.3489053,2.8889105
BAZKUI,3.8841534,3.151466
FEWXAH,3.9274194,2.9182997
VALBAN,3.1089008,2.777697
VEKBOE,4.7565503,3.2452302
REMTUZ,2.841413,2.9065008
USIROE,2.614198,2.6313508
HABFEX,2.5962384,2.0999293
XIKNOV,3.9304125,2.2785873
JEHREW,2.6517496,2.0206022
REFPOI,4.440626,3.1714706
DEKZIC,3.9878287,2.9437718
UVEMEP,4.0512314,3.1214757
PUPHOZ,2.0803106,2.3156846
WECPOK,3.8231997,2.953149
OJILID,1.9916013,2.2328804
YAZNES,3.0378792,2.3899798
BAXKIW,2.6566477,2.5331337
QIGQUU,1.7018001,2.5838313
ENOQUV,2.4982774,2.4201174
IWIWES,4.3198075,3.2039301
NAVBUI,1.0772988,2.4643695
RAPWIQ,3.9881008,3.1263404
MARYEM,3.1151595,2.4890785
XUZYUM,2.4931073,2.7964659
AXUSUH,2.7654932,2.7679188
DUSHOO,3.384008,2.7844229
POHXIU,3.6199307,2.2645714
XUXJUV,3.0561109,2.5633197
HOKCEQ,3.802791,2.734403
CORVOW,4.383482,3.2493665
JIRTUC,3.7244225,2.8451872
OJABEH,2.3766425,2.4575658
JEGCUU,2.752976,2.4170542
DIWTOV,3.3274083,2.5214145
QUBYAP,3.3499937,2.7680407
JEGPIX,3.2103994,2.9516923
JOTYEZ,2.576646,2.2154298
HAXXOV,2.311063,2.2128325
SOYZEL,1.326283,2.1305892
HAHHAB,2.6060345,2.2115226
IKIYAE,1.9390833,2.4211957
CEQGIR,2.4593651,2.4134603
BUSWOB,1.5426135,2.563857
YIZJAT,3.8534045,2.7378945
IREDIU,2.7872622,2.748915
LIGGAK,2.2313337,2.6451347
XUCPER,1.1314495,1.8513504
VICFIZ,2.7241318,2.2522316
UHEDAN,4.4675655,2.8901494
AZESED,2.3165052,2.101549
WULKUJ,3.9761279,2.6882346
JEYWIU,2.917605,2.637344
HAJWOE,3.7695932,3.0612514
HETTUW,4.1491923,2.7306051
PAJROJ,3.391355,2.995398
QIYXAY,5.1366935,2.8704524
HUTTUL,3.7491848,3.0682878
QIQLIN,2.8237255,2.4181798
LUTPAT,2.0514665,2.1421716
CIWQUV,2.7965143,2.4586785
DENVOH,0.25415435,2.6671863
YASLOV,2.8457668,2.6438673
YEVDOT,3.04958,3.0251863
NOHPIL,3.1219623,2.6696599
LIYLUC,2.717601,2.4505875
OMOQIS,4.057762,2.5682433
EXEBIU,4.251235,2.9174094
TIHRIL,4.2958617,3.025507
XEKSOV,3.283326,2.4447846
BIMHAH,4.039258,2.9972322
XUMDAK,3.6664622,2.9560075
SOQGUB,2.7309346,2.4282882
LIHMIB,4.0395303,2.8898444
YUHPOG,4.0463333,3.0282354
ICOKUI,3.3246872,3.0396123
LUTNUL,2.8865838,2.3461194
EWOKOS,2.7907999,2.3800929
OJAGUB,2.9834564,2.5683453
PILMUS,3.1374729,2.7637548
WECVAC,2.0345953,1.9835205
VUTRIL,1.6552687,2.3980825
INIDEO,4.031367,3.3862836
XIKPAJ,4.1230693,2.3229592
KACDID,2.8860397,2.419711
IDUCEP,1.8479252,2.335414
UVEVIB,2.2620826,2.2953656
ROBROP,4.4716473,2.7396877
FIBMIN,2.349431,2.7063427
EDUQOL,4.060483,3.3661926
FAKFEC,3.453125,2.987024
XAPPOU,2.7020907,2.21692
EZOTEU,2.7295742,2.3173792
RAQHIB,3.1200576,2.371642
WOKYUQ,2.6786888,2.8099203
OQEKEB,2.8120246,2.4953353
REJJEW,3.8498669,2.9281747
QASCEU,3.169038,2.441977
HOFBIN,2.5826328,2.6412537
NECJIR,1.81636,2.133594
RECNAP,2.057181,2.5458403
IWALEZ,1.8117341,1.9481411
ZOQFAM,2.9464488,2.2350345
QEHBOW,3.6825168,2.9732187
HAQNOF,3.4408798,2.717187
XEHCUJ,3.075703,2.8463175
FUWXEC,2.007656,2.2612948
NOLDOK,4.217221,3.1459558
BAPXIZ,2.2884777,2.7937288
DEJBIE,2.7714796,2.5619173
BELMUC,3.448771,2.7640543
VAZHUB,3.1325748,2.1600354
VEGFAP,3.6961226,2.906599
LUDQUY,3.0215523,2.7011662
TEBNEW,2.1975915,2.1553564
HOCHIR,2.444671,2.915159
UTAWOC,3.1252277,2.620289
HOWPUE,2.6444025,3.2786665
BAZFIR,4.0855174,3.1442468
XELWAO,1.887926,2.2978745
ZUKRAA,2.3167775,2.3474197
WEXPOF,3.7227898,2.9839811
XUDBIH,2.9301221,3.1322339
GIZHIJ,3.479792,3.4225664
YASVOD,2.4408615,2.4476714
LOTNEN,3.3464563,2.8022232
XIGHUQ,2.9298499,2.645454
WESRES,2.33256,2.153614
XEFFAQ,2.3714724,2.6397972
NUGKEG,3.137745,2.7630286
EGIKOV,1.8389455,1.7606223
CERFOU,3.9959922,3.0681415
JEXHOK,3.2623732,2.789371
SALDIT,3.233529,3.227361
TUYQAF,2.8893049,2.579421
EXIQEH,1.4862859,1.9689994
XIXVAD,3.9685085,2.8600256
VUTKIG,3.6833332,3.0219438
MOHZEO,3.173664,2.7462487
CERCUY,1.6547244,1.8136413
EYOQAK,3.1276767,2.66504
VIKPIP,3.3388371,1.9802575
CUBCUY,3.1674054,3.097385
TADKIU,2.32739,2.2194614
XOZVAK,3.5578887,2.6724284
AJUWAF,3.5875492,2.6688814
RABXAU,1.928471,2.463364
DEDHEA,3.98157,2.7374163
NIYZED,3.2520328,2.437643
TELNOQ,3.293122,2.3439279
AQEZUS,3.9391203,3.6837826
JIMZAH,2.263443,2.172909
FEGGEF,3.5633311,2.777455
ILUQUB,3.3276803,2.4612567
WIFWEO,2.5997758,2.542993
CERHEO,4.065381,3.0084927
TECWEE,3.1554325,2.8549206
QUGHUW,2.7380097,2.6865647
VECNOI,0.9948483,1.7766153
ZONJOD,2.5886192,2.2828126
BOFJOW,3.4833295,2.9388654
FEJCUT,5.3696227,3.1072693
SUJCAB,4.9859424,2.8989542
GADDOE,3.7265995,2.6721895
ZANQOU,3.675986,2.6386123
GANWEX,2.7279415,2.367217
IFAJAB,3.8221114,3.0823162
HUQKAF,4.0161285,2.6856065
FUGJIB,4.644984,3.1400852
ONIVUE,2.49474,2.2590015
VUMXAE,1.8539118,2.4383128
BUYSUK,2.0367723,2.072632
GELNIW,2.411201,2.3744147
OBEROC,2.3497033,2.349499
CIGGIJ,1.8729597,2.6746724
BAPXUM,3.7108169,2.926376
PIDNOG,3.0297158,1.9423515
LUDRIN,1.952689,2.2292686
VEQWUL,2.4027655,2.293949
TINHIJ,1.6171727,2.125718
FONCAO,3.2762508,2.6380644
HUPHUW,2.855835,2.5384364
NIWPUG,3.0441377,2.4650872
NUMBIH,2.721955,2.463362
KIQQUZ,3.0642743,2.6929936
PERZEU,3.8150363,3.141478
YOVKAX,3.8079615,3.0307703
BUXHOT,3.5519023,2.722463
PORRET,3.5652359,2.8282464
EGABIA,2.8052218,2.8251953
XOBJAZ,4.4746404,2.8632562
OCOJUO,2.0922835,2.0457597
QOMNUC,3.6234682,2.7461083
OJIMEB,3.4816968,2.5494514
XOVFIZ,1.3630184,1.9026984
BUPPUX,4.543213,3.1249783
ZENWAT,2.9282172,2.1415424
UZANIU,4.2838883,2.0797567
QUHNEM,5.4556108,3.6601388
RAPREH,2.8618214,2.8700185
WOGXEX,2.1883397,2.274103
WICSIM,4.120076,2.7193882
COWKOO,3.1869977,3.023292
INORUZ,2.3714724,2.4339378
AXAVEA,4.344298,3.1184154
BUHXIN,2.9927082,2.5485857
EREDUB,3.9758556,3.1397738
HIPVAF,3.0288994,2.577114
SIMZUM,1.909423,2.2794714
BAKSUD,2.2498374,2.2114925
YILMEM,2.5733807,2.514876
MOYDIN,2.4996378,2.1739402
VUKYIJ,3.0329812,3.1779249
TIRDIJ,2.13174,2.1497197
HETJUL,4.6588616,3.1576579
MOWFAG,3.7910903,3.050955
XOQSON,3.6357133,2.720625
IYURAW,3.004137,2.6142287
LAHYUO,3.7554433,2.8891983
NOPFUV,3.288224,2.3580365
DAPLUD,2.3194985,2.335132
BAVBEF,3.5021055,2.5429332
ROMVEU,4.4583135,3.1313577
ABAKOG,3.0441377,2.7989821
UZITIH,2.5614078,2.2502108
CEPFPP,4.4896064,3.5891085
XEVYIG,2.9880824,2.1816573
HIFHIN,4.2822556,2.7433364
LELWOP,3.9859238,2.6840484
CAFWIQ,1.0288625,2.5205288
NAMLIW,3.1818273,1.8492162
TUQBUE,3.2778835,2.4550827
LUCPEG,3.24523,2.6227858
IPIVIN,3.4680912,3.0940022
CEPCAE,3.080329,2.4588153
ACARUT,2.9113462,1.9381418
IPIHAQ,2.872434,2.592719
BEQSEW,3.1173365,2.5341625
RUWSOR,2.8335216,2.6642444
NEMDAL,3.3736677,2.5115848
YEGCET,3.2370665,2.2939315
UNIVUK,2.8231814,2.5769699
HUFHAT,3.3812869,2.4730225
ZUJPEB,2.817467,2.6316812
PURNUM,3.2601962,2.846131
COFQIX,3.713538,3.2954826
VANJID,3.4928536,3.0918088
SOKVAP,3.5742157,2.6132104
LITXIY,3.8988473,2.502432
GISRIL,3.3333948,2.495955
ECIGUT,4.218581,2.7915387
YABJAN,2.8737946,2.1559522
KILQED,2.7026348,2.4186444
DEBZAM,2.9488978,2.8065047
ZIBKUS,4.6441674,3.206121
PUBKUT,2.7078052,2.0581515
HUJGOK,1.3526781,1.7453378
WIQQEU,3.5674129,2.8992836
ELIYAB,4.8194084,3.511139
MOGWIQ,2.7559693,2.1914823
QOCZAJ,3.2305357,2.776373
PEQTOU,2.6699812,2.3873327
XOTBOX,1.1428782,1.9846253
KOBTEB,3.751634,2.728564
NERGUO,3.7026534,2.7923176
EKOWUW,3.757076,3.063873
UJEKUP,2.184258,2.2046876
NOQDEF,3.548637,3.1732728
BUVFAZ,3.6444209,2.9262187
GADKAX,4.493688,2.766613
ZUZTIX,3.907283,2.773822
ZEKTEO,2.6882129,2.31039
ZISLEU,1.632139,2.0769424
KULGUU,1.8438436,2.0483053
AZEVIL,3.5899982,2.7253084
YIPPUJ,3.9119089,3.1040945
ARIQAT,4.375591,3.291111
PUXSAD,1.4590745,1.3784331
ALEMAG,3.3404698,2.5721874
EJOTAY,3.5382965,3.0169654
IWUBOT,3.773131,3.1706858
UMOBII,2.9605987,2.5000489
IVAQIG,3.094751,2.5804725
DIVZIS,2.0735075,2.1879601
XAXJAI,3.8204787,2.6113253
PIKZAL,4.069463,2.8322384
CIHVEV,3.7227898,2.4373846
IQEPOK,3.0952952,2.7656696
TULGUC,4.1715055,2.6792424
ETESUT,3.1230507,2.520407
GOPJEA,3.9891891,2.909991
QASCOE,2.7325673,2.1788554
DOQYIR,4.009598,3.119637
ROBRIJ,4.2621193,3.0405846
YACLOF,2.5733807,2.4382591
GAQXII,2.8136573,1.4784224
JUDHAT,2.815018,2.9040928
CEQYII,3.2751625,2.74753
JAQJUG,3.2498558,2.5874805
TPCBPV,3.9423857,2.906822
YIGGOL,3.5791137,2.9281375
VOLCUU,3.0057697,2.994728
YASPOX,4.421578,2.784259
YUNROO,4.1861997,3.2705812
FONLIF,2.1086104,2.2614484
NOQQOZ,3.3380208,2.9791245
ROGGAV,3.496663,2.9951518
SOKCEB,3.1127105,2.709038
RIVNUH,3.2561145,2.410004
MIRWEP,3.9366713,2.752636
ATOGEX,2.1951425,2.520574
UFONEI,3.434349,3.2985482
BUVSAN,2.46644,2.696579
BUHBEM,4.07681,3.022499
FUXNAO,2.9282172,3.0024683
CUHXIN,2.9510748,2.6811633
KEKZAB,2.2103808,2.5040977
MUMLAH,4.772605,2.9493585
GUVMIV,2.6539266,2.6731205
IMUSAM,4.196812,3.329315
DAVDEM,3.4332607,3.193725
SASZAN,4.098579,2.6462169
LITWUJ,3.8278258,2.7523243
ROKHAB,3.594352,2.7229252
DAQLAI,4.1097355,2.6365871
NURGAI,3.539385,2.4151945
SIWXEC,3.9448347,3.3781612
HIWLUX,1.3959441,2.04008
JIYMEK,3.8057845,3.1382658
YUKMEX,2.1496994,1.9898059
SOPMOB,1.1630147,1.6695244
YAPWAO,1.4628841,1.6981349
XIZVOR,3.818846,2.8726614
HIRYOW,5.422413,3.157717
NERHOI,2.9861774,2.5863879
NANSUT,2.9722998,3.0702016
COYDOK,3.9780326,2.9713442
SETFON,3.5176158,2.7349713
OKIKIC,4.5780435,3.133967
LUPMIU,3.6368017,3.1890616
LOGRUV,4.32144,3.0544677
ZEYZUA,2.5097063,2.5155215
DOTMAC,3.1197855,2.7745981
SAJTUT,1.9611247,1.9885668
VUWYOB,3.0120285,2.9815173
OKIKEY,4.567431,3.1551547
MEHZEF,2.8435898,2.7660627
WELWOZ,2.638688,2.3107052
FOCQAP,3.929052,2.846931
FORMUW,3.2250936,2.8784618
QURDUC,2.3374581,2.4528565
LECBUQ,4.810429,3.2193177
OFAWAT,3.0427773,2.631595
VAPYAO,2.7965143,2.839953
ZIXBAJ,4.104021,3.2707987
GETNUQ,2.074324,2.7522197
RUDVIX,3.2117598,2.8319905
QEFTAY,2.7086215,2.7595549
SIYQOJ,2.6876686,2.3103938
DILXOO,3.4612882,2.7909327
JEHPOB,3.8482342,3.2224145
NEHGOX,3.2844143,2.3559024
KAVZOX,2.6343343,2.425165
BANDEZ,2.7646768,2.1815803
GEXHEZ,3.5304053,2.6918766
PASZOB,2.4343307,2.1382337
ASAFIK,2.5731087,3.1852696
SUDKOT,2.7755613,2.3503673
HOKYIP,2.7905276,2.0343165
SEHWAE,1.5733624,2.048552
WELVAK,2.6860359,2.5950403
KEQSUU,2.8046775,2.4839935
DAGNUX,2.6512053,2.5813298
IWEZAM,2.2724228,2.2691565
QEKKEX,3.7148983,3.001513
RIVLUD,2.936653,3.1429503
PEDNES,2.2522864,2.0478528
RECNET,2.0392213,2.363594
LASPIH,3.3132584,2.7150128
DOMPOL,2.739098,2.627799
JAJYID,4.8686614,2.9266033
SAVSEQ,3.34564,2.657679
VAQCIB,2.367935,2.4417078
RIVNOB,3.2539375,2.3495297
NEXJEG,2.712431,2.3560085
NEBVOG,3.272169,2.905478
HETJIZ,3.7453752,3.0638642
MASSEH,3.2016916,2.5544453
YAMHEC,2.710254,2.6109667
PAJQUO,3.2678154,2.7931495
SOTZIM,3.6049645,3.0702088
XAGZOU,5.751671,3.5533235
XECXIM,3.182916,3.425301
LULHIK,3.3782935,2.6683488
OFIKIX,4.3293314,3.0553122
CEWPAW,2.7883508,2.363635
LALDIM,2.8095756,2.7206333
ARATOC,2.9747488,2.491454
SODPUW,4.0661974,3.347078
FIFJUA,1.5469673,2.1573634
HEDWIW,2.910802,2.7642176
UJALAT,4.490695,2.7133155
SITTAR,2.4242623,2.245207
YOXROT,2.3750098,2.5345583
LIKXAG,3.2055013,2.4886978
MEZMOW,3.7366676,2.8945723
MOJYAL,3.123867,3.0806022
DIKKOY,1.7388076,2.1168997
QIWDEI,2.7510712,2.3721454
LIMXIO,3.9554472,3.4374294
NESHID,3.758981,2.9282951
SIHSOT,3.2980201,2.6240525
DUGBIS,3.084955,2.7013743
LORMUC,3.1682217,2.4202254
LARJUL,3.9181676,2.6539598
AJUVUY,3.5763924,2.667723
LAJBOO,1.7061539,2.207802
INOROT,2.34671,2.4231646
FERKOE,2.7380097,2.3251514
QOZNIE,3.042505,2.3817792
NEKYAD,1.8481973,2.228272
YAVMOZ,2.6471236,2.4947875
TUVNIH,3.8471458,2.838095
GEFNIR,3.2275426,2.7266798
OLUXIC,4.744033,2.7996361
FIPYEJ,2.8854954,2.6762626
UCUVOF,4.067286,3.0777705
BADYUC,4.562261,2.6777267
DUSHII,4.0781703,2.5226972
TIYSID,2.838964,2.1340108
YAQGON,1.4084613,2.2139132
UNIVOE,2.8762436,2.671054
QIDHES,4.607704,2.837475
LAWLOM,3.2754345,2.5281768
VASVIW,3.91463,2.9063747
RAYWAQ,3.7200687,2.9337041
AHOBOQ,3.5412898,2.9492471
ZUXWEW,2.963592,2.7241595
ZOGYUS,1.6462889,2.2070308
ATURAK,4.1902814,3.5506268
TUDTOD,3.804696,2.8926423
YAQHII,3.7369397,2.47753
SOYZAH,2.167387,2.2613225
SEQROV,2.6631784,2.8191893
GEQZAE,3.756804,2.9642284
RUTFOD,2.08412,2.4311974
SICLOH,1.9643899,2.2208593
EFUQOO,4.163342,3.0196927
KIHYOP,3.6289105,2.7601411
TATWAP,3.570406,2.8969254
HISNUS,2.0852084,2.4851604
CUHXEJ,3.5222418,2.5312138
ASUZUJ,3.6193864,2.7437608
HUVSUN,2.7839968,2.1788588
HEFXIA,4.110008,2.8324282
OBOPEB,3.857214,2.930325
DIWQOS,3.061009,2.2732866
COZLUZ,3.0865874,2.3772535
DOFPUK,2.8501205,3.0002203
DIRTUU,1.9004432,2.711772
MAZZEV,3.921433,3.0896897
KODBIP,3.7051024,2.917972
IRUNOZ,3.8079615,2.9648519
BIYVIO,3.8278258,3.0598025
XAWRAP,3.7279599,2.757332
YEGWOZ,2.2925594,1.8059887
CETGUG,3.3113537,2.5986955
RULKOZ,3.300197,2.4373121
WIQQAQ,3.5557117,2.7835927
RAPSIM,2.617191,2.7530515
YOBGII,2.2999063,2.4076128
ALUNOM,3.032709,2.5644825
FUHXIR,3.462921,3.0905874
LOYSUP,3.5905423,2.5048065
KARVAA,2.7728403,2.651888
SOWBIQ,3.0490358,2.823473
NIMTIO,2.0653443,1.839564
ROCGOH,2.8661754,2.7796803
MEVSIP,4.1764035,3.050839
GIHPIW,2.7682142,2.662153
XEFRAB,2.1951425,2.0295768
OXUYUC,3.028083,2.6622772
KAHBEA,2.1262977,2.6845062
XULFEP,3.5851002,2.6932669
ADIYER,2.2517421,2.38518
CMAPPT,3.9823864,2.9183342
DICROZ,1.0266856,1.3235425
QIGWAG,3.1750245,2.7863405
ROBPOO,2.987266,2.725456
DEJJIM,2.2014012,2.0469794
CEHQIP,4.31627,3.5690818
WENHAB,3.0381513,2.945372
BULWAH,3.2397876,2.7027278
MTPAPT,3.1410103,2.543615
EREDOV,4.1121845,2.8870685
MERBUG,2.2509258,2.123644
GERVUV,2.6016808,2.5479038
GIXGIE,3.5859165,2.9164488
PITCAY,3.2493117,2.9199808
IPACPT,3.3742118,2.9854336
OHABOP,3.6068692,3.0290027
RIZCAH,1.1330822,1.6981134
VAYHAH,3.3257756,2.7166824
XUSTEL,3.0392396,2.866986
XUCQAO,3.8732686,3.0729723
VISDEJ,3.3592455,2.677114
OBOSAA,3.730681,3.0805917
ECOKOZ,3.873813,3.0183523
UGETUW,2.3551455,2.410623
ENAWIA,3.8817043,2.9989195
LOQVET,2.4373238,2.5850444
ADIXEQ,3.4539413,3.1814733
EDUVUV,3.8749013,3.1635718
CAQRES,3.2033243,2.6848385
ZOGSUM,3.458295,2.6073842
FAMMIP,3.9282358,3.0146654
ZURGUO,3.109445,2.570913
TPFYPT,4.0849733,3.2037091
VUPMEA,2.9219587,3.027826
HOFBOT,2.9529796,2.4580235
ROBMUQ,3.063458,2.9188201
QEJNIE,2.5426319,2.4280562
XEYNIA,3.2757068,2.7610326
SIPXUK,2.5181417,2.965131
MIXFAB,1.6770377,1.8742528
MANGEQ,3.4626489,2.6615195
SEYDIK,2.9807353,2.8852897
POVGUD,2.6721582,2.435815
FOHKAQ,1.7477874,2.48596
VEFZUD,4.978051,3.0319602
EROCAR,2.2443953,2.1245358
LIMRIJ,2.310791,2.531571
XANWAL,1.97854,1.885812
XUPWEK,3.8055124,3.131987
PABCAW,3.366865,3.0228782
QAWNEJ,1.4427477,1.9021426
JOJGOF,4.120348,3.6218734
QEDPUK,0.17415287,1.4385395
YAPWES,1.2732208,1.7763768
RUNJOA,2.569027,2.2343698
NUVXAD,2.3663023,2.3640618
JOFZAF,2.5126994,2.6407218
AYIMIE,2.9235914,2.806329
XUVPAF,4.9862146,3.0566432
QOWHAL,2.6016808,1.9840143
ZOXJON,2.6610014,2.60737
TOQKIU,2.2718787,2.0404665
FUBRUQ,2.7644048,2.4728153
QACLEN,3.2389712,2.646601
UQOQUO,2.8588283,2.451175
FUYWUT,4.872743,3.0886402
VOFXEU,4.1734104,2.7760577
GARDOT,4.7579107,3.416401
HEJVID,1.9954109,2.4321835
OTAYOY,4.139668,2.9919434
DIRNOK,4.3004875,3.244285
ERAHAI,4.059939,3.1342154
HITKOK,3.8822484,2.8533509
VOGCUS,2.9913478,2.666796
YUVBOI,2.470794,2.3138065
EJOLUL,2.8601887,2.4726841
DEBMUU,3.166589,2.5929327
WARQIS,2.5097063,2.5153015
ICAYUG,3.2359781,2.7655814
CUHXUZ,3.4607441,2.7490444
MOCKUK,3.3306737,2.4928641
TIQHOS,3.104819,2.3982325
ZEZTEF,2.7562413,2.379787
XARDOK,3.2136648,2.7320147
BUNPOR,2.7393703,2.883316
QAKXEI,5.614253,3.6043324
QARZAK,3.2585635,2.0992105
WULLAQ,3.9461951,2.8947384
OZAHAA,2.8332496,2.263952
DAGCAS,3.0531175,2.1572056
YOTXAG,3.5162554,3.6835506
WICVUB,3.7031975,2.7829022
ITOPAK,3.3450956,3.0650935
PEMFEU,3.8041518,3.2221937
YIGKII,2.917877,3.1750743
TAKWOU,3.8909562,2.9008038
GIHTOI,4.4945045,3.3001347
OMEMIC,3.2786999,2.6615663
WIJSOY,2.272967,2.2226555
YIYGOD,2.9499865,3.0024273
NAZJIH,4.6994066,3.3097274
GUQCUQ,3.9777606,2.9748604
NOXQOI,3.1290374,2.5797935
WEMYIZ,4.1524577,2.9477355
VERYEW,3.1037307,2.527293
MAWLUU,3.7002044,3.1094818
TURTIL,3.0958395,2.328638
ERAGIP,4.159805,3.1690514
JERRUT,3.4716287,3.3258333
IZUWAB,3.2555702,2.5418158
UDUQUF,4.29178,2.9360337
NOJLAZ,3.5189764,2.8062038
KUHJON,3.8199344,2.8747275
TUDDOM,5.0626783,3.400554
GENNOC,4.49777,2.8355696
VILGEC,3.7154427,2.688399
DUZCAE,3.5067313,2.646254
LISRAH,4.446613,2.9999902
EYAJAP,3.7935393,2.8835475
DAFTOU,3.1695824,2.478394
AXIKOJ,3.9584403,2.6831474
WUDHAF,2.5720203,2.369623
PYCXEP,4.076266,2.9099014
TAMZUC,3.3007412,2.963707
JOVZUS,4.571241,3.2018702
WOCXOD,4.1579,3.257599
AZOFEB,2.1494274,2.150165
QASREK,3.639795,2.5883422
MECFIL,4.3505564,2.6918488
SEJREG,2.588075,2.5273988
GELKAJ,4.810701,2.6628273
HEKJEM,4.496137,3.151226
DIQBAG,3.924154,2.8833818
NIMTUA,1.4375775,1.9437132
QEJDUG,3.9739509,3.067747
TOXYIO,1.4895513,2.1487234
XIGHOK,3.4212875,2.181972
QASRAG,3.462921,2.7406437
KIPVEK,2.8425014,2.3339255
FOQZEQ,3.5328543,2.9757967
SEKNAY,2.4604535,2.4317951
RALXEH,2.7298462,2.1169415
HISGUL,3.5045545,3.0654118
XEXMUK,3.1842763,2.5525358
HOKCUG,3.6936736,2.7483854
GEZHEA,2.5480742,2.199346
SECTAW,3.659387,2.7181416
SOKCAX,2.9399183,2.528365
VAQVIT,3.5391128,2.269354
FERSUQ,3.5483649,2.5358887
XEXQIA,4.096402,2.8467467
MODXUB,3.4544854,2.4706373
MUZYAJ,1.9219402,1.9802679
WUFSAR,2.0566366,1.8538752
IGOJEU,4.303753,3.1265473
LODLEY,3.0318925,2.617659
HAVPEC,2.9725718,2.567346
QEDPOE,3.1733918,2.4432042
LUKLEK,2.736649,2.5539126
BAZZUY,3.5714943,3.6773653
RIVVEY,3.391355,2.436587
HEBYIX,2.8498485,2.8111415
JAJCON,3.0675395,2.6117935
JAKWAU,4.0017066,3.0127819
RAJBAG,3.4928536,2.9605556
FURHUW,4.1244297,2.9528508
EHAQEK,2.673791,2.4200315
HOQGUQ,2.5268493,2.52808
NEVLOR,3.5037382,2.6767182
SUMTAW,2.287389,2.203994
YISLAO,3.223733,2.6671033
COQHIA,3.386185,2.5576878
KITYUH,2.4438546,1.9731987
CUQVUF,3.300469,2.7742398
KEHJEM,3.4109473,3.1171844
FUSTOE,2.2675247,2.2238874
MOLVUG,3.8468738,2.8376386
EWOYOF,4.471375,3.018386
AREQIX,4.3105555,3.2772079
QECDEJ,3.7489126,3.0728042
TIJTEO,2.2974575,2.52337
IWEZIU,2.614198,2.214537
YUWNIO,3.4787035,2.7362022
HOVPEP,2.9720275,2.0678124
ENEJIS,2.3151448,2.5295238
GOBBEG,3.6406114,2.6755588
MIWWIA,3.5461879,2.9999654
CEGQOV,3.3306737,2.6615515
PURNEW,3.3823752,2.7560534
DEBYAL,3.5208812,3.26195
QIDQOK,3.429179,3.0535154
HONNAB,1.2373017,2.1775405
QUSHOC,3.309721,2.7818577
UKAWOU,4.112729,2.8342516
WIBQUU,2.0830317,2.2688146
OFOQEG,3.7646954,3.1671958
GUGZIR,3.8846974,3.3301616
VIDYUF,2.719506,2.4394972
KOCREB,1.8209859,2.305916
QUBXUI,3.8199344,3.1793597
SIZXEH,2.717601,2.4357028
GOHYUY,3.6090462,2.7663867
DAFTUA,3.1959772,2.470558
YEXMUM,2.6678042,2.494416
RETFAZ,3.0193753,2.642938
NIYBAY,3.8474178,2.3696444
MEQYOW,2.4539227,2.725366
MCYSPT,3.730409,3.1614735
GUWMEQ,1.2577102,1.9874096
SOSTOL,2.329839,2.3692412
NEPQEF,2.1731012,2.5242488
RAQYEO,2.8101199,2.2120423
POBFIV,3.6294546,2.5905938
QAFMEP,3.6871428,2.9666708
MOQPAJ,4.01885,2.9137113
TUKTOI,3.7666001,2.9137075
UGUMIT,2.1336448,1.8970894
WUFQAQ,5.090162,3.1272416
BOJQOI,2.5292983,2.340084
RERGOM,4.3306923,2.9659579
KIXXAR,3.329041,2.3756013
RIHWAI,2.2027617,2.4534838
DUZBUV,3.3755724,2.8859725
TUZYES,2.7420914,2.6526368
WENQUC,3.9758556,3.0951905
JUZFOZ,3.3946204,2.611718
DUHNAX,4.084157,3.245185
OMEVAE,3.8506832,2.739747
CAMHEG,2.9429114,2.7245815
AZORIS,3.6457815,2.9360287
ROBHOF,2.1782715,2.497717
DEJJUA,3.0191033,2.3661628
GEWFUJ,2.8071265,2.5026078
TIBZEJ,3.9826584,2.8336527
CIGLAH,3.8253767,3.1189923
JIHMOF,3.4201992,3.1517713
TUXGAU,2.4199085,2.2314935
UKEKUS,3.8202064,2.9877956
BOHDAD,4.14892,3.0933802
SIHSIN,2.8348823,2.4280558
DACROP,3.5407455,2.868316
HUXXON,4.1007557,2.839703
HIDLAI,3.3021016,2.3122156
YAMHOM,3.182916,2.5591712
SOTXAB,2.9842727,2.5583153
HACRAF,4.2041593,2.5920837
UWIKAN,2.5148764,3.033697
GIKJUH,3.642244,2.929778
RERHAZ,2.2756882,3.3520522
SOYSOR,3.5614262,2.6672866
TEYGAH,2.4536507,2.2228568
PEHPID,2.9856334,2.4160748
KARRUQ,2.590524,2.4522362
ZEPXOH,3.524963,2.9296873
EGIKEL,1.4128152,1.7634586
XAJWOW,2.184258,2.202693
WIKGEE,2.9518912,2.755742
QUHTEU,2.7042675,2.1878417
YADPUQ,2.492291,2.2894742
FUNNUX,4.9962826,3.403955
MATSAC,3.6052365,2.6308227
IQUHAD,3.6506796,2.9661903
JEFFIK,3.0933905,2.7368414
VOZRIN,2.6297083,1.752917
MAQVOQ,3.7578924,2.618959
WOZBOC,3.403056,2.8978753
FORNUV,4.5443015,3.6050847
BELMUB,3.9638827,2.8241005
LODBUB,2.4563718,2.4338255
YOWHIB,3.6672785,2.337614
NIVBUQ,2.793793,2.6319368
VOPRIC,4.686073,3.2507012
GIJVUR,4.004972,2.7293878
TOZTIL,2.7358327,2.693134
SOWBEM,3.139922,2.7934356
ROGGUP,1.9807168,2.0878847
HOWVEV,1.6775819,2.044283
QIQLOT,2.7815478,2.4884963
XETGIM,0.56871796,1.8956264
HIDLIR,3.1078124,2.3959985
TAXTIW,3.4640095,2.8763583
SIPPOW,3.8365333,2.7784882
WODQIP,2.7706633,2.1556747
IPAWEB,2.5864422,2.6191366
KEJNUK,3.9510932,3.019523
AMISAR,3.233529,2.6642723
QOMNIQ,4.2980385,2.9408283
ACASII,3.1203296,1.77632
PEMDES,3.835173,2.8310912
HICQEQ,2.4775968,2.591818
ODUXAM,4.5970917,3.3846414
XULQOL,2.079222,2.4131231
IDAREL,2.4479363,2.6123776
NUFMUX,3.6465979,2.8647234
QOKRAJ,3.6623805,3.200146
TOBQOR,4.2120504,3.1783395
HUWYUU,3.1075404,2.568872
JEDFII,3.3355718,2.5204256
TAFXAB,4.148376,3.2591598
NERHEY,4.1442943,3.3820293
ATABAY,3.7763963,2.8522804
POQREV,1.8737761,2.3455722
RUHRAO,2.6019528,2.525902
GIBYEX,3.6438768,3.1975145
KEDJUA,2.08412,2.63814
EKEJUB,5.0915227,2.7304497
OKUZOL,1.5347222,1.8650736
GIJFEL,3.0607367,2.2208862
WUFHEK,2.555149,2.265207
COFSOI,3.7100005,2.698952
PAGWUP,2.8465831,2.547896
ZAXGOU,2.95815,2.7452185
JINTUY,3.2727134,2.6150005
TONWEY,3.4637372,2.68963
FEQRUR,2.430793,2.3523502
QOFTOV,3.2536654,2.8273535
ZAWHUD,3.1388333,2.4314342
YOHNUE,3.6585708,2.7855341
NUYTUY,3.592175,2.7632198
HODLAN,4.713284,3.1571655
SEDQOK,2.559503,2.4044182
MOYLIX,2.8648148,2.3473558
CUCFOV,1.8726876,2.0733767
WIPZAZ,3.4729893,2.883946
YAPZEW,3.424553,2.7911243
KISVUD,4.393278,3.3578656
NUWFUH,4.177764,3.0315464
YEKHUS,1.4280535,1.8727309
AXUTES,3.2384272,2.7000449
YACLIZ,2.4106567,2.4570312
TOGHUU,2.5184138,2.176336
PIBRIE,3.670544,3.1553724
PIFVAB,3.221284,2.9018722
CAQSAR,2.6582804,2.0292983
XEHDEU,4.3048415,3.0538907
TOKHEI,2.4299767,2.8890173
AQULUT,1.9004432,1.9417021
HARKUI,2.9056318,2.585485
PEMDUI,3.7249668,2.6186187
MAFMIR,3.5548954,2.9896402
COMQAZ,3.364688,2.7474573
SOMWEZ,2.0732355,1.779179
LENPUP,4.433279,3.0665455
FERRAY,2.3616762,2.3393316
TAPTAH,3.6231961,3.0251293
XIVNEW,3.9535422,2.8571062
GAGTEP,3.5222418,3.1026814
PROLPT,1.8022101,2.725758
HEDWOC,3.2735298,2.5656729
GIBGED,2.45229,2.8618484
UGUMAL,2.7491663,1.7403102
FOCSAS,3.9728625,3.0784285
MEZWAP,3.2942104,2.7246845
GOVFII,3.2996528,2.8436205
JALRAP,3.4762547,2.6800208
GINKOD,3.001688,2.7846782
YOCTOZ,4.114906,3.4332829
KEXHOL,2.349431,2.0505114
NORDEF,3.7347627,2.8462865
JOKHOI,3.9641547,3.0469365
ZONTIH,3.07788,2.0412798
ZEWMAP,3.4313557,2.5874927
NUPWUQ,2.1456177,2.0149908
SIRPAK,2.8220928,2.723556
LICKAM,4.0422516,2.89943
INICIR,3.659387,2.8743346
GAPROF,4.5540977,2.8073273
NASNAX,4.012047,2.8717513
OHERIC,3.123323,2.632462
VOPKOC,1.0226039,2.292485
ANIHUB,3.3366601,2.70392
DIGVAS,2.788895,2.3657467
SAZSET,2.2264357,2.0705323
MEVHED,3.6901362,2.9015942
VECNUO,1.0185221,1.7762216
IFUKOK,3.7301369,2.7183905
QASKAX,2.2952805,2.3249557
TIZPEZ,4.750836,2.5978274
XARFIG,3.5236025,2.5913744
AJIFOO,2.6052182,2.4983246
KECDOM,3.3021016,2.5096364
QASKUR,3.331762,2.47337
GUTLEM,4.6664805,3.1608567
SEJNAY,2.7614114,2.5306492
QODRAF,3.424553,2.5113013
PASZUH,2.5097063,2.2293873
CODYOK,2.8563793,2.728644
MIKDOC,3.2923057,2.4632258
LEQSIK,3.5151668,2.7322962
HOJBAL,3.5957127,3.2146916
BULJIC,1.4843811,2.1634593
ZIDQEK,3.3714907,2.1339164
PUWKEX,4.0022507,3.0507247
ZAQWUJ,3.9012964,2.8474288
COMSUS,4.3837543,3.085096
OYORIE,3.9676921,2.9547
QATFEZ,4.0329995,2.7359285
GOYNEN,3.7772126,3.0739477
PAQQUV,3.0188313,2.6651454
VUNFAL,3.4147568,2.9484417
LOPFUS,4.0310946,2.6883566
YIRKOZ,4.2079687,3.2624044
KUYRAY,3.4909487,3.1038384
MIRTOZ,3.0030487,2.447155
BERDEI,3.9685085,2.9112835
KITRAJ,2.9927082,2.5831127
XUDXIE,1.6686022,1.2666143
TELNUW,3.374756,2.353493
DAVGOY,3.8969426,3.1134884
NEMWEK,2.9404624,2.7606676
HUSXEA,3.1510785,2.441086
XEQWEX,4.179941,2.7306538
XAVMIR,3.6414278,2.3308372
EMOKUO,3.1630516,2.9093828
KOBGIU,2.4370518,2.3447466
UDEHEQ,2.5058966,2.4198341
MAYKUS,2.5401828,2.5895016
JOZQAQ,4.3241615,2.876182
PAKZEH,3.3034623,2.5978909
BPYCPT,2.2193606,2.2131867
IMICEO,3.826193,3.0044107
TUDSAO,3.4621046,2.8255434
XAYCUW,3.047131,2.7480414
GAXDUE,3.6936736,2.3126326
MANFUF,3.4566624,2.6985812
ALARAH,2.7078052,2.3917005
SETKOT,4.7233524,3.159965
WIFWAK,2.6199124,2.6001782
AZIQUW,3.76143,2.920003
LIRZUJ,3.3034623,2.4953046
NETQOS,4.4180408,2.9793866
DAMHOR,4.296406,3.0030744
PIXZUR,1.9393555,2.1984153
YEWHUE,2.7622278,2.501959
NOXJER,3.9464674,2.8049102
IFEGAC,3.1557045,2.8485532
WEMKUV,3.7415657,2.9324408
FORQAE,3.24523,2.9653666
XESPOB,4.0626597,3.2030754
NONDEB,4.280351,2.7314003
NEQVAJ,1.8533676,2.2335184
NISHOP,1.5771719,1.897667
DUJQAA,2.6827705,2.793778
NOQZUQ,4.108919,2.7207062
YIDBOF,2.0422146,2.2635875
YIVRED,3.9739509,2.7061248
WIFWIS,2.9075365,2.5871692
QURFAK,3.0882201,2.6563442
HIDKUB,3.4640095,1.6740639
TIHYIS,1.7978563,2.0450227
VOMGIO,4.4512386,3.0196743
FACJAW,3.479792,2.5750127
LAMJOY,3.3151631,2.7387385
OQENEE,3.8512275,2.9094057
BUPJED,4.1383076,3.481501
YOVXOY,2.0677931,1.7209696
WEPVAQ,3.9007523,3.1961098
USOVEE,2.9619594,2.2808604
NUGPOU,2.2022176,2.4896233
CAZXIM,3.7078235,3.0121922
DOFGOV,3.4566624,2.6407547
VANKUQ,3.8754456,3.048764
JOWDEH,2.9527075,2.4897463
FEWVIN,3.3350275,2.3560817
XALSUA,4.456953,3.0346227
IMAZUR,3.9064667,3.0736232
WIXSUR,3.5388408,2.751038
ODUGUP,4.2531395,2.989032
EFAQAD,3.228631,2.9795387
REYZOK,3.2128484,2.5294402
FADPUV,4.117355,2.7941132
SURQAY,3.023457,2.7983723
OCEBUT,3.2792442,2.8237026
EVEGIX,0.810083,1.4707946
QAPSAC,2.3837175,2.180932
LOQWUJ,3.5532627,2.3593905
JIHHEN,4.093681,3.0853314
MITZIZ,3.0359743,3.0316138
GONQEF,2.1211276,2.1737194
HEWPAA,4.3394,3.3438978
USOWIJ,3.1303978,2.1963122
REFPIC,4.40117,3.1357281
POQJUA,2.578823,2.7078068
LIHXOR,3.6147606,2.7450333
NEKGIV,3.407682,2.2428713
RUTMEY,4.2863374,3.150825
EGAXIT,4.9859424,3.1335456
RIVVEX,2.409024,2.4868875
DUGRUU,2.4386845,2.6532798
XOQGUG,3.2201955,1.8464034
ZOJJAM,3.3891783,2.831786
RAMREE,3.8577583,2.8577046
ZEPXIB,3.5061872,2.9684
RITHUZ,2.9791026,2.640186
ASAVUN,2.6275315,2.6894052
WIWSOL,2.7380097,1.882626
AGACAP,2.330111,1.7861791
POYHIV,3.4016955,2.8458254
DIWWEO,6.3220215,3.4308362
XIGBUN,4.7658024,2.6428418
HEXLOL,3.489316,2.7080483
XUFWEA,4.349196,2.9380774
LOWGOV,3.7336743,2.7195616
HITTIN,3.4117637,2.5670273
IYUGAM,4.254228,3.4642074
ICIPUH,4.3168144,3.4611452
CEHTUH,3.3154354,2.4905686
ODUGIF,2.0541875,2.7881985
RIRGEG,3.8302748,2.9610689
MINYOZ,3.7954443,2.8336635
UWAROA,4.273004,3.0616887
UBOLIG,3.0354302,2.657695
TACZOO,2.363581,1.3985953
XAHXOW,3.4495873,2.9881377
XIWYAG,4.399537,3.2458088
FELTEY,3.1875417,2.767381
KIXGIK,2.7088935,2.7761338
OQILEH,1.9613967,1.9635602
DECPOR,4.1146336,3.040815
ULOROD,4.971248,3.144875
IQEWAD,2.7091656,2.7753575
QIXVIE,2.463719,3.0502856
IXEGOI,4.525798,3.1524675
GASFUD,2.7548807,2.5465858
QOPZUR,4.992473,3.111998
INENIZ,2.7712076,2.5731127
QAVJOO,2.5918846,2.8885992
CILJOX,3.5072756,2.6607158
TIBSAB,3.6090462,2.9094331
PESWOB,3.4661863,2.468236
SAZMAK,3.6027875,2.8772376
CACPIF,2.272695,2.973797
SUYXOB,3.2463183,2.2331579
GABNEC,2.3725607,2.4625945
ROFXUI,3.288768,2.8555303
IGEBEB,4.26865,2.887922
NIBMIX,2.9429114,2.5068512
COFCEG,3.4958467,2.7640727
PECGUA,1.8906472,2.0594153
OMAWIK,1.9540496,2.051116
KALTUP,2.525761,2.6117477
FILBUA,4.5802207,3.034625
ZIZFOF,3.8144922,3.1140392
VEFDUF,4.6637597,3.0194259
KUVRUP,5.1848574,2.813929
SERSIT,4.157356,3.0092716
ECIHUU,4.934241,3.2756069
HOZNOZ,3.7584367,2.7432463
OKAPAR,3.9271472,2.7532666
ONENEC,1.5616615,1.943293
XEHCOD,2.9412787,2.608078
AGOBEE,3.639795,2.6952398
TOHSEO,5.542143,3.1142395
MINYAL,3.1445477,3.1735072
ONACIQ,5.0972366,3.124096
FUYRAS,3.2969315,2.6053226
BUJCEQ,2.8493042,2.5802078
SAYMOW,3.42673,2.3503306
SAJVAC,0.90749973,2.4706824
RERFUP,3.1725755,2.792617
YIDHAX,3.5456436,2.5828574
RICNUO,3.5099967,2.7843702
LIVMIN,4.0664697,2.656014
ULORAP,5.0387325,2.5416167
QALVUW,2.61447,3.0220451
PEFWUV,3.1981542,2.6437092
HUDMEY,4.9690714,3.0229185
CUNWUF,4.318991,3.2636008
LALPAR,1.6449283,1.9285617
NIQWIW,4.5078382,3.2394865
LENWEH,4.2670174,3.0906284
RECXON,3.2362502,2.041954
PUPNUL,2.5529723,2.588377
XIGYAN,5.501598,3.5459137
ZEWMEV,4.114362,3.0583825
VELMIJ,2.9045434,2.9577036
QALWAD,2.6291642,2.8882296
ZOZMAC,4.4300137,3.109899
KAFZIC,4.8341026,3.6808205
JOBPEW,4.189193,3.254592
KUBQII,2.9293058,2.4750025
KINWOV,2.9978783,2.7888474
IPISEH,3.7320416,2.5590289
AHIYAT,2.4626305,2.6285493
YURPOS,4.107831,2.7289686
WELVAM,3.2738018,2.734109
DAPGOS,3.1350238,2.7229912
SUWVOX,3.2561145,2.548972
TICNIF,3.7119052,2.8072865
QANMUQ,3.5959847,2.4448626
XOTCIT,4.1837506,3.0296745
CETHUG,2.9137952,2.6303074
ISENUR,3.429451,2.8589115
APUFEX,4.534233,3.3129716
KUQMOZ,4.456681,3.1557662
PUMLOZ,3.80007,2.6750033
VEQDIE,3.469996,2.563027
PAZXIZ,2.7537923,2.9303198
CAQNOZ,3.7061908,2.4549122
GUKHUR,3.3905387,2.7737715
SAQTEK,1.8326869,2.5942686
VAWRUJ,3.9617057,2.5372758
HASGIT,3.6368017,2.6253848
SOBTOT,2.1850743,1.6694067
QIGSUW,4.6234865,3.1244729
WIVZAE,4.9742413,3.4015625
GOJLAS,5.4235015,3.1250153
VEPMUA,3.238155,2.138443
OLIKOK,4.2338195,3.0397482
RARWUC,3.653673,2.910865
RABCUT,3.651768,2.911619
IMIXOS,3.616121,2.9780347
KAQXAC,3.1826437,2.6044078
JAQPUP,2.7649488,2.7751188
NOKREM,3.3679533,2.2160156
BUKTEH,2.8283515,2.4887543
MACGII,3.302646,3.01797
NOKMUX,3.1029143,2.6556215
LIYNEM,2.920326,2.8203592
IKUSUD,3.5162554,2.8653424
DOLZIQ,3.988645,2.982459
XIKKAG,4.262664,3.5061536
WUQKOI,4.739951,3.0889497
TOGMEH,2.9592383,3.0113285
OQAPED,5.865414,2.8828506
MEVKEG,4.0261965,2.9099422
XUYLAE,2.08412,2.1470504
BUBKUF,3.6305432,2.668206
ABELOK,2.3317437,2.5750945
XOWTUZ,3.9208887,2.9579132
REXROB,4.0444283,2.6703763
GUPTAO,2.3809962,2.1807146
FIMZUZ,3.4909487,2.701665
PEXRUG,3.659115,2.6610324
HEXLIF,3.3867292,3.0166075
BESYOQ,4.819953,3.014288
NOLWEQ,3.6599314,2.9639468
ZIDJEE,4.743761,3.255751
SATGOM,3.9970806,2.7383
EGUSII,2.170108,2.2733724
JIQXUC,4.172594,2.894244
NAWTUA,5.1320677,3.3010595
YIXCIS,3.6528566,1.786652
ASAWAU,3.6261892,2.9203205
ZIDHUS,3.959529,3.178555
QIGTEH,4.8637633,3.0827975
TATVOZ,4.2237515,3.1675582
YAMMAC,4.3219843,3.0810146
DAPHOT,2.5807278,2.73309
XIQTUN,3.2944825,2.9159975
RECCUZ,2.9284894,3.0601254
YIRLIU,3.1159759,2.8504198
MAXQEH,3.2950268,2.5001407
XETHUA,4.6185884,2.9200723
DIGRES,3.5380244,2.7089639
HAZFAR,3.7685049,3.223141
QIDKIZ,2.268069,2.2582276
DIWZIU,2.5673943,2.4243793
VAJRUU,5.5135713,3.1585636
EJAMIM,3.5037382,3.093367
PUQDEK,2.1145968,2.4964066
FOYDUS,3.49367,2.8526437
DAJQUD,2.999239,2.4085817
HACPUZ,3.570406,3.0820954
KEVCUM,3.6406114,2.7996032
YERGAE,5.042542,3.3932986
NAGJAH,5.060774,3.5882719
JIWKIJ,4.0618434,3.0634265
REXZEZ,4.280351,3.0186188
LEWKIJ,3.7070072,3.1370077
LACYAP,3.5148947,2.8457174
XUNVIM,4.34076,2.911531
ZUFBUZ,3.094751,2.830955
ZECGAS,2.8650868,2.6207736
OMASEB,2.7706633,2.9227173
SICKUM,2.7954257,3.3351707
CUVRIW,4.012047,2.6247606
FAXHES,3.9132695,2.8913708
NUTVIJ,3.0155659,3.024514
NEDNAM,2.9361086,2.9345298
SEQKIK,2.3197706,2.2512465
FIMSUR,6.404744,3.2049935
KUNBUS,4.062932,2.8764122
QAVJII,3.5589771,2.926497
ZIZGIA,3.2196512,2.7722697
QATPAE,1.2242403,0.9215609
HIXDIC,5.1897554,2.587682
JIPFAS,3.0046813,2.7689621
REKFAO,3.0131168,2.4667485
VIPDOQ,3.9753115,3.0934129
WAQHEC,4.211778,2.539499
CORQEI,3.6931293,3.0083547
YERFAD,5.015331,3.4824214
MAVXUC,3.6544893,3.0084574
MOCGAO,3.0101235,2.000751
NIMMED,1.8868375,2.6817815
ZICTEN,5.3513913,3.2234704
FIRWAF,4.5802207,3.2109106
NUVPAW,4.6787257,3.0573483
GIJTAW,3.488772,2.4483473
SONTIA,2.1924214,1.9621205
DOQWUB,4.8553276,3.1885073
WUNZAI,2.8863118,2.9602153
TIQGUX,3.9078271,3.0239415
VUCLAI,4.8534226,2.946127
ACEGAT,1.6122746,1.8590158
SETMAI,3.4098587,2.7508297
YIYWAG,3.7410214,2.7554812
JEVDUJ,3.5883656,2.928642
XIRGEM,4.003611,2.755646
REMMIH,3.962794,2.8788524
TEVTOD,5.1124754,3.0018337
XEQRES,3.6011548,2.647426
FIQVAF,2.5921566,2.4323783
QUZTEM,2.0726912,2.5208225
EVUCIH,3.8033354,3.001549
PORYOK,3.3222382,2.7542262
VOMFOU,4.1195316,3.1770868
FEYCET,2.046024,2.481864
VUNPIE,3.126044,2.8233216
DIWYUF,3.0737982,2.8249724
CESNIY,3.0022323,2.3220747
DAVHIR,3.145092,2.7501545
YAVFOT,2.160312,2.3223248
RIZVIF,3.7524502,2.9255462
PEKMEZ,4.676549,3.245022
OBIWAY,3.7178917,2.7451315
TIGMIH,3.1986985,2.400325
QOBFOF,2.3243966,2.5936437
OLIKUQ,4.036265,2.8704066
GAJMEL,3.0482194,2.918344
PAQKIE,4.5734177,2.839571
YEWVIH,4.187016,3.0145347
QUKZAY,3.5007448,2.9015315
WIQYUS,2.206027,2.1803935
ACIFOJ,2.0901065,1.9231352
IGEBAX,3.5747597,2.8984804
LEPVEJ,3.5162554,2.9051826
DEGZEV,4.1818457,2.9357824
GUBTUT,4.644439,3.208702
NOXGUE,4.593282,2.856544
XUNVOS,4.6526027,2.8247578
ZOZFUP,4.763625,3.0494583
SIZMOE,5.5021424,3.5470877
EHEBEA,4.4172244,2.718664
RISQAM,2.9701228,2.9358099
MELFAK,3.0748866,2.6962745
KURWEA,4.3693323,3.1107008
QEYRES,3.1992426,2.7672992
KAWVOV,5.2281237,2.987693
NIHKEU,3.1962495,2.3561814
VUXMUX,1.5866959,2.8063273
PAJDOV,4.3268824,3.0308483
SUKVIF,4.0136795,2.8215435
MUPGEJ,3.8561256,3.0331562
RAJNAS,3.2917614,2.220325
VOYPAC,2.987538,1.9984999
APUDUL,4.0974903,2.9866445
ZECFOF,2.8729782,2.589678
HILNOF,3.3894503,2.8468187
ISIYIU,3.3113537,2.6833863
HIYYUK,4.9987316,2.9086087
DIWZEQ,2.578823,2.5641272
PEKMOJ,4.5560026,2.9279408
OLABUY,2.322492,2.0395799
MUPGUZ,4.3603525,2.9161153
BIBYOD,3.8727245,3.1963975
KEGHOW,2.5722923,1.85755
BIJWAU,3.7067351,2.926835
ORUHUF,4.9913845,3.4675126
BARBUT,4.776959,3.2519193
YASJOR,3.9064667,2.9066548
ESOJAY,2.8710732,2.8574305
PATTOT,3.214481,2.868151
LEXJOO,3.3211496,3.1706285
WOBDUM,2.8473995,2.7942994
TAWNEN,4.180213,3.0179744
GIKQAT,3.5453715,2.855959
TUDRIU,2.6346064,2.7263935
YIKXUM,4.5018516,3.1782715
GAQLOC,3.53231,2.9380674
UPOCIM,2.3894317,2.3002393
SIJQAF,2.384534,2.6699128
RUHGOQ,4.662127,3.2626348
YAMLUV,4.332869,3.0998192
HAFFIE,3.23108,2.768871
ANUMUT,2.4863043,2.6236558
PEZTEV,4.4890623,3.1377492
AJOXAZ,2.52821,2.2807126
TUWNAC,2.3858943,2.3679867
CERGOW,3.4090424,3.1866171
REJPII,1.723025,1.6151769
ONADAJ,4.254772,3.0943458
DARTIC,4.1146336,3.0726192
MINYIT,3.895038,3.291898
QOZTOP,4.0923204,2.9176173
VOPDEJ,3.015838,2.8146544
MINXUE,3.5440109,3.2523189
GIHDIM,3.637346,2.5959835
YEWJOZ,3.654217,2.8656733
ZOBTAO,4.535866,3.2422476
BOGBIJ,3.4836016,3.2252498
ULOQIW,4.956554,2.8118122
ROHDID,3.534487,3.1517153
QALXOQ,5.482278,3.271165
VIDROQ,5.260505,3.0777283
YERFEH,4.8765526,3.5013363
SIVCEF,4.442259,3.0695696
OLOGIH,3.9263308,2.9408972
CORPUX,4.2278333,3.2116275
QAWDEA,3.2569308,2.8520327
ENECOP,3.5810184,3.0599875
UWAQIT,4.455592,3.111616
AMEBOL,4.165791,2.910696
VUNVOQ,4.2006216,2.9577343
ENUVUG,2.8454947,2.8933973
ZOMLAO,4.408517,3.1090605
CTPOAU,5.2425456,3.1405978
GEQSIE,3.8036075,3.0569363
JETCAN,2.9820957,2.6293938
JULYUK,5.5456805,3.1433458
BOFSEV,2.8016844,2.131195
LENVUW,4.2417107,3.0288613
SUQSUT,4.1897373,2.9019625
KUDKEA,4.0542245,2.8892488
EBEZAP,3.5467322,2.8424873
LISKOQ,3.7151706,2.8441658
GORREM,3.8942215,2.5199072
TIYXEH,3.2057734,2.6210973
ROMFEE,3.5519023,2.8552778
TUKNEU,4.136675,2.7857578
EJANUZ,3.4732614,3.2362711
MIYZAY,3.1121662,2.2541122
HEXLEB,3.272169,2.8915205
DAJQOX,3.4931257,2.4550645
ROHDOJ,3.450948,3.2038715
NOBNUQ,2.6852195,2.4421568
SETLIP,1.1094083,2.127914
LESNOM,5.183769,3.0992932
YALGOK,3.692041,3.0082014
MOWTOJ,2.4645352,3.050492
UFUPAP,3.4547577,2.8708472
QUDDAW,3.6234682,2.442353
FAJVUJ,3.1227787,2.6777415
PEZTAR,4.6564126,3.1687315
ZIZHIB,4.3151817,2.907428
FOFLOD,3.1774735,2.762137
ZOBKAF,3.9293242,2.7709303
FIMTOM,6.446922,3.318486
TIYWUW,4.141845,3.0320618
QIHVOS,2.877332,2.1271634
WUZMEL,2.8933866,2.7031026
WAXVAU,3.03026,2.1818323
CIQJAQ,3.2770672,2.6854086
ILAKIR,3.5527186,2.8209207
ROKFUS,5.0245824,3.2840977
IJAQIT,2.752976,2.2617831
BOKQEA,2.6688929,2.5067022
TICNUR,3.5195208,2.8494678
ECINAG,4.3717813,3.1548133
PECWOJ,3.3366601,2.5183344
ACINIM,2.8732502,2.3445501
VOMFUA,4.032183,3.1463594
KAQXIK,2.7472615,2.47132
XETNOZ,2.607395,2.6985753
IKOJOH,4.314093,3.1882145
REGJES,3.1230507,2.6546004
ULOQOC,4.798184,3.0743036
HEQQIF,3.2131205,2.7434988
TUKNAQ,3.9347665,2.8224876
FORLOO,5.394657,3.5191803
LAXXEO,2.8993733,2.1933844
ZIZJOJ,3.673265,2.7519026
FIDPIT,3.8751736,2.8952467
WAQCOH,4.9551935,3.1880097
EMICUA,3.0618253,2.7761228
BIDSIT,4.354094,2.6099267
AKOYII,3.178562,2.9530914
PEKNAW,4.368516,3.1680255
PEXZUP,1.2870985,1.9165375
TEQYOF,2.2446673,2.763832
POMGII,3.1143432,2.5202284
XANKUS,4.003067,2.5514598
IRAKUJ,3.653945,2.7354085
FAWYOS,4.748659,3.2541015
KOXQAR,2.6610014,1.9926832
GOLFEU,4.7472982,3.2548118
QUDCUP,3.7611578,2.419935
VUNWIL,2.9551566,2.9712553
LERCIX,3.864561,2.5255463
BAPNAI,3.2357059,2.7841442
QEZXUQ,3.302646,2.2260883
SOPCAD,3.436526,2.3840246
DUZZII,3.8474178,2.7747862
SUJBAB,3.3777494,2.8090446
NILFOD,3.2724414,2.6203883
BAFYEO,3.3178842,2.9734633
SOQYIJ,3.5935357,2.6317413
CUWLIQ,3.695034,2.5150502
EYEQIK,4.0373535,2.3174648
NOJWUH,3.393804,2.6074615
UXOCER,3.537208,2.9238434
NIYTIA,2.8977406,2.1396666
XANLIK,3.0550222,3.1028016
APUFAT,4.197356,3.1189704
FIMTIG,6.4488263,3.2814887
IDAHAX,3.087676,2.800079
JUCBEO,2.547258,2.6584594
RIMDOJ,6.3631105,3.3249552
PABDII,3.539657,2.6993647
KAGXOG,3.7714982,2.3851357
XITCEK,3.181011,2.336405
AWUBAX,3.5840118,2.409842
WAQCAT,4.5323286,3.4402063
FADNEG,2.5706596,2.7112954
COHKAN,3.7935393,3.1107726
JIRJEC,3.6310873,3.0624971
WAQHAY,3.804968,2.6442282
BIZJIF,2.1442573,2.8766565
FETCAL,3.3793821,2.719778
VOFNEM,2.311063,2.4279683
SICRUS,2.9143395,2.1465087
BUVCOL,5.0147862,3.40905
HEFQUE,3.8395267,3.1794653
LAHCUU,2.5589588,2.5587928
QIQDEZ,4.526614,3.1036596
FAWYIM,4.965806,3.3291435
SAJTUU,1.2745813,2.3524976
GOYVUL,2.4054866,2.547075
BOFCOO,3.9483721,2.815226
NUDKEE,3.658843,3.4154983
OJERUR,2.2095644,2.4035888
INEXII,2.7516153,2.7457645
ADEVEM,3.6245565,2.7016118
KOXVUQ,3.0438657,2.3721519
OWIRUI,4.216676,2.7085507
FOLZUB,3.1671333,2.8962653
SAQTOU,2.284396,2.7411828
EBEYES,3.5407455,2.828575
RAGSIB,3.2738018,2.7686436
VAKKAV,3.5829232,3.1529543
TEPQIR,2.0272484,2.2220979
NICGUE,2.0985422,2.2502747
BUVTUI,4.876825,2.9690745
WIRFUA,2.306165,2.325425
JOTKAH,2.8735223,2.1152313
KIGPIC,1.5268309,2.0984492
AQAJAD,4.1524577,3.0658882
WAXKOX,4.705937,3.2442017
HIXHUU,5.0006366,3.3019872
KUDSAD,2.4914746,2.3442354
DAJREO,2.9935246,2.4716725
EJAMOS,3.4781594,3.0978773
FAYGUK,3.5165274,2.7697687
SUVTOU,3.89531,2.8978183
KOTFAA,3.2457743,2.3466516
VICKAT,3.6460536,2.7806914
ILIWIJ,2.4278,2.0265765
MOWHEN,4.7826734,2.8059452
BORCET,2.3804522,2.6045709
PAJDUB,4.3524613,3.0625029
NIWBOL,3.2242773,2.3921664
MUPDEI,3.6335363,2.664824
ZOMLIW,4.690971,3.0978253
GEKDUY,3.5306773,3.0551393
IXEHEZ,4.2667456,3.0627334
NUPXIF,3.7301369,2.8144214
ORIHII,3.7023811,2.399019
UHOCAW,1.422067,1.1918218
RADLAJ,2.9069924,2.248201
INOXOZ,4.048238,2.8683867
FAXJIX,4.2125945,3.1246426
TIJLAB,3.9451067,2.7295427
FIRVUY,4.306746,3.0001845
ROHCOI,4.7930136,3.191083
GOSJOP,4.6566844,3.1275308
MIVXOE,3.5260515,2.7509859
YOZNIL,3.9998016,2.7771323
YUWHUU,2.820188,2.6455464
TEVSOC,4.922812,3.0183516
HARWII,3.5848281,2.8626866
LEXJUU,3.3358438,3.2380524
DIXVAH,4.468926,3.161436
VINPIR,4.7766867,3.1278338
SUKTAV,4.0286455,2.7912598
MINXIS,3.9208887,2.6782997
FEDLIJ,0.2100719,2.3780718
NUVNIC,5.1511154,3.1097767
ONUXAY,5.0482564,3.1299703
OKANOD,4.8613143,2.7001874
WIXDUC,2.7905276,2.9370327
KALSIC,2.7442684,2.5172017
XALQAE,3.9263308,2.7006526
XAPRUE,3.4087703,2.9060066
UZOPIK,3.3704023,2.3486657
VUPCIT,3.9949036,3.1127925
REJNOM,2.867808,2.9503899
ONACOW,5.120639,3.4179325
BTCCEG,2.8542023,3.1693838
OXIFIL,3.6621084,2.6708379
TAKPIF,3.0558386,2.7069705
QOZVAD,4.0019784,2.9985409
FASVIF,3.9938152,3.145925
EQOTAF,4.3919177,3.039475
AVACIJ,4.4460683,3.190991
CERGUC,3.3921714,2.4944215
CERHAJ,3.467819,2.8438325
QOZVUX,3.804696,2.8112495
TUKPIA,4.733421,3.327341
MEZNIQ,4.5203557,2.8680797
KOBSOM,4.3380394,3.014835
WELVOA,4.889614,2.7681477
WEMGUQ,6.326375,3.1717856
XOCPUC,4.638997,3.3370209
WIYJUM,3.0623693,2.6685
QOKVOC,4.643079,3.059344
MIZCAA,2.0628953,2.9789562
TUVFOH,2.89638,2.1973653
FAWZIN,3.935855,2.728802
BOJQAV,3.6003385,2.7179627
TIFWAJ,2.6781447,2.7359805
FEXKID,4.638453,2.9192715
MIWTET,3.7576203,2.6897247
RUPTOM,3.1872697,2.9093919
CIRFIT,1.9148653,0.97606623
NOJWAN,3.6188424,2.6482873
LOXSAU,2.8928425,3.142402
DAGDIY,3.4351654,3.018202
EHEBIE,3.883881,2.7188907
NICXAZ,2.5967827,2.835759
GAJSEQ,3.8558533,2.8249967
INOXEP,3.843064,2.913633
EDAVIR,4.232459,2.8574448
DECNOP,3.5927193,2.949313
INOYAM,3.5861886,2.9669619
ZOLWUV,4.3432093,3.2588344
CUTXEU,3.940753,3.5064344
CIZCEW,4.791925,3.0618913
XISHEP,1.6797589,2.7785325
ZECFIZ,2.975021,2.5880198
RICPIE,3.3206055,2.8844388
GUSDII,4.0716395,2.50456
DOLYUB,3.8912282,3.0699778
HAWJEV,3.0272667,2.818115
WAVGIM,3.6264615,2.7889435
VUNWEH,3.5244188,2.9843414
WUMCEM,2.7799153,2.7804093
FEYFOH,3.6408834,2.5410924
HEQQEB,3.3592455,2.7959616
ROHLOS,1.9750024,2.1234283
NICHAL,2.406575,2.319726
UDASEA,4.6134186,2.791678
HOBLAM,3.0737982,2.4975753
EQIJAR,2.1145968,2.1296303
DEBJEZ,3.8757176,2.7660193
QUHPOA,4.0158563,2.9487307
WAVGAE,4.3154535,2.9727206
XUFWOK,4.0664697,2.8032482
COFCAC,2.5480742,2.5872157
VEMVIS,3.1274047,3.026661
WATMAI,3.6479585,2.5875216
TAWMIQ,4.0667415,3.0467083
OGOYOY,4.1442943,3.0533125
ZOGXIF,2.8025007,2.5802224
INENUL,3.69966,2.9098103
FETBUE,3.111622,2.642284
PAJDIP,4.416408,3.111313
LILRED,2.8514812,3.0296602
ZETYAY,3.6631968,2.6192427
YIDGOI,4.0180335,2.9949021
EMIFAJ,2.9478095,2.740889
GEKDEI,4.2479696,3.1985826
DEBPIK,2.882502,1.9517
REGPOL,4.028918,2.7414465
MOQDUT,4.6634874,3.1654289
OTOMAM,4.2169485,3.1606317
OCOZAI,4.2545004,3.1292732
ZEXPEZ,3.921705,3.087173
FELSUN,3.226454,2.5871782
GEJLUF,3.5238745,2.7981324
INIJIY,4.036265,3.008991
RAJPOJ,3.91463,2.8056571
QAFZAB,2.2884777,2.1895218
XIZXOV,2.7067165,2.175735
WIYHUK,3.9973526,2.8926225
RIXVUP,4.1619816,3.2437506
IKABEB,3.39843,2.6650195
KANJIS,4.4055233,2.8917372
VUXMOR,2.4215412,2.5809946
DEFPOW,3.6901362,2.4122834
KUNHAD,3.5614262,2.904975
XUNVAE,3.5358474,2.48439
MIYXOK,3.1962495,2.4216635
CUJHIA,3.1320305,2.8392887
PIRGEC,5.4928904,3.3584173
XACQUQ,4.80798,3.1786609
YASWEU,3.9693248,2.970363
COLQIG,2.7459009,2.5388522
DEPCIK,5.283907,3.0701532
ESOHUQ,4.325794,3.2283022
DOFLOB,3.7791173,3.326306
GIVSOV,3.1127105,2.6613088
TUKQEX,4.4419866,3.0455625
VIXSIF,4.1119127,2.9881384
XAPXIY,3.2593799,2.5020869
DIPVAB,2.9086251,2.9798691
GEXCOE,4.4751844,3.6271846
QOZDAM,4.0849733,2.7598472
JIXFEC,3.7938116,2.6858108
AZENEZ,2.860733,3.1006737
AHASAF,2.8563793,2.845608
ISEPIH,3.5508137,2.7243953
NOKNAE,3.0479474,2.4055564
IFUJOK,2.6024969,2.5238557
BAFTIN,3.4599278,2.7331016
ZIZJID,3.491765,2.8341305
WAPPOU,3.0346138,2.6519399
IZOTEX,2.8313448,2.2382002
SONTEW,2.3913367,1.917357
OVIHUY,4.0928645,2.7878218
IFIQUK,3.856942,2.717243
ZURLUT,3.4161174,3.0230434
ECIHOO,4.867845,3.2629967
YIKXIA,2.9899871,2.8730848
NICRUP,2.9067202,2.9281366
REZHUC,4.724713,2.9679697
HAZDOD,3.9793932,3.2437296
WIRGOV,2.0130982,2.6157668
PUGBAV,3.4136684,2.6578097
VIXSOL,4.4776335,3.1596754
UHIMAZ,5.38731,3.5784125
PIXFOS,3.2210119,3.0892274
ODUGEB,2.6261709,3.0299644
ZOJGUD,4.586479,2.9929583
EMIBEJ,3.0245457,2.922645
FIRWOT,4.265113,3.1062655
BOJJES,3.2463183,2.59855
OLUPAN,4.100484,3.0981688
UKAZUC,4.758183,3.207525
SOQYOP,2.8588283,2.3332758
MEZZUO,5.4501686,3.4257526
PECKAK,3.5747597,2.9003332
UYEPOE,2.8430457,2.9559174
FAHFIF,2.7540643,2.5220916
AKIBUR,3.5255072,2.953831
FAXBAI,4.295317,2.850326
DONLAV,3.7309532,2.8649511
PORMUF,3.8749013,2.8956635
HUNHEF,3.3997905,2.614628
LENQIH,3.080329,2.702561
KARJIW,3.4038723,2.921073
QALDAJ,2.3548734,2.2220078
ZUQFEW,4.271099,3.1803734
REFVAC,3.8558533,3.1941261
PAHHOV,3.3010132,3.020808
FIMSEB,6.379165,3.4351454
COGJUE,2.927673,2.3394995
KEFJOW,4.1981726,3.0893655
LAYPUY,2.9921641,2.259326
LONXAN,3.2136648,2.7911525
IWASUW,3.6958504,3.554946
UVURIO,2.576646,2.6438465
RIXXOL,4.167152,2.6255999
ECIJIK,4.9943776,3.2254238
FIRWEJ,4.2289214,2.9916847
XOLVIE,4.172594,2.6957138
LISKEG,4.0667415,2.9941893
SICJUL,2.9793746,2.9257815
INOWIS,4.976146,3.051587
TAJVEF,4.5111036,3.1928887
BMPHAU,5.9625587,3.6638048
NUZYAI,4.9794116,3.1320438
FIMTON,3.6411555,2.5059793
TASBUN,2.1521485,1.8821174
EMICAG,3.7078235,2.8765004
SURKAS,2.3018112,2.8171499
RIMDEZ,5.076556,3.336292
QALVEG,3.718708,3.049455
UKEBES,4.286882,3.0523138
WAQDEY,5.0392766,3.6198277
YAKFEY,3.5173438,2.9577951
IJAQUF,2.6348786,2.1104977
CUJKUN,3.3159795,2.932048
DIHKOW,3.2177465,2.7901309
RASKEB,4.3581758,2.899037
MULVEV,4.4196734,2.8235657
JABCIZ,3.5859165,2.7041247
XENXIY,4.7666187,2.7431102
FOGXUW,3.4313557,3.1689317
OBOLID,3.5551677,2.98303
GOGFIR,5.6052732,3.2699697
MADMOW,3.5630589,2.5039515
MURJUF,3.7097282,2.6989353
XOVKEZ,4.910839,3.723183
COKVAC,4.4008975,2.914602
PAZXEV,3.391355,2.7691941
UWASIV,3.4991121,2.5829363
MEGZIK,4.883355,3.0605102
XIZFAQ,3.281149,2.2284873
EFUPAY,3.2106714,2.7366567
ZIHPAJ,3.4781594,2.9422395
JEVFAR,2.4620862,2.9756908
TOGMAD,3.94293,2.510697
SEDTED,2.8520255,2.9138043
VUFNUG,3.916807,2.8582082
WUNZEM,2.887128,2.9675865
VULKES,3.5880933,3.2139423
WEWFOT,2.4550114,2.6395612
WIGDUN,4.270011,2.6925263
FAXBEM,4.1698728,2.813753
FIDKAG,3.1679497,2.9400747
HOSHII,2.966041,2.5898225
FAXXUA,3.7072792,2.668505
BAJMIK,3.0966558,2.5212042
WEJPAF,3.0675395,2.1682096
HOTQIS,3.637346,2.8357222
SILDEY,3.1031864,3.3061676
POQTEW,4.552737,2.7209868
NIBMOD,2.6068509,1.8232062
ENECUV,3.2593799,3.170454
FAWZAF,4.4117823,3.166866
FEYRAC,3.2898567,2.7087867
DOZXUN,3.0536618,2.8138576
HOTQEO,3.0441377,3.1545963
SINPOX,3.415029,2.683424
TEVSUI,4.0033393,2.9124339
TEJJAW,3.756804,2.9365041
DADHEV,3.6498632,2.781915
MOLQIP,2.6844032,2.3725772
SOKCED,3.0985606,2.1983776
PAYTUH,3.486595,2.4246886
BUVBUQ,4.5252533,3.0900161
FIJZIH,3.634625,2.7635455
NONPIQ,3.6738093,3.1071782
PASQOS,2.9312105,2.3002238
CESMEU,4.4776335,3.2827349
SILDUO,4.5203557,3.1828632
YAMNAD,2.7951536,3.2358718
HARWOO,3.5075476,2.8481705
JIRPOS,4.4849806,2.9854763
POXFAK,3.539385,2.9499753
XILZID,3.9080992,2.948241
DODVEY,3.3633273,2.6230185
WEHLOM,1.7668353,2.2532976
GUKKUU,2.17038,2.4024205
NEGWEE,2.7597787,1.871866
CARCAB,2.7186897,2.5511682
BOLMUM,3.567957,3.0797563
KINWIP,2.886856,3.0290678
XOZSUA,3.3358438,2.9947026
FEDTUF,3.0218244,2.7534823
KOJLIH,4.2240233,3.3962386
FOGYEH,3.2729855,2.974121
CUJHOG,3.1483574,2.846327
INOYIU,3.0131168,2.5090582
XIYSIJ,1.9295594,3.1948075
ROKFOM,6.129637,3.3245068
UDILOL,3.608502,2.6121495
LEXHOL,5.8493595,3.2496154
JOFSAB,2.1156852,1.9441648
ORUJAN,4.663215,3.2700431
PAYTIV,3.6890476,2.599156
RUPHOB,1.5358106,2.0420318
VOMPET,4.1663356,2.9158394
SICKEW,3.5712223,2.864748
QEPYOB,3.711633,3.6710281
QAPXAH,2.0416703,2.1404366
FIKQAR,3.224005,2.9278078
FILVIG,2.9238634,2.8213282
XOLDAF,3.8713639,2.7268744
IXOMEP,2.8484879,3.1570818
YUBJOV,2.8117526,2.8074586
ODAXEY,2.1374543,2.657938
YUWWES,5.354112,3.5545478
TUSSUW,3.9149022,2.7741237
AYIYAI,2.8479438,2.881298
AQAHUV,3.2982922,2.7115119
ZOBJOS,4.543213,3.0481308
QALVIK,3.74728,3.0621397
HOTPAJ,3.8019748,2.8845413
REFTOO,3.8234718,3.3329606
EJAMEI,4.5774994,3.168887
XOJNAO,3.0974722,2.864569
CUQQEL,3.7788453,2.9017663
OVIJAG,3.8362613,2.33187
PEYQIV,4.0017066,2.8919182
REXZAW,3.0174706,2.9325426
GIXFAU,3.7456474,2.4676728
EMEZUT,3.4335327,2.9133203
AQIVIG,3.3603342,2.7709599
LIHHEP,3.0694444,2.473096
RAQXUE,4.1339536,3.0419645
MAXQIL,2.7268531,2.2861187
FIQPIG,2.1521485,1.8109462
DECSUC,1.6691464,2.2534683
XENCUR,2.8275352,2.427664
YUYGOP,5.148394,2.640667
PIZJOY,4.6180444,3.0128765
XILNUD,3.9200723,2.6837533
ZIHNAH,4.2901473,2.9916553
UFOLUX,2.9916198,2.2677584
XAKGIZ,3.3391092,2.541428
YIDGAW,3.6446931,2.4378824
PANBOY,3.310265,3.0961947
ZIZKEA,4.2599425,2.9288964
TARSUA,3.9853797,2.571084
NEDPOD,3.7535386,3.0503635
EQICAJ,3.3426466,1.6627201
IZOSOG,2.8101199,2.276674
DEDSOX,1.2130836,1.6803484
KOTROA,4.3633456,2.7750897
REXRAN,2.9080808,2.6900148
MEVCIZ,3.5470042,3.0326378
XEWTEY,3.9184396,2.762051
QOKMAE,3.4754384,2.875715
LEPVAF,3.7491848,2.6780002
RIFJUO,3.768777,2.6918626
YENBAW,3.9105482,2.8781426
UWOZIQ,2.9088972,2.4930508
VUNVUW,3.960073,2.9014256
XIZFIY,3.2776115,2.2300196
YAKFIC,3.6830611,2.871079
HUTZOM,3.9853797,3.024357
ZOMJET,5.755208,3.3980389
FODKAM,4.30212,3.0048044
YODNEM,6.0256896,2.951126
XAHPAY,1.7543181,2.2516932
TEQYIZ,3.328769,2.1298127
NUGGOL,4.1007557,2.7357082
OCUSIQ,1.9654784,2.7948258
SIKYUG,2.772024,2.2086093
BUJCIU,3.6634688,2.7416935
TUMYOR,2.9733882,2.7962968
BUHZIP,4.0664697,2.600876
ABAQUQ,2.4609978,2.7467024
IWARUV,3.5265956,3.20204
OWIRES,3.8180296,2.711445
OLUQIW,4.1932745,3.3983858
BINHAK,4.624031,2.8664594
SEKSUY,3.7872808,2.9513338
KOTZAW,4.796551,2.6608355
AVORIM,4.2738204,2.9547834
OCILIX,4.045789,2.8044035
CPYQAU,3.0528455,1.9961301
JOTKEL,3.5619705,2.552134
OSIPIR,2.2269797,1.8978994
XACREB,5.1668983,3.288413
GEJVUP,3.1799226,2.8734097
PEJFAO,3.864561,2.9211237
OZUSEI,3.168766,2.8209727
IFETOF,2.7546086,2.9128747
ZIHMUA,4.306746,2.8408716
RIFGAR,3.1657727,2.567451
YULCOY,2.7739286,2.5201137
ONACEM,4.297222,3.0405507
EMIBUZ,3.8066008,2.83232
EGUSEE,2.1692917,2.2737188
KOMWIT,1.9584035,2.4300253
KAMKIV,4.77451,3.3439107
YAMMUW,4.683624,3.2785263
REVDUR,3.2223723,2.681859
SIMNAF,3.3557081,2.8397374
FOLKEW,4.1551785,2.971769
FAYHAR,3.503466,2.8128924
GOGFEN,6.08882,3.5989125
KURXOL,4.4727354,3.0443506
XELHUR,1.4898233,2.4752128
YEHDIZ,4.562533,3.2282825
PIMTUD,3.3739398,2.6607823
UDAMAP,3.661564,2.8218007
SIGZUF,4.610425,2.968762
ALIPUH,4.1007557,2.8610122
BAPMUB,3.3763888,3.0134208
TOGWUK,2.9622314,2.8753533
AJOXIH,2.7306626,2.3646178
KUSBEG,4.4838924,3.0852785
ZOLVII,4.3045692,3.1397398
VAWSAQ,3.312714,2.5264845
FIQXOS,2.6242661,2.2127247
RABFUY,4.0588503,3.3019345
ZOMHUH,4.8760085,3.1228657
NEPVOW,3.6049645,3.2185068
NAWVOW,4.9260774,3.2612448
NUBZIV,4.6452556,2.963207
XONDEM,2.038677,2.6241744
IDAJUU,3.697483,2.4014504
YUYGAB,5.145945,2.6693728
BASWEZ,3.7301369,3.0781553
QOZBIS,3.5241466,2.7795067
MUFYES,4.399537,3.2033217
WAQGOL,3.988645,2.7073495
NAQRAY,2.7967863,2.517707
BOKQAW,3.2890403,2.5217338
KIVJII,2.7464452,2.7705355
GEQSOK,4.064837,3.1667361
FANLAH,2.5676663,2.9729116
FABFOG,3.4593835,2.7340758
YURNIK,4.3102837,2.8272426
CILKAK,3.372035,2.582689
QUSMOI,2.9886265,2.6310089
KIGXII,2.6014085,2.4290645
ZANQUC,5.20064,2.8143861
XUMRIG,3.732586,2.9719424
BOHKIU,4.722264,2.9857104
ULOQES,4.861586,2.9139378
ZATDAC,4.0115027,2.9130297
VAMGUL,3.6506796,2.951126
SATGIG,3.7312253,2.441059
BUKTIL,3.6610198,2.6087985
IDEZOH,3.2139368,2.6140366
BITJAS,3.7431984,2.965293
ZEPYIC,4.794374,3.3232546
XOXTIO,3.6433325,2.541769
UDALIX,6.627877,3.3948443
RIXBAD,3.3255036,2.6950488
BAJMAC,3.223733,2.6226854
IYINIO,3.3426466,2.709337
MASCIV,3.4691796,2.4535885
GITNED,2.855835,2.7290723
OKANIX,3.744831,2.7869556
UWASUH,5.0147862,3.215211
NIVGOQ,5.143496,3.0009785
MUPHIP,2.8675358,3.1758358
NIRHOL,3.8221114,3.1338425
ZEHQIO,4.9957385,3.1615665
SUVTUA,3.7421098,2.7320406
PEZQUI,3.7587087,2.3844297
ICETAL,3.5831954,2.9113011
NUVPEA,4.2985826,3.0125227
ECOQIW,2.3154168,2.04149
DIWYEQ,5.1775103,3.07687
HACGAU,2.2939198,2.9122293
WOCPOW,3.9187117,3.12138
PIFXEJ,3.5366638,2.4134393
NODNIE,3.9927268,2.9557316
QANBIT,2.724404,2.5211155
SAPPUX,3.3309457,2.5566816
YIJVIZ,3.8270094,2.6547632
TINBID,3.331762,2.8941355
XIQKIT,3.919528,3.1323528
GUVNUH,3.1491737,2.6634784
WAQDIC,4.041707,3.1041002
WUKCUC,3.1178806,2.912379
GUKHAX,3.3584292,2.6408503
LUZYAI,4.6858006,3.2981682
DAZKAQ,4.634643,2.9128442
OLUPOB,3.4310837,3.28674
ESEXEF,3.0457704,2.8064654
CAHXUH,2.8950193,2.9381886
QAFZIJ,2.9554286,2.053739
WAJVIO,4.5309677,3.0926456
YENFAZ,3.6446931,2.7945702
JIBGEJ,3.639795,2.888531
ISIFAT,2.3880713,2.557784
REBXIG,3.6664622,3.092373
YULCAK,3.321694,2.5982711
HIKDOV,3.14482,2.5027804
ECOQES,2.318138,2.0409303
EJANOT,3.4319,3.1664693
NICWAY,2.619368,2.7949624
HEDROY,4.5655265,2.982191
ZAVSIA,2.6776004,2.8900251
KEKWIJ,3.1948888,2.7419949
SUPGUG,1.2160769,1.6684433
PIKPAC,3.2253656,2.950491
DIWZAM,3.6316316,2.597202
VAKKID,3.651496,3.0623374
CEXHAQ,1.4941772,2.1659818
NOXLET,3.4838738,2.8326335
YUHBAE,2.5638568,2.455603
NUTVOP,2.2863007,2.5684068
ZENGAA,3.8830647,3.015271
ZODZID,2.8215487,2.5682354
WOWVAH,3.2800605,2.8149877
BOKPUP,3.3807425,2.5752783
GUSXAV,4.158172,2.9870954
QEZYAX,3.6825168,2.5442915
PIYNOC,3.5527186,2.8775015
VEGCIW,4.7233524,3.1142337
XOVKOJ,3.962794,2.8855186
WEZLOC,3.9636104,2.5570617
LELDAH,3.7080956,3.1075191
FOGXEG,3.429723,3.1530957
VUYKOQ,3.305367,3.062446
BOGBEF,4.0373535,3.3156903
UJOKIN,3.8490505,2.9719443
KIJNAS,1.7967678,2.8163195
SUYSIO,3.723606,3.1258383
ZECFAR,3.2158415,2.582295
VEQDEA,3.4123077,2.6015313
EFUNUQ,3.1105335,2.6941216
CUJRUV,3.1535275,2.9853487
FEYCOD,3.1197855,2.3521194
GUSDOO,3.6846938,2.6715682
BIGREP,3.252577,2.1367805
LAWQIM,2.3075256,1.9389809
TUKRAU,4.8645797,3.2338815
GIGZII,3.312442,2.8876932
ZEHQEK,4.836824,3.0675788
GUKHOJ,3.6441488,3.066439
OQEPIK,3.8446968,3.0254526
LIGNUL,4.32008,2.952981
LIGNOF,3.9135416,2.978985
BOQGAQ,3.7372117,2.79378
XAQJEG,4.644439,3.0987597
FIMTAY,6.574543,3.2217038
EYEQEG,4.6302896,2.7406397
PUZFUL,4.0202103,3.0855052
FUVPET,2.0087445,2.2832165
IMOQUY,2.7088935,2.8591661
NICVOL,4.4291973,3.0140123
XAJNII,3.4920373,2.7668965
ODUGAX,3.4689076,3.262351
COHMIW,5.010977,3.452004
ZIKHAC,3.532582,3.2460551
AHODUY,3.2904007,2.2209487
AYIGEW,3.5282283,3.0473669
OWEYOG,2.2550075,2.444327
XIDVIR,3.066179,3.0669503
MAYKII,3.8498669,2.8156767
ZAPLIO,4.047966,2.8450246
FOJDAK,3.1029143,3.0250537
COPZEP,2.224803,2.4537578
JOPDEZ,1.1779809,1.7622668
ILIHAM,2.4408615,2.4443166
MAQVOS,2.9842727,2.5193558
LIZSAQ,4.2267447,2.8692067
FAXHER,5.83521,3.5399566
YAMPAF,3.011212,2.7473722
CIFVIY,2.8550186,3.0589786
GIXFEY,3.9255147,3.2123506
RIFGEV,3.2552981,2.7790189
ZIZHUN,3.467819,2.9230883
HEQGIU,3.4112194,2.8045707
UREKIN,3.8090498,3.3761773
LUTHAK,2.7333837,2.0198927
GIMGIS,3.8226554,2.9509325
QOZCIT,3.8963983,3.1316037
MOWSIC,2.860461,3.106567
CUJVOU,3.2172022,2.8598788
DACYAH,4.0667415,2.6587276
LUGRAI,3.7826548,2.8587425
QOZTUV,4.0066047,2.8552785
DAKFIF,3.7774847,2.766509
FOZMOW,3.321694,2.7730484
SOCQIK,2.5341964,2.5809348
MUPFOS,4.2525954,3.1175008
RIFFAQ,4.6134186,2.9652326
POGSAF,4.481171,2.8881958
BUVDAY,5.3018665,3.159268
ALELUZ,4.2876983,2.8333485
AZEGIV,3.4713566,2.7033918
ATOPII,2.311335,2.4011967
LATKAT,3.2297194,2.5197105
JIPMED,3.4278183,2.8308966
VEXXAA,4.072728,2.9126382
NICWEC,2.6381438,2.9422975
EMIBAF,3.2305357,2.9030483
SULBAD,3.859391,2.4867585
KALTID,4.027013,2.9146273
AJIGAC,3.3676813,3.0350173
SULBEH,3.845241,2.5055346
EWUDOR,2.3888876,2.5034947
KIYSOA,3.6485026,3.0583234
UROHEQ,3.7774847,3.3738265
GUTCUV,3.0748866,2.6347647
ODAWUN,1.8958173,2.6459525
CIZCOG,5.006895,2.9831483
RIGCER,3.759525,2.9524038
WAGSEC,3.1837323,2.832642
OCOYUB,3.9989853,2.9775412
COBQEQ,4.1970844,2.8333416
LUGQUB,3.6811564,3.012497
IFAGIG,3.1244113,2.7633498
GULHAY,3.2770672,2.8245723
ZUHNUN,2.9268568,2.1101997
LUZXUB,4.561989,3.0693085
XIQKUF,4.4988585,3.2677083
BUVVIY,2.805766,2.6295452
BAWLET,2.803589,2.34916
PECHEL,1.8707829,1.8619409
IWAYUC,3.7840154,2.8019688
WAQGIF,3.9391203,2.7427185
ZAWMAO,3.7203407,3.087997
FAJWAQ,2.898829,2.7973788
SOGQOV,3.3763888,2.9053838
YOZMOQ,4.305658,2.9404633
SOTCIP,4.5739617,2.7067776
XIYPAW,3.0770636,2.8619115
IQUNEP,2.9532518,2.2958648
VAKKEZ,3.6697276,3.0875094
YIDGIE,3.74728,2.4779522
WECYUB,2.444943,2.1873536
OLUNIT,4.6338267,3.3259416
HOSHUU,3.1581535,2.5775876
QUDDUQ,3.7630627,2.618383
SEWZUR,4.629473,2.7541518
RIXSID,4.0136795,2.931773
RIFGUL,3.2939384,2.7323418
MUPGIN,3.3407419,2.7880912
EMICOU,3.3162518,2.8962517
TIZHIT,4.447429,2.8407514
FIRWUZ,4.3108277,3.2022498
DOZVEV,3.2855027,2.575414
YERFIL,5.0779166,3.3983417
OMAPEY,4.072184,3.0307386
BAWLAP,2.8686244,2.3480585
VOCDAT,3.4857786,2.9060938
GUKKOO,3.6280942,2.6601322
COHJEQ,3.9442904,3.2238035
YAHMEC,3.0955672,2.9048939
WUTPEI,3.2250936,2.7089732
NOJREK,3.9263308,2.9086998
FIMWAB,4.271099,3.0005674
XENDAY,2.7671258,2.1864305
NETFOJ,3.9987133,3.0627244
COZCEB,4.091232,2.9502969
YAMMIK,2.3935134,2.628278
QIZTEA,4.076266,2.89407
SIGNAZ,4.2496023,3.2020943
TILTAL,3.0517569,2.6028538
UKETUZ,2.5728366,2.1698909
AMEXIZ,0.9298131,1.5281491
UWAQEP,5.130707,3.1380203
FAYGOE,3.4691796,2.7952487
OLUNUF,3.7671442,3.0990243
MEBNIS,2.8571956,2.626495
PUYKOK,4.483348,2.5759733
DAQWIB,3.372579,2.9150486
YAMNIL,4.6847124,3.2775352
KUDSEH,2.559503,2.5620253
UMAGUL,5.267036,3.5047112
XIWZAH,4.389741,2.7734323
HOTRAL,3.9132695,3.0060148
MARSIK,2.9948852,2.4326222
RIMDAV,5.06676,3.3380737
RUPWUV,3.1733918,3.05241
FAWYUY,4.747843,3.2557569
QOPTIY,3.5412898,2.8387895
CORPIL,4.2961335,3.3307805
BOJPUO,4.2387176,2.8110733
XUKREC,1.9494237,1.7860267
EWOKIL,3.3867292,2.4280689
CAMSAN,4.1921864,3.0602193
EBOYIG,2.4019492,1.8968546
WAWJAI,4.53124,3.10855
XASLUB,2.9807353,3.205596
LUPYAY,2.8093035,2.2885385
KEFKEN,4.389741,3.0165927
MUYQUS,3.4036002,2.3185701
YIDGOK,3.6474142,2.5883937
ESOJIG,2.9883544,3.018353
FUXGAI,2.4365075,2.352903
EBEYUI,3.5380244,2.8442073
WOCYUL,4.02919,2.982948
GUVFAG,2.9880824,2.8346846
DIWWUE,3.1252277,2.9597237
IZOTIB,2.7785547,2.2619967
CUJROP,3.4123077,2.870342
FUJLUT,3.4612882,2.8351424
GACTOV,3.6036038,2.8823087
ZOQFET,3.206862,2.5446591
AFAWUZ,5.000092,3.5201752
ZIWCOA,2.8958356,2.187201
HUBYIM,2.8278072,2.6994658
LISLUX,3.367137,2.963381
IKUCUN,3.2343454,2.811951
RUBWUH,3.744831,3.1946683
KEKGEP,3.6471422,2.2297194
RAQYAL,3.8444247,3.0788393
ABAPOJ,3.9124532,2.930897
CAQTUJ,6.380254,3.4347816
QUDFUS,3.7263272,2.6811793
RASKOL,3.773675,2.4789596
PANCUF,2.4884813,2.6458347
SICSIH,3.0544782,2.0418086
HIYHED,4.0183053,2.8968797
UTUWAJ,3.634897,2.230932
PIGLEY,3.5861886,3.0045276
OSOZOM,3.5712223,3.12049
COCQIV,3.381559,2.9093094
ZIHNIP,2.8063102,3.089352
ROJTUF,2.5273936,2.0048718
CABTIJ,3.6495912,2.9408693
SAJMEW,5.810992,3.3595934
IPAZEF,4.2025266,2.990776
YERFOR,4.8670287,3.404335
XALFEY,4.8096128,3.385532
TOFQEN,2.650117,2.2235625
BOGKUF,3.8106825,3.0192213
REXRER,3.8678265,2.6889656
QOZCAL,4.0602107,2.8914673
EWOQOY,4.115178,2.9145021
HECCIB,4.529335,2.9872363
XACRIF,5.3304386,3.2093472
QUSMIC,3.013661,2.6177049
OLUPER,4.5726013,3.0964642
KIQSEL,3.7094562,2.423861
OFASEU,3.2057734,2.7208867
XUXZUM,2.7684865,2.2504072
LOPTEP,3.5040102,2.9247758
BOQZOY,4.3554544,2.8638906
EJIXOK,1.660983,2.412639
LILMAX,4.980228,3.2707028
NOPWOG,3.7987096,3.3009212
NUWCUE,3.5475485,2.6831656
NEYPUE,3.9804816,3.0858479
FOLKIA,3.7981653,2.912854
XEGGUO,4.2672896,2.90485
NICGEO,2.7371933,2.2914248
VEWVOJ,3.6746256,2.8165357
TAWNIR,3.477343,2.9728367
NIBRAS,3.6036038,3.114222
FORCEU,4.2174926,3.1630392
EWIWUE,2.6484842,2.2831159
WODHAY,3.1720314,2.8208716
LACXUI,3.3037343,2.82231
PITWEX,3.006314,2.9792054
MEGFIP,5.38731,3.285731
ZULTIJ,2.8716176,2.3730738
LEXKAB,3.6144884,3.269683
OQEWIS,1.3374397,1.9098537
CIJCEG,4.2531395,3.0487635
PECTEW,2.7826364,2.3379955
HARXAB,3.6074135,2.6142545
SUXNOP,3.1845486,3.1192753
GOZTEU,2.3352811,2.841611
XOTBUE,3.7026534,2.9715962
AGEHUS,3.7769403,2.7498503
QAGBAE,2.28494,2.1895804
FONRUX,3.467275,2.3923075
TEZWAX,4.332597,3.0056372
ATOPOO,2.13174,2.2867374
WAQCEX,4.6468883,3.3824093
UKAZOW,4.5209,3.058292
ABAQIE,2.4430382,2.8583798
EWOPOV,2.9148836,3.06019
QUDFEC,3.7197964,2.5477102
SASRIQ,3.2221003,2.2875898
SELGAS,3.5842838,3.1329982
BECCIX,5.27139,3.8247924
HOKMOJ,4.091232,2.9955025
BASWID,3.7298646,3.0611284
PIKFEW,3.5255072,2.823047
LALNUJ,1.646561,1.9271071
KIMREF,2.9815516,2.2180269
BOQGIY,3.314891,2.652257
EYOXEX,4.1268787,2.8246448
IMIHUI,3.8966706,2.4794812
RUGWEW,3.159514,2.8810358
XIBKIF,3.004137,2.8063989
GIDCOL,2.6433141,2.5048609
EFEMAF,3.3012853,2.6836307
GIPWEK,3.240604,2.924259
ADAHOF,3.006586,2.6134918
SOQYEF,3.0166543,2.3950677
GACTEL,3.3559802,2.8499343
WONROJ,2.6800494,2.5527773
FOGYAD,3.5690453,3.0467777
COCQUH,3.4161174,2.9367898
PUKYAV,3.078152,2.2670057
MAYKEE,3.804968,2.99764
MIPBAO,3.9725902,2.9976957
DUGWUX,2.9595103,2.247387
ZOMLES,4.117627,3.1170046
WIYJIA,4.3481073,2.8345978
QEPWEO,4.6585894,3.305186
DIWZUH,6.3878727,3.576833
KUWLAR,4.065109,2.8663268
SOZDEQ,4.1957235,3.06159
CILJUD,3.5905423,2.7779686
DEFGUR,2.7701192,2.7696848
WIXFEO,3.7255108,3.039246
RIZHIT,2.760051,2.205584
LEKZOQ,3.1837323,2.9288955
OWAFAV,4.8243065,3.0025547
TOHVOB,2.7404587,2.6223419
HAFFOK,3.5573444,2.6633153
MAJFUB,3.9701412,3.172997
LOWGUB,3.740477,2.7167609
CIGLOW,3.7309532,2.835181
ZAKFAV,4.562805,3.2394934
LAPXOQ,3.5472763,3.2492073
RONYIE,2.1524208,2.4653347
SOMVAT,3.938304,2.3276942
JOYDIK,1.7581277,2.4701035
HACHEB,3.3140748,2.5708618
RECCIN,3.625373,3.0405836
BIGRAL,3.1973379,2.4339125
MOMCAU,3.2846863,2.7206926
NATHUN,0.8955267,2.0972598
IPOLOO,4.3456583,3.0361078
NIBMAP,2.9265845,2.5790503
HOVCIE,2.760051,2.382518
IMIHOC,3.9263308,2.5299637
RIMFEB,6.382975,3.4793825
CUQPAG,3.3306737,3.0343692
DUCRIC,4.0202103,2.9533694
ZENFED,3.2914894,2.220769
BOHKEQ,4.667297,2.9104025
ABANUN,1.8634357,2.5436392
SESGEC,3.445778,3.0020545
LISNUZ,2.9222307,2.6202953
AQIVOM,3.61857,2.64498
IXEHID,2.6046739,2.8638732
UDOVAN,4.1883764,2.9705303
ELAWAR,3.2351618,3.0057895
QOZVEH,3.9546309,2.886337
LORCEC,1.7203039,2.2452307
BUVBEA,5.4689445,3.375265
LAJTAT,3.6419718,2.8529878
JAQYUW,1.3039696,1.5064101
KAMPIZ,2.067521,2.1706183
XEGHID,4.484709,3.108075
XAKGUL,2.3665743,2.5305753
YIVWAC,4.5677032,3.181802
NEDKUC,2.1635773,2.1134894
ROBDUK,4.56988,2.908291
CEPYIF,4.1546345,2.9816675
TICPED,2.9954295,2.8137476
RIFFIY,3.0465868,2.8104804
QISTOE,3.4944863,2.962793
ZOMJAP,5.360643,3.073189
DICJEH,2.468889,2.5251093
PUDBAR,3.3118978,3.0184076
COZCIF,3.7157147,2.8212445
MEDFEH,4.2019825,3.0500414
KUDWUC,1.8351359,2.5357249
RIZVEB,4.2000775,2.876791
NECGOR,2.68141,2.3839703
KIHLET,5.224586,3.2600923
DIWYAM,5.573164,3.1788857
SENKEC,4.554914,3.0615149
URUQIJ,4.07681,2.881037
BUGDIS,2.3371859,2.0457575
NILFIX,3.0033207,2.9190784
YAXFUB,3.8626564,2.937801
POZZOV,3.0909414,2.530997
UMAPOP,2.3548734,2.5291348
INOXUF,3.8493228,2.841775
FIRXAG,3.8370776,3.2584956
FACGUL,6.101337,3.1556432
OZALOR,3.6667342,3.1477053
COGJOY,3.515711,2.5979934
ERINEZ,4.825123,3.4043365
ABAPEZ,3.794628,2.9313226
RARWOW,5.2904377,3.1729636
BOQZEO,3.395981,2.7094903
YACBEL,4.5878396,2.9882672
OSOZUS,4.2836165,3.13067
HOTPIR,3.751906,3.038304
RACQAP,2.5061686,2.5133076
YITVAY,5.16717,3.2950006
WAHTII,3.6482306,2.7534697
CARCEF,2.5314753,2.4945273
WAQCUN,4.9073014,3.1249561
GUVFEK,2.3497033,2.6608288
QANPON,3.6147606,2.5896714
KUPROC,5.0988693,3.2329798
KUNGUW,2.9431834,2.4460511
OTOPIY,3.635169,2.8703935
AXESEC,3.6425161,2.7408566
YILDAA,3.6357133,2.9011116
QOXDAJ,3.0386956,2.8223221
ZEYZUY,0.40708235,2.8537428
NUFTEN,4.3078346,3.0520358
TASBIB,2.2253473,1.9353225
TOMZON,5.029208,3.343725
QUSNAV,2.9600546,2.5293012
DUZYUS,3.510813,2.8908546
UFEBAJ,3.764151,3.1698964
YUYHEG,4.4958653,3.0364094
FAGYAQ,2.210925,2.0233278
REYHAF,3.4601998,2.791682
YASKAE,3.5886376,2.9940667
MUYDOB,3.5442832,2.3442733
ETUAUC,5.0602293,3.5875745
PEFXEG,4.2297378,3.1029203
DIPDUE,3.0199196,2.7597482
DIWYUG,3.214481,3.389144
WULFOZ,3.2582915,3.1717432
XEWTAU,4.256405,2.7599618
NIMMON,3.749457,2.8836737
DOLZAI,3.9932709,2.8332825
EQOTIN,3.9823864,2.889492
SATTEM,5.7756166,3.2606869
ZOQFIX,3.206862,2.6384866
GAYRIJ,3.4400635,2.273455
OCUSOW,2.9165163,3.12048
ABEVEJ,2.7752893,2.6965375
CIRJUK,4.1505527,2.9821258
HEBZAP,4.5938263,3.1148329
HEWTUZ,2.7703912,2.4080162
LISNEJ,4.189193,2.944723
TIZKAR,3.1899908,2.7514193
FEQFOY,3.046859,2.2495878
ZELLIN,3.0838664,2.3102994
NOCSAA,3.3818312,2.5990212
UXADAZ,3.0517569,2.7096467
MUVSOL,3.3665926,2.8353016
NEPVUC,4.552465,3.3953893
CINBOT,3.4661863,2.5974402
VOMGAH,4.1026607,3.2309923
BUVCUR,4.9750576,3.384682
JOTQOA,3.1227787,2.4306324
CUJHEW,2.9703948,2.3555617
RECDAG,3.5499976,2.6732295
ZOLWOP,4.148648,3.1555073
ZELLOT,2.8003237,2.0961003
BUHZEL,3.9173512,2.7442448
KIZWAT,4.3769517,3.086678
BODMEN,3.0955672,2.8517585
SICSAZ,3.0713491,2.3533483
IWABIR,4.9573703,3.2448325
FUXGIQ,2.6468515,2.3279467
AJILEL,3.2504,2.9580476
KEGVAT,3.6762583,2.9089038
OSIPEN,3.0438657,3.0792646
ONACAI,4.32008,3.088231
HIYZUL,4.5600843,2.9197438
TURNIE,5.155741,2.5113356
ULOPUH,4.929887,3.0848727
FAXCOW,4.384843,3.3523004
CINCAG,3.5951684,2.9271924
ZECFEV,3.2566588,2.5742712
ULUGEP,4.2847047,3.0711727
LAJTOH,3.3788378,2.7889535
HOTQAK,4.373142,3.579342
QOKQIS,2.8688965,2.5264547
TIYWEG,4.3511004,2.7622218
QOBFIZ,2.320315,2.602783
ZAPTIW,4.6640315,3.3615499
MOQFEF,5.3258123,3.2544837
TUSSOQ,3.876534,2.8638153
EBEYOC,3.5456436,2.8425794
FUWXOM,3.866738,2.498992
ROFDEV,3.3355718,2.7414308
OYEGIJ,3.8898678,2.4195178
ZOMHIV,4.772877,3.2701654
XEGHEZ,5.293431,3.1928911
JOZNER,2.6844032,2.8033109
DECTEN,3.0076745,2.2733963
XAZBEI,3.6631968,3.001589
RIGCAN,3.7500012,3.0796218
NUWCOY,3.1815553,2.7238533
SETLUB,3.288224,2.7869527
URAFOK,3.4177501,2.8475688
ZIXKUM,2.2335105,2.2670598
NOJXAO,3.4286346,2.5753584
AZECAL,3.5099967,3.126615
LOLKEF,5.5783343,3.355773
IXAMAX,2.8664474,3.107645
VAKKOJ,3.6795237,3.0783975
XUQCUJ,2.9429114,2.633115
XANLAZ,3.6738093,2.7431822
KAFZAU,4.8292046,3.0765152
BOHWIE,4.400081,3.0129712
SERSEP,4.2749085,2.8614597
NEPVEM,5.3024106,3.7875853
ABANOH,1.8332311,2.5945036
VEXJOZ,4.132049,2.398606
SUWVEN,3.1957052,2.7070704
KEFJUC,4.059395,2.9108164
TAJHIW,3.0729818,2.570626
MAYJIH,4.280351,2.9753435
NOKRUC,2.6678042,2.2296681
RIZHAL,2.715152,2.2288616
YAMNEH,2.9456325,3.149833
KUTDEI,3.9200723,2.8687508
WIYJAS,3.7935393,2.9117284
WAHTEE,3.0691721,2.7829478
ECOCIJ,2.8648148,2.728902
XEDMUQ,3.0147495,2.8690643
RIXXUR,5.1581903,3.2600753
ZIZGUM,3.0558386,2.6143138
PIBJOA,3.4520364,2.844635
HUKQUB,3.393532,2.6746752
ENEFAE,3.6716323,2.6696477
GULHEC,3.2256377,2.8540459
HIGCOP,4.4662046,2.870252
FEYCIX,2.097998,2.582094
IWAROP,3.388362,2.8797119
TORYIK,2.1907887,2.5294604
EZUYUT,4.0999393,2.981309
XUFWIE,3.737484,2.776782
WUMYUY,2.9355643,2.3181589
DUHPAX,4.0427957,3.1686816
EKUTEL,4.9649897,3.3017764
FAWZEJ,5.398739,3.3358545
PUSKIZ,1.3709097,2.1673014
ACEZAJ,4.5176344,3.0335462
YEXVAY,3.5222418,2.8975072
BOTZUI,3.7905462,2.970887
INOYEQ,4.7184544,3.0414436
FISFEU,4.314637,3.0117872
NEDFUY,3.3094487,2.9455597
JEVFOF,2.2046666,2.3512883
XAKGOF,3.2242773,2.7659864
VEQZUP,2.674607,2.202763
TASCEY,2.1970472,1.8466698
MOCFUH,2.7165127,2.2035513
DECPIL,4.0071487,3.0387778
TOMZUT,3.0354302,3.5144114
EMULAZ,4.379945,2.9869685
XOKWUS,2.8615494,3.1430092
QOBFAR,1.9140489,2.4560852
XOFYOH,4.1998053,2.7019768
FINNOH,2.9676738,2.6853049
XILMEM,2.46644,2.7266002
MINDUI,3.5358474,2.7281692
YERYEC,3.4207435,2.6143856
ZOTMIE,4.5472946,3.092359
SOTCEL,4.5347776,2.6927617
FINNIB,3.5061872,2.9364095
NOBBAK,3.0264504,2.4629848
ZIZHEX,3.1127105,2.8178406
EQETIF,2.1116035,2.2983034
YUYGEF,5.02812,2.6779873
PUQDIO,2.1159575,2.500798
EFIQUI,5.1347885,2.5002265
QUMZIJ,3.0074024,3.075273
QANCIU,2.3200428,2.2831306
AJIJAF,3.2664547,2.9818015
GITNIH,2.7616837,2.7248263
HOTQOY,4.7154613,3.27657
FIMVOO,4.1442943,3.000502
KIRNOR,3.0925741,3.0064461
NOKMOR,3.044682,2.5936441
COXFAY,3.6980274,2.9807205
YIDLED,3.417478,2.315364
HAHROX,2.8095756,2.7771893
IFOBUD,3.2914894,2.5363262
XIYNOI,4.3464746,2.8238947
YAVFEJ,2.186707,2.2668085
SAPPIL,4.3168144,3.4069974
MAZRAI,3.893133,3.1142662
DODDEG,3.9257867,2.267102
QIFCEP,4.4517827,2.8760965
VUCSES,3.307816,2.8738873
JISJOK,2.7469895,2.2740815
HOKJAU,4.2191253,2.7609398
UDALAP,4.8142385,3.0449314
MIMGEX,3.905106,2.9082394
SOTHUG,4.750836,2.9225264
PUKYEZ,3.8153086,3.0713089
IBOLET,3.4572067,3.0235472
DOSFUO,3.1380172,3.0522885
CARCIJ,2.7322953,2.175516
QAWCEZ,3.4112194,2.4564154
USEYOH,4.096402,2.9212992
YOBTIS,2.9350202,2.5672536
CORPAD,4.715189,3.1307857
BAMVUJ,3.4332607,2.9100206
KIZVOG,4.990296,3.457851
ICIHEK,2.944272,2.7295275
GOGDIQ,5.0694814,2.8577347
XERWAV,4.0893273,2.6189048
JOPDID,1.204376,1.7145578
QIRYEW,3.9467394,2.9254024
YOMTUR,2.581,2.9561129
KIMGOC,2.860461,2.897232
ROHBIC,2.9859054,2.491781
GODNOE,4.043612,2.9873774
DODVOI,3.6485026,2.6482255
ZOCZAU,4.3815775,3.261895
EMUKUS,4.8838997,3.0106695
NIBXAY,3.1369286,2.6785355
UREJUY,3.4231925,3.265327
COCSAP,3.455574,2.9575076
RASQOR,2.7420914,2.6986883
VEZXIJ,2.9810073,2.3562536
CIJCAC,4.222663,3.075859
HOLFOD,2.9401903,3.2316358
QEZYOL,3.8610237,3.128322
DEGMUZ,3.5856445,2.4817467
VOMFIO,4.108103,3.2381291
EMEYUS,2.8280795,2.9149506
XAPHIF,3.9916382,3.0990257
HOCSID,3.061281,2.7534873
IROBEY,4.68444,3.141007
KIRNIL,3.5695896,3.0186229
PEBGOS,3.1518948,2.9383466
PIMVAL,3.3347554,2.7509115
LAKWIF,2.146434,2.4413028
VAWSEU,3.2610126,2.5317717
OJIFOD,4.891247,2.7025058
XAVFUV,5.252614,3.322539
PIGLIC,3.7910903,2.926143
PIJLIG,4.3769517,3.0920942
BUVBAW,4.9573703,3.2319167
DUHNEZ,5.0670323,3.340487
DIQPIE,2.7140636,2.732748
VADMEU,2.0209897,2.7013211
IXEHAV,2.621817,2.8438838
SAZHIN,3.5045545,2.6657739
JIRJIG,3.2659106,2.6772892
SONLUE,2.5205908,2.8731785
VOGHAD,2.712703,3.1176336
NODDOB,2.8680801,3.103222
SIWRIB,3.7891855,3.0418406
NICWIG,2.5842655,2.5266654
ZARRER,3.0702608,2.9186888
DAXDUD,2.1306515,2.285892
RASKIF,4.6779094,3.108796
EFUNOK,3.0952952,2.7138474
TIYWIK,3.6011548,2.8100328
EFUHAQ,2.2522864,2.8092628
MEZMAI,4.1304164,3.4346504
CAQVAR,6.2776666,3.674613
NOMJAD,2.7010021,2.6706223
ZAPTAO,0.14068286,3.189618
RAQXOY,4.6338267,3.1161664
KAGYIB,3.4525807,2.6913056
VOMPAP,4.062388,3.3163996
GODNUK,3.9992573,2.9798641
DABPAX,4.155451,2.9730196
QIXHEM,3.4563904,2.9865372
FISFAQ,4.526886,2.8877432
BUVCEB,4.720087,3.331812
IKUCEX,3.2580192,2.7734241
KEGFIO,3.823744,2.87068
LEYLIM,4.4349117,3.0339556
XEWCAF,2.6824985,2.1871636
BUWTIY,2.4144664,2.1946688
POSCOQ,4.5780435,3.175677
KIXFUV,3.0547502,2.7592115
EZUWAY,3.6079576,2.6448817
VEYJOY,2.4555554,2.9536602
XIWWUY,4.583758,3.286796
OLILEB,4.313821,3.11073
JATQAZ,3.4713566,2.7047577
REKWAF,2.4694333,2.6641695
BELWOH,4.0950418,2.686423
IFOCAK,3.7056465,2.5801601
WIMFUW,2.6664438,2.2585983
BUJBOZ,3.8983033,2.3239648
RAFZUT,3.6368017,2.8858345
UKEBIW,4.667025,2.9301775
ZAQLAE,4.17722,2.9503539
WONREZ,2.879509,2.387458
BEWDOY,4.4166803,2.9143887
CEPBUW,3.2343454,2.7561274
JAYPEH,4.3342295,3.2008913
RADZOO,3.3140748,2.9539924
WUPZEN,3.362239,2.8543065
SONTAS,2.1350055,1.7438093
RIMFAX,6.407465,3.6881695
POXQAX,4.6368203,3.2500837
QEJWEH,3.2169302,2.8714874
GOSJUV,4.7094746,3.2108665
SORCUZ,3.5505416,2.5800304
RICPOK,3.456118,3.0383632
YADDEP,2.8068545,2.566903
IDIQAQ,4.478722,2.5801015
FAXBOW,4.9443088,3.3087525
AHOFEK,3.185909,2.0515537
HIYHUT,4.171233,3.013173
CTPPAU,4.4142313,3.0739057
DAWWUW,3.7840154,2.7587051
EMEXOL,3.3494496,2.861153
ENAWEX,4.272732,3.1282952
DAPGUY,2.1695638,2.6373103
IJAQEP,3.55163,2.355956
CUQPIO,3.2033243,3.0440836
BEXBIQ,4.997371,3.459634
EHIDEF,3.9965363,2.7683482
SOTCAH,4.368516,2.653028
SIGMOM,4.614779,2.9725695
GAZLIF,2.0569086,2.432916
FACNAZ,3.018015,2.878943
VOMDUX,4.511376,3.056281
GOTCEX,5.129074,3.1028306
DOCPIW,3.4446893,3.3874264
EMEYIG,3.0297158,2.8968108
QOZCEP,4.072184,2.8072994
SELFUL,3.7339463,2.6437705
VEZRAU,3.7646954,3.0640912
CEPDEI,3.510269,2.9446929
LENWIL,4.8501573,3.0571218
YECKIC,4.628657,3.2275743
CAQVEV,5.792216,3.4213693
ICUMEY,2.6150143,2.1295137
SIQNIQ,3.1170642,2.463217
EMICEK,3.616121,2.8697774
TAWNOX,3.6672785,2.6533735
QOZVIL,3.613672,3.0729942
FOLKAS,3.5962567,2.8333457
NOPVOF,3.8898678,2.9027708
ACIYET,2.1061614,2.4899397
ODUFOK,3.7679605,3.155469
QANPUT,4.0923204,3.108366
EBUXEE,3.366865,2.743708
BARMIQ,2.9690344,2.50989
ISIXUF,3.3252313,2.6338716
VALVUB,2.6544707,2.575088
OHEJUH,3.1946168,2.8453538
BISWEI,3.8656495,2.7405
INEPAT,2.6424978,2.0709503
YAVFAF,2.2280684,2.3006258
UWOYUB,3.7078235,2.743104
GETDIU,3.3018296,2.4142327
QALVOQ,3.7698655,3.055732
UZIMEW,2.4395008,2.136473
MALBEI,3.1965215,2.9182475
WEJNOR,3.3606062,2.2857163
ROHDAV,3.4528527,3.062081
CIFTER,3.2414203,3.084514
CEGPAI,2.8620937,2.0752535
XIZDOC,3.2797885,2.229598
BEYMUP,4.725529,2.9594722
XIVFAM,4.4844365,2.5805755
DIWXIT,6.1816106,3.8151414
VIWKOB,0.9401534,2.7930126
ULOQUI,4.9788675,2.9781122
ZOBKIN,4.5927377,2.871611
CIWTAG,2.5725644,1.8817472
BACTEH,3.4849622,2.631786
ONACUC,4.2789903,3.110976
NIBXEC,3.1366565,2.6778173
WAVGIK,4.856144,3.0845447
KOYJEN,3.7127216,2.983467
UWARIU,4.2599425,3.0767264
DUBNUK,2.9140673,2.9788923
YUBJIP,3.4729893,2.9179566
SEWZAX,2.8210044,2.815869
NEBHEK,3.0653627,2.8627799
NICGOY,2.5839932,2.3657904
RUKJIS,4.2387176,3.3102977
LEYRAL,2.98264,2.4018157
BUWVUM,3.242781,2.2942822
PEGDEN,2.3603156,2.3696976
TIHPEH,4.0373535,2.9637392
ROKGAZ,4.980228,3.3853703
EMEZAZ,2.5790951,2.831526
SIJPOS,3.2106714,3.0805128
FIMTUS,6.4801197,3.2921832
YUYGIJ,4.886893,2.665687
VOYNUU,2.9363806,1.8923783
TIZYUX,4.2066083,2.9938943
RASKAX,4.4444356,2.9798946
MIRLIK,3.0871317,2.653979
LUKHII,2.899101,2.3924065
PIPGED,3.8264651,2.8917081
UDABUZ,4.686345,2.8602507
DIRTAZ,4.9562817,3.5993338
SOGTEQ,4.191914,2.945529
TUKPEW,4.1744986,3.1219618
LAQMUO,2.3777308,2.0883741
MENKOG,2.8936589,2.7112346
UZOSEJ,3.410675,2.9442654
SEDFEM,3.3660486,3.1911306
XIWYEK,4.8115172,3.16357
DECSOW,2.97747,2.2131846
DECTIR,2.267797,2.4319
IVAZEM,3.2386992,2.543577
SEVDON,3.5170717,2.5409749
HINRUT,4.7979116,3.2893054
XONCOV,2.0588136,2.696876
WIYJEW,2.633246,2.7239661
RAGBAC,2.4626305,2.049883
YAZVOK,2.078678,2.1964562
EJAPAH,3.4860506,2.8512385
TUNJES,3.5948963,3.1720343
UREBOK,4.5350494,2.8984313
LEYLIK,4.067286,3.0509903
FIQPOM,2.275144,1.6877589
BEQDUY,3.5720387,2.9210093
NOMJEH,2.7116146,2.6356988
HECXES,2.8090315,2.192723
AGELAC,2.8637264,3.197341
QUGRAL,4.0017066,2.8729455
RADLEN,2.9546123,2.2381787
XIMWOI,3.1989706,2.6113005
ZECJAV,3.9513655,3.1131215
KUDNIG,2.8068545,2.280335
AHOGOU,1.5205723,2.2680755
IXEHOJ,2.6035855,2.6521838
QANPIH,3.659387,2.8003206
OLURAP,3.5932636,3.2847822
QANQAA,4.828388,3.0128868
PIJWOW,3.9758556,2.4918704
ZELKIN,2.8667195,3.1028624
HEZQAG,3.5361197,2.8769953
XACSUS,2.9690344,2.587579
XANKOM,4.081164,2.7158184
CIGCOK,4.8047147,3.1776547
YAVNOA,1.9605803,2.7270916
GEJVUO,2.884679,3.0302095
MEKSON,2.7619557,2.364234
EKEQEQ,3.8248324,2.9228606
QANBAL,2.6620898,2.4899375
LASVEG,2.1682034,2.2737834
JOTROB,3.4593835,2.4620278
YASJUX,3.1303978,2.8742647
XIWXOT,4.3168144,3.0486245
MUPDAE,3.5687733,2.4691381
WAVGEG,5.0844474,3.136055
XAMWAJ,4.2150435,2.9565847
WAXDAA,4.0618434,3.0432274
LUZYOW,4.741856,3.4577188
PEKMUP,4.3930063,3.0270503
MEZNEM,4.2237515,3.2314649
FIMVAA,6.1024256,3.0252426
IGAGOP,2.2128298,2.3343682
EMIXED,2.1695638,2.2735517
NATLAW,4.643623,3.1008117
POBVOU,4.2847047,3.024062
NOZMAQ,4.9750576,3.079097
KUDJUP,5.0939717,2.8667169
PIJLOM,4.3769517,3.0862818
ZODZAV,3.6340806,2.4442616
AVIPIE,3.7265995,3.0347977
YIDHIF,3.5450995,2.5012066
NUWFAN,3.9323175,2.8216143
MOMCEY,2.8136573,2.7588649
ILIGUF,2.5388224,2.474688
BEQQUL,2.5377338,2.5515127
MEVKIK,3.7600694,2.8218315
SEKSAE,3.3189728,2.880715
CIYLON,4.057762,3.0633738
KIYXAT,3.5467322,3.0375326
EFELEJ,4.0234756,3.179926
LUXZIP,4.9290705,3.3207054
LUGLUV,3.3995185,2.5860083
MOQFOP,4.215316,2.9042752
FAYGAQ,3.224005,2.7753315
TAWNUD,3.4713566,2.6009336
FAXCAI,5.8031,3.486809
OMINOP,3.8602073,2.7775033
KITBOF,3.5929914,2.5287502
EQEQUN,3.9094598,2.7829964
DOYPOY,3.2373385,2.4167254
HOXNOZ,4.2604866,2.9417014
DIPVUV,3.0357022,3.128566
YUDVOI,3.247679,2.7842784
VILLIL,2.549979,2.555039
WIXJOE,3.4416962,3.0273335
EMEXIF,2.1671147,2.7957034
RAQYIT,3.1146152,2.286962
SEQKOQ,2.5869865,2.0881064
PEFWOP,3.252577,2.855055
IXEHUP,2.5823605,2.824471
YIJVEV,3.7919066,2.710138
JINGUJ,5.6011915,3.5113416
RORQAT,3.3110814,2.502065
QOPTOE,3.6463258,2.433317
VEXBIK,5.0602293,3.5880642
VUXMIL,2.9600546,2.8894436
YAKFAU,2.6465795,2.6041791
KOGFOC,2.5195022,2.491728
ROHCIC,4.6604943,3.2398612
ZOPRIH,2.1782715,2.8228066
ZIRCAI,3.649047,2.9415615
BAZQAX,3.2844143,3.4284563
NOXRUP,4.03817,2.8700006
BOVCOH,5.240369,2.9592454
AGOBOO,3.5285006,2.6878848
QORJIR,1.8838443,2.324233
VECHIU,2.8171947,2.6267283
ZURLON,2.043031,2.6404378
CUVROC,3.986196,2.6788235
EDOQIZ,3.8904119,2.906505
XIKLUY,4.6477046,3.2246964
TINBEZ,3.2816932,2.80984
YOMTOL,2.616919,2.8545706
VICBOZ,3.183188,2.698154
XIQTOH,3.8879628,2.6200342
KAFZEY,5.0912504,3.2164965
EFEREO,3.0490358,2.6363037
KOLXUH,2.561952,1.9021988
RICNOI,4.6136904,2.9715643
EWEKOH,3.3870013,2.649188
ZOCZEY,4.3894687,2.9825914
WAGFOB,4.0300064,3.0932846
ZIHNUB,3.5244188,2.8596084
ESAQAQ,5.055331,3.5637712
ROYFUI,4.4245715,3.0580766
FIBXOE,3.178562,2.3456335
NODNEA,4.318991,3.1822436
LERDAQ,4.225112,3.137484
QAJMIA,3.8610237,2.845037
ECOCAB,2.9676738,2.6570413
POBWIP,4.378312,3.160928
QICXOQ,3.223733,2.7390668
EKUTUB,4.013952,2.9459083
YALGUQ,3.1744804,2.920459
WIFTOW,4.108919,2.9211159
LENXOS,4.3862033,2.821375
GORNIM,4.7905645,3.2975407
MAYJAZ,5.025127,3.1827278
DITKID,1.911872,1.7942784
OLUPIV,3.4514923,3.2908988
GOLRIJ,3.3140748,2.19839
RILGOL,3.5301332,2.9121327
ICOMIX,2.4580045,3.0605192
EMEZIH,3.5616984,2.87379
TUKQIB,4.670018,3.0405815
UBOLAY,3.5004728,2.9535923
MAJSOF,3.7067351,2.988317
DUZDAF,3.264822,2.5642126
ROBVEM,2.392697,1.987382
TAHVEG,3.8204787,2.7633479
TEKJEB,5.018868,3.206216
EBELOP,3.5355754,2.996828
PUFMIM,3.5429225,2.7812278
PIKXOX,4.309195,2.9795537
FORLII,5.4518013,3.551208
EPADUW,4.4928718,3.1430805
SASVUF,5.41044,3.4147778
WAVGUY,4.567159,2.8455873
QAMZUC,2.649845,2.6125224
HAJXUL,2.320315,2.7366202
LISLAD,3.6656458,2.8783484
OFASEW,3.123323,2.8494368
BICZUI,3.5568004,2.935863
MADSUG,2.8702571,2.647959
ZECFUL,2.9097135,2.5918005
DUKCIW,3.0863154,3.0016708
TEFJEU,3.1148875,2.7613485
UXOCAN,3.752178,2.961175
CEBVIR,2.375554,1.569481
XEWBUX,2.7646768,2.990985
MIYZEC,3.2158415,2.6408076
KIKWOQ,3.9078271,3.0315323
FEYKIG,2.4079356,2.1778393
EHOCUZ,3.5614262,2.9830127
HEWGEY,3.735307,3.0468488
SOXDOA,2.0969095,2.5244493
LEXKEF,3.6378903,3.109497
YOTMEB,3.6844218,2.897228
VOMGIP,4.0928645,3.2126575
NEYPOY,5.625138,3.2878067
WIFSOV,3.3603342,2.7747877
HINGET,4.1807575,2.9678872
EBEYIW,3.5410178,2.8428714
XERWID,4.2479696,2.8202918
HOSHOO,3.6836054,2.4131448
ROFDAR,3.3619668,2.773327
LEDWEX,2.9146116,2.9786572
LOPTAL,3.4876833,2.7109804
MIQBOG,4.4928718,3.3017983
EBOMIR,4.794374,2.8853612
DAJRAK,3.7040138,2.6399713
TEVTIX,4.103477,2.958405
ROYNIE,3.7663279,2.7806923
WIRGUB,2.057453,2.4226213
NUNBAA,4.003611,2.4384634
YOZNUX,3.331762,2.705304
EJAQAI,3.0925741,3.0443022
KAVGIX,3.496119,2.7297642
DUHQAY,5.267036,3.5698938
QIRDAZ,2.3649416,2.6623104
YIGHED,3.2038686,2.490243
WOPMIA,3.885786,2.7565777
IDAHEB,3.066179,2.7403584
SIGPEF,3.085227,2.4406726
OLILAX,4.2955894,2.8435473
WOQMUK,2.4054866,1.9943955
OLIZEO,2.5366454,2.396488
KEMDEL,4.6738276,2.8559692
DAJRUE,3.8909562,2.6232538
HIVKOP,4.885804,3.2416658
WAQDAU,4.963357,3.1897511
SESHEF,3.9486442,2.6186478
FIQTEH,4.114362,2.7604825
PORNAM,4.1742268,2.7535586
TOCFOI,3.637346,2.796125
CAQTET,5.5391498,3.1924684
GOSFUR,3.9608893,2.5687344
TIRDED,3.405505,2.9799674
YOZMIK,4.2838883,2.9558964
SICSED,2.401677,2.3202012
AHIWEV,2.8680801,2.681884
PANBEO,2.5646732,2.6657698
GORRAI,2.8827744,1.924023
CIQJEU,3.0523012,2.5770473
MALRIA,3.758981,3.2529616
QAGBOS,2.7107983,2.159204
BOLNAT,4.708114,3.1628811
REPCOG,3.022913,2.3222737
YUYHIK,4.133137,3.01795
DURRUE,4.480627,3.3856263
VIXTAY,3.5521743,2.9617429
XIWXUZ,4.6882496,3.1705356
NIDCOV,2.8571956,2.8219812
AHOGUB,3.1812832,2.0513396
UHIJIF,3.3682253,2.4511044
CAHJUT,4.985126,3.3737726
XERVUO,4.1287837,2.626911
NIRKAA,2.972844,2.986785
GUSWUO,4.0947695,3.2015376
XIGYER,5.2088037,3.4592795
NUWLUN,4.1761312,3.0479112
RIZPUL,2.5012705,2.0719657
ROBVIQ,2.4180038,2.0137892
FAGKOO,3.1336632,2.9229972
TILTEP,3.2748904,2.7014656
XAGDAM,4.0286455,2.858461
BUTZOG,4.9364176,3.3396113
HIJHAL,2.669437,2.8448718
MAYJED,4.9364176,3.1363387
PABSEQ,3.2384272,2.6013217
UFEBOX,4.8863487,3.438571
TIFMED,3.2732577,3.082442
HIJBUA,2.7064445,2.5953708
XUMQOL,3.1924398,2.7581537
DECPEH,3.410675,2.990705
CIFTOB,3.4765267,3.0417984
EBAVEL,3.3021016,2.675309
OYEGEF,3.9086435,2.3988447
SEWPIV,3.5578887,3.0082872
XERWUP,3.8830647,2.5451016
FEHXUN,3.087948,2.8196805
SOHDAU,3.8199344,2.836011
AMEBEB,3.7981653,2.474767
VICBIT,4.3244333,2.8827076
PIGLAU,2.6626341,2.740852
QAQZIS,2.4120173,2.838985
CIXDEV,4.237901,2.7825377
WILZIA,6.048275,2.659878
AWUBEB,3.5568004,2.3875594
OPEPOP,4.9943776,3.481468
VILLOR,2.5480742,2.5541837
AVOSAF,4.2199416,2.9643838
FISREF,3.9878287,2.7423494
HOKYIS,3.5075476,2.662493
MAGBUU,4.3336854,2.8254657
IROBIC,4.901043,3.3739629
EPOWEM,3.2199233,3.1249785
FOJCUD,3.2517607,2.8581727
CEXHIY,3.2354338,2.3889735
XIRTEZ,3.656394,3.1039064
FAXBIQ,4.2335477,2.9736516
FUVNAN,1.9301037,2.2665157
ZUQFIA,4.2308264,3.1752343
QAFYUU,2.2419462,2.1338856
WIRGAH,3.0770636,2.442091
WIWRUQ,3.415301,2.4325485
TAVJIJ,1.7418008,2.2294035
UMIREO,4.36906,2.8832629
ULOQAO,4.990296,3.0480292
OTUYOT,2.96332,2.328486
IPAZIJ,3.9902778,2.9355292
TUDREQ,2.659913,2.6969829
SOLFOR,2.4528344,2.008173
ZIRXED,4.1592603,3.2098527
RAZBEB,2.910802,2.97491
CISCUE,2.0348675,2.15807
RAFZON,3.7344906,3.1463234
CUQQAH,3.918984,3.1140935
XONCAH,2.9869938,3.1918926
PEZSUK,4.3913736,3.2705142
XIKZAU,4.387836,3.0758421
IROBAU,4.603078,3.1303263
SANBOY,2.5222235,2.4794998
EBUNOF,2.545081,2.7261343
ZAQDAZ,4.9073014,3.0870028
CIZZUJ,6.3315454,3.2750154
LAXJUR,3.0786963,2.931294
WAWMEP,3.1480854,2.552665
AVANAN,4.6757326,3.4545326
AKUHAQ,2.772024,2.2688024
IKISEB,3.9717739,3.0208912
TORYEG,3.9929988,2.5786128
UGOGUS,4.416136,2.9911466
DODCUV,4.055313,2.8175359
GACTIP,3.345912,2.8812773
UBEWOQ,1.6375812,1.8008717
OLUQES,3.3584292,2.7934368
COQKUQ,4.710835,3.0362637
YALGIE,3.9236097,3.085002
PAYTER,2.638688,2.3340168
EQIBEN,2.0936441,2.1993666
AVOSEJ,3.866738,2.9240494
DALYOF,3.3426466,2.7664077
COXDUQ,3.3385649,2.8414567
EDONAO,4.7023997,2.8652205
QARQEH,3.5867329,2.8014479
BOKRAX,2.0332348,2.2826762
ONOCEA,4.065925,2.7315834
EMIBOT,2.5918846,2.860074
KATRUU,3.6977553,2.81837
VIKGED,4.605799,2.9536648
MAVPOR,3.6569383,3.1444945
REXRUH,3.8278258,2.6624584
KUVRID,5.692622,2.8664014
LEPTUX,4.717094,3.268915
PIBYOO,3.5119016,3.1248865
ZUBQOC,2.8971963,2.723957
WEDPAX,2.6610014,2.7030423
LASPED,4.1921864,2.9544325
XIKJIN,3.2724414,3.3913934
SUYXIV,3.269448,2.1304204
QOXGOZ,5.2117968,3.0299652
MEXWAP,3.8923166,3.0774877
XIQKOZ,4.5894723,3.2602444
WALQOR,3.9970806,2.852619
ITANAT,3.2874076,2.7094913
MACGOO,3.2713528,3.0809515
FOLKOG,3.7660558,2.8114557
EGICII,2.5861702,2.5210307
IDOKES,2.8680801,2.6824436
YEDPON,0.85062796,1.494639
WULLIZ,2.4914746,2.431654
NILFAP,2.5407271,3.263416
HUNPIR,4.8977776,2.6895552
KIZVUM,5.112203,3.4318721
MEVKOQ,3.3821032,2.789296
BUFZIN,1.6092814,1.8856877
HEHGIN,4.6662087,3.2612908
LIGNEV,4.3725977,3.254871
YOZNEH,3.9943595,2.792115
WALQEH,4.0183053,2.8777227
FEXKEZ,5.0550594,3.5639133
RIMFOL,4.5146413,3.2543716
XILPOZ,3.7791173,2.6417437
YIKHOP,5.30105,3.2044399
VUWMAB,2.9007337,2.8109336
YAVDUX,2.2291567,2.304714
SASREM,3.2373385,2.313116
ICIHOU,3.68034,2.7188141
BIGQEQ,4.359536,3.371014
ADEVIQ,3.6128557,2.5329046
WESPIW,2.6449468,2.6814575
NEPVIQ,4.7589993,3.4080524
EFEKUY,3.9992573,3.193394
IWASEG,3.3450956,2.9322615
ISUWOJ,3.883609,3.0207236
DAQWEX,4.3625293,3.2122598
QUYVEN,2.9935246,3.0894737
DAYCEL,5.173701,3.3705637
BUHZAH,3.24523,2.630426
LILMEB,4.889614,3.3631802
UZIGER,3.2901287,2.8962595
MOMBUN,2.9739325,2.7610548
PAXWET,4.4528713,2.8009458
QIGPEB,3.025634,2.4715507
DODVAV,4.214227,3.0984266
VOHXOI,4.704849,3.0582669
LEYREP,2.810392,2.246162
DENCUV,3.0191033,2.1812258
YULDAK,5.0670323,3.1949804
QAWCUP,3.1415546,2.5820296
HORBEY,2.7478058,2.1711104
XEGFUN,4.8376403,3.1561916
KUQBEE,3.4441452,2.683798
BOKQIE,2.7072608,2.4854612
YESGIP,3.8651054,2.4204524
DEGZAR,4.724713,3.15637
XANLOQ,2.7276692,3.0867777
VILLEH,2.5554214,2.576966
DUHNEA,3.3918993,2.6884236
OBOLEZ,3.2988365,3.0345716
IPIJEW,4.774782,2.9634326
PANCUC,6.2597075,3.3000894
ENEJUC,3.3655043,2.8887398
CAVXAZ,4.014768,2.9161963
XOMFIR,2.9478095,3.210054
XIRFIP,3.8267372,2.7875907
IQUROD,3.69966,2.9187877
ENUVAM,2.6041296,2.7494152
XINVIZ,3.4027839,1.3827369
IHIKAM,4.5472946,3.1654525
EYEQAC,4.9018593,2.4788647
BUVBIE,4.4509664,3.091102
LIYVUN,4.0329995,2.9107494
CESNAQ,3.2917614,2.870407
CUJHUM,3.1140711,2.7435935
GAWZUB,2.7045398,2.545234
VEXDOT,3.394076,3.1817946
XIYNUO,3.324143,2.9171069
KENQUS,3.51816,2.5842373
ZOMJIX,5.3734326,3.0298152
FISDUI,4.4749126,3.1029465
FAYGIY,3.429179,2.7446349
FATCEJ,2.1352775,2.0577242
HOTPEN,3.7728586,3.1927826
QAMXUA,3.410131,2.7668345
FIBXIY,4.867573,3.262826
LAWTIP,3.3997905,2.969209
DAPHAF,2.15106,2.5965648
YANPIO,4.0093255,2.7213209
DOHVUS,3.802247,2.444458
UTOQAX,3.6509516,2.6172042
SOMVEX,3.6525843,2.3713636
PIQMIN,2.3331044,2.2700477
GIQFAO,4.125246,2.8323095
VUXDUN,3.4640095,3.1133394
TIRDON,4.8934236,3.8172536
OCUROV,1.6266967,2.7076879
JISGEX,3.1959772,2.5489392
KUYHAP,4.050143,2.9089596
XEDKAT,3.2699924,3.0914378
MAYKAA,4.8196807,3.0747023
UYOBER,4.4672933,3.1178784
RATRIP,3.161963,2.8509293
WULFIT,3.4305394,3.1682067
XIWYUA,4.103477,2.9319284
VIJHEE,2.9450884,2.6551268
SEVTIW,4.99982,3.5206947
MIVXOF,1.9083345,1.8017212
RIFKAV,3.3467283,2.7213995
FIKQIZ,3.3924434,3.3209295
POBMIF,2.638688,2.8905249
FOBXOJ,4.4776335,3.0535898
EWAMEU,2.1834416,1.6694545
SATMIM,3.7475522,3.150872
SEWZOL,4.6471605,2.8429456
LAQBUB,4.4131427,3.090617
NELLOH,2.9929805,3.090895
YAVFIN,2.1208553,2.3254576
CEPMAL,5.11819,3.3663154
YALDIA,3.064002,2.608234
YAKLUR,4.0716395,2.996008
WAZTUP,3.3932598,2.601393
OLUNOZ,4.8430824,3.536241
VOVCAM,3.271897,3.0526714
ZIZFUL,3.5282283,2.9617708
KOLXIV,2.6030412,1.9783939
JARKOF,3.8370776,3.1797
HAMWAT,2.3355532,2.6817317
ESAPUJ,5.0602293,3.587854
GUKGUQ,3.157065,2.6272833
AJOXED,2.676784,2.3070624
NUVNUO,3.9587126,3.058731
XALQEI,3.9617057,2.7560658
MESDIA,4.8692055,3.2539518
WIYCEM,2.533108,1.8330367
ENEDAC,3.3181565,3.0306368
MIDVIF,3.056383,2.5525732
SETLOV,1.3719981,2.2042146
VAJMIE,4.7475705,3.1411786
SOQYUV,2.9317548,2.1559644
FADNIK,3.486867,2.763892
IQEGOB,2.120039,2.2752585
QUHPIU,4.1230693,3.0618074
JOCBIM,4.137491,2.909125
OTOMEQ,4.16307,3.175249
ZOBJUY,4.7051206,2.7662873
HINFOC,4.2411666,2.9036431
XERXIE,4.104021,2.6253195
MAXQUX,2.6922946,2.0632932
VAWSOE,4.0855174,2.6363897
WAXGAG,4.6566844,2.49088
CORQAE,4.720631,3.1991813
QICNUN,3.578025,2.4039938
NODDIV,2.850937,3.0896125
COCSUJ,3.0724375,3.051267
XONCEL,2.0539155,2.76952
TUKREY,4.7834897,3.2542539
SOTGEP,4.0351763,2.4670005
CARDAC,3.0618253,2.2578852
VEXJEQ,4.068374,2.8172774
TUVFIB,2.7355607,2.1050444
QAFYOO,2.4667122,2.0250187
DECNUV,3.6476862,3.1043441
DAQWAT,4.211234,3.157413
SOPCIL,2.2394972,1.85811
BEWDIS,3.5086362,3.015215
FOQSAF,3.1097171,3.1246135
JABZES,4.098851,2.810948
PICNIY,2.7012744,2.8415177
CUFLAS,2.9869938,2.247111
YILCUT,3.5851002,2.818309
QARQAD,3.080601,2.66487
EMUKOM,5.240369,3.0748231
ZOMJOD,5.714391,3.3477335
XIKWIA,4.516546,3.1758509
QUZBIY,2.719778,2.5468407
RECCOT,3.1527112,2.750975
YAMMEG,2.587803,2.8633933
ZOLVEE,4.3745027,3.2303796
FAWZUZ,4.442259,2.8843079
QAMWEJ,3.5067313,2.3329875
ZEBSIL,2.7061725,2.6273894
WIQYIG,2.6805937,2.0438812
SASVOZ,4.911383,3.0393846
VIKGIH,3.634897,2.624869
ONOXAS,3.5450995,2.7213218
TPTCAN,2.841685,2.9142349
VICBEP,3.771226,2.8142722
NOPWUM,4.0136795,3.2097907
FOBZAX,4.126607,2.9652622
PUYKUQ,4.480355,2.584311
LEWPEJ,4.866484,2.9650333
EHEXIA,3.142371,2.4899342
QESRUB,3.393804,3.2762845
VOMGEL,3.7173474,2.9802954
IVIYIW,3.8131316,3.0020425
JIRJOM,3.778573,3.0127823
ROMFII,3.4283626,2.694416
REFVEG,3.3902667,3.2147405
AFAXAG,5.0006366,3.5205457
WELTOY,5.2063546,2.9526062
LOTSAO,4.19137,2.893747
EGUSAA,3.8463295,3.0336425
FONSAE,2.9592383,2.434095
XIWXIN,4.3505564,3.2055652
REFTUU,3.818846,3.3139107
DODXID,2.0335069,2.985083
NUNBEE,4.1644306,2.647452
KEGTUL,3.075703,2.7481632
MUPFUY,4.209329,3.0952864
GEQMOE,4.853695,3.1934597
SIQNAI,3.9393923,2.74077
ZUFBOT,4.175315,3.0096753
GIWSUC,2.9973342,2.9219167
SUYSEK,3.2242773,2.8089554
NESLON,4.3119164,2.6140823
KIGXOO,2.5592308,2.3559577
EMATAN,2.3194985,2.1411653
CAPWUM,4.416136,3.115417
SIKYOC,3.673265,3.010497
VOMHOU,1.9951389,2.7390678
FAJNIN,3.7067351,2.9559073
JIWKEF,4.2417107,2.8224757
VOYPEG,2.9595103,2.0212517
KIYWUM,3.4275463,3.2492518
LAQNAV,2.15106,2.2884364
CORPEH,4.329876,3.0177045
NEWMIN,3.537208,3.053644
CERQIB,4.5995407,3.3286724
FIMCOV,3.183188,2.9244545
GIKBOR,3.6792514,2.8289006
SATGEC,3.3627832,3.017633
YAMNOR,4.6871614,3.2775023
BOJPIC,3.9715018,2.801764
LAJTEX,3.6340806,2.891794
FUWMAN,2.7216828,3.0082574
XILPAL,3.6795237,2.752135
BUTZUM,4.8458037,3.3135831
SAHGAJ,3.4808805,2.96648
YUWWUI,4.1456547,3.0824277
QUWTOT,2.6966484,2.7342756
TASCAU,2.614742,2.1387377
SOTHOA,4.015312,2.5009818
CESMAQ,3.3704023,2.9926229
TOGXEV,2.9695785,2.8374445
NIZJEN,3.5899982,3.1657662
ZILJEM,5.000092,3.5202065
ROVYEI,3.6702719,2.5432782
JAHXEY,4.636004,3.1462984
FETBOY,5.2686687,2.9154556
TUTQII,2.752976,2.8235178
RANGEV,4.959003,3.545772
VUNWAD,3.6019711,2.8231041
AHOGOV,3.1148875,2.1634579
LIGRIF,4.6678414,3.019726
KUDKOK,5.087441,2.887812
YIJVOF,3.410675,2.5626414
CEPCUX,3.7880971,2.6298027
SOQXOL,2.824814,2.2333257
FINVIJ,3.3559802,2.9088933
FORLEE,5.886639,3.573485
ZAQMUC,4.896961,3.1713185
SUQWIL,4.192458,2.9984903
DODTOH,5.0392766,3.1490178
NIVPUG,2.912979,2.781219
MIRLOQ,3.1916234,2.6128647
WOBVOY,0.33687696,2.4672124
YECFIY,2.861005,3.1464183
WAVKAI,3.4852343,2.6806958
KAHQAL,2.8454947,2.636481
QUDDOK,3.7206128,2.472377
FIRXEK,3.0517569,2.8595347
RALFEQ,3.2901287,2.220766
QAWCAV,3.8286421,2.661721
ZONBEM,3.926875,2.3690386
XACQOK,5.3279896,3.168769
PILNOQ,2.9652247,2.210034
CAHKAA,4.0925927,3.1815183
FOGYIL,3.429723,3.1693873
JOBBAG,4.222119,2.913501
JOTJIO,2.7442684,1.8648669
MOQFAB,5.350575,3.4299927
UJOTIX,3.7244225,2.6655962
UTOQEB,3.9894614,2.4240496
TIYVUV,3.4762547,2.9694302
FIKQEV,3.2893124,2.9298606
RAQFEV,3.936127,2.7393281
ZEBSOR,3.67517,2.747183
CESMUJ,3.2109435,2.8708804
IWAZAJ,3.9402087,2.8692122
KUNBIF,3.6068692,2.7756412
MIKLOK,3.2800605,2.5243025
FUGGAQ,3.6860545,2.7275763
DIWZAN,2.2547355,2.6929128
HAJVUL,5.1753335,3.151447
BACQAZ,3.1766572,2.938517
BIGQIU,4.0928645,2.919808
ADETIO,3.6939456,3.3275304
WIRGIP,2.0340512,2.6613252
GASGAK,3.3785658,2.7667909
XINZUQ,1.9910572,2.24441
VAKDIW,2.51406,2.444818
VOHXUO,4.743489,3.102627
AGOBUU,2.3004506,2.2887187
XEWBOR,1.8645241,2.770071
PAPQIG,2.5701153,2.3209789
XERWEZ,4.0618434,2.5796158
AXENUO,4.9573703,2.8324444
JEFFAC,2.987538,2.520284
HIJCOT,3.6904082,2.8840346
KOLXER,2.6446745,2.112853
HADDAT,4.167696,2.9734504
ZIZGAS,3.372307,2.9034977
RIGBEQ,3.718436,2.9396725
ZOLVOO,4.2471533,3.0435522
HECCEX,4.375591,3.096329
NAGJIP,4.5067496,2.909501
IQELIA,4.3342295,3.2746644
NOXHAL,4.705665,2.783525
INEPEX,2.200857,2.228302
XOCSIT,4.6515145,3.293952
QEHNIA,3.250128,3.0066159
ZOVXAL,3.5216975,2.9788945
MUYDIV,3.5429225,2.2806826
SIGNUT,3.9851074,2.3266673
YUYGUV,4.9462137,2.6439576
ABAPAV,5.059413,3.0676572
TEVTET,3.2218282,2.842631
ZAWMES,3.8729966,2.8996892
FOYPIU,3.897487,2.907928
XAPYIW,2.102896,2.0122564
RIMFIF,3.1959772,2.9577107
RAQYOZ,3.678435,3.0637789
RIVZUU,2.7050838,2.1255274
PIZKEP,5.05642,2.909619
HEHGOT,3.4493153,2.883777
ATOPEE,1.2751255,2.8268054
EGUYOX,2.2852123,1.7285286
MAYJUT,5.078461,3.3523781
KILFIV,3.3603342,2.7697284
NUPXEB,3.3486333,2.506214
IWARIJ,3.1679497,3.1109068
PIJWIQ,3.759525,2.834284
OLUQAO,3.53231,2.9212847
HINFUI,4.4966817,3.0987968
RETWES,3.3249593,2.5005608
PALTAA,3.149718,2.9321666
NOCRON,3.4359818,2.6834745
POGTOW,4.1461987,2.9285483
JOZNIV,2.9412787,2.6503365
FAQBEF,5.8784757,3.5145285
PAPQAY,2.4775968,2.2696114
QOZBOY,3.4430566,3.1749783
NOZLUJ,5.2112527,3.1588547
RANMAX,2.6215448,2.7811224
FUSTIX,3.659115,2.5475626
PALSUT,3.2008753,2.9060576
ZEQPES,3.281149,2.2299051
MOMBIB,2.7107983,2.7769313
NUVPIE,3.835717,2.883222
MIBBAC,5.099414,3.5118003
JEVGAS,4.547567,2.9862254
NEDNEQ,4.334774,2.889425
RAKMEV,2.2212656,2.0128155
DIPNOF,4.180213,3.1374602
ZODZEZ,2.9091692,2.6234398
IVAYUB,3.7037418,2.5489156
GASLUK,4.421306,3.264588
SUKKAL,1.4498227,2.1918795
JOCBUY,3.2786999,2.6502006
DOLNIB,5.040637,3.485034
QACWAV,3.62755,2.7060547
KEJLET,3.1554325,2.287758
WUZXUL,4.491239,3.074311
SOTCOV,4.7712445,2.8342774
EMIDOV,3.369586,2.8048165
PIKTOS,3.6381624,2.8883855
TAWMEM,4.356271,2.808982
ALOGUF,3.5429225,3.2029948
KIGPEY,1.6639763,2.1302953
CUNXAM,4.122525,3.147907
WELTUE,2.709982,2.7464733
ENSPAU,2.573925,3.0188732
NUPWUS,2.5649452,2.7490623
LOTRUH,4.561989,2.8674755
UGUBUT,3.3486333,2.7402613
FOYYAV,2.7091656,2.3937688
UDICUI,2.382629,2.3670893
NEZCIH,5.4602365,3.1774228
SEYVAV,2.7782826,2.1110592
ZAQHOR,4.9981875,3.136539
FOBXID,5.2498927,3.161072
ADOLUA,3.6055086,2.8482606
QATZES,3.50782,2.8086658
OCEBUW,4.022387,3.045747
YULHIW,4.3943667,3.6273818
JOFGIU,2.4767804,2.522512
WASHAZ,4.486069,3.2256534
QENVUA,4.0993953,3.1889532
FEQKOD,4.2485137,2.8261054
NUVNOI,3.9755836,2.8910513
MOVJEN,4.4958653,3.1045563
TARCIA,4.9026756,3.1246145
XISGUE,1.541525,2.482742
AFUBIM,4.6798143,3.3650455
NALXON,3.567957,2.8564084
CEPDAE,3.300469,2.8377473
LAVNAZ,3.9293242,2.4330196
YONFUE,4.313277,2.9529338
UWASER,4.045517,2.6343124
NIZLUF,3.5646915,2.4232526
IYAWOW,2.8661754,3.1004071
YIKHIJ,4.634643,3.3592634
EJAMUY,3.424281,3.3010423
AGOCUV,2.2745998,2.3137844
KESRAC,3.7314973,3.1056585
ASOZEN,2.980463,3.1577826
TITGIN,3.0517569,2.9125953
VAVNEM,4.9674387,3.1466188
CERQAT,4.389741,2.9755852
TUKPAS,4.0806193,3.3399854
VIXRUQ,3.567957,3.1106102
BIHBAY,4.316542,3.0776498
GUKHUP,3.5450995,3.083992
BEWTUU,4.3252497,2.9460802
AXESOM,3.2963874,2.6583977
RERGAW,3.5927193,2.9838667
UDAKAM,2.5894356,2.5601344
DUGBUE,3.3491774,3.4681263
ICIRET,3.916807,3.1892855
DUZCOS,3.8231997,2.7114964
KURWIE,4.433007,3.0527487
XERWOJ,3.9641547,2.712355
UQIBAY,3.1336632,2.7006836
NAHMEQ,3.4498596,2.7945156
DAPHEJ,1.9516007,2.5024672
OLUPUH,3.5687733,2.6657448
PAYSUG,3.8942215,2.6365376
SILFAW,3.959529,3.0974746
SIGPOP,2.8280795,3.0692773
NEYQAL,5.4575157,3.2277443
GUVNIV,3.7157147,2.7064033
COCRAO,3.17829,2.931579
HOTQUE,3.554079,2.725328
JAHQEO,6.118208,3.0729883
LIZNUF,2.7736566,2.6215093
ZEZYOS,5.1826806,2.7706203
NETFAV,3.9682364,3.1085463
OPIQUA,2.4014049,2.7131267
FIQTOR,3.6966667,2.5839486
WATRAN,3.5644195,2.302166
KUDWOW,1.9652063,2.468385
MOQSOC,3.0005996,2.7987576
KITREM,3.1118941,2.4731975
GULGOL,3.488772,2.6443148
XIZDIW,3.2803326,2.2302506
CUQNUY,4.1600766,3.1715322
PEWJIL,3.3382928,2.6803887
HAFFEA,3.2338011,2.6321485
ROVYAE,3.6887755,2.478223
COCROC,3.1246834,3.0714946
ODUFUQ,3.4670026,3.0146165
UDACAG,4.3315086,2.6993504
PIFXAF,3.5339427,2.5099957
ODAWIB,2.3720164,2.9346623
ENUKUV,3.7105446,2.752186
IFUJAW,2.7834527,2.504892
SILLEG,4.401714,3.0526829
XITCIO,3.9342222,2.377063
KUMYIB,3.4144847,2.3521514
GUGYEM,5.6357503,3.2566786
FUWWAX,3.1480854,2.720469
ROFSOU,5.649628,3.2762518
YEYPOK,2.9736602,2.9424129
VANXIR,3.8751736,3.1150641
UDARUP,4.4506946,2.9004455
TUVNOP,2.999511,2.845691
NIQXAP,3.9032013,3.104016
GILKOD,3.1935282,2.6251745
ELAVUK,3.5671406,3.0744805
HIHCIK,3.242781,2.7226672
DIWYIU,3.1078124,2.9664388
XOMRAV,2.7644048,2.580694
BIBYUJ,3.7412934,3.1053405
SICSON,2.8708012,2.3473125
XOCPOX,4.0414352,2.5308213
PUYKIE,4.48362,2.6120965
MAXQOR,3.6738093,2.362039
CORFOF,3.3660486,2.358077
YEYVOQ,2.179632,2.6147845
RAMHAO,3.6664622,2.873825
RUGTAP,3.4074097,3.0036964
ABETAF,2.9815516,2.8175159
AGOCAB,2.1061614,2.2866063
EMIDIP,3.567685,2.808597
VOMGOV,3.7347627,2.9875805
GUBLOE,2.8909376,2.8390386
IYINEK,4.0324554,3.1283324
XEXZAD,4.067286,3.1782165
BUJXAF,3.5951684,2.321162
POBVEK,4.283072,3.0153997
XIRFEL,3.6359854,2.6833298
FADNAC,3.4280903,2.814364
LOLVAK,2.8245418,2.770758
CUNXEQ,4.3676996,3.2116246
XORGIW,3.5333984,2.9391284
UREKAF,3.5826511,3.2116342
ITUNAO,4.0686464,2.7997043
WIQZAZ,2.3208592,2.1274316
XIMBAY,4.2310987,2.9809253
ASIDEM,3.7905462,2.610768
SOVROM,3.2256377,2.8323903
COPZAL,2.1347332,2.5037656
QIRRAK,3.2797885,2.2296538
PAWXOD,4.0977626,3.2138247
ABISIO,3.369314,2.7218416
WUZLIO,2.4106567,2.7778227
UREKEJ,4.5489273,3.1802304
EPADOQ,3.5075476,2.8364482
AROSUV,3.3932598,2.867138
KEFKAJ,3.8659217,2.8274956
YAFLOI,4.1976285,2.939105
WAGFUH,4.7766867,3.2035549
HIMMAU,1.746971,2.0094929
CIMGEK,2.4395008,2.8099341
DIWWOY,5.207171,3.1254323
EBAYIS,3.244958,3.0050817
FEXKAV,5.061318,3.5878086
AJOXON,2.2721508,2.1726303
BULPED,1.8805789,2.321648
NESLIH,4.2890587,2.8149765
MEZZOI,2.9431834,3.2973626
HARKOC,4.0596666,2.8864453
IFIQAR,4.459402,3.3492236
EGENAH,2.5453532,2.751523
LAVYOZ,3.2874076,2.9545991
KIGHUE,2.0343232,2.5180013
JIRHIE,3.1295815,2.8856106
KAKYEC,1.4653331,1.0822942
BUHZUB,3.2346175,2.6852834
XEGGEY,4.4629393,2.98566
TUVNUV,2.9812794,2.9660826
VOBVOZ,2.8637264,2.333525
LENXAE,4.3388557,3.048501
QUTNUO,4.796823,2.7791452
ZIRXIH,4.844715,3.2260537
PAPQOM,2.251198,2.3637846
DODTUN,3.8493228,2.8371072
TEVTAP,3.6825168,2.856178
YUDVUO,3.1731198,2.802891
YAXGUA,5.033018,3.0522032
COCSIX,3.271625,2.8712194
TEMMED,1.5815258,3.4746175
LIZRUJ,3.36496,2.953225
ALENOW,2.4512017,2.7942903
CEPCAD,3.4191108,2.5617046
XIRTID,2.9957016,2.8714757
FELTAU,3.3007412,2.8184958
ANIGUB,2.7687585,2.4670112
LIQSUA,4.449878,3.2188673
LENXEI,4.2836165,2.998835
ASICUB,4.299399,3.0044491
BEWTOO,4.0928645,2.87927
SOGSOZ,4.308651,2.878553
BUFXEH,4.257221,3.0143223
QASMUV,4.086606,2.7609143
TUKNIY,4.9908404,3.5278683
IKISIF,2.738826,2.6781843
DUGCIT,3.1562488,2.98832
XIGPUA,2.731479,2.2898002
NAPYUY,6.381614,3.4322355
DISJUL,1.9567708,2.4966967
BOVCUN,4.5848465,2.845604
GOVBUO,3.1328468,2.6119082
JINGOD,5.1268973,3.3868299
SURJEV,3.1652284,3.021015
YIKVIX,4.4245715,2.9819474
HECCUN,3.9393923,2.7855415
UHIJOL,3.3899944,2.484631
LISMUY,4.13477,3.1087248
MOVSAT,4.7475705,2.8912315
IZOTUN,2.798147,2.2352054
NORRET,3.90048,3.0347917
JIPMIH,3.0789683,2.517078
WAVFUV,5.133428,3.1382477
EJIPUK,3.8944936,2.9345944
YASWIY,3.9606173,2.92819
DAPHIN,2.5276656,2.7094216
BAMWEU,3.4808805,2.855955
YAKFOI,2.941823,2.9816864
ECIJEG,4.297766,2.9879286
SUQSON,4.502668,2.8561895
GAZJAS,3.959529,2.9635613
EBOMOX,3.2517607,2.7160838
OJAVEB,2.119495,3.0113833
MILJOG,3.6710882,2.8249326
MUPFIM,4.2672896,3.096279
KODFAL,2.9973342,2.569374
QOBFEV,2.406303,2.6346984
PAYTAN,4.0849733,2.6619756
DOFLIV,3.1222343,2.8401296
ZOWSEM,2.7208664,2.533668
UXITUS,4.7927413,3.2965357
PERFEX,5.6267705,3.4668818
PAXWOD,4.21069,2.8074906
VIXSAX,2.843862,2.9382925
CUWCUT,1.9276546,1.6355071
ADIMEG,3.015838,2.707193
WAVGOS,4.9143763,2.9509928
KAJRUL,3.9377596,3.1065955
DIGWAT,3.6474142,2.420101
JEJXAA,1.3676443,1.5884417
GOTBOG,5.556837,3.280894
VUFXOK,2.8403244,2.024468
VOVCEQ,4.5802207,3.0888062
FEJFOS,3.8727245,2.583033
SUYXAN,3.2735298,2.1903782
WAPHIG,3.6640131,2.8614428
WEBWOP,2.8297122,2.9314446
IPIJAS,3.305367,2.8508992
JIRQAF,4.2455206,3.202433
KUFMUU,1.959764,2.711722
CINBUZ,2.6607294,2.4475658
REXYOJ,3.085227,3.018786
ZOBJIM,3.9342222,2.6943736
COBBAZ,6.350593,3.157219
EWIYEP,4.0044274,2.746097
GOJYAF,4.394911,3.2492578
VUFXIE,2.910802,1.966444
OLILIF,4.596547,3.0270655
AVUTAM,3.9606173,3.409792
IZOTOH,2.1499717,2.1870844
TEMTEK,5.401188,4.051943
BOKQUQ,2.0898345,2.2772193
PABQUE,2.9788303,2.7463822
WAVHAF,4.4672933,2.9205198
EKIPIY,2.8639984,2.2717457
OYISAR,2.3652136,1.3981864
XIGCAU,4.283072,2.6615791
TIGMON,3.2128484,2.4113166
SEWYUQ,2.7282135,2.6916206
GOZTIY,3.8082335,2.9041502
NEPWEN,4.164703,3.1943452
TAMJIB,3.434621,2.3708966
QULYIF,2.9690344,2.429077
CESNEU,2.248749,2.27063
ZOCKIL,4.314093,3.1151078
EMIBIN,2.7812757,2.8453631
QOZBEO,3.5529907,2.8080845
SARRUZ,2.7461731,2.3028147
COGHOV,2.8264468,2.968791
IKUCIB,2.659913,2.7839558
COCSET,3.2103994,3.0436459
VECHAP,4.452055,3.3975358
PEZTIZ,4.5140967,3.095605
ISIPAD,1.2979832,2.7300465
HUMBAS,3.0294437,3.0424407
BELWUN,4.8047147,3.0901685
WEJWIR,4.968527,3.1398544
XUCMUE,3.732586,2.8489957
URUVOT,4.9388666,2.9907658
MAYJON,4.5372267,3.0670483
QUHTET,3.4357097,3.0429611
UBUCUP,4.0917764,2.572195
NIKHIB,3.4427845,2.3085902
NEZCON,5.0147862,3.1166759
RENKUS,1.4884628,2.4348464
KEPMIZ,4.513825,3.0656457
XOFYEX,4.4637556,2.964486
JIRHUQ,3.4778874,3.10057
BOVCEX,4.468926,2.995701
NONXIY,3.6199307,2.2985067
EMIDEL,3.6844218,2.766491
UTUWIR,3.5138063,2.236216
ZIHNOV,3.5355754,2.9339936
AVOROS,3.8827927,2.9273262
KEFVAS,3.5216975,2.3710024
TAWPEP,3.2133925,2.6440766
FEYFIB,3.5361197,2.5848234
WELTIS,2.6155584,2.8500981
QICPAV,3.5788414,2.559398
QAFZUV,2.41365,1.9807951
PERPOU,2.3717444,2.231421
BAHYER,3.0558386,2.9564624
IMIHIW,3.9293242,2.4771786
TIRMEP,3.271897,2.334969
ZOMHOB,4.7111073,3.076958
ZOPQUQ,4.916281,3.8567023
KUVMUJ,3.5693176,2.7868848
VIXROK,2.3692954,2.9498792
SEWZIF,2.8005958,2.6389499
NEYKAG,4.750292,3.198624
BUJBIT,3.1957052,2.5885336
GACRAD,4.7951903,3.3359084
BIDSOZ,4.2702827,2.6551037
MUPGAF,3.7875528,2.773994
MOCFER,3.147269,2.5784817
PUFVUI,3.3829195,2.7137456
IYAWUC,2.8588283,3.1077418
FOBYUQ,4.3151817,3.1229694
LIGNIZ,4.201166,2.9747517
XACTAZ,3.008763,2.5988274
QARQIL,3.1012816,2.9901712
FIRWIN,3.8446968,2.9591715
WELVEQ,2.88223,2.7286303
DIWXEP,3.0893087,3.1445491
RIQZOI,2.1227603,2.2566805
LOFBAM,2.858556,3.1069021
MIYBEE,3.9919105,2.9723337
CORPOR,4.352189,3.0654187
GEKDIM,3.1584256,2.8558588
AYIGUM,3.1059077,2.9151342
KAQLAQ,3.0982885,2.6416755
ZIHMOU,3.9891891,3.2458553
DOZHAC,3.0982885,2.7798648
BUVCAX,4.0661974,2.8698626
WOCPIQ,3.9282358,2.9812038
REZCAA,3.1924398,2.6960309
CUQNOS,3.3486333,2.9719758
VAWSIY,3.8963983,2.5922766
FOGXIK,3.4299953,3.1733067
FIMSOL,6.5010724,3.240571
YITHER,4.2466087,2.8476818
RUGSUI,4.8354635,3.0847673
WIWROK,3.4846902,2.4839377
XOJNES,2.81529,2.8938909
HAJWAS,5.188939,3.1023455
IJEMEQ,3.6501353,2.3515024
SOGSUF,4.2629356,3.0449424
KUSYII,4.3494678,3.1098642
KEGFOU,3.898031,2.8102863
SUSBOZ,6.398485,2.7129545
HEZNIL,1.2495469,2.0933616
GABYAK,3.539385,2.8927684
DAYCAH,4.3608966,3.264735
JOCBAE,5.202273,3.062395
BEFFEY,3.90048,3.1820161
XUNVEI,4.6115136,2.888251
PEXWIA,4.2738204,2.992004
INOWOY,3.658843,2.9024422
QETDOL,4.3769517,3.0668206
KALSEY,2.693655,2.5984755
HAZDUJ,3.9304125,2.8147037
DIHVEY,2.681682,2.2521825
AQAJEH,4.2267447,2.9306517
PAXWUJ,4.2789903,2.990425
PELRUU,2.7679422,2.9584627
ISEPED,3.4049609,2.9532917
EMEXEB,2.4207249,2.8944
WONZUX,3.3551638,2.3869767
KATNUQ,4.0882387,3.0725553
ORIHOO,2.7684865,2.363297
XINVOF,2.9333875,1.4418753
HIVHAY,4.961452,3.4636357
AYIGIA,3.5429225,3.0019653
WAQCIB,4.724985,3.1857326
EJANAF,3.4795198,2.967683
PAYMUA,3.9494605,2.8212729
AJIQEP,3.1529834,2.7921824
NAQMEX,4.2234793,2.9851158
KENQOM,2.896108,2.395416
ZINTIB,5.0536985,2.905035
TUNDIQ,4.3168144,3.2213883
ZIYJID,4.42049,3.2008297
BUVBOK,5.0006366,3.4669178
DABXIO,3.6822448,2.918022
UDUMOY,2.841685,2.5388765
FIQTIL,4.034632,2.8007257
EBOMUD,3.2969315,2.7493477
BOKPOJ,3.455846,2.6046433
KIVLAC,2.7347443,2.755418
NIRHUR,3.9132695,3.0385766
TUKRIC,4.996555,3.1743262
GORRIQ,3.51816,2.5272832
LIBLUG,2.2411299,2.2382116
CIFVEU,2.0033023,2.5482407
FOPBUJ,3.6272779,2.383818
DAXDOX,2.7450848,2.2144356
WAVGAC,5.0017247,3.1466048
HOBHOW,3.5260515,2.459422
JETCIV,3.1627793,2.7694805
JAHXIC,4.495321,3.435409
GOFZOR,3.8615677,2.8505702
QAMZIQ,2.70073,2.4374573
FAWZOT,4.563894,2.9555893
NEXFUU,2.6860359,2.6425214
QAKPOK,3.1344795,2.6903057
AQIYEF,4.457497,3.2540274
IZOTAT,2.7205944,2.218564
YUWXET,3.96742,3.042494
VAPSOW,3.8226554,2.8664668
ULORIX,4.9260774,3.1377811
QOBSEI,4.196268,3.0078838
YAHPUT,2.7886229,2.2882686
KOHSEI,3.7744913,2.95188
ILETOI,2.487393,2.1822534
TUKPOG,4.7546453,3.396459
CUYJUB,3.3257756,2.8770208
UTOPUQ,3.8335402,2.593686
TASCUO,2.4479363,1.9219927
LIGPAT,4.0066047,2.9045975
VUSSUZ,4.4433475,3.078166
YIKXEW,3.986468,3.2063997
HEVFEW,1.1994779,1.733243
USAKUW,3.2729855,2.80263
LUVJIV,5.9236465,3.189977
MUWRAY,3.6242845,3.113907
XELJAZ,2.002486,2.0837255
OLEKUN,4.2743645,3.1159873
OCUYAN,3.9709575,2.7475781
YUBJUB,2.7246761,2.9075458
QOQLOZ,3.8825207,2.6666362
BAZSEB,1.7309163,2.686279
JIMFAN,2.3189542,2.040299
HIYZAR,5.836026,3.234613
HIPDAN,3.5652359,2.5852323
DUPYET,3.2063177,2.6606538
WONRAV,2.8158343,2.5702457
PLASAU,4.292868,3.4226804
PIHZAJ,3.6699996,2.8926458
KOYCIK,3.4631932,2.8805795
ZISHAM,3.5758483,2.9273233
EQECAG,3.5592494,2.8565235
CATSIC,3.03026,2.307616
HEPWAA,5.1464896,3.075032
WODHEC,3.1801946,2.8497243
PUVTIK,2.4642632,2.338372
UDOTUF,4.272732,2.986422
JEBQUF,3.2789721,2.2294366
NEXGEF,4.648249,3.152268
MADSOA,2.8482158,2.6774335
ICIQAO,4.02919,3.1819525
LENWAD,4.2955894,2.9841583
PIKPEG,3.9347665,3.049862
WAWMIT,2.616647,2.0987637
IFABAV,4.798184,2.9556088
BIWJID,3.353259,2.9944894
PAYTOB,3.0079467,2.370487
NENFOB,3.1004653,2.808917
SIZMUK,5.503503,3.5486515
CEZVEJ,4.523349,3.1501243
CATCIM,2.9524355,2.1429071
GULGUR,2.5747414,2.575173
MEYZAU,4.8409057,3.133597
INEXOO,1.9850706,2.6190326
WONQUO,2.6893013,2.5615644
HAZDIX,3.3559802,2.6128652
XERVOI,3.5856445,2.6930892
JADYET,1.692004,2.190725
KOXQEV,3.1086287,2.2562184
FEQFIS,3.0746145,2.3213997
EWULEP,5.690173,3.3058932
GUTCOP,3.0109398,2.5838966
BEFFOI,5.566089,3.54712
WIXFAK,3.1747525,2.9425368
QALXUW,4.9628124,3.0667787
KIYXEX,2.4501133,2.6327927
COHJOA,3.4033282,3.0575
POBMEB,2.7970583,3.0302856
DAJROY,3.8996637,2.7038603
OVEZAS,3.145364,2.988037
LOPSUE,3.632448,2.860439
PUJPEP,4.192458,2.8945131
BISHIW,3.7143543,3.0654562
LIKCIS,3.1026423,2.7039316
VELROT,4.380761,2.866978
ESEWUU,3.31217,2.989143
YASWOE,3.6509516,2.9838016
QARPOQ,3.1845486,3.0187342
IDAJII,3.2582915,2.2557845
PATDUM,2.4373238,2.2738767
HACQAG,3.281149,3.0482378
SOTHAM,3.4185665,2.9259229
BEQRAS,2.5845375,2.785761
UWASOB,5.0656714,3.1063745
IKABAX,3.50782,2.8837783
ITUVEA,3.2920334,2.9261124
AGOCEF,2.3102467,2.3820117
LOXVOL,4.032183,2.783349
ZIZKAW,3.9832027,2.8766499
CUJHAS,3.2841423,2.8544388
RIZYIJ,3.6022434,2.848192
CIBGOJ,4.0498705,3.1139987
COCQOB,3.3970695,2.78488
MESYEP,3.618026,2.7999537
YIDMAA,3.2003312,2.6116247
XALFAU,5.193293,3.3600395
HUJDIB,3.5997944,2.4425488
LIMPUU,3.5037382,2.7020235
TORYOQ,3.5853722,2.7403808
NUCLUT,3.880888,2.7206545
REXRIV,3.8697312,2.6866865
QIRYOG,4.3415766,3.0660353
MINXOY,3.51299,3.2707524
TATVUF,3.1230507,2.8672564
ZIBYUH,4.280351,3.04352
RIFKUP,3.4680912,2.7320385
WIVYUX,4.832742,3.2441401
ZIRCAH,3.1165202,2.871025
ZIZJEZ,3.1118941,2.9012132
LIRQAE,4.3682437,3.0911825
LUVTIH,3.2367945,2.5696058
FUVNUH,1.9970436,2.3790047
DUZCUY,3.2664547,2.5911646
ROKFIG,2.183986,2.1561108
BOCQUI,4.8498855,3.1485274
WAVJUB,3.276523,2.8135262
EFUGUJ,2.5703876,2.8875723
TEJDUK,4.1785803,3.1052687
XOLDEJ,3.8310912,2.4863057
QARPUW,3.1674054,3.03564
WICCOD,3.869187,2.6824505
PEYBIG,1.3415214,1.2564272
CUVQOB,4.043068,2.738432
CIRYEJ,2.5205908,2.325471
SIQMOX,2.5396388,2.6582754
VEGCUI,4.6332827,3.178523
XETNEP,3.689592,2.7624955
USOCIQ,1.237846,1.6693821
TASCOI,2.3336484,1.8379736
TEVSIW,5.1873064,3.0488434
YEYSOK,3.5557117,2.8257167
IJOCAN,1.9616688,2.709232
PAXWAP,3.1812832,3.0388002
EMEXUR,3.2117598,2.9129856
FUCXOQ,2.679233,2.55188
SOLRIX,3.0784242,2.4456918
YEWVUT,4.796551,3.2362247
AVUJOS,3.6580267,2.5940099
REWQOB,4.0158563,2.791682
FIMVII,4.1589885,2.9717343
FIMSIF,6.445561,3.2407663
QAJLUL,4.433279,2.9501412
EQEBOT,3.5211535,2.8276503
INOYOA,3.1189692,2.732902
POYHOB,3.0642743,2.8416283
NOWMOB,3.126044,2.646883
NURYAB,2.1744618,2.5831149
IRUMOY,3.7260551,2.7762017
RIRFUV,4.0226593,3.0971825
QEDYUT,2.452018,2.1487107
XORGES,2.7668538,2.8448634
YERFUX,5.606362,3.1430593
AUDETC,1.0484548,2.4354806
JUCBAK,2.3905203,2.5514996
XEGHAV,4.394911,2.880558
HOSHEE,3.6452372,2.8408527
COBRER,3.9331338,3.1361215
YUWXAP,4.261031,2.9831424
RUPHIV,1.5298241,2.0495977
CAGQOR,4.406612,2.9805353
EJANIN,3.4765267,2.595691
GUMSOX,4.70376,2.9700816
TEVTUJ,4.746754,2.9293656
VUNPEA,3.16414,2.832164
QANBEP,2.4536507,2.4614165
RETWIW,2.8245418,2.5275779
BAZPUQ,3.0128448,3.736636
YERXUR,4.8256674,2.9657235
KUGLUT,4.99982,3.520418
TIFSEI,3.7508175,2.9869137
QUBJUT,3.2422366,2.956082
HIMLUN,2.3189542,2.127016
ICIHIO,3.5646915,2.720255
YOSVOT,3.7812943,2.9840589
ULORET,4.7070255,2.843029
QESSAI,2.7684865,3.1895576
DEGPIO,4.5600843,2.9419436
DENCOP,3.283598,2.3514292
HOCDEJ,4.4123263,2.759623
ZUKPIG,3.8275535,2.9037924
MEFCAB,3.319517,3.0004134
QARQOR,3.6610198,3.1066196
KOLWUG,2.538006,1.8606775
RIFKID,4.8430824,3.0616713
YUYHAC,2.774473,2.158011
PICMOE,4.0438843,3.1269798
PIHYIQ,5.7875896,2.9665685
FEYTEI,3.1918957,2.552063
HIYJAB,4.077626,2.9100044
FETBIS,3.8172133,2.84952
AXESIG,3.6044202,2.6922324
CECTEM,4.7328763,3.340713
LORCIG,3.331218,2.4558852
COBRAN,4.8643074,3.0812793
EMIDUB,3.1608746,2.8210795
LAHMAJ,2.6084836,2.8508272
EKALUY,3.5021055,2.8840122
GEXLUT,3.651224,2.9727752
WIJXAO,4.45913,3.0714142
FILBOU,5.517925,3.2577236
IWASIK,3.2944825,3.0370934
BOJJEP,3.5285006,2.8882804
WAWJEM,4.5867515,3.1422822
PAPQEC,2.5807278,2.4605868
UPEHOO,4.596003,3.3088727
XIZDUI,3.3660486,2.261157
JINGIX,5.317649,3.2763364
YIDFUP,3.8656495,2.4073567
INENOF,1.4582582,2.064433
XARXUL,4.2746367,2.9396777
MOMCIC,3.532038,2.7709475
MUWCIS,2.5137877,2.3055058
QEHNOG,3.7265995,3.036215
DUGSEF,3.3222382,2.5070503
REHQED,2.8756993,2.9495478
DEGZIZ,4.2066083,2.8347604
PIQMEJ,2.2394972,2.2179456
YUXBAV,4.213139,3.5599601
GUSCOO,2.1069777,2.6721117
YOLNIZ,3.5665965,2.884262
LEXXOB,3.692041,3.0969307
YIDLOP,3.2879517,2.2211614
XOLCEI,3.997897,2.9085965
SAQVAI,6.0613365,2.5655339
IWABEN,4.1383076,3.002335
XEGGIC,4.8806343,3.0767853
RECTIF,3.8993917,3.0915496
WAVGEI,4.4724636,2.9545095
LUHFEB,2.8593724,3.1085603
MUWJOF,3.229175,2.7381885
SUQWAD,4.055041,2.9835997
LEXXUH,3.0751588,3.0615878
CIFVAQ,2.8503928,3.0062308
KIRNEH,4.16307,2.9729338
VIXSUR,3.6193864,3.009972
NICWUS,2.6291642,3.081045
NELNOK,3.9350386,3.2191236
PABQOY,4.2934127,3.0406375
QEPYUH,4.086606,3.5370634
BUJXEJ,4.785394,3.26171
EBEZET,3.5421062,2.8506045
HINGAP,4.367972,3.0611482
ARUMIL,3.4163895,2.7486045
KIMGIW,4.349196,2.9246233
CEGYIZ,2.9937968,2.333049
YULHES,4.404163,3.7125301
OZEKAG,4.4838924,3.0511513
XOXTOU,3.907555,2.9283946
LARRON,3.3818312,2.766485
FIMTEC,6.445833,3.2690532
ROHCEY,4.6898823,3.1085498
NEDNIU,3.9987133,3.0774932
PEXSER,3.3772051,2.5541437
HADZAN,3.1891744,3.0688548
QALYEH,4.736958,2.793019
KUBQEE,3.797621,2.690883
KOMKIJ,3.5935357,2.6197884
CUBVEB,2.2133741,2.3824415
JAKGEK,2.8971963,2.016796
UDAHEN,1.799489,2.7496567
BEVDAJ,2.793249,2.1409268
VEJHOK,3.2204676,2.5516427
GUVKIT,2.7736566,2.277594
XUHREY,3.3867292,2.6421578
ACONEO,4.378312,2.5085464
KEXXIX,3.8757176,2.5390735
QUGVOD,3.302646,2.4804773
IWEVAI,3.7002044,2.599917
LUWCIQ,2.8275352,2.4092152
KATJUN,3.321694,2.4756536
BEFLON,4.788932,3.123511
KUJWIX,3.1388333,2.021258
ZACNUP,3.5494533,2.2428288
FUHPAZ,5.9299054,2.9912586
LITKEH,2.731207,1.9508946
BOVJEB,4.0838847,2.4230707
ROPQIW,3.6308153,2.76009
GITZUH,3.4738057,2.5045881
ZUWLAE,4.2079687,2.5117397
AQAMOV,3.6836054,2.5730145
HOTCEA,2.9725718,2.3474514
DUSFAA,4.619133,2.8939636
JAMMUI,3.723334,2.7397363
LAXJEC,1.4261488,1.829226
QUGVAP,1.4756734,2.5098531
CIJPOB,2.834338,2.5976698
FEHXOH,3.5557117,2.543011
WAXHUA,3.8915002,2.534364
DENZUR,4.5715127,2.6126423
WIJGAY,3.1842763,2.2770374
TUQRIG,1.5118647,2.6885865
OWUHAQ,4.5102873,3.009307
HOQBIB,4.1007557,2.74254
UPUDEP,2.9042714,1.9250152
KAMWED,3.8158526,2.6769369
KEXVIU,3.9799373,2.9879816
LEHGAI,3.4645536,2.4045439
HUBCUD,2.7644048,2.0083292
KEXWOC,3.7723145,2.5191689
ZUKPEA,4.0784426,2.5312514
ZISXOO,4.5037565,2.9138062
EWOLEH,4.8273,2.9232013
BAKVIT,5.107849,2.7322202
DAWQIB,5.0422697,3.1214077
BULZAJ,4.1930027,2.726249
ISOSAM,2.9731162,2.1562822
WAPFOK,3.6800678,2.6627288
QOPGUY,3.2297194,2.232428
KICYOM,3.7652395,2.853631
DAMVOF,3.565508,2.422232
LEKSUR,3.0479474,2.2634354
NIMFAR,4.844171,2.9559166
IZUQEB,2.999239,2.3795593
QIQXAR,3.1946168,2.538806
UJEROQ,3.7886412,3.2445092
CUSBIC,2.736649,2.6189353
MUGKOP,2.9603267,1.6603508
BEPQAO,3.3842802,2.7701335
TUBJIJ,3.317068,2.6580245
BOMMIC,2.3758261,1.8656023
CIJPUH,3.7456474,2.3485665
WUQLIE,3.0329812,2.1243374
FADVAI,4.1274233,2.7700245
QABYAT,4.99982,2.6840596
BOQTOR,2.8708012,2.4523213
IDUGOE,3.3486333,2.5776067
YOMYUW,3.5238745,2.8253098
XAWXUP,3.8936772,2.6093183
WOGPUE,3.6953063,2.4177642
ONINIK,3.1325748,2.091008
GUHNUT,3.2332568,3.0247588
ISORUF,3.0574713,2.2051587
RIYHOX,4.09613,2.765102
YULFAO,2.8860397,2.7403932
UGUBII,2.7249482,2.1770205
BEJLEH,4.158172,2.7022374
ZESZUV,3.3679533,2.321907
UPITOE,3.223733,2.2996602
MARJUL,3.9736788,2.5063841
ROMFIK,3.9557192,2.7364504
PHGMSP,0.879472,2.4528406
AXODEW,2.6947436,2.0921783
ICIYIC,2.007656,1.6481879
WOHQAL,4.6330104,2.6004136
ISICES,3.0748866,2.79242
ADOKIO,4.587568,2.7676475
ACUFOW,2.2367759,2.1028624
OCULUW,3.1339355,2.0010593
IROMIL,3.3750281,2.5850809
AMODEL,4.0716395,2.6498618
BIBYOB,4.484164,2.9085333
LIVCEY,3.6245565,2.5304134
KIHMUK,5.2735667,3.059402
OCOLEY,3.1396496,2.1395023
ZASGOR,3.3399255,2.629169
MUGKIJ,3.0337975,1.72226
CIBDUN,2.4405892,2.594355
DAHYES,3.6191144,2.2826958
UPITIY,3.2201955,2.3042514
BUWXAS,3.408226,2.3489623
YOLJAL,3.3543475,2.717598
LAJGOV,2.9407346,2.5690799
EFIJEK,4.6542354,2.9481583
UPITUK,3.3562524,2.2602568
KATPAW,2.788895,2.5450778
KERYOX,4.1995335,2.6580954
IZUPOK,3.1965215,2.329215
YEXXEE,3.0237293,2.4858305
QIYYON,1.8590819,2.068612
EBUSIF,3.182916,2.6696343
LELPIC,2.879509,2.267589
KOLCOE,2.1951425,1.9849827
FAKHOR,3.5981617,2.8684056
CEGBUO,2.1975915,2.346962
UHABUA,3.4615605,2.6282134
HUBDOY,2.7739286,2.084056
ONEZAK,2.8052218,2.2728043
OPUKAM,3.2819653,2.0080636
MOZLIW,4.560356,2.6294744
NEGREZ,3.3679533,2.7610781
HOQBEX,4.11028,2.5025768
LEVVIS,5.874666,3.0749972
ERIBAI,3.768777,2.30768
HIRWEK,4.0041556,2.5406802
PUTKOG,3.0724375,2.238728
FOGZUX,3.0106678,2.1926942
CIBHAX,4.115722,2.523273
VAJKEZ,2.5807278,2.0917463
YUTVEP,3.9592566,2.3298416
YAYBIM,2.6046739,1.9208204
KAZJON,3.3135304,2.554168
NIRHIF,3.9617057,2.8410268
ENOREF,5.4020042,2.9555695
MASLIE,3.716259,2.2869608
ISORAL,3.0705328,2.2954276
DUWXAV,5.501054,4.8859706
ONOZEY,3.0250897,2.6682665
LELPOI,2.7516153,2.2860537
BEVDUD,2.6759677,2.0932317
ACUGAJ,3.4841459,2.2965024
PURWEF,4.727162,2.2180457
HOSQAJ,3.1358402,2.4316802
IZUPIE,2.138543,2.1819105
UPIVAS,3.1747525,2.352581
BOVLUU,3.4112194,2.0364714
BEJGOM,4.9935613,2.6615682
ILIFIS,3.6719046,2.4811854
AGEYET,1.3869643,1.7368592
EYOJAD,0.26340622,1.5251039
JEJGOU,0.8772951,2.797258
XOBCEY,3.5244188,2.7007415
QAPSOP,4.256677,2.6795347
KILHIX,5.193293,3.0002618
KALSOG,2.7429078,2.2221844
YUWCIC,3.9954479,2.8863225
BEJLAD,4.600901,2.770948
IQIQUU,1.6019343,2.7555249
NOQVUK,4.2618475,2.7067256
POTMOD,3.71381,2.5870464
GERLOG,3.998441,2.6912158
REPFEZ,3.7282321,2.5281217
FIPXAE,3.3989742,2.9513679
VOTXUZ,3.4403355,2.3674953
AXUFOQ,2.4316094,2.0779667
WOWGUM,2.9336596,2.2346525
LAYXOA,2.2952805,2.7856488
KABZAO,3.704286,2.8931448
VORPAT,4.2814393,2.7177248
IZUQOL,3.2748904,2.337476
OJIZAI,3.6036038,1.9621413
CAGSIM,3.5260515,3.1393194
LADJOR,3.649319,2.7343774
LEGPOD,2.5565097,2.2292235
HUZWUV,3.5434668,2.498839
FILFAI,3.4201992,2.248702
CINVOL,5.0659437,2.6895032
ENORUV,4.2738204,2.733731
MEFYEC,3.6226518,2.4043264
AQEFIN,2.4120173,2.7242713
YUWCEY,4.2713714,2.863329
HEHKAI,2.4618142,2.3818984
RUQNAT,4.6743717,2.7913198
YUTVOZ,3.1467247,2.1129508
IJUBEU,3.5524464,2.6117954
KINZAI,3.3306737,2.3859186
XERDOO,3.4762547,3.0431461
OPAFUH,4.4232106,3.0778236
CIJQAO,2.490114,2.5022843
LAMLAO,4.055857,2.6389163
PHCVHG,3.0237293,2.0620046
JADDUQ,3.7274158,2.3291821
YOMYAC,3.3581572,2.7285995
LIGJER,4.9592752,2.9676723
IPILID,3.3442793,2.5304933
FIPMIC,4.8196807,3.1675758
MASLOK,3.6702719,2.2037525
VOVSEG,3.4117637,2.874279
TILNEJ,3.859663,2.5763578
ISOSOA,2.8626378,2.1595228
XEMTUG,2.6778724,2.4859908
RAWJIK,4.5334167,2.9062524
MESWIQ,3.6544893,2.8127663
XUYROY,3.8498669,2.6082985
FAYKEW,3.434077,2.3064716
QANMAT,2.9399183,2.2258563
YOWYAM,3.1886303,2.526998
ELEXIE,2.79597,2.5334828
QARNED,0.24054866,0.7698498
NESRUA,3.228903,2.602082
DONWIM,3.804696,3.0868824
MAVTAF,3.959801,2.595941
YIYWIN,3.7178917,2.7234833
SEDGEN,2.5442646,2.2132301
CECYOZ,2.853114,1.4637444
KEVYER,3.2604682,2.650334
HEQZOV,3.7872808,2.6865668
KAPDEM,4.053408,2.6644237
CIFBOJ,1.787788,2.8094122
ACUGEN,2.779371,2.0268044
OCOLAU,3.0762472,1.6761521
YEVQUO,2.9189653,2.4117148
VAJKUP,2.2101088,2.2820516
XECVUY,3.8090498,2.424981
UDAKEQ,3.226182,2.2007568
OCORUU,1.8672453,2.5277736
VAJKOJ,2.265348,2.3604338
AQEFOT,2.8898492,2.7512627
ABAVAA,3.206862,2.6621995
LEQROP,3.7206128,2.408463
CEZTUW,4.0808916,2.6159759
SUHDUU,4.3459306,3.0740983
XIPCAB,2.9791026,2.2334561
KEHCAC,3.429723,2.5046778
MUWDOX,3.6251009,2.7518835
NASLID,3.2302637,2.4604716
BECHAU,3.161963,2.8077352
QEZPUI,3.0294437,2.2974815
WAZZIJ,4.024292,2.6536283
XIYCEO,3.9472837,2.2490475
QOHZAO,2.349159,1.5656174
YUTNOS,3.274074,2.3433042
LADJIL,3.5355754,2.6469364
LEHMAO,4.5285187,2.7971392
HOCMER,3.14482,2.620277
HIXMUY,2.688485,1.9893174
SUXVEN,2.3967788,2.6318223
HOCMAN,3.3361158,2.5392153
BUCNUJ,2.3208592,2.5014741
UFENAX,4.098579,2.7337406
ROBKAU,4.4702864,2.91757
MIRKUT,3.711633,2.7749853
BEFLIH,4.6183167,2.7385187
XUBMEO,3.4280903,2.29136
HIYMAE,1.9047971,2.2944074
XAKYAJ,5.6036406,2.862758
PEGXOP,2.612293,2.3234456
UCEYAD,3.331218,2.6132364
LAQGEP,3.7393887,2.9541824
POBKEX,1.8060197,1.9676164
IJAPUE,4.1238856,1.5597172
POLNEM,2.8302562,2.8184142
CEHDOL,2.8571956,2.264606
XIYBUD,4.4101496,2.3489447
SITYEB,2.7257645,2.6434011
FOTMOS,3.1875417,2.2476914
VEVGUZ,3.8338122,2.68873
NEBCAA,3.9355829,2.6550593
XINWAS,2.963592,1.2809291
GUTLAJ,3.0580156,2.4680476
NOBPIG,2.994341,2.7803319
CEHFAZ,2.6683486,2.0994945
IQIJAU,3.9804816,2.5011895
LOMPEK,3.6836054,2.458361
HOYLUE,3.1954331,2.1904178
JADTEQ,4.56471,2.5130312
XAJCAN,4.193819,2.461418
ZIYXEK,4.2683783,2.6288784
LITJUW,2.7450848,1.8876688
KAZKAA,3.252849,2.562965
KIQKUS,3.682789,2.2372832
MIKZUE,2.8430457,2.2778678
HOQBUN,3.71381,1.9535615
HIRTUX,3.8082335,2.5534005
DULQIL,2.9314826,2.202407
DOFNIW,3.0084908,2.7099288
FELZEC,3.369858,2.8569562
YUTNIM,3.3497217,2.2881086
HOCKAO,3.0601926,2.6153212
MIJNEY,1.9200354,1.6591146
GUTLUD,3.269176,2.5559847
UDELOH,4.456681,2.7040646
DECFOI,2.9363806,2.2567134
CEKJEJ,2.6514776,2.3522568
UJECER,5.06676,2.5163658
BAZXAE,2.1159575,2.1285722
UWIGIR,3.6713603,1.9742512
MASLEA,3.732858,2.2555041
QULQEV,2.6158307,2.3900573
LECROC,4.6106973,3.1765952
QATXUG,3.618026,2.698754
XIPNER,3.4136684,2.2331934
LAWTUB,3.8090498,2.7837117
QUGVET,3.1576092,2.6962883
RILHID,3.2705364,2.5114079
GEQXUW,2.903727,2.458737
ZAVXUS,3.8520439,2.1530268
YIMNIU,3.7244225,2.1780188
ISOQIS,3.1135268,2.2178535
BECGUN,3.6830611,3.0542994
FIJQIZ,4.167152,2.8438983
KIQRUX,2.7954257,2.6668196
CUDWIH,3.1848207,2.253282
PAYREP,3.1031864,2.1659412
BORCER,3.3750281,2.589941
BOBZUO,3.3448236,2.3160348
YUGHIT,3.4855065,1.8679953
DUVTUJ,4.0710955,2.559941
IGOPOJ,4.480899,2.554667
TUTLEB,3.1891744,2.3733876
IVOKIP,2.9298499,1.6200596
XULREC,1.8566328,2.2174835
RUKFOS,5.2060823,3.2126641
ERIBEM,4.636004,2.6398077
ZONTUU,3.0365186,2.176352
QODDEU,4.2678337,2.54116
BUKYIR,2.865359,2.3089216
LECRUI,4.587568,3.006679
EBAGAS,4.7900205,2.7948995
UFENIF,4.598452,2.6896677
YUTNUY,3.4520364,2.395561
KOCYIN,2.425351,2.0418463
QAYZAR,3.5524464,2.4393153
HESMAT,4.2104177,2.8371372
LIDMIU,3.594352,2.5751176
VUWGEZ,3.699932,2.7256746
HUKTAJ,3.4879556,1.5999998
CUBYON,3.8245604,3.0194085
RUMFEL,3.0544782,2.3038766
CUSBAU,3.1007376,2.831563
QOTJAL,3.4006069,2.4409356
AGEXIW,1.4090055,1.6118869
TEYJIS,3.4901323,2.1555858
CIFBAV,2.8169227,2.9015899
AXUFUW,2.4316094,2.0682688
EMINUL,2.425895,2.2520435
AGEZIV,3.8234718,3.044184
CAZQID,3.6531286,2.6019597
VIYKIY,3.3774772,2.536741
YIJREQ,3.336388,2.471375
COTSAH,2.6433141,1.6475658
WAPFIE,3.2332568,2.7524831
WOKNUF,3.615849,2.6909308
KADQOX,3.5652359,2.5467205
POCFAP,3.6188424,2.676396
BEVCIQ,3.0343416,2.30606
VIYLAR,3.5810184,2.7504678
WOPKET,4.877641,3.0174592
NEWZAQ,1.8495579,2.3909416
XOYWOX,1.993234,2.247087
ZAZVIH,2.9486258,1.5777817
QAPTEI,2.9494421,2.0329223
BOCXIC,2.249021,1.9170344
BEVDOX,3.0550222,2.1830828
POTMUJ,3.4033282,2.7861848
YUMBEP,3.6697276,2.439408
EFUKEX,3.1026423,2.5472188
QABSUK,3.7597973,2.987078
LELPEY,3.2702644,2.5326016
ATAWOJ,3.651496,2.3807685
CEWBOX,4.0517755,2.8461998
POCVIO,0.12245124,-2.096486
ISICAO,3.4376144,2.652035
UFENOL,4.643351,2.7626276
ISOQEO,3.2588356,2.322352
BACBAI,0.33796543,3.0549328
OBOGOD,3.7336743,2.4381418
JUHYOA,5.7103095,3.3338447
LEKSAX,2.7083492,2.0682645
CUDQUN,3.0079467,2.0903277
XISCEI,4.8790016,2.9503727
ONINUW,3.1227787,2.1517026
DUKLOL,2.1238487,1.4290878
CAPDAY,4.308107,2.6936884
QORKIT,2.1959589,1.9623082
IZUQAX,2.6890292,2.1756756
XANGEB,3.3799262,2.2486289
KEZBEX,1.9744582,1.7512009
MEPHUN,3.159514,1.793965
VULMUM,4.908118,2.9765747
BEVCUC,3.085499,2.2682703
RAQZUG,3.6844218,2.59915
RIPPOW,3.4871392,2.5530047
LIYLAG,2.5554214,2.3951983
UYOCES,2.8046775,2.3165011
IHOLEW,3.4427845,2.6178231
SUPHAN,4.586479,2.9384687
TEDPOI,1.8062918,2.5696821
KOXRAS,4.686073,3.3597074
TORNUK,4.280623,2.6282876
JACGAV,3.0084908,2.8728132
BOTYEQ,3.1921678,2.2822235
KOPRUC,3.8694592,2.9256954
HUBDIS,2.7856295,2.1870778
XENNUC,3.362239,2.6849961
VUDJOT,4.149464,2.6449142
GEMRAS,3.2942104,2.5952082
DITCOY,4.7179103,2.9602642
SAVQOV,3.286047,2.234745
AGIPEM,2.5233119,2.149744
SOHMAF,2.5973268,1.3271694
WIYKUM,2.5899796,2.457863
ENUHEB,2.8525696,2.0143852
OHAPOE,4.108375,2.5443292
HIMQEA,4.7451215,3.0865111
MIRLAA,3.6931293,2.7503567
CERWIG,4.3151817,3.1458638
VUVNOQ,2.9986947,2.4686995
HOSPAI,2.721955,2.2472556
ISOSEQ,2.9731162,2.178173
YOMYOQ,3.4933977,2.654766
OBOHUK,2.0473847,2.3207963
QUMSIA,3.8014307,2.407382
DEBWEN,3.527412,2.4428797
WAMZAM,3.5521743,2.8481672
XOTPIF,3.823744,2.3845367
DUHKOH,4.4202175,2.7359111
DANBAV,4.198717,2.9250922
ETURHG,5.3761535,2.995526
SAJVEF,1.9140489,1.9728512
AHIKAD,3.1491737,2.9620814
CONZEL,4.173138,2.6877022
AXODUM,2.538006,2.242988
GINVEH,2.760051,2.3007107
MAVHIB,2.4980052,2.0988817
ITEGOF,3.4762547,2.8816018
CETYAC,2.7535203,2.1090813
LAXLAY,5.5334353,2.7752044
LENZIN,3.8270094,2.825997
MUSHOZ,3.1265883,2.0483675
LITJIK,2.6220891,1.9331667
BERBUY,2.9197817,2.1142879
NELTIJ,3.5769367,2.482992
BUHVOQ,2.6220891,2.3659596
DURWIX,3.9900055,2.7555647
RETXOD,2.997062,2.3453875
OQIDOI,4.191914,2.4877539
FOJZEJ,3.286047,2.441806
CIBGUQ,3.8710918,2.523325
ZONVOQ,3.1459084,2.0095925
YUGHEP,2.9410067,2.1018865
BESPAQ,3.742382,2.613786
PAKSAV,4.014496,2.762871
BYVHGC,3.9470115,2.625076
DOFNES,1.8560886,2.5281205
VAMRIK,3.589182,2.4666045
NOHZAM,3.0754309,2.3194268
ZAKSUC,3.2340732,2.332419
RODVIQ,3.324143,2.311951
ADOLEL,4.1576276,2.730166
GESDAJ,4.6354594,2.7945597
AGEYAP,1.3839711,1.7515771
CBPPHG,2.3121514,2.75206
KAHJUB,3.653945,2.3035593
ATADEE,3.5407455,2.610994
CIJNUF,3.1320305,2.1483417
LASRAZ,3.8256488,2.089932
PUTKUM,3.0196476,2.151035
RULBUV,4.2123227,2.2244453
CEKHOR,2.677056,2.3528132
BORCIV,3.3567965,2.7147794
ZURXAL,1.8103735,2.4828072
NEJGIV,3.3562524,2.7632475
KOXROG,3.7657838,2.9190865
CEWBOV,2.7023628,2.1249497
YAKREI,4.1312327,2.9859087
JESPIG,2.7355607,2.8760047
BOCBAX,3.3494496,2.3618639
LIYMEL,4.296678,3.0121026
CHGACA,3.9483721,2.8121395
GURKUA,3.3056393,1.8399057
AZIWUC,2.9494421,2.2053657
IBUWEJ,3.4087703,2.0436969
CEKFON,3.1927118,2.5602343
UYUZIZ,4.2242956,2.4451547
ZASGAD,3.7010207,2.6117754
FAYKAS,3.723606,2.2977223
MABVAN,3.5162554,2.031857
IZIWUL,3.448499,2.7759051
IPOTOX,3.3437352,2.5812798
NESROU,3.2468626,2.5132475
ZUYGAB,2.5314753,3.0826716
ICAJON,1.9943225,2.08596
IFAWUH,3.4305394,2.6780345
FAGHEA,2.774745,2.6002016
OQOJUA,4.3244333,2.739745
QUKDUW,2.59515,2.6799455
LERSUY,3.429451,2.3860161
QAPSUV,4.2335477,2.701831
ZATKOU,3.670544,2.3069777
ZUHZOT,3.4310837,2.490193
LAPCEN,3.0332532,2.3796196
OMUVEY,2.619368,1.9442786
QAPTAC,4.2482414,2.6582556
YOLLUH,3.9793932,2.6116955
WERJIM,3.3298573,2.7029865
PANCIR,2.5894356,1.9436026
LEKTEC,2.7186897,2.109171
LALMIV,3.3559802,2.2004368
VIWQIE,2.925224,2.8178277
HAVCEO,2.3788195,2.1085792
YIZPIH,2.6302526,2.789818
MBPMHG,4.5298796,2.6513364
HOSPEM,2.7208664,2.2496686
BUDCUZ,2.4076633,2.5396523
YAZXED,2.9031827,2.1646116
VIGBUL,3.9704134,2.7742124
UNOCEG,2.953796,2.1457973
YOMXUV,3.3165238,2.7330406
KEKFUD,3.6724486,2.4807901
UQUQED,4.151097,2.6244285
POLKUW,4.3301477,2.6409287
CIJPER,3.2131205,2.7486835
ROSDOS,2.7516153,2.5644085
IXUKER,3.0746145,1.8949745
RAJMAR,3.7072792,2.3134303
ISERUU,3.905106,2.5042317
PAQZAJ,3.5984337,2.7329485
XECHAQ,2.7241318,2.4002378
CEKHUX,2.8525696,1.9658213
SEGSAA,2.9763815,2.1506531
MESWOW,3.1842763,2.3686678
VAVSEQ,3.5714943,2.79745
ZIGPIQ,3.0501242,2.2203681
IQOGOK,3.183188,2.598929
DOPPOQ,4.115178,2.3757722
VAVSAM,3.5440109,2.8357809
IRETOP,2.6898456,1.9106665
TACSUM,4.217765,1.5705142
QEKJAR,3.7361233,2.9074788
VAVGAA,1.6683301,2.7142568
EMIFOX,2.430793,2.2591848
LIFFEN,3.6264615,2.3763025
NAVQUW,2.8756993,1.9248799
FEYCIW,4.3192635,2.7169874
GIWZER,3.3497217,2.4821088
VEZVED,3.8708198,2.3882103
OCIVIG,2.750799,2.4263473
BUSGEC,3.1861813,2.005914
OKOWUG,4.078715,2.6749234
XOYTOU,4.5540977,2.7672725
YEPTAO,1.9584035,2.3798876
LITJOQ,2.752704,1.9076321
KUJVOB,4.1883764,2.6746294
JUBSUU,3.7796617,2.5372648
LOTFUX,4.631378,2.9134862
HIVVAL,2.8297122,2.0727534
CIDNAG,3.1951609,2.0186496
ODONON,4.2580376,2.7826715
SARPUX,4.1312327,2.6396139
PAMNEY,2.9342039,2.050165
TOSBOS,3.9159906,2.5189433
BEVDEN,3.0460427,2.260236
GOGHEQ,2.9350202,2.1174738
MUHRUD,2.186707,1.8721529
METZUG,3.5089083,2.4575422
EKODAK,3.7083678,2.4954839
OBUMAA,3.7851038,3.0627084
TUDKIM,3.407954,2.5854404
ULAXIP,3.2852306,2.308646
IBAFIC,4.854239,3.035864
GAKDIF,4.892335,3.0493157
BEHLUV,4.1867437,2.950694
ZISYAB,4.26865,2.8445156
RICLUK,3.6280942,2.6960905
REJTEF,5.068665,3.1260767
NAQQOL,4.234364,2.9207637
FOTMIM,3.0963836,2.00696
SOHMEJ,2.5959663,1.4864519
VAXKOU,2.281947,2.8868394
VAQGAY,4.5350494,2.7345903
ONEZEO,3.1962495,2.3036644
CIJNOZ,2.2473884,2.9154058
KIYKAE,4.2019825,2.6968374
XAJBUG,3.4947584,2.470723
LAYCAR,2.894203,2.4716544
ISOREP,3.1127105,2.2410154
CEGBAU,2.762772,2.3272119
DUMKUS,6.309504,3.2211347
MIRLEE,3.7295926,2.7748168
RIZLOB,3.8085055,2.7988334
ISOROZ,3.0357022,2.187559
OQOKAH,4.2351804,2.8044586
BOQTIL,2.9714835,2.4752939
DELFIJ,3.4373424,2.458952
MODKAS,3.5026495,2.1706781
HUZMEV,3.36496,2.94228
KAFFIH,2.68141,2.085899
TEYBUU,3.8915002,2.7062445
NEGRID,3.3782935,2.7483618
BOQVAF,2.4416776,2.5862255
GAJGEE,4.9720645,3.0754008
VAVQEO,3.974223,2.9088972
MIGHAN,2.9284894,1.534811
POZYUA,3.7301369,2.6371367
HUBMEY,2.6444025,2.137817
IZIDEA,3.7900019,3.3285885
XAKMAZ,3.3524427,2.2228558
IJAQAL,4.508927,2.7224574
SODNIK,3.5143507,2.5179465
NINHUO,3.6465979,2.0221782
NALNUL,2.8090315,2.305499
SEGRUT,2.9712112,2.163344
SODXOY,4.213139,2.638276
NIMDUJ,4.806075,3.0985744
ERAYAZ,4.204431,2.3123317
RIMLAD,3.754083,2.9743536
WIHLAB,3.2204676,2.3667328
QEZPIW,3.0098515,2.346417
NASKUO,3.5002005,2.393597
EFUKIB,2.7869902,2.3889222
GIMKAP,3.2808769,2.2005148
LEQRIJ,3.723334,2.4039917
YOLMAO,3.637074,2.546346
AHOQOE,4.0765376,2.3946059
HUBMIC,3.085499,2.304634
VAJKID,2.7880785,2.5773332
SICMEW,3.5042822,2.683111
IZIDOK,4.6158676,2.8662715
HEDTUF,2.9695785,2.158692
MOSBOL,3.9578962,2.8560643
VOBJUS,3.8319075,2.6974473
CURZUL,3.3110814,2.354084
BIJBOL,5.18649,2.9004016
VAVFAZ,3.8514996,2.7567298
TEYFEK,3.4351654,2.4283218
IBAFEY,4.729339,2.659184
KIYBIE,4.1448383,2.6088157
GUTKUC,2.9246798,2.2992709
VUVNIK,2.9121625,2.2899876
IXEYEQ,3.9870124,2.7433918
LIVKOS,2.6207285,2.2510207
CIYFIA,4.5418525,3.1948287
EZIKUT,0.5741603,3.2103624
XEKZIX,4.258582,2.891394
VAYHEK,4.1649747,2.6791315
QIXSAU,2.219905,1.9456688
GEXMOO,3.551086,2.2016077
SAJVIJ,1.8873818,2.1374617
HEHKIQ,3.1059077,2.776148
GIMQOI,3.7660558,2.645049
PAQFET,4.2335477,2.768016
VEGSAD,3.663741,2.532451
GOLVUZ,2.5377338,2.496326
MUJMUZ,1.9567708,1.8244026
DIXNUU,3.001416,1.958793
MAKDUX,4.6308336,2.88315
VIRKIS,3.317068,2.7241356
LOMPAG,3.8411593,2.651917
QOTLOA,3.2384272,2.4159555
WUXJUV,3.837894,2.628205
OWUHEU,4.659678,2.9583704
GOCSEY,3.63272,2.3950856
NUTLET,4.438177,2.892451
BONJEU,3.3235986,2.7671602
QIXSUL,2.2433066,1.9565098
MASYIO,3.5391128,2.8904548
ZEVMEU,3.6055086,2.5951347
ZASFEG,3.5630589,2.6227772
QETKIJ,3.3486333,1.9260619
ACUCAF,2.6180074,2.3419213
CEKJOT,2.8321612,1.9664037
MIJYEL,2.1061614,2.4718056
CUYCUU,3.773131,3.0260606
JUTKEO,3.2395155,3.1506567
MASLUQ,3.6446931,2.1061072
GEXMII,4.0808916,2.2357311
HAYQEE,4.136675,2.7982197
POHTEL,2.4838552,2.7984412
PODSAE,2.6506612,2.4999323
VAVQUE,3.7431984,2.9970827
NINFEW,3.0114841,2.2933865
YACGUF,3.505643,2.4092283
DURROY,3.6765304,2.3571942
POMGOO,4.2193975,2.6916883
QOTBEH,3.902385,2.5629847
HUBDUE,2.6727023,2.1794155
MILTOQ,4.0642924,2.6629512
IZUPUQ,3.0920298,2.4125676
DICMEI,3.8066008,2.5967054
LAXJIG,1.4294142,1.8583806
ZEDDUJ,3.3804705,2.8978786
PUQKUH,4.194907,2.5984106
VAVQAK,4.9726086,2.8425395
FOQQEH,3.548909,2.204359
NOQVOE,4.1663356,2.9873695
BOVTAI,3.4114914,2.5961313
FIDWIZ,3.0667233,1.8918126
DIDWIW,3.3491774,2.6019797
LEKTAY,3.0220966,2.276064
VUJYUV,3.702109,2.4958956
SAGFOV,5.2188716,2.809629
QAPTIM,2.645491,1.8571018
WOVWEL,3.0343416,2.2302308
EBAXEN,2.8038611,2.0589547
DEYMAV,2.5886192,1.9774213
POLKEG,5.4313927,3.2340865
VEZXUV,4.108103,3.0843518
PABWAQ,3.876262,2.7739012
HIMDOZ,3.0414166,2.166167
UWOVEI,3.651224,-1.1152463
BACCIR,4.901043,3.069873
YAXFOS,3.594352,2.6641788
TIXJER,2.7878065,2.3808453
CUXZEA,3.8727245,2.5931644
CUDRIC,3.063458,2.2782326
JIQHUN,4.604983,2.6921158
DAXJAN,4.0131354,2.5888603
IKUGAW,3.0846827,2.1221485
PEWJOR,3.36496,2.6725771
JUWNIY,5.3927526,3.2994318
FAKWEW,3.9399366,2.582515
LAYCEV,2.8876724,2.5794563
CAZQOJ,3.6313596,2.601535
RARZIV,3.1034586,2.1995876
YOLJEP,3.4084983,2.7137666
ECOGUZ,3.7151706,2.9633868
VARCIB,3.8256488,2.5864115
HUBDAK,2.8460388,2.0838795
NEKWIJ,4.556819,2.4519472
COYLOS,4.19654,2.6861932
POWQUO,3.319517,2.4209373
DURXIY,2.6966484,2.3535488
PHHGDT,2.0724192,2.3051486
ONEZIS,2.803589,2.30553
ZUFHUF,2.6531103,1.5588372
HOPPIL,2.631341,3.2183354
WUZWIX,4.7051206,2.8139768
PELBEN,2.837059,1.7575939
BPOHGB,5.130707,3.2303853
PIWGOT,2.9064481,2.2233152
NUCFIA,3.5938077,2.4901476
AVESUP,3.2128484,2.3007653
ATOGUL,3.0808733,2.428314
AVIZAI,4.2351804,2.486302
CIDMAF,3.1325748,1.9567075
YOMXOP,3.4523087,2.766387
GOKDUF,3.3116257,2.8512154
TEWZOM,3.0882201,2.2632222
EJOPOJ,3.0893087,3.158627
FUZLIW,3.326864,2.7193387
CIJPAN,3.658843,2.2709498
ISORIT,2.9241357,2.3027797
RINXET,5.460781,2.9192188
AGIPOW,3.3619668,2.4782279
CESZOP,6.1435146,3.3381398
CRPHGN,0.31483573,2.9304295
IKAHIN,2.1099708,1.5362409
OSAPOP,3.5222418,2.841981
POXXIM,3.096928,2.139352
ZUHZUZ,3.4142127,2.529084
OPAGAO,4.059395,3.0068917
ALIPOB,4.370965,2.8311834
QIQHIH,3.7173474,2.6392863
CAYBOT,3.6504076,2.165845
LIRKAZ,4.317086,2.714927
KEXVOA,4.3481073,2.7471986
QIVWIC,3.1265883,2.0818543
BAGTAH,4.2716436,2.6785767
MEJKUK,3.0909414,2.1259403
YAZXUT,3.5997944,3.0804722
WUSHEZ,3.2746181,2.53219
HUGFEW,3.5570724,2.514055
CIDZIZ,1.9080625,2.7496462
TUTLIF,3.061281,2.3320515
WEGLEZ,4.3282433,2.797636
CTSCHG,0.22884776,2.4883099
XIYCAK,4.6441674,2.648018
LAJCIJ,2.8376033,2.0204356
IZIDIE,4.3954554,2.887304
APULON,2.5053523,1.9917724
WEWZUT,2.5135157,1.5585018
XIYBOX,4.022387,2.481528
HEGHAF,4.4539595,2.8382883
RAFGUC,2.8288958,2.0052946
QEZQAP,2.9840007,2.2382936
KEXWUI,3.7720423,2.5119839
ZAFVEK,2.762772,2.5713403
AGESAH,2.5774624,1.795469
JUDJUN,4.188921,2.650368
BOVNEG,4.3483796,2.7536902
HECQEM,3.7886412,2.5094397
TUJXOM,2.6637225,2.228665
ROQNEQ,2.8079429,2.8774877
CEKJIN,2.6419535,2.3716102
ZISXUU,4.2264724,2.9225304
FUYWON,4.6330104,3.4365234
GUVQUJ,3.434349,2.69488
MIVJEG,2.4588208,2.1902568
EBUSOL,3.3467283,2.7000546
JOBBOT,3.7097282,2.8002691
LOGTEG,3.8294585,2.5799608
DAYBAH,4.767979,2.7778084
VAGNEZ,0.36163932,2.3870916
XORWAC,4.0596666,2.859489
TIRSIY,4.3559985,2.69479
XECXUA,3.8466015,2.4729903
FEHDIG,4.100484,2.472186
RUQHAM,4.052592,2.6047897
GUSDUU,4.364162,2.6335115
RAWJEG,4.4232106,2.9261317
OKEBEL,3.9764,2.6906855
LABSUD,3.0887644,2.657496
WIJGEC,3.3037343,2.7500782
BPMHGN,4.340216,2.7522223
YOHSUJ,2.7989633,2.2314901
KIQQIK,2.6245382,2.818609
ACHPHG,5.1413193,2.7886791
QAHMAO,3.0201917,2.02668
XIGWUG,4.2789903,2.9668508
MIKZIS,2.5728366,1.9273877
EZIKON,4.1589885,3.2838545
PAKSEZ,3.7823827,2.6982234
PAFXOJ,3.3412862,1.8875629
WEBZOS,3.8768063,2.6167815
DITCUE,4.2520514,2.7695932
SODZES,3.8993917,2.4272242
KAMWAZ,4.2188535,2.7364645
ERUWUK,3.553535,2.5645506
BUKYEN,2.8044055,2.317037
ZUCLIS,3.7282321,2.4726071
EXUGOV,3.62755,2.2313552
HAVCIS,2.485216,1.8731656
RORJUD,3.2947547,2.5552201
ONOZAU,3.0310764,2.5011823
ATECAE,4.227561,2.8978786
TAMNOL,3.9881008,3.3636518
FIPWUX,3.6446931,2.8800137
XINVIB,4.6686573,2.8770518
KUQBOO,4.2642965,2.8176665
NIMWEO,3.2735298,2.3669682
VOMPOE,3.4871392,2.4482224
MIYSET,2.6373277,2.3413897
DIYVEM,3.238155,2.6339672
DISPUR,3.2106714,2.9142873
IZIDUQ,3.7146263,2.7064955
LEHSAU,3.8898678,2.3032084
GAZGAP,4.5916495,2.723035
YEZTOM,2.0827596,2.7698152
KEJVOK,3.8419757,2.7733824
ISOQOY,3.1529834,2.323516
BOCBEB,3.2572029,2.2587447
BENMEN,2.939646,1.0810579
EMUPUZ,3.109173,2.5847797
BEVDIR,2.9219587,2.1464138
ABAVEE,2.841685,2.10881
PORLUE,3.6833332,2.7330732
BERZII,4.413415,2.8864994
POYZAF,2.3630369,2.1066945
ZIXQAB,4.3004875,2.946665
POMKAE,4.19137,2.5598273
BOQTUX,2.7214108,2.5991912
JETYUC,3.7361233,2.7165282
BEQVUR,4.1339536,2.5924096
CIDLIM,3.061553,2.3014078
LEQPII,1.9799005,2.2930381
LAJBUV,4.2580376,2.5533159
AGEXES,1.3964883,1.700945
YUCZUS,4.677093,2.783034
QAWVUH,3.7679605,2.5311804
YUTVAL,3.5211535,2.051999
ZOGMIT,2.6229055,2.2099066
GURKOU,3.1358402,1.9261014
MIXQOC,4.254772,2.7884228
YAQHIJ,4.02919,2.1936867
CIFBID,2.5102503,3.1511738
CUSBOI,2.9535239,2.0521145
RULBOP,4.0710955,2.3575993
SUXROT,4.528791,2.834423
IDUGUK,3.3421025,2.5000248
PATXUE,4.2719154,2.561639
OQIDIC,4.156811,2.407093
PERGOJ,4.1309605,2.863562
HIDMAL,3.2895844,2.3205159
NEBCEE,3.4112194,2.3146496
BENJEJ,4.354638,2.95834
XULRAY,2.77665,2.499485
EMINOF,2.435691,2.2525706
WONKOZ,3.8542206,3.1505783
ONOZOI,2.915156,2.0505683
LELPUO,2.4607255,2.1411464
OBOFAN,3.8087778,2.5698206
ICIYEY,1.1358032,2.234805
YUHMUK,3.9894614,2.284778
XUCWEY,3.1064517,1.9945827
BAFJUP,4.643351,2.7905564
CEHDUR,2.9233193,2.0961013
UJIKEE,1.7377192,1.3148308
WAHJIB,2.7804594,1.9206002
MOVDUY,3.140466,2.4878397
EBAFUL,4.4128704,2.5094798
TEGYAH,3.4177501,1.4315436
PEYHGP,2.8305285,2.0536113
EYAYUY,3.3069997,2.3073092
EMUPOT,3.1820996,2.6978583
BOLXUX,2.041126,1.9547244
UYUVUH,2.8650868,1.5557586
ODOPEF,4.6517863,3.0142565
VANDAP,3.037063,2.4434981
RAJSIE,4.33042,2.9843957
ONEYUD,3.1791062,2.2797718
ZIGPOW,3.4825132,2.2917538
KIQQUW,3.1864533,2.6889665
OPAGIW,4.105654,3.006112
DOFNOC,2.428072,2.7078366
YIJZIB,1.9850706,1.7542067
CIJPIV,2.8435898,2.6125312
NOQVIY,3.9056504,2.738209
HOLHOH,2.824814,2.19277
PORLOY,3.7097282,2.6496124
VOMPUK,4.007965,2.5299613
DEBHID,2.3837175,2.3092222
PUCDEW,3.006586,2.627883
TUTLUR,4.0155845,2.4163055
JAGLUZ,3.4223762,2.7138233
HOLHUN,2.8299842,2.0491905
VOXTOR,3.677891,2.6040404
NOJQOV,3.7244225,2.864587
POWGUE,3.8792553,2.7412639
FOPWAJ,3.5633311,2.6751597
BEFCAR,3.2082224,2.6224446
WOVWOV,2.8030448,2.0611212
VAGNID,2.7654932,2.4102502
KEJCUA,3.4566624,2.2465804
HUBDEO,2.8449504,2.1188033
VUYDEA,3.5573444,2.4552732
RIXGUA,4.4267483,2.5570235
TILREM,2.7864459,2.3357325
HEGGEI,3.80007,2.6928246
HEGGOS,3.4011512,2.731973
EKEJAG,3.3856406,2.4261088
GERLUM,3.7968047,2.651985
EKOCUD,3.7393887,2.5959632
HUGDOE,3.754083,2.8837335
COXFOM,4.021299,2.8742936
MIRPUZ,3.9391203,2.4210637
CIDZOF,1.9605803,2.6103055
ARUXAM,7.157411,3.6654992
XEHXAL,2.6895735,2.2123842
KUCWOW,3.0144773,1.9333551
NEFDEH,3.2256377,2.3174522
BENJOT,4.101028,2.6651525
PIHNAV,5.2303004,3.0120163
LOPGON,3.3056393,2.7203474
LITJEG,2.8182833,1.9097323
ISOQUE,3.037607,2.2963235
LITJAC,2.8433177,2.0580435
IZUQIF,2.9948852,2.3638542
PIPFEZ,2.186707,2.91182
YUBZOK,3.408226,1.9085872
UYAGOR,2.7663095,2.267857
KUJWAP,3.2231886,2.3899157
RITMAI,2.4405892,2.2719882
YOLHUD,3.5978894,2.7725992
OPAGES,4.083613,2.908573
IHOLIA,3.4310837,2.5891335
CAFCAP,2.9894428,2.5503232
KUCWUC,3.0844107,2.2015724
IZUQUR,3.1657727,2.5029857
ISOSIU,2.9557009,2.209846
LEGRAR,3.0789683,2.126568
XOBQAI,3.2895844,2.697294
APEYUR,3.699388,2.520875
OGARUL,3.529589,2.5788457
NOBPAY,2.7714796,2.1404014
GEQXIK,3.3372045,2.3632503
EKEJEK,3.3616946,2.7197716
HUGDAQ,3.5592494,2.5092478
KELWED,2.8599167,2.317328
PIXWEZ,3.69966,2.2962608
PABZUN,3.4223762,2.6426094
IQIHUM,3.9554472,2.357875
RUKGEJ,4.769068,3.101855
JETYOW,3.1603303,2.623959
LITKAD,2.8944752,1.9568264
SAQCOC,3.3257756,2.3298593
IXEYOA,3.5633311,2.5886517
CIFBEZ,1.8054755,2.8083405
BEZVOT,3.6738093,2.6787267
VAJJUO,2.1856186,2.454594
PAFXUP,3.6656458,2.575889
AZODOJ,1.8318706,1.8065299
RUKGIN,5.2292123,2.8796134
NEFKUE,4.7353253,2.594658
ATAGUZ,3.611223,2.8023038
VIYKUK,3.556256,2.7097254
SAFBUY,3.5720387,2.2652576
QAHWIH,4.013952,2.6485393
AMEJUX,5.387038,2.9427135
BIQXEE,3.0525732,2.3815556
LOZCOU,4.2860656,2.8005955
COJCIQ,3.9513655,2.655468
QEZPOC,3.011212,2.3689785
OBIZAC,2.0084724,2.2346363
ONOFAZ,3.4016955,2.511204
HALCIG,3.943474,2.7279384
NEWZEU,2.4996378,2.6202517
