CSD_code,y,pred
RAGLUJ,3.9282358,2.7082956
VEXLOD,3.2378829,2.825924
IYOZII,3.0318925,2.5959764
OWETES,3.5603378,2.9884694
NAXWAM,3.1352959,2.4292154
WELHUT,4.729067,3.4326456
YEQRAR,2.695832,1.6992676
CAXBEM,3.7451031,2.768498
JUGQEK,3.670544,2.9659805
LAMFEO,3.3306737,2.4139335
KILCER,2.327934,1.7196517
WUCMEP,3.0939345,2.3370206
DIJRIB,2.8261745,2.3954153
EPEHOZ,2.9461768,2.0315976
ACIROX,3.6460536,2.6806035
AREFIP,3.7339463,2.4433491
WUCGIN,2.0876575,2.2313066
SUGPIW,3.0272667,2.4604475
DUJVIQ,2.760595,2.2392406
RIPLOV,0.25197744,1.9222487
XOPSAZ,3.1137989,2.6917958
UWANEO,4.9617243,4.043156
VUMVIL,2.7701192,2.4223921
SUGSOF,4.3794007,3.5318284
TATZOH,3.512718,2.8386126
WEDVEG,2.9303942,2.6717393
CICJUX,4.07681,2.7991796
XIDSOW,2.7140636,2.0669065
HUKXOD,2.934748,2.3469293
HERTIL,2.1418083,1.9394689
MUMTAS,2.8672638,1.9195921
YOXDUN,3.4378865,2.7213373
SEBWEF,3.3094487,2.651811
SUQPIG,3.7451031,2.2388575
OGIHIY,2.6819541,2.0313787
ABIFEA,2.9456325,2.5943825
IJEQEU,4.2417107,2.8062809
BUDLAQ,2.774473,2.4958162
XOHNAK,3.1540718,2.9736874
IWAHIA,3.352987,2.6714005
WENPEO,3.7080956,2.749507
JERXUA,3.385913,3.0032048
RIGPUW,2.7635884,2.272375
XAHXAJ,3.0223687,2.2590463
VUKKUK,2.7401867,2.2611392
BALNEL,1.9439814,2.1557734
POMXAU,3.207406,2.4823177
BOCGIN,3.3929877,2.887552
FUSWEY,2.815018,2.2568905
WEMSIU,2.9652247,2.359141
BUHVUY,3.8969426,2.915598
RUMJOB,3.1600583,2.6691494
FECTOA,3.5720387,2.3593884
KAXTAI,2.2408576,1.8318039
FOWNUD,2.0846643,1.7149578
QIVHAI,2.0721471,1.8669608
HIMDOA,2.126842,2.0764384
KELDOY,2.167659,1.9339939
QOYJAS,3.8395267,2.999947
OBICOV,2.9646804,2.4016628
JUQVAV,4.20171,3.1342287
EZEHID,3.6776187,2.6371431
AHETAL,3.9366713,2.9774373
HIMCOZ,2.9042714,2.377195
VEZMAS,1.9445257,1.677887
YACTOP,3.2299914,2.5411484
HUKXIX,2.9488978,2.3143997
JETFUN,3.1418266,2.22574
HEHYAX,1.9039807,1.9356172
QAMLID,3.575304,3.2237127
DILBIK,2.578823,2.0225625
LUFZUK,4.4904227,3.5876188
REPQEM,3.6822448,2.6784565
SUQLEY,3.7026534,2.7070956
BITVUZ,2.963592,2.521828
YAWWUS,0.39211607,1.9474223
FOTPAI,3.429723,2.5949523
UJUPIB,2.084392,2.1106064
MIRKEH,3.384008,2.402186
HAHHEH,2.454467,1.9542255
AKOZEI,1.9039807,1.3474914
LEMDIU,2.7565134,1.1485364
UQEQAL,5.0273037,3.7769077
EXETIN,4.3894687,3.519643
TIFLUT,3.7391167,2.7739108
FEGWOH,2.2952805,2.1873465
PUWBEP,5.809359,3.9167833
YIKWIC,2.1453457,2.0074744
UWEMER,4.165247,2.893917
RIFQOO,3.04441,2.5231547
NAXHED,3.7728586,2.9016988
AWUMUD,1.9088788,1.6110978
ULAWEK,3.7859201,2.972944
VEZCIQ,1.4941772,2.026311
QAMTAD,3.0487638,2.6662443
EYEYOZ,1.9020759,1.4225749
EZEGUO,3.7704096,2.9741511
SUQPAY,3.096928,2.0160112
KAPGUH,1.937995,1.8064907
NASKEB,3.8150363,2.7040343
KESTOU,2.9720275,2.67281
HIBFOR,3.3850965,2.7365367
CUFBUD,3.4827852,2.6719656
ZEHMAE,2.6220891,2.0432038
HIHTAX,2.375554,1.859856
SASBIB,3.0503964,1.9476506
XEHBEV,2.578823,2.6017406
KAHBOO,2.9567893,2.7991433
QASYES,2.105617,1.8463655
PAGJUG,3.161419,2.7714062
LUVXOS,2.3192265,2.1127715
XUYHAD,4.248786,2.7693448
NIZCEI,3.2014196,2.4172986
IZIPIT,2.7042675,2.0363343
JECLUC,3.8449688,2.784092
VAZLER,4.275997,2.9875274
EPITEF,1.9203075,1.4882338
UMACUJ,4.8166876,3.7240195
HIDPAP,3.1899908,2.486777
EBEPOQ,0.21469784,2.3424292
TUBTUI,0.26776004,0.7682276
MIKYUE,2.4653516,2.4025757
WERWEZ,3.1431873,2.7034855
UJUPOH,1.9970436,2.052926
SEMVAL,3.9276915,3.0072865
QESLIN,3.1078124,2.8167784
EZOMUE,4.091232,2.9261684
DUBMEV,3.2166579,2.262443
QAMTIL,2.8019564,2.020127
UJUPUN,2.2147348,2.2601902
YANKUX,2.5722923,1.9436347
AFIGAA,3.9233377,2.9426472
ZAJSIQ,2.5374618,2.1361918
DUJYIT,2.8231814,2.53838
TEVPET,5.5435038,4.3801985
HAFYAS,3.326592,3.111744
WUZTAP,2.6963763,2.696708
IWUFIS,2.5301147,2.3334343
LILMOI,4.4125986,3.2048266
PAXTUH,3.8849697,2.879887
YEJMUZ,3.9764,2.9950018
QABYEB,3.2789721,2.728226
NIZCUY,3.334211,2.514201
QAGGIS,2.9146116,1.8945959
JENBOX,2.6541986,2.087112
TAYXEA,2.3907924,2.2237916
XURJAY,3.4041445,2.7517896
ZELPAL,2.6460352,2.2758155
REKHAU,3.5821068,2.4142692
REKBUI,2.5916123,2.3352108
HAZTEL,2.9565172,2.3466039
NEDPAR,4.371509,3.1056366
IZIPAL,2.2305174,2.1389248
LAKRUO,2.3094304,2.6925135
WAWMEQ,3.2822373,2.7587247
TIHPUZ,4.4112377,3.2114182
NIZCIM,3.7853758,2.9771047
ZECZOA,2.4297047,2.3039284
VUVVAM,3.4803362,2.559932
NAGCOR,3.9704134,2.8906217
YUPBET,2.4980052,2.0887713
VUNNIE,2.2365038,1.7438163
BUXBUU,3.3807425,2.6962976
DAWPIE,1.947519,1.5864927
BELVUN,3.41258,2.5314097
QABYAX,3.0523012,2.645116
YESTAV,4.8866205,2.8768294
TIFVUD,2.8852234,2.5192757
DUBMOF,3.2267263,2.2641225
UREQAM,2.4944677,2.2235062
YAWDUZ,3.233529,2.6103363
VOFLUB,2.2841237,2.0822358
FULSOX,4.648521,3.4053743
DAHREK,0.18748645,2.139763
NOTCOR,2.5807278,2.322547
XENWIZ,2.6610014,2.1975312
QUNDEL,2.1401756,1.4552442
DAFJED,6.450187,3.8765345
LEZYEY,3.4525807,2.7379203
MELYEL,3.5826511,3.0534377
AXAVAZ,3.319517,2.622594
FUSWOI,3.1431873,2.3118405
HAFYUM,3.3774772,2.9808738
IQEMOJ,3.7872808,2.992625
NAFVOI,5.3851333,3.7397058
FIZFIH,3.1097171,1.7526046
AXUVEV,3.4378865,3.4004717
POYPAX,2.6378717,2.2042422
EBEZIY,2.6887572,2.2652128
EBEZOE,2.6846755,2.1422207
NORBED,2.6781447,2.1369736
DUJVAI,2.814746,2.3219328
MIMFUN,2.772296,1.7342826
CICKEI,4.0468774,3.040115
QOCFUN,3.7916346,2.6022038
UKOHIO,3.261829,2.6682115
MEHBIL,3.247951,2.6906874
QACCUW,2.5989594,1.8832009
QOWTUU,3.9739509,3.2301211
BUXDOQ,3.3616946,2.7432573
COLCAI,5.221049,3.2788277
NAGBEG,3.2591078,2.3545704
VEZDAJ,1.9072461,2.0644007
JADMEK,4.2890587,2.8547194
NETLAD,3.4264576,2.6836555
BIXVIR,2.390248,2.2103882
MOZHAN,3.3132584,2.6394377
IDUNIG,5.074107,4.236455
NUYQEG,2.7826364,2.3486767
TIBPIH,3.0944788,2.389049
JUCKOK,2.760595,2.329818
BUBYOO,3.1562488,1.8133432
CTACZN,4.4893346,3.7509847
SUKHEO,2.936925,2.541346
VEXLUJ,3.5363917,2.808302
LIRHED,3.2376108,2.5538933
RUVQIL,2.6680765,2.4606106
CISRAB,1.9529612,1.9138445
WUPGUM,2.2601779,1.819684
MUNWEA,2.5935173,1.6994468
MOCYEM,3.1513507,2.403944
FECVAO,3.1918957,2.0807228
HARTAZ,3.479792,2.651901
JIBHIP,2.7948816,2.3195426
ANIZEF,2.8952916,2.4052663
QEGZOV,2.5009985,1.8973786
DELKOY,3.065907,2.6419823
FUSFAD,3.3489053,2.5008142
NASKAX,3.9129972,2.3825693
QUXJUP,2.167931,2.8290088
TEJXEP,2.344533,2.1588628
EZIKAC,3.8770783,2.5883808
KUKXAS,2.303444,2.224619
JIBJEN,2.6941993,2.3144922
UWULAC,6.928019,4.493883
METLAY,5.049617,3.7477365
PUDDOI,3.5883656,2.8319325
REVWAU,3.3306737,2.4991796
PADKAK,3.3872733,2.276947
JAMHEO,3.9198003,2.7138977
ARIGEQ,2.2501094,2.032454
GUJWEQ,4.2504187,2.9727585
VOGLAG,3.1342075,3.795633
YAMFEB,3.4011512,2.6709018
YUFVIH,2.324941,2.1985214
XEKCEY,5.176694,3.7089987
UREQUG,2.2144625,1.6970191
GIVTEO,2.4939237,2.0757706
AFIDID,3.1755688,3.1198297
JOFCOA,3.1527112,2.1446037
KAKDAF,2.7516153,2.796866
VIFNIL,1.8503742,2.1258125
TIFLED,3.9426577,2.527737
REVNAL,3.2316241,2.147862
OQUXUW,2.9603267,2.4673686
HIYZOI,1.350229,1.7631875
YUXFUV,2.0525548,1.7622205
NEPNEF,3.2112157,2.9335628
NAJROJ,2.7342,2.1120455
CAHHAY,3.0596483,2.4260385
FECWET,4.0740886,2.2549477
NESZEU,2.812841,2.259406
EVAFEP,4.5491996,3.5021522
NAMYUZ,1.6620715,2.2993264
TUXQOV,2.59515,1.7507374
WOBHAA,2.9377413,2.5548363
WAKSEJ,1.8653405,1.4138669
JECLIQ,3.697211,2.7605135
QOFFEA,3.9211607,2.4365225
NASJEA,3.4615605,2.4507039
CIWMUU,3.6966667,2.4104831
IGUHID,2.533108,2.15642
BUVVOG,1.027502,1.3234636
QIYLUI,0.18775856,2.9563031
CONWIM,4.1696005,3.384519
REVVIB,2.5056245,2.0567946
FILWEG,3.9040177,3.011617
QOYKAT,2.3080697,2.200339
HILWOS,3.551086,3.0196388
KITSOZ,5.8033724,4.015095
HIVPAH,2.7078052,2.4819233
QIBYUZ,3.3641436,3.227323
UWIQUP,2.607123,2.1246157
TIFLON,1.8231629,2.419057
AZEWIO,4.662399,3.3543239
CAZPIG,3.5883656,2.807333
KORDIH,2.549979,2.3338497
MEJZUA,2.081127,1.8439964
JOXGIP,1.8601704,1.9516028
DELNAN,3.59925,2.428161
PADJIR,3.7227898,2.36093
FUMZIY,2.9840007,1.7083982
XINMOA,4.736958,3.7496533
AZOHAB,3.090125,1.6595645
JILRAB,2.6468515,2.2122307
RETNIR,3.3573408,3.6104078
QIDTUW,2.2645316,1.717344
OTUQIG,3.147541,2.3265667
CEJZAW,2.6939273,2.018168
DOHPUP,2.6735187,2.1602075
AZIYIU,4.203343,3.7949479
QETGOP,2.048201,2.2092357
VAQDOK,3.2087667,2.1087463
KECGIM,2.38018,1.948223
JIBREV,3.8501391,3.348689
KIGJAP,2.4166431,2.0393896
HALXEX,2.394874,2.1513114
MISDOL,2.0661604,1.948662
SIQQOC,4.8425384,3.0980074
OBICUB,3.0114841,2.552439
LADYEY,3.4874113,2.533187
BIDHAB,3.2874076,2.398921
INENUN,1.7290115,2.5534205
LEPXEM,3.453397,2.613721
VAJFIX,3.9478278,3.2961125
DIJRUN,3.9606173,2.4303207
LOFHEX,4.7350535,4.001311
PAXTAN,3.8607514,2.8331573
KUTKOC,3.8542206,3.4427211
FECWOD,3.637074,2.6252155
RAKZOW,2.2996342,2.0508275
ACIREN,3.675986,2.6132343
QAWJUX,6.363927,3.350626
DESREC,2.3380022,1.6783136
IGAZEY,3.2623732,1.8488078
IQEMUP,3.8504112,1.5468346
XUGREZ,1.5872402,1.9541695
BELVIB,3.8825207,2.5210464
YANCOJ,2.490114,1.9074968
XICPUY,3.025634,2.6272497
CEGBOJ,3.1227787,3.0499654
APELUF,2.2865727,2.1279182
OMERAC,2.9869938,2.5407114
HICGIN,0.6280388,2.1619065
AQEROD,4.2890587,2.729764
MEKBOX,3.9388483,3.1752486
ELEBEF,3.940753,2.943872
KEXNAG,1.4419314,2.174522
TIHQAG,4.2433434,3.8744273
WILQAN,1.8506464,1.6746762
VUNBAK,3.0871317,2.3970108
CAXBIQ,2.0443914,2.0196974
CISREF,2.217728,2.0522542
QUMFEM,2.0286088,1.8841767
SOTJIX,1.9143211,1.4300019
GURJAH,2.611749,2.259145
PIHZUC,3.0833223,3.0986955
IYONIW,0.9077718,2.3083735
NUYREH,3.1004653,2.5883784
JEBXUN,3.8395267,2.739959
SADTUQ,4.058306,3.3433475
DIYVIU,1.8133668,1.7966765
FURDIH,0.17741823,0.9033339
NOZSUT,2.9736602,2.4357867
GURJOV,2.595422,2.329166
DIGQAP,3.2302637,3.0035536
KUNCEE,3.9973526,3.4016728
SALTUV,4.978051,3.2626266
DUJVEM,2.7907999,2.2410867
YESTOJ,5.040637,3.0623384
KESPOP,3.618298,1.894194
RUVQEH,2.8446784,2.405931
DEZSIO,5.732351,3.736739
COBROE,2.3162332,2.1038277
CICMOT,4.373958,3.0022202
IGOSOP,2.9167886,1.8776389
JILREF,2.8784204,2.2537184
GAWBAL,3.286047,3.0659187
LOZWUV,4.1282396,3.6275592
XIDGEA,3.2748904,2.6499338
COJNEY,4.4300137,2.6812
TUTCOD,2.1858907,1.4272549
JULKIN,2.4313374,1.6759303
AZOHIJ,2.4808621,1.7502277
AJIDIG,2.538278,1.8561572
MASTAF,3.0406003,2.395386
XECQEC,4.2071524,2.6022255
NOVKUH,4.373414,3.0392275
QORTID,2.6161027,2.5948467
NAHLUH,1.9409882,1.9164358
YUGTUS,3.05856,2.307085
FUZYEH,2.4509296,2.0760717
IJALEN,3.0378792,2.7497635
BALJEH,2.0724192,1.8297142
WOBVUI,3.084955,2.4330208
AVEMIZ,4.690427,3.400099
DIYVEQ,1.7730939,2.2405963
UWUKOP,6.9435296,4.2363253
IQENAW,4.2041593,3.0887585
MUVBUD,5.2828183,3.884113
CISQUU,2.15106,1.7994416
LIRHIH,3.5252352,2.6485865
SUQBOY,2.6005921,2.17002
GITCEV,2.5401828,2.0633483
BOWPEL,3.0150216,1.9130949
KIGZAF,2.8215487,2.5190651
ULAQII,2.9314826,2.6429696
JETSEK,3.1154315,2.3401544
KIQQUA,3.018287,2.0402267
HARTIH,3.9559913,2.9830196
MOZGUG,3.3091767,2.6341553
TUWLIJ,3.7195244,2.6568027
PUTDEQ,2.714608,2.2171707
DEVQUU,4.4675655,3.3764365
NERVIT,3.1089008,1.8738846
IJOQAA,3.2193792,2.193067
GIGYII,4.107831,3.4186902
JOLKII,2.9603267,2.2508364
FECVIW,2.884407,2.4563236
CIQDEP,2.9091692,2.8941739
YIJKOV,4.172322,3.0711846
KATJOI,4.585663,2.9771645
OBEPIY,2.3856223,2.021123
NASLEC,3.405505,2.4307737
NASKIF,3.1635957,2.3093467
VIVWEG,3.8008864,2.2172701
IZIPEP,2.56685,2.000066
HIBRUJ,3.8153086,2.02719
GAMJUD,3.7361233,2.8050568
BUXDEG,3.1265883,2.556886
ZATTAT,3.9568076,2.8303998
SUQNOK,3.0933905,2.2701128
TUJWAZ,2.5200465,2.1704323
BENKEM,2.8860397,2.6651368
GIGPIZ,0.14830205,1.5672468
ELESAS,3.768777,2.5848565
OMOYEX,3.5524464,2.7696793
KIQDOH,3.5589771,2.7749815
DEBXEO,4.012591,3.1576831
CAZQED,2.5624962,1.9727647
GEKPEV,3.157065,2.7156897
CUBVIH,2.2174559,2.0650587
XEGTEM,4.312188,3.3517334
AROSEI,1.1102246,1.700683
UGIXUG,2.4819505,2.1577299
WIPWAX,2.8735223,2.6352417
QENJIG,3.355436,2.9691546
MUDWAM,3.9453788,2.788827
REPHIH,4.4297414,3.7643445
ERONIL,3.9559913,2.3686686
ELESEW,3.0770636,2.6655757
HIBHIN,3.2923057,2.5764341
QUHYAW,4.275453,3.2320118
CEZRIM,2.843862,2.3598099
YEHYER,0.19973157,0.692333
AXOSOY,2.1897004,1.6792138
XARFOP,2.6846755,1.9229277
ZAWSEZ,4.2642965,3.5558856
WIWSEE,2.0963652,1.8293099
XIBKOM,3.5023775,2.78725
BETDAJ,3.1410103,3.7126348
EREJOD,3.085771,2.6784296
BUCBAF,2.7053561,2.774984
NULJIP,4.301304,2.8034055
ENEYEE,3.9040177,2.699364
NALQIE,3.3157074,2.4685032
YEKXAR,2.7638605,1.8867619
HIYXEV,2.982912,1.7170769
BUXCIJ,3.474894,2.655222
XUCYOM,2.5195022,2.3396
AGICIE,0.19646621,2.3704083
LIRTOZ,3.4090424,2.6758654
TIBPON,3.1777456,2.5076537
NASHIC,2.5532444,2.306115
NUDXOC,4.0806193,3.1146998
MEWDAX,2.2332385,2.0831363
CAPHEK,2.6258988,2.0343568
INABUX,3.9252424,2.5140998
POYNOJ,2.6465795,2.1892424
PIJGUM,3.8449688,3.0365098
SEFSIJ,2.920326,2.025768
GITQOT,3.7195244,3.2741299
GANXUQ,4.8292046,3.1419456
ZEYYEK,5.0833592,3.5335362
JEBYAU,3.8294585,2.77266
HICGUZ,4.8550553,3.8284028
INENOH,3.881432,2.582129
JILQII,2.649845,1.9916444
YEDYEP,3.1372008,2.6971724
LOVZUU,3.2414203,2.542333
PAWDAW,2.7970583,1.9904954
COJPEA,2.3886154,2.5042732
BESYEE,5.0371,3.984787
JADBUO,4.0716395,3.3335733
CAQPUJ,2.0033023,2.6935189
ZATDAD,2.7072608,2.1105714
PICKUL,1.9303757,2.1335754
BUXCOP,2.49474,2.6534977
BUNHUO,3.4544854,2.2096093
GIQNUT,2.4865766,2.0994291
YEKWOE,2.7516153,1.8592484
REKBOC,1.6479216,2.2547297
WOTREF,3.8387103,2.7425792
COJNOI,3.979121,2.172256
GURPAN,3.2634616,2.58221
FUGYAK,3.385913,2.6020184
ETUGEI,4.8038983,3.2477996
QIVHEM,2.0716028,1.8676664
ERECIQ,2.0582693,1.972971
DUDXEI,4.4958653,2.879265
COJXAE,2.471338,2.5567641
KIQDEX,3.0887644,2.669422
MUWFIV,4.9837656,3.5790942
YIGGII,5.1581903,3.9651432
PICKOF,3.0988326,2.8123224
YUMJUO,4.1461987,3.3641722
ZAFHUN,4.5372267,3.5705087
JETSOU,2.59515,2.2042806
YILTUM,3.1244113,2.753712
OSEWAN,2.9067202,2.1075265
QESLEJ,3.0691721,2.8298395
JEDSAQ,3.3298573,2.491346
ARODAP,3.661564,3.2452962
JAMCOT,3.5772088,2.9471524
JAWQAD,2.213102,1.7248553
AZOGUU,3.1170642,1.5383672
TEXDEJ,2.2400413,1.8622946
CUNZIX,4.5546417,3.5817401
JEDSEU,2.1687474,2.1305733
OBUGAX,3.8158526,2.9803767
JIQQUZ,3.5007448,2.9374807
FAYYOX,3.780478,2.3761268
RULDUX,4.455048,3.426648
GAVNUQ,1.6147237,1.6949302
BIXSEK,4.173682,2.8373666
KEPKAV,2.3551455,1.9718776
SUKSEZ,3.374484,2.683807
DUJXAK,2.78182,2.2390618
ABIFAW,2.8234534,2.384399
UJUQAU,1.9273825,1.8041515
GITCOF,2.2163675,1.9335257
GECLOT,2.009833,2.2489524
DELFIN,2.803589,2.2301474
ZUDTAW,4.5437574,2.9703822
DOBBIG,5.675479,4.1208453
COHFIS,3.1317585,2.6113694
HOCKIT,5.264043,3.830677
IGUHEZ,2.5962384,2.3045695
YIQDOV,2.7812757,2.4325695
ZUFKOD,3.4517643,2.5043044
LEPXOW,3.8555813,2.859425
IRIQEI,2.3888876,1.6842827
MEFZAC,6.469507,4.0786557
XUYTUJ,3.8278258,3.0890973
CICHOM,4.2403502,2.5327876
DIQTAC,2.9165163,2.3296916
GUJMOQ,3.5845559,2.957365
UTEQOC,2.5252166,2.1066325
CAHCOH,2.2588172,2.3825078
ZOBBIF,3.898031,2.562002
MADGUX,2.6941993,1.9456404
EBUHUI,1.500708,1.0527283
CEMBEF,2.0541875,1.7206457
AYUGIN,2.9856334,2.1273382
JETRUZ,3.188358,2.2707794
UMIJOS,2.4158268,2.235026
JITBOH,2.9102578,2.2345984
WURYUG,2.4250786,2.0054004
YEJLAE,2.7407308,1.8955774
KEPPEE,2.526033,1.8840252
OKIJEA,2.9535239,2.411503
FECXAQ,3.5606098,2.2220736
RUCQIS,2.9921641,2.3807068
WESVID,3.9734066,2.6589828
IWEWAJ,2.4789572,2.9983516
HEZKUW,4.0977626,2.8546948
UGIYAN,2.1526928,1.8429078
JEBXOH,3.7744913,2.690047
UWIJAO,4.4553204,3.1989443
HABXUH,5.4931626,3.7279472
QUHKIQ,2.0468404,2.890898
ASUNAG,3.2710807,2.718436
EVEYEM,3.1946168,1.5229902
SOHLIM,2.3763704,2.3276956
IGUQAF,2.5078013,1.493737
ELOZOX,6.165556,3.6309407
QUTMIE,3.1325748,2.399848
YOSSIL,2.4171875,1.97968
ILEXUV,4.116811,2.9655917
RAKZUC,2.2789536,1.8367957
JALBIL,5.9092245,3.5919533
KAKDEJ,3.0212803,2.671327
QATDAU,2.122216,1.8474579
ZOBBUR,3.5551677,2.4676232
ZERVEB,3.8887792,3.0410128
DAXKUM,3.2199233,2.2599041
GUJPIN,4.255861,3.0480843
BOBVOH,2.9127069,2.2738338
LUNNEQ,2.0903788,2.0586557
LEVPEI,3.4416962,2.1872559
GENRIE,5.009888,3.1880882
KAGRET,2.609572,2.2139215
GURKUC,2.1107872,1.9460084
ENEYAA,4.179669,2.639863
IBIXAW,0.38640168,1.484284
KETTIN,3.1339355,2.0175226
DUJTUA,2.5845375,2.2128386
HEYHUS,3.491493,2.5371504
QOYHUK,3.8397987,3.0001369
NAXHIH,3.6833332,2.7570534
MOSLIS,2.9121625,2.4374428
KAXTEM,2.324941,2.014106
EZONAL,3.8466015,2.7514265
ZIXQOQ,2.3747377,2.3148818
DIGZIG,3.876262,2.9962482
ATUWOE,1.4013864,1.8716294
OMUDAE,3.345912,2.3660371
PIYFEM,3.046859,2.5502949
YOCNIO,3.8419757,3.5603552
ZIGJUY,2.8642704,2.07473
RUMHIT,3.570134,2.3252342
GUXCEK,3.5984337,2.755793
YIJZIA,2.4653516,2.7415495
DUZVEC,1.7714612,2.1681898
UKIREO,3.886058,2.8948414
JIVNUB,3.3282247,2.2150893
KUNVAT,2.7774663,1.9898899
DILTOL,4.870022,3.9759903
ARITAZ,2.920598,2.4426649
MENLEA,2.9412787,2.4763052
QIZYAB,4.619677,2.9422383
GASYEI,2.373105,1.907063
LIXBON,3.0509405,2.5479841
KIYBED,3.2982922,2.6522975
NUYWOV,2.8280795,2.4616165
FOCXOO,3.1271324,2.2870867
OBUDAU,5.62541,3.02765
UJOHUZ,1.909423,1.7830131
BEGBUO,3.4468663,2.9827673
TAYXOK,2.3456216,2.1919715
TIQJEM,3.244958,2.6655025
RUCQAK,4.2931404,3.4718893
OVESIU,2.7331116,2.673471
REZMUI,5.5437756,3.9554765
MASLEB,3.028083,2.384773
ZAYDAE,4.232187,2.7970605
UFUHAI,2.8838627,2.1616697
GUJWOA,4.263208,2.9454062
TUDQAN,6.1846037,4.237196
BUSFON,2.322492,2.3721423
NUKPUH,4.3905573,2.7498422
IMENUL,4.846076,2.7633414
FOLYEL,4.1159945,2.7857697
ASULAB,4.8218575,3.6690147
EBEZEU,2.6781447,2.1690998
EJUDOF,3.085227,2.5932753
DISZAK,2.6493006,2.172996
NALDAH,4.0191216,2.9558313
SUQMID,4.170145,2.5406685
HEJMUI,2.4740593,2.174206
CEMBOP,1.6745887,1.6805437
YEKWUK,2.733656,1.876128
SUQPUS,3.7442868,2.3443036
WITBIO,3.6120393,3.3492029
COQVEL,5.161184,3.8816805
VEZLUL,2.354329,1.8431898
LAPTIJ,2.6729746,2.4382231
SIRHEK,2.8348823,2.2510204
CIQCUE,3.7747636,2.2995179
KUDWAK,3.084955,2.6091664
XUYGOQ,5.264859,3.3104239
MURJIV,2.9570613,2.3820145
MUYFEU,4.4779058,3.3859167
YAVFIM,4.886893,3.5456934
WEYJIX,5.081182,3.502941
ZUFBOU,3.3197892,2.3981352
UZIWIM,6.000383,4.079229
GEQCUE,1.4473736,1.8217831
NUYQOQ,2.7488942,2.271235
MEFXII,3.9581683,2.7748382
NETHON,3.7747636,2.447427
GURLEN,2.425895,1.8051203
HELWOO,3.9706855,2.8944259
UQEPAK,5.066488,3.7342207
KAZPEK,0.7477689,2.447338
IHAMAI,3.6558497,3.098809
ABOXOI,2.87706,2.2935345
FECTIU,3.403056,2.2779448
LAPKAS,2.3818126,1.9663066
APIXAB,2.4395008,2.1252506
MATHEX,2.841413,2.4747658
DAFJUT,4.8117895,3.2362924
NAGBIK,3.3372045,2.4073079
MIMGEY,2.2139184,2.2250834
MIFQOL,1.9396276,2.5919688
CEVBIS,4.3083787,2.938651
PUWBIT,5.7606506,3.8003788
SUQLAU,3.128765,2.583103
VISLAO,3.066451,2.1764548
LOWBAD,2.7785547,2.401992
WEGREG,3.711361,3.5631728
EPELAP,2.5453532,2.004414
JETGEY,3.1361122,2.2742846
MABPOY,3.539385,2.138178
SUJMOC,0.24680728,2.7183406
MEYPIT,3.6218355,2.1801374
WAWMIU,3.4261856,2.7774622
EVAXEH,2.795698,1.8816632
VIFNOR,1.8359523,2.1663032
GUJNAD,3.5050986,2.9375367
XICXIU,4.5913773,3.3315153
RAGDUY,3.6642852,2.612779
KALBOO,5.5764294,4.2148995
KIXYEZ,3.3804705,3.1028163
EFOSIC,0.10558018,0.009228706
ABODUU,4.5682473,3.03
GACWUG,2.997062,2.654346
TUCYOI,4.571241,3.5378072
QIBZAG,3.3535311,3.1998944
NARQON,0.08353896,2.3274302
AYUGEJ,3.9097319,2.7427037
ERIJOH,4.294501,3.0393655
GIXBAU,2.9031827,2.5819654
CAKTAL,4.34974,3.1138515
HIHTEB,2.3812685,1.816422
QILGOL,2.9665854,1.8702319
HEQQAZ,4.134226,3.1926885
CUKHUO,3.7720423,2.9820414
GUJMUW,3.5135343,2.9887402
REZNAP,4.990024,3.7048492
EYUMES,3.465098,2.8301628
FUSDUV,2.7924325,2.2967913
EQECOV,2.5156927,2.063312
YEFJUS,0.24789573,-0.81007314
HIGQUN,3.2389712,2.4747548
KASTEH,3.1554325,2.6668653
ERONUX,4.046605,2.6068718
BUBZUW,3.9415693,3.3455715
CICDAX,2.9271288,2.0721846
VEGRIK,3.1333911,2.3008165
FUQTET,1.8310542,2.1813638
HOBHIT,2.5706596,2.272996
COHFEO,2.5771904,2.4951177
NUMJOX,3.6174817,1.8474977
ZUCKUG,4.102933,3.048857
KEJWEF,5.043086,3.508166
PUHMEL,3.011212,2.5004013
QAMTOR,2.296641,1.7329143
IXOQUK,1.7798967,2.0476656
VESJIQ,4.2302823,2.7656946
WUCHIO,2.8041334,2.3121502
CACDOB,2.9459047,2.6725388
OYASOZ,2.141264,2.4694407
KAXSUB,2.143713,1.963032
IHIJOB,3.3954368,2.7251134
ZAWTAW,4.366067,3.3781931
HEYXAO,4.1353145,2.1275556
RITSAS,3.618026,2.7180164
ZOGYAZ,3.0669954,2.1507957
FECTUG,2.674335,1.9028023
SUQPEC,3.087676,2.1956716
HUTCUX,4.538587,2.5404904
ASAFOS,3.4000628,2.3015397
LIVYAU,1.9200354,1.4888823
MEJYIN,3.0283551,2.638906
BAGGID,0.11102246,0.4814291
SUQLUO,3.4408798,2.1743417
YEYRIH,3.9655154,2.5952997
DESRAY,3.0435936,2.7324548
HUTYAZ,2.1379986,2.1985402
TUJWIH,2.5995038,2.2102165
MASSIM,3.042505,2.3965032
COHCIP,2.0955489,2.2193933
IKEMOD,4.4101496,2.6490002
YIRMOF,2.9303942,2.4071355
DUJWUD,3.0792406,2.372994
KUMCON,1.6890107,2.2410524
GUJWIU,4.0256524,2.9016984
CUCVOO,3.5263236,3.0393984
UBEDEO,3.4191108,2.7517
GURZOJ,3.6095903,2.8729956
UMERAI,2.1154132,2.7172687
HUBNEA,4.5127363,3.2163537
COXROZ,5.1541085,3.7043653
VAVKOW,5.0234942,3.1539223
JOLKOO,3.0928462,2.1395226
IZOTID,4.7859387,3.202382
KAKFAH,2.739098,2.1786044
ACIRUD,2.918149,2.3155532
XAQKUZ,3.474894,2.9500048
MOZGIU,3.3138027,2.6388903
IFUSEL,4.967983,3.7466288
UMEQIP,1.8245234,2.5074985
NETLEH,3.312714,2.7802277
HINFES,2.4076633,2.2906458
GIQPAB,2.5341964,2.014257
ROHSIU,4.6615825,3.1697989
HUTYED,2.585898,2.1316695
GUJMIK,3.5875492,2.4130435
RAHCUC,2.600048,1.5201892
HUNGOP,2.9603267,2.7009645
LAMYEF,4.3173585,2.726032
IJAVAT,3.044954,2.7919807
ZEGVOA,2.8835907,2.0232856
ZAYBUA,3.0792406,2.18935
FIQHAP,3.7002044,2.2450893
JEZBID,1.520028,1.6258188
SUGVIC,2.7015464,2.4401174
UXOYEO,2.8286235,2.0887065
SOHLOS,2.4120173,1.9887048
DADGUO,2.3703837,2.1174493
RUMKAO,3.0648184,2.6291096
YUGWII,2.8952916,2.402183
DUJWIR,2.7774663,2.2442052
YIYXEK,5.0362835,3.3597672
PUTGOD,3.7181637,3.0309105
NITROB,2.5706596,2.1841178
BEZHOH,3.697211,2.362653
OYATAM,3.3965251,2.7309778
IPAHOZ,1.9826216,1.2243335
ECIBUN,1.6288736,2.1867032
VOJHIO,3.5864606,2.7059937
SUVLEB,4.1309605,3.2726686
MUVCIS,4.8474364,3.978489
XARFIJ,2.5649452,1.8116584
TIBPUT,3.075703,2.4182084
AXULEN,3.2735298,2.4487586
UFUGIP,2.4963725,1.9251229
BAGGEZ,0.15619336,0.5127082
EHONIB,4.280895,2.9732666
UJOHOT,2.084392,1.9174421
WEFFUM,3.84769,3.407447
TIFJIF,2.387255,1.5186594
JUQTUN,4.211778,3.5849667
EDATIQ,3.0408723,2.2195146
TAJKAU,2.6348786,2.3330631
LOFGUM,4.8262115,3.8319867
EFODOW,3.7276878,3.2307734
CIRQIH,2.9352922,2.5433435
CEJDUU,1.610642,1.6664937
EBEZUK,2.5940614,1.914155
UREPOZ,3.027811,2.457077
QUYXEQ,4.0400743,2.5095258
HAFYIA,3.5646915,2.989236
QAHNUK,2.9927082,2.1652331
DADLON,3.5388408,2.989572
JUCKIE,2.6667159,2.2162256
MAJVEC,2.5600471,2.3505044
SUKSID,3.3118978,2.694066
HAZQIJ,1.734998,2.4025404
OBOKAV,2.6615458,1.6420753
OYUYUF,5.157374,3.6708972
RIVPUL,4.8025374,2.8504386
FAXZIR,1.3755356,1.8418293
HIBFEH,3.9924545,3.2444537
OMOYOH,3.675714,2.7339811
BULGAT,3.2063177,2.3968227
VEYXUW,1.543974,2.0557888
IPOFOL,4.0974903,2.6080005
XAHXEN,2.9578776,2.2228076
NEKDEQ,3.3110814,2.0302706
DUZVAY,3.1056354,2.656423
SUQPOM,2.8971963,2.2568908
FEKJIS,4.283072,3.1877253
AWUMIR,2.2188165,1.7117672
COXRUF,5.3756094,3.8766937
NOVRIC,3.5742157,2.9049566
VOHHEI,0.34857786,1.9782915
VEZMIA,1.8332311,1.8591396
UXAXAV,3.6199307,3.149712
VIQKIT,2.8909376,2.4564965
UZIKUM,3.957624,2.7235093
JIQQOT,2.9951572,2.690804
BOZWAR,4.750836,3.885581
LEQLAY,4.744033,3.5355902
PADKEO,2.6582804,2.3398685
IROVOB,2.5273936,2.188439
WIPHEM,2.7301183,2.3783288
REKBES,3.5429225,2.9959679
LOWKAM,1.7423451,2.1568687
SUQLIC,3.8879628,2.367362
HATHET,3.0555665,2.823818
AQAHUY,2.540455,2.258732
NASJIE,3.864289,2.5512922
WEMROW,3.732858,2.7080483
UMEQAH,3.6283662,2.7903125
ROBCEU,4.5464783,3.5129287
DEBGAW,2.1360939,2.1633549
SEZXEB,3.448771,2.7237158
FEPVEF,4.036809,3.237968
FILQOK,2.9075365,2.308191
DIJVIF,3.9363992,2.674893
SAFCIP,6.242292,4.037304
ZASKUD,2.5513396,2.7190108
SUQNUQ,3.6520402,2.198448
WAZQIB,4.0370812,3.2112014
TITRIY,3.2819653,2.3994982
ELAXIZ,4.5127363,3.244689
JEDNAL,3.0261784,2.1261382
SAKBUF,2.7184174,2.138973
VACMAQ,3.3867292,2.1540203
HARTED,3.4327164,2.6904616
ADOVEV,3.7799337,1.9412498
IXEBOC,2.4843996,3.4765818
JUGQAG,3.3897223,2.5059767
TIFVOX,3.264822,2.5621572
LARXUB,2.989715,2.657737
EHEDAZ,3.0963836,1.8887159
RUFFUW,6.3837914,3.8456695
PAWDEA,2.7589624,1.992037
KILCAN,2.3102467,1.7600288
BUDLEU,2.8405967,2.4042938
GALWOJ,3.7940836,2.796423
EFODUC,1.9867033,2.4322076
POKQOY,3.5687733,2.365602
EDITUK,3.0841386,2.3149571
GICKOU,2.2699738,2.4244611
IJALIR,2.88223,2.7120008
EBEZAQ,2.6805937,2.145585
UGEDAO,2.956245,2.3118896
RUVREI,2.600048,2.445218
MICWII,3.835445,3.4382207
VUZVIY,3.3818312,2.4573243
KAKDUZ,3.3657763,2.4612007
NUMJEN,3.852316,2.6149175
AKOZIM,1.9064298,1.3591557
WUZNEN,3.0308042,2.474016
JUCBIV,3.013661,2.2724237
NAYFOM,3.0242734,2.550495
VEZCAI,1.7638421,2.0336168
EBUGOB,2.7848132,1.6834077
KIFZEI,2.9143395,1.9217596
LAHGEK,5.4169707,3.9647346
WEHRIO,2.4343307,1.948545
QUWRUY,3.916807,3.40222
VEMDIE,4.1429334,2.7748933
RILXOD,4.393278,3.0170484
VAWVOF,6.098344,4.2662606
IQEYUB,5.9753485,4.1930327
LEXWAO,3.2327127,2.2024288
WUVJAB,3.0882201,2.535152
IKEMUJ,4.318991,2.6529016
ERIKOG,0.7774293,1.8347198
SOZXAJ,3.3611505,2.6220036
COJYOT,2.5409992,2.4649
YUPBIX,2.4618142,1.9756935
NUMJIR,3.0305321,1.9132706
IJIZUZ,5.2093477,3.889622
COJYUZ,2.5107946,2.5332093
FUZKOD,3.5606098,2.682168
UGEJIA,2.7026348,2.9517548
ABOFAC,2.884951,2.7968206
QUTMOK,3.101554,2.4010062
POMXEY,3.1391056,2.4768312
RUMKES,3.4493153,2.6669388
KIQDAT,3.415029,2.7452164
CAHFOK,2.8052218,2.2339067
BIPKUK,3.6416998,3.4320278
UGEQAB,2.3712,2.3626146
IRURAR,2.8501205,2.2296634
LEVCAU,1.3768961,2.2707748
YEDYIT,2.8046775,2.2929182
VEZMEW,2.0130982,1.908364
MICWEE,3.9712298,3.2948632
ENEXUT,3.7701375,3.0280242
HARTON,3.9932709,3.0137239
LEVTAL,2.8101199,1.1823903
TUDZAW,6.4412074,4.2753067
YEYRON,3.6264615,2.6201074
LEHQEW,3.8242881,2.8865097
EBUGUH,3.207134,1.6596261
COJXEI,2.5222235,2.526971
OYATEQ,2.41365,2.315123
KOBWIH,5.359555,4.085108
UGEDES,2.7815478,2.3697903
RIPLUB,0.26095718,1.7181561
EHOMEW,2.9105299,2.0377393
DARREU,3.4240088,2.4999995
RUMHAL,3.429723,2.3600502
HEJNAP,2.5869865,2.1289885
PAXROZ,4.088783,2.8605757
LUXRII,2.884951,2.074387
KEPPOO,2.1899724,1.6011372
FIQTAA,0.771987,2.1848607
HABHEX,3.7012928,3.1508021
ZERTOJ,4.2052474,2.9964578
AKOZAE,1.9018037,1.3239963
QETGIJ,2.2639873,2.6245036
GURLAJ,2.5048082,1.903971
DUBMUL,3.2229166,2.2687116
SUQKUN,3.9581683,2.5474207
VEZBAH,1.9208517,1.7952031
TUMGAM,2.3861666,1.9809825
QUNBUZ,4.35872,3.2650855
CISROP,2.0419424,1.8471187
GUJXIV,4.6852565,3.0541456
NENJOG,3.4411519,2.716526
APOMEA,3.5818348,2.7783592
VEZBUB,2.3282063,1.9887642
TIHZET,2.9940689,2.604147
TUSCIW,4.1696005,2.9854772
SIQQUI,3.8517718,2.276289
RAMSIL,2.6887572,2.218194
DISZEO,2.6346064,2.0691717
ZOGYED,2.631069,2.1352038
JADMAG,4.5279746,2.868267
YEZGAP,2.0920115,1.8323741
GUHXEP,2.442494,2.298563
UQUJEW,4.5872955,3.277869
IVANEB,5.4052696,3.7302985
EZEGIC,3.5219698,2.7999806
LUNKUD,2.6639948,1.9786395
CUCVII,3.6460536,3.177299
GITCIZ,2.4411335,1.9708904
IKEGOX,2.2294288,1.8453355
GEHYEB,4.636004,3.678107
APAJEJ,3.018015,2.1719687
ULITIV,2.0403097,2.1290298
POLKEK,3.6577544,2.7595875
FUBNEY,2.5151484,2.1040738
RAMSEH,1.9793563,1.9093577
ICEHUV,2.963864,2.2902873
RUMKIW,3.1059077,2.5757189
ZERVOL,4.1257906,3.1420877
DUJVOW,2.979919,2.4124084
BITHOF,2.9717555,1.7497061
CUJFIZ,2.6653552,2.7487113
JEBXIB,3.7363954,2.7263527
GURJIP,2.6082113,2.5321422
AZIZER,4.247425,3.4974551
VITMIY,4.3628016,3.346909
SAFCOV,5.955484,3.0753617
DAFJIH,6.9838023,3.8914657
OTUPOL,3.5505416,2.7079356
YEHLOQ,2.0656164,1.7616376
KASTIL,3.7910903,2.9294972
LOCLUO,2.8969243,2.4269917
WUFLOA,4.753285,3.4151711
DAKFOO,4.09613,3.3453114
IRUPOD,1.8952731,1.4219999
KOXYAA,5.3037715,4.005099
ZADKEX,2.2993622,2.546011
YEJMOT,1.8171763,2.2435372
UWIKET,4.1306887,2.8075716
NETKUW,3.7459195,2.8069792
LEWPEM,2.6667159,2.1198573
LEWQIR,2.6297083,2.4013338
ETUJAF,3.3323064,2.819507
COHZIM,2.4201808,2.5008836
JAJPOA,3.7840154,3.1084116
PADBUV,2.3388186,2.097459
REFQEC,2.5230398,1.6233685
MEGJAN,2.475964,2.0724635
HEXROV,2.5418155,2.132225
SUQQED,3.42673,2.526895
GIFTEY,4.0038834,2.6273975
WEJDOI,0.9815147,1.7606072
SEYYAA,1.6318668,2.4705772
VEVVEZ,3.403056,3.005968
ZIHQIU,4.1549067,3.6042488
UNAKAY,4.9168253,3.5937746
TUSCES,4.1497364,2.8615627
JEBXEX,3.7777567,2.6686757
IROJAD,4.891247,3.2265794
ZADROP,4.7149167,4.3044696
GURKIQ,2.3287504,2.3492234
WINCUS,0.18558165,1.4324437
DELWUQ,1.696902,1.7197179
YILPAO,3.9200723,2.8226516
AXACAG,0.960834,2.0429752
LAHGIO,5.1301627,3.9492056
BUXDUW,2.760595,2.6396716
ZAWSUP,4.6585894,3.4611971
ASEROI,1.8547281,1.8684057
TOFDAX,1.8707829,1.5923284
GORMAE,5.2474437,4.3586683
DIGPIW,3.1921678,2.115855
JECMAJ,3.1597862,2.6927028
FEJZAZ,5.170163,3.6832054
TUXQUB,3.3660486,1.7292533
JEDSIY,2.9867218,2.7440088
RAHDAJ,2.5080736,1.0699687
AWONUW,3.6411555,2.94041
WOGZIB,3.2950268,2.4604373
YOQCOX,3.8996637,2.9612067
SUQNIE,3.7094562,2.199126
LOFGOG,5.2316613,3.981926
KIXTOE,1.9219402,1.988112
PUMTEZ,4.953561,3.6161253
JEMJEU,5.408263,3.8707976
TOLMUF,3.843064,3.0371008
QIZVUU,2.9456325,2.201929
GUSXOK,3.0523012,2.192863
FECYUL,3.7717702,2.257083
LARXOV,3.0925741,2.2758117
CIWDIZ,2.939374,2.3738017
COHCOV,1.9586756,2.2945342
FECYAR,2.696104,2.4110212
MEJSIG,2.9837284,2.6519902
FUNKIL,2.750799,2.1888769
RUCKEI,4.3911014,3.4452562
MELGIX,2.0092888,1.9042212
HEXSAI,2.4645352,1.9108341
NOZTAA,2.607395,2.2763896
JAFBOL,2.654743,2.6479232
ZAYBOU,0.93335056,2.0299373
XORLAT,3.3393812,2.686556
EMUBOG,4.571785,2.7213054
PUVZIQ,5.442549,4.0545363
MOTBUV,3.6680949,2.9721427
QOCFOH,3.7668722,2.8114173
FEDGEE,2.9899871,2.2777166
YESTUP,5.4947953,3.9169624
BUXCEF,3.0743425,2.6699452
ODUDIE,3.2411482,2.4330046
DOJDUF,3.6280942,2.824601
PITXUP,5.592484,3.7910497
EYEKUR,2.5407271,1.7401395
GURHEJ,2.673791,2.4145367
FECXUK,4.0716395,2.72452
ECUTUV,2.755425,1.9511077
CEPKAN,2.265892,2.048074
PIVRUL,3.7559876,2.9664273
GOCBIN,2.9807353,2.4443421
LOHWIR,1.2759418,2.2378745
YEJNEK,1.7632978,2.3076596
IDESAP,1.9654784,1.4789808
TIQWOJ,1.9921455,1.8928778
MELYIP,3.2923057,2.8443494
HEWCEV,2.5630405,1.9882865
KUJNUB,2.0441194,2.1138318
GUJNEH,3.4144847,2.990117
GUPMIQ,2.9761093,2.6431303
HICFUY,1.5951315,1.4057928
QURTUV,5.5146594,3.9086888
TIJWES,3.231352,2.9924607
GIXNOU,2.9208703,2.2326403
UFUHEM,2.571748,2.4740446
NOZSIH,2.9508028,2.3883252
BILKAM,2.3725607,1.9844977
YONYOR,3.9516375,2.980754
LUXSAB,3.231352,2.138862
KUGLOQ,2.6082113,2.0272148
FILWAC,4.8139663,3.5161824
QUTMUQ,3.6629248,2.9987748
IJEDUX,2.59515,2.124064
NEPRAF,3.1513507,3.1514604
PEMDIY,3.71381,3.0484393
OTUPEB,3.0808733,2.5400143
DUJTEK,2.7845411,2.2412953
JOYQAS,3.1535275,2.2875946
NELBIR,2.9287615,1.3764398
ANIYAA,2.7644048,2.5360894
LUPTEV,5.5309863,3.6080704
GAYZIP,3.749457,3.3950877
JETSIO,2.822909,2.2193794
BOCGOT,3.3374765,2.9635499
HUCCIU,5.2746553,2.8201444
PURSON,3.9562635,2.525941
HOSXAR,3.7704096,2.61789
WOCJIL,5.3718,3.742753
RIBMUN,2.7761056,1.6398154
FECTEQ,2.920598,2.0317369
NUCYIU,3.1527112,2.750762
BAFHAV,4.2738204,3.215122
VIDSEK,4.619677,3.7824936
IMINOK,1.6909156,1.4879757
RUCQEO,3.8180296,2.7614143
NETJIJ,2.9543402,2.386301
RUGXAV,2.7230434,1.9787719
UJUQEY,1.9077903,1.5986322
LIRHAZ,3.142915,2.3940883
LOFHAT,5.259145,3.710092
MEMZUD,3.6765304,2.7464447
NUCYOA,3.147541,2.84257
NEDBOR,5.035467,2.6850662
RUVROS,2.607395,2.333808
VITXAZ,4.5350494,2.9644177
QIMPOT,4.846076,3.1151106
NARKEA,3.8909562,2.0290375
LADZAV,3.5222418,2.5229905
CICCOK,3.228631,2.7920096
GOQZUJ,6.1745358,4.163939
TESTUK,2.7401867,1.8666524
TESVAS,2.7015464,2.932253
VAXNUH,3.2082224,2.4545567
JEQSIL,2.535557,2.1814795
LIQFAW,3.7949,2.915683
RURHUK,3.0074024,2.0187047
COJNIC,4.3010316,2.4736874
ZUNQAD,3.3129864,2.7237773
KUMFAC,1.856905,2.2487776
GUGTEK,2.5744693,1.803409
SUKTAW,4.3168144,2.7395277
QOYZUC,3.9315012,3.2530797
NUMJAJ,3.1608746,2.5150995
ZOLZIN,2.7907999,1.8377236
BAJZOF,4.0427957,2.8158927
ERECAI,1.9809889,1.970007
SIQQES,3.4338048,3.2601438
PATWEQ,4.5491996,2.663508
HILWUY,3.613672,2.9985063
JUFBEU,1.9173143,1.5538703
UJUDIN,2.8430457,2.6775157
TAXQIW,3.0465868,2.4230978
CELTOG,3.5388408,3.0313857
BITKOI,4.5121922,3.123367
KIXYAV,1.8977221,2.0731335
UREPEP,2.527938,2.2600741
TUWQAE,1.7872438,1.9539065
YUMJOI,3.9230657,3.1725147
GUTNIT,3.2512164,2.2922938
BICLAE,2.3785472,2.3124304
DUJWOX,2.5818164,2.2108777
IKEKER,4.2550445,2.642708
GUJPEJ,4.007693,2.900871
FIBTUJ,2.3208592,2.0609882
NOWXAB,2.454739,2.2552967
UBEFIU,3.5355754,2.752979
EBAYAL,3.1861813,2.179662
FAYZOY,3.8468738,2.6319175
YUXZID,3.5880933,2.7981563
FEBLOR,3.049308,3.2233682
VURHIC,3.2523048,2.4880042
NAQGIZ,2.229701,1.8521422
PUDNAG,2.2122858,2.178126
YACTEF,3.245502,2.1868124
SAQJAZ,3.775852,2.2344575
GURJUB,2.5823605,2.4008615
ZAWTOK,0.10285904,0.91585946
TATZIB,0.13007043,2.6124754
NIZCOS,3.6046922,2.97535
VUZVEU,3.5042822,2.364532
GUHLEB,3.6471422,3.1253157
ZIJDUV,5.0792775,3.8299654
ULEQEJ,3.6789794,2.5983438
YUTNAF,3.8079615,2.9714935
KOBJIY,2.0041187,1.7385085
YOFCUV,7.329115,4.778825
NEFZAD,4.3511004,3.3992429
XILKOW,2.9505305,1.6689214
VEBVUX,0.73552376,1.9181412
YEXWEH,4.939955,3.6041517
MAQYOW,0.20571809,2.3374147
LUFXUI,1.207097,2.0024915
SETCIE,0.5398739,1.5537758
XUJTOO,2.8065825,2.1998458
NAGFEK,4.086062,2.8430152
MASTEJ,3.0411446,2.4648952
ZERZIJ,3.4925814,2.6602485
OJIDET,2.915156,1.9945291
XAHFIX,2.6882129,2.855397
IPOSEO,2.671614,2.1949737
PAXTOB,3.6416998,2.8291352
TIFLIH,3.926875,2.7489562
BUXBOO,3.2504,2.5050907
GEPLOG,4.4281087,3.6888041
BEZHUN,3.8719082,2.6591713
VEZLOF,2.3954184,1.9269489
HICCUV,1.6520033,1.419475
PIZVUT,0.14068286,0.9061463
WAMJAZ,2.6174634,1.5503105
GOYKOX,2.5864422,2.5405025
EKEHAG,3.7317696,3.1834123
DUBMIZ,3.1135268,2.2933955
QUTNAX,3.0460427,2.3483415
WAMJED,2.6688929,1.913776
PAZRAN,2.2122858,1.8880476
HUTYON,3.510269,2.2136827
VELPUB,4.1399403,3.3431253
NIRLUZ,2.3758261,2.083733
ABOXUO,2.8697128,2.2909703
WENQAL,3.6702719,2.8052015
MEMLUP,4.242527,2.6857352
KIXPEQ,3.0599203,2.475404
OJALIX,3.2852306,2.7140708
SAFROK,2.8637264,1.4704524
SUQMOJ,3.1391056,2.1483974
ANAYEW,3.6558497,2.8325849
UROVOP,5.4526176,3.7910476
SUVNOP,2.4667122,2.3102465
GEKNUJ,3.4006069,2.739639
FUZLAQ,3.4204712,2.6083188
NURXAC,2.272695,2.0509295
CATZAC,2.7396424,2.314921
NETKAC,4.242527,2.8942685
GOTYIA,2.8522975,2.6125119
ZUDRAR,1.6245197,3.0426369
HATMOI,2.452018,2.158388
PIJQIM,3.3690417,2.5801866
HICGEJ,3.0008717,2.337654
DIJSAU,3.6642852,2.150151
ZERVAX,4.1187153,3.1453354
YINMAK,3.5219698,2.7142215
ZOBCOM,4.084157,2.7758198
CISRIJ,2.2911987,2.0324066
ROWZIP,3.0245457,2.1754608
YOTGEU,0.33823752,2.1291797
UDUXUQ,4.452055,2.9162185
HIVJAB,3.1246834,3.495759
FAMSEV,3.5429225,2.737769
WAPQUD,2.6612735,2.0207887
JIQQIN,3.248223,3.0597456
FILHOB,3.3565245,2.7224996
GEPMET,2.9336596,2.432344
VEKFUQ,2.6922946,1.9993563
QASMUW,2.6452188,2.0452394
IQEDAM,3.6670065,2.7865226
UKAWOV,4.061027,3.3216166
KIQCUM,3.5336707,2.7913184
VAZKUG,4.4681096,4.0599346
SEYYOO,1.5469673,2.1599278
NOVYEF,2.3858943,2.1786652
QASLAB,7.019449,3.8881338
ROYTIL,3.5997944,2.648849
RUCPOX,4.284433,3.1925929
LELSOO,2.7733846,1.4865648
BIBDID,3.147813,2.6992075
AHETIT,2.9214144,2.1113605
HIHSUQ,2.3099747,1.6602346
RUGYIE,2.8952916,1.5938672
ZUNNEE,3.3358438,1.7166299
FAZXIP,3.329313,2.8666332
MITZUO,4.480899,3.1512344
UJUPAT,2.330383,2.3790967
FECYOF,2.856107,2.2612262
BIDGOO,3.8109546,2.509067
RITLEO,4.4613066,3.1234593
ASERIC,2.1355495,1.7854633
VEYXOQ,1.3428819,1.8872398
JILXUB,3.0335252,2.7664325
TORPIC,3.0362465,3.3581843
ADAQIJ,3.5206091,2.8200696
POSWOK,3.329041,2.760398
REPQIQ,3.6789794,2.6931646
QUNDIP,2.3028996,1.6079755
EZOVUN,3.917079,3.1395984
NOZSON,2.9290335,2.3998804
CERBAG,3.2063177,2.5173144
WENPAK,3.6936736,2.7464325
HIBYAW,4.0874224,2.1391654
COJZAG,3.6416998,2.7322783
WALDAS,1.746971,1.9271624
HOPBUJ,4.5206275,3.0277624
KUNXAT,3.959801,2.9466555
RAPRIN,2.4765084,2.038175
TAYXIE,2.2971852,2.1775997
AKOVOO,5.367446,3.767476
TUDQIV,6.1846037,4.228528
AFAHOI,2.6868522,1.8782723
LETGIE,4.235452,3.149177
TEGNUO,2.5627685,2.2504349
WENPUE,3.7440147,2.6658704
UWIQOJ,2.757874,1.9656355
LIQFOK,1.81636,2.0192673
JILQUU,2.6620898,2.2486494
PUFJEI,3.3733954,2.5717416
VEZLEV,2.4433103,1.8190044
LOYHAL,3.7505453,3.3433917
WEBRUU,2.915156,2.3426478
WAWMOA,2.831889,2.122761
POMJUA,2.301267,2.2197416
AZIYOA,4.191642,3.6867042
CAHFEA,2.7105262,2.166695
NIYTIC,3.8177576,2.782037
ACESOU,3.9905498,2.5795753
WIMDOP,2.0582693,1.4580817
HILNUP,4.4150476,3.828449
JOYQEW,3.223733,2.776343
RUFBAY,4.4468846,2.830435
ZUFZUY,3.8223834,3.3647227
BEZZOZ,3.4705403,2.5811458
GOCXEF,1.5401645,2.0021727
QENJUS,2.1350055,2.090612
KAKFEL,2.7069888,2.5974646
QECJOB,3.1932561,2.6278841
HAZTOV,2.9546123,2.3477197
GIXDOH,4.653147,3.9724689
VEKGUR,1.9643899,1.6142639
GUYFAK,3.8893235,3.1891987
AHIBEB,3.8052402,3.1626616
SIRVIC,2.7418194,2.7438602
KUPBUV,2.9102578,2.0722573
DODCAC,0.22367759,0.72593856
LIVYEY,1.9200354,1.4939079
JABDID,3.1467247,2.157699
SOYWUA,2.6441305,2.0482132
BEXGIY,2.752704,2.454497
VEZCUC,1.9611247,1.8984414
YEJNAG,1.8650684,2.3551803
DAYFIU,3.3372045,2.2597978
BICKUX,2.7537923,2.550348
NOQNIT,2.097998,2.1310716
EHONUN,5.360371,3.816289
APAJOT,2.8465831,2.0003405
HEXRUB,2.540455,2.1293073
TURMID,1.3085955,1.198919
VEZQUP,3.145364,3.4795814
VEZCOW,1.5379876,2.0722065
GISQAE,4.6743717,3.4707222
ZERTID,4.112457,3.1535468
KEVMEH,3.145364,2.7595928
ZERTUP,4.225384,3.0405655
VUKVOP,2.6261709,2.3870697
APIYAA,3.0618253,2.8987458
SIQBIH,4.566887,2.8044891
KIJSEE,5.342684,4.0807395
NIRTOB,2.540455,1.7921474
EVUKUE,3.1075404,2.3908393
FACLEE,3.8604794,2.4193847
QAGWII,4.0879664,2.887456
DEPJOB,2.6054902,2.3849368
MEGDAH,2.576646,2.1654656
CUCVAA,3.3834639,2.7857776
SUQLOI,3.3167958,2.2708094
BUWZUQ,3.4708123,3.0517972
DUBMAR,3.1540718,2.2941222
NEYCOL,3.3497217,2.5692348
UMEQEL,3.802519,2.9307792
XIZFAR,3.1407382,2.3740244
NALZOT,3.0925741,3.3030038
INILUP,2.222354,1.59805
HOYGEK,4.9315195,3.079372
CEYSOS,2.2901103,2.413208
KATJAU,2.7546086,2.342675
TIHQIO,4.7579107,3.6393058
RAMSAD,2.7249482,2.189095
EZEHEZ,4.0191216,2.9939063
KAKZEF,3.7314973,2.6110675
QAWLOT,3.4906766,2.743181
ODUGON,3.453669,3.2000487
FAYYUD,3.8221114,2.4650526
GANTIA,4.1287837,2.8708284
KIFZIM,1.5042454,2.623131
IHALUB,6.383247,4.050874
XOPVAC,2.2068434,2.1387093
PUJVEY,4.356271,3.1796556
TEFROP,2.8256304,2.6810946
YODFUW,2.4936514,2.1454773
GAWRIJ,2.4563718,1.7257577
AXOTEP,2.4993658,2.0625458
GURLOX,2.5505233,2.2935994
HIDNUH,3.0928462,2.3689833
MUVBEN,5.236287,3.5515578
WACPAV,2.5203185,2.1660054
IXOQIY,2.3652136,2.1587443
POYPEB,2.344533,2.2004006
YUBRUL,0.08326684,0.8722756
GEVKAX,2.246572,1.9111214
MUYKAV,2.5782788,1.9657986
JAHQES,2.4740593,2.222201
ZOBBOL,3.9138136,2.6132648
FANWIB,3.496391,2.4786537
XIBKEC,3.3407419,2.88529
SEBWIJ,4.050415,3.5729613
SUQMUP,3.6686392,2.2725358
KEFHUC,3.3401976,2.9768188
POMLIQ,2.2838516,2.3956409
VALFIZ,1.8745924,1.679551
BEJJAF,3.675442,2.803119
YUYHEI,3.2245493,2.4352596
DAFJON,4.9168253,3.2374918
BALQEO,1.9050691,1.8291658
NEFMIY,4.347291,3.390196
NOVLAO,4.4672933,3.3361855
BELVOH,3.678163,2.4954975
IKEMIX,4.3821216,2.6601772
ZAWSID,4.352189,3.4276197
BITKIC,3.8270094,2.679739
HIBWAU,4.0876946,2.1389825
QASNIL,3.7298646,2.3729293
FECZEW,3.328769,2.429457
KIXXUO,0.34504038,2.639902
EMOYOX,2.9097135,2.3046818
AMUTEK,2.8283515,2.3219976
CIVYOZ,2.2865727,2.308591
UQOVII,2.9361086,2.1989176
SAFDAI,6.954686,4.117816
ASEWIG,0.46068877,2.51446
ZUCHIR,3.7317696,2.1174347
KAKDIN,3.9529982,2.771439
KAKVEX,4.019666,2.5049443
EFOFEO,1.9755466,2.42373
EBUHAO,2.4024932,1.4193984
GUJQAG,4.0166726,2.9250133
BITKEY,2.9268568,1.994278
XINMUG,5.492074,4.0281925
NIKMAZ,2.294464,2.2055707
KAZJIH,3.7301369,2.970714
SEYZAB,2.9834564,2.4722514
PAWCUP,2.6517496,1.9486899
WAWNAN,2.7355607,2.0531368
GOCBOT,3.0240014,2.303933
DIGZOM,3.2248213,2.0301707
XIPSIC,2.3282063,2.1913052
ZOGXUS,2.492835,2.2832198
DAKFII,4.6678414,3.523364
OKUCUV,5.1832247,2.8248692
NIYTOI,3.6746256,2.7652752
BUPJUU,2.2691574,2.0023854
QOSPEU,5.7533035,4.3233666
PASLUU,2.0068398,2.6926208
QAJHUI,4.2950454,3.776169
IHIJIV,3.8316352,2.7613811
FAHBOJ,3.2463183,2.738918
AFOLAJ,4.4934163,3.4152455
XUHCOV,2.8659031,2.146042
WOMVIG,0.18748645,1.2884383
VOTJOG,1.1379802,1.5886927
NESZUK,2.8906655,2.2179387
COHFOY,1.2922688,2.3504682
MANWIL,2.9796467,2.6161594
AZIZAN,4.21967,3.6845498
NUJVAS,2.189156,1.9791435
MASSUY,3.0288994,2.3845813
NUYPOP,3.1102614,2.3110487
COHDUC,2.879509,2.2759075
GEQBEN,3.1703987,2.731688
RECKOD,2.6155584,2.4906838
BOCVUO,3.302918,2.8182867
MIKJID,2.9725718,2.3757675
GURLIR,2.5812721,2.3411794
JETGIC,2.8190997,2.2104194
EYOPIT,3.702109,2.8888636
NASJUQ,3.8419757,2.7606084
JULCAX,2.41365,1.5682601
KIGNAT,2.9842727,2.319749
MALZAE,2.798147,2.0171354
JECLOW,3.797621,2.5059536
QAMLEV,4.6417184,4.077599
BIBBAQ,4.7717886,3.4955225
IBUTOR,3.0321648,2.3210042
TOTXAE,2.8501205,2.3530395
AKOZOS,1.9004432,1.4241605
EGAPOR,3.0250897,2.8674245
JACKIL,1.7211202,2.0443654
BAJZIZ,3.9372156,3.2298698
QUMDUA,2.0716028,2.1343312
FOFMUM,4.263752,3.1417572
TEXDAF,2.241674,1.84057
OJEKUJ,0.5270845,2.588014
TIFMAA,3.5693176,2.3992157
HUJMAD,2.411745,2.0384986
TOVZEM,6.8572693,4.259899
HUZWOP,3.6270056,2.8089433
AXENEZ,2.4966447,1.9738863
KEPPII,2.731751,1.8645656
UYORAE,2.153237,1.7185004
KUMDEE,1.8827558,2.2161381
FECVOC,3.355436,2.1824713
OWITAS,3.020464,2.4812036
YETJIR,3.921705,3.4843092
QUTMEA,2.6977367,2.524239
PUHHAE,3.577481,2.4370801
GOTYEW,2.5839932,2.6292322
QAMTEH,1.6098256,1.8168303
YIJXUL,3.1725755,2.9276896
KAKCOS,3.0454984,2.5450249
FEGFIH,4.732332,3.2527995
BECHUQ,2.9404624,2.3208783
ZERTAV,4.20035,2.94987
EHEWUL,5.0273037,4.117088
AWOJUS,4.0008903,2.5291424
OTUQAY,3.46537,2.7612398
MOZMIA,3.3116257,2.643643
MAJMOD,2.2914708,2.136772
NATRUZ,1.7510527,1.972128
SUQNAW,3.0223687,2.1676564
NESZIY,2.4884813,2.1668668
CAXBUC,1.866429,2.33903
FAYZAK,3.7154427,2.4810872
FIDZUR,2.9796467,2.3349388
MUNWAW,2.571748,1.7846615
UTERUJ,2.492835,1.9836324
TIHQEK,4.4588575,3.8550363
TIHQOU,4.0827966,2.9312873
KECGEI,2.41365,1.9189872
UREPAL,3.121146,2.3690045
TILSUG,4.729067,2.7413116
JAGNEL,2.2718787,1.9835379
HAZTIP,3.0406003,2.5631814
YEDYAL,3.1143432,2.7279968
MUDWEQ,3.7276878,2.7646387
FECWUJ,3.4708123,2.6568198
HELKES,4.2036147,2.669121
RUZLAB,3.6814284,3.3921394
DAFKOO,6.9846187,3.891939
WOTHOF,3.0291715,1.6221259
UTEXID,2.3932414,2.2048793
GIQNON,2.2264357,1.908314
KAQGUH,2.8642704,2.139252
VADFEP,3.4286346,2.5956063
PEGQAT,1.8008496,2.774931
BUXCAB,3.4517643,2.6676767
SIDPIG,1.957315,2.500824
CAYWEI,3.2792442,1.5975649
SIYWOQ,2.5347407,1.9996055
ISAKAR,4.074361,2.8410096
NIKHEY,3.345912,2.0745606
BINPUN,1.8631636,2.2068012
NUHDUS,5.169619,3.3393266
QOVLAR,3.797621,2.7958176
FAZCES,3.1774735,2.5235612
ZUFZOS,3.7176197,3.2327278
GUJXAN,4.0376253,2.832375
MIJLUP,3.6830611,2.893509
ECOZAA,4.9671664,3.0000343
BAVWIH,2.8435898,2.7393944
LIDKUE,4.079259,2.5517766
TICMOJ,3.0574713,2.7732425
XAXBIJ,6.6735926,4.121254
DAGNAC,6.488555,4.3661256
OLUHAE,3.3007412,2.7966416
XUCHEJ,2.9020944,2.5787458
BORJEY,2.2691574,2.284727
SAGYEH,2.8210044,2.0941808
GELJOX,0.9143026,1.2055491
UWIBUY,4.4395375,2.4998894
ILIJAO,3.99572,3.1746612
RAXDAV,2.1502438,2.5205214
SODZOC,2.6887572,2.4228075
EXUZUT,3.2961152,2.3376667
VAFTUR,1.7379912,1.9801265
LECWUO,3.8656495,2.4297748
JALJIS,4.4419866,3.052315
DUVHEJ,2.7429078,1.8781235
DARQIX,4.1206203,2.7286727
ULOWOH,4.330964,2.7344441
LOPVET,0.7461362,1.589026
FAPDOR,3.0601926,2.6976006
HUDNIE,2.8710732,2.1250196
XOCKUX,3.4406078,2.8015807
BIZWAK,3.023457,2.3547528
OLUKAI,4.6060715,2.9951541
IZEVIT,2.6484842,2.2415748
RIKYAO,2.2288847,2.2743745
QIYKOB,1.9496958,1.4568205
FEJPIV,3.6906803,2.9171393
XEVWUR,2.3423562,2.3430486
FATJUG,4.0259247,2.7956605
TAHYIM,3.9905498,2.8625941
XAXZIH,2.910802,2.0580854
POHTOV,4.42049,3.0897412
XUVWES,2.8324332,2.5457027
QIKFEX,2.09827,1.9995788
MASXUC,3.7336743,3.2985394
GAJGUU,4.38321,3.2384403
YOBBIB,2.6642668,2.7181299
QURGAN,0.41769478,2.0213852
WOFRAL,4.8806343,3.664082
WUGLAM,2.934476,2.8187482
HAWCOY,6.306783,4.072231
LELFEP,2.6008644,2.1939454
WILVAR,3.1535275,2.3954177
DITVUA,3.161691,2.231841
PONLUB,4.162254,2.7840228
BISNUM,3.5208812,3.0199842
CAZQAW,2.8060381,2.4843607
LOPJEG,3.8487785,3.0469947
DEGKAB,3.6368017,3.201689
UVEVEY,4.048238,2.9737372
UBOMUW,4.5853906,3.3508854
KAPBOU,2.9785583,2.735289
JADVIW,3.2876797,3.1697302
COQVIP,6.063241,4.5003824
YUDLUF,4.126607,3.4215438
PIKFOF,2.9309385,2.0572088
ZIXVOU,3.336388,2.5085661
YIDQIN,3.7622464,3.3268962
USEDIH,2.6805937,2.119508
POFTEL,4.2792625,3.011718
XOTXAF,2.2043943,2.210323
TEVJIQ,2.5418155,2.0569263
OBOCUE,4.098579,2.4107296
UTAWET,2.4120173,1.8286107
UGIBAP,2.865631,2.4774861
QAWHUT,3.152439,2.7297287
WIWSED,2.038677,1.7967799
ICUDAM,4.963357,3.2316072
MAZTAK,2.6637225,2.491078
JODNOI,2.743724,1.8124108
POLKIN,3.283326,2.9244819
TAYQUG,3.539385,2.25749
NESDAR,3.7524502,3.100118
BAQROA,2.853114,1.6919951
EBUHAN,2.430249,2.2344742
EYIZIX,3.1154315,2.1846144
ERURAL,2.631341,2.862568
YIXGAQ,2.9303942,2.775826
NAJDIO,2.3311994,2.2411852
OKARID,4.1187153,2.7731252
EMAFON,2.5554214,2.1400988
PARSIL,6.9383593,4.291152
VIPJOU,2.437868,2.417526
FULZOD,3.6572104,3.1835022
QIYCAD,3.6830611,2.5800009
QEMXUE,2.5769184,2.2262905
VIQMIS,2.368207,1.9572808
XADKOE,2.3690233,2.2594075
OMOCOK,0.8391991,1.4090402
XORPEA,4.5206275,3.0676796
JIDVAW,3.6819727,2.381786
LEYQUB,4.624303,3.2432213
KAPDIQ,3.3442793,2.4813356
BPNCUB,2.8305285,2.0766544
QAXFIF,3.8874187,2.7918584
LODQEC,3.6640131,3.464857
MOFHEW,5.5522113,3.8186464
FORKAZ,4.345114,3.1996872
KUNDIH,3.4547577,2.7522697
GIYMAC,4.3219843,3.324007
GAMMAK,3.6139443,2.634681
MULQIU,2.2547355,1.613649
FUFVIM,4.6920595,3.003896
RAKROL,3.7875528,2.6158628
LECSOD,7.0036664,4.2848434
JODTIG,3.6340806,2.7718983
GUTNUF,3.7818384,2.5537856
QIRYAR,2.8163786,2.2512963
WEGHOH,2.7916162,2.3805299
UFIZEO,3.5045545,2.483768
ZOJXIH,3.1012816,2.48205
TEXJAK,2.3399072,1.9333161
SIGXIR,3.3257756,3.0467093
YUVPUC,3.039512,2.4345856
VAGJUL,5.238736,3.8920574
LEBNOX,0.5382412,3.7345588
GUWNUJ,2.674063,2.401645
LINVUA,3.381559,2.219567
YUGMET,4.905941,3.6580415
ISIROR,4.0778985,3.009562
ZOFHOR,4.093409,2.6799035
HAXXIP,2.5086176,1.9426625
MIMPUV,3.720885,2.604135
ITIYOB,3.489044,3.2931738
ODIGEO,3.1012816,2.4897976
KAGBOM,1.9684716,2.201396
DAJKIL,4.8814507,2.8767629
DUSTUI,3.4996564,2.764659
YONYUX,3.59408,2.8699627
SAFLES,2.117318,2.74538
HOCZAA,1.8645241,1.9281548
XIGLAC,2.94917,3.0517817
YEJTAL,1.9649342,1.7101007
QISMUD,3.651496,2.2982867
QASVEO,3.5241466,2.696906
TUTNEC,3.4014232,2.5178049
VAFMOE,3.469724,3.117646
NADKIN,5.3421392,3.2916026
TOLDIJ,3.1420987,2.039509
CISWOR,2.7518876,1.8499575
YONYEH,3.2308078,3.1240783
BEBQEE,4.980228,3.21412
PAXPUA,5.3497586,3.596951
AXUQER,2.5894356,2.3264544
CIJKIR,3.0046813,2.6382918
VUGCAC,5.159823,3.205555
UHERAC,3.047131,2.1026611
GEZLEE,3.1124384,2.4278357
ETEHUG,3.8196623,2.641553
UJAQIF,3.8827927,2.5259876
ZEGWEQ,5.571259,4.177637
GOHDUD,1.3997537,1.8936454
BAKFEA,2.5170531,2.2847934
XISVED,3.0000553,1.7471318
YIKFON,4.0689187,2.5227966
XAXGEJ,2.4120173,2.157535
OJELAQ,3.983747,2.885944
PITDON,3.6316316,3.0630803
TEMZOC,1.938267,1.5565653
AZIFAS,2.5722923,2.2420034
ZAHCEQ,2.6424978,1.4573561
GILWOP,3.4348934,2.196356
CMTZZN,4.5121922,3.8454788
DUSWAR,3.394076,2.6520867
OPEVIP,1.923845,1.5339651
TUKKIV,0.79974264,0.101311445
VENGUR,3.843064,2.9193227
UMAWIO,3.1951609,2.184722
DAJKEH,4.8049865,2.9425716
ECOZII,3.8493228,3.0989265
AGEZER,4.5116477,3.0027504
KAYPUX,4.107831,2.9504821
ICECID,3.9736788,2.3473985
JEHHEK,6.2722244,4.1406345
QIJZAN,3.3372045,3.4673114
KEGMUH,4.3045692,2.9223037
ALOPAS,3.6846938,2.6083572
PODVUA,2.6128373,2.1584654
POCXIO,2.7461731,3.2390392
KODJIY,2.552428,2.3615112
XERFOQ,3.6931293,2.8495295
UQEDEA,3.2294474,1.5354493
LUZTUV,3.5148947,2.4280865
YIDZIV,3.1108057,2.5130436
IKOYUE,2.7774663,2.4871697
UQENAG,2.679233,2.4523308
BOPCAL,2.9480815,2.4265883
HECMEI,2.8620937,2.4285471
NAZKOQ,2.1262977,2.0699363
JEXKUT,2.9244077,2.508215
PETJEG,3.713538,2.864144
MUCBOC,4.3388557,3.1238446
QASRIL,3.6909525,2.5151453
ASEVUR,2.5026312,2.954038
SUWTIP,4.281984,2.9084454
HIKBEI,3.1078124,3.0190432
OVESAL,4.8988657,2.9179406
OYOBUB,2.5317473,2.3765996
QOMTIV,4.077626,2.651941
MUQKEP,4.133682,3.2036183
JAYXIR,5.1443124,2.7914467
RIGFEU,4.198445,2.9846263
OKIBAM,5.010977,3.4611936
ULAVUY,4.0378976,2.8517897
MEYGOM,4.6705623,3.7406168
VIQMAK,2.6732466,2.232151
IBUTIL,2.8278072,2.225507
KIKNAT,4.766074,3.9327722
ZOPQUS,6.79686,3.7626586
MALFOU,3.6811564,2.6774225
QOTBOR,2.7616837,2.2659287
SEJZEM,4.21069,2.8191943
TIQLOU,3.3804705,2.261968
JUGRUA,1.9235729,1.4260839
KIBTIZ,4.038714,2.709669
EXIYAN,2.9532518,2.0723224
TOJHUX,1.957315,2.2427454
SUXREJ,5.0441747,3.6420827
AYISEH,2.9937968,2.663475
KEFNUF,4.6566844,3.297511
ICIMAJ,2.2215376,1.8606055
QORLIS,2.5728366,2.6174889
YIDROT,2.688485,2.063036
NIRXIX,5.233838,3.6933692
NAXXUH,3.4618325,1.990567
QOFJIE,0.35592493,0.5485375
MIJQIG,5.735888,3.6175275
EREHOZ,4.418585,3.002068
METVIR,5.094516,3.3302727
ATUMUZ,4.426476,3.1412444
UKUXEE,3.1965215,2.6393795
QUGDOM,4.8221297,3.516813
NEDWAX,2.0593576,2.8322701
ZOFFOS,2.024527,1.8182372
TIDJEV,3.799798,2.6838827
OMAZUZ,2.6509333,2.1142094
PUJSAO,4.9443088,3.0618093
MORTOD,1.785339,1.4924905
YIHJUV,4.383482,3.0724638
BEGTEP,2.6571918,2.411816
MIQVAL,5.282002,3.794775
GOPDEX,2.5205908,2.124549
SEMLUR,2.4346027,2.3147142
BIHSIX,2.635695,1.8852626
LEYROW,4.159805,2.921541
EFOXEF,2.210925,1.8255216
GEKVUQ,2.4843996,2.3407793
JEHGIN,7.09292,4.329299
UQUVEI,2.4182758,2.1233606
QERHEB,1.0160731,1.4645277
BOPQAA,4.1660633,3.092069
KAQXIJ,2.437868,2.1921291
VUCBUS,3.9203444,2.9726346
KANVUQ,3.2256377,2.5550327
KIMWOV,3.7421098,2.6344273
IFISAS,3.1110778,1.8437133
SAJDEO,6.310865,3.384181
ICILOX,2.1230323,1.5913521
MAJDOS,1.6283294,1.2238164
QOFYEQ,2.6661716,1.9180831
IZUNUM,4.6618547,3.4751556
MEXREM,0.36844218,0.56732464
VAWVIZ,6.969652,4.330622
XEPTUI,2.4814062,2.248085
KADSEP,0.836478,2.2614832
SAYYIB,3.6961226,2.9559555
YADQOM,4.9943776,3.0420456
HAZVIN,0.27728403,2.7416122
LEXTOA,4.059939,2.3592055
VOWLEA,2.4060307,1.7551373
BIVROO,2.6664438,2.0607471
XENCOJ,2.8514812,2.4840071
ERESEA,3.4033282,2.80889
HIVHIG,5.5233674,3.7158387
YANBEV,2.3937857,1.465213
ZIZGEX,4.1886487,2.8747582
LANBIN,3.2656384,2.3050144
CIVVOV,5.123088,3.896515
WIMCED,1.527103,1.4296947
UHINUU,5.974804,4.2086096
DURJAC,2.057181,1.8701572
MUMTET,3.923882,2.8018787
CANLEJ,6.0036483,3.9386463
BIFWUI,4.433007,3.1578236
YELXAR,2.7377377,2.1272473
OZOQEB,3.988917,2.83572
SUPYEJ,3.9698691,2.9635072
KIWNIO,3.8781667,2.962594
YECZUB,5.248804,3.3954265
MACDUQ,2.9986947,2.639046
BUTQOX,4.039258,3.0275536
SONROE,3.8713639,3.060527
WUGQEU,5.2735667,3.5560193
AYINEC,2.7502549,2.43529
WAJMUP,4.5255256,2.9835382
XIBNIG,4.1783085,3.4086978
JAHZUO,2.3282063,2.1743374
EBAVOU,2.752704,2.3089821
SEFTON,0.10177059,-0.8012388
MERTEL,0.52654034,0.7397938
TOQQEX,4.2520514,3.0376284
RODWEP,2.932299,2.0057316
SEQTIR,3.8185737,2.763813
IBOCOS,3.8879628,2.593285
ROGGIG,4.747843,3.910267
FUDVIK,3.1777456,2.6805246
HESPOK,3.2746181,2.724109
BUJLOJ,2.0903788,1.8377299
EBOLOY,4.6855288,3.9199588
DPIMZN,4.359264,3.4365203
REXYIF,5.8414683,3.9896402
NEQTOS,3.4969351,2.277181
IVEKIF,2.6610014,2.8101177
NEYDOM,3.472445,2.4913867
LIZPES,2.8446784,2.180263
NUJDED,2.3891597,1.1806762
SEKYIT,3.448499,2.9436204
WUFZON,3.2367945,2.6920886
ISAVAZ,2.3097024,2.2093382
YEDKIE,3.0539339,2.7491946
CICBEY,4.464028,3.2931166
HAMGOR,2.3507917,2.4072943
IZIFAZ,3.1265883,2.3775163
DAMKAF,3.084955,2.3953621
PIMTAI,4.3794007,3.472214
BIGXOH,4.0681024,2.9194715
MIMHUL,2.8944752,2.4542665
JOMZES,3.8797994,2.9007463
HUDZUB,4.5799484,2.9651902
UGINEE,2.473243,1.9237887
MAZTUD,2.1831696,2.1233294
XAMHIC,2.4245346,2.3328013
MPLZNC,3.9100041,2.0708828
GAVPAV,1.1891376,1.5841726
MIJVAF,4.2144995,2.8672724
PEDPIY,2.243851,1.840998
MOVYAZ,3.6836054,2.906034
JEWBUL,4.464572,3.4890833
FEPKET,4.016945,3.6548645
EDOLER,4.1804852,2.7822156
LUQQIZ,2.437868,1.8831733
FEXWEM,2.4808621,2.3577504
XUHTOJ,3.0131168,3.214693
RIBMIZ,2.6988254,2.6796765
TUWQEI,3.940481,3.162261
LOZBIL,2.8574677,2.3379292
WEVPIZ,4.000074,2.8804765
TIHMUV,5.3405066,3.6267543
MUMTIX,3.7916346,2.727069
AVUJIK,4.7785916,3.5083282
GOMCOB,0.7472247,0.19517279
PITDEC,3.2106714,1.9995806
RASCEW,3.959529,2.490848
WIWDOW,2.000581,2.1773717
DUCBOT,2.6563754,2.2857625
TIRVIA,3.248223,3.0713406
BACNEZ,3.7100005,2.536075
FAKXEX,2.1918771,1.9931881
OTOYED,3.080601,2.570219
BIGXIB,3.639795,3.20421
YAPPOV,2.3965068,1.9467216
TEFDIS,2.0966372,2.0539908
XEJZUJ,3.4354374,2.77713
OJEDOY,4.0275574,4.134986
PIWPAP,3.4289067,2.666573
HIQLEZ,3.6504076,2.4127142
EQECOT,3.4895883,2.7289293
WOVWUB,2.2980015,2.1357164
LUTPOG,4.1698728,3.0388732
SOBHIC,0.329802,1.3039268
VIWYIM,3.1965215,2.3183963
TOGSUF,4.447157,3.438447
IQUDUT,2.7491663,2.2778614
NITZEW,2.824814,2.4532564
ICEXIY,3.0027764,2.3936205
FAXYIP,2.7690306,2.6842623
AWUCUQ,3.2868633,2.902081
VUJHOZ,2.1175902,1.8010966
IXIPAH,5.326357,3.9055333
JEBSAL,3.207134,2.68118
MEXLEI,2.7829084,1.8579798
UZAZIF,0.122995466,2.6946542
SOTNIZ,4.728523,3.177243
LAZGAU,1.799761,1.7677342
HEBPAI,3.3731234,2.3187003
KEGDAC,2.9888988,2.425858
NOZGOY,3.6800678,2.6196308
YOQCAJ,3.4781594,2.9217157
XOWKIE,1.9921455,2.2145417
NEXCAV,3.7412934,2.6539757
LUFKOM,4.8781853,3.371847
XOCXUJ,4.1353145,3.369024
PEBVUP,3.5976174,2.3657355
RANHUL,3.1959772,2.6366262
FIXWUH,3.9497328,3.195944
ROPZOL,4.3192635,3.1461916
HIJTOJ,2.6947436,2.5858626
EYETIM,3.6174817,2.5259569
RUDTEQ,2.86291,2.2773442
CEFFOI,2.817467,2.3481185
IXOSUK,2.7404587,1.9814403
DAJLUY,3.6585708,2.948629
ERURIT,5.2860837,3.4669428
HUTMEO,2.294192,2.176324
KERZEN,3.1701264,2.952472
MEWKUU,5.701602,3.4594738
JIZCAW,5.870857,3.654131
ICATIQ,4.684168,2.6589084
WASGAB,5.142952,3.5470214
NALMUK,2.7135193,1.9994179
SOSHOY,3.8057845,2.957799
ZIYYEL,5.532075,3.4251847
XIPQES,3.6534007,2.7773917
NOGWEN,2.3077977,2.186446
JAZWAJ,1.7428893,1.5383044
DIKVOI,4.882267,3.900729
LOMDEY,3.00196,2.442567
KEQNUS,3.0626416,2.451518
LIKROM,5.0653996,3.0863974
QOTDAF,5.3764257,3.3770587
WEWCIM,3.1984262,3.0139225
XIYREC,6.55223,4.067893
ONOJEH,4.4779058,3.1953979
XOJBED,3.6093183,3.398349
TEGRUS,6.4744053,3.6553664
UVUMUU,3.212304,2.786722
VUDMAJ,3.0721655,2.3345342
XISNOE,3.8863301,2.5922155
TEHXOU,3.651224,1.8240392
FUGPIH,5.1056724,3.3500783
QAHZOQ,3.0939345,2.1296525
AWUBAW,0.26258987,1.029615
EFOXOO,2.638416,1.9736099
FORKED,4.7015834,3.5146108
RIJHAV,4.0327272,3.0575502
OJUJIM,3.0359743,2.5217893
DEHVAP,3.2498558,2.6464975
LICMEQ,2.8234534,2.1000392
KAZQEJ,3.591631,2.3873816
HECQOW,3.71898,2.9129264
WUKCIO,6.1021533,3.8203223
MEMPIE,5.4577875,3.6040893
ROKDIF,6.57155,3.1474142
JIVTEN,2.433242,2.31466
ZEPPOC,2.2473884,1.9103084
LIMBAM,2.7946093,2.0135784
FEKRAO,1.949968,2.0581126
YOTCUG,2.4389565,2.0889611
GOWRIT,3.5233302,2.5307384
JIVTAJ,2.435691,2.314599
NEYFII,2.9094415,2.4197726
DENREW,3.3320343,2.5794013
PAZCUQ,4.013952,3.4818027
TECREA,3.058832,2.467906
VOHHUY,3.8563976,2.8737288
YIHWES,1.9170421,1.9609272
YEXNOH,1.8321426,2.0813715
GUWXUR,4.550288,2.7363505
PIWPUJ,3.4324443,2.5846298
NOKHUS,3.8849697,2.6583717
CAWZEH,2.6112046,2.0098884
DIYGUO,4.7693396,2.8305616
ODIROJ,2.105617,1.9964547
XECRAZ,3.3309457,2.5750191
LAHQUI,3.8822484,2.5679333
IFEYOH,2.305893,2.2267032
IQODUN,0.3118425,1.8466057
KUBVOU,3.6817005,2.6455338
ETUDUT,4.236813,3.0037236
OTOWUR,6.6657014,3.93287
EQEFOW,2.6471236,2.197001
METTAG,3.0454984,2.4659145
KUZBAK,3.8180296,2.4914832
YIXJOE,4.6017175,3.6424773
TOBBIY,3.6610198,3.0890598
ZAXMEQ,3.9578962,2.6573913
KENQAW,3.5140784,2.9291372
FIPZEJ,5.953851,4.3705344
CINVUR,5.3889427,3.9653962
VAGVUV,3.269176,2.8970447
LIVNAG,2.4190922,2.103126
UMUCEL,4.6447115,3.6669304
GEJGEI,3.0699885,2.8457417
UCEDEL,4.093409,3.3772974
OPACOY,3.3657763,2.3166723
TOLDEF,4.4125986,3.4841275
LEXZEV,3.5663242,2.6684108
GAMMIS,3.6169374,2.5818992
AMIQUJ,3.0952952,2.6002803
LUZTIJ,3.0131168,2.4468582
QUWHOG,3.4830575,2.929936
NICAZN,4.294229,2.552751
DAJKAD,3.98674,3.1831264
MOGKAU,5.016147,3.8033159
COQWEN,4.3315086,3.0100381
DEGQUD,2.2933757,2.2877421
YESQAO,4.0370812,2.446409
VATHAB,3.1173365,2.5132434
WITCOR,4.0596666,3.02078
LACGAX,0.19047971,0.54546547
URONUL,4.643895,2.8978267
DUVHOT,2.2111971,1.9474857
AWOFIB,3.5437388,2.885477
APURZN,2.9192376,2.5402372
DAMKUZ,3.1317585,2.3763285
EGEFAA,3.9870124,3.3483677
DOGQEX,2.435419,2.3147879
SEMPEF,2.4313374,2.3144374
EYOVOD,3.1608746,1.5908874
QEJVAE,2.6237218,2.1851127
WIRLUH,2.2580009,1.8685976
KIFKER,3.0743425,2.5510914
BEJBEA,4.258582,3.7212067
SOMHIM,3.1222343,2.7727623
IYATIN,3.4022396,2.7800837
BELFEE,1.696902,2.16156
VICROO,2.3091583,1.870853
ATOSAD,3.510813,2.4531643
FOQQIM,3.085227,2.7110069
BOBYEY,1.7466989,2.0618205
SIJBIW,4.9764185,3.3161094
PIFJIX,5.5916677,3.3833623
GIXHIH,3.0923018,2.121046
WIRJOW,4.481715,3.3831663
VACMIY,5.6123486,3.465843
BIBBEU,4.884988,3.7657707
HEPBOT,4.0226593,3.1285498
GEQXEG,2.8857675,2.335993
JUPHIL,4.5154576,2.9442906
NEVBAT,3.1671333,1.8044872
QEXJAF,2.1472504,1.9362524
DUVKOU,4.906213,2.9546866
EFOXAB,2.2286124,1.8295226
EKOBUC,4.215316,3.5989912
EXIFUN,4.151913,3.8350186
PYACZN,3.5641475,2.9663157
VOHJAG,3.7660558,2.966148
NEQXUC,3.2172022,2.5692227
KAZKON,5.1263533,3.7309933
WAPRAJ,2.7752893,2.4316654
WEVSEY,2.56685,2.6706102
TEDCOX,2.3978674,1.8226154
YAGDEQ,5.5454082,3.9690294
XELLOQ,2.6748793,2.1130767
IYUWAA,3.4729893,2.5595891
VEVXOK,3.8289142,2.804963
NABCAU,4.2716436,2.4933157
VEJJOK,3.965243,2.8884518
IRISAF,4.0438843,2.8370392
QIJYUG,3.651224,2.9087
XOYVOW,3.7527223,2.9847004
CINPOG,1.919219,1.4818684
SEYCIL,3.6430604,2.6718981
RURFOB,3.6256452,3.2481961
RUZVOX,4.3315086,3.325059
VOQMET,3.1350238,2.2245677
RATBEU,3.037335,2.7702491
XIDQOR,2.9450884,2.413318
TOQQOH,3.6240125,2.8656025
TIBPAX,3.3706744,2.3768084
HEBBIA,2.0487452,2.1373203
YAQQAK,3.1551602,2.601114
HETCUE,2.5211349,2.2652733
HUDZOV,4.894512,2.9608157
AJIYUP,2.0563645,1.879162
XAXKAJ,5.0749235,3.623434
SILJOO,5.4324813,3.2511797
EXUYOL,2.554605,2.2893047
FURSOC,3.4743497,2.746873
TEVHUA,2.518958,2.113895
CAPMAI,3.9448347,2.8650386
NECRIY,4.044156,2.7926626
ORESOU,2.0046628,1.967422
QANLEW,0.09714465,0.6095965
HAMDUU,2.4343307,2.3147244
HUCJUL,2.798691,2.1478546
JODRUP,4.9617243,3.6624687
XIFWEQ,1.7205759,1.9349864
XEHYOB,5.2088037,3.551886
CAPLOV,3.7627904,2.971888
OJUNIR,2.9540682,2.2409978
HUBGIW,3.1053634,2.190539
SIYKUI,3.938032,3.0249825
QASROR,3.7486405,2.5796697
QUMFOT,2.394874,2.31399
IFEZUR,3.314619,2.3588388
BONJOE,2.3524244,1.7240893
WIXYIN,2.6721582,1.7410141
KENPOJ,3.6577544,3.0278554
KERPIJ,2.5652175,2.4534414
QOLDEB,2.2073877,2.1252842
LEPXIQ,4.133137,2.4852057
YUGMIX,4.7990003,3.7138488
NIRFAV,3.3135304,2.3452082
DAGBET,2.7595067,2.294291
GUYGUC,2.3018112,2.244771
HIKBUY,3.3701303,3.0036342
PADTIZ,1.4917282,2.2203646
QISJUA,2.3333764,2.1902597
WENRAI,4.7380466,3.4903867
QITRUH,2.3943298,2.1636565
BUNNAB,5.2275796,3.9273965
UGESUW,2.2400413,1.8497182
DAJLAE,4.0403466,2.8943272
ZITNOF,2.3867106,2.2844312
UBOCAP,3.9285078,2.9455287
HAWDOZ,2.5611358,2.4091973
SESWET,4.0093255,3.2981257
CUHNUQ,1.3439704,0.9599726
CUDXOP,4.1214366,3.6169093
JISGAU,3.2504,2.6460276
VUNZUZ,5.009072,3.5362287
YIJXOF,3.2112157,2.792917
TEJWIQ,2.7739286,2.2562327
OXOXEG,2.958422,2.673595
ANOREB,3.1388333,2.5152063
PEKZEM,3.2509444,2.6406562
DEYDIW,2.960871,2.6370578
WEVPOF,4.1255183,2.9421663
QIBXAB,2.683859,2.140571
IKUWIW,4.1818457,3.189458
TAYQIU,3.7102726,2.4247403
JUGRIO,1.923845,1.4526482
IGIRIA,2.0316021,2.578817
RIKGIE,3.3750281,2.4697874
XINQIU,2.3524244,2.606244
UVULUT,5.484727,2.971372
QUQVAB,5.381596,3.4249725
TEVHAG,2.6046739,1.8333429
YACVIH,4.829477,3.695965
GAMMOY,3.429451,2.6468184
MOZHIT,2.2615383,1.9810437
OLIPEG,3.2011476,2.0518844
TIFTEH,3.551086,2.183308
SALVAD,5.340779,3.5314875
KEFNOZ,3.472173,3.3091414
IGOLOH,3.9557192,2.8972976
JESREF,2.3219476,2.2990174
CIRGUI,3.7097282,3.2117662
HEQXIM,5.475747,3.699499
IKEYOM,4.289875,4.0212197
KAHDON,3.1317585,2.5877423
QUSTIH,3.4226482,2.437652
WOGFEE,4.6283846,2.5850613
CAFROQ,4.8953285,3.6567364
MUVPIE,5.701602,2.8507102
JOFCOZ,2.057453,2.1733575
AXOKAZ,2.6297083,2.1180391
CAKSEO,3.0482194,2.0941896
INAREV,2.6237218,2.1473715
SELXEM,4.6477046,3.4327152
DUZZIH,3.6079576,2.9089904
UCATEX,2.0413983,2.0518584
AMEQEP,3.7391167,2.8102555
OBOCOY,3.713538,2.6350055
IXIGIG,4.5315123,3.3229635
TALRUV,4.11028,3.16937
XETXAV,3.6846938,3.025202
LUGREK,4.4438915,3.5384786
CIBLIL,2.918149,1.8748767
BEDPOQ,4.3508286,2.6728454
ZAZKIU,5.1990075,3.7188458
IMIKUM,3.0386956,2.1735811
FAPCAC,2.4618142,2.2465527
AGEBIA,2.0590856,1.811261
DEZWUC,4.37804,3.592628
DAFLIG,1.8680617,1.6993617
BELGUW,4.0106864,3.1568387
GABYIS,3.106996,2.4767382
QOHHIF,4.4789944,3.6995564
XAMGOH,2.4182758,2.3304093
KAXWAK,2.2724228,2.1418648
NOHFAU,2.8520255,2.30737
FOTNOS,2.6672602,2.3103008
VUFJOV,4.9453974,3.6088824
QITMEN,3.163868,2.8772726
PEJNEY,2.6370554,2.1926498
CICDIC,3.066179,2.7919784
SEQRIS,3.1437314,2.1469936
ONOHUV,2.8163786,2.1429057
LUZTEF,3.1894467,2.628353
XAMGEX,2.4180038,2.3308473
LIKXAF,4.1388516,3.130084
NAZSOY,1.8296936,1.864172
XALJIE,4.9859424,3.607051
DOSQUA,2.3453493,2.3012633
IHUZER,3.9848354,3.9006052
NEQWOW,3.2762508,2.7445414
GAVSII,2.7567856,2.626613
VUJHEP,2.1072497,1.8104633
NOPPAK,3.1717591,2.5311768
RAYTIU,1.8620752,2.3199859
VUJHUF,2.1135085,1.7945437
GUPVOE,3.5581608,2.71382
NAMRUO,3.842792,2.5858564
OXIXEA,4.0463333,3.2280085
NEBWAV,2.511883,1.929616
IZIFEE,2.7478058,2.2121205
COKXEG,4.25831,3.4844527
WEPQUE,2.8403244,1.4737152
PIMDOH,2.898557,2.1885731
IKOROP,1.9643899,1.7624049
FEJFOR,6.6988993,4.167687
XALXAM,2.7837248,2.716853
GIFQAQ,3.1924398,2.6915212
MUHZIY,1.2609756,2.901489
SACNZN,3.3616946,2.623396
DITSOP,3.833268,2.9005895
YOQDAK,3.8651054,3.1148632
VITLER,2.7154243,2.0491383
AKANIK,4.5853906,3.017706
OBIHEN,4.4384494,3.5500555
HAMDOO,0.44028023,1.8277187
YIXSEF,3.3660486,2.2694268
VEGQUV,3.2065897,2.501285
WIJXOC,5.054787,3.7182457
SEMPAB,2.4411335,2.3165174
BPPZNH,2.8305285,1.7485315
QIBXIJ,2.6220891,2.1570044
HOSZAR,2.8740666,2.635713
GAWJOD,6.5288277,4.279683
BEZDER,2.8022285,3.079791
LUSPIZ,3.0452263,2.437318
PEDKAK,2.62862,2.2680273
HOQBUK,0.18394896,1.921453
UBOBOC,4.181574,2.9569018
CAPLUB,3.862112,2.8863833
EBISOZ,0.15401645,0.8710563
PUTPUP,4.1696005,3.2188358
LENFOB,2.6664438,2.5853746
ASOCOC,4.4346395,3.642618
POHPEI,4.5755944,3.7534347
QOXVAA,1.4898233,1.7972565
WISHOX,2.351336,2.0369587
JIVMUW,2.4346027,2.3146768
XEPWAR,4.3657947,3.3679492
PIXWOL,2.545081,1.8038396
XIDROS,2.9363806,2.4099376
RIBMOF,2.6014085,2.4835465
NUMSUL,2.4049423,2.3132155
YESKIQ,3.3510823,2.5064158
EQAXAX,3.3880897,2.5353
YEGGOJ,2.1303794,2.2138605
OKIYOY,2.621817,2.0980463
YIDSEK,3.8370776,2.7009132
DEZGOH,3.770954,2.5656967
XASJOT,2.035956,2.1736012
POLGUU,2.1937819,2.1610808
HAMFUW,2.3831732,2.3741748
WOBGAV,3.4406078,2.6091588
KAHQEQ,3.7812943,2.741505
MOJQUY,3.9660594,2.853108
HUKXUI,3.021008,2.8113115
QANTOP,2.6672602,2.2208877
BIDLUX,2.9429114,2.3862295
ABUXIF,6.917679,3.8903303
JOJHOH,4.057762,3.199858
VUPQEE,2.9834564,2.2570443
YAFMAV,5.312751,3.91984
ODERIY,4.124158,2.989951
LONVUF,4.099123,2.5334811
XIYPUR,2.7837248,2.556352
FAQYOO,2.2237146,2.0677953
DEDVEP,4.1521854,3.3447652
GUKZOD,2.392425,1.8793365
BUXZUQ,2.1401756,1.8713626
VUJJIV,2.0740519,1.7016248
FEWZAK,2.5214071,2.1898746
FUZMAQ,2.4043982,2.5798407
JODJOE,2.7116146,2.0489817
MTCPZB,3.2982922,2.0666304
WUFHEL,2.6631784,2.6816077
RATJUT,2.0247993,1.9224705
XAWNAK,0.2946993,2.053759
VOGLIO,2.5350127,3.290436
HIJSOI,2.244123,2.2401943
KIWSEP,2.1186786,1.5763617
YAFZEL,2.224531,1.9911513
TEZWEC,4.1037493,2.965774
DODSAR,3.2776115,2.864148
LEFMUE,5.0145144,2.9123561
KUYFUG,2.8683522,2.6751416
TASDEY,2.9045434,2.5864053
PULZEC,3.5899982,1.9436643
KUBVOT,3.854493,2.9046772
ISUYAX,3.7989817,2.8054848
XALNAZ,3.7391167,3.020779
OMUVUO,2.2835796,1.8776944
FUHRAD,3.3995185,2.6936245
RIZRIC,3.5146227,2.6798697
ICUDIU,4.6248474,3.6314263
PULPAN,2.7687585,2.2286906
FEYQAD,2.5230398,2.1745906
NIPXUF,2.3891597,2.382965
EHINOY,2.8588283,1.9399651
APUYIV,3.0795126,2.5921502
JISHEB,3.4144847,3.230131
ECOZEB,2.7801874,2.6295354
IBOCEI,3.5744877,2.645704
IDAVAN,3.1075404,2.6883657
YILXOH,3.9342222,3.0371506
KANNUK,3.1951609,2.5017285
FIKBIM,2.9042714,1.8786
JEVXIS,3.4691796,2.3314955
ACAQAW,5.560647,3.0764
POFVOY,5.315472,3.4232416
HAMCED,2.4370518,2.3148367
FOMCUH,2.4609978,2.1677437
DAJKUX,4.6855288,2.9180732
DUSTAO,3.2961152,2.6145518
RUQDAK,2.7706633,2.0773382
KIHXIK,2.944816,2.4245512
DASCOR,4.9211793,3.9698062
KOYGEK,4.581037,3.4956803
EHUDES,5.1630883,3.6536548
AMETZN,0.265311,2.8256962
FULSOV,3.0313485,1.797026
UFAVOP,2.9461768,2.4856026
VINPZN,3.6607478,2.6213453
FOTQUB,2.7758336,2.6849542
UGINOO,2.5252166,1.9649686
FAJZAS,3.802519,2.8833778
RIGSEG,4.2417107,3.178315
IFIBAA,5.5432315,3.2382433
QOZHIW,4.0414352,2.8985324
CUYCUW,2.4082077,2.0917814
UPURII,2.5624962,1.7789674
CAXTED,2.9265845,2.3007183
YASCOM,3.5176158,2.5277724
RAMFUI,3.1358402,2.6070735
LOBDIS,2.9812794,2.4346776
MOVBUV,3.455846,2.6760643
EDOHIR,2.320315,2.3112233
AQESIY,1.4598908,1.9622676
BENKOU,4.605799,3.6734056
ZOJLOC,4.443075,3.2109902
UJUCIM,4.2629356,3.3455696
DUXROE,2.5064409,2.080256
ICUCUF,4.3668833,3.4788575
PUKLUE,2.9976063,2.3394632
RUJCUW,2.9905314,2.3460433
XAMHAV,3.6623805,3.0575814
HAXZAJ,3.4694517,2.3810654
WURSAF,1.2179817,1.6153356
JIFKAN,2.9260404,2.274866
IFICEG,2.1660264,2.0505056
YIVGES,2.8522975,2.1798599
DUCPAT,6.3650155,4.1291976
DIYXAK,2.5211349,2.4697435
GALGIK,2.7614114,2.6187859
KEXPIN,3.4338048,2.6519983
HOHHAP,3.1440036,2.5490985
AXUCUT,2.3763704,2.1339152
MEDSOG,3.0201917,2.541441
QEBWIF,4.2188535,3.3247828
WEBTIJ,3.8876908,2.7397075
ERIRAZ,5.298057,3.8346477
HAYSEH,3.1369286,2.5488894
WADZIL,2.975021,2.722001
ICONOE,4.1981726,2.9905818
UKIMEI,3.1676774,2.5355272
LATGUI,4.606888,2.6044025
BUJNIF,2.1088824,1.9166567
RAGKIV,2.9053597,2.4811802
ZERHEL,3.2011476,2.550908
ICEXUK,3.0049534,2.7110207
FOVJAC,3.090125,2.500357
FOBFEK,2.435691,1.8212456
WUJFAK,3.0580156,1.8558801
XALWUF,3.0977442,2.9765537
NOPNUC,3.3129864,2.551321
IDIHAH,2.9532518,1.9961979
UCIVOR,3.0925741,3.0588841
PAHSOH,2.411473,2.0424926
AYOCUN,2.2231703,2.3390145
YOLCOR,0.35075477,2.0185707
MUXVAD,3.489044,3.3443422
KUYGAN,2.8473995,2.4618917
LELFUF,2.5227675,2.2744231
LEYRIQ,3.981842,2.8573327
MEPWOT,2.9271288,2.605498
KEBNIP,2.6245382,2.2429433
CASNOC,2.5644011,1.7252825
QESXIY,3.3091767,2.4314754
UNOPUJ,3.4539413,2.7772245
ECUGER,3.0433214,2.8375351
QIRKEJ,2.3186822,1.9547718
VATSAM,3.4822412,2.7135665
HOKGAP,1.6805753,2.0162487
NECVAT,2.8705292,2.9150324
MISSIT,2.5790951,2.171825
QUQKAQ,3.323871,2.605377
MTPYMZ,2.1633053,1.9376898
UVOPOM,4.132049,2.9230769
XUJREA,4.0572176,2.581883
YOQBEM,3.730681,2.7742891
YASFUT,3.3807425,3.3019228
TURHET,5.0022693,3.1075764
OJAQOG,5.323908,3.2379916
MADRIV,1.9779956,1.9019928
QUHNIS,4.6161394,3.4486468
XIYJEV,1.3796173,1.54758
EQIQIF,2.4702497,1.6809794
DORQUW,4.318175,3.8841302
OGUWUJ,3.286047,2.3624403
FOFLEU,3.2027802,2.5397034
SILXIV,2.6756957,2.3188941
JIVVEP,2.4343307,2.3146083
TALSAC,4.075177,3.0869226
SIDNEA,4.5513763,3.5210273
GAXLOJ,2.2737834,1.7039016
WEZPIC,6.093446,4.335535
UGINII,2.679233,1.9562988
VOJWIA,5.6316686,3.3722134
XAMNIJ,2.5132437,2.063385
TEFDOY,2.2667084,1.9242232
FEKRES,3.9769442,2.636904
OCADAY,2.638688,2.2085254
EMUKEC,2.741275,2.2621207
ETUVAQ,4.718182,2.9071434
KAXVOX,2.4275277,2.253271
JEKTOJ,2.7709355,1.8873185
XORTII,3.6651015,2.0446455
HIJXIH,4.1848392,3.141072
VUQDUI,2.9932525,2.3590906
POZDIR,3.1467247,2.8806174
TAVRIU,4.576139,3.5347667
BIYVAH,3.5927193,2.636067
IDOXUU,2.6593688,2.409376
OVAPIL,3.0835943,2.766127
ESIRII,4.1981726,2.7016327
IHEYEA,4.849613,3.553066
DOTQAH,2.7894392,2.0348604
GAYZOV,3.9755836,3.0794656
ZOKMIV,3.1080844,2.4778466
NUFJAB,3.3271363,2.3938117
ROFGEY,3.0291715,2.9878433
UDOMIK,4.1037493,2.6649008
XUJLIZ,3.3323064,1.9541994
WAYPAQ,1.1665522,1.6851159
BUJMAW,2.2601779,1.8318568
ISEBUE,3.8683708,2.8529897
HAMBUS,2.435147,2.314744
VEGRAC,3.7453752,2.2689784
TENGEB,2.2495654,2.8178751
YEPBEA,4.483348,2.8685176
TUYGAX,3.013661,2.5415392
JAFCEB,3.9325895,2.7464597
VAJGET,3.3684976,2.7817364
DEZDOE,3.8068728,2.6046662
LIVRUD,2.5132437,2.204068
MOYBAD,3.5053709,2.7864773
AMEYUO,3.0316205,2.3809628
WOKWUO,5.058325,2.7219985
PASPEF,2.956245,2.6302075
ZAJVUE,3.2904007,2.611218
WIJXIW,5.0490727,3.718399
APUJOM,3.1034586,2.281913
OJAQUN,0.13061465,0.029647112
QUYPIL,0.68872017,1.5400239
MILHAT,2.3894317,1.9986639
KEGJUC,4.911111,3.5682554
RANLUN,4.0310946,2.598117
YEXGUE,3.0286274,3.1340737
HAYDIW,2.9693065,2.4023645
DIWLAW,3.8604794,2.971952
VUMFIU,5.8760266,3.9379194
ANTPZN,1.8813952,3.2578802
WIBHEW,3.5382965,2.7423248
IBUZUC,2.6952877,2.182445
BIYYAK,3.5723107,3.115838
VAJHUK,3.8841534,3.147071
WABJUG,3.7206128,2.878745
TURMUP,1.4977148,1.6857724
AZIKEZ,3.9810257,2.7011406
SELSIL,5.2534304,4.521823
UWIQEX,4.2664733,3.0173073
COLTED,1.7845227,1.4862559
UKUMOC,3.3132584,2.5373025
EKOCAJ,4.3736863,3.652777
TEWKUE,2.5216792,1.9517384
PIYDAD,2.6248102,2.005777
LITZAS,2.3162332,2.0714958
SUNQOH,4.583214,2.6263223
ADEHOH,2.9434557,2.3511837
WAQSIR,3.4719007,2.6869707
IMULOS,4.137219,3.1525285
HOVGUW,1.823435,2.0401964
VAMFOG,3.8120432,2.830978
IBOCAE,4.187016,2.8080313
PERHUQ,2.8765156,2.4303615
MUZNIG,3.1110778,1.563115
KERGOE,2.465896,1.780903
YAKFUO,3.7148983,2.50364
KIBTOF,3.9034734,2.6404982
PIKVIR,3.042233,2.3912697
MENLAS,5.558742,3.6898181
CODRET,2.0490174,2.196725
IHUYUG,3.878711,3.4258735
EQEGAK,3.31217,1.9571583
PIMBOF,4.734237,3.3132136
TAWVEU,3.3848243,2.8328514
BOJBAE,2.485216,2.1247442
OKIWIQ,3.252577,2.661643
ADETOV,5.181048,3.5960488
JIVNOR,2.435147,2.3147268
PEBTOH,4.3119164,3.0614448
VUGBOP,5.3103023,3.019604
KIQQEG,4.980772,3.1851294
CUSGEE,2.8835907,2.50585
MOBRAY,2.87706,2.1034327
YAMXOA,3.8985753,3.0765467
WUCWAT,4.0256524,3.137355
DOPWAH,3.9412973,2.7527404
SEKVOU,4.6169558,2.7780986
ILELIW,3.7535386,2.8441179
SIDNAW,4.036537,2.8702283
YEHJEC,2.4321537,1.9335041
RAKRUR,3.7274158,2.9270585
FOHVOP,3.5913587,2.660873
AYOCEX,2.8737946,2.6351626
AQUDUM,4.6047106,3.7469926
PUSWOR,2.6177354,2.1542447
ZIPCOQ,3.4996564,2.9583654
MUXVEH,3.8055124,3.2973404
LITZIA,2.1404476,1.7637755
ZAQGON,3.4286346,2.7941806
ALACUL,4.2066083,2.8056831
EPOFUL,2.3935134,2.1059828
YADNUO,2.2999063,1.5769552
NENCUF,2.122216,1.9446262
HAMCIH,2.26562,2.3729825
GELGAH,2.7246761,2.2923253
JIRFEV,2.6125653,1.8692721
XENMAH,3.0914855,2.4582822
WUSYEP,6.2512717,3.4787834
EDAPEE,3.7396607,2.8820508
YOQJUL,4.225384,3.052126
ZAJKEA,6.359029,3.9727907
CIZJAZ,2.6661716,2.0583432
XILGAB,5.6577916,3.7805085
HUGDEU,3.8057845,2.719327
KUMTUI,4.0615716,2.658785
OBUNIL,2.143441,1.9942027
KAQCIR,5.1209106,4.210149
KAZMAB,3.0667233,2.4545708
WUJDUC,3.0561109,1.8508681
LUZTAB,3.6177537,2.4987025
HOBHOV,4.815599,3.6582954
IBUWIN,2.7083492,1.915621
TIPXIZ,3.45122,2.2605
SEJZOW,3.9151742,2.922641
TAPVOY,5.1366935,3.4556906
RUVDOD,2.9861774,2.3313122
CIDVIU,3.639795,3.4386902
AKAPIN,2.7273972,2.5267637
ONUMIU,4.582125,3.3495622
QULQAR,2.4433103,2.1690483
TUHJOW,5.1086655,2.9266171
QURXEI,3.6599314,3.272521
BOHHOY,2.8071265,2.4108725
WUDZIF,3.9859238,2.556274
YIYXOU,3.2563865,2.3474855
IHEXEZ,5.049345,3.5699592
POXRIE,2.186707,1.2224749
HIHNUI,3.768777,2.3540854
NEVHAZ,4.027285,2.770557
MEJWEE,3.5592494,2.8291306
DUCRAW,2.8269908,2.9405792
ASABUT,2.650389,2.0989907
ICUGIX,4.6425347,3.380036
RAGKOB,2.8767877,2.4871752
ALERAM,2.6969204,2.1279619
YIGLOR,3.8604794,2.6044383
TEVJEM,2.1445293,1.9043648
BIKTEX,2.2471163,1.6264485
PUNTAV,3.6123116,2.941072
MAHVUP,2.15106,1.9462731
KEYKOP,3.4993842,2.5126758
MALFIO,3.524963,2.8551307
JIDWAX,3.1557045,2.3369706
HUMFAW,3.6868708,2.923385
IFIBAD,3.7949,2.4116006
NEBNUD,4.887709,3.269284
KIHTAZ,3.16931,2.1486678
CAPMEM,3.9339502,2.7927728
QIYBEG,3.2822373,2.6941779
FIRPOO,2.820188,2.2101383
SIDPEC,4.3821216,2.9947667
ZEPPES,1.4941772,1.8223486
TEGNUQ,3.5195208,2.6757734
WUHBIL,3.758981,3.0814793
PACFEF,2.5478022,2.1852782
NOZSIE,3.8705475,3.1021821
MUCZIT,2.0179963,2.5454695
YEXNUN,4.184567,2.526558
BAGYUG,3.286319,2.485746
WECKOH,3.2593799,1.4846188
ADIWIV,1.4947214,2.0533552
TEWSIZ,2.7826364,2.2681093
BIBGOJ,5.303499,3.8171449
BIVNUP,0.8971594,2.861633
ZEBKAS,2.7252204,1.9862714
UQUZEM,3.9227934,3.0038507
PELQUT,2.3739214,1.7115142
GAXLID,2.2800422,1.7952727
LULROA,4.292324,3.1928408
BEVHAM,6.806384,4.2369123
LOKSUB,2.019085,1.5374595
ULULAP,4.095586,3.8249412
KAYYUG,6.1446033,4.0624833
ZIZGIB,4.1268787,2.5328753
FIJDAD,4.2030706,3.2119303
WUDMAJ,3.3785658,3.2384284
YADQAY,4.1042933,2.993722
DIYDUK,3.4593835,3.2323632
PASPIJ,2.3570502,2.3339202
DITWOV,3.4065936,2.1529431
HULBIZ,2.0033023,2.081896
NOPNIS,1.9856149,1.850469
FUXMEQ,2.1042564,2.0163488
KURRIZ,3.740205,2.8166542
BUDBEI,5.0507054,3.4046798
BUGZUZ,6.5778084,4.2801332
RIGFET,2.4171875,2.1108623
MINNOM,0.123811804,-0.21956229
WODNIN,2.9878101,2.1222103
CODRIX,1.7102356,2.1581376
IWUYIJ,2.5897076,2.3901818
WUFGEL,3.9393923,2.9394493
GAGVIV,3.938032,3.6964872
GILWUV,2.1132362,1.7509108
ZOJKEQ,2.416371,2.432173
UZIFAL,3.1660447,2.2099512
GECVAO,3.6272779,2.427893
HIKTOK,1.959492,2.1893983
PUXJUP,2.100719,2.075081
SOLYOJ,2.8969243,2.4657319
AFIDOJ,2.905904,2.5110095
MOLTEM,2.3546011,2.012581
SINREP,4.9549212,3.5813944
ITUHAI,5.6025524,4.113333
ECOZUU,3.8743572,2.8475394
KUWTEC,3.7919066,2.8224573
WIRCUX,0.14857417,1.091761
PULHOU,3.8498669,3.339967
RAMFIW,3.150262,2.6255064
XORWUX,2.8857675,2.2567036
EQUFON,2.3173215,2.2027624
VONMIU,4.8716545,3.5214033
ASAHIN,3.5812905,2.4303067
SUGQOA,1.7328211,2.0298152
EZAHOC,4.321168,3.1177027
HOPMIL,2.5328357,2.2638383
CIGJIN,2.475964,2.0820792
TAPHEX,6.076575,4.614231
DOCXUR,2.8215487,2.6039526
BOVPUY,3.9592566,2.866297
FAFGIE,2.8890328,2.2750525
LIXBAW,3.212032,2.7581444
ENORAB,5.407991,3.2064312
LOCVIL,3.1480854,2.574847
YOXFEX,3.238155,2.2573996
DEVTEE,2.7940652,2.2249305
NARRUU,2.4574604,2.2424946
EQIMEY,2.7132473,2.5599966
ZITNEV,2.2814026,2.3326035
XUCHIN,3.0329812,2.6840496
YOMHIS,3.238155,2.6986105
EYOPEP,3.9328616,3.0098178
KIYBOK,3.4289067,2.7212038
PIHMIF,2.6487563,2.012948
BANDUQ,4.1883764,2.8547237
DOQGAT,2.7105262,1.9812095
MEJSEC,2.1665707,2.0952883
KERRIJ,3.8607514,2.2887106
NIMNUT,3.902657,3.575774
RAXSIS,4.623759,2.6842096
SEMREH,2.4367797,2.3148746
MAQLUM,3.940481,3.010621
WAPKOQ,2.4348748,2.3077154
BORJIC,2.2762325,2.2813976
SIGXOX,3.4280903,2.8930655
ETUWAR,4.7783194,2.6910133
UMUDEM,4.667025,3.5975535
TIGXAK,3.5407455,2.4078274
JIDSOH,3.2852306,2.2446148
YIXSIJ,3.5616984,2.3181334
IGUGUO,1.7937746,2.2141514
AZOHAY,3.2985642,2.7003605
IJOFIY,2.0805826,2.2624788
SUQWOQ,2.5839932,2.25036
VEKDUL,3.5290446,2.347676
TUTBAM,4.3453865,3.295014
YAPQEM,2.446848,1.5375682
BIZFUL,0.2179632,2.521618
YASDOO,2.27977,2.3616297
LALTID,2.5839932,2.0119128
DOMMUN,3.121146,2.4379272
FOPHOI,3.1124384,2.0362926
YOXFAT,2.9567893,2.2308881
PUNTIB,3.9919105,3.3088622
TONGOU,5.974532,3.975363
CAFRUW,3.261829,2.8098173
HAXQUT,2.3483427,2.2895043
ITUHIQ,5.657247,4.008032
NUBKIE,5.8542576,4.251134
COLTUT,0.14857417,1.3220614
PANPEB,3.799798,2.9019866
DODSIZ,4.213411,3.2975862
KITNAF,3.448499,2.56846
SORBOQ,3.4950304,3.4479544
FIVXEQ,3.1717591,1.8040187
LIZNUG,2.430521,2.2612035
KAGMAH,2.172285,2.1757984
NEQYIR,3.656122,2.740878
DEKBED,3.3616946,2.5886478
DENSAT,3.941025,2.9780207
LUCBOA,3.5230582,2.6937797
QIPXUI,4.301576,2.4875562
XIKWEU,2.167387,2.0830207
RAVFID,6.2488227,3.8777971
OKOZET,2.9957016,2.76957
QOQYAW,0.9875012,1.9968532
CEKWAT,2.1731012,1.949605
NUZJUO,5.8773875,4.1724224
MIRJUT,2.4014049,1.9798577
GEZKUT,3.0944788,2.1862144
SODXEO,3.864561,3.0573885
RARZOB,2.2841237,1.6768979
WEGYOZ,2.5630405,1.5658823
FIDWUL,4.0664697,2.9937425
YOCYOF,4.268106,3.4264617
OVAQIM,3.8996637,2.9075406
LAMTOK,2.6318853,2.2077737
SOCRIL,5.798202,3.2502658
QERMIK,2.9328432,2.9045923
GAJQEN,4.281984,2.8336768
HALWOG,2.3165052,2.3819602
CIRHET,3.6011548,3.2411265
QUSTED,3.3616946,2.4489467
TEVKEN,3.286319,2.7361739
YUMXOU,2.3820848,1.3710656
JIXLAE,3.0958395,2.700355
PABZIE,3.5148947,2.4533815
HATVOQ,3.1554325,2.6762545
QEFBAG,2.4982774,2.1219337
AXOKED,2.0901065,1.896544
XACGUD,3.0607367,2.7377095
OJEKAP,4.257766,2.8877103
MURQIA,2.6944714,2.2416751
OJUNEN,3.054206,2.2971048
MOBROM,2.936653,2.2164683
MIQWEP,3.394076,3.052807
TEZWUS,6.525018,4.1114798
CORGEX,4.512464,3.2686706
GOVLIM,5.4667673,3.1825228
ZEPQAP,2.2901103,1.8695079
OKUSUJ,1.9483353,2.1553435
RUSDEO,2.9192376,1.73596
UGOKUW,2.8784204,2.0285025
XAFGOC,2.550251,2.2466764
GEVCIV,4.963629,3.325572
HAYNOM,3.9693248,3.408752
HOZHAG,5.7326226,3.2247658
WUJJUI,2.225075,2.1045544
ZAXDOR,3.2006032,2.709216
KUZLIC,2.3916087,2.3246293
OBOHAP,2.3380022,2.2474785
EHOWII,0.20735076,2.0278873
SIWYIJ,3.142371,2.7714605
QABYAV,4.119804,2.831164
DENRAS,3.3129864,2.953704
WAGPOJ,2.2865727,1.8865615
SODTAJ,3.6841495,2.7516372
FAJYOF,3.7366676,3.0688896
DOWHAY,5.546497,3.3490832
DIVKAW,4.1674237,2.5456734
FOBFIO,2.4558277,1.5877928
GUKGIC,4.5617166,2.5775728
HALVUL,2.4310653,2.314362
TULDIN,4.1355863,2.8277133
OQISOX,2.4656236,2.0525544
OZOQUR,4.079531,2.8854568
AFOFEH,4.6542354,3.496245
SODYUH,3.0193753,2.377541
HAMJEN,2.3018112,2.1510801
QADTOH,1.9262941,1.2848296
ELEGAF,0.33633274,1.7787535
BOHYED,3.374484,2.7996228
VAJFET,2.619368,2.6833014
HERSON,4.42049,2.5283744
LUNXEY,2.6229055,2.2282014
GEQFAK,3.152167,2.9109907
YOQBOW,3.7959883,2.7846155
FEKGAE,2.6661716,2.3332827
QOLMEK,3.489316,2.850243
XESLUC,0.1020427,-0.18087626
LATKEX,4.886893,3.7947237
NAGMUE,4.757639,3.0804777
ICUFIW,4.8765526,3.2289343
EQOGIB,5.1968307,3.6837406
ISAHOB,4.582125,3.3510807
GEDFEA,6.586244,4.01382
CATVUQ,2.5804558,2.276698
RUVDIX,3.3918993,2.877962
TILFAY,3.2188349,3.0515873
DUSTOC,3.4615605,2.7455168
LUKTOA,3.1157038,2.7337923
BOYBEY,4.158172,3.0933414
QANFOA,5.590307,3.141115
HAMBOM,2.4751477,2.3080745
GISQAA,5.701874,3.0684783
BUTDUQ,1.6939088,2.2477446
ABOWOF,2.9053597,2.6653104
RUWSEJ,5.75031,3.424316
ZEXHEP,4.5320563,3.0935626
EYIZET,3.0884924,2.060413
QUQMOE,3.3712187,2.5679107
DARQOD,4.3111,2.5922675
EHIDAA,2.5252166,2.031077
LODSIG,2.275144,2.2647223
MUMGIL,2.2356875,2.0302882
AFUPUO,2.348887,2.2813122
GIVQUY,2.0139146,2.6911125
LIVYUK,4.987031,3.92679
VUGCOQ,3.8011584,2.4668639
JOWBOP,2.4008605,1.3629576
GECWIX,2.7654932,2.3074746
CAKGIH,3.7170753,2.7129767
XEYCOW,1.7915977,2.0324621
SAQJEC,4.906213,3.6517222
WADHEP,6.3799815,3.8199055
CUXWAU,2.72903,1.8251555
ZURGOK,4.664576,3.6274831
TIMKIJ,5.590035,3.3952847
MAHWAW,2.2588172,1.881961
OLOZEV,3.723334,2.8519163
ABIQUY,5.1481223,3.643968
YIQQAQ,2.9284894,1.968545
VOXNED,2.5374618,2.2874722
CIZFUP,2.5053523,2.0598946
WUPYIR,4.244976,2.781264
ATOSEH,3.6482306,2.6416278
WELJUV,5.2085314,3.714999
IZAFIZ,2.5195022,1.7737415
WIRFIP,2.5020869,1.8491781
ADINOQ,2.0095608,1.0112104
CORQUW,2.9878101,3.5194914
VAWWIA,5.8158894,3.1105251
MAWLOM,2.4680727,2.8146217
IKADIJ,2.0035744,1.9566584
WAHKAT,3.0754309,2.4068909
AZIYEO,3.9010243,2.4413388
MAVFAS,3.07788,2.9455452
DAMLUA,3.6599314,2.778399
ICOBAE,2.076501,2.0235686
SIDNOK,4.361985,2.9388378
ERUQUE,2.4969168,2.7217019
ONUNIV,5.2188716,3.6500623
UFUMUG,3.6172097,2.9202857
OGUNIP,2.1502438,2.1692696
QEYJIO,0.25061688,0.8691437
QIRWEW,1.9752746,1.94101
HEMNIZ,1.6144515,1.6336303
DOQGIB,2.7162406,1.9058042
UNEDAU,2.724404,1.7528522
PEPSEL,4.519811,3.164158
CINLIW,0.29551566,1.660406
FIPRUR,4.308107,3.3295755
CAKGAW,4.693964,3.151227
EHICUT,2.8996453,2.4331996
LEFKAL,3.5491812,2.9173925
NOMXUJ,3.5837395,2.1871884
XEPWEV,4.2863374,3.4104052
UCATIB,2.0484731,2.051116
JUQXUO,3.8014307,2.82678
MEQQUV,3.286319,2.2861211
BOCCUT,3.6098626,2.7584248
HIJTID,1.9679275,2.2589912
IGAVIV,3.3521707,2.2361755
EDAXAK,4.3935504,3.284844
AYIKAU,2.942095,2.3273616
LUZTEG,3.548909,2.637337
ZIPHEN,3.0607367,2.2651463
UGODUQ,3.0928462,3.1406054
PAQDOB,4.232187,3.198692
YAMXAO,3.7412934,2.5262613
HUPDUR,1.7371749,2.2346044
QEXVOH,2.320315,1.8552171
IFIBEH,3.689864,2.4756362
ICOBEI,5.699697,3.0748096
NABLUY,3.1894467,1.2649201
AGEZAN,4.836824,3.1580045
GOKTAE,3.5412898,2.7366357
WUZNIP,3.9529982,3.3842752
FODSUO,4.2721877,3.096508
ZENHEI,2.709982,2.3210092
SECHIS,3.424553,3.130201
ALUXEM,3.1679497,2.7941728
MEPLUP,4.6392694,3.5177386
MOPLEJ,4.0093255,2.875118
UMOBAZ,3.3540754,2.6282446
WUMDUE,3.5793858,3.2095027
PUFYAR,3.9641547,4.1789713
LIKXIN,3.568229,2.7497633
DAPQAN,2.8683522,2.2424505
DICWAP,2.5916123,2.2963343
RAGXII,4.0185776,2.9262328
OMEWOU,6.350049,3.8139083
ITUJIS,4.6996784,3.3349807
BOFYAY,3.9731345,2.9742568
QEJVUW,4.2101455,3.542724
GAKQIV,1.9175864,2.0610356
IJURAI,1.3537664,2.1061907
DIFCIH,2.6920223,2.581016
SEMPOP,2.435419,2.3148518
XAMGIC,3.4455056,2.6794052
SOSHAK,3.2465904,2.471123
MENSUU,2.61447,2.3879294
GIMWAC,6.4344044,3.8156447
TEBDOT,3.364688,2.9147422
XIWTUU,2.719506,2.283584
QEJLEX,5.4428215,3.7209265
ZIHNEM,4.999548,4.0153794
YATWEX,3.6392508,2.788926
MIFRAV,0.7798783,1.134795
ABAJET,2.8718896,2.4626036
CEXPOM,2.1431687,1.5937791
TOQRAU,4.7609043,3.342514
IFOBIO,3.3918993,1.9055606
KAZFAU,2.303716,1.7482986
CEHCAT,3.8044238,2.5903177
NANYUZ,2.6452188,1.9993902
YOQXAF,4.000618,3.4527075
HALVEV,2.4362354,2.314917
QURFUG,0.32354337,1.9472569
AQERUJ,2.6022248,1.7832788
XEFNII,3.009035,2.7932522
HUPYAT,2.7083492,2.034194
EGAPUX,3.3908107,2.8005412
OJAQUM,4.036809,2.9171934
ICEDAW,4.528791,2.8225656
RANRUU,2.50889,1.9371796
IWEVUC,3.5883656,3.292695
QEZWAW,4.0754495,2.6813262
RENKEA,4.590561,2.7777905
SIBMEW,3.4626489,3.2763677
FOPSEJ,2.805766,2.5740218
IDAYUJ,4.414503,3.2837305
MIDWEB,5.2569675,3.538213
QUQTUT,5.4645905,4.052841
GIHSIA,3.0299878,2.0875435
YIZZUD,2.881958,2.4674559
TICXEK,2.2196329,1.3241556
DORHUP,4.3867474,3.4920025
REHFEP,2.7265809,2.33512
OJELOE,4.031911,2.8699434
JAFCIF,3.8830647,2.5662386
FIQSUT,1.2038317,2.021227
HALWIA,2.435419,2.3146372
XIZVAG,4.611786,3.7471418
YIYPIF,0.3515711,1.8852082
XICZIS,5.075196,4.1855497
XEYVUT,3.472445,3.2561045
XUFMES,3.578025,2.8741634
YICKAX,3.082506,2.8846831
POJHED,5.503775,3.7020626
LEYQIP,4.313277,3.0036433
BECXEN,3.4411519,2.7179456
KESTAF,2.9325712,2.0930707
LEMVAB,1.7268345,2.141387
MISVIW,2.373105,2.2716875
SUNNAR,1.8811232,1.6902691
YAMYOA,2.282491,2.3724468
FOQQOR,3.6656458,2.5718133
WEBLUN,5.8948026,4.0571876
GEWZAL,2.339635,2.4113243
WUSBOC,4.0044274,2.9269543
JIVREL,2.4348748,2.31475
LIQHUQ,2.3603156,2.2636652
REVZIC,5.150843,3.9131093
OZIMOB,3.672993,2.3801966
YORRUU,4.437633,3.548131
YAKYOB,3.9478278,3.0491564
FEHXIB,2.7867181,2.595298
AROBUE,4.4798107,2.8167868
MIKNIE,2.0824873,2.0787039
DOQQOS,2.0348675,2.404211
DILTIE,2.4272556,1.7698333
UNOXIG,2.5891633,2.227848
YEJGOL,3.496663,2.4738705
NENMAU,4.0664697,2.8777769
IGUROR,3.4465942,2.8011508
NANZUA,2.7693028,2.0399797
GOPDOH,2.1545975,1.9836693
YAYYAZ,3.5472763,2.5653472
YUZYOJ,4.0046997,3.7252228
NITTIT,4.5584517,3.871028
QUNHOX,3.8052402,2.6658962
JEXTUB,2.585626,2.1015327
WEMXAP,2.2713344,1.9221127
KITGAW,3.6114953,2.6751812
OKEZOT,3.3736677,3.0195897
LECWIA,4.403619,3.2982998
POFHOI,3.1867254,1.8520361
DAQJAI,2.4773245,2.2631803
SEMPIJ,2.4373238,2.314777
FANXEY,4.019394,2.5924537
NETYES,2.5195022,1.5874399
MAZTEO,2.5374618,2.2334008
TEYQAS,3.2958431,1.9343346
AKANOQ,4.6425347,3.223097
REJWIP,5.2164226,2.9754863
EHIZAY,2.6150143,2.326127
PESKEE,2.8618214,2.0534892
KUHGOL,3.1382892,2.2911587
URUXAI,3.5551677,2.9721005
UDOCUL,3.5826511,2.5449338
SUVYUF,4.297222,3.0027595
EWUDAD,2.6400487,2.2726693
RUVZAK,0.6206917,2.1808937
QAMKUK,3.558433,2.760995
QAMMIA,2.8827744,2.1775522
HOLNUU,3.1097171,2.525197
IFIWOK,4.086062,2.9441898
SISLAH,4.3772235,3.428535
GIWLOO,2.674063,1.983789
WOQYAE,3.88116,2.7844036
ZACPOI,3.8909562,3.1467676
TOMTAR,4.333413,2.9564803
ACIFEY,3.7339463,2.1963558
YIHPAI,1.16628,1.6600316
YAKGAV,3.2686317,2.504152
PUFXUK,4.425388,4.3130407
BEVHAN,2.1165016,2.087498
TOGQIR,4.4662046,3.6641421
MATFAR,2.8903935,2.490096
HACZIU,4.8292046,3.95326
YAGBEO,3.759253,2.4538312
PEHDEO,4.3219843,3.1302207
BIBDEW,3.2087667,2.283042
FABFEV,2.9284894,2.093647
MEVYUJ,3.3902667,2.3541718
CAFROS,3.1820996,2.6350002
NOTPIV,0.6830058,1.1432772
ACUDUA,2.4079356,2.212123
RUSDAK,3.0672674,1.7470614
DAMJUY,3.0977442,2.5104506
YOQBIQ,3.8112268,2.7428699
AHITUI,4.5059333,3.4406729
SOPXUR,3.2397876,2.6994696
QIPSAM,3.3304017,2.278081
OJEKET,4.208513,2.9126663
DAJLIM,3.9127252,2.9526772
ERIMIC,3.3714907,2.7360773
KIMWUA,4.117355,3.2033668
COYHUU,3.5527186,3.0055313
ZOSKEA,2.631069,2.0029414
TAPWAJ,2.8256304,2.1617804
DILGOU,3.2520328,2.498879
FAJZOG,4.5804925,2.9386165
XICBUI,2.2993622,1.4963028
OGEVON,2.5249445,2.4370935
VUCTUJ,5.6727576,3.1598988
RACYAW,3.1537998,2.2049046
RIPKUW,2.9595103,2.765137
WIZQEC,3.5233302,2.8223538
CETFEP,2.2171838,2.293627
QUGREQ,3.7372117,2.4610868
YOPSIF,3.2207396,2.5441277
GIVQOS,3.4490433,2.5022948
DURLOS,3.9200723,3.070971
ZIPHOX,3.0544782,2.4173388
BETMIZ,3.1578813,2.0116634
DUWHEK,4.5606284,4.0452285
MIQVEP,5.28173,3.7930448
GOVLUY,5.587858,3.2029228
KULRIU,6.631415,4.1445646
ZISBUB,1.8588098,1.3621515
QOLGAA,3.0354302,2.8227594
XIXRII,2.289838,2.2570853
QEZFAF,2.6079392,1.4923513
UBEWIJ,3.8969426,3.1048057
HIGPOD,2.755425,2.1380434
PAXZOG,6.1024256,3.8906026
ZNTPBZ,2.6030412,2.4281192
GETNAX,4.3306923,3.3594198
IYATEJ,4.846892,3.1472216
HITKAZ,3.1010096,2.1974125
YAFYOU,3.2033243,2.5807686
VALTUZ,3.8226554,3.119883
AGEVUD,7.13673,3.769507
SEKWOW,4.394639,3.7756083
HAMDEE,2.4337864,2.314662
NELROM,3.0362465,2.8043776
FAXPZN,3.3323064,2.516622
OHEHIT,3.376933,3.266821
UDAGOY,2.1594956,1.6754079
GIQPII,3.6699996,2.4010878
XAHGIY,3.1388333,2.888702
DEDJEC,3.4259136,2.338063
NADKEJ,5.3924804,3.27805
CIKLIS,2.8479438,1.9800653
RUDMOT,3.2463183,2.3477728
HIQSEG,4.9024034,3.1917918
HUBCAJ,2.831889,2.6058245
LAPYOR,3.2727134,2.2338164
KEKHIT,3.261829,2.622302
XIGWOA,4.2857933,3.0404327
FENVEA,2.9622314,1.8535347
RAFQUN,4.7641697,3.435441
KIHGAJ,3.3758445,2.8060489
AREJOW,3.4974794,2.7230039
YAYYIH,3.1007376,2.4311733
LARSOP,3.1157038,2.4707725
SIZPOI,3.9176233,3.0007222
VONYAA,3.6879592,2.7368562
QUGDIG,4.7385907,3.490282
EDOHAJ,2.323036,2.3517985
LITBIC,2.0043907,1.9943571
IWITUD,3.0980163,1.6760535
SOGLOS,2.6781447,1.8571168
CAZQEA,3.6193864,2.8100665
MEMPUQ,4.6926036,3.3393514
AGAMEB,1.6694186,1.2080033
CAPMIQ,3.1388333,2.3716774
YABBUA,2.3643973,2.110363
GOQQAG,2.798691,1.8809124
YERTAQ,4.1328654,2.4009109
NOCNEY,2.72005,2.5268846
XIZWUZ,4.2223907,2.7700303
SORDIM,4.5609,3.3338935
RUTRAZ,0.286808,0.44511795
MUTQOI,3.1113498,2.3389502
TINBIC,4.6760044,3.0514479
KAFVAP,2.5965104,1.7102057
FOBKOX,3.813948,3.4327993
HUFBAL,4.493688,3.0459878
WAHQII,2.463991,1.9583652
IXOFIM,3.2006032,2.3596172
UDIJIA,3.7127216,3.1393213
CITTEG,3.1140711,2.0251613
RIXWED,3.2678154,1.811929
YUJMAT,4.220758,3.0938056
WIRFOV,2.2043943,1.7227316
TEKHUP,3.0762472,2.725976
QUCGUR,3.147541,2.6153553
RALQEC,3.054206,2.8481197
HEQXEI,5.547313,3.0734317
HOPTIS,3.720885,3.0758588
RUNTUQ,2.7725682,1.9486808
OBAFAB,2.2430346,2.284854
EQIPEA,2.6950157,2.1122158
NOKJAA,4.317631,2.7002673
MARDAN,5.327445,3.7783732
IROLAC,3.2278147,2.448503
FIXXIW,3.5042822,2.9528818
LUSPEV,2.9377413,2.3852942
DUDLAR,2.9189653,2.6931043
ITUJAK,4.704304,3.3677573
WISVUR,3.6242845,3.0765133
BODPEQ,3.3037343,2.855502
VEDCIR,2.9113462,2.5946546
WINFEF,3.8895955,2.8387
CIZBET,3.0909414,2.0898712
DEYFOE,3.1622353,2.3093827
NEBNOX,4.8014493,3.1235042
MEMPOK,5.1105704,3.396765
HATCEN,2.9899871,2.6332717
UNADEU,2.800868,3.606312
OBEGIN,5.802012,3.6252959
VOQGEO,6.6452928,3.8795872
TOZZAL,2.4133778,1.5198497
FUWGAG,2.5633125,1.9415598
QUYDIZ,3.5421062,2.0289495
MEGTEY,3.1181529,2.8490088
WAPMUW,3.3323064,2.6098158
BEGTAL,3.7040138,3.1434171
XECWOT,2.2756882,2.2246816
ERESOK,3.2035966,2.6935644
JEDNAK,3.5625148,2.4146643
BELFAA,1.856905,1.6830658
XAMFOH,4.5774994,3.2606027
LATKIB,4.718182,3.5174482
RIXQIA,2.9306662,2.1540685
TEYSIA,1.651187,1.7438238
IHEXOJ,5.076284,3.6576314
MIKGEU,3.0599203,2.461252
XUSTAG,4.9805,3.0219333
MAZCUM,2.844134,2.3114002
ITUGOV,5.4958835,3.9570994
IWADOZ,4.133682,2.9948661
MUDMAA,3.3089046,2.5821197
FOWGAA,1.407373,1.8405753
QIGPOL,3.152439,2.4300022
CAKLUW,3.084955,2.6952136
UYOGEW,3.3608782,2.4121127
XORSUS,4.2525954,2.8657136
PODVIO,3.2966595,2.5807126
WERLOV,2.2454836,2.3129091
WIPSUJ,3.2947547,2.5989084
ADUFUD,2.492291,2.0645084
TUCYOG,0.3744287,3.018147
QOLDIF,3.445778,2.1104536
WULXIK,4.0106864,2.4165936
FIFGIL,2.939374,2.4485288
ODIZUX,3.006858,2.5237947
MULRAN,3.039784,2.867538
WEWKAK,2.8528416,3.2355351
PADTEV,3.855037,2.9799693
ZISLOF,3.0297158,2.1853964
DORGUM,3.6019711,3.7612865
WELSOW,4.172594,2.8279333
FASCUA,1.9418045,1.7642584
XALTEJ,2.3839896,2.575148
TEXDUV,2.143713,2.190485
PIQTOY,2.4629025,2.0754352
HAMCAZ,2.433242,2.3145635
FACREH,5.3992834,3.832046
DILGUA,3.2460463,2.4972775
ZASVAT,2.370928,1.9805361
WESRAN,3.721429,3.830236
QIPRUF,2.8142016,2.416485
NUMTIA,2.002486,2.2330213
IJIPIC,1.6247919,2.2210624
OPIYAO,2.3790915,2.0632017
HUPYEX,2.4229019,2.243887
OMOHUT,4.2999434,2.9304667
QAGVIE,3.107268,2.4386468
APUJEC,2.763044,2.325371
QIGQUS,2.8163786,2.1833282
TUMQOI,2.3507917,1.7527578
OREHAV,3.085499,1.9156933
RIRVIY,4.4147754,3.6836653
IMULIM,4.02538,3.250196
AWOFAT,3.9875565,3.1065757
DOJZOT,0.060409278,0.015827179
FEWYUD,1.8506464,2.336973
CIRSIG,2.449569,2.0800378
VUHDIL,3.161419,2.4653234
IQUDEE,2.3377302,1.9793031
NOJBAQ,2.922775,2.3836536
GENXON,2.7282135,1.6591363
KITGIE,5.4041815,3.8463607
UJIRUB,5.2654033,4.131215
RUSDIS,3.0501242,1.7497865
HERGIU,4.717094,3.5658045
NIDLEU,2.8403244,2.2437222
PUFZEW,2.6063066,2.291826
CANDAY,3.1633236,2.734189
LIGBAE,3.890684,2.404808
LAFGEH,2.6999137,2.1726227
CERPEW,1.6223428,2.3157911
WIWCUB,2.51406,1.9195594
PUVZEM,4.324978,3.5674121
YASGII,3.5529907,2.8081353
MIDQOI,2.0533712,2.1491613
JIVNAD,2.4343307,2.314671
LEKBEI,2.614742,2.7107272
QEXQAO,2.698009,2.2029724
KEXQAG,3.1935282,2.5294325
NOGWIR,2.2509258,2.3045726
XEWXIJ,2.6824985,2.0969431
MIYVUM,2.2305174,2.1765804
GEPLOD,3.5012891,2.965829
JODSOL,3.3227823,3.0068061
SEZQAR,3.0860434,2.674416
OJUHOQ,2.8471274,2.3604825
QUPVUS,2.4405892,1.9731148
HAMDII,2.2185442,2.3160725
LUHJUV,3.5475485,2.8548203
IDUVIM,4.304025,2.8007827
CEKCAW,2.6452188,2.1363637
NORTAQ,3.2800605,2.7417412
LOBQID,2.8324332,2.1329591
XILHEG,4.261303,3.1850224
JAGNAH,1.7583997,1.341088
GELZEE,3.5581608,2.6370888
WUZTEQ,4.62267,3.7282867
MUJJUW,2.0661604,2.2542105
QUPVIG,3.8852417,2.5395935
FEVFAQ,2.8329775,2.2695415
BOJBEI,2.7859018,1.9835739
CEXTAB,2.3959625,1.9513266
KAGLOU,3.1342075,2.4524693
OJAQIA,4.9198184,3.237203
PURWIJ,4.56988,3.8805819
RUXGOG,4.1023884,3.136232
FUZXOP,3.6414278,2.4748442
AYIJUN,3.2419646,2.3671696
HUBBIQ,3.1913514,2.5241494
SUNYUW,3.2659106,2.524675
WOCCAS,4.5132804,3.6595068
YUZROC,2.179632,2.2699566
YIDQAF,5.094788,3.1542695
DUFRIG,2.9788303,2.305133
CAMYEW,2.6057622,2.0085568
NIHTIK,2.040854,2.1525366
BUZQUK,3.5301332,2.8793123
IBEQEL,5.235471,3.5690117
EKIWEB,2.8337939,2.0158262
OLOZEU,3.3056393,2.4988103
VOYWIR,1.7507806,1.6483012
LOVJAH,5.3048596,4.0075445
VIGFIA,5.6243215,2.5472739
LECSET,6.3867846,4.1505446
QEBSAT,5.133972,3.4822986
SIMXIY,5.5818715,2.7773244
IGEFEF,3.250128,2.8161516
ZIFSOY,2.0683374,2.5274632
OFUFEA,2.3932414,2.2565448
QASVOY,3.3777494,2.9237008
NESCAR,2.9820957,1.8176763
TOBGIB,1.7162222,1.5662148
TURHUJ,3.5197928,2.520578
MISKAA,4.5179067,3.2148273
JILGUJ,2.60032,2.2657857
NANZOU,2.6063066,1.9571767
VOGLUA,4.354366,3.5042782
ARAFUW,2.7010021,1.961442
BANROZ,0.27565134,1.6042337
YUCYUR,3.6446931,3.0063334
FUPVOB,2.7491663,3.143774
IXOCIH,4.746482,3.4044242
FUXLAN,3.0169263,2.2338185
PELNUQ,3.1358402,2.2567244
ATULUY,2.877332,2.350365
DENHAI,3.0958395,2.72218
JUTHUD,4.9769626,3.496482
EHEGIJ,3.51816,2.622817
ICUFUI,4.172866,3.4149706
XAXGIN,2.4906583,2.3442578
PORNUI,2.9567893,2.726896
VIQLOX,2.891754,2.2804453
NOQYAV,3.8694592,2.6816158
HIJXON,3.897487,3.4496136
FAJZEW,3.9804816,2.9124043
YAZXAZ,3.1328468,2.1886706
NUMNAL,3.6795237,2.769376
LECSUJ,6.4153566,4.198783
HIKBIM,3.4767988,2.735795
YOQJOF,4.588384,2.8816059
CEGFIE,2.9913478,2.5412722
XIHBAR,3.7222455,2.3635135
LOSLEK,3.8373497,2.3875258
LOSLUB,2.6852195,2.087522
FIBFAY,2.834338,2.5488808
FAGTIS,3.8520439,2.5678596
CORCIW,4.0066047,2.6547563
YABCAH,2.454195,2.1453445
NABZUO,2.953796,1.8327584
DUSVAQ,3.7894576,2.8624873
KEYKIJ,3.5241466,2.8145287
JITHAY,2.8237255,2.3590083
XILGIJ,4.363618,3.4936252
GECVUI,2.6343343,2.2301855
MAVZEP,2.4416776,2.298509
ATAFEG,2.5061686,2.3795228
FUPPOW,3.9870124,2.8867626
HULDUP,3.187814,2.5531163
NENYUB,3.8517718,2.516027
ONUNER,3.897759,3.2703276
KAYZAN,6.2221556,4.1757765
QAYRIS,2.342084,2.378993
NEHHOZ,2.52821,2.171747
UZELUH,2.8136573,2.3945985
CODXEB,3.2895844,2.05062
CICBAU,4.6803584,3.2744853
ZOTMON,2.6373277,1.7468147
EBOMIU,1.9418045,2.115051
OBEVOH,2.4552834,1.9466035
XUDGUZ,3.9755836,2.7237895
CEFLAD,3.7217014,2.678237
VENLUX,2.5507953,2.3459585
RANHEV,3.3249593,2.6731083
YOCGII,4.258854,2.6734157
SUYKAZ,2.5001822,1.2364637
ATOTOU,4.748931,3.7439008
WENSOZ,1.6133631,1.8083087
YOHZIF,2.4027655,1.9956732
OXIWUP,3.3347554,2.5699458
ODISAW,2.117318,2.0170012
FIYQIP,2.0941882,1.6735979
IWIXIV,5.358466,3.0267208
YIDWEO,2.6699812,2.0023527
FUPQIQ,2.4691613,1.579404
OMUDEH,2.5644011,1.912062
GANGIM,2.1706524,2.594435
DOMLEX,3.3932598,2.9587295
TEHBUF,4.0474215,3.066688
QUBKUU,5.6885405,3.3465614
WORLOE,3.4425125,2.825862
MIRNIL,3.6825168,2.895045
YABNIA,2.6033132,2.1321077
WAYZUT,3.1739361,2.6458702
NENJIA,3.1557045,2.7856114
VAJLID,3.3777494,2.4009764
HAMGEH,2.4381402,2.3149128
BOHHEO,2.9532518,2.399441
LOKSOV,2.4582767,1.7827834
EWUZAY,3.503466,2.503637
DAZFAO,2.0661604,2.0503511
YAFZIP,2.946993,2.6817422
BUNNAA,3.840615,2.7418158
YOWMAY,3.5932636,2.1456532
RAHPIC,2.1513321,1.9511032
XEBSIG,4.6773653,3.2502446
LEKKIY,2.5061686,2.0649197
HOKFOC,3.5407455,2.6199188
TOXLUP,2.3774588,2.0254788
UNODOR,4.9794116,3.7510245
OXUGAR,3.69966,2.0948591
IBOFEL,3.4057772,3.1423843
KOQXEV,3.0972,2.8762903
CEVLUN,5.939157,3.6172137
ICECOJ,4.5170903,2.57164
LASNUP,3.0923018,2.7692776
OYAKAB,1.7777199,2.3708196
NAHPUI,3.9064667,2.5452373
DASCUX,5.771535,4.1816792
XECXUY,3.199787,3.474442
LEXVUH,3.799798,2.3250303
SIFJEX,4.3102837,3.1581569
SEQROY,2.774745,2.113422
WOFNUC,4.7040324,3.4690351
FORJUS,3.7279599,3.4078043
GIHTAT,2.997062,1.9540346
GANHEJ,2.205755,2.4156423
KAPJOC,3.2011476,1.4516447
XACMIY,3.1820996,2.5607288
SETNIR,4.871382,3.610022
VADTAW,4.799272,3.6200085
BUGNIC,4.796551,2.6931243
VUYBIA,3.752178,2.5030174
JETWIP,2.2103808,1.8911358
NUTXIK,1.9556823,1.5241287
JEYFUP,0.7107614,2.8139713
EPAWOI,3.515439,2.4674742
YIHKAC,4.5799484,2.9905417
LORFAB,3.6890476,2.98061
TISBUS,2.1227603,1.9155476
KOCXIM,2.6634505,1.83111
IKACEE,2.2424903,2.1212084
JOJVEL,3.3178842,2.740311
UGOFEC,3.0985606,3.1162891
USAYEU,3.1625073,2.7239237
ROKDOL,6.237122,3.7299416
MUJHOP,4.281984,3.8414636
YEPBAW,3.5252352,2.898086
ARIDEK,3.916807,2.7541432
YAYXUS,3.1913514,2.6050007
ISERUV,3.2631896,1.8488854
FISDAM,5.029208,3.4819324
VIRTIC,3.962522,3.158031
ULUJOC,2.386983,1.905783
LOQGOO,5.224042,2.9051383
WEPQIU,2.9867218,2.4452791
FUQQIS,0.17578556,1.672487
CIXJOL,3.7023811,3.067908
DAXXOR,3.3086324,2.1427834
VAFQIC,2.3799078,2.1121554
GAFZIZ,2.6237218,2.2566671
ITIYIV,4.0204825,2.9492962
MIPLOM,2.0033023,2.6937273
QITKEL,4.0632043,2.9926856
TOXMEA,1.9072461,1.8770604
DELPES,1.3368955,0.70600533
VOHXEY,2.896652,2.131377
YOBBAT,2.9665854,2.4032497
NIJCOA,2.769847,2.429373
EREJUH,3.52714,2.605839
OKAMIY,2.5205908,1.3246363
FEJFAD,6.3541307,4.1098633
WUNNOI,6.93074,3.95643
SUPXUY,3.9630663,2.9127743
VUQYIR,3.5717666,2.7846203
CORQOQ,3.816397,3.8737602
TARWIT,2.021806,2.013561
WABSAV,2.7355607,2.7686014
HEDFEE,2.8106642,1.9180683
DENRUM,3.9350386,2.9423208
COFDIN,4.21069,2.9328282
LAHRIX,5.400916,3.6087945
TISBOM,2.1252093,2.0856667
NAWLOP,2.9317548,2.1199758
SOWHAO,2.9404624,2.2541742
YIXGEU,3.19761,2.8422594
TUMQIB,5.303227,2.9828174
GOKXOT,3.5072756,3.0895107
PULWUP,1.0024675,1.6289093
PAHTEY,1.8996269,1.7986493
YASDON,4.041707,2.8276908
XOXYOZ,4.7034883,3.4358406
QAGVOL,2.4795015,1.6901627
HAJZUP,4.359264,3.1606095
IBUSUW,3.1317585,2.3014426
QAYKIN,3.6093183,2.7631845
QIKDEV,2.0326905,1.773289
FIRJEV,3.5910866,2.4631257
ZIZFAS,3.873813,2.9277864
XOPGAK,3.3415582,2.648972
LEMVEF,1.7320048,2.1426308
OPARAZ,3.6436045,2.4221978
QIXYIH,2.4218135,1.6608431
NAMROI,3.7012928,2.6758175
YIHWIW,2.275144,1.9361279
RAJPAU,1.4773061,1.62549
JIVVAL,2.4365075,2.314733
VOVQUU,3.0577435,2.2335687
CAHGIB,6.201747,4.2978053
UHAZAE,2.7050838,2.4844782
NOBHAQ,2.5543327,2.1213443
UMUCOV,4.6659365,3.5918255
GARPEV,4.644984,3.223855
BESPIA,2.189156,2.3010921
LURWUR,4.505389,3.2373734
XURGOG,0.41143617,2.3598437
QOKXEV,3.1932561,3.3344553
YESWEB,3.8057845,2.284015
DEWWEI,2.3290226,2.0631585
OPIVOZ,3.190807,2.8124692
JUVCEK,4.672739,3.0008183
XAXZON,2.6346064,2.3989005
TOBHOK,4.794102,3.1637933
XIGMUX,2.7208664,2.5092833
EXUZON,2.3099747,1.6193292
MEMVUV,3.3344834,2.0424802
ZIYCES,3.2852306,2.88456
GUCRAY,4.034632,3.3768003
XUBPAM,3.1823716,2.567372
INEZUX,4.1091914,2.7698174
CATWAX,2.590796,1.9515011
TUJXIG,2.4539227,2.067545
BUWZID,3.1434593,2.8302948
JIVTUD,2.433242,2.3144908
LUKREP,2.700458,2.2245603
BEZKOH,4.170417,3.6496468
PADTAR,5.054515,3.1676934
XADNEX,2.7472615,2.1974492
SIRMOX,2.956245,2.4588106
BULTAE,2.3910644,2.1179502
QOKXAR,3.166317,3.039182
TERQEM,3.5826511,2.7157588
YICKIG,1.6299621,1.6909257
YORTOR,2.978014,2.821825
XOKGIQ,3.006858,2.4575315
FECBOH,3.3252313,2.1155314
IJUGOJ,4.5690637,2.8976183
KAFWIY,2.7306626,2.1844728
PIZTOK,1.8982663,2.1995924
VOXNIH,2.6299806,2.2338595
FOXCIG,5.171796,3.4889414
QINDUO,3.0490358,2.4028742
KIMKOJ,2.8969243,2.3665943
ICOWED,2.89638,2.7797108
AGEJUS,2.841957,2.2138608
OJOTUE,5.323908,3.6211698
WILQOX,3.4830575,2.7259722
KIQPOP,4.375319,3.1792111
HOHHIX,2.9260404,2.5468075
SUNQUN,3.6885035,2.1793153
WISHIR,1.6506426,0.9804375
WEXKUF,3.3056393,2.7467167
RULXAY,4.7045765,3.3871856
HONJUS,1.937995,2.579348
WAYZIH,3.3108094,2.8001056
DIYXEO,2.4046702,2.4020329
IJETIB,3.8085055,2.8055253
LEWBAS,3.3921714,2.6115117
KIYRAN,3.0822337,2.4074857
UDODUM,4.283072,2.926356
XOTPAX,4.7111073,3.0310066
BASRUL,2.942367,2.2824385
POMLEJ,4.0645647,3.26604
YEBYIQ,3.1173365,2.326798
DUCCIO,3.1769292,1.9525318
OCOLAT,4.041163,3.222206
CIRVOO,6.060248,4.144962
KIGSAV,2.8547466,2.2297547
QIRFUV,4.727978,3.4689777
MAKNIY,3.0057697,2.4093847
YIZYEM,2.8098478,2.3008115
GUCSAZ,0.4078987,1.3543531
SOXMUN,5.2322054,3.4003067
LUHXIW,2.782092,1.6791415
JIVRIP,2.4365075,2.3149433
FIQTII,1.328732,2.1472666
KIMYEK,3.8057845,3.0189629
HUCFAN,3.6768024,2.5274591
TEHBOZ,3.8934052,2.979872
FOWHEF,3.670816,2.2253432
QIDWUY,3.1369286,2.5880501
IDARIQ,4.1110964,3.5162992
ILIHUG,3.84769,2.893766
COQVUB,4.4087887,3.2905831
XISBAD,3.5826511,2.8754544
XIYNOJ,2.8596447,2.0295837
VOHHIM,0.21442573,0.6563277
TOGTEO,5.2637706,2.9463923
ZIPJAL,3.1464527,2.4781308
ZIPXIH,3.221284,2.7793088
JONXIV,0.28898492,2.2093813
NOGWOX,2.291743,2.1983352
AJODEI,0.29578778,2.0733728
QUQGEO,2.0035744,2.4812665
KIKYIN,7.623814,3.8604705
PIJWEK,0.9012411,1.4203722
LELJAO,3.2269983,2.2448626
FIWBES,5.2490764,3.865648
BUYNIT,2.4754198,1.7121147
RUNVEC,2.652294,1.8533435
YOFHAC,4.5364103,2.8479693
POMJEJ,2.7431798,2.3171282
SAQJAY,4.731516,3.612009
DEDHOK,4.0917764,3.219242
WUXCUO,2.1075218,1.8738222
DURYAR,2.8196437,2.356871
COQVAH,5.0270314,3.8129747
WEZXEE,1.9831659,2.1784062
QEBXAY,3.3203332,2.2235775
EYOMAI,5.154653,3.2852426
TOBDUK,3.367409,2.8253698
FOZGEH,3.0754309,2.4592452
ACETUX,5.24826,3.8624725
FIKBUY,2.229701,1.962605
AGAMAX,1.6590782,1.1982179
ETUBAX,4.757639,3.927759
WUVPAE,4.5726013,2.76003
OKAROJ,4.1249743,2.9950283
SUYCOF,3.6697276,3.002073
GUJTAI,2.8756993,2.06452
YAFTUU,3.6245565,2.5989406
QEPBAO,2.5004542,3.0864003
TIXLES,3.4229202,2.3890846
EDAXEO,4.928798,3.40486
VAJFUJ,2.4215412,3.280279
IRERUT,4.5565467,3.6225815
QODLED,3.5532627,2.7755413
XUCHAF,2.6561034,2.514127
IGETUK,4.151369,2.9443276
XAKKIF,2.77665,2.2285483
DADFOG,2.9671295,2.205374
NIQXIV,4.8207693,3.947364
EFEDOL,3.3040066,2.8852837
OFUTEQ,1.8694222,2.3514757
QOCJIC,0.33660483,2.430126
GIHBOP,5.0107045,3.6641974
GOZGOT,3.1412823,2.4583979
HOTKUW,2.8054938,2.3674004
UXELEP,2.963864,2.0862565
YOWPOP,3.4338048,2.9707584
ZITMOE,2.3341928,2.3600194
TIPCEB,5.3562894,3.752642
TIBZEK,1.9494237,2.248323
CISKEX,1.9102393,1.9932554
SEMMEC,2.4337864,2.314494
ROVCIQ,2.294464,2.2981234
METXUF,5.418331,2.985526
AWOGAV,2.9056318,2.4073343
QASVIS,3.6134,3.1920645
UGANOG,3.9312289,2.9988635
JILZIQ,5.205266,3.5949576
YIHMAD,2.5997758,2.2643728
DAGMUV,6.380798,3.8207846
ULAKIC,2.9763815,2.3643298
KOKBAO,2.825086,2.3127627
IWOQEQ,2.6248102,2.1740336
DIVLUQ,3.7064629,2.342239
PUNTEZ,3.3276803,2.8390276
ODEREU,4.3345017,3.0437844
WIJGIG,3.2890403,2.486308
GOMNUT,3.1652284,2.2604852
UKIWES,4.86594,3.397389
BONXAE,2.0925555,2.0384765
WENTUE,5.2569675,3.2083857
UCARUO,2.6046739,2.331832
YUMXIO,2.6283479,1.9829271
IMULAE,4.078715,3.049579
ALOKES,2.7701192,2.2727132
PIFFEQ,2.5374618,1.9786338
COFCIL,3.4803362,2.8433352
RAHBAF,3.6006107,2.4513154
TUHMOA,3.6501353,3.045762
TANGOG,2.8362427,1.4092264
EWUPUJ,4.2267447,3.4946237
UHAQAW,4.2871537,3.1130612
ZUZXEZ,4.708658,3.0695457
FOMKEX,3.3929877,2.7907598
CAPFOQ,2.4667122,2.0492616
PAYTEQ,2.872706,2.1766374
CUTQIS,2.6245382,1.8952806
CICMIN,3.9900055,3.2242534
CAPWAU,2.674063,2.552106
TUKKER,0.65144056,0.3669238
IRATEB,4.0800753,2.8159769
XUCVOG,1.8794905,1.7658132
WABKIT,1.7679237,1.6760501
ETUSAO,3.0963836,2.2385511
ITELIE,4.848797,3.5944204
HUPFAZ,2.1929655,2.276866
DEVMIB,2.4095683,1.9198564
COLWIK,0.77416396,1.2668778
SINWIW,3.4661863,2.403726
ODIRID,2.1175902,1.9990897
FEWZEO,1.9796283,2.1883895
CAPDIG,3.3608782,2.890852
TOKZAX,5.518197,3.760158
WEPVIZ,4.6400857,3.201698
FODMEQ,5.8542576,3.6326823
BOHLUI,3.9755836,3.052938
QIGGAQ,2.753248,2.6206295
DAMKEJ,3.2397876,2.463016
RAJHIU,3.873813,3.7491074
XUWSUE,4.1505527,3.5892642
COQXEN,3.9851074,2.7518349
OVANIK,2.1279304,1.622313
HUKXOC,3.037607,2.9100513
CIMWAZ,6.0006547,3.856589
HATCAJ,2.9162443,2.3331027
IBIZAV,2.3306553,2.3957496
LERXEO,2.6444025,2.41786
WULXAC,3.917079,2.497324
RANHIZ,3.3274083,2.6734908
VIRTOI,3.8300025,3.1382003
WEHJAX,2.8623657,2.3254108
YASGOO,4.96635,3.766505
MIPYAO,2.9478095,2.667839
NELBOX,2.9641364,1.1034
JUKXAQ,2.7940652,2.5303688
CIBZIZ,2.923047,2.4756923
CIJVUP,0.9796099,1.4231132
GIYLIM,1.7197596,1.9578481
NULVIZ,4.4754567,3.0259728
EBONOB,3.9826584,3.0326898
OLOWIV,2.9042714,3.199099
HOBGEK,2.3665743,2.3481126
FAXSIJ,2.8054938,1.7600166
OBEFOS,3.9018407,2.5864747
XUQCOB,4.2125945,2.4567857
IMIMEY,4.8093405,3.5799866
COQWOW,6.303518,4.4489436
HONRUA,1.8539118,2.541962
KOXRIA,4.3628016,3.0577474
MAHXAX,2.3358254,1.9574475
KUNQOA,3.4049609,2.2945766
VAYQIV,2.630797,2.4792497
REWCUT,2.7491663,2.0647943
VAVBEA,3.1978822,1.9138261
YAZXEC,4.763625,2.718322
AFUSEZ,3.3350275,2.827769
RUTNEZ,2.2460277,2.210635
QIRJUY,2.573925,2.122867
MUKXUL,2.9293058,2.5679479
PULWID,1.522477,1.851986
YIDQEJ,4.7111073,2.9050398
USITOG,2.409296,2.1444578
CINBUY,2.5913403,1.8275001
SERCOI,2.318138,2.244212
XEYCIQ,1.7943188,2.0128636
TEWSEV,2.6016808,2.1042004
TEKPAD,3.613672,2.9160898
YEBYAI,3.5519023,2.1009512
MIMRUX,3.702109,2.5525248
ECUBAI,3.9706855,3.0060077
DASCEH,5.523639,4.032647
RANMEY,4.024292,2.5973914
HACDAS,2.5959663,1.8842908
RENTAG,2.3831732,2.3792768
HIBVOE,3.2773395,2.357306
ESIREE,3.5312216,2.489472
KAMPEV,2.8980126,2.788992
RUVCUI,3.8735409,2.8511798
YUVQAJ,3.0906692,2.5127778
YECTEH,3.479792,2.9343026
FOQVAJ,0.33333948,0.5572593
RALSAZ,3.7666001,2.5311637
YOTFOD,2.6800494,2.152065
OYOCEM,2.446848,2.2999594
WUWGIE,4.5894723,3.1943684
TADXAY,3.9916382,2.4944534
RILBIA,2.148339,2.3392665
ILIVAB,3.59925,2.7038422
MAHQAO,4.325522,3.8240764
TIXXEG,2.5807278,2.3520954
DAJMEJ,4.894784,3.1998293
VUYNAF,2.2569125,2.0615962
VIFNIJ,3.3069997,2.523239
APIYEE,3.0718935,2.9983664
RATCOF,3.4199271,2.9461536
ODAYUO,3.1241393,2.9584634
UNUHAO,3.5070035,3.0392768
NOJCAT,2.7371933,1.9562563
QAVZUJ,3.4882276,2.9067667
FOKXIO,3.4411519,2.5572557
GODFEK,3.0648184,2.095274
FEWPON,2.2495654,2.0640364
ISENAV,3.2993805,2.3905847
KUKMOU,2.7728403,2.3106027
YIKFUT,4.0158563,2.690681
FEKQOB,2.9298499,2.8073363
DAYDEO,2.5132437,2.3719864
YOFQIW,1.3613857,2.1796262
QITMIR,3.1630516,2.820944
TAHZAG,5.307853,3.8952794
TIBPEB,3.4120357,2.1821153
WOWQOO,5.4852715,3.6018465
WEVGOU,3.7086399,2.3552809
LALHUD,2.6637225,2.2871706
WODFUS,2.258273,1.8254279
RIHFAR,3.0378792,2.1794794
SOKQUG,2.530659,1.8777075
IHEWUO,5.0082555,3.6964068
YETFIN,1.8465647,2.088883
MOMKEF,4.787843,3.37735
ZEMNAJ,2.9940689,2.1487632
BAFSUY,0.5415066,1.6945206
XORWEG,6.3587565,3.8290646
YUVPEM,3.2378829,2.4740326
EWOZUM,3.494214,4.5692024
ROSGUD,4.6041665,3.4186158
XIBYOX,0.25633126,1.5874289
RIHMUS,3.8359892,3.0631173
WEGQUU,3.4615605,2.4646626
QIJWIS,2.8378754,2.001861
TEBCOT,3.166861,2.3720188
WECMUN,4.241439,3.2039278
BEDQAD,3.9660594,2.7413442
QOXROL,2.7263088,2.2050917
XIZWIN,3.840615,2.9969983
ZUBZEB,3.4686353,2.4027305
OCOBUE,3.7649674,2.4906142
PESHIH,2.525761,1.3817245
QAYGOM,3.3083603,2.4483802
BEQSEY,3.0784242,3.3266747
WEGVOW,2.5132437,1.516274
YAFVAC,2.5244002,2.7552838
UCOLIH,3.6645575,2.5992322
ILAZIG,2.8906655,2.171969
INUGEE,1.3344464,1.1361066
YEXJOB,1.9197633,1.507461
SEKXOY,2.827263,2.3579266
IPEHIU,3.0482194,2.8116148
URUXOW,4.2381735,2.8313625
AVOQUX,4.3886523,3.4845674
KEWKED,2.0071118,1.958001
AQANUC,3.1129825,2.5770254
XUCGAE,5.0150585,3.4847486
ARAFOQ,2.4620862,2.2237732
PIWPIX,3.2588356,2.605555
OJITAC,2.122488,2.1410298
HABBUH,2.690662,1.9984107
TUZMOS,2.9350202,2.2188973
CEYROP,5.2915263,4.1832733
DIJWAV,5.6030965,3.8528655
ADIMUY,4.1600766,2.9761128
EZIYAO,3.4713566,2.6696863
FIFKOX,2.2569125,1.9287704
CICJOO,3.434349,2.740678
TIHMOP,4.648249,3.2990193
UVOVEH,5.250437,3.5413413
POWVON,2.891754,2.2022965
FUXLER,3.5336707,2.501758
HUVKOZ,3.0386956,2.1388106
VUXTOZ,1.7548623,1.8170985
KERLOJ,4.6096087,3.6443567
QASREH,3.535031,2.7175734
UHOXAS,3.7383003,2.3938665
BELGAB,2.5399108,2.1050134
ABOZOH,5.107305,3.565866
KITHUT,2.16521,1.7182312
YUMWOT,4.6060715,3.209568
HAMCUT,2.437868,2.3149185
HANWIE,2.6656275,2.434792
SARWAJ,5.420236,3.555559
GILSIF,3.6768024,2.866363
WOZSEJ,0.12734929,-0.8275964
YEDWIQ,1.8740481,1.742836
VOGFIG,1.9543217,2.0453022
SAWZIC,4.3481073,2.9163122
YAVKEN,3.2852306,2.4545114
LEHCUY,4.65478,3.5630322
NENCOZ,3.106724,2.87096
GOVLOU,3.0237293,2.2166104
WEGCAO,4.554914,3.9358892
HAMKUB,2.4348748,2.314736
COLGIV,4.0215707,2.9069557
IRENIE,2.5344684,2.0632746
LACBOI,2.4990938,1.9428374
CEPGUZ,3.69449,3.1079056
FAGHEB,2.8955636,1.8540379
COBKOW,3.8936772,2.9210386
VOLWAV,3.385913,2.775495
WACDIN,4.9532886,3.392402
GOWROZ,3.5815628,2.6477246
XEPDEE,2.0716028,2.0420744
CIFYUO,2.94917,2.8409219
AMAROX,3.3954368,2.7485304
OHUTUG,4.6169558,3.1760118
ABOPOY,3.3377485,2.9953434
DAVCIN,5.093427,2.8690677
YICFEY,2.944816,2.5095005
YAVGIN,2.3023553,2.3417983
NOCDEQ,5.1369653,3.7301598
LAMXUU,1.5453346,1.6514622
MIKJOG,1.9488795,2.218792
FEJFIL,6.359845,4.0446334
DASPOC,2.5758297,1.9452661
UTAPIQ,2.219905,1.9669056
YIVGOC,2.5350127,1.8598723
TASZAP,2.3809962,2.3207836
LAMWON,2.6852195,2.1207395
LECTOE,1.8460205,1.746892
PUVPAY,3.331762,1.9561822
SOZKAT,4.3094673,3.0766923
ATANEQ,3.7421098,3.3514543
ICEWUJ,3.8612957,3.366191
KEFMUE,3.4593835,2.843942
ULAKOI,2.026704,1.8930784
SEKWEK,5.537517,3.3335195
ZIHNAI,4.923084,3.8059363
NOKNIM,3.087676,2.4027872
REXLIR,2.6152864,1.9535301
ATUREM,2.841685,2.3523078
LIYDOM,2.004935,1.6325903
UZELOB,2.977742,2.7343833
NELTOO,2.241674,1.9838009
FAFBAP,5.1818643,3.8674297
HIBSOB,4.148648,2.9584405
XEXZIM,2.3431726,1.9788201
KUJREM,5.5916677,3.713831
GEVFIX,3.1725755,2.9543426
DULPUW,2.9410067,2.4533174
LODSEC,2.3717444,2.223478
WUNNUO,6.930196,3.9572158
SIRMUD,2.9510748,2.7070808
MEGTUO,4.0071487,2.7865293
MOKZUJ,3.018287,1.883766
TOXDIV,1.8073803,1.7700465
KUHPUZ,2.3769145,1.8720704
VIQMOY,2.375554,2.0622213
KEPWOR,5.2090755,3.7528856
GUTFEI,3.0963836,2.3730464
QOWVII,3.8746293,2.4980073
UPUTEF,3.173664,2.6575918
HUXVAX,4.6517863,3.3721354
LODRAX,2.3975952,2.2701294
SEYTOG,3.0988326,2.0514734
GEVXEK,0.21224882,2.3957925
ECUQAV,3.5720387,3.127686
GILSOL,3.7372117,2.8539941
ETUVIY,3.5483649,2.9854543
XUQZEO,2.9763815,2.4899848
GIJMES,3.4525807,2.7120924
KEMTUT,2.5698433,1.7887887
QODDAP,1.6169006,2.046258
NORDUT,2.2381365,1.9721172
RUZQAE,3.7412934,3.275455
ACPYZN,3.4163895,2.3648577
GIXJOM,2.2857563,2.3220732
PIWZEB,2.966041,2.3003929
FOPGAV,3.1244113,2.3645654
WELSIQ,4.0414352,2.8851743
REJWAH,5.2534304,2.9753323
XEKCOI,4.6882496,2.7544465
RUNVAY,2.7053561,2.3149903
CIQKUI,2.4648073,2.440986
WAHKOH,3.0928462,2.6413608
REWHIN,3.369858,2.482068
POCFOC,2.3331044,2.4541693
OGANOA,3.553535,1.9022313
HERGEQ,5.42078,2.7295485
WIKZOI,4.6471605,3.1232295
JUDCEQ,4.37804,3.7817698
VOJMEP,6.354675,4.0580053
RAXSOY,4.5745063,2.7001097
DUXRIY,2.7467172,2.0987983
ATADOQ,2.3031716,1.7557237
BODPIU,3.489316,2.8594298
KURNER,3.8514996,2.5810509
HIJZUV,3.4876833,2.8471305
ODAMOW,3.3230546,2.882838
ZAZPEV,3.6223798,2.2125797
ADUGAK,1.5703691,1.7124796
BENLAJ,1.4645168,0.33335686
LEZNIP,2.6707976,1.9911655
AROWIN,1.9456141,1.946311
KAWTUY,1.8827558,2.0705886
HUWKAL,5.097509,2.7765396
IQUDII,2.8060381,2.1812778
INIJOG,1.6868339,1.7667705
SIDPAY,4.381305,2.9946694
VOHHOS,0.21551418,0.6642146
COZFIH,3.565508,2.6661577
TOXMIE,2.1913328,2.0251975
KATWEK,2.5132437,2.1139517
USEFIJ,2.614742,1.7781489
KIKYEJ,6.1930394,3.973901
TEKPIL,3.312714,3.318468
BIFZIZ,4.5298796,3.410718
ZEQLAK,2.3551455,1.8450857
ONOHAB,3.6691833,2.9771872
NIHTUT,4.604983,2.8746004
MUNLEO,1.9926898,2.0487664
EDAYEP,3.7957163,3.1204903
YUBLUC,4.629201,2.9051435
XEBVOQ,5.4096236,3.6925285
KUHQAG,2.4084797,1.81561
GEJTEW,2.8122969,2.2426112
XOMTEA,3.4302673,1.9612565
YEDFUL,4.21967,3.0697021
QIBXEF,1.7681959,2.0883937
SEKWIQ,4.8953285,2.9887314
YOMFOX,3.1480854,2.8070135
FIMWAA,2.8288958,2.3141956
BOBHEF,2.9782863,2.6276155
SOSHUE,3.659115,2.8207772
HIJSUO,2.079222,2.1204963
GEPPIB,3.4909487,2.2809465
BIGYIZ,5.522279,3.6374264
UTUGEW,3.9883728,3.3670022
HOWHOQ,3.0152936,2.8052917
UGOKAC,0.8851864,1.6785388
UFISUA,2.2939198,2.4023738
HUCKAS,4.070279,3.5700488
XIJDEB,2.3178658,2.1556578
QUHXOH,2.1162295,2.0339444
JOMYIV,2.4642632,2.0554588
IZIFON,3.9350386,2.374755
UDIVAH,3.649047,2.682441
NIKMOJ,2.430793,2.2318182
WABKAN,2.27079,1.9969155
RIHDUJ,4.285249,2.8333726
NIQXER,3.1314864,2.6256464
HOPMAD,2.2857563,2.0871148
MODMUQ,4.5486555,3.4808857
WABLUI,2.3967788,2.138451
DAKMUZ,2.8922982,2.469856
AQEWIC,3.905106,2.9399438
QIXMOC,3.2174742,2.8087993
EHOLUJ,2.208204,2.1675372
VUWJIH,3.6231961,2.915406
WEBJEV,4.5200834,3.1446815
QOQGEK,3.672721,2.858387
JIDVUQ,3.8934052,2.4725091
VERSOB,3.59925,2.9632626
TOYPIG,5.6169744,2.9557118
OKEXUZ,2.4106567,2.2187815
MPYPZN,3.9233377,3.1022744
MIRXUI,2.858284,2.5466805
QEQHUQ,4.2193975,2.4904542
HAMMOX,2.4343307,2.3146017
PESHEB,3.6645575,2.9198487
ZACWUV,2.1592236,2.3950708
REXDIH,4.6732836,2.6965816
MATFEV,2.8079429,2.346842
UNUKOF,3.2855027,2.2466667
ZAGDET,2.526033,2.6977289
ALIMUF,3.3325784,2.666233
KUJWAO,3.7644231,3.143077
POFKOL,2.841413,2.3891082
NIJCUG,2.6996417,2.4357984
OKUTAQ,1.940716,2.1093733
JEYTAI,5.087713,3.095888
XEKCIC,5.1421356,3.4751534
KESGEW,2.5039918,1.9563526
HAMHIM,2.3548734,2.3449712
JADWET,4.607432,3.0074446
VOZDIZ,2.0286088,2.1102517
AKOGIR,3.3559802,3.0608113
HIDMIT,2.5630405,2.0992274
IGUHAV,1.684657,1.9768324
MASYIR,2.944816,2.4246273
SUVDUI,3.3358438,2.5260065
PAHPOE,4.8262115,3.753373
HIHGIP,6.729648,4.3425503
IDIGUA,3.0095794,2.0241826
NISVES,3.9663317,2.7418451
FEXDIY,2.5254889,2.0961993
TAYRAN,3.6838775,2.5843947
XARWOE,3.058832,2.5663705
BIKTIB,2.2479327,1.6686294
SAWBUQ,2.659913,2.1088858
GEJTIA,2.7461731,2.1430542
MURROH,5.789767,3.087774
LAGBEC,2.712159,2.4475346
PEGNAQ,1.952417,3.019819
NABMAF,2.3646696,1.8048804
HOZZUT,2.917877,2.424079
BAKNIM,3.2914894,2.6232593
NEQSEH,3.785648,2.3918269
WUPYOX,4.703216,3.0226974
FEYVEL,2.7886229,2.223855
PUFWOD,1.3450588,1.9573563
JEVSEJ,3.472173,2.8810773
BEPJOY,3.2504,2.6049976
PAGLUG,3.4814248,2.5952492
KIFNEV,2.8063102,2.5903945
QUQMEU,2.5848095,2.7424448
QIYYIH,1.7496921,1.2601337
SEMNON,2.4362354,2.314859
NENPOL,5.116829,3.5480452
CIBLIK,4.2147717,3.0686727
LECSIX,6.38107,4.1557174
XUNDAM,2.3306553,2.0092614
PETHOO,3.5978894,2.9211125
PUZKUQ,4.256405,2.9009123
QONJIN,2.097998,1.7822574
BUDCAF,2.9459047,2.3959541
PUTKIA,2.3584108,2.161075
FEPSAX,2.4653516,1.8559281
TOSJOC,2.9159722,1.6611474
BIBDOH,2.8816857,3.0512033
EHICIH,2.6626341,1.9437304
LACPUC,3.7317696,3.3443716
ACEHOI,2.3668463,1.9894583
AVOBUI,1.553498,2.49169
VOGPOZ,3.1037307,2.5511627
YADRED,5.4308486,3.8312917
CIGNEN,5.6762953,3.5185635
PESJIJ,3.0737982,2.2324045
KEWHAV,7.115505,3.9252706
WUBBUQ,2.5861702,2.2723343
EKERUI,4.268106,2.9971087
GIQZIP,2.5848095,2.0129547
NISVIW,4.583758,2.858381
CUZJEM,6.612639,4.067505
CEDQEI,2.6561034,2.2380333
NEQLIF,2.8566513,1.8967392
HALXAT,1.993234,2.254075
BIZKUT,3.3589735,2.661551
FAGGOK,3.0604646,1.9084975
RITHIM,5.389215,3.7936754
YASFUU,3.5421062,2.518223
JACQAI,3.8376217,2.7855108
KAYPUW,3.6797957,2.537137
QOTBIL,2.71488,2.2943509
RIDDIT,3.5037382,3.2963526
HALVAR,2.4367797,2.3147938
DARYIG,1.7896929,2.1804593
QUWDOC,3.9442904,2.7582722
ZIYCAO,3.2386992,2.4822466
EDAXIS,4.202799,3.3587222
ICEYAR,2.2669806,2.4759493
DAHYAO,3.1078124,2.5969067
ICUGOD,4.2286496,3.365699
CAGSAH,2.6778724,2.4928055
IBICIG,2.0846643,1.6757531
CIVVUB,5.1366935,3.8987179
SOXVAD,2.922775,3.2826064
CEJGOP,3.0754309,2.5995698
MEHZUU,2.6484842,2.8125339
SIBLUN,2.0852084,2.076303
RUVDAP,3.4977515,2.6333578
DIFCED,3.5772088,2.8271556
PUSJAO,3.1393776,2.36269
KEHDIL,4.92771,4.113123
BABYEL,6.4986234,4.362154
GIPFES,1.7845227,1.7040362
UVUREK,4.2841606,2.792007
DUSTIW,3.4357097,2.7106555
HEFJIN,5.2444506,3.198228
TAVQAI,3.1480854,2.8686247
NEXKUX,3.5333984,2.7906172
TULDEJ,3.7173474,2.6592178
FIKCOT,0.2179632,0.25760794
VORNOF,4.3266106,2.9925275
QIBXOP,2.1741898,2.0067408
SEMDOF,1.5856075,1.3489624
JUFSAG,2.1396313,2.2326002
ASEWAY,2.5630405,2.9948444
DIVKEA,5.780787,3.3139625
GOWRAL,2.7078052,2.4792042
ZINYAY,2.6610014,2.2813883
GIRMEA,5.5021424,3.7206087
WECKUN,3.226454,1.6798016
GUWNOD,2.6158307,1.9493958
REXYEA,4.2593985,3.1125138
FEKRAP,2.7342,2.605226
QITROB,2.2422183,1.9773982
UFONEJ,2.9796467,2.1857996
HUCJOF,2.750527,2.4952583
NAXVEO,4.5968194,2.756211
SEMMOM,2.4367797,2.3149977
AQESAQ,0.8933498,2.1775744
CUDXIJ,3.8063288,3.407652
TUMQEX,4.559268,3.4166665
MAPDUD,2.61964,2.120487
WUPXIO,2.7660375,2.343699
COQJOI,2.5649452,2.2709336
JEDMAH,2.1905167,1.5157615
QOKWUK,3.3573408,3.6574914
KIWTIU,2.294464,1.9952698
QAGVEA,2.9382856,2.3750834
VOVLOH,5.200096,3.2802737
TAQTOV,2.7546086,2.367079
ROPZIF,4.5685196,3.0858014
BEHNIM,3.3208776,2.8164027
WUMTAB,3.8991196,2.8544738
COFDEJ,3.9823864,2.8637047
AXUFOO,2.939374,2.6073976
MUJJOQ,1.9540496,2.2504168
DEFJOP,2.8482158,2.5227954
PEGQIB,4.093953,3.4171293
NEBLEL,4.00606,2.542214
UFAPOG,3.9744952,2.7776036
MIDWAX,4.9562817,3.796859
UPUDUG,2.5820885,1.7475692
OVIXUN,2.16004,1.531752
CIVQEG,3.3377485,2.4426215
PEHDAK,4.320624,3.1644561
REJWEL,5.1462173,2.9621882
BIXCIX,0.14666937,0.8389714
ECEGAW,3.1494458,2.6933455
KIZCAY,6.5119567,4.0806003
RAXJEH,2.2830353,2.2988405
KUBVEJ,2.3053486,1.8553818
UDODOG,3.2890403,2.2214653
DAJLOS,3.5225139,2.6374803
JEVKUR,3.940481,3.1462471
WENPOU,5.087713,3.781929
TOCXEQ,2.6531103,2.1489096
LUSVEA,4.7622647,3.525539
XIGMOR,2.7548807,2.53236
RODWAL,2.9374692,2.099275
NAFGOT,2.172285,1.4541501
CYPYZN,3.5508137,2.4326017
JOBZEG,2.490114,2.291003
TACCUY,2.7056282,2.2602513
IFEBOM,3.2664547,2.9612322
TAYQOA,3.2816932,2.2561176
SEBKOA,2.2974575,2.0627398
MIDKUF,2.0805826,1.3148094
CIWDOC,4.8964167,3.7657967
BIKSUM,2.3178658,1.6294769
YETGAG,1.658534,2.249339
RUCREN,2.8005958,2.3899145
RUMDEJ,3.1040027,1.9738046
EZEKIF,3.0199196,2.3258905
KUJRAI,5.6218724,3.6221967
GATDOW,1.4378496,1.8118601
TIHDAR,2.5973268,2.4234316
SIWYOP,3.1535275,2.4303908
JAQFOZ,3.2221003,2.51365
FEPKIX,3.9657874,3.5293932
GIRMAW,5.5952053,3.5675325
HAMJOU,0.10530806,2.310415
WIGVOY,2.6873965,2.0104938
ALOKUH,2.527938,1.7622815
SUPRUQ,4.5298796,2.4188645
VICXUD,3.2297194,2.666738
YOXDUL,3.2552981,2.2324276
GOMMUR,2.9576056,2.680212
DELTIY,3.080601,1.6727538
XOGYUQ,3.4373424,2.5342202
XECTEG,3.1518948,2.6722627
LUVFOX,3.448499,2.8190398
AGOQAQ,2.511883,1.9978205
FATKAN,4.7766867,2.9227679
JOWPOA,3.9793932,3.0503495
TUZMIM,3.6694555,2.674643
LICMUG,2.9864497,2.8288956
KIWTOA,2.2906544,2.0994616
EJAYOE,3.2057734,1.9691807
RIKZIX,2.4650795,2.033238
CAZPAV,3.4838738,3.0647812
YUBMAJ,4.715189,2.8561482
DAMJOS,3.0163822,2.4953818
FEQTUS,2.9382856,2.9073286
QIQDEC,2.7622278,3.0794287
BUFROL,1.8857491,1.62872
REKDAN,3.0599203,1.6844136
OTOWOL,6.7402606,3.8861284
HASKEU,4.301848,3.0401516
JAMJAJ,3.9682364,3.174096
ROGXAM,4.563894,3.7704818
BIBJED,2.8297122,1.7017528
ONISUA,2.3480706,1.988122
FIMKAP,2.1020796,1.9003063
MUXTUV,4.2716436,3.2228422
TIRMUF,3.997897,2.4067175
IRETIJ,3.003865,2.5094788
IGEVIA,3.2593799,2.6761715
XUBDIJ,2.6302526,2.1393821
VICKEA,3.5290446,2.5690138
RUDXEU,3.3777494,2.5982254
BETWUU,2.3842616,2.0588126
MATLOL,3.6237402,2.218425
HAKXUM,3.9823864,2.8798409
SUWTAH,4.37287,2.7833915
WIBTUW,6.0411997,4.2230678
YADRAZ,5.4139776,3.8236313
ZAPXAP,2.4849439,1.8086861
SUQCIR,6.184876,4.236909
YUPZOY,3.469996,2.375328
WOBFEY,1.3175753,2.336636
DEPMIU,5.331255,3.5767336
PAYXUK,2.4580045,2.4401772
FIXXES,3.5290446,2.6937366
EXUJEO,2.9306662,1.9151455
DUVHIN,3.0476754,1.8730406
WUBBEA,3.794628,2.9518921
ZUZWUO,4.6754603,3.0570688
KOZYOP,2.9513469,2.8418968
QIYYED,1.7913256,1.3190349
PIHLEA,3.1344795,2.0796843
WOCFAY,2.2019453,2.5279822
XEYBEL,2.189428,2.048395
RASPUZ,5.9704504,4.0168166
TARMIK,2.9374692,2.847912
HODTEZ,2.2876613,1.5904806
GOSMOS,2.9301221,2.2258375
MATCAO,4.8637633,2.567297
QOTBUX,2.6631784,2.1595283
YOCZAS,1.9564986,1.9285841
PAPKAT,2.416099,1.9700251
WEWSUN,3.2827816,2.8718278
QIYGUC,2.8542023,1.8794198
DIYXUE,4.3336854,3.6907246
PETJAC,3.570678,2.8721426
IWIXER,5.742963,3.3045044
TENFUQ,3.0890365,2.7473834
JIMBAJ,2.3216755,2.1643362
RAGKUH,3.0705328,2.362188
POMMOV,4.418585,2.8814228
VALVEL,3.6368017,2.8186994
FIRTEF,4.3271546,2.7755923
GABYEO,3.2063177,2.6430113
QOBTOS,3.5845559,3.1150234
OVAPUX,3.7597973,2.6928616
ROQQIZ,1.8501022,2.313792
SOGLUY,2.5676663,2.1299944
QUQMIY,3.0740702,2.624662
WAVBUS,3.9832027,2.6495895
BOYZOF,2.425895,2.2820702
KEQRUU,2.1012633,1.4973458
LACGAA,4.2925963,2.2918906
YOKCIN,3.1611466,2.7252889
OPIFID,1.0544412,2.180489
COVTEN,3.326592,2.5238342
UDIRIL,2.3075256,2.1086063
TUJQOE,4.4700146,3.5095098
HACDOG,2.530387,1.8858522
DUZHIQ,5.123088,3.079497
GILVII,4.144022,3.2586172
REQTEM,2.9165163,2.5517864
LAZGEY,1.9929619,1.6057469
LIPBUK,3.1265883,2.6720147
RANJAT,3.3821032,2.553915
LILBUE,2.5020869,1.9096787
BUJNEB,2.103168,1.9161174
ITIHAV,4.470831,3.225557
LUZTAC,3.6125836,2.479249
HUSCON,4.2640243,2.9727077
KAZLAA,4.766074,3.2344253
HOZGOT,5.1916604,3.129757
LEBGOQ,2.1646657,1.5213996
XENFOL,2.7584183,2.5681415
CAWCIP,2.5287542,2.351737
FOPGEZ,3.1350238,2.3851743
NEDVUQ,2.4427662,2.541681
DAMLIO,3.6509516,2.8100104
ZOMWIJ,3.7984374,2.2195084
PIBKOB,4.092048,2.6150582
MIRHUS,3.3891783,2.932099
GUWNIX,2.659913,2.0970392
RANTEF,2.1657543,1.8967652
ETUJEJ,3.0074024,2.7255726
SOTCAG,2.9527075,2.3971882
KANSUN,3.5456436,2.8885121
NAMSID,4.4874296,2.6903348
ONEGUK,3.3257756,2.4253857
CIJKOX,3.0977442,2.640869
TOPKUG,0.29551566,1.9567256
EZECIX,0.53307104,1.6867259
TIXRAU,2.9029107,2.4470534
EDAYAL,3.7717702,3.133637
EBAVUA,4.7277064,2.7046363
GEQXOQ,2.9758372,2.4207158
JOCJOB,2.9954295,2.2575343
RELWEM,3.9353106,3.012431
ETUXAT,2.465896,1.9670451
BUSMIM,5.671669,3.5917192
RUDTAM,2.3314717,3.1596491
TEKJEA,4.056946,2.7950406
WISNOD,2.3766425,1.7902805
QOYWEI,1.9360901,1.6670824
ZEPXUQ,5.5435038,3.680842
YEYNOG,3.1981542,2.2600174
SUPYAF,3.9796653,2.9617305
UQUSAB,2.6158307,2.0620742
NIHJIY,0.54368347,1.5351481
EHICED,2.9067202,2.1351173
QUNDUA,1.8735039,1.6475046
QOTHUD,4.263208,3.1650174
LIMGUL,2.466168,2.0761135
QASRAD,3.8436084,2.7403157
ZETWIE,5.179415,3.031463
LEKZOR,2.6993694,2.076332
ILIJIW,4.342393,3.1804545
COQWOX,3.0691721,2.525434
XUBDOP,2.6593688,2.1719575
NOWHEO,2.9717555,2.3565998
CEJGEF,3.496119,2.456769
XEFNOO,3.04441,2.7727582
TIWSAV,2.351608,2.3249443
TEYSOG,1.596492,1.7616214
CELKAF,3.4490433,3.523107
DASQUJ,6.4398465,4.183489
ZATXUP,6.5037932,3.6694722
YAYMIX,2.56685,1.9105957
PAKVOM,7.2420382,4.044384
BIBDIA,2.8626378,2.30963
CEMTIA,3.616121,2.3202786
PAFREV,2.1418083,2.0140796
VISGAI,6.8507385,4.252772
ROLNAI,2.3448052,2.1072993
BIBDAS,3.302918,2.4710598
ALOJUI,1.6792146,1.7493252
METTEK,2.9282172,2.4285843
CAXPUM,3.8376217,2.8990023
NEQSIL,3.9989853,2.5943112
UGAFIS,3.0308042,2.5758786
YUHVII,3.7475522,3.3431704
JAMNOD,4.1296,3.618321
BTCBZN,2.4811342,2.3214426
LIYFEG,1.9320084,1.918391
REZFIM,3.2993805,2.5380487
ZASVUN,2.5453532,2.0801234
LACCAW,3.4980237,2.8141332
HIQSIK,3.7655115,3.0165644
VOJWEW,5.7826915,3.3240526
NAKLET,2.2909267,1.9901967
EWOZOG,5.553844,3.924831
EGEHII,2.555149,2.4468126
EFEWUI,3.9859238,2.8214962
RUSFOC,1.9230287,1.5383564
GOZMEP,1.940716,1.4861455
HAKBIF,3.2057734,2.5042524
RALDEP,3.3301294,2.0488632
JENTOM,2.4095683,2.462733
VEKFAT,3.4664586,2.784475
XAMFUN,4.3717813,3.094499
NOJBEW,2.7597787,2.0279055
ADUROH,3.1293094,2.092867
WAZGOV,3.7372117,1.8227587
LOGBIS,4.507566,3.1982727
BUWZEZ,3.3178842,2.9650042
KUBVIN,2.2422183,1.8315312
TOBHUQ,4.7859387,3.0855284
WEMPAG,2.8675358,2.4276369
WICRIJ,2.63379,1.928386
RIRKUZ,4.023748,3.0823166
EBOMAM,2.00303,1.9405228
DUVMUD,2.0724192,1.8939148
RAYPUE,2.731479,2.1938612
VOQFUE,3.0191033,1.9579076
NEGSID,2.5684826,1.774344
FIPWOQ,6.2099104,4.3806615
OJELEU,4.304297,2.82711
GAMMEO,3.3276803,2.368918
FIDWOF,3.9018407,3.385886
IXIGOM,4.3475633,3.2201946
LUJFAY,3.5733993,3.178056
CEBMAZ,2.356506,1.9429643
CUMBES,2.17936,2.1297138
IGUQOQ,3.61857,2.642054
REXMEP,3.1606026,2.647748
HOBHUB,3.9540865,3.3430595
KEDNAJ,2.8073988,2.604687
EYEHEW,3.5962567,2.8138874
GADSUZ,5.3211865,3.8840942
NELTII,2.3984115,2.1270123
IRATOL,4.0324554,3.0113442
EYUMAO,3.0103958,2.7823467
YAYBEI,2.1516044,2.0080507
HAWBEN,1.8705107,1.4495782
QEMXOY,2.1989522,1.8621922
HAVBOW,3.3399255,2.7146065
QEFBEK,2.1799042,1.978127
ODOCIU,2.6667159,2.1673741
TOCFUP,3.4033282,3.0461283
REWFAB,2.801412,2.1350048
SOSGOX,3.102098,2.3949182
QORLOY,2.6833148,2.7206192
RIBWAD,2.2781372,1.9919318
LIDLEP,4.2115064,2.489334
ZUDLUF,2.6152864,3.171067
TETQUE,4.584574,3.8184817
ZEXHOZ,6.1810665,4.289724
FASZAC,4.600629,3.8705482
UJUDOT,3.6381624,2.629949
BEFHUS,0.18204418,0.718549
ZEMNEN,2.6215448,2.267047
BOMQEZ,3.7527223,3.1679826
EACWAG,2.305893,2.2704592
OQECOD,3.45122,2.7801478
XOTDAM,2.8335216,3.7416515
TAWJAE,3.515439,2.9051347
HIBVIY,5.1391425,3.8218327
WUDMIR,3.3412862,2.850165
RURJAR,2.5456252,2.1562443
NUYGUJ,3.9777606,2.7617667
GONJOL,2.1540534,1.9235971
QIRWIA,1.6484658,1.4368188
CIWBUF,2.8231814,2.8834004
SIZPOJ,2.7216828,1.8734465
QERPAE,3.6648295,2.9182568
POFGUN,2.129563,1.8989221
OCOYUC,4.8316536,3.0668726
OZAVIV,2.08412,1.7734767
FIPVUV,3.7412934,3.0738785
BOMMEY,2.1918771,1.8451794
LUSQUM,3.1140711,2.3837748
DICMUZ,1.3284599,1.7002203
LOGSIL,3.6934013,2.6106348
KEXPAF,3.1867254,2.5919695
BAPZIC,4.5396757,2.9365277
LEBNIR,0.5083087,3.6078238
SUSLID,4.1764035,3.3336427
TACCIM,4.2060637,3.631918
TOGPUC,4.5271583,3.6643052
VEHMAY,1.510232,1.3645774
MAKLES,2.446848,1.9999521
HAMJAG,2.3175938,2.320467
IVILEF,2.083848,2.1834567
TOQBUZ,2.3099747,1.5708456
LEJKAO,0.3118425,2.184993
YAYYED,3.534487,2.5788593
JOHYEN,3.5502696,2.446529
EQAXUR,4.4629393,3.7878115
PETJOQ,2.9031827,3.0734646
VUCTOD,4.024292,2.7934256
DIBJUU,2.3186822,0.96281266
GILGEO,2.1382706,1.9995133
WAYPEU,1.170906,1.6188307
WUWGEA,4.7859387,3.3693814
OJUJAE,2.9478095,2.3423495
KEYVES,3.111622,2.6343348
KUFBAP,3.185637,2.6425467
TEJHUM,2.0882018,1.321895
UHAQEA,4.1214366,2.7257576
NEXBUO,3.6308153,2.3141088
AGEJOM,2.782092,2.5798948
FAQSIC,3.9464674,3.074981
CERPIA,2.177183,2.3371599
VAWHIN,3.5902703,2.873605
RUQLIA,2.8906655,2.1685314
ULASUW,2.961143,2.4990273
PORJEL,3.5121737,2.880253
XAMGIB,2.2307894,2.26271
XARNEJ,2.091195,2.1754024
QIQLAD,3.1225066,2.2410085
HADVEN,5.401188,3.2913768
TADXIG,3.4191108,2.398199
MEPWIN,2.9761093,2.840254
NOPSUJ,4.3532777,3.5660489
YIXSON,4.698318,2.646853
KEYCIC,3.0966558,2.6363168
NOJDIA,2.881958,2.5007863
EZIBIZ,3.1298537,2.4922636
LODZOV,3.1676774,2.3690078
ECURIF,2.3646696,2.3584268
YADPIF,5.437107,3.8807302
KEXPEJ,2.9758372,2.5120602
INILOH,3.1265883,3.061344
VOBSAH,3.2308078,1.6931888
IYUGEO,3.840887,2.7437263
ZAYNEU,2.3129678,2.18428
UCOLON,3.3842802,2.4574075
QAVKEE,4.0596666,2.7293582
ZOBXAR,2.7486222,2.7109654
LUKFUU,3.7363954,2.728159
BOJVUR,5.5239115,3.2943008
CELFEF,4.5462065,3.7618158
CAWKIW,2.831889,2.5220556
SOWSUV,3.2993805,2.699748
BONRIF,1.2892755,2.4376543
IJIVAZ,2.1573186,2.0482905
EYOVUJ,3.1992426,1.9051504
AVUJUW,3.2446856,2.734619
JONNUY,3.0525732,2.112319
KOKZAN,4.7092023,3.1774828
YALKUR,5.015875,3.3439577
KOYXON,1.9135047,1.8930732
DEXRII,5.5856814,3.250056
BEDQEH,4.3124604,2.598117
CIXZIV,2.5703876,1.9709256
MUQFAG,3.3295853,2.891709
WOYQIM,2.8642704,2.3125567
KULROA,6.7424374,3.8782818
MEXNUB,3.0193753,2.2999632
BOWVOA,3.8855138,2.4770885
QAHXUU,2.9663131,2.7270262
EGIHOR,3.9129972,2.7680304
KAZFIC,2.1559582,1.949825
LORFEF,3.7064629,2.3756459
NABVIY,2.7094378,2.8207858
RUSDUE,3.1108057,2.132055
QISZAU,3.3067276,2.6903222
DINDEL,2.7347443,2.2473311
XACMOE,3.0914855,2.5864575
XECNUQ,2.8737946,2.4956837
JIFZEG,3.5050986,2.6110659
JAFCAX,3.4577508,2.2703915
AFOYUR,2.7107983,1.9668479
WODGAZ,2.394874,1.8995441
LUKTIU,3.288224,2.7034826
PUDYET,3.159242,1.731355
VEJWAJ,2.1186786,1.7923464
TALFIX,2.5861702,1.8372905
RUSLAT,3.207134,0.9968586
SOSJAM,3.1040027,2.392828
SENLAB,4.258582,3.474223
VEMBEV,2.925496,2.8195791
ATUZEV,2.2977295,2.1451986
TADYAZ,3.6229239,2.3923082
XUVDOH,0.13061465,0.54630923
MISFAY,2.7951536,2.2945495
OKOREL,2.6005921,1.6971107
IWAYOV,2.999239,2.107115
TOBGOH,2.6879408,2.2014546
TORQUM,4.794102,3.8443005
KEWBOG,3.6384344,2.5413935
VAFMAQ,4.041163,2.9183748
FUGWOV,5.5503063,3.3795774
COKXIK,4.5758667,3.031403
YIXTIK,1.9796283,1.6977335
WUCVUM,4.071912,2.9226425
QIBFOW,4.487974,4.274411
GEYLOO,3.5546234,2.416294
OBUGEX,3.4414241,2.0864375
LUJJUX,1.309684,1.2696282
BAXROH,5.296696,3.7840414
JOCZEG,1.5744509,1.9733181
QOMWEW,2.9603267,2.4210436
ZOJBUY,5.9233747,3.7037365
HUSCIH,3.5551677,3.0809515
LIFCAG,4.2006216,3.0922155
LOPJEI,2.5271215,2.0121353
NEQYIS,3.9891891,3.0711133
ESOGEA,3.0846827,2.9962687
ITUHUC,4.631378,3.472219
AREWOJ,3.2142088,2.634571
JIHROK,2.915156,2.9326856
NABDOJ,4.0283737,2.7144315
OBAVEV,2.8542023,2.4503617
CORCAP,3.3423746,2.3886871
TUYBAR,2.3739214,1.4525627
YONYIL,2.9056318,3.2230334
MIRPIN,3.0555665,2.547234
GURGUW,2.5377338,2.3251846
FAPDIL,2.8874002,2.67229
QOMJOT,2.0163636,2.372933
ISEYEL,4.056946,2.5647154
EWOCAU,3.5987058,2.8586721
FEYCUI,4.0591226,2.7160473
VAJZAK,2.8737946,2.6348562
UMUGIS,3.0011437,1.6447035
QAMMEW,2.8675358,2.0175393
FOWBOJ,2.38018,2.0194302
OVANIJ,4.577227,3.0156207
TIQVAQ,3.1241393,3.469861
ATEWUT,2.5706596,1.7372801
RIBXEI,3.1867254,3.2072518
UHETUY,6.071132,3.8252726
HESSAA,3.1040027,2.5098202
INEMAQ,2.2215376,1.7677838
WELJEF,5.5554767,3.7413402
MIYPER,4.191642,2.4747405
IGURUZ,4.1793966,3.1289194
VAZVUO,1.194852,2.2622464
CAFRUY,3.142371,2.6591198
FANYUQ,3.6082299,2.2324383
JARMAT,2.5815442,1.7383014
DAXHOA,3.8041518,2.247119
GOVMEL,2.9717555,2.2975435
UQUMEZ,2.6005921,1.8119936
ZUTNUZ,2.8914819,1.9898615
ZAZQUM,3.8392544,2.5312362
GIWHEA,4.773966,3.0925467
TAPHAT,6.4510036,4.6851454
QIQDIF,3.0656347,2.2088137
QURSOM,3.293122,2.4499009
VIQYOK,4.5443015,3.4332337
QINJUV,2.8550186,2.6787949
EDAPII,3.5391128,2.3688087
HUYVAZ,2.5532444,1.6966755
OQECUJ,3.491221,3.097042
LOBYOR,3.3377485,2.8948882
NISVAO,4.6207657,3.1597164
EYASON,3.639795,3.052873
SANRUV,3.4403355,2.4746063
RAJHOA,4.1377635,2.3756795
EXOFAZ,4.108375,3.534502
NIJTIJ,3.2463183,2.2738042
TITXUR,2.4882092,2.2605438
VIBLAT,3.0321648,2.8572385
PUSPEZ,7.2091126,3.892553
ETUMUC,1.856905,1.742313
JEHJEM,3.3089046,2.6391163
YABNAS,2.8280795,2.1591032
VIFTAI,4.0166726,3.5031543
BOCDEE,3.6188424,2.7578008
GAVSIG,3.0114841,2.7904243
GAQYOM,5.0629506,3.420191
FOYFAB,4.780496,3.646985
FIZHUT,4.988119,3.3763125
HOZGUZ,4.717094,2.867279
BACPAY,4.715189,3.491359
QORLEO,2.4465756,2.2171016
AFOYOL,3.2533934,2.6198242
AYIKEY,3.9747672,2.7357876
ECULAQ,2.1175902,2.2045736
SISRUK,2.3048043,2.139683
KUYTUU,3.3279526,2.776653
XUQZUE,1.9698323,2.243531
GISQEE,5.8972516,3.1957002
PETHUU,3.714082,2.8690646
WUXCOI,2.0103772,1.7997111
SIDNUQ,4.3761353,2.9483151
FEJDUV,7.0414906,4.1696296
BAFTAF,0.54694885,2.0405617
KICFEI,5.4458146,4.168209
XILFAA,3.2016916,2.457915
EGIXOH,2.7442684,1.9765097
GAXLUP,2.2062993,1.5745635
OMODIF,0.6832779,1.6590759
YAGCUF,3.383736,2.453863
SETVOE,2.4365075,2.0035279
XADLUL,2.8003237,1.925738
EHIBIG,5.4262223,3.7380319
YARKEH,4.9505677,3.8179388
AFEHID,3.5399292,2.7077932
PUSWEH,2.6460352,2.1730971
NOJBAS,2.8735223,2.0273232
BOQPIG,2.3690233,2.3817868
BIMDOT,2.322492,2.4150662
LACPIQ,3.6966667,3.4213407
ZETDIN,2.9722998,2.248171
ISEXOU,4.010142,2.7900672
DUBPAT,2.000581,1.4350382
GANZIG,3.3143468,2.0098684
KIWNUA,3.594624,2.4883025
KAKYAW,1.2027433,1.9590132
LOFCEP,3.312714,2.7681649
DAYFOA,2.8756993,2.296522
ASOZEP,3.2871354,2.800287
PAXVAL,5.15683,3.3935463
RACYEA,3.0109398,2.2482855
SEQJII,2.0710585,1.7339574
ATUPEM,3.1181529,2.2945292
QEZLUD,4.8096128,3.134723
QAHZAC,3.6675506,2.8637574
RAQXIS,2.752704,2.3678012
YOCJUW,2.7518876,1.6213235
HATHIU,5.1021347,3.7063465
REJCEO,4.1475596,2.695561
NUVRAY,3.3812869,2.4636772
WAQDAV,2.8041334,2.3476853
KAFTUH,2.5061686,1.836528
IXOFUY,2.5899796,1.9739382
NILWEM,3.926603,3.0774028
SEQTEN,3.9124532,3.0401857
HAHDUP,5.1337,3.5520945
YIYXAG,4.941588,3.3931851
GILWIJ,3.1527112,2.7668133
LIFHAJ,6.265422,4.0302224
UMOXAX,5.28173,3.0976293
IZAFIY,2.8781483,2.2196426
OKIBEQ,4.4643,3.710196
QOPNIU,2.2166395,1.9260526
ZEYMUM,3.9472837,2.892895
COKXOQ,4.156267,3.631608
DAMLEK,3.7393887,2.8664377
FIQBEM,5.136149,4.064086
GIHTEX,3.1154315,1.761899
UPUDUF,4.9473023,3.7162547
PEPQIM,4.0106864,3.3840387
WELHON,5.252886,3.9911888
DUWJUC,6.0624247,3.5925324
TISJEK,3.2435973,2.3738618
TOBBOE,3.7636068,3.0882568
MEGWEB,3.4120357,2.9690351
QAHTOK,1.7281952,1.5740428
WEVNUJ,4.397632,2.8684528
TUDNIQ,2.760595,2.000505
WICTAE,4.2580376,3.5328834
ROLWEV,3.6675506,2.4154832
AXUFUU,3.0512128,2.5548446
AFIBID,4.0210266,3.0417554
AHAPOP,2.5031755,1.9892398
YILXIB,3.9078271,2.9954338
CEMWEW,3.790274,2.587343
NAQGOE,4.3494678,2.967813
HUMCOJ,2.980463,2.8149235
VOJWOG,5.112203,2.8529582
DUXKEO,4.559812,2.7554111
CICSUF,3.147813,2.6693902
IWOJIN,3.3429189,1.9340634
ASABIH,2.7488942,2.1826625
CAFYUE,4.277086,3.1699412
WEDLUM,5.6969757,3.6899447
GISJEY,3.4014232,2.8616612
XATROC,2.5935173,2.1484299
BESXAB,3.742654,3.119796
YACVON,4.867845,3.7045462
TACCOS,3.2656384,2.8323522
LICPAP,6.4945416,4.3209763
TENGAX,3.1323028,2.575108
GIXDIB,2.616919,2.1506033
YEFMUS,2.7872622,2.315119
BAVWUT,2.814746,2.8455508
WIQRIA,6.7432537,4.2316847
YALVUC,5.635478,4.1037397
SIHFAT,2.894203,2.4026856
TIRLEL,4.5584517,3.3235161
OBEFUY,5.570171,3.571169
AYIFUL,2.8185554,1.9377234
PIKTUB,2.9257681,2.2206142
ROLNEM,1.2949898,1.8826735
QISSAO,3.8708198,3.246296
DAPPAM,2.2952805,1.8662182
YIDPAD,4.4395375,3.2594051
ICIVAU,4.193819,3.1935284
HIJRUN,2.413922,2.3312707
GUTNOZ,3.183188,2.4586153
IQUJEL,2.292287,2.1263742
HALWEW,2.3622205,2.400831
QAVKAA,3.8944936,2.802509
OLUKEM,4.1159945,3.0076723
BEYKEW,3.8090498,2.663073
AXIJAS,3.9032013,2.8359756
QITTIY,2.7420914,1.8731726
CINPUM,1.918947,1.480386
YAPPUB,3.063458,1.8913565
AQUXOA,4.292052,2.9458838
QITYEY,3.9423857,2.2854743
VEVVID,3.608774,2.8238957
BIFXAP,4.2528677,3.2326348
DAJMAF,4.036809,2.9623613
QIRJOS,2.3020833,2.01708
DIZQUB,4.6637597,3.258465
KOFPEC,3.8615677,2.8089619
GEDBEY,2.6735187,2.051584
DOQGUN,2.838964,2.0187354
KANSOH,3.7821107,3.0657268
ATAPAO,3.837894,3.616297
FIDNUB,2.4250786,2.3541899
TIJPEH,3.855037,2.371966
TAWHUW,3.7317696,3.116109
MESSIN,2.6506612,2.4453118
VEWSAU,2.2982736,1.8826836
NIDFEM,2.305893,2.0093367
ZEPPUI,2.4188201,1.8628923
GIYZIZ,2.724404,2.6267533
LAZQAH,1.1668242,1.6917357
XECYIP,3.424281,2.9803987
NOMMUX,3.3067276,3.2599308
IBEWIX,2.649845,2.1516511
QIWSEV,3.1772015,2.4823067
JIVVIT,2.349431,2.2831063
NAVRAD,4.059939,3.2194073
PIKVAJ,2.7573297,2.1078277
GOVNIQ,3.1312141,2.4628587
LAQBIP,3.3276803,2.5805392
MECBOM,2.286845,2.2604587
RIKGEA,3.5026495,2.4253938
HAGJUX,2.511339,2.4732158
CAYQEZ,2.4438546,1.6257542
SETMOW,5.1402307,3.8990808
FAYJUL,2.581,1.8669076
ZIPJOX,3.3151631,3.001998
BOCRUG,0.20082003,2.4998987
XAXGOT,3.9173512,2.0145807
NOHZUI,2.8120246,2.0086832
KURJIR,5.4931626,3.0276837
KIHFEN,3.0103958,2.5132523
FATCUA,3.1328468,2.5117517
KOVQOD,1.8171763,2.0486994
GUWWEB,4.680086,3.2725246
NOHJIF,2.96332,2.5193026
OLOLEG,2.865359,2.3281646
PIKRAD,3.5173438,1.733505
TUYXIV,3.5377524,3.495812
DEGPOX,3.4387028,2.3803952
CIRHAP,3.8719082,3.1600924
IDIFIN,4.4063396,3.1271005
SIHFEX,2.2571845,2.3078341
UTAVIW,4.019394,2.7976208
HOLJAV,2.4822226,1.9542391
WEQZAT,1.7918698,2.5833905
GIYPEM,3.8346286,2.9382532
WECSUV,3.5976174,3.1542137
IWIHAX,3.8446968,2.1531525
NOJPUA,3.7467358,3.0303795
QOBSOR,3.938576,3.193245
YAFCEQ,4.5154576,3.8322828
BUJMIE,2.1018074,1.8436964
QAKLAQ,2.4985495,2.159268
AROCAL,4.483348,2.8532264
LUSQIA,3.1464527,2.504168
JAHZOI,0.41579,2.255998
WUSYIT,6.0643296,3.282773
TUJJOY,4.8509736,2.895853
YASDED,3.8917725,2.6863208
VIQYUQ,4.7905645,3.2726862
CIRHIX,3.6202028,3.205351
WAMXAM,2.3486147,1.9911504
PIKGAS,2.8522975,2.2422113
ECIJEF,0.25224954,0.7522719
TTAZNP,3.3437352,2.4389987
NEKSAX,3.797621,2.8533833
PEQSEK,4.6466165,3.5320945
QOCLAY,2.292287,1.495535
CUZQUK,2.41365,1.2039412
IWOPOZ,2.5480742,2.5620313
GEQNAR,5.732895,3.2612667
DONWAE,3.9453788,2.8565197
BOPBUE,3.3412862,2.8835974
AREJAI,4.967983,3.636815
NIFTAY,2.3295667,2.3166897
KIDGIO,2.5638568,1.7867867
LUZVIM,4.815055,2.7293532
JADDIB,1.9469746,1.9524767
GUCQAY,4.073272,2.8423622
POCXOW,2.650117,2.0121472
ZIZPAZ,1.9129604,1.9821188
GALGEG,2.819916,2.2769325
NOLJEE,4.550288,3.3886452
PAGLUE,2.3390908,1.8106425
OKOKEG,1.4422035,2.1172035
OCUMUW,3.5116293,2.671141
YAXVIC,3.044954,1.8179885
ECOZAX,2.7872622,2.647403
WOCDOK,2.2237146,2.5396194
BAVVUS,2.8171947,2.480645
PUVJIZ,3.2958431,2.4790986
POJHIH,4.997371,3.3447778
NEFVAW,5.1470337,3.972765
YOBKUW,3.2435973,2.9993708
XAJROQ,3.735035,2.7314327
PETHON,4.2427993,2.8288667
FASBEG,4.294229,3.3578446
SEMPUV,2.4337864,2.3146324
LEPVUA,5.0458074,3.6024952
HUWWAZ,3.62755,3.238871
WONYUW,2.3799078,2.0776858
HIPMAV,3.3222382,2.4448743
OTOYAZ,3.163868,2.5322547
UFUHAE,3.9260588,2.6751583
BODPER,3.0476754,2.6799498
OREQIM,4.23899,3.3566115
YELNEL,2.7641325,2.6039288
WELJAB,5.247716,4.100566
JIVTIR,2.435419,2.3145647
WURGIB,3.9282358,3.6342485
CATSZN,3.9995296,3.1048346
XUZWUK,4.8760085,3.1710002
IGATUF,5.343228,3.7282941
OGEBEJ,1.9426209,1.6249219
BELDUS,1.4650611,2.0400867
SEMDUL,1.8182648,1.7135739
QURTED,3.2942104,2.4494328
OCOHIZ,2.0199013,1.6936477
KAKYUQ,1.4160806,1.8813398
LEZNEL,1.5287356,1.7189454
TIDJIZ,3.5431945,2.0890074
XEYYUW,3.1268604,2.9881806
BUJLUP,2.0721471,1.8998234
NULVEV,4.821041,2.8410118
YEHMEF,2.406575,2.4663413
MAWDAS,1.5431577,2.2285492
IDUTAD,3.2928498,2.8722878
DALJOQ,3.0354302,2.761352
SOSJEQ,3.164412,2.300302
VAZSIA,4.211778,2.5518327
ZACWOP,2.2313337,2.7147863
EVOZUK,4.8409057,3.6929975
BIJWIA,3.8289142,3.8614833
ERUREP,2.5431762,2.735935
VOSYIL,3.7685049,3.1984413
LOCVOR,2.6487563,2.281008
KUMPEP,2.4484806,2.0262165
EBAYEO,2.2691574,1.8088261
YUBBIG,2.9241357,2.6705267
HAMCON,2.435147,2.314632
DUZZAA,4.0972185,3.37384
HACDIA,2.6139257,1.893209
VAHLAS,3.3981578,2.7865446
IWUBIL,5.1288023,2.6914098
FOJTAZ,4.789748,3.1720712
WUPXEK,2.698553,2.4378567
VORPOH,2.7801874,2.492127
AXUCON,2.2062993,1.9968448
WENQEO,3.486595,2.794366
CIBWOB,4.949207,3.3042212
JERYOV,4.6087923,3.4877024
BUQMEG,1.362202,1.4672843
WUHBUY,4.9532886,3.6913784
JIDTUO,3.9034734,2.457417
GEGQUE,4.1818457,2.9736052
RALKOG,3.1328468,2.529599
SOCFOI,2.6868522,2.2042027
LUKRIT,3.1037307,2.753708
RUSLOI,2.2422183,2.204236
HIKCOT,3.1989706,3.0436664
WEGVAG,4.1696005,3.1944475
ROPGIO,2.4079356,2.2871065
TOHTIV,2.585898,2.4649835
AGUPOJ,3.120602,2.7246337
ULAPAZ,3.824016,2.8606875
NOQNOX,0.79484457,2.0645013
KIJYOS,4.3410325,3.0714407
KOPYOD,5.2441783,2.8856218
KAQJIY,1.7698286,1.5685027
WIJVUJ,1.9246614,1.9720435
IDATOZ,3.0582876,2.8578577
YEJDEZ,2.5709317,1.9312062
BEMVIB,3.9516375,3.1041207
VEVJOX,2.9810073,2.9189613
IDAWAN,4.215588,2.920284
MAHYUQ,2.4318817,2.7896852
NUXWUA,2.5513396,2.0061219
AKAPAF,2.6381438,2.518314
GOSJIH,6.106779,4.301861
ICITUM,3.560882,2.969461
XUPGEW,3.6101346,3.809204
LACFOK,0.19673832,0.5742512
HAMLEM,2.4359634,2.3147256
ANISUM,4.5059333,3.4408224
MAKHAH,1.9105114,1.4805112
ECOWOL,2.346438,2.5819817
BOJBIM,2.7810037,1.9729142
QUPVEC,2.638416,2.219753
PANDUF,2.9080808,2.8006248
WAPLIK,4.2452483,2.9780684
DOPVOU,3.01611,2.8889585
AKAFOJ,4.335318,2.987959
IBOFAI,1.7173105,1.9929335
MAHMIS,5.3089414,3.4723883
ADUREX,3.283598,2.6516345
FEKYUQ,2.0509222,1.8963777
KOQYEW,3.223733,2.8436196
TOKVOH,3.6800678,3.0385995
METWEO,4.753829,3.306356
QODLAZ,2.4000442,2.09112
FEJDOP,6.3865123,4.0532246
DOPXAJ,2.9946132,2.2170098
RIXDUX,4.521172,2.6401498
OGIMOG,2.573925,2.7940516
MEKYOT,2.5295706,1.8997029
USIVEZ,2.69556,1.978451
IBOCIM,3.6482306,2.663246
RUQYOT,1.6939088,2.187414
OJEJUI,4.304025,2.8276033
AWOLEE,3.6659179,2.7919812
YUVQEN,3.1973379,2.198083
LEVVAK,5.8640537,3.2078593
IWOLEN,4.600901,3.5911183
DOZTIW,2.023983,1.8646315
UZELIV,3.0718935,2.5567102
QOQGIO,3.6019711,2.9792135
YUHWAB,3.7666001,3.3109207
OCECUV,3.3208776,2.8896625
ICECUP,3.9423857,2.532796
HECDAX,2.6008644,2.343646
FINSEC,3.7886412,2.049973
FEJNEP,2.7271252,2.4696739
EZICAS,0.24626304,0.9061127
VEYPUK,2.5341964,1.8283397
KAGBUS,1.9314642,2.156306
PUVLEZ,3.6841495,2.8344715
IJETEX,3.3973415,2.4614246
WUKNAR,3.0305321,2.4399328
BESXOP,3.1494458,2.1169999
HUCHOD,3.2808769,2.1994715
KAWSAD,3.7668722,2.7247944
DAGSUC,2.3720164,2.268135
SOSGIR,3.0406003,2.3457375
EZAHIW,4.371509,3.0104506
QAWGUR,3.6027875,2.563844
JEFGIL,2.3554175,1.7559787
DEFMAD,3.147541,2.6510394
GUWYED,2.3796358,2.0646687
KICLEQ,2.611749,1.9290613
XAXVIB,2.8090315,1.8339392
IHITOJ,2.6473958,2.0650518
FAJZIA,3.6607478,2.9270601
ASECOQ,5.5990148,3.2750626
BEBBOA,6.424064,4.003804
WOPTEB,2.9641364,2.724034
ITIYER,3.317068,2.7195468
FUQHUV,2.690934,1.9447496
MOHSEH,3.386457,2.3447356
CAZPUP,2.985089,2.6147752
CEVMUO,2.6890292,2.1467066
ADABOW,2.9554286,2.5244102
AHEXAM,3.3393812,2.8028932
YADQUS,4.889342,3.1028688
QIRKOT,2.268069,2.0389726
TALZEM,3.080601,1.6769699
FEWYEN,1.8811232,2.295157
GAGWUJ,3.3426466,2.1487594
QIWSAR,3.6471422,2.7478359
IMENEV,2.9532518,2.6444442
SASWAL,3.4612882,2.6754353
BEYTOP,2.7717519,2.6401095
WEGHAR,4.5078382,3.2976081
LUZVAD,3.096928,2.2067096
DEKGEI,4.325794,3.5379825
YAKGEZ,3.2972038,2.3676417
NEYFEE,3.0095794,2.363719
LUZVEH,3.7015648,2.5609393
DISXEJ,3.5758483,2.8368378
EDUPEZ,4.382394,2.6546383
PAGBAD,6.443112,3.8227143
JAMPIZ,4.165791,3.7169638
PAMJOF,2.7309346,2.6432767
DAJJUW,4.8292046,2.510272
IVEKAX,2.5622241,2.8532255
OGUWOD,3.4033282,2.4242058
XOXZAM,4.7470264,3.6460214
LALTAV,3.139922,2.0961661
PADYOL,4.677637,3.028566
NORCEE,2.268341,2.1122775
QOYWUY,1.9233007,1.5085152
VAKKEY,3.8830647,2.657653
BUJLUN,3.0071304,2.2755933
HOTFAZ,4.6090646,3.6433713
TUJQIY,4.649882,3.562642
ASEWEC,0.7398776,2.400097
EQEFIQ,2.8433177,2.322827
TOSROK,4.9864864,3.4167128
HUPXOG,2.679505,2.2581143
JAMHEL,2.5244002,2.3160725
JUTJAL,5.0365553,3.2924848
IJOMOK,2.8487601,2.3443484
QAMSAA,4.256677,3.3036234
HIKCEJ,2.7785547,2.5428684
NUZXOX,3.7943556,2.4107857
ROJGAA,3.469996,2.39849
QOMWOG,4.1377635,2.7689502
WIGWOB,2.5154204,1.2750238
NAQWEK,2.7540643,1.7945861
SECXUU,3.0890365,2.2179527
NUTHER,2.3725607,2.3164144
OHEHOZ,2.8044055,2.7932065
HAMGAD,2.435419,2.3148432
WEZGEO,2.1377265,1.9923718
PADTOF,1.4743129,2.0528836
YAQQUE,2.918149,2.4610288
DUHHEU,1.0751219,1.990874
KAKVIB,1.2612478,2.0401402
MUKZIC,4.0730004,3.2986486
HIKCIN,2.8122969,2.6001709
ABEGOG,3.470268,2.5916655
PEBVEZ,4.706209,3.474197
CAFRIM,3.2384272,2.6821914
EQIGOC,4.481171,3.4370518
YUYJEI,3.5423782,3.0131547
KEXQEK,3.5399292,2.5979114
HAMLAI,2.2111971,2.243484
MEMVEG,4.990296,3.3949213
ZANREN,3.0386956,2.1685302
TIGKUP,3.469996,3.1272392
LECXAT,5.4137053,4.1472597
KABWUH,3.1393776,2.535432
QEVXEV,4.0158563,3.130601
CAZGER,2.673791,1.9573828
EHICON,2.782092,2.2086942
GUYRIB,2.8082151,2.1201081
MEMPAW,5.501598,3.646613
ROLVAQ,3.6797957,2.0129018
VAWHOT,3.3415582,2.7053835
LUCBUG,3.1576092,2.8754222
QUBNOQ,2.920054,2.3287492
WOWGIA,2.6944714,2.155883
MUNKOX,2.9146116,2.5814097
QURGIV,0.33333948,1.3652227
WUJPOI,3.9249704,2.7888043
PATSOT,3.204685,1.960995
SIJKUR,2.712703,2.2517447
FADYOY,2.272695,2.3840554
FAHMAD,3.496663,2.1695518
GUMSOW,3.4553018,2.3583975
YESKOZ,2.4509296,2.1928482
TEGVIK,2.4095683,2.3135607
CIYFEX,3.5543513,2.984657
HEDDUS,2.817467,2.0096421
WAPQUC,3.2114878,2.4861922
VAYWUO,3.190535,2.5956118
BETWOO,2.7970583,1.874336
EYEHIA,3.7701375,2.9837842
XIGNAE,2.7940652,2.5631332
ATUMAF,3.535031,2.7890563
RUQNOI,6.0411997,3.760418
RAFPOE,3.5997944,2.0228863
KOQNAH,0.7251834,1.4006453
BOLAZN,3.4324443,2.8909857
RECCAE,5.5549326,2.9710956
DUCNOF,4.030278,2.576072
WABHEO,2.4525623,2.0871966
DIWJAW,2.6990974,1.7951407
OQITAK,1.8920077,2.2731981
SATLAC,2.9663131,2.3700624
UCELEU,2.8740666,2.2041688
HOBBUY,2.987266,1.9707229
KEXPUZ,3.39843,2.6057737
MIZXID,0.29007336,1.7508317
LAPWUV,3.4259136,2.5752935
GEJYOL,2.1924214,1.928838
SAWPAK,4.7638974,3.8782172
JAMNUJ,4.526614,3.127651
SAZCUT,5.4311204,3.7137065
WORLAQ,4.1146336,2.5757072
COFDOT,4.1298723,2.8737931
QIWRUK,3.111622,2.3113387
GELLUH,4.012047,2.6380723
FIMDIP,3.0128448,3.1158473
TIXREY,4.2545004,2.7671685
NAQGUK,3.7061908,2.7563074
SEZVID,3.2027802,2.2429183
KOZYEF,1.9129604,2.1219378
BENLAH,4.347835,3.2014816
YAVDEG,3.4229202,2.512913
ISIKAY,4.2047033,3.1265137
YOQCEN,3.5821068,2.946084
TAHFUE,1.8362243,2.0444252
WULXUW,4.2215743,2.666644
LUFKUS,5.6958876,4.1997995
GALGAC,2.6035855,2.5628786
KIJXEH,3.3976138,3.5428607
FOJTUV,2.9842727,2.1246414
VUHTEY,4.1715055,3.6130145
REZDEI,4.832198,3.388393
RANHOF,3.2076783,2.6323073
HUBBEM,3.2487674,2.70541
KIWNOU,4.8009048,3.933716
ITUJEO,4.669202,3.4289873
ESOGOK,3.53748,2.7362905
GERLEX,5.432209,3.7177186
DUCRID,4.707298,3.808342
QOBTAE,4.009598,3.1978812
ZIPPOD,6.5397124,3.7654262
LEHNOD,2.4237182,2.0000849
LUJKIM,2.341812,1.7851325
NIFSUR,2.3336484,2.3210852
WEDVIK,2.107794,2.054215
LIYFAA,2.0933719,1.5266254
POFSOU,2.7516153,2.7137907
IBEQUB,4.533689,2.8762274
WUDMEN,3.2152975,2.8040502
DOVDID,3.2463183,2.242165
NABNAI,2.5728366,2.1462336
JARLUM,2.5965104,1.7422502
GUCHAN,6.1957607,3.5533266
SOBRAD,2.581,2.1774454
JIDTOI,3.2155695,2.4423907
ZUZXOJ,3.794628,2.8856676
XABFAK,2.846311,2.509809
MAYNIM,2.814746,2.1366765
IHEXUP,5.0893455,3.644302
QIGQOM,3.047403,2.4070408
REHDIS,2.8686244,1.9974444
PUWWOV,2.1760945,1.6582366
DECBAP,2.8735223,2.3173642
AZIFIA,2.7480779,2.276953
TAQWUG,2.5872586,1.8148926
YENSEQ,2.007656,1.8943669
IPETOO,4.5992684,3.5319529
QIGPIF,2.9143395,2.3271885
AREHOW,3.2196512,2.8769188
VEVKIR,1.9769073,2.2107067
QAGFAF,2.5970547,2.2704642
CABHOE,2.750799,1.5723499
RIDDEP,4.0784426,3.232823
IROJOP,4.134498,3.8396823
ZIQBIM,3.4792478,2.7169933
LEVVOY,5.747861,3.2531564
OVADIZ,0.22231703,1.8409172
QAKBOT,3.1562488,2.418744
GEPDAH,3.331218,2.7325027
MIKFUJ,3.054206,2.1557212
FEXDEU,2.6555593,2.1035035
HOBHIP,4.872743,3.7537668
UVUMAB,5.181048,2.9523554
WOWQII,3.639795,3.1382358
RUQSOL,6.612095,4.061163
SEZXAX,4.508927,3.2745187
VIMCIF,2.183986,1.9208518
JOLKEC,2.3358254,2.356668
UHOMAG,4.655868,3.6522527
AJICON,2.9048154,2.2150452
FISMOJ,2.4218135,2.620331
GERTEE,2.5728366,2.0868268
LEQJOH,3.5747597,2.3435535
HOPJUT,2.3842616,2.0645928
CIKGUY,2.43297,2.186577
JOFLUM,5.451529,3.8889365
FOQSAH,4.815599,3.5502236
QADTEX,1.928471,1.47192
CIQLAP,2.717057,2.6798074
QANSAB,3.0389676,2.9688113
EJEBIF,4.6145067,3.4492188
JOFMEX,5.443638,4.0469775
RAMGAO,3.1064517,2.839806
TECBOU,2.0661604,1.6188067
YASCAY,3.9725902,2.7583327
HAMGIL,2.4367797,2.3147879
ISATIF,2.8639984,1.9357355
EMAFUV,2.7078052,1.8920985
YOQBAI,3.7119052,2.7813542
IDAVER,3.1105335,2.540122
REVYOH,4.124158,3.644031
MEGXEC,2.6460352,2.1447873
UFAQAT,4.033816,2.7646115
TEFKIZ,2.6106603,2.0478332
WILHOR,3.978577,3.2127333
LAJCAB,2.757602,2.5571382
SAWGEE,4.471375,3.8012686
PUVDUF,5.5764294,4.210708
SOCGOJ,2.8699849,2.488369
PIXRUJ,0.34830573,1.8783647
NIHMIC,5.125537,3.7983108
MIDQEY,3.0506685,2.7534747
VOBRIO,2.733928,1.5905612
OPUKIU,5.1470337,4.2284546
YAKYER,3.7695932,3.0283039
JUKXEU,2.8327053,2.555408
HAMDAA,1.9943225,2.2573113
VACMEU,3.3472726,1.8396335
DIXXIS,2.3121514,2.1291845
QIYBIK,3.264822,2.603703
AZOGIF,4.836824,3.8011703
SUZBEU,3.352987,3.29843
ATEVOM,0.21143247,3.1358209
BESWUU,3.7075515,3.3023458
WAMXEQ,2.3886154,2.1092381
HUBMUM,3.3551638,2.803042
LUNSIX,2.8114805,2.1888182
WILTUJ,3.0963836,2.6121678
SUSLOJ,4.0438843,3.3694465
QOQGUA,3.625373,2.95657
LELFAL,2.8539302,2.6588125
HILMOG,0.72790456,1.7104496
SAZCON,5.4384675,3.4352565
VUQCEQ,2.9235914,2.638614
XIKSAL,2.446848,2.3477948
JOMYER,2.155686,1.941379
QIBTUR,3.7989817,3.0814245
YIMWAU,3.2629173,2.4804482
QAHRUO,2.9532518,2.4101284
KIMPAX,2.4724267,2.050746
FOLRUW,3.3706744,2.614649
PEQYIU,3.7981653,2.8995485
HUXTID,4.719543,3.276292
BODYOL,3.4207435,2.6341536
MEXFOM,3.615577,2.5689938
SUNYOQ,3.7562597,3.044462
WABPAS,3.5505416,2.873217
MIMCAO,3.8387103,3.0199077
FOZBAY,5.3503027,3.63979
IGOBAJ,4.255861,2.9155798
UYAQAO,2.4386845,2.1247864
NUFDEZ,3.1924398,2.7503335
TEDGUF,3.341014,2.7911167
QESSUC,3.2542098,2.3431273
HASLAQ,0.18721434,2.3057642
WEGBEP,5.009072,3.5784643
JEPVEI,3.0359743,2.5752983
KOVRAQ,3.3606062,2.805161
YAVJEM,2.0041187,2.0033488
MOHRAC,3.2351618,2.6571822
YALWOX,4.3622575,2.6187897
NEQYAJ,3.281149,2.445686
LAZDIZ,2.968218,2.4298835
INICZN,3.7361233,2.5823216
QOHDOH,2.9001896,2.5744956
TOCKII,2.6253545,2.50386
VIVNOF,4.068374,2.9857957
NEPPIH,3.6558497,2.2379553
EQOJEA,3.2762508,2.4792302
LARYOS,4.165791,3.835861
EVAVAY,1.044373,2.282268
NAGSIY,0.76654476,1.1822721
IDANOS,4.645528,3.0416462
ANICAC,6.8224387,4.4706097
VUJJUH,2.1069777,1.8467426
CINQAT,1.919219,1.4799913
EQOVOV,6.005825,4.181172
KEVBIZ,3.5246909,2.5278063
DAMKOT,3.2008753,2.456486
EDAWOX,4.643351,3.3944602
ICECAV,4.1244297,2.6891854
HIJXAZ,3.761702,3.3518324
AXEDAK,2.865631,2.204815
TULLUJ,3.1921678,2.2683535
RUCMAE,3.9848354,3.375576
JEPVOS,3.0620973,2.7302718
GUYHAJ,2.2049387,2.0520964
FEMZIJ,1.589145,2.4039035
WULWOP,4.34457,2.7025342
RUXJAX,2.9679458,2.3525686
WEKVUF,3.3298573,2.2022693
DAJKOR,4.6950526,2.7604158
LOQGUU,5.5747967,3.263593
LIBFEH,1.5066944,1.7607906
FEGCAY,4.089055,2.3196788
EQIWUW,5.458332,3.7958758
WEWVIG,1.0130799,1.2335553
HOBGIO,2.5184138,2.2307217
UQUNUQ,4.6145067,3.4056406
JIQWIP,1.5371712,1.7805004
EHOYAC,4.803082,3.7181726
VUGCIK,3.797621,2.5441544
UBOBUI,3.9018407,2.9051392
LEHDAF,2.0530992,1.9115597
EKIGEM,4.758183,3.2156658
SEHVAC,4.519811,3.4200985
KUQBIJ,4.9984593,3.5150394
PICQOJ,2.8095756,2.3930986
FUGNEB,4.441715,2.9666011
OVAPEH,3.1325748,2.8959823
DITWUB,3.2868633,2.2610042
MIJMIE,3.9929988,3.08307
DAQHUA,2.4819505,2.2999926
MEGKAL,4.0090537,3.2731118
POMMEL,4.112729,2.5305698
WIMWAR,4.891791,3.62973
POFLED,1.9703765,1.4772035
HOPHOK,0.37197965,1.7446076
HIQBIS,2.963864,2.416939
OSOCUW,2.5505233,1.9300656
NIDVUR,7.090471,4.3902454
ITIYUH,3.1516228,2.7152908
HOHVAB,3.0123005,2.8087163
BADRUU,2.2095644,2.264315
GANZEC,1.9537776,1.5553641
UKUXII,3.2090387,2.6608603
CERPUM,2.4084797,2.158502
TAPSEL,1.2936293,1.8018793
USEDED,2.609572,1.5504503
MULBAX,4.1042933,2.778956
XUCGEI,3.866738,3.079044
IJIVON,4.1315045,2.71093
BAMWET,5.156286,3.1230536
MIWSOC,3.4068656,2.7914085
XUTJIF,3.9497328,2.825113
POKPUD,6.263789,3.9624805
OMEXIP,5.4115286,2.9764812
KITLAD,3.5589771,2.6566854
BENDAB,2.7878065,2.2732396
EJAREM,4.910567,3.301146
UYAHUY,2.471338,1.8876268
ZIZGOH,4.063476,2.8892725
YUHNOF,3.3635995,2.3867712
TIGXEO,3.3948925,2.2109416
IRISEJ,3.869187,2.7967222
KAKYEA,4.2147717,2.5111136
KAZKUT,4.6683855,3.4017959
GUFGUJ,3.5657802,2.8901176
MILKEX,4.2593985,2.8367095
ICIZUQ,2.0770452,2.0249574
ALOYUX,2.2052107,1.9504151
RIKYUI,2.3450773,2.2454715
OWOHUE,3.2414203,2.1660829
QOFYAM,2.8044055,2.0871594
LIRDAS,2.3526964,2.1497679
JEKMUH,3.8144922,2.7130163
OJEHIV,1.7722776,2.7623942
ABUMUH,2.936653,1.875397
DUQTIT,3.71898,2.4455957
BOFYEC,3.591631,2.4588041
XIZWAH,3.71381,2.4466853
XATQIV,2.9518912,2.4740927
RENLOM,3.0939345,1.6810012
IXOWUO,5.499149,3.2394576
NIMYAL,6.3345385,4.226113
HUGFOG,4.198717,2.962563
COYJUW,0.2574197,-0.16996121
BETXAB,2.7181454,1.9511086
VAZZUT,3.8079615,3.3617315
JEYBEV,3.529861,2.3923569
ESOGIE,3.5342147,2.8609421
QELKUQ,2.915428,2.4011056
HAMKEL,2.4340584,2.3146853
YUHXOP,5.0961485,3.240737
GOPDUN,2.4912024,2.1381679
RUQZAG,2.5184138,1.9934347
ERIKIA,4.210962,2.8512414
LOKPIN,2.6220891,2.1927357
QOXREB,2.6803215,2.2181067
IJUBAQ,4.719815,3.0056782
WUSKIG,4.8909745,3.031319
MEMQIF,5.067304,3.1578584
UDOFAU,3.5772088,2.4554641
YICMII,4.930159,3.9077334
NEBKUA,4.088783,2.2532544
MAMWIH,4.036537,3.0330627
VEFRAB,2.1695638,2.057497
LANYIL,2.342084,2.3149495
TAWJIM,3.9913661,2.9208367
XILHAB,4.8909745,3.7962217
GARPOF,4.648521,3.1474621
RIKXUH,1.4832927,1.9263391
QELPAB,3.259652,2.1890492
GIPFAO,2.0367723,2.3781352
MOXZEE,3.763879,2.5454507
XOXYUF,4.397632,3.4238973
WIZFER,2.509434,2.6254795
VATWIY,2.8977406,2.621643
HAMMEN,2.282491,2.3649662
GIRMEB,5.052882,4.1236773
UQEBEZ,2.2408576,1.9299586
GETGER,2.2833073,2.3538275
HEQGIT,2.5529723,2.05131
KOKVIQ,6.2300467,4.079954
IWIYES,4.5946426,3.0415652
APUDIA,2.6283479,1.7513366
MOLQAF,2.0830317,2.1360114
BEWYEH,4.691515,4.153668
IRINIH,2.2397692,2.1617117
UDOMEG,4.11028,2.8008711
GOLQUU,4.0112305,3.6540365
YOXFIB,3.2689037,2.3022869
AYOCOH,2.8468552,2.4617388
NOHLON,3.3946204,2.9582963
FAKXAT,3.1796505,2.8168402
EZICEW,0.19673832,0.6961796
TAZYUP,3.2419646,2.3028927
SUPXEI,3.9587126,2.9888458
VIJTUE,3.8172133,3.382369
LERSOS,2.6658995,2.211255
KUMVIY,4.2430716,2.550937
EYESAD,3.9777606,2.9653351
EBAXIR,2.2419462,2.036853
MEMQEB,5.448808,3.725729
BATDEI,2.8544743,2.6096692
ERUSEQ,2.588347,2.9005153
WEWVEZ,4.647977,3.7661285
YOGNUE,1.8207139,1.3942262
BEQVIF,4.2455206,2.3988805
DUCBUZ,2.6180074,2.283772
ZITLUJ,2.387527,2.3084526
JIDTIC,3.7987096,2.4387498
TEZLAM,4.1456547,2.4488695
VUYBEX,4.299671,3.1011882
TUDGUU,4.609881,3.343412
ZAGDUJ,2.4171875,2.4762273
LADSOB,1.9975879,2.692118
IDATUF,3.0691721,2.7209594
XIYGIV,0.24653515,1.4845369
NESWEQ,2.972844,2.881407
SINWES,2.774201,2.1700697
VUCVAR,3.6000664,2.8465502
MUPTUN,2.8427734,1.9793289
HAHVER,4.186472,3.2481925
JUQZOM,3.0735261,2.5138834
WENYEU,3.0650907,2.7920082
EXAPYZ,3.1225066,2.771977
HOGNAU,2.7679422,1.9573758
KAKVAT,1.5798931,1.9231329
MEJKIY,2.710254,2.1774442
HERFUF,4.600357,2.7318804
DARQET,4.3282433,2.754462
JIPBEP,6.3437905,3.9431424
BORJOI,2.2879333,2.2305698
LOPJOQ,3.8275535,3.058846
LAVFEV,2.3091583,1.1974577
KUNNOX,2.9274008,1.7290477
XUWGAY,2.6952877,2.2001727
YAKBIY,2.3461657,2.3697286
ULICOH,1.6702349,1.7340494
LIYDUS,2.09827,1.5971626
GODCOU,2.6699812,2.2495222
VULNAT,6.756315,4.270248
APIYUU,3.1412823,2.9462144
NECCIH,4.7429447,3.3970885
HUSCUT,4.490695,2.946841
SAQHUP,4.30076,3.5520332
EWUNUH,3.1431873,2.653904
TIQLEK,3.2574751,2.1521025
HIPDUH,2.2318778,1.6522583
KUBQOP,1.6149957,2.627227
DUXREU,2.5287542,2.0272722
FIKCAF,1.770917,1.8958818
LUNXIC,2.7872622,1.893379
KOCXOS,2.3975952,1.6439812
BABGET,3.8732686,3.077378
NEXMUZ,4.344842,3.3742948
ITPTZN,4.0066047,2.8705084
NIJVUY,2.9472651,2.1363165
HAMKOV,2.4267113,2.3110483
REDRUQ,3.9040177,3.0044954
MASYAH,2.1989522,2.4527931
DEPHOW,3.0269947,2.7671344
MAHRAP,3.2180185,2.5343673
YEZYUA,4.236541,3.6597862
YASCIG,3.899936,2.9076927
ICATEM,3.6052365,2.4940062
INOCEU,3.6460536,2.8362486
HOSBAU,2.1322842,1.6842991
QAWFIF,2.3703837,2.064549
YOKBUY,3.1867254,2.7164118
EQIZAG,2.800868,2.1372352
MADRAN,2.0530992,2.0534565
ZOTMIH,2.6759677,2.0463877
DULRIM,2.3483427,2.1960032
ZAZRIB,4.1451106,2.7223265
KIHVUV,4.946758,3.8446708
XIGMIL,2.7916162,2.5562062
VIGHIE,3.4201992,2.3083172
QIGGEU,2.8073988,2.6704745
GOPFAV,2.1733735,1.9855452
REXPAO,2.6041296,2.1513507
ICATOW,3.515983,2.423849
RUTQUS,2.0854807,1.9787142
ETUVUK,4.0740886,2.8667634
MUTYIK,6.565019,3.890856
VOBRUA,3.3905387,1.8728148
EYESUX,4.196268,2.9584188
RUVHOF,6.6349525,4.038158
FUGLOJ,3.3344834,2.2922635
DITWIP,3.1535275,2.1796055
DAVHOY,6.6039314,4.186498
ZAZREZ,1.6797589,1.7412435
ULIXEU,2.8454947,2.0315185
ENOROP,5.5671773,3.235349
VASQIS,3.7695932,2.961801
LOTXUP,0.15428856,1.4969898
HIJSAU,2.019629,2.1872668
UNELEF,3.7646954,2.829489
LESFAT,3.0362465,2.5583234
ROWBIQ,3.6501353,3.045764
WALCUI,2.7831805,2.4461908
FAZCUH,1.9973158,1.676874
HOSXUJ,5.1688027,3.290978
GELZAA,3.2318964,2.539072
IROJUV,3.9157186,3.5682316
CORLOM,2.6822264,1.9334029
WODGED,2.7080772,1.8835369
ZUTQEK,2.4754198,1.8499565
NUNWEZ,1.5894171,1.6787155
PAGFUA,4.526886,2.7245982
KUSFAG,3.5023775,2.9146898
XOTVOS,2.2316058,0.568635
UPIGAC,1.7118683,1.9638033
VUWTIR,3.716259,2.6861062
HONSOV,2.1445293,2.5980325
NOQRER,2.014459,2.6901586
IZIFIH,3.9793932,2.4173176
YOQCIR,3.661564,3.01285
WUJZOS,4.240078,2.6921136
VIZDEO,3.3110814,2.6049209
WODQIQ,3.1034586,2.4519637
QERTAJ,4.8909745,3.446576
WUYROY,3.1989706,2.8339305
TAZFIL,2.2789536,1.7003986
OBOCIS,3.984019,2.7444239
COJTIH,0.22122857,1.2868618
JIDSUN,2.9576056,2.2660227
LUGTAJ,4.0033393,2.867066
GEQZAG,3.0735261,2.064495
CAQCEC,3.9132695,2.7680874
XESLOW,0.120818555,-0.2315538
WABWED,3.243053,3.2997806
HIFJAJ,2.4337864,1.9938158
AZIFOG,2.5630405,2.2679813
DEMJIR,4.21967,3.3349612
VUPQAA,3.0008717,2.3030975
FUTCEE,3.157065,2.4576426
DITWEL,3.137745,1.8833209
VIKDUP,1.868878,1.9388552
VISXOL,4.2120504,3.2893238
JUHQAE,2.2555518,2.3179564
LEPSAB,4.7927413,3.4324284
DIFBIE,1.6598946,1.9702067
NAKHAK,2.6068509,1.9829202
DEVMEX,3.4253693,2.0922198
RIPMUA,3.3848243,2.6267502
LAYMEE,2.5608635,2.0879831
HALWAS,2.0438473,2.2948718
EGEDUS,3.9764,3.3531005
IDIHIP,3.4955747,2.4772892
EWISOS,4.062932,2.7893069
ABIZOC,3.9848354,2.8892465
QONHAD,3.042505,2.581358
XOYVUC,3.864833,3.0584118
UHOWAQ,2.7059002,2.1860285
WABBEI,3.3279526,2.3153124
YEHKED,3.3608782,1.9593115
IBETUG,3.2493117,2.6266742
CEVMEY,2.4691613,2.1112578
AJIMEM,2.5845375,1.9723873
HEBZIZ,3.5597935,2.7158654
THFAZN,3.4000628,2.6726367
ATAXEA,2.6389601,1.4924408
ICEHOP,2.2394972,2.1808972
QETSUE,2.8142016,2.3001056
MIXZEY,1.9110557,2.096556
YICKOM,1.9570429,1.9710138
LIKRIG,4.1456547,3.0403154
QIFFES,3.309721,2.6657102
DEXSOR,3.5625148,2.5614102
XOQZEJ,4.7067533,3.289818
QOYWIM,2.2068434,1.7876637
IXACUF,2.272967,2.1668053
TEWSOF,2.5064409,1.9719611
ELOLOI,2.0150032,1.7547204
OQOCAZ,3.0868597,1.8557053
EMIFOV,3.4520364,3.274043
NOPMAJ,1.8484695,1.8921398
ORETAH,2.9565172,2.6112304
YAFCAM,4.762537,4.0837364
BEVMOF,3.0732539,2.4702926
LOBPOI,4.2286496,3.3350158
RUJXEA,3.9285078,4.416924
ZEYMUL,4.443075,2.983089
PESHON,3.3559802,2.3384628
MEVLUU,4.45913,3.064029
LEJQUP,3.6498632,3.100726
LUPRUJ,3.711633,2.8551424
NALKUI,5.836026,4.05909
DOPZEO,3.2223723,2.3201933
SAQCES,3.104275,2.491897
MABTOZ,4.34974,2.8870094
KEVDOH,3.300469,2.9916675
ZUGVEC,4.6689296,3.4484777
XOYWIR,0.274835,2.9685683
QIVZUR,2.518958,2.1048613
AWODOF,3.862112,2.8292222
HINGER,3.3663206,2.3325875
FIMYAE,3.0680838,2.4115798
KEKHEP,0.27782825,3.2790022
VIRHIP,4.2553167,2.64996
NETFUQ,3.8751736,3.6250153
PRPHZN,2.2955525,2.2045825
ICEYEV,4.2096014,3.3390393
YUPGOH,2.0321462,1.8026766
FUXMAM,4.1432056,2.9874742
VIDGEV,3.0751588,2.780363
TUBPIR,3.4664586,2.8221388
UCIFOC,3.1203296,2.139852
XOLRAR,3.3641436,2.8563929
WUZWEU,1.6500984,1.8902938
YEYHAL,5.458876,3.3580046
INOCIY,3.6452372,2.8420005
WIHKUU,2.9788303,2.2840934
TODXAN,2.90155,2.8515503
VAHGAM,3.8248324,2.6962829
RUSDOY,0.2644947,1.6497968
RADDIM,2.8865838,2.6291623
CEHNEL,2.3412676,1.8683088
TEGPAY,3.6226518,2.5824318
QAMKOE,3.5148947,2.7028286
OZIVEA,3.570134,2.6572087
GIFDEH,5.009072,3.2619534
YILWOG,4.890158,2.9010282
ZILTIA,3.8411593,2.857235
OZOQOL,3.9924545,2.9556825
WORKUJ,3.7791173,2.8612278
QUSTAZ,3.3472726,2.4330087
KEJDIO,3.1344795,2.5844896
KUYMAU,3.981842,2.7044842
IBUREC,3.9630663,2.6172094
ELESIY,2.0438473,1.8960097
GEYMEF,3.259652,2.1382658
MELYAE,2.9186933,2.649245
ALOJOC,1.9630294,1.3593262
DEHKIM,3.4016955,2.4831986
GIJMAO,3.974223,2.8709767
SAJDAK,5.1440406,3.1743882
COLYIM,3.0272667,2.3504186
RIRXIC,4.657229,3.3838
YADQEC,3.725783,2.6891875
OLUKIQ,4.3511004,3.3100078
RUQHIV,1.744522,1.253564
XIRMER,2.485488,2.355329
JIRKAX,3.965243,3.312953
MAHZAX,3.412852,2.9185889
NAMGUE,1.9208517,1.422638
TFBZNP,3.343191,2.4874668
OJUNOX,3.1431873,2.221836
DEYZEM,0.2473515,3.8204434
TAVREQ,3.7124493,3.341289
RUNWON,3.2757068,2.7202787
CLPYPZ,3.1957052,2.8425393
YEWKOB,2.9377413,2.313949
VIQMEO,3.028083,2.2403884
QAZQIT,3.1812832,2.4085517
TAWJOS,3.714082,2.8330529
MAHSOG,2.2590892,1.8817816
IGAVUH,3.2868633,2.3767772
SUYTOX,3.8661938,2.7351182
ZUHCIO,0.8440972,1.4638687
GICFUW,1.76357,1.0937961
YETFOT,1.560573,1.9990025
WELKAC,5.408263,3.740467
SANVOT,3.2574751,2.3852007
HITKIH,3.7407494,2.145765
LAMYAB,2.9663131,2.016328
IKACAA,2.2969131,2.2306433
JEKCEK,2.3673906,2.364459
VAJFOD,2.4188201,3.1257434
HIPJEV,4.552465,3.1500382
JAJBOO,3.1584256,2.5477598
BIUZNC,5.152204,4.1321263
VOYSAF,2.0930998,0.5256028
MESZAM,3.23108,2.5693166
IJEDOR,0.2669437,1.1868428
ZIBLUR,4.4487896,3.3440819
YORBEN,4.609881,3.2253532
XISFIR,3.0237293,1.3302265
LOPFUT,2.414194,2.3140693
EJOTIG,2.831889,2.0736423
XAMGEY,4.309195,3.1173768
POGPOR,5.5410547,3.6866262
QAHVAY,2.9649527,2.7248793
QIFFIW,3.3418303,2.712984
RIRXOI,5.1277137,3.1983068
KEHTOI,1.89745,1.7966505
JAWCUI,1.2315873,1.772151
OPOLUC,4.7573667,3.5180273
YILXUN,3.7538106,2.9489756
LASJIB,5.6147976,4.0720615
YERYEZ,3.618298,2.3645027
VALVIP,3.491765,2.8361053
QOLMIO,3.4757104,2.6952682
CADHIY,3.7508175,2.6024961
FASSAW,4.172866,2.7820518
GOGPAU,6.5111403,3.2477098
MOCGER,3.0743425,2.6495094
IDORUQ,4.418857,3.082751
GUXVAW,4.333413,3.0869253
NAPMUM,4.237085,3.2130022
JUFZAN,1.4759456,2.1685739
MEBSIW,3.412852,2.5539901
TEZWOM,6.0207915,4.3307467
KUMVEU,3.1012816,2.244773
EKEVIZ,3.573127,2.862066
KAZLUU,3.4044166,2.7492576
JONQIM,3.8536766,3.3034868
PIHKUP,2.7995074,2.170853
YEKWUG,4.073272,3.0361915
ISEQEE,2.6593688,2.373261
GITCOB,5.5410547,3.0348315
FAZSAC,6.137256,3.881205
PTOLZN,1.5635662,1.8218688
QIDMIC,3.876262,3.096771
KIQPUV,4.672739,3.2124462
TIFNOO,2.5086176,1.9838238
AGALUQ,1.5287356,1.0048312
KOMKAY,5.389215,3.9506156
KOFGET,2.2988179,1.7516102
GOFROL,3.1029143,2.4274893
UQAZOD,3.4000628,2.185552
UCUZIB,4.0789866,2.296365
EHEWIY,2.2204492,2.5925183
PUVZUC,4.447429,3.2285278
YASPOY,2.4318817,2.1816144
LUYBAI,2.7393703,2.0064335
ONAFIT,4.2901473,2.8141856
NEXVUJ,2.7113426,2.395381
RUGXUN,2.880053,2.3398738
LEPXAI,4.347291,2.5217066
YUZGIL,2.1769109,2.243669
PIHMOK,1.8147273,1.9498079
HIKCAF,2.9499865,2.6397438
EGOYEE,4.0019784,2.516149
SIJHAV,4.45015,3.270239
ESIYUC,3.1948888,2.9189236
METSUZ,3.4250972,2.5942228
WIHMIK,3.4572067,2.6434941
MURSAU,5.3976507,3.103906
KILLOI,4.1685123,3.082287
PEQWUE,4.987303,3.709025
OTEFID,2.52821,2.0517068
ILAJUA,3.2904007,2.7428064
DEXYEL,3.7701375,2.6825058
CECBES,3.307272,2.7090354
SOSHEO,3.1897187,2.4658952
MASVOR,3.242781,2.2787654
CAXZEJ,2.0392213,1.9523867
QAMLAR,3.8030634,3.1438606
FULBUK,4.2066083,3.243
ZIPWUT,2.3423562,2.0503619
MASRED,4.459946,3.359155
UMUCIP,4.6300173,3.568679
TEBDIP,3.0482194,2.570774
ELISUO,2.9331152,2.528424
OHORIM,4.0207543,2.8646975
EHIXID,2.7056282,2.2953625
HAGBIA,0.26639947,2.3188186
AVUQUE,2.4702497,1.9288435
RADDEI,3.140466,2.6754382
XEYCEM,2.1227603,2.0520444
MIYPAN,4.0735445,2.6111486
ECIBOH,2.5263052,2.1822581
LITZEW,2.196231,2.0026014
GOWQOY,3.749457,2.9089894
BELGOQ,3.9440184,3.108809
BADPIH,2.893931,1.6961807
EKESAP,4.273548,2.9952664
GAWHIW,4.055041,2.9548478
HUCJAR,5.10023,3.1330616
NUGRAK,3.4585671,3.6188557
BOFVAU,3.2759788,2.4517052
JIDVEA,3.6525843,2.2998157
ICUGUJ,4.700767,3.1330023
YUJZUA,2.657736,1.7900333
QIWBUU,3.6027875,3.5870388
CUDXUV,3.2338011,3.2314794
KEFNEP,3.6256452,2.6550646
HAMLUC,0.39048338,2.3417993
HONDOE,2.0661604,2.405372
MADRUH,1.8318706,1.9462986
CERPOG,2.4857602,2.2495503
FOPHUP,3.6770747,2.526399
IVUZUU,4.1399403,3.0120118
DOQHAU,2.8362427,2.0302606
UGAVIJ,5.2822742,3.6880054
WEBDIT,3.6819727,2.6348844
SUPDIQ,5.8254137,3.6414645
FOJVIL,2.9439998,2.1147213
NEPNON,2.6811378,2.1306593
UCASOG,5.006623,3.14448
KIYSEQ,4.1110964,3.0453243
LUFHOL,3.0316205,3.34623
MUJXUK,2.9031827,2.4514065
VUJKOC,2.0941882,1.8196886
UXATET,3.118697,2.6679523
CEZLIF,2.3097024,2.1524644
YOLVIH,2.2618105,1.5414841
EJIPAP,2.4770525,2.2658603
NEHKIU,4.2291937,2.8081148
HUBBOW,4.771517,2.8845341
TAHYOS,6.3027015,4.350917
KEGQOD,5.6703086,4.153478
FOMLAU,3.5845559,2.8815868
YUVPOW,3.0716212,2.3069015
WEBSII,2.1360939,1.4597738
NOBHIX,3.412852,1.5224886
VUGCUW,3.7987096,2.4597402
AKANEG,4.729067,3.6798792
HOPKAA,2.7548807,2.3344672
EYOTER,3.8253767,3.5670643
QALXIL,4.870566,3.291757
YETFAF,1.9184027,2.0932357
AMEQAL,4.024836,2.830609
PUBXUG,3.86184,2.7727132
ITUHEM,5.794665,4.1421285
HOBHAH,3.9119089,3.3251178
HIWCOH,3.367409,2.713037
VEYNUK,3.1826437,1.5933644
UQALII,1.5679201,1.880804
HAMGUX,2.3423562,2.3450682
NAZZOG,2.9679458,2.651862
PIMMAB,4.6115136,3.4581559
HEFJAF,4.789204,2.76494
IGOPAW,4.278446,3.183482
PANLOI,3.0514848,2.3940017
YURTOW,2.2786815,1.6805862
IZICUQ,4.3608966,3.4895642
WOJYEZ,4.1902814,2.7173147
OGOLIH,3.8566697,3.1395879
LEZBUQ,2.8708012,2.7431717
YOQBUC,3.9056504,2.87669
JUSLEO,5.778338,2.9795165
JAHMIR,3.761702,2.9636416
BEWMAT,4.5320563,3.3356562
IDUGIZ,3.81422,3.375942
SOTTUT,0.2473515,2.0396483
YIYWUZ,5.1089377,3.3485963
GOVLEI,5.2760158,3.046471
RAGCUX,4.1061983,2.6807857
BENCUT,3.4738057,2.5831566
AHAQUX,2.6759677,1.9504144
TOBBEU,3.8604794,2.8803153
PETJIK,2.9733882,2.938859
DAZJUK,4.173682,3.1034741
HACYEQ,2.4487526,2.3837843
KIKNEX,4.3608966,3.8432565
CEVMOI,2.5970547,2.1570227
ZIPHIR,3.489044,2.6589348
MUTYEG,7.1087027,4.158216
YEXNIB,2.0041187,1.5776738
RIRYAV,4.1905537,3.5117834
GABWEN,1.5983968,2.302328
SITVUN,3.448227,2.128315
UHEKEY,1.3771683,1.1863215
EZUWOL,2.6065786,1.9689357
XUVGEA,6.0074577,4.0835056
WAJNAW,4.412054,2.8407402
LEVPAE,3.2561145,2.2081175
GUXSOJ,2.3497033,2.1320527
QEBSOH,3.0027764,1.9417315
SAHZOR,2.9899871,2.4132576
RITKUD,4.222119,2.8775134
LUZTIK,3.6041481,2.52801
AYIKIC,3.5189764,2.6680615
XOPFUD,3.6427882,2.846221
KOPYUJ,4.0904155,2.8893867
VIYCIR,2.9592383,2.6990652
LACGEB,0.19701044,0.49082017
MOBHIU,4.2828,3.3456106
UJEMAX,1.3415214,2.0217874
LUVFUD,3.4621046,2.5732493
EGEPEN,4.255861,3.0651295
ZOSMIG,3.5861886,2.5666375
SAJVAB,1.8539118,2.1095548
YOWCAQ,0.35048264,2.0324688
CERPAS,4.495593,3.530647
YUSBOE,3.2849586,2.8526409
AFELUU,4.636004,2.8250647
DUHMAV,5.505408,3.4225235
DOPWIP,3.9010243,2.8040566
WODTIT,2.977198,2.251264
LULREQ,4.2732763,3.4539394
EDUGER,2.834066,2.222675
WEVJEN,3.6368017,2.4562824
KEFNAL,4.3989925,2.9699137
ZOCLEL,7.5985074,4.390807
CIMWED,5.7179284,3.7905948
ITUHOW,5.4330254,3.9491596
QIRKIN,1.9548659,1.8325166
HAGKAE,1.6949972,2.3675795
RIGHAS,4.0305505,2.8518329
QALVAC,4.928798,3.596016
QOBSUX,4.091232,3.3193398
VISBUV,2.693111,2.4946547
XAJQAB,3.0144773,2.2635705
BAMZAR,6.409642,4.2557306
EYETAE,3.1578813,2.452508
DAMLAG,3.2678154,2.4649777
SEMMAY,2.435147,2.314783
EQIPAW,2.7758336,2.2387369
FAXGOD,2.0498338,1.9277949
ONOGUU,3.697211,3.1961792
ULASEG,2.78182,2.1481225
SOSSIE,3.2446856,2.6682315
IBEQOV,5.5081286,3.720541
CIJKUD,2.62862,2.4524486
GOCQUL,2.7905276,2.2374103
NETSEN,3.6661901,2.4631267
XIJDAX,2.5249445,2.263953
IYUSOM,2.162761,1.8717217
NUVCAK,3.333939,2.477177
KAZKIH,4.997371,3.4448268
KASKEV,3.1747525,2.5707788
LOKTAI,1.988336,1.3929759
ZISCUB,0.29170606,2.1351814
JISJAZ,3.9344943,3.2734048
MEPHUL,6.056166,3.8087654
DAQXOI,4.588112,3.615563
QIDROM,4.0014343,4.3671875
OFUSUF,2.581,2.3376393
QUCHAY,3.3333948,2.6743991
SAXSIV,3.0365186,2.3142653
PAKXEG,3.309721,2.8869717
XEZTOM,2.2841237,1.8735256
ICUFOC,4.4966817,3.5689812
RONVOH,4.0542245,2.8328292
JIDSAT,3.7851038,2.514961
OGANAM,3.2552981,1.517132
MUMGOR,2.2664363,2.0940843
LAJMUE,5.674118,3.5458276
NEVRUC,4.117899,3.2702963
CADCIW,2.4169154,2.2753162
YASDIH,3.775852,2.799135
QIJQAB,3.6901362,2.6528625
CIMVUS,5.580511,3.879278
HIKTUQ,1.9115999,1.9605012
MIYVOG,2.1823533,2.0769365
YISVOM,4.7187266,3.2376966
PIWPOD,3.436798,2.6132944
OVAPOR,4.061027,2.8673673
AFEJAX,2.893931,2.2211838
GIWLUV,5.7587457,3.7657397
ICUFAO,4.688794,3.306862
CEDZOD,3.3831916,2.2297206
DUCPIB,4.6689296,3.3984654
VUWTUD,3.7891855,2.5349054
XIWCEN,3.3535311,2.707616
YAKYIV,3.7502732,3.1166735
OKEZOU,4.934785,3.6383867
QOYXAF,1.9698323,1.8259704
VILBOK,2.7967863,3.0799835
ODIRUP,2.1494274,1.8885767
NEYHUV,2.7559693,2.1495748
BOYXAQ,2.4131057,2.076842
NECYID,1.9801726,1.7702595
HAMJEK,2.437596,2.3149307
EQOJIE,2.6808658,2.2427745
HOCZEE,1.8770415,2.0443535
QIJREI,2.9290335,2.402702
DIHQOC,2.4264393,2.2065756
LEZCUR,4.1614375,2.4231482
ZELLAG,3.8264651,3.0884023
LOPYOE,3.7889135,3.1280153
KENWUX,2.803589,2.3753102
URIWAU,3.7655115,2.4329553
KEXVUG,6.7195797,3.7775264
MIRRAH,3.723334,3.1450512
YIDJUR,3.247951,2.6119895
FUPQOW,3.5410178,2.787057
LACPOW,3.689864,3.3654268
NEXCID,3.2591078,2.3807223
YEFBUI,5.6961594,3.1152067
ZIZGAT,4.2915077,2.5981598
QOWGAM,3.0925741,2.7607658
OCOZAJ,4.942132,2.8736618
BARPCZ,4.2789903,2.8096936
MIYMUE,5.294247,3.068375
FANYOK,3.3225102,2.1625094
DUHHOF,1.2008384,1.4059901
ECUBIQ,3.9342222,2.9531517
UQOXEF,3.312442,2.640344
AZIKID,2.7246761,2.3111029
POTVOL,2.6087556,2.323557
TAYSER,7.071151,3.7876866
FEWLEA,4.9448533,2.9415553
HAMPAN,3.064002,2.6245596
WOWHAT,2.354057,2.1373847
UWAVOF,3.3230546,2.693308
MEMQAX,5.535068,3.657617
LAYLAB,3.3856406,2.2662406
HIVPOS,2.3910644,2.1340654
NEQTUY,3.6531286,2.125809
DOSDIA,4.607976,3.4034286
BELFII,1.4536322,2.1502094
RECXUU,2.1828973,1.9316926
CAPDEC,3.3328507,2.838386
TECRUQ,3.1557045,2.5082905
YEVNOD,3.1682217,2.6954494
KONXUI,3.4547577,2.4625723
ATANOA,3.692041,3.4072368
IRERIH,5.016147,3.7730515
IDIHEL,3.0033207,1.9888425
GIWMOQ,2.3546011,2.329874
WUVNUW,4.2787185,2.9240477
TEVJAI,2.3641253,2.091508
YICFIC,3.3233266,2.6037636
LOZMOE,4.2120504,3.1667829
PAJCUY,2.60032,2.5661185
ALAKIH,3.8539486,2.6350017
AWIJOF,3.8169413,2.6352882
IPEHOA,0.10122636,3.1348627
YIMKUA,1.7905092,1.5425698
WAHJUM,2.0133705,1.7532117
AZIKOJ,3.6621084,2.5576417
MAVLEB,2.9616873,2.2110014
LESSEI,3.9461951,3.1740675
NAXVIT,4.78485,3.1129744
HUVTAT,2.243579,2.3526926
BULTIM,2.6327016,2.131157
CEWBUC,2.901278,1.5171136
PUVRIJ,2.2141905,2.1550405
TUNSAY,2.6686206,2.661666
WEFKUQ,2.5491626,2.1371443
OHUYIB,2.8591003,2.7808
YADPOL,4.9908404,3.0800982
FATVON,2.7048118,2.0502002
PAVMAA,5.441461,2.727832
ZAXBIJ,4.113273,3.6799102
AYIFAP,4.9176416,2.7605557
DAJLEI,3.8708198,2.9339726
GADFUO,2.1039844,2.0997221
KIBTUL,3.3592455,2.427954
IGIQOF,3.0027764,2.515461
KOYXAZ,2.913251,2.6287217
LEXWES,2.8354263,1.9510761
CAZPID,3.7078235,3.0707393
LUJQIS,3.5382965,2.5111792
HAMKAH,2.435691,2.3148665
IDINIT,3.5407455,1.4711936
KICFIM,5.54949,4.116444
PIWNUH,3.4640095,2.7116325
XECXOS,3.8242881,3.34128
TUHJEM,5.0814543,2.6944046
IQUCIH,5.073291,3.7787712
RUZQIM,4.378312,3.167655
ZEBJUL,2.4868486,2.1405125
DOMMOH,4.0071487,2.7763822
NEMTUV,3.568229,3.3268747
UXAVAR,3.1437314,2.621488
ACIFEA,3.2079504,2.297343
JIDVOK,3.7157147,2.3489637
UNOQAR,4.867845,3.8156464
BELHAD,2.858556,2.3991256
UNOKIS,4.336951,3.3297276
NEMVAD,3.582379,3.2855346
XEZTII,5.090434,3.665669
KERJOI,2.1945982,1.9432546
COLCUD,2.9818237,2.1007872
GEZLAA,3.0335252,2.3226807
LOKPEJ,2.6452188,2.4547622
HEFJEJ,5.2373757,3.2668219
POFSIO,3.670544,2.5077825
YEGDIA,2.0226223,1.9697639
YEFYUF,2.4321537,2.0608633
YIZQII,3.1396496,2.220461
INOGUO,3.856942,2.7598157
ETUVOE,3.1554325,2.6952083
LETMOO,3.0403283,2.3352804
AZIKUP,3.2397876,2.599836
GECWAP,2.8131132,2.1427655
REXGIL,4.2958617,3.0034747
LOLNEF,5.274111,3.8244896
QUTKEX,2.5086176,1.6006901
ADUVAW,4.8885255,2.9158633
AKOGOX,3.4008791,3.060349
DEFVEQ,3.711089,3.19264
NIHTON,4.8975053,3.6423595
MADRER,1.7290115,1.9998937
UTAXAQ,3.166589,2.4982407
KUYGER,2.2394972,2.4057536
HAGJIK,2.0163636,2.1563327
HIJXED,3.6651015,3.2030747
RORSEY,3.142915,2.4964595
AZAQOJ,3.0697165,2.5781791
QELPED,2.7839968,2.3296337
LIYDIG,2.0920115,1.6005808
HIWMIJ,2.3320158,2.2952166
NIWNOX,2.839508,2.0900517
MIDKOZ,2.0631673,1.4382006
GOPBOF,2.2103808,1.634086
ALABAS,2.4531064,2.0381384
UNIKIN,2.8101199,2.319317
WOHPOY,4.5116477,2.8972538
MEQQOP,3.2773395,2.2891192
RAGCOR,4.3434815,2.6728497
COQXIR,6.1258273,4.382036
BAYTUT,2.660185,2.378981
UBAKIU,3.6223798,3.279535
REXMIT,3.164412,2.644732
NOPSEQ,4.243888,2.886671
UVAKAE,4.459674,3.5088797
JOVGAF,3.9227934,2.7162871
POFSUA,4.054497,2.6205752
PEDYUU,2.88223,2.4140465
ICUGAP,4.8376403,3.1900053
RUVDET,3.0406003,2.259076
SEWZUS,3.496663,2.1576614
VIKQIR,3.1333911,2.3313322
URUWUB,4.211234,2.9380162
NORBIH,3.0346138,2.780298
VIQFAE,3.3178842,1.4828157
AYOCIB,2.8672638,2.673553
UXATIX,3.1301258,2.6064768
ADASII,3.3374765,2.9520452
LUNKAH,2.578823,2.2490718
MIDRUO,2.5916123,1.8471296
JOFPOK,0.093335055,1.0122241
HEFHOR,5.054515,2.7332094
TOKBOL,2.942367,2.179473
HUDNOK,2.8680801,2.1362555
IXUFOY,4.2452483,3.2909167
KOYXIH,2.96332,2.5650163
MIQCIZ,4.9892077,4.047965
GENWAY,5.1100264,3.711118
FAFGUQ,4.141845,2.8090796
SATKOO,4.344842,3.6150446
PULWOJ,0.9717186,1.6680925
IGAVER,4.538315,2.7677474
GITCUH,4.0977626,2.846296
GODCUA,2.150788,1.7357422
TAHRUP,5.192749,3.4059887
LIMGOF,2.425351,2.019387
WEZPEY,5.8346653,4.2709193
HOBBOS,3.0667233,2.1724257
KEHTIC,1.8302379,1.5544666
YUVPIQ,3.8144922,3.0224297
BUVHUW,3.854493,2.9792955
ARASIW,2.0373166,1.7512604
ECONAO,2.5831769,2.2470179
KAFTOB,2.590252,1.8208829
WETDEH,1.0375701,1.492132
LECRIW,7.057545,4.396985
VUSDUI,6.4676023,4.258931
HOBJAJ,2.9121625,2.3413773
NOLNUZ,3.16414,2.6915565
RIBMEV,2.7105262,2.6477497
CASZOM,0.31510785,0.38960338
DEYKAV,2.6269872,2.434308
XATQOB,3.041961,2.4995174
AGUJOC,2.3793635,1.3234078
YOLVED,2.2286124,1.4971541
ZUBZAX,4.275725,2.49627
JIVNUX,2.4343307,2.3145616
BUQYET,2.8920262,1.3625162
QUWFIY,3.532038,2.7294946
VAWVUL,6.3769884,4.239828
ICEXAQ,2.1994963,2.86594
FIMBAF,2.9510748,1.4731003
FONPAZ,3.9660594,2.9362586
YOBKOQ,3.448771,3.073127
AZIFEW,2.819916,2.2824628
KEXNOR,4.3954554,2.6968899
ZALJIG,2.5399108,2.3446953
GETZAH,3.1412823,2.75074
LOMDAU,3.0672674,2.3016915
VEVQUK,2.9192376,2.2369184
SOPYAY,3.3750281,2.5308957
MUTQUO,3.28387,2.583429
DIFBOK,2.0558202,2.2205276
DITWAH,3.161691,2.173167
MAYMEF,2.5099783,1.152753
QODLIH,3.484418,2.8407683
IYUVAB,2.7227714,2.1963596
PAKYUX,2.9622314,2.7346766
HAVBUC,3.4525807,2.5465713
VUXQOV,2.4392288,2.4430263
ONUNAN,4.7785916,3.7008479
XOYWEN,3.857486,2.9712384
BUGJUK,2.79597,2.2249942
DAMJIM,3.0261784,2.390248
XOYVAK,2.387527,2.2838144
MASWAH,2.6207285,2.3922353
UMOVIC,3.8251045,2.5007973
ZOGMEP,2.4612699,2.1328669
WEWSOH,3.2185628,2.7593675
LOHBUF,5.236015,3.3108501
LIYDEC,2.1339169,1.6313828
HISLIG,3.6852381,3.4172873
MUHHIG,2.9127069,1.9294391
YOHZOL,2.707533,2.2003021
QAGVOK,3.085227,2.316394
NEKWEF,4.2667456,2.7609215
FEWLUQ,5.0041738,3.2911282
YUSZIX,4.0376253,2.6126618
ASUCEW,2.7380097,2.3939893
JIZCUS,2.578823,2.411263
ALOGOY,2.999239,1.8261955
QADTIB,1.9303757,1.4609079
HIJSEY,1.7148615,2.0081363
FAHCUO,5.037916,3.4383404
OVUYAG,2.2890217,2.2324662
FIHYIF,3.6193864,3.1401746
RUTPEB,2.1499717,2.1159022
JIVNIL,2.432698,2.3143377
WAPWUF,4.30076,3.489724
KALDIK,1.4288698,1.7731317
UJUHAJ,2.5418155,2.3831623
RAJLIY,4.6109695,3.6353052
ACOZOJ,3.720885,3.6541543
ABIDEU,4.435184,3.0045354
PIGQIH,2.5048082,2.116643
YUMNOK,5.6580634,3.5334852
BEXKOG,1.9529612,2.1980672
DUQVER,2.865359,2.323655
ITODIF,7.1859827,4.2639203
VUJTEA,2.5461695,2.3110397
MOLMEH,2.49991,1.9229403
RUCPAH,3.9061944,3.051151
VUDYIC,5.776161,3.1244462
GATLOD,2.9616873,2.3510127
HIBRIT,5.057236,3.5006986
KAFCIF,4.6145067,3.1306505
QESWUJ,3.5304053,2.6223564
NISTUG,3.954903,2.7794063
SENFOG,5.5764294,2.9300988
PIZLAN,3.2346175,2.589036
GARPIZ,4.5271583,3.1699967
LAJRIZ,3.9606173,3.0069313
GOPBUL,2.5102503,1.8517444
ZERHAH,3.0297158,2.3851585
ATIFIU,2.6109326,2.5933533
UYAJIO,3.5241466,2.7956226
UXOCOA,4.5252533,3.2111392
KUYGIV,3.8604794,3.2330227
EXOMEJ,3.5162554,2.7693927
FIFGOR,2.9287615,2.409181
QIJRIM,3.180739,2.5815153
PEGQEX,3.627822,4.148183
ROGGEC,4.727434,3.8196173
SIDHET,4.5511045,2.858297
QAKVEE,4.328515,2.7401679
VOMCAC,2.9576056,1.6782606
KEYKAB,2.3497033,2.0504274
DAYDAI,3.003865,2.810195
POFCUJ,2.6922946,2.3321075
TUFTOF,3.5064592,3.0366147
LIVYOE,4.139396,3.830262
DAMKIN,3.1200576,2.4301326
UBAFIO,6.033581,4.10957
LEMPOI,5.5367007,2.5375705
IFIWUQ,4.0958576,2.6453104
DURFUS,6.3867846,3.84627
TAXGAC,0.9684532,0.6095667
VEHFIA,1.4373055,1.7396346
BOVNOQ,2.7045398,2.529087
TAZFEH,2.287389,1.6341685
QEFBIO,1.9967716,1.8414823
CAKGAZ,0.48354635,2.9578977
CAPXEY,2.7807317,2.50397
XAMGUN,0.33279526,0.9541435
WOVQED,4.5296073,3.2795527
GEKDIL,5.5554767,3.665724
GUTDUV,2.8835907,1.9644518
TETHEG,2.6035855,2.2699738
XUCFUX,3.7788453,3.059438
RITRAQ,4.637092,2.7620862
PIWPET,3.3442793,2.5727336
LOVJEL,6.4412074,4.3237157
ITUGIP,5.5481296,4.1031666
NEXCEZ,3.9021127,2.6402183
KUSDOS,3.7557156,2.740263
DAZRIG,5.667043,3.8576381
SAZCIH,5.45289,3.4810815
GARQUM,2.088746,1.1643196
KEHTEY,1.8892865,1.6213574
ATEFIQ,3.5782974,2.0652184
VIWYOS,2.8294399,2.2873695
WAPLUV,3.7935393,3.3693867
SASVUE,3.4661863,2.6706138
NIWNIR,3.1165202,2.7586114
PEFSEZ,1.7328211,2.577703
ZETDOT,3.2936661,2.4433486
NOJBIA,2.853386,2.1233609
HALVIZ,2.437596,2.3148832
VIMPIR,3.0337975,2.358503
AQAPUE,3.0718935,1.9430184
QUSSUS,3.6479585,2.6562893
XIPLEO,2.303988,2.0881035
SISROE,2.4414055,1.9739101
SUXPIL,2.5110667,2.097699
TODNOS,2.7595067,2.4144118
DITVOU,3.1635957,2.1856055
ISEJEW,3.3878176,2.6917584
MAHWUQ,2.647668,1.9095786
XAWFEH,3.3823752,1.6286758
AYIKUO,3.4667306,2.2826207
BODPAM,3.0267224,2.8086984
VEPXOD,2.3333764,1.9982722
LELGAM,2.514604,2.2790282
SUPJIX,0.1412271,1.9030758
SIZCUA,6.627061,3.720033
YEGDEW,3.6985717,2.8261557
MUTYAC,5.38731,2.498429
QAWKAC,2.463719,1.0580862
KIPTAG,2.9652247,2.6713102
ZELCUO,3.6223798,2.6005166
HEFQIS,2.404126,1.7712307
DAHHIG,3.1407382,2.703053
POWDOV,3.3782935,2.8908896
TIGJEZ,6.245285,4.1435328
COVFEA,5.1432242,3.2287803
UQOXIJ,6.867882,4.2923484
TETBID,2.898829,2.6396492
GIQTOQ,2.7997794,2.2293754
FUZKIW,2.6011364,2.232885
REKMEA,2.146434,2.1011355
JITCIZ,2.595694,2.4145682
BEZLID,3.6433325,2.9757304
MIRQOT,3.2392435,2.2825499
AZILAW,3.4400635,2.3800244
YADZUA,2.617191,2.2905884
VAYQER,2.712431,2.6005406
TIQLIO,3.271625,2.1536105
XELLIK,2.6593688,2.2489893
EBAXUD,2.1494274,1.9265062
VUYMIM,2.5731087,2.2135239
POWFEN,3.2914894,2.415597
MEGKEP,3.0286274,2.996894
REXNUG,2.6604571,2.163701
RURVIL,2.09827,2.13571
RANCIU,4.717638,3.146078
TIGXIS,2.8327053,2.1597414
WAVLUA,2.4563718,1.9026824
NISVOC,4.0830684,2.6956394
INIYUZ,6.462704,4.581501
FAYMIC,2.9742045,2.256802
OMODEB,1.1575724,1.5852706
EWEDOA,2.616647,2.5102797
DAXGUF,1.6057439,2.1000311
PANLIC,3.0718935,2.4026184
KEGKEN,3.355436,3.5097256
SOSHIS,3.7287762,2.9878256
CORZOZ,2.9080808,2.7654333
ABASAA,2.447392,2.3528163
ESOLEE,3.8294585,3.4135225
HAMFEG,2.4335144,2.3146553
HUCGOC,2.7001858,2.4251492
AMOXZN,4.5913773,3.4636643
WAZBAC,3.2495837,2.8014693
HADVIR,5.8398356,3.2847075
DIGRUH,2.590796,1.751616
AXUGAB,3.0359743,2.261242
FOMKOH,3.3616946,2.7445722
QUNHUD,3.8300025,2.5681798
ROGWAM,3.0596483,1.9210469
ICUDOA,4.76036,3.2499456
VEKDEV,3.8074172,2.196566
QEZVUP,3.2079504,2.7110043
UNUKAR,3.9589846,2.9509144
CABQEC,2.717057,2.8995929
MIRSEM,4.916009,4.010305
JUVXAB,2.3363695,2.3568656
BORFAQ,3.0952952,2.2015395
ICAVEO,3.3619668,2.64832
IYUGAK,3.2142088,2.654368
HUCYIP,3.2781558,2.845497
DUCPUN,3.408226,2.3145607
VOQTIG,3.9663317,3.4560413
TEGYIP,2.6811378,2.0008082
WUHBEI,4.9385943,3.6330838
GAGMEH,3.6740813,3.1407583
QIRKAF,2.3567781,2.0673103
SOWMAV,3.7100005,2.8136175
MEMPEA,4.9992757,3.6594596
FIQBAI,5.453978,3.447812
TUJPIX,3.3271363,2.5481024
DEFVOA,3.5902703,2.7031317
KOGHOE,3.317068,1.9623852
YIXTOQ,1.9374506,1.5011829
WEGTEK,3.6523123,2.5948
FESBOV,6.8561807,2.9504194
NESTOV,2.576646,1.6313261
JOJHUN,3.8972147,2.8567693
TIMQEM,2.3782752,2.278883
UCIGAP,3.427002,1.953831
TOGWER,2.3932414,2.3801045
EFOXII,3.0005996,1.6976968
DIYYAL,4.7350535,3.469963
KALLIT,2.600048,2.0750766
KUYNID,2.370928,1.5942748
AQESEU,0.77416396,2.0223596
RATXER,3.427274,2.885176
AVUBEZ,2.3532407,2.166328
WEHTOT,1.1929471,2.013988
POQSIX,2.5097063,2.6999364
ZOFHIL,4.485797,3.4906826
HERFAL,5.224314,2.8177714
LUQSOH,4.2691946,3.229238
RANMUR,2.5782788,2.0723882
OBAPOZ,5.2496204,3.932918
IRENOK,2.416099,2.0735233
ACAFUI,2.4691613,2.0419111
SOSGUD,3.6819727,2.7396116
AHUTED,2.8384197,2.859424
YERZUQ,3.702109,2.208381
YAJLUT,2.2759604,2.1212726
DIHNEO,5.9905868,3.1370914
ZULMIC,2.3004506,2.1092257
OTEFEZ,2.2794979,1.98878
YETFUZ,1.837857,2.0134292
LURVUP,3.5314937,2.44629
IWIVEP,1.8027543,2.168227
XIVYIL,3.878711,2.5830667
KOXQIZ,5.5165644,4.090074
JOHPIG,3.6463258,2.672423
FEKLAJ,2.2133741,2.2542098
ALOKOB,2.5995038,1.6959898
XEKGEB,3.3521707,2.1768103
XIZXAG,4.2036147,2.859247
WATDUQ,5.3614593,3.5567367
IWOPUF,2.963592,2.3501146
UQEBAV,4.393278,3.4451065
PEWVAR,1.077843,2.16764
ILIJES,4.454504,2.901332
UDODAS,4.664304,2.7814837
WEWSIB,3.2256377,2.7720752
TICNUP,2.941551,2.5193768
XIYGIW,3.4060493,2.5330477
OPIHAX,2.9268568,2.5299234
NIYJUA,2.592973,1.8946195
ESIYOW,3.1459084,2.6378758
CEVMIC,2.78182,2.1948705
LEJQAV,2.4359634,2.1092992
JAHNUE,2.5456252,2.182797
PERBOF,2.7660375,1.766129
SINVIX,3.9848354,3.5942287
ORESUA,4.320624,3.4519172
FIQTEE,1.5671037,2.5651033
OKIBOA,4.54539,2.9863372
OWOFOX,2.4607255,1.9094948
ACOCIF,3.9176233,2.9577706
SIDNIE,4.2642965,2.478053
WEHNAZ,4.033816,2.8451886
HIQBEO,2.5924287,2.0110998
VAZZAA,3.2163858,2.682932
PUMRAQ,4.7456656,3.634553
IVEDOD,4.0517755,2.86333
AMIQIX,4.360625,2.6925433
SAPNOO,2.6966484,2.4028857
VIMCOK,3.8376217,3.120132
PILVUE,4.402258,3.2188208
FABFIZ,2.9140673,2.0124722
FOMKUN,3.3929877,2.7980473
MATFIZ,3.2172022,2.3685465
KITLIL,3.876534,3.029179
YEFCET,3.6215634,2.683932
BOLYAE,4.170417,2.7783456
RUZXUH,4.26865,2.9501736
DOQQUY,1.8487415,2.2167625
UQAFOI,4.1500087,3.4043653
YOZZUI,3.2338011,2.5123763
ZOVSEI,2.5352848,2.3658237
LOJDAS,1.9431651,2.055192
YATQOB,2.4005885,1.9701488
NUNKIR,5.504047,3.466412
WAPKOO,3.084955,2.7478018
TIGKAW,4.234636,2.7906759
BOTXUF,2.676512,2.1751308
FUHYOX,5.394113,3.6583076
QENDUI,1.6234313,2.3120818
KIZNAK,2.5273936,2.2331424
OJEPEA,2.4846716,2.8415208
USEDUT,2.4824948,1.4740347
LELXUY,3.6226518,3.0805929
TEKCOB,1.7505084,2.1688673
GAMBOL,2.3935134,2.4025922
WOGREQ,2.7396424,2.4488552
QEMDOB,2.9834564,2.9540167
PIHMAX,2.7682142,2.0588713
KALLEP,2.7026348,2.0487478
NOPNEO,1.7018001,2.0404475
MAHZUR,3.0109398,2.5464392
YALCEW,3.9723182,2.8418262
NANZIO,2.2982736,2.2755857
PATXAK,2.903727,2.1920326
SIGLUP,3.291217,2.5781963
PAZCOK,4.012319,3.4902
BELFOO,2.112692,2.1921046
KOYXED,2.8310726,2.4884334
FUGFET,2.784269,2.4005752
GAMLIR,3.453125,2.6938355
NASFIW,5.721194,4.0528927
WITKUF,2.7086215,2.182181
KADPAI,2.7214108,2.2537694
NOZLIX,6.5465155,4.1498103
POTWAY,2.68141,2.3082683
DUVSIY,2.600048,2.057516
CUCSUQ,4.249058,3.0440247
OGAFEJ,4.324978,2.742953
HAMHUY,2.4359634,2.3148618
AZIJIC,3.2302637,2.6743207
YOCLEI,3.071077,2.7089136
SESPIQ,3.1899908,1.7479007
TARNIJ,2.903999,2.68579
QUGLAH,2.9439998,2.5051112
NOQPIT,3.1167922,2.6163692
DUSTES,3.4357097,2.7122803
UKUWON,4.7277064,3.6711535
TEQJAB,4.186472,3.092364
OJOXUH,2.0944605,2.143819
ZASWEY,2.3986838,1.9819481
RUDWIX,1.7477874,1.9718814
HUSDAA,3.9285078,2.9529407
RIHXOX,3.7535386,2.6396327
YIJKOT,2.343989,2.0703032
VOBXER,3.0174706,2.6045458
LOXSUM,2.9162443,3.0142012
AQAJIN,3.3282247,2.4160278
HALTOD,2.323036,2.0996192
KITMUY,3.3690417,2.5149224
YEGQAC,3.4863229,2.5944657
TADXUS,3.7285042,2.4474971
HINQOL,3.1181529,2.5667698
FUHKOK,1.3398887,0.8665068
MOMLUX,2.5420878,2.3451912
LEXGUT,2.8242698,2.0913506
EJUJEY,4.6185884,3.170088
ITIBAO,4.084701,2.8177285
TEYDUZ,2.626443,2.3968356
HONCIZ,2.108066,2.7483253
ZIZDUK,4.335318,3.1584423
ZISVEE,3.0324368,1.8227229
UBOCET,3.9832027,2.9834564
LENMOH,4.592466,2.7409554
VEKDIZ,4.113817,2.6500905
OBIHOX,4.3535495,3.5538173
WORMAR,4.031367,2.6519058
SACPIX,3.807145,2.7848964
EZECUJ,0.51075774,1.2838676
SIQTUJ,3.2563865,2.5810583
KIZJUB,2.164938,2.3087153
YIXKAR,4.5913773,3.6385994
REJCOA,1.8827558,2.0595646
SIHDOF,3.3385649,2.5113215
OHEHEP,3.4599278,2.6262333
FEKTAQ,3.1293094,2.6261144
DEZNOM,4.631378,3.8346114
VULPAU,2.1736455,1.7984979
ICEWOD,2.2147348,2.7463315
QEZWOK,4.3102837,2.6879787
XAJQEF,3.3110814,3.334881
ESAVAX,2.373105,3.7078106
HINLIC,2.3355532,2.299243
ZIPHUD,3.6036038,2.4384978
ORUCAG,3.1916234,2.6097825
GISJOI,3.023457,2.4839566
ZIZCOC,4.445252,2.971362
QOPVEY,3.5399292,2.792551
LUJGUU,3.491493,2.3021154
TAPCAP,3.6008828,2.9270005
FOSJIJ,3.0604646,3.196714
SIWPAR,3.0972,2.2883253
PEQYOA,3.9461951,2.9761384
SODXAK,3.8561256,2.9220746
NAHQAP,3.5976174,2.8074121
LOKPUZ,2.6283479,2.383481
NOHZOC,2.8411407,1.9947225
UQEBID,3.2539375,2.0723987
KOZYIJ,2.9309385,2.8163466
GOPFEZ,2.4868486,2.075928
XUBBAX,1.2049202,1.746219
EDAYIT,3.8542206,3.0915246
MEMXAD,3.0874038,2.4807527
WUJRUP,3.892861,2.790347
LIBJAH,1.5004358,1.7697242
AGETOW,4.779952,3.3437884
AYIKOI,3.9962642,2.705776
FIPTAZ,2.963864,2.546251
QAFHAH,3.9331338,2.916671
XEQXUN,2.8060381,2.2843304
MIJMAW,3.7279599,3.3167393
TIGCES,4.2648406,3.1886425
NAMGAM,4.5489273,3.0523996
ICAVAK,3.1442757,2.590303
HIJTEZ,2.3703837,2.4579356
NADKUZ,4.2289214,3.4186184
PAWGOK,3.4261856,3.46067
CIBJUU,3.267271,2.3283248
XIVYOR,3.128765,2.4260023
LUNKAI,2.882502,2.598923
NOPMEN,1.9545939,1.7641563
HOBBIM,2.9592383,2.2355318
LAXPOS,2.5698433,2.378029
LORKUZ,2.8101199,1.9997029
ACIZIW,3.0103958,2.6107364
DUFNEZ,0.33850965,1.9989624
TEBDUB,1.7695564,1.4531097
QEDZUW,2.4816785,2.1294932
VEJNUW,3.5456436,3.3780286
JODROJ,4.160893,3.6732101
CISWAD,3.6640131,2.5149486
TEFLIA,2.5654895,2.0823598
OPUJOZ,2.067249,2.1066203
JAMNIX,5.8205156,3.8793404
XIYNUP,2.5970547,2.1858752
AXILUO,3.5978894,2.6126173
TEWNEO,3.1328468,2.2868266
COYVET,2.5899796,2.21056
QIWJUD,2.8884885,2.509475
UZICIQ,3.4846902,2.5609045
IQETOP,2.1692917,1.8398935
TEVMEP,3.0103958,2.2856162
GUYHEN,2.227796,2.093656
NIHVAB,4.8308372,3.6181607
DISWUA,2.6969204,2.174202
CEAMZN,2.6917503,3.2646737
UKEZIV,2.4411335,2.2712843
AZILOK,3.336388,2.6538062
MODROO,3.9010243,3.225867
DUPXES,4.433279,3.1202111
QIGSAD,1.3115888,2.0226543
KAXVEN,2.3929694,2.1468067
MIGCEL,4.786755,3.7357068
XOGZAX,3.458295,2.5310826
SOJXUK,4.858049,3.812204
USIVAU,2.4011328,2.2814531
ARIDAG,4.903764,2.977567
WOBNOR,4.197356,2.660791
OLADOV,3.1358402,2.1341972
GARBIN,3.615577,2.099605
YUNGAQ,6.3508654,4.1667943
RUXGUM,2.0043907,1.6876643
PIGXAG,3.5532627,2.3259878
DASCIL,5.2400966,3.9699817
ARARER,3.0000553,2.5969822
BOFROF,3.467547,2.4647524
OCIFUE,3.0155659,2.3325515
HAMJUA,2.2699738,2.0978541
HIWCUN,3.7083678,3.0299292
XIZVOU,4.249058,3.0888517
POCVAG,1.8876538,1.7394317
EYEHOG,3.5505416,2.6982079
FEHBEC,3.369586,2.734739
RARTUB,2.7559693,1.4834763
FAHPEM,3.0147495,1.5440655
TECTUR,4.0656533,3.187975
VONTEA,2.2648036,2.1347985
VAQZUK,3.754627,2.926464
EYEZUE,1.0324,1.4126915
REZZII,1.9330969,1.9111118
BOFWOK,3.0552945,2.2872689
QESXEU,3.3399255,2.8376904
CITDEQ,2.9116182,2.427135
DICMOT,1.3409771,1.7464414
OBIRUM,3.6501353,1.9981183
OBEGEJ,4.0408907,2.6284032
WEZPAU,6.3701854,4.483799
UQAMEF,4.9187303,3.550818
INIKAT,1.6971742,1.1647428
WEHPAB,4.0256524,2.8024087
OMUVIC,2.94917,1.9149936
PESJEF,2.2307894,1.7920817
CORZUF,3.0724375,2.8302531
XUGJAL,2.8079429,2.9325736
TUFGAD,3.8169413,2.7059686
SIKVEP,3.45122,2.8645604
ZIDGIF,3.228903,2.6326532
ETUVEU,3.7706819,2.8599184
REYSIY,4.113817,2.6966608
HOLTUX,3.886058,3.4974518
UPUDOA,2.444943,1.6531212
OJIGAR,2.406847,1.8835468
WIQSAT,4.7138286,4.0700746
IHITUP,2.7524316,2.1812112
JERXOU,3.1801946,2.7274885
FELQEV,5.685003,3.9773068
MAHWIC,2.6250825,2.4120297
SEMNAZ,2.435147,2.3145895
FEKQIV,3.3630552,2.8413353
MPEZNC,3.9097319,2.0703983
VUJKES,2.0609903,1.8693745
GAMLOX,3.4544854,2.696456
NUNYAX,3.535031,2.6785116
RUTJEW,2.679505,2.2795372
NEZFOO,3.372579,3.36683
LAKREV,0.14285977,2.925478
XELQOU,4.831382,3.2356143
GIQKAU,2.1513321,1.4499394
OZOQIF,4.0351763,2.8535225
YAKYUH,3.9418414,2.9686086
FEKQUH,3.1372008,2.718726
TUSTIL,1.919219,2.156605
CAHGEX,6.409642,4.3884706
MOZSIE,3.9442904,2.7102473
MATLEB,2.8161063,2.1245518
LESGOI,2.9731162,2.5720763
IZUPAU,4.1448383,3.3704166
DIKXUR,2.8648148,2.3186808
GOYLIP,3.3595178,2.4572647
IZICUP,3.9151742,2.9115381
ONUMUG,3.6019711,3.0488305
WUPWEJ,2.9127069,2.3729208
OCOFIV,2.4318817,2.615552
JAXFEW,2.6963763,2.2733545
IXUFIS,4.173682,3.3144214
PUWTOS,2.1516044,1.5124614
LESGEY,2.9157,2.6654427
DENRIA,3.350538,2.8801134
FOQSEL,3.5785694,2.7601058
SOTBUZ,3.0580156,2.1765215
HOXZAW,2.8732502,2.1233776
OTOYON,3.1657727,2.5406785
PUJSOE,2.1426246,1.9541003
UWIGEN,3.0966558,2.545629
HUBBAJ,3.6871428,2.8555849
FISLEA,3.001688,2.61356
LASMOK,2.3020833,2.2697365
TIZFEO,5.016691,3.8691719
RAJSOL,4.019938,2.61319
LAPYAD,3.0098515,2.2951636
CAJGIG,2.2316058,2.2693129
LOFYIP,2.8789647,2.1202037
PAXPIO,5.4088073,3.651969
IBUTAD,2.8373313,2.259379
BIYZUF,4.4969535,3.3384862
VAFLIX,5.744868,2.8671956
QUNHUE,3.107268,2.187877
DAYQIE,2.7622278,2.4109864
NEDXOM,2.4691613,2.705991
NECTOG,3.2327127,2.8086755
CEFZUL,2.8025007,2.2514608
DASDAE,5.4537063,4.077478
CAZQUQ,3.9091878,3.0769837
WABJEQ,1.7826179,1.783496
MIYVEW,2.2718787,2.1544735
AZOLAD,2.4506574,1.9193953
GIYZOF,2.9576056,2.77039
VISXUR,4.0923204,3.2391872
KUWVON,5.1015906,3.0219285
MIYKOV,2.968218,2.9806132
TICPAX,2.741547,2.5061882
RAMFOC,3.094751,2.6381648
GIHSOG,3.2653663,2.2347753
YEHLIG,3.161691,1.5932803
VEHLUR,2.0247993,1.6599594
LISYAP,2.5186858,2.453597
WUCGOQ,3.6446931,2.102744
ICAKOO,1.9964994,1.7201366
ZEYMEV,5.4556108,4.000696
QIWROE,3.6465979,2.4004712
PEWKIO,2.4381402,1.9571862
JASQOK,4.787027,4.204304
NETSIR,3.5448272,2.435422
MUMVOH,5.092067,3.6730788
FUTCOO,2.7205944,2.2862294
MEMXIL,2.4909303,2.346807
DAYSAY,2.1848023,1.998066
SUSPED,2.6990974,2.0442936
UJUNAO,5.7658205,4.06317
FEHBAY,3.3739398,2.6024644
IPOGUR,2.5211349,2.0511136
BAFSOS,3.6381624,2.9166691
ADOLOU,1.9676553,2.184483
LODSAY,2.270518,2.2682066
WOLSOF,0.99049443,1.6907303
TIGXOY,2.7777383,2.1807907
RAZTOE,3.695034,2.5760522
RIJHEZ,4.1810293,2.4704351
ETUCOM,3.5614262,2.484454
ONATED,6.397125,4.372528
WISNET,3.7363954,3.0785022
LEKCEJ,3.183188,2.5717664
YAPQAI,2.3045323,1.5978714
ONOKUY,1.9252056,1.556017
FADVUE,2.3916087,2.1804821
LOSCEC,4.306474,3.0666008
NUXJAR,3.6914966,3.0637927
GELFUA,3.5184321,2.977269
NUGSOX,4.168784,3.3496087
MIKFOD,3.0623693,2.1894405
NUJSAN,4.256133,3.3670974
AYADAG,2.944816,2.4793553
MOHZAL,1.9088788,1.9026284
GUWGIP,5.01778,4.1903687
LELFOZ,2.6351507,2.4976437
UVULON,5.405542,3.0873451
XACNAR,4.3676996,4.0020084
GAGZEU,3.9761279,2.983759
ZACNOJ,4.258854,2.6906166
YUPGUN,2.0247993,1.6260206
IVEKEB,2.5916123,2.829209
CAFSUZ,2.9505305,2.5530274
OXUVAF,4.419401,3.7231915
TADXOM,3.539385,2.2434592
XIVMEX,2.5339243,2.172258
NUGFEA,4.710835,3.4932964
BUYBED,0.6081745,1.6285069
HEQQUR,3.9834747,3.1050947
EYIXEQ,3.025362,2.2127829
PAXPOU,5.406086,3.6251707
UGISIO,2.356506,2.383728
LITNIL,5.035195,4.108266
LEBTOC,3.0648184,2.9843261
VOPVAY,5.1249924,3.421884
IRINED,2.368479,2.179115
YIGGAZ,5.0319295,3.8167062
ECAQIL,3.0980163,2.5670369
REXPES,2.5804558,2.1400914
ICATUC,3.6177537,2.5832856
EHOYIK,4.862947,3.8415046
NUFLOP,3.3401976,2.5874398
WAJJIB,4.5140967,2.9609504
OYUROR,2.8359706,2.6570745
ICUCOZ,4.7217197,3.222342
QIMRIQ,3.4838738,2.79542
LAPHES,2.16004,2.3749187
HULDOJ,3.4234645,2.9093602
GOWQUE,3.778573,2.743978
POKBAU,2.0656164,2.13265
MUVJUI,5.4762917,3.7273932
MIFCEK,2.901006,2.259665
BUJNAX,2.1156852,1.921065
FEXDOC,6.3655596,3.744369
NIKNAW,2.4286163,2.2316313
XOLQOE,3.4664586,2.6713543
ZAXMAM,3.9606173,2.652231
VOBVIT,4.817504,3.884347
IZICOK,5.2373757,3.8771038
UXOMOL,3.5548954,3.347186
OWOJEQ,2.8740666,2.2583575
PIDXEG,3.1469967,2.9221876
REPFOJ,3.3018296,3.2858238
IGOHUJ,4.149464,3.3353672
XEDFAN,2.3995001,2.4396398
FIQBIQ,5.6436415,3.582149
IZIFED,3.8727245,2.446725
DUMLIH,2.8637264,2.110726
IFIRIZ,3.1249557,1.9156625
SOWQON,3.3753004,2.662357
WEVSAU,3.3989742,2.6170993
CMPYZN,4.3603525,2.9184325
POFGIB,3.3834639,2.1790214
OFUTIU,2.387799,2.5109537
DENSIB,2.9050877,2.249428
WIWCIP,2.626443,2.3228908
ZUBCIK,3.231352,2.8033268
AMIQOC,6.9389033,3.9464915
LOSLIO,3.2650943,2.1148024
CELJEK,4.7328763,3.4764767
NUMKOX,2.124393,2.332044
QOSQUL,2.4863043,2.1412969
XILGUU,2.3858943,1.8580039
NUXWOU,2.5837212,1.9452307
HONCAP,2.861005,2.034887
VEFQUU,2.3769145,2.1010184
LACPEM,3.6019711,3.454831
NEYTES,2.8805974,2.167092
NIJWAE,5.4520736,3.5782387
GOSXET,4.598452,2.8906033
WORLEU,3.8419757,3.0116308
OGEYAC,4.6357317,3.497601
BIPFAI,2.4895697,1.842718
MULRER,3.0476754,2.8734524
POQSOD,2.8239977,2.7479818
ARUGIE,2.9540682,2.4704418
GOSMEI,3.0721655,1.4016434
HALTIX,2.4362354,2.31483
XEYWII,1.8892865,1.6491435
EQIQEC,2.2120135,2.209475
QETGIG,4.131777,2.8813295
CATKOX,4.2272887,3.4770043
LEWFAV,2.8955636,2.3960085
DITCIS,4.3644342,2.8124285
JIVPIN,2.435419,2.3147588
EXUKIT,2.9295778,2.379245
MIMLAX,1.4285978,1.9456923
LITKEG,2.0120099,1.5014564
GUFPUU,3.5478206,3.3718696
YIGDEA,2.9902592,0.94807017
IWUBOR,3.477343,2.5449321
VUXVER,2.547258,2.350068
VAZDIK,1.8979942,1.8448088
DISWOU,3.1630516,2.463122
GOVLAE,5.1440406,2.9529905
FOQGOH,3.2221003,2.5545092
NEYFAA,3.5412898,2.4269395
UWARIV,2.812569,2.4172628
UQUKIB,1.9018037,1.933701
NIVHIJ,2.181537,3.198274
KUNQIU,3.4207435,2.187633
CIBGOK,3.8697312,3.0115116
FAJYIZ,4.562261,2.9200873
XEYROJ,2.9905314,2.696522
WIMXIA,3.1589699,2.2506657
BEKPUC,4.0063324,3.3805676
TITJOW,4.0234756,3.3951988
FABZUF,1.7020723,2.134838
DOPWEL,4.01885,2.5340016
YIWGER,5.057236,3.0656111
BIDLIL,3.16414,2.6561005
MEHHIS,2.920326,2.7303643
TOBBUK,3.0335252,2.7864425
BIJPER,3.9032013,2.676036
BIMDAF,2.367935,2.2541785
PEVDIG,2.9064481,1.559292
HIKCUZ,2.7673979,2.599853
DIFDII,3.6885035,2.8851132
JUXLUL,3.1869977,2.2833662
JEMCAG,3.3823752,1.6295995
RACXEZ,4.198989,3.0185473
WOZSAF,0.1395944,-3.2276664
OVANOP,3.5312216,2.6453958
SOPNOB,4.3772235,3.615615
OBOJUM,2.8860397,2.1912608
SOWSOP,2.8999174,2.7104259
WOGFII,4.153274,2.7954934
MULYIC,1.9194912,1.5852534
ZACZOS,3.2003312,2.4694934
HOXYUQ,1.9001712,1.7862848
BUBFUB,2.5793674,2.1017008
SOFFUQ,4.0057883,2.4376826
YOTBEP,6.36692,4.150272
CEVMAU,5.5696263,3.1463366
JIVPUZ,2.4365075,2.3148935
TOPYEE,1.3937672,1.7938876
DIHVOI,2.3426282,2.2943344
RUMFAG,2.124393,2.7323558
XALHAU,3.4542134,1.3761936
TEZKUF,3.4479547,2.5037622
WEVGIO,3.4642816,2.5149612
VAKJUN,2.3162332,2.0307703
UYAGIL,2.7774663,2.0372682
JEPVIM,3.0133889,2.6847463
WIJZEV,1.9227566,1.4256461
WINHUW,4.4819875,3.6091743
IBUCIS,6.3250146,3.3809657
GOSMIM,3.207406,1.9316927
EDAXOY,3.7581646,3.1315289
VIMZUN,2.1015353,2.0864284
EGORAT,4.11545,2.8789346
AYOMAE,3.1508064,1.8026774
WEHNUT,3.757076,3.0363028
DOSVAJ,3.5831954,3.4682577
IFEXAV,3.4231925,2.621049
HAMFIK,2.4348748,2.3145502
LIYXIA,2.721955,1.8554333
NUMLAK,2.0185406,2.28346
DEBXAK,3.7880971,3.0674522
MEGKOZ,3.904834,3.184533
QERZET,5.0526104,3.5580547
CAJMIM,2.5586867,2.1077173
WUQJIC,2.719778,2.0113451
HOBHEL,3.8417034,3.3470423
DUHJOG,2.7562413,2.4794996
YEBCAL,2.3663023,1.9242003
MATCIW,4.3010316,2.7769003
HILFIT,3.8659217,2.865983
EGILIR,6.9549584,4.1144066
OHOCIY,4.4324627,3.1594334
QERPOT,3.120874,2.8733258
UXIFAJ,3.7168033,2.637048
FEXJEA,3.8996637,2.3892553
JIDTAU,3.3546197,2.1460614
MIRPEJ,3.4781594,2.7938309
UQOWIH,3.5021055,2.4466252
SOSGUF,2.9687622,2.2488074
KEFPEQ,0.24381402,2.1461902
HITFUN,3.6852381,3.4171298
RISKEK,3.0196476,2.7862432
REJCAK,4.254228,2.6807828
PAMBEM,4.0433397,2.9129002
ISUBUV,2.7513433,2.1252568
NEDFOT,2.0378606,1.6905228
VELZIY,2.8686244,2.1724918
TIBQIG,3.4982958,2.0874624
XIYJAR,2.934748,1.6107277
LECVOF,3.8844254,3.1168377
YISKIV,2.4811342,1.9807441
YAHSEF,4.60335,2.9279227
QEFXAA,3.81422,2.8268626
RIKYIW,2.2952805,2.2917724
SETMIQ,4.93669,3.3626432
POFWAL,5.1086655,3.5201294
GEKWEZ,5.6556144,2.6803005
RUZQEI,4.259126,3.1584647
UDODIA,3.044954,2.397231
XEPFEE,4.0642924,3.516606
XAMHUR,5.3111186,3.4251592
KANSIB,3.7742193,2.8235912
ZAMGUP,4.623759,2.8675458
HEBNIO,2.545081,2.1977496
XISTAX,4.9630847,3.8671763
KOGQUT,2.322492,2.0442004
JOFMAT,5.6719413,3.4599884
VINRIW,5.315472,4.1005416
VIWJUH,2.6803215,2.311346
UQUMAV,1.8392175,2.0181875
PUVWEK,0.6568829,2.0804784
TIKPIN,1.875953,2.0139556
NUGSIR,3.3810148,3.1725955
KISMOO,3.6607478,2.7463353
WELJIJ,5.2466273,4.0999913
QOLWUJ,4.017217,2.844254
ITIZAO,3.9440184,2.9013577
LUGLAC,3.5712223,3.0284352
XOZQUZ,4.6232147,3.5104659
DUHJUM,2.7641325,2.1304438
SEMRIL,2.435691,2.314897
SETNEN,4.693692,3.3579998
TALXEM,4.5350494,3.6287053
DEDVIT,4.1540904,3.3487623
CEHNAH,1.859354,2.0505068
DEFJUV,2.6971927,2.6692097
JEDMEL,2.1918771,1.9541258
OJEQOL,4.077354,3.2204108
ITUGUB,5.93181,3.8475866
CEVLOH,6.8741403,4.632371
GAMLUD,3.5818348,2.34053
FAQYUU,1.8985385,2.1032758
AHOQIY,3.5236025,2.4484472
XAMWOZ,1.5907776,2.4330504
DEXSUX,3.3970695,2.7688043
SEMRAD,2.4359634,2.314762
PAKPEZ,0.17632978,1.5278385
QITTOE,2.2196329,1.9511034
QAHZIK,3.7015648,2.855133
TELFUL,3.7812943,2.9216566
GOPDIB,2.1777272,1.9725511
ISIRUX,3.9440184,2.9641907
RAHVIF,3.3788378,2.77956
DOCYOK,2.8239977,1.9654863
XIWFER,2.874883,2.4820673
BIYJAU,5.364453,3.9218726
EQOFEW,3.4874113,2.6075008
WABNOE,4.706209,2.9488924
FARRAU,2.3769145,1.4192351
ETOCUM,0.23592272,1.7972339
QOYWOS,1.7856112,1.4779344
MEGKUF,4.0329995,3.2369506
RUSKOH,2.8860397,2.3500757
XETHEK,3.6743536,2.5232298
QAPWIP,3.7529943,2.5823877
IGEFAB,3.2759788,2.8066967
KEVKUR,4.9617243,3.1641657
RIBWEH,2.0313299,1.7971772
PENQOQ,3.2656384,2.31325
MUHWUH,2.2618105,1.7962162
TUMQAT,4.7717886,3.5577095
EBOPUJ,4.5345054,3.1224477
LEHHEN,3.8395267,2.79558
ILONIG,4.3124604,3.3565261
OTOYIH,3.0792406,2.5709946
YEJBAS,4.627024,2.95698
WUGLEQ,2.9064481,2.926564
JEVMIH,3.7007484,3.0655024
FATVUT,3.1600583,2.2655005
PIHLOK,3.0618253,2.0572243
IFAXAO,2.4865766,2.056358
NOQYEZ,3.959801,2.8565426
YUHVUU,3.8093219,3.2889884
CIBTIS,2.5527,2.0131977
POKPAJ,2.8947473,2.1857429
HERTEE,4.8855324,3.2189147
IRASUQ,4.1448383,2.8950267
BILXIF,2.303716,1.872958
OVOZOP,3.510813,2.5231042
IZASIL,3.7317696,2.5320237
MADQUG,1.9186748,1.9311638
BEHNOS,2.9793746,2.5232203
IWUWAZ,2.5078013,2.3483894
FAHLIK,3.926875,2.939179
MODNAX,4.5372267,3.4503665
HAGMAG,3.0593762,2.3656075
XOBYIX,3.0713491,2.5771596
HUBBAI,3.4830575,2.7744823
BABQOM,5.4937067,3.7959187
FILGIR,3.3380208,2.2475505
SIBMOI,2.9268568,2.891213
LOZKES,2.8680801,1.7982674
DETCEL,2.3769145,2.1562223
LUWQEB,2.8999174,2.496729
JUHPAF,3.0596483,1.8841293
DECKUS,2.8063102,1.9826759
QEBFOV,2.6155584,2.4274597
DAZRAY,5.6768394,3.9431405
XOSCUE,2.8569233,2.474878
TOXMAW,2.1812646,1.9792483
UZIDAJ,3.472173,2.5808759
XUSLUT,4.137219,2.5757663
GIGXIE,2.834066,2.384024
CECTOV,2.736105,1.7649168
LIZNOA,2.860461,2.2583926
OHEFIQ,3.691769,2.5403457
HONTIQ,2.0452077,2.1005745
DOQGOH,2.71488,2.0330496
AYIYOX,3.6800678,3.477584
FIFWIB,3.5864606,2.6001153
ZOTDOD,3.9799373,2.6917005
OJUHUW,2.373105,2.3147278
XAHRUW,2.5004542,2.6383815
FIHVUQ,6.586516,4.0139246
MAZSUC,2.8422294,2.3878057
ISUYAW,3.068628,2.470592
GEYLUU,2.1741898,2.3368301
VIKMEK,2.0272484,2.0540192
VIDBOA,4.973697,2.8430834
XISBOR,3.6476862,3.106412
GOXFII,2.9222307,3.1765342
BUYBAZ,0.7774293,1.7065037
WIWGEQ,2.6014085,2.6852136
ZIBCAR,2.5578704,2.1061707
XINQUG,4.155451,3.3653917
EFOKIW,3.773403,2.5983443
NEXCUP,3.7657838,2.4953508
XIJJOP,3.5497253,2.4097464
ICEXOE,4.2340918,3.2996743
NALNIZ,2.4656236,1.910936
VEGREG,3.7459195,2.267057
MIHNUO,3.3665926,2.61867
EZECOD,0.50749236,1.2399368
GAVSOM,3.133119,2.7491403
AREJEM,4.770156,3.2910144
XUQCUH,3.8672822,2.2897332
TURZOW,3.824016,2.5556219
MOZROJ,2.980191,2.741414
XETWUO,3.6928573,3.1115143
XIYFUG,2.370656,2.3599007
FEVNAY,2.0150032,2.1834278
EYOVAQ,1.1374359,2.710162
YIXSAB,3.1121662,2.2139459
GEMQUL,3.4800642,2.9121392
OJIYEN,2.3007226,2.3085146
OJEKOD,4.070007,2.7906697
VICZOX,5.44908,3.804555
WEHJEB,2.850937,2.2082424
UHEKAU,2.4669843,2.2042184
ZIPJUD,4.3633456,3.2529979
QIZQOF,3.9377596,2.7889342
DUKCES,2.9358366,2.6244354
DAMLOU,3.8101382,2.9469166
AFEDEV,2.944272,2.4848742
EGUDAN,2.0109215,2.0482664
IZAVEK,3.2757068,1.5274538
QIPXES,3.6934013,2.4223359
LISZAP,4.110552,2.7737842
MATLIF,2.9510748,2.1573987
UCEQOL,2.506985,1.7648071
NIKNIE,2.348887,2.2399578
LERZOY,2.9834564,2.5070457
HEGCEC,5.0243106,3.6822002
IQODEX,0.30721655,2.0518274
MEWSAL,2.7712076,2.374053
REXKIO,5.5758853,2.9805408
EBEGEA,6.156576,4.343531
SEMMIG,2.4362354,2.314847
MUSPUL,5.0398207,3.8488805
NAWFOJ,3.05856,2.5251253
HOMFIZ,3.0844107,2.7427437
XEKGOL,3.651768,2.4694147
VUJJAN,1.8767693,1.7800746
UNEQUB,3.5709503,2.791458
